run,solution_idx,f1,f2,chromosome,n_evaluations,n_generations
0,0,49351.1041097458,1.3207573584879244,"100,43,47,24,48,127,74,40,90,44,59,22,125,73,94,84,141,122,144,77,96,88,31,46,61,95,65,139,103,132,17,109,16,32,115,5,20,54,131,27,9,126,38,53,41,106,7,116,136,101,117,91,75,118,13,4,98,133,57,29,60,2,6,72,26,30,70,39,12,51,52,66,145,79,42,134,142,148,10,25,64,83,137,19,89,76,45,107,130,11,55,69,15,68,99,62,58,8,21,81,121,82,49,120,104,102,28,112,87,85,123,3,110,135,63,108,119,111,138,86,128,78,143,105,33,114,71,36,124,129,147,80,93,113,18,97,92,140,35,34,37,67,14,146,50,56,23",5000,100
0,1,48996.16080448305,1.5528619508410455,"100,43,47,24,48,127,74,40,90,44,59,22,125,73,94,84,141,122,144,77,96,88,31,46,61,95,65,139,103,132,17,109,16,32,115,5,20,54,131,27,9,126,38,53,41,106,7,116,136,101,117,91,75,118,4,13,42,79,145,66,148,142,134,52,10,51,12,39,70,30,26,64,25,98,133,57,29,60,2,6,72,23,56,50,146,92,140,35,34,37,67,14,114,71,36,80,129,147,97,124,93,113,18,143,128,86,135,63,119,111,138,137,83,105,33,78,110,3,123,85,87,112,28,45,107,130,11,55,69,15,62,68,99,58,8,21,81,104,102,49,120,121,82,19,89,76,108",5000,100
0,2,48545.858397062264,1.8522926554697323,"100,43,47,24,48,127,74,40,90,44,59,22,125,73,94,84,141,122,144,77,96,88,31,46,61,95,65,139,103,132,17,118,75,91,117,101,53,41,106,7,116,136,49,120,121,82,81,104,102,27,9,126,38,109,16,32,115,5,20,54,131,58,8,62,68,99,15,69,55,11,130,107,19,89,76,45,86,128,78,143,110,135,63,119,111,138,137,83,105,33,114,71,36,80,93,124,129,147,97,92,140,35,34,37,67,14,146,50,56,23,28,112,123,3,18,113,87,85,108,57,133,98,29,60,2,6,72,26,30,70,39,12,51,10,25,64,142,148,52,66,145,79,42,134,4,13,21",5000,100
0,3,48464.617648032996,1.8837821371726196,"100,43,47,24,48,127,74,40,90,44,59,22,125,73,94,84,141,122,144,77,96,88,31,46,61,95,65,139,103,132,17,75,91,117,116,136,101,53,41,106,7,104,102,81,121,82,120,49,4,13,118,109,16,32,115,5,20,54,131,58,8,62,68,99,15,69,55,11,130,107,19,89,76,45,86,128,78,143,110,135,63,108,119,111,138,137,83,105,33,114,71,36,80,93,124,129,147,97,92,140,35,34,37,67,14,146,50,56,23,28,112,123,3,18,113,87,85,72,6,2,60,98,133,57,29,52,148,142,134,79,42,145,66,39,70,30,26,51,10,12,64,25,126,38,9,27,21",5000,100
1,0,47697.98340925187,1.6445060048537372,"127,40,90,125,22,59,73,94,141,122,144,77,88,96,98,133,57,31,46,61,139,95,65,132,103,32,16,109,75,91,117,136,116,7,101,53,41,106,81,49,104,102,120,121,82,21,27,38,126,9,115,5,20,54,74,24,48,47,100,43,119,63,108,135,85,123,3,18,113,93,124,129,147,97,92,140,35,34,37,67,14,146,50,56,23,28,112,110,78,143,105,33,114,71,36,80,111,138,83,137,19,89,76,45,107,130,55,11,69,15,99,68,62,58,8,131,118,4,13,17,145,66,42,79,134,148,142,52,51,10,25,64,12,39,70,30,26,6,72,2,60,29,84,87,44,86,128",5000,100
1,1,49282.324074270335,1.6322989922192563,"100,43,47,44,87,85,123,3,18,113,93,124,129,147,97,92,140,35,34,37,67,14,146,50,56,23,28,112,110,78,143,105,33,114,71,36,80,111,138,83,137,19,89,76,45,107,130,55,11,62,15,99,68,58,8,131,27,38,126,9,115,5,20,54,21,53,41,106,81,121,82,120,49,104,102,4,118,17,145,66,42,79,134,148,142,52,51,10,25,64,12,39,70,30,26,6,72,2,60,29,84,141,122,144,77,88,96,98,133,57,31,46,61,139,95,65,132,103,32,16,109,75,91,117,136,116,7,101,69,119,63,108,135,128,86,73,94,22,59,90,125,40,127,74,24,48,13",5000,100
1,2,47543.118157303295,1.9752408250138085,"24,48,74,127,40,90,125,22,59,73,94,141,122,144,77,88,96,98,133,57,31,46,61,139,95,65,132,103,32,16,109,75,91,117,136,116,7,101,53,41,106,81,121,82,120,104,102,49,21,27,38,126,9,115,5,20,54,131,58,8,99,68,62,15,69,55,11,130,107,137,83,105,33,114,71,36,80,93,124,129,147,97,92,140,35,34,37,67,14,146,50,56,23,28,112,123,3,18,113,143,110,78,128,86,111,138,19,89,76,45,87,85,135,108,63,119,43,100,47,44,29,84,13,4,118,17,145,66,42,79,134,148,142,52,51,10,25,64,12,39,70,30,26,6,72,2,60",5000,100
1,3,47595.132669921964,1.77664804550185,"100,43,47,24,48,74,127,40,90,125,22,59,73,94,141,122,144,77,88,96,98,133,57,31,46,61,139,95,65,132,103,32,16,109,75,91,117,136,116,7,101,53,41,106,49,104,102,81,121,82,120,21,27,38,126,9,115,5,20,54,131,58,8,99,68,62,15,69,55,11,130,107,137,83,105,33,114,71,36,80,93,124,129,147,97,92,140,35,34,37,67,14,146,50,56,23,28,112,110,78,143,111,138,19,89,76,45,87,44,29,84,13,4,118,17,145,66,42,79,134,148,142,52,51,10,25,64,12,39,70,30,26,6,72,2,60,135,108,63,119,86,128,18,113,3,123,85",5000,100
1,4,47540.80104205537,1.985142816795744,"47,24,48,74,127,40,90,125,22,59,73,94,141,122,144,77,88,96,98,133,57,31,46,61,139,95,65,132,103,32,16,109,75,91,117,136,116,7,101,53,41,106,49,104,102,81,121,82,120,21,27,38,126,9,115,5,20,54,131,58,8,99,68,62,15,69,55,11,130,107,19,89,76,45,87,85,123,3,18,113,93,124,129,147,97,92,140,35,34,37,67,14,146,50,56,23,28,112,110,78,143,105,33,114,71,36,80,111,138,83,137,135,108,63,119,86,128,44,29,84,13,4,118,17,145,66,42,79,134,148,142,52,51,10,25,64,12,39,70,30,26,6,72,60,2,43,100",5000,100
1,5,47540.80104205537,1.985142816795744,"47,24,48,74,127,40,90,125,22,59,73,94,141,122,144,77,88,96,98,133,57,31,46,61,139,95,65,132,103,32,16,109,75,91,117,136,116,7,101,53,41,106,49,104,102,81,121,82,120,21,27,38,126,9,115,5,20,54,131,58,8,99,68,62,15,69,55,11,130,107,19,89,76,45,87,85,123,3,18,113,93,124,129,147,97,92,140,35,34,37,67,14,146,50,56,23,28,112,110,78,143,105,33,114,71,36,80,111,138,83,137,135,108,63,119,86,128,44,29,84,13,4,118,17,145,66,42,79,134,148,142,52,51,10,25,64,12,39,70,30,26,6,72,2,60,100,43",5000,100
1,6,47500.94812115469,2.1003286024738745,"127,40,90,125,22,59,73,94,141,122,144,77,88,96,98,133,57,31,46,61,139,95,65,132,103,32,16,109,75,91,117,136,116,7,101,53,41,106,49,104,102,81,121,82,120,21,27,38,126,9,115,5,20,54,131,58,8,99,68,62,15,69,55,11,130,107,19,89,76,45,87,85,123,3,18,113,93,124,129,147,97,92,140,35,34,37,67,14,146,50,56,23,28,112,110,78,143,105,33,114,71,36,80,111,138,83,137,135,108,63,119,86,128,44,29,84,13,4,118,17,145,66,42,79,134,148,142,52,51,10,25,64,12,39,70,30,26,6,72,2,60,100,43,47,24,48,74",5000,100
2,0,48286.18079263236,2.0242664716320773,"47,24,48,127,74,40,44,59,73,94,84,96,88,77,144,141,122,57,31,46,61,5,20,54,131,38,126,9,115,32,16,109,13,4,118,75,91,117,101,53,41,106,7,116,136,49,104,102,81,121,82,120,8,58,62,68,99,15,69,55,11,130,107,45,89,76,19,137,83,105,33,114,71,36,80,147,129,124,93,113,18,97,92,140,35,37,34,14,67,146,50,56,23,28,112,123,85,135,108,63,119,111,138,86,128,78,143,110,3,133,98,29,52,51,10,12,39,70,30,26,6,2,60,72,64,25,134,42,79,145,66,148,142,65,95,139,103,132,17,21,27,43,100,90,22,125,87",5000,100
2,1,48369.839072657975,1.7985854581127259,"43,100,47,24,48,127,74,40,90,44,59,22,125,73,94,84,88,77,144,141,122,57,133,98,29,96,39,70,30,26,64,25,10,12,51,52,142,148,134,79,42,145,66,139,103,132,17,13,4,118,75,91,117,101,53,41,106,7,116,136,49,104,102,81,121,82,120,8,58,99,68,62,15,69,55,11,130,107,45,89,76,19,137,83,105,33,114,71,36,80,93,113,18,3,123,85,135,108,63,119,111,138,86,128,78,143,110,87,112,28,23,56,50,146,97,147,129,124,92,140,35,37,34,14,67,72,6,2,60,31,46,61,65,95,32,16,109,126,9,115,5,20,54,131,27,21,38",5000,100
2,2,48919.658193341806,1.540183285227881,"100,43,47,24,48,127,74,40,90,44,59,22,125,73,94,84,88,77,144,141,122,57,133,98,29,96,60,2,6,72,26,30,70,51,52,142,148,134,42,79,145,66,139,103,132,17,13,4,118,75,91,117,101,53,41,106,7,116,136,49,104,102,81,121,82,120,8,58,99,68,62,15,69,55,11,130,107,45,89,76,19,137,83,105,33,114,71,36,80,93,113,18,3,123,85,135,108,63,119,111,138,86,128,78,143,110,87,112,28,23,56,50,146,97,147,129,124,92,140,35,37,34,14,67,61,65,95,32,16,109,126,38,9,115,5,20,54,131,21,27,46,31,64,25,10,12,39",5000,100
2,3,48615.452305818,1.5779136893122125,"47,24,48,127,74,40,90,44,59,22,125,73,94,84,88,77,144,141,122,57,133,98,29,96,60,2,6,72,26,30,70,51,10,12,39,142,148,134,42,79,145,66,139,103,132,17,75,91,117,101,53,41,106,7,116,136,49,104,102,81,121,82,120,8,58,99,68,62,15,69,55,11,130,107,45,89,76,19,137,83,105,33,114,71,36,80,93,113,18,3,123,85,135,108,63,119,111,138,86,128,78,143,110,87,112,28,23,56,50,146,97,147,129,124,92,140,35,37,34,14,67,61,31,46,5,20,54,115,9,126,38,27,131,21,109,16,32,95,65,13,4,118,52,25,64,100,43",5000,100
2,4,48943.33170749469,1.514507569986472,"100,43,47,24,48,127,74,40,90,44,59,22,125,73,94,84,141,122,57,133,98,29,96,60,2,6,72,26,30,64,25,10,12,39,70,51,52,142,148,134,42,79,145,66,139,103,132,17,13,4,118,75,91,117,101,53,41,106,7,116,136,49,104,102,81,121,82,120,8,58,99,68,62,15,69,55,11,130,107,45,89,76,19,137,83,105,33,114,71,36,80,93,113,18,3,123,85,135,108,63,119,111,138,86,128,78,143,110,87,112,28,23,56,50,146,97,147,129,124,92,140,35,37,34,14,67,61,65,95,32,16,109,126,38,9,115,5,20,54,131,21,27,46,31,144,88,77",5000,100
2,5,48919.658193341806,1.540183285227881,"100,43,47,24,48,127,74,40,90,44,59,22,125,73,94,84,88,77,144,141,122,57,133,98,29,96,60,2,6,72,26,30,70,51,52,142,148,134,42,79,145,66,139,103,132,17,13,4,118,75,91,117,101,53,41,106,7,116,136,49,104,102,81,121,82,120,8,58,99,68,62,15,69,55,11,130,107,45,89,76,19,137,83,105,33,114,71,36,80,93,113,18,3,123,85,135,108,63,119,111,138,86,128,78,143,110,87,112,28,23,56,50,146,97,147,129,124,92,140,35,37,34,14,67,61,65,95,32,16,109,126,38,9,115,5,20,54,131,21,27,46,31,64,25,10,12,39",5000,100
2,6,48852.294536200025,1.5654379338205548,"47,24,48,127,74,40,90,44,59,22,125,73,94,84,88,77,144,141,122,57,133,98,29,96,60,2,6,72,26,30,70,51,10,12,39,142,148,134,42,79,145,66,139,103,132,17,13,4,118,75,91,117,101,53,41,106,7,116,136,49,104,102,81,121,82,120,8,58,99,68,62,15,69,55,11,130,107,45,89,76,19,137,83,105,33,114,71,36,80,93,113,18,3,123,85,135,108,63,119,111,138,86,128,78,143,110,87,112,28,23,56,50,146,97,147,129,124,92,140,35,37,34,14,67,61,65,95,32,16,109,126,38,9,115,5,20,54,131,21,27,46,31,64,25,52,43,100",5000,100
3,0,47791.78093386837,1.4197981331368235,"43,100,87,85,123,3,110,78,143,128,86,138,111,137,83,105,33,114,71,36,80,93,113,18,97,147,129,124,92,140,35,34,37,67,14,146,50,56,23,28,112,90,127,74,40,44,59,22,125,94,73,122,141,144,77,88,96,84,133,57,31,46,61,5,20,54,115,32,16,109,75,91,117,136,116,7,106,41,53,101,49,104,102,81,121,82,120,13,4,118,17,132,103,139,95,65,66,145,79,42,134,142,148,52,51,39,70,30,26,6,2,60,72,29,98,10,25,64,12,119,63,108,135,76,89,19,45,69,15,68,99,62,8,21,27,131,126,9,38,58,11,55,130,107,24,48,47",5000,100
3,1,48572.705118206126,1.3358143583597235,"100,43,47,24,48,127,74,40,90,44,59,22,125,94,73,122,141,144,77,88,96,84,133,57,31,46,61,5,20,54,115,32,16,109,75,91,117,136,116,7,106,41,53,101,49,104,102,81,121,82,120,13,4,118,17,132,103,139,95,65,66,145,79,42,134,142,148,52,51,12,39,70,30,26,6,2,60,72,29,98,10,25,64,140,35,34,37,67,14,146,50,56,23,28,112,123,85,135,108,63,119,138,111,137,83,105,33,114,71,36,80,93,113,18,3,110,78,143,128,86,19,76,89,45,130,107,11,55,69,15,68,99,62,8,58,21,27,131,126,9,38,147,129,124,97,92,87",5000,100
3,2,47427.86858059363,1.7956614380222125,"100,43,47,24,48,127,74,40,90,44,59,22,125,94,73,122,141,144,77,88,96,84,133,57,31,46,61,5,20,54,115,32,16,109,75,91,117,136,116,7,106,41,53,101,49,104,102,81,121,82,120,13,4,118,17,132,103,139,95,65,66,145,79,42,134,142,148,52,51,12,39,70,30,26,6,2,60,72,29,98,10,25,64,140,35,34,37,67,14,146,50,56,23,28,112,123,3,110,78,143,128,86,138,111,137,83,105,33,114,71,36,80,93,113,18,97,147,129,124,92,62,68,99,15,69,55,11,130,107,45,89,76,19,108,63,119,135,85,87,8,58,21,27,38,126,9,131",5000,100
3,3,48572.705118206126,1.3358143583597235,"100,43,47,24,48,127,74,40,90,44,59,22,125,94,73,122,141,144,77,88,96,84,133,57,31,46,61,5,20,54,115,32,16,109,75,91,117,136,116,7,106,41,53,101,49,104,102,81,121,82,120,13,4,118,17,132,103,139,95,65,66,145,79,42,134,142,148,52,51,12,39,70,30,26,6,2,60,72,29,98,10,25,64,140,35,34,37,67,14,146,50,56,23,28,112,123,85,135,108,63,119,138,111,137,83,105,33,114,71,36,80,93,113,18,3,110,78,143,128,86,19,89,76,45,130,107,11,55,69,15,68,99,62,8,58,21,27,131,126,9,38,147,129,124,97,92,87",5000,100
3,4,47690.138984047124,1.5698407562552323,"125,94,73,122,141,144,77,88,96,84,133,57,31,46,61,5,20,54,115,32,16,109,75,91,117,136,116,7,106,41,53,101,49,104,102,81,121,82,120,13,4,118,17,132,103,139,95,65,66,145,79,42,134,142,148,52,51,12,39,70,30,26,6,2,60,72,29,98,10,25,64,140,35,34,37,67,14,146,50,56,23,28,112,123,85,135,108,63,119,138,111,137,83,105,33,114,71,36,80,147,129,124,93,113,18,3,110,78,143,128,86,19,89,76,45,130,107,11,55,69,15,68,99,62,8,58,21,27,38,126,9,131,87,47,24,48,127,74,40,90,44,59,22,43,100,92,97",5000,100
3,5,49706.184691575465,1.3207573584879244,"100,43,47,24,48,127,74,40,90,44,59,22,125,94,73,122,141,144,77,88,96,84,133,57,31,46,61,5,20,54,115,32,16,109,75,91,117,136,116,7,106,41,53,101,49,104,102,81,121,82,120,13,4,118,17,132,103,139,95,65,66,145,79,42,134,142,148,52,51,39,70,30,26,6,2,60,72,29,98,10,25,64,140,35,34,37,67,14,146,50,56,23,28,112,123,85,135,108,63,119,138,111,137,83,105,33,114,71,36,80,93,113,18,3,110,78,143,128,86,19,89,76,45,130,107,11,55,69,15,68,99,62,8,58,21,27,131,126,9,38,147,129,124,97,92,87,12",5000,100
3,6,48416.26075230099,1.3654303350958628,"100,43,47,24,48,127,74,40,90,44,59,22,125,94,73,122,141,144,77,88,96,84,133,57,31,46,61,5,20,54,115,32,16,109,75,91,117,136,116,7,106,41,53,101,49,104,102,81,121,82,120,13,4,118,17,132,103,139,95,65,66,145,79,42,134,142,148,52,51,12,39,70,30,26,6,2,60,72,29,98,10,25,64,140,35,34,37,67,14,146,50,56,23,28,112,123,85,135,108,63,119,138,111,137,83,105,33,114,71,36,80,93,113,18,3,110,78,143,128,86,19,89,76,45,130,107,11,55,69,15,68,99,62,8,58,21,27,38,126,9,131,87,97,147,129,124,92",5000,100
3,7,48572.705118206126,1.3358143583597235,"100,43,47,24,48,127,74,40,90,44,59,22,125,94,73,122,141,144,77,88,96,84,133,57,31,46,61,5,20,54,115,32,16,109,75,91,117,136,116,7,106,41,53,101,49,104,102,81,121,82,120,13,4,118,17,132,103,139,95,65,66,145,79,42,134,142,148,52,51,12,39,70,30,26,6,2,60,72,29,98,10,25,64,140,35,34,37,67,14,146,50,56,23,28,112,123,85,135,108,63,119,138,111,137,83,105,33,114,71,36,80,93,113,18,3,110,78,143,128,86,19,89,76,45,130,107,11,55,69,15,68,99,62,8,58,21,27,131,126,9,38,147,129,124,97,92,87",5000,100
3,8,48572.705118206126,1.3358143583597235,"100,43,47,24,48,127,74,40,90,44,59,22,125,94,73,122,141,144,77,88,96,84,133,57,31,46,61,5,20,54,115,32,16,109,75,91,117,136,116,7,106,41,53,101,49,104,102,81,121,82,120,13,4,118,17,132,103,139,95,65,66,145,79,42,134,142,148,52,51,12,39,70,30,26,6,2,60,72,29,98,10,25,64,140,35,34,37,67,14,146,50,56,23,28,112,123,85,135,108,63,119,138,111,137,83,105,33,114,71,36,80,93,113,18,3,110,78,143,128,86,19,89,76,45,130,107,11,55,69,15,68,99,62,8,58,21,27,131,126,9,38,147,129,124,97,92,87",5000,100
3,9,48572.705118206126,1.3358143583597235,"100,43,47,24,48,127,74,40,90,44,59,22,125,94,73,122,141,144,77,88,96,84,133,57,31,46,61,5,20,54,115,32,16,109,75,91,117,136,116,7,106,41,53,101,49,104,102,81,121,82,120,13,4,118,17,132,103,139,95,65,66,145,79,42,134,142,148,52,51,12,39,70,30,26,6,2,60,72,29,98,10,25,64,140,35,34,37,67,14,146,50,56,23,28,112,123,85,135,108,63,119,138,111,137,83,105,33,114,71,36,80,93,113,18,3,110,78,143,128,86,19,89,76,45,130,107,11,55,69,15,68,99,62,8,58,21,27,131,126,9,38,147,129,124,97,92,87",5000,100
3,10,48416.26075230099,1.3654303350958628,"100,43,47,24,48,127,74,40,90,44,59,22,125,94,73,122,141,144,77,88,96,84,133,57,31,46,61,5,20,54,115,32,16,109,75,91,117,136,116,7,106,41,53,101,49,104,102,81,121,82,120,13,4,118,17,132,103,139,95,65,66,145,79,42,134,142,148,52,51,12,39,70,30,26,6,2,60,72,29,98,10,25,64,140,35,34,37,67,14,146,50,56,23,28,112,123,85,135,108,63,119,138,111,137,83,105,33,114,71,36,80,93,113,18,3,110,78,143,128,86,19,89,76,45,130,107,11,55,69,15,68,99,62,8,58,21,27,38,126,9,131,87,97,147,129,124,92",5000,100
3,11,48416.26075230099,1.3654303350958628,"100,43,47,24,48,127,74,40,90,44,59,22,125,94,73,122,141,144,77,88,96,84,133,57,31,46,61,5,20,54,115,32,16,109,75,91,117,136,116,7,106,41,53,101,49,104,102,81,121,82,120,13,4,118,17,132,103,139,95,65,66,145,79,42,134,142,148,52,51,12,39,70,30,26,6,2,60,72,29,98,10,25,64,140,35,34,37,67,14,146,50,56,23,28,112,123,85,135,108,63,119,138,111,137,83,105,33,114,71,36,80,93,113,18,3,110,78,143,128,86,19,89,76,45,130,107,11,55,69,15,68,99,62,8,58,21,27,38,126,9,131,87,97,147,129,124,92",5000,100
3,12,48572.705118206126,1.3358143583597235,"100,43,47,24,48,127,74,40,90,44,59,22,125,94,73,122,141,144,77,88,96,84,133,57,31,46,61,5,20,54,115,32,16,109,75,91,117,136,116,7,106,41,53,101,49,104,102,81,121,82,120,13,4,118,17,132,103,139,95,65,66,145,79,42,134,142,148,52,51,12,39,70,30,26,6,2,60,72,29,98,10,25,64,140,35,34,37,67,14,146,50,56,23,28,112,123,85,135,108,63,119,138,111,137,83,105,33,114,71,36,80,93,113,18,3,110,78,143,128,86,19,89,76,45,130,107,11,55,69,15,68,99,62,8,58,21,27,131,126,9,38,147,129,124,97,92,87",5000,100
3,13,48416.26075230099,1.3654303350958628,"100,43,47,24,48,127,74,40,90,44,59,22,125,94,73,122,141,144,77,88,96,84,133,57,31,46,61,5,20,54,115,32,16,109,75,91,117,136,116,7,106,41,53,101,49,104,102,81,121,82,120,13,4,118,17,132,103,139,95,65,66,145,79,42,134,142,148,52,51,12,39,70,30,26,6,2,60,72,29,98,10,25,64,140,35,34,37,67,14,146,50,56,23,28,112,123,85,135,108,63,119,138,111,137,83,105,33,114,71,36,80,93,113,18,3,110,78,143,128,86,19,89,76,45,130,107,11,55,69,15,68,99,62,8,58,21,27,38,126,9,131,87,97,147,129,124,92",5000,100
3,14,48416.26075230099,1.3654303350958628,"100,43,47,24,48,127,74,40,90,44,59,22,125,94,73,122,141,144,77,88,96,84,133,57,31,46,61,5,20,54,115,32,16,109,75,91,117,136,116,7,106,41,53,101,49,104,102,81,121,82,120,13,4,118,17,132,103,139,95,65,66,145,79,42,134,142,148,52,51,12,39,70,30,26,6,2,60,72,29,98,10,25,64,140,35,34,37,67,14,146,50,56,23,28,112,123,85,135,108,63,119,138,111,137,83,105,33,114,71,36,80,93,113,18,3,110,78,143,128,86,19,89,76,45,130,107,11,55,69,15,68,99,62,8,58,21,27,38,126,9,131,87,97,147,129,124,92",5000,100
3,15,48416.26075230099,1.3654303350958628,"100,43,47,24,48,127,74,40,90,44,59,22,125,94,73,122,141,144,77,88,96,84,133,57,31,46,61,5,20,54,115,32,16,109,75,91,117,136,116,7,106,41,53,101,49,104,102,81,121,82,120,13,4,118,17,132,103,139,95,65,66,145,79,42,134,142,148,52,51,12,39,70,30,26,6,2,60,72,29,98,10,25,64,140,35,34,37,67,14,146,50,56,23,28,112,123,85,135,108,63,119,138,111,137,83,105,33,114,71,36,80,93,113,18,3,110,78,143,128,86,19,89,76,45,130,107,11,55,69,15,68,99,62,8,58,21,27,38,126,9,131,87,97,147,129,124,92",5000,100
3,16,48572.705118206126,1.3358143583597235,"100,43,47,24,48,127,74,40,90,44,59,22,125,94,73,122,141,144,77,88,96,84,133,57,31,46,61,5,20,54,115,32,16,109,75,91,117,136,116,7,106,41,53,101,49,104,102,81,121,82,120,13,4,118,17,132,103,139,95,65,66,145,79,42,134,142,148,52,51,12,39,70,30,26,6,2,60,72,29,98,10,25,64,140,35,34,37,67,14,146,50,56,23,28,112,123,85,135,108,63,119,138,111,137,83,105,33,114,71,36,80,93,113,18,3,110,78,143,128,86,19,89,76,45,130,107,11,55,69,15,68,99,62,8,58,21,27,131,126,9,38,147,129,124,97,92,87",5000,100
3,17,48416.26075230099,1.3654303350958628,"100,43,47,24,48,127,74,40,90,44,59,22,125,94,73,122,141,144,77,88,96,84,133,57,31,46,61,5,20,54,115,32,16,109,75,91,117,136,116,7,106,41,53,101,49,104,102,81,121,82,120,13,4,118,17,132,103,139,95,65,66,145,79,42,134,142,148,52,51,12,39,70,30,26,6,2,60,72,29,98,10,25,64,140,35,34,37,67,14,146,50,56,23,28,112,123,85,135,108,63,119,138,111,137,83,105,33,114,71,36,80,93,113,18,3,110,78,143,128,86,19,89,76,45,130,107,11,55,69,15,68,99,62,8,58,21,27,38,126,9,131,87,97,92,124,129,147",5000,100
3,18,48572.705118206126,1.3358143583597235,"100,43,47,24,48,127,74,40,90,44,59,22,125,94,73,122,141,144,77,88,96,84,133,57,31,46,61,5,20,54,115,32,16,109,75,91,117,136,116,7,106,41,53,101,49,104,102,81,121,82,120,13,4,118,17,132,103,139,95,65,66,145,79,42,134,142,148,52,51,12,39,70,30,26,6,2,60,72,29,98,10,25,64,140,35,34,37,67,14,146,50,56,23,28,112,123,85,135,108,63,119,138,111,137,83,105,33,114,71,36,80,93,113,18,3,110,78,143,128,86,19,45,130,107,11,55,69,15,68,99,62,8,58,21,27,131,126,9,38,147,129,124,97,92,87,89,76",5000,100
3,19,48416.26075230099,1.3654303350958628,"100,43,47,24,48,127,74,40,90,44,59,22,125,94,73,122,141,144,77,88,96,84,133,57,31,46,61,5,20,54,115,32,16,109,75,91,117,136,116,7,106,41,53,101,49,104,102,81,121,82,120,13,4,118,17,132,103,139,95,65,66,145,79,42,134,142,148,52,51,12,39,70,30,26,6,2,60,72,29,98,10,25,64,140,35,34,37,67,14,146,50,56,23,28,112,123,85,135,108,63,119,138,111,137,83,105,33,114,71,36,80,93,113,18,3,110,78,143,128,86,19,89,76,45,130,107,11,55,69,15,68,99,62,8,58,21,27,38,126,9,131,87,97,147,129,124,92",5000,100
4,0,48397.21811105377,1.8505134422640652,"100,43,47,24,48,127,74,40,90,20,54,5,115,32,16,109,75,118,17,13,4,136,101,53,41,106,7,116,102,104,81,121,82,120,49,27,21,117,91,132,139,95,65,103,9,126,38,30,26,64,25,10,12,39,70,51,52,29,98,133,57,31,46,61,122,141,96,88,77,144,73,94,84,60,72,6,2,123,3,18,113,93,80,147,129,124,36,71,114,33,105,83,137,19,89,76,45,107,130,55,11,15,99,68,62,58,8,131,59,22,125,44,87,85,135,108,119,63,138,111,86,128,78,143,110,112,28,23,56,50,146,67,14,34,37,35,97,92,140,142,148,79,42,134,145,66,69",5000,100
4,1,49507.22893639954,1.540183285227881,"99,68,62,15,69,55,11,130,107,76,89,19,137,83,105,33,114,71,36,80,93,113,18,3,123,85,135,108,63,119,138,111,86,128,78,143,110,112,28,23,56,50,146,72,6,2,60,29,98,133,57,31,46,61,103,139,95,65,66,145,42,79,134,142,148,52,51,10,12,39,70,30,26,64,25,13,4,118,17,132,141,122,96,88,77,144,73,59,22,125,44,87,43,47,24,48,127,74,40,90,20,54,5,115,32,16,109,75,91,117,101,53,41,106,7,116,136,120,49,102,104,81,121,82,131,21,27,38,9,126,8,58,97,147,129,124,140,35,34,37,67,14,92,45,100,94,84",5000,100
4,2,48537.342237476616,1.668652150689292,"100,43,47,24,48,127,74,40,90,20,54,5,115,32,16,109,75,91,117,118,17,132,139,95,65,66,145,42,79,134,142,148,52,51,10,12,39,70,30,26,64,25,13,4,136,101,53,41,106,7,116,102,104,81,121,82,120,49,21,131,27,38,9,126,125,122,141,84,88,77,144,96,87,85,123,3,18,113,93,80,147,129,124,36,71,114,33,105,83,137,19,89,76,45,107,130,55,11,69,15,99,68,62,58,8,22,59,73,94,108,63,119,138,111,86,128,78,143,110,135,112,28,23,56,50,146,72,6,2,60,29,98,133,57,31,46,61,103,97,92,140,35,34,37,67,14,44",5000,100
5,0,49098.18024880787,1.9351262418000514,"100,43,76,89,19,137,83,105,33,114,71,36,80,147,129,124,93,113,18,110,78,143,128,86,135,85,123,3,112,28,23,56,50,146,97,92,140,35,37,34,14,67,72,6,2,60,29,52,51,10,12,39,70,30,26,64,25,79,42,134,145,66,148,142,65,95,139,103,132,17,118,75,91,117,136,116,7,106,41,53,101,49,104,102,81,121,82,120,21,131,27,38,9,126,32,16,109,115,5,20,90,40,44,59,22,125,94,73,87,108,63,119,111,138,107,45,130,55,11,69,15,99,68,62,8,58,54,74,127,24,48,47,84,141,144,77,88,96,98,133,57,31,46,61,4,13,122",5000,100
5,1,49198.866982533116,1.743224374187676,"24,48,127,40,44,59,22,125,122,141,144,77,88,84,94,73,87,108,63,119,111,138,83,105,33,114,71,36,80,147,129,124,93,113,18,110,78,143,128,86,135,85,123,3,112,28,23,56,50,146,97,92,140,35,37,34,14,67,72,6,2,60,96,98,133,57,31,46,61,65,95,139,103,132,17,118,75,91,117,136,116,7,106,41,53,101,49,104,102,81,121,82,120,21,131,27,38,9,126,32,16,109,115,5,20,54,74,90,100,43,76,19,137,45,89,130,107,55,11,69,15,99,68,62,8,58,25,79,42,134,145,66,148,142,51,10,12,39,70,30,26,64,29,52,13,4,47",5000,100
5,2,49294.648831157545,1.7357833352645855,"100,43,76,89,19,137,83,105,33,114,71,36,80,147,129,124,93,113,18,110,78,143,128,86,135,85,123,3,112,28,23,56,50,146,97,92,140,35,37,34,14,67,72,6,2,60,96,77,144,133,57,31,46,61,65,95,139,103,132,17,118,75,91,117,136,116,7,106,41,53,101,49,104,102,81,121,82,120,21,131,27,38,9,126,32,16,109,115,5,20,54,74,127,24,48,47,44,59,22,125,94,73,87,108,63,119,111,138,107,45,130,55,11,69,15,99,68,62,8,58,40,90,29,52,51,10,12,39,70,30,26,64,25,79,42,134,145,66,148,142,141,122,84,88,98,13,4",5000,100
5,3,48881.8427988334,1.9552864097753586,"48,47,24,127,74,90,40,44,59,22,125,94,73,87,3,112,28,23,56,50,146,97,92,140,35,37,34,14,67,72,6,2,60,96,77,88,84,141,122,144,133,57,31,46,61,65,95,139,103,132,17,118,75,91,117,136,116,7,106,41,53,101,49,104,102,81,121,82,120,21,131,27,38,9,126,32,16,109,115,5,20,54,58,8,62,68,99,15,69,55,11,130,107,45,89,76,19,137,83,105,33,114,71,36,80,147,129,124,93,113,18,110,78,143,128,86,135,85,123,63,119,111,138,108,100,43,51,10,12,39,70,30,26,64,25,79,42,134,145,66,148,142,52,29,98,13,4",5000,100
5,4,49913.93192800112,1.6507894258705245,"87,108,63,119,111,138,107,45,130,55,11,69,15,99,68,62,8,58,131,27,38,9,126,32,16,109,115,5,20,54,74,127,40,90,44,59,22,125,94,73,112,28,23,56,50,146,97,92,140,35,37,34,14,67,72,6,2,60,96,77,88,84,141,122,144,133,57,31,46,61,65,95,139,103,132,17,118,75,91,117,136,116,7,106,41,53,101,49,104,102,81,121,82,120,21,145,66,148,142,79,42,134,52,51,10,12,39,70,30,26,64,25,13,4,98,29,43,76,89,19,137,83,105,33,114,71,36,80,147,129,124,93,113,18,110,78,143,128,86,135,85,123,3,24,48,47,100",5000,100
5,5,49562.270900381,1.6564157140499118,"30,26,64,25,79,42,134,145,66,148,142,52,51,10,12,39,70,60,96,77,88,84,141,122,144,133,57,31,46,61,65,95,139,103,132,17,118,75,91,117,136,116,7,106,41,53,101,49,104,102,81,121,82,120,21,131,27,38,9,126,32,16,109,115,5,20,54,74,127,40,90,44,59,22,125,94,73,87,108,63,119,111,138,83,105,33,114,71,36,80,147,129,124,93,113,18,110,78,143,128,86,135,85,123,3,112,28,23,56,50,146,97,92,140,35,37,34,14,67,72,6,2,29,98,13,4,47,100,43,76,89,19,137,45,130,107,55,11,69,15,99,68,62,8,58,24,48",5000,100
5,6,50029.26904193747,1.633030906268587,"43,76,89,19,137,83,105,33,114,71,36,80,147,129,124,93,113,18,110,78,143,128,86,135,85,123,3,112,28,23,56,50,146,97,92,140,35,37,34,14,67,72,6,2,60,96,77,88,84,141,122,144,133,57,31,46,61,65,95,139,103,132,17,118,75,91,117,136,116,7,106,41,53,101,49,104,102,81,121,82,120,21,131,27,38,9,126,32,16,109,115,5,20,54,74,127,40,90,44,59,22,125,94,73,87,108,63,119,111,138,107,45,130,55,11,69,15,99,68,62,8,58,24,48,47,100,39,70,30,26,64,25,79,42,134,145,66,148,142,52,51,10,12,13,4,98,29",5000,100
5,7,50547.44880173514,1.5607756757648332,"43,76,89,19,137,83,105,33,114,71,36,80,147,129,124,93,113,18,110,78,143,128,86,135,85,123,3,112,28,23,56,50,146,97,92,140,35,37,34,14,67,72,6,2,60,96,77,88,84,141,122,144,133,57,31,46,61,65,95,139,103,132,17,118,75,91,117,136,116,7,106,41,53,101,49,104,102,81,121,82,120,21,131,27,38,9,126,32,16,109,115,5,20,54,74,127,40,90,44,59,22,125,94,73,87,108,63,119,111,138,107,45,130,55,11,69,15,99,68,62,8,58,24,48,47,100,39,70,30,26,64,25,79,42,134,145,66,148,142,51,10,12,13,4,98,29,52",5000,100
5,8,50547.44880173514,1.5607756757648332,"43,76,89,19,137,83,105,33,114,71,36,80,147,129,124,93,113,18,110,78,143,128,86,135,85,123,3,112,28,23,56,50,146,97,92,140,35,37,34,14,67,72,6,2,60,96,77,88,84,141,122,144,133,57,31,46,61,65,95,139,103,132,17,118,75,91,117,136,116,7,106,41,53,101,49,104,102,81,121,82,120,21,131,27,38,9,126,32,16,109,115,5,20,54,74,127,40,90,44,59,22,125,94,73,87,108,63,119,111,138,107,45,130,55,11,69,15,99,68,62,8,58,24,48,47,100,39,70,30,26,64,25,79,42,134,145,66,148,142,51,10,12,13,4,98,29,52",5000,100
5,9,50547.44880173514,1.5607756757648332,"43,76,89,19,137,83,105,33,114,71,36,80,147,129,124,93,113,18,110,78,143,128,86,135,85,123,3,112,28,23,56,50,146,97,92,140,35,37,34,14,67,72,6,2,60,96,77,88,84,141,122,144,133,57,31,46,61,65,95,139,103,132,17,118,75,91,117,136,116,7,106,41,53,101,49,104,102,81,121,82,120,21,131,27,38,9,126,32,16,109,115,5,20,54,74,127,40,90,44,59,22,125,94,73,87,108,63,119,111,138,107,45,130,55,11,69,15,99,68,62,8,58,24,48,47,100,39,70,30,26,64,25,79,42,134,145,66,148,142,51,10,12,13,4,98,29,52",5000,100
6,0,55610.143220739286,1.5973119061234682,"100,48,24,47,129,147,80,93,105,33,114,71,36,92,73,22,125,57,133,98,29,115,32,16,109,103,139,95,65,52,39,12,10,51,70,30,26,60,2,6,72,56,23,97,35,34,37,67,14,99,15,62,68,58,8,142,148,145,66,17,75,91,117,38,126,9,101,116,136,118,4,13,64,25,134,42,79,53,41,106,7,121,82,81,102,104,49,120,27,131,21,5,20,54,44,59,141,122,144,77,88,84,94,40,90,127,74,43,76,89,19,138,111,86,87,108,135,63,119,128,110,78,143,18,3,123,85,112,28,146,50,31,61,124,113,107,130,45,69,55,11,46,96,83,137,140,132",5000,100
6,1,51936.114532461725,1.6679851786550797,"100,43,76,89,19,137,83,105,33,114,71,36,93,129,124,147,92,140,35,34,37,67,14,146,50,23,56,28,98,29,96,88,77,84,141,122,94,73,59,22,125,90,127,74,40,44,47,24,48,8,58,62,68,99,15,69,55,11,130,45,107,138,111,86,128,78,110,143,18,113,80,97,87,123,85,135,108,119,63,112,3,106,41,53,21,131,27,126,38,9,115,32,16,109,75,91,117,101,7,116,136,4,13,102,104,49,81,121,82,120,54,20,5,31,46,61,95,65,139,103,132,17,118,66,42,79,134,145,10,12,39,70,30,26,72,6,2,60,52,51,25,64,148,142,57,133,144",5000,100
6,2,52050.51130532237,1.6507894258705245,"100,43,76,89,19,137,83,105,33,114,71,36,93,129,124,147,92,140,35,34,37,67,14,146,50,23,56,28,112,123,85,135,86,128,78,143,110,3,18,113,80,97,87,127,74,40,90,44,59,73,94,141,122,84,88,77,144,133,98,29,96,31,57,46,61,5,20,54,25,10,12,39,70,30,26,72,6,2,60,52,51,42,79,145,66,148,142,134,13,4,91,117,101,7,116,136,41,106,21,109,126,38,9,115,32,16,17,132,103,139,95,65,118,75,119,63,108,107,130,45,69,55,11,68,62,58,8,131,27,49,104,102,81,121,82,120,53,125,22,47,24,48,111,138,99,15,64",5000,100
6,3,48264.56983519685,1.8522926554697325,"100,43,76,89,19,137,83,105,33,114,71,36,93,129,124,147,92,140,35,34,37,67,14,146,50,56,23,28,112,123,85,135,108,63,119,138,111,86,128,78,143,110,3,18,113,80,97,44,59,22,125,73,94,141,122,144,77,96,88,84,57,133,98,29,60,72,6,2,26,30,70,39,12,51,10,25,64,148,142,134,42,79,145,66,13,4,118,17,132,103,139,95,65,61,46,31,20,5,115,32,16,109,75,91,117,101,53,41,106,7,116,136,49,104,102,81,121,82,120,21,8,58,62,68,99,15,69,55,11,130,107,45,24,48,47,87,127,74,40,90,38,9,126,27,131,54,52",5000,100
6,4,48264.56983519685,1.8522926554697325,"100,43,76,89,19,137,83,105,33,114,71,36,93,129,124,147,92,140,35,34,37,67,14,146,50,56,23,28,112,123,85,135,108,63,119,138,111,86,128,78,143,110,3,18,113,80,97,44,59,22,125,73,94,141,122,144,77,96,88,84,57,133,98,29,60,72,6,2,26,30,70,39,12,51,10,25,64,148,142,134,42,79,145,66,13,4,118,17,132,103,139,95,65,61,46,31,20,5,115,32,16,109,75,91,117,101,53,41,106,7,116,136,49,104,102,81,121,82,120,21,8,58,62,68,99,15,69,55,11,130,107,45,24,48,47,87,127,74,40,90,38,9,126,27,131,54,52",5000,100
6,5,50115.2747784391,1.6743766306046426,"100,43,76,89,19,137,83,105,33,114,71,36,93,129,124,147,92,140,35,34,37,67,14,146,50,56,23,28,112,87,59,22,125,73,94,141,122,144,77,96,88,84,57,31,20,5,115,32,16,109,75,91,117,101,116,136,49,104,102,81,121,82,120,21,8,58,62,68,99,15,69,55,11,130,107,45,138,111,86,128,78,143,110,3,18,113,80,97,44,40,90,127,74,54,131,27,126,38,9,53,41,106,7,134,42,79,51,10,12,39,70,30,26,64,25,52,148,142,65,95,139,103,132,17,118,13,4,47,24,48,108,63,119,85,135,6,2,60,72,66,145,46,61,133,98,29,123",5000,100
6,6,47970.90401739552,1.8837821371726196,"100,43,76,89,19,137,83,105,33,114,71,36,93,129,124,147,92,140,35,34,37,67,14,146,50,56,23,28,112,123,85,135,108,63,119,138,111,86,128,78,143,110,3,18,113,80,97,44,59,22,125,73,94,141,122,144,77,96,88,84,57,133,98,29,60,72,6,2,26,30,70,39,12,51,10,25,64,148,142,134,42,79,145,66,132,103,139,95,65,61,46,31,20,5,115,32,16,109,75,91,117,101,116,136,49,104,102,81,121,82,120,21,53,41,106,7,118,17,13,4,126,38,9,131,27,54,90,127,74,40,47,24,48,45,107,130,55,11,69,15,99,68,62,58,8,52,87",5000,100
6,7,48264.56983519685,1.8522926554697325,"100,43,76,89,19,137,83,105,33,114,71,36,93,129,124,147,92,140,35,34,37,67,14,146,50,56,23,28,112,123,85,135,108,63,119,138,111,86,128,78,143,110,3,18,113,80,97,44,59,22,125,73,94,141,122,144,77,96,88,84,57,133,98,29,60,72,6,2,26,30,70,39,12,51,10,25,64,148,142,134,42,79,145,66,13,4,118,17,132,103,139,95,65,61,46,31,20,5,115,32,16,109,75,91,117,101,53,41,106,7,116,136,49,104,102,81,121,82,120,21,8,58,62,68,99,15,69,55,11,130,107,45,24,48,47,87,127,74,40,90,38,9,126,27,131,54,52",5000,100
6,8,48264.56983519685,1.8522926554697325,"100,43,76,89,19,137,83,105,33,114,71,36,93,129,124,147,92,140,35,34,37,67,14,146,50,56,23,28,112,123,85,135,108,63,119,138,111,86,128,78,143,110,3,18,113,80,97,44,59,22,125,73,94,141,122,144,77,96,88,84,57,133,98,29,60,72,6,2,26,30,70,39,12,51,10,25,64,148,142,134,42,79,145,66,13,4,118,17,132,103,139,95,65,61,46,31,20,5,115,32,16,109,75,91,117,101,53,41,106,7,116,136,49,104,102,81,121,82,120,21,8,58,62,68,99,15,69,55,11,130,107,45,24,48,47,87,127,74,40,90,38,9,126,27,131,54,52",5000,100
6,9,48264.56983519685,1.8522926554697325,"100,43,76,89,19,137,83,105,33,114,71,36,93,129,124,147,92,140,35,34,37,67,14,146,50,56,23,28,112,123,85,135,108,63,119,138,111,86,128,78,143,110,3,18,113,80,97,44,59,22,125,73,94,141,122,144,77,96,88,84,57,133,98,29,60,72,6,2,26,30,70,39,12,51,10,25,64,148,142,134,42,79,145,66,13,4,118,17,132,103,139,95,65,61,46,31,20,5,115,32,16,109,75,91,117,101,53,41,106,7,116,136,49,104,102,81,121,82,120,21,8,58,62,68,99,15,69,55,11,130,107,45,24,48,47,87,127,74,40,90,38,9,126,27,131,54,52",5000,100
6,10,48264.56983519685,1.8522926554697325,"100,43,76,89,19,137,83,105,33,114,71,36,93,129,124,147,92,140,35,34,37,67,14,146,50,56,23,28,112,123,85,135,108,63,119,138,111,86,128,78,143,110,3,18,113,80,97,44,59,22,125,73,94,141,122,144,77,96,88,84,57,133,98,29,60,72,6,2,26,30,70,39,12,51,10,25,64,148,142,134,42,79,145,66,13,4,118,17,132,103,139,95,65,61,46,31,20,5,115,32,16,109,75,91,117,101,53,41,106,7,116,136,49,104,102,81,121,82,120,21,8,58,62,68,99,15,69,55,11,130,107,45,24,48,47,87,127,74,40,90,38,9,126,27,131,54,52",5000,100
6,11,47725.83485105281,1.9652889432667964,"100,43,76,89,19,137,83,105,33,114,71,36,93,129,124,147,92,140,35,34,37,67,14,146,50,56,23,28,112,123,85,135,108,63,119,138,111,86,128,78,143,110,3,18,113,80,97,44,59,22,125,73,94,141,122,144,77,96,88,84,57,133,98,29,60,72,6,2,26,30,70,39,12,51,10,25,64,148,142,134,42,79,145,66,132,103,139,95,65,61,46,31,20,5,115,32,16,109,75,91,117,101,53,41,106,7,116,136,49,104,102,81,121,82,120,21,27,131,54,90,127,74,40,47,24,48,45,107,130,55,11,69,15,99,68,62,58,8,52,17,13,4,118,38,9,126,87",5000,100
6,12,48264.56983519685,1.8522926554697325,"100,43,76,89,19,137,83,105,33,114,71,36,93,129,124,147,92,140,35,34,37,67,14,146,50,56,23,28,112,123,85,135,108,63,119,138,111,86,128,78,143,110,3,18,113,80,97,44,59,22,125,73,94,141,122,144,77,96,88,84,57,133,98,29,60,72,6,2,26,30,70,39,12,51,10,25,64,148,142,134,42,79,145,66,13,4,118,17,132,103,139,95,65,61,46,31,20,5,115,32,16,109,75,91,117,101,53,41,106,7,116,136,49,104,102,81,121,82,120,21,8,58,62,68,99,15,69,55,11,130,107,45,24,48,47,87,127,74,40,90,38,9,126,27,131,54,52",5000,100
6,13,48473.47987343897,1.7159254063041318,"138,111,86,128,78,143,110,3,18,113,80,97,44,59,22,125,73,94,141,122,144,77,96,88,84,57,133,98,29,60,72,6,2,26,30,70,39,12,51,10,25,64,148,142,134,42,79,145,66,13,4,118,17,132,103,139,95,65,61,46,31,20,5,115,32,16,109,75,91,117,101,53,41,106,7,116,136,49,104,102,81,121,82,120,21,8,58,62,68,99,15,69,55,11,130,107,45,89,19,137,83,105,33,114,71,36,93,129,124,147,92,140,35,34,37,67,14,146,50,56,23,28,112,123,85,135,108,63,119,76,43,100,24,48,47,87,127,74,40,90,38,9,126,27,131,54,52",5000,100
6,14,48264.56983519685,1.8522926554697325,"100,43,76,89,19,137,83,105,33,114,71,36,93,129,124,147,92,140,35,34,37,67,14,146,50,56,23,28,112,123,85,135,108,63,119,138,111,86,128,78,143,110,3,18,113,80,97,44,59,22,125,73,94,141,122,144,77,96,88,84,57,133,98,29,60,72,6,2,26,30,70,39,12,51,10,25,64,148,142,134,42,79,145,66,13,4,118,17,132,103,139,95,65,61,46,31,20,5,115,32,16,109,75,91,117,101,53,41,106,7,116,136,49,104,102,81,121,82,120,21,8,58,62,68,99,15,69,55,11,130,107,45,24,48,47,87,127,74,40,90,38,9,126,27,131,54,52",5000,100
6,15,48264.56983519685,1.8522926554697325,"100,43,76,89,19,137,83,105,33,114,71,36,93,129,124,147,92,140,35,34,37,67,14,146,50,56,23,28,112,123,85,135,108,63,119,138,111,86,128,78,143,110,3,18,113,80,97,44,59,22,125,73,94,141,122,144,77,96,88,84,57,133,98,29,60,72,6,2,26,30,70,39,12,51,10,25,64,148,142,134,42,79,145,66,13,4,118,17,132,103,139,95,65,61,46,31,20,5,115,32,16,109,75,91,117,101,53,41,106,7,116,136,49,104,102,81,121,82,120,21,8,58,62,68,99,15,69,55,11,130,107,45,24,48,47,87,127,74,40,90,38,9,126,27,131,54,52",5000,100
6,16,48264.56983519685,1.8522926554697325,"100,43,76,89,19,137,83,105,33,114,71,36,93,129,124,147,92,140,35,34,37,67,14,146,50,56,23,28,112,123,85,135,108,63,119,138,111,86,128,78,143,110,3,18,113,80,97,44,59,22,125,73,94,141,122,144,77,96,88,84,57,133,98,29,60,72,6,2,26,30,70,39,12,51,10,25,64,148,142,134,42,79,145,66,13,4,118,17,132,103,139,95,65,61,46,31,20,5,115,32,16,109,75,91,117,101,53,41,106,7,116,136,49,104,102,81,121,82,120,21,8,58,62,68,99,15,69,55,11,130,107,45,24,48,47,87,127,74,40,90,38,9,126,27,131,54,52",5000,100
6,17,48264.56983519685,1.8522926554697325,"100,43,76,89,19,137,83,105,33,114,71,36,93,129,124,147,92,140,35,34,37,67,14,146,50,56,23,28,112,123,85,135,108,63,119,138,111,86,128,78,143,110,3,18,113,80,97,44,59,22,125,73,94,141,122,144,77,96,88,84,57,133,98,29,60,72,6,2,26,30,70,39,12,51,10,25,64,148,142,134,42,79,145,66,13,4,118,17,132,103,139,95,65,61,46,31,20,5,115,32,16,109,75,91,117,101,53,41,106,7,116,136,49,104,102,81,121,82,120,21,8,58,62,68,99,15,69,55,11,130,107,45,24,48,47,87,127,74,40,90,38,9,126,27,131,54,52",5000,100
6,18,48264.56983519685,1.8522926554697325,"100,43,76,89,19,137,83,105,33,114,71,36,93,129,124,147,92,140,35,34,37,67,14,146,50,56,23,28,112,123,85,135,108,63,119,138,111,86,128,78,143,110,3,18,113,80,97,44,59,22,125,73,94,141,122,144,77,96,88,84,57,133,98,29,60,72,6,2,26,30,70,39,12,51,10,25,64,148,142,134,42,79,145,66,13,4,118,17,132,103,139,95,65,61,46,31,20,5,115,32,16,109,75,91,117,101,53,41,106,7,116,136,49,104,102,81,121,82,120,21,8,58,62,68,99,15,69,55,11,130,107,45,24,48,47,87,127,74,40,90,38,9,126,27,131,54,52",5000,100
6,19,48264.56983519685,1.8522926554697325,"100,43,76,89,19,137,83,105,33,114,71,36,93,129,124,147,92,140,35,34,37,67,14,146,50,56,23,28,112,123,85,135,108,63,119,138,111,86,128,78,143,110,3,18,113,80,97,44,59,22,125,73,94,141,122,144,77,96,88,84,57,133,98,29,60,72,6,2,26,30,70,39,12,51,10,25,64,148,142,134,42,79,145,66,13,4,118,17,132,103,139,95,65,61,46,31,20,5,115,32,16,109,75,91,117,101,53,41,106,7,116,136,49,104,102,81,121,82,120,21,8,58,62,68,99,15,69,55,11,130,107,45,24,48,47,87,127,74,40,90,38,9,126,27,131,54,52",5000,100
6,20,48264.56983519685,1.8522926554697325,"100,43,76,89,19,137,83,105,33,114,71,36,93,129,124,147,92,140,35,34,37,67,14,146,50,56,23,28,112,123,85,135,108,63,119,138,111,86,128,78,143,110,3,18,113,80,97,44,59,22,125,73,94,141,122,144,77,96,88,84,57,133,98,29,60,72,6,2,26,30,70,39,12,51,10,25,64,148,142,134,42,79,145,66,13,4,118,17,132,103,139,95,65,61,46,31,20,5,115,32,16,109,75,91,117,101,53,41,106,7,116,136,49,104,102,81,121,82,120,21,8,58,62,68,99,15,69,55,11,130,107,45,24,48,47,87,127,74,40,90,38,9,126,27,131,54,52",5000,100
6,21,48264.56983519685,1.8522926554697325,"100,43,76,89,19,137,83,105,33,114,71,36,93,129,124,147,92,140,35,34,37,67,14,146,50,56,23,28,112,123,85,135,108,63,119,138,111,86,128,78,143,110,3,18,113,80,97,44,59,22,125,73,94,141,122,144,77,96,88,84,57,133,98,29,60,72,6,2,26,30,70,39,12,51,10,25,64,148,142,134,42,79,145,66,13,4,118,17,132,103,139,95,65,61,46,31,20,5,115,32,16,109,75,91,117,101,53,41,106,7,116,136,49,104,102,81,121,82,120,21,8,58,62,68,99,15,69,55,11,130,107,45,24,48,47,87,127,74,40,90,38,9,126,27,131,54,52",5000,100
6,22,48264.56983519685,1.8522926554697325,"100,43,76,89,19,137,83,105,33,114,71,36,93,129,124,147,92,140,35,34,37,67,14,146,50,56,23,28,112,123,85,135,108,63,119,138,111,86,128,78,143,110,3,18,113,80,97,44,59,22,125,73,94,141,122,144,77,96,88,84,57,133,98,29,60,72,2,6,26,30,70,39,12,51,10,25,64,148,142,134,42,79,145,66,13,4,118,17,132,103,139,95,65,61,46,31,20,5,115,32,16,109,75,91,117,101,53,41,106,7,116,136,49,104,102,81,121,82,120,21,8,58,62,68,99,15,69,55,11,130,107,45,24,48,47,87,127,74,40,90,38,9,126,27,131,54,52",5000,100
6,23,48264.56983519685,1.8522926554697325,"100,43,76,89,19,137,83,105,33,114,71,36,93,129,124,147,92,140,35,34,37,67,14,146,50,56,23,28,112,123,85,135,108,63,119,138,111,86,128,78,143,110,3,18,113,80,97,44,59,22,125,73,94,141,122,144,77,96,88,84,57,133,98,29,60,72,6,2,26,30,70,39,12,51,10,25,64,148,142,134,42,79,145,66,13,4,118,17,132,103,139,95,65,61,46,31,20,5,115,32,16,109,75,91,117,101,53,41,106,7,116,136,49,104,102,81,121,82,120,21,8,58,62,68,99,15,69,55,11,130,107,45,24,48,47,87,127,74,40,90,38,9,126,27,131,54,52",5000,100
6,24,48264.56983519685,1.8522926554697325,"100,43,76,89,19,137,83,105,33,114,71,36,93,129,124,147,92,140,35,34,37,67,14,146,50,56,23,28,112,123,85,135,108,63,119,138,111,86,128,78,143,110,3,18,113,80,97,44,59,22,125,73,94,141,122,144,77,96,88,84,57,133,98,29,60,72,6,2,26,30,70,39,12,51,10,25,64,148,142,134,42,79,145,66,13,4,118,17,132,103,139,95,65,61,46,31,20,5,115,32,16,109,75,91,117,101,53,41,106,7,116,136,49,104,102,81,121,82,120,21,8,58,62,68,99,15,69,55,11,130,107,45,24,48,47,87,127,74,40,90,38,9,126,27,131,54,52",5000,100
6,25,48264.56983519685,1.8522926554697325,"100,43,76,89,19,137,83,105,33,114,71,36,93,129,124,147,92,140,35,34,37,67,14,146,50,56,23,28,112,123,85,135,108,63,119,138,111,86,128,78,143,110,3,18,113,80,97,44,59,22,125,73,94,141,122,144,77,96,88,84,57,133,98,29,60,72,6,2,26,30,70,39,12,51,10,25,64,148,142,134,42,79,145,66,13,4,118,17,132,103,139,95,65,61,46,31,20,5,115,32,16,109,75,91,117,101,53,41,106,7,116,136,49,104,102,81,121,82,120,21,8,58,62,68,99,15,69,55,11,130,107,45,24,48,47,87,127,74,40,90,38,9,126,27,131,54,52",5000,100
6,26,48264.56983519685,1.8522926554697325,"100,43,76,89,19,137,83,105,33,114,71,36,93,129,124,147,92,140,35,34,37,67,14,146,50,56,23,28,112,123,85,135,108,63,119,138,111,86,128,78,143,110,3,18,113,80,97,44,59,22,125,73,94,141,122,144,77,96,88,84,57,133,98,29,60,72,6,2,26,30,70,39,12,51,10,25,64,148,142,134,42,79,145,66,13,4,118,17,132,103,139,95,65,61,46,31,20,5,115,32,16,109,75,91,117,101,53,41,106,7,116,136,49,104,102,81,121,82,120,21,8,58,62,68,99,15,69,55,11,130,107,45,24,48,47,87,127,74,40,90,38,9,126,27,131,54,52",5000,100
6,27,48264.56983519685,1.8522926554697325,"100,43,76,89,19,137,83,105,33,114,71,36,93,129,124,147,92,140,35,34,37,67,14,146,50,56,23,28,112,123,85,135,108,63,119,138,111,86,128,78,143,110,3,18,113,80,97,44,59,22,125,73,94,141,122,144,77,96,88,84,57,133,98,29,60,72,6,2,26,30,70,39,12,51,10,25,64,148,142,134,42,79,145,66,13,4,118,17,132,103,139,95,65,61,46,31,20,5,115,32,16,109,75,91,117,101,53,41,106,7,116,136,49,104,102,81,121,82,120,21,8,58,62,68,99,15,69,55,11,130,107,45,24,48,47,87,127,74,40,90,38,9,126,27,131,54,52",5000,100
6,28,48264.56983519685,1.8522926554697325,"100,43,76,89,19,137,83,105,33,114,71,36,93,129,124,147,92,140,35,34,37,67,14,146,50,56,23,28,112,123,85,135,108,63,119,138,111,86,128,78,143,110,3,18,113,80,97,44,59,22,125,73,94,141,122,144,77,96,88,84,57,133,98,29,60,72,6,2,26,30,70,39,12,51,10,25,64,148,142,134,42,79,145,66,13,4,118,17,132,103,139,95,65,61,46,31,20,5,115,32,16,109,75,91,117,101,53,41,106,7,116,136,49,104,102,81,121,82,120,21,8,58,62,68,99,15,69,55,11,130,107,45,24,48,47,87,127,74,40,90,38,9,126,27,131,54,52",5000,100
6,29,48264.56983519685,1.8522926554697325,"100,43,76,89,19,137,83,105,33,114,71,36,93,129,124,147,92,140,35,34,37,67,14,146,50,56,23,28,112,123,85,135,108,63,119,138,111,86,128,78,143,110,3,18,113,80,97,44,59,22,125,73,94,141,122,144,77,96,88,84,57,133,98,29,60,72,6,2,26,30,70,39,12,51,10,25,64,148,142,134,42,79,145,66,13,4,118,17,132,103,139,95,65,61,46,31,20,5,115,32,16,109,75,91,117,101,53,41,106,7,116,136,49,104,102,81,121,82,120,21,8,58,62,68,99,15,69,55,11,130,107,45,24,48,47,87,127,74,40,90,38,9,126,27,131,54,52",5000,100
6,30,48264.56983519685,1.8522926554697325,"100,43,76,89,19,137,83,105,33,114,71,36,93,129,124,147,92,140,35,34,37,67,14,146,50,56,23,28,112,123,85,135,108,63,119,138,111,86,128,78,143,110,3,18,113,80,97,44,59,22,125,73,94,141,122,144,77,96,88,84,57,133,98,29,60,72,6,2,26,30,70,39,12,51,10,25,64,148,142,134,42,79,145,66,13,4,118,17,132,103,139,95,65,61,46,31,20,5,115,32,16,109,75,91,117,101,53,41,106,7,116,136,49,104,102,81,121,82,120,21,8,58,62,68,99,15,69,55,11,130,107,45,24,48,47,87,127,74,40,90,38,9,126,27,131,54,52",5000,100
6,31,48264.56983519685,1.8522926554697325,"100,43,76,89,19,137,83,105,33,114,71,36,93,129,124,147,92,140,35,34,37,67,14,146,50,56,23,28,112,123,85,135,108,63,119,138,111,86,128,78,143,110,3,18,113,80,97,44,59,22,125,73,94,141,122,144,77,96,88,84,57,133,98,29,60,72,6,2,26,30,70,39,12,51,10,25,64,148,142,134,42,79,145,66,13,4,118,17,132,103,139,95,65,61,46,31,20,5,115,32,16,109,75,91,117,101,53,41,106,7,116,136,49,104,102,81,121,82,120,21,8,58,62,68,99,15,69,55,11,130,107,45,24,48,47,87,127,74,40,90,38,9,126,27,131,54,52",5000,100
6,32,48264.56983519685,1.8522926554697325,"100,43,76,89,19,137,83,105,33,114,71,36,93,129,124,147,92,140,35,34,37,67,14,146,50,56,23,28,112,123,85,135,108,63,119,138,111,86,128,78,143,110,3,18,113,80,97,44,59,22,125,73,94,141,122,144,77,96,88,84,57,133,98,29,60,72,6,2,26,30,70,39,12,51,10,25,64,148,142,134,42,79,145,66,13,4,118,17,132,103,139,95,65,61,46,31,20,5,115,32,16,109,75,91,117,101,53,41,106,7,116,136,49,104,102,81,121,82,120,21,8,58,62,68,99,15,69,55,11,130,107,45,24,48,47,87,127,74,40,90,38,9,126,27,131,54,52",5000,100
6,33,48264.56983519685,1.8522926554697325,"100,43,76,89,19,137,83,105,33,114,71,36,93,129,124,147,92,140,35,34,37,67,14,146,50,56,23,28,112,123,85,135,108,63,119,138,111,86,128,78,143,110,3,18,113,80,97,44,59,22,125,73,94,141,122,144,77,96,88,84,57,133,98,29,60,72,6,2,26,30,70,39,12,51,10,25,64,148,142,134,42,79,145,66,13,4,118,17,132,103,139,95,65,61,46,31,20,5,115,32,16,109,75,91,117,101,53,41,106,7,116,136,49,104,102,81,121,82,120,21,8,58,62,68,99,15,69,55,11,130,107,45,24,48,47,87,127,74,40,90,38,9,126,27,131,54,52",5000,100
7,0,48708.205926292794,1.73193981780185,"100,43,47,24,48,127,74,40,90,44,59,22,125,94,73,84,141,122,144,77,88,96,133,98,29,52,51,10,12,39,70,30,26,6,2,60,72,146,50,56,23,28,112,123,3,110,78,143,128,86,63,119,111,138,137,83,105,33,114,71,36,93,124,129,147,80,140,92,35,34,37,67,14,97,113,18,135,108,76,45,130,107,11,55,69,15,68,99,62,58,8,21,53,101,136,116,7,106,41,82,121,81,104,102,49,120,54,20,5,46,31,57,61,103,132,17,118,75,91,117,109,16,32,115,9,126,38,27,131,65,95,139,66,145,79,42,134,142,148,25,64,4,13,19,89,87,85",5000,100
7,1,48451.58686007676,1.8202585043568902,"100,43,47,24,48,127,74,40,90,44,59,22,125,94,73,84,141,122,144,77,88,96,133,98,29,52,51,10,12,39,70,30,26,6,2,60,72,146,50,56,23,28,112,123,85,135,108,63,119,111,138,128,86,78,143,110,18,113,93,124,129,147,80,140,92,35,34,37,67,14,97,3,87,54,20,5,115,32,16,109,75,91,117,136,116,7,106,41,53,101,81,121,82,120,49,104,102,9,126,38,27,21,131,58,8,62,68,99,15,69,55,11,130,107,19,89,76,45,83,137,105,33,114,71,36,139,103,132,17,118,13,4,66,145,79,42,134,142,148,25,64,65,95,61,46,31,57",5000,100
7,2,49000.58816333683,1.6743766306046426,"100,43,47,24,48,127,74,40,90,44,59,22,125,94,73,84,141,122,144,77,88,96,133,98,29,52,51,10,12,39,70,30,26,6,2,60,72,146,50,56,23,28,112,123,85,135,108,63,119,111,138,137,83,105,33,114,71,36,93,124,129,147,80,140,92,35,34,37,67,14,97,3,110,78,143,128,86,19,89,76,45,130,107,11,55,69,15,68,99,62,58,8,21,131,27,38,126,9,115,32,16,109,75,91,117,136,116,7,106,41,53,101,81,121,82,120,49,104,102,132,17,118,13,4,66,145,79,42,134,142,148,25,64,54,20,5,61,46,31,57,87,18,113,103,139,95,65",5000,100
7,3,48681.54727823915,1.7544363496680422,"100,43,47,24,48,127,74,40,90,44,59,22,125,94,73,84,141,122,144,77,88,96,133,98,29,52,51,10,12,39,70,30,26,6,2,60,72,146,50,56,23,28,112,123,85,135,108,63,119,111,138,137,83,105,33,114,71,36,93,124,129,147,80,140,92,35,34,37,67,14,97,3,110,78,143,128,86,19,89,76,45,130,107,11,55,69,15,68,99,62,58,8,21,53,101,38,126,9,115,32,16,109,75,91,117,136,116,7,106,41,82,121,81,104,102,49,120,54,20,5,46,31,57,95,139,103,132,17,118,13,4,66,145,79,42,134,142,148,25,64,65,61,87,18,113,27,131",5000,100
7,4,49812.11288642817,1.5779136893122125,"100,43,47,24,48,127,74,40,90,44,59,22,125,94,73,84,141,122,144,77,88,96,133,98,29,52,51,10,12,39,70,30,26,6,2,60,72,146,50,56,23,28,112,123,3,18,113,71,36,93,124,129,147,80,140,92,35,34,37,67,14,97,19,89,76,45,130,107,11,55,69,15,68,99,62,58,8,21,131,27,38,126,9,115,32,16,109,75,91,117,136,116,7,106,41,53,101,81,121,82,120,49,104,102,132,17,118,13,4,66,145,79,42,134,142,148,25,64,65,95,139,103,61,46,31,57,5,20,54,87,85,135,108,63,119,111,138,137,83,105,33,114,143,128,86,78,110",5000,100
7,5,50969.74667877883,1.540183285227881,"100,43,47,24,48,127,74,40,90,44,59,22,125,94,73,84,141,122,144,77,88,96,133,98,29,52,51,10,12,39,70,30,26,6,2,60,72,146,50,56,23,28,112,123,85,135,108,63,119,111,138,128,86,78,143,110,18,113,93,124,129,147,80,140,92,35,34,37,67,14,97,3,87,54,20,5,115,32,16,109,75,91,117,136,116,7,106,41,53,101,81,104,102,49,120,82,121,31,57,61,46,95,65,139,103,132,17,118,13,4,66,145,79,42,134,142,148,25,64,9,27,38,126,62,68,99,15,69,55,11,130,107,19,89,76,45,83,105,33,114,71,36,8,21,131,58,137",5000,100
7,6,49756.35264922813,1.590291576156205,"100,43,47,24,48,127,74,40,90,44,59,22,125,94,73,84,141,122,144,77,88,96,133,98,29,52,51,10,12,39,70,30,26,6,2,60,72,146,50,56,23,28,112,123,85,135,108,63,119,111,138,128,86,78,143,110,3,18,113,71,36,93,124,129,147,80,140,92,35,34,37,67,14,97,19,89,76,45,130,107,11,55,69,15,68,99,62,58,8,21,131,27,38,126,9,115,32,16,109,75,91,117,136,116,7,106,41,53,101,81,121,82,120,49,104,102,132,17,118,13,4,66,145,79,42,134,142,148,25,64,65,95,139,103,61,46,31,57,5,20,54,87,137,83,105,33,114",5000,100
7,7,49070.06801230259,1.6507894258705245,"127,74,40,90,44,59,22,125,94,73,84,141,122,144,77,88,96,133,98,29,52,51,10,12,39,70,30,26,6,2,60,72,146,50,56,23,28,112,123,85,135,108,63,119,111,138,137,83,105,33,114,71,36,93,124,129,147,80,140,92,35,34,37,67,14,97,3,110,78,143,128,86,19,89,76,45,130,107,11,55,69,15,68,99,62,58,8,21,131,27,38,126,9,115,32,16,109,75,91,117,136,116,7,106,41,53,101,81,121,82,120,49,104,102,132,17,118,13,4,66,145,79,42,134,142,148,25,64,65,95,139,103,61,46,31,57,5,20,54,18,113,87,43,47,24,48,100",5000,100
7,8,49148.08529391084,1.6025738620943175,"127,74,40,90,44,59,22,125,94,73,84,141,122,144,77,88,96,133,98,29,52,51,10,12,39,70,30,26,6,2,60,72,146,50,56,23,28,112,123,85,135,108,63,119,111,138,128,86,19,89,76,45,130,107,11,55,69,15,68,99,62,58,8,21,131,27,38,126,9,115,32,16,109,75,91,117,136,116,7,106,41,53,101,81,121,82,120,49,104,102,132,17,118,13,4,66,145,79,42,134,142,148,25,64,65,95,139,103,61,46,31,57,5,20,54,18,113,71,36,93,124,129,147,80,140,92,35,34,37,67,14,97,3,110,78,143,105,33,114,137,83,87,43,47,24,48,100",5000,100
8,0,50774.628344766636,1.5273993799333683,"3,18,113,93,80,147,97,92,140,35,124,129,36,71,114,143,110,78,128,86,135,63,108,119,43,76,89,45,130,107,19,137,83,105,33,111,138,85,123,87,44,59,22,125,73,94,84,88,77,96,98,29,52,51,10,12,39,70,30,26,6,2,60,72,146,50,23,56,28,112,40,90,127,74,54,20,5,115,32,16,109,91,117,75,118,17,132,103,139,95,65,148,142,134,42,79,145,66,4,13,136,116,7,106,41,53,101,21,131,27,38,9,126,46,61,31,57,133,144,141,122,58,8,62,68,99,15,69,55,11,82,121,81,102,104,49,120,67,14,34,37,47,24,48,100,25,64",5000,100
8,1,49182.38437310343,1.7042300314218148,"100,43,47,24,48,127,74,54,20,5,115,32,16,109,91,117,75,118,17,132,103,139,95,65,148,142,134,42,79,145,66,52,51,10,12,39,70,30,26,25,64,29,98,133,57,31,46,61,125,22,59,73,94,84,141,122,144,77,96,88,60,72,146,50,56,23,28,112,123,3,18,113,93,80,147,97,92,140,35,34,37,67,14,83,137,19,89,76,45,130,107,55,11,69,15,99,68,62,58,8,131,21,27,38,9,126,7,106,41,53,101,136,116,82,81,102,104,49,120,121,87,85,135,63,108,119,111,138,86,128,78,143,110,33,105,71,114,36,129,124,2,6,40,44,90,4,13",5000,100
8,2,49613.845406658096,1.6507894258705245,"100,43,47,24,48,127,74,54,20,5,115,32,16,109,91,117,75,118,17,132,139,95,65,148,142,134,42,79,145,66,52,51,10,12,39,70,30,26,6,2,60,72,146,50,56,23,28,112,123,3,110,78,143,128,86,135,63,108,119,111,138,83,137,19,89,76,45,130,107,55,11,69,15,99,68,62,58,8,131,27,21,53,101,7,106,41,102,104,49,120,121,81,136,116,82,4,13,9,126,38,90,40,44,59,22,125,73,94,84,141,122,144,77,96,88,133,57,31,46,61,103,29,98,25,64,87,85,105,33,114,71,36,93,80,147,97,92,140,35,34,37,67,14,124,129,113,18",5000,100
8,3,48392.23560427445,1.7390802166662698,"100,43,47,24,48,127,74,90,40,44,59,22,125,73,94,84,141,122,144,77,96,88,133,57,31,46,61,65,132,17,118,75,91,117,109,126,38,9,27,131,58,8,62,68,99,15,69,55,11,130,107,45,89,76,19,137,83,105,33,114,71,36,93,80,147,97,92,140,35,34,37,67,14,124,129,113,18,3,110,78,143,128,86,111,138,85,123,87,28,112,56,23,50,146,72,6,2,60,29,98,148,142,134,42,79,145,66,52,51,10,12,39,70,30,26,64,25,13,4,136,116,7,106,41,53,101,21,104,102,81,121,82,120,49,5,115,32,16,54,20,119,63,108,135,103,139,95",5000,100
9,0,48512.7091003137,1.62,"100,43,47,24,48,127,74,40,90,44,59,22,73,94,84,141,122,144,77,88,96,98,133,57,31,46,61,95,65,66,145,79,42,134,142,148,52,51,12,39,70,30,26,6,2,60,72,50,146,56,23,28,112,123,3,18,113,93,129,124,147,97,92,140,35,34,37,67,14,71,114,33,105,83,137,19,89,76,45,130,107,55,11,69,15,99,68,62,58,8,131,27,38,126,9,115,5,20,54,29,10,25,64,118,17,13,4,132,103,139,91,117,136,116,7,106,41,53,101,49,81,121,82,120,21,102,104,109,75,16,32,125,119,63,108,135,85,87,111,138,128,78,143,110,86,36,80",5000,100
9,1,47444.53771558527,1.8837821371726196,"44,59,22,125,73,94,84,141,122,144,77,88,96,98,133,57,31,46,61,20,54,5,115,32,16,109,75,91,117,136,116,7,106,41,53,101,49,81,121,82,120,21,27,38,126,9,131,58,8,68,62,15,99,69,55,11,130,107,137,83,105,33,114,71,36,80,93,129,124,147,97,92,140,35,34,37,67,14,146,50,56,23,28,112,123,3,18,113,143,110,86,128,78,111,138,119,63,108,135,85,87,19,89,76,45,52,51,12,39,70,30,26,6,2,60,72,29,10,25,64,118,17,13,4,132,103,139,95,65,66,145,79,42,134,142,148,90,40,127,74,47,24,48,100,43,104,102",5000,100
9,2,48652.06445842606,1.4368020044529448,"124,147,97,92,140,35,34,37,67,14,146,50,56,23,28,112,123,3,18,113,93,129,36,80,110,86,128,78,143,105,83,137,19,89,76,45,130,107,55,11,69,15,99,68,62,58,8,131,27,38,126,9,115,32,16,109,75,91,117,136,116,7,106,41,53,101,49,81,121,82,120,21,102,104,139,95,65,132,103,17,13,4,118,66,145,79,42,134,142,148,52,51,12,39,70,30,26,6,2,60,72,64,25,10,29,98,133,57,31,46,61,20,54,5,125,73,94,84,141,122,144,77,88,96,40,90,44,59,22,100,43,47,24,48,127,74,108,63,119,111,138,114,71,85,87,33,135",5000,100
10,0,51706.860413051756,1.6147627286206498,"100,43,47,24,48,127,74,40,90,44,59,22,125,73,94,84,96,88,77,144,141,122,57,133,98,29,31,46,61,5,115,32,16,109,91,117,136,101,53,41,106,102,104,81,121,82,120,49,27,38,9,126,131,21,68,62,15,99,58,8,69,55,11,130,107,45,89,76,19,137,83,105,33,114,71,36,113,80,93,124,129,147,92,140,35,34,37,67,14,146,50,23,56,28,112,87,85,123,3,18,110,78,128,86,135,108,63,119,138,111,143,95,65,139,103,132,17,118,75,13,4,145,79,42,134,142,148,52,39,70,30,26,60,72,2,6,64,51,10,12,25,20,54,7,116,66,97",5000,100
10,1,48596.115692722386,1.77664804550185,"100,43,47,24,48,127,74,40,90,44,59,22,125,73,94,84,88,77,144,141,122,57,133,98,29,96,31,46,61,65,95,139,103,132,17,75,91,117,136,116,7,101,53,41,106,102,104,81,121,82,120,49,21,27,131,58,8,99,68,62,15,69,55,11,130,107,45,89,76,19,137,83,105,33,143,78,128,86,135,108,63,119,111,138,87,85,123,3,18,113,93,124,129,147,97,92,140,35,37,34,14,67,50,146,60,2,6,72,64,25,10,12,39,70,30,26,52,51,79,42,134,142,148,66,145,4,13,118,109,126,38,9,115,32,16,5,20,54,114,71,36,80,23,56,28,112,110",5000,100
10,2,48609.642480274764,1.7432243741876758,"100,43,47,24,48,127,74,40,90,44,59,22,125,73,94,84,88,77,144,141,122,57,133,98,29,96,31,46,61,65,95,139,103,132,17,75,91,117,136,116,7,101,53,41,106,102,104,81,121,82,120,49,21,27,131,58,8,99,68,62,15,69,55,11,130,107,45,89,76,19,137,83,105,33,143,78,128,86,135,108,63,119,111,138,87,85,123,3,18,113,93,124,129,147,80,97,92,140,35,37,34,14,67,50,146,60,2,6,72,64,25,10,12,39,70,30,26,52,51,79,42,134,142,148,66,145,4,13,118,109,126,38,9,115,32,16,5,20,54,114,71,36,110,112,28,56,23",5000,100
10,3,48747.34707151693,1.6860464962122088,"100,43,47,24,48,127,74,40,90,44,59,22,125,73,94,84,88,77,144,141,122,57,133,98,29,96,31,46,61,65,95,139,103,132,17,75,91,117,136,116,7,101,53,41,106,102,104,81,121,82,120,49,21,27,131,58,8,99,68,62,15,69,55,11,130,107,45,89,76,19,137,83,105,33,143,78,128,86,135,108,63,119,111,138,87,85,123,3,18,113,93,124,129,147,80,23,56,28,112,110,114,71,36,140,35,37,34,14,67,50,146,60,2,6,72,64,25,10,12,39,70,30,26,52,51,79,42,134,142,148,66,145,4,13,118,109,126,38,9,115,32,16,5,20,54,92,97",5000,100
10,4,48047.97498867376,1.7985854581127259,"127,74,40,90,44,59,22,125,73,94,84,88,77,144,141,122,57,133,98,29,96,31,46,61,65,95,139,103,132,17,75,91,117,136,116,7,101,53,41,106,102,104,81,121,82,120,49,27,131,21,8,58,99,68,62,15,69,55,11,130,107,45,89,76,19,137,83,105,33,143,78,128,86,135,108,63,119,111,138,87,85,123,3,18,113,93,124,129,147,80,97,92,140,35,37,34,14,67,50,146,60,2,6,72,64,25,10,12,39,70,30,26,52,51,79,42,134,142,148,66,145,4,13,118,109,126,38,9,115,32,16,5,20,54,114,71,36,110,112,28,56,23,43,47,24,48,100",5000,100
10,5,48037.398419871715,1.8522926554697323,"100,43,47,24,48,127,74,40,90,44,59,22,125,73,94,84,88,77,144,141,122,57,133,98,29,96,31,46,61,65,95,139,103,132,17,75,91,117,136,116,7,101,53,41,106,102,104,81,121,82,120,49,21,8,58,99,68,62,15,69,55,11,130,107,45,89,76,19,137,83,105,33,143,78,128,86,135,108,63,119,111,138,87,85,123,3,18,113,93,124,129,147,80,97,92,140,35,37,34,14,67,50,146,60,2,6,72,64,25,10,12,39,70,30,26,52,51,79,42,134,142,148,66,145,4,13,118,109,126,38,9,115,32,16,5,20,54,114,71,36,110,112,28,56,23,131,27",5000,100
10,6,48609.642480274764,1.7432243741876758,"100,43,47,24,48,127,74,40,90,44,59,22,125,73,94,84,88,77,144,141,122,57,133,98,29,96,31,46,61,65,95,139,103,132,17,75,91,117,136,116,7,101,53,41,106,102,104,81,121,82,120,49,21,27,131,58,8,99,68,62,15,69,55,11,130,107,45,89,76,19,137,83,105,33,143,78,128,86,135,108,63,119,111,138,87,85,123,3,18,113,93,124,129,147,80,97,92,140,35,37,34,14,67,50,146,60,2,6,72,64,25,10,12,39,70,30,26,52,51,79,42,134,142,148,66,145,4,13,118,109,126,38,9,115,32,16,5,20,54,114,71,36,110,112,28,56,23",5000,100
10,7,48609.642480274764,1.7432243741876758,"100,43,47,24,48,127,74,40,90,44,59,22,125,73,94,84,88,77,144,141,122,57,133,98,29,96,31,46,61,65,95,139,103,132,17,75,91,117,136,116,7,101,53,41,106,102,104,81,121,82,120,49,21,27,131,58,8,99,68,62,15,69,55,11,130,107,45,89,76,19,137,83,105,33,143,78,128,86,135,108,63,119,111,138,87,85,123,3,18,113,93,124,129,147,80,97,92,140,35,37,34,14,67,50,146,60,2,6,72,64,25,10,12,39,70,30,26,52,51,79,42,134,142,148,66,145,4,13,118,109,126,38,9,115,32,16,5,20,54,114,71,36,110,112,28,56,23",5000,100
10,8,48037.398419871715,1.8522926554697323,"100,43,47,24,48,127,74,40,90,44,59,22,125,73,94,84,88,77,144,141,122,57,133,98,29,96,31,46,61,65,95,139,103,132,17,75,91,117,136,116,7,101,53,41,106,102,104,81,121,82,120,49,21,8,58,99,68,62,15,69,55,11,130,107,45,89,76,19,137,83,105,33,143,78,128,86,135,108,63,119,111,138,87,85,123,3,18,113,93,124,129,147,80,97,92,140,35,37,34,14,67,50,146,60,2,6,72,64,25,10,12,39,70,30,26,52,51,79,42,134,142,148,66,145,4,13,118,109,126,38,9,115,32,16,5,20,54,114,71,36,110,112,28,56,23,131,27",5000,100
10,9,48037.398419871715,1.8522926554697323,"100,43,47,24,48,127,74,40,90,44,59,22,125,73,94,84,88,77,144,141,122,57,133,98,29,96,31,46,61,65,95,139,103,132,17,75,91,117,136,116,7,101,53,41,106,102,104,81,121,82,120,49,21,8,58,99,68,62,15,69,55,11,130,107,45,89,76,19,137,83,105,33,143,78,128,86,135,108,63,119,111,138,87,85,123,3,18,113,93,124,129,147,80,97,92,140,35,37,34,14,67,50,146,60,2,6,72,64,25,10,12,39,70,30,26,52,51,79,42,134,142,148,66,145,4,13,118,109,126,38,9,115,32,16,5,20,54,114,71,36,110,112,28,56,23,131,27",5000,100
10,10,48037.398419871715,1.8522926554697323,"100,43,47,24,48,127,74,40,90,44,59,22,125,73,94,84,88,77,144,141,122,57,133,98,29,96,31,46,61,65,95,139,103,132,17,75,91,117,136,116,7,101,53,41,106,102,104,81,121,82,120,49,21,8,58,99,68,62,15,69,55,11,130,107,45,89,76,19,137,83,105,33,143,78,128,86,135,108,63,119,111,138,87,85,123,3,18,113,93,124,129,147,80,97,92,140,35,37,34,14,67,50,146,60,2,6,72,64,25,10,12,39,70,30,26,52,51,79,42,134,142,148,66,145,4,13,118,109,126,38,9,115,32,16,5,20,54,114,71,36,110,112,28,56,23,131,27",5000,100
10,11,47908.251302245335,1.873344456862147,"47,24,48,127,74,40,90,44,59,22,125,73,94,84,88,77,144,141,122,57,133,98,29,96,31,46,61,65,95,139,103,132,17,75,91,117,136,116,7,101,53,41,106,102,104,81,121,82,120,49,21,8,58,99,68,62,15,69,55,11,130,107,45,89,76,19,137,83,105,33,143,78,128,86,135,108,63,119,111,138,87,85,123,3,18,113,93,124,129,147,80,97,92,140,35,37,34,14,67,50,146,60,2,6,72,64,25,10,12,39,70,30,26,52,51,79,42,134,142,148,66,145,4,13,118,109,126,38,9,115,32,16,5,20,54,114,71,36,110,112,28,56,23,43,100,27,131",5000,100
10,12,48037.398419871715,1.8522926554697323,"100,43,47,24,48,127,74,40,90,44,59,22,125,73,94,84,88,77,144,141,122,57,133,98,29,96,31,46,61,65,95,139,103,132,17,75,91,117,136,116,7,101,53,41,106,102,104,81,121,82,120,49,21,8,58,99,68,62,15,69,55,11,130,107,45,89,76,19,137,83,105,33,143,78,128,86,135,108,63,119,111,138,87,85,123,3,18,113,93,124,129,147,80,97,92,140,35,37,34,14,67,50,146,60,2,6,72,64,25,10,12,39,70,30,26,52,51,79,42,134,142,148,66,145,4,13,118,109,126,38,9,115,32,16,5,20,54,114,71,36,110,112,28,56,23,131,27",5000,100
10,13,47980.19879196653,1.8628482943550777,"47,24,48,127,74,40,90,44,59,22,125,73,94,84,88,77,144,141,122,57,133,98,29,96,31,46,61,65,95,139,103,132,17,75,91,117,136,116,7,101,53,41,106,102,104,81,121,82,120,49,27,131,21,8,58,99,68,62,15,69,55,11,130,107,45,89,76,19,137,83,105,33,143,78,128,86,135,108,63,119,111,138,87,85,123,3,18,113,93,124,129,147,80,97,92,140,35,37,34,14,67,50,146,60,2,6,72,64,25,10,12,39,70,30,26,52,51,79,42,134,142,148,66,145,4,13,118,109,126,38,9,115,32,16,5,20,54,114,71,36,110,112,28,56,23,43,100",5000,100
10,14,48037.398419871715,1.8522926554697323,"100,43,47,24,48,127,74,40,90,44,59,22,125,73,94,84,88,77,144,141,122,57,133,98,29,96,31,46,61,65,95,139,103,132,17,75,91,117,136,116,7,101,53,41,106,102,104,81,121,82,120,49,21,8,58,99,68,62,15,69,55,11,130,107,45,89,76,19,137,83,105,33,143,78,128,86,135,108,63,119,111,138,87,85,123,3,18,113,93,124,129,147,80,97,92,140,35,37,34,14,67,50,146,60,2,6,72,64,25,10,12,39,70,30,26,52,51,79,42,134,142,148,66,145,4,13,118,109,126,38,9,115,32,16,5,20,54,114,71,36,110,112,28,56,23,131,27",5000,100
10,15,48047.97498867376,1.7985854581127259,"127,74,40,90,44,59,22,125,73,94,84,88,77,144,141,122,57,133,98,29,96,31,46,61,65,95,139,103,132,17,75,91,117,136,116,7,101,53,41,106,102,104,81,121,82,120,49,27,131,21,8,58,99,68,62,15,69,55,11,130,107,45,89,76,19,137,83,105,33,143,78,128,86,135,108,63,119,111,138,87,85,123,3,18,113,93,124,129,147,80,97,92,140,35,37,34,14,67,50,146,60,2,6,72,64,25,10,12,39,70,30,26,52,51,79,42,134,142,148,66,145,4,13,118,109,126,38,9,115,32,16,5,20,54,114,71,36,110,112,28,56,23,43,47,24,48,100",5000,100
10,16,48037.398419871715,1.8522926554697323,"100,43,47,24,48,127,74,40,90,44,59,22,125,73,94,84,88,77,144,141,122,57,133,98,29,96,31,46,61,65,95,139,103,132,17,75,91,117,136,116,7,101,53,41,106,102,104,81,121,82,120,49,21,8,58,99,68,62,15,69,55,11,130,107,45,89,76,19,137,83,105,33,143,78,128,86,135,108,63,119,111,138,87,85,123,3,18,113,93,124,129,147,80,97,92,140,35,37,34,14,67,50,146,60,2,6,72,64,25,10,12,39,70,30,26,52,51,79,42,134,142,148,66,145,4,13,118,109,126,38,9,115,32,16,5,20,54,114,71,36,110,112,28,56,23,131,27",5000,100
10,17,48037.398419871715,1.8522926554697323,"100,43,47,24,48,127,74,40,90,44,59,22,125,73,94,84,88,77,144,141,122,57,133,98,29,96,31,46,61,65,95,139,103,132,17,75,91,117,136,116,7,101,53,41,106,102,104,81,121,82,120,49,21,8,58,99,68,62,15,69,55,11,130,107,45,89,76,19,137,83,105,33,143,78,128,86,135,108,63,119,111,138,87,85,123,3,18,113,93,124,129,147,80,97,92,140,35,37,34,14,67,50,146,60,2,6,72,64,25,10,12,39,70,30,26,52,51,79,42,134,142,148,66,145,4,13,118,109,126,38,9,115,32,16,5,20,54,114,71,36,110,112,28,56,23,131,27",5000,100
10,18,48037.398419871715,1.8522926554697323,"100,43,47,24,48,127,74,40,90,44,59,22,125,73,94,84,88,77,144,141,122,57,133,98,29,96,31,46,61,65,95,139,103,132,17,75,91,117,136,116,7,101,53,41,106,102,104,81,121,82,120,49,21,8,58,99,68,62,15,69,55,11,130,107,45,89,76,19,137,83,105,33,143,78,128,86,135,108,63,119,111,138,87,85,123,3,18,113,93,124,129,147,80,97,92,140,35,37,34,14,67,50,146,60,2,6,72,64,25,10,12,39,70,30,26,52,51,79,42,134,142,148,66,145,4,13,118,109,126,38,9,115,32,16,5,20,54,114,71,36,110,112,28,56,23,131,27",5000,100
10,19,48037.398419871715,1.8522926554697323,"100,43,47,24,48,127,74,40,90,44,59,22,125,73,94,84,88,77,144,141,122,57,133,98,29,96,31,46,61,65,95,139,103,132,17,75,91,117,136,116,7,101,53,41,106,102,104,81,121,82,120,49,21,8,58,99,68,62,15,69,55,11,130,107,45,89,76,19,137,83,105,33,143,78,128,86,135,108,63,119,111,138,87,85,123,3,18,113,93,124,129,147,80,97,92,140,35,37,34,14,67,50,146,60,2,6,72,64,25,10,12,39,70,30,26,52,51,79,42,134,142,148,66,145,4,13,118,109,126,38,9,115,32,16,5,20,54,114,71,36,110,112,28,56,23,131,27",5000,100
10,20,47908.251302245335,1.873344456862147,"127,74,40,90,44,59,22,125,73,94,84,88,77,144,141,122,57,133,98,29,96,31,46,61,65,95,139,103,132,17,75,91,117,136,116,7,101,53,41,106,102,104,81,121,82,120,49,21,8,58,99,68,62,15,69,55,11,130,107,45,89,76,19,137,83,105,33,143,78,128,86,135,108,63,119,111,138,87,85,123,3,18,113,93,124,129,147,80,97,92,140,35,37,34,14,67,50,146,60,2,6,72,64,25,10,12,39,70,30,26,52,51,79,42,134,142,148,66,145,4,13,118,109,126,38,9,115,32,16,5,20,54,114,71,36,110,112,28,56,23,131,27,47,24,48,100,43",5000,100
10,21,48037.398419871715,1.8522926554697323,"100,43,47,24,48,127,74,40,90,44,59,22,125,73,94,84,88,77,144,141,122,57,133,98,29,96,31,46,61,65,95,139,103,132,17,75,91,117,136,116,7,101,53,41,106,102,104,81,121,82,120,49,21,8,58,99,68,62,15,69,55,11,130,107,45,89,76,19,137,83,105,33,143,78,128,86,135,108,63,119,111,138,87,85,123,3,18,113,93,124,129,147,80,97,92,140,35,37,34,14,67,50,146,60,2,6,72,64,25,10,12,39,70,30,26,52,51,79,42,134,142,148,66,145,4,13,118,109,126,38,9,115,32,16,5,20,54,131,27,114,71,36,110,112,28,56,23",5000,100
10,22,48037.398419871715,1.8522926554697323,"100,43,47,24,48,127,74,40,90,44,59,22,125,73,94,84,88,77,144,141,122,57,133,98,29,96,31,46,61,65,95,139,103,132,17,75,91,117,136,116,7,101,53,41,106,102,104,81,121,82,120,49,21,8,58,99,68,62,15,69,55,11,130,107,45,89,76,19,137,83,105,33,143,78,128,86,135,108,63,119,111,138,87,85,123,3,18,113,93,124,129,147,80,97,92,140,35,37,34,14,67,50,146,60,2,6,72,64,25,10,12,39,70,30,26,52,51,79,42,134,142,148,66,145,4,13,118,109,126,38,9,115,32,16,5,20,54,114,71,36,110,112,28,56,23,131,27",5000,100
10,23,48037.398419871715,1.8522926554697323,"100,43,47,24,48,127,74,40,90,44,59,22,125,73,94,84,88,77,144,141,122,57,133,98,29,96,31,46,61,65,95,139,103,132,17,75,91,117,136,116,7,101,53,41,106,102,104,81,121,82,120,49,21,8,58,99,68,62,15,69,55,11,130,107,45,89,76,19,137,83,105,33,143,78,128,86,135,108,63,119,111,138,87,85,123,3,18,113,93,124,129,147,80,97,92,140,35,37,34,14,67,50,146,60,2,6,72,64,25,10,12,39,70,30,26,52,51,79,42,134,142,148,66,145,4,13,118,109,126,38,9,115,32,16,5,20,54,114,71,36,110,112,28,56,23,131,27",5000,100
10,24,48037.398419871715,1.8522926554697323,"100,43,47,24,48,127,74,40,90,44,59,22,125,73,94,84,88,77,144,141,122,57,133,98,29,96,31,46,61,65,95,139,103,132,17,75,91,117,136,116,7,101,53,41,106,102,104,81,121,82,120,49,21,8,58,99,68,62,15,69,55,11,130,107,45,89,76,19,137,83,105,33,143,78,128,86,135,108,63,119,111,138,87,85,123,3,18,113,93,124,129,147,80,97,92,140,35,37,34,14,67,50,146,60,2,6,72,64,25,10,12,39,70,30,26,52,51,79,42,134,142,148,66,145,4,13,118,109,126,38,9,115,32,16,5,20,54,131,27,114,71,36,110,112,28,56,23",5000,100
10,25,48037.398419871715,1.8522926554697323,"100,43,47,24,48,127,74,40,90,44,59,22,125,73,94,84,88,77,144,141,122,57,133,98,29,96,31,46,61,65,95,139,103,132,17,75,91,117,136,116,7,101,53,41,106,102,104,81,121,82,120,49,21,8,58,99,68,62,15,69,55,11,130,107,45,89,76,19,137,83,105,33,143,78,128,86,135,108,63,119,111,138,87,85,123,3,18,113,93,124,129,147,80,97,92,140,35,37,34,14,67,50,146,60,2,6,72,64,25,10,12,39,70,30,26,52,51,79,42,134,142,148,66,145,4,13,118,109,126,38,9,115,32,16,5,20,54,114,71,36,110,112,28,56,23,131,27",5000,100
10,26,48037.398419871715,1.8522926554697323,"100,43,47,24,48,127,74,40,90,44,59,22,125,73,94,84,88,77,144,141,122,57,133,98,29,96,31,46,61,65,95,139,103,132,17,75,91,117,136,116,7,101,53,41,106,102,104,81,121,82,120,49,21,8,58,99,68,62,15,69,55,11,130,107,45,89,76,19,137,83,105,33,143,78,128,86,135,108,63,119,111,138,87,85,123,3,18,113,93,124,129,147,80,97,92,140,35,37,34,14,67,50,146,60,2,6,72,64,25,10,12,39,70,30,26,52,51,79,42,134,142,148,66,145,4,13,118,109,126,38,9,115,32,16,5,20,54,114,71,36,110,112,28,56,23,131,27",5000,100
10,27,47980.19879196653,1.8628482943550777,"47,24,48,127,74,40,90,44,59,22,125,73,94,84,88,77,144,141,122,57,133,98,29,96,31,46,61,65,95,139,103,132,17,75,91,117,136,116,7,101,53,41,106,102,104,81,121,82,120,49,27,131,21,8,58,99,68,62,15,69,55,11,130,107,45,89,76,19,137,83,105,33,143,78,128,86,135,108,63,119,111,138,87,85,123,3,18,113,93,124,129,147,80,97,92,140,35,37,34,14,67,50,146,60,2,6,72,64,25,10,12,39,70,30,26,52,51,79,42,134,142,148,66,145,4,13,118,109,126,38,9,115,32,16,5,20,54,114,71,36,110,112,28,56,23,43,100",5000,100
10,28,47980.19879196653,1.8628482943550777,"47,24,48,127,74,40,90,44,59,22,125,73,94,84,88,77,144,141,122,57,133,98,29,96,31,46,61,65,95,139,103,132,17,75,91,117,136,116,7,101,53,41,106,102,104,81,121,82,120,49,27,131,21,8,58,99,68,62,15,69,55,11,130,107,45,89,76,19,137,83,105,33,143,78,128,86,135,108,63,119,111,138,87,85,123,3,18,113,93,124,129,147,80,97,92,140,35,37,34,14,67,50,146,60,2,6,72,64,25,10,12,39,70,30,26,52,51,79,42,134,142,148,66,145,4,13,118,109,126,38,9,115,32,16,5,20,54,114,71,36,110,112,28,56,23,43,100",5000,100
10,29,48037.398419871715,1.8522926554697323,"100,43,47,24,48,127,74,40,90,44,59,22,125,73,94,84,88,77,144,141,122,57,133,98,29,96,31,46,61,65,95,139,103,132,17,75,91,117,136,116,7,101,53,41,106,102,104,81,121,82,120,49,21,8,58,99,68,62,15,69,55,11,130,107,45,89,76,19,137,83,105,33,143,78,128,86,135,108,63,119,111,138,87,85,123,3,18,113,93,124,129,147,80,97,92,140,35,37,34,14,67,50,146,60,2,6,72,64,25,10,12,39,70,30,26,52,51,79,42,134,142,148,66,145,4,13,118,109,126,38,9,115,32,16,5,20,54,114,71,36,110,112,28,56,23,131,27",5000,100
10,30,48037.398419871715,1.8522926554697323,"100,43,47,24,48,127,74,40,90,44,59,22,125,73,94,84,88,77,144,141,122,57,133,98,29,96,31,46,61,65,95,139,103,132,17,75,91,117,136,116,7,101,53,41,106,102,104,81,121,82,120,49,21,8,58,99,68,62,15,69,55,11,130,107,45,89,76,19,137,83,105,33,143,78,128,86,135,108,63,119,111,138,87,85,123,3,18,113,93,124,129,147,80,97,92,140,35,37,34,14,67,50,146,60,72,64,25,10,12,39,70,30,26,52,51,79,42,134,142,148,66,145,4,13,118,109,126,38,9,115,32,16,5,20,54,114,71,36,110,112,28,56,23,131,27,2,6",5000,100
10,31,48037.398419871715,1.8522926554697323,"100,43,47,24,48,127,74,40,90,44,59,22,125,73,94,84,88,77,144,141,122,57,133,98,29,96,31,46,61,65,95,139,103,132,17,75,91,117,136,116,7,101,53,41,106,102,104,81,121,82,120,49,21,8,58,99,68,62,15,69,55,11,130,107,45,89,76,19,137,83,105,33,143,78,128,86,135,108,63,119,111,138,87,85,123,3,18,113,93,124,129,147,80,97,92,140,35,37,34,14,67,50,146,60,2,6,72,64,25,10,12,39,70,30,26,52,51,79,42,134,142,148,66,145,4,13,118,109,126,38,9,115,32,16,5,20,54,114,71,36,110,112,28,56,23,131,27",5000,100
10,32,48037.398419871715,1.8522926554697323,"100,43,47,24,48,127,74,40,90,44,59,22,125,73,94,84,88,77,144,141,122,57,133,98,29,96,31,46,61,65,95,139,103,132,17,75,91,117,136,116,7,101,53,41,106,102,104,81,121,82,120,49,21,8,58,99,68,62,15,69,55,11,130,107,45,89,76,19,137,83,105,33,143,78,128,86,135,108,63,119,111,138,87,85,123,3,18,113,93,124,129,147,80,97,92,140,35,37,34,14,67,50,146,60,2,6,72,64,25,10,12,39,70,30,26,52,51,79,42,134,142,148,66,145,4,13,118,109,126,38,9,115,32,16,5,20,54,114,71,36,110,112,28,56,23,131,27",5000,100
10,33,48047.97498867376,1.7985854581127259,"127,74,40,90,44,59,22,125,73,94,84,88,77,144,141,122,57,133,98,29,96,31,46,61,65,95,139,103,132,17,75,91,117,136,116,7,101,53,41,106,102,104,81,121,82,120,49,27,131,21,8,58,99,68,62,15,69,55,11,130,107,45,89,76,19,137,83,105,33,143,78,128,86,135,108,63,119,111,138,87,85,123,3,18,113,93,124,129,147,80,97,92,140,35,37,34,14,67,50,146,60,2,6,72,64,25,10,12,39,70,30,26,52,51,79,42,134,142,148,66,145,4,13,118,109,126,38,9,115,32,16,5,20,54,114,71,36,110,112,28,56,23,43,47,24,48,100",5000,100
10,34,47980.19879196653,1.8628482943550777,"47,24,48,127,74,40,90,44,59,22,125,73,94,84,88,77,144,141,122,57,133,98,29,96,31,46,61,65,95,139,103,132,17,75,91,117,136,116,7,101,53,41,106,102,104,81,121,82,120,49,27,131,21,8,58,99,68,62,15,69,55,11,130,107,45,89,76,19,137,83,105,33,143,78,128,86,135,108,63,119,111,138,87,85,123,3,18,113,93,124,129,147,80,97,92,140,35,37,34,14,67,50,146,60,2,6,72,64,25,10,12,39,70,30,26,52,51,79,42,134,142,148,66,145,4,13,118,109,126,38,9,115,32,16,5,20,54,114,71,36,110,112,28,56,23,43,100",5000,100
10,35,47980.19879196653,1.8628482943550777,"47,24,48,127,74,40,90,44,59,22,125,73,94,84,88,77,144,141,122,57,133,98,29,96,31,46,61,65,95,139,103,132,17,75,91,117,136,116,7,101,53,41,106,102,104,81,121,82,120,49,27,131,21,8,58,99,68,62,15,69,55,11,130,107,45,89,76,19,137,83,105,33,143,78,128,86,135,108,63,119,111,138,87,85,123,3,18,113,93,124,129,147,80,97,92,140,35,37,34,14,67,50,146,60,2,6,72,64,25,10,12,39,70,30,26,52,51,79,42,134,142,148,66,145,4,13,118,109,126,38,9,115,32,16,5,20,54,114,71,36,110,112,28,56,23,43,100",5000,100
11,0,55332.28766070957,1.5528619508410455,"60,6,96,77,88,133,98,29,31,57,144,141,122,84,94,73,70,12,39,51,10,116,136,101,41,106,82,121,120,81,102,104,21,27,115,32,16,132,139,103,65,95,109,9,38,126,100,43,48,24,125,22,5,20,54,127,74,47,119,63,108,135,138,111,128,86,110,3,123,85,87,112,143,78,113,18,71,36,80,93,124,129,147,140,92,35,37,34,67,14,90,40,44,59,56,23,28,45,89,76,19,137,83,105,146,50,2,72,66,142,148,52,61,46,17,118,13,4,131,8,58,68,62,99,15,69,130,107,55,11,25,64,7,53,117,91,75,49,30,26,145,79,42,134,97,114,33",5000,100
11,1,48295.90038597742,1.7876504031437617,"24,48,127,74,40,90,44,59,73,94,141,122,144,77,88,84,96,29,98,133,57,31,46,61,103,139,95,65,132,17,118,13,4,136,116,7,106,41,53,21,27,131,8,58,62,68,99,15,69,55,11,130,107,45,89,76,19,137,83,105,33,114,71,36,80,93,129,124,147,97,92,140,35,37,34,14,67,146,50,23,56,28,112,87,123,85,135,108,63,119,111,138,78,143,110,128,86,18,113,3,2,60,72,6,26,30,70,39,51,10,12,64,25,134,42,79,145,66,148,142,52,75,91,117,101,49,120,121,82,81,102,104,9,38,126,109,16,32,115,5,20,54,22,125,47,100,43",5000,100
11,2,48906.62396189858,1.6743766306046426,"44,59,73,94,22,125,141,122,144,77,88,96,29,98,133,57,31,46,61,139,95,65,132,103,16,32,109,75,91,117,101,116,7,106,41,53,21,27,38,126,9,115,5,20,54,74,40,90,127,47,24,48,100,43,76,19,137,83,105,33,114,71,36,80,93,124,129,147,97,92,140,35,34,37,14,67,146,50,56,23,28,112,87,85,135,63,108,119,111,138,128,86,78,143,18,113,3,123,110,84,72,6,2,60,10,12,39,70,30,26,64,25,134,42,79,145,66,148,142,52,51,118,17,13,4,136,102,104,49,120,121,82,81,131,58,8,62,68,99,15,69,55,11,130,107,45,89",5000,100
11,3,49597.59057207369,1.6507894258705245,"100,43,47,24,48,127,74,40,90,44,59,73,94,141,122,144,77,88,96,133,57,31,46,61,139,95,65,132,103,16,32,109,75,91,117,101,53,21,27,38,126,9,115,5,20,54,8,62,68,99,15,69,55,11,130,107,45,89,76,19,137,83,105,33,114,71,36,80,93,124,129,147,97,92,140,35,37,34,14,67,146,50,56,23,28,112,87,85,135,63,108,119,111,138,128,86,110,78,143,18,113,3,123,125,22,72,6,2,60,10,12,39,70,30,26,64,25,134,42,79,145,66,148,142,52,51,118,17,13,4,136,116,7,106,41,82,81,102,104,49,120,121,131,58,98,29,84",5000,100
11,4,49982.691110325286,1.6025738620943175,"126,9,115,5,20,54,74,40,90,44,59,73,94,141,122,144,77,88,96,133,57,31,46,61,139,95,65,132,103,16,32,109,75,91,117,101,116,7,106,41,53,21,27,38,10,12,39,70,30,26,6,2,60,72,64,25,134,42,79,145,66,148,142,4,13,118,17,136,102,104,49,120,121,82,81,131,58,8,62,68,99,15,69,55,11,130,107,45,89,76,19,137,83,105,33,114,71,36,80,93,124,129,147,97,92,140,35,37,34,14,67,146,50,56,23,28,112,87,85,135,63,108,119,111,138,128,86,78,143,110,113,18,3,123,100,43,47,24,48,127,125,84,98,29,52,51,22",5000,100
12,0,47376.02357825803,1.4053506367907607,"100,43,47,24,48,127,74,40,90,44,59,73,87,85,135,86,128,78,143,110,111,138,137,83,105,33,114,71,36,80,147,129,124,93,113,18,3,123,112,28,23,56,50,146,72,6,2,60,96,88,84,141,122,144,77,57,31,46,61,103,139,95,65,132,17,118,75,91,117,101,53,41,106,7,116,136,49,102,104,81,121,82,120,21,27,131,58,8,62,68,99,15,69,55,11,130,107,19,89,76,45,119,63,108,66,145,42,79,134,142,148,52,51,10,25,64,12,39,70,30,26,29,98,133,54,20,5,115,32,16,109,13,4,9,126,38,94,125,22,140,35,34,37,67,14,92,97",5000,100
13,0,48005.54064182836,1.861289875328397,"100,43,76,89,19,137,83,105,33,143,78,128,86,111,138,119,63,108,135,85,123,3,18,113,71,114,36,140,92,147,80,93,124,129,112,28,23,56,50,146,37,67,14,34,35,97,96,88,77,144,141,122,57,133,98,29,60,2,6,72,70,30,26,64,25,12,39,51,10,52,148,142,134,79,42,145,66,132,103,139,95,65,61,46,31,125,22,59,44,90,40,127,74,54,5,115,32,16,109,91,117,136,116,7,106,41,53,101,102,104,49,120,121,82,81,21,27,131,58,8,62,68,99,15,69,55,11,130,107,45,48,24,47,73,94,84,13,4,118,17,75,126,38,9,20,87,110",5000,100
13,1,48215.34176999971,1.7275416058665563,"24,48,47,90,40,127,74,54,5,115,32,16,109,91,117,136,116,7,106,41,53,101,102,104,49,120,121,82,81,21,27,131,58,8,62,68,99,15,69,55,11,130,107,45,89,19,137,83,105,33,143,110,78,128,86,111,138,119,63,108,135,85,87,28,112,3,123,36,71,114,18,113,93,124,129,147,80,92,140,35,34,37,67,14,97,96,88,77,144,141,122,57,133,98,29,60,2,6,72,70,30,26,64,25,10,51,12,39,52,148,142,134,79,42,145,66,132,103,139,95,65,17,75,118,13,4,9,126,38,43,76,100,59,44,22,125,73,94,84,31,46,61,20,56,23,50,146",5000,100
13,2,48560.54664185442,1.3610883265741278,"100,43,76,89,19,137,83,105,33,143,110,78,128,86,111,138,119,63,108,135,85,87,28,112,3,123,36,71,114,18,113,93,124,129,147,80,92,140,35,34,37,67,14,97,96,88,77,144,141,122,57,133,98,29,60,2,6,72,70,30,26,64,25,12,39,51,10,52,148,142,134,42,79,145,66,132,103,139,95,65,61,46,31,84,94,73,22,125,20,5,115,32,16,109,91,117,136,116,7,106,41,53,101,102,104,49,120,121,82,81,21,27,131,58,8,62,68,99,15,69,55,11,130,107,45,48,24,47,59,44,90,40,127,74,54,118,75,13,4,9,126,38,17,23,56,50,146",5000,100
13,3,48353.94453157564,1.3944174410842687,"24,48,47,100,43,76,89,19,137,83,105,33,143,110,78,128,86,111,138,119,63,108,135,85,87,28,112,3,123,36,71,114,18,113,93,124,129,147,80,92,140,35,34,37,67,14,97,96,88,77,144,141,122,57,133,98,29,60,2,6,72,146,50,56,23,59,44,22,125,73,94,84,31,46,61,20,5,115,32,16,109,91,117,136,116,7,106,41,53,101,102,104,49,120,121,82,81,21,27,131,58,8,62,68,99,15,69,55,11,130,107,45,54,90,40,127,74,126,38,9,4,13,118,75,17,132,103,139,95,65,66,145,42,79,134,142,148,52,10,51,12,39,70,30,26,64,25",5000,100
13,4,48929.384507663206,1.3358143583597235,"100,43,76,89,19,137,83,105,33,143,110,78,128,86,111,138,119,63,108,135,85,87,28,112,3,123,36,71,114,18,113,93,124,129,147,80,92,140,35,34,37,67,14,97,96,88,77,144,141,122,57,133,98,29,60,2,6,72,146,50,56,23,94,84,31,46,61,103,139,95,65,66,145,42,79,134,142,148,52,10,51,12,39,70,30,26,64,25,20,5,115,32,16,109,91,117,136,116,7,106,41,53,101,102,104,49,120,121,82,81,21,27,131,58,8,62,68,99,15,69,55,11,130,107,45,48,24,47,40,127,74,54,90,44,22,125,73,59,75,17,132,38,9,126,4,13,118",5000,100
14,0,48049.48447629429,2.388566825376661,"24,48,47,100,43,76,89,19,137,83,105,33,71,114,36,113,18,128,86,135,63,119,111,138,78,143,110,3,123,85,87,112,28,23,56,50,146,67,37,34,14,97,92,140,35,84,141,122,144,77,96,88,94,73,59,44,40,90,127,74,54,20,5,115,9,126,38,27,21,131,8,58,62,68,99,15,69,55,11,130,107,45,41,106,7,116,136,101,53,81,102,104,49,120,121,82,75,118,17,13,4,109,16,32,103,132,95,65,139,61,46,31,57,133,98,29,60,2,6,72,64,25,10,12,39,70,30,26,51,52,142,148,134,79,42,145,66,117,91,124,129,147,93,80,22,125,108",5000,100
14,1,48441.3168703133,1.5311433636338565,"100,43,47,24,48,127,74,54,20,5,115,9,126,38,27,21,131,8,58,62,68,99,15,69,55,11,130,107,45,89,76,19,137,83,105,33,71,114,36,113,18,93,80,147,129,124,92,140,35,37,34,14,67,50,146,56,23,28,112,123,3,110,78,143,111,138,128,86,135,63,108,119,85,87,59,44,40,90,57,133,98,29,60,2,6,72,26,30,70,39,12,10,51,52,148,142,134,79,42,145,66,65,95,139,103,132,17,13,4,109,16,32,75,91,117,118,120,49,104,102,81,121,82,41,106,7,116,136,101,53,97,73,94,141,122,144,77,88,84,22,125,25,64,96,31,46,61",5000,100
14,2,48220.73729473064,1.7159254063041318,"47,24,48,127,74,54,20,5,115,9,126,38,27,21,131,8,58,62,68,99,15,69,55,11,130,107,45,89,76,19,137,83,105,33,71,114,36,113,18,93,80,147,129,124,92,140,35,37,34,14,67,50,146,56,23,28,112,123,3,110,78,143,111,138,128,86,135,63,108,119,85,87,59,44,40,90,125,22,73,94,141,122,144,77,88,96,84,133,98,29,60,2,6,72,26,30,70,39,12,10,51,52,148,142,134,79,42,145,66,65,95,139,103,132,17,13,4,109,16,32,75,91,117,118,120,49,104,102,81,121,82,41,106,7,116,136,101,53,57,31,46,61,25,64,97,100,43",5000,100
14,3,48813.64890593075,1.4914422550001727,"24,48,127,74,54,20,5,115,9,126,38,27,21,131,8,58,62,68,99,15,69,55,11,130,107,45,89,76,19,137,83,105,33,71,114,36,113,18,93,80,147,129,124,92,140,35,37,34,14,67,50,146,56,23,28,112,123,3,110,78,143,111,138,128,86,135,63,108,119,85,87,59,44,40,90,125,22,73,94,141,122,144,77,88,96,84,133,98,29,60,2,6,72,26,30,70,39,12,10,51,52,148,142,134,79,42,145,66,65,95,139,103,132,17,13,4,109,16,32,75,91,117,118,120,121,82,81,102,104,49,7,116,136,101,53,41,106,97,100,43,47,25,64,61,46,31,57",5000,100
14,4,48220.73729473064,1.7159254063041318,"47,24,48,127,74,54,20,5,115,9,126,38,27,21,131,8,58,62,68,99,15,69,55,11,130,107,45,89,76,19,137,83,105,33,71,114,36,113,18,93,80,147,129,124,92,140,35,37,34,14,67,50,146,56,23,28,112,123,3,110,78,143,111,138,128,86,135,63,108,119,85,87,59,44,40,90,125,22,73,94,141,122,144,77,88,96,84,133,98,29,60,2,6,72,26,30,70,39,12,10,51,52,148,142,134,79,42,145,66,65,95,139,103,132,17,13,4,109,16,32,75,91,117,118,120,49,104,102,81,121,82,41,106,7,116,136,101,53,57,31,46,61,25,64,97,100,43",5000,100
14,5,48220.73729473064,1.7159254063041318,"47,24,48,127,74,54,20,5,115,9,126,38,27,21,131,8,58,62,68,99,15,69,55,11,130,107,45,89,76,19,137,83,105,33,71,114,36,113,18,93,80,147,129,124,92,140,35,37,34,14,67,50,146,56,23,28,112,123,3,110,78,143,111,138,128,86,135,63,108,119,85,87,59,44,40,90,125,22,73,94,141,122,144,77,88,96,84,133,98,29,60,2,6,72,26,30,70,39,12,10,51,52,148,142,134,79,42,145,66,65,95,139,103,132,17,13,4,109,16,32,75,91,117,118,120,49,104,102,81,121,82,41,106,7,116,136,101,53,57,31,46,61,25,64,97,100,43",5000,100
14,6,48220.73729473064,1.7159254063041318,"47,24,48,127,74,54,20,5,115,9,126,38,27,21,131,8,58,62,68,99,15,69,55,11,130,107,45,89,76,19,137,83,105,33,71,114,36,113,18,93,80,147,129,124,92,140,35,37,34,14,67,50,146,56,23,28,112,123,3,110,78,143,111,138,128,86,135,63,108,119,85,87,59,44,40,90,125,22,73,94,141,122,144,77,88,96,84,133,98,29,60,2,6,72,26,30,70,39,12,10,51,52,148,142,134,79,42,145,66,65,95,139,103,132,17,13,4,109,16,32,75,91,117,118,120,49,104,102,81,121,82,41,106,7,116,136,101,53,57,31,46,61,25,64,97,100,43",5000,100
14,7,48220.73729473064,1.7159254063041318,"47,24,48,127,74,54,20,5,115,9,126,38,27,21,131,8,58,62,68,99,15,69,55,11,130,107,45,89,76,19,137,83,105,33,71,114,36,113,18,93,80,147,129,124,92,140,35,37,34,14,67,50,146,56,23,28,112,123,3,110,78,143,111,138,128,86,135,63,108,119,85,87,59,44,40,90,125,22,73,94,141,122,144,77,88,96,84,133,98,29,60,2,6,72,26,30,70,39,12,10,51,52,148,142,134,79,42,145,66,65,95,139,103,132,17,13,4,109,16,32,75,91,117,118,120,49,104,102,81,121,82,41,106,7,116,136,101,53,57,31,46,61,25,64,97,100,43",5000,100
14,8,48220.73729473064,1.7159254063041318,"47,24,48,127,74,54,20,5,115,9,126,38,27,21,131,8,58,62,68,99,15,69,55,11,130,107,45,89,76,19,137,83,105,33,71,114,36,113,18,93,80,147,129,124,92,140,35,37,34,14,67,50,146,56,23,28,112,123,3,110,78,143,111,138,128,86,135,63,108,119,85,87,59,44,40,90,125,22,73,94,141,122,144,77,88,96,84,133,98,29,60,2,6,72,26,30,70,39,12,10,51,52,148,142,134,79,42,145,66,65,95,139,103,132,17,13,4,109,16,32,75,91,117,118,120,49,104,102,81,121,82,41,106,7,116,136,101,53,57,31,46,61,25,64,97,100,43",5000,100
15,0,50909.173106592185,1.5015050760060116,"13,4,136,116,7,106,41,53,101,49,102,104,81,121,82,120,21,27,38,126,9,115,5,20,54,74,127,40,47,24,48,100,43,76,89,19,137,83,128,78,143,110,135,86,111,138,108,63,119,85,123,3,18,113,93,129,124,147,80,92,140,35,34,37,67,14,146,50,56,23,28,112,87,22,125,44,59,73,94,141,122,144,77,96,88,84,133,57,31,46,61,139,95,65,132,103,16,32,109,91,117,75,118,17,131,58,8,62,99,68,15,69,55,11,130,107,45,97,71,114,36,33,105,29,98,60,2,6,72,26,30,70,51,10,12,39,64,25,142,52,148,134,42,79,145,66,90",5000,100
15,1,48967.06451280988,1.5311433636338565,"100,43,47,24,48,127,40,90,44,59,73,94,141,122,144,77,96,88,84,133,57,31,46,61,139,95,65,132,17,118,13,4,136,116,7,106,41,53,101,49,104,102,81,121,82,120,21,27,38,126,9,115,5,20,54,74,99,68,62,58,8,131,16,109,91,117,75,32,137,83,105,33,114,71,36,80,129,124,147,97,92,140,35,34,37,67,14,146,50,56,23,28,112,123,3,18,113,93,86,128,78,143,110,135,108,63,119,85,87,22,125,29,98,60,2,6,72,26,30,12,39,70,51,10,25,64,52,148,142,134,42,79,145,66,103,45,138,111,19,89,76,107,130,11,55,69,15",5000,100
15,2,48296.52417676831,1.8505134422640652,"100,43,47,24,48,127,40,90,44,59,73,94,141,122,144,77,96,88,84,133,57,31,46,61,139,95,65,132,17,118,13,4,136,116,7,106,41,53,101,49,104,102,81,121,82,120,21,27,38,126,9,115,5,20,54,74,99,68,62,58,8,131,15,69,55,11,130,107,19,89,76,45,138,111,86,128,78,143,110,135,108,63,119,85,123,3,18,113,93,124,129,147,97,92,140,35,34,37,67,14,146,50,56,23,28,112,87,22,125,29,98,60,2,6,72,26,30,12,39,70,51,10,25,64,52,148,142,134,42,79,145,66,16,32,109,91,117,75,103,33,114,71,36,80,83,137,105",5000,100
15,3,48511.543013713104,1.6924538398432023,"47,24,48,127,40,90,44,59,73,94,141,122,144,77,96,88,84,133,57,31,46,61,139,103,132,17,118,13,4,136,116,7,106,41,53,101,49,104,102,81,121,82,120,21,27,38,126,9,115,5,20,54,74,99,68,62,58,8,131,16,32,109,91,117,75,65,95,97,92,140,35,34,37,67,14,146,50,56,23,28,112,87,22,125,29,98,60,2,6,72,26,30,12,39,70,51,10,25,64,52,148,142,134,42,79,145,66,107,130,11,55,69,15,76,45,138,111,86,128,78,143,110,135,108,63,119,85,123,3,18,113,93,124,129,147,80,36,71,114,33,105,137,83,19,89,43,100",5000,100
15,4,48236.09139106951,1.8720042734993956,"59,73,94,141,122,144,77,96,88,84,133,57,31,46,61,139,95,65,132,17,118,13,4,136,116,7,106,41,53,101,49,104,102,81,121,82,120,21,27,38,126,9,115,5,20,54,74,127,40,90,44,112,123,3,18,113,93,124,129,147,80,36,71,114,33,105,83,137,19,89,76,45,138,111,86,128,78,143,110,135,108,63,119,85,87,22,125,29,98,60,2,6,72,26,30,12,39,70,51,10,25,64,52,148,142,134,42,79,145,66,16,32,109,91,117,75,103,68,62,58,8,131,15,69,55,11,130,107,28,23,56,50,146,67,14,34,37,35,97,92,140,100,43,47,24,48,99",5000,100
15,5,48703.14047556104,1.6322989922192563,"48,24,127,40,90,44,59,73,94,141,122,144,77,96,88,84,133,57,31,46,61,139,103,132,17,118,13,4,136,116,7,106,41,53,101,49,104,102,81,121,82,120,21,27,38,126,9,115,32,16,109,91,117,75,65,95,97,92,140,35,34,37,67,14,146,50,56,23,28,112,123,3,18,113,93,124,129,147,80,36,71,114,33,105,83,137,19,89,76,45,138,111,86,128,78,143,110,135,108,63,119,85,87,22,125,29,98,60,2,6,72,26,30,12,39,70,51,10,25,64,52,148,142,134,42,79,145,66,107,130,11,55,69,15,68,62,58,8,131,54,74,99,5,20,47,100,43",5000,100
15,6,48520.10280582817,1.6566230711903056,"47,24,48,127,40,90,44,59,73,94,141,122,144,77,96,88,84,133,57,31,46,61,139,103,132,17,118,13,4,136,116,7,106,41,53,101,49,104,102,81,121,82,120,21,27,38,126,9,115,32,16,109,91,117,75,65,95,97,92,140,35,34,37,67,14,146,50,56,23,28,112,87,22,125,29,98,60,2,6,72,26,30,12,39,70,51,10,25,64,52,148,142,134,42,79,145,66,135,108,63,119,85,123,3,18,113,93,124,129,147,80,36,71,114,33,105,83,137,19,89,76,45,107,130,11,55,69,15,68,62,58,8,131,54,74,99,5,20,111,138,86,128,78,143,110,43,100",5000,100
16,0,48907.79979165328,1.5528619508410455,"100,43,47,24,48,74,127,40,90,44,59,22,125,94,73,84,141,122,144,77,88,96,133,57,31,46,61,95,65,139,103,132,17,118,13,4,136,101,53,41,106,7,116,102,104,81,121,82,120,49,21,131,54,20,5,115,32,16,109,75,91,117,9,126,38,27,58,8,62,68,99,15,69,55,11,130,107,45,89,76,19,137,83,105,33,114,71,36,80,93,129,124,147,97,92,140,35,34,37,67,14,113,18,110,78,143,86,128,135,108,63,119,138,111,87,85,123,3,112,28,23,56,50,146,72,6,2,60,29,98,25,64,52,51,10,12,39,70,30,26,148,142,134,42,79,145,66",5000,100
16,1,48608.31672708037,1.6743766306046426,"47,24,48,74,127,40,90,44,59,22,125,94,73,84,141,122,144,77,88,96,133,98,29,31,46,61,95,65,139,103,132,17,118,13,4,136,116,7,106,41,53,101,49,104,102,81,121,82,120,21,8,58,62,68,99,15,69,55,11,130,107,45,89,76,19,137,83,105,33,114,71,36,80,93,129,124,147,97,92,140,35,34,37,67,14,113,18,110,78,143,86,128,135,108,63,119,138,111,87,85,123,3,112,28,23,56,50,146,72,6,2,60,52,51,10,12,39,70,30,26,64,25,134,42,79,145,66,148,142,5,115,32,16,109,75,91,117,9,126,38,27,131,54,20,57,100,43",5000,100
16,2,48044.400366070215,2.1189175564232974,"137,83,105,33,114,71,36,80,93,129,124,147,97,92,140,35,34,37,67,14,50,146,72,6,2,60,29,98,25,64,30,26,70,39,12,51,10,52,148,142,134,42,79,145,66,95,65,139,103,132,17,118,75,91,117,9,126,38,27,131,54,20,5,115,32,16,109,13,4,136,101,53,41,106,7,116,102,104,81,121,82,120,49,21,8,58,62,68,99,15,69,55,11,130,107,45,89,76,19,138,111,86,128,78,143,110,18,113,87,85,135,108,63,119,100,43,47,24,48,74,127,40,90,44,59,22,125,94,73,84,141,122,144,77,88,96,133,57,31,46,61,123,3,112,28,23,56",5000,100
16,3,48533.682539375965,1.7655771269788907,"100,43,47,24,48,74,127,40,90,44,59,22,125,94,73,84,141,122,144,77,88,96,133,57,31,46,61,95,65,139,103,132,17,118,75,91,117,9,126,38,27,131,54,20,5,115,32,16,109,13,4,136,116,7,106,41,53,104,81,121,82,120,49,102,101,21,8,58,62,68,99,15,69,55,11,130,107,45,89,76,19,137,83,105,33,114,71,36,80,93,129,124,147,97,92,140,35,34,37,67,14,113,18,110,78,143,86,128,135,108,63,119,138,111,87,85,123,3,112,28,23,56,50,146,72,6,2,60,29,98,25,64,30,26,70,39,12,51,10,52,148,142,134,42,79,145,66",5000,100
16,4,48473.783200814745,1.873344456862147,"40,90,44,59,22,125,94,73,84,141,122,144,77,88,96,133,57,31,46,61,95,65,139,103,132,17,118,75,91,117,9,126,38,27,131,54,20,5,115,32,16,109,13,4,136,116,7,106,41,53,101,49,102,104,81,121,82,120,21,8,58,62,68,99,15,69,55,11,130,107,45,89,76,19,137,83,105,33,114,71,36,80,93,129,124,147,97,92,140,35,34,37,67,14,113,18,110,78,143,86,128,135,108,63,119,138,111,87,85,123,3,112,28,23,56,50,146,72,6,2,60,29,98,25,64,30,26,70,39,12,51,10,52,148,142,134,42,79,145,66,100,43,47,24,48,74,127",5000,100
16,5,48243.49761095896,1.8941623020758152,"63,119,138,111,86,128,78,143,110,3,123,85,135,108,87,112,28,23,56,50,146,72,6,2,60,29,98,25,64,30,26,70,39,12,51,10,52,148,142,134,42,79,145,66,95,65,139,103,132,17,118,75,91,117,9,126,38,27,131,54,20,5,115,32,16,109,13,4,136,116,7,106,41,53,101,49,102,104,81,121,82,120,21,8,58,62,68,99,15,69,55,11,130,107,45,89,76,19,137,83,105,33,114,71,36,80,93,129,124,147,97,92,140,35,34,37,67,14,113,18,59,22,125,94,73,84,141,122,144,77,88,96,133,57,31,46,61,90,44,40,127,74,48,24,100,43,47",5000,100
17,0,48564.09006237225,1.8416765175330339,"24,48,127,74,40,90,44,59,22,125,73,94,84,141,122,144,77,88,96,133,98,29,31,46,61,95,139,103,132,13,4,118,75,91,117,109,16,32,115,5,20,54,38,126,9,27,21,131,8,58,62,68,99,15,69,55,11,130,107,43,47,100,45,89,76,19,137,83,105,33,114,71,36,140,35,37,34,14,67,146,50,56,23,28,112,123,3,18,113,93,80,129,124,147,92,97,128,86,111,138,119,63,108,135,85,87,78,143,110,66,145,79,42,134,142,148,52,51,12,39,70,30,26,6,2,60,72,64,25,10,120,49,102,104,81,121,82,7,116,136,101,53,41,106,17,65,57",5000,100
17,1,49233.74087769981,1.6566230711903056,"100,43,47,24,48,127,74,40,90,44,59,22,125,73,94,122,141,144,77,88,96,98,29,30,26,6,2,60,28,112,123,3,18,113,71,36,140,92,129,124,80,147,97,35,37,34,14,67,146,50,56,23,107,137,83,105,33,114,143,110,78,128,86,111,138,19,76,89,45,130,55,11,69,15,99,68,62,58,8,131,27,21,53,41,106,7,116,136,101,4,13,118,75,91,117,109,126,38,9,115,5,20,54,57,133,52,51,10,12,39,70,25,64,79,42,134,142,148,145,66,65,139,103,132,17,16,32,61,46,31,84,119,63,108,135,85,87,120,49,102,104,81,121,82,95,72,93",5000,100
17,2,50103.09170013504,1.633030906268587,"100,43,47,24,48,127,74,40,90,44,59,22,125,73,94,122,141,144,77,88,96,98,29,31,46,61,95,65,139,103,132,17,118,75,91,117,109,16,32,115,9,126,38,27,21,53,41,106,7,116,136,101,4,13,81,121,82,120,49,102,104,8,58,62,68,99,15,69,55,11,130,107,137,83,105,33,114,71,36,93,80,129,124,113,18,3,123,85,135,108,119,63,128,78,143,110,86,111,138,19,89,76,45,87,112,28,56,23,50,146,34,14,67,37,35,140,92,97,147,54,131,66,145,79,42,134,142,148,52,51,10,12,39,70,30,26,25,64,84,57,133,5,20,2,60,72,6",5000,100
18,0,50754.98654498095,1.5359354260958025,"100,43,47,24,48,127,40,90,74,54,20,5,115,126,38,27,131,8,58,62,68,99,15,69,55,11,130,107,45,89,76,19,83,137,105,33,114,71,36,80,93,124,129,147,97,92,140,35,37,34,14,67,146,50,56,23,28,112,87,85,123,3,110,78,143,128,86,111,138,63,108,119,135,60,2,6,72,64,25,42,79,134,145,66,65,95,139,103,132,17,118,75,91,117,136,116,7,106,81,121,82,120,49,104,102,101,53,41,21,16,32,9,109,13,4,84,141,122,144,77,88,96,98,133,57,31,46,61,29,52,51,10,12,39,70,30,26,59,22,125,73,94,44,113,18,142,148",5000,100
18,1,47961.68336876129,1.7985854581127259,"24,48,127,74,90,40,44,59,22,125,73,94,84,141,122,144,77,88,96,98,133,57,31,46,61,103,132,17,118,13,4,136,116,7,106,41,53,101,38,9,126,16,109,75,91,117,49,120,121,82,81,102,104,21,58,8,62,68,99,15,69,55,11,130,107,45,89,76,19,137,83,105,33,114,71,36,80,93,124,129,147,97,92,140,35,37,34,14,67,146,50,56,23,28,112,87,85,123,3,110,78,143,18,113,138,111,86,128,108,63,119,135,60,2,6,72,29,52,51,10,12,39,70,30,26,64,25,42,79,134,142,148,66,145,139,95,65,131,27,115,32,5,20,54,100,43,47",5000,100
18,2,51789.92000248554,1.514507569986472,"24,48,127,40,44,59,22,125,73,94,84,141,122,144,77,88,96,98,133,57,31,46,61,139,103,132,17,118,75,91,117,136,116,7,106,41,53,101,21,27,9,115,32,16,109,126,38,18,113,93,124,129,147,97,92,140,35,37,34,14,67,146,50,56,23,28,112,85,123,3,110,78,143,128,86,111,138,83,137,105,33,114,71,36,80,11,130,107,45,89,76,19,43,100,47,87,108,63,119,135,60,2,6,72,26,64,25,42,79,134,142,148,66,145,4,13,10,12,39,70,30,29,52,51,74,90,5,20,54,131,58,8,62,68,99,15,69,55,121,82,120,49,104,102,81,95,65",5000,100
18,3,47774.61898344524,1.9044858920138164,"100,43,47,24,48,127,74,90,40,44,59,22,125,73,94,84,141,122,144,77,88,96,98,133,57,31,46,61,132,17,118,75,91,117,101,53,41,106,7,116,136,49,104,102,81,121,82,120,21,27,131,58,8,62,68,99,15,69,55,11,130,107,45,89,76,19,137,83,105,33,114,71,36,80,93,124,129,147,97,92,140,35,37,34,14,67,146,50,56,23,28,112,87,85,123,3,110,78,143,18,113,138,111,86,128,108,63,119,135,60,2,6,72,29,52,51,10,12,39,70,30,26,64,25,42,79,134,142,148,66,145,139,95,65,103,115,32,16,9,126,38,109,13,4,5,20,54",5000,100
18,4,49023.78855634256,1.662624856917653,"100,43,47,24,48,127,40,90,44,59,22,125,73,94,84,141,122,144,77,88,96,98,133,57,31,46,61,139,95,65,103,132,17,118,75,91,117,136,49,104,102,81,121,82,120,21,27,131,58,8,62,68,99,15,69,55,11,130,107,45,89,76,19,83,137,105,33,114,71,36,80,93,124,129,147,97,92,140,35,37,34,14,67,146,50,56,23,28,112,87,85,123,3,110,78,143,18,113,138,111,86,128,108,63,119,135,60,2,6,72,29,52,51,10,12,39,70,30,26,64,25,42,79,134,142,148,66,145,4,13,109,126,38,9,115,5,20,54,74,32,16,101,53,41,106,7,116",5000,100
18,5,48473.18239226778,1.7091472025365413,"100,43,47,24,48,127,40,44,59,22,125,73,94,84,141,122,144,77,88,96,98,133,57,31,46,61,139,95,65,103,132,17,118,75,91,117,101,53,41,106,7,116,136,49,104,102,81,121,82,120,21,27,131,58,8,62,68,99,15,69,55,11,130,107,45,89,76,19,137,83,105,33,114,71,36,80,93,124,129,147,97,92,140,35,37,34,14,67,146,50,56,23,28,112,87,85,123,3,110,78,143,18,113,138,111,86,128,108,63,119,135,60,2,6,72,29,52,51,10,12,39,70,30,26,64,25,42,79,134,142,148,66,145,4,13,109,126,38,9,115,5,20,54,74,90,16,32",5000,100
19,0,48423.06181438995,1.8522926554697323,"100,43,47,24,48,127,74,40,90,44,59,22,125,73,94,84,141,122,57,133,98,29,52,51,10,12,39,70,30,26,64,25,79,42,134,142,148,66,145,132,32,16,109,126,38,9,115,5,20,54,27,131,21,53,101,49,104,102,81,121,82,120,4,13,118,17,75,91,117,136,116,7,106,41,56,23,28,112,123,85,87,108,63,119,86,128,78,143,110,18,113,93,80,124,129,147,97,92,140,35,34,37,67,14,146,50,3,137,83,105,33,114,71,36,135,138,111,89,76,45,107,130,11,55,69,15,99,68,62,58,8,95,65,139,103,61,46,31,60,2,6,72,96,77,144,88,19",5000,100
19,1,48259.751533150906,2.1189175564232974,"47,24,48,127,74,40,90,44,59,22,125,73,94,84,88,77,144,141,122,57,133,98,29,96,76,19,89,45,107,130,11,55,69,15,99,68,62,58,8,21,53,101,49,104,102,81,121,82,120,4,13,118,17,132,103,139,95,65,32,16,109,75,91,117,136,116,7,106,41,131,9,126,38,27,115,5,20,54,71,36,114,33,105,83,137,138,111,86,128,78,143,110,135,85,87,112,123,3,18,113,93,80,124,129,147,97,92,140,35,34,37,67,14,146,50,56,23,28,60,72,2,6,26,30,70,39,12,51,10,25,64,42,79,134,142,148,66,145,46,31,61,100,43,108,63,119,52",5000,100
19,2,49121.455333810176,1.4643770006388384,"128,78,143,110,135,108,63,119,138,111,86,85,87,28,112,123,3,18,113,93,80,124,129,147,97,92,140,35,34,37,67,14,146,50,56,23,83,137,105,33,114,71,36,47,24,48,127,74,40,90,44,59,22,125,73,94,84,88,77,144,141,122,57,133,98,29,96,60,2,6,72,26,30,70,39,12,51,10,25,64,42,79,134,142,148,66,145,132,103,139,95,65,61,46,31,5,20,54,115,32,16,109,75,91,117,136,116,7,106,41,53,101,49,104,102,81,121,82,120,4,13,118,17,43,100,19,89,76,45,107,130,11,55,69,15,99,68,62,58,8,21,27,131,9,126,38,52",5000,100
19,3,48758.95418572938,1.6976361428951656,"24,48,127,74,40,90,44,59,22,125,73,94,84,88,77,144,141,122,57,133,98,29,96,60,2,6,72,50,146,56,23,28,112,123,3,18,113,93,80,124,129,147,97,92,140,35,34,37,67,14,78,143,110,135,108,63,119,138,111,86,128,105,83,137,19,89,76,45,107,130,11,55,69,15,99,68,62,58,8,21,27,131,9,126,38,32,16,109,75,91,117,136,116,7,106,41,53,101,49,104,102,81,121,82,120,4,13,118,17,132,103,139,95,65,61,46,31,5,20,54,115,52,51,10,12,39,70,30,26,64,25,79,42,134,142,148,66,145,71,36,114,33,87,85,47,100,43",5000,100
19,4,48879.74784237435,1.6507894258705245,"107,130,11,55,69,15,99,68,62,58,8,21,27,131,9,126,38,32,16,109,75,91,117,136,116,7,106,41,53,101,49,104,102,81,121,82,120,4,13,118,17,132,103,139,95,65,66,145,79,42,134,142,148,52,51,10,12,39,70,30,26,64,25,61,46,31,5,20,54,115,135,85,87,108,63,119,138,111,86,128,78,143,110,19,89,76,45,100,43,47,24,48,127,74,40,90,44,59,22,125,73,94,84,88,77,144,141,122,57,133,98,29,96,60,2,6,72,50,56,23,28,112,123,3,18,113,93,80,124,129,147,97,92,140,35,34,37,67,14,146,33,105,83,137,36,71,114",5000,100
19,5,48937.14826915063,1.6388685250170087,"100,43,47,24,48,127,74,40,90,44,59,22,125,73,94,84,88,77,144,141,122,57,133,98,29,96,60,2,6,72,50,146,33,114,71,36,113,93,80,124,129,147,97,92,140,35,34,37,67,14,78,143,110,135,108,63,119,138,111,86,128,105,83,137,19,89,76,45,107,130,11,55,69,15,99,68,62,58,8,21,27,131,9,126,38,32,16,109,75,91,117,136,116,7,106,41,53,101,49,104,102,81,121,82,120,4,13,118,17,132,103,139,95,65,61,46,31,5,20,54,115,52,51,10,12,39,70,30,26,64,25,79,42,134,142,148,66,145,87,28,112,123,3,18,85,23,56",5000,100
19,6,48758.95418572938,1.6976361428951656,"24,48,127,74,40,90,44,59,22,125,73,94,84,88,77,144,141,122,57,133,98,29,96,60,2,6,72,50,146,56,23,28,112,123,3,18,113,93,80,124,129,147,97,92,140,35,34,37,67,14,78,143,110,135,108,63,119,138,111,86,128,105,83,137,19,89,76,45,107,130,11,55,69,15,99,68,62,58,8,21,27,131,9,126,38,32,16,109,75,91,117,136,116,7,106,41,53,101,49,104,102,81,121,82,120,4,13,118,17,132,103,139,95,65,61,46,31,5,20,54,115,52,51,10,12,39,70,30,26,64,25,79,42,134,142,148,66,145,71,36,114,33,87,85,47,100,43",5000,100
19,7,48659.24028522464,1.7655771269788907,"100,43,47,24,48,127,74,40,90,44,59,22,125,73,94,84,141,122,57,133,98,29,96,77,144,88,60,2,6,72,50,56,23,28,112,123,3,18,113,93,80,124,129,147,97,92,140,35,34,37,67,14,146,33,114,71,36,105,83,137,19,89,76,45,107,130,11,55,69,15,99,68,62,58,8,21,27,131,9,126,38,32,16,109,75,91,117,136,116,7,106,41,53,101,49,104,102,81,121,82,120,4,13,118,17,132,103,139,95,65,61,46,31,5,20,54,115,52,51,10,12,39,70,30,26,64,25,79,42,134,142,148,66,145,108,63,119,138,111,86,128,78,143,110,135,85,87",5000,100
19,8,48659.24028522464,1.7655771269788907,"100,43,47,24,48,127,74,40,90,44,59,22,125,73,94,84,141,122,57,133,98,29,96,77,144,88,60,2,6,72,50,56,23,28,112,123,3,18,113,93,80,124,129,147,97,92,140,35,34,37,67,14,146,33,114,71,36,105,83,137,19,89,76,45,107,130,11,55,69,15,99,68,62,58,8,21,27,131,9,126,38,32,16,109,75,91,117,136,116,7,106,41,53,101,49,104,102,81,121,82,120,4,13,118,17,132,103,139,95,65,61,46,31,5,20,54,115,52,51,10,12,39,70,30,26,64,25,79,42,134,142,148,66,145,87,85,135,108,63,119,138,111,86,128,78,143,110",5000,100
19,9,48659.24028522464,1.7655771269788907,"100,43,47,24,48,127,74,40,90,44,59,22,125,73,94,84,141,122,57,133,98,29,96,77,144,88,60,2,6,72,50,56,23,28,112,123,3,18,113,93,80,124,129,147,97,92,140,35,34,37,67,14,146,33,114,71,36,105,83,137,19,89,76,45,107,130,11,55,69,15,99,68,62,58,8,21,27,131,9,126,38,32,16,109,75,91,117,136,116,7,106,41,53,101,49,104,102,81,121,82,120,4,13,118,17,132,103,139,95,65,61,46,31,5,20,54,115,52,51,10,12,39,70,30,26,64,25,79,42,134,142,148,66,145,108,63,119,138,111,86,128,78,143,110,135,85,87",5000,100
19,10,48758.95418572938,1.6976361428951656,"24,48,127,74,40,90,44,59,22,125,73,94,84,88,77,144,141,122,57,133,98,29,96,60,2,6,72,50,146,56,23,28,112,123,3,18,113,93,80,124,129,147,97,92,140,35,34,37,67,14,78,143,110,135,108,63,119,138,111,86,128,105,83,137,19,89,76,45,107,130,11,55,69,15,99,68,62,58,8,21,27,131,9,126,38,32,16,109,75,91,117,136,116,7,106,41,53,101,49,104,102,81,121,82,120,4,13,118,17,132,103,139,95,65,61,46,31,5,20,54,115,52,51,10,12,39,70,30,26,64,25,79,42,134,142,148,66,145,71,36,114,33,87,85,47,100,43",5000,100
19,11,48659.24028522464,1.7655771269788907,"100,43,47,24,48,127,74,40,90,44,59,22,125,73,94,84,141,122,57,133,98,29,96,77,144,88,60,2,6,72,50,56,23,28,112,123,3,18,113,93,80,124,129,147,97,92,140,35,34,37,67,14,146,33,114,71,36,105,83,137,19,89,76,45,107,130,11,55,69,15,99,68,62,58,8,21,27,131,9,126,38,32,16,109,75,91,117,136,116,7,106,41,53,101,49,104,102,81,121,82,120,4,13,118,17,132,103,139,95,65,61,46,31,5,20,54,115,52,51,10,12,39,70,30,26,64,25,79,42,134,142,148,66,145,87,85,135,108,63,119,138,111,86,128,78,143,110",5000,100
19,12,48624.35512957392,1.7876504031437617,"74,40,90,44,59,22,125,73,94,84,88,77,144,141,122,57,133,98,29,96,60,2,6,72,50,56,23,28,112,123,3,18,113,93,80,124,129,147,97,92,140,35,34,37,67,14,146,33,114,71,36,105,83,137,19,89,76,45,107,130,11,55,69,15,99,68,62,58,8,21,27,131,9,126,38,32,16,109,75,91,117,136,116,7,106,41,53,101,49,104,102,81,121,82,120,4,13,118,17,132,103,139,95,65,61,46,31,5,20,54,115,52,51,10,12,39,70,30,26,64,25,79,42,134,142,148,66,145,108,63,119,138,111,86,128,78,143,110,135,85,87,100,43,47,24,48,127",5000,100
19,13,48659.24028522464,1.7655771269788907,"100,43,47,24,48,127,74,40,90,44,59,22,125,73,94,84,141,122,57,133,98,29,96,77,144,88,60,2,6,72,50,56,23,28,112,123,3,18,113,93,80,124,129,147,97,92,140,35,34,37,67,14,146,33,114,71,36,105,83,137,19,89,76,45,107,130,11,55,69,15,99,68,62,58,8,21,27,131,9,126,38,32,16,109,75,91,117,136,116,7,106,41,53,101,49,104,102,81,121,82,120,4,13,118,17,132,103,139,95,65,61,46,31,5,20,54,115,52,51,10,12,39,70,30,26,64,25,79,42,134,142,148,66,145,87,85,135,108,63,119,138,111,86,128,78,143,110",5000,100
19,14,48624.35512957392,1.7876504031437617,"74,40,90,44,59,22,125,73,94,84,88,77,144,141,122,57,133,98,29,96,60,2,6,72,50,56,23,28,112,123,3,18,113,93,80,124,129,147,97,92,140,35,34,37,67,14,146,33,114,71,36,105,83,137,19,89,76,45,107,130,11,55,69,15,99,68,62,58,8,21,27,131,9,126,38,32,16,109,75,91,117,136,116,7,106,41,53,101,49,104,102,81,121,82,120,4,13,118,17,132,103,139,95,65,61,46,31,5,20,54,115,52,51,10,12,39,70,30,26,64,25,79,42,134,142,148,66,145,87,85,135,108,63,119,138,111,86,128,78,143,110,100,43,47,24,48,127",5000,100
19,15,48495.20801194755,1.8094544305975415,"47,24,48,127,74,40,90,44,59,22,125,73,94,84,88,77,144,141,122,57,133,98,29,96,60,2,6,72,50,56,23,28,112,123,3,18,113,93,80,124,129,147,97,92,140,35,34,37,67,14,146,33,114,71,36,105,83,137,19,89,76,45,107,130,11,55,69,15,99,68,62,58,8,21,27,131,9,126,38,32,16,109,75,91,117,136,116,7,106,41,53,101,49,104,102,81,121,82,120,4,13,118,17,132,103,139,95,65,61,46,31,5,20,54,115,52,51,10,12,39,70,30,26,64,25,79,42,134,142,148,66,145,108,63,119,138,111,86,128,78,143,110,135,85,87,100,43",5000,100
19,16,48727.66737096193,1.7205812524298278,"100,43,47,24,48,127,74,40,90,44,59,22,125,73,94,84,88,77,144,141,122,57,133,98,29,96,60,2,6,72,50,56,23,28,112,123,3,18,113,93,80,124,129,147,97,92,140,35,34,37,67,14,146,33,114,71,36,135,108,63,119,138,111,86,128,78,143,110,19,89,76,45,107,130,11,55,69,15,99,68,62,58,8,21,27,131,9,126,38,32,16,109,75,91,117,136,116,7,106,41,53,101,49,104,102,81,121,82,120,4,13,118,17,132,103,139,95,65,61,46,31,5,20,54,115,52,51,10,12,39,70,30,26,64,25,79,42,134,142,148,66,145,87,85,137,83,105",5000,100
19,17,48758.95418572938,1.6976361428951656,"24,48,127,74,40,90,44,59,22,125,73,94,84,88,77,144,141,122,57,133,98,29,96,60,2,6,72,50,146,56,23,28,112,123,3,18,113,93,80,124,129,147,97,92,140,35,34,37,67,14,78,143,110,135,108,63,119,138,111,86,128,105,83,137,19,89,76,45,107,130,11,55,69,15,99,68,62,58,8,21,27,131,9,126,38,32,16,109,75,91,117,136,116,7,106,41,53,101,49,104,102,81,121,82,120,4,13,118,17,132,103,139,95,65,61,46,31,5,20,54,115,52,51,10,12,39,70,30,26,64,25,79,42,134,142,148,66,145,87,85,47,100,43,33,114,71,36",5000,100
19,18,48758.95418572938,1.6976361428951656,"24,48,127,74,40,90,44,59,22,125,73,94,84,88,77,144,141,122,57,133,98,29,96,60,2,6,72,50,146,56,23,28,112,123,3,18,113,93,80,124,129,147,97,92,140,35,34,37,67,14,78,143,110,135,108,63,119,138,111,86,128,105,83,137,19,89,76,45,107,130,11,55,69,15,99,68,62,58,8,21,27,131,9,126,38,32,16,109,75,91,117,136,116,7,106,41,53,101,49,104,102,81,121,82,120,4,13,118,17,132,103,139,95,65,61,46,31,5,20,54,115,52,51,10,12,39,70,30,26,64,25,79,42,134,142,148,66,145,87,85,47,100,43,33,114,71,36",5000,100
19,19,48758.95418572938,1.6976361428951656,"24,48,127,74,40,90,44,59,22,125,73,94,84,88,77,144,141,122,57,133,98,29,96,60,2,6,72,50,146,56,23,28,112,123,3,18,113,93,80,124,129,147,97,92,140,35,34,37,67,14,78,143,110,135,108,63,119,138,111,86,128,105,83,137,19,89,76,45,107,130,11,55,69,15,99,68,62,58,8,21,27,131,9,126,38,32,16,109,75,91,117,136,116,7,106,41,53,101,49,104,102,81,121,82,120,4,13,118,17,132,103,139,95,65,61,46,31,5,20,54,115,52,51,10,12,39,70,30,26,64,25,79,42,134,142,148,66,145,87,85,47,100,43,33,114,71,36",5000,100
19,20,49061.21048620914,1.5779136893122125,"24,48,127,74,40,90,44,59,22,125,73,94,84,88,77,144,141,122,57,133,98,29,96,60,2,6,72,50,56,23,28,112,123,3,18,113,93,80,124,129,147,97,92,140,35,34,37,67,14,78,143,110,135,108,63,119,138,111,86,128,105,83,137,19,89,76,45,107,130,11,55,69,15,99,68,62,58,8,21,27,131,9,126,38,32,16,109,75,91,117,136,116,7,106,41,53,101,49,104,102,81,121,82,120,4,13,118,17,132,103,139,95,65,61,46,31,5,20,54,115,52,51,10,12,39,70,30,26,64,25,79,42,134,142,148,66,145,87,85,47,100,43,33,114,71,36,146",5000,100
19,21,48758.95418572938,1.6976361428951656,"24,48,127,74,40,90,44,59,22,125,73,94,84,88,77,144,141,122,57,133,98,29,96,60,2,6,72,50,146,56,23,28,112,123,3,18,113,93,80,124,129,147,97,92,140,35,34,37,67,14,78,143,110,135,108,63,119,138,111,86,128,105,83,137,19,89,76,45,107,130,11,55,69,15,99,68,62,58,8,21,27,131,9,126,38,32,16,109,75,91,117,136,116,7,106,41,53,101,49,104,102,81,121,82,120,4,13,118,17,132,103,139,95,65,61,46,31,5,20,54,115,52,51,10,12,39,70,30,26,64,25,79,42,134,142,148,66,145,71,36,114,33,87,85,47,100,43",5000,100
20,0,48977.65952179002,1.5570484899321537,"100,43,47,24,48,127,74,40,90,44,59,22,125,94,73,112,87,119,63,108,135,86,128,78,143,105,33,19,89,76,45,107,130,55,11,15,99,68,62,58,8,131,21,27,38,126,9,109,16,32,115,5,20,54,80,147,129,124,93,92,140,35,37,34,14,67,146,50,56,23,28,85,123,3,18,113,97,114,71,36,137,83,111,138,110,141,122,77,144,84,88,96,133,98,29,61,95,65,139,103,132,17,13,4,136,116,7,106,104,102,81,121,82,120,49,75,91,117,118,134,142,148,52,51,10,12,39,70,30,64,25,26,6,72,60,2,31,46,57,79,42,145,66,101,53,41,69",5000,100
20,1,48600.96607898043,1.7390802166662698,"135,123,3,18,113,93,80,147,129,124,92,140,35,34,37,67,14,146,50,56,23,28,112,87,85,111,138,110,78,143,128,86,119,63,108,45,89,76,19,137,83,105,33,114,71,36,97,29,133,57,31,46,61,95,65,139,103,132,17,13,4,136,116,7,106,41,53,101,117,91,75,109,16,32,115,5,20,54,131,27,38,126,9,21,58,8,62,68,99,15,69,55,11,107,130,24,48,127,40,90,44,59,22,125,73,94,122,141,144,77,88,96,98,47,100,43,2,60,72,6,26,66,42,79,134,142,148,52,51,10,12,39,70,30,64,25,120,81,121,82,102,104,49,74,118,145,84",5000,100
20,2,48509.980470458584,1.9044858920138164,"47,24,48,127,74,40,90,44,59,22,125,73,94,122,141,144,77,88,96,98,29,133,57,31,46,61,95,65,139,103,132,17,13,4,118,75,91,117,109,16,32,115,5,20,54,131,27,21,53,101,7,116,136,49,104,102,81,121,82,120,106,41,112,87,85,123,3,18,113,97,78,143,110,63,108,135,86,128,111,138,119,84,28,107,130,45,89,76,19,137,83,105,33,114,71,36,93,80,147,129,124,92,140,35,34,37,67,14,146,50,56,23,60,72,6,2,26,30,70,39,12,51,10,25,64,134,42,79,145,66,148,142,52,100,43,69,55,11,15,62,68,99,58,8,38,126,9",5000,100
20,3,50497.24593982227,1.540183285227881,"100,43,47,24,48,127,74,40,90,44,59,22,125,73,94,122,141,144,77,88,96,98,29,133,57,31,46,61,95,65,139,103,132,17,13,4,118,75,91,117,101,7,116,136,49,104,102,81,121,82,120,106,41,53,21,27,38,126,9,115,32,16,109,84,142,148,52,51,10,12,39,70,30,26,6,2,60,72,25,64,134,42,79,145,66,80,147,129,124,92,140,35,34,37,67,14,146,50,56,23,28,112,87,85,123,3,18,113,97,78,143,110,63,108,135,86,128,111,138,119,76,19,137,83,105,33,114,71,36,93,5,20,54,131,58,8,62,68,99,15,69,55,11,107,130,45,89",5000,100
20,4,48254.641645625234,1.9552864097753586,"24,48,127,74,40,90,44,59,22,125,73,94,122,141,144,133,57,31,46,61,95,65,139,103,132,17,13,4,118,75,91,117,101,7,116,136,49,104,102,81,121,82,120,106,41,53,21,27,38,126,9,115,5,20,54,131,58,8,62,68,99,15,69,55,11,107,130,45,89,76,19,137,83,105,33,114,71,36,93,80,147,129,124,92,140,35,34,37,67,14,146,50,56,23,28,112,87,85,123,3,18,113,97,111,138,119,63,108,135,86,128,78,143,110,60,72,6,2,26,30,70,39,12,51,10,25,64,134,42,79,145,66,148,142,52,98,29,96,77,88,84,16,32,109,100,43,47",5000,100
21,0,49775.66616788364,1.6860464962122088,"100,43,47,24,48,127,74,40,90,44,59,22,125,73,94,122,141,84,88,96,77,57,133,98,29,31,46,61,95,65,103,139,16,32,115,9,38,27,131,58,8,42,79,134,142,148,52,51,10,12,39,70,30,25,64,26,6,2,60,72,146,50,56,23,28,112,123,3,18,113,93,80,147,129,124,92,140,35,34,37,67,14,97,71,114,33,105,83,137,19,76,89,45,69,55,11,130,107,108,63,119,111,138,85,135,86,128,78,143,110,87,20,54,5,53,41,106,104,102,81,121,82,120,49,136,116,7,101,118,75,91,117,109,21,126,132,17,13,4,66,145,62,68,15,99,36,144",5000,100
21,1,48429.23305082363,1.9044858920138164,"100,43,47,24,48,127,74,40,90,44,59,22,125,73,94,122,141,144,77,88,96,84,57,31,46,61,65,95,139,103,132,17,118,75,91,117,136,116,7,101,53,41,106,104,102,81,121,82,120,49,21,27,38,126,9,115,32,16,109,4,13,79,42,134,145,66,148,142,25,64,26,6,2,60,72,146,50,56,23,28,112,123,3,18,113,93,124,129,147,97,92,140,35,34,37,67,14,71,36,80,143,110,78,128,86,135,85,87,76,19,137,83,105,33,114,133,98,29,51,10,12,39,70,30,52,20,54,58,8,62,68,99,15,69,55,11,130,107,45,89,63,108,119,111,138,131,5",5000,100
21,2,48823.90150556264,1.7432243741876758,"100,43,47,24,48,127,74,40,90,44,59,22,125,73,94,122,141,144,77,88,96,84,57,31,46,61,65,95,139,103,132,17,118,75,91,117,136,116,7,101,53,41,106,104,102,81,121,82,120,49,21,131,27,38,126,9,115,32,16,109,4,13,79,42,134,142,148,52,51,10,12,39,70,30,25,64,26,6,2,60,72,146,50,56,23,28,112,123,3,18,113,93,124,129,147,97,92,140,35,34,37,67,14,71,36,80,143,86,128,78,83,105,33,114,133,98,29,145,66,5,20,54,58,8,62,68,99,15,69,55,11,130,107,45,89,76,19,137,138,111,63,108,135,85,87,119,110",5000,100
22,0,53152.68543222945,1.6388685250170087,"3,123,110,78,143,105,100,43,22,59,73,94,128,86,135,108,63,138,111,24,48,47,20,5,54,71,129,124,147,97,92,140,80,93,113,18,114,33,137,83,76,89,19,45,130,107,68,62,99,15,72,6,2,60,141,122,84,88,96,98,29,77,144,133,46,31,57,42,79,134,148,142,25,64,51,10,12,70,39,30,26,52,66,145,16,9,38,126,139,103,17,118,13,4,117,91,75,95,65,32,115,109,132,101,7,116,136,49,102,81,104,121,82,120,106,41,53,27,21,23,56,127,74,90,40,44,87,112,28,36,67,37,34,14,146,50,85,119,11,55,69,8,131,58,125,61,35",5000,100
22,1,48804.965736321836,1.9142622599842478,"43,100,47,48,24,127,74,90,40,44,59,73,94,84,88,96,77,144,141,122,57,133,98,29,60,2,6,72,26,30,12,39,70,51,10,52,66,145,79,42,134,142,148,25,64,131,58,8,21,53,101,7,116,136,117,75,118,13,4,91,16,109,126,9,38,27,62,68,99,15,69,55,11,130,107,89,76,45,63,108,119,111,138,86,128,78,143,110,135,85,87,112,123,3,18,113,93,129,124,147,97,92,140,35,34,37,67,14,146,50,23,56,28,106,41,121,82,120,49,104,102,81,17,132,95,65,139,103,20,5,115,32,54,61,46,31,22,125,83,137,19,80,36,114,71,33,105",5000,100
22,2,50285.45013902045,1.6507894258705245,"100,43,24,48,47,127,74,54,20,5,115,32,16,109,126,9,38,27,131,58,8,21,41,53,101,49,104,102,81,121,82,120,4,13,118,17,132,139,103,95,65,61,46,31,57,133,98,29,60,2,6,72,26,30,70,39,12,51,10,25,64,148,142,134,42,79,145,66,52,88,96,77,144,141,122,84,94,73,125,22,59,44,40,90,112,123,3,18,113,93,129,124,147,97,92,140,35,34,37,67,14,146,50,23,56,28,87,85,135,63,108,119,111,138,86,128,78,143,110,19,137,83,105,33,114,71,36,80,11,130,107,45,89,76,55,69,15,68,99,62,91,117,136,116,7,106,75",5000,100
22,3,50098.96675334634,1.73193981780185,"100,43,24,48,47,127,74,54,20,5,115,32,16,109,75,91,117,136,116,7,106,41,53,101,49,104,102,81,121,82,120,4,13,118,17,132,139,103,95,65,61,46,31,57,133,98,29,60,2,6,72,26,30,70,39,12,51,10,25,64,148,142,134,42,79,145,66,52,88,96,77,144,141,122,84,94,73,125,22,59,44,40,90,112,123,3,18,113,93,129,124,147,97,92,140,35,34,37,67,14,146,50,23,56,28,87,85,135,108,119,111,138,86,128,78,143,110,19,89,76,45,130,107,55,11,69,15,68,99,62,58,8,21,131,27,38,126,9,80,36,71,114,33,105,83,137,63",5000,100
22,4,49056.01508041801,1.7432243741876758,"24,48,47,127,74,54,20,5,115,32,16,109,75,91,117,136,116,7,106,41,53,101,38,126,9,27,131,58,8,21,82,121,81,102,104,49,120,4,13,118,17,132,139,103,95,65,61,46,31,57,133,98,29,60,2,6,72,26,30,70,39,12,51,10,25,64,148,142,134,42,79,145,66,52,88,96,77,144,141,122,84,94,73,125,22,59,44,40,90,112,123,3,18,113,93,129,124,147,97,92,140,35,34,37,67,14,146,50,23,56,28,87,85,135,108,63,119,111,138,86,128,78,143,110,19,89,76,45,130,107,55,11,69,15,68,99,62,33,114,71,36,80,137,83,105,100,43",5000,100
23,0,49261.290153833215,1.9249669829450795,"102,104,49,120,81,121,82,21,27,38,126,9,115,5,20,54,131,125,22,73,94,84,88,144,77,96,133,98,29,52,51,10,12,39,70,30,26,6,2,60,72,146,50,23,56,28,112,3,123,85,135,63,108,119,138,111,128,86,110,143,78,83,137,19,89,76,45,107,130,55,11,69,15,99,68,62,58,8,7,116,136,101,53,41,106,91,117,109,75,17,118,13,4,66,145,79,42,134,142,148,25,64,61,46,31,57,122,141,44,59,65,95,139,103,132,32,16,47,24,48,127,74,40,90,33,105,97,92,140,35,34,37,67,14,36,71,114,80,129,124,147,18,113,93,87,100,43",5000,100
23,1,49425.95252872327,1.7205812524298278,"100,43,47,24,48,127,74,40,90,20,54,131,27,38,126,9,115,32,16,109,17,118,13,4,136,116,7,106,41,53,101,49,104,102,81,121,82,120,21,8,58,62,68,99,15,69,55,11,130,107,137,83,105,33,19,89,76,45,140,92,147,97,93,80,129,124,123,85,135,63,108,119,138,111,86,128,78,143,110,3,18,113,71,114,36,112,28,23,56,50,146,67,14,37,34,35,72,6,2,60,29,98,133,144,77,88,84,122,141,31,57,91,117,75,103,132,139,95,65,66,145,79,42,134,142,148,52,51,10,12,39,70,30,26,25,64,61,46,5,59,73,94,125,22,44,87,96",5000,100
23,2,49305.30025731347,1.8202585043568902,"48,127,74,40,90,44,59,22,73,94,122,141,144,77,88,96,57,133,98,29,52,51,10,12,39,70,30,26,6,2,60,72,146,50,23,56,28,112,3,123,85,135,63,108,119,138,111,86,128,78,143,110,18,113,93,80,129,124,147,97,92,140,35,34,37,67,14,36,71,114,33,105,83,137,19,89,76,45,107,130,55,69,15,68,62,99,58,8,131,27,38,126,9,115,5,20,54,46,31,84,87,125,100,43,47,24,101,49,104,102,81,121,82,120,21,53,41,106,7,116,136,75,91,117,109,16,32,95,65,132,17,118,13,4,66,145,79,42,134,142,148,25,64,61,139,103,11",5000,100
23,3,49498.34622250283,1.4720020179430469,"100,43,47,24,48,127,74,40,90,44,59,73,94,84,144,77,88,96,57,133,98,29,52,51,10,12,39,70,30,26,6,2,60,72,146,50,23,56,28,112,3,123,85,135,63,108,119,138,111,86,128,78,143,110,18,113,93,80,129,124,147,97,92,140,35,34,37,67,14,36,71,114,33,105,83,137,19,89,76,45,107,130,55,11,69,15,68,99,58,8,131,27,38,126,9,115,32,16,109,75,91,117,118,13,4,136,116,7,106,41,53,101,49,104,102,81,121,82,120,21,95,65,132,17,42,134,142,148,25,64,87,125,22,122,141,31,61,46,5,20,54,62,139,103,66,145,79",5000,100
23,4,49490.70268325317,1.6093063300395378,"100,43,47,24,48,127,74,40,90,44,59,73,94,84,144,77,88,96,57,133,98,29,52,51,10,12,39,70,30,26,6,2,60,72,146,50,23,56,28,112,3,123,85,135,63,108,119,138,111,86,128,78,143,110,18,113,93,80,129,124,147,97,92,140,35,34,37,67,14,36,71,114,33,105,83,137,19,89,76,45,107,130,55,11,69,15,68,62,58,8,131,27,38,126,9,115,32,16,109,75,91,117,118,13,4,136,116,7,106,41,53,101,49,104,102,81,121,82,120,21,54,20,5,46,31,61,139,103,132,17,42,134,142,148,25,64,87,125,22,122,141,65,95,66,145,79,99",5000,100
24,0,48022.485751519016,1.8067650649710936,"24,48,127,74,40,90,44,59,22,125,94,73,87,85,135,108,63,119,111,138,86,128,78,143,110,3,123,112,18,113,93,80,147,129,124,92,140,35,34,37,67,14,146,50,23,56,28,17,118,75,91,117,101,116,7,106,41,53,21,27,38,126,9,32,16,109,115,5,20,54,131,58,8,62,68,99,15,69,55,11,130,107,45,76,89,19,137,83,105,33,114,71,36,97,84,141,122,144,77,88,96,133,98,29,60,2,6,72,26,64,25,10,12,39,70,30,51,52,148,142,79,42,134,145,66,65,95,139,103,132,81,102,104,49,120,121,82,136,4,13,57,31,46,61,47,100,43",5000,100
24,1,49637.94793673705,1.4643770006388384,"47,24,48,127,74,40,90,44,59,22,125,94,73,87,85,135,108,63,119,111,138,86,128,78,143,110,3,123,112,28,23,56,50,146,97,147,129,124,92,140,35,34,37,67,14,80,93,113,18,114,71,36,33,105,83,137,19,89,76,45,107,130,55,11,69,15,68,62,58,8,131,27,38,126,9,32,16,109,91,117,75,17,118,13,4,136,116,7,106,41,53,21,82,121,81,102,104,49,120,101,115,54,20,5,46,61,139,95,65,66,145,79,42,134,142,148,52,51,10,12,39,70,30,26,64,25,60,2,6,72,29,98,133,57,31,144,77,88,96,84,141,122,132,103,100,43,99",5000,100
24,2,48135.551231896054,1.5441502517566092,"90,44,59,22,125,94,73,87,85,135,108,63,119,111,138,86,128,78,143,110,3,123,112,28,23,56,50,146,97,147,129,124,92,140,35,34,37,67,14,80,36,71,114,33,105,83,137,19,89,76,45,107,130,55,11,69,15,68,99,62,58,8,131,27,38,126,9,32,16,109,91,117,101,116,7,106,41,53,21,82,121,81,102,104,49,120,136,4,13,118,75,17,132,103,139,95,65,66,145,42,79,134,142,148,52,51,10,12,39,70,30,26,64,25,60,2,6,72,29,98,133,57,31,46,61,20,5,115,54,74,40,100,43,47,24,48,127,88,96,84,144,77,122,141,18,113,93",5000,100
24,3,48127.20637259448,1.662624856917653,"135,108,63,119,111,138,86,128,78,143,110,3,123,85,87,112,28,23,56,50,146,97,147,129,124,92,140,35,34,37,67,14,80,93,113,18,114,71,36,33,105,83,137,19,89,76,45,107,130,55,11,69,15,68,99,62,58,8,131,27,38,126,9,32,16,109,91,117,101,116,7,106,41,53,21,82,121,81,102,104,49,120,136,4,13,118,75,17,132,103,139,95,65,66,145,79,42,134,142,148,52,51,10,12,39,70,30,26,64,25,60,2,6,72,29,98,133,57,31,46,61,20,5,115,54,74,40,90,44,59,22,125,94,73,141,122,144,77,88,96,84,100,43,47,24,48,127",5000,100
24,4,47802.41363153792,1.9652889432667964,"24,48,127,74,40,90,44,59,22,125,94,73,87,85,135,108,63,119,111,138,86,128,78,143,110,3,18,113,93,80,147,129,124,92,140,35,34,37,67,14,146,50,23,56,28,112,123,19,137,83,105,33,114,71,36,97,45,76,89,107,130,55,11,69,15,68,99,62,58,8,131,27,38,126,9,32,16,109,91,117,101,116,7,106,41,53,21,82,121,81,102,104,49,120,136,4,13,118,75,17,132,103,139,95,65,66,145,42,79,134,142,148,52,51,10,12,39,70,30,26,64,25,60,2,6,72,29,98,133,144,77,88,96,84,141,122,57,31,46,61,20,5,115,54,47,100,43",5000,100
24,5,48218.63823532643,1.5047923444781344,"90,44,59,22,125,94,73,87,85,135,108,63,119,111,138,86,128,78,143,110,3,123,112,28,23,56,50,146,97,147,129,124,92,140,35,34,37,67,14,80,93,113,18,114,71,36,33,105,83,137,19,89,76,45,107,130,55,11,69,15,68,99,62,58,8,131,27,38,126,9,32,16,109,91,117,101,116,7,106,41,53,21,82,121,81,102,104,49,120,136,4,13,118,75,17,132,103,139,95,65,66,145,42,79,134,142,148,52,51,10,12,39,70,30,26,64,25,60,2,6,72,29,98,133,57,31,46,61,20,5,115,54,74,40,100,43,47,24,48,127,88,96,84,141,122,144,77",5000,100
25,0,48179.777199185526,2.090972154787181,"100,43,47,24,48,127,74,40,90,44,59,22,125,94,73,141,122,57,133,98,29,96,77,144,84,88,28,112,123,3,18,113,71,36,80,93,124,129,147,97,92,140,35,34,37,67,14,146,50,56,23,52,51,10,12,39,70,30,26,2,60,72,6,64,25,61,46,31,115,5,20,54,131,58,8,62,68,99,15,69,55,11,130,107,45,89,19,76,138,111,86,128,78,143,110,83,137,105,33,114,119,63,108,135,85,87,9,32,16,109,75,91,117,118,13,4,136,116,7,101,53,41,106,102,104,49,21,27,38,126,17,132,139,103,95,65,66,148,142,134,42,79,145,82,120,81,121",5000,100
25,1,48818.865369845866,1.9644586106956021,"100,43,47,24,48,127,74,40,90,44,59,22,125,94,73,141,122,57,133,96,77,144,84,88,98,29,30,26,64,25,12,39,70,52,51,10,134,42,79,145,66,148,142,117,118,91,75,109,32,16,9,126,38,27,131,58,8,62,68,99,15,69,55,11,130,107,45,89,76,138,111,86,128,78,143,110,135,108,63,119,19,83,137,105,33,114,71,36,80,93,124,129,147,97,92,140,35,34,37,67,14,146,50,56,23,28,112,87,85,123,3,18,113,31,46,61,95,65,139,103,132,17,13,4,136,116,7,101,53,41,106,102,104,49,81,121,82,120,21,20,54,115,5,6,72,60,2",5000,100
25,2,49257.18432330937,1.6147627286206498,"100,43,47,24,48,127,74,40,90,44,59,22,125,94,73,141,122,57,31,46,61,95,65,139,103,132,17,118,75,91,117,109,32,16,9,126,38,27,131,58,8,62,68,99,15,69,55,11,130,107,45,89,76,19,137,83,105,33,114,71,36,80,93,124,129,147,97,92,140,35,34,37,67,14,146,50,56,23,28,112,87,85,123,3,18,113,143,110,78,128,86,138,111,119,63,108,135,42,79,145,134,142,148,66,52,51,10,12,39,70,30,64,25,2,60,96,77,144,84,88,98,29,133,54,5,20,49,104,102,81,121,82,120,21,53,41,106,7,101,136,116,13,4,115,72,6,26",5000,100
25,3,48987.55385496482,1.830998828224118,"100,43,47,24,48,127,74,40,90,44,59,22,125,94,73,141,122,57,31,46,61,95,65,139,103,132,17,118,75,91,117,109,32,16,9,126,38,27,131,58,8,62,68,99,15,69,55,11,130,107,45,89,76,19,119,63,108,135,85,87,133,98,29,96,77,144,84,88,2,60,72,6,64,25,12,39,70,30,26,52,51,10,148,142,134,42,79,145,66,4,13,136,116,7,101,53,41,106,104,102,81,121,82,120,49,21,20,54,5,115,112,123,3,18,113,143,110,78,128,86,138,111,137,83,105,33,114,71,36,80,93,124,129,147,97,92,140,35,34,37,67,14,146,50,56,23,28",5000,100
26,0,53284.81911673039,1.4347261278373895,"43,100,125,22,59,94,56,23,28,87,40,127,90,20,5,61,57,133,98,29,96,88,77,144,141,122,31,46,104,102,81,121,82,120,49,116,136,13,4,118,75,91,117,27,131,8,58,68,99,15,69,55,11,130,107,45,89,76,24,48,74,47,44,73,3,123,85,135,108,63,119,111,138,137,83,105,33,143,78,110,128,86,113,18,97,92,140,35,34,37,14,67,146,50,60,2,6,72,115,109,16,32,9,38,126,54,19,26,30,25,10,12,39,70,52,148,142,51,132,103,139,95,65,66,145,79,42,134,64,106,41,53,101,7,21,62,36,71,114,93,124,129,147,80,112,84,17",5000,100
26,1,51173.48198222251,1.6268602755052188,"100,43,47,127,74,48,24,113,93,124,129,147,97,92,140,80,18,3,123,85,135,86,128,78,143,110,138,137,83,105,33,19,76,89,45,107,130,11,55,69,15,99,68,62,58,8,21,27,131,5,115,32,16,109,75,118,17,13,4,117,91,136,116,101,38,126,9,53,41,106,7,81,121,82,120,49,104,102,26,30,70,39,12,10,51,52,148,142,79,42,134,145,66,132,139,95,65,103,61,46,31,133,57,144,77,88,96,122,141,84,90,40,44,59,73,94,22,125,28,112,23,56,50,146,6,72,2,60,29,98,64,25,36,114,71,111,119,108,63,87,54,20,67,37,34,14,35",5000,100
26,2,50870.73209659529,1.662624856917653,"43,76,89,19,137,83,105,33,114,71,36,80,93,124,147,97,92,140,35,34,37,67,14,50,56,23,28,112,87,59,44,90,40,127,48,24,47,100,125,73,94,22,74,54,20,5,115,32,16,109,91,75,118,17,13,4,117,101,53,41,106,7,116,136,49,104,102,81,121,82,120,21,27,131,38,126,9,68,99,15,69,55,11,130,107,45,86,128,78,143,110,135,63,108,85,123,3,18,113,65,95,139,103,132,66,145,42,79,134,142,148,52,51,10,12,39,70,30,26,64,25,122,141,77,144,57,133,98,29,96,88,84,31,46,61,72,2,60,119,111,138,129,146,6,58,62,8",5000,100
26,3,51686.17372302868,1.5654379338205548,"100,43,76,89,19,137,83,105,33,143,110,128,78,86,138,111,119,63,108,135,85,112,123,3,18,113,93,124,129,147,97,92,140,35,37,67,14,34,146,50,56,23,28,87,90,40,127,74,54,20,5,57,31,46,61,65,95,139,103,132,17,118,13,4,49,104,102,81,121,82,120,91,117,75,109,16,32,9,126,38,27,21,131,8,58,62,68,99,15,55,69,45,107,130,11,94,84,77,144,133,98,29,96,88,141,122,125,22,59,44,24,48,47,70,39,12,10,25,64,30,26,6,2,60,72,115,66,145,79,42,134,142,148,52,51,136,116,7,106,41,53,101,71,114,36,80,73",5000,100
26,4,47998.801500565394,1.8067650649710936,"100,43,48,24,47,127,74,54,20,5,115,32,16,109,91,117,101,53,41,106,7,116,136,49,120,121,82,81,102,104,21,131,8,58,62,68,99,15,69,55,11,130,45,89,19,137,83,105,33,114,71,36,80,93,124,129,147,97,92,140,35,37,34,14,67,146,50,56,23,28,112,87,85,135,108,63,119,111,138,86,128,78,143,110,3,123,18,113,44,59,22,125,73,94,84,77,144,141,122,31,46,61,65,95,139,103,132,17,13,4,118,75,126,9,38,27,79,42,134,145,66,52,51,12,39,70,30,26,6,2,60,72,64,25,10,142,148,133,98,29,96,88,57,40,90,76,107",5000,100
26,5,49523.74760517876,1.6743766306046426,"24,48,127,74,54,20,5,115,32,16,109,75,91,117,101,53,41,106,7,116,136,49,104,102,81,121,82,120,21,27,38,126,9,95,139,103,132,17,118,13,4,66,145,79,42,134,142,148,52,51,10,12,39,70,30,26,6,2,60,72,64,25,122,57,133,98,29,96,88,77,144,141,84,94,73,59,22,125,90,40,44,31,46,61,65,87,85,123,3,18,113,93,124,129,147,97,92,140,35,37,34,14,67,146,50,56,23,28,112,110,128,78,143,105,33,114,71,36,80,76,89,19,137,83,107,130,11,55,69,15,68,99,62,58,8,131,47,100,43,119,63,108,138,86,111,45,135",5000,100
26,6,48153.640223110015,1.787650403143762,"100,43,48,24,47,127,74,54,20,5,115,32,16,109,91,117,101,53,41,106,7,116,136,49,104,102,81,121,82,120,21,27,131,8,58,62,68,99,15,69,55,11,130,107,45,89,19,137,83,105,33,114,71,36,80,93,124,129,147,97,92,140,35,37,34,14,67,146,50,56,23,28,112,87,85,135,108,63,119,111,138,86,128,78,143,110,3,18,113,44,59,22,125,73,94,84,141,122,57,133,98,29,96,88,77,144,60,72,64,25,10,12,39,70,30,26,6,2,145,79,42,134,142,148,52,51,66,65,95,139,103,132,17,13,4,118,75,126,9,38,31,46,61,90,40,76,123",5000,100
26,7,48609.01922201004,1.7319398178018497,"119,111,138,86,128,78,143,110,3,123,18,113,93,124,129,147,97,92,140,35,37,34,14,67,146,50,56,23,28,112,87,85,135,108,63,76,89,19,137,83,105,33,114,71,36,80,133,98,29,96,88,77,144,141,122,57,84,94,73,59,22,125,90,40,44,24,48,127,74,54,20,5,115,32,16,109,91,117,101,53,41,106,7,116,136,49,104,102,81,121,82,120,21,27,131,8,58,62,68,99,15,69,55,11,130,107,45,47,100,43,51,10,12,39,70,30,26,6,2,60,72,64,25,66,145,79,42,134,142,148,52,61,46,31,38,126,9,95,139,103,132,17,13,4,118,75,65",5000,100
27,0,49690.582728334964,1.514507569986472,"24,48,47,100,43,63,108,135,85,123,3,110,78,143,105,33,71,114,36,113,93,80,124,129,147,92,140,35,34,37,14,67,83,137,138,111,86,119,89,76,45,107,130,11,55,69,15,68,62,99,58,8,131,21,53,7,116,136,101,106,41,104,102,81,82,121,120,49,17,118,13,4,91,117,75,109,16,32,5,115,9,126,38,27,52,51,10,12,39,70,30,26,6,2,60,72,64,25,142,148,66,145,79,42,134,132,139,103,95,65,61,46,31,57,133,98,29,96,77,88,84,144,141,122,94,73,59,22,125,20,54,90,40,127,74,44,87,28,112,23,56,50,146,97,18,128,19",5000,100
27,1,49073.99482616741,1.5570484899321537,"40,90,44,59,22,125,73,94,84,88,77,144,141,122,57,133,98,29,96,31,46,61,139,103,132,65,95,115,32,16,109,126,38,9,27,21,53,101,7,106,41,104,102,81,121,82,120,49,116,136,117,91,75,118,13,4,17,42,79,134,142,148,52,51,10,12,39,70,30,26,2,60,72,6,64,25,66,145,8,58,62,99,15,68,107,130,11,55,69,83,105,33,71,114,36,80,129,124,147,97,92,140,35,34,37,67,14,146,50,23,56,28,112,87,85,123,3,110,78,143,128,86,138,111,119,63,108,135,43,47,100,24,48,127,74,89,76,45,19,137,113,93,18,5,20,54,131",5000,100
27,2,48048.79865954733,2.0242664716320773,"100,43,47,24,48,127,74,90,40,44,59,22,125,73,94,84,141,122,57,133,98,29,96,77,144,88,31,46,61,139,103,132,17,118,13,4,91,117,136,101,116,7,106,41,53,21,27,38,9,126,109,16,32,115,5,20,54,131,58,8,62,68,99,15,69,55,11,130,107,45,89,76,19,137,83,105,33,71,114,36,113,93,80,124,129,147,97,92,140,35,34,37,67,14,146,50,56,23,28,112,87,85,123,3,110,78,143,128,86,119,63,108,135,18,2,60,72,6,26,30,70,39,12,51,10,25,64,79,42,145,66,65,95,52,142,148,134,82,120,49,104,102,81,121,75,138,111",5000,100
27,3,48200.73279089353,1.7042300314218148,"19,137,83,105,33,71,114,36,113,93,80,147,97,92,140,35,34,37,67,14,146,50,56,23,28,112,87,85,123,3,110,78,143,128,86,138,111,119,63,108,135,18,124,129,90,40,44,59,22,125,73,94,84,141,122,57,133,98,29,96,77,144,88,31,46,61,139,103,132,17,118,13,4,91,117,75,109,16,32,115,5,20,54,131,27,38,9,126,53,41,106,7,116,136,101,120,49,104,102,81,121,82,8,62,68,99,15,69,55,11,130,107,45,89,76,74,127,24,48,47,100,43,26,30,70,39,12,51,10,25,64,79,42,145,66,65,95,52,142,148,134,2,60,72,6,21,58",5000,100
27,4,50358.48894800126,1.4209937985877208,"15,69,55,11,130,107,45,89,76,19,137,83,105,33,71,114,36,80,147,97,92,140,35,34,37,67,14,146,50,56,23,28,112,87,85,123,3,110,78,143,128,86,138,111,119,63,108,135,18,113,93,124,129,145,66,65,95,139,103,132,17,118,13,4,91,117,75,109,16,32,115,5,20,54,131,58,8,62,68,99,90,40,44,59,22,125,73,94,84,141,122,57,133,98,29,96,77,144,88,31,46,61,52,142,148,134,79,42,70,39,12,51,10,25,64,2,60,72,6,26,30,47,24,48,127,74,43,100,82,120,49,104,102,81,121,106,41,53,21,27,38,9,126,136,101,116,7",5000,100
28,0,48113.73491258726,1.7619307591389624,"28,112,87,85,135,63,119,138,111,78,143,110,3,123,105,33,83,137,19,89,76,45,107,130,55,11,69,15,99,68,62,58,8,131,27,21,53,101,4,13,118,75,91,117,136,49,104,102,81,120,121,82,106,41,116,7,109,126,9,38,16,32,115,5,20,54,74,127,47,24,48,79,42,145,66,148,142,10,12,39,70,30,26,6,2,60,72,146,50,56,23,36,71,114,80,129,124,147,97,92,140,35,34,37,67,14,113,18,93,108,86,128,90,40,44,59,22,125,73,94,84,141,122,144,77,88,96,98,29,133,57,31,46,61,65,95,139,103,132,17,64,25,51,52,134,100,43",5000,100
28,1,48079.5356114395,2.182732556874627,"100,43,47,24,48,127,74,90,40,44,59,22,125,73,94,84,141,122,144,77,88,96,98,29,133,57,31,46,61,65,95,139,103,132,17,118,75,91,117,101,53,41,106,7,116,136,49,104,102,81,120,121,82,8,131,27,21,38,126,9,115,32,16,109,4,13,66,42,79,134,148,142,52,51,10,12,39,70,30,26,6,2,60,72,146,50,23,56,28,112,123,3,110,143,78,128,86,138,111,119,63,108,135,85,87,97,92,140,35,34,37,67,14,114,71,36,93,129,124,147,80,54,20,5,113,18,105,33,83,137,19,89,76,45,107,130,55,11,69,15,68,62,58,99,64,25,145",5000,100
28,2,49373.05500890656,1.5570484899321537,"119,63,108,135,85,87,97,92,140,35,34,37,67,14,71,36,93,129,124,147,113,18,105,33,83,137,19,89,76,45,107,130,55,11,69,15,68,99,58,8,62,20,5,25,64,145,65,95,139,103,132,17,118,75,91,117,136,116,7,101,53,41,106,49,104,102,81,120,121,82,21,27,38,126,9,115,32,16,109,4,13,66,42,79,134,148,142,52,51,10,12,39,70,30,26,6,2,60,72,146,50,23,56,28,112,123,3,110,143,78,128,86,138,111,47,24,48,127,74,90,40,44,59,22,125,73,94,84,141,122,144,77,96,98,29,133,57,31,46,61,54,100,43,114,80,88,131",5000,100
29,0,48211.17313977583,1.5825296205758677,"100,43,47,24,48,127,74,90,40,44,59,22,125,94,73,87,112,28,23,56,50,146,67,14,37,34,35,92,140,147,129,124,93,80,36,71,114,18,113,3,123,85,135,108,63,119,86,111,138,83,137,19,89,76,107,130,55,11,69,15,68,99,62,58,8,53,41,106,7,116,136,101,117,91,75,118,17,13,4,120,49,104,102,81,121,82,21,27,131,54,20,5,115,9,38,126,109,16,32,103,139,95,65,132,61,46,31,57,133,98,29,144,77,88,84,141,122,96,60,2,6,72,26,64,25,10,12,39,70,30,52,51,142,148,66,145,79,42,134,143,128,78,105,33,97,45,110",5000,100
29,1,49747.983212447114,1.4086873322352267,"11,55,69,15,58,8,62,68,99,131,27,38,126,9,115,32,16,109,75,91,117,136,101,53,41,106,7,116,104,102,81,121,82,120,49,21,54,20,5,10,12,39,70,30,26,64,25,134,142,148,52,51,61,46,31,57,133,98,29,144,77,88,84,141,122,96,60,2,6,72,50,146,67,14,37,34,35,92,140,147,129,124,93,80,36,71,114,18,113,3,123,85,135,108,63,119,86,128,78,143,110,33,105,83,137,19,89,76,45,130,107,87,112,28,23,56,94,73,59,22,125,44,90,40,127,74,48,24,47,100,43,97,138,111,139,95,65,66,145,79,42,132,103,17,13,4,118",5000,100
29,2,48809.88339990406,1.5047923444781344,"147,129,124,93,80,36,71,114,18,113,3,123,85,135,108,63,119,86,128,78,143,110,111,138,83,137,19,89,76,45,107,130,55,11,69,15,68,99,62,58,8,131,27,38,126,9,115,32,16,109,75,91,117,136,101,53,41,106,7,116,104,102,81,121,82,120,49,21,54,20,5,61,46,31,57,133,98,29,144,77,88,84,141,122,96,60,2,6,72,26,64,25,10,12,39,70,30,52,51,142,148,66,145,79,42,134,132,103,139,95,65,4,13,118,17,24,48,127,74,90,40,44,59,22,125,94,73,87,112,28,23,56,50,146,67,14,37,34,35,92,140,97,105,33,100,43,47",5000,100
30,0,47744.37344026039,2.191697310559776,"43,47,24,48,127,74,40,90,44,22,125,73,59,94,84,77,144,141,122,57,133,98,29,96,88,60,2,6,72,26,30,70,39,12,51,10,25,64,79,42,134,148,142,52,66,145,13,4,118,17,132,139,103,65,95,61,46,31,112,123,3,18,113,93,124,129,147,80,36,71,114,33,105,83,137,19,89,76,45,107,130,11,55,69,15,99,68,62,58,8,21,27,131,38,126,9,120,121,82,81,102,104,49,7,116,136,101,53,41,106,117,91,75,109,16,32,115,5,20,54,78,143,110,128,86,111,138,63,108,119,135,85,87,97,92,140,35,34,37,67,14,146,50,56,23,28,100",5000,100
30,1,47753.53551330689,1.595117550527233,"100,43,47,24,48,127,74,40,90,44,22,59,73,94,84,141,122,57,133,98,29,96,88,77,144,20,5,115,32,16,109,75,91,117,101,53,41,106,7,116,136,4,13,118,17,132,139,103,65,95,61,46,31,125,36,80,93,124,129,147,97,92,140,35,34,37,67,14,146,50,56,23,28,112,123,3,110,143,78,128,86,111,138,63,108,119,135,85,87,18,113,114,71,105,33,83,137,19,89,76,45,107,130,11,55,69,15,99,68,62,58,8,21,27,131,38,126,9,120,121,82,81,104,102,49,79,42,134,148,142,52,66,145,54,6,72,26,30,70,39,12,51,10,25,64,2,60",5000,100
