run,solution_idx,f1,f2,chromosome,n_evaluations,n_generations
0,0,95879.30812596202,1.620466942070148,"209,104,174,233,231,206,207,32,34,81,6,224,76,11,166,177,66,125,185,212,4,25,68,124,139,94,175,168,85,36,169,92,83,229,87,65,227,176,47,170,95,107,230,3,145,24,105,54,192,190,196,73,121,222,239,193,220,165,40,48,20,149,178,27,235,183,163,35,60,8,132,144,64,110,194,42,152,78,173,129,90,101,199,137,43,148,200,128,240,150,134,201,23,179,38,172,182,44,55,236,114,146,119,160,57,86,237,16,41,117,198,46,221,9,202,31,225,214,217,118,99,195,52,62,219,138,186,14,108,208,187,210,158,102,154,53,180,103,49,241,7,69,218,13,151,135,147,37,80,204,15,17,127,56,45,136,161,72,215,63,131,39,156,109,33,171,19,18,77,123,140,211,113,28,159,191,21,167,51,242,232,130,153,157,112,164,2,5,203,30,155,142,75,100,213,58,12,26,67,197,216,97,29,115,50,88,22,106,223,59,126,98,181,234,133,10,184,141,61,84,228,122,116,205,93,96,71,238,111,70,89,82,74,143,91,189,188,162,79,226,120",5000,100
0,1,97513.15869974006,1.6107993531824558,"82,89,4,25,212,36,85,168,126,59,223,106,120,233,231,206,207,32,34,81,143,6,224,76,11,166,177,66,125,185,74,2,164,112,157,91,189,27,149,178,107,105,54,192,190,196,46,198,117,239,193,162,90,101,134,150,201,240,38,23,179,129,42,152,78,173,183,163,24,145,3,230,170,95,235,65,227,176,47,60,35,144,132,8,64,110,194,169,130,44,182,172,58,213,217,214,202,31,225,12,55,236,114,79,26,67,146,119,160,57,86,237,16,41,153,40,92,83,229,87,209,104,174,232,242,51,21,167,215,72,63,131,39,156,109,171,33,19,218,13,151,135,147,37,15,80,204,158,102,154,53,180,187,210,49,241,7,103,118,221,9,228,122,197,216,97,205,116,99,195,52,62,219,138,186,14,108,208,84,61,141,184,10,133,181,234,98,22,88,29,115,50,17,211,113,28,159,191,127,56,45,136,161,18,77,123,140,69,43,148,200,128,188,121,73,222,220,165,20,48,155,142,75,100,30,203,5,70,93,96,71,238,111,139,94,175,226,68,124,199,137",5000,100
0,2,92990.9140176548,1.7596878546027115,"209,104,174,182,172,58,213,217,214,202,31,225,12,55,236,79,26,67,146,119,160,57,86,237,16,41,239,193,162,90,101,199,137,134,150,201,240,38,23,179,129,42,152,78,173,183,163,60,35,144,132,8,64,110,194,165,220,121,73,222,198,117,153,40,92,169,130,114,28,159,191,127,56,45,136,161,18,77,215,72,63,131,39,156,109,171,33,19,218,13,151,135,147,37,80,15,204,158,102,154,53,180,187,208,108,14,186,138,219,62,52,195,205,116,99,61,84,22,88,29,122,216,197,97,234,98,126,59,223,106,226,120,233,231,206,207,32,34,81,74,82,89,4,25,212,36,94,175,168,85,139,238,111,70,71,124,68,185,96,93,125,66,6,224,76,11,166,177,143,164,2,5,203,30,75,100,142,155,157,112,91,189,20,48,83,229,87,65,227,176,47,170,178,149,235,27,105,107,230,3,24,145,95,54,192,190,196,46,44,113,211,17,123,140,69,43,148,200,128,188,232,242,51,21,167,49,103,7,241,210,118,221,9,228,184,10,133,181,141,50,115",5000,100
0,3,92455.76699630861,1.781834088288052,"197,122,216,97,84,61,141,184,10,133,181,234,98,126,59,223,106,226,120,233,231,206,207,32,34,81,74,82,89,4,25,68,124,139,94,175,168,85,238,111,70,93,125,66,6,224,76,11,166,177,143,164,2,5,203,30,100,75,142,155,91,189,20,149,178,27,235,65,227,176,47,170,230,3,145,24,105,95,107,54,192,190,196,46,198,117,40,153,130,44,182,172,58,174,104,209,229,87,83,92,169,118,221,9,202,31,225,12,55,236,79,114,146,119,160,57,86,237,16,41,239,193,162,90,101,199,137,232,242,51,21,167,67,26,7,241,103,49,102,154,53,180,187,208,108,14,186,138,219,62,52,195,205,116,99,228,29,115,88,50,22,210,158,37,147,135,151,13,218,156,109,171,33,19,18,77,215,72,63,131,39,69,140,123,17,211,113,28,159,191,127,56,45,136,161,43,148,200,128,188,150,134,201,240,38,23,179,129,42,152,78,173,183,163,35,60,8,132,144,64,110,194,165,220,121,73,222,48,157,112,185,96,71,212,36,213,217,214,15,80,204",5000,100
0,4,93012.8463103554,1.6444891251970004,"29,115,88,22,84,61,141,184,10,133,181,234,98,126,59,223,106,226,120,233,231,206,207,32,34,81,74,82,89,4,25,68,124,139,94,175,168,85,238,111,70,93,96,71,185,125,66,6,224,76,11,166,177,143,164,2,5,203,30,100,75,142,155,91,189,27,178,149,20,48,83,229,87,209,104,174,182,172,58,213,217,214,202,31,225,12,55,236,79,114,146,119,160,57,86,237,16,41,239,193,162,90,101,199,137,232,242,51,21,167,67,26,7,241,103,49,102,154,53,180,187,208,108,14,186,138,219,62,52,195,205,116,99,118,221,9,228,97,197,122,216,36,212,113,28,159,191,127,56,45,136,161,18,77,215,72,63,131,39,156,109,171,33,19,218,13,151,135,147,37,204,15,80,69,140,123,17,211,112,157,40,92,169,130,44,196,46,198,117,153,73,222,121,165,220,129,42,152,78,173,183,163,24,145,3,230,170,95,107,105,54,192,190,235,65,227,176,47,60,35,144,132,8,64,110,194,38,23,179,150,134,201,240,128,148,200,188,43,210,158,50",5000,100
0,5,93453.6760048812,1.6325222193332272,"173,183,163,24,145,3,230,170,95,107,105,54,192,190,196,46,198,117,153,40,92,169,130,44,182,172,58,213,217,214,202,31,225,12,55,236,79,114,146,119,160,57,86,237,16,41,239,193,162,90,101,199,137,232,242,51,21,167,67,26,7,241,103,49,102,154,53,180,187,210,158,15,80,204,37,147,39,131,109,156,13,151,135,72,215,63,33,171,19,218,140,123,17,211,113,28,159,191,127,56,45,136,161,18,77,148,200,128,188,43,201,240,38,23,179,129,42,152,78,110,194,64,73,222,121,165,220,2,164,112,157,91,189,155,142,75,100,30,166,177,143,6,224,76,11,66,125,185,96,71,124,139,238,111,70,93,85,168,175,126,59,223,106,226,120,233,231,206,207,32,34,81,74,82,89,4,25,68,212,36,94,122,216,197,97,84,61,141,184,10,133,181,234,98,22,88,50,115,29,228,52,195,205,116,99,118,221,9,108,208,186,14,219,138,62,87,209,104,174,83,229,47,227,176,65,235,27,178,149,20,48,5,203,8,132,144,60,35,134,150,69",5000,100
1,0,93885.13928300179,1.5960832490171546,"122,197,216,97,84,61,141,184,133,10,234,181,98,126,59,223,106,226,120,233,231,206,207,32,89,82,74,185,96,71,212,25,4,139,94,175,168,85,238,111,70,93,36,68,124,177,166,143,81,34,5,203,2,164,112,157,91,189,27,235,65,227,176,47,170,230,3,107,95,178,149,20,48,92,83,229,87,209,104,174,172,182,44,55,236,114,146,160,119,167,51,242,232,137,199,101,90,193,239,162,41,16,237,86,57,21,211,113,17,123,140,69,218,13,151,135,147,37,204,15,80,241,49,103,7,67,26,79,12,217,213,58,118,99,116,205,195,52,62,138,219,186,14,108,208,187,210,158,102,154,53,180,159,28,43,148,128,200,188,56,45,136,161,77,18,215,72,63,131,39,109,156,19,171,33,191,127,190,196,117,40,153,130,169,163,183,78,173,192,54,105,145,24,110,64,194,42,152,165,220,222,121,73,46,198,240,134,150,201,23,38,179,129,35,144,132,8,60,224,76,11,6,66,125,75,100,30,155,142,225,31,202,214,9,221,228,29,115,50,88,22",5000,100
1,1,92872.72361879966,1.7030628039692912,"84,61,141,184,133,10,234,181,98,126,59,223,106,226,120,233,231,206,207,32,89,82,74,185,96,4,212,25,68,124,139,94,175,168,85,238,111,70,71,125,66,6,224,76,11,177,166,143,81,34,5,203,2,164,112,157,91,189,27,235,65,227,176,47,170,230,3,145,24,105,107,95,54,192,190,196,46,198,117,40,153,130,169,92,83,87,229,209,104,174,172,182,44,55,236,114,146,160,119,167,51,242,232,137,199,101,90,193,239,162,41,16,237,86,57,21,211,113,28,159,191,127,17,123,140,69,218,13,151,135,147,37,204,15,80,241,49,103,67,26,79,12,225,31,202,214,9,221,118,217,213,58,180,53,154,102,158,210,187,208,108,186,14,195,52,62,138,219,228,197,122,97,216,88,115,50,29,22,116,205,99,222,121,73,165,220,42,152,78,173,183,163,60,35,144,132,8,110,64,194,129,23,38,179,150,134,201,240,128,200,188,56,45,136,161,77,18,215,72,63,131,39,109,156,19,171,33,30,155,149,178,20,48,142,75,100,93,36,43,148,7",5000,100
1,2,92946.3145142742,1.6563695750543432,"115,50,88,22,84,61,141,184,133,10,234,181,98,126,59,223,106,226,120,233,231,206,207,32,34,5,203,2,164,112,157,91,189,27,178,149,20,48,235,65,227,176,47,170,230,3,145,24,105,107,95,54,192,190,73,46,198,117,40,153,130,169,92,83,229,87,209,104,174,172,182,44,55,236,114,146,160,119,167,51,242,232,137,199,101,90,193,239,162,41,16,237,86,57,21,211,113,28,159,191,127,17,123,140,69,218,13,151,135,147,37,204,15,80,241,49,102,158,210,187,208,108,186,14,195,52,62,138,219,228,197,122,216,97,29,205,116,99,118,217,213,58,12,225,31,202,214,9,221,53,180,154,131,39,109,156,19,171,33,63,215,72,161,77,18,136,45,56,43,148,128,200,188,179,38,23,134,150,201,240,67,26,79,7,103,71,238,111,70,93,125,66,6,224,76,11,177,166,143,81,185,96,4,212,25,68,124,139,94,175,168,85,36,155,142,75,100,30,129,42,152,78,173,183,163,60,35,144,132,8,110,64,194,220,222,121,165,196,74,82,89",5000,100
1,3,91408.2336291476,1.7928046197117586,"115,50,88,22,84,61,141,184,133,10,234,181,98,126,59,223,106,226,120,233,231,206,207,32,89,82,74,185,96,71,238,111,70,93,125,66,6,224,76,11,177,166,143,81,34,5,203,2,164,112,157,91,189,27,235,65,227,176,47,170,230,3,145,24,105,107,95,54,192,190,196,46,198,117,40,153,130,169,92,83,229,87,209,104,174,172,182,44,55,236,114,146,160,119,167,51,242,232,137,199,101,90,193,239,162,41,16,237,86,57,21,211,113,17,123,140,69,218,13,151,135,147,37,204,15,80,241,103,49,102,158,210,187,208,108,186,14,195,52,62,138,219,228,197,122,97,216,116,205,99,118,217,213,58,180,53,154,9,221,214,202,31,225,12,79,26,67,7,188,56,45,136,161,77,18,215,72,63,131,39,109,156,19,171,33,191,127,159,28,43,148,128,200,38,23,134,150,201,240,179,129,42,152,78,173,183,163,60,35,144,132,8,110,64,194,73,121,222,220,165,30,75,100,142,155,20,48,178,149,94,175,168,85,139,124,68,36,212,25,4,29",5000,100
1,4,92008.88864474352,1.725935771346305,"115,50,88,22,84,61,141,184,133,10,234,181,98,126,59,223,106,226,120,233,231,206,207,32,89,82,74,185,96,71,238,111,70,93,125,66,6,224,76,11,177,166,143,81,34,5,203,2,164,112,157,91,189,27,235,65,227,176,47,170,230,3,145,24,105,107,95,54,192,190,196,46,198,117,40,153,130,169,92,83,229,87,209,104,174,172,182,44,55,236,114,146,160,119,167,51,242,232,137,199,101,90,193,239,162,41,16,237,86,57,21,211,113,17,123,140,69,218,13,151,135,147,37,204,15,80,241,103,7,67,26,79,12,225,31,202,214,9,221,118,217,213,58,180,53,154,102,158,210,187,208,108,186,14,195,52,62,138,219,228,197,122,216,97,29,205,116,99,222,121,73,165,220,129,42,152,78,173,183,163,60,35,144,132,8,110,64,194,179,38,23,134,150,201,240,128,200,188,56,45,136,161,18,77,72,215,63,131,39,109,156,19,171,33,191,127,159,28,43,148,30,100,142,75,155,20,48,178,149,94,175,168,85,36,68,124,139,212,25,4,49",5000,100
2,0,92153.02400857513,1.7485095536947415,"197,122,97,216,29,115,50,88,22,84,61,141,184,10,133,234,181,98,168,175,94,139,124,68,25,212,4,96,71,111,238,70,85,59,126,223,106,226,120,233,231,206,207,32,89,82,74,185,125,66,6,224,76,11,177,166,143,81,34,5,2,164,203,155,30,75,100,142,176,47,170,95,107,105,54,192,173,78,152,42,129,220,165,121,73,46,198,117,40,153,130,169,92,83,229,87,209,104,174,182,172,58,213,217,214,9,221,31,202,225,12,55,236,79,26,67,146,119,160,57,86,237,16,41,239,193,90,162,222,196,190,20,48,149,178,27,235,65,227,230,3,24,145,183,163,60,35,144,132,8,110,64,194,137,199,101,21,51,242,232,167,102,154,180,53,210,158,204,15,80,37,109,156,19,171,33,131,39,63,215,72,161,77,18,136,45,56,159,28,113,211,17,123,140,69,218,13,151,135,147,201,240,38,23,179,134,150,128,200,188,43,148,127,191,103,49,241,7,108,208,187,14,186,138,52,62,219,228,99,116,205,195,118,44,114,36,93,91,189,157,112",5000,100
2,1,93721.85209175893,1.7030628039692912,"97,216,197,122,29,115,50,88,22,84,61,141,184,10,133,234,181,98,168,175,94,139,124,68,25,212,4,96,71,111,238,70,93,185,74,81,203,5,2,164,112,157,91,189,27,235,65,227,176,47,170,95,107,105,54,192,173,78,152,42,129,194,64,110,144,132,8,35,60,163,183,24,145,3,230,142,155,30,75,100,76,11,177,166,143,224,6,66,125,85,59,223,106,226,120,233,231,206,207,32,89,82,34,36,126,116,205,195,52,62,138,219,186,14,108,208,187,210,158,102,154,180,53,7,241,103,49,26,67,146,114,236,79,55,44,182,172,12,225,31,202,214,9,221,118,217,213,58,174,104,209,83,229,87,240,201,134,150,101,90,162,193,222,196,190,165,220,121,73,46,198,117,40,153,130,169,92,13,151,135,147,39,131,156,19,171,33,109,218,140,69,18,77,161,136,45,56,127,191,159,28,113,211,17,123,43,242,232,51,57,86,237,16,41,239,48,20,149,178,15,80,204,37,228,99,160,119,167,21,63,215,72,199,137,148,128,200,188,38,23,179",5000,100
2,2,95503.6844997891,1.6325222193332272,"236,79,26,67,146,114,57,160,119,167,21,51,242,232,137,199,101,90,162,193,222,121,73,46,198,117,40,153,130,169,92,83,229,87,209,112,157,91,189,27,235,65,227,176,47,170,95,107,105,54,192,173,78,152,42,129,220,165,196,190,20,48,149,178,155,75,100,142,166,177,224,76,11,6,66,125,185,96,71,111,238,70,93,25,212,207,206,231,233,120,106,226,223,59,126,175,94,139,124,68,36,4,89,82,74,81,34,32,5,203,2,164,171,33,109,156,19,18,77,161,136,45,56,127,191,159,28,113,211,17,123,140,69,218,13,151,135,147,37,204,15,80,241,7,103,49,102,158,210,187,208,108,14,186,219,138,52,62,228,216,197,122,97,29,115,50,88,22,84,61,141,184,10,133,234,181,98,168,85,99,116,205,195,214,9,221,118,202,31,225,12,55,44,172,58,213,217,237,16,41,239,163,183,24,145,3,230,8,132,144,35,60,194,64,110,179,38,23,134,150,201,240,148,128,200,188,43,86,154,180,53,39,131,63,215,72,104,174,182,30,143",5000,100
2,3,92353.6901050101,1.7145374304862095,"156,19,171,33,109,131,39,63,215,72,161,136,45,56,188,43,148,128,200,134,150,201,240,38,23,179,64,110,144,132,8,35,60,163,183,24,145,3,230,170,95,107,105,54,192,173,78,152,42,129,194,239,222,121,73,46,198,117,40,153,130,169,92,83,229,87,209,104,174,182,172,58,213,217,214,9,221,118,202,31,225,12,55,236,79,26,67,146,119,167,21,51,242,232,137,199,101,90,162,193,220,165,190,196,149,178,27,235,65,227,176,47,142,155,30,75,100,76,11,177,166,143,125,66,6,224,2,164,112,157,91,189,20,48,44,114,57,160,133,10,181,98,168,175,94,139,124,68,25,4,96,71,111,238,70,93,185,74,81,34,32,89,82,207,206,231,233,120,36,126,59,223,106,226,85,99,116,205,195,52,62,138,219,186,14,108,208,187,210,158,102,49,241,103,7,211,17,123,140,69,218,13,151,135,147,37,204,15,80,159,28,113,127,191,77,18,41,16,237,86,154,180,53,228,216,197,122,97,29,115,50,88,22,84,61,141,184,234,212,203,5",5000,100
2,4,92126.257542841,1.8145467139230234,"115,50,88,22,84,141,61,184,10,133,234,181,98,168,175,94,139,124,68,25,212,36,206,231,233,120,106,226,223,59,126,85,70,93,125,66,6,224,76,11,177,166,143,81,34,32,89,82,74,185,207,203,5,2,164,112,157,91,189,27,235,65,227,176,47,170,95,107,105,54,192,173,78,152,42,129,194,64,110,144,132,8,35,60,163,183,24,145,3,230,142,155,30,75,100,165,220,121,73,46,198,117,40,153,130,169,92,83,229,87,209,104,174,182,172,58,213,217,214,9,221,118,202,31,225,12,55,236,79,26,67,146,119,167,21,51,242,232,137,199,101,90,162,193,239,222,196,190,179,38,23,134,150,201,240,148,128,200,188,43,28,136,45,56,159,191,127,19,171,33,109,156,39,131,63,215,72,161,77,18,123,140,69,218,13,151,135,147,37,204,15,80,241,103,49,102,154,180,53,210,158,7,114,44,16,237,86,57,160,48,20,149,178,4,96,71,111,238,99,228,216,197,122,97,29,205,116,52,62,138,219,186,14,108,208,187,17,113,211,41,195",5000,100
3,0,95911.09294649735,1.6462257353102074,"234,181,98,126,59,223,106,226,120,233,231,206,207,32,89,82,34,81,74,185,125,66,6,224,76,11,166,177,143,30,75,100,142,155,189,91,20,48,149,178,27,235,227,65,176,47,170,230,3,107,95,105,54,192,173,78,152,42,129,220,165,190,196,46,198,117,40,153,130,169,83,87,229,209,104,174,172,182,44,55,236,114,119,167,21,242,51,232,28,159,191,127,188,56,45,136,161,77,18,123,140,69,7,241,49,103,26,67,146,160,57,86,237,16,41,162,193,90,101,199,137,43,148,200,128,201,240,150,134,23,38,179,194,64,110,132,8,144,35,60,163,183,24,145,225,31,202,214,9,221,118,213,58,12,217,4,96,71,111,238,70,85,139,124,68,25,212,36,94,175,168,99,116,205,195,52,62,219,138,186,14,108,208,187,210,180,53,154,102,158,204,15,80,37,147,135,151,13,218,19,171,33,109,156,39,131,63,72,215,17,113,211,222,121,73,92,157,112,164,2,203,5,93,228,216,197,122,97,29,115,50,88,22,84,61,141,184,10,133,79,239",5000,100
3,1,92315.00890478761,1.8145467139230234,"122,197,216,97,29,115,50,88,22,84,61,141,184,10,133,234,181,98,168,175,94,85,139,124,68,25,4,96,71,111,238,70,93,125,66,6,224,76,11,166,177,143,81,74,82,89,32,34,185,207,206,231,233,120,59,223,106,226,213,58,172,182,44,55,12,225,31,202,214,9,221,217,118,99,116,205,195,52,62,219,138,186,14,108,208,187,210,158,102,49,103,241,15,80,204,37,147,135,151,13,218,19,171,33,109,156,39,131,63,215,72,161,136,45,56,191,127,159,28,113,211,17,123,140,69,7,67,26,79,236,114,146,119,160,57,86,237,16,41,162,193,239,222,121,73,46,198,117,40,153,92,169,130,90,101,199,137,43,148,200,128,188,18,77,201,240,150,134,23,38,179,194,64,110,132,8,144,35,60,163,183,24,145,3,107,105,54,192,173,78,152,42,129,220,165,190,196,48,20,149,178,27,235,227,65,176,47,170,230,95,2,164,203,5,30,75,100,142,155,189,91,157,112,83,87,229,209,104,174,228,53,180,154,242,51,232,21,167,126,36,212",5000,100
3,2,94635.94080836918,1.7928046197117586,"97,216,197,122,228,219,138,186,14,108,208,187,210,158,102,154,180,53,221,9,217,213,58,172,182,174,104,209,87,229,83,92,169,130,237,16,41,162,193,239,222,121,73,46,198,117,40,153,48,20,149,178,27,235,227,65,176,47,170,230,3,107,95,105,54,192,173,78,152,42,129,220,165,190,196,134,150,201,240,128,200,148,43,137,199,101,90,86,57,160,119,167,232,242,51,21,146,79,236,114,55,12,225,31,202,214,118,99,116,205,195,52,62,29,115,88,50,22,84,61,141,184,10,133,234,181,98,168,126,59,223,106,226,120,233,231,206,207,185,89,82,74,81,203,5,2,164,112,157,91,189,155,142,75,100,30,177,224,76,11,166,143,66,125,124,68,25,4,212,36,94,175,85,70,71,111,238,96,93,24,145,183,163,60,35,144,132,8,110,64,194,179,23,38,56,191,127,17,123,140,69,7,67,26,159,28,113,211,241,15,80,204,37,147,135,151,13,218,19,171,33,109,156,39,131,63,72,215,77,18,161,136,45,188,103,49,139,32,34,44,6",5000,100
3,3,92797.68486183308,1.8037084273059028,"97,216,197,122,29,115,50,88,22,84,61,141,184,10,133,234,181,98,175,168,126,59,223,106,226,120,233,231,206,207,32,34,81,74,82,89,96,71,111,238,70,93,125,66,6,224,76,11,166,177,143,30,75,100,142,155,189,91,20,48,149,178,27,235,47,170,230,3,107,95,105,54,192,173,78,152,42,129,220,165,73,121,222,46,198,117,40,153,92,169,130,44,55,12,225,31,202,214,9,221,217,118,213,58,172,182,174,104,185,203,5,2,164,112,157,53,180,154,102,49,103,7,241,15,80,37,147,135,151,13,218,19,171,33,109,156,39,131,63,215,72,161,136,45,56,159,191,127,17,123,140,69,67,26,79,236,114,146,160,57,86,237,16,41,162,193,239,90,23,38,179,194,64,110,132,8,144,35,60,163,183,24,145,190,196,134,150,201,240,128,200,148,43,188,18,77,28,113,211,119,167,21,242,51,232,137,199,101,87,229,209,36,212,25,4,68,124,139,94,85,210,158,204,108,208,187,186,14,219,138,52,62,195,205,116,99,228,83,176,227,65",5000,100
3,4,95782.596873752,1.78089798504465,"29,115,50,88,22,97,216,197,122,84,61,141,184,10,133,234,181,98,126,59,223,106,226,120,233,36,212,25,4,96,71,111,238,70,93,125,66,6,224,76,11,166,177,143,81,74,82,89,32,34,203,5,2,164,112,157,91,20,149,178,27,235,227,65,176,47,170,230,3,107,95,105,24,145,183,163,60,35,144,132,8,110,64,194,42,129,220,165,73,121,222,239,162,193,90,101,199,137,232,242,51,21,167,119,160,57,86,237,16,41,130,169,92,83,229,209,87,153,48,198,117,40,147,135,151,13,218,19,171,33,109,156,131,39,63,72,215,77,18,161,136,45,56,191,127,159,28,113,211,17,123,140,69,7,241,49,103,26,67,146,79,236,114,55,12,225,31,202,214,9,221,217,118,213,58,172,182,44,174,104,185,124,68,139,94,85,168,175,206,207,190,196,46,201,240,150,134,23,38,179,128,200,148,43,188,108,208,187,210,158,204,15,80,37,228,219,138,52,62,195,205,116,99,142,155,189,54,192,173,78,152,53,180,154,102,14,186,75,100,30,231",5000,100
3,5,91153.29846493764,1.836031358544255,"26,67,79,236,114,146,160,57,86,237,16,41,162,193,239,222,121,73,46,198,117,40,153,92,169,130,44,55,12,225,31,202,214,9,221,217,118,213,58,172,182,174,104,209,87,229,83,185,124,68,36,212,25,4,96,71,111,238,70,93,125,66,6,224,76,11,166,177,143,81,74,82,89,32,34,203,5,2,164,112,157,48,91,189,20,149,178,27,235,47,170,230,3,107,95,105,54,192,173,78,152,42,129,220,165,190,196,65,176,227,24,145,183,163,60,35,144,132,8,110,64,194,179,38,23,134,150,201,240,128,200,148,43,188,56,45,136,161,77,18,123,140,69,13,218,19,171,33,109,156,131,39,135,151,72,215,63,147,37,204,15,80,241,49,103,7,158,102,154,180,53,108,208,187,210,116,99,195,52,62,138,219,186,14,228,216,197,122,97,29,115,88,50,22,84,61,141,184,10,133,234,181,98,126,59,223,106,226,120,233,231,206,207,85,139,94,175,168,205,199,101,90,137,232,242,51,21,167,119,211,17,113,28,159,191,127,75,100,142,155,30",5000,100
4,0,93995.86338113846,1.8253206467038476,"2,164,203,5,81,143,66,6,224,76,177,166,185,125,34,32,89,82,74,173,78,152,42,129,194,64,110,132,144,8,35,60,163,183,24,145,105,235,65,227,176,47,170,230,3,107,95,104,174,182,172,58,213,217,214,202,31,225,12,55,44,130,169,92,83,229,87,209,120,233,231,206,207,212,25,4,96,93,70,111,238,124,68,36,137,199,101,90,193,239,162,41,16,237,86,57,160,119,167,232,242,51,21,113,211,17,123,140,69,218,13,151,135,147,37,15,80,204,158,210,187,208,108,53,180,154,102,49,103,7,241,67,26,79,236,114,146,28,159,191,127,56,45,136,161,18,77,19,171,33,109,156,39,131,63,215,72,155,142,75,100,30,189,91,27,178,149,20,48,157,112,11,205,116,99,226,106,223,59,126,175,94,139,85,168,98,234,181,133,10,184,141,61,84,88,115,50,22,216,97,122,197,14,186,219,138,52,62,195,228,118,9,221,121,73,46,198,117,153,40,196,165,220,222,29,128,200,188,43,148,240,150,134,201,179,23,38,190,192,54,71",5000,100
4,1,93081.35915424806,1.8572674880336655,"38,23,179,194,64,110,144,132,8,35,60,163,183,145,24,107,95,230,3,105,54,192,190,196,46,73,121,222,239,162,193,90,101,199,137,43,148,128,200,188,56,45,136,161,18,77,127,191,159,28,113,211,17,19,171,33,109,156,39,131,63,215,72,151,135,147,37,80,15,204,158,102,49,103,241,7,69,140,123,13,218,236,114,79,26,67,146,160,119,167,21,51,242,232,57,86,237,16,41,130,44,55,12,172,182,174,104,209,87,229,83,92,169,153,40,117,198,48,20,189,91,157,112,164,2,5,203,81,74,82,89,32,34,4,212,25,217,214,31,202,221,9,154,53,180,208,108,187,210,225,14,186,219,138,52,62,195,205,116,99,61,141,184,133,10,181,98,234,22,50,29,115,88,84,97,122,197,216,228,118,213,58,124,68,36,206,231,233,120,106,223,59,126,168,175,94,139,111,238,71,96,185,125,93,70,85,226,155,27,235,65,227,176,47,170,173,78,152,42,129,220,165,11,76,224,177,166,143,6,66,30,100,75,142,178,149,150,134,201,240,207",5000,100
4,2,94792.34754100534,1.726061974793606,"50,29,115,88,22,141,61,84,97,122,197,216,228,62,195,205,116,99,226,106,223,59,126,175,94,139,124,68,25,4,212,36,206,231,207,32,89,82,74,185,125,66,6,224,76,11,177,166,143,81,34,5,203,2,164,112,157,189,91,20,48,27,178,149,235,65,227,176,47,170,230,3,107,95,105,54,192,190,196,165,220,129,194,64,110,144,132,8,35,60,163,183,145,24,173,78,152,42,23,38,179,90,101,199,134,150,201,240,148,128,200,188,56,191,127,159,28,113,211,17,123,140,69,218,13,151,135,147,37,80,15,204,158,210,187,208,108,14,186,219,138,52,168,85,111,238,70,93,96,71,120,233,174,104,209,87,229,83,92,169,130,44,182,172,58,213,217,214,202,31,225,12,55,236,79,26,67,146,160,119,167,21,51,242,232,137,43,136,45,77,18,161,72,215,63,131,39,109,156,19,171,33,221,9,118,53,180,154,102,49,103,241,7,184,10,133,234,181,98,40,153,16,237,86,57,114,73,121,222,239,193,162,41,46,198,117,75,100,30,155,142",5000,100
5,0,92274.92388990505,3.5326038471400105,"138,219,62,52,195,205,116,99,98,181,234,133,10,184,141,61,84,22,29,115,50,88,97,122,197,216,74,82,89,32,34,81,5,203,164,2,112,157,48,20,149,178,27,235,65,227,176,47,170,230,3,145,24,105,107,95,54,192,173,78,152,42,129,194,64,110,144,132,8,35,60,163,183,190,165,220,196,198,117,40,153,130,92,169,83,229,87,209,104,174,58,172,182,44,55,236,79,114,146,119,167,21,51,242,232,137,199,101,150,134,201,240,148,128,200,188,56,45,136,161,18,77,156,19,171,33,109,39,131,63,215,72,159,28,113,211,17,123,140,69,218,13,151,135,147,37,80,15,204,158,102,154,53,180,187,208,108,14,186,228,118,213,217,214,202,31,225,12,221,9,210,241,103,7,49,67,26,16,237,86,57,160,41,162,239,193,222,121,73,46,91,189,75,100,30,155,142,185,96,71,111,238,70,93,125,66,6,224,76,11,177,166,143,4,25,212,36,124,68,139,94,175,168,126,59,223,106,226,120,233,231,206,207,179,23,38,90,127,191,43,85",5000,100
5,1,93020.84278561435,2.048057753414822,"205,116,99,98,181,234,133,10,184,141,61,84,22,29,115,50,88,228,52,195,14,186,219,138,62,187,208,108,53,180,154,102,49,103,7,241,37,15,204,158,210,26,67,79,114,146,160,119,167,21,51,242,232,137,199,101,150,134,201,240,38,23,179,129,42,152,78,173,192,54,105,107,95,230,3,24,145,183,163,35,60,144,132,8,64,110,194,190,165,220,196,198,117,40,153,130,44,55,236,16,237,86,57,148,128,200,188,56,45,136,161,18,77,123,140,69,218,13,151,135,147,39,131,63,171,33,109,156,19,72,215,17,113,211,28,159,191,127,43,41,162,239,193,90,11,177,166,143,66,6,224,76,125,185,82,89,32,34,81,74,5,203,164,2,112,157,48,20,91,189,27,235,65,227,176,47,170,178,149,169,83,229,87,209,104,174,58,172,182,12,225,217,214,221,9,202,31,118,213,231,206,207,4,25,212,36,124,68,139,94,85,168,175,126,59,223,106,226,120,233,71,111,238,70,93,96,80,75,100,142,155,30,222,121,73,46,92,216,97,122,197",5000,100
5,2,93793.9261563888,1.6798784306355996,"208,108,53,180,154,102,49,103,7,241,15,204,158,210,187,14,186,219,138,52,62,228,22,84,61,141,184,10,133,181,234,98,126,59,223,106,226,120,233,231,206,207,4,25,96,71,111,238,70,93,185,82,74,81,34,5,203,164,2,30,75,100,142,155,65,227,176,47,170,230,3,107,95,105,24,145,183,163,60,35,144,132,8,64,110,194,193,162,239,222,121,73,46,198,117,40,153,130,237,86,16,41,192,173,78,152,42,129,220,165,190,196,189,91,48,20,149,178,235,27,157,112,87,229,83,92,169,44,182,172,58,213,217,214,202,31,225,12,55,236,79,67,26,211,113,17,123,140,69,218,13,151,135,147,37,80,109,156,19,171,33,63,131,39,72,215,161,77,18,127,191,56,45,136,167,21,51,242,232,137,199,101,150,134,201,240,38,23,179,90,148,128,200,188,43,159,28,146,119,160,57,114,125,66,6,224,76,11,177,166,143,85,168,175,94,139,124,68,212,36,104,174,9,221,118,99,116,205,195,97,197,122,216,29,115,50,88,32,89,209,54",5000,100
5,3,93175.74772526571,1.9799067547238176,"208,108,14,186,219,138,52,62,195,205,116,99,61,141,184,133,10,181,234,98,126,59,223,106,226,120,233,231,206,207,32,34,81,143,66,6,224,76,11,177,166,93,125,185,89,82,74,36,212,25,4,96,71,238,111,70,85,168,175,94,139,124,68,209,104,174,58,213,217,214,202,31,225,12,55,236,79,114,146,160,119,167,21,51,242,232,137,199,101,150,134,201,240,148,128,200,188,56,45,136,161,77,18,127,191,159,28,113,211,17,123,140,69,218,13,151,135,147,39,131,63,215,72,19,171,33,109,156,43,41,16,237,86,57,67,26,49,103,7,241,15,204,158,210,187,53,180,154,102,221,9,118,176,47,65,227,142,75,100,30,155,91,189,27,235,178,149,20,48,157,112,164,2,203,5,182,172,44,130,153,40,117,198,46,73,121,222,239,193,162,90,23,38,179,129,42,152,78,173,192,54,105,107,95,230,3,24,145,183,163,60,35,144,132,8,64,110,194,190,165,220,196,92,169,83,229,87,170,216,97,122,197,29,115,50,88,22,84,228,37,80",5000,100
5,4,92996.62706656031,2.1507936001258177,"122,197,216,97,29,115,50,88,22,84,61,141,184,10,133,181,234,98,126,59,223,106,226,120,233,231,206,207,32,34,81,74,82,89,96,71,238,111,70,93,125,185,30,75,100,142,155,91,189,27,235,65,227,176,47,170,230,3,107,95,105,24,145,183,163,60,35,144,132,8,64,110,194,42,129,220,165,190,196,73,46,198,117,40,153,130,237,16,86,57,160,119,167,21,51,242,232,137,199,101,150,134,201,240,38,23,179,41,162,239,222,121,193,90,148,128,200,188,56,45,136,161,77,18,127,191,159,28,113,211,17,123,140,69,218,13,151,135,147,37,80,15,204,158,210,187,208,108,14,186,219,138,52,62,195,205,116,99,214,202,31,225,12,55,236,79,114,146,67,26,49,103,7,241,102,154,53,180,221,9,118,213,217,104,209,87,229,83,92,169,44,182,172,58,174,171,33,109,156,39,131,63,215,72,19,25,212,36,124,68,139,94,175,168,85,6,224,76,11,177,166,143,66,5,203,164,2,112,157,48,20,149,178,54,192,173,78,152,43,228,4",5000,100
5,5,93511.16543101173,1.9261513885459869,"219,138,52,195,205,116,99,214,202,31,225,12,55,236,79,114,146,160,119,167,21,51,242,232,137,199,101,150,134,201,240,38,23,179,129,42,152,78,173,192,54,105,107,95,230,3,24,145,183,163,60,35,144,132,8,64,110,194,190,196,73,46,198,117,40,153,130,237,16,41,162,239,222,121,193,90,148,128,200,188,56,45,136,161,215,72,19,171,33,109,156,39,131,63,180,53,154,102,49,103,7,241,15,204,158,210,187,208,108,14,186,9,221,118,217,213,58,172,182,44,174,104,209,87,229,83,92,169,91,189,27,235,65,227,176,47,170,178,149,20,48,157,112,164,2,30,75,100,142,155,74,82,89,32,34,81,5,203,143,66,6,224,76,11,177,166,93,125,185,96,71,111,238,70,139,94,175,168,85,36,124,68,212,25,4,106,226,120,233,231,206,207,113,211,17,123,140,69,218,13,151,135,147,37,80,77,18,127,191,159,28,43,26,67,228,122,197,216,97,29,115,50,88,22,84,61,141,184,10,133,181,234,98,126,59,223,62,57,86,165,220",5000,100
5,6,93551.08713529239,1.7485095536947413,"22,84,61,141,184,10,133,181,234,98,126,59,223,106,226,120,233,231,206,207,4,25,212,36,124,68,139,94,175,168,85,238,111,70,93,125,66,6,224,76,11,177,166,143,81,74,82,89,32,34,5,203,164,2,30,75,100,142,155,91,189,27,235,65,227,176,47,170,230,3,107,95,105,24,145,183,163,60,35,144,132,8,64,110,194,42,152,78,173,192,54,190,196,73,121,222,193,239,162,90,148,128,200,188,56,45,136,161,77,18,127,191,159,28,113,211,17,123,140,69,218,13,151,135,147,37,80,15,204,158,210,187,208,108,14,186,138,219,62,52,195,205,116,99,97,122,197,216,29,115,50,88,228,118,221,9,214,202,31,225,12,55,236,79,114,146,160,119,167,21,51,242,232,137,199,101,150,134,201,240,38,23,179,129,220,165,43,26,67,7,241,102,49,103,57,86,237,16,41,117,198,46,92,169,83,229,87,209,104,174,58,213,217,154,53,180,72,215,109,156,19,171,33,131,39,63,157,112,48,20,149,178,71,96,185,182,172,44,130,153,40",5000,100
6,0,95044.51528258233,1.7145374304862095,"22,88,115,29,216,197,122,97,84,61,141,184,10,133,234,181,98,168,175,94,139,124,68,25,4,212,36,206,231,207,32,89,82,74,185,125,66,6,224,76,11,177,166,100,75,30,142,155,178,149,189,91,48,20,27,235,65,227,176,47,170,230,3,183,163,60,35,144,132,8,64,110,194,42,129,179,38,23,90,101,199,137,201,240,148,128,200,188,56,191,127,28,113,211,17,123,140,69,218,13,151,135,147,37,80,15,204,158,210,187,208,108,9,221,180,53,154,102,49,103,7,241,67,26,146,114,236,55,44,169,92,83,87,229,209,104,174,172,182,12,225,31,202,214,217,118,233,120,223,59,126,106,226,213,58,195,52,62,219,138,186,14,228,99,116,205,131,39,109,156,19,171,33,63,72,215,161,136,45,77,18,51,242,232,167,119,160,57,86,237,16,41,239,162,193,222,121,73,165,220,190,196,46,198,117,40,153,130,157,112,2,164,203,5,81,143,93,70,238,111,71,96,34,85,54,192,173,78,152,24,145,95,107,105,79,21,43,159,134,150,50",5000,100
6,1,93211.26166209372,1.781834088288052,"108,208,187,210,154,53,180,102,49,103,7,69,218,13,151,135,147,37,80,15,204,158,228,97,122,197,216,29,88,115,50,22,84,61,141,184,10,133,234,181,98,168,175,94,139,124,68,25,4,212,36,206,231,233,120,223,106,226,59,126,85,238,111,70,93,125,66,6,224,76,11,177,166,143,81,34,5,203,2,164,112,157,48,20,27,235,65,227,176,47,170,230,3,107,95,105,24,145,183,163,60,35,144,132,8,64,110,194,42,129,179,38,23,134,150,201,240,148,128,200,188,43,159,28,113,211,17,123,140,77,18,161,136,45,56,191,127,21,51,242,232,137,199,101,90,193,239,162,41,16,237,86,57,160,119,167,67,26,79,236,114,146,44,55,217,214,202,31,225,12,172,182,58,213,118,221,9,14,138,219,62,52,195,116,205,99,71,96,89,82,74,185,32,207,189,91,149,178,155,75,100,30,142,165,220,222,121,73,46,198,117,40,153,130,169,92,83,229,87,209,104,174,186,39,131,63,72,215,171,33,109,156,19,241,78,173,192,54,190,196,152",5000,100
6,2,92545.73378551219,2.051842872053714,"138,219,62,195,52,122,197,216,97,84,61,141,184,10,133,234,181,98,168,175,94,139,124,68,25,4,212,36,206,231,233,120,104,174,58,213,217,214,202,31,225,12,172,182,44,55,236,114,146,67,26,79,103,49,102,154,53,180,210,187,208,108,186,14,228,99,118,221,9,158,204,15,80,37,147,135,151,13,218,19,171,33,109,156,39,131,63,72,215,161,136,45,56,191,127,28,159,134,150,201,240,148,128,200,188,43,137,199,101,90,193,239,162,41,16,237,86,57,160,119,167,21,51,242,232,130,169,92,83,229,87,209,207,32,89,82,74,185,96,71,238,111,70,93,125,66,6,224,76,11,177,166,143,81,34,5,203,2,164,112,157,48,20,27,235,65,227,176,47,170,230,3,107,95,105,24,145,183,163,60,35,144,132,8,64,110,194,42,152,78,173,192,54,149,178,91,189,155,75,100,30,142,165,220,222,121,73,46,198,117,40,153,196,190,129,179,38,23,18,77,113,211,17,123,140,69,7,241,115,50,88,22,85,223,106,226,59,126,205,116,29",5000,100
7,0,93408.03147885107,1.8145467139230234,"122,216,197,97,29,115,88,50,84,22,141,61,234,98,126,59,223,106,226,120,233,231,206,207,212,25,4,96,185,125,66,6,76,224,11,166,177,143,81,74,82,89,32,34,5,203,2,164,112,157,48,20,149,178,27,235,47,176,227,65,142,75,100,30,155,189,91,196,190,192,183,163,60,35,144,132,8,64,110,194,42,129,220,165,121,222,239,193,162,90,101,199,150,134,201,240,38,179,23,148,128,200,188,56,45,136,161,77,123,140,69,218,13,151,135,147,37,80,15,204,158,210,187,208,108,53,180,154,102,49,103,241,7,17,113,28,159,191,127,171,33,109,156,19,39,131,63,215,72,117,153,40,92,169,83,229,87,209,104,174,172,182,44,55,236,79,26,67,146,160,119,167,21,51,242,232,137,43,114,57,86,237,16,41,130,198,46,73,95,230,3,107,105,54,24,145,170,93,71,238,111,70,85,168,175,94,139,124,68,36,181,10,133,184,228,205,116,99,195,52,62,138,219,186,14,221,9,214,202,31,225,12,217,213,58,118,211,18,173,78,152",5000,100
7,1,93079.0231330526,2.048057753414822,"216,197,122,97,228,62,52,195,205,116,99,234,181,98,126,59,223,106,226,120,233,231,206,207,68,124,139,238,111,70,71,96,185,125,66,6,224,11,166,177,76,227,65,142,75,100,30,155,189,91,196,190,165,121,73,46,198,117,153,40,92,169,130,237,16,41,86,57,160,119,167,21,51,242,232,137,43,56,45,136,161,18,77,123,140,69,218,13,151,135,147,37,80,15,204,158,210,187,208,108,53,180,154,102,49,103,241,7,17,211,113,28,159,191,127,171,33,109,156,19,39,131,63,215,72,118,14,186,219,138,61,84,22,88,115,50,29,9,221,202,31,225,12,217,214,213,58,172,182,44,55,236,79,26,67,146,114,168,175,94,85,36,212,25,4,83,229,87,209,104,174,164,2,203,5,112,157,48,20,149,178,27,235,47,176,170,230,3,107,105,54,192,173,78,152,42,129,220,222,239,193,162,90,101,199,150,134,201,240,23,38,179,194,64,110,144,132,8,35,60,163,183,145,24,95,200,148,128,188,34,32,89,82,74,81,143,10,133,184,141,93",5000,100
7,2,92762.31706054938,2.16895008769017,"88,115,50,29,122,197,216,97,228,62,52,195,205,116,99,234,181,98,126,59,223,106,226,120,233,231,206,207,32,89,82,74,81,34,5,203,2,164,112,157,48,20,149,178,27,235,47,176,227,65,142,75,100,30,155,189,91,196,190,192,173,78,152,42,129,220,165,121,73,46,198,117,153,40,92,169,130,237,16,41,86,57,160,119,167,21,51,242,232,137,43,56,45,136,161,18,77,123,140,69,218,13,151,135,147,37,80,15,204,158,210,187,208,108,53,180,154,102,49,103,241,7,17,211,113,28,159,191,127,171,33,109,156,19,39,131,63,215,72,118,213,58,172,182,44,55,236,79,26,67,146,114,225,12,217,214,202,31,9,221,186,14,138,219,84,22,141,61,184,10,133,209,229,87,83,170,230,107,95,105,54,24,145,3,183,163,60,35,144,132,8,64,110,194,179,23,38,240,201,134,150,148,128,200,188,162,90,101,199,239,193,222,36,68,124,139,238,111,70,71,96,25,4,212,94,175,168,85,93,185,125,66,6,224,76,11,166,177,143,104,174",5000,100
7,3,93744.62451756076,1.7232527382830412,"29,115,50,88,22,141,61,84,184,10,133,181,98,126,59,223,106,226,120,233,231,206,207,32,89,82,74,185,125,66,6,224,76,11,166,177,143,81,34,5,203,2,164,112,157,48,20,149,178,27,235,47,176,227,65,142,75,100,30,155,189,91,196,190,46,73,121,222,239,193,162,90,101,128,200,148,188,56,45,136,161,18,77,123,140,69,218,13,151,135,147,37,80,15,204,158,210,187,208,108,53,180,154,102,49,103,241,7,17,211,113,28,159,191,127,171,33,109,156,19,39,131,63,72,215,67,146,160,119,167,21,51,242,232,137,43,114,79,26,153,40,92,169,130,237,16,41,86,57,198,117,24,145,3,230,107,95,105,54,192,173,78,152,42,129,220,165,183,163,60,35,144,132,8,194,64,110,170,221,9,214,202,31,225,12,217,213,58,172,182,44,55,236,174,87,209,104,83,229,205,116,99,234,94,175,168,85,111,238,70,71,96,25,4,68,124,139,118,14,186,219,138,52,62,195,93,212,36,134,150,201,240,23,38,179,199,228,197,122,216,97",5000,100
8,0,94431.75419826475,1.8037084273059028,"77,18,161,72,215,63,113,211,17,127,191,159,28,43,148,137,199,201,240,38,23,179,194,64,110,132,8,144,35,60,163,183,173,78,152,42,129,220,165,73,121,222,239,193,162,90,101,134,150,146,160,167,119,53,180,154,102,49,103,241,7,67,26,79,236,114,130,169,92,153,40,117,198,46,196,190,192,54,105,107,95,170,230,3,145,24,47,227,65,176,235,27,178,149,20,48,91,189,164,2,203,5,30,100,75,155,142,143,224,76,11,6,66,125,185,82,89,32,34,81,166,177,25,4,212,213,58,172,182,44,55,12,225,31,202,214,221,9,217,118,99,116,52,62,138,219,186,14,195,205,141,61,84,97,216,197,122,29,115,50,88,22,228,133,10,181,234,98,59,126,223,106,226,104,174,229,87,83,209,207,231,206,120,233,36,68,124,139,94,175,168,85,70,111,238,71,96,93,74,140,69,218,13,151,135,147,37,204,15,80,39,131,109,156,19,171,33,158,210,187,208,108,57,86,237,16,41,232,242,51,21,128,200,188,56,45,136,123,157,112,184",5000,100
8,1,93270.04699820228,2.2486024588066873,"141,184,10,133,181,234,98,59,126,175,168,85,94,139,238,111,70,93,185,125,66,6,224,76,11,177,166,143,30,75,100,142,155,149,178,27,235,47,176,227,65,170,230,3,107,95,105,24,145,183,163,60,35,144,132,8,110,64,194,152,78,173,192,54,190,196,222,239,162,193,90,101,199,134,150,201,240,38,23,179,129,42,165,220,121,73,46,198,117,40,153,92,169,87,83,229,209,104,174,182,172,58,213,217,214,202,31,225,12,55,236,114,146,160,119,167,21,51,242,232,137,148,200,128,188,43,56,191,127,159,28,113,211,17,123,140,69,218,13,151,135,147,37,80,15,204,158,210,187,208,108,186,14,195,52,62,138,219,228,205,116,99,118,221,9,226,106,223,120,233,231,206,207,32,34,81,74,82,89,4,212,25,71,96,124,68,36,20,48,91,189,157,112,164,2,5,203,122,197,216,97,84,61,22,50,88,115,29,171,33,109,156,19,131,39,215,72,63,77,18,161,136,45,57,86,237,16,41,130,44,26,67,79,103,241,7,49,102,154,53,180",5000,100
8,2,93038.9934311304,2.6707931583472644,"22,88,115,50,29,122,197,216,97,84,61,141,184,10,133,181,234,98,59,126,175,168,85,94,139,238,111,70,93,185,82,89,32,34,81,74,96,71,124,68,36,206,231,233,120,106,223,226,99,116,205,195,52,62,138,219,228,53,180,154,102,49,103,241,7,67,26,79,236,114,146,160,119,167,21,51,242,232,137,148,200,128,188,43,56,191,127,159,28,113,211,17,123,140,69,218,13,151,135,147,37,80,15,204,158,210,187,208,108,186,14,118,221,9,214,202,31,225,12,55,44,130,153,40,117,198,46,196,190,165,220,129,42,152,78,173,192,54,105,107,230,3,145,24,183,163,60,35,144,132,8,64,110,194,179,23,38,201,240,150,134,101,199,90,41,86,237,16,57,72,215,63,39,131,109,156,19,171,33,77,18,161,136,45,235,27,178,149,20,48,189,91,157,112,164,2,203,5,30,75,100,142,155,176,227,65,170,47,95,83,169,92,229,87,209,104,174,182,172,58,213,217,239,162,193,222,121,73,224,76,11,177,166,143,6,66,125,4,25,212,207",5000,100
8,3,93457.17110284566,1.9195667843953594,"195,52,62,138,219,228,216,97,122,197,141,61,84,88,115,50,29,22,184,10,133,181,234,98,59,126,175,168,85,139,238,111,70,93,185,125,66,6,224,76,11,177,166,143,30,75,100,142,155,149,20,48,91,189,27,235,47,170,230,3,107,95,105,24,145,183,163,60,35,144,132,8,110,64,194,179,23,38,201,240,150,134,101,199,137,148,200,128,188,43,56,191,127,159,28,113,211,17,123,140,69,218,13,151,135,147,37,80,15,204,158,210,187,208,108,186,14,225,31,202,214,221,9,118,99,116,205,212,25,4,96,71,124,68,36,206,231,233,120,106,223,226,209,104,174,182,172,58,213,217,236,114,146,160,119,167,21,51,242,232,103,241,7,49,102,154,53,180,198,46,73,121,222,239,193,162,90,41,16,237,86,57,72,215,63,39,131,109,156,19,171,33,77,18,161,136,45,164,2,203,5,34,81,74,82,89,32,207,54,192,190,196,165,220,129,42,152,78,173,117,40,153,92,169,130,44,55,12,79,26,67,83,229,87,65,227,176,178,112,157,94",5000,100
8,4,93737.92077915868,1.8235799370968766,"71,238,111,70,93,185,125,66,6,224,76,11,177,166,143,30,75,100,142,155,149,178,27,235,47,176,227,65,170,230,3,107,95,105,24,145,183,163,60,35,144,132,8,110,64,194,152,78,173,192,190,196,73,121,222,239,193,162,90,101,199,150,134,201,240,38,23,179,129,42,165,220,41,86,237,16,57,119,160,26,67,79,236,114,146,21,167,232,242,51,28,113,211,17,123,140,69,218,13,151,135,147,131,39,109,156,19,171,33,72,215,63,77,18,161,136,45,56,191,127,159,43,148,200,128,188,137,217,214,202,31,225,12,55,44,182,172,58,213,174,104,209,229,87,83,169,92,91,189,20,48,157,112,164,2,203,5,34,81,74,82,89,32,207,231,206,120,233,25,212,36,68,124,139,94,175,168,85,126,59,223,106,226,99,116,205,195,52,62,138,219,228,216,197,122,97,84,61,141,184,10,133,181,234,98,29,115,50,88,22,130,153,40,117,198,46,54,4,96,204,158,210,187,208,108,186,14,118,221,9,180,53,154,102,49,103,241,7,80,15,37",5000,100
8,5,95341.20334126783,1.7482027965174634,"96,71,238,111,70,93,185,125,66,6,224,76,11,177,166,143,30,75,100,142,155,149,178,27,235,47,176,227,65,170,230,3,107,95,105,24,145,183,163,60,35,144,132,8,110,64,194,152,78,173,192,54,190,196,46,73,121,222,239,193,162,90,101,199,137,148,200,128,188,56,191,127,159,28,113,211,17,123,140,69,218,13,151,135,147,37,80,15,204,158,210,187,208,108,186,14,195,52,62,138,219,228,216,97,122,197,29,115,50,88,22,84,61,141,184,10,133,181,234,98,59,126,175,168,85,94,139,124,68,36,206,231,233,120,106,223,226,58,213,217,214,202,31,225,12,55,236,114,146,160,57,86,237,16,41,130,44,182,172,174,104,209,229,87,83,169,92,153,40,117,198,220,48,91,189,20,157,112,164,2,203,5,34,81,74,82,89,32,207,4,25,212,118,221,9,180,53,154,102,49,103,241,7,67,26,79,51,242,232,167,119,21,43,45,136,161,77,18,171,33,109,156,19,131,39,215,72,63,23,38,201,240,150,134,129,42,165,179,205,116,99",5000,100
8,6,93396.6925987937,1.9599998430744783,"84,61,141,184,10,133,181,234,98,59,126,175,168,85,94,139,238,111,70,93,185,125,66,6,224,76,11,177,166,143,30,75,100,142,155,149,178,27,235,47,176,227,65,170,230,3,107,95,105,24,145,183,163,60,35,144,132,8,110,64,194,152,78,173,192,54,190,196,165,220,129,42,179,23,38,201,240,150,134,101,199,137,43,242,51,232,167,119,160,57,86,237,16,41,130,114,146,21,211,17,123,140,69,218,13,151,135,147,37,80,15,204,158,210,187,208,108,186,14,195,52,62,138,219,228,205,116,99,118,221,9,214,202,31,225,12,55,236,157,112,164,2,203,5,34,81,74,82,89,32,207,231,206,120,233,104,174,182,172,58,213,217,63,39,131,109,156,19,171,33,72,215,161,77,18,136,45,56,191,127,159,28,113,103,241,7,67,26,79,44,229,87,83,169,92,153,40,117,198,46,73,121,222,239,193,162,90,226,106,223,22,50,88,115,29,122,197,216,97,71,96,4,25,212,36,68,124,209,20,48,91,189,180,53,154,102,49,148,200,128,188",5000,100
9,0,96458.07506958692,1.4813981778450278,"52,195,205,116,99,29,115,50,88,22,184,133,10,234,181,98,168,126,175,94,36,212,25,68,238,111,70,93,125,185,96,113,211,28,159,191,127,18,123,140,69,17,43,148,128,200,188,56,45,136,161,72,215,63,39,131,156,109,171,33,19,77,198,117,153,40,92,169,130,44,182,172,58,213,118,221,9,214,217,225,12,55,236,79,114,146,160,57,86,237,16,41,162,193,239,129,42,152,78,173,192,54,149,178,27,235,47,176,227,65,170,230,3,105,107,95,145,24,183,163,60,35,144,132,8,64,110,194,38,23,179,48,20,91,189,142,75,100,30,155,164,2,203,5,87,229,209,104,174,233,231,206,207,4,120,226,106,223,59,201,134,150,199,101,90,137,232,242,51,21,119,167,241,7,103,49,102,53,180,187,208,108,14,186,219,138,62,228,154,210,158,204,15,80,37,147,135,151,13,218,82,89,32,34,81,74,143,177,166,6,76,224,11,190,196,46,121,222,220,165,73,83,112,157,67,26,216,197,122,97,84,61,141,202,31,240,139,124,71,85,66",5000,100
9,1,95564.35501210357,1.583750627945778,"175,94,124,139,85,70,93,125,185,96,71,238,111,203,5,89,32,34,81,74,82,177,166,143,6,66,224,76,11,95,230,3,145,24,183,163,60,35,144,132,8,64,110,194,42,78,173,192,54,105,107,149,178,27,235,47,176,227,65,142,75,100,30,2,164,91,189,20,48,157,112,209,104,174,58,213,217,118,221,9,214,202,31,225,12,172,182,44,130,236,79,26,67,146,114,16,86,237,41,162,239,193,90,101,199,150,134,201,240,23,38,179,43,200,128,148,188,56,159,28,113,211,191,127,123,140,69,218,13,151,135,39,131,156,109,171,33,19,63,215,72,18,77,45,136,161,21,119,160,57,167,51,242,232,137,208,108,158,210,187,53,180,154,102,49,103,7,241,15,80,37,147,204,228,219,138,62,52,195,205,116,99,14,186,206,231,233,120,36,212,25,68,4,207,229,87,83,169,92,40,153,117,198,46,73,121,222,220,165,196,190,152,129,55,122,197,216,97,84,61,141,22,88,115,50,29,184,234,10,133,181,98,126,59,223,106,226,168,17,155,170",5000,100
9,2,92575.50850361511,2.0860017512985474,"58,213,217,118,221,9,214,202,31,225,12,55,44,182,172,174,169,92,83,229,87,209,104,4,25,212,68,124,139,94,175,168,126,59,223,106,226,120,233,231,206,207,32,34,81,74,82,89,96,71,111,238,70,93,125,185,66,6,224,76,11,177,166,143,100,30,75,142,155,27,235,47,176,227,65,170,230,3,24,145,107,95,105,54,192,190,196,46,73,165,220,129,152,78,173,183,163,60,35,144,132,8,64,110,194,42,23,38,179,90,101,199,150,134,201,240,128,200,148,43,242,232,137,167,119,160,57,86,237,16,41,162,193,239,222,121,188,56,45,136,127,191,159,28,113,211,17,69,218,13,151,135,39,131,63,215,72,161,77,18,123,140,19,171,33,156,109,147,37,204,15,80,103,49,241,7,67,26,79,236,114,146,21,51,158,210,102,154,53,180,187,208,108,14,186,219,138,62,52,195,205,116,99,130,153,40,117,198,91,189,20,149,178,48,157,112,164,2,203,5,97,84,61,141,22,88,115,29,50,197,216,122,228,85,36,181,234,10,133,184,98",5000,100
9,3,93396.86172054311,1.7485095536947415,"210,187,208,108,14,186,219,138,62,52,195,205,116,99,118,221,9,214,202,31,225,12,55,236,114,146,160,57,86,237,16,41,162,193,239,222,121,73,46,198,117,153,40,92,83,229,87,209,104,174,172,182,44,130,169,157,112,164,2,203,5,155,142,75,100,30,166,143,224,76,11,177,81,74,82,89,32,34,42,152,78,173,192,190,196,165,220,129,194,64,110,132,8,144,35,60,163,183,145,24,3,170,230,107,95,105,54,178,149,27,235,47,176,227,65,20,48,91,189,23,38,179,90,101,199,150,134,201,240,128,200,148,188,56,45,136,161,18,77,19,33,171,109,156,39,131,63,215,72,102,158,204,15,80,7,241,49,103,67,26,79,211,17,123,140,69,218,13,151,135,147,37,228,53,180,154,43,242,51,232,137,167,119,21,113,28,159,191,127,217,58,213,120,233,231,206,207,4,25,68,36,212,85,98,181,234,133,10,184,141,61,84,22,88,115,50,29,97,122,197,216,223,106,226,59,126,175,168,94,124,139,111,238,70,93,125,66,6,185,96,71",5000,100
9,4,92946.40494424575,1.8782635317377327,"169,92,83,229,87,209,104,174,172,58,213,217,214,202,31,225,12,55,236,114,146,160,57,86,237,16,41,162,193,239,222,121,73,46,198,117,153,40,20,48,91,189,157,112,164,2,203,5,155,142,75,100,30,149,178,27,235,47,176,227,65,170,230,3,107,95,105,54,192,190,196,165,220,129,42,152,78,173,183,163,60,35,144,132,8,64,110,194,38,23,179,90,101,199,150,134,201,240,128,200,148,43,28,159,191,127,113,211,17,123,140,69,218,13,151,135,147,37,204,15,80,7,241,49,103,154,102,158,210,187,208,108,14,186,219,138,62,52,195,205,116,99,118,221,9,53,180,79,26,67,21,119,167,232,137,242,51,45,136,161,18,77,19,33,171,109,156,39,131,63,215,72,188,56,139,94,175,168,85,98,126,59,223,106,226,120,233,231,206,207,32,34,81,74,82,89,96,71,238,111,70,93,125,66,6,224,76,11,177,166,143,185,4,25,68,124,36,212,44,130,50,29,115,88,22,84,61,141,10,133,184,234,181,216,122,197,97,228,24,145,182",5000,100
9,5,92998.41719040874,1.7928046197117584,"110,194,42,152,78,173,192,190,196,46,198,117,153,40,92,83,229,87,209,104,174,172,182,44,55,236,114,146,160,119,167,21,51,242,232,137,43,28,159,191,127,113,211,17,123,140,69,218,13,151,135,147,37,204,15,80,7,241,49,103,67,26,79,57,86,237,16,41,162,193,239,222,121,73,165,220,129,101,199,150,134,201,240,23,38,179,90,148,128,200,188,56,45,136,161,18,77,19,33,171,109,156,39,131,63,215,72,102,158,210,187,208,108,14,186,219,138,62,52,195,205,116,99,118,221,9,214,202,31,225,12,130,169,157,112,164,2,203,5,212,25,4,36,68,124,139,94,175,168,85,70,93,125,66,6,224,76,11,177,166,143,100,30,75,142,155,27,235,47,176,227,65,170,230,3,107,95,105,54,178,149,145,24,183,163,60,35,144,132,8,64,91,189,20,48,58,213,217,106,226,120,233,231,206,207,32,34,81,74,82,89,96,71,238,111,126,59,223,98,181,234,10,133,184,141,61,84,22,88,115,50,29,97,216,197,122,228,53,180,154,185",5000,100
9,6,92824.84754877114,2.070502897491503,"4,25,68,124,139,94,175,168,85,98,234,181,10,133,184,141,61,84,22,88,115,50,29,197,216,122,97,228,62,52,195,205,116,99,118,221,9,214,202,31,225,12,55,236,114,146,160,57,86,237,16,41,162,193,239,222,121,73,46,198,117,153,40,92,83,229,87,209,104,174,172,182,44,130,169,157,112,164,2,203,5,212,36,120,233,231,206,207,32,34,81,74,82,89,185,96,71,238,111,70,93,125,66,6,224,76,11,177,166,143,100,30,75,142,155,27,235,47,176,227,65,170,230,3,107,95,105,54,192,190,196,165,220,129,42,152,78,173,183,163,60,35,144,132,8,64,110,194,38,23,179,90,101,199,150,134,201,240,128,200,148,188,56,45,136,161,18,77,19,33,171,109,156,39,131,63,215,72,28,159,191,127,113,211,17,123,140,69,218,13,151,135,147,37,204,15,80,7,241,49,103,67,26,79,21,51,242,232,137,43,167,119,210,187,208,108,14,186,219,138,53,180,154,102,158,217,58,213,226,106,223,59,126,20,48,178,149,145,24,189,91",5000,100
10,0,94944.28769956373,1.6681654160904473,"62,52,195,205,116,99,118,213,58,172,182,44,55,236,79,26,67,146,114,57,86,237,16,41,90,199,137,232,242,51,21,167,119,160,241,103,49,102,158,210,187,208,108,180,53,154,7,15,80,37,204,238,111,4,25,212,36,94,175,168,126,59,223,106,226,233,120,231,206,207,32,89,82,74,185,125,66,6,224,76,11,177,166,143,81,34,203,5,2,164,30,100,75,142,155,189,91,157,112,40,153,92,83,229,87,209,104,174,169,130,117,198,46,121,73,222,239,193,162,23,38,179,42,129,194,64,110,8,132,144,35,60,163,183,145,24,3,230,170,47,176,227,65,235,27,178,149,20,48,95,107,105,54,192,173,78,152,165,220,196,190,216,97,122,197,29,115,50,88,84,61,141,22,184,10,133,234,181,98,85,70,93,96,71,124,68,139,14,186,138,219,228,148,200,128,188,56,45,136,161,18,77,127,191,159,28,113,211,17,123,140,69,218,13,151,135,147,39,131,63,72,215,33,171,19,156,109,225,31,202,214,9,221,217,12,201,240,134,150,101,43",5000,100
10,1,95009.01258119181,1.3856517446317453,"88,84,61,141,184,10,133,234,181,98,168,175,126,59,223,106,226,233,120,231,206,207,32,89,82,74,185,125,66,6,224,76,11,177,166,143,81,34,203,5,2,164,30,100,75,142,155,189,91,20,149,178,27,235,65,227,176,47,170,230,95,107,105,54,192,190,196,46,198,117,40,153,92,169,130,16,237,86,57,160,119,167,21,51,242,232,137,199,101,134,150,201,240,23,38,179,90,162,193,239,222,121,73,165,220,129,194,64,110,8,132,144,35,60,163,183,145,24,3,58,213,217,225,12,172,182,44,55,236,79,26,67,146,114,41,7,241,15,80,37,147,39,131,63,72,215,33,171,19,156,109,135,151,13,218,69,17,123,140,56,188,200,128,148,43,159,28,113,211,77,18,161,136,45,191,127,202,214,9,221,118,186,14,108,208,187,53,180,154,102,158,210,204,238,111,70,93,96,71,85,94,139,124,68,212,25,4,229,87,209,104,174,83,157,112,48,152,78,173,29,122,197,216,97,116,205,195,52,62,138,219,228,22,50,115,99,49,103,31,36,42",5000,100
10,2,94307.18447472146,1.7700666921544388,"29,115,50,88,84,61,141,184,10,133,234,181,98,168,175,126,59,223,106,226,233,120,231,206,207,32,89,82,74,185,125,66,6,224,76,11,177,166,143,81,34,203,5,2,164,30,100,75,142,155,189,91,20,149,178,27,235,65,227,176,47,170,95,107,105,54,192,190,196,46,198,117,40,153,92,169,130,16,237,86,57,160,119,167,21,51,242,232,137,199,101,134,150,201,240,23,38,179,42,129,220,165,121,73,222,239,193,162,90,41,114,236,79,26,67,146,43,191,127,159,28,113,211,17,123,140,69,218,13,151,135,147,39,131,63,72,215,33,171,19,156,109,77,18,161,136,45,56,188,200,128,148,37,204,15,80,158,210,187,208,108,180,53,154,102,49,103,7,241,31,202,214,9,221,118,213,58,217,225,12,172,182,44,55,174,104,209,83,229,87,112,157,48,152,78,173,183,163,60,35,144,132,8,110,64,194,24,145,3,230,228,197,216,97,122,22,205,195,52,62,138,219,186,14,116,99,85,94,139,124,68,212,25,4,96,71,238,111,70,93,36",5000,100
10,3,94193.40142215832,1.8130036537527194,"84,61,141,184,10,133,234,181,98,168,175,126,59,223,106,226,233,120,36,94,139,124,68,212,25,4,96,71,238,111,70,93,185,125,66,6,224,76,11,177,166,143,81,34,32,89,82,74,203,5,2,164,112,157,48,20,149,178,27,235,65,227,176,47,170,95,107,105,54,192,190,196,46,198,117,40,153,92,169,130,16,237,86,57,160,119,167,21,51,242,232,137,199,101,134,150,201,240,23,38,179,42,129,194,64,110,8,144,132,35,60,163,183,145,24,3,230,222,121,73,165,220,209,87,229,83,75,100,30,155,142,189,91,90,162,193,239,41,114,236,79,26,67,146,43,191,127,159,28,113,211,17,123,140,69,218,13,151,135,147,39,131,63,72,215,33,171,19,156,109,77,18,161,136,45,56,188,200,128,148,37,204,15,80,158,210,187,208,108,180,53,154,102,49,103,7,241,31,202,214,9,221,118,213,58,217,225,12,172,182,44,55,174,104,85,207,206,231,99,116,205,195,52,62,138,219,186,14,228,197,216,97,122,115,88,50,29,22,173,78,152",5000,100
10,4,92261.18229560553,1.836031358544255,"50,29,115,88,84,61,141,184,10,133,234,181,98,168,175,126,59,223,106,226,233,120,231,206,207,32,89,82,74,81,34,203,5,2,164,112,157,48,20,149,178,27,235,65,227,176,47,170,95,107,230,3,145,24,105,54,192,173,78,152,183,163,60,35,144,132,8,110,64,194,129,220,165,121,73,46,198,117,40,153,92,169,130,16,237,86,57,160,119,167,21,51,242,232,137,199,101,134,150,201,240,23,38,179,42,211,17,123,140,69,218,13,151,135,147,39,131,63,72,215,33,171,19,156,109,77,18,161,136,45,56,188,200,128,148,43,191,127,159,28,113,53,180,154,102,49,103,7,241,15,80,37,204,158,210,187,208,108,14,186,138,219,52,62,228,197,216,97,122,22,205,195,99,116,94,139,124,68,212,25,4,96,71,238,111,70,93,185,125,66,6,224,76,11,177,166,143,30,100,75,142,155,189,91,87,229,83,209,104,174,172,182,44,55,236,79,114,41,239,222,193,162,90,190,196,26,67,146,12,225,31,202,214,9,221,118,213,58,217,85,36",5000,100
10,5,93117.17715623589,1.8235799370968766,"184,10,133,234,181,98,168,175,126,59,223,106,226,233,120,231,206,207,32,89,82,74,185,125,66,6,224,76,11,177,166,143,81,34,203,5,2,164,112,157,48,20,149,178,27,235,65,227,176,47,170,95,107,105,54,192,190,196,46,198,117,40,153,92,169,130,16,237,86,57,160,119,167,21,51,242,232,137,199,101,134,150,201,240,23,38,179,42,129,220,165,121,73,222,239,193,162,90,41,114,236,79,26,67,146,43,191,127,159,28,113,211,17,123,140,69,218,13,151,135,147,39,131,63,72,215,33,171,19,156,109,77,18,161,136,45,56,188,200,128,148,37,204,15,80,158,210,187,208,108,180,53,154,102,49,103,7,241,31,202,214,9,221,118,217,225,12,172,182,44,55,174,104,209,87,229,83,75,100,30,155,142,173,78,152,183,163,60,35,144,132,8,110,64,194,24,145,3,230,228,197,216,97,122,115,50,88,84,61,141,22,29,85,94,139,124,68,212,25,4,96,71,238,111,70,93,36,99,116,205,195,52,62,138,219,186,14,58,213,91,189",5000,100
10,6,94600.2826016146,1.6915103393089959,"133,234,181,98,168,175,126,59,223,106,226,233,120,231,206,207,32,89,82,74,203,5,2,164,30,100,75,142,155,189,91,20,149,178,27,235,65,227,176,47,170,95,107,105,54,192,173,78,152,42,129,220,165,121,73,46,198,117,40,153,92,169,130,16,237,86,57,160,119,167,21,51,242,232,137,199,101,134,150,201,240,23,38,179,90,162,193,239,222,190,196,194,64,110,8,132,144,35,60,163,183,145,24,3,230,228,197,216,97,122,115,88,84,61,141,184,10,22,186,138,219,52,62,195,99,116,205,208,187,53,180,154,102,49,103,7,241,15,80,37,204,158,210,17,123,140,69,218,13,151,135,147,39,131,63,72,215,33,171,19,156,109,77,18,161,136,45,56,188,200,128,148,43,191,127,159,28,113,211,67,26,79,114,236,55,44,182,172,174,104,209,87,229,83,157,48,224,76,11,177,166,143,81,34,36,94,139,124,68,212,25,4,96,71,238,111,70,93,185,125,66,6,213,58,217,214,9,221,118,225,12,31,202,41,146,108,14,85,112,29,50",5000,100
11,0,93074.64601450581,1.955874174629403,"141,61,84,97,216,197,122,29,115,50,88,22,184,133,10,181,234,98,126,175,94,139,85,168,59,223,106,226,233,120,206,231,207,36,68,124,25,212,4,96,185,125,66,6,224,76,11,177,166,143,74,82,89,32,34,81,203,5,2,164,157,112,209,104,174,58,213,217,214,202,31,225,12,172,182,44,55,236,79,26,67,103,241,102,154,53,180,187,208,108,186,14,118,221,9,134,150,23,38,179,194,64,110,144,132,8,60,35,163,183,145,24,105,107,95,230,3,170,47,176,227,65,235,27,149,178,20,48,91,189,239,162,193,90,101,199,137,232,242,51,21,167,119,160,57,86,237,16,41,222,121,73,46,198,117,40,153,130,169,92,83,229,87,155,142,100,75,30,78,152,42,129,165,220,196,190,192,173,54,148,200,128,188,43,56,45,136,161,18,77,127,191,159,28,113,211,17,123,140,69,218,13,151,135,147,39,131,109,156,19,171,33,215,72,63,7,15,204,80,37,158,210,219,138,62,195,52,205,116,99,228,49,114,146,240,201,71,238,111,70,93",5000,100
11,1,92275.55064501951,1.969978444330417,"50,29,115,88,22,84,61,141,184,10,133,181,234,98,168,85,36,68,124,139,94,175,126,59,223,106,226,120,233,231,206,207,212,4,25,96,71,238,111,70,93,125,66,6,224,76,11,177,166,143,74,82,89,32,34,81,185,112,164,2,203,5,155,142,100,75,30,65,227,176,47,170,230,3,107,95,105,54,192,173,78,152,42,129,194,64,110,144,132,8,60,35,163,183,145,24,190,165,220,196,46,198,117,40,153,130,169,92,83,229,87,209,104,174,172,182,44,55,236,79,114,146,119,167,21,51,242,232,137,148,200,128,188,43,56,191,127,159,28,113,211,17,123,140,69,218,13,151,135,147,39,131,109,156,19,171,33,215,72,63,77,18,161,136,45,53,180,154,102,49,241,7,199,101,90,239,193,222,121,73,41,162,86,237,16,160,57,197,122,97,216,228,219,138,186,14,108,208,187,210,158,204,15,80,37,134,150,201,240,38,179,23,26,67,103,214,202,31,225,12,217,118,221,9,213,58,205,116,99,52,195,62,20,48,91,189,157,178,149,27,235",5000,100
11,2,93010.21528815066,1.9599998430744783,"100,75,30,155,142,176,227,65,235,27,178,149,20,48,157,112,164,2,203,5,34,81,74,82,89,32,4,96,71,238,111,70,93,125,66,6,224,76,11,177,166,143,185,25,212,206,207,36,68,124,139,85,168,175,126,59,223,106,226,120,233,231,113,211,17,123,140,69,218,13,151,135,147,39,131,109,156,19,171,33,215,72,63,77,18,161,136,45,56,191,127,159,28,242,232,167,21,51,57,86,237,16,41,162,193,239,222,121,73,46,198,117,40,153,130,169,92,83,229,87,209,104,174,172,182,44,55,236,79,114,146,119,160,67,26,201,240,38,179,23,64,110,144,132,8,60,35,163,183,145,24,105,107,95,230,3,170,47,54,192,173,78,152,42,129,194,137,148,200,128,188,43,9,214,202,31,225,12,58,213,217,118,221,108,208,187,210,158,102,154,180,53,103,49,241,7,15,80,37,204,195,52,62,138,219,186,14,116,205,99,234,98,181,133,10,184,141,61,84,22,88,115,50,29,122,197,216,97,228,94,189,91,220,165,196,190,134,150,101,199,90",5000,100
11,3,94053.96682766828,1.7707955929216685,"115,50,29,197,216,97,122,53,180,154,102,49,103,241,7,15,80,37,158,221,9,214,202,31,225,12,58,213,217,118,226,106,223,59,126,175,94,139,124,68,36,206,231,233,120,141,61,84,22,88,228,219,138,62,52,195,205,116,99,234,98,181,133,10,184,127,191,159,28,113,211,17,123,140,69,218,13,151,135,147,39,131,109,156,19,171,33,215,72,63,77,18,161,136,45,56,188,43,242,51,232,167,21,67,26,79,114,146,119,160,57,86,237,16,41,162,193,239,222,121,73,46,198,117,40,153,130,169,92,83,229,87,209,104,174,172,182,44,55,236,90,101,199,137,148,200,128,240,201,134,150,23,38,179,220,165,196,190,192,173,78,152,42,129,194,64,110,144,132,8,60,35,163,183,145,24,105,107,95,230,3,170,47,176,227,65,235,27,178,149,20,48,157,112,164,2,203,5,207,212,4,25,96,71,238,111,70,93,125,66,6,224,76,11,177,166,143,74,81,185,82,89,32,34,155,142,100,75,30,189,91,54,204,208,187,210,108,14,186,168,85",5000,100
11,4,91509.560990654,3.3192998477525255,"29,122,197,216,97,116,205,195,52,62,138,219,186,14,221,9,214,202,31,225,12,58,213,217,118,226,106,223,59,126,175,94,139,124,68,212,4,25,96,71,238,111,70,93,125,66,6,224,76,11,177,166,143,74,82,89,32,34,81,185,120,233,231,206,207,36,85,168,98,181,234,133,10,184,141,61,84,22,88,115,50,228,99,127,191,159,28,113,211,17,123,140,69,218,13,151,135,147,37,204,15,80,7,103,49,241,154,53,180,187,210,158,102,79,114,146,119,160,57,86,237,16,41,162,193,239,222,121,73,46,198,117,40,153,130,169,92,83,229,87,209,104,174,172,182,44,55,236,90,101,199,137,148,200,128,188,43,242,51,232,167,21,67,26,201,240,38,179,23,150,134,129,194,64,110,144,132,8,60,35,163,183,145,24,105,107,95,230,3,170,47,176,227,65,235,27,178,149,20,48,91,189,157,112,164,2,203,5,155,142,100,75,30,78,152,42,220,165,196,190,192,173,54,56,45,136,161,215,72,63,77,18,33,109,156,19,171,131,39,108,208",5000,100
11,5,93525.03373961977,1.8235799370968766,"149,178,27,235,47,176,227,65,170,230,3,107,95,105,54,192,173,78,152,42,129,194,64,110,144,132,8,60,35,163,183,145,24,190,196,165,220,222,121,73,46,198,117,40,153,130,169,92,83,229,87,209,104,174,172,182,44,55,236,79,114,146,119,160,57,86,237,16,41,162,193,239,90,101,199,137,148,200,128,188,43,242,232,167,21,51,67,26,103,49,241,15,80,37,204,158,102,154,180,53,210,187,208,108,14,186,138,219,62,195,52,205,116,99,118,221,9,214,202,31,225,12,217,213,58,226,106,223,59,126,175,168,98,181,234,133,10,184,141,61,84,22,88,115,50,29,122,197,216,97,228,94,139,85,111,238,70,93,125,66,6,224,76,11,177,166,143,74,82,89,32,34,5,203,164,2,30,100,75,142,155,91,189,20,48,157,112,207,212,25,68,124,71,185,96,4,36,206,231,233,120,140,69,218,13,151,135,147,39,131,109,156,19,171,33,215,72,63,77,18,161,136,45,56,191,159,28,113,211,17,123,134,150,201,240,38,179,23,127,7,81",5000,100
12,0,113614.88639347101,1.5205879192424547,"115,50,88,29,61,141,65,227,176,47,54,190,121,73,242,51,101,134,150,201,38,179,60,35,144,132,8,239,193,173,86,237,16,222,165,220,178,149,30,198,117,213,94,157,112,68,124,77,18,136,159,171,109,33,19,140,123,127,191,113,17,215,72,156,151,13,218,158,138,219,97,197,122,216,22,184,10,234,181,126,106,223,59,58,221,9,53,180,154,102,49,229,87,71,96,238,111,125,66,6,89,82,81,164,2,203,175,233,206,231,4,25,36,212,48,20,137,128,45,188,240,67,31,217,202,214,225,12,182,135,63,211,114,55,44,28,147,199,46,196,160,57,172,169,43,152,78,119,167,21,56,200,148,162,232,235,208,108,187,210,205,62,195,52,92,83,209,104,226,116,99,241,15,204,37,26,174,145,24,95,107,230,3,194,129,105,183,163,192,224,76,11,166,177,155,98,70,93,168,236,79,146,7,69,39,131,84,120,207,85,139,32,34,185,74,5,91,170,42,41,23,103,118,161,80,186,14,153,130,40,110,64,75,100,143,142,189,27,90,228,133",5000,100
12,1,94091.71610014974,1.6563695750543432,"50,88,115,29,216,197,122,97,84,61,141,184,10,133,234,181,98,168,175,94,139,124,68,36,212,25,4,96,71,238,111,70,93,125,185,74,81,34,32,89,82,5,203,2,164,112,157,91,189,27,235,65,227,176,47,170,230,3,145,24,105,54,192,190,165,220,222,121,73,46,198,117,153,40,92,169,130,44,182,172,58,213,217,214,202,31,225,12,174,104,226,106,223,59,126,85,76,11,6,66,143,177,166,224,75,100,30,155,142,191,127,17,123,140,69,218,13,151,135,147,39,131,63,33,171,19,109,156,146,160,119,167,21,51,242,232,137,199,101,90,162,239,193,41,16,237,86,57,236,114,79,26,67,103,49,241,7,15,80,37,204,158,210,53,180,187,208,108,14,186,219,138,62,52,195,205,116,99,228,22,120,233,231,206,207,178,149,20,48,196,173,78,152,42,129,194,64,110,144,132,8,35,60,163,183,95,107,83,229,87,209,55,102,154,159,43,148,128,200,188,56,45,136,161,18,77,72,215,28,113,211,9,221,118,201,240,38,179,23,150,134",5000,100
12,2,93189.33490221688,1.969978444330417,"197,122,97,216,29,115,50,88,22,84,61,141,184,10,133,234,181,98,168,175,94,139,124,68,36,212,25,4,96,71,111,238,70,93,125,185,74,82,89,32,34,5,203,2,164,112,157,91,189,27,235,65,227,176,47,170,230,3,24,145,105,107,95,178,149,20,48,190,196,46,198,117,153,40,92,169,130,237,16,41,162,239,193,90,101,199,134,150,201,240,128,200,148,43,159,191,127,28,113,211,17,123,140,69,218,13,151,135,147,37,204,15,80,131,39,156,109,33,171,19,18,77,161,136,45,56,188,137,242,232,167,119,160,57,86,102,154,53,180,187,208,108,14,186,219,138,62,52,195,205,116,99,118,221,9,202,31,225,12,172,182,44,55,236,114,79,26,67,146,38,23,179,129,42,152,78,173,192,54,194,64,110,144,132,8,35,60,163,183,220,165,121,73,222,215,72,63,210,158,241,103,49,213,58,174,104,209,229,87,83,120,233,231,206,207,166,177,143,6,224,76,11,66,30,75,100,142,155,106,223,59,126,85,228,226,81,217,214,51,21,7",5000,100
12,3,92104.4808826209,2.4373814642699783,"115,29,22,84,61,141,184,10,133,234,181,98,168,175,94,139,124,68,36,212,25,4,96,71,111,238,70,93,125,185,74,81,34,5,203,2,164,112,157,91,189,27,235,65,227,176,47,170,230,3,24,145,183,163,60,35,144,132,8,110,64,194,42,152,78,173,192,54,105,107,95,178,149,20,48,190,196,46,198,117,153,40,92,169,130,237,16,41,162,239,193,90,101,199,137,43,159,191,127,17,123,140,69,218,13,151,135,147,37,204,15,80,158,210,187,208,108,14,186,219,138,62,52,195,205,116,99,118,221,9,202,31,225,12,172,182,44,55,236,114,79,26,67,146,160,119,167,21,51,242,232,28,113,211,57,86,222,121,73,165,220,129,179,23,38,240,201,150,134,148,128,200,188,56,45,136,161,18,77,19,156,109,33,171,39,131,63,215,72,231,206,207,32,89,82,143,6,66,224,76,11,166,177,100,30,75,142,155,83,229,87,209,104,174,58,213,217,214,180,53,154,102,49,241,103,7,85,120,233,226,106,223,59,126,228,97,216,197,122,50,88",5000,100
13,0,93118.46616338695,1.781834088288052,"223,59,126,175,168,85,94,139,124,68,212,25,4,96,185,125,66,6,224,76,11,166,177,143,74,82,89,34,81,5,203,2,164,112,157,189,91,20,48,235,27,178,149,54,192,173,78,152,42,129,194,64,110,132,8,144,35,60,163,183,145,24,3,230,107,105,95,170,47,176,227,65,142,75,100,30,155,108,208,187,210,158,204,15,80,37,147,135,151,13,218,69,123,140,17,211,113,28,159,191,127,56,45,136,161,77,18,72,215,171,33,109,156,19,63,131,39,7,241,103,67,26,79,236,114,146,160,119,167,21,51,242,232,137,199,101,90,150,134,201,240,38,23,179,148,128,200,188,43,220,165,190,196,46,73,121,222,239,162,41,16,237,86,57,153,40,92,83,229,87,209,104,174,182,172,58,213,217,214,9,202,31,225,12,55,44,130,169,22,88,115,50,29,122,197,216,97,84,61,141,184,10,133,234,181,98,99,116,205,195,52,62,138,219,186,14,228,226,106,120,233,231,206,207,32,93,70,238,111,71,36,118,221,49,102,53,180,154,117,198,193",5000,100
13,1,94339.27262675596,1.7485095536947415,"115,50,29,216,97,122,197,84,61,141,184,10,133,181,98,234,226,106,223,59,126,175,168,85,139,111,238,71,96,185,125,66,6,224,76,11,166,177,143,74,82,89,32,34,81,5,203,2,164,112,157,189,91,20,48,235,27,178,149,54,192,190,165,220,222,121,73,46,198,117,40,153,130,169,92,41,16,237,57,86,26,67,79,236,114,55,44,182,172,58,213,217,214,202,31,225,12,118,9,221,49,103,7,241,15,204,37,147,19,109,156,171,33,131,39,135,151,13,218,69,17,123,140,242,232,137,199,101,90,23,38,179,129,194,64,110,132,144,8,35,60,163,183,173,78,152,42,105,107,95,230,3,170,47,176,227,65,142,75,100,30,155,154,102,53,180,187,210,158,229,83,104,209,87,205,116,99,70,93,124,68,25,4,212,36,94,233,120,231,206,207,174,239,193,162,28,159,191,127,211,113,21,51,146,160,119,167,150,134,201,240,148,128,200,188,43,56,45,136,161,77,18,72,215,63,80,108,208,14,186,219,138,52,62,195,228,88,22,145,24,196",5000,100
13,2,96857.32148072182,1.6694257241700543,"115,50,29,122,197,216,97,228,195,52,62,138,219,186,14,108,208,187,210,158,204,15,80,37,147,135,151,13,218,69,140,123,17,211,113,28,159,191,127,56,45,136,161,77,18,72,215,171,33,109,156,39,131,63,43,200,128,148,240,38,23,179,129,194,64,110,132,144,8,35,60,163,183,145,24,3,230,107,95,170,47,176,227,65,235,27,178,149,20,48,91,189,157,112,2,164,203,5,81,74,82,89,32,34,207,25,4,212,36,206,231,233,120,106,223,59,126,175,168,85,94,139,111,238,71,96,185,125,66,6,224,76,11,166,177,143,209,87,229,83,169,92,40,153,130,44,182,172,58,213,217,214,202,31,225,12,55,236,114,146,160,119,167,21,51,242,232,137,199,101,90,162,193,239,222,121,73,46,198,117,196,165,220,190,173,78,152,42,192,54,105,155,142,75,100,30,118,9,221,49,103,7,241,26,67,79,102,154,53,180,86,237,16,41,93,70,226,174,104,98,181,234,133,10,184,141,61,84,22,88,116,99,205,124,68,150,134,201,57,19,188",5000,100
13,3,96186.46172420816,1.703633430026931,"217,214,202,31,225,12,55,236,114,146,160,119,167,21,51,242,232,137,199,101,90,23,38,179,129,194,64,110,132,144,8,35,60,163,183,145,24,3,230,107,105,54,192,190,196,73,46,198,117,40,153,130,169,92,83,229,87,209,104,174,182,172,58,213,195,52,62,138,219,186,14,108,208,187,210,158,204,15,80,241,103,7,67,26,79,86,57,237,16,41,162,193,239,222,121,27,178,149,20,48,91,189,157,112,2,164,203,5,81,74,82,89,32,34,207,206,231,233,120,106,223,59,126,175,168,85,139,111,238,71,96,185,125,66,6,224,76,11,166,177,143,70,93,124,68,36,94,118,221,9,180,53,154,102,49,134,150,201,240,148,128,200,188,43,56,45,136,161,77,18,123,140,69,17,211,113,28,159,191,127,19,109,171,33,218,13,151,135,147,37,156,39,131,63,72,215,205,116,99,216,97,122,197,29,115,50,88,22,84,61,141,184,10,133,234,181,98,226,155,142,75,100,30,95,170,47,176,227,65,235,228,212,25,4,173,78,152,42,220,165,44",5000,100
13,4,92740.71680023341,2.266212044781071,"22,88,115,50,29,122,197,216,97,228,195,52,62,138,219,186,14,108,208,187,210,158,204,15,80,241,103,7,67,79,236,114,146,160,119,167,21,51,242,232,137,199,101,90,162,193,239,222,121,73,46,198,117,40,153,130,169,92,83,229,87,209,104,174,182,172,58,213,217,214,202,31,225,12,55,44,23,38,179,129,194,64,110,132,144,8,35,60,163,183,145,24,3,230,107,105,54,192,173,78,152,42,220,165,190,196,189,91,20,48,235,65,227,176,47,170,95,185,125,66,6,224,76,11,166,177,143,74,82,89,32,34,81,5,203,2,164,112,157,120,233,231,206,207,25,4,212,36,68,124,139,111,238,71,96,93,70,94,175,168,85,226,106,223,59,126,181,98,234,133,10,184,141,61,84,116,205,99,118,9,221,49,102,154,53,180,86,57,237,16,41,150,134,201,240,148,128,200,188,43,56,45,136,161,77,18,123,140,69,17,211,113,28,159,191,127,19,109,156,39,131,63,72,215,171,33,218,13,151,135,147,37,26,100,30,155,142,75,149,178,27",5000,100
14,0,95650.44050062518,1.6915103393089959,"116,99,234,181,98,10,184,133,141,61,84,22,197,122,97,216,228,9,221,214,202,31,225,217,12,172,182,44,55,236,79,26,67,146,160,119,167,232,137,199,101,150,134,201,240,200,128,148,188,56,45,136,161,18,77,123,140,218,13,151,135,147,39,131,63,72,215,33,171,109,156,19,210,7,103,49,241,15,204,80,37,92,169,130,16,237,86,57,90,162,193,239,222,121,73,46,196,190,165,220,129,42,152,78,173,192,54,105,107,95,230,3,24,145,183,163,60,35,144,132,8,110,64,194,179,23,38,43,51,242,21,28,159,191,127,211,113,17,69,50,88,115,29,205,195,52,62,219,138,186,14,108,208,187,154,53,180,102,158,223,106,226,120,233,231,206,207,32,89,82,185,125,66,6,224,76,11,166,177,143,74,81,203,5,34,4,212,25,68,124,139,94,175,168,126,59,111,238,71,96,93,85,70,36,213,58,174,104,209,229,87,83,91,189,27,235,47,227,65,176,170,178,149,20,48,157,112,164,2,30,155,142,75,100,40,153,117,198,41,114,118",5000,100
14,1,92297.37384609156,1.8572674880336655,"98,126,59,223,106,226,120,233,231,206,207,32,34,89,82,74,185,96,71,238,111,70,93,125,66,6,224,76,11,166,177,143,30,75,100,142,155,157,112,164,2,203,5,85,168,175,94,139,124,68,36,212,25,4,81,47,227,65,176,170,230,3,107,95,105,54,192,173,78,152,42,129,220,165,190,196,46,198,117,40,153,92,169,130,44,182,172,12,55,236,114,146,67,26,79,217,214,202,31,225,58,213,118,221,9,53,180,187,208,108,14,186,219,138,62,52,195,205,116,99,234,181,133,10,184,141,61,84,97,122,197,216,50,29,115,88,22,228,210,158,102,154,49,241,103,7,69,211,113,28,159,191,127,123,17,77,18,161,136,45,56,43,137,199,101,150,134,201,240,148,200,128,188,90,23,38,179,194,64,110,144,132,8,35,60,163,183,145,24,27,235,178,149,20,48,91,189,41,86,57,160,119,167,21,51,242,232,237,16,162,193,239,222,121,73,15,80,131,39,109,156,19,171,33,63,72,215,140,218,13,151,135,147,37,204,104,209,229,87,83,174",5000,100
14,2,92514.29767481812,1.7030628039692912,"115,50,88,22,141,61,84,234,181,98,126,59,223,106,226,120,233,231,206,207,32,34,89,82,74,81,203,5,2,164,112,157,48,20,189,91,27,235,47,227,65,176,170,230,3,107,95,105,54,192,173,78,152,42,129,220,165,190,196,73,121,222,162,193,239,90,101,150,134,201,240,128,200,148,188,56,45,136,161,18,77,123,140,69,17,211,113,28,159,191,127,43,51,242,232,137,199,16,237,86,57,160,119,167,21,146,67,26,79,236,114,55,44,182,172,12,225,217,214,202,31,221,9,53,180,187,208,108,14,186,219,138,62,52,195,205,116,99,118,213,58,174,104,209,229,87,83,169,130,153,40,117,198,46,183,163,60,35,144,132,8,110,64,194,179,38,23,41,39,131,63,72,215,33,171,19,156,109,204,15,80,37,147,135,151,218,13,49,7,103,241,102,154,210,158,228,216,97,122,197,29,10,133,184,175,168,85,139,94,36,212,25,4,96,71,238,111,70,93,125,66,6,224,76,11,166,177,143,30,75,100,142,155,185,68,124,92,149,178,24,145",5000,100
15,0,92716.20021377041,1.888674027176318,"97,216,197,122,62,52,195,205,116,99,14,186,138,219,210,158,102,154,53,180,103,241,15,204,131,39,135,151,13,218,19,171,33,109,156,147,37,80,7,69,140,123,17,211,113,28,159,191,127,77,18,161,136,45,56,188,200,128,148,43,137,199,134,150,201,240,38,23,179,194,64,110,132,144,8,35,60,183,163,145,24,3,107,95,105,54,192,173,78,152,42,129,196,190,165,220,121,73,46,198,117,40,153,130,169,92,83,229,87,209,104,174,172,182,44,55,236,114,146,67,26,79,12,225,31,202,214,9,221,118,217,213,58,226,106,223,59,126,175,168,85,94,139,238,111,70,71,25,212,68,124,36,206,207,32,34,81,74,82,89,185,96,4,155,75,100,30,142,178,149,20,48,157,112,164,2,203,5,224,76,11,166,177,143,6,66,125,93,233,231,120,234,181,98,10,133,184,141,61,84,22,88,115,50,29,228,108,208,187,49,242,51,21,167,119,160,57,86,41,16,237,239,193,162,90,101,232,72,215,63,189,91,27,235,47,227,65,176,170,230,222",5000,100
15,1,93620.67471767393,1.6798784306355996,"234,181,98,126,59,223,106,226,120,233,231,206,207,4,25,212,68,124,139,238,111,70,71,96,185,74,82,89,32,34,81,5,203,2,164,112,157,48,20,91,189,27,235,47,227,65,176,170,230,3,107,95,105,54,192,190,165,220,121,73,46,198,117,40,153,130,169,92,83,229,87,209,104,174,172,182,44,55,236,114,146,67,26,79,12,225,31,202,214,9,221,118,217,213,58,180,53,154,102,49,103,241,7,69,140,123,17,211,113,28,159,191,127,77,18,161,136,45,56,188,200,128,148,43,137,199,101,134,150,201,240,38,23,179,90,193,162,239,222,196,41,16,237,86,57,160,119,167,21,51,242,232,156,39,131,63,215,72,147,135,151,13,218,19,171,33,109,60,35,132,144,8,64,110,194,42,129,173,78,152,183,163,145,24,178,149,36,94,175,168,85,10,133,184,141,61,84,22,88,115,50,29,122,197,216,97,228,62,52,195,205,116,99,14,186,138,219,210,158,204,37,80,15,76,11,166,177,143,224,6,66,125,93,108,208,187,75,100,142,155,30",5000,100
15,2,93372.42514055554,1.7259357713463048,"97,122,197,216,29,115,50,88,22,84,141,61,184,10,133,234,181,98,126,59,223,106,226,120,233,231,206,207,4,25,212,68,124,139,238,111,70,71,96,185,74,82,89,32,34,81,5,203,2,164,112,157,48,20,91,189,27,235,47,227,65,176,170,230,3,107,95,105,54,192,190,165,220,121,73,46,198,117,40,153,130,169,92,83,229,87,209,104,174,172,182,44,55,236,114,146,67,26,79,12,225,31,202,214,9,221,118,217,213,58,180,53,154,102,49,103,241,7,69,140,123,17,211,113,28,159,191,127,77,18,161,136,45,56,188,200,128,148,43,137,199,101,134,150,201,240,38,23,179,90,193,162,239,222,196,41,16,237,86,57,160,119,167,21,51,242,232,156,109,171,33,19,131,39,147,135,151,13,218,15,204,158,210,187,208,108,186,138,219,62,52,195,205,116,99,14,228,80,37,72,215,63,24,145,163,183,60,35,132,144,8,64,110,194,42,129,173,78,152,149,178,155,75,100,30,142,177,143,224,76,11,166,6,66,125,93,85,36,94,175,168",5000,100
16,0,101341.88764669177,1.6798784306355996,"102,158,210,9,221,214,202,225,31,217,213,58,229,83,87,209,46,196,28,113,211,17,69,140,123,119,167,160,57,86,237,16,41,117,198,162,193,239,222,121,73,235,178,149,20,48,164,2,203,5,81,74,4,25,212,36,124,68,139,111,238,71,70,15,241,7,103,26,67,18,77,30,75,100,155,142,185,82,231,206,207,32,34,89,177,166,143,6,66,224,76,11,88,115,50,22,84,116,205,219,138,62,52,195,99,236,182,172,55,44,151,13,218,156,109,33,171,19,188,200,148,128,43,21,242,51,232,137,201,134,150,101,199,240,90,104,174,169,92,153,40,8,144,132,110,64,194,129,173,78,152,42,163,183,145,24,105,107,95,170,3,230,54,192,190,179,23,38,146,114,79,130,165,220,27,189,91,157,112,45,136,161,215,72,63,37,147,135,159,127,191,56,53,180,154,108,208,187,186,14,216,197,122,97,29,141,61,184,10,133,181,234,168,175,126,59,223,106,226,118,12,49,80,204,96,94,85,98,233,120,65,227,176,47,60,35,39,131,125,93,228",5000,100
16,1,93853.54629565666,1.9361096844081878,"184,10,133,234,98,126,59,223,106,226,120,233,231,206,207,212,36,124,68,25,4,96,71,70,85,168,175,94,139,111,238,93,125,185,82,74,81,34,32,89,30,100,75,142,155,189,91,20,48,157,112,92,169,130,44,55,236,114,146,160,119,167,21,242,51,232,137,199,101,90,23,38,179,194,64,110,144,132,8,35,60,163,183,145,24,107,95,170,230,3,105,54,192,173,78,152,42,129,220,165,190,196,121,222,239,162,193,117,198,46,73,191,127,113,211,17,123,140,69,218,13,151,135,147,37,204,15,80,158,210,187,53,180,154,102,49,103,241,7,67,26,79,221,9,214,202,31,225,12,182,172,58,213,217,118,99,116,205,195,52,62,138,219,186,14,108,208,228,197,216,97,122,29,115,50,88,22,84,61,141,181,174,104,209,229,87,83,203,5,2,164,65,227,176,47,235,27,178,149,40,153,201,240,128,148,43,200,188,56,45,136,161,215,72,63,33,171,19,109,156,39,131,18,77,28,159,16,237,86,57,41,134,150,66,6,224,76,11,177,166,143",5000,100
16,2,94719.78502704776,1.8023653098246126,"148,200,128,188,38,23,179,194,64,110,144,132,8,35,60,163,183,24,145,3,230,95,105,107,170,47,176,227,65,235,27,178,149,20,48,157,112,164,2,203,5,34,32,89,82,74,81,143,166,177,224,76,11,66,6,93,70,111,238,139,94,85,168,175,126,59,223,106,226,120,233,231,206,207,25,212,36,124,68,71,96,185,125,100,75,142,30,155,189,91,192,54,78,173,129,220,165,190,196,73,121,222,239,162,193,90,240,201,134,150,101,199,137,232,242,51,21,146,160,119,167,57,86,237,16,41,26,67,79,236,114,55,44,182,172,58,213,217,225,12,31,202,214,9,221,118,14,186,138,219,52,62,195,205,116,99,228,197,216,97,122,29,115,88,50,22,84,61,141,184,10,133,234,181,98,130,153,92,169,83,229,87,209,104,174,63,156,109,33,171,19,218,13,151,135,147,37,103,49,102,210,187,208,108,53,180,154,15,80,204,158,127,113,211,17,123,140,69,7,241,45,136,161,215,72,39,131,18,77,28,159,191,56,43,152,42,40,117,198,46,4",5000,100
16,3,94165.69785226928,1.8677950124093894,"50,88,115,29,97,216,122,197,61,141,184,133,10,234,181,98,168,175,94,139,111,238,70,93,125,66,6,224,76,11,143,166,177,81,34,32,89,82,74,185,96,71,124,68,36,120,233,231,206,207,212,25,4,209,229,87,83,169,92,153,40,117,198,46,73,121,222,239,162,193,90,101,199,150,134,201,240,38,23,179,194,64,110,144,132,8,35,60,163,183,145,3,230,107,95,105,54,192,173,78,152,42,129,220,165,190,196,91,189,27,235,65,227,176,47,170,178,149,20,48,157,112,164,2,203,5,30,100,75,142,155,53,180,154,102,49,103,241,7,15,80,204,158,210,187,208,108,14,186,138,219,52,62,195,205,116,99,228,118,9,221,214,202,31,225,12,182,172,174,104,58,213,217,79,236,114,146,160,119,167,57,86,237,16,41,130,44,55,147,39,131,63,215,72,161,136,45,56,191,159,28,113,211,17,123,140,69,218,13,135,151,51,242,232,137,148,200,128,188,43,127,18,77,19,156,109,33,171,37,26,67,21,106,223,59,126,85,226,24,22,84",5000,100
16,4,92533.90819564607,3.301873235589962,"14,186,138,219,52,62,195,205,116,99,228,197,122,97,216,29,115,50,22,84,61,141,184,10,133,234,181,98,126,59,223,106,226,120,233,231,206,207,212,25,68,124,139,94,175,168,85,36,111,238,70,93,125,66,6,224,76,11,177,166,143,81,34,32,89,82,74,185,96,71,4,209,229,87,83,169,92,153,40,117,198,46,73,121,222,239,193,90,101,199,137,201,240,134,150,38,23,179,194,64,110,144,132,8,35,60,163,183,145,24,3,230,107,95,105,54,192,190,196,91,189,20,48,157,112,155,142,75,100,30,203,5,164,2,104,174,172,182,44,55,236,114,146,160,119,167,21,242,51,232,113,211,17,123,140,69,218,13,151,135,147,37,80,15,241,49,103,7,67,26,79,12,225,31,202,214,9,221,118,213,58,217,130,148,128,188,200,43,159,28,191,127,18,77,161,136,45,56,39,131,63,215,72,33,171,19,109,156,102,154,180,53,108,208,187,210,158,204,86,237,16,41,162,57,165,220,129,42,152,78,173,47,176,227,65,235,27,149,178,170,88",5000,100
16,5,95175.4173571969,1.6915103393089959,"228,197,122,216,97,84,61,141,184,10,133,234,181,98,126,59,223,106,226,120,233,231,206,207,212,25,4,96,71,238,111,70,93,125,66,6,224,76,11,177,166,143,81,34,32,89,82,74,185,5,203,2,164,155,142,75,100,30,92,153,40,117,198,46,73,121,222,239,193,90,101,199,150,134,201,240,128,148,200,188,56,45,127,191,159,28,113,211,17,123,140,69,218,13,151,135,147,37,80,15,204,158,210,187,208,108,53,180,154,102,49,103,241,7,67,26,79,236,114,146,160,119,167,21,242,51,232,137,43,57,86,237,16,41,162,174,182,172,58,225,31,202,214,9,221,118,213,217,99,205,116,186,138,219,52,195,62,14,130,44,55,12,87,229,19,109,33,171,39,131,156,63,215,72,161,136,77,18,179,194,64,110,144,132,8,35,60,163,183,145,24,3,230,107,95,105,54,192,173,78,152,42,129,220,165,190,196,91,189,27,235,65,227,176,47,170,178,149,20,48,157,112,209,104,83,169,124,68,36,94,85,168,175,139,88,115,50,29,22,23,38",5000,100
16,6,92685.36580121328,1.969978444330417,"123,140,69,218,13,151,135,147,37,80,15,241,7,67,26,79,236,114,146,160,57,86,237,16,41,239,193,162,90,101,199,134,150,201,240,38,23,179,194,64,110,144,132,8,35,60,163,183,24,145,3,230,107,95,105,54,192,173,78,152,42,129,220,165,190,196,73,121,222,46,198,117,40,153,130,44,182,172,58,213,217,225,31,202,214,9,221,118,14,186,138,219,52,195,205,116,99,228,62,216,97,122,197,61,141,184,10,133,234,181,98,126,59,223,106,226,120,233,231,206,207,212,36,68,124,94,175,168,85,238,111,70,93,125,66,6,224,76,11,177,166,143,81,34,32,89,82,74,185,5,203,2,164,157,112,209,229,87,83,169,92,104,174,12,55,63,215,72,161,136,45,56,191,127,159,28,113,211,17,21,242,51,232,137,148,200,128,188,43,39,131,156,109,33,171,19,18,77,158,210,187,208,108,53,180,154,102,49,103,204,50,88,22,84,29,115,20,48,91,189,27,235,65,227,176,47,170,178,149,155,142,75,100,30,4,25,71,96,139,167,119",5000,100
16,7,94395.20695186625,1.854947007967307,"29,115,50,88,22,84,61,141,184,10,133,234,181,98,126,59,223,106,226,120,233,231,206,207,212,25,4,96,71,238,111,70,93,125,66,6,224,76,11,177,166,143,81,74,185,5,203,2,164,155,142,75,100,30,178,149,27,235,65,227,176,47,170,230,3,107,95,105,54,192,173,78,152,42,129,220,165,190,196,73,121,222,239,193,162,90,101,199,134,150,201,240,38,23,179,194,64,110,144,132,8,35,60,163,183,145,24,41,86,237,16,57,160,119,167,21,242,51,232,137,148,200,128,188,56,191,127,159,28,113,211,17,123,140,69,218,13,151,135,147,37,80,15,204,158,210,187,208,108,53,180,154,102,49,103,241,7,67,26,79,236,114,146,44,55,12,225,31,202,214,9,221,118,213,58,172,182,174,104,209,229,87,83,169,92,153,40,117,198,46,189,91,20,48,157,112,130,43,18,77,161,136,45,215,72,63,131,39,33,171,19,109,156,85,168,175,94,139,124,68,36,34,32,89,82,197,122,97,216,228,62,138,219,52,195,205,116,99,217,14,186",5000,100
17,0,96963.4888360442,1.6226940853637684,"241,7,103,49,102,210,158,204,15,80,147,135,151,13,218,69,140,123,17,211,113,28,159,191,127,43,56,45,136,161,18,77,19,171,33,109,156,39,131,63,215,72,242,51,232,137,199,150,134,201,240,23,38,179,129,42,152,78,173,192,54,105,107,230,3,24,145,183,163,60,35,144,132,8,64,110,194,73,121,222,220,165,190,196,46,198,117,40,153,92,169,130,44,55,236,79,114,67,26,12,225,31,202,214,221,9,118,213,217,58,172,182,174,104,209,229,87,83,120,233,231,206,207,32,89,82,74,81,34,2,164,203,5,85,168,175,126,59,223,106,226,138,219,52,62,195,205,116,99,228,216,97,29,115,50,88,22,184,10,133,234,181,98,111,238,70,71,96,185,125,66,6,224,76,11,177,166,143,30,75,100,142,155,189,91,20,48,157,112,178,149,27,235,65,227,176,47,170,95,193,239,162,90,101,57,160,119,167,21,41,16,237,86,148,200,128,188,186,14,208,187,108,53,180,154,25,212,68,124,36,94,139,4,93,84,61,141,122,197,146,37",5000,100
17,1,95203.28946568375,1.7030628039692914,"97,122,197,216,29,115,50,88,84,22,141,61,184,10,133,234,181,98,126,59,223,106,226,104,209,87,229,83,92,169,130,16,237,86,57,67,26,119,167,21,51,242,232,137,199,101,23,38,179,129,42,152,78,173,192,54,105,107,95,230,3,24,145,183,163,60,35,144,132,8,64,110,194,73,46,198,117,40,153,41,162,193,239,222,121,165,220,196,190,90,28,159,191,127,77,18,161,72,215,63,131,39,109,156,19,171,33,140,69,218,13,151,135,147,37,80,15,204,158,210,187,208,108,180,53,154,102,49,241,103,7,211,113,17,123,43,148,200,128,188,56,45,136,150,134,201,240,2,164,203,5,34,32,89,82,74,81,143,6,66,125,185,96,4,25,212,68,124,139,94,175,168,85,238,111,70,93,71,206,207,233,120,231,36,213,58,138,219,52,62,195,228,186,14,221,9,202,31,182,44,55,236,79,114,146,160,174,172,225,12,217,118,99,116,205,100,142,155,189,91,20,48,157,112,178,149,27,235,227,65,47,176,170,177,166,76,11,224,30,75,214",5000,100
17,2,93887.0724376693,1.7596878546027115,"204,37,80,15,241,103,7,69,218,13,151,135,147,39,131,109,156,19,171,33,63,215,72,161,136,45,188,43,148,200,128,240,23,179,129,42,152,78,173,192,54,105,107,95,230,3,24,145,183,163,60,35,144,132,8,64,110,194,220,165,190,196,46,198,117,40,153,92,169,130,44,55,236,114,146,160,119,167,21,51,242,232,137,199,101,90,193,239,222,121,73,20,48,157,112,229,87,209,174,172,182,12,225,31,202,214,9,221,118,213,58,217,205,116,99,228,62,52,195,14,186,138,219,29,115,50,88,84,22,141,61,184,10,133,234,181,98,126,59,223,106,226,175,168,85,139,124,68,25,212,36,206,231,233,120,104,207,32,89,82,74,185,96,71,238,111,70,93,125,66,6,224,76,11,177,166,143,81,34,2,164,203,5,30,75,100,142,235,65,227,176,47,170,178,149,27,94,97,122,197,216,180,53,154,102,158,210,187,208,108,67,26,79,49,18,77,123,140,17,211,113,28,159,191,127,56,134,150,201,38,41,162,57,86,237,16,83,155,189,91,4",5000,100
17,3,93280.67201718355,1.949970178894403,"210,187,208,108,14,186,138,219,52,62,205,116,99,228,216,197,122,97,29,115,50,88,22,184,10,133,234,181,98,126,59,223,106,226,233,120,231,207,32,89,82,74,185,96,71,238,111,70,93,125,66,6,224,76,11,177,166,143,81,34,2,5,203,30,75,100,142,155,164,112,91,189,48,157,229,87,209,36,212,68,124,139,85,168,175,94,25,4,206,104,174,172,182,44,55,236,79,114,146,160,119,167,21,51,242,232,137,199,101,90,162,193,239,222,121,73,46,198,117,40,153,92,169,130,16,237,86,57,41,12,225,31,202,214,9,221,118,213,58,217,180,53,154,102,49,241,7,103,67,26,18,77,136,45,56,191,127,159,28,113,211,17,123,140,69,218,13,151,135,147,37,80,15,204,158,84,61,141,195,134,150,201,240,148,200,128,188,43,63,215,72,161,39,131,109,156,19,171,33,129,42,152,78,173,192,54,105,107,95,230,3,24,145,183,163,60,35,144,132,8,64,110,194,220,165,190,196,227,176,47,170,178,149,27,235,65,83,20,38,23,179",5000,100
17,4,93240.81695742017,2.0044329570454433,"29,122,197,216,97,228,62,138,219,186,14,208,108,187,210,158,204,15,80,37,147,135,151,13,218,19,171,33,109,156,39,131,63,215,72,161,18,77,136,45,56,191,127,159,28,113,211,17,123,140,69,103,7,241,49,102,154,53,180,9,221,118,213,58,174,172,182,44,55,236,114,146,160,119,167,21,51,242,232,137,199,101,90,193,239,222,121,73,46,198,117,40,153,92,169,130,16,237,86,57,41,162,190,196,165,220,129,42,152,78,173,192,54,105,107,95,230,3,24,145,183,163,60,35,144,132,8,64,110,194,179,38,23,150,134,201,240,148,200,128,188,43,202,214,31,225,12,217,205,116,99,234,181,98,126,59,223,106,226,175,168,85,139,124,68,25,4,212,36,206,231,233,120,104,209,229,87,83,20,48,157,112,164,2,5,203,30,75,100,142,155,189,91,27,178,149,235,65,227,176,47,170,177,166,143,81,34,32,89,82,74,185,96,71,238,111,70,93,125,66,6,224,76,11,184,10,133,61,84,22,88,115,50,141,195,52,67,26,79,94,207",5000,100
17,5,91669.0586724852,2.0384613989595333,"15,204,158,210,187,208,108,14,186,138,219,52,62,195,205,116,99,228,216,197,122,97,29,115,50,88,22,10,133,234,181,98,126,59,223,106,226,104,209,229,87,83,92,169,130,16,237,86,57,160,119,167,21,51,242,232,137,199,101,90,193,239,222,121,73,46,198,117,40,153,41,162,190,196,165,220,129,42,152,78,173,192,54,105,107,95,230,3,24,145,183,163,60,35,144,132,8,110,64,194,179,38,23,150,134,201,240,148,200,128,188,43,56,191,127,159,28,113,211,17,123,140,69,218,13,151,135,147,39,131,109,156,19,171,33,63,215,72,161,136,45,18,77,26,67,7,241,103,49,102,154,53,180,9,221,118,213,58,172,182,44,55,236,79,114,146,37,80,178,149,27,235,65,227,176,47,170,177,166,143,81,34,32,89,82,74,185,96,71,238,111,70,93,125,66,6,224,76,11,30,75,100,142,155,189,91,20,48,157,112,164,2,5,203,207,206,231,233,120,174,12,225,31,202,214,217,68,124,139,94,175,168,85,4,212,36,25,141,61,84,184",5000,100
17,6,93669.24731505451,1.9398886597696683,"88,115,50,29,122,197,216,97,228,62,195,205,116,99,234,181,98,126,59,223,106,226,175,168,85,139,124,68,25,212,36,94,207,32,89,82,74,185,96,71,238,111,70,93,125,66,6,224,76,11,177,166,143,81,34,4,206,231,233,120,104,209,229,87,83,92,169,130,16,237,86,57,160,119,167,21,51,242,232,137,199,101,90,193,239,222,121,73,46,198,117,40,153,41,162,190,196,165,220,129,42,152,78,173,192,54,105,107,95,230,3,24,145,183,163,60,35,144,132,8,110,64,194,179,38,23,150,134,201,240,148,200,128,188,43,56,191,127,159,28,113,211,17,123,140,69,218,13,151,135,147,39,131,109,156,19,171,33,63,215,72,161,136,45,7,241,103,49,102,154,53,180,187,208,108,14,186,138,219,52,67,26,79,114,146,55,236,182,172,58,213,217,214,9,221,118,210,158,204,15,80,37,170,178,149,27,235,65,227,176,47,75,100,142,155,189,91,20,48,157,112,164,2,5,203,30,202,31,225,12,44,174,77,18,22,184,10,133,61,84,141",5000,100
18,0,98313.00445567048,1.6325222193332272,"29,115,50,88,84,141,61,22,9,221,217,214,202,31,225,12,182,172,174,104,209,229,87,83,36,4,25,212,68,124,139,94,175,168,126,59,223,106,226,120,233,231,206,207,32,89,82,74,81,5,203,2,164,78,173,192,54,105,95,107,230,3,170,65,227,176,47,178,149,27,235,155,142,75,100,30,177,166,76,224,6,66,125,185,96,71,238,111,70,93,98,181,234,10,133,184,137,43,56,77,18,161,136,45,127,191,159,28,113,211,17,123,140,69,218,13,151,135,147,37,80,15,204,150,134,201,240,38,23,179,222,121,73,117,198,46,196,190,165,220,24,145,153,40,92,169,130,48,20,91,189,157,112,99,205,116,195,219,138,52,62,216,122,197,97,228,14,186,53,180,154,102,158,210,187,208,108,57,86,64,110,194,152,42,129,60,35,8,132,144,239,193,90,101,199,242,51,232,21,167,119,160,146,114,79,236,67,26,41,162,241,103,49,7,72,215,63,131,39,171,33,109,156,19,213,58,44,55,118,85,34,143,11,163,183,188,200,128,148,16,237",5000,100
18,1,98173.28812628383,1.759168711696811,"18,77,136,45,56,191,159,127,28,113,211,17,123,140,218,13,151,135,147,39,131,109,156,19,171,33,63,215,72,161,201,240,38,23,179,129,194,152,42,78,173,220,165,121,73,46,198,117,40,153,130,169,83,229,87,209,104,174,172,182,44,55,236,114,146,160,119,167,21,51,242,232,137,148,128,200,188,43,241,7,103,49,102,158,210,187,108,208,180,53,154,221,9,214,202,225,12,217,58,213,118,14,186,219,138,52,62,195,205,116,99,226,233,120,106,223,59,126,175,168,85,94,139,124,68,25,212,89,4,96,71,238,111,70,93,125,66,6,76,224,177,166,143,74,81,203,5,34,32,207,206,231,36,181,98,10,133,184,141,61,84,22,88,50,115,29,122,216,97,197,228,239,222,193,162,41,190,196,90,101,199,86,237,16,57,26,67,79,204,15,80,37,69,150,134,189,91,48,20,149,178,27,235,47,227,65,176,170,24,145,107,95,105,3,230,192,54,30,75,100,142,155,164,2,112,157,163,183,234,64,110,144,132,8,35,60,92,82,185,11,31",5000,100
18,2,94193.72792878625,1.7707955929216685,"22,84,61,141,184,10,133,234,181,98,168,175,126,59,223,106,226,120,233,231,206,207,32,34,81,74,82,89,4,25,212,68,124,139,238,111,70,93,125,66,6,224,76,11,166,177,143,185,96,71,36,94,85,118,213,58,217,214,202,31,225,12,182,172,44,55,236,114,146,160,119,167,21,51,242,232,137,199,101,134,150,201,240,128,200,148,43,188,56,45,136,161,18,77,127,191,159,28,113,211,17,123,140,69,218,13,151,135,147,39,131,109,156,19,171,33,63,215,72,57,86,237,16,41,162,193,239,222,121,73,46,198,117,40,153,130,169,92,83,229,87,209,104,174,221,9,154,102,158,210,187,208,108,180,53,204,15,80,37,7,241,49,103,67,26,79,90,23,179,129,42,78,173,192,54,105,107,95,230,3,24,145,183,163,60,35,144,132,8,110,64,194,152,220,165,190,196,30,75,100,142,155,203,2,164,112,157,48,20,189,91,178,149,27,235,65,227,176,47,170,50,29,122,197,216,97,228,62,52,195,205,116,99,186,14,138,219,88,115,38,5",5000,100
18,3,92727.73095277329,2.1702670737947516,"160,119,167,21,51,242,232,137,199,101,90,162,193,239,222,121,73,46,198,117,40,153,130,169,92,83,229,87,209,104,174,172,182,44,55,236,114,79,26,67,103,7,241,49,102,158,210,187,208,108,180,53,154,221,9,214,202,31,225,12,217,58,213,118,14,186,138,219,62,52,195,205,116,99,234,181,98,168,175,126,59,223,106,226,120,233,231,206,207,32,34,81,74,82,89,4,212,68,124,139,94,85,36,96,71,238,111,70,93,125,66,6,224,76,11,177,166,143,185,30,75,100,142,155,157,48,20,189,91,178,149,27,235,65,227,176,47,170,230,3,107,95,105,24,145,183,163,60,35,144,132,8,110,64,194,152,78,173,192,54,196,190,165,220,23,38,179,129,42,43,188,56,45,136,161,18,77,127,191,159,28,113,211,17,123,140,69,218,13,151,135,147,39,131,109,156,19,171,33,63,215,72,57,86,237,16,41,201,240,134,150,5,203,2,164,112,197,216,97,84,61,141,184,10,133,228,122,29,115,50,88,22,15,204,37,80,128,200,148,146,25",5000,100
18,4,93208.85426148286,2.0424489303618083,"205,116,99,234,181,98,168,175,126,59,223,106,226,120,233,231,206,207,32,34,5,203,2,164,112,157,48,20,189,91,178,149,27,235,65,227,176,47,170,230,3,107,95,105,24,145,183,163,60,35,144,132,8,110,64,194,152,78,173,192,54,121,73,46,198,117,40,153,130,169,92,83,229,87,209,104,174,172,182,44,55,236,114,79,57,86,237,16,41,162,193,239,222,220,165,190,196,42,129,179,38,23,134,150,201,240,128,200,148,43,188,56,45,136,161,18,77,127,191,159,28,113,211,17,123,140,69,218,13,151,135,147,39,131,109,156,19,171,33,63,215,72,154,102,158,210,187,208,108,180,53,221,9,214,202,31,225,12,217,58,213,118,14,186,138,219,52,195,62,228,122,197,216,97,84,61,141,184,10,133,22,88,115,50,29,212,68,124,139,238,111,70,93,125,66,6,224,76,11,177,166,143,185,96,71,36,4,25,30,75,100,142,155,81,74,82,89,94,85,204,15,80,37,7,241,49,103,67,26,146,160,119,167,21,51,242,232,137,199,101,90",5000,100
18,5,93320.46196703619,1.781834088288052,"180,53,154,102,158,210,187,208,108,186,138,219,195,205,116,99,234,181,98,168,175,126,59,223,106,226,120,233,231,206,207,32,34,81,74,82,89,4,25,68,124,139,238,111,70,93,125,66,6,224,76,11,177,166,143,185,96,71,36,212,128,200,148,43,188,56,45,136,161,18,77,127,191,159,28,113,211,17,123,140,69,218,13,151,135,147,39,131,109,156,19,171,33,63,215,72,57,86,237,16,41,162,193,239,222,121,73,46,198,117,40,153,130,169,92,83,229,87,209,104,174,172,182,44,55,236,114,79,26,67,103,49,241,7,204,15,80,37,14,221,9,214,202,31,225,12,217,58,213,118,65,227,176,47,170,230,3,107,95,105,24,145,183,163,60,35,144,132,8,110,64,194,152,78,173,192,54,196,190,165,220,23,38,179,129,42,30,75,100,142,155,91,189,20,149,178,27,235,48,112,157,164,2,203,5,94,85,184,10,133,141,61,84,22,88,115,50,29,122,197,216,97,228,62,52,134,150,201,240,199,101,90,146,160,119,167,21,51,242,232,137",5000,100
18,6,92615.89393326448,2.231432262209275,"39,131,109,156,19,171,33,63,215,72,161,18,77,127,191,159,28,113,211,17,123,140,69,218,13,151,135,147,37,204,15,80,241,7,103,49,102,158,210,187,208,108,180,53,154,221,9,214,202,31,225,12,217,58,213,118,14,186,138,219,62,52,195,205,116,99,228,122,197,216,97,84,61,141,184,10,133,234,181,98,168,175,126,59,223,106,226,120,233,231,206,207,32,34,5,203,2,164,112,157,48,20,189,91,178,149,27,235,65,227,176,47,170,230,3,107,95,105,24,145,183,163,60,35,144,132,8,110,64,194,152,78,173,192,54,121,73,46,198,117,40,153,130,169,92,83,229,87,209,104,174,172,182,44,55,236,114,79,26,67,146,160,119,167,21,51,242,232,137,199,101,90,162,193,239,222,220,165,190,196,42,129,179,38,23,134,150,201,240,128,200,148,43,188,56,45,136,212,68,124,139,238,111,70,93,125,66,6,224,76,11,177,166,143,81,74,82,89,4,25,185,96,71,36,94,85,22,88,115,50,29,100,142,155,30,75,57,86,237,16,41",5000,100
18,7,92570.3427187829,2.299343873482327,"88,115,50,29,122,197,216,97,84,61,141,184,10,133,234,181,98,168,175,126,59,223,106,226,120,233,231,206,207,32,34,5,203,2,164,112,157,48,20,189,91,178,149,27,235,65,227,176,47,170,230,3,107,95,105,24,145,183,163,60,35,144,132,8,110,64,194,152,78,173,192,54,121,73,46,198,117,40,153,130,169,92,83,229,87,209,104,174,172,182,44,55,236,114,146,160,119,167,21,51,242,232,137,199,101,90,162,193,239,222,220,165,190,196,42,129,179,38,23,134,150,201,240,128,200,148,43,188,56,45,136,161,18,77,127,191,159,28,113,211,17,123,140,69,218,13,151,135,147,39,131,109,156,19,171,33,63,215,72,154,180,53,204,15,80,37,7,241,49,103,67,26,79,57,86,237,16,41,66,6,224,76,11,177,166,143,81,74,82,89,4,25,212,96,71,238,111,70,93,125,185,30,75,100,142,155,36,68,124,139,94,85,22,58,213,118,14,186,138,219,195,205,116,99,228,62,52,102,158,210,187,208,108,221,9,214,202,31,225,12,217",5000,100
19,0,92774.23504757244,1.8145467139230234,"197,216,122,97,29,115,50,88,22,84,61,141,184,10,133,234,181,98,126,59,223,106,226,233,120,36,212,25,4,96,71,238,111,70,93,125,185,82,89,32,34,5,203,2,164,112,157,48,20,149,178,27,235,65,227,176,47,170,230,3,24,145,183,163,60,35,144,132,8,64,110,194,179,38,23,134,150,201,240,148,128,200,188,56,45,136,161,18,77,19,33,171,109,156,39,131,63,215,72,218,13,151,135,147,37,80,15,204,158,210,180,53,154,102,49,241,7,103,26,67,79,236,114,146,160,57,86,237,16,41,130,153,40,92,169,83,229,87,209,104,174,172,182,44,55,12,225,31,202,214,9,221,118,213,217,58,231,206,207,74,81,143,166,177,76,224,11,6,66,85,139,124,68,94,175,168,190,192,54,105,107,95,30,75,100,155,142,198,46,73,121,222,239,193,162,90,101,199,137,232,242,51,21,119,167,113,211,17,123,140,69,28,159,191,127,43,228,62,52,195,205,116,99,186,14,138,219,208,108,187,220,165,196,173,78,152,42,129,117,91,189",5000,100
19,1,92977.05520305457,1.7030628039692914,"197,216,97,122,29,115,50,88,22,84,61,141,184,10,133,234,181,98,126,59,223,106,226,233,120,36,212,25,4,96,71,238,111,70,93,125,185,82,74,81,34,5,203,2,164,112,157,48,20,149,178,27,235,47,176,227,65,142,75,100,30,155,189,91,54,105,24,145,183,163,60,35,144,132,8,64,110,194,42,129,220,165,190,192,173,78,152,179,38,23,134,150,201,240,148,128,200,188,56,45,136,161,18,77,19,171,33,109,156,39,131,63,215,72,218,13,151,135,147,37,80,15,204,158,210,187,208,108,180,53,154,102,49,241,7,103,67,26,79,236,114,146,160,119,167,21,51,242,232,137,199,101,90,162,193,239,41,86,237,16,57,58,213,217,214,202,31,225,12,55,44,182,172,174,104,209,87,229,83,169,92,153,40,117,198,46,73,121,222,196,230,3,107,95,170,43,159,28,113,211,17,123,140,69,191,127,99,118,221,9,14,138,219,52,62,195,205,116,175,168,85,139,94,124,68,207,206,231,228,186,224,76,11,6,66,143,166,177,32,89,130",5000,100
20,0,93662.43812051954,1.5076378656267517,"115,50,88,22,84,61,141,184,10,133,234,181,98,126,59,223,106,226,120,233,231,206,207,32,34,5,203,2,164,157,112,92,169,83,229,87,209,104,174,172,182,44,55,236,79,114,146,160,119,167,21,51,242,232,137,148,200,128,188,43,56,45,136,161,18,77,123,140,69,218,13,151,135,147,39,131,63,72,215,171,33,109,156,19,15,204,158,210,187,208,108,14,186,138,219,52,62,195,205,116,99,118,58,213,217,214,221,9,202,31,225,12,102,154,53,180,37,80,241,7,103,49,26,67,90,101,134,150,201,240,23,38,179,129,42,152,78,173,183,163,60,35,144,132,8,110,64,194,196,73,46,198,117,40,153,237,86,57,41,162,239,193,222,121,220,165,190,192,54,105,107,95,230,170,47,176,227,65,235,27,178,149,20,48,91,189,155,30,75,100,142,28,159,191,127,113,211,17,166,177,143,224,76,11,6,66,125,93,71,111,238,70,85,168,175,94,139,124,68,25,4,212,36,89,82,74,81,185,96,216,197,122,97,29,228,130,16,199,145,24,3",5000,100
20,1,93008.41055727344,1.5713212164430725,"154,53,180,210,187,208,108,14,186,138,219,52,62,195,205,116,99,118,221,9,214,202,31,225,12,217,213,58,130,44,55,236,114,146,160,119,167,21,51,242,232,137,199,101,150,134,201,240,23,38,179,129,42,152,78,173,183,163,60,35,144,132,8,110,64,194,196,222,239,193,162,90,41,16,237,86,57,28,159,191,127,113,211,17,123,140,69,218,13,151,135,147,39,131,63,72,215,171,33,109,156,19,18,77,161,136,45,56,43,148,200,128,188,241,7,103,49,102,158,204,80,15,37,228,216,197,122,97,29,115,50,88,22,84,61,141,184,10,133,234,181,98,126,59,223,106,226,120,233,231,206,207,32,34,5,203,2,164,112,157,91,189,27,235,47,176,227,65,170,230,3,107,95,105,54,192,190,165,220,121,73,46,198,117,40,153,92,169,83,229,87,209,104,174,172,182,36,212,25,4,96,71,111,238,85,168,175,94,139,124,68,82,89,74,185,125,66,6,224,76,11,166,177,143,81,93,70,178,149,20,48,155,30,75,100,142,79,26,67,24,145",5000,100
20,2,92810.31897023629,2.152472089174342,"230,3,107,95,105,54,192,190,165,220,121,73,46,198,117,40,153,92,169,83,229,87,209,104,174,172,182,44,55,236,114,146,160,119,167,21,51,242,232,137,199,101,134,150,201,240,23,38,179,129,42,152,78,173,183,163,60,35,144,132,8,110,64,194,196,222,239,193,162,90,41,16,237,86,57,28,159,191,127,113,211,17,123,140,69,218,13,151,135,147,39,131,63,72,215,171,33,109,156,19,18,77,161,136,45,56,188,200,128,148,43,24,145,178,149,20,48,91,189,27,235,47,176,227,65,170,155,30,75,100,142,143,81,34,5,203,2,164,112,157,228,216,197,122,97,29,115,50,88,22,84,61,141,184,10,133,234,181,98,126,59,223,106,226,120,233,231,206,207,32,89,82,74,185,96,71,111,238,70,93,125,66,6,224,76,11,166,177,124,139,94,175,168,85,36,68,25,4,212,158,210,187,208,108,14,186,138,219,52,62,195,205,116,99,118,221,9,202,31,225,12,217,214,154,53,180,49,102,37,80,15,204,241,103,7,67,26,79,58,213,130",5000,100
20,3,92936.98442089236,2.0093973763854,"29,115,50,88,22,84,61,141,184,10,133,234,181,98,126,59,223,106,226,120,233,231,206,207,212,4,25,68,124,139,94,175,168,85,36,185,96,71,111,238,70,93,125,66,6,224,76,11,166,177,143,81,82,89,32,34,5,203,2,164,112,157,91,189,27,235,47,176,227,65,170,230,3,107,95,105,54,192,190,165,220,121,73,46,198,117,40,153,92,169,83,229,87,209,104,174,172,182,44,55,236,114,146,160,119,167,21,51,242,232,137,199,101,150,134,201,240,23,38,179,129,42,152,78,173,183,163,60,35,144,132,8,110,64,194,196,222,239,193,162,90,41,16,237,86,57,28,159,191,127,113,211,17,123,140,69,218,13,151,135,147,39,131,63,72,215,171,33,109,156,19,18,77,161,136,45,56,188,200,128,148,43,24,145,178,149,20,48,155,30,75,100,142,79,26,67,7,103,49,102,158,210,187,208,108,14,186,138,219,52,62,195,205,116,99,118,221,9,202,31,225,12,217,214,154,53,180,15,204,37,80,241,228,216,197,122,97,213,58,130,74",5000,100
21,0,104431.57831240125,1.6462257353102074,"116,205,52,138,219,62,195,228,99,13,218,37,80,15,204,158,210,57,242,232,51,119,167,21,28,159,191,127,146,160,104,6,76,224,177,166,120,233,231,206,82,89,32,34,81,185,30,75,100,164,2,25,4,36,212,68,124,139,85,98,234,133,10,184,141,61,84,115,50,88,29,216,97,122,197,154,53,180,108,208,187,101,199,134,150,201,240,148,200,128,137,73,121,222,193,239,192,54,105,107,95,230,3,190,196,198,46,162,90,179,183,163,24,145,227,65,176,47,235,149,178,27,20,48,40,153,92,169,83,87,229,209,236,79,202,214,217,118,14,186,9,221,225,31,12,55,114,16,86,237,41,64,110,35,60,132,8,144,11,125,66,93,71,96,111,238,70,143,142,155,91,189,157,112,69,140,17,211,113,49,102,241,103,7,26,67,135,151,171,33,19,156,109,147,131,39,63,215,72,161,18,77,45,136,56,43,188,38,23,129,42,152,78,173,117,165,220,194,213,58,174,44,182,172,226,106,223,59,126,175,168,94,74,207,203,5,170,130,181,123,22",5000,100
21,1,93185.41362338944,1.8145467139230234,"210,187,208,108,14,186,138,219,62,52,195,205,116,99,118,221,9,214,202,31,225,12,55,236,79,114,146,160,119,167,232,242,51,21,28,159,191,127,113,211,17,123,140,69,218,13,151,135,147,131,39,109,156,19,171,33,72,215,63,37,80,15,204,158,102,154,53,180,217,58,213,174,172,182,44,130,153,40,198,117,46,73,121,222,239,193,162,90,101,199,137,43,56,45,136,161,18,77,16,237,86,57,65,227,176,47,235,27,178,149,20,91,189,157,112,2,164,5,203,81,82,89,32,34,207,206,231,233,120,106,223,59,126,175,94,139,85,70,238,111,71,96,4,25,68,124,36,212,168,181,98,234,133,10,184,141,61,84,22,88,50,115,29,197,122,97,216,228,67,26,49,103,241,7,148,200,128,188,38,179,129,42,152,78,173,192,54,105,107,230,3,170,145,24,183,163,60,35,144,8,132,110,194,64,190,165,220,134,150,201,240,23,196,48,92,169,83,229,87,209,104,226,11,76,224,166,177,143,74,185,125,66,6,100,30,75,142,155,95,41,93",5000,100
21,2,96900.35664066611,1.7148843699698426,"50,115,88,22,84,61,141,184,10,133,234,181,98,168,175,94,139,124,68,36,212,25,4,96,71,238,111,70,93,125,66,6,224,76,11,166,177,143,30,75,100,142,155,164,2,203,5,34,32,89,82,74,81,185,207,206,231,233,120,106,226,59,223,126,85,123,140,69,7,103,49,102,154,53,180,187,208,108,14,186,138,219,62,52,195,205,116,99,118,221,9,214,202,31,225,12,55,236,79,114,146,160,119,167,21,51,242,232,137,43,56,45,136,161,18,77,37,80,15,204,158,210,228,197,216,122,97,29,241,26,67,211,113,28,159,191,127,44,182,172,58,213,217,104,209,229,87,83,92,169,130,153,40,198,117,46,73,121,222,239,162,193,90,101,134,150,201,240,23,38,179,129,42,152,78,173,192,54,105,107,95,230,3,170,47,176,227,65,235,27,178,149,20,91,189,157,48,196,190,165,220,86,237,16,41,57,199,128,148,200,188,147,39,131,109,156,19,171,33,72,215,63,132,8,144,35,60,163,183,24,145,194,64,110,112,174,17,218,13,151,135",5000,100
21,3,92843.98619359756,2.076580752137055,"61,141,84,22,88,50,115,29,197,122,216,97,184,10,133,234,181,98,168,175,94,139,124,68,36,212,25,4,96,71,238,111,70,93,125,66,6,224,76,11,166,177,143,74,81,34,32,89,82,185,207,206,231,233,120,106,226,59,223,126,85,150,134,201,240,23,38,179,194,42,129,220,165,190,196,46,198,117,40,153,92,169,130,44,182,172,58,213,217,214,202,31,225,12,55,236,79,114,146,160,119,167,232,242,51,21,28,113,211,17,123,140,69,218,13,151,135,147,39,131,109,156,19,171,33,72,215,63,37,80,15,204,158,210,187,208,108,14,186,138,219,62,52,195,205,116,99,118,221,9,180,53,154,102,241,7,103,49,16,41,162,193,239,222,121,73,176,227,65,142,75,100,30,155,164,2,203,5,235,47,170,230,3,107,95,105,24,145,54,192,173,78,152,20,91,189,27,178,149,48,157,112,209,229,87,83,174,104,228,67,26,57,86,237,101,199,137,43,56,45,136,161,18,77,159,191,127,128,188,200,148,90,183,163,60,35,144,132,8,64,110",5000,100
21,4,96668.80855156064,1.726061974793606,"85,231,233,120,106,226,59,223,126,175,94,139,124,68,36,212,25,4,96,71,238,111,70,93,125,66,6,224,76,11,166,177,143,74,81,5,203,2,164,112,157,48,20,91,189,27,178,149,235,47,176,227,65,142,75,100,30,155,230,3,170,145,24,183,163,60,35,144,132,8,64,110,194,42,129,220,165,190,196,46,198,117,40,153,92,169,130,44,182,172,58,213,217,214,202,31,225,12,55,236,79,114,146,160,119,167,21,51,242,232,137,199,101,134,150,201,240,128,188,56,45,136,161,18,77,123,140,69,218,13,151,135,147,39,109,156,19,171,33,72,215,63,131,228,138,219,62,52,195,205,116,99,118,221,9,180,53,154,102,49,103,241,7,26,67,210,187,208,108,14,186,239,222,121,73,41,162,193,90,179,23,38,97,216,122,197,115,88,50,22,84,61,141,184,10,133,234,181,98,168,15,204,158,80,37,28,159,191,127,113,211,17,43,148,200,206,207,104,209,229,87,83,174,185,82,89,32,34,16,237,86,57,173,192,54,105,107,95,152,78,29",5000,100
21,5,92226.41596169637,2.7418518339417868,"50,22,84,61,141,184,10,133,234,181,98,168,175,94,139,124,68,36,212,25,4,96,71,238,111,70,93,125,66,6,224,76,11,166,177,143,74,81,5,203,2,164,112,157,48,20,91,189,27,178,149,235,47,176,227,65,142,75,100,30,155,230,3,170,145,24,183,163,60,35,144,132,8,64,110,194,42,152,78,173,192,54,105,107,95,129,220,165,190,196,46,198,117,40,153,92,169,130,44,182,172,58,213,217,214,202,31,225,12,55,236,79,114,146,160,119,167,21,51,242,232,137,199,101,134,150,201,240,23,38,179,90,162,193,239,222,121,73,41,16,237,86,57,43,148,200,128,188,56,45,136,161,18,77,123,140,69,218,13,151,135,147,39,131,109,156,19,171,33,72,215,63,37,80,15,204,158,210,187,208,108,14,186,138,219,62,52,195,205,116,99,118,221,9,180,53,154,102,49,103,241,7,26,67,211,17,113,28,159,191,127,122,197,216,97,228,229,87,83,174,104,209,226,59,223,106,120,233,231,206,207,89,32,34,82,185,85,126,115,88,29",5000,100
21,6,94266.3704999673,1.7916637998234024,"29,115,88,50,22,84,61,141,184,10,133,234,181,98,168,175,94,139,124,68,36,212,25,4,96,71,238,111,70,93,125,66,6,224,76,11,166,177,143,74,81,5,203,2,164,112,157,48,20,91,189,27,178,149,235,47,176,227,65,142,75,100,30,155,230,3,170,145,24,183,163,60,35,144,132,8,64,110,194,42,129,220,165,190,196,46,198,117,40,153,92,169,130,44,182,172,58,213,217,214,202,31,225,12,55,236,79,114,146,160,119,167,21,28,159,191,127,113,211,17,123,140,69,218,13,151,135,147,39,131,109,156,19,171,33,72,215,63,37,80,15,204,158,210,187,208,108,14,186,138,219,62,52,195,205,116,99,118,221,9,180,53,154,102,49,103,241,7,26,67,57,86,237,16,41,162,193,239,222,121,73,179,23,38,83,229,87,209,104,174,207,206,231,233,120,106,226,59,223,126,85,185,82,89,32,34,173,192,54,105,107,95,152,78,128,200,148,43,56,45,136,161,18,77,51,242,232,137,199,101,134,150,201,240,90,188,216,97,122,197,228",5000,100
22,0,92726.47095588167,1.9851519847021446,"50,115,88,22,84,61,141,133,10,184,234,181,98,126,59,223,106,226,233,231,206,207,212,36,68,124,139,94,175,168,85,111,238,70,93,125,66,6,224,76,11,166,177,143,81,74,185,96,71,25,4,82,89,32,34,5,203,164,2,112,157,48,235,47,176,227,65,142,75,100,30,155,189,91,20,27,149,178,54,105,107,95,230,170,192,173,78,152,42,129,165,220,196,73,121,222,239,162,193,90,101,199,137,242,232,167,119,160,57,86,237,16,41,153,92,169,130,44,182,172,58,213,217,214,202,31,225,12,55,236,114,26,67,146,79,221,9,118,138,219,186,14,53,180,154,102,49,103,241,7,69,218,13,151,135,147,37,80,15,204,158,210,187,208,108,190,46,198,117,40,83,229,87,209,104,174,113,28,159,191,127,56,43,148,128,200,188,45,136,161,18,77,171,33,19,156,109,131,39,63,215,72,51,21,211,17,123,140,150,134,201,240,38,23,179,194,64,110,132,144,8,35,60,163,183,24,145,3,120,99,195,205,116,52,62,228,216,197,122,97,29",5000,100
22,1,93925.29776872655,1.583750627945778,"122,197,216,97,29,115,88,50,22,84,61,141,133,10,184,234,181,98,126,59,223,106,226,120,233,231,206,207,32,34,5,203,164,2,112,157,91,189,20,27,149,178,235,47,176,227,65,142,75,100,30,155,54,192,173,78,152,42,129,165,220,196,190,46,198,117,40,153,83,229,87,209,104,174,4,96,71,238,111,70,93,125,66,6,224,76,11,166,177,143,81,74,185,82,89,212,36,68,124,139,94,175,168,85,99,118,221,9,214,202,31,225,12,55,236,114,26,67,146,119,160,57,86,237,16,41,162,193,239,222,121,73,52,62,195,205,116,108,180,53,154,102,49,103,241,7,69,218,13,151,135,147,37,80,15,204,158,210,187,208,138,219,186,14,228,63,215,72,161,18,77,45,136,43,148,128,200,188,240,201,134,150,199,101,90,23,179,38,79,44,182,172,58,213,217,194,64,110,132,144,8,35,60,163,183,24,145,3,107,95,230,170,109,156,19,171,33,131,39,56,191,127,159,28,113,211,17,123,140,232,167,21,51,242,137,169,130,92,48,105,25",5000,100
22,2,93561.01420339302,1.7030628039692912,"122,197,216,97,29,115,88,50,22,84,61,141,133,10,184,234,181,98,126,59,223,106,226,120,233,231,206,207,4,96,71,111,238,70,93,125,66,6,224,76,11,166,177,143,81,74,185,82,89,32,34,5,203,164,2,112,157,91,189,20,27,149,178,235,47,176,227,65,170,230,3,107,95,105,24,145,183,163,60,35,132,144,8,64,110,194,129,165,220,196,190,46,198,117,40,153,92,169,130,44,182,172,58,213,217,214,202,31,225,12,55,236,114,26,67,146,119,160,57,86,237,16,41,162,193,239,222,121,73,83,229,87,209,104,174,79,221,9,154,102,49,103,241,7,69,140,123,17,211,113,28,159,191,127,56,45,136,161,18,77,171,33,109,156,19,218,13,151,135,147,37,80,15,204,158,210,187,208,108,180,53,205,116,99,14,186,219,138,52,62,195,228,30,155,142,75,100,90,101,199,137,242,232,167,21,51,148,128,200,188,43,38,23,179,134,150,201,240,192,173,78,152,42,54,68,124,139,94,175,168,85,212,36,25,48,72,215,63,131,39,118",5000,100
22,3,92357.65670942763,2.1507936001258177,"29,115,88,50,22,84,61,141,133,10,184,234,181,98,126,59,223,106,226,233,231,206,207,32,34,5,203,164,2,112,157,91,189,20,27,149,178,235,47,176,227,65,142,75,100,30,155,183,163,60,35,132,144,8,64,110,194,129,165,220,196,73,121,222,239,162,193,90,101,199,137,242,232,167,119,160,57,86,237,16,41,153,92,169,130,44,182,172,58,213,217,214,202,31,225,12,55,236,79,114,146,21,51,113,211,17,123,140,69,218,13,151,135,147,37,80,15,204,158,210,187,208,108,180,53,154,102,49,103,241,7,67,26,228,216,197,122,97,205,116,99,118,221,9,209,87,229,83,104,174,4,96,71,111,238,70,93,125,66,6,224,76,11,166,177,143,81,74,185,82,89,212,25,68,36,120,173,78,152,42,190,192,54,105,24,145,3,107,95,230,170,109,156,19,171,33,131,39,63,215,72,161,18,77,45,136,56,43,148,128,200,188,240,201,150,134,23,179,38,40,198,117,46,127,159,191,28,14,186,219,138,52,62,195,124,139,94,175,168,85,48",5000,100
23,0,92168.92792994628,1.8677950124093894,"115,50,29,122,197,216,97,84,141,61,184,10,133,234,98,168,175,94,139,124,68,25,4,212,36,206,231,233,120,106,223,59,126,85,111,238,70,93,125,185,74,82,89,32,34,81,5,203,2,164,112,157,91,189,27,178,149,20,48,235,65,227,176,47,170,230,3,24,145,183,163,60,35,144,132,8,194,220,165,190,196,46,198,117,40,153,130,169,92,83,229,87,209,104,174,182,172,58,213,217,214,202,31,225,12,55,44,236,114,146,160,119,167,21,51,242,232,137,199,101,134,150,201,240,38,23,179,129,42,152,78,173,192,54,105,107,95,222,239,162,193,90,41,16,237,86,57,28,113,211,17,123,140,69,218,13,151,135,147,39,131,63,215,72,156,109,33,171,19,37,80,15,204,158,210,187,208,108,186,14,52,62,219,138,195,205,116,99,118,221,9,180,53,154,102,49,241,7,103,67,26,79,191,159,56,45,136,161,77,18,127,148,128,200,188,43,207,226,22,88,228,181,71,96,100,30,75,142,155,177,166,224,76,11,6,66,143,64,110,73,121",5000,100
23,1,93098.11055335861,1.8037084273059028,"104,174,182,172,58,213,217,214,202,31,225,12,55,44,236,114,146,160,119,167,21,51,242,232,137,199,101,134,150,201,240,38,23,179,129,42,152,78,173,192,54,105,107,95,230,3,24,145,183,163,60,35,144,132,8,64,110,194,220,165,190,196,46,73,121,222,239,162,193,90,41,16,237,86,57,28,113,211,17,123,140,69,218,13,151,135,147,39,131,63,215,72,156,109,33,171,19,37,80,15,204,158,210,187,208,108,186,14,52,62,219,138,195,205,116,99,118,221,9,180,53,154,102,49,241,7,103,67,26,79,191,159,56,45,136,161,18,77,127,148,128,200,188,43,207,206,231,233,120,106,223,59,126,175,94,139,124,68,25,4,212,36,71,238,111,70,93,125,185,74,82,89,32,34,81,5,203,2,164,112,157,48,20,189,27,178,149,235,65,227,176,47,170,155,142,75,100,30,224,76,11,6,66,143,166,177,228,216,97,197,122,29,88,115,50,22,84,141,61,184,10,133,181,234,98,168,85,226,229,87,209,83,92,169,130,153,40,198,117,96,91",5000,100
23,2,93845.54823725244,1.7928046197117584,"61,184,10,133,181,234,98,168,175,94,139,124,68,25,4,212,36,206,231,233,120,106,223,59,126,85,111,238,70,93,125,185,74,82,89,32,34,81,5,203,2,164,112,157,91,189,27,178,149,20,48,235,65,227,176,47,170,230,3,24,145,183,163,60,35,144,132,8,64,110,194,220,165,190,196,46,198,117,40,153,130,169,92,83,229,87,209,104,174,182,172,58,213,217,214,202,31,225,12,55,236,114,146,160,119,167,21,51,242,232,137,199,101,134,150,201,240,38,23,179,129,42,152,78,173,192,54,105,107,95,222,121,73,193,162,90,41,16,237,86,57,28,113,211,17,123,140,69,218,13,151,135,147,39,131,63,215,72,156,109,33,171,19,37,80,15,204,158,210,187,208,108,186,14,52,62,219,138,195,205,116,99,118,221,9,180,53,154,102,49,241,7,103,67,26,79,191,127,159,56,45,136,161,18,77,128,200,188,43,148,239,226,22,84,141,115,50,29,88,228,216,97,197,122,76,11,6,66,143,166,177,224,142,155,75,100,30,207,96,71,44",5000,100
23,3,95363.25818871713,1.6915103393089959,"53,180,187,208,108,186,14,52,62,219,138,195,205,116,99,118,221,9,214,202,31,225,12,55,44,182,172,58,213,217,174,104,209,229,87,83,92,169,130,153,40,198,117,73,121,222,239,162,193,90,41,16,237,86,57,160,119,167,21,51,242,232,137,199,101,134,150,201,240,38,23,179,129,42,152,78,173,192,54,105,107,95,230,3,24,145,183,163,60,35,144,132,8,64,110,194,220,165,190,196,46,178,149,20,48,157,112,164,2,203,5,32,34,81,143,166,177,224,76,11,6,66,125,185,74,82,89,96,71,238,111,70,93,139,124,68,25,4,212,36,206,231,233,120,106,223,59,126,85,226,22,88,115,50,29,122,197,216,97,84,141,61,184,10,133,181,234,98,168,175,94,91,189,155,142,75,100,30,207,228,204,15,80,37,147,39,131,63,215,72,156,109,33,171,19,191,159,28,113,211,17,123,140,69,218,13,151,135,200,128,148,43,56,45,136,161,18,77,127,188,114,79,236,49,241,102,154,210,158,103,67,26,146,176,47,170,227,65,235,27,7",5000,100
24,0,107182.20856848857,1.6681654160904473,"54,192,190,117,198,121,73,46,107,24,145,81,89,82,4,96,71,25,207,120,233,231,206,125,175,168,94,124,68,74,143,6,224,76,11,166,177,182,236,79,134,150,201,240,148,128,200,211,17,123,140,127,191,159,28,232,51,242,21,119,167,160,57,172,44,239,193,90,162,222,137,199,101,113,135,147,241,49,102,114,26,67,41,237,16,131,39,19,171,33,109,156,63,72,215,77,18,37,204,15,80,108,213,58,104,154,53,180,210,165,220,173,194,64,110,12,47,170,3,230,95,105,183,163,178,149,27,235,176,65,227,112,23,38,86,225,31,202,214,9,221,118,146,55,153,40,32,34,212,209,87,229,83,130,169,92,142,155,48,111,238,70,139,85,223,59,181,234,10,133,184,61,141,84,22,115,50,88,29,99,228,219,138,62,52,195,205,116,122,197,216,97,91,189,20,203,5,164,2,66,187,208,14,186,218,13,151,103,7,126,106,226,174,196,132,8,144,35,60,152,78,42,129,100,75,30,36,98,217,158,69,43,188,56,45,136,161,179,157,185,93",5000,100
24,1,100434.79140172164,1.7148843699698426,"84,61,141,221,9,214,202,31,225,12,79,236,114,55,44,182,172,58,213,217,118,26,67,103,154,102,158,204,80,147,13,218,156,109,171,33,19,215,72,63,131,39,17,211,113,28,159,191,127,45,136,161,18,77,123,140,69,241,49,54,3,230,95,107,105,24,145,183,163,173,78,42,129,194,64,110,152,178,149,27,235,47,176,227,65,153,40,92,169,130,237,16,86,160,119,167,232,242,51,46,121,73,196,190,165,220,222,239,162,193,198,117,188,128,200,240,201,134,150,101,199,137,148,43,56,90,23,179,38,34,32,89,82,74,81,93,125,66,6,224,76,166,177,11,143,197,122,97,216,88,115,29,50,10,133,181,234,98,226,106,223,59,126,175,21,146,99,62,52,138,219,186,14,108,208,187,210,180,53,104,229,87,209,83,2,164,91,189,20,48,155,142,75,100,30,203,5,212,4,25,68,124,71,96,70,238,111,139,85,94,231,206,207,36,120,233,112,157,205,116,195,228,151,135,37,15,7,35,60,8,132,144,170,192,185,168,184,22,174,41,57",5000,100
24,2,94479.0166547819,1.7700666921544388,"115,50,88,22,84,61,141,184,10,133,234,181,98,175,168,85,139,124,68,212,4,25,206,231,233,120,106,223,59,126,94,36,96,71,238,111,70,93,125,66,6,224,76,11,166,177,143,81,74,82,89,32,34,203,5,2,164,112,157,91,189,20,48,176,227,65,235,27,178,149,170,47,95,230,3,107,105,24,145,183,163,60,35,144,132,8,110,64,194,42,129,220,73,121,222,239,193,162,41,16,237,86,57,160,119,167,21,51,242,232,137,199,101,90,23,38,179,150,134,201,240,148,128,200,188,56,45,136,161,77,18,123,140,69,218,156,109,171,33,19,131,39,63,72,215,7,103,241,49,102,154,53,180,210,187,208,108,14,186,219,138,52,195,205,116,99,118,221,9,214,202,31,225,12,182,172,58,213,217,46,198,117,40,153,92,169,130,87,229,83,209,104,174,226,207,185,30,75,142,155,54,192,173,78,152,43,159,28,113,211,17,191,127,80,15,204,37,147,135,151,13,97,29,197,122,216,228,62,158,67,26,79,236,55,44,114,146,196,190,165,100",5000,100
24,3,92149.6995340912,2.0860017512985474,"115,50,88,22,84,61,141,184,10,133,234,181,98,168,175,126,59,223,106,226,120,233,231,206,207,32,34,81,74,82,89,185,125,66,6,224,76,11,166,177,143,30,75,100,142,155,235,27,178,149,20,48,91,189,157,112,2,164,203,5,104,174,182,172,58,213,217,214,202,31,225,12,55,44,118,221,9,102,154,53,180,210,158,204,15,80,7,103,241,49,26,67,79,236,114,146,160,119,167,21,51,242,232,137,199,101,90,162,193,222,121,73,46,198,117,40,153,92,169,130,16,237,86,57,200,128,148,240,201,134,150,41,78,173,190,196,179,38,23,152,42,129,194,64,110,144,132,8,35,60,163,183,145,24,105,107,95,230,3,170,47,176,227,65,212,68,124,139,94,36,96,4,25,71,238,111,70,93,197,122,97,29,228,216,116,99,14,186,219,138,52,195,205,62,63,131,39,156,109,171,33,19,218,13,151,135,147,37,72,215,161,77,18,123,17,69,140,43,188,56,45,136,113,28,159,191,127,192,54,220,165,239,87,229,83,209,85,187,208,108,211",5000,100
24,4,92288.21344092712,1.8037084273059028,"140,123,17,211,113,28,159,191,127,56,45,136,161,77,18,215,72,63,131,39,156,109,171,33,19,218,13,151,135,147,37,204,15,80,7,103,241,49,102,154,53,180,210,158,108,208,187,14,186,138,219,62,52,195,205,116,99,228,216,197,122,97,29,115,50,88,22,84,61,141,184,10,133,234,181,98,168,175,126,59,223,106,226,120,233,231,206,207,32,34,81,74,82,89,185,125,66,6,224,76,11,166,177,143,5,203,2,164,112,157,91,189,20,48,165,220,222,121,73,46,198,117,40,153,92,169,130,16,237,86,57,160,119,167,21,51,242,232,137,199,101,90,162,239,41,193,150,134,201,240,148,128,200,188,43,38,23,179,129,152,78,173,192,54,105,107,95,230,3,170,47,227,65,176,178,149,27,235,142,155,75,100,30,83,87,229,209,104,174,182,172,58,213,217,118,221,9,214,202,31,225,12,55,44,36,212,25,4,96,71,238,111,70,93,94,85,139,124,68,236,114,146,26,79,67,69,196,190,64,110,144,132,8,35,60,163,183,145,24,42,194",5000,100
25,0,94055.21302741022,1.8445505858895075,"115,50,29,197,216,97,122,228,62,219,138,52,195,205,116,99,14,186,53,180,154,102,49,103,241,7,69,140,123,17,211,113,28,159,191,127,56,188,200,128,148,240,201,134,150,101,199,137,232,242,51,21,167,119,160,57,86,237,16,41,239,162,193,90,23,38,179,194,42,129,220,165,73,121,222,46,198,117,40,153,92,169,130,44,182,172,58,213,217,214,202,31,225,12,55,236,79,26,67,146,114,174,104,209,87,229,83,112,157,91,189,48,20,149,178,27,235,65,227,176,47,170,230,3,107,95,105,24,145,183,163,60,35,144,132,8,110,64,152,78,173,190,196,54,192,147,135,151,13,218,19,171,33,109,156,131,39,63,215,72,161,18,77,80,37,204,15,158,210,187,208,108,221,9,118,88,22,84,61,141,184,10,133,234,181,98,85,94,175,168,126,59,223,106,226,120,233,231,206,207,212,25,68,124,139,111,238,70,71,96,185,82,89,32,34,5,203,2,164,155,142,75,100,30,143,81,74,93,125,66,6,224,76,11,166,177,4,36,136,45,43",5000,100
25,1,92549.85691077917,2.0981817995362855,"7,241,103,49,102,154,53,180,108,208,187,210,158,204,15,80,37,147,135,151,13,218,19,171,33,109,156,131,39,63,72,215,161,136,45,56,188,200,128,148,43,137,232,242,51,21,167,119,160,57,86,237,16,41,239,162,193,90,101,199,134,150,201,240,38,23,179,78,152,42,129,220,165,73,121,222,46,198,117,40,153,92,169,130,44,182,172,58,213,217,214,202,31,225,12,55,236,79,26,67,146,114,174,104,209,48,178,149,27,235,65,227,176,47,170,230,3,107,95,105,24,145,183,163,60,35,144,132,8,110,64,194,196,190,192,173,155,142,75,100,30,5,203,2,164,112,157,91,189,20,54,185,82,89,32,34,81,74,143,177,166,224,76,11,6,66,125,93,70,238,111,71,96,25,4,36,94,175,168,85,139,124,68,212,206,207,231,233,120,106,226,99,118,116,205,195,52,62,219,138,186,14,228,122,197,216,97,29,115,50,88,22,84,61,141,184,10,133,234,181,98,126,59,223,87,229,83,221,9,17,211,113,28,159,191,127,18,77,123,69,140",5000,100
25,2,92497.26734838099,2.2400338120863132,"122,216,97,29,197,88,115,50,4,96,71,111,238,70,93,125,66,6,224,76,11,166,177,143,81,74,82,89,32,34,5,203,2,164,112,157,91,189,20,149,27,235,65,227,176,47,170,230,3,107,95,105,24,145,183,163,60,35,144,132,8,110,64,194,42,129,220,165,73,121,196,190,192,54,173,78,152,179,38,23,134,150,201,240,148,128,200,188,56,191,127,159,28,113,211,17,140,123,69,7,241,103,49,102,154,53,180,108,208,187,210,158,204,15,80,37,147,135,151,13,218,19,171,33,109,156,131,39,63,72,215,161,18,77,136,45,43,137,232,242,51,21,167,119,160,57,86,237,16,41,239,162,193,90,101,199,114,146,67,26,79,236,55,44,182,172,12,225,31,202,9,221,214,217,118,213,58,130,153,92,40,117,198,46,222,155,142,75,100,30,85,139,124,68,36,94,175,168,126,59,223,106,226,120,233,231,206,207,212,25,234,181,98,133,10,184,141,61,84,22,228,62,219,138,52,195,205,116,99,14,186,209,87,229,83,169,48,178,174,104,185",5000,100
25,3,93335.27396951782,1.969978444330417,"29,115,50,88,22,84,61,141,184,10,133,234,181,98,126,59,223,106,226,120,233,231,206,207,212,25,4,96,71,111,238,70,93,125,66,6,224,76,11,177,166,143,81,74,82,89,32,34,5,203,2,164,112,157,91,189,20,149,178,27,235,65,227,176,47,170,230,3,107,95,105,24,145,183,163,60,35,144,132,8,110,64,194,42,129,220,165,73,121,222,193,239,162,90,101,199,134,150,201,240,148,128,200,188,56,191,127,159,28,113,211,17,140,123,69,7,241,103,49,102,154,53,180,9,214,202,31,225,12,55,236,114,146,160,57,86,237,16,41,130,44,182,172,58,213,217,118,221,14,186,219,138,52,62,195,205,116,99,104,209,229,87,83,169,92,40,153,117,198,46,196,190,192,173,78,152,179,38,23,137,232,242,51,21,167,119,63,72,215,161,18,77,136,45,43,80,37,204,15,158,210,187,208,108,228,122,197,216,97,85,139,124,68,36,94,175,168,174,48,54,185,100,30,75,142,155,79,26,67,131,39,135,151,13,218,19,171,33,109,156,147",5000,100
25,4,94313.24748428093,1.7596878546027115,"234,181,98,126,59,223,106,226,120,233,231,206,207,212,25,4,96,71,111,238,70,93,125,66,6,224,76,11,166,177,143,81,74,82,89,32,34,5,203,2,164,112,157,91,189,20,48,178,149,27,235,65,227,176,47,170,230,3,107,95,105,24,145,183,163,60,35,144,132,8,110,64,194,42,129,220,165,73,121,222,193,239,162,90,101,199,134,150,201,240,23,38,179,78,152,190,196,54,192,173,155,142,75,100,30,185,36,94,175,168,85,139,124,68,167,119,160,57,86,237,16,41,130,44,182,172,58,213,217,214,202,31,225,12,55,236,79,114,146,67,26,7,241,103,49,102,154,53,180,9,221,118,116,205,195,52,62,219,138,186,14,108,208,187,210,158,204,15,80,37,147,135,151,13,218,19,171,33,109,156,131,39,63,72,215,161,18,77,136,45,56,191,127,159,28,113,211,17,140,123,69,21,51,242,232,137,43,148,128,200,188,104,174,87,229,83,169,92,40,153,117,198,46,184,133,10,22,84,61,141,29,115,50,88,99,228,122,197,216,97,209",5000,100
25,5,93118.590710973,2.014004224859392,"50,88,22,84,61,141,184,10,133,234,181,98,126,59,223,106,226,120,233,231,206,207,212,25,4,96,71,124,68,36,94,175,168,85,139,111,238,70,93,125,66,6,224,76,11,166,177,143,81,74,82,89,32,34,5,203,2,164,112,157,91,189,20,48,178,149,27,235,65,227,176,47,170,230,3,107,95,105,24,145,183,163,60,35,144,132,8,110,64,194,42,129,220,165,73,121,222,46,198,117,40,153,92,169,130,44,182,172,58,213,217,214,202,31,225,12,55,236,79,114,146,160,57,86,237,16,41,239,162,193,90,101,199,137,232,242,51,21,167,119,188,56,191,127,159,28,113,211,17,140,123,69,7,241,103,49,102,154,53,180,187,208,108,14,186,219,138,52,62,195,205,116,99,118,221,9,228,122,197,216,97,29,115,174,104,209,229,87,83,67,26,43,148,128,200,240,201,150,134,23,38,179,78,152,190,196,54,192,173,155,142,75,100,30,185,77,18,161,136,45,13,218,19,171,33,109,156,131,39,63,215,72,147,135,151,80,37,204,15,158,210",5000,100
25,6,94493.4616150885,1.7371676600978794,"88,22,84,61,141,184,133,10,234,181,98,126,59,223,106,226,120,233,231,206,207,212,25,4,96,71,111,238,70,93,125,66,6,224,76,11,166,177,143,81,74,82,89,32,34,5,203,2,164,112,157,91,189,20,48,178,149,27,235,65,227,176,47,170,230,3,107,95,105,24,145,183,163,60,35,144,132,8,110,64,194,42,129,220,165,73,121,222,193,239,162,90,101,199,134,150,201,240,148,128,200,188,56,191,127,159,28,113,211,17,140,123,69,7,241,103,49,102,154,53,180,187,208,108,14,186,219,138,52,62,195,205,116,99,118,221,9,214,202,31,225,12,55,236,114,146,160,57,86,237,16,41,130,44,182,172,58,213,217,228,122,197,216,97,29,115,50,85,139,124,68,36,94,175,168,174,104,209,229,87,83,169,92,40,117,198,46,196,190,192,173,78,152,179,38,23,137,232,242,51,21,167,119,210,158,204,15,80,37,147,135,151,13,218,19,171,33,109,156,131,39,63,72,215,161,18,77,136,45,43,67,26,79,185,100,30,75,142,155,54,153",5000,100
25,7,94035.97572975082,1.875566975421017,"115,50,88,22,84,61,141,184,133,10,234,181,98,126,59,223,106,226,120,233,231,206,207,212,25,4,96,71,124,68,36,94,175,168,85,139,111,238,70,93,125,66,6,224,76,11,166,177,143,81,74,82,89,32,34,5,203,2,164,112,157,91,189,20,48,178,149,27,235,65,227,176,47,170,230,3,107,95,105,24,145,183,163,60,35,144,132,8,110,64,194,42,129,220,165,73,121,222,193,239,162,90,101,199,137,232,242,51,21,167,119,160,57,86,237,16,41,130,44,182,172,58,213,217,214,202,31,225,12,55,236,79,114,146,67,26,7,241,103,49,102,154,53,180,187,208,108,14,186,219,138,52,62,195,205,116,99,118,221,9,228,122,197,216,97,29,174,104,209,229,87,83,169,92,40,153,117,198,46,196,190,192,173,78,152,179,38,23,134,150,201,240,148,128,200,188,56,191,127,159,28,113,211,17,140,123,69,13,218,19,171,33,109,156,131,39,63,72,215,161,18,77,136,45,43,80,37,147,135,151,15,204,158,210,54,185,100,30,75,142,155",5000,100
26,0,93350.48530617895,1.8037084273059028,"79,236,114,146,160,119,167,57,86,237,16,41,162,90,101,199,150,134,201,240,38,23,179,194,129,42,152,78,173,192,54,105,107,95,230,3,170,47,176,227,65,235,27,178,149,20,48,157,91,189,190,165,220,121,222,239,193,209,87,229,83,169,92,153,40,117,198,46,73,196,183,163,60,35,144,132,8,110,64,37,80,15,204,158,210,187,208,108,14,186,138,219,52,195,205,116,99,118,221,9,214,202,31,225,12,55,44,182,172,58,213,217,154,53,180,102,49,103,241,7,67,26,130,174,104,233,120,231,206,207,4,25,212,68,36,71,238,111,70,93,125,66,6,224,76,11,166,177,143,74,82,89,32,34,81,5,203,2,164,112,155,142,75,100,30,106,226,223,59,126,175,168,94,139,124,185,96,98,181,234,133,10,184,141,61,84,22,88,115,50,29,122,197,216,97,228,62,211,113,28,159,191,127,77,18,161,72,215,63,33,171,109,156,131,39,151,13,218,19,135,147,123,140,69,17,128,200,148,43,242,51,21,232,137,188,45,136,56,145,24,85",5000,100
26,1,93725.19691429894,1.5334286114523257,"49,103,7,241,15,204,158,102,154,53,180,108,187,208,37,147,135,151,13,218,19,171,33,109,156,131,39,215,72,77,18,161,136,45,56,43,148,128,200,188,137,199,101,90,162,239,193,222,121,73,196,46,198,117,40,153,92,83,229,87,209,104,233,120,231,206,207,32,34,81,74,82,89,185,96,71,111,238,70,93,125,66,6,224,76,11,166,177,143,30,75,142,155,27,235,47,176,227,65,105,107,95,230,3,170,145,24,183,163,173,192,54,190,165,220,129,42,152,78,194,64,110,144,132,8,35,60,91,20,48,157,112,164,2,203,5,4,25,212,68,124,139,85,168,175,94,36,130,169,44,182,172,58,217,214,202,31,225,12,55,236,114,146,160,119,167,21,51,242,232,179,38,23,134,150,201,240,159,28,113,211,17,123,140,69,127,191,86,237,16,41,174,213,118,221,9,186,138,219,62,52,195,205,116,99,184,10,133,234,181,98,126,59,223,106,226,61,141,84,22,50,88,29,122,197,216,97,228,14,210,80,115,63,26,67,79,57,189,149,178,100",5000,100
26,2,92950.0460935106,1.9297544729909166,"93,125,66,6,224,76,11,166,177,143,74,82,89,32,34,81,5,203,2,164,112,157,48,20,149,178,27,235,65,227,176,47,170,95,230,3,24,145,183,163,60,35,144,132,8,110,64,194,152,78,173,192,54,105,107,220,129,42,190,165,73,46,198,117,40,153,92,83,229,87,209,104,233,120,231,206,207,4,25,212,68,124,139,85,168,175,94,36,71,238,111,70,96,185,22,84,61,141,184,10,133,234,181,98,126,59,223,106,226,174,172,182,44,55,236,114,79,26,67,146,160,119,167,21,51,242,232,137,199,101,90,162,193,239,222,121,196,130,169,134,150,201,240,148,200,128,188,45,56,159,191,127,77,18,161,136,123,140,69,218,13,151,135,147,39,131,63,215,72,156,109,33,171,19,204,15,80,37,158,210,187,208,108,14,186,138,219,62,52,195,205,116,99,118,221,9,214,202,31,225,12,217,213,58,29,115,50,88,122,197,216,97,228,241,49,103,7,102,154,53,180,41,16,237,86,57,38,179,23,43,28,113,211,17,30,75,100,142,155,189,91",5000,100
27,0,93904.53559916434,1.6563695750543432,"50,29,115,88,22,84,61,141,184,10,133,181,98,168,175,126,59,223,106,226,234,116,205,195,52,62,138,219,216,197,122,97,99,118,213,58,217,214,9,221,202,31,225,12,172,182,44,55,236,114,237,16,41,239,193,162,90,101,134,150,201,240,128,200,148,43,56,45,136,161,18,77,191,127,28,159,113,211,123,17,69,140,19,171,33,109,156,39,131,63,215,72,135,147,37,204,15,80,241,7,103,49,102,154,180,53,187,208,108,14,186,228,158,210,34,82,89,32,207,206,4,212,25,68,124,139,238,111,70,93,125,66,6,224,76,11,177,166,143,81,74,185,96,71,94,85,36,233,120,231,104,174,87,209,229,83,48,91,189,27,235,227,65,176,47,170,95,107,105,54,192,173,78,152,42,129,220,165,222,121,73,46,198,117,40,153,92,169,130,112,157,164,2,203,5,155,30,75,100,142,178,149,20,196,190,24,145,183,163,35,60,144,132,8,64,110,194,179,38,23,188,86,57,160,119,167,21,51,242,232,137,199,151,13,218,67,26,79,146,230,3",5000,100
27,1,93161.34153314165,2.0671168166970117,"29,115,50,88,22,84,61,141,184,10,133,181,98,234,116,205,195,52,62,138,219,186,14,221,9,202,31,225,12,55,236,79,26,67,146,160,119,167,21,51,242,232,137,199,101,134,150,201,240,128,200,148,43,56,45,136,161,18,77,19,156,39,131,63,215,72,135,147,37,204,15,80,241,7,103,49,102,154,180,53,210,187,208,108,228,122,197,216,97,25,212,36,68,124,139,238,111,70,71,96,82,89,32,34,81,5,203,2,164,112,157,91,189,27,178,149,20,48,65,227,176,47,170,95,107,105,54,192,173,78,152,42,129,220,165,190,196,73,121,222,239,193,162,90,23,38,179,194,64,110,144,132,8,35,60,163,183,145,24,3,230,235,155,30,75,100,142,11,76,224,6,66,125,185,74,143,166,177,46,198,117,40,153,92,169,83,229,87,209,104,174,172,182,44,130,237,16,41,86,57,114,69,140,123,17,211,113,28,159,191,127,33,171,218,13,151,109,188,118,217,214,58,213,94,85,168,175,126,59,223,106,226,120,233,231,206,207,4,93,99,158",5000,100
27,2,93243.19821902539,1.7372593281048383,"197,216,97,122,29,115,50,88,22,84,61,141,184,10,133,181,98,168,175,126,59,223,106,226,120,233,231,206,207,212,36,68,124,139,94,85,70,93,125,66,6,224,76,11,177,166,143,81,74,82,89,32,34,5,203,2,164,112,157,91,189,27,235,47,170,95,107,105,54,192,173,78,152,42,129,220,165,190,196,73,46,198,117,40,153,92,169,83,229,87,209,104,174,172,182,44,57,86,237,16,41,239,193,162,90,101,134,150,201,240,128,200,148,43,56,45,136,161,18,77,19,171,33,109,156,39,131,63,215,72,135,147,37,204,15,80,241,7,103,49,102,154,180,53,187,208,108,14,186,138,219,62,52,195,205,116,99,118,217,214,9,221,202,31,225,12,55,236,79,26,67,146,160,119,167,21,51,242,232,137,199,151,218,13,140,69,17,211,113,28,159,191,127,123,188,114,158,210,213,58,4,25,185,96,71,238,111,234,228,155,30,75,100,142,227,65,176,230,3,24,145,183,163,60,35,144,132,8,64,110,194,179,38,23,222,121,149,178,20,48,130",5000,100
28,0,92589.92814179293,2.7348290514817197,"119,167,21,51,242,232,137,199,101,150,134,201,240,23,38,179,129,42,152,78,173,192,54,105,107,95,170,230,3,145,24,183,163,60,35,144,132,8,110,64,194,196,190,165,220,222,121,73,46,198,117,40,153,92,83,229,87,209,104,174,172,58,213,217,180,53,154,102,49,103,241,7,69,218,13,151,135,147,39,131,63,215,72,161,18,77,136,45,56,191,127,159,28,113,211,17,123,140,19,171,33,109,156,80,37,204,15,43,148,200,128,188,86,57,160,146,67,26,79,236,114,16,237,41,162,193,239,90,228,62,195,52,219,138,186,14,108,208,187,210,158,185,81,74,82,89,32,34,207,206,231,233,120,106,223,59,126,175,168,85,139,124,68,212,25,4,96,71,238,111,70,93,125,66,6,224,76,11,177,166,143,30,100,75,142,155,91,189,20,48,157,112,2,164,203,5,235,47,227,65,176,178,149,27,94,36,116,205,99,118,221,9,214,202,31,225,12,182,44,55,130,169,181,234,133,10,184,141,61,84,22,88,115,50,29,97,216,197,122,98,226",5000,100
28,1,93098.54387956887,1.836031358544255,"182,172,58,213,217,225,31,202,214,9,221,118,99,205,195,52,62,219,138,14,186,108,208,187,210,158,102,154,180,53,174,104,209,229,87,83,92,169,130,44,55,236,114,146,160,119,167,21,51,242,232,137,199,101,150,134,201,240,23,38,179,129,42,152,78,173,192,54,105,107,95,170,230,3,145,24,183,163,60,35,144,132,8,110,64,194,196,190,165,220,222,121,73,46,198,117,40,153,41,162,193,239,90,86,237,16,57,79,103,49,241,7,69,218,13,151,135,147,39,131,63,215,72,161,136,45,56,191,127,159,28,113,211,17,123,140,19,156,109,33,171,18,77,188,43,148,200,128,157,112,2,164,203,5,81,74,82,89,32,34,207,206,231,233,120,106,223,59,126,175,168,85,139,94,226,98,234,181,133,10,184,141,61,84,22,88,115,50,29,97,216,197,122,228,116,36,212,25,4,96,71,238,111,70,93,125,66,6,224,76,11,177,166,143,30,100,75,142,155,91,189,27,235,47,176,227,65,149,178,20,48,37,204,15,80,12,67,26,124,68,185",5000,100
28,2,92627.71180129115,1.9599998430744783,"219,138,52,62,195,205,116,99,118,213,58,172,182,44,55,236,114,146,160,119,167,21,51,242,232,137,199,101,150,134,201,240,38,179,129,42,152,78,173,192,54,105,107,95,170,230,3,145,24,183,163,60,35,144,132,8,110,64,194,196,46,198,117,40,153,92,169,83,229,87,209,104,174,226,106,223,59,126,175,168,85,139,124,68,212,25,4,96,71,238,111,70,93,125,185,74,82,89,32,34,207,206,231,233,120,94,36,97,216,197,122,228,29,115,50,88,22,84,141,61,184,10,133,234,181,98,57,86,237,16,41,162,193,239,222,121,73,165,220,190,178,149,27,235,47,176,227,65,142,155,91,189,20,48,157,112,2,164,203,5,81,30,75,100,6,224,76,11,177,166,143,66,200,128,148,43,191,127,159,28,113,211,17,123,140,69,218,13,151,135,147,39,131,109,156,19,171,33,63,215,72,161,136,45,56,188,23,90,241,7,103,49,102,158,210,187,208,108,14,186,180,53,154,67,26,79,214,202,31,225,12,217,221,9,80,37,204,15,130,77,18",5000,100
28,3,92597.02837919336,2.484270040300791,"50,88,115,29,97,216,197,122,228,219,138,52,62,195,205,116,99,118,213,217,225,12,182,172,58,174,104,209,229,87,83,92,169,130,44,55,236,114,79,26,67,146,160,119,167,21,51,242,232,137,199,101,150,134,201,240,23,38,179,129,42,152,78,173,192,54,105,107,95,170,230,3,145,24,183,163,60,35,144,132,8,110,64,194,196,46,198,117,40,153,41,162,193,239,222,121,73,165,220,190,178,149,27,235,47,176,227,65,157,112,2,164,203,5,81,74,82,89,32,34,207,206,231,233,120,106,223,59,126,175,168,85,139,124,68,212,25,4,96,71,238,111,70,93,125,66,6,224,76,11,177,166,143,30,100,75,142,155,91,189,20,48,237,16,57,86,90,128,188,43,148,200,56,191,127,159,28,113,211,17,123,140,69,218,13,151,135,147,39,131,63,215,72,161,136,45,18,77,171,33,109,156,19,204,15,80,37,241,7,103,49,102,154,180,53,108,208,187,210,158,185,36,94,226,98,234,181,133,10,184,141,61,84,22,14,186,9,221,214,202,31",5000,100
28,4,92579.53896130247,2.9901218039348936,"29,115,50,88,22,84,141,61,184,10,133,234,181,98,168,175,94,36,212,25,4,96,71,238,111,70,93,125,66,6,224,76,11,177,166,143,30,100,75,142,155,91,189,27,235,47,176,227,65,149,178,20,48,157,112,2,164,203,5,81,74,82,89,32,34,207,206,231,233,120,106,223,59,126,226,104,174,172,58,213,217,225,12,182,44,55,236,114,146,160,119,167,21,51,242,232,137,199,101,150,134,201,240,23,38,179,129,42,152,78,173,192,54,105,107,95,170,230,3,145,24,183,163,60,35,144,132,8,110,64,194,196,46,198,117,40,153,92,169,130,83,229,87,209,241,7,103,49,102,154,180,53,108,208,187,210,158,204,15,80,37,147,39,131,63,215,72,161,136,45,56,191,127,159,28,113,211,17,123,140,69,218,13,151,135,156,19,171,33,109,18,77,188,43,148,200,128,90,162,193,239,222,121,73,165,220,190,124,68,139,85,185,228,219,138,52,62,195,205,116,99,118,221,9,214,202,31,67,26,79,57,86,237,16,41,216,197,122,97,186,14",5000,100
28,5,92983.78477748731,1.8857924110971174,"115,50,29,97,216,197,122,228,62,138,219,186,14,108,208,187,210,158,102,49,103,241,7,15,80,37,204,213,217,225,12,182,172,58,174,104,209,229,87,83,92,169,130,44,55,236,114,146,160,119,167,21,51,242,232,137,199,101,150,134,201,240,23,38,179,129,42,152,78,173,192,54,105,107,95,170,230,3,145,24,183,163,60,35,144,132,8,110,64,194,196,46,198,117,40,153,41,162,193,239,222,121,73,165,220,190,178,149,27,235,47,176,227,65,142,155,91,189,20,48,157,112,2,164,203,5,81,74,82,89,32,34,206,231,233,120,68,124,139,94,36,212,25,4,96,71,238,111,70,93,125,66,6,224,76,11,177,166,143,30,100,75,185,207,85,168,175,126,59,223,106,226,98,181,234,133,10,184,141,61,84,22,88,180,53,154,67,26,79,57,86,237,16,90,128,148,200,188,43,191,127,159,28,113,211,17,123,140,69,218,13,151,135,147,39,131,63,215,72,161,136,45,56,77,18,171,33,109,156,19,31,202,214,9,221,118,99,205,116,52,195",5000,100
28,6,93242.44652486978,1.4546852541954045,"29,115,50,88,22,84,141,61,184,10,133,234,181,98,168,85,139,94,36,212,25,4,96,71,238,111,70,93,125,66,6,224,76,11,177,166,143,30,100,75,142,155,91,189,20,48,157,112,2,164,203,5,81,74,82,89,32,34,207,206,231,233,120,106,223,59,126,175,104,174,172,182,44,55,236,114,146,160,119,167,21,51,242,232,137,199,101,150,134,201,240,23,38,179,129,42,152,78,173,192,54,105,107,95,170,230,3,145,24,183,163,60,35,144,132,8,110,64,194,196,46,198,117,40,153,92,169,130,90,162,193,239,222,121,73,165,220,190,178,149,27,235,47,176,227,65,83,229,87,209,241,7,103,49,102,154,180,53,108,208,187,210,158,204,15,80,37,147,39,131,63,215,72,161,136,45,56,191,127,159,28,113,211,17,123,140,69,218,13,151,135,156,109,33,171,19,77,18,148,200,128,188,43,67,26,79,57,86,237,16,41,217,213,58,195,205,116,99,118,221,9,214,202,31,225,12,228,62,138,219,186,14,226,124,68,185,97,216,197,122,52",5000,100
29,0,91497.505069316,2.4411567839193595,"116,205,195,52,62,138,219,186,14,108,208,187,210,158,102,154,53,180,221,9,214,202,31,225,12,182,172,58,213,217,118,99,228,97,216,197,122,29,115,50,88,84,61,141,184,133,10,181,234,98,126,59,223,106,226,120,233,231,206,207,32,34,5,203,2,164,157,112,91,189,20,48,27,235,65,227,176,47,170,230,3,24,145,183,163,60,35,144,132,8,110,64,194,42,129,220,165,190,192,54,105,107,95,149,178,155,142,75,100,30,177,166,224,76,11,6,66,143,81,74,82,89,4,25,212,68,124,139,94,175,168,85,238,111,70,93,125,185,96,71,36,209,229,87,83,92,169,130,153,40,117,198,46,196,73,121,222,239,193,162,90,101,199,150,134,201,240,128,200,148,188,56,43,28,159,191,127,17,123,140,69,218,13,151,135,147,37,80,15,204,49,103,241,7,26,67,79,236,114,146,167,119,160,57,86,237,16,41,21,51,242,232,137,38,179,23,18,77,45,136,161,215,72,63,131,39,109,156,19,171,33,113,211,44,55,78,152,173,104,174,22",5000,100
29,1,93416.26857484369,1.8145467139230234,"216,197,122,97,61,141,184,133,10,181,234,98,126,59,223,106,226,120,233,231,206,207,32,34,5,203,2,164,157,112,91,189,20,48,27,235,65,227,176,47,170,230,3,107,95,105,24,145,183,163,60,35,144,132,8,110,64,194,42,129,220,165,73,121,222,239,162,193,90,101,199,150,134,201,240,128,200,148,188,56,45,136,161,18,77,215,72,63,131,39,109,156,19,171,33,218,13,151,135,147,37,80,15,204,158,210,187,208,108,14,186,138,219,62,195,52,205,116,99,118,217,214,202,31,225,12,55,236,114,79,26,67,146,160,57,86,237,16,41,130,44,182,172,58,213,228,22,84,115,88,50,29,168,85,238,111,70,93,125,185,96,71,139,94,175,36,68,124,25,4,89,82,74,143,81,100,30,75,142,155,178,149,190,192,54,173,78,152,196,46,198,117,40,153,92,169,229,87,209,104,174,83,211,113,28,159,191,127,17,123,140,69,7,103,241,49,102,154,53,180,221,9,38,179,23,119,242,51,21,167,232,137,43,212,66,6,224,76,11,166,177",5000,100
29,2,94611.97525341339,1.6578663124809467,"179,23,38,155,142,75,100,30,207,206,231,233,120,36,68,124,139,94,175,168,85,238,111,70,93,125,66,6,224,76,11,166,177,143,81,74,82,89,32,34,5,203,2,164,157,112,91,189,20,48,27,235,65,227,176,47,170,230,3,107,95,105,24,145,183,163,60,35,144,132,8,110,64,194,42,129,220,165,190,192,54,178,149,173,78,152,196,46,198,117,40,153,92,169,229,87,83,209,104,174,172,58,213,217,214,202,31,225,12,55,236,79,44,182,130,114,146,160,57,86,237,16,41,162,193,239,222,121,73,9,221,118,22,84,61,141,184,133,10,181,234,98,126,59,223,106,226,99,116,205,195,52,62,138,219,186,14,108,208,187,210,158,204,15,80,37,147,135,151,13,218,140,123,17,113,28,159,191,127,77,18,161,136,45,56,43,148,137,232,242,51,21,167,119,211,67,26,49,103,241,7,69,19,171,33,109,156,131,39,63,215,72,53,180,154,102,188,200,128,201,240,90,101,199,150,134,228,97,216,197,122,29,115,50,88,212,4,25,96,71,185",5000,100
29,3,94057.35325351985,1.781834088288052,"197,122,97,216,84,61,141,184,133,10,181,234,98,126,59,223,106,226,120,233,231,206,207,32,34,5,203,2,164,157,112,91,189,20,48,27,235,65,227,176,47,170,230,3,107,95,105,24,145,183,163,60,35,144,132,8,110,64,194,42,129,220,165,73,46,198,117,40,153,92,169,130,44,182,172,58,213,217,214,202,31,225,12,55,236,114,146,119,160,57,86,237,16,41,162,193,239,222,121,196,190,192,54,178,149,155,142,75,100,30,177,166,224,76,11,6,66,143,81,74,82,89,4,25,212,68,124,139,94,175,168,85,238,111,70,93,125,185,96,71,36,209,229,83,174,104,87,173,78,152,161,136,45,56,43,28,159,191,127,17,113,211,21,167,232,242,51,148,128,200,188,137,199,150,134,201,240,23,38,179,90,101,204,158,210,187,208,108,14,186,138,219,52,62,195,205,116,99,118,9,221,53,180,154,102,49,103,241,7,69,218,13,151,135,147,37,80,15,67,79,26,18,77,215,72,63,131,39,109,156,19,171,33,140,123,228,50,88,115,29,22",5000,100
29,4,92591.98213738631,2.4056147340172136,"115,50,88,84,61,141,184,133,10,181,234,98,126,59,223,106,226,120,233,231,206,207,32,34,5,203,2,164,157,112,91,189,20,48,27,235,65,227,176,47,170,230,3,107,95,105,24,145,183,163,60,35,144,132,8,110,64,194,42,129,220,165,73,121,222,239,193,162,90,101,199,150,134,201,240,128,200,148,188,56,45,136,161,18,77,215,72,63,131,39,109,156,19,171,33,218,13,151,135,147,37,80,15,204,158,210,187,208,108,180,53,154,102,49,103,241,7,69,140,123,17,113,211,21,167,119,160,57,86,237,16,41,130,153,40,117,198,46,196,190,192,54,178,149,155,142,75,100,30,177,166,224,76,11,6,66,143,81,74,82,89,4,25,212,68,124,139,94,175,168,85,238,111,70,93,125,185,96,71,36,209,87,229,83,92,169,44,182,172,58,213,217,214,202,31,225,12,55,236,114,79,26,67,146,159,191,127,28,242,51,232,137,43,179,23,38,78,152,173,104,174,99,116,205,195,52,62,138,219,186,14,228,216,197,122,97,29,22,221,9,118",5000,100
29,5,92773.35522655821,1.8466799494856634,"122,97,216,197,141,61,84,115,50,88,29,22,184,133,10,181,234,98,126,59,223,106,226,120,233,231,206,207,32,34,5,203,2,164,157,112,91,189,20,48,27,235,65,227,176,47,170,230,3,107,95,105,24,145,183,163,60,35,144,132,8,110,64,194,42,129,220,165,73,46,196,190,192,54,178,149,155,142,75,100,30,177,166,224,76,11,6,66,143,81,74,82,89,4,25,212,68,36,71,96,185,125,93,124,139,94,175,168,85,238,111,70,104,174,172,58,213,217,214,202,31,225,12,55,236,114,146,160,57,86,237,16,41,162,193,239,222,121,198,117,40,92,169,130,44,182,228,62,195,205,116,99,118,9,221,53,180,210,158,102,49,103,241,7,69,218,13,151,135,147,37,80,15,204,33,171,77,18,161,136,45,56,43,28,159,191,127,17,123,140,19,39,109,156,131,63,215,72,113,211,21,167,119,242,51,232,137,199,150,134,201,240,128,200,148,188,38,179,23,78,152,173,101,90,138,219,52,14,186,108,208,187,154,67,26,79,87,83,229,209,153",5000,100
29,6,92777.91327305086,1.8253206467038476,"122,197,216,97,61,141,184,133,10,181,234,98,126,59,223,106,226,120,233,231,206,207,32,34,5,203,2,164,157,112,91,189,20,48,27,235,65,227,176,47,170,230,3,107,95,105,24,145,183,163,60,35,144,132,8,110,64,194,42,129,220,165,73,121,222,239,193,162,90,101,199,150,134,201,240,128,200,148,188,56,45,136,161,18,77,215,72,63,131,39,109,156,19,171,33,218,13,151,135,147,37,80,15,204,158,210,187,208,108,180,53,154,102,49,103,241,7,69,140,123,17,113,211,21,167,119,160,57,86,237,16,41,130,44,182,172,58,213,217,214,202,31,225,12,55,236,114,146,26,67,79,14,186,138,219,52,62,195,205,116,99,118,9,221,174,104,87,229,83,209,173,78,152,100,30,75,142,155,178,149,190,192,54,40,153,92,169,36,68,124,139,94,175,168,85,238,111,70,93,125,66,6,224,76,11,166,177,143,81,74,82,89,4,25,212,96,71,185,228,22,50,88,115,29,84,232,242,51,28,159,191,127,43,137,38,23,179,196,46,198,117",5000,100
29,7,92748.63818290098,2.205426336435608,"50,115,88,84,61,141,184,133,10,181,234,98,126,59,223,106,226,120,233,231,206,207,32,34,5,203,2,164,157,112,91,189,20,48,27,235,65,227,176,47,170,230,3,107,95,105,24,145,183,163,60,35,144,132,8,110,64,194,42,129,220,165,73,121,222,239,193,162,90,101,199,150,134,201,240,128,200,148,188,56,45,136,161,18,77,215,72,63,131,39,109,156,19,33,171,218,13,151,135,147,37,80,15,204,158,210,187,208,108,180,53,154,102,49,103,241,7,69,140,123,17,113,211,21,167,119,160,57,86,237,16,41,130,44,182,172,58,213,217,214,202,31,225,12,55,236,114,79,26,67,146,159,191,127,28,242,51,232,137,43,179,23,38,78,152,173,192,54,178,149,155,142,75,100,30,177,166,224,76,11,6,66,143,81,74,82,89,4,25,212,68,124,139,94,175,168,85,238,111,70,93,125,185,96,71,36,209,229,87,83,169,92,40,153,117,198,46,196,190,29,216,197,122,97,228,62,138,219,52,195,205,116,99,118,9,221,174,104,186,14,22",5000,100
30,0,111836.67316960337,1.546162666958143,"197,122,97,216,186,14,195,205,99,202,31,225,12,64,110,47,230,24,145,160,28,56,148,200,128,42,152,78,121,73,165,220,236,44,182,172,55,174,209,87,83,229,167,57,242,51,232,35,60,3,192,54,149,178,27,92,67,26,146,114,169,130,196,46,198,117,153,40,80,108,208,187,180,53,154,162,239,228,33,171,19,39,131,109,156,135,147,63,157,112,29,115,50,9,214,221,218,13,151,127,191,211,113,140,123,17,38,23,193,77,18,215,72,52,138,219,62,184,116,104,139,124,68,238,111,70,25,212,4,207,206,231,233,120,106,126,226,213,58,118,102,158,210,37,204,15,199,119,86,16,237,170,105,107,95,142,150,134,201,90,101,7,69,241,103,49,136,161,45,144,132,163,183,190,129,173,59,175,71,96,34,89,82,74,185,143,66,6,11,76,224,177,166,223,94,234,133,10,181,98,84,61,159,43,240,179,189,91,48,20,203,5,75,100,30,2,164,155,217,141,22,88,21,79,168,85,125,36,93,81,32,222,137,188,227,65,176,235,41,194,8",5000,100
30,1,94604.57926910702,1.8253206467038476,"126,59,223,106,226,213,58,172,182,44,130,153,40,92,83,229,87,209,104,120,233,231,206,207,32,89,82,74,185,96,71,238,111,70,93,125,66,6,143,177,166,224,76,11,85,139,124,36,94,175,168,145,3,230,107,95,105,54,192,190,196,198,117,46,73,121,222,239,193,162,41,90,101,199,134,150,201,240,38,23,179,78,173,165,220,129,42,152,183,163,35,144,132,8,64,110,194,69,140,123,17,211,113,28,159,191,127,56,45,136,161,18,77,19,171,33,109,156,131,39,147,135,151,13,218,241,49,102,158,210,187,208,108,180,53,154,7,103,26,67,146,119,160,57,86,237,16,55,236,114,79,21,51,242,232,167,137,148,128,200,188,43,72,215,63,37,80,15,204,68,212,25,4,99,228,88,84,61,141,184,10,133,234,98,181,170,178,149,20,91,48,189,27,235,176,227,65,47,155,142,75,100,30,203,5,164,2,157,112,169,174,12,225,31,202,214,221,9,118,217,205,116,52,62,195,186,14,138,219,50,115,29,122,197,216,97,22,81,34,24,60",5000,100
30,2,92893.92516444373,1.9093247375654647,"115,50,88,22,84,61,141,184,10,133,234,181,98,168,175,94,139,124,68,36,212,25,4,96,71,238,111,70,93,125,185,74,82,89,32,34,81,143,6,224,76,11,177,166,100,30,155,142,75,48,149,178,27,235,47,227,65,176,170,230,3,107,95,105,24,145,183,163,60,35,144,132,8,110,64,194,152,78,173,192,54,46,198,117,40,153,92,169,83,229,87,209,157,112,91,189,20,162,90,101,199,134,150,201,240,128,200,148,43,242,51,232,167,119,160,57,86,237,16,41,239,193,222,121,73,165,220,190,196,26,67,146,21,123,140,69,17,211,113,28,159,191,127,56,45,136,161,18,77,19,171,33,109,156,131,39,63,215,72,135,151,13,218,204,15,80,37,147,53,180,187,208,108,186,14,138,219,52,62,195,205,116,99,118,213,58,172,182,44,55,236,114,79,202,31,225,12,174,104,120,233,231,206,207,85,126,59,223,106,226,210,158,102,49,103,241,7,154,217,214,9,221,66,203,2,164,5,137,188,38,23,179,129,42,130,228,29,122,197,216,97",5000,100
30,3,94792.87642919981,1.6325222193332274,"122,197,216,97,29,115,50,88,22,84,61,141,184,10,133,234,181,98,168,126,59,36,68,124,139,111,238,70,93,125,185,74,82,89,32,34,81,5,203,2,164,112,157,189,91,20,48,149,178,27,235,47,227,65,176,170,230,3,107,95,105,54,192,190,165,220,222,121,73,46,198,117,40,92,169,83,229,87,209,104,174,130,153,239,193,162,90,101,199,134,150,201,240,38,179,194,64,110,132,8,144,60,35,163,183,24,145,173,129,42,152,78,200,128,148,43,191,127,159,28,113,211,17,123,140,69,13,151,135,147,37,80,15,204,241,7,154,180,53,210,187,208,108,14,186,219,138,52,62,195,205,116,99,118,221,9,214,202,31,225,12,55,236,114,79,146,119,160,57,86,16,237,41,23,71,96,25,4,212,206,207,231,233,120,106,226,223,94,175,85,143,6,66,142,75,100,30,155,177,166,11,224,76,44,182,172,58,213,217,72,215,63,131,39,156,109,33,171,19,218,228,242,51,232,167,21,67,26,188,56,45,136,161,18,77,137,196,103,49,102,158",5000,100
30,4,93755.07602409781,1.875566975421017,"141,184,10,133,234,181,98,168,175,94,139,124,68,36,212,25,4,96,71,238,111,70,93,125,66,6,224,76,11,177,166,143,81,5,203,2,164,112,157,189,91,20,48,149,178,27,235,47,227,65,176,170,230,3,107,95,105,54,192,190,196,46,198,117,40,153,92,169,83,229,87,209,104,174,12,55,236,114,79,146,119,160,57,86,237,16,41,162,90,101,199,134,150,201,240,23,38,179,129,42,152,78,173,163,183,24,145,8,132,35,144,60,194,64,110,121,73,165,220,222,239,193,155,142,75,100,30,185,74,82,89,32,34,207,206,231,233,120,106,226,223,59,126,85,228,122,197,216,97,29,115,50,88,22,84,61,14,186,219,62,195,205,116,99,118,221,9,214,202,31,225,217,213,58,172,182,44,130,158,210,187,208,108,180,53,154,102,49,103,7,15,204,241,37,80,147,135,151,13,218,19,171,33,109,156,131,39,63,215,72,161,18,77,123,140,69,17,211,113,28,159,191,127,43,148,128,200,188,56,45,136,167,21,51,242,232,137,67,26,138,52",5000,100
30,5,94300.51622199941,1.8445505858895075,"141,184,10,133,234,181,98,168,175,94,139,124,68,36,212,25,4,96,71,238,111,70,93,125,66,6,224,76,11,177,166,143,81,74,82,89,32,34,207,206,231,233,120,106,226,223,59,126,85,228,122,197,216,97,29,115,50,88,22,84,61,205,116,99,118,221,9,214,202,31,225,12,55,236,114,79,146,119,160,57,86,237,16,41,162,90,101,199,134,150,201,240,23,38,179,129,42,152,78,173,192,54,105,107,95,230,3,145,24,183,163,60,35,144,132,8,64,110,194,196,46,198,117,40,153,92,169,83,229,87,209,104,174,182,172,58,213,217,154,53,180,187,208,108,14,186,219,138,52,62,195,151,13,218,19,171,33,109,156,131,39,135,147,80,15,204,37,103,49,241,7,211,113,28,159,191,127,43,148,200,128,188,56,45,136,161,18,77,123,140,69,17,44,130,48,149,178,27,235,47,227,65,176,170,112,157,189,91,20,155,142,75,100,30,185,63,215,72,26,67,167,21,51,242,232,137,222,121,73,165,220,190,5,203,2,164,239,193,210,158,102",5000,100
