run,solution_idx,f1,f2,chromosome,n_evaluations,n_generations
0,0,109540.02930201568,20.941243793289292,"521,381,47,486,510,484,138,247,318,201,156,345,490,464,330,131,105,114,306,342,10,352,54,97,474,418,58,108,348,112,39,48,209,116,512,302,336,427,310,186,409,85,444,91,147,218,432,473,197,288,118,40,153,362,501,29,107,56,438,145,137,387,533,327,43,195,333,283,461,8,130,11,331,379,12,319,212,204,188,70,68,170,28,3,284,121,86,127,51,224,269,504,174,60,489,163,313,168,25,421,399,407,317,431,497,73,344,496,505,380,264,211,254,371,5,372,280,241,447,244,458,231,471,413,347,428,308,106,498,470,323,178,448,164,257,322,488,528,375,532,516,359,376,175,293,37,300,457,193,151,173,26,465,436,95,354,446,463,297,31,81,403,299,89,534,286,158,245,35,370,435,466,526,249,22,230,460,182,32,455,268,514,92,357,411,518,240,189,320,125,16,117,44,80,429,83,242,384,396,15,2,386,316,324,183,309,364,24,253,439,491,314,273,166,88,223,274,155,349,194,162,258,238,171,149,259,520,350,294,417,74,478,401,113,72,213,243,214,122,502,165,321,525,205,38,389,285,248,252,430,18,76,332,483,219,462,71,167,228,225,445,146,30,50,494,358,335,133,7,495,442,154,234,110,453,192,341,190,69,334,271,301,414,499,289,325,96,49,36,52,62,67,522,459,256,129,275,524,82,312,434,78,440,14,251,531,305,307,450,21,388,115,392,55,134,487,109,530,123,177,515,509,160,416,475,220,513,19,75,27,343,63,480,184,98,517,340,139,159,77,328,292,13,385,102,87,33,508,367,222,395,210,282,6,181,402,366,529,140,66,467,287,157,237,176,451,535,449,101,187,420,469,120,199,148,368,278,425,79,17,326,208,437,143,479,233,232,46,481,523,144,41,255,169,65,235,492,100,180,477,179,267,291,135,296,34,263,172,511,315,374,408,536,23,215,406,373,239,337,360,221,111,104,266,391,261,64,503,441,272,426,433,298,53,290,365,405,216,202,353,506,260,412,90,424,94,45,472,419,279,229,20,103,422,415,136,246,185,152,398,236,410,126,281,356,382,390,311,452,191,142,93,42,196,519,527,4,9,207,150,128,203,377,57,493,468,500,476,277,262,338,132,351,141,276,383,84,99,443,394,485,507,346,119,404,355,250,217,206,295,226,456,369,59,378,227,454,423,363,400,339,329,200,124,198,397,61,304,270,361,303,393,265,161,482",5000,100
0,1,108540.51339627602,20.961699226616155,"516,359,330,131,105,114,348,108,58,99,84,418,352,10,306,342,241,280,372,5,371,254,448,178,211,264,399,338,25,421,163,60,489,174,317,431,407,497,73,246,136,422,415,103,20,452,311,382,356,390,281,126,410,152,185,398,236,9,196,519,527,536,23,215,406,373,239,337,360,221,111,104,266,391,261,296,34,263,172,315,511,374,150,207,482,161,381,47,521,486,484,138,318,201,156,345,490,464,510,532,528,375,488,322,257,505,380,164,447,244,97,474,54,458,231,471,413,420,187,101,469,120,199,365,290,405,353,202,260,424,94,90,412,476,468,500,203,128,70,68,170,28,3,284,121,86,127,276,383,472,45,12,319,212,204,188,277,262,313,168,504,229,269,224,51,141,473,432,218,147,444,91,501,29,40,118,153,362,288,197,85,409,186,310,56,107,438,145,333,283,461,8,130,11,331,379,64,180,477,179,267,291,135,272,426,433,298,53,368,148,216,493,57,377,143,437,144,41,255,326,208,17,79,425,278,498,106,308,428,512,302,336,427,347,39,48,209,116,112,535,449,451,355,26,173,237,346,119,404,123,530,109,487,134,376,392,139,340,517,98,200,502,165,321,525,72,213,243,122,214,140,480,184,63,27,343,6,181,282,210,395,33,508,367,222,238,258,162,194,349,274,155,287,467,465,436,95,354,463,297,446,270,304,61,397,198,320,189,125,16,117,44,80,429,83,242,384,396,15,182,32,455,240,268,514,92,357,411,518,370,435,526,466,249,22,230,460,2,386,316,324,183,309,364,35,24,253,439,273,166,491,314,158,286,245,89,299,403,534,81,31,88,223,259,520,350,294,417,74,478,401,113,499,289,325,334,271,301,414,69,190,341,192,363,442,154,50,30,423,454,434,78,440,14,531,305,307,450,71,167,228,225,445,146,76,430,18,133,335,358,494,7,495,453,110,234,312,129,275,524,82,52,36,400,49,96,329,339,38,389,285,248,115,388,21,59,378,227,462,483,219,252,332,459,67,522,62,256,251,93,42,142,191,475,55,515,177,292,13,385,328,77,159,66,171,149,402,366,529,19,75,513,220,160,416,509,369,456,226,441,503,492,100,235,65,393,265,169,481,523,479,233,232,46,387,533,137,43,195,327,506,351,132,507,485,443,394,176,151,193,457,300,37,293,175,124,102,87,205,295,206,217,250,247,344,496,323,470,419,279,4,408,361,303,157",5000,100
0,2,109846.35604614779,20.010532374119677,"342,306,10,114,348,108,58,99,84,418,352,54,474,97,244,447,164,448,178,254,371,211,174,489,504,269,224,229,419,279,45,472,12,319,212,204,188,277,262,313,168,25,421,163,60,127,128,70,68,170,28,3,284,121,86,383,276,338,132,351,470,323,498,106,308,428,512,302,336,427,347,413,471,112,39,48,209,116,231,458,449,535,451,355,404,119,346,237,176,157,184,98,480,140,222,395,33,508,87,102,343,27,63,385,292,13,77,328,159,376,392,55,475,220,75,513,19,205,124,321,525,165,502,200,122,214,66,171,149,238,258,162,194,349,274,223,520,259,350,294,417,74,478,401,113,72,213,243,402,366,529,6,181,282,210,4,406,373,239,337,360,221,111,104,266,391,261,296,34,263,172,511,315,374,150,126,410,311,236,185,152,398,207,9,196,519,527,536,23,215,135,64,180,100,441,503,492,235,65,393,265,169,255,41,144,326,208,17,79,425,278,493,57,377,203,500,476,468,353,506,202,260,216,148,368,53,298,433,426,272,333,137,145,379,438,56,107,29,501,362,153,40,118,288,197,147,218,432,473,141,51,415,103,422,136,246,73,344,496,381,47,486,521,161,482,247,318,201,156,490,464,510,484,138,532,528,375,488,322,257,380,264,399,407,317,431,497,444,91,85,409,186,310,408,331,283,461,8,43,195,327,533,387,46,233,232,523,481,143,479,94,90,424,412,505,477,179,267,291,11,130,437,199,405,365,290,420,187,101,469,120,303,361,297,463,354,446,270,304,61,397,198,320,189,125,396,384,242,83,16,117,44,80,429,2,386,316,324,183,309,364,35,370,435,526,466,249,22,230,460,182,32,455,268,514,92,357,411,518,240,166,273,491,314,24,253,439,286,158,245,89,299,403,534,81,31,88,155,467,287,465,436,95,293,37,300,457,175,123,530,177,515,487,109,340,139,517,160,416,509,369,456,226,462,71,167,228,225,445,146,30,423,454,434,78,440,14,251,129,275,524,82,52,62,67,522,459,256,312,234,110,453,495,442,154,50,494,358,335,133,7,18,115,388,21,59,378,227,69,190,341,192,363,400,49,96,325,334,271,301,414,499,289,329,339,38,389,285,248,252,483,219,332,76,430,531,450,307,305,295,206,217,250,507,485,443,394,105,131,330,359,516,345,390,356,382,281,93,42,142,191,452,20,241,280,372,5,193,26,173,151,367,134,36,15",5000,100
0,3,107865.92552076164,21.471630811496723,"199,405,365,290,298,53,368,148,216,278,425,79,17,326,208,437,144,41,255,433,426,272,441,503,492,100,180,477,179,267,291,135,64,235,8,283,333,137,387,533,393,65,327,195,43,461,331,379,438,56,107,145,310,186,409,85,444,91,501,29,153,362,288,197,147,218,432,473,141,51,224,269,504,174,60,489,279,419,229,20,452,191,93,42,142,236,398,152,185,207,9,196,4,527,519,408,374,150,126,410,311,382,281,390,356,276,3,284,121,86,127,262,313,168,25,421,163,338,132,351,211,254,371,5,372,280,241,447,244,97,474,54,458,231,112,39,48,209,116,512,302,336,427,347,428,308,106,498,470,323,178,164,448,246,73,344,496,381,47,521,161,482,247,318,201,156,345,490,464,510,484,138,486,136,422,415,103,472,45,12,319,212,204,188,277,90,424,94,412,476,468,500,203,128,170,70,68,28,383,46,233,232,479,143,377,353,506,202,260,24,253,439,286,158,245,309,364,35,370,435,526,249,22,230,15,460,182,32,455,2,386,316,324,183,268,514,92,357,411,518,240,189,320,125,396,384,242,83,16,117,44,80,429,198,397,61,304,270,303,361,297,463,354,446,436,95,465,287,467,155,349,274,194,162,258,222,210,282,6,181,402,366,529,140,480,184,98,517,340,139,159,77,328,292,13,385,63,343,27,102,87,33,508,367,300,457,193,26,173,151,346,119,404,237,157,123,530,109,175,376,392,55,134,487,515,177,120,176,451,535,449,413,471,420,187,101,469,34,263,172,511,315,536,23,215,406,373,239,337,360,221,111,104,266,391,261,296,11,130,523,481,265,169,516,359,330,131,105,114,306,342,10,352,418,58,99,84,355,443,394,485,507,250,217,206,295,305,307,450,71,462,483,219,252,430,18,494,358,335,133,7,363,192,341,378,227,69,190,271,301,414,499,289,325,334,96,49,36,400,339,329,248,115,388,21,59,495,442,154,50,30,423,454,312,434,78,440,14,531,445,225,228,167,146,76,332,459,256,251,129,275,524,82,52,62,67,522,110,234,453,149,171,238,200,502,165,321,525,72,213,243,122,214,66,417,350,259,520,478,401,113,74,294,223,88,31,534,89,299,403,81,273,166,491,314,466,293,37,395,205,38,389,285,160,416,475,220,513,19,75,509,369,456,226,124,57,493,497,431,317,407,399,380,264,505,257,322,488,528,375,532,348,108,40,118",5000,100
0,4,109708.28788223377,20.248985305335466,"245,158,286,534,89,299,403,81,31,88,223,259,520,350,294,417,74,478,401,113,72,213,243,525,165,321,124,220,513,75,19,205,38,389,285,248,115,388,21,59,378,227,69,334,271,301,414,499,289,325,96,49,36,400,339,329,341,192,363,7,133,335,358,494,50,30,423,454,434,312,234,110,453,495,442,154,76,430,18,332,483,219,252,462,71,167,228,225,445,146,450,307,305,295,206,217,250,507,485,443,394,156,490,345,229,504,174,60,489,279,262,313,168,25,421,163,338,132,351,211,254,371,5,372,241,280,447,244,97,474,54,458,231,112,39,48,209,116,512,302,336,427,347,428,308,106,498,323,470,448,164,257,322,488,528,375,532,516,359,330,131,105,114,348,108,58,99,84,418,352,10,306,342,380,264,505,399,407,317,431,497,73,344,496,381,486,521,161,482,142,191,93,42,398,236,185,207,9,196,519,527,4,215,406,373,239,337,360,221,111,104,266,391,261,296,34,263,172,511,315,374,150,408,118,40,153,362,501,29,85,444,91,197,288,356,390,281,126,410,152,3,284,121,86,127,276,383,472,45,12,319,212,204,188,277,90,424,94,412,476,468,500,203,128,70,68,170,28,233,232,46,533,387,137,145,310,186,409,130,11,331,379,283,461,8,43,195,327,65,393,265,481,523,479,143,437,144,41,255,169,272,441,503,492,100,180,477,179,267,291,135,64,235,57,377,353,506,202,260,216,148,368,365,290,405,199,493,278,425,79,17,326,208,433,426,107,56,438,473,432,218,147,452,311,382,141,51,224,269,103,20,415,422,136,246,510,484,138,247,318,201,140,480,184,98,517,340,139,159,77,328,292,13,385,63,343,27,102,87,33,508,367,300,457,193,26,173,151,346,119,404,237,157,465,436,95,354,446,463,297,361,303,397,198,44,80,429,83,242,384,396,182,32,455,518,240,268,514,92,357,411,61,304,270,125,16,117,22,230,460,2,386,316,324,183,309,364,35,370,435,526,249,15,466,24,253,439,491,314,273,166,293,37,395,210,282,6,181,402,366,529,66,171,149,238,258,162,194,349,274,155,467,287,123,530,177,515,487,109,175,376,392,55,134,200,502,122,214,62,67,522,459,256,251,440,14,531,78,129,275,524,82,52,190,226,456,369,509,416,160,475,101,187,420,413,471,178,355,451,535,449,469,120,176,47,464,53,298,419,333,536,23,320,189,222",5000,100
0,5,107214.39246549606,23.25188115667769,"250,217,206,295,226,456,369,509,160,416,475,220,513,75,19,205,38,389,285,248,115,388,21,59,378,227,69,334,271,301,414,499,289,325,96,49,36,52,62,67,522,459,256,129,275,524,82,341,190,192,363,7,133,335,358,494,50,154,442,495,453,110,234,312,434,454,30,423,252,430,18,76,332,483,219,462,71,167,228,225,445,146,450,307,305,531,14,440,78,251,400,339,329,401,113,72,213,243,525,165,321,124,200,502,122,214,66,417,294,350,520,259,349,274,155,467,287,31,81,304,61,397,198,44,80,429,83,242,384,396,15,182,32,455,268,514,92,357,411,518,240,2,386,316,324,183,309,364,35,370,435,526,249,22,230,460,466,245,89,299,403,534,286,158,24,253,439,166,273,491,314,88,223,74,478,171,149,238,258,162,194,222,210,395,33,508,87,102,343,27,63,13,385,328,77,292,392,55,134,487,109,530,177,515,376,159,340,139,517,98,184,480,140,529,366,402,181,6,282,293,37,300,457,193,26,173,151,346,119,404,237,176,451,535,449,413,471,231,458,474,54,97,244,447,164,448,178,254,371,5,372,241,280,348,108,58,99,84,418,352,10,306,342,114,257,505,380,264,399,407,497,73,344,496,381,47,486,521,161,422,415,103,20,452,311,382,356,390,281,126,410,152,185,207,9,196,519,527,536,23,215,406,373,239,337,360,221,111,104,266,391,261,296,34,263,172,511,315,374,150,408,107,56,438,379,283,461,8,130,11,331,503,441,272,426,433,298,53,368,148,216,202,353,506,260,199,405,365,290,420,187,101,469,120,303,361,297,463,354,446,270,125,16,117,320,189,288,197,147,218,432,473,141,51,224,269,504,174,60,489,279,419,229,262,313,168,25,421,163,338,132,351,211,308,106,498,470,323,277,188,468,500,203,128,70,68,170,28,3,284,121,86,127,276,383,472,45,12,319,212,204,476,412,90,424,94,138,247,318,201,156,345,490,464,510,484,42,142,93,191,236,398,118,40,153,362,501,29,85,444,91,317,431,428,512,302,336,427,347,39,48,209,116,112,355,443,394,507,485,131,105,330,359,516,375,532,528,488,322,169,235,492,100,180,477,179,267,291,135,64,333,137,145,310,186,409,46,533,387,195,327,65,393,265,481,523,479,233,232,255,41,144,437,143,377,57,493,278,425,79,17,326,208,482,136,246,43,4,367,123,175,157,465,436,95",5000,100
0,6,109600.54716700249,20.83546601328921,"74,478,401,113,72,213,243,525,165,321,124,220,513,75,19,205,38,389,285,248,115,388,21,59,18,252,430,76,332,483,219,462,71,167,228,225,445,146,30,423,454,434,312,234,110,453,495,442,154,50,494,358,335,133,7,363,192,341,190,69,334,271,301,414,499,289,325,96,49,36,52,62,67,522,459,256,129,275,524,82,251,440,14,531,450,307,305,295,206,217,250,507,485,443,394,156,345,490,464,510,484,138,247,318,201,482,161,422,136,246,73,344,496,381,47,486,521,142,93,42,191,452,20,141,51,224,269,504,174,60,489,229,419,279,262,313,168,25,421,163,338,132,351,211,254,371,5,372,280,241,447,244,97,474,54,458,231,112,39,48,209,116,512,302,336,427,347,428,308,106,498,470,323,178,448,164,257,322,488,528,375,532,516,359,330,131,105,114,348,108,58,99,84,418,352,10,306,342,380,264,505,399,407,317,431,497,415,103,408,107,56,438,379,283,461,8,130,11,331,263,34,360,221,111,104,266,391,261,296,135,64,180,477,179,267,291,91,197,147,218,432,473,145,310,186,409,85,444,127,276,383,472,45,12,319,212,204,188,277,90,424,94,412,476,468,500,203,128,70,68,170,28,3,284,121,86,144,41,255,169,265,481,523,479,233,232,46,387,533,393,65,235,492,100,441,503,272,426,433,298,53,290,365,405,199,148,216,202,353,506,260,493,57,377,143,437,208,17,326,79,425,278,368,118,40,153,362,501,29,137,333,43,195,327,150,126,410,152,185,398,236,9,196,519,527,536,23,215,406,373,239,337,511,315,374,207,4,172,288,356,390,281,311,382,354,463,297,446,270,304,61,397,198,320,189,125,396,384,242,83,16,117,44,80,429,2,386,316,324,183,309,364,35,370,435,526,466,249,22,230,460,182,32,455,268,514,92,357,411,518,240,166,273,491,314,24,253,439,286,158,245,89,299,403,534,81,31,88,223,274,155,467,287,465,436,95,157,237,176,469,187,101,420,413,471,449,535,451,355,151,193,26,173,346,119,404,123,530,177,515,487,109,175,376,392,139,517,340,159,77,328,292,13,385,63,343,27,102,87,33,508,367,300,37,293,238,258,222,210,395,181,282,402,366,529,140,214,122,502,200,480,184,98,66,171,149,259,520,350,294,417,509,369,456,226,78,227,378,400,339,329,6,160,416,475,55,134,457,303,361,120,162,194,349,15",5000,100
0,7,110805.28471879201,19.85908635002115,"458,231,112,39,48,209,116,512,302,336,427,347,428,308,106,498,470,323,178,448,164,447,244,97,474,54,161,422,136,246,73,344,496,381,47,486,521,142,191,93,42,398,236,185,207,9,196,519,527,536,23,215,406,373,239,337,360,221,111,104,266,391,261,296,34,263,172,511,315,374,150,408,107,56,438,379,283,461,8,130,11,331,40,153,362,501,29,85,444,91,197,288,118,218,147,432,473,141,51,224,269,504,174,60,489,229,419,279,262,313,168,25,421,163,338,132,351,211,254,371,5,372,280,241,306,342,10,114,348,108,58,99,84,418,352,451,535,449,469,187,101,420,120,176,237,346,119,404,355,143,437,144,41,255,169,265,481,523,479,233,232,46,387,533,393,65,327,195,43,333,137,145,310,186,409,90,424,94,412,476,468,500,203,128,70,68,170,28,3,284,121,86,127,276,383,472,12,319,212,204,188,277,45,376,159,77,328,292,13,385,63,343,27,102,87,33,508,367,300,457,193,26,173,151,123,530,177,515,55,134,487,109,175,293,37,395,210,282,6,181,402,366,529,140,214,122,502,165,321,124,220,513,75,19,205,38,389,285,248,115,388,21,59,378,227,69,334,271,301,414,499,289,325,96,49,36,52,62,67,522,459,256,129,275,524,82,341,190,192,363,7,133,335,358,494,50,154,442,495,453,110,234,312,434,78,440,14,531,450,307,305,295,206,217,250,507,485,443,394,156,345,490,464,510,484,138,247,318,201,482,79,17,326,208,433,298,53,368,216,202,353,506,260,199,405,365,290,278,425,493,57,377,272,426,441,503,492,100,180,477,179,267,291,135,64,235,410,152,390,356,382,281,126,311,452,20,415,103,532,528,488,322,257,505,380,264,399,407,317,431,497,330,131,105,359,516,375,22,230,460,182,32,455,268,514,92,357,411,518,240,189,320,125,396,384,242,83,16,117,44,80,429,2,386,316,324,183,309,364,35,370,435,526,249,15,466,245,158,286,534,403,89,299,446,270,304,61,397,198,491,314,24,253,439,273,166,81,31,88,223,274,155,287,465,436,95,354,463,297,361,303,157,149,238,258,222,162,194,349,200,480,184,98,517,340,139,392,509,160,416,475,400,339,329,66,171,350,294,417,74,478,401,113,72,213,243,525,467,520,259,332,483,219,462,71,167,228,225,445,146,30,423,454,252,430,18,76,251,226,456,369,413,471,148,4",5000,100
0,8,108439.52748541492,21.228069382428902,"418,352,10,306,342,114,348,108,58,99,84,355,451,535,449,471,112,39,48,209,116,512,302,336,427,347,428,308,106,498,323,470,448,164,447,244,97,474,54,458,231,68,170,70,468,500,203,128,232,46,533,387,393,265,481,523,479,233,90,424,94,412,476,506,260,216,202,353,377,57,493,278,425,79,17,326,208,437,144,41,255,169,235,492,100,180,477,179,267,291,135,64,503,441,272,426,433,298,53,290,365,405,199,148,368,118,153,362,501,29,85,444,91,197,147,218,432,473,141,51,224,269,504,174,60,489,229,419,279,262,313,168,25,421,163,338,132,351,211,254,371,5,372,280,241,257,322,488,528,375,532,497,317,431,407,399,380,264,505,178,12,319,212,204,188,277,45,472,383,276,28,3,284,121,86,127,333,137,145,310,186,409,130,11,331,379,438,56,107,40,408,374,150,207,9,196,519,527,536,23,215,406,373,239,337,360,221,111,104,266,391,261,296,34,263,172,511,315,195,327,65,283,461,8,43,4,482,161,422,136,246,73,344,496,381,47,486,521,142,191,93,42,398,236,185,152,390,281,126,410,288,356,382,20,452,311,415,103,484,138,247,318,201,156,345,490,464,510,516,359,330,131,105,394,443,485,507,250,217,206,226,456,369,509,160,416,475,55,134,487,109,175,376,159,77,328,292,13,385,63,343,27,102,87,33,508,367,300,37,293,457,193,26,173,157,436,95,354,463,297,446,270,304,61,397,198,44,117,16,357,411,518,240,189,320,125,396,384,242,83,429,80,22,230,460,182,32,455,268,514,92,245,89,299,403,534,286,158,24,253,439,166,273,491,314,183,309,364,35,370,435,526,249,466,15,2,386,316,324,303,361,81,31,88,223,274,155,349,194,162,258,222,210,395,181,6,282,402,366,529,140,214,122,502,165,321,124,220,513,75,19,205,38,389,285,248,115,388,21,59,378,227,69,334,271,301,414,499,289,325,96,49,36,52,62,67,522,459,256,129,275,524,82,341,190,192,363,7,133,335,358,494,50,154,442,495,453,110,234,312,434,454,423,30,146,76,430,18,252,462,71,167,228,225,445,78,440,14,251,400,339,329,401,113,72,213,243,525,151,346,119,404,237,176,469,120,143,413,420,187,101,123,530,177,515,340,139,517,98,184,480,200,392,467,287,465,520,350,294,417,74,478,171,149,259,66,332,483,219,307,450,305,295,531,238",5000,100
1,0,109067.90324793935,20.66657011169018,"175,376,159,340,139,517,98,184,480,140,122,214,66,171,149,259,520,350,294,417,74,478,401,113,72,213,243,502,165,321,124,220,513,75,19,205,525,200,385,292,13,328,77,293,37,300,457,193,151,123,530,177,515,55,392,134,487,109,367,508,87,102,343,27,63,181,6,402,366,529,238,258,162,194,349,274,155,287,467,465,95,436,297,463,354,446,270,304,61,397,198,518,411,357,92,514,268,455,32,182,460,230,15,249,526,466,435,370,35,309,364,183,324,316,386,2,22,240,320,189,125,396,384,242,83,429,80,44,117,16,314,491,24,439,81,31,88,223,222,395,33,282,210,112,39,48,209,116,512,302,336,427,347,428,308,106,498,470,323,351,132,338,25,421,163,313,168,262,424,90,94,412,476,468,500,188,277,212,319,12,45,472,419,279,229,504,174,489,60,399,380,505,264,372,280,241,306,342,10,114,348,108,58,99,84,418,451,355,176,404,119,346,237,157,173,26,303,361,120,469,101,187,420,449,471,413,352,54,458,231,474,97,244,447,5,371,254,211,178,448,164,322,488,528,375,532,73,246,136,422,415,103,20,452,311,390,356,382,281,126,410,152,185,398,236,207,9,196,519,527,536,23,215,406,373,239,337,360,221,111,104,266,391,261,296,34,263,172,511,315,374,408,150,4,64,8,461,130,11,331,379,438,107,56,283,333,43,195,65,393,265,481,523,479,233,232,46,533,387,137,145,310,186,409,85,444,91,501,362,153,40,118,288,197,432,473,141,51,224,269,497,317,431,407,344,496,381,486,47,521,482,161,484,138,247,318,201,156,394,443,485,507,217,250,206,295,226,456,369,509,416,160,475,453,192,363,7,133,335,358,494,154,50,30,146,225,228,167,71,462,332,483,219,252,430,76,18,115,388,21,59,378,227,69,334,271,301,414,499,289,325,190,341,96,49,36,52,62,67,522,459,256,129,275,524,82,400,339,329,403,534,89,299,286,158,245,253,273,166,326,208,17,79,425,278,493,57,377,203,128,70,170,68,204,28,3,284,121,86,127,218,147,180,100,492,235,169,41,255,144,437,143,276,383,202,353,506,216,148,368,53,298,426,433,272,441,503,179,267,291,135,516,359,330,131,105,345,490,464,510,191,93,42,142,260,199,405,365,290,29,477,327,307,450,445,78,251,440,14,531,305,110,234,312,434,454,423,442,495,535,257,389,38,285,248",5000,100
1,1,107371.1947078314,32.354112966445186,"53,298,426,433,272,441,503,100,492,235,64,135,291,267,179,477,180,65,393,265,169,41,255,144,437,143,479,233,232,46,533,387,137,333,145,310,186,409,85,444,147,218,432,473,141,51,224,269,504,174,489,60,163,421,25,168,313,262,419,279,229,276,383,3,284,121,86,127,197,288,91,501,362,153,40,118,408,150,374,315,511,536,23,215,406,373,239,337,360,221,111,104,266,391,261,296,34,263,172,207,9,196,519,527,4,510,464,490,345,330,131,105,359,516,375,532,528,488,322,257,505,264,380,399,132,338,470,323,498,308,106,116,512,302,336,427,347,428,449,535,451,355,84,418,352,54,458,231,112,39,48,209,211,178,448,164,447,244,97,474,471,413,420,187,101,469,120,176,404,119,237,346,151,193,26,173,157,465,95,436,297,463,354,446,270,304,61,397,198,518,240,411,357,92,514,268,455,32,182,460,230,15,249,526,466,435,370,35,364,309,183,324,316,386,2,22,396,384,242,83,429,80,44,117,16,320,189,125,89,299,403,534,286,158,245,253,439,24,491,314,273,166,81,31,88,223,259,520,350,294,417,74,478,401,113,72,213,243,502,165,321,124,220,513,75,19,416,160,509,369,456,226,248,115,388,21,59,378,227,69,334,271,301,414,499,289,325,190,341,192,363,7,133,335,358,494,154,50,30,423,454,434,312,234,110,453,495,442,275,524,82,400,36,52,62,67,522,459,256,129,78,445,146,225,228,167,71,462,332,483,219,252,430,76,18,38,205,525,200,402,366,529,181,6,282,210,222,395,33,508,87,102,343,27,63,385,292,13,328,77,159,340,139,517,98,184,480,140,122,214,66,171,149,238,258,162,194,349,274,155,287,467,367,37,300,457,293,175,376,134,487,109,530,177,515,55,392,475,389,285,329,96,49,251,440,14,531,305,307,450,295,206,217,250,507,485,394,443,99,58,108,348,114,306,342,10,241,280,372,5,371,254,472,45,12,319,212,204,188,277,476,468,500,203,128,70,68,170,28,424,90,94,412,202,353,506,216,148,368,260,199,405,365,290,493,57,377,379,438,56,107,29,11,130,461,8,43,327,195,283,331,415,103,20,452,311,390,356,382,281,126,410,152,185,398,236,142,191,93,42,482,161,381,486,47,521,138,484,318,201,156,247,496,344,73,246,136,422,497,317,431,407,351,326,208,17,79,425,278,481,523,303,361,123,339",5000,100
1,2,108270.2603149358,21.972764010853165,"346,151,193,26,173,157,465,95,436,297,463,354,446,270,304,61,397,198,518,240,455,32,182,460,230,15,249,526,466,435,370,35,309,183,324,316,386,2,22,396,384,242,83,429,80,44,117,16,320,189,125,89,299,403,534,286,158,245,314,491,273,166,253,439,24,81,31,467,287,222,395,210,282,181,6,343,27,63,385,292,13,328,77,159,340,139,517,98,184,480,140,122,214,66,171,149,238,258,162,194,349,274,155,223,88,367,508,87,102,33,366,402,529,321,165,502,200,213,243,525,499,289,325,96,49,36,52,62,67,522,459,256,129,275,524,82,400,339,329,401,113,72,190,341,378,227,69,334,271,301,414,285,389,38,205,75,19,513,220,475,160,416,509,369,456,226,483,219,252,430,76,18,335,358,494,154,50,30,423,454,434,312,234,110,453,495,442,146,225,228,167,71,462,332,248,115,388,21,59,363,7,133,192,445,78,251,440,14,531,305,307,450,295,206,217,250,507,156,201,318,247,138,484,464,510,490,345,330,131,105,359,516,375,532,528,488,322,257,505,264,380,399,132,178,448,164,447,244,97,474,54,458,231,112,39,48,209,116,512,302,336,427,347,428,308,106,498,470,323,351,211,254,371,5,372,280,241,306,342,10,114,348,108,58,99,84,418,352,535,449,471,413,420,187,101,469,120,176,237,119,404,368,53,298,426,433,272,441,503,100,492,235,64,135,291,267,179,477,180,65,393,533,387,137,333,145,310,186,409,85,29,501,362,153,40,118,288,197,432,473,141,51,224,269,504,174,489,60,163,421,25,313,168,262,424,94,412,476,468,500,188,277,212,319,12,45,472,419,279,229,276,383,3,284,121,86,127,218,147,444,91,56,107,438,379,283,461,8,43,195,327,142,191,93,42,311,390,356,382,281,126,410,152,185,398,236,207,9,196,519,527,536,23,215,406,373,239,337,360,221,111,104,266,391,261,296,34,263,172,511,315,374,408,150,4,143,437,144,41,255,326,208,17,79,425,278,493,57,377,203,128,70,68,170,204,28,46,233,232,479,523,481,265,169,130,11,331,415,103,20,452,422,161,381,486,47,521,482,497,246,136,344,73,407,431,317,506,216,199,148,353,202,260,365,290,405,90,338,355,451,478,74,417,294,350,520,259,134,487,109,530,177,515,55,392,124,37,300,457,293,175,376,123,361,303,357,411,92,514,268,364,394,443,485,496",5000,100
1,3,109472.46739755315,19.129196736937324,"366,529,402,181,6,282,210,222,395,33,508,87,102,343,27,63,13,292,328,77,159,340,139,517,98,184,480,140,122,214,66,171,149,238,258,162,194,349,274,155,287,467,465,95,436,297,463,354,446,270,304,61,397,198,518,240,411,357,92,514,268,455,32,182,460,230,15,249,526,466,435,370,35,309,183,324,316,386,2,22,125,396,384,242,83,429,80,44,117,16,320,189,286,158,245,364,314,491,24,253,439,166,273,81,31,88,223,259,520,350,294,417,74,478,401,113,289,325,190,341,192,363,7,133,335,358,494,30,423,454,434,312,234,110,453,495,442,154,50,146,225,228,167,71,462,332,483,219,252,430,18,115,388,21,59,378,227,69,334,271,301,414,499,329,339,400,36,52,62,67,522,459,256,129,275,524,82,49,96,200,165,321,124,220,513,75,19,416,160,509,369,456,226,248,285,389,38,205,525,72,213,243,502,376,134,487,109,530,177,515,55,392,475,457,300,37,293,175,123,151,346,119,404,176,469,120,361,303,89,299,403,534,157,173,26,193,40,118,153,362,501,29,85,444,91,197,432,473,141,51,224,269,504,174,489,60,163,313,168,262,424,90,94,412,476,468,500,188,277,212,319,12,45,472,383,276,28,3,284,121,86,127,218,147,288,390,382,356,281,126,410,152,185,398,236,207,9,196,519,527,536,283,461,8,43,327,195,65,393,265,481,523,479,143,437,144,41,255,326,208,17,79,425,278,493,57,377,203,128,70,170,68,204,233,232,46,533,387,137,333,145,310,186,409,107,56,438,379,331,11,130,64,135,291,267,179,477,180,100,492,235,503,441,272,426,433,298,365,290,405,199,148,368,53,216,260,202,353,506,372,280,241,306,342,10,114,348,108,58,99,84,418,352,54,458,231,112,39,48,209,116,512,302,336,427,347,428,308,106,498,470,323,351,132,399,380,505,264,257,322,488,528,375,532,73,246,136,422,415,103,20,452,311,191,93,42,142,161,381,486,47,521,482,247,138,484,464,510,490,345,330,131,105,359,516,317,431,407,497,344,496,5,371,254,211,178,448,164,447,244,97,474,471,413,420,187,101,449,535,451,355,443,394,485,507,156,201,318,250,217,206,295,450,307,305,531,445,78,251,440,14,76,338,25,421,229,279,419,23,215,406,373,239,337,360,221,111,104,266,391,261,296,34,263,172,511,315,374,408,150,4,237,367,385,169",5000,100
1,4,109327.83570092852,20.545013905370862,"450,307,305,295,206,226,456,369,416,160,509,475,220,513,75,19,205,38,389,285,248,115,388,21,59,378,227,69,334,271,301,414,499,289,325,190,341,192,363,7,133,335,358,494,154,50,30,146,225,228,167,71,462,332,483,219,252,430,76,18,442,495,453,110,234,312,434,454,423,78,251,440,14,531,445,525,321,165,502,200,98,184,480,140,122,214,66,171,238,258,162,194,349,274,155,287,467,465,95,436,297,463,354,446,270,304,61,397,198,518,411,357,92,514,268,455,32,182,460,230,15,249,526,466,435,370,35,309,183,324,316,386,2,22,396,384,242,83,429,80,44,117,16,320,189,125,89,299,403,534,286,158,245,364,314,491,24,253,439,166,273,81,31,88,223,259,520,350,294,417,74,478,401,113,72,213,243,529,366,402,181,6,282,210,222,395,33,508,87,102,343,27,63,385,292,13,328,77,159,340,139,517,175,376,134,487,109,530,177,515,55,392,124,37,300,457,293,367,123,151,193,26,173,157,176,241,280,372,5,371,254,211,178,448,164,447,244,97,474,54,458,231,112,39,48,209,116,512,302,336,427,347,428,308,106,498,470,323,351,132,338,25,421,163,313,168,262,424,90,94,412,476,468,500,203,128,70,170,68,204,212,319,12,45,472,383,276,28,3,284,121,86,127,218,147,444,91,501,362,153,40,118,107,56,438,379,283,461,8,43,327,195,65,393,265,481,523,479,143,437,144,41,255,326,208,17,79,425,278,493,57,377,232,233,46,533,387,137,333,145,310,186,409,85,29,408,150,374,315,511,536,527,519,196,9,207,185,398,236,142,191,93,42,482,247,138,484,464,510,490,345,330,131,105,342,306,114,348,108,58,99,84,418,352,10,394,443,485,507,156,201,318,486,47,521,161,422,415,103,20,452,311,390,356,382,281,126,410,152,73,246,136,344,496,381,104,266,391,261,296,34,263,172,23,215,406,373,239,337,360,221,111,291,135,64,130,11,331,224,269,504,174,489,60,279,419,229,277,188,413,471,449,535,451,355,119,404,346,237,120,361,303,329,96,49,36,52,62,67,522,459,256,129,275,524,82,400,339,149,516,375,532,528,488,322,257,505,264,380,399,359,317,431,407,497,441,503,100,492,235,180,477,179,267,4,288,197,432,473,141,51,290,365,405,199,148,368,53,298,426,433,272,169,216,260,202,353,506,469,101,187,420,250,217,240",5000,100
1,5,108497.37069928368,20.690059177122585,"392,134,487,109,530,177,515,55,457,300,37,293,175,376,159,340,139,517,98,184,480,140,122,214,66,171,529,366,402,181,6,282,210,222,395,33,508,87,102,343,27,63,13,292,385,328,77,321,165,502,200,213,243,525,72,329,96,49,36,52,62,67,522,459,256,129,275,524,82,312,434,454,423,154,50,30,146,225,228,167,71,462,332,483,219,252,430,76,18,133,335,358,494,7,495,453,110,234,363,192,341,190,334,271,301,414,499,289,325,59,378,227,69,389,285,248,115,388,21,113,401,74,478,294,417,520,259,349,274,155,287,467,465,95,436,297,463,354,446,270,304,61,397,198,320,189,125,396,384,242,83,429,80,44,117,16,15,249,526,466,435,370,35,309,183,324,316,386,2,22,230,460,182,32,455,268,514,92,357,411,518,240,286,158,245,364,314,24,253,439,81,31,88,223,194,162,258,238,149,367,123,151,193,26,173,157,237,346,119,404,176,469,120,361,303,89,299,403,534,273,166,400,339,440,14,531,445,78,251,475,160,416,509,369,456,226,295,206,217,250,507,485,394,443,99,84,418,352,10,114,348,108,58,306,342,241,280,372,5,371,254,211,178,448,164,447,244,97,474,54,458,231,112,39,48,209,116,512,302,336,427,347,428,308,106,498,470,323,351,132,338,25,421,163,313,168,262,419,279,229,276,28,3,284,121,86,127,218,147,444,91,501,29,40,118,153,362,288,197,432,473,141,51,224,269,504,174,489,60,497,317,431,407,344,496,381,486,47,521,482,161,422,415,103,20,452,311,390,356,382,281,126,410,152,185,398,236,207,9,196,519,527,536,23,215,406,373,239,337,360,221,111,104,266,391,261,296,34,263,172,511,315,374,408,150,4,191,93,42,142,247,138,484,464,510,490,345,330,131,105,359,516,375,532,528,488,322,257,505,264,380,399,73,246,136,331,11,130,461,8,43,327,195,65,393,265,481,523,479,143,437,144,41,255,326,208,17,79,425,278,493,57,377,203,128,70,170,68,204,212,319,12,45,472,383,233,232,46,533,387,137,333,145,438,56,107,283,379,409,186,310,85,169,272,426,433,441,503,100,492,235,180,477,179,267,291,135,64,290,405,199,148,368,53,298,365,353,506,202,260,216,412,476,468,500,188,277,90,94,424,318,201,156,187,101,420,413,449,535,451,355,471,305,307,450,124,220,513,75,19,205,38,442,350,491",5000,100
1,6,107460.26218709908,22.017059067832836,"221,111,104,266,391,261,296,34,263,172,511,315,374,408,150,4,215,406,373,239,337,360,393,265,169,41,255,326,208,17,79,425,278,493,57,377,203,128,70,68,170,204,212,319,12,45,472,383,276,28,3,284,121,86,127,51,224,269,504,174,489,60,421,25,168,313,262,424,90,94,412,476,468,500,188,277,279,419,229,338,470,323,351,132,399,380,505,264,257,322,488,528,375,532,73,246,136,422,415,103,20,452,311,390,356,382,281,126,410,152,185,398,236,207,9,196,519,527,536,23,197,432,473,141,97,474,54,458,231,112,39,48,209,116,428,308,106,498,447,244,5,371,254,211,178,448,164,372,280,241,306,342,10,114,348,108,58,99,84,418,352,535,449,471,413,420,187,101,469,120,176,237,119,404,346,151,193,26,173,157,465,95,436,297,463,354,446,270,304,61,397,198,518,240,455,32,182,460,230,15,249,526,466,435,370,35,364,309,183,324,316,386,2,22,396,384,242,83,429,80,44,117,16,320,189,125,89,299,403,534,286,158,245,314,491,273,166,253,439,24,81,31,88,223,259,520,350,294,417,74,478,401,113,72,213,243,525,321,165,502,200,98,184,480,140,122,214,66,171,529,366,402,181,6,282,210,222,395,33,508,87,102,343,27,63,13,385,292,328,77,159,340,139,517,392,134,487,109,530,177,515,55,475,160,416,509,369,456,226,248,115,388,21,59,378,227,69,334,271,301,414,499,289,325,190,341,192,363,7,133,335,358,494,154,50,30,146,225,228,167,71,462,332,483,219,252,430,76,18,442,495,453,110,234,312,434,454,423,78,251,440,14,531,445,450,307,305,295,206,217,250,507,485,394,443,201,318,247,138,484,464,510,516,359,330,131,105,345,490,156,497,317,431,407,344,496,381,486,47,521,482,161,142,191,93,42,137,533,387,327,195,65,492,235,180,477,179,267,291,135,64,8,43,333,145,310,186,409,85,29,501,362,153,40,118,288,91,147,218,444,426,433,272,441,503,100,283,461,130,11,331,379,438,56,107,46,233,232,479,143,437,144,481,523,353,506,202,260,216,148,368,53,298,365,290,405,199,347,427,302,336,512,163,355,451,459,256,129,275,524,82,49,36,52,62,67,522,339,329,96,400,38,205,124,220,513,75,19,389,285,376,175,123,457,300,37,293,367,287,467,155,349,274,194,162,258,238,149,361,303,357,411,92,514,268",5000,100
2,0,119464.77994492068,18.651166572069503,"325,38,75,19,160,416,475,55,225,228,167,71,462,76,332,483,219,252,154,50,494,335,133,7,358,208,437,144,265,481,523,202,353,506,272,426,433,425,278,493,57,377,233,232,212,319,12,45,472,276,383,284,3,121,86,127,218,147,444,85,409,310,186,91,197,362,153,118,40,311,373,406,215,4,172,23,511,315,269,224,51,141,432,473,501,29,191,142,42,93,323,470,97,474,54,58,418,99,84,302,336,512,116,209,48,39,112,471,413,535,449,352,10,306,342,114,348,108,359,516,528,532,375,344,73,246,497,421,163,488,132,351,211,254,178,448,164,447,399,380,264,505,257,322,533,387,46,137,333,145,298,379,261,391,291,135,64,180,100,492,235,8,461,130,11,331,283,438,56,107,279,419,229,489,60,174,504,262,313,168,25,70,170,68,188,277,468,500,169,393,65,327,195,43,443,394,20,103,415,422,161,381,496,138,484,510,464,490,345,330,131,105,280,241,372,5,371,244,498,106,308,428,347,427,382,356,390,408,150,374,152,185,236,398,207,9,196,519,527,536,410,126,281,288,111,221,360,337,239,104,266,267,179,477,479,143,476,412,365,290,405,199,148,368,260,216,94,424,90,204,203,326,17,79,247,482,452,201,318,47,486,521,431,317,407,128,41,255,503,441,53,34,263,296,223,88,194,349,274,155,467,287,367,87,102,508,33,210,395,222,282,181,6,366,529,238,258,454,423,117,44,429,83,384,242,518,411,357,189,320,183,316,386,2,182,32,268,514,92,245,314,491,35,435,370,249,15,230,460,22,466,526,324,309,364,253,439,24,286,158,455,240,80,361,303,198,397,61,299,89,534,403,446,354,463,297,436,95,157,173,134,376,159,77,328,385,292,13,343,27,63,98,184,140,480,200,502,165,321,124,96,49,82,524,275,52,36,67,522,459,62,256,129,495,453,110,234,312,434,78,440,14,531,363,341,378,227,59,21,30,445,146,334,69,190,192,307,305,450,507,485,237,119,404,346,193,151,175,457,123,530,177,515,487,109,300,37,293,340,139,517,513,509,248,388,18,430,115,389,285,113,72,213,243,499,289,401,74,478,271,414,301,162,149,259,520,350,294,417,66,214,122,525,205,220,392,187,101,420,120,469,231,458,451,355,338,136,156,250,369,456,226,295,206,217,465,270,304,26,176,402,171,273,166,81,31,16,125,396,339,329,400,251,442,28",5000,100
2,1,113279.17822951029,19.820203165324497,"328,77,159,376,392,175,109,487,134,55,515,177,530,123,119,129,442,495,453,110,234,454,423,434,312,154,50,30,146,76,430,18,7,59,115,388,21,378,227,69,271,334,190,341,192,363,494,358,335,133,369,456,226,416,160,475,220,75,19,38,389,285,248,252,483,219,332,462,71,167,228,225,445,14,440,78,251,62,67,522,459,52,82,524,275,36,49,96,325,289,339,329,113,525,72,213,243,165,502,200,122,214,66,74,401,314,491,166,273,24,253,439,81,31,88,223,467,287,465,436,95,354,446,270,304,61,397,198,364,309,183,324,386,2,316,22,249,526,466,15,230,460,182,32,455,240,518,411,357,92,514,268,299,89,534,286,158,245,503,441,298,426,433,326,17,79,425,278,493,57,377,203,128,46,233,232,68,70,170,45,472,168,313,73,497,344,496,381,486,47,521,482,247,197,218,147,444,91,501,29,153,362,118,40,284,3,121,86,127,473,432,141,51,229,279,419,212,319,12,512,302,427,116,498,323,470,254,371,5,372,280,241,236,398,185,152,207,9,196,4,406,215,23,536,527,519,311,410,126,281,356,382,390,374,315,511,172,263,34,296,261,391,266,291,135,179,267,104,379,438,8,461,130,11,331,283,333,145,186,409,85,437,143,479,169,393,65,43,387,533,137,310,265,481,523,41,255,144,288,408,150,452,103,415,422,161,532,375,528,488,322,257,505,380,264,399,338,421,25,163,60,489,504,174,204,277,188,468,476,412,94,90,424,262,246,136,191,142,93,42,485,507,407,431,317,132,351,211,178,448,164,447,244,97,474,54,231,458,112,39,48,209,308,106,428,336,347,413,471,449,535,451,418,352,10,306,342,114,348,108,58,99,84,355,443,394,274,155,349,194,162,258,238,171,529,402,366,282,181,6,343,27,63,385,292,13,184,98,480,140,300,37,293,508,87,102,210,222,395,33,294,417,478,149,259,520,350,139,340,517,321,124,509,367,457,193,26,173,237,176,404,346,151,157,297,463,403,125,384,242,83,396,189,320,16,117,44,80,429,269,224,383,276,28,500,506,260,216,202,353,235,492,100,180,477,64,107,56,138,484,490,345,516,359,330,131,105,156,201,318,510,464,365,290,405,199,148,368,53,101,187,420,469,120,361,303,337,360,221,111,373,239,272,195,327,208,20,205,513,414,301,499,206,217,250,435,370,35,256,400,531,450,307,305,295",5000,100
2,2,109752.30067032391,20.613044325666262,"417,294,350,74,478,155,274,349,194,162,258,238,171,149,259,520,223,88,245,158,286,534,403,299,89,446,463,297,436,95,465,287,467,354,395,33,87,102,508,367,37,293,300,175,123,530,177,515,134,376,159,340,139,517,184,98,480,140,122,214,6,181,402,366,529,282,210,222,205,525,72,213,243,165,321,124,513,75,19,160,416,509,369,456,226,414,301,271,69,334,325,96,49,36,52,62,67,522,459,256,78,440,14,531,450,307,305,295,206,217,250,202,353,506,260,216,148,368,290,365,405,199,441,503,492,235,64,135,291,391,261,296,34,263,468,500,476,412,94,424,90,280,241,372,5,371,254,211,351,132,178,164,448,257,322,488,528,532,375,516,359,345,490,464,510,484,138,247,482,161,381,496,344,73,497,246,136,422,415,103,127,51,473,432,218,147,444,91,501,29,107,56,438,379,283,333,137,153,362,118,408,374,315,511,172,536,527,519,207,185,152,398,236,410,126,281,356,390,382,311,452,20,191,142,93,42,47,486,521,431,317,407,60,489,504,174,229,279,419,472,45,12,319,212,204,170,68,70,188,277,262,313,168,25,421,163,505,380,264,399,338,323,470,498,106,308,428,512,302,336,427,347,48,209,116,97,474,54,231,458,471,413,112,39,469,101,187,420,120,361,303,397,198,268,514,240,518,411,357,92,455,384,242,83,429,80,44,117,16,320,189,125,396,15,460,230,22,249,526,466,435,370,35,364,309,183,324,316,386,2,32,182,304,270,61,491,314,273,166,24,439,253,483,332,219,462,71,167,228,225,445,146,18,358,494,133,335,50,154,442,495,453,363,192,341,190,227,378,59,7,423,454,234,312,434,129,275,524,82,400,339,329,289,285,248,115,388,21,30,76,430,252,389,38,392,55,475,220,77,328,13,292,385,63,343,27,502,200,66,499,401,113,26,193,151,346,119,404,237,176,157,173,487,109,461,130,11,331,145,310,186,409,85,288,197,141,269,224,383,276,28,3,284,121,86,437,144,41,255,326,208,17,79,425,278,493,57,377,203,128,233,232,46,393,65,327,195,43,8,100,180,477,179,267,266,104,221,111,360,337,239,373,406,215,23,150,196,9,4,244,447,451,418,352,10,306,342,348,108,58,99,443,394,105,114,131,330,156,201,318,507,485,355,535,449,84,298,426,272,433,479,143,481,523,265,169,387,533,40,53,31,81,457,251,110",5000,100
2,3,108460.3403073355,21.923296506347203,"416,160,475,220,124,321,525,72,213,243,165,502,200,184,98,517,340,139,159,77,328,13,292,385,63,343,27,6,181,282,210,395,222,33,87,102,508,367,37,293,300,457,193,26,173,123,530,177,515,55,392,376,134,487,109,175,149,259,520,350,294,417,478,74,401,113,499,289,325,334,271,301,414,69,190,341,192,363,7,133,335,494,358,154,50,495,453,110,234,312,434,454,423,30,76,430,18,115,388,21,59,378,227,445,146,167,228,225,71,462,219,252,483,332,62,67,522,459,256,251,78,440,14,531,450,307,305,295,206,217,250,485,507,201,318,247,484,138,510,464,490,345,359,516,375,528,532,488,322,257,5,372,280,241,342,306,114,348,108,58,99,84,355,451,535,449,352,10,418,443,394,156,131,105,496,381,486,47,521,482,161,422,136,246,73,497,431,317,407,399,264,505,380,498,470,323,351,132,178,448,164,447,244,97,474,54,458,231,471,112,39,48,209,116,308,106,428,260,216,148,368,53,298,425,79,17,326,208,437,144,41,255,265,481,523,46,86,284,3,121,383,276,28,68,70,170,188,277,212,319,12,45,472,419,279,229,224,269,504,174,489,60,163,421,25,168,313,262,424,90,94,412,476,500,468,128,203,377,57,493,278,479,143,233,232,85,444,91,197,288,118,40,153,362,501,29,107,56,438,379,283,130,11,331,263,34,296,261,391,266,104,221,360,337,239,373,406,215,23,536,527,519,207,185,152,398,236,410,126,281,356,382,390,311,452,20,103,415,51,141,432,218,147,473,408,150,374,315,511,172,4,196,9,191,93,42,142,235,492,100,180,477,179,267,291,135,64,8,43,195,327,65,393,387,533,137,186,310,409,333,461,145,344,338,512,302,336,427,347,420,187,101,469,120,361,303,397,198,429,83,242,384,396,125,189,320,16,117,44,80,32,455,268,514,240,518,411,357,92,299,89,534,286,158,245,364,309,183,324,316,386,2,460,230,22,249,526,466,435,370,35,314,491,273,166,24,253,439,81,31,88,223,274,155,349,194,162,258,238,171,402,366,529,140,122,214,66,480,157,297,463,354,403,446,270,304,61,15,182,329,339,400,36,49,96,82,524,275,129,52,442,513,75,19,205,38,389,285,248,369,456,226,509,151,346,237,119,404,176,353,506,199,405,365,290,127,211,254,371,204,433,426,272,441,503,169,202,465,436,95,467,287,413,330,111",5000,100
2,4,109038.74794184176,20.805733554788077,"426,433,272,441,503,492,100,180,477,179,267,135,291,261,391,266,104,221,111,107,56,438,379,283,461,130,11,331,34,263,172,511,315,374,408,118,40,153,362,501,29,85,444,91,197,288,126,281,356,390,382,311,410,152,9,4,196,519,207,185,398,236,150,536,527,218,147,432,473,141,51,127,86,284,3,28,121,383,276,472,45,12,319,212,204,188,277,500,468,476,412,94,424,90,163,421,25,168,313,262,279,419,229,224,269,504,174,60,489,232,233,479,143,437,144,41,255,326,208,17,79,425,278,493,57,377,203,128,170,68,70,323,470,498,308,428,512,302,336,427,347,413,471,112,39,48,209,116,106,351,132,178,448,164,447,244,97,474,54,458,231,449,535,451,418,352,10,306,342,280,241,372,5,371,254,211,257,322,488,528,532,375,516,359,330,131,105,114,348,108,58,99,84,355,176,120,361,303,397,198,117,44,80,429,83,242,384,396,16,320,189,125,32,455,268,514,92,357,411,240,518,286,158,245,364,309,183,324,316,386,2,460,230,22,249,526,466,15,182,304,61,270,446,354,463,297,95,436,465,287,467,155,274,349,194,162,258,238,171,149,259,520,350,478,74,401,113,72,213,243,165,502,200,184,98,517,340,139,159,77,328,292,13,385,63,343,27,6,181,282,210,395,33,87,102,508,367,37,293,300,457,193,151,346,119,404,237,157,173,26,175,376,134,515,55,392,475,160,416,509,369,456,226,219,483,332,76,430,18,358,494,335,133,7,363,192,341,190,227,378,21,59,388,115,248,285,389,38,205,513,75,19,220,124,321,525,499,289,325,334,271,301,414,69,154,442,495,453,110,234,312,434,454,423,30,146,445,225,228,167,71,462,450,307,305,295,206,217,250,485,507,318,201,156,345,490,464,510,484,138,247,482,161,422,136,246,73,497,431,317,407,399,264,505,380,344,496,381,486,47,521,394,443,199,405,365,290,53,298,65,327,195,43,333,137,387,533,393,265,481,523,46,338,187,101,469,420,353,506,260,202,216,148,368,235,8,409,186,310,145,215,23,360,337,239,373,406,142,93,42,191,20,452,103,415,487,109,530,123,140,529,366,402,222,480,122,214,66,417,294,223,88,81,253,439,24,491,314,273,166,35,370,435,440,14,531,251,78,82,524,275,129,67,522,459,256,62,52,36,400,339,329,96,49,50,252,89,299,403,534,31,169,64,296,177",5000,100
2,5,108002.30171011892,24.552522511842916,"87,102,508,367,37,300,457,193,151,123,530,177,515,55,392,475,160,416,509,369,456,226,219,483,332,252,115,388,21,59,378,227,69,334,271,301,414,499,289,325,96,49,36,52,62,67,522,459,256,251,78,440,14,531,450,307,305,295,206,217,250,485,507,201,318,247,482,161,452,20,103,415,422,136,246,73,497,431,317,407,399,264,505,380,257,322,488,528,532,375,516,359,330,131,105,114,348,108,58,99,84,355,451,535,449,352,10,306,342,280,241,372,5,371,254,211,351,132,178,448,164,447,244,97,54,474,458,231,471,112,39,48,209,116,512,302,336,427,347,428,308,106,498,470,323,338,313,168,25,421,163,60,489,174,504,269,224,51,141,473,432,218,147,444,91,501,29,107,56,438,145,333,137,387,533,393,65,327,195,43,8,461,130,11,331,379,283,202,353,506,260,216,148,368,53,298,426,433,272,441,503,492,100,180,477,179,267,291,135,64,235,169,265,481,523,46,86,127,383,276,28,3,284,121,319,212,204,188,277,500,468,476,412,94,90,424,262,279,419,229,472,45,12,170,68,70,128,233,232,479,143,437,144,41,255,326,208,17,79,425,278,493,57,377,203,199,405,365,290,120,361,303,397,61,304,270,446,354,463,297,95,465,436,467,287,155,274,223,88,81,31,403,534,89,299,273,166,491,314,24,253,439,286,158,245,364,309,183,324,316,386,2,460,230,22,249,526,466,15,182,32,455,268,514,240,518,411,357,92,198,117,44,80,429,83,242,384,396,125,189,320,16,435,370,35,520,259,149,238,171,402,222,395,33,282,210,181,6,343,27,63,385,292,13,77,328,293,175,376,134,487,109,517,340,139,159,124,321,165,502,200,184,98,366,529,140,480,122,214,66,417,294,350,478,74,401,113,72,213,243,525,205,38,389,285,248,358,494,335,133,7,363,495,442,154,50,30,423,454,434,312,234,110,453,82,275,129,339,400,18,76,430,146,445,225,228,167,71,462,19,75,513,220,346,119,404,237,176,469,101,187,420,413,344,496,381,486,47,521,484,138,510,464,490,345,156,394,443,418,197,288,118,40,153,362,150,9,196,4,215,23,536,527,519,207,185,152,398,236,410,126,281,356,390,382,311,191,142,93,42,315,511,172,263,34,296,261,391,266,104,221,360,337,239,373,406,374,408,111,85,409,186,310,157,173,26,341,192,190,524,329,258,162,194,349",5000,100
2,6,107957.73309749643,29.74530737204772,"175,376,134,487,109,530,177,515,55,392,475,160,416,509,369,456,226,219,483,252,430,18,358,494,133,7,363,192,341,190,69,271,301,414,499,289,325,334,227,378,21,59,388,115,248,285,389,38,205,513,75,19,220,124,321,165,502,200,184,480,122,214,66,417,294,350,520,259,149,238,171,402,366,529,140,258,222,395,33,87,102,508,367,37,293,300,457,193,26,173,346,119,404,237,176,157,465,287,467,155,274,349,194,162,223,88,81,31,403,534,286,158,245,364,309,183,324,316,386,2,460,230,22,249,526,466,435,370,35,314,491,273,166,24,253,439,89,299,304,270,446,354,463,297,95,436,96,49,36,52,62,67,522,459,256,251,78,440,14,531,450,307,305,295,206,217,250,485,507,201,156,345,490,464,510,484,138,247,318,330,131,105,114,348,108,58,99,84,355,451,535,449,231,458,474,54,97,244,447,164,448,178,254,371,5,372,280,241,342,306,10,352,418,443,394,516,359,375,532,528,488,322,257,505,380,264,399,132,351,211,338,323,470,498,106,308,428,512,302,336,427,347,413,471,112,39,48,209,116,233,232,46,533,387,393,65,327,195,43,8,461,130,11,331,283,333,137,186,310,145,438,379,261,391,266,104,221,360,337,239,373,406,215,23,536,527,519,207,185,152,398,236,410,126,281,356,390,382,311,452,20,103,415,422,136,246,73,497,431,317,407,473,432,218,147,444,91,501,29,153,362,118,40,288,197,85,409,56,107,408,374,315,511,172,263,34,296,135,291,267,179,477,64,235,492,100,180,441,503,272,426,433,17,79,425,278,493,57,377,203,500,468,476,412,94,424,90,506,353,202,216,148,368,53,298,290,365,405,199,260,255,326,208,437,144,41,169,265,481,523,479,143,86,127,383,276,28,3,284,121,319,12,45,472,279,419,229,224,269,504,174,489,60,163,421,25,168,313,262,47,486,381,496,344,141,51,277,188,204,212,128,170,68,70,482,161,93,42,191,142,101,187,420,469,120,361,303,397,198,117,44,80,429,83,242,384,396,125,189,320,16,182,32,455,268,514,240,518,411,357,92,15,113,72,213,243,525,385,292,13,77,328,159,340,139,517,98,63,343,27,6,181,282,210,478,74,401,329,339,400,524,82,275,129,434,454,423,335,50,154,442,495,453,110,234,312,30,146,445,225,228,167,71,462,332,76,151,123,61,111,4,196,9,150,521",5000,100
2,7,108561.38242771338,21.113806726100346,"487,109,175,376,134,515,55,392,475,160,416,509,369,456,226,219,483,332,76,430,18,358,494,335,133,7,363,192,341,190,69,334,271,301,414,499,289,325,96,49,36,52,62,67,522,459,256,251,78,440,14,531,450,307,305,295,206,217,250,485,507,201,156,345,490,464,510,484,138,247,318,330,131,105,114,348,108,58,99,84,418,352,10,342,306,112,39,48,209,116,512,302,336,427,347,94,424,90,277,188,204,212,319,12,45,472,276,28,3,284,121,383,127,86,68,70,170,128,203,500,468,476,412,506,353,202,216,148,368,53,298,426,433,326,208,17,79,425,278,493,57,377,523,479,143,437,144,41,255,272,441,503,492,100,180,477,64,135,291,267,179,266,104,221,360,337,239,373,406,215,23,536,527,519,207,185,152,398,236,410,126,281,356,390,382,311,452,20,103,415,422,136,246,73,497,431,317,407,399,264,505,380,257,322,488,528,532,375,516,359,344,496,381,486,47,521,482,161,93,42,142,191,235,8,461,130,11,331,379,283,533,387,195,43,333,137,186,310,145,438,56,107,40,153,362,501,29,85,196,9,150,374,315,511,172,263,34,296,261,391,111,4,409,218,147,444,91,197,288,118,408,473,432,51,141,269,224,229,279,419,262,313,168,25,421,163,60,489,504,174,280,241,372,5,371,254,211,351,132,178,448,164,447,244,97,474,54,458,231,471,413,420,187,101,469,120,290,365,405,199,260,233,232,46,481,265,169,393,65,327,428,308,106,498,470,323,338,449,535,451,355,443,394,404,119,237,176,157,173,26,193,151,123,530,177,343,27,6,181,282,210,395,33,87,102,508,367,37,293,328,77,292,13,385,63,98,517,340,139,159,124,321,165,502,200,122,214,140,480,184,366,529,402,222,258,238,171,149,259,520,350,294,417,66,243,213,72,525,205,38,389,285,248,252,462,71,167,228,225,445,146,30,50,154,442,495,453,110,234,312,434,454,423,524,82,275,129,339,400,329,113,401,74,478,155,274,349,194,162,223,88,81,31,403,534,286,158,245,364,309,183,324,316,386,2,460,230,22,249,526,466,15,182,32,455,268,514,240,518,411,357,92,299,89,24,253,439,166,273,491,314,35,370,435,396,125,189,320,16,384,242,83,429,80,44,117,397,198,61,304,270,446,463,297,354,361,303,227,378,21,59,388,115,513,75,19,220,346,457,300,436,465,287,467,95",5000,100
2,8,110880.67267643585,19.890712745267304,"109,530,177,515,55,392,321,165,502,200,184,98,517,340,139,159,77,328,292,13,385,63,343,27,6,181,282,210,395,33,87,102,508,367,37,300,457,193,151,123,293,175,376,134,487,166,273,491,314,24,253,439,81,31,403,534,89,299,304,61,397,198,117,44,80,429,83,242,384,396,125,189,320,16,182,32,455,268,514,240,518,411,357,92,245,364,309,183,324,316,386,2,460,230,22,249,526,466,435,370,35,88,223,274,349,194,162,258,238,171,149,259,520,350,478,74,401,113,72,213,243,525,205,513,75,19,220,124,475,160,416,509,369,456,226,248,38,389,285,459,522,67,62,52,36,400,339,329,289,325,334,271,301,414,499,454,423,30,50,154,442,495,453,110,234,312,434,78,440,14,531,450,307,305,295,206,217,250,485,507,201,318,247,484,138,486,47,521,482,161,422,136,246,73,497,431,317,407,338,168,313,262,279,419,472,45,12,319,212,204,188,277,500,468,476,412,94,424,90,163,421,25,60,489,174,504,269,224,51,141,473,432,218,147,444,91,501,29,107,56,438,145,333,137,387,533,393,65,327,195,43,8,461,130,11,331,283,379,46,233,232,128,203,377,57,493,216,148,368,53,298,426,433,272,441,503,492,100,180,477,179,267,291,261,391,266,104,221,360,337,239,373,406,215,23,536,527,519,207,185,152,398,236,410,126,281,356,390,382,311,452,20,103,415,229,447,244,97,474,54,458,231,471,112,39,48,209,116,308,106,498,470,323,351,132,264,505,380,257,322,488,528,532,375,516,359,330,131,105,114,348,108,58,99,84,355,451,535,449,352,10,306,342,280,241,372,5,371,254,211,178,448,164,302,336,427,347,428,512,70,170,68,28,3,284,121,383,276,86,127,85,409,186,310,263,34,296,111,4,196,9,150,408,374,315,511,172,362,118,40,153,235,169,265,481,523,479,143,437,144,41,255,326,208,17,79,425,278,353,202,260,199,405,365,290,120,361,303,270,446,354,463,297,95,436,465,287,467,155,140,480,122,214,66,529,402,366,222,157,173,26,346,119,404,237,176,469,101,187,420,413,344,496,381,510,464,490,345,156,394,443,418,197,288,42,142,191,93,135,64,227,378,21,59,7,363,192,341,190,69,18,76,430,115,388,228,225,445,146,167,71,462,252,483,219,332,358,494,335,133,82,524,275,129,256,251,506,96,49,417,294,15,158,286,399",5000,100
2,9,108002.44435718922,22.15148014382692,"346,119,404,237,176,157,173,26,193,151,123,530,177,515,55,475,160,416,509,369,456,226,219,483,332,76,430,18,358,494,335,133,7,363,192,341,190,69,271,301,414,499,289,325,334,227,378,21,59,388,115,248,285,389,38,205,513,75,19,220,124,321,165,502,200,122,214,66,417,294,350,478,74,401,113,72,213,243,525,222,395,33,87,102,508,367,37,293,328,77,292,13,385,63,343,27,6,181,282,210,402,366,529,140,480,184,98,517,340,139,159,376,134,487,109,175,457,300,436,95,354,463,297,446,270,304,61,397,198,117,44,80,429,83,242,384,396,15,230,22,249,526,466,435,370,35,309,183,324,316,386,2,460,182,32,455,268,514,240,518,411,357,92,299,89,534,286,158,245,364,314,491,273,166,24,253,439,81,31,403,361,303,120,290,365,405,199,260,216,148,368,53,298,426,433,272,441,503,492,100,180,477,179,267,291,135,64,235,169,265,481,523,479,143,437,144,41,255,326,208,17,79,425,278,493,57,377,203,128,233,232,46,533,387,195,43,333,137,186,310,145,438,56,107,379,283,461,130,11,331,34,263,172,511,315,374,408,150,9,196,4,215,23,536,527,519,207,185,152,398,236,410,126,281,356,390,382,311,452,20,103,415,422,136,246,73,497,431,317,407,399,264,505,380,257,322,488,528,532,375,516,359,330,131,105,114,348,108,58,99,84,355,451,535,449,231,458,474,54,97,244,447,164,448,178,211,254,371,5,372,280,241,342,306,10,352,418,443,394,156,345,490,464,510,484,138,247,318,201,486,47,521,482,161,93,42,191,142,229,224,269,504,174,489,60,163,421,25,313,168,262,279,419,472,45,12,319,212,204,188,277,68,70,170,284,121,3,28,276,383,127,86,147,444,91,501,29,153,362,40,118,288,197,218,432,473,141,51,506,353,202,393,65,327,409,85,391,266,104,221,360,337,239,373,406,111,261,296,8,347,427,302,336,512,428,308,106,498,470,323,338,132,351,48,209,116,112,39,471,413,420,187,101,469,500,468,476,412,94,90,424,344,496,381,507,485,250,217,206,295,462,252,146,445,225,228,167,71,251,78,440,14,531,450,307,305,110,234,312,434,454,423,30,50,154,442,495,453,82,524,275,129,256,62,67,522,459,52,36,49,96,329,339,400,194,162,258,238,171,149,259,520,223,274,349,155,467,287,465,88,16,320,189,125,392",5000,100
3,0,130267.13097026413,19.940854606793316,"26,173,343,27,210,395,33,102,87,508,385,63,13,292,328,77,293,89,299,270,446,297,463,354,117,44,83,242,2,460,230,455,320,526,249,316,386,324,15,182,32,518,240,514,268,92,309,364,35,370,183,22,125,189,365,290,308,428,164,448,178,359,516,47,486,528,532,313,424,90,94,412,168,208,437,143,57,493,425,144,255,41,310,145,283,43,195,327,393,377,128,203,188,479,232,233,204,212,319,12,45,472,3,284,121,86,127,265,481,65,236,523,68,170,70,262,174,60,489,85,137,333,374,391,261,34,263,23,536,345,330,131,105,97,39,48,112,535,468,500,419,279,441,272,298,433,426,326,278,17,111,221,360,172,337,104,267,291,135,246,10,372,54,474,458,231,280,241,266,25,421,163,269,504,452,338,132,211,264,380,505,257,497,431,317,407,20,422,136,322,488,351,254,371,5,209,116,106,302,336,260,216,413,498,323,470,381,496,447,379,356,382,390,126,415,103,331,461,8,51,141,432,142,191,93,215,406,373,239,288,281,410,114,342,306,348,108,58,99,84,527,519,9,207,473,408,150,118,153,362,501,91,147,218,476,352,100,180,477,179,444,409,186,29,40,438,56,107,11,130,315,511,152,185,398,196,4,492,235,64,533,387,277,276,383,418,79,53,201,404,119,436,95,222,181,6,282,162,529,366,402,367,513,75,19,475,220,124,98,184,238,171,214,165,502,200,321,525,401,274,155,194,429,80,396,384,16,361,303,339,414,301,434,110,275,82,524,62,52,36,69,271,334,499,340,517,467,287,363,495,59,21,378,256,459,522,129,234,18,76,285,248,55,134,487,159,175,376,139,392,109,416,160,509,96,49,445,146,167,228,225,192,158,286,534,439,253,24,491,314,245,81,349,37,300,457,193,530,123,515,440,14,78,312,453,50,423,454,154,442,133,494,335,358,7,450,307,71,72,205,197,311,346,151,115,388,289,226,456,369,252,213,243,417,294,350,520,259,258,140,480,435,411,357,166,273,149,66,478,74,177,161,375,485,507,469,73,490,464,510,484,138,247,482,521,344,318,353,506,202,399,244,229,169,503,405,148,199,347,427,420,187,101,120,466,113,227,341,190,389,38,30,325,329,31,465,157,512,28,296,46,224,471,449,451,88,403,397,61,304,198,430,332,483,219,176,355,156,443,394,42,250,217,206,295,462,305,531,122,223,368,67,251,400,237",5000,100
3,1,108254.75316261101,20.599392387057836,"252,219,483,332,430,76,335,133,7,363,192,453,495,442,154,50,30,146,445,225,228,167,71,450,307,305,295,206,217,250,507,485,394,443,156,345,490,464,510,486,47,381,496,344,532,528,375,516,359,330,131,105,306,342,348,108,58,99,84,418,352,10,114,322,257,505,380,264,399,132,351,178,448,164,447,244,97,54,474,458,231,112,39,48,209,116,512,427,347,336,302,409,85,444,91,197,288,118,29,501,362,153,40,408,315,511,172,374,150,410,398,185,152,207,9,196,4,406,373,239,337,360,221,111,104,266,391,261,296,34,263,283,379,438,56,107,310,186,137,333,43,195,327,65,393,265,481,523,533,387,235,180,100,492,503,441,272,426,433,298,278,425,79,17,326,208,437,143,479,233,232,46,135,291,267,179,477,64,130,11,461,8,169,255,41,144,276,383,121,284,3,28,68,170,70,188,277,86,127,51,224,269,504,489,60,163,421,25,313,168,262,419,279,229,45,472,12,319,212,204,90,424,94,412,476,468,500,203,377,57,493,202,506,353,260,216,148,368,53,290,365,405,199,187,101,420,469,120,361,303,397,61,304,270,446,463,297,95,436,465,287,467,155,274,349,194,162,258,238,149,171,66,243,213,72,113,401,74,478,350,294,417,520,259,223,88,31,81,253,24,491,314,273,166,245,158,286,534,89,299,435,370,35,364,309,183,324,316,386,2,460,230,22,249,526,466,15,182,32,455,240,518,411,357,92,514,268,80,429,83,242,384,396,16,117,44,198,320,189,125,139,517,159,340,292,385,63,13,77,328,530,177,515,475,416,160,509,369,456,226,462,18,115,388,21,59,378,227,190,341,524,82,275,129,256,251,78,440,14,531,49,96,329,339,400,36,52,62,67,522,459,110,234,312,434,454,423,358,494,271,301,414,499,289,325,334,69,389,285,248,513,75,19,205,38,367,37,293,300,457,175,376,487,134,109,165,502,200,321,124,220,33,395,222,210,282,181,6,402,366,529,140,214,122,480,184,98,55,392,123,151,193,26,173,157,237,346,119,404,176,451,355,338,470,323,498,106,308,428,317,431,407,497,73,246,136,422,161,482,93,42,191,142,452,311,236,390,356,382,281,126,23,536,527,519,215,145,331,473,432,218,147,128,201,318,247,138,484,521,20,103,415,174,280,241,372,5,371,254,211,488,449,535,471,413,141,102,87,508,343,27,525,439,403,354",5000,100
3,2,110213.88372479129,20.230649813667196,"78,440,14,531,445,146,225,228,167,71,450,307,305,295,206,7,363,192,453,110,234,312,434,454,423,30,50,154,442,495,341,190,69,334,271,301,414,499,289,329,339,400,36,52,62,67,522,459,256,129,275,524,82,49,96,325,220,513,75,19,205,38,389,285,248,115,388,21,59,378,227,18,430,76,335,133,358,494,252,332,483,219,462,149,171,366,529,140,122,214,66,243,213,72,113,401,74,478,350,294,417,520,259,223,88,31,81,24,253,439,314,491,166,273,357,92,514,268,455,189,320,16,117,44,80,429,83,242,384,396,125,32,182,240,518,411,309,364,35,370,435,526,466,15,249,22,316,386,2,460,230,183,324,299,286,158,245,304,270,446,297,354,463,97,474,54,458,231,427,302,336,512,209,48,39,112,471,413,420,187,101,469,120,290,365,405,199,148,216,260,202,353,506,368,53,79,425,278,493,57,377,203,128,70,68,170,28,284,3,121,86,127,383,276,472,419,279,229,504,174,489,60,163,421,25,313,168,262,424,90,94,412,476,468,500,188,277,204,212,319,12,45,233,232,46,135,291,267,179,477,180,100,492,235,64,130,11,461,8,43,195,327,65,393,265,481,523,533,387,137,333,145,331,283,379,438,56,107,29,501,362,153,40,118,288,197,91,147,218,432,473,141,51,224,269,103,20,452,311,356,382,390,281,126,410,398,236,207,9,196,4,215,23,536,527,519,408,150,374,315,511,172,263,34,296,261,391,266,104,111,221,360,337,239,373,406,186,310,85,444,409,132,351,178,448,164,447,244,105,131,330,345,490,464,510,484,138,247,318,201,156,394,443,99,84,418,352,10,114,348,108,58,241,280,372,5,371,254,211,264,399,380,505,257,322,488,528,375,532,344,496,381,47,521,486,482,161,422,415,136,246,497,73,317,431,407,338,323,470,498,106,308,428,116,347,449,535,451,355,26,193,151,123,530,177,515,134,487,109,376,175,293,300,37,367,508,343,27,63,13,292,385,328,77,159,340,139,517,98,184,480,502,200,321,165,525,55,392,157,237,346,119,404,176,457,173,181,6,282,402,222,210,395,33,87,102,349,274,155,467,287,465,436,95,403,534,89,303,361,61,397,198,93,42,191,142,485,507,250,217,258,238,162,194,251,41,255,144,437,143,479,326,208,17,426,433,298,272,441,503,169,306,342,359,516,152,185,475,416,160,509,369,456,226,124",5000,100
3,3,110536.15294544335,20.140095040849182,"22,249,526,466,435,370,35,309,183,324,316,386,2,460,230,15,396,16,125,189,320,198,397,61,304,270,446,463,297,95,436,465,287,467,155,274,349,194,162,258,238,149,222,402,366,529,140,122,214,66,171,33,395,210,282,181,6,27,343,63,480,184,98,517,159,340,139,392,55,134,487,376,175,293,300,457,193,26,173,151,123,530,177,515,237,346,119,404,176,451,355,84,418,352,10,114,348,108,58,99,443,394,485,507,156,464,510,484,138,247,482,161,381,496,344,532,375,490,345,516,359,330,131,105,306,342,280,241,372,5,371,254,211,351,132,178,448,164,470,323,498,106,308,428,512,302,336,427,347,116,209,48,39,112,471,413,420,187,101,469,120,361,303,491,314,273,166,24,253,439,81,31,403,534,89,299,286,158,245,364,242,384,83,117,44,80,429,455,32,182,240,518,411,357,92,514,268,208,326,17,425,79,278,493,57,377,523,481,265,169,255,41,144,437,143,479,233,232,262,279,419,45,472,276,383,121,284,3,28,68,170,70,128,203,500,476,468,409,186,310,145,438,56,107,29,501,362,153,40,118,288,197,147,218,432,473,141,51,224,269,504,174,489,60,163,421,25,313,168,94,90,424,412,506,353,202,260,216,148,368,53,298,433,426,272,441,503,100,180,477,179,267,291,135,64,130,11,331,263,34,296,261,391,266,104,111,221,360,337,239,373,406,4,215,23,536,315,511,172,408,150,126,410,152,398,236,185,207,9,196,527,519,390,356,382,281,452,311,93,42,191,142,20,415,103,422,136,246,73,497,431,317,407,338,399,380,264,505,257,322,488,528,461,8,43,195,327,65,393,46,533,387,137,333,283,379,86,127,521,486,47,229,212,319,12,204,188,277,199,405,365,290,492,235,444,91,85,54,474,97,231,458,449,535,244,447,332,483,252,430,18,76,358,494,335,133,7,50,154,442,495,453,110,234,312,434,454,423,30,146,445,225,228,167,71,462,450,307,305,295,206,217,250,82,524,275,129,256,251,78,440,14,531,49,96,325,334,271,301,414,499,38,389,285,248,115,388,21,59,378,227,190,341,192,363,69,62,67,522,459,400,339,329,525,213,243,72,113,401,74,478,350,294,417,520,259,223,88,13,292,385,77,328,124,220,513,75,19,416,160,475,509,369,456,226,219,502,200,321,165,157,367,37,102,87,508,109,205,289,36,52,354,201,318,374",5000,100
3,4,110044.46743297574,20.461868745604793,"366,529,402,181,6,343,27,282,210,395,222,258,238,149,171,66,243,213,72,113,401,74,478,350,294,417,520,259,223,274,349,194,162,155,467,287,465,436,95,354,463,297,403,534,89,299,92,514,268,240,518,411,357,198,397,61,304,270,446,361,303,384,396,16,117,44,80,429,83,242,435,370,35,364,309,183,324,316,386,2,460,230,22,249,526,466,15,182,32,455,189,320,125,139,340,517,98,184,480,140,214,122,165,502,200,525,321,124,220,513,75,19,205,38,389,285,248,252,219,483,332,76,430,18,335,133,7,363,495,453,110,234,312,434,454,423,154,442,146,228,167,71,450,307,305,295,206,217,250,445,225,531,78,440,14,251,256,129,275,524,82,49,96,325,334,271,301,414,499,289,329,339,400,36,62,67,522,459,264,380,505,257,322,488,528,375,532,359,516,105,131,330,345,490,464,510,484,138,247,482,93,42,142,191,236,398,185,152,207,9,196,519,527,215,536,23,406,373,239,337,360,221,111,104,266,391,261,296,34,263,172,511,315,374,408,150,126,410,311,356,382,390,281,452,161,381,496,344,73,246,136,422,415,103,20,141,51,224,269,504,174,489,60,163,421,25,313,168,262,419,279,229,472,12,319,212,204,188,277,127,383,276,3,284,121,86,147,218,432,473,501,362,153,40,118,288,197,91,444,85,409,186,310,145,438,56,107,29,180,100,492,235,64,477,179,267,291,135,11,130,461,8,43,195,327,65,393,265,481,523,46,533,387,137,333,283,379,331,298,433,426,272,169,326,208,437,143,479,233,232,128,170,70,68,28,431,317,407,497,399,132,351,211,254,371,5,372,280,241,342,306,114,348,108,58,99,84,418,352,10,54,474,97,231,458,449,535,451,355,237,346,119,404,176,157,173,151,193,26,457,175,123,530,177,515,487,134,55,392,376,159,77,328,292,385,63,13,87,102,508,33,367,37,293,300,439,253,24,314,491,166,273,81,31,88,50,30,494,358,59,378,227,21,388,115,190,69,341,192,52,203,377,57,493,278,425,79,17,144,41,255,365,290,53,368,148,216,260,199,405,427,347,116,209,48,39,112,471,413,420,187,101,469,120,202,353,506,412,476,468,500,424,90,94,308,428,512,302,336,498,106,338,470,323,164,448,178,244,447,45,441,503,47,486,521,201,318,156,507,485,394,443,4,462,416,160,475,509,369,456,226,109,286,158,245",5000,100
3,5,106680.92232351078,21.539387535849322,"252,219,483,332,76,430,18,358,494,335,133,7,363,192,453,495,442,154,50,30,146,445,225,228,167,71,462,450,307,305,295,206,217,250,507,485,394,443,99,84,418,352,10,114,348,108,58,131,330,345,490,464,510,484,138,247,482,521,47,486,381,496,344,73,246,136,422,415,103,20,452,161,42,142,191,93,236,398,185,152,207,9,196,519,527,536,23,215,406,373,239,337,360,221,111,104,266,391,261,296,34,263,172,511,315,374,408,150,410,126,281,390,356,382,118,40,153,362,29,501,91,444,85,409,186,310,145,438,56,107,379,331,283,461,8,43,195,327,65,393,265,481,523,144,41,255,169,492,235,64,130,11,291,135,179,267,477,180,100,503,441,272,426,433,298,425,79,17,326,208,437,143,479,233,232,46,533,387,137,333,204,188,277,424,90,94,412,476,468,500,203,128,70,68,170,28,3,284,121,86,127,383,276,472,12,319,212,229,419,279,489,60,163,421,25,313,168,262,216,148,368,53,290,365,405,199,493,57,377,278,432,473,141,51,224,269,504,174,338,132,351,178,448,164,447,244,97,474,54,458,231,112,471,413,420,187,101,469,120,361,303,397,198,320,189,125,32,182,15,396,384,242,83,16,117,44,80,429,455,240,518,411,357,92,514,268,309,183,324,316,386,2,460,230,22,249,526,466,435,370,35,364,245,158,286,534,89,299,403,354,463,297,446,270,61,304,273,166,491,314,24,253,439,81,31,88,223,274,349,194,162,258,238,149,171,66,243,213,72,113,401,74,478,350,294,417,520,259,155,467,287,465,436,95,123,530,177,515,134,487,109,376,175,457,300,37,293,328,77,292,385,63,13,222,210,395,33,87,102,508,367,122,214,529,366,402,181,6,27,343,282,525,205,38,389,285,248,115,388,21,59,378,227,69,334,271,301,414,499,289,329,339,400,36,52,62,67,522,459,256,129,275,524,82,49,96,325,190,341,110,234,312,434,454,423,251,78,440,14,531,509,369,456,226,475,160,416,75,19,513,220,124,392,55,98,184,480,140,200,502,165,321,119,404,176,451,535,449,431,317,407,497,399,380,264,505,257,322,488,528,375,532,359,516,105,306,342,280,241,372,5,371,254,211,323,470,498,106,308,428,512,302,336,427,347,116,209,48,39,260,202,353,506,288,197,147,218,311,4,45,201,318,156,355,237,346,151,193,26,173,157,139,340,517,159",5000,100
3,6,107678.13077753282,21.25765915058284,"405,199,148,368,53,290,365,260,202,353,506,500,468,476,412,94,90,424,347,116,209,48,39,112,471,413,420,187,101,469,120,361,303,397,61,304,270,446,463,297,354,403,534,89,299,286,158,245,364,309,183,324,316,386,2,460,230,22,249,526,466,15,396,16,117,44,80,429,83,242,384,125,32,182,455,240,518,411,357,92,514,268,273,166,491,314,24,253,439,81,31,88,223,259,520,350,294,417,66,171,149,238,258,222,210,395,33,87,102,508,367,37,293,300,457,193,26,173,157,237,346,119,404,176,451,355,84,418,352,10,114,348,108,58,99,443,394,485,507,156,201,318,247,482,521,47,486,381,496,344,73,246,136,422,161,452,311,410,126,281,356,382,390,288,197,147,218,432,473,141,51,224,269,504,174,489,60,163,421,25,313,168,262,279,419,229,472,45,12,319,212,204,188,277,28,3,284,121,86,127,383,276,68,170,70,128,203,377,57,493,278,425,79,17,326,208,437,143,479,233,232,46,409,186,310,145,438,56,107,29,501,362,153,40,118,408,150,374,315,511,536,23,215,406,373,239,337,360,221,111,104,266,391,261,296,135,291,267,179,477,180,100,503,441,272,426,433,298,375,532,528,488,322,257,505,380,264,399,132,351,178,448,164,447,244,97,474,54,458,231,535,449,123,151,515,134,487,109,376,159,340,139,517,98,184,480,140,122,214,243,213,72,113,401,74,478,200,502,165,321,124,220,513,75,19,205,38,389,285,248,115,388,21,59,378,227,190,69,334,271,301,414,499,289,325,96,49,36,52,62,67,522,459,256,129,275,524,82,400,339,329,525,55,392,274,349,194,162,282,181,6,27,343,63,13,292,385,77,328,530,177,251,78,440,14,531,445,225,228,167,71,462,450,307,305,295,206,217,250,369,456,226,219,483,332,430,18,76,335,133,7,363,192,453,110,234,312,434,454,423,30,50,154,442,495,341,252,494,358,146,338,470,323,498,106,308,428,512,302,336,427,137,333,283,461,8,43,195,327,65,393,265,169,255,41,144,481,523,533,387,235,64,130,11,331,379,492,85,444,91,93,42,142,191,236,398,185,152,207,9,196,4,519,527,172,263,34,103,20,415,407,431,317,497,359,516,490,464,510,484,138,330,345,105,131,306,342,280,241,372,5,371,254,211,216,160,416,509,475,366,402,529,155,467,287,465,436,95,189,320,198,370,35,435,175",5000,100
4,0,112500.39841117091,19.474096988428997,"75,513,220,124,321,55,392,376,139,340,328,77,292,13,385,63,27,343,6,282,210,395,33,508,87,102,222,258,238,402,366,529,122,140,480,184,98,517,159,293,37,300,214,66,171,149,417,294,350,520,259,223,88,274,155,349,194,162,74,478,243,213,72,113,401,329,339,400,36,52,62,67,522,459,129,256,251,78,434,312,234,110,453,495,442,154,50,30,146,445,225,228,167,71,462,332,483,219,252,133,7,363,192,341,190,325,96,49,82,524,275,358,494,335,248,285,389,38,205,525,165,502,200,181,314,491,273,166,158,286,534,403,81,31,439,253,24,242,83,429,80,44,117,16,320,189,125,396,384,32,455,2,386,316,245,364,309,183,324,230,15,460,182,92,514,268,240,518,411,357,198,397,61,304,270,446,463,297,354,95,436,465,467,287,367,457,193,173,26,151,346,119,404,237,157,176,451,449,535,231,458,474,54,97,164,448,178,211,351,132,338,168,313,163,421,25,60,489,174,407,431,317,497,246,73,344,496,381,521,47,486,464,510,484,138,247,482,161,452,153,362,501,29,107,56,438,379,331,34,263,172,152,185,398,236,311,382,356,390,281,126,410,150,511,315,374,408,536,527,519,196,4,215,406,373,239,337,360,221,111,104,266,267,179,477,100,492,235,64,461,130,11,8,283,333,137,387,533,393,65,265,169,272,426,433,79,425,278,493,57,377,437,143,479,523,481,46,232,233,383,276,28,68,70,170,188,204,212,319,12,45,472,51,141,473,432,147,218,444,91,197,288,118,40,3,284,121,86,127,85,409,310,186,145,224,229,419,279,262,277,476,468,500,128,203,103,415,422,136,144,41,255,326,17,208,260,216,202,353,506,412,94,424,90,347,302,336,427,512,116,209,48,39,112,471,413,187,420,469,120,361,303,199,365,290,368,148,405,114,348,108,58,99,84,418,352,10,306,342,280,241,372,5,371,505,380,264,399,322,488,528,532,375,516,359,345,330,131,105,443,394,485,507,156,201,318,450,307,305,295,206,226,456,369,509,160,416,475,109,530,177,515,487,134,123,175,250,217,355,323,470,498,106,308,428,254,447,244,257,490,20,93,42,142,191,53,298,441,503,135,291,261,391,296,43,195,327,207,9,23,101,269,504,531,14,440,227,378,21,59,388,115,430,18,76,423,454,271,414,301,334,69,19,499,289,466,526,249,22,370,35,435,89,299,180",5000,100
4,1,111485.14783035392,19.612981031533955,"471,413,231,458,97,474,54,114,348,108,58,418,372,5,371,254,211,351,132,338,168,313,262,229,419,279,45,472,12,319,212,204,188,277,468,476,412,94,90,424,163,421,25,60,489,174,136,246,73,344,496,381,47,486,521,482,247,138,484,464,490,345,330,131,105,306,342,10,352,535,449,451,355,84,99,443,394,485,507,156,201,318,147,218,432,473,141,51,224,269,504,501,29,85,409,310,186,107,56,438,379,331,283,461,130,11,64,235,492,503,441,272,426,433,79,425,278,493,57,377,437,143,479,46,523,481,144,41,255,169,265,393,387,533,43,327,195,333,137,145,263,34,296,261,391,291,135,267,179,477,180,100,150,207,152,185,398,236,311,382,356,390,281,126,410,4,406,373,239,337,360,221,111,104,266,383,276,28,284,3,121,86,127,170,68,70,128,203,500,368,148,216,260,202,353,506,347,427,302,336,512,116,209,48,39,112,142,191,93,42,161,452,20,415,103,422,322,488,528,532,375,516,359,510,431,317,407,497,244,447,164,178,448,505,380,264,399,323,470,498,106,308,428,280,241,257,173,26,457,175,376,392,55,134,487,109,530,177,515,119,404,176,469,120,361,303,397,198,16,117,44,80,429,242,83,320,125,189,455,32,182,460,230,15,526,466,396,384,155,274,349,194,162,258,238,402,181,6,529,171,149,417,294,74,478,350,520,259,223,88,92,514,268,240,518,411,357,304,270,446,463,297,465,436,95,354,403,534,89,299,286,158,245,309,364,35,370,435,249,22,386,2,316,324,183,166,273,491,314,24,439,253,81,31,287,467,346,237,157,367,508,87,102,27,343,63,140,480,184,98,517,340,139,159,292,13,385,328,77,210,395,33,222,282,214,122,243,213,72,113,401,329,339,400,36,52,62,67,522,459,256,251,440,14,531,307,450,71,462,332,76,423,454,234,110,453,495,442,154,50,30,146,445,225,228,167,59,388,115,248,285,389,38,205,513,75,19,475,160,416,509,369,456,226,206,295,305,335,358,494,133,7,363,192,341,190,275,524,82,49,96,325,301,414,271,334,69,227,378,21,18,430,252,483,219,220,124,321,165,502,200,525,499,289,129,312,434,78,366,37,293,300,193,151,123,315,511,172,23,215,527,536,519,196,9,40,118,362,153,288,197,91,444,232,233,405,365,290,199,53,298,326,208,17,65,8,374,408,217,250,66,101,187,420,61",5000,100
4,2,107443.30781343913,23.213347477987462,"439,253,24,286,158,245,364,309,183,324,316,386,2,460,230,22,249,526,466,435,370,35,15,396,384,242,83,429,80,44,117,16,320,189,125,32,182,455,240,518,411,357,92,514,268,299,89,534,403,81,31,287,467,155,274,349,194,162,258,238,402,366,529,181,6,282,210,395,33,222,87,102,27,343,63,13,328,77,292,385,139,340,517,184,98,200,502,165,321,124,220,513,75,19,416,160,475,55,392,149,171,66,214,122,140,480,213,243,72,113,401,74,478,350,294,417,223,88,166,273,491,314,463,297,446,270,304,61,397,198,361,303,120,405,199,365,290,53,298,426,433,17,79,425,278,493,57,377,203,500,468,476,412,94,90,424,277,212,319,12,45,472,419,279,229,504,269,224,51,141,473,432,147,218,197,91,444,85,409,186,310,145,438,56,107,29,501,362,153,40,118,288,390,382,356,281,126,410,398,236,152,185,207,9,196,519,527,536,23,215,406,373,239,337,360,221,111,104,266,267,179,477,64,135,291,261,391,296,34,263,172,511,315,374,150,408,20,415,103,422,136,246,73,344,496,381,47,486,521,484,138,464,510,490,345,330,131,105,306,342,10,114,348,108,58,99,84,418,352,54,474,97,244,447,372,280,241,254,211,178,351,132,470,323,498,106,308,428,512,302,336,427,347,116,209,48,39,112,471,413,101,187,420,469,176,237,157,173,26,193,151,346,119,404,177,530,123,175,376,159,367,300,37,293,457,509,369,456,226,219,252,430,76,18,335,358,494,133,7,363,192,453,495,442,154,50,30,454,423,312,234,110,434,78,440,14,531,167,228,225,445,146,332,483,462,71,450,307,305,295,206,217,250,507,156,201,318,247,482,161,452,311,191,142,42,93,4,169,265,393,387,533,137,333,43,195,327,65,8,130,11,331,379,283,461,144,41,255,326,208,437,143,479,232,233,46,523,481,492,235,180,100,503,441,272,28,276,383,3,284,121,86,127,204,188,68,70,170,128,368,260,202,353,506,359,516,375,532,528,488,322,257,505,264,380,399,497,431,317,407,25,421,163,60,489,174,262,313,168,338,371,5,448,164,458,231,449,535,451,355,443,394,485,515,487,134,109,508,259,520,82,524,275,129,256,251,459,52,62,67,522,400,339,329,96,49,36,38,205,525,499,289,325,301,414,271,334,69,190,341,227,378,21,59,388,115,248,285,389,436,95,354,465,148,216",5000,100
4,3,108387.15426965278,20.078053901885166,"340,139,159,77,328,292,13,385,63,27,343,6,181,282,210,395,33,222,402,366,529,171,66,214,122,140,480,184,98,517,392,55,475,220,513,75,19,416,160,509,369,456,226,219,252,430,76,18,335,133,7,363,192,453,495,442,154,50,30,146,445,225,228,167,71,462,332,483,378,227,69,334,271,301,414,499,289,325,96,49,36,52,62,67,522,459,256,251,78,440,14,531,307,450,305,295,206,217,250,507,485,394,443,99,84,418,352,54,474,97,244,447,164,448,178,351,132,211,254,371,5,372,280,241,306,342,10,114,348,108,58,469,101,187,420,120,361,303,397,198,320,189,125,396,384,242,83,429,80,44,117,16,15,182,32,455,240,518,411,357,92,514,268,245,158,286,534,403,81,31,439,253,24,491,314,273,166,88,223,274,349,194,162,258,238,149,259,520,350,294,417,74,478,401,113,72,213,243,525,321,165,502,200,124,300,37,293,175,109,530,177,515,487,134,376,123,151,346,119,404,237,157,173,26,193,457,367,508,102,87,467,287,465,436,95,354,463,297,446,270,304,61,89,299,183,324,316,386,2,460,230,22,249,526,466,435,370,35,364,309,208,17,79,425,278,493,57,377,203,500,468,476,412,90,424,168,313,262,338,323,470,498,106,308,428,512,302,336,427,347,116,209,48,39,112,471,413,231,458,535,449,451,355,176,441,503,169,41,255,144,437,143,479,233,232,46,523,481,265,393,65,327,195,43,333,145,438,56,107,29,501,362,153,40,118,288,197,91,444,85,409,186,310,379,283,461,8,130,11,331,34,263,172,511,315,374,150,408,536,23,215,406,373,239,337,360,221,111,104,266,267,179,477,180,100,492,235,64,135,291,261,391,296,196,519,527,207,9,4,311,452,20,415,103,422,136,246,73,344,496,381,47,486,521,161,482,93,42,142,191,356,390,382,281,126,410,398,236,152,185,170,68,70,188,277,212,204,319,12,45,472,419,279,229,504,269,224,51,141,473,432,147,218,383,276,28,3,284,121,86,127,516,359,330,131,105,488,528,532,375,431,317,407,497,399,264,380,505,257,322,464,510,484,138,247,318,201,156,345,490,60,489,174,353,506,260,202,216,199,405,365,290,53,298,426,433,272,326,368,148,128,94,25,421,163,533,387,137,21,59,388,115,248,285,389,38,205,329,339,400,312,234,110,275,524,82,129,423,454,434,358,494,341,190,155",5000,100
5,0,130683.01336799357,19.60053878244499,"171,194,274,155,349,149,238,343,27,282,181,6,292,159,98,184,480,137,34,263,387,333,141,70,448,428,308,204,212,90,94,143,255,144,437,326,17,79,425,183,324,268,2,16,240,518,357,304,411,182,117,44,429,80,83,158,286,403,336,302,338,488,399,264,505,380,43,310,145,283,11,130,267,291,391,261,104,107,56,438,461,8,224,504,489,342,306,10,209,116,512,298,284,121,3,276,383,424,427,498,106,469,113,321,165,200,502,66,214,122,140,378,227,453,358,494,335,133,442,388,21,62,52,524,275,312,36,522,459,67,129,256,434,445,289,401,234,454,423,250,313,163,25,269,150,476,412,500,468,188,419,279,102,87,63,402,529,366,210,222,33,395,77,328,385,13,517,340,139,392,367,350,213,243,72,525,394,359,516,490,345,464,510,142,191,527,9,196,207,519,215,23,482,486,47,247,484,138,408,118,29,153,362,501,281,382,390,356,410,221,360,523,420,187,101,164,132,254,371,5,372,241,280,322,351,317,431,472,45,12,319,277,128,203,452,85,506,405,199,449,535,347,262,421,22,230,15,249,466,526,460,386,32,455,124,376,175,64,266,135,296,288,91,197,444,218,147,195,327,235,492,100,180,477,536,398,152,185,374,432,473,232,233,51,103,415,20,208,57,493,216,260,148,368,290,365,53,377,433,426,272,393,265,481,41,533,409,186,46,68,170,28,407,497,246,136,201,318,84,443,58,418,355,451,93,42,381,496,458,231,244,471,178,447,114,348,108,99,105,131,330,375,532,112,413,229,174,60,257,211,323,470,39,48,97,474,54,352,61,92,364,370,35,309,245,120,491,314,24,299,89,534,31,81,436,297,354,463,125,189,320,242,384,396,435,95,465,456,160,416,509,513,75,19,285,389,38,248,115,252,483,154,50,14,225,228,167,450,307,305,400,339,49,96,190,69,334,271,301,414,325,478,259,520,109,530,134,55,515,487,30,146,71,462,404,119,346,123,157,287,467,237,151,193,258,531,76,219,332,18,59,110,220,293,300,475,205,397,439,253,273,166,521,161,528,344,73,422,315,511,373,406,4,331,379,126,127,40,239,479,353,202,278,303,361,37,173,26,176,495,7,192,363,198,223,88,74,341,82,499,294,417,162,251,440,78,430,329,508,168,86,485,507,156,65,169,441,503,111,337,172,179,236,311,270,446,514,316,369,226,295,206,457,177,217",5000,100
5,1,114660.64021440489,20.603075960958932,"530,177,109,487,134,376,159,340,139,517,98,184,480,140,122,214,66,171,416,160,475,220,513,75,19,205,38,389,285,248,252,483,219,332,430,18,358,494,335,133,7,363,192,453,495,442,154,50,30,423,454,312,234,110,82,524,275,129,62,67,522,459,256,251,78,440,14,531,307,450,305,295,226,456,369,509,124,321,165,502,200,63,27,343,87,102,508,33,395,210,222,258,162,194,349,274,155,467,287,465,157,237,119,404,176,420,101,187,469,120,53,298,272,426,433,17,79,425,278,493,57,377,203,128,170,68,70,28,276,383,127,51,224,269,504,174,489,60,163,421,25,313,168,338,323,470,498,106,308,428,512,302,336,427,347,357,411,518,240,268,514,92,270,304,61,397,198,320,16,242,83,117,44,429,80,35,309,364,183,324,316,2,386,22,249,526,466,460,230,15,182,32,455,189,125,396,384,370,435,152,185,398,236,207,9,196,519,527,536,23,215,406,373,239,337,360,221,111,261,296,263,34,172,511,315,374,408,126,281,390,356,382,311,452,20,415,103,422,136,246,497,431,317,407,73,344,496,381,47,486,521,161,482,142,191,93,42,107,56,438,379,283,145,137,333,43,327,195,8,461,130,11,331,46,233,232,277,188,500,468,476,412,94,424,90,447,244,97,474,54,352,10,342,306,114,348,108,58,99,84,418,5,371,254,178,211,351,132,399,264,505,380,322,257,488,528,375,532,516,359,345,490,464,510,484,138,247,318,201,156,131,105,330,372,280,241,262,279,419,45,12,319,212,204,216,148,368,326,208,437,144,41,255,169,265,481,523,29,153,362,501,91,444,218,147,197,288,410,85,40,118,310,186,409,479,143,472,121,3,284,86,432,473,141,235,492,100,180,477,64,135,291,266,391,267,179,65,393,533,387,503,441,365,290,405,199,260,353,506,202,471,413,231,458,39,112,48,209,116,443,394,507,485,217,250,289,325,334,271,301,414,499,113,401,478,350,294,417,74,88,31,273,166,491,314,158,245,24,253,439,81,403,534,286,37,300,293,457,193,151,123,175,392,55,515,13,292,385,328,77,6,181,282,402,366,529,238,149,259,520,367,223,297,463,354,446,89,299,303,361,95,436,378,227,69,190,341,96,49,36,400,76,21,388,115,225,228,167,71,146,445,339,329,525,213,243,72,173,26,346,355,451,535,449,59,434,462,104,150,4,229,164,448,206,52",5000,100
5,2,110607.12297490859,20.62643879403963,"480,140,214,66,171,238,258,162,194,349,274,155,467,287,465,95,436,297,463,354,446,270,304,61,397,198,44,429,80,189,320,16,384,242,83,117,455,32,182,460,15,249,526,466,435,370,35,309,364,183,324,316,386,2,230,22,396,125,518,240,411,357,92,514,268,245,286,534,89,299,403,24,253,439,314,491,273,166,223,88,520,259,149,6,181,282,210,222,395,33,508,102,87,385,292,328,77,159,376,109,530,177,123,175,457,26,193,151,173,157,237,119,404,355,451,535,449,420,101,469,120,53,368,148,216,260,199,405,365,290,519,527,536,23,215,406,373,239,337,360,221,111,104,266,391,261,296,263,34,172,511,315,374,150,4,196,207,152,185,398,236,410,126,281,390,356,382,311,452,20,415,103,269,224,141,51,473,432,218,147,444,91,197,288,118,153,362,501,29,85,409,186,310,145,438,56,107,40,233,232,128,203,500,468,476,412,94,424,90,277,188,68,170,70,28,276,383,284,3,121,86,127,472,45,12,319,212,204,313,168,421,25,163,60,489,174,504,229,279,419,431,317,407,497,246,73,344,496,381,47,486,521,484,138,247,318,201,156,394,507,485,217,250,289,325,96,49,36,52,62,67,522,459,256,251,78,440,14,531,462,71,167,228,225,445,146,30,423,454,312,234,110,453,495,442,154,50,494,358,335,133,7,363,192,341,190,69,334,271,301,414,499,205,38,389,285,248,252,430,18,59,21,388,115,332,483,219,402,366,529,346,517,340,139,392,55,475,160,416,509,369,456,226,76,322,488,528,375,532,516,490,345,330,359,347,413,471,112,48,39,209,116,512,302,336,427,54,474,97,447,244,371,5,372,280,241,342,306,114,348,108,58,418,352,10,443,105,131,257,505,380,264,399,132,351,211,254,178,448,164,470,323,498,106,308,428,262,338,377,57,493,278,425,79,17,326,208,437,143,479,46,533,387,393,265,481,523,144,41,255,169,235,492,100,180,477,179,267,291,135,64,130,11,461,8,333,43,195,327,65,433,426,272,441,503,331,283,379,408,161,422,136,142,93,42,191,353,506,202,298,303,361,81,31,367,37,293,300,294,417,74,478,350,502,165,321,525,213,243,72,113,401,329,339,400,82,524,275,129,434,27,343,63,13,184,98,200,122,124,220,75,19,513,134,487,515,84,99,510,464,482,9,137,231,458,187,176,295,206,305,307,450,227,378,158",5000,100
5,3,108501.5135198426,20.863786721779007,"146,445,225,228,167,71,462,332,76,430,18,358,494,50,154,442,495,453,192,363,7,133,335,30,423,454,312,234,110,275,524,82,129,62,67,522,459,256,251,440,14,78,434,59,21,388,115,252,483,219,307,305,295,206,217,250,485,507,394,443,99,84,355,451,448,178,254,371,5,372,241,280,211,351,132,399,264,505,380,322,488,528,532,375,516,345,490,464,510,484,138,247,318,201,156,131,330,359,344,496,381,47,486,521,482,161,422,136,246,73,497,431,317,407,338,168,313,163,421,25,60,489,262,424,90,94,412,476,500,468,188,204,212,319,12,45,472,419,279,229,504,174,103,415,20,452,311,382,356,390,281,126,410,398,236,152,185,207,9,196,519,527,536,23,215,406,373,239,337,360,221,111,104,266,391,261,296,263,34,172,511,315,374,408,40,153,362,501,29,85,444,91,197,288,118,438,145,137,333,43,327,65,393,265,481,523,144,41,255,326,208,437,143,479,232,233,46,409,186,310,8,461,130,11,331,379,283,56,107,426,433,17,79,425,278,493,57,377,203,128,70,68,170,28,3,284,121,86,127,141,51,224,269,470,323,498,106,308,428,512,302,336,427,347,116,48,39,112,471,458,231,97,474,54,352,10,342,306,114,348,108,58,418,469,120,53,298,368,148,216,260,199,405,365,290,413,420,101,187,176,237,119,404,346,173,26,193,151,123,530,177,515,487,134,376,159,340,139,517,98,184,480,140,214,122,502,165,321,525,213,243,72,113,401,74,478,350,294,417,66,171,238,258,162,194,349,274,155,467,287,465,95,436,297,463,354,446,270,304,61,397,198,44,117,429,80,83,242,384,396,125,189,320,16,249,22,370,435,35,309,364,245,158,286,24,253,439,314,491,273,166,81,31,88,223,259,520,385,292,13,63,343,27,282,210,395,33,508,102,87,367,37,300,457,175,109,392,55,475,160,416,509,389,285,248,456,226,369,75,19,513,205,38,301,414,499,289,329,96,49,36,400,339,334,271,69,190,341,227,378,220,124,328,77,6,181,402,366,529,149,222,200,230,460,2,316,324,183,386,15,526,466,240,518,411,357,92,514,268,32,455,182,89,299,403,534,218,147,432,473,276,383,277,202,353,506,150,4,93,42,142,191,492,235,64,135,291,267,179,477,100,180,503,441,272,169,387,533,195,164,447,244,209,449,535,257,105,157,361,303,531,450,325,52,293",5000,100
5,4,108217.23045668953,23.621670361293177,"530,177,515,487,134,376,159,340,139,517,98,184,480,140,529,366,402,181,6,282,210,395,33,508,102,87,367,37,293,300,457,193,151,123,175,109,392,55,475,160,416,509,369,456,226,38,205,525,213,243,72,113,401,74,478,350,294,417,66,171,238,258,162,194,349,274,155,467,287,465,95,436,297,463,354,446,270,304,61,397,198,44,117,429,80,83,242,384,396,125,189,320,16,518,240,386,316,2,230,460,182,32,455,268,514,92,357,411,324,183,309,364,245,158,286,534,89,299,403,81,31,88,223,259,520,149,222,200,502,165,321,124,220,513,75,19,378,21,59,388,115,252,483,219,332,76,430,18,133,335,358,494,50,30,423,454,312,234,110,453,495,442,154,146,445,225,228,167,71,462,450,307,305,295,206,217,250,485,507,156,394,443,99,84,418,352,10,342,306,114,348,108,58,131,330,359,516,490,345,510,464,138,484,247,318,201,375,532,344,496,381,47,486,521,482,161,422,136,246,73,497,431,317,407,338,132,351,211,254,371,5,372,280,241,447,244,448,178,164,470,323,498,106,308,428,512,302,336,427,347,116,209,48,39,112,471,413,420,187,101,469,120,176,237,119,404,346,173,26,157,361,303,531,251,78,440,14,256,129,275,524,82,52,62,67,522,459,434,36,400,339,329,96,49,325,334,271,301,414,499,289,363,192,341,227,69,190,122,214,13,292,385,63,343,27,328,77,285,389,248,7,22,249,526,466,15,435,370,35,491,314,24,253,439,273,166,272,426,433,17,79,425,278,493,57,377,143,437,144,41,255,326,208,503,441,169,265,481,523,46,233,232,128,70,170,68,28,276,383,284,3,121,86,127,51,224,269,504,174,489,60,163,421,25,313,168,262,279,419,229,472,45,12,319,212,204,188,277,468,500,203,353,506,202,216,148,368,290,365,405,199,479,533,387,195,43,327,65,393,492,100,180,477,179,267,291,135,64,8,461,130,11,331,379,438,145,137,333,310,409,186,85,444,91,197,288,126,410,398,236,185,152,207,9,196,4,150,374,408,118,153,362,501,29,107,56,40,218,147,432,473,141,415,103,20,452,311,382,356,390,281,142,191,93,42,536,23,215,406,373,239,337,360,221,111,104,266,391,261,296,263,34,172,511,315,519,527,235,283,476,412,94,424,90,298,53,260,105,488,528,505,380,264,399,257,322,451,535,449,458,231,97,474,54,355",5000,100
5,5,108162.7143297133,28.874151831541816,"87,102,508,33,395,210,222,258,162,194,349,274,155,467,287,465,95,436,297,463,354,446,270,304,61,397,198,44,117,320,189,125,396,16,384,242,83,429,80,491,314,24,253,439,81,31,88,223,259,520,350,294,417,66,171,238,149,293,300,457,193,151,346,119,404,237,157,173,26,367,37,513,75,19,205,38,389,285,248,456,226,369,509,160,416,475,220,124,321,525,213,243,72,113,401,74,478,339,329,96,49,36,52,62,67,522,459,256,129,275,524,82,400,434,312,234,110,453,495,442,154,50,30,423,454,494,358,335,133,7,363,192,341,190,69,334,271,301,414,499,289,325,440,14,531,445,225,228,167,71,462,450,307,305,295,206,217,250,485,507,156,394,443,99,84,418,352,10,342,306,114,348,108,58,131,330,359,516,490,345,510,464,138,484,247,318,201,375,532,344,496,381,47,486,521,482,161,422,415,103,20,452,311,382,356,390,281,126,410,398,236,185,152,207,9,196,519,527,536,23,215,406,373,239,337,360,221,111,104,266,391,261,296,263,34,172,511,315,374,408,150,4,379,283,461,8,235,492,100,180,477,179,267,291,135,64,130,11,331,327,195,43,333,145,310,186,409,46,233,232,479,143,437,144,41,255,326,17,79,425,278,493,57,377,203,128,70,170,68,28,276,383,472,45,12,319,212,204,188,277,279,419,229,504,174,489,60,163,421,25,313,168,262,90,94,424,412,476,468,500,506,202,353,336,427,347,116,209,48,39,112,471,413,420,187,101,469,120,176,451,535,449,458,231,97,474,54,244,447,448,178,254,371,5,372,280,241,322,488,528,505,380,264,399,257,164,470,323,498,106,308,428,512,302,338,132,351,211,169,265,481,523,393,65,433,426,272,441,503,290,365,405,199,260,216,148,368,53,298,208,387,533,137,438,56,107,40,118,153,362,501,29,85,444,91,197,288,147,218,432,473,141,51,224,269,431,317,407,497,246,73,136,142,191,93,42,86,127,121,284,3,27,343,63,13,385,292,328,77,159,340,139,517,98,184,480,140,122,214,529,366,402,181,6,282,175,109,487,134,376,392,55,515,177,530,123,483,219,332,76,430,18,115,388,21,59,378,227,146,252,502,165,200,230,460,182,32,455,268,514,92,357,411,518,240,386,316,324,183,309,364,35,370,435,526,466,249,22,2,15,273,166,403,534,89,299,286,158,245,361,303,355,105,78,251",5000,100
5,6,109422.63699543435,20.66518757050763,"177,109,487,134,376,159,340,139,517,98,184,480,140,122,214,66,171,238,258,162,194,349,274,155,467,287,465,95,436,297,463,354,446,270,304,61,397,198,44,117,429,80,83,242,384,396,16,24,253,439,314,491,273,166,81,31,88,223,259,520,350,294,417,74,478,339,400,36,52,62,67,522,459,256,251,440,14,531,450,307,305,295,206,217,250,485,507,156,394,443,99,84,418,352,10,342,306,114,348,108,58,131,330,359,516,490,345,510,464,138,484,247,318,201,105,488,528,375,532,344,496,381,47,486,521,482,161,422,415,103,20,452,311,382,356,390,281,126,410,398,236,152,185,207,9,196,519,527,536,23,215,406,373,239,337,360,221,111,104,266,391,261,296,263,34,172,511,315,374,408,150,4,379,283,461,130,11,331,56,107,40,153,362,501,29,85,444,91,197,288,118,310,409,186,137,533,387,393,65,327,195,43,333,145,438,147,218,432,473,141,51,224,269,504,174,489,60,163,421,25,313,168,262,279,419,229,472,45,12,319,212,204,188,277,500,468,476,412,94,424,90,202,353,506,260,216,148,368,53,298,433,426,272,441,503,100,180,477,179,267,291,135,64,235,492,169,265,481,523,144,41,255,326,208,17,79,425,278,493,57,377,203,128,70,170,68,28,284,3,121,86,127,383,276,232,233,479,143,437,498,106,308,428,512,302,336,427,347,116,209,48,39,112,471,413,420,187,101,469,120,176,237,119,404,346,173,26,193,151,123,530,175,293,300,37,457,367,508,102,87,33,395,210,222,200,502,165,321,525,213,243,72,113,401,289,325,190,341,192,363,7,133,335,358,494,50,30,423,454,312,434,78,228,167,71,462,332,76,430,18,59,378,227,69,334,271,301,414,499,205,38,389,285,248,252,483,219,146,445,225,75,19,513,220,124,392,55,475,160,416,509,369,456,226,115,388,21,77,328,292,385,63,343,27,282,181,6,529,366,402,149,303,361,157,129,275,524,82,110,234,453,495,442,154,286,534,89,299,403,245,158,309,364,35,370,435,526,466,249,22,230,460,182,32,455,268,514,92,357,411,518,240,386,316,324,183,189,320,125,15,2,93,42,191,142,322,505,380,264,399,257,5,372,280,241,447,244,97,474,54,231,458,449,535,451,355,73,246,136,470,323,164,448,178,211,254,371,338,132,351,407,431,317,497,46,8,199,405,365,290,329,96,49,515,13",5000,100
6,0,111786.21821829362,19.445221623600222,"180,100,492,235,65,393,169,265,481,523,144,41,255,326,208,17,79,425,278,493,57,377,500,476,128,203,202,353,506,412,90,424,94,28,284,3,121,86,127,432,473,141,51,224,269,504,229,419,279,472,45,12,319,212,204,277,188,468,216,260,199,405,365,290,148,368,53,298,426,433,272,441,503,477,179,267,266,104,221,111,360,337,239,373,406,215,527,519,196,9,185,152,398,236,410,311,452,161,482,486,47,521,381,496,344,73,246,136,422,415,103,20,382,390,356,281,126,150,374,315,511,172,263,34,296,261,391,291,135,64,8,461,11,130,283,331,379,438,56,107,310,186,409,85,444,91,197,288,40,118,153,362,501,29,137,333,145,43,327,195,533,387,46,233,232,479,143,437,464,510,484,138,247,485,507,318,201,156,394,443,99,84,418,352,10,280,241,105,131,330,345,490,516,359,375,532,528,488,322,257,505,264,380,399,407,317,431,497,147,218,26,173,404,119,346,151,123,193,457,237,157,465,287,467,274,155,349,194,162,258,238,149,171,366,529,402,222,282,210,395,33,367,87,102,508,72,113,401,74,478,350,520,259,417,294,66,214,122,200,502,165,321,124,220,75,19,513,205,38,389,285,248,462,450,307,305,295,206,217,250,120,88,31,81,403,299,89,534,286,158,245,364,309,35,370,435,526,466,15,460,182,32,455,268,514,92,357,411,518,240,2,386,316,324,183,230,22,249,396,384,242,83,16,117,44,429,80,198,189,320,125,314,491,24,253,439,273,166,397,61,304,270,446,463,297,354,95,436,361,303,181,6,27,63,385,292,13,77,328,159,340,139,517,98,184,480,140,343,376,487,109,175,293,37,300,177,515,134,55,392,475,160,416,509,369,456,226,219,483,332,76,18,59,21,388,115,430,252,251,78,440,14,531,225,228,167,71,129,67,522,459,256,312,434,454,423,442,154,50,494,358,335,133,7,363,192,453,495,110,234,275,524,82,52,62,36,400,339,329,96,49,301,414,499,289,325,334,69,190,227,378,525,213,243,97,474,54,458,231,112,471,413,347,427,512,302,336,428,308,106,498,470,323,351,211,178,448,254,371,5,372,447,244,39,48,209,116,420,187,101,469,176,451,535,449,383,276,170,70,68,313,168,163,421,25,60,489,174,132,338,262,4,23,536,408,207,42,93,191,142,530,164,114,348,108,58,355,342,306,271,341,146,30,445,223",5000,100
6,1,109920.65626487814,21.13003901446551,"109,175,376,487,134,55,392,340,139,517,184,98,480,140,214,122,502,165,321,124,220,513,75,19,475,160,416,509,369,456,226,219,483,332,76,430,18,59,388,115,248,285,389,38,205,525,213,243,72,113,401,74,478,350,520,259,349,274,155,194,162,258,238,171,66,417,294,402,181,6,282,210,395,222,343,27,63,385,292,13,328,77,159,293,37,300,457,193,26,173,346,119,404,237,157,33,508,87,102,367,287,467,465,95,436,297,354,463,446,270,304,61,397,198,189,320,125,396,384,242,83,16,117,44,429,80,455,32,230,460,182,15,22,249,526,466,435,370,35,309,183,324,316,386,2,240,411,357,92,514,268,534,286,158,245,364,314,491,273,166,24,253,439,81,403,89,299,227,378,21,110,234,312,434,454,423,442,495,453,192,363,7,133,335,494,358,154,50,30,445,146,167,228,225,71,450,307,305,531,462,252,251,78,440,14,256,129,67,522,459,62,52,275,524,82,400,339,329,96,49,36,499,289,325,334,271,301,414,69,190,341,506,260,216,199,405,365,290,148,368,53,298,278,425,79,17,326,208,437,144,41,255,169,265,481,523,479,143,46,233,232,128,203,377,57,493,441,503,272,426,433,374,408,315,511,172,135,64,235,180,100,492,387,533,137,333,145,438,56,107,40,118,153,362,501,29,409,310,186,379,331,283,461,8,43,195,327,65,393,399,380,505,264,211,254,448,178,164,447,244,97,474,54,231,458,471,413,347,427,512,302,336,428,308,106,498,470,323,351,132,338,168,163,421,25,60,489,174,504,229,419,279,262,313,424,90,94,412,476,468,500,188,277,204,212,319,12,45,472,276,383,28,3,284,121,86,127,432,473,141,51,224,269,497,317,431,407,136,246,73,344,496,381,47,486,521,161,482,42,93,191,142,236,398,152,185,207,9,196,519,527,536,23,215,406,373,239,337,360,221,111,104,266,391,291,267,179,477,311,281,126,410,356,382,390,288,197,91,444,147,218,296,261,150,4,452,20,103,415,422,138,484,510,464,490,345,330,131,105,348,108,58,99,84,418,352,10,342,306,114,443,394,485,507,156,201,318,247,250,217,206,295,123,151,355,451,535,449,101,187,420,469,120,176,31,88,223,529,366,149,200,530,177,515,209,116,48,39,112,371,5,372,280,241,257,322,488,528,375,532,359,516,68,170,70,34,263,130,11,353,202,85,361,303,518",5000,100
6,2,110057.22970992046,20.782833488253075,"421,25,60,489,174,407,431,317,497,246,73,344,496,381,47,486,484,138,247,482,521,161,452,20,415,103,422,136,472,276,383,121,284,3,28,68,170,70,128,203,377,57,493,278,425,79,17,326,208,437,144,41,255,169,265,481,523,479,143,46,233,232,409,310,186,145,137,333,43,195,327,65,393,533,387,8,461,130,11,331,379,283,64,477,180,100,492,235,503,441,272,426,433,298,53,368,148,216,260,202,353,506,412,476,468,500,188,277,204,212,319,12,45,419,279,262,313,168,163,338,399,380,264,505,257,322,488,528,375,532,359,516,490,345,330,131,105,306,114,348,108,58,99,84,418,352,10,342,241,280,372,5,371,254,211,178,164,448,447,244,97,474,54,458,231,112,471,413,347,427,302,336,512,116,209,48,39,106,498,470,323,351,132,141,51,224,269,504,229,90,424,94,428,308,176,404,119,346,237,157,465,287,467,274,223,88,31,81,403,534,286,158,245,364,309,183,324,316,386,2,230,460,182,32,455,268,514,92,357,411,518,240,320,189,125,396,384,242,83,16,117,44,429,80,198,397,303,361,270,304,61,446,463,297,436,95,354,466,435,22,249,526,15,314,491,24,253,439,273,166,417,294,350,520,259,149,171,66,529,366,402,181,6,27,343,63,385,292,13,328,77,159,376,134,487,109,175,123,530,177,515,55,475,160,416,509,369,456,226,219,483,332,76,430,252,388,115,18,59,363,7,133,335,494,358,154,50,30,445,146,167,228,225,71,462,450,307,305,295,206,217,250,485,507,318,201,156,464,510,93,42,142,191,311,356,382,390,281,126,410,152,185,398,236,207,9,196,519,527,536,23,215,406,373,239,337,360,221,111,104,266,391,261,296,34,263,172,511,315,374,150,408,118,153,362,501,29,85,444,147,218,432,473,197,288,91,40,107,56,438,449,535,451,355,443,394,86,127,187,101,469,120,87,102,508,33,395,222,258,238,392,340,139,517,98,184,480,140,214,122,502,165,321,124,220,513,75,19,38,389,285,248,414,499,289,325,334,271,301,378,227,69,190,341,192,453,110,234,312,434,454,423,442,495,82,524,275,522,459,256,251,78,440,14,531,299,89,35,370,155,349,194,162,210,282,74,478,339,329,96,49,36,400,129,67,62,52,213,243,72,113,401,21,205,525,200,457,300,37,293,367,26,173,193,151,420,365,290,199,405,267,291,135,179,4",5000,100
6,3,108337.63796931223,22.26692021692146,"530,177,515,55,392,340,139,517,98,184,480,140,214,122,502,165,321,124,220,513,75,19,38,389,285,248,115,18,430,76,332,483,219,252,388,21,59,378,227,69,334,271,301,414,499,289,325,96,49,36,400,339,329,401,113,72,213,243,525,205,151,193,26,173,157,465,287,467,274,155,349,194,162,258,238,171,66,417,294,350,520,259,149,395,210,222,27,343,63,385,292,13,328,77,159,376,134,487,109,175,293,37,300,457,123,119,404,237,346,176,451,535,449,101,187,420,469,120,303,361,270,304,61,397,198,189,320,125,396,384,242,83,16,117,44,429,80,455,268,514,92,357,411,518,240,2,386,316,324,183,309,364,35,370,435,22,249,526,466,15,460,230,182,32,245,158,286,534,89,299,403,354,463,297,436,95,446,31,81,439,253,24,491,314,273,166,88,223,257,322,488,528,375,532,105,131,330,359,516,490,345,464,510,484,138,247,482,521,47,486,381,496,344,73,246,136,422,415,103,269,504,229,419,279,262,313,168,163,421,25,60,489,174,407,431,317,497,161,452,20,311,191,142,93,42,236,398,152,185,207,9,196,519,527,536,23,215,406,373,239,337,360,221,111,104,266,391,261,296,34,263,172,511,315,374,150,408,379,331,333,43,195,327,65,393,265,481,523,479,143,437,144,41,255,169,533,387,137,186,409,85,444,147,218,432,473,141,51,224,127,86,233,232,46,310,145,438,56,107,40,118,153,362,501,29,91,197,288,390,356,382,281,126,410,11,130,283,461,8,64,235,180,100,492,503,441,272,426,433,17,326,208,57,493,278,425,79,298,53,368,216,260,202,353,506,412,94,90,424,277,188,204,212,319,12,45,472,276,383,121,284,3,28,68,170,70,128,203,377,500,468,476,148,199,405,365,290,352,10,342,306,114,348,108,58,99,84,418,394,443,355,52,62,67,522,459,256,129,275,524,82,341,190,475,160,416,509,369,456,226,462,71,167,228,225,445,146,30,50,154,442,495,453,110,234,312,434,454,423,78,440,14,531,450,307,305,295,206,217,250,485,507,156,201,318,280,241,254,371,5,372,447,244,97,474,54,458,231,112,471,413,347,427,302,336,512,116,209,48,39,106,498,470,323,351,132,338,399,380,264,505,211,178,448,164,428,308,179,477,135,291,267,4,181,282,6,402,366,529,87,102,508,367,74,478,192,363,7,133,335,494,358,251,33,200",5000,100
6,4,110223.20167001532,20.295025808368866,"87,102,508,367,37,300,457,193,26,173,157,465,287,467,274,155,349,194,162,258,238,171,66,417,294,350,520,259,149,395,33,222,27,343,63,13,292,385,328,77,159,340,139,517,98,184,480,140,214,122,502,165,321,124,220,513,75,19,38,389,285,248,115,18,430,76,332,483,219,252,388,21,59,363,7,133,335,494,358,154,50,30,423,454,434,312,234,110,453,192,341,190,69,334,271,301,414,499,289,325,96,49,36,400,339,329,401,113,72,213,243,525,205,509,369,456,226,206,217,250,485,507,156,201,318,138,484,510,464,490,345,330,131,105,348,108,58,99,84,418,352,10,306,342,114,443,394,355,451,535,449,101,187,420,469,120,303,361,61,397,198,189,320,125,396,384,242,83,16,117,44,429,80,455,268,514,92,357,411,518,240,2,230,460,182,32,15,249,526,466,435,22,370,35,309,364,314,491,273,166,81,31,403,354,463,297,436,95,446,270,304,286,158,245,299,89,534,24,253,439,440,14,531,450,307,305,295,71,167,228,225,445,146,62,67,522,459,256,251,78,129,275,524,82,52,442,495,227,378,392,376,134,487,109,530,177,515,55,475,160,416,427,302,336,512,116,209,48,39,112,471,413,347,308,428,498,470,323,351,132,338,399,380,505,264,211,254,371,5,372,280,241,447,244,97,474,54,458,231,57,493,216,260,202,353,506,412,94,90,424,60,489,174,504,229,419,279,472,45,12,319,212,204,188,277,262,313,168,163,421,25,317,431,407,497,246,73,344,496,381,47,486,521,161,422,136,103,415,20,452,191,142,93,42,236,398,152,185,207,9,196,519,527,536,23,215,406,373,239,337,360,221,111,104,266,391,261,296,34,263,172,511,315,374,150,126,410,311,356,382,390,281,362,153,40,118,288,197,91,147,218,432,473,141,51,224,269,53,368,148,199,405,365,290,208,437,143,479,233,232,46,137,333,145,438,56,107,310,186,409,85,444,501,29,379,283,461,8,43,195,327,65,393,265,481,523,533,387,3,284,121,86,127,28,68,170,70,128,203,377,500,468,476,178,448,164,322,488,528,375,532,359,516,257,106,433,426,272,441,503,492,235,180,100,477,179,267,291,135,64,130,11,331,326,17,79,425,278,298,383,276,144,41,255,169,237,346,119,404,176,151,123,366,529,402,181,6,282,210,478,74,200,293,175,223,88,386,316,324,183,408,4,482,247,462",5000,100
6,5,109973.934363231,21.00300378042278,"257,322,488,528,375,532,359,516,490,345,330,131,105,348,108,58,99,84,418,352,10,342,306,114,443,394,355,451,535,449,101,187,420,469,120,303,361,270,304,61,397,198,189,320,125,396,384,242,83,16,117,44,429,80,455,268,514,92,357,411,518,240,2,386,316,324,183,309,364,35,370,435,22,249,526,466,15,460,230,182,32,245,158,286,534,89,299,446,463,297,436,95,465,287,467,274,155,349,194,162,258,238,171,366,529,402,181,6,282,210,395,33,508,87,102,27,343,63,385,292,13,328,77,159,340,139,517,98,184,480,140,214,122,502,165,321,124,220,513,75,19,475,160,416,509,369,456,226,219,252,483,332,76,430,18,59,21,388,115,248,285,389,38,205,213,243,72,113,401,74,478,350,520,259,223,88,31,81,403,354,439,24,253,491,314,273,166,417,294,289,325,334,271,301,414,499,200,525,154,50,30,454,423,442,495,453,110,234,312,434,251,78,440,14,531,450,307,305,295,206,217,250,485,507,156,201,318,247,482,521,47,486,484,138,161,422,415,103,269,504,229,419,279,262,313,168,163,421,25,60,489,174,407,431,317,497,246,73,344,496,381,136,197,147,218,432,473,141,51,224,127,383,276,28,68,170,70,128,203,377,57,493,278,425,79,17,326,208,437,144,41,255,169,265,481,523,533,387,8,43,195,327,65,393,492,235,64,135,291,267,179,477,180,100,503,441,272,426,433,298,53,368,148,199,405,365,290,216,260,202,353,506,412,476,468,500,188,277,204,212,319,12,45,472,3,284,121,86,233,232,479,143,46,310,186,409,85,444,91,362,501,29,153,40,118,288,390,356,382,281,126,410,311,452,20,4,196,519,527,536,23,215,406,373,239,337,360,221,111,104,266,391,261,296,34,263,172,511,315,374,150,408,379,438,56,107,331,130,11,283,461,333,137,145,236,398,185,152,207,9,351,132,264,505,380,399,211,254,371,5,372,280,241,447,244,97,474,54,458,231,112,39,48,209,116,512,302,336,427,347,308,428,498,470,323,106,164,448,178,338,94,90,424,191,142,93,42,129,67,522,459,62,52,275,524,82,49,36,400,339,329,96,341,190,69,227,378,392,55,515,134,487,109,530,177,175,376,26,173,193,151,123,119,404,176,237,346,157,457,367,37,300,293,494,358,335,133,7,363,192,222,66,149,225,228,167,71,462,146,445,256,413,471,510,464",5000,100
6,6,108709.64246646361,22.1347061290522,"193,26,173,157,465,287,467,274,155,349,194,162,258,238,171,66,214,122,502,165,321,124,220,513,75,19,38,389,285,248,115,388,378,227,69,190,341,192,363,7,133,335,494,358,18,59,21,205,525,213,243,72,113,401,74,478,350,520,259,149,395,33,508,102,87,222,210,282,181,6,140,480,63,385,292,13,328,77,159,340,139,517,98,200,293,300,457,151,123,530,177,515,55,392,134,487,109,175,376,367,37,119,404,237,346,176,451,535,449,458,231,97,474,54,244,447,164,448,178,211,254,371,5,372,280,241,342,306,114,348,108,58,99,84,418,352,10,105,131,330,156,345,490,464,510,484,138,247,482,521,47,486,381,496,344,73,246,136,422,415,103,20,452,311,356,382,390,281,126,410,152,185,207,9,196,519,527,536,23,215,406,373,239,337,360,221,111,104,266,391,261,291,267,179,477,180,100,492,235,65,393,265,481,523,533,387,137,333,145,438,56,107,40,118,153,362,501,29,85,444,91,147,218,432,473,141,51,224,269,504,229,419,279,262,313,168,163,421,25,60,489,174,407,431,317,497,161,201,318,485,507,443,394,355,132,338,399,380,505,264,257,322,488,528,375,532,359,516,428,308,106,498,470,323,351,41,255,169,272,426,433,17,326,208,437,143,479,233,232,28,276,383,284,3,121,86,127,197,288,408,374,315,511,172,263,34,331,379,283,461,130,11,64,135,296,116,209,48,39,112,471,413,347,427,302,336,512,424,277,204,212,319,12,45,472,128,203,377,57,493,278,425,79,298,53,365,290,405,199,148,368,216,260,202,353,506,412,476,468,500,188,170,68,70,191,142,93,42,236,398,4,186,409,310,503,441,150,144,46,94,90,101,187,420,469,120,303,361,270,304,61,397,198,189,320,125,396,384,242,83,16,117,44,429,80,455,32,182,460,230,22,249,526,466,15,2,386,316,324,183,309,364,35,370,435,245,158,286,534,89,299,403,354,463,297,446,357,411,518,240,268,514,92,253,439,24,491,314,273,166,81,31,88,223,529,402,366,417,294,289,325,96,49,36,400,339,329,271,301,414,499,27,343,184,475,160,416,509,369,456,226,219,252,430,76,332,483,462,71,167,228,225,445,146,30,50,154,442,495,453,110,234,312,434,454,423,78,440,14,531,251,256,129,67,522,459,62,52,275,524,82,450,307,305,295,206,217,250,436,95,334,195,327,43,8",5000,100
6,7,109765.79139652944,21.21101412430358,"457,300,37,293,175,109,487,134,376,159,340,139,517,98,184,480,140,214,122,200,502,165,321,124,220,513,19,38,389,285,248,115,18,388,21,59,363,7,133,335,494,358,154,442,495,453,192,341,190,69,334,271,301,414,499,289,325,96,49,36,400,339,329,401,74,478,350,520,259,223,274,155,349,194,162,258,238,171,66,529,366,402,181,6,27,343,63,385,292,13,328,77,33,395,222,210,282,287,467,465,436,95,354,463,297,446,270,304,61,397,198,189,320,125,396,384,242,83,16,117,44,429,80,455,268,514,92,357,411,518,240,2,386,316,324,183,309,364,35,370,435,526,466,15,460,182,32,230,22,249,462,71,167,228,225,445,146,30,50,423,454,434,312,234,110,14,531,450,307,305,295,206,217,250,485,507,156,345,490,464,510,484,138,247,482,521,47,486,381,496,344,73,246,136,422,415,103,269,504,229,419,279,262,313,168,163,421,25,60,489,174,407,317,431,497,161,452,20,311,356,382,390,281,126,410,152,185,398,236,207,9,196,519,527,536,23,215,406,373,239,337,360,221,111,104,266,391,261,296,34,263,172,511,315,374,150,408,118,153,362,501,29,85,444,147,218,432,473,141,51,224,127,86,121,284,3,28,276,383,12,319,212,204,188,277,476,468,500,203,128,70,68,170,90,424,94,412,338,399,380,505,264,211,254,371,5,372,280,241,447,244,97,474,54,458,231,112,471,413,347,427,302,336,512,116,209,48,39,106,498,470,323,351,132,178,448,164,322,257,516,359,375,532,528,488,105,131,330,306,342,114,348,108,58,99,84,418,352,10,451,535,449,101,187,420,469,120,303,361,273,166,491,314,253,439,24,158,245,299,89,534,286,403,81,31,88,417,294,367,508,102,87,157,237,346,119,404,176,151,193,26,173,123,530,177,515,55,392,475,160,416,509,369,456,226,219,483,332,76,430,252,251,78,440,378,227,82,52,62,67,522,459,256,129,275,524,205,525,213,243,72,113,387,533,137,333,43,195,327,65,393,265,481,523,479,143,437,144,41,255,169,492,235,180,100,503,441,272,426,433,17,326,208,57,493,278,425,79,298,53,365,290,405,199,148,368,216,260,202,353,506,377,46,233,232,409,310,186,145,438,56,107,40,288,197,91,64,135,291,267,179,477,283,461,8,130,11,331,379,4,191,142,93,42,201,318,443,355,45,472,308,428,394,75,149",5000,100
6,8,108889.47948573418,21.66503604539057,"175,376,134,487,109,530,177,515,55,392,340,139,517,184,480,140,214,122,502,165,321,124,220,513,75,19,38,389,285,248,115,388,21,59,363,7,133,335,494,358,154,442,495,453,110,234,312,434,454,423,30,50,129,67,522,459,62,52,275,524,82,49,36,400,339,329,401,113,72,213,243,525,200,98,77,159,13,385,292,238,366,529,402,181,282,210,395,33,508,102,87,300,37,293,328,63,343,27,6,222,258,162,194,349,274,155,467,287,465,436,95,354,463,297,446,270,304,61,397,303,361,411,518,240,268,514,92,357,89,299,403,534,286,158,245,364,35,370,435,22,249,526,466,15,460,182,32,455,2,386,316,324,183,309,125,396,384,242,83,429,80,44,117,16,189,320,198,230,314,491,24,253,439,273,166,81,31,88,223,259,520,350,294,417,66,74,478,160,416,509,369,456,226,219,252,483,332,76,430,18,378,227,69,334,271,301,414,499,289,325,96,341,190,78,440,14,531,450,307,305,295,206,217,250,485,507,156,345,464,510,484,138,247,482,521,47,486,381,496,344,73,246,136,422,415,103,20,382,390,356,281,126,410,311,191,142,93,42,236,398,185,152,207,9,196,519,527,536,23,215,406,373,239,337,360,221,111,104,266,391,261,296,135,291,267,179,477,180,100,492,235,65,393,265,481,523,46,233,232,479,143,437,144,41,255,169,272,426,433,17,326,208,57,493,278,425,79,298,53,368,148,199,405,365,290,216,260,202,353,506,48,39,112,471,413,347,427,302,336,428,308,106,498,470,323,351,132,338,399,380,264,505,257,322,488,528,375,532,359,516,490,443,394,355,451,535,449,101,187,420,469,120,176,237,346,119,404,123,151,193,26,173,157,457,367,212,319,12,45,472,276,383,121,284,3,28,68,70,170,204,188,277,90,424,60,489,174,504,229,419,279,262,313,168,163,421,25,317,431,407,497,161,452,127,197,288,91,444,147,218,432,473,141,51,224,269,254,371,5,372,280,241,342,306,114,348,108,58,99,84,418,352,10,105,131,330,128,203,377,500,468,476,412,94,97,474,54,458,231,447,244,164,448,178,211,512,116,209,374,150,408,118,153,362,501,29,85,409,310,186,137,387,533,43,195,327,8,130,11,331,145,438,56,107,40,379,283,461,333,4,315,511,172,263,34,64,441,503,149,171,205,192,251,256,445,146,167,228,225,71,462,201,318,86,475",5000,100
6,9,108256.47038127396,25.557481336403065,"212,319,12,45,472,277,188,204,170,70,68,28,3,284,121,86,127,51,224,269,504,229,419,279,262,313,168,163,421,25,338,399,380,264,505,257,322,488,528,375,532,359,516,490,345,330,131,105,348,108,58,99,84,418,352,10,342,306,114,443,394,485,507,318,201,156,464,510,484,138,247,482,521,47,486,381,496,344,73,246,136,422,161,452,20,415,103,317,431,497,407,5,371,254,211,178,448,164,447,244,97,474,54,458,231,112,471,413,347,427,302,336,512,116,209,48,39,106,498,470,323,351,132,283,461,8,43,195,327,65,393,265,481,523,533,387,137,333,145,438,56,107,310,186,409,85,444,147,218,432,473,141,236,398,185,152,207,9,196,519,527,536,23,215,406,373,239,337,360,221,111,104,266,391,261,296,34,263,172,511,315,374,150,408,118,153,362,501,29,40,379,331,130,11,64,477,180,100,492,235,503,441,272,426,433,298,53,368,148,199,405,365,290,208,57,493,278,425,79,17,326,437,144,41,255,169,506,412,476,468,500,203,377,353,202,260,216,308,428,420,187,101,469,120,303,361,270,304,61,397,198,189,320,125,396,384,242,83,16,117,44,429,80,455,268,514,92,357,411,518,240,2,386,316,324,183,309,364,35,370,435,22,249,526,466,15,460,182,32,230,314,273,166,491,24,253,439,81,31,88,223,274,155,349,194,162,258,238,171,66,529,402,210,395,33,508,102,87,222,343,27,6,181,282,366,149,200,502,165,321,124,220,513,75,19,38,205,525,72,213,243,122,140,214,77,328,159,340,139,517,98,184,480,63,385,292,13,294,417,478,350,520,259,467,287,465,436,95,354,463,297,446,299,89,534,286,158,245,119,404,176,237,346,151,193,26,173,157,175,376,134,487,109,530,177,515,55,392,475,416,160,509,369,456,226,219,252,483,332,76,430,18,358,494,335,133,7,363,192,341,190,69,334,271,301,414,499,289,325,96,49,36,400,339,329,401,74,403,293,37,300,457,367,113,21,59,378,227,389,285,248,115,388,524,82,52,62,67,522,459,256,251,78,440,14,531,450,307,305,295,206,217,250,267,179,135,291,4,191,142,93,42,311,356,382,390,281,126,410,288,197,91,233,232,128,46,94,90,424,60,489,174,383,276,143,479,451,535,449,241,280,372,355,434,312,234,110,453,495,442,154,50,30,423,454,129,275,445,146,167,228,225,71,462,123",5000,100
7,0,125613.70877534083,19.634335236554506,"474,97,178,428,174,308,498,106,209,116,48,164,448,351,132,211,254,505,264,380,281,356,390,107,56,379,438,197,432,91,29,310,186,409,145,100,492,235,180,477,130,11,358,494,335,133,7,495,442,154,50,30,76,228,225,445,196,482,422,415,103,322,488,412,476,188,319,12,472,45,419,279,212,204,68,170,70,28,276,383,40,46,501,153,362,118,374,150,519,527,215,479,143,437,144,523,65,393,533,387,331,34,263,172,236,152,398,410,382,126,20,288,121,284,3,86,185,207,9,4,23,511,315,536,473,218,147,127,399,5,371,257,131,330,345,420,187,101,208,326,17,425,278,493,58,108,348,114,306,342,10,141,51,224,269,504,229,489,481,265,169,255,41,202,353,506,57,283,333,137,327,43,195,426,433,272,441,503,64,296,337,360,221,111,239,373,406,291,135,461,534,92,268,32,182,15,22,460,230,2,386,354,446,463,95,436,297,465,293,480,181,402,366,529,502,200,517,340,139,98,184,71,462,146,252,369,454,423,434,78,440,14,220,416,160,456,226,217,8,42,93,191,142,201,318,464,510,496,344,246,73,497,431,317,407,60,421,313,168,521,47,486,528,532,375,516,359,244,372,302,336,427,512,471,413,54,458,231,277,128,203,377,500,468,39,323,470,262,163,25,338,105,94,90,424,347,112,449,535,280,241,447,490,79,216,148,365,290,368,405,199,469,376,77,328,159,499,113,401,243,213,165,210,395,222,282,87,102,33,27,343,63,122,149,258,162,194,349,274,155,223,166,273,364,309,316,324,435,370,35,491,314,245,89,299,44,117,80,429,83,242,384,396,125,518,240,411,357,183,189,320,455,514,198,397,61,270,294,417,74,289,325,334,69,271,301,414,96,329,524,275,256,251,67,62,522,459,52,234,110,453,192,341,363,227,378,21,59,49,36,190,205,38,285,389,385,292,13,515,55,24,81,361,303,304,31,508,467,6,140,530,475,513,75,19,72,214,238,171,66,259,520,350,478,367,37,300,457,404,119,346,173,26,193,151,352,418,451,355,99,84,206,295,483,219,388,430,18,115,248,332,450,307,305,175,109,487,134,392,124,321,509,531,167,525,129,312,120,233,232,85,444,452,311,381,136,247,484,138,177,287,253,439,158,286,16,88,526,466,249,157,237,123,176,403,53,298,260,391,261,104,408,179,267,266,161,485,507,394,443,250,156,82,400,339",5000,100
7,1,126402.71221500494,19.28769143624597,"469,101,187,288,91,444,130,11,262,174,489,68,70,170,28,383,276,284,3,121,86,197,333,64,492,180,100,169,41,255,144,533,387,137,186,310,409,353,278,393,128,203,90,424,94,163,421,25,106,498,470,323,207,9,196,4,23,215,374,150,461,104,266,391,261,221,360,337,406,373,239,377,57,208,43,327,195,8,145,379,511,172,311,452,20,473,126,153,362,40,118,501,29,438,56,107,279,419,229,51,224,269,415,382,356,390,281,135,291,179,519,527,536,410,398,236,191,142,93,42,344,496,482,247,318,464,138,484,468,476,412,351,418,58,108,114,348,112,39,48,209,116,427,336,302,283,331,263,34,296,290,365,405,199,257,254,211,448,178,164,5,371,264,380,505,447,372,45,319,12,472,512,232,233,46,481,265,479,437,143,523,65,425,493,313,168,60,504,141,127,147,218,432,272,426,433,326,17,79,422,103,500,260,216,148,368,53,477,235,441,503,202,506,315,185,152,488,532,528,399,132,338,474,97,54,161,381,277,188,497,317,431,407,458,231,449,535,451,352,10,306,342,490,345,359,516,73,246,136,486,47,521,375,280,241,347,298,403,219,483,332,430,18,110,234,78,256,129,312,376,517,480,140,395,222,210,282,181,6,343,27,63,184,98,139,340,77,328,37,366,529,258,238,171,213,243,72,522,67,62,52,55,134,487,109,530,177,160,416,414,301,334,69,227,285,389,38,305,450,307,413,471,428,308,192,341,190,87,102,66,149,162,274,349,81,436,95,297,463,446,354,119,404,346,193,26,173,19,75,513,259,520,294,417,96,49,82,524,275,133,335,358,494,7,495,30,154,50,454,423,33,508,367,122,214,76,146,225,228,167,71,462,434,363,453,442,321,525,113,329,36,401,74,478,115,499,325,271,59,248,120,111,408,212,204,244,105,322,443,394,156,485,507,201,510,456,226,369,220,475,386,316,324,183,35,309,364,514,92,198,397,61,270,304,411,357,518,240,32,182,15,230,460,125,80,429,83,242,384,396,117,44,189,320,268,253,439,24,491,314,273,166,466,526,249,22,455,2,435,370,16,245,158,286,534,89,299,385,292,13,159,88,99,84,355,131,330,151,123,457,293,300,175,205,289,388,21,378,14,440,251,392,124,200,502,165,515,31,467,287,465,445,223,402,155,194,350,400,339,252,531,295,206,176,237,157,303,361,459,509,250,217,420,85,267",5000,100
7,2,116436.71197584251,20.177637189137535,"346,119,404,176,237,173,26,193,151,123,530,177,333,137,310,409,29,501,362,153,118,40,126,281,356,390,382,413,471,231,458,535,449,451,352,418,58,108,348,114,306,342,10,244,447,372,257,322,488,528,532,375,516,359,490,345,138,484,318,201,156,152,185,398,236,368,148,405,199,365,290,224,51,127,86,121,284,3,276,383,472,45,12,319,212,204,68,170,70,128,203,437,143,479,233,232,46,523,481,265,393,65,327,195,43,533,387,8,461,130,11,331,379,283,145,186,107,56,438,147,218,432,473,496,344,73,497,246,136,422,415,103,141,278,493,57,377,500,476,412,94,90,424,510,464,482,161,381,47,486,521,261,34,263,172,511,315,374,150,207,9,196,519,527,536,23,215,406,373,239,337,360,221,111,104,266,391,291,267,179,477,180,100,492,235,64,135,296,255,41,144,433,426,17,79,425,326,208,323,470,498,106,308,428,512,279,419,229,489,504,174,60,262,313,168,25,421,163,338,241,280,5,448,254,371,164,178,211,351,132,264,380,505,399,39,48,209,116,347,336,302,427,506,353,202,260,216,367,37,300,457,325,301,414,21,388,115,248,285,389,38,82,524,275,256,110,234,442,495,453,129,67,522,459,251,440,14,78,434,454,423,154,50,494,358,335,133,7,363,192,341,190,69,271,334,165,502,200,366,529,402,210,395,33,508,102,87,282,181,6,140,480,184,517,340,139,159,376,293,27,343,63,385,292,13,98,515,314,491,24,253,439,273,166,81,31,403,286,158,245,183,324,35,370,435,466,526,249,22,230,182,32,455,2,386,316,460,15,396,16,189,320,198,397,61,304,270,446,463,354,95,436,465,467,287,155,274,349,223,88,478,350,294,417,66,214,122,238,258,149,171,113,72,213,243,525,321,124,220,19,75,513,416,160,509,475,55,392,134,487,109,175,259,520,228,225,167,71,307,450,462,146,445,312,30,76,430,18,378,227,59,531,305,295,206,369,456,226,252,483,219,332,96,329,339,400,36,52,62,49,117,44,80,429,240,518,411,357,92,514,268,125,242,83,384,534,89,299,162,194,157,77,328,20,452,311,410,288,197,91,444,85,269,277,188,468,503,441,272,298,53,120,469,443,394,131,105,330,99,84,355,507,485,54,474,97,112,407,431,317,28,42,93,191,142,247,408,169,303,361,297,364,309,74,401,289,499,205,101,420,187,4,250,217,222",5000,100
7,3,118001.49682387947,19.679410354053612,"312,234,110,453,363,59,21,388,115,252,483,219,332,76,430,18,154,50,30,335,133,7,495,442,423,454,434,251,78,256,275,524,82,325,289,499,96,49,36,400,339,329,401,113,294,417,181,282,210,222,258,162,149,155,274,349,194,236,152,398,185,207,9,40,118,153,362,501,29,85,444,147,218,432,473,141,51,224,269,431,317,497,246,136,422,415,103,504,229,419,279,284,3,383,276,28,70,506,353,202,260,216,148,368,278,425,79,17,326,208,377,57,493,365,290,405,199,347,427,302,336,116,209,48,39,112,471,413,231,458,474,54,535,449,101,187,420,469,120,53,298,375,532,344,486,47,521,482,161,359,131,105,490,345,330,156,201,318,138,484,464,510,280,241,342,306,114,348,108,58,99,84,355,451,477,180,100,503,441,272,426,433,523,481,265,169,255,41,144,437,143,479,233,232,128,203,500,188,277,472,45,12,319,212,204,68,170,239,373,406,215,23,536,315,511,172,34,263,311,452,20,509,416,160,55,392,124,220,513,75,19,205,38,389,285,109,530,33,395,102,508,367,37,300,293,328,77,517,340,139,159,376,98,184,480,243,213,72,525,321,165,502,200,122,214,66,171,238,402,529,366,6,140,87,343,27,63,385,292,13,487,134,515,177,10,352,418,308,428,498,106,512,410,126,281,356,390,382,288,4,196,519,527,379,283,461,8,11,130,331,145,492,235,65,195,327,43,533,387,393,46,409,186,310,107,56,438,333,137,179,267,135,261,391,132,351,211,178,448,164,447,372,257,322,488,528,380,264,399,338,25,421,163,168,313,262,60,489,174,244,97,121,86,127,197,91,374,408,150,64,291,266,104,111,221,360,337,296,316,386,2,455,125,396,384,242,44,117,16,320,189,92,514,268,240,518,411,357,89,299,534,439,253,24,491,314,273,166,81,31,88,223,90,424,94,412,476,468,73,496,381,157,404,119,457,151,193,26,173,346,176,237,175,123,52,62,67,459,522,129,14,440,531,445,225,228,167,71,450,307,305,462,146,494,358,192,341,190,69,271,334,301,414,350,520,259,478,74,435,526,466,249,22,230,460,182,15,32,324,183,309,364,35,370,270,61,304,361,303,429,83,80,403,286,158,245,436,95,354,297,463,446,287,467,465,254,371,5,505,323,470,93,142,191,42,247,485,507,394,443,516,206,295,456,369,226,248,378,227,217,250,397,198,407,475",5000,100
7,4,111267.6365315462,20.313485236395803,"124,321,525,213,243,72,113,401,74,478,350,520,259,149,238,258,162,194,349,155,274,223,88,439,253,24,491,314,245,309,364,35,370,435,526,466,249,22,230,460,182,32,455,2,386,316,324,183,514,268,240,518,411,357,92,304,61,397,198,320,189,125,396,384,242,83,429,80,44,117,16,15,166,273,81,31,467,287,157,436,95,354,446,463,297,465,296,263,34,11,331,379,283,145,186,310,409,85,444,91,147,218,432,473,141,51,224,269,504,229,419,279,262,313,168,25,421,163,60,489,174,317,431,407,497,246,73,344,496,381,47,486,359,516,375,532,528,488,322,257,505,380,264,399,132,351,211,254,371,5,372,280,241,342,306,114,348,108,58,418,84,99,355,451,535,449,231,458,54,474,97,244,447,323,470,498,106,308,428,512,302,336,427,347,116,209,48,39,112,471,413,101,187,420,469,120,53,298,17,326,208,437,143,479,233,232,46,523,169,41,255,144,481,265,393,65,327,195,43,333,8,461,130,64,135,267,179,477,180,100,492,235,387,533,137,29,501,362,153,118,40,107,56,438,408,374,315,511,172,261,391,291,104,266,111,221,360,337,239,373,406,215,4,196,519,527,536,23,161,422,415,103,20,452,311,398,236,150,410,185,152,207,9,464,510,484,138,247,318,201,156,443,394,485,507,18,430,76,30,50,154,442,495,453,192,363,7,133,335,358,494,228,167,71,462,450,307,305,295,206,217,250,131,105,345,490,330,352,10,202,260,216,148,368,365,290,405,199,493,57,377,203,128,68,170,70,204,212,319,12,45,472,276,383,121,284,3,28,127,86,288,197,382,356,390,281,126,142,191,93,42,482,521,425,79,433,426,272,441,503,277,188,468,500,476,412,94,90,424,338,448,178,164,160,416,509,334,271,301,414,499,289,325,96,49,36,52,67,522,459,256,251,440,14,78,434,312,234,110,129,275,82,524,62,454,423,445,225,146,219,252,483,332,115,388,21,59,378,227,69,190,341,19,513,75,220,55,392,376,175,457,193,26,173,346,119,404,237,176,361,303,299,403,534,89,286,158,134,487,109,530,123,177,515,385,292,13,328,77,159,340,139,517,184,98,200,502,165,122,214,66,171,529,181,6,282,210,395,222,402,366,343,27,63,87,102,508,367,33,293,37,300,151,456,226,248,285,389,38,205,475,140,480,417,294,329,339,400,531,270,278,353,506,136,369",5000,100
7,5,113056.72540432838,20.18303097230505,"11,130,461,8,235,180,100,492,51,141,473,432,218,147,91,501,362,153,118,40,29,107,56,438,379,283,145,333,137,387,533,195,327,43,65,393,265,169,41,255,144,437,143,479,233,232,46,523,481,272,426,433,326,208,57,493,278,425,79,17,277,212,204,68,170,70,128,203,377,121,3,284,86,127,28,276,383,472,45,12,319,199,405,365,290,359,516,510,464,484,138,486,47,381,496,344,73,497,317,431,407,421,25,163,489,174,504,269,224,229,419,279,262,313,168,338,470,323,498,106,308,428,512,302,336,427,116,48,39,112,471,413,113,401,74,478,294,417,66,171,149,162,194,33,508,367,157,465,436,95,354,463,446,270,304,61,397,198,320,189,125,396,15,460,182,32,455,2,386,316,324,183,309,364,35,370,435,22,230,249,526,466,314,491,166,273,253,24,439,245,158,286,534,89,299,403,81,31,467,287,155,274,349,395,222,210,282,181,6,27,343,63,385,292,13,77,328,293,37,300,457,193,26,173,151,123,530,177,515,487,134,55,392,124,220,513,75,19,205,38,389,285,248,430,18,76,335,358,494,133,7,495,453,110,234,312,434,454,423,442,154,50,30,146,445,228,225,167,71,462,450,307,305,295,206,388,115,21,59,378,227,69,334,325,96,49,400,36,52,62,67,522,459,129,275,524,82,341,190,271,301,414,499,289,329,339,223,88,520,259,350,525,213,243,72,165,502,200,122,214,140,480,184,98,517,340,139,159,376,175,109,321,416,160,509,475,219,483,332,252,14,78,440,251,256,363,192,399,380,505,257,322,488,528,375,532,288,197,382,356,390,281,126,410,150,374,315,511,172,34,263,296,261,391,291,266,104,111,221,360,337,239,373,406,215,23,536,527,519,9,196,4,408,207,152,398,236,311,452,20,161,422,415,103,136,246,64,477,179,267,135,331,310,186,409,85,444,60,448,178,254,371,5,372,280,241,342,306,114,348,108,58,99,84,418,352,10,244,447,353,202,260,216,148,368,53,298,361,303,238,258,529,402,366,87,102,226,456,369,500,468,476,412,94,424,90,351,211,443,394,485,507,156,330,131,105,345,490,164,264,231,458,54,474,97,347,132,209,506,188,42,142,191,93,521,482,247,318,201,119,404,346,237,176,469,120,187,101,420,449,535,451,355,441,503,384,242,83,16,117,44,429,80,240,518,411,357,92,514,268,297,250,217,531,185",5000,100
7,6,109781.51913525842,21.486263079786276,"151,123,530,177,515,487,134,55,392,124,321,525,213,243,72,113,401,74,478,350,520,259,149,171,366,529,214,122,140,480,184,98,517,340,139,159,77,328,292,385,13,63,27,343,6,282,181,402,222,210,395,33,508,102,87,37,300,293,175,109,376,475,416,160,509,369,456,226,252,483,219,332,76,430,18,335,133,7,495,442,154,50,30,423,454,434,312,234,110,453,192,363,59,378,21,388,115,248,285,389,38,205,513,75,19,220,294,417,66,499,289,325,96,49,36,52,62,67,522,459,256,251,78,440,14,531,445,225,228,167,71,462,450,307,305,295,206,217,250,485,507,156,201,318,247,138,484,510,464,490,345,516,359,330,131,105,348,114,306,342,10,352,418,58,108,99,84,355,451,535,449,231,458,474,54,97,244,447,448,164,178,132,351,211,254,371,5,372,257,322,488,528,532,375,431,317,497,246,136,422,415,103,20,141,51,224,269,504,489,174,60,262,313,168,25,421,163,407,399,380,264,505,323,470,498,106,308,428,512,302,336,427,347,116,209,48,39,112,471,413,420,187,101,469,120,361,303,397,198,320,189,125,396,384,242,83,429,80,44,117,16,15,460,230,22,249,526,466,435,370,35,309,364,491,314,273,166,81,31,89,299,403,534,286,158,245,240,518,411,357,92,514,268,316,386,2,182,32,455,24,253,439,88,223,274,155,194,162,258,238,367,467,287,465,436,95,354,463,297,446,270,304,61,521,47,486,381,496,344,73,161,452,311,398,236,207,152,185,196,9,527,519,150,374,315,511,172,263,34,296,261,391,291,135,64,331,130,11,461,8,43,327,65,393,265,169,255,41,144,481,523,479,233,232,46,137,333,283,379,438,56,107,29,501,362,153,40,118,408,4,406,215,23,536,266,104,111,221,360,337,239,373,310,409,186,147,218,432,473,197,288,444,91,85,86,127,121,284,3,28,276,383,472,12,319,212,204,68,170,70,128,203,377,57,493,278,425,79,17,326,208,437,143,148,368,365,290,405,199,53,298,426,433,272,441,503,492,100,180,477,179,267,533,387,145,281,356,382,390,126,410,42,93,142,191,482,277,188,500,468,476,412,94,90,424,338,241,280,443,394,45,419,279,229,260,216,202,353,506,193,26,173,346,119,404,176,237,157,457,414,301,334,271,69,227,341,190,329,339,400,524,275,82,494,358,146,129,324,183,165,502,200,349,235,195",5000,100
7,7,106801.43388004487,35.84653102948837,"109,487,134,55,392,124,321,165,502,200,122,140,480,184,98,517,340,139,159,328,77,13,292,385,63,343,27,87,508,102,367,37,300,457,193,151,173,26,157,237,346,119,404,176,355,84,99,443,394,156,330,131,105,418,58,108,348,114,306,342,10,241,280,372,257,505,264,399,380,371,5,448,164,447,244,97,474,54,458,231,471,413,420,187,101,469,120,361,303,397,198,320,189,125,396,384,242,83,429,80,44,117,16,15,230,460,182,32,455,2,386,316,324,183,309,364,35,370,435,526,466,249,22,514,268,240,518,411,357,92,245,158,286,534,89,299,403,81,31,88,223,274,155,194,349,529,181,6,282,210,395,222,258,238,171,366,402,436,95,354,463,297,465,467,287,149,259,520,350,294,417,74,478,401,113,72,525,213,243,214,66,499,301,414,271,69,334,325,96,49,36,52,62,67,522,459,256,251,440,14,78,434,312,234,110,453,495,442,154,50,30,423,454,494,358,335,133,7,363,192,341,190,227,378,21,388,115,252,430,76,146,445,225,228,167,71,462,450,307,305,295,206,217,250,485,507,201,318,138,484,510,464,490,345,516,359,528,532,375,488,322,323,470,498,106,308,428,512,302,336,427,347,116,209,48,39,112,449,535,451,352,135,291,267,179,477,180,100,503,441,272,426,433,79,17,326,208,437,143,479,233,232,46,523,481,265,169,255,41,144,393,533,387,333,137,145,283,379,438,56,107,29,501,362,153,118,40,408,374,315,511,172,263,34,296,261,391,266,104,111,221,360,337,239,373,406,215,23,536,527,519,9,196,4,150,410,126,281,356,382,390,288,197,91,444,85,409,186,310,43,195,327,65,191,142,93,42,482,161,452,311,398,236,185,152,207,28,276,383,121,284,3,68,170,70,128,203,377,57,493,278,425,298,53,368,365,290,405,199,260,216,148,90,424,94,412,202,353,506,476,468,500,188,277,212,204,45,472,12,319,419,279,262,313,168,25,421,163,60,489,174,504,229,224,269,51,141,20,103,415,422,136,246,497,317,431,407,338,132,351,211,178,254,127,86,218,147,432,473,496,381,47,486,521,247,73,344,130,11,331,64,8,461,492,235,175,123,530,177,515,376,475,160,416,509,369,456,226,248,285,389,38,205,19,75,513,220,400,339,329,289,524,275,82,129,18,59,531,483,219,332,293,162,33,491,314,24,253,439,166,273,304,61,270,446",5000,100
7,8,109985.91205689995,20.718143160866898,"246,136,422,415,103,20,452,311,410,126,281,356,382,390,288,197,147,218,432,473,141,51,224,269,504,229,419,279,45,472,12,319,212,204,68,170,70,128,203,377,57,493,278,425,79,17,326,208,437,143,479,233,232,46,523,481,265,169,255,41,144,393,65,327,195,43,333,137,387,533,310,186,409,85,444,91,501,362,153,118,40,107,29,145,438,56,379,331,283,461,130,11,172,263,34,296,261,391,291,135,64,8,235,492,100,180,477,179,267,266,104,111,221,360,337,239,373,406,215,23,536,527,519,9,196,4,408,374,315,511,398,236,185,152,207,150,191,142,93,42,482,161,381,47,486,521,484,138,247,318,201,344,73,497,317,431,407,399,380,264,505,257,322,488,528,532,375,516,359,490,345,330,131,105,348,114,306,342,10,241,280,372,5,371,254,211,178,448,164,447,244,97,474,54,458,231,471,413,101,187,420,469,120,361,303,397,198,320,189,125,396,384,242,83,429,80,44,117,16,15,460,230,22,249,526,466,435,370,35,309,364,245,158,286,534,89,299,403,81,31,88,223,520,259,149,238,258,222,210,395,33,508,367,37,300,457,123,530,177,515,487,134,55,392,124,321,165,502,200,122,214,140,480,184,98,517,340,139,159,77,328,292,13,63,343,27,87,102,282,181,6,402,366,529,171,66,417,294,350,157,237,346,119,404,176,355,84,99,443,394,156,507,485,217,250,113,401,74,478,339,400,36,52,62,67,522,459,256,115,388,21,59,378,227,69,334,271,301,414,499,289,325,96,49,341,190,329,275,82,524,129,312,234,110,453,495,442,154,50,30,423,454,434,78,440,14,531,167,228,225,445,146,76,430,18,335,358,494,133,7,363,192,151,193,26,173,451,535,449,352,418,58,108,512,302,336,427,347,116,209,48,39,112,323,470,498,106,308,428,351,132,338,25,421,163,60,489,174,262,313,168,277,188,500,468,476,412,94,90,424,202,353,506,260,216,148,368,365,290,405,199,53,298,426,433,272,441,503,86,121,284,3,28,276,383,127,510,464,496,155,274,349,194,162,293,376,175,109,369,456,226,252,483,219,332,462,450,307,305,295,206,416,160,475,220,513,75,19,205,38,389,285,248,71,251,270,304,61,446,463,297,354,95,436,465,467,287,166,273,491,314,24,439,253,92,514,268,240,518,411,357,455,2,386,316,324,183,182,32,72,525,213,243,385,509",5000,100
7,9,107448.32922981682,23.827604563384565,"217,250,485,507,156,330,131,105,348,114,306,342,10,241,280,372,5,371,254,211,351,132,399,380,264,505,257,322,488,528,532,375,516,359,490,345,464,510,484,138,247,318,201,344,73,246,136,422,415,103,20,452,311,410,126,281,356,382,390,288,197,147,218,432,473,141,51,224,269,504,229,419,279,262,313,168,25,421,163,60,489,174,317,431,407,497,496,381,47,486,521,482,161,191,142,93,42,185,152,398,236,207,9,196,519,527,536,23,215,406,373,239,337,360,221,111,104,266,267,179,477,180,100,492,235,65,327,195,43,333,137,387,533,272,441,503,298,53,368,148,216,202,353,506,260,199,405,365,290,498,106,308,428,512,302,336,427,347,116,209,48,39,112,471,413,420,187,101,469,120,361,303,397,198,320,189,125,396,384,242,83,429,80,44,117,16,15,230,460,182,32,455,2,386,316,324,183,309,364,35,370,435,526,466,249,22,514,268,240,518,411,357,92,245,158,286,534,89,299,403,81,31,467,287,155,274,349,529,366,402,181,6,282,210,395,222,258,238,171,149,293,175,109,487,134,55,392,124,220,513,75,19,205,38,389,285,248,115,388,21,59,378,227,69,334,271,301,414,499,289,325,190,341,192,363,495,442,154,50,30,423,454,434,312,234,110,453,129,275,524,82,329,339,400,36,52,62,67,522,459,256,251,78,440,14,531,167,71,462,450,307,305,295,206,369,456,226,252,483,219,332,76,430,18,335,133,7,358,494,525,213,243,72,113,401,74,478,350,294,417,66,214,122,140,480,184,98,517,340,139,159,376,475,160,416,509,515,177,530,123,151,193,26,173,157,465,436,95,354,463,297,446,270,304,61,314,491,24,253,439,166,273,88,223,520,259,63,385,292,13,328,77,37,300,457,102,87,508,367,33,162,194,321,165,502,200,443,394,84,418,58,108,99,355,451,535,449,231,458,54,474,97,244,447,448,164,178,323,470,338,94,90,424,412,476,468,500,188,277,212,204,28,276,383,284,3,121,86,127,85,409,186,310,145,283,331,11,130,461,8,64,135,291,391,261,296,34,263,172,511,315,374,150,118,40,107,29,501,362,153,56,438,379,408,4,57,493,278,425,79,17,326,208,437,143,479,233,232,46,523,481,265,169,255,41,144,393,91,444,170,70,68,128,203,377,45,472,12,319,426,433,352,176,237,346,119,404,228,225,445,146,27,343,96,49",5000,100
7,10,107701.11164983285,21.58355803208227,"369,456,226,252,483,219,332,76,430,18,335,358,494,133,7,363,192,341,190,69,334,271,301,414,499,289,329,339,400,524,275,129,312,234,110,453,495,442,154,50,30,423,454,434,78,440,14,531,445,225,228,167,71,462,450,307,305,295,206,217,250,485,507,156,201,318,247,138,484,510,464,490,345,330,131,105,348,114,306,342,10,241,280,372,5,371,254,211,178,448,164,447,244,97,474,54,458,231,471,413,101,187,420,469,120,361,303,397,198,320,189,125,396,384,242,83,429,80,44,117,16,15,230,460,182,32,455,2,386,316,324,183,309,364,35,370,435,526,466,357,411,518,240,268,514,92,245,158,286,534,89,299,403,81,31,467,287,155,274,349,194,162,258,238,171,366,529,140,480,184,98,517,340,139,159,77,328,292,13,385,63,343,27,87,102,508,367,37,300,293,175,109,376,475,160,416,509,515,487,134,55,392,124,220,513,75,19,205,38,389,285,248,115,388,21,59,378,227,82,62,67,522,459,256,251,146,325,96,49,36,52,193,26,173,151,123,530,177,119,404,176,237,346,443,394,521,482,161,191,142,93,42,185,152,398,236,207,9,196,4,150,91,444,85,409,186,310,145,438,56,107,29,501,362,153,118,40,408,374,315,511,172,263,34,296,261,391,266,104,111,221,360,337,239,373,406,215,23,536,527,519,68,170,70,128,203,377,57,493,278,425,79,17,326,208,437,143,479,233,232,46,86,127,121,284,3,28,276,383,472,12,319,212,204,188,277,229,419,279,262,313,168,25,421,163,60,489,174,504,269,224,51,141,473,432,218,147,20,452,311,410,126,281,390,382,356,288,197,387,533,137,333,283,379,331,8,461,130,11,64,477,180,100,492,235,65,393,265,169,255,41,144,481,523,260,216,148,368,365,290,405,199,53,298,426,433,272,441,503,291,135,267,179,246,136,422,415,103,497,317,431,407,399,380,264,505,257,322,488,528,532,375,516,359,486,47,381,496,344,73,90,424,94,412,476,468,500,506,202,353,39,112,48,209,116,512,302,336,427,347,498,106,308,428,351,132,323,470,338,535,449,451,355,84,418,58,108,99,352,61,314,491,24,253,439,166,273,88,223,417,294,350,520,259,149,181,6,282,210,395,222,33,157,465,436,95,354,463,297,446,270,304,249,22,243,72,113,401,74,478,122,214,66,402,457,200,165,502,213,525,321,195,327,43,45",5000,100
7,11,109462.08452240645,21.546263157080762,"429,80,44,117,16,15,460,182,32,455,2,386,316,324,183,309,364,35,370,253,439,24,491,273,166,314,245,158,286,534,89,299,403,81,31,88,223,274,349,194,162,258,238,171,66,214,122,140,480,184,98,517,340,139,159,77,328,292,13,385,63,343,27,87,102,508,33,395,222,210,282,181,6,402,366,529,200,165,502,321,525,213,243,72,113,401,74,478,350,294,417,423,454,434,312,234,110,453,495,442,154,50,30,146,445,225,228,167,71,462,450,307,305,295,206,217,250,485,507,156,201,318,247,138,484,510,464,490,345,330,131,105,348,114,10,241,280,372,5,371,254,211,178,448,164,447,244,97,474,54,458,231,471,413,420,187,101,469,120,361,303,397,198,320,189,125,396,384,242,83,26,173,151,193,157,465,436,95,354,463,297,446,270,304,61,357,92,514,268,240,518,411,176,237,346,119,404,355,451,535,449,352,418,58,108,99,84,443,394,496,381,47,486,521,482,161,422,415,103,20,452,311,410,126,281,356,390,382,288,197,147,218,432,473,141,51,224,269,504,229,419,279,45,472,12,319,212,204,68,170,70,128,203,377,57,493,278,425,79,17,326,208,437,143,479,233,232,46,409,85,444,91,501,362,153,118,40,107,29,145,333,137,387,533,195,327,43,65,393,265,169,255,41,144,481,523,310,186,438,56,379,331,283,461,130,11,64,477,179,267,266,104,111,221,360,337,239,373,406,215,23,536,527,519,9,196,4,150,398,236,185,152,207,28,276,383,121,284,3,127,86,315,511,172,263,34,296,261,391,291,135,180,100,492,235,441,503,272,426,433,298,53,368,365,290,405,199,260,216,148,336,427,347,116,209,48,39,112,323,470,338,25,421,163,60,489,174,317,431,407,497,246,136,73,344,528,532,375,516,359,476,468,500,188,277,168,313,262,94,90,424,412,202,353,506,408,374,8,399,380,264,505,257,322,488,512,302,428,308,106,498,351,132,342,306,220,513,75,19,205,38,389,285,248,115,388,21,59,378,227,69,334,271,301,414,499,289,325,96,49,36,52,62,67,522,459,256,251,78,440,14,531,129,275,524,82,341,190,329,339,400,494,358,335,133,7,363,192,18,76,430,252,483,219,332,369,456,226,134,55,392,124,376,175,109,487,530,177,515,416,160,475,509,457,123,37,300,293,367,467,287,155,149,259,520,249,526,466,435,22,230,191,142,93,42",5000,100
8,0,108550.87389133558,21.65932057568874,"343,27,63,385,292,13,184,98,517,340,139,392,55,475,160,416,509,369,456,226,248,285,389,38,205,513,75,19,220,124,321,165,200,502,525,213,243,72,113,401,74,478,294,417,350,520,259,149,238,171,66,214,122,140,480,300,37,293,328,77,159,376,134,487,109,530,177,515,157,465,436,95,354,463,297,446,270,304,61,397,198,189,320,125,396,15,182,32,455,249,526,466,435,370,35,364,309,183,324,316,2,386,460,230,22,518,240,411,357,92,514,268,44,80,429,83,384,242,16,117,94,90,424,277,188,204,212,319,12,45,472,383,276,28,3,284,121,86,127,85,444,91,197,147,218,432,473,141,51,269,504,174,60,489,103,415,20,452,311,410,152,185,398,236,9,196,4,406,373,239,337,360,111,283,379,331,263,34,172,511,315,374,408,150,207,191,142,93,42,482,161,422,496,344,73,246,136,497,317,431,407,163,421,25,313,168,262,279,419,229,224,232,233,128,203,500,468,476,412,353,506,202,260,216,148,368,53,298,433,426,272,441,503,492,235,180,100,327,195,43,333,145,186,310,409,46,533,387,137,523,481,265,169,65,393,390,356,382,281,126,288,118,153,362,501,29,56,107,438,101,187,420,469,120,176,237,119,404,346,151,123,26,173,193,457,175,367,508,87,102,33,222,210,395,194,162,258,402,366,529,6,282,181,287,467,31,81,439,24,253,314,491,273,166,158,286,534,89,299,403,303,361,471,413,449,535,451,355,84,99,58,108,348,114,306,342,10,241,280,372,5,371,254,211,351,178,448,164,447,244,112,39,48,209,116,512,302,336,427,347,106,308,428,498,470,323,132,399,380,505,264,257,322,488,528,375,532,516,345,330,131,105,359,490,464,510,484,138,247,318,201,156,394,443,418,352,54,474,97,458,231,70,170,68,143,437,144,41,255,326,208,17,79,425,278,493,57,377,479,64,477,179,267,266,104,391,261,296,11,130,461,8,40,527,519,536,23,215,221,291,135,507,485,250,217,206,295,305,307,450,71,462,332,483,219,252,115,388,18,335,133,7,363,192,341,190,69,334,271,301,414,499,289,325,96,49,36,52,62,67,522,459,256,129,312,234,110,453,495,442,154,50,30,146,445,225,167,228,59,21,378,227,524,82,275,400,339,329,76,430,358,494,14,531,440,78,251,434,423,454,155,349,274,223,88,245,486,47,521,381,338,405,199,365,290",5000,100
8,1,112296.08951107273,20.192466209207268,"521,47,486,381,496,344,246,136,422,415,103,20,452,311,410,126,281,356,382,390,288,362,153,40,118,197,147,218,432,473,141,51,269,224,504,174,489,60,163,421,25,168,313,262,279,419,45,472,12,319,212,204,68,70,170,121,284,3,28,276,383,479,143,437,144,41,255,326,208,17,79,425,278,493,57,377,203,128,353,202,506,500,468,476,412,90,424,94,277,188,169,265,481,523,46,533,387,137,186,310,409,85,444,91,501,29,56,107,438,379,331,461,8,64,135,291,267,179,477,180,100,492,235,65,327,195,43,333,145,283,130,11,296,34,263,172,511,315,374,408,150,207,152,185,398,236,9,196,4,519,527,536,23,215,406,373,239,337,360,221,111,104,266,391,261,364,309,183,324,316,386,2,460,230,249,22,435,370,35,466,526,15,396,384,242,83,117,44,80,429,182,32,455,268,514,92,357,411,518,240,198,397,61,304,270,446,354,403,534,286,158,245,314,491,273,166,439,253,24,465,436,95,297,463,299,89,81,31,467,287,155,349,274,223,259,520,350,294,417,66,243,72,113,401,74,478,329,339,400,49,36,52,62,67,522,459,256,251,440,14,531,228,225,445,146,30,50,154,442,495,453,192,341,190,69,227,21,388,18,430,76,358,494,335,133,7,363,59,378,285,248,389,38,205,513,19,75,220,475,509,369,456,226,159,340,139,517,98,184,480,140,214,122,502,165,200,525,213,499,289,325,96,301,414,271,334,6,181,282,210,395,33,87,102,508,367,293,37,300,457,193,151,123,530,177,515,487,134,55,392,376,175,109,77,328,292,13,385,63,27,343,366,402,238,171,149,162,258,222,529,194,160,416,252,332,483,219,462,71,167,78,454,434,312,234,110,129,275,524,82,58,418,352,54,474,97,244,447,164,448,178,211,254,371,5,372,280,241,342,306,10,114,348,108,464,510,484,138,247,318,201,156,330,131,105,359,516,345,490,375,532,528,488,322,257,505,264,380,399,338,106,498,470,323,132,351,308,428,512,427,347,48,39,112,471,413,420,187,101,469,120,290,365,405,199,148,368,53,298,433,426,272,441,503,233,232,127,86,229,407,497,317,431,73,482,161,42,142,191,93,449,535,458,231,116,209,302,336,99,84,355,451,443,394,485,507,250,217,206,295,305,307,450,115,189,320,125,16,303,361,157,237,346,119,404,176,26,173,88,321,124,423,393,260,216",5000,100
8,2,113785.3079651645,19.486315244006562,"213,243,72,113,401,74,478,350,294,417,66,214,122,140,480,200,502,165,321,124,220,513,75,19,205,525,184,98,517,340,139,392,55,515,487,134,109,175,293,37,300,457,193,151,26,173,346,119,404,176,449,535,451,352,54,474,97,244,447,280,241,342,306,114,348,108,58,418,99,84,355,443,394,485,507,156,330,131,105,359,516,345,490,464,510,484,138,247,318,201,279,419,229,504,174,60,489,262,313,168,421,25,163,338,399,380,264,505,257,322,488,528,375,532,344,73,246,136,422,415,103,20,452,311,410,126,281,356,382,390,150,374,408,511,315,536,527,519,207,185,398,236,9,196,4,215,23,337,360,221,111,104,266,391,261,135,291,267,179,477,180,100,492,235,65,327,195,43,333,145,438,56,107,29,501,362,153,40,118,288,197,91,147,218,432,473,141,51,383,276,28,3,284,121,86,127,85,444,481,523,144,437,143,479,232,233,46,409,186,310,331,263,34,283,130,11,461,8,64,387,533,393,265,169,41,255,326,208,17,79,425,278,493,57,377,203,500,468,170,68,70,204,212,319,12,45,472,277,188,128,353,202,506,260,216,148,368,53,298,433,426,272,441,503,137,172,296,142,191,93,42,482,161,496,381,47,486,521,152,238,171,149,162,258,102,87,508,367,77,328,292,13,385,63,27,343,395,222,210,282,181,6,402,366,529,194,349,274,155,287,467,95,465,436,297,463,354,403,534,89,299,92,514,268,240,518,411,357,61,304,270,446,364,309,183,324,316,386,2,460,230,22,249,526,466,15,182,32,455,125,396,384,242,83,117,44,80,429,16,320,189,198,397,245,158,24,253,439,81,31,88,223,259,520,308,106,498,470,323,132,351,254,211,371,5,372,10,39,112,471,413,420,187,101,469,120,290,365,405,199,90,424,94,412,476,269,224,497,317,431,407,209,48,347,116,512,302,336,427,428,164,448,178,462,332,483,219,252,115,388,21,59,378,227,190,69,334,271,301,414,499,289,325,96,49,36,52,62,67,522,459,256,129,275,524,82,329,339,400,38,389,285,248,456,226,369,509,416,160,475,123,530,177,442,495,453,192,363,7,133,335,358,494,50,154,30,423,454,434,312,234,110,18,430,76,146,445,78,440,14,531,228,225,167,71,307,450,305,295,206,217,250,239,373,406,379,231,458,376,159,361,303,237,157,435,370,35,491,314,273,166,286,33,341,251",5000,100
8,3,108519.61854811378,22.57142053445708,"296,34,263,172,511,315,374,536,23,215,406,373,239,337,360,111,221,291,135,267,179,477,64,8,43,333,145,137,186,409,85,444,91,501,29,56,107,40,153,362,288,197,473,432,218,147,415,103,20,452,161,422,136,246,73,497,317,431,407,163,421,25,168,313,262,279,229,489,60,174,504,269,224,51,141,372,5,371,254,211,351,178,448,164,447,244,97,474,54,458,231,39,112,471,413,347,116,209,48,428,308,106,498,470,323,132,399,264,380,505,257,322,488,528,375,532,344,496,381,47,486,521,138,484,510,464,490,345,330,131,105,359,516,10,306,342,280,241,512,302,336,427,412,90,424,94,506,202,260,216,148,368,53,298,425,278,493,57,377,203,500,468,476,188,204,212,319,12,45,472,419,277,128,170,68,70,121,284,3,276,383,28,86,127,143,437,144,41,255,326,208,17,79,433,426,272,441,503,100,180,235,492,169,265,481,523,479,233,232,46,533,387,195,327,65,393,283,379,331,11,130,461,382,281,126,410,152,185,398,236,9,196,4,519,527,150,207,191,142,93,42,482,247,318,201,156,507,394,485,250,217,206,295,305,307,450,71,462,332,483,219,252,76,18,30,423,454,434,312,234,110,453,495,442,154,50,494,358,335,133,7,363,192,341,190,69,334,271,301,414,499,289,325,96,49,36,400,339,329,401,74,478,294,417,66,214,122,140,529,402,181,282,210,395,222,258,238,171,149,259,520,350,223,88,31,81,439,24,253,273,166,158,286,534,89,299,403,463,297,436,95,354,446,357,240,518,411,268,514,92,370,435,35,364,309,183,324,316,22,249,526,466,15,182,32,455,125,189,320,16,384,396,2,386,460,230,491,314,245,361,303,397,198,80,429,117,44,242,83,61,304,270,173,26,193,151,346,119,404,176,237,157,457,300,37,293,328,77,159,376,175,123,530,177,109,487,134,55,515,124,220,513,75,19,205,525,213,243,72,113,227,378,59,21,388,115,430,248,285,389,38,475,160,416,509,369,456,226,228,225,167,146,445,78,251,440,14,531,459,256,129,275,524,82,62,67,522,52,194,349,274,155,287,467,465,385,292,13,343,27,63,184,98,517,340,139,392,502,165,321,200,480,508,102,87,33,367,6,366,162,443,58,108,348,114,352,418,84,99,355,451,449,535,187,101,469,120,290,365,405,199,353,118,408,310,438,261,391,266,104,390,356,311,338,420",5000,100
8,4,109963.04687132846,20.242770510010935,"119,404,176,237,346,151,123,530,177,515,487,134,55,392,139,340,517,98,184,480,140,529,366,402,181,282,210,395,222,258,238,171,149,162,194,349,274,155,287,467,465,436,95,354,463,297,446,270,361,303,397,198,518,240,411,357,92,514,268,455,32,182,460,230,22,249,526,466,15,396,384,242,83,117,44,80,429,16,125,189,320,2,386,316,324,183,309,364,35,370,435,245,158,286,534,89,299,403,81,31,88,223,259,520,350,294,417,66,214,122,502,165,321,124,220,513,75,19,205,525,213,243,72,113,401,74,478,329,339,400,49,36,52,62,67,522,459,256,129,275,524,82,96,325,334,271,301,414,499,289,190,69,227,378,21,388,115,248,285,389,38,475,160,416,509,369,456,226,219,252,76,430,18,335,494,358,154,50,30,423,454,434,312,234,110,453,495,442,133,7,363,192,341,251,440,14,531,228,225,167,71,462,332,483,78,445,146,59,105,359,516,345,490,464,510,484,138,247,318,201,156,355,84,99,58,108,348,114,306,342,10,241,280,372,5,371,254,211,351,132,399,505,380,264,257,322,488,528,375,532,344,73,246,136,422,415,103,20,452,311,410,126,281,356,382,390,288,197,91,501,29,85,444,218,432,473,504,174,60,489,229,419,279,45,472,12,319,212,204,68,70,170,28,3,284,121,86,127,383,276,476,412,90,424,94,506,353,202,260,216,148,368,53,298,425,79,17,326,208,437,144,41,255,169,265,481,523,479,143,137,387,533,393,195,327,65,477,179,267,291,135,296,34,263,172,511,315,374,408,150,207,152,185,398,236,9,196,4,527,536,23,215,406,373,239,337,360,221,111,104,266,391,261,118,40,153,362,147,51,269,224,497,317,431,407,163,421,25,168,313,262,277,188,468,500,128,203,377,57,493,278,433,426,272,441,503,100,492,235,180,64,8,461,130,11,331,379,283,333,145,438,56,107,232,233,46,409,186,310,187,101,469,120,290,365,405,199,336,302,512,427,347,116,209,48,39,112,471,413,420,244,447,164,448,178,323,470,498,106,308,428,338,93,42,142,191,161,482,521,47,486,381,496,535,451,443,394,485,507,250,217,206,295,305,307,450,273,166,439,253,24,491,314,157,173,26,193,457,300,37,293,328,77,159,376,175,109,343,27,63,385,292,13,367,6,102,87,508,33,200,54,474,97,458,231,449,418,352,131,330,141,519,43,61,304",5000,100
8,5,107301.6399977822,22.794828305675107,"281,356,382,390,288,197,91,501,29,85,444,218,147,432,473,141,51,269,224,504,174,60,163,421,25,168,313,262,279,419,229,489,431,317,407,497,246,136,422,415,103,20,452,311,410,126,191,142,42,93,536,23,215,406,373,239,337,360,221,111,104,266,391,261,296,34,263,172,511,315,374,408,150,207,152,185,398,236,9,196,4,527,519,107,56,438,379,283,333,137,186,310,409,145,331,11,130,461,8,43,195,327,65,393,265,481,523,479,143,437,144,41,255,326,208,17,79,425,278,493,57,377,203,500,468,476,412,90,424,94,506,353,202,260,216,148,368,53,298,433,426,272,441,503,492,235,180,100,477,179,267,291,135,64,169,46,533,387,472,12,319,212,204,68,70,170,188,277,128,232,233,86,127,383,276,28,3,284,121,498,106,308,428,512,302,336,427,116,209,48,39,112,471,413,420,187,101,469,120,290,365,405,199,447,244,97,474,54,231,458,449,535,451,355,84,99,58,108,348,114,306,342,10,241,280,372,5,371,254,211,351,132,338,323,470,164,448,178,264,505,380,399,330,131,105,359,516,375,532,528,488,322,257,118,40,153,362,347,173,193,151,123,530,177,515,487,134,55,392,139,340,517,98,184,480,140,529,366,402,181,282,210,395,33,508,367,293,37,300,457,175,109,6,222,258,238,171,149,259,520,350,294,417,66,214,122,502,165,321,124,220,513,75,19,160,416,509,369,456,226,248,285,389,38,205,525,213,243,72,113,401,74,478,329,339,400,36,52,62,67,522,459,256,129,275,524,82,190,69,334,271,301,414,499,289,325,96,49,341,30,423,454,434,312,234,110,453,495,442,154,50,358,494,335,133,7,363,192,21,59,378,227,388,115,430,18,76,146,445,225,228,167,71,462,332,483,219,252,307,450,305,295,206,217,250,485,507,156,201,318,247,138,484,510,464,490,345,73,344,496,381,486,47,521,482,161,45,352,418,443,394,328,77,159,292,13,385,63,27,343,87,102,346,119,404,176,237,157,361,303,403,81,439,253,24,491,314,273,166,158,286,534,89,299,92,357,411,518,240,268,514,2,386,316,324,183,309,364,35,370,435,22,249,526,466,15,182,32,455,125,189,320,16,117,44,80,429,83,242,384,396,230,460,245,304,61,397,198,270,446,463,297,436,95,354,88,223,349,274,155,287,467,465,194,162,26,31,440,14,531,251,78,475,200,376",5000,100
8,6,112443.64548957725,19.96383578446349,"458,231,474,54,352,418,84,99,58,108,348,114,306,342,10,241,280,372,5,371,254,211,351,132,338,399,407,431,317,497,246,136,422,415,103,20,452,311,410,126,281,356,382,390,288,118,40,153,362,501,29,56,107,438,379,283,333,145,137,186,310,409,85,444,91,147,218,432,473,141,51,269,224,504,174,60,489,163,421,25,168,313,262,279,419,229,383,276,28,3,284,121,86,127,197,185,398,236,9,196,4,406,373,239,337,360,221,111,104,266,391,261,296,34,263,172,511,315,374,408,150,207,152,536,23,215,519,527,47,486,381,496,344,73,528,488,322,257,505,380,264,178,164,448,447,244,97,535,449,451,355,443,394,485,507,156,330,131,105,359,516,345,490,464,510,484,138,247,318,201,94,424,90,412,476,468,500,128,203,377,57,493,278,425,79,17,326,208,437,144,41,255,265,169,8,461,130,11,64,135,291,267,179,477,180,100,492,235,65,393,387,533,46,233,232,479,143,523,481,433,426,272,441,503,347,116,209,48,39,112,471,413,420,187,101,469,120,290,365,405,199,260,216,148,368,53,298,202,506,353,248,285,389,38,205,525,213,243,72,113,401,74,478,350,294,417,66,214,122,502,165,321,124,220,513,75,19,160,416,509,369,456,226,219,252,76,430,18,335,133,7,363,192,341,190,69,334,271,301,414,499,289,325,96,49,36,52,62,67,522,459,256,129,312,234,110,453,495,442,154,50,494,358,151,123,530,177,515,487,134,55,392,139,340,517,98,184,480,140,6,181,282,210,395,33,87,102,508,367,293,37,300,457,193,26,173,346,119,404,176,237,157,465,436,95,354,463,297,446,270,304,61,397,198,518,240,268,514,92,357,411,386,316,324,183,309,364,35,370,435,526,466,15,182,32,455,125,396,384,242,83,117,44,80,429,16,320,189,158,245,286,534,89,299,403,81,31,88,223,259,520,194,349,274,155,287,467,149,171,402,366,529,27,343,63,385,292,13,328,77,159,376,175,109,14,531,228,225,167,71,462,332,483,388,21,59,378,227,115,146,445,78,440,251,434,423,454,30,82,524,275,400,339,329,250,217,206,295,305,307,450,475,200,361,303,24,253,439,314,491,273,166,170,68,70,204,212,319,12,45,472,277,188,43,195,327,331,521,482,161,42,142,191,93,106,308,428,512,302,336,427,470,498,323,375,532,2,460,230,22,249,238,258,162,222",5000,100
8,7,109225.42873068826,20.290874355251223,"31,88,223,259,520,350,294,417,66,214,122,502,165,321,124,220,513,75,19,160,416,509,369,456,226,248,285,389,38,205,525,213,243,72,113,401,74,478,329,339,400,36,52,62,67,522,459,256,129,275,524,82,190,69,334,271,301,414,499,289,325,96,49,341,192,363,7,133,335,358,494,50,154,442,495,453,423,454,434,312,234,110,18,76,430,146,445,225,167,71,462,450,307,305,295,206,217,250,485,507,156,201,318,247,138,484,510,464,490,345,330,131,105,359,516,375,532,528,488,322,257,505,380,264,399,132,351,323,470,498,106,308,428,512,302,336,427,347,116,209,48,39,112,471,413,420,187,101,469,120,290,365,405,199,260,216,148,368,53,298,433,426,272,441,503,492,235,180,100,477,169,265,481,523,479,143,437,144,41,255,326,208,17,79,425,278,493,57,377,203,500,468,476,412,90,424,94,506,353,202,232,233,128,170,68,70,204,212,319,12,45,472,419,279,262,277,188,46,533,137,387,195,43,327,65,393,283,333,145,438,56,107,40,153,362,501,29,85,444,91,147,218,432,473,141,51,269,224,504,174,60,489,229,383,276,28,3,284,121,86,127,197,288,118,408,150,374,315,511,536,23,215,406,373,239,337,360,221,111,104,266,391,261,296,34,263,172,331,11,130,461,8,64,135,291,267,179,281,126,410,152,185,398,236,9,196,4,527,519,207,191,142,93,42,482,521,47,486,381,496,344,73,246,136,422,415,103,20,452,311,390,356,382,161,317,431,407,497,421,25,168,313,163,338,178,448,164,447,244,97,474,54,458,231,449,535,451,355,84,99,58,108,348,114,306,342,10,241,280,372,5,371,254,211,98,184,480,140,529,366,402,181,282,210,395,33,87,102,508,367,293,37,300,457,193,151,123,530,177,515,487,134,55,392,376,159,340,139,517,328,77,292,13,385,63,27,343,6,222,258,238,171,149,162,194,349,274,155,287,467,465,436,95,354,463,297,446,270,304,61,397,198,518,240,268,514,92,357,411,386,316,324,183,309,364,35,370,435,245,158,286,534,89,299,403,81,439,253,24,491,273,166,314,526,466,15,182,32,455,125,189,320,16,117,44,80,429,83,242,384,396,249,22,230,460,2,14,531,228,30,115,388,21,59,378,227,475,200,361,303,78,440,251,346,119,404,176,237,157,173,26,394,443,418,352,409,186,310,379,332,483,219,252,175,109",5000,100
9,0,111387.70706408168,19.34603382978823,"192,363,453,495,442,154,30,50,494,358,335,133,7,18,423,454,110,234,312,129,256,251,78,440,14,531,445,228,225,167,71,462,450,307,305,295,115,513,75,19,220,475,160,416,509,369,456,226,219,483,332,252,248,38,389,285,522,459,62,67,275,524,82,36,49,96,325,190,341,227,378,59,21,388,414,301,271,334,69,94,424,90,412,476,468,500,188,70,170,68,204,212,319,12,45,472,419,279,229,504,174,489,60,163,421,25,168,313,262,338,470,323,498,106,308,428,512,302,336,347,427,116,209,48,39,112,231,458,471,413,420,187,101,148,368,199,405,365,290,493,57,377,203,128,144,437,143,479,523,481,265,169,255,41,46,409,186,310,56,438,107,29,501,362,153,40,118,288,197,432,218,147,444,91,85,121,284,3,383,276,28,86,127,473,141,51,224,269,382,356,390,281,126,410,150,408,374,315,511,296,34,263,172,331,11,130,461,8,43,327,195,65,393,387,533,137,333,283,379,145,337,360,221,111,104,266,267,291,135,64,235,492,503,441,272,426,433,298,53,425,79,17,326,208,342,306,114,348,108,58,99,84,418,352,10,280,241,372,5,371,254,211,178,448,164,447,244,97,474,54,351,132,399,380,264,505,257,322,488,528,532,375,359,516,490,345,330,131,105,344,496,381,47,486,521,482,191,142,93,42,398,236,152,207,185,9,196,4,527,519,536,23,215,406,373,239,431,317,407,73,246,136,422,161,452,20,311,415,103,233,232,261,391,179,477,180,100,497,201,318,247,138,484,510,464,156,394,443,355,451,535,449,278,80,429,44,117,16,384,242,83,396,125,189,320,526,466,249,15,182,32,455,240,518,411,357,92,514,268,324,316,2,386,230,460,183,309,364,35,370,435,22,491,314,24,253,439,286,158,245,534,403,354,463,446,270,304,61,397,198,430,76,146,113,401,329,289,499,213,243,72,525,66,171,238,258,162,194,349,274,155,223,520,259,350,294,417,149,529,366,402,181,6,140,122,214,98,184,480,63,27,343,87,102,508,33,395,222,210,282,292,13,385,328,159,376,134,487,109,530,177,515,55,392,124,321,165,502,200,340,139,517,77,293,457,175,123,367,37,300,119,404,176,237,157,26,173,151,193,346,485,507,250,217,206,297,95,436,465,467,287,88,31,81,273,166,205,52,339,400,434,74,478,361,303,89,299,216,260,202,353,506,277,469,120",5000,100
9,1,109049.59047428679,20.651555366437748,"217,250,507,485,394,443,99,84,418,352,10,114,348,108,58,5,371,254,211,178,351,132,399,380,264,505,257,322,488,528,375,532,359,516,490,345,330,131,105,306,342,241,280,372,244,447,164,448,106,498,470,323,338,407,431,317,497,246,136,422,415,103,20,452,311,281,356,382,390,126,410,398,236,152,207,9,196,4,215,406,373,239,337,360,221,111,104,266,391,261,296,34,263,172,511,315,374,150,519,527,536,23,137,145,438,56,107,29,501,362,153,40,118,288,197,432,473,141,51,224,269,504,174,489,60,163,421,25,168,313,262,419,279,229,277,188,204,212,319,12,45,472,276,383,121,284,3,86,127,218,147,444,91,85,409,186,310,283,379,331,11,130,461,8,64,235,180,477,179,267,291,135,100,492,503,441,272,426,433,17,326,208,437,143,479,233,232,46,387,533,393,265,169,255,41,144,523,481,327,195,43,333,260,216,148,368,278,425,79,298,53,365,290,405,199,412,476,468,500,203,128,70,170,68,28,377,57,493,506,353,202,94,424,90,344,73,496,381,47,486,521,482,161,464,510,484,138,247,318,201,156,376,134,487,109,530,177,515,55,392,124,220,513,75,19,38,205,525,321,165,502,200,213,243,72,113,401,74,478,350,294,417,149,238,258,162,194,349,274,155,287,467,465,436,95,354,463,297,446,270,304,61,397,198,189,320,16,117,125,396,384,242,83,429,80,44,514,268,240,518,411,357,92,316,324,183,309,364,35,370,435,22,249,526,466,15,460,230,386,2,182,32,455,49,96,325,190,341,192,363,453,495,442,154,50,494,358,335,133,7,18,430,76,30,146,445,225,228,167,71,462,450,307,305,295,206,226,456,369,509,160,416,475,123,175,457,193,26,173,151,346,119,404,237,176,157,361,303,89,299,403,534,286,158,245,24,253,439,491,314,273,166,81,31,88,223,520,259,395,33,87,102,508,367,37,293,328,77,159,340,139,517,98,184,480,140,122,214,66,171,529,366,402,181,6,343,27,63,292,13,385,282,210,222,82,52,62,67,522,459,256,129,275,524,234,110,312,434,454,423,78,251,440,14,531,332,252,483,219,115,388,21,59,378,227,69,271,301,414,499,289,329,339,400,36,334,285,389,248,231,458,474,54,97,535,449,451,355,112,39,48,209,116,512,302,336,427,347,413,471,120,469,101,187,420,191,142,93,42,408,185,308,428,65,300",5000,100
9,2,110154.26544857334,20.479072230704258,"193,26,173,151,123,175,376,134,487,109,530,177,515,55,392,124,321,165,502,200,213,243,72,113,401,329,339,400,36,49,96,325,334,271,301,414,499,289,52,62,67,522,459,256,129,312,434,454,423,30,146,445,225,228,167,71,462,450,307,305,295,206,217,250,507,485,394,443,355,451,535,449,101,187,420,469,120,290,365,405,199,148,368,278,425,79,17,326,208,437,143,479,523,481,265,169,255,41,144,393,65,327,195,43,333,137,145,438,56,107,29,501,362,153,40,118,408,150,374,315,511,172,331,11,130,461,8,64,235,180,477,179,267,291,135,296,34,263,391,261,236,152,398,185,9,196,4,215,406,373,239,337,360,221,111,104,266,283,379,409,85,444,91,197,147,218,432,473,141,51,224,269,504,174,489,60,163,421,25,168,313,262,419,279,229,28,276,383,121,284,3,86,127,310,186,232,233,128,70,170,68,204,212,319,12,45,472,188,277,506,353,202,260,216,493,57,377,203,500,468,476,412,94,424,90,344,73,246,136,422,415,103,20,452,311,281,126,410,390,356,382,288,431,317,497,338,132,351,211,178,448,164,447,244,241,280,372,5,371,254,257,322,488,528,375,532,359,516,490,345,330,131,105,306,342,114,348,108,58,99,84,418,352,54,458,231,471,413,347,427,116,209,48,39,112,387,533,46,298,53,272,426,433,441,503,100,492,138,484,510,464,156,201,318,521,47,486,381,496,161,482,247,191,142,93,42,207,519,527,536,23,512,302,336,428,308,106,498,470,323,505,380,264,399,407,303,361,270,304,61,397,198,189,320,16,384,242,83,429,80,44,117,125,32,455,2,386,316,324,183,309,364,35,370,435,22,249,526,466,15,460,230,182,396,411,518,240,268,514,92,357,81,31,88,223,520,259,350,294,417,74,478,149,238,258,162,194,349,274,155,287,467,367,37,300,457,157,465,436,95,354,463,297,446,403,534,89,299,286,166,273,491,314,24,253,439,245,158,176,237,119,404,346,525,205,38,389,285,248,115,388,21,59,378,227,69,190,341,192,363,453,495,442,154,50,494,358,335,133,7,18,252,483,219,430,76,332,531,440,14,251,78,19,513,75,220,475,416,160,509,369,456,226,293,328,77,159,340,139,517,98,184,480,140,122,214,66,171,529,366,402,181,6,343,27,63,292,13,385,508,87,102,282,210,395,33,222,82,275,524,234,110,10,97,474",5000,100
9,3,108658.01990574873,21.166365794340706,"471,112,39,48,209,116,512,302,336,427,347,413,420,187,101,469,120,290,365,405,199,148,368,278,425,79,17,326,208,437,143,479,523,481,265,169,255,41,144,393,65,327,195,43,333,137,533,387,46,232,233,128,203,500,468,476,412,506,353,202,260,216,493,57,377,272,426,433,298,53,64,235,180,100,492,503,441,296,34,263,172,511,315,374,150,126,410,398,236,152,185,9,196,519,527,536,23,215,406,373,239,337,360,221,111,104,266,391,261,477,179,267,291,135,11,130,461,8,331,379,438,56,107,29,501,362,153,40,118,408,288,91,444,147,218,432,473,141,51,224,269,504,174,489,60,163,421,25,168,313,262,419,279,229,28,276,383,121,284,3,86,127,310,186,409,85,281,356,382,390,197,415,103,20,452,311,191,142,93,42,482,161,47,486,381,496,344,73,246,136,422,497,431,317,407,399,380,264,505,257,322,488,528,375,532,359,516,490,345,330,131,105,306,342,10,114,348,108,58,99,84,418,352,54,458,231,97,474,448,164,447,244,132,351,211,178,254,371,5,372,241,280,498,106,308,428,424,90,94,188,70,68,170,204,212,319,12,45,472,277,323,470,338,449,535,451,355,443,394,156,201,318,521,510,464,138,484,247,507,485,250,217,206,295,305,307,450,71,462,219,483,332,252,430,18,115,388,21,59,378,227,69,190,341,192,363,453,495,442,154,50,494,358,335,133,7,440,14,251,78,52,62,67,522,459,256,129,312,434,454,423,234,110,275,524,82,36,49,96,325,334,271,301,414,499,289,329,339,400,520,259,350,294,417,74,478,149,171,529,366,402,181,6,343,27,63,292,13,385,328,77,159,340,139,517,98,184,480,140,122,214,66,238,258,162,194,349,274,155,287,467,223,88,31,81,439,253,24,491,314,273,166,286,158,245,364,35,370,435,22,249,526,466,15,460,230,2,386,316,324,183,309,514,268,240,518,411,357,92,304,61,397,198,189,320,16,384,242,83,429,80,44,117,125,32,455,182,396,463,297,446,270,303,157,173,151,193,26,123,175,376,134,487,109,530,177,515,55,392,124,321,165,502,200,213,243,72,113,401,87,102,508,367,37,300,457,395,33,282,210,222,456,226,369,509,160,416,475,220,513,75,19,205,525,38,389,285,248,76,30,146,445,225,228,167,531,346,119,404,237,176,361,403,534,89,299,354,95,436,465,293,4,207,283,145",5000,100
9,4,107871.64309792427,21.326988852501874,"423,454,434,312,234,110,453,495,442,154,50,494,358,335,133,7,363,192,59,378,21,388,115,248,285,389,38,205,525,321,165,502,200,98,184,480,140,122,214,66,171,529,366,402,181,6,343,27,63,292,13,385,328,77,159,340,139,517,293,37,300,457,193,26,173,151,346,119,404,237,176,157,465,436,95,354,463,297,446,270,304,61,397,198,189,320,16,384,242,83,429,80,44,117,125,32,455,2,386,316,324,183,309,364,35,370,435,22,249,526,466,15,230,182,396,268,240,518,411,357,92,514,299,89,286,158,245,24,253,439,491,314,273,166,81,31,88,223,520,259,350,294,417,74,478,149,238,258,162,194,349,274,155,287,467,367,508,102,87,33,395,222,210,282,289,329,339,400,36,49,96,325,334,271,301,414,499,213,243,72,113,401,82,524,275,129,256,251,78,440,14,531,76,332,252,483,219,462,450,307,305,295,206,217,250,507,485,394,443,99,84,418,352,10,114,348,108,58,535,449,101,187,420,469,120,361,303,493,57,377,203,128,70,170,68,28,276,383,121,284,3,86,127,51,224,269,504,174,489,60,163,421,25,168,313,262,279,419,229,277,188,204,212,319,12,45,472,141,473,432,218,147,444,91,501,362,153,40,118,408,150,126,410,398,236,185,152,207,9,196,519,527,536,23,215,406,373,239,337,360,221,111,104,266,391,261,296,34,263,172,511,315,374,4,64,235,180,477,179,267,291,135,100,492,503,441,272,426,433,298,53,506,353,202,260,216,148,368,278,425,79,17,326,208,437,143,479,233,232,46,387,533,393,65,327,195,43,333,137,145,438,56,107,29,85,409,186,310,283,461,8,11,130,331,379,265,169,255,41,144,523,481,407,431,317,497,246,136,422,415,103,20,452,311,281,356,382,390,288,197,512,302,336,427,347,413,471,112,39,48,209,116,164,447,244,97,474,54,458,231,264,505,257,322,488,528,375,532,359,516,490,345,330,131,105,306,342,241,280,372,5,371,254,211,178,351,132,399,380,94,424,90,412,476,468,500,323,470,498,106,308,428,338,344,73,496,381,47,486,521,482,247,138,484,510,464,156,201,318,142,93,42,191,355,451,161,290,405,199,365,448,530,177,515,55,392,124,220,513,75,19,160,416,509,369,456,226,475,123,175,376,134,487,109,460,534,403,459,62,67,522,52,341,190,69,227,430,18,146,445,225,228,167,71,30",5000,100
10,0,132305.96966086817,19.610257794102477,"50,494,358,335,133,414,171,366,529,66,402,210,395,33,385,102,508,367,37,222,162,40,153,362,501,393,533,387,383,419,279,319,12,504,229,144,41,255,17,470,323,106,132,351,448,178,308,428,246,174,25,421,152,185,236,398,20,196,215,406,373,163,168,313,468,500,409,85,29,107,56,130,11,379,438,327,195,43,170,68,70,204,212,269,224,141,51,493,368,298,333,145,137,186,310,188,233,232,372,5,264,380,257,488,510,464,47,486,437,184,98,134,431,317,262,128,276,3,284,121,472,479,278,79,425,426,433,61,297,455,396,15,230,460,182,32,324,183,35,364,309,249,526,466,386,2,316,22,125,16,320,189,518,240,245,158,286,534,302,336,413,471,449,469,187,101,420,136,322,131,490,345,359,516,375,528,505,60,489,97,474,54,458,231,465,388,59,21,301,334,248,38,294,417,350,258,238,214,140,480,27,343,6,181,292,13,139,340,517,237,84,10,348,114,342,306,72,213,243,407,311,382,390,356,281,239,477,267,221,360,337,23,536,4,408,118,28,94,90,412,427,116,209,498,371,447,244,39,112,138,484,86,143,180,503,260,216,476,46,193,26,173,199,506,353,202,203,57,377,80,44,117,384,242,83,429,198,411,357,514,268,304,95,467,287,535,352,266,104,111,179,527,519,207,9,64,8,461,331,208,265,481,424,473,197,127,444,147,218,91,291,135,391,261,296,34,263,45,126,410,142,191,93,521,161,422,73,497,211,254,164,347,338,399,105,58,108,443,99,330,156,201,318,315,511,150,374,65,169,53,365,290,405,148,235,492,100,441,523,520,259,149,282,87,81,24,253,439,491,314,270,446,273,166,31,354,463,436,176,159,376,177,515,19,75,513,220,124,122,200,502,165,321,525,205,369,456,226,234,110,442,453,227,378,495,154,450,307,305,295,167,228,225,78,434,312,483,219,252,332,30,76,423,454,49,36,62,67,522,459,251,256,129,445,71,274,155,194,349,329,341,192,190,69,271,325,400,339,478,223,457,293,300,175,77,328,109,487,160,416,509,7,363,18,430,285,389,499,289,96,275,524,82,52,115,103,415,381,496,344,241,280,451,507,485,404,119,346,151,123,392,55,475,530,14,440,206,250,217,482,247,394,283,89,299,403,435,370,92,397,361,303,172,432,326,272,288,120,157,531,462,146,401,113,74,532,42,452,277,512,48,355,88,63,418",5000,100
10,1,108228.50418764958,21.815295555673913,"423,454,434,312,234,110,129,275,524,82,52,62,67,522,459,256,251,78,440,14,531,307,450,305,295,206,217,250,485,507,318,201,156,345,330,131,105,488,322,257,505,380,264,211,254,371,5,372,280,241,447,244,97,474,54,458,231,112,471,413,101,187,420,469,120,53,298,425,79,17,326,208,437,143,479,233,232,46,533,387,137,333,43,327,195,393,265,169,41,255,144,481,523,377,57,493,278,368,148,216,260,202,353,506,412,94,90,424,262,313,168,163,421,25,338,86,121,284,3,28,276,383,127,212,204,188,277,419,279,229,504,269,224,51,141,473,432,218,147,444,91,197,288,126,281,356,382,390,410,152,398,236,311,452,20,103,415,422,136,246,73,497,375,532,528,516,359,337,360,221,111,104,266,391,261,296,263,34,331,283,461,8,130,11,379,438,56,107,40,118,153,362,501,29,310,186,409,85,408,374,150,207,185,170,68,70,128,203,500,468,476,535,449,451,355,84,418,352,10,342,306,114,348,108,58,99,443,394,498,106,308,428,512,302,336,427,116,209,48,39,347,405,365,290,199,433,426,272,441,503,100,180,477,145,179,267,291,135,64,492,235,65,4,406,373,239,536,23,215,511,315,527,519,172,407,431,317,174,489,60,45,472,12,319,351,132,323,470,164,448,178,399,161,381,496,521,47,486,138,484,510,464,490,93,42,142,191,19,75,513,220,124,321,525,213,243,72,113,401,74,478,350,294,417,520,259,149,171,238,258,162,194,349,274,155,467,287,465,436,95,354,463,297,446,270,304,61,397,198,320,189,125,396,384,242,83,16,117,44,80,429,89,299,403,534,286,158,245,491,314,364,309,183,324,316,386,2,460,182,32,455,240,518,411,357,92,268,514,22,249,526,466,435,35,370,15,230,439,253,24,81,31,88,223,66,214,140,122,502,165,392,134,487,109,175,293,37,300,457,193,151,123,530,177,515,55,475,160,416,509,369,456,226,248,285,389,38,205,414,271,334,69,190,341,192,363,7,133,335,494,358,18,115,388,21,59,378,227,301,325,96,49,36,400,339,139,340,159,376,87,102,508,367,282,181,6,402,366,529,200,480,184,98,517,292,13,385,63,343,27,222,210,395,33,173,26,157,361,303,176,237,119,404,346,252,483,219,462,71,167,228,225,445,146,30,50,154,442,495,453,430,76,332,329,289,499,166,273,328,77,9,196,344,247,482",5000,100
10,2,109116.67525506603,19.78894535534029,"224,269,504,489,174,60,163,421,25,338,470,323,498,106,308,428,512,302,336,427,347,116,209,48,39,112,471,413,101,187,420,469,120,53,368,148,216,260,202,353,506,412,94,424,90,262,313,168,20,452,311,196,9,207,185,398,236,191,93,42,142,482,161,381,496,344,73,246,497,431,317,407,399,264,505,380,257,322,488,528,375,532,516,359,345,330,131,105,114,348,108,58,99,84,418,352,10,342,306,280,241,372,5,371,254,211,178,448,164,447,244,97,474,54,458,231,449,535,451,355,404,119,346,237,173,26,193,151,123,530,177,515,55,392,134,487,109,175,293,37,300,457,328,77,159,340,139,517,98,184,480,140,122,214,66,171,529,366,402,181,6,282,210,395,222,33,508,367,349,194,162,258,238,149,102,87,63,385,292,13,165,502,200,321,124,220,513,75,19,205,38,389,285,248,252,483,219,332,76,430,18,494,358,335,133,7,363,192,341,190,69,334,271,301,414,499,289,325,96,49,36,52,62,67,522,459,256,129,275,524,82,312,434,454,423,30,146,445,225,228,167,71,462,450,307,305,295,206,217,250,485,507,394,443,486,47,521,484,138,247,318,201,156,490,464,510,382,390,356,281,126,150,315,511,172,34,263,296,135,291,391,261,360,221,111,104,266,267,179,477,180,100,492,235,64,130,11,461,8,327,195,43,333,137,387,533,393,65,169,41,255,326,208,437,144,127,86,121,284,3,28,276,383,45,472,12,319,212,204,68,170,70,128,203,377,57,493,278,425,79,17,433,426,272,441,503,523,481,265,46,186,310,409,85,444,91,501,29,107,56,438,379,283,331,145,408,374,143,479,233,232,277,188,51,141,473,432,218,147,197,288,118,153,362,40,519,527,536,23,215,406,373,239,337,4,410,152,103,415,422,136,132,351,298,290,365,405,199,468,500,476,279,419,229,509,160,416,475,525,213,243,72,113,401,74,478,350,259,520,223,88,31,81,439,253,24,491,314,166,273,245,158,286,534,89,299,403,354,463,297,446,270,304,61,397,198,44,117,16,320,189,125,182,32,455,240,518,411,357,92,514,268,386,2,230,460,15,526,466,249,22,316,324,183,309,364,35,370,435,429,80,83,242,384,396,361,303,176,157,465,436,95,155,467,287,343,27,294,417,376,339,400,329,378,227,21,59,388,115,154,50,531,14,440,251,78,234,110,453,495,442,456,226,369,274",5000,100
10,3,108180.53484805685,35.17927058191635,"47,486,381,496,344,73,246,136,422,415,103,20,452,311,410,126,281,356,382,390,288,118,153,362,501,29,409,85,444,91,197,147,218,432,473,141,51,224,269,504,489,60,174,431,317,407,497,229,419,279,277,212,204,68,70,170,28,276,383,121,284,3,86,127,196,4,406,373,239,337,360,221,111,104,266,267,291,135,261,391,296,263,34,172,511,315,374,150,408,40,107,56,438,379,283,331,11,130,461,8,64,477,180,100,492,235,65,327,195,43,333,137,387,533,393,265,169,272,426,433,17,326,208,437,144,41,255,523,481,46,233,232,479,143,377,57,493,278,425,79,53,298,368,148,216,260,202,353,506,412,476,468,500,203,128,188,45,472,12,319,351,132,211,178,448,164,447,244,97,474,54,458,231,471,413,420,187,101,469,120,176,237,157,465,436,95,354,463,297,446,270,304,61,397,198,44,117,16,320,189,125,182,32,455,240,518,411,357,92,514,268,386,2,460,230,22,249,526,466,435,370,35,309,364,245,158,286,534,89,299,403,81,31,88,223,274,155,467,287,529,366,402,181,6,282,210,395,33,102,87,508,367,37,300,457,193,151,123,530,177,515,55,392,134,487,109,175,376,77,328,159,340,139,517,98,184,480,140,122,214,66,171,149,238,258,162,194,349,27,343,63,385,292,13,165,502,200,321,525,213,243,72,113,401,74,478,350,294,417,520,259,339,329,96,49,36,52,62,67,522,459,256,129,275,524,82,312,234,110,453,495,442,154,50,30,146,445,225,228,167,71,462,332,483,219,252,115,388,21,59,378,227,271,334,69,190,341,192,363,7,133,335,494,358,18,430,76,248,285,389,38,205,75,19,513,220,124,416,160,509,369,456,226,295,206,217,250,485,507,394,443,99,84,418,352,10,342,306,114,348,108,58,451,355,404,119,346,173,26,475,222,449,535,48,209,116,308,498,106,470,323,428,512,302,336,427,347,39,112,280,241,372,5,371,254,399,380,264,505,257,322,488,528,375,532,516,359,345,330,131,105,464,510,484,138,247,318,201,156,490,93,42,142,191,207,519,527,536,23,215,441,503,199,405,365,290,303,361,80,429,83,242,384,396,15,316,324,183,439,24,491,314,166,273,253,531,307,450,305,325,289,499,301,414,454,423,434,78,440,14,251,400,25,421,163,313,168,262,338,94,90,424,9,185,152,398,236,161,482,521,310,186,145,179,293",5000,100
10,4,108701.59295017061,21.584322214703388,"58,99,84,418,352,10,342,306,114,348,108,443,394,485,507,318,201,156,490,464,510,484,138,247,482,161,422,415,103,20,452,311,410,126,281,356,382,390,288,118,153,362,501,29,85,145,310,186,409,46,233,232,479,143,437,144,41,255,169,393,65,327,195,43,333,137,387,533,107,56,438,379,283,331,34,263,296,261,391,266,104,111,221,360,337,239,373,406,215,23,536,527,519,9,196,4,207,185,152,398,236,191,142,93,42,90,424,262,313,168,163,421,25,338,470,323,498,106,308,428,512,302,336,427,347,39,48,209,116,448,164,447,244,178,351,132,211,254,371,5,372,241,280,105,488,322,257,505,380,264,399,407,431,317,497,73,246,136,344,496,381,486,47,521,535,449,451,355,404,119,346,237,173,26,193,151,123,530,177,515,55,392,340,139,517,98,184,480,140,122,214,66,171,529,366,402,181,6,282,210,395,222,33,508,87,102,27,343,63,385,292,13,77,159,376,134,487,109,175,293,37,300,457,367,166,273,183,324,316,386,2,460,230,22,249,526,466,435,370,35,309,364,245,158,286,534,89,299,403,81,31,88,223,520,259,149,238,258,162,194,349,274,155,467,287,465,436,95,354,463,297,446,270,304,61,397,198,44,117,16,320,189,125,455,240,518,411,357,92,514,268,182,32,242,83,429,80,361,303,176,157,253,24,491,314,439,396,384,243,213,72,113,401,74,478,350,294,417,499,301,414,271,334,69,190,341,192,363,7,133,335,494,358,18,76,430,115,388,21,59,378,227,325,96,329,339,400,36,52,62,67,522,459,256,129,275,524,82,49,289,525,165,321,124,220,513,75,19,205,38,389,285,248,252,483,219,462,71,167,228,225,445,146,30,50,154,423,454,434,312,234,110,453,495,442,78,440,14,531,307,450,305,295,206,217,250,278,425,79,17,326,208,203,377,57,493,353,506,412,94,476,468,500,188,277,419,279,229,504,489,60,174,269,224,51,141,473,432,218,147,444,91,197,127,86,121,284,3,28,276,383,45,472,12,319,212,204,68,70,170,128,150,408,374,315,511,172,64,135,291,267,179,477,180,100,492,235,503,441,272,426,433,298,368,148,216,260,202,405,199,365,290,53,120,469,420,187,101,413,471,112,458,231,97,474,54,359,516,375,532,528,345,330,131,461,8,130,11,481,265,523,40,160,416,475,509,369,456,226,332,251,200,502,328,15",5000,100
10,5,108227.22835446472,22.784800117875392,"324,316,386,2,460,230,22,249,526,466,435,370,35,309,364,245,158,286,534,89,299,403,81,31,88,223,520,259,149,238,258,162,194,349,274,155,467,287,465,436,95,354,463,297,446,270,304,61,397,198,44,117,429,80,83,384,242,396,125,182,32,455,240,518,411,357,92,514,268,24,439,253,491,314,166,273,183,15,16,320,189,303,361,237,157,173,26,193,151,123,530,177,515,55,392,134,487,109,175,293,37,300,457,367,33,395,222,210,282,181,6,402,366,529,140,480,184,98,517,139,340,159,77,328,292,13,385,63,27,343,87,102,508,454,423,434,312,234,110,453,495,442,154,50,30,146,445,225,228,167,71,462,332,483,219,252,430,76,18,494,358,335,133,7,363,192,341,190,69,334,271,301,414,499,289,325,96,329,339,400,36,52,62,67,522,459,256,129,275,524,82,49,369,456,226,248,285,389,38,205,525,213,243,72,113,401,74,478,350,294,417,66,171,200,502,165,321,124,220,513,75,19,160,416,509,475,535,449,451,355,84,418,352,54,458,231,474,97,447,244,5,372,280,241,10,342,306,114,348,108,58,99,443,394,131,105,488,322,257,505,380,264,211,254,371,448,164,351,132,338,470,323,498,106,308,428,512,302,336,427,347,39,48,209,116,112,471,413,101,187,420,469,120,53,298,368,148,216,260,202,353,506,412,94,90,424,262,279,419,229,504,269,224,51,141,473,432,218,147,444,91,501,29,85,145,310,186,409,46,233,232,479,143,437,144,41,255,169,265,481,523,377,57,493,278,425,79,17,326,208,433,426,272,441,503,100,492,235,65,393,387,533,137,333,43,327,195,8,461,130,11,331,34,263,172,511,315,374,150,408,527,519,9,196,4,406,373,239,337,360,221,111,104,266,391,261,296,135,291,267,179,64,477,180,207,185,152,398,236,191,93,42,142,482,161,422,415,103,20,452,311,410,126,281,356,390,382,197,288,118,153,362,40,107,56,438,379,283,86,127,68,70,170,128,203,500,468,188,277,212,204,319,12,45,472,276,383,121,284,3,28,199,405,365,290,47,521,484,138,247,318,201,156,330,345,490,464,510,516,359,375,532,528,399,407,431,317,497,246,136,344,73,496,381,486,168,163,421,25,60,174,489,313,178,485,507,250,217,206,295,305,307,450,531,78,440,14,251,115,388,21,59,378,227,214,122,376,346,119,404,176,215,23,536,476",5000,100
11,0,115763.69605708214,19.839828994342213,"350,478,74,401,113,72,213,243,525,499,205,38,389,285,248,252,483,219,7,133,335,358,494,154,423,454,434,78,251,440,14,445,146,30,332,76,462,71,167,228,225,307,450,305,295,206,217,250,507,485,394,156,201,318,247,246,136,497,317,431,407,470,323,498,106,308,428,512,427,302,336,347,209,116,351,132,338,168,313,111,221,360,337,239,373,406,215,23,536,527,519,9,196,4,379,283,145,333,137,46,233,232,479,143,437,144,235,492,100,180,477,179,267,266,104,8,461,130,11,331,172,315,511,374,150,288,390,356,382,281,409,310,186,29,85,444,91,197,126,410,152,185,398,236,191,142,93,42,161,422,415,103,20,452,311,207,408,118,153,362,501,107,56,438,128,70,170,68,28,3,284,121,276,383,127,86,218,147,432,473,51,141,224,269,504,489,60,163,421,25,372,5,371,254,211,178,448,164,244,447,241,280,342,10,306,114,348,108,58,99,84,355,176,237,346,119,404,151,193,26,173,157,367,37,293,328,77,159,340,517,139,98,184,480,140,214,122,405,199,216,260,506,353,202,493,57,377,203,476,468,500,412,188,277,319,12,45,472,419,279,229,174,73,344,496,381,486,47,521,482,510,464,490,345,330,131,105,488,528,375,532,380,264,505,257,322,352,418,451,535,449,469,112,471,413,420,187,101,97,474,54,458,231,481,523,533,387,43,195,327,65,393,265,169,255,41,17,79,425,278,298,426,433,272,503,441,64,135,291,261,391,263,34,296,194,162,258,238,171,149,366,402,181,6,282,210,395,33,508,102,87,343,27,63,385,292,13,175,123,530,177,515,487,109,134,129,256,312,234,110,453,192,363,21,388,115,59,378,227,69,334,271,301,414,325,289,96,49,513,75,19,160,416,475,124,220,392,55,509,369,456,226,18,430,329,339,400,36,67,62,52,522,459,275,524,82,190,341,495,442,50,165,321,200,502,529,397,61,304,270,446,354,463,297,436,95,465,287,467,155,223,520,259,417,294,376,92,357,411,518,240,455,268,514,435,370,35,364,309,183,324,316,386,22,230,460,182,32,396,466,526,249,15,125,189,320,384,242,83,429,80,44,117,16,2,198,303,361,299,403,534,89,253,439,24,491,314,158,245,286,81,31,88,273,166,290,365,120,484,138,399,90,424,94,262,359,516,204,212,326,208,148,368,53,66,274,349,222,443,39,48,40,300,457,531",5000,100
11,1,106452.00091906002,26.763914515283556,"456,226,219,483,252,430,18,335,358,494,50,154,442,495,453,192,341,190,69,271,334,301,414,499,289,325,96,49,36,400,339,329,401,113,72,213,243,525,165,321,124,220,513,75,19,160,416,475,509,369,285,389,38,480,140,214,122,529,366,402,181,6,343,27,63,13,292,385,328,77,159,376,175,457,193,26,173,151,123,530,177,515,134,487,109,392,55,367,102,87,508,33,395,222,210,282,258,238,171,149,259,520,350,294,417,66,74,478,88,223,155,274,349,194,162,251,78,440,14,531,225,228,167,71,462,450,307,305,295,206,217,250,507,485,394,443,348,114,306,342,10,280,241,372,5,371,254,211,178,448,164,447,244,97,474,54,352,418,84,99,58,108,105,131,330,345,490,464,510,484,138,247,318,201,156,532,528,375,359,516,488,322,257,505,380,264,399,132,351,470,323,498,106,308,428,512,302,336,427,347,39,112,471,413,420,187,101,469,120,199,405,365,290,148,368,216,260,506,353,500,468,476,412,94,424,90,209,116,48,68,70,170,28,3,284,121,276,383,127,86,197,288,147,218,432,473,141,51,224,269,504,174,489,60,163,421,25,168,313,262,279,419,229,204,212,319,12,45,472,277,188,128,203,377,57,493,278,425,79,17,326,208,437,144,41,255,169,265,481,523,479,143,233,232,46,186,310,409,85,444,91,362,153,40,118,408,315,511,536,23,215,4,406,373,239,337,360,221,111,104,391,261,296,135,291,267,179,477,100,180,64,235,492,65,393,195,327,43,8,461,130,11,331,283,333,137,533,387,172,263,34,207,9,196,519,527,150,374,266,185,398,236,410,126,281,356,382,390,311,452,20,415,103,497,317,431,407,73,246,136,422,161,482,521,47,486,381,496,344,338,53,298,433,426,272,503,441,202,451,535,449,231,458,37,300,293,200,502,98,184,517,340,139,129,256,459,522,67,62,52,378,21,388,115,59,133,7,363,30,423,454,312,434,110,234,82,275,524,248,227,205,332,76,445,146,467,287,31,81,439,24,253,273,166,491,314,183,324,316,386,2,460,182,32,455,268,514,92,357,411,518,240,189,320,16,384,242,83,429,80,44,117,396,125,15,230,397,198,303,361,299,89,534,403,354,463,297,446,270,304,61,35,370,435,466,526,249,22,364,309,245,158,286,465,436,95,157,237,346,119,404,176,355,29,501,107,56,438,379,145,93,42,191,142,152",5000,100
11,2,109635.51573114016,21.40525291279201,"535,449,231,458,474,54,97,244,447,164,448,178,351,132,399,380,264,505,257,322,488,528,532,375,359,516,464,510,484,138,247,318,201,156,490,345,330,131,105,10,306,342,114,348,108,58,99,84,418,352,112,471,413,420,187,101,469,120,199,405,365,290,368,148,216,202,353,506,260,451,355,176,237,404,119,346,151,193,457,300,37,293,376,134,487,109,530,177,515,55,392,139,340,517,98,184,480,140,529,366,402,181,6,343,27,63,13,292,385,328,77,159,339,329,289,325,334,69,190,341,192,363,7,133,335,358,494,50,154,442,495,453,110,234,312,434,78,440,14,531,445,225,228,167,71,450,307,305,295,206,217,250,507,485,394,443,127,86,121,284,3,28,170,68,70,204,212,319,12,45,472,276,383,232,233,46,533,387,137,333,145,310,186,409,85,444,91,501,29,107,56,438,379,283,461,130,11,64,235,492,100,180,477,179,267,266,104,111,221,360,337,239,373,406,215,23,536,527,519,207,9,196,4,152,185,398,236,410,126,281,356,382,390,311,452,20,415,103,141,51,224,269,504,174,489,60,163,421,25,168,313,262,279,419,229,90,424,94,412,476,468,500,188,277,497,431,317,407,73,246,136,422,161,482,521,47,486,381,496,344,338,323,498,106,308,428,512,302,336,427,347,39,48,209,116,43,195,327,65,393,265,481,523,479,143,437,144,41,255,169,272,426,433,17,326,208,298,53,79,425,278,493,57,377,203,128,462,332,483,219,252,430,18,59,378,227,271,301,414,499,72,213,243,525,205,38,389,285,248,115,388,21,76,146,30,423,454,524,82,275,129,67,522,459,256,251,96,49,36,400,62,52,417,294,350,520,259,223,88,81,31,403,534,286,158,245,314,491,24,253,439,273,166,384,242,83,429,80,44,117,396,466,526,249,22,230,460,15,240,518,411,357,92,304,61,397,198,125,189,320,16,268,514,324,183,309,364,35,370,435,316,386,2,182,32,455,299,89,354,463,297,361,303,446,270,508,87,102,282,210,395,222,33,162,258,238,171,66,214,122,200,502,165,321,124,220,513,75,19,160,416,509,369,456,226,475,175,123,401,113,478,74,274,349,194,155,467,287,465,436,95,157,367,149,26,173,241,280,372,5,371,254,211,470,218,147,197,288,362,153,40,118,408,374,315,511,172,34,263,296,135,291,261,391,150,191,142,93,42,473,432,331,441,503,8",5000,100
11,3,111381.08997632025,19.869154754483052,"366,402,181,6,343,27,63,13,292,385,328,77,159,340,139,517,98,184,480,140,529,171,66,214,122,200,502,165,321,124,220,513,75,19,160,416,509,475,205,38,389,285,248,115,388,21,59,378,227,69,190,341,192,363,7,133,335,358,494,50,154,442,495,453,110,234,312,434,454,423,30,146,445,225,228,167,71,462,450,307,305,295,206,217,250,507,485,394,443,348,108,58,99,84,418,352,10,306,342,114,105,131,330,345,490,464,510,484,138,247,318,201,156,359,516,375,532,528,488,322,257,505,380,264,399,132,351,211,254,371,178,448,164,209,116,112,471,413,420,187,101,469,120,199,405,365,290,148,216,260,202,506,353,57,377,203,128,70,68,170,204,212,319,12,45,472,419,279,229,504,174,60,163,421,25,168,313,262,90,424,94,412,476,468,500,188,277,276,383,3,284,121,86,127,51,141,473,432,218,147,444,91,501,29,107,56,438,379,283,145,310,186,409,85,153,362,40,118,288,390,382,281,356,126,410,236,398,185,152,207,9,196,4,406,215,23,536,527,519,408,374,315,511,172,263,34,296,391,261,221,360,337,239,373,111,104,266,267,291,135,64,235,180,100,492,503,441,272,426,433,17,79,425,278,493,208,326,437,144,41,255,169,265,481,523,479,143,368,53,298,477,179,46,533,387,137,333,43,195,327,65,393,232,233,246,73,497,431,317,407,338,470,323,498,106,308,428,512,302,336,427,347,39,48,474,97,244,447,280,241,372,5,489,103,415,20,452,311,150,191,142,93,42,161,422,136,496,381,486,47,521,482,177,515,55,392,376,134,487,109,530,123,151,193,26,173,157,367,37,300,293,175,457,119,404,176,237,346,465,287,467,155,274,349,194,162,258,238,149,259,520,350,294,417,74,478,401,113,72,213,243,525,499,289,325,334,271,301,414,252,483,219,332,76,430,18,400,339,329,96,49,36,522,459,129,256,251,78,440,14,531,361,303,198,397,61,304,270,446,354,286,158,245,364,309,183,324,316,386,2,460,182,32,455,268,514,92,357,411,518,240,16,320,189,125,15,526,249,22,230,370,435,466,396,384,242,83,429,80,44,117,35,314,491,273,166,253,439,24,52,62,67,524,82,275,226,456,369,508,87,102,282,210,395,33,222,355,451,535,449,231,458,54,534,403,89,299,463,297,436,95,31,81,88,223,28,197,269,224,344,331,461,130,11,8",5000,100
11,4,108903.94451242991,21.882423392182577,"22,230,460,182,32,455,268,514,324,316,386,2,15,526,249,396,384,242,83,429,80,44,117,16,320,189,125,198,397,61,304,270,446,354,463,297,436,465,287,467,155,274,349,194,162,258,238,149,171,66,214,122,200,502,165,321,124,220,513,75,19,160,416,509,369,456,226,248,115,388,378,227,271,69,334,301,414,499,289,325,96,49,36,400,339,329,401,113,72,213,243,525,205,38,389,285,462,450,307,305,295,206,217,250,507,485,394,443,348,108,58,99,84,418,352,10,306,342,114,105,131,330,345,490,464,510,484,138,247,318,201,156,359,516,375,532,528,488,322,257,505,380,264,399,132,351,211,254,371,5,372,280,241,447,244,164,448,178,262,279,419,229,504,174,489,60,163,421,25,168,313,317,431,407,73,246,136,422,161,482,521,47,486,381,496,344,338,470,323,498,106,308,428,512,302,336,427,347,39,48,209,116,112,471,413,420,187,101,469,120,53,368,148,216,260,506,353,202,493,57,377,203,128,70,68,170,204,212,319,12,45,472,276,383,3,284,121,86,127,218,147,444,91,501,29,107,56,438,379,283,145,333,43,195,327,65,393,265,481,523,479,143,437,144,41,255,169,64,235,180,100,492,503,441,272,426,433,17,79,425,278,208,326,85,409,310,186,137,8,461,130,11,331,34,263,172,511,315,374,150,207,152,185,398,236,410,126,281,356,382,390,311,452,20,415,103,269,224,51,141,473,432,197,288,362,153,40,118,408,9,196,4,406,215,23,536,527,519,42,142,191,93,360,221,111,104,266,267,291,135,261,391,296,337,239,373,151,193,26,173,157,237,346,119,404,176,361,303,92,357,411,518,240,403,81,31,95,332,483,219,252,430,18,335,358,494,50,154,442,495,453,110,234,312,434,454,423,30,146,228,167,71,251,78,440,14,531,225,445,459,522,67,62,52,275,524,82,190,341,192,363,7,133,59,21,76,515,55,392,376,134,487,109,175,293,37,300,457,123,530,177,417,294,350,520,259,223,88,273,166,253,439,24,491,314,183,309,364,35,370,435,466,245,158,286,534,89,299,222,210,395,33,508,87,102,343,27,63,13,292,385,328,77,159,340,139,517,98,184,480,140,529,366,402,181,6,282,367,475,424,94,412,476,468,500,188,277,90,199,405,365,290,298,477,179,46,533,387,232,233,28,497,54,97,474,458,231,535,449,451,355,478,74,256,129",5000,100
11,5,108006.51669058691,22.57682781409699,"54,458,231,471,413,420,187,101,469,120,199,405,365,290,148,368,278,425,79,17,326,208,437,143,479,233,232,46,533,387,137,333,145,438,379,283,461,130,11,331,263,34,296,135,64,235,492,503,441,272,426,433,298,53,216,260,202,353,506,476,468,500,188,277,276,383,3,284,121,28,170,68,70,204,212,319,12,45,472,419,279,229,504,174,489,60,163,421,25,168,313,262,90,424,94,412,269,224,51,141,473,432,218,147,444,91,501,29,107,56,288,197,85,409,310,186,65,393,265,481,523,169,41,255,144,8,43,195,327,100,180,477,179,267,291,261,391,266,104,111,221,360,337,239,373,406,215,23,536,527,519,207,152,185,398,236,410,126,281,356,382,390,311,452,20,415,103,497,431,317,407,73,246,136,422,161,482,521,47,486,381,496,344,338,470,323,498,106,308,428,512,302,336,427,347,39,48,209,116,112,449,535,451,355,176,237,346,119,404,157,465,436,95,354,463,297,446,270,304,61,397,198,125,189,320,16,242,83,429,80,44,117,396,466,526,249,22,230,460,15,182,32,455,268,514,324,183,309,364,35,370,435,386,2,316,158,245,286,534,89,299,92,357,411,518,240,384,361,303,184,480,140,529,366,402,181,6,282,210,395,33,508,87,102,343,27,63,13,292,385,328,77,159,340,139,517,98,222,258,238,149,171,66,214,122,200,502,165,321,124,220,513,75,19,160,416,509,369,456,226,248,115,388,21,59,378,227,271,334,301,414,499,289,325,96,49,36,400,339,329,401,113,72,213,243,525,205,38,389,285,462,450,307,305,295,206,217,250,507,485,394,443,348,108,58,99,84,418,352,10,306,342,114,105,359,516,375,532,528,488,322,257,505,380,264,399,132,351,178,211,254,371,5,372,280,241,447,244,97,474,86,127,118,153,362,40,150,374,408,315,511,172,9,196,4,142,93,42,191,490,345,156,330,131,484,138,247,318,201,464,510,448,164,57,377,203,128,493,475,55,392,376,134,487,109,175,123,530,177,515,81,31,403,439,24,253,273,166,491,314,129,256,251,78,440,14,531,225,228,167,71,146,445,459,522,67,62,52,275,524,82,190,341,192,363,7,133,335,358,494,50,154,442,495,453,110,234,312,434,454,423,30,332,483,219,252,430,18,76,69,350,520,259,223,88,467,287,155,274,349,194,162,367,37,300,457,193,26,173,151,417,294,478,74,293",5000,100
11,6,109977.45880093238,19.970990298799386,"173,151,193,26,530,177,515,55,392,376,134,487,109,175,293,300,37,367,87,102,343,27,63,13,292,385,328,77,159,340,139,517,98,184,480,140,529,366,402,181,6,282,210,395,33,508,222,258,238,149,259,520,350,294,417,113,72,213,243,525,205,38,389,285,248,369,456,226,219,332,483,252,430,18,335,358,494,50,154,442,495,453,110,234,312,434,454,423,30,146,445,225,228,167,71,462,450,307,305,295,206,217,250,507,485,394,443,348,108,58,99,84,418,352,54,474,97,244,447,164,448,178,351,211,254,371,5,372,280,241,342,10,306,114,105,488,322,257,505,380,264,399,132,338,323,470,498,106,308,428,512,302,336,427,347,39,48,209,116,112,471,413,420,187,101,469,120,199,405,365,290,148,216,260,506,353,202,493,57,377,203,128,70,68,170,204,212,319,12,45,472,419,279,229,504,174,489,60,163,421,25,168,313,262,90,424,94,412,476,468,500,188,277,127,86,121,284,3,28,276,383,232,233,46,533,387,137,333,43,195,327,65,393,265,481,523,479,143,437,144,41,255,326,208,17,79,425,278,298,433,426,272,503,441,492,235,64,461,130,11,331,283,379,438,56,107,29,85,409,310,186,145,153,362,40,118,288,197,147,218,432,473,141,51,224,269,103,415,20,452,422,161,482,521,47,486,381,496,344,73,246,136,497,431,317,407,142,191,93,42,311,410,126,281,356,382,390,185,152,207,9,196,4,406,215,23,536,527,519,408,374,315,511,172,263,34,296,135,291,267,179,477,180,100,169,8,239,373,111,221,360,337,391,261,156,490,464,510,484,138,247,318,201,359,516,375,528,532,345,330,131,16,384,242,83,429,80,44,117,32,455,268,514,324,316,386,2,460,230,15,182,125,189,320,435,526,249,22,370,35,309,364,245,158,286,534,89,299,92,357,411,518,240,198,397,61,304,270,446,463,297,436,95,465,287,467,155,274,349,194,162,171,66,214,122,200,502,165,321,124,220,513,75,19,160,416,509,475,115,388,21,59,378,227,271,301,414,499,289,325,334,69,190,341,192,363,7,133,78,440,14,531,129,256,251,524,82,52,62,67,522,459,275,49,36,400,339,329,96,401,74,478,457,123,150,266,104,501,444,91,451,355,404,119,346,237,157,176,361,303,31,403,81,439,24,253,273,166,491,314,183,396,466,354,88,223,231,458,449,535,53,368,398,236,76",5000,100
12,0,128748.94055584114,18.9958009442808,"292,343,27,282,210,214,122,171,149,529,181,6,63,13,340,139,159,95,436,299,304,411,357,92,32,182,460,230,22,249,526,15,403,151,119,102,33,222,395,87,184,98,200,165,321,502,243,213,417,294,179,261,391,130,11,393,40,29,362,501,153,197,288,196,9,315,511,150,408,172,118,519,527,207,185,152,398,236,311,371,5,372,211,351,492,8,461,180,112,39,48,458,54,244,447,254,448,178,116,209,498,106,308,412,323,470,132,262,264,505,380,464,510,47,486,521,86,238,274,155,349,194,72,508,487,109,515,74,113,10,306,342,114,348,191,142,422,161,473,432,218,147,444,91,126,281,390,141,409,186,235,46,479,472,419,279,45,12,319,212,204,188,506,353,202,216,60,174,482,333,85,107,56,283,272,221,360,337,239,406,397,61,534,89,253,439,24,2,316,324,183,309,35,370,435,16,320,189,125,396,384,242,83,429,80,117,44,518,240,514,268,455,314,491,307,450,219,483,115,442,495,453,332,430,18,7,363,133,494,358,335,50,154,67,52,110,234,312,434,129,522,459,96,400,339,525,454,423,30,301,414,271,334,69,190,341,82,524,275,62,36,49,75,19,513,220,475,160,416,389,285,248,509,84,99,418,399,317,431,407,164,532,528,375,497,246,489,229,51,20,128,233,232,387,533,438,145,43,327,195,481,437,144,41,255,127,284,3,121,28,68,70,170,148,199,471,413,187,101,359,516,490,345,111,296,263,34,137,310,266,104,169,265,203,377,143,57,493,267,441,503,90,424,168,313,421,163,25,73,344,496,381,93,474,97,336,302,338,500,468,276,383,260,79,425,17,326,208,65,477,100,64,135,291,331,379,504,269,224,136,410,382,356,452,352,241,280,512,427,257,322,488,449,535,451,376,367,373,215,23,536,4,374,138,484,156,201,318,247,42,443,394,485,507,108,58,78,445,225,228,167,256,251,440,14,388,59,21,227,378,350,478,520,259,223,166,273,297,354,303,361,446,463,286,158,245,364,31,428,347,420,469,94,465,346,237,176,173,157,402,366,37,293,300,175,385,328,77,392,124,205,38,499,289,401,258,162,329,325,146,71,462,76,252,456,226,192,177,530,123,517,193,26,457,287,278,368,53,426,433,298,476,405,523,277,103,415,131,105,330,355,480,140,467,66,369,295,305,531,206,217,250,386,466,198,270,120,365,290,231,404,55,134,88,81",5000,100
12,1,107192.83221235665,30.88353662499035,"239,373,406,215,23,536,527,519,207,152,398,236,142,191,93,42,161,482,247,318,201,156,330,131,105,10,306,114,348,108,58,99,84,418,352,54,474,97,231,458,244,447,164,448,178,254,211,351,132,399,264,380,505,257,322,488,528,532,375,516,359,345,490,464,510,484,138,486,47,521,381,496,344,73,246,136,422,415,103,20,452,311,410,126,281,356,390,382,197,288,118,40,153,362,91,444,501,29,107,56,438,379,283,461,8,327,195,43,333,137,145,310,186,409,85,86,127,276,383,3,121,284,68,70,170,204,212,319,12,45,472,419,279,229,504,174,489,60,163,421,25,313,168,262,338,323,470,498,106,308,428,512,302,336,427,347,116,209,48,39,112,471,413,101,187,420,469,120,53,298,425,79,17,326,208,437,143,479,233,232,128,500,468,476,412,94,424,90,277,188,28,260,202,353,506,203,377,57,493,278,368,148,365,290,405,199,216,41,255,144,481,523,265,169,393,65,235,180,100,492,503,441,272,426,433,477,179,64,135,291,267,266,104,111,221,360,337,172,263,34,296,261,391,130,11,331,185,9,196,4,374,315,511,408,150,473,432,218,147,46,387,533,51,141,224,269,497,431,317,407,371,5,372,280,241,342,358,494,50,154,442,495,453,110,234,312,434,454,423,30,146,445,225,228,167,71,462,450,307,305,295,206,226,456,369,509,416,160,475,55,392,139,340,517,98,63,343,27,402,366,529,480,184,13,385,292,77,328,159,376,175,293,37,300,457,193,26,173,151,123,530,109,487,134,515,177,223,520,259,149,171,66,243,213,525,72,113,401,329,339,400,36,52,62,67,522,459,129,256,251,440,14,531,78,275,524,82,96,49,192,363,7,133,335,76,332,483,219,252,430,18,21,388,115,248,285,389,38,205,513,75,19,220,124,321,165,502,200,181,6,282,210,395,33,508,102,87,222,258,238,162,194,349,274,155,467,287,465,95,436,297,463,354,446,270,61,397,198,303,361,304,370,35,309,183,324,316,386,2,230,15,182,32,455,240,518,411,357,92,514,268,320,189,125,16,117,44,80,429,83,242,384,396,460,249,526,466,435,22,314,491,24,253,439,81,31,403,534,89,299,286,158,245,364,273,166,88,478,350,294,417,74,289,325,334,271,301,414,499,535,449,451,355,443,394,485,507,250,217,122,214,140,367,237,346,119,404,176,157,227,378,341,190,69,59",5000,100
12,2,108253.78675522383,19.431050819416473,"46,232,233,479,143,437,144,41,255,169,393,65,195,327,43,333,137,387,533,310,186,409,85,444,91,197,147,218,432,473,141,51,224,269,504,174,489,60,163,421,25,313,168,262,279,419,472,12,45,319,212,204,188,277,90,424,94,412,476,468,500,128,70,170,68,28,276,383,3,284,121,86,127,29,40,153,362,501,107,56,379,283,461,8,235,492,100,180,477,179,267,266,104,111,221,360,337,239,373,406,215,23,536,527,519,196,9,207,185,152,398,236,410,126,281,356,382,390,288,118,408,150,374,315,511,172,263,34,296,261,391,291,135,64,130,11,331,145,438,42,142,191,93,482,161,422,415,103,20,452,311,344,73,497,317,431,407,380,505,257,322,488,528,532,375,516,490,345,359,330,131,105,10,342,306,114,348,108,58,99,84,418,352,54,474,97,231,458,112,39,48,209,116,512,302,336,427,347,308,428,106,498,470,323,178,448,164,447,371,254,211,351,132,264,399,136,246,338,280,241,372,5,433,426,272,503,441,278,425,79,17,326,208,493,57,377,203,260,202,353,506,216,199,405,365,290,53,298,368,148,420,187,101,469,120,176,237,346,119,404,151,193,26,173,157,465,95,436,297,463,354,403,534,89,299,286,158,245,364,309,183,324,316,386,2,230,15,249,526,466,435,370,35,314,491,273,166,253,439,81,31,88,223,520,259,149,238,258,222,210,395,33,508,102,87,343,27,63,385,292,13,328,77,159,376,175,123,530,177,515,487,134,55,392,139,340,517,98,184,480,140,122,214,66,171,366,402,181,282,529,213,243,165,502,200,321,124,220,513,75,19,205,38,389,285,248,252,483,219,462,332,76,18,59,21,388,115,430,7,133,335,358,494,50,154,442,495,363,192,341,190,69,334,271,227,378,524,82,275,129,256,251,440,14,531,78,434,454,423,30,146,445,225,228,167,71,450,307,305,295,206,217,250,507,485,394,443,355,451,535,449,413,471,244,510,484,138,247,318,201,156,464,47,486,521,381,496,429,83,242,384,396,125,189,320,16,117,44,80,198,61,304,270,446,303,361,397,32,182,460,455,268,514,92,240,518,411,357,52,62,67,522,459,36,49,96,325,301,414,499,289,329,339,400,350,294,417,74,478,349,274,155,467,287,194,162,72,113,401,525,367,37,300,457,293,226,456,369,509,416,160,475,109,453,110,234,312,6,22,24,265,481,523,4,229",5000,100
12,3,107506.68951106374,22.09063541447615,"173,26,193,151,123,530,177,515,487,134,55,392,139,340,517,98,184,480,140,122,214,66,171,149,238,258,222,210,395,33,508,102,87,282,181,6,529,366,402,63,385,292,13,328,77,159,376,175,293,37,300,457,367,329,339,400,49,96,325,334,271,301,414,499,289,69,190,341,192,363,7,133,335,358,494,50,154,442,495,453,110,234,312,434,454,423,30,76,332,483,219,462,450,307,305,295,206,217,250,507,485,394,443,99,84,418,352,10,342,306,114,348,108,58,505,380,264,399,448,178,254,211,351,132,338,323,470,498,106,308,428,512,302,336,427,347,116,209,48,39,112,471,413,101,187,420,469,120,365,290,405,199,260,202,353,506,203,377,57,493,278,425,79,17,298,53,368,148,216,468,500,476,412,94,424,90,277,188,204,212,319,12,45,472,419,279,229,504,269,224,51,141,473,432,218,147,444,91,197,288,118,40,153,362,501,29,107,56,438,145,310,186,409,85,86,127,68,170,70,128,233,232,46,387,533,195,327,43,333,137,393,65,235,180,100,492,503,441,272,426,433,477,179,267,266,104,111,221,360,337,239,373,406,215,23,536,527,519,196,9,207,185,152,398,236,410,126,281,356,382,390,20,452,311,142,191,93,42,4,408,150,374,315,511,172,263,34,296,261,391,291,135,64,130,11,331,379,283,461,8,255,41,144,437,143,479,523,481,265,169,326,208,421,25,60,489,174,431,317,497,246,73,344,496,381,486,47,521,482,161,422,415,103,136,3,284,121,28,276,383,262,313,168,163,241,280,372,5,371,447,244,97,231,458,54,474,449,535,451,355,404,119,346,162,194,349,274,155,467,287,465,95,436,297,463,354,403,534,89,299,286,158,245,364,309,183,324,316,386,2,230,22,249,526,466,435,370,35,460,182,32,455,240,518,411,357,92,514,268,320,189,125,16,117,44,80,429,83,242,384,396,15,198,61,304,270,446,303,361,397,273,166,253,24,491,314,439,81,31,88,223,520,259,350,294,417,74,478,243,213,525,72,113,401,502,200,165,321,124,220,513,75,19,205,38,389,285,248,252,430,18,59,21,388,115,378,227,524,82,275,129,256,251,440,14,531,78,459,522,67,62,52,36,146,445,225,228,167,71,475,160,416,509,369,456,226,516,359,330,131,105,345,490,464,510,484,138,247,318,201,156,407,488,528,532,375,322,257,164,176,237,157,343,27,109",5000,100
13,0,111110.35200283716,19.67154244335181,"214,122,140,200,502,165,321,124,220,75,19,513,475,416,160,509,369,226,456,384,396,125,189,320,16,117,44,198,92,514,268,240,518,411,357,304,61,397,303,361,270,446,463,297,354,534,403,81,31,88,223,349,274,155,467,287,465,95,436,157,173,346,119,404,237,176,451,535,449,413,471,112,39,48,209,116,428,308,106,498,323,470,178,254,211,351,132,427,302,336,347,338,399,264,505,380,257,322,488,342,306,114,348,108,58,418,352,10,474,97,447,244,371,5,372,280,241,448,164,512,377,57,493,202,353,506,260,216,290,365,405,199,148,368,53,298,433,426,272,441,503,100,180,477,179,267,266,104,391,261,296,263,34,172,511,315,374,408,150,207,185,152,398,236,311,410,126,281,356,390,382,91,501,29,362,153,40,118,107,56,438,379,283,331,11,130,461,8,64,235,492,310,186,409,85,444,147,218,432,473,197,288,127,121,284,3,383,276,28,45,12,319,212,204,68,170,70,128,203,500,188,468,476,412,424,94,90,277,419,279,229,489,174,504,269,20,452,161,422,415,103,497,317,431,407,313,168,421,25,163,60,262,472,482,93,42,142,191,4,406,373,239,337,360,221,111,135,291,425,79,17,208,326,255,41,144,481,523,479,143,437,233,232,46,533,387,137,145,333,43,195,327,65,393,265,169,86,73,246,136,344,496,381,486,521,47,138,484,510,464,490,345,330,131,105,359,516,375,532,528,527,519,196,9,23,536,215,69,227,378,59,21,388,115,252,483,219,462,71,167,228,225,445,146,30,423,454,434,312,234,110,76,430,18,335,358,494,50,154,442,495,453,192,363,7,133,62,67,522,459,256,251,78,440,14,531,305,295,206,217,250,63,343,27,282,181,6,402,366,529,222,210,395,33,508,87,102,385,292,13,328,77,159,340,139,517,98,184,480,392,55,457,123,175,376,293,37,300,367,26,193,151,530,177,515,134,487,109,525,243,213,72,113,401,74,478,294,417,350,520,259,149,238,258,162,194,455,32,182,460,15,22,249,526,466,435,370,35,364,309,183,324,316,386,2,230,158,286,253,439,24,314,491,273,166,245,83,242,429,80,66,171,400,36,49,96,329,289,325,190,341,524,82,52,275,129,334,301,414,271,285,389,38,205,499,339,248,332,307,450,507,156,201,318,247,458,231,54,420,101,187,469,120,443,394,485,99,84,355,51,141,224,278,299,89",5000,100
13,1,107505.3930594699,21.265274089138092,"487,109,530,177,515,134,55,475,416,160,509,369,456,226,219,252,483,332,76,430,18,335,358,494,50,154,442,495,453,110,234,312,434,78,440,14,531,225,228,167,71,462,450,307,305,295,206,217,250,485,507,156,345,490,464,510,484,138,247,318,201,330,131,105,114,348,108,58,418,352,10,306,342,241,280,372,5,371,254,211,178,448,164,447,244,97,474,54,458,231,471,413,420,469,120,303,361,32,455,240,518,411,357,92,514,268,125,189,320,16,117,44,80,429,83,242,384,396,460,230,22,249,526,466,15,182,309,364,35,370,435,386,2,316,183,324,245,158,286,253,24,314,491,273,166,439,81,31,403,534,89,299,304,61,397,198,270,446,463,297,354,95,436,465,157,237,119,404,176,346,193,151,123,175,376,159,340,517,98,184,480,140,122,214,66,171,238,258,162,194,349,274,155,287,467,293,300,37,395,210,222,282,181,6,402,366,529,149,294,417,329,339,400,36,49,96,190,341,192,363,7,133,59,21,388,115,445,146,30,423,454,275,524,82,52,62,67,522,459,256,251,129,334,325,499,289,401,113,72,213,243,525,321,124,220,513,75,19,205,38,389,285,248,301,414,271,69,227,378,457,26,173,367,87,102,33,508,385,292,13,63,27,343,77,328,139,392,200,502,165,74,478,350,520,259,223,88,406,373,239,337,360,221,111,104,266,391,261,296,263,34,172,23,215,4,527,519,150,374,315,511,536,408,288,390,382,356,281,126,410,152,185,398,236,207,9,196,48,39,112,498,106,308,428,512,302,336,427,347,338,132,351,323,470,209,116,407,317,431,497,246,73,344,496,381,47,486,521,482,93,42,142,191,311,452,161,422,136,415,103,20,141,51,224,229,504,174,489,60,163,421,25,168,313,262,279,419,472,45,12,319,212,204,188,277,468,500,476,412,424,90,94,144,41,255,326,208,57,493,278,425,79,17,433,426,272,503,441,265,169,65,393,533,387,137,145,438,56,107,40,118,153,362,501,29,127,3,284,121,86,276,383,28,68,70,170,128,203,377,143,437,481,523,195,327,43,333,283,379,331,11,130,461,8,64,235,492,180,477,179,267,291,135,186,310,409,85,444,91,197,147,218,432,473,232,233,46,479,449,535,451,355,84,99,443,394,359,516,375,532,528,488,322,257,505,380,264,399,199,405,365,290,53,368,148,216,260,202,353,506,100,298,269,187,101",5000,100
13,2,108947.97818029406,19.87778075642383,"102,27,343,63,385,292,13,328,77,159,340,139,517,98,184,480,392,293,300,37,395,33,508,87,222,210,282,181,6,529,366,402,258,238,149,171,66,417,294,350,520,259,478,74,401,113,72,525,321,165,502,200,122,214,140,59,21,388,115,252,483,219,332,76,430,18,335,358,494,50,154,442,495,453,110,234,312,434,454,423,30,146,445,228,225,167,71,450,307,305,295,206,217,250,507,485,394,156,345,490,516,375,532,528,488,322,257,505,380,264,399,132,351,178,448,164,447,371,254,211,338,168,313,262,279,419,60,489,174,504,229,269,224,51,141,473,432,218,147,197,288,281,126,410,152,185,398,236,311,382,390,356,150,408,374,315,511,536,23,215,406,373,239,337,360,221,111,104,391,261,296,34,263,172,331,11,130,461,8,43,195,327,65,393,265,169,255,41,144,481,523,479,143,437,233,232,46,137,145,333,310,186,409,85,444,91,362,501,29,40,118,153,438,379,283,64,235,492,100,180,477,179,267,266,291,135,503,441,272,426,433,17,79,425,278,493,57,377,203,128,68,70,170,204,212,319,12,45,472,276,383,3,284,121,86,127,28,326,208,298,53,368,148,199,405,365,290,260,216,302,336,427,347,48,39,112,471,413,420,101,187,469,120,361,303,270,304,61,397,198,320,189,125,396,16,117,44,80,429,83,242,384,460,230,2,386,316,324,183,309,364,35,370,22,249,526,466,15,182,32,455,240,518,411,357,92,514,268,314,491,273,166,81,403,463,297,354,95,436,465,287,467,155,274,349,194,162,367,530,177,515,55,134,487,109,376,175,123,457,193,26,173,151,346,119,404,176,237,157,334,301,414,499,289,325,96,49,36,52,62,67,522,459,256,129,275,524,82,341,190,69,271,378,227,363,192,251,78,440,14,531,133,7,75,19,513,205,124,220,475,416,160,509,369,456,226,248,285,389,38,329,339,400,88,223,31,439,24,253,286,534,89,299,446,412,476,468,500,188,277,90,424,94,116,209,308,106,498,470,323,428,512,202,353,506,431,317,407,497,246,73,344,496,381,47,486,521,484,138,247,318,201,510,464,443,99,418,352,54,474,458,231,535,449,244,97,103,415,387,533,93,191,142,42,482,161,422,136,452,20,207,9,196,527,519,4,306,342,114,348,108,58,84,355,451,241,280,372,5,421,25,163,131,330,359,105,10,56,107,435,245,158,213,243,462",5000,100
13,3,106866.96129205763,23.579822807626297,"197,288,390,382,356,281,126,410,152,185,398,236,207,9,196,4,215,406,373,239,337,360,221,111,104,266,391,261,296,263,34,172,511,315,374,408,150,519,527,536,23,20,452,311,142,191,93,42,482,161,422,136,246,73,344,496,381,47,486,521,484,510,138,247,318,201,156,345,490,464,488,528,375,532,516,359,330,131,105,443,394,485,507,250,217,206,295,450,307,305,531,52,62,67,522,459,256,251,78,440,14,445,225,228,167,71,462,332,483,219,252,430,76,18,335,133,7,363,453,110,234,312,434,454,423,154,50,30,146,378,227,271,301,414,499,289,325,96,329,339,400,36,49,82,524,275,129,59,21,388,115,248,285,389,38,205,513,75,19,160,416,509,369,456,226,487,109,530,177,515,55,134,392,139,517,98,184,480,140,122,214,66,171,238,149,417,294,350,520,259,223,88,31,81,403,534,89,299,446,463,354,95,436,465,287,467,155,274,349,194,162,258,222,395,210,282,181,6,402,366,529,200,502,165,321,124,220,475,300,457,193,26,173,151,123,175,293,37,77,328,159,340,367,508,87,102,27,343,63,13,292,385,119,404,176,237,157,297,361,303,270,304,61,397,198,44,80,429,83,242,384,396,125,16,117,182,32,455,240,518,411,357,92,514,268,324,183,309,364,245,158,286,253,439,24,314,491,273,166,466,435,370,35,230,460,15,249,526,386,316,22,2,189,320,291,135,64,235,492,100,180,477,179,267,57,377,203,128,68,70,170,204,212,319,12,45,472,419,279,262,313,168,421,25,163,60,489,174,504,229,269,224,51,141,473,432,218,147,444,91,85,29,501,362,153,40,107,56,438,379,283,333,186,310,145,137,533,387,195,327,65,393,265,481,523,479,143,437,144,41,255,326,208,17,79,425,278,368,148,199,405,365,290,53,298,433,426,272,441,503,260,202,353,506,412,94,90,424,498,470,323,106,308,428,512,302,336,427,347,116,209,48,39,112,231,458,54,474,97,471,413,420,187,101,469,120,352,10,306,342,114,348,108,58,418,84,99,451,355,164,447,244,371,5,372,280,241,431,317,407,497,415,103,121,284,3,276,383,28,86,127,169,46,233,232,500,476,468,188,277,264,505,257,322,448,178,211,254,351,132,338,399,380,8,43,130,11,461,331,118,409,493,216,535,449,401,113,72,213,243,525,376,334,69,190,341,192,495,442,358,494,478,74,33,346",5000,100
14,0,108969.32050145986,19.755962639359307,"442,495,453,110,234,312,434,129,67,522,459,256,251,78,440,14,531,307,450,305,295,206,226,456,369,509,160,416,475,392,55,134,487,109,530,177,515,376,175,123,151,193,26,173,157,436,95,354,463,297,446,270,304,61,397,198,117,44,429,80,83,242,384,396,15,460,230,22,249,526,466,370,435,35,309,364,245,286,534,89,299,92,514,268,240,518,411,357,320,189,125,32,455,182,2,386,316,324,183,24,253,439,166,273,491,314,158,367,508,102,87,27,343,63,385,292,13,77,328,159,139,340,517,184,98,200,502,165,321,124,220,513,75,19,205,38,389,285,248,115,388,21,59,378,227,69,271,301,414,499,289,325,334,190,341,192,363,7,133,335,358,494,50,154,423,454,30,146,445,225,228,167,71,462,332,483,219,252,430,18,76,62,52,36,400,329,339,113,401,74,478,350,520,259,223,88,31,81,403,361,303,120,290,365,405,199,260,216,148,368,53,298,441,503,492,235,64,179,267,291,135,261,391,266,104,111,221,360,337,239,373,406,215,4,196,9,207,185,152,398,236,311,390,356,382,281,126,410,150,374,315,511,536,23,172,34,263,331,379,283,461,8,333,145,438,56,107,40,118,153,362,501,91,197,288,408,519,527,387,533,393,65,327,195,43,310,186,409,85,29,488,528,375,532,344,496,381,47,486,521,484,138,247,318,201,156,330,131,105,342,306,114,348,108,58,99,84,418,352,10,280,241,372,5,371,254,211,351,132,399,264,380,505,257,322,448,178,323,470,498,106,308,428,512,302,336,427,347,116,209,48,39,112,471,413,420,187,101,449,535,451,355,443,394,485,507,250,217,422,136,246,73,497,317,431,407,421,25,168,313,262,60,163,41,255,144,437,143,479,233,232,46,137,51,141,473,432,218,147,444,127,86,284,3,121,28,204,212,319,12,45,472,277,188,500,468,476,412,94,90,424,68,70,170,128,203,377,57,493,208,17,79,425,278,433,426,272,326,169,265,481,523,130,11,383,276,229,504,269,224,415,103,20,452,191,142,93,42,482,161,345,490,464,510,516,359,244,447,164,419,279,489,174,338,469,176,237,119,404,346,457,300,293,37,33,395,222,210,282,181,6,529,366,402,238,258,162,194,349,274,155,287,467,465,140,122,214,66,171,149,294,417,96,49,82,524,275,525,72,213,243,480,458,231,474,97,54,506,202,353,477,180,100,296,16",5000,100
14,1,108316.3714150022,21.0703212402244,"534,89,299,403,31,81,439,253,24,491,314,166,273,435,35,364,309,183,324,316,386,2,455,32,182,15,460,230,22,249,526,466,245,158,286,270,304,61,397,198,44,429,80,83,242,384,396,125,189,320,16,117,97,231,458,474,54,352,10,280,241,372,257,505,264,380,399,132,351,178,448,164,447,244,498,106,308,428,512,302,336,427,347,413,471,112,39,48,209,116,323,470,211,254,371,5,322,488,528,375,532,344,496,381,47,486,521,484,510,464,490,345,330,131,105,342,306,114,348,108,58,99,84,418,93,42,482,161,422,20,103,415,136,246,73,497,317,431,407,421,25,168,313,262,424,90,94,412,476,500,468,188,277,212,204,319,12,45,472,419,279,229,504,174,489,60,163,338,28,276,383,127,121,284,3,86,232,233,479,143,437,144,41,255,169,265,481,523,46,533,387,137,333,145,310,186,409,85,29,501,91,444,147,218,432,473,141,51,224,269,70,170,68,128,203,377,57,493,208,326,17,79,425,278,433,426,272,441,503,492,100,180,477,179,267,291,135,261,391,266,104,111,221,360,337,239,373,406,215,4,196,9,207,185,152,398,236,311,382,356,390,281,126,410,150,374,315,511,536,23,172,34,263,331,11,130,461,8,64,235,327,195,43,393,65,260,216,148,368,53,298,506,353,202,365,290,120,469,176,237,119,404,346,151,193,26,173,157,436,95,465,467,287,155,274,349,194,162,258,238,149,171,529,366,402,181,6,282,210,395,222,33,508,102,87,27,343,63,385,292,13,77,328,159,139,340,517,98,184,480,140,122,214,66,401,113,72,213,243,165,502,200,321,124,220,513,75,19,205,38,389,285,248,115,388,21,59,378,227,69,334,190,341,192,363,7,133,335,358,494,50,154,442,495,453,110,234,312,434,454,423,30,146,445,225,228,167,71,462,332,483,219,252,430,18,76,475,160,416,509,369,456,226,295,206,217,250,485,507,156,201,318,247,138,118,153,362,288,197,40,107,56,438,379,283,527,519,452,191,142,296,408,449,535,451,355,443,394,359,516,177,515,487,109,175,376,293,37,300,457,123,530,367,417,294,350,520,259,223,88,303,361,92,357,411,518,240,268,514,370,446,354,463,297,134,55,392,329,339,400,36,52,62,67,522,459,256,129,275,524,82,49,96,325,289,499,301,414,271,305,307,450,14,440,78,251,531,525,74,478,420,187,101,405,199",5000,100
14,2,111294.03688416106,17.977342747486098,"101,187,420,347,116,209,48,39,112,471,413,449,535,451,355,84,418,352,10,342,306,114,348,108,58,99,443,394,485,507,156,201,318,247,484,138,464,490,345,330,131,105,359,516,375,532,528,322,257,505,264,380,399,132,351,178,448,164,447,244,97,231,458,474,54,506,202,353,260,216,148,368,53,298,278,425,79,17,326,208,437,144,41,255,169,265,393,65,327,195,43,333,137,186,310,145,438,56,107,40,153,362,501,29,85,409,46,232,233,479,143,377,57,493,28,276,383,3,284,121,86,127,147,218,432,473,141,51,224,269,504,174,489,60,163,421,25,168,313,262,424,90,94,412,476,500,468,188,277,212,319,12,45,472,419,279,229,70,170,68,128,203,118,408,374,315,511,536,23,215,4,196,9,207,185,152,398,236,311,390,356,382,281,126,410,150,519,527,296,34,263,172,42,142,93,191,197,91,444,288,477,179,267,291,135,64,130,11,331,283,461,8,235,492,100,180,503,441,272,426,433,387,533,481,523,254,371,5,372,280,241,106,498,470,323,338,336,427,302,512,428,308,407,431,317,497,246,73,344,496,381,47,486,521,482,161,422,20,452,415,103,136,373,406,337,239,221,360,104,111,391,266,261,365,290,199,405,176,237,119,404,346,151,193,26,173,157,436,95,465,467,287,155,274,349,194,162,258,238,149,259,520,350,294,417,74,478,401,113,72,213,243,525,321,165,502,200,98,184,480,140,122,214,66,171,529,366,402,181,6,282,210,395,222,33,508,367,37,300,293,175,376,159,139,340,517,392,124,220,513,75,19,205,38,389,285,248,115,388,21,59,378,227,69,271,301,414,499,289,325,334,190,341,192,363,7,133,335,358,494,50,154,442,495,453,110,234,312,434,454,423,30,146,445,225,228,167,71,462,332,483,219,252,430,76,18,275,524,82,49,96,329,339,400,36,52,62,67,522,459,256,129,416,160,475,509,369,456,226,295,206,217,250,123,530,177,515,487,134,55,109,31,81,439,253,24,491,314,166,273,245,158,286,534,89,299,403,446,354,463,297,361,303,304,61,397,198,518,240,411,357,92,514,268,316,324,183,309,364,35,370,435,526,249,22,386,2,455,182,32,125,189,320,16,117,44,429,80,83,242,384,396,15,460,230,466,379,204,211,488,510,328,77,292,13,385,343,27,63,87,102,457,14,531,307,450,305,78,440,251,88,223,270,120,469",5000,100
14,3,107637.29268063861,23.927089396279943,"123,530,177,515,487,134,55,392,124,220,513,75,19,205,38,389,285,248,115,388,21,59,378,227,69,334,190,341,192,363,7,133,335,358,494,50,154,442,495,453,110,234,312,434,454,423,30,146,445,225,228,167,71,462,332,483,219,252,430,76,18,275,524,82,49,96,329,339,400,36,52,62,67,522,459,256,129,321,165,502,200,98,184,480,140,122,214,66,171,238,258,162,194,349,274,155,287,467,465,436,95,297,446,354,463,309,364,35,370,435,249,526,466,15,460,230,22,386,316,324,183,245,158,286,534,89,299,403,31,81,439,253,24,491,314,166,273,182,32,455,268,514,92,357,411,518,240,125,189,320,16,117,44,429,80,242,384,396,83,361,303,304,61,397,198,270,26,193,151,173,157,237,119,404,346,457,300,293,37,385,292,13,77,328,159,139,340,517,367,508,102,87,27,343,63,6,282,210,395,222,33,366,402,181,529,149,259,520,350,294,417,74,478,401,113,72,213,243,525,251,78,440,14,531,307,450,305,295,206,217,250,485,507,156,201,318,247,138,484,510,464,490,345,330,131,105,359,516,375,532,528,488,322,257,505,264,380,399,132,351,178,448,164,447,244,97,474,54,458,231,112,471,413,420,187,101,469,120,290,365,405,199,260,216,148,368,53,298,441,503,100,180,477,179,267,291,135,261,391,266,104,111,221,360,337,239,373,406,215,4,196,9,207,185,152,398,236,311,382,356,390,281,126,410,150,374,408,118,153,362,501,91,197,288,317,431,407,497,73,344,496,381,47,486,521,482,161,422,136,246,415,103,20,452,191,142,93,42,23,172,511,315,536,527,519,533,387,393,65,327,195,43,333,137,186,310,145,438,56,107,379,283,461,8,130,11,331,263,34,296,64,235,492,169,265,481,523,144,41,255,326,208,437,143,479,233,232,46,28,276,383,3,284,121,86,127,218,147,444,85,409,29,40,432,473,141,51,224,269,504,174,489,60,163,421,25,168,313,262,424,90,94,412,476,500,468,188,277,212,319,12,45,472,419,279,229,323,470,498,308,106,428,512,302,336,427,347,116,209,48,39,506,202,353,203,377,57,493,278,425,79,17,433,426,272,70,170,68,128,338,280,241,342,306,114,348,108,58,99,84,418,352,10,535,449,451,355,443,394,254,371,5,372,211,204,176,369,509,160,416,475,456,226,271,301,414,499,289,325,109,376,175,88,223,2",5000,100
14,4,107815.87103937897,21.187748849681853,"413,420,187,101,469,120,290,365,405,199,260,216,148,368,53,298,278,425,79,17,326,208,437,143,479,233,232,46,481,523,144,41,255,169,265,393,65,327,195,43,333,137,387,533,283,461,8,130,11,331,379,438,56,107,40,153,362,501,29,85,409,186,310,145,296,261,391,266,104,111,221,360,337,239,373,406,215,4,196,9,207,185,152,398,236,311,390,356,382,281,126,410,150,374,408,118,288,197,91,444,147,218,432,473,141,51,224,269,504,174,489,60,163,421,25,168,313,262,424,90,94,412,476,500,468,188,277,212,204,68,70,170,28,276,383,3,284,121,86,127,229,419,279,45,472,12,319,244,447,164,448,178,351,211,254,371,5,372,280,241,342,306,114,348,108,58,99,84,418,352,10,105,359,516,375,532,528,488,322,257,505,264,380,399,132,338,323,470,498,106,308,428,512,302,336,427,347,116,209,48,39,112,471,231,458,474,54,97,449,535,451,355,443,394,485,507,156,201,318,247,138,484,510,464,490,345,330,131,407,431,317,497,73,344,496,381,47,486,521,482,161,422,136,246,415,103,20,452,191,142,93,42,527,519,536,23,172,511,315,263,34,135,64,179,267,291,100,180,477,235,492,503,441,272,426,433,353,506,202,493,57,377,203,128,455,32,182,15,460,230,22,386,2,316,324,183,309,364,35,370,435,249,526,466,125,189,320,16,117,44,429,80,83,242,384,396,166,273,245,158,286,534,89,299,403,446,354,463,297,95,465,436,287,467,155,274,349,194,162,258,238,149,259,520,350,294,417,74,478,401,113,72,213,243,525,321,165,502,200,480,140,122,214,66,171,529,366,402,181,6,282,210,395,222,33,508,102,87,27,343,63,385,292,13,77,328,159,139,340,517,98,184,457,193,26,173,151,123,530,177,515,487,134,55,392,124,220,513,75,19,205,38,389,285,248,115,388,21,59,378,227,69,271,301,414,499,289,325,334,190,341,192,363,7,133,335,358,494,50,30,423,454,434,312,234,110,453,495,442,154,18,76,430,332,483,219,252,462,71,167,228,225,445,146,450,305,295,206,226,456,369,509,160,416,475,175,293,37,300,367,223,88,31,81,439,253,24,491,314,376,109,346,119,404,176,237,157,361,303,397,198,518,240,268,514,92,357,411,61,304,270,524,82,49,96,329,339,400,36,52,62,67,522,459,256,129,275,531,307,78,440,14,251,217,250",5000,100
14,5,107743.87093428083,21.721130121842762,"355,443,394,485,507,156,201,318,247,138,484,510,464,490,345,330,131,105,359,516,375,532,528,488,322,257,505,264,380,399,132,351,178,211,254,371,5,372,280,241,342,306,114,348,108,58,99,84,418,352,54,474,97,231,458,449,535,451,53,298,278,425,79,17,433,426,272,441,503,100,180,477,179,267,291,135,261,391,266,104,111,221,360,337,239,373,406,215,4,196,9,207,185,152,398,236,311,382,356,390,281,126,410,150,374,408,118,153,362,501,29,40,288,197,91,444,147,218,432,473,141,51,224,269,504,174,489,60,163,421,25,168,313,262,424,90,94,412,476,500,468,188,277,212,319,12,45,472,419,279,229,70,170,68,28,276,383,3,284,121,86,127,186,310,145,438,56,107,379,283,461,8,130,11,331,263,34,296,64,235,492,65,327,195,43,333,137,387,533,393,265,481,523,144,41,255,169,46,232,233,479,143,437,208,326,493,57,377,203,128,20,452,191,93,42,142,482,161,422,136,246,73,497,415,103,431,317,407,338,323,470,498,106,308,428,512,302,336,427,347,116,209,48,39,112,471,413,420,187,101,469,176,237,119,404,346,151,193,26,173,157,436,95,465,467,287,155,274,349,194,162,258,238,149,259,520,350,294,417,74,478,401,329,339,400,36,52,62,67,522,459,256,129,275,524,82,49,96,325,334,190,341,192,363,7,133,335,358,494,50,154,442,495,453,110,234,312,434,454,423,30,146,445,225,228,167,71,462,332,483,219,252,430,76,18,115,388,21,59,378,227,69,271,301,414,499,289,113,72,213,243,525,321,165,502,200,98,184,480,140,122,214,66,171,529,366,402,181,6,282,210,395,222,33,508,102,87,27,343,63,385,292,13,77,328,159,139,340,517,392,124,220,513,75,19,205,38,389,285,248,226,456,369,509,160,416,475,175,376,530,177,515,487,134,55,109,123,457,300,293,37,367,223,88,31,81,439,253,24,491,314,166,273,245,158,286,534,89,299,403,446,354,463,297,361,303,304,61,397,198,518,411,357,92,514,268,240,455,32,182,2,316,324,183,309,364,35,370,435,249,526,466,15,460,230,22,386,396,384,242,83,117,44,429,80,189,320,16,125,199,260,216,148,368,365,290,405,409,85,536,23,172,511,315,344,496,381,47,486,521,250,217,206,295,305,307,450,14,531,440,251,78,244,447,164,448,10,204,527,519,202,353,506,120,270",5000,100
14,6,109340.89773105833,19.476053090678555,"264,380,399,132,351,178,448,164,447,97,474,54,449,535,451,355,443,394,485,507,156,201,318,247,138,484,510,464,490,345,330,131,105,359,516,375,532,528,488,322,257,505,323,470,498,106,308,428,512,302,336,427,347,116,209,48,39,112,471,413,420,187,101,469,176,237,119,404,346,457,193,26,173,157,436,95,465,467,287,155,274,349,194,162,258,238,149,259,520,350,294,417,74,478,401,113,72,213,243,525,321,165,502,200,98,184,480,140,122,214,66,171,529,366,402,181,6,282,210,395,222,33,508,102,87,27,343,63,385,292,13,77,328,159,139,340,517,367,37,300,293,175,109,530,177,515,487,134,55,392,376,509,160,416,475,513,75,19,205,38,389,285,248,115,388,21,59,378,227,69,271,334,190,341,192,363,7,133,335,358,494,50,154,442,495,453,110,234,312,434,454,423,30,146,445,225,228,167,71,462,332,483,219,252,430,18,76,62,67,522,459,256,129,275,524,82,49,96,329,339,400,36,52,251,78,440,14,531,307,450,305,295,206,226,456,369,325,289,499,301,414,230,2,316,324,183,309,364,35,370,435,249,22,386,182,32,455,268,514,92,357,411,518,240,125,189,320,16,117,44,80,429,242,384,396,15,460,245,158,286,534,89,299,403,446,354,463,297,361,303,270,304,61,397,198,83,466,526,481,523,144,41,255,169,272,426,433,17,79,425,278,493,57,377,203,128,143,479,233,232,46,533,387,393,65,327,195,43,333,137,186,310,145,438,379,283,461,8,130,11,331,263,34,296,64,235,492,100,180,477,179,267,291,135,261,391,266,104,111,221,360,337,239,373,406,215,4,196,9,207,185,152,398,236,311,382,356,390,281,126,410,150,374,408,118,153,362,501,29,107,56,288,197,91,444,147,218,432,473,141,51,224,269,504,174,489,60,163,421,25,168,313,262,424,90,94,412,476,500,468,188,277,212,204,319,12,45,472,419,279,229,276,383,3,284,121,86,127,85,409,246,73,497,317,431,407,338,28,68,70,170,40,536,23,172,511,315,344,496,381,47,486,521,482,161,422,136,415,103,20,452,191,142,93,42,527,519,290,365,405,199,260,216,148,368,53,298,441,503,326,208,437,265,306,114,348,108,58,99,84,418,352,10,342,5,372,280,241,244,371,254,211,353,506,202,273,166,314,491,24,253,439,81,31,88,223,151,123,220,124,217,250,231,458,120",5000,100
15,0,114019.311461282,19.59208966201061,"449,535,12,45,472,3,284,121,86,127,218,147,444,85,409,186,310,145,333,137,387,533,195,43,327,65,235,492,100,180,477,64,179,267,291,135,296,263,34,379,331,283,461,8,130,11,9,196,519,527,536,23,215,406,373,239,337,360,221,111,104,266,391,261,532,344,246,73,497,431,317,407,262,313,168,421,25,163,60,174,489,229,504,269,224,51,141,473,432,118,40,153,362,501,29,107,56,438,374,408,150,207,185,152,398,236,410,311,390,356,382,281,126,288,197,91,482,161,521,47,486,381,496,138,484,464,510,490,345,330,131,105,306,114,348,108,58,418,84,99,443,394,485,507,201,318,247,488,322,257,505,380,264,399,5,371,254,178,448,164,447,244,97,474,231,471,413,420,187,101,469,120,216,148,368,53,298,433,426,272,441,503,326,208,17,79,425,278,493,57,377,203,468,500,476,412,94,424,90,188,277,204,212,319,28,170,70,68,128,233,232,46,523,481,265,169,393,144,41,255,437,143,479,20,452,415,103,136,422,516,359,280,241,372,342,10,352,54,458,112,39,48,209,116,512,428,308,106,498,470,323,336,302,427,347,260,202,353,506,351,132,211,528,375,191,142,93,42,4,511,315,172,279,419,276,383,436,95,297,463,354,446,270,61,397,198,320,16,396,125,32,455,268,386,2,22,230,15,460,182,189,518,240,411,357,92,304,299,491,314,24,253,439,286,534,89,158,245,364,35,370,435,526,466,249,83,242,384,228,225,167,71,146,445,423,454,434,312,234,110,453,495,442,154,50,358,494,335,133,7,363,192,59,21,388,115,18,430,76,78,440,14,531,252,219,483,332,462,450,307,305,295,27,343,63,13,292,385,77,328,159,340,139,517,184,98,122,502,165,321,124,205,19,75,513,220,55,134,487,109,530,177,515,376,392,480,140,214,66,529,181,6,282,210,395,33,87,102,508,367,37,300,457,151,123,173,26,193,157,237,119,404,346,250,217,206,369,456,226,248,285,389,38,525,72,113,401,417,294,350,520,259,149,171,366,402,222,258,238,194,162,349,274,155,223,88,31,81,403,166,273,339,329,325,334,271,69,190,341,378,227,129,256,251,67,522,459,62,52,36,400,96,49,82,524,275,243,213,301,414,499,289,74,478,465,287,467,44,117,303,361,355,451,176,175,293,475,160,416,509,200,80,429,514,309,183,324,316,365,290,405,199,338,156,30",5000,100
15,1,107705.47974750808,21.98099777167881,"511,315,374,408,150,152,185,207,9,196,519,527,536,23,215,406,373,239,337,360,221,111,104,266,391,261,296,34,263,172,279,419,45,472,12,319,212,204,68,170,70,128,203,468,500,188,277,476,412,90,94,424,262,313,168,421,25,163,60,489,174,504,269,224,51,141,473,432,218,147,444,91,197,409,186,310,438,56,107,40,118,153,362,501,29,85,145,333,137,387,533,195,327,65,393,265,169,255,41,144,437,143,479,377,57,493,278,425,79,17,326,208,368,148,216,260,353,506,202,405,199,365,290,53,298,433,426,272,441,503,492,100,180,235,8,461,130,11,64,477,179,267,291,135,4,422,415,103,20,452,311,390,356,382,281,126,410,398,236,93,191,142,42,229,383,276,28,3,284,121,86,127,232,46,523,481,233,302,336,427,347,116,209,48,39,112,413,471,231,458,474,54,97,244,447,448,178,211,254,371,5,372,280,241,10,342,306,114,348,108,58,418,352,451,535,449,187,101,420,469,120,176,237,404,119,159,340,139,517,98,184,480,140,214,122,502,165,321,124,220,513,75,19,205,38,389,285,248,115,388,21,59,378,227,190,69,334,271,301,414,499,289,325,96,329,339,400,52,62,67,522,459,36,49,82,524,275,129,256,251,78,440,14,531,228,167,71,462,219,483,332,252,430,76,30,146,445,225,18,335,133,7,50,358,494,495,442,154,110,234,312,434,454,423,363,192,453,341,369,456,226,238,402,366,529,6,343,27,63,385,292,13,77,328,293,37,300,457,193,26,173,151,123,530,177,515,55,134,487,109,175,376,392,416,160,509,475,243,213,72,113,401,74,478,350,520,259,149,294,417,66,171,258,222,210,395,33,87,102,508,367,194,162,349,274,155,223,88,31,81,439,24,253,166,273,491,314,158,245,364,309,183,324,316,386,2,230,460,182,32,455,268,514,92,357,411,518,240,304,61,270,446,463,297,436,354,95,465,287,467,35,370,435,249,22,526,466,396,384,242,83,429,80,44,117,320,189,125,16,198,397,303,361,403,89,299,286,534,15,99,84,355,164,323,470,498,106,308,428,512,351,132,338,431,317,407,73,246,497,344,496,381,486,47,521,484,138,247,318,201,156,345,359,516,490,464,510,482,161,136,532,528,375,488,322,257,505,380,264,399,131,105,330,443,394,485,507,250,217,206,295,305,307,450,200,525,282,181,157,346,379,283,331,43,288",5000,100
15,2,112639.46399580217,19.836975751801788,"177,515,55,392,139,517,340,77,328,159,376,175,293,37,300,457,193,26,173,346,119,404,237,176,451,535,449,413,471,112,39,48,209,116,308,428,512,302,336,427,347,277,188,204,70,68,170,28,3,284,121,86,127,383,276,472,12,319,45,419,279,229,504,174,489,60,163,421,25,338,323,470,498,106,505,380,264,399,407,73,497,431,317,290,365,405,199,148,368,53,298,433,426,272,441,503,100,180,477,179,267,291,135,64,235,492,8,461,130,11,331,186,409,85,444,147,218,432,473,141,51,224,269,197,288,390,356,382,281,126,410,398,236,152,185,207,9,196,519,527,536,23,215,406,373,239,337,360,221,111,104,266,391,261,296,34,263,172,511,315,374,150,311,142,191,93,42,482,161,521,47,486,381,496,344,246,136,422,415,103,20,452,153,362,501,29,91,310,145,438,56,107,40,118,408,379,283,333,43,195,327,65,393,387,533,137,46,523,481,265,169,255,41,144,437,143,479,233,232,128,203,377,57,493,353,202,260,216,506,412,476,468,500,254,211,132,351,371,5,372,280,241,342,306,114,348,108,58,418,352,54,97,474,231,458,178,448,164,447,244,258,238,171,366,529,140,214,122,502,165,321,124,220,513,75,19,205,38,389,285,248,115,388,21,59,378,227,190,69,334,271,301,414,499,289,325,96,329,339,400,36,52,62,67,522,459,256,251,78,440,14,531,312,234,110,454,423,154,50,358,494,335,133,7,363,192,453,495,442,30,146,445,225,167,71,462,219,483,332,76,430,18,434,129,341,82,524,275,49,350,520,259,223,274,155,349,194,162,33,87,102,508,367,210,222,282,181,6,27,343,63,13,292,385,98,184,480,200,243,213,72,113,401,74,478,294,417,66,402,395,287,467,81,31,88,354,463,297,436,95,465,157,123,151,530,109,487,134,160,416,509,369,456,226,295,206,217,250,507,485,394,443,99,84,355,247,318,201,156,345,490,464,510,484,138,532,528,375,516,359,330,131,105,488,322,257,10,228,450,307,305,101,420,187,469,120,361,303,397,198,189,320,16,384,242,83,429,80,44,117,35,370,435,466,526,249,22,316,386,2,460,230,15,182,32,455,125,396,61,270,446,183,309,364,245,286,534,89,299,403,273,166,491,314,24,253,439,158,304,357,411,518,240,514,268,92,324,4,424,94,90,262,313,168,212,326,208,17,79,425,278,149,525,475,252",5000,100
15,3,106912.87205305773,23.426937612408747,"190,69,271,301,414,499,289,325,96,49,36,52,62,67,522,459,129,256,251,78,440,14,531,228,225,167,71,462,450,307,305,295,206,217,250,507,485,394,443,99,84,418,352,10,342,306,114,348,108,58,355,451,535,449,187,101,420,469,120,365,290,405,199,260,216,148,368,53,298,433,426,272,441,503,492,100,180,477,179,267,291,135,64,235,8,461,130,11,331,379,283,333,43,195,327,65,393,387,533,137,145,438,56,107,40,118,153,362,501,29,85,444,147,218,432,473,141,51,224,269,504,174,60,489,279,419,45,472,12,319,212,204,68,170,70,188,277,476,468,500,203,377,57,493,278,425,79,17,326,208,437,143,479,523,481,265,169,255,41,144,353,506,202,412,94,90,424,168,262,313,163,421,25,338,132,351,211,254,371,5,372,280,241,257,322,488,528,375,532,73,246,136,422,415,103,20,452,311,410,398,236,152,185,207,9,196,4,406,373,239,337,360,221,111,104,266,391,261,296,34,263,172,511,315,374,408,150,519,527,536,23,215,126,281,356,382,390,197,288,91,310,186,409,86,127,383,276,28,3,284,121,232,233,46,128,431,317,407,399,380,264,505,164,447,244,97,474,54,458,231,471,413,347,427,302,336,512,116,209,48,39,112,498,106,308,428,323,470,448,178,105,131,330,359,516,490,464,510,484,138,247,318,201,156,345,42,93,191,142,482,161,521,47,486,381,496,344,497,229,357,411,518,240,268,514,92,324,183,309,364,35,370,435,466,526,249,22,316,386,2,230,15,182,32,455,125,189,320,16,384,242,83,429,80,44,117,198,397,61,270,304,299,89,534,403,81,31,88,223,274,155,349,194,162,258,238,402,181,6,282,210,395,33,87,102,508,367,37,300,457,193,26,173,151,123,175,293,343,27,63,385,292,13,77,328,159,340,139,517,98,184,480,200,502,165,321,124,220,513,75,19,205,38,389,285,248,115,388,21,59,378,227,341,82,524,275,400,339,329,401,74,478,350,520,259,149,171,66,214,122,140,529,366,525,72,113,213,243,456,226,369,509,475,160,416,487,134,55,392,376,515,177,530,109,346,237,119,404,176,361,303,157,436,95,465,287,467,354,463,297,446,245,158,286,24,491,314,273,166,439,253,396,460,219,483,332,252,430,18,335,133,7,363,192,453,495,442,154,50,358,494,423,454,110,234,312,434,30,146,445,76,334,294,417,222",5000,100
15,4,108430.59096013644,20.598254114423344,"404,119,346,237,176,451,535,449,187,101,420,469,120,365,290,405,199,260,216,148,368,53,298,433,426,272,441,503,492,100,180,477,179,267,291,135,64,235,8,461,130,11,331,379,438,56,107,40,118,153,362,501,29,85,444,91,197,288,390,356,382,281,126,410,398,236,185,152,207,9,196,519,527,536,23,215,406,373,239,337,360,221,111,104,266,391,261,296,34,263,172,511,315,374,408,150,4,42,93,191,142,482,161,521,47,486,381,496,344,73,246,136,422,415,103,20,452,311,473,141,51,224,269,504,174,489,60,163,421,25,313,168,262,279,419,45,472,12,319,212,204,70,68,170,277,28,3,284,121,86,127,383,276,229,407,431,317,497,380,264,505,257,322,488,528,375,532,516,359,330,131,105,342,306,114,348,108,58,418,352,10,280,241,372,5,371,254,211,178,448,164,447,244,97,474,54,458,231,471,413,112,39,48,209,116,308,428,512,302,336,427,347,94,90,424,338,323,470,498,106,43,195,65,393,387,533,137,145,310,409,186,377,57,493,278,425,79,17,326,208,437,143,479,233,232,46,523,481,265,169,255,41,144,353,506,412,476,468,500,188,203,128,432,218,147,464,510,484,138,247,318,201,156,345,490,99,84,355,507,485,394,443,351,132,399,206,217,250,502,165,321,124,220,513,75,19,205,38,389,285,248,115,388,21,59,378,227,190,69,271,301,414,499,289,325,334,294,417,66,529,402,366,525,72,113,401,74,478,350,520,259,149,171,238,258,162,194,349,274,155,287,467,436,95,465,157,457,175,376,134,487,109,530,123,151,193,26,173,300,293,37,292,13,385,63,343,27,181,6,282,210,395,33,87,102,508,367,222,423,434,312,234,110,524,275,82,36,49,96,329,339,400,52,62,67,522,459,256,251,78,440,14,531,228,225,167,71,462,219,483,332,252,430,18,335,133,7,363,192,453,495,442,154,50,358,494,146,445,30,454,129,341,369,456,226,509,475,160,416,243,213,480,140,122,214,200,98,184,517,340,139,159,77,328,515,55,392,177,384,242,83,429,80,44,117,198,320,16,125,32,455,268,514,92,357,411,518,240,364,309,183,324,316,386,2,460,15,249,22,230,370,435,466,526,439,253,24,491,314,273,166,158,286,534,89,299,403,354,463,297,446,270,304,61,397,303,361,31,81,245,35,182,396,189,283,333,327,202,223,88,305,295,76,307,450",5000,100
15,5,109959.7896131558,20.087918630413167,"173,157,436,95,465,287,467,155,349,194,162,258,238,402,366,529,140,214,122,243,213,72,113,401,74,478,350,520,259,149,171,66,417,294,33,87,102,508,367,37,300,293,376,134,487,109,530,177,515,55,392,139,517,98,184,480,200,502,165,321,124,220,513,75,19,205,38,389,285,248,115,388,21,59,378,227,190,341,82,524,275,129,256,251,78,440,14,531,228,225,167,71,462,219,483,332,76,430,18,358,494,335,133,7,363,192,453,495,442,154,50,30,146,445,450,307,305,295,206,217,250,507,485,394,443,99,84,418,352,10,342,306,114,348,108,58,355,451,535,449,112,39,48,209,116,308,428,512,302,336,427,347,413,420,187,101,469,303,361,446,463,297,354,403,81,439,253,24,491,314,273,166,158,286,534,89,299,92,357,411,518,240,268,514,316,386,2,230,15,182,32,455,125,189,320,16,384,242,83,429,80,44,117,35,370,435,466,526,249,22,460,396,324,183,309,364,245,304,61,397,198,270,289,325,334,271,301,414,499,525,123,175,457,193,26,119,404,346,237,176,120,53,298,433,426,272,441,503,492,100,180,477,179,267,291,135,64,235,8,461,130,11,331,379,438,56,107,40,118,153,362,501,29,85,444,91,197,288,390,356,382,281,126,410,398,236,185,152,207,9,196,519,527,536,23,215,406,373,239,337,360,221,111,104,266,391,261,296,34,263,172,511,315,374,150,311,473,141,51,224,269,504,174,489,60,163,421,25,313,168,262,279,419,45,472,12,319,212,204,68,170,70,128,203,377,57,493,278,425,79,17,326,208,437,143,479,233,232,46,523,481,265,169,255,41,144,353,506,202,260,216,148,368,290,365,405,199,338,323,470,498,106,254,371,5,372,280,241,448,178,164,447,244,97,474,54,458,231,471,90,424,94,412,476,468,500,188,277,28,3,284,121,86,127,383,276,229,407,317,431,497,73,246,136,422,415,103,20,452,161,521,47,486,381,496,344,351,132,211,505,264,399,380,532,528,375,516,359,330,131,105,488,322,257,464,510,484,138,247,318,201,156,345,490,142,191,93,42,4,482,145,333,43,195,327,65,393,387,533,137,409,186,310,283,147,218,432,222,210,395,282,181,6,27,343,63,13,292,385,77,328,159,340,416,160,475,509,369,456,226,62,67,522,459,400,36,52,49,96,329,339,223,88,31,434,312,234,110,454,423,252,69,274,151,408",5000,100
16,0,138148.5157671153,19.531685514902286,"531,495,335,442,50,358,494,459,400,36,522,129,110,192,454,423,30,133,189,286,534,2,4,239,373,337,408,236,398,111,296,215,34,263,29,137,195,327,180,477,100,127,319,45,419,279,431,317,202,493,212,262,313,168,12,204,68,170,70,288,185,152,207,56,107,135,64,8,461,186,310,221,390,382,356,281,519,345,482,496,322,257,488,342,306,348,114,58,99,418,336,532,528,264,163,229,504,60,224,489,174,3,284,121,86,379,40,409,188,500,468,233,232,91,147,218,432,473,51,405,199,503,441,53,278,326,208,17,79,425,144,265,65,272,433,426,203,377,421,25,94,427,371,505,211,48,209,308,470,323,447,164,178,498,47,486,471,28,57,506,512,424,161,191,42,93,142,197,410,150,145,333,43,130,11,172,298,368,353,238,162,222,210,282,6,27,343,102,87,508,33,395,258,243,213,88,55,487,134,525,200,181,63,340,139,98,328,77,13,402,366,367,75,19,513,509,115,388,227,69,256,62,67,225,228,483,332,252,285,378,21,59,76,18,430,445,341,190,334,184,480,117,44,240,518,411,357,491,439,253,24,314,230,386,183,324,268,514,15,455,316,245,158,446,61,270,81,31,226,456,89,299,515,414,301,271,154,289,349,7,363,325,72,205,350,478,167,71,307,450,38,383,276,277,420,101,187,244,97,474,516,344,20,452,458,231,132,106,428,302,116,90,315,511,23,536,283,464,490,448,254,381,484,138,444,501,153,362,141,415,103,269,73,352,451,449,535,413,169,255,41,118,393,387,533,235,481,523,128,384,242,80,412,476,143,437,391,261,360,196,374,311,246,112,39,407,136,422,472,182,460,32,125,396,526,435,370,35,466,249,22,309,364,304,397,198,92,123,175,109,177,151,193,26,119,404,399,380,280,241,469,260,365,290,148,216,338,497,347,54,5,372,351,126,406,467,287,155,274,385,292,457,300,517,159,475,219,248,146,275,312,251,78,440,376,293,37,465,95,354,297,463,436,403,206,171,149,529,502,165,321,124,462,305,217,10,108,84,355,394,156,510,359,375,105,131,330,485,530,157,346,237,520,259,417,160,416,220,140,214,122,453,234,14,52,524,82,49,96,176,120,434,499,329,273,166,66,113,74,294,223,194,392,389,369,438,291,266,267,104,331,479,492,46,85,443,247,318,201,507,527,9,521,303,361,429,83,320,16,339,401,173,295,250,179",5000,100
16,1,110534.22161392999,19.606181634286774,"170,68,70,28,276,383,121,284,3,86,127,51,141,473,432,147,218,444,91,501,362,153,40,118,288,197,85,409,186,310,145,438,379,331,130,11,461,8,64,235,492,100,180,477,179,267,291,135,261,391,266,104,111,221,360,337,239,373,406,215,23,536,527,519,196,9,207,152,185,398,236,410,311,191,142,93,42,482,161,422,415,103,136,246,73,497,317,431,407,399,380,264,505,257,322,488,528,375,532,344,496,381,47,486,521,484,138,247,318,201,156,345,490,464,510,516,359,330,131,105,10,306,342,114,348,108,58,99,84,355,451,418,352,54,97,474,231,458,178,448,164,447,244,241,280,372,5,371,254,211,351,132,338,323,470,498,106,308,428,512,302,336,427,347,116,209,48,39,112,471,413,101,187,420,469,120,361,303,397,198,44,429,80,117,16,384,242,83,189,320,518,411,357,92,514,268,240,386,316,324,183,309,364,35,370,435,182,32,455,2,230,460,15,526,466,22,249,245,158,286,534,403,89,299,446,270,304,61,125,396,24,491,314,273,166,439,253,274,349,194,162,258,222,210,395,33,508,102,87,282,181,402,366,529,213,243,72,113,401,74,478,350,520,259,149,171,238,122,214,66,417,294,27,343,63,385,292,13,328,77,159,376,134,487,109,530,177,515,55,392,139,517,340,98,184,480,140,6,200,165,502,321,525,499,289,325,96,49,82,524,275,129,256,251,78,440,14,531,167,228,225,445,146,71,462,450,307,305,295,206,217,250,507,485,394,443,34,263,296,172,511,315,374,150,408,4,107,56,29,126,281,356,382,390,224,269,504,174,60,489,163,421,25,168,313,262,279,419,45,472,12,319,212,204,188,277,424,90,94,412,476,468,500,203,128,387,533,137,43,195,327,65,393,265,169,481,523,46,233,232,479,143,437,144,41,255,326,208,17,79,425,278,493,57,377,202,260,506,353,216,148,368,53,298,272,441,503,426,433,283,333,248,285,389,38,205,19,75,513,220,124,175,293,123,151,193,26,173,237,119,404,176,157,465,436,95,354,463,297,88,31,81,287,467,155,223,339,400,36,52,62,67,522,459,442,495,453,110,234,312,434,454,423,30,50,154,335,133,7,363,192,341,190,69,334,271,414,301,227,378,21,59,388,115,252,483,219,332,76,430,18,358,494,416,160,509,369,456,226,475,37,300,457,346,367,365,290,405,199,229,20,452,535,449,329",5000,100
16,2,107498.31797468361,28.858315236282316,"449,535,451,418,352,54,97,474,231,458,112,471,413,101,187,420,469,120,365,290,405,199,260,216,148,368,53,298,433,426,272,441,503,100,180,477,179,267,291,135,261,391,266,104,111,221,360,337,239,373,406,215,23,536,527,519,196,9,207,185,152,398,236,410,126,281,356,382,390,311,452,20,415,103,136,422,161,482,247,318,201,156,345,490,464,510,484,138,47,486,521,381,496,344,73,497,317,431,407,399,380,505,257,322,488,528,375,532,359,516,330,131,105,10,306,342,114,348,108,58,99,84,355,443,394,485,507,250,217,206,295,305,450,307,167,228,225,445,146,71,462,483,219,252,115,388,21,59,378,227,69,271,334,325,289,499,414,301,190,341,192,363,7,133,335,358,494,18,430,76,332,248,285,389,38,205,19,75,513,220,475,160,416,509,369,456,226,525,213,243,72,113,401,74,478,350,520,259,149,171,238,258,222,210,395,33,508,102,87,282,181,6,343,27,63,13,385,292,328,77,159,340,139,517,98,184,480,140,122,214,66,417,294,329,339,400,36,49,96,82,524,275,129,256,251,78,440,14,531,442,154,50,30,423,454,434,312,234,110,453,495,55,392,376,134,487,109,530,177,515,123,151,193,26,173,237,346,119,404,176,157,465,436,95,354,463,297,446,270,304,61,397,198,44,117,16,384,242,83,189,320,125,396,182,32,455,268,240,518,411,357,92,514,183,309,364,35,370,435,249,526,466,15,460,230,22,316,324,2,386,273,166,158,286,534,403,89,299,253,24,491,314,245,31,81,439,88,223,274,349,194,162,402,366,529,200,165,502,321,124,175,293,37,300,457,254,211,178,448,164,447,244,241,280,372,5,371,351,264,132,338,323,470,498,106,308,428,512,302,336,427,347,116,209,48,39,424,90,94,412,353,506,202,232,233,501,362,153,40,118,288,197,91,85,444,147,218,432,473,141,51,224,269,504,229,279,419,45,472,12,319,212,204,68,170,70,28,276,383,121,284,3,86,127,408,374,150,4,11,130,461,8,43,195,327,65,393,265,169,481,523,46,533,387,137,333,283,379,438,56,107,29,409,186,310,145,331,172,34,263,296,64,235,492,479,143,437,144,41,255,326,208,17,79,425,278,493,57,377,203,128,188,277,468,500,476,313,168,163,421,25,60,489,174,262,315,511,142,93,42,191,246,303,361,429,80,155,467,287,367,522,459,62,67,52",5000,100
16,3,107626.0254376287,22.368823461204858,"374,150,408,29,501,362,153,40,118,288,197,147,218,432,473,141,51,224,269,504,174,431,317,497,246,73,344,496,381,47,486,521,484,138,247,318,201,156,345,490,464,510,516,359,330,131,105,488,528,375,532,257,322,372,5,371,254,211,178,448,164,447,244,97,474,54,458,231,471,413,101,187,420,469,120,365,290,405,199,260,216,148,368,53,298,433,426,272,441,503,100,180,477,179,267,291,135,296,261,391,266,221,360,337,239,373,406,215,23,536,527,519,196,4,11,130,461,8,64,235,492,169,144,41,255,326,208,17,79,425,278,493,57,377,203,128,188,277,212,204,68,70,170,28,276,383,121,284,3,86,127,263,34,172,511,315,356,382,390,311,452,20,415,103,136,422,161,482,191,142,93,42,398,236,185,152,207,9,410,126,281,489,163,421,25,168,313,262,279,419,45,472,12,319,233,232,479,143,437,533,387,195,327,65,393,265,481,523,46,43,333,137,145,310,186,409,85,444,91,353,506,202,132,351,264,505,380,399,338,470,323,498,106,308,428,512,302,336,427,347,116,209,48,39,112,535,449,451,418,352,10,306,342,114,348,108,58,99,84,355,443,394,485,507,250,217,206,295,305,450,307,167,228,225,445,146,71,462,483,219,252,115,388,21,59,378,227,69,190,341,192,363,7,133,335,358,494,18,430,76,332,248,285,389,38,205,19,75,513,220,475,160,416,509,369,456,226,525,213,243,72,113,401,74,478,350,520,259,149,171,366,529,402,181,6,343,27,63,13,292,385,102,87,222,210,395,33,508,367,37,300,293,77,328,159,340,139,517,98,184,480,140,122,214,66,417,294,329,339,400,36,52,62,67,522,459,256,251,78,440,14,531,129,275,524,82,49,96,325,289,499,414,301,271,334,434,312,234,110,453,495,442,154,50,30,423,454,392,376,134,487,109,530,177,515,55,124,321,165,502,200,349,194,162,258,238,223,88,31,81,439,253,24,491,314,273,166,158,286,534,403,89,299,92,514,268,240,518,411,357,304,61,397,198,44,117,16,384,242,83,80,429,189,320,125,396,15,460,230,22,249,526,466,435,370,35,364,309,183,324,316,386,2,32,182,455,245,361,303,463,297,354,95,436,465,287,467,155,274,457,193,151,123,175,173,26,237,176,157,119,404,346,446,270,331,283,379,438,56,107,476,412,94,424,90,468,500,60,229,407,241,280,111,104,282",5000,100
16,4,109061.39711015252,19.971944040399134,"475,160,416,509,369,456,226,248,285,389,38,205,19,75,513,220,124,321,525,213,243,72,113,401,74,478,350,520,259,149,238,258,162,194,349,274,155,467,287,465,436,95,354,463,297,446,270,304,61,397,198,44,117,16,384,242,83,80,429,189,320,125,396,15,460,182,32,455,2,386,316,324,183,309,364,35,370,435,22,230,268,240,518,411,357,92,514,491,314,273,166,439,253,24,158,286,534,403,89,299,81,31,88,223,339,400,36,52,62,67,522,459,256,251,78,440,14,531,445,146,71,462,483,219,252,115,388,21,59,378,227,69,190,341,192,363,495,442,154,50,30,423,454,434,312,234,110,453,7,133,335,358,494,18,430,76,332,139,340,517,98,184,480,140,122,214,66,417,294,171,366,529,402,181,282,210,395,33,508,102,87,222,27,63,343,6,13,385,292,328,77,159,376,134,487,109,530,177,515,55,392,499,414,301,271,334,329,289,325,96,49,82,524,275,129,231,458,474,54,97,244,447,164,448,254,211,178,351,132,338,323,470,498,106,308,428,512,94,412,476,468,500,203,128,188,277,212,204,68,170,70,28,276,383,121,284,3,86,127,51,141,473,432,147,218,444,91,501,362,153,40,118,288,197,85,409,186,310,107,56,438,379,283,461,8,130,11,331,172,511,315,374,150,408,4,215,23,536,527,519,196,9,207,152,185,398,236,410,126,281,356,382,390,311,452,20,415,103,136,422,161,482,247,318,201,156,345,490,464,510,484,138,47,486,521,381,496,344,73,497,317,431,407,399,380,264,505,257,322,488,528,375,532,359,516,330,131,105,10,306,342,114,348,108,58,99,84,355,443,394,485,507,250,217,206,295,305,450,307,167,228,225,193,26,173,237,346,119,404,176,451,535,449,420,187,101,469,120,365,290,405,199,148,368,53,298,433,426,272,441,503,100,180,477,179,267,291,135,261,391,104,266,221,360,337,239,373,406,142,93,42,191,246,489,60,163,421,25,168,313,262,279,419,45,472,12,319,233,232,479,143,437,144,41,255,326,208,17,79,425,278,493,57,377,202,216,260,506,353,269,504,174,229,224,46,533,387,195,327,65,393,265,481,523,43,333,137,145,235,492,169,90,424,427,347,116,209,48,39,112,471,413,336,302,5,372,280,241,371,352,418,300,293,37,175,123,151,457,157,361,303,245,249,526,466,367,200,165,502,64,296,263,34,111,29",5000,100
16,5,108012.43500174777,20.79886618224946,"346,119,404,176,157,237,173,26,193,151,123,530,177,515,55,392,139,517,98,184,480,140,122,214,66,417,294,350,520,259,149,171,238,258,222,210,395,33,508,102,87,282,181,6,343,27,63,13,292,385,328,77,159,340,366,529,402,367,37,300,457,175,293,39,112,471,413,101,187,420,469,120,365,290,405,199,148,368,53,298,433,426,272,441,503,100,180,477,179,267,291,135,261,391,266,104,111,221,360,337,239,373,406,215,23,536,527,519,196,9,207,152,185,398,236,410,126,281,356,382,390,311,191,142,93,42,482,161,521,47,486,381,496,344,73,246,136,422,415,103,141,51,224,269,504,174,60,489,163,421,25,168,313,262,279,419,45,12,319,212,204,68,170,70,28,276,383,121,284,3,86,127,473,432,147,218,444,91,501,362,153,40,118,288,197,85,409,186,310,145,438,56,107,379,283,461,8,130,11,331,172,34,263,296,64,235,492,169,265,481,523,46,533,387,137,333,43,195,327,65,393,408,374,315,511,4,150,277,424,90,94,412,476,468,500,203,128,188,353,506,202,260,216,377,57,493,278,326,208,17,79,425,437,144,41,255,143,479,233,232,308,428,512,302,336,427,347,116,209,48,264,505,380,399,132,338,323,470,498,106,372,5,371,254,211,178,448,164,447,244,97,474,54,458,231,535,449,451,355,443,394,485,507,250,217,206,295,305,307,450,71,462,483,219,252,115,388,21,59,378,227,69,334,271,414,301,190,341,192,363,7,133,335,358,494,18,430,76,332,248,285,389,38,205,19,75,513,220,475,160,416,509,369,456,226,525,213,243,72,113,401,74,478,329,339,400,36,52,62,67,522,459,256,251,78,440,14,531,167,228,225,445,146,30,423,454,434,312,234,110,453,495,442,154,50,129,275,524,82,49,96,325,289,499,165,502,200,321,124,487,109,134,376,304,61,397,198,44,117,16,384,242,83,80,429,189,320,518,411,357,92,514,268,240,386,316,324,183,309,364,35,370,435,249,526,466,15,460,182,32,455,2,230,22,158,286,534,403,89,299,446,463,297,436,95,465,287,467,155,274,349,194,162,223,88,31,81,439,253,24,491,314,273,166,245,361,303,270,407,431,317,497,528,375,532,359,516,330,131,105,10,306,342,114,348,108,58,99,84,418,352,452,20,241,280,351,257,322,488,29,472,229,156,345,490,464,510,484,138,247,318,201,125,396,354",5000,100
17,0,110661.13957541701,19.681807119923565,"416,160,475,220,513,75,19,205,525,321,165,502,200,122,214,66,171,529,366,402,181,282,210,395,33,222,258,238,149,520,259,223,274,349,194,155,467,287,465,436,95,354,463,297,446,270,304,61,397,198,189,320,16,117,44,80,429,83,242,384,396,125,32,455,182,460,230,22,249,526,466,435,370,35,309,364,245,158,286,24,253,439,534,89,299,403,81,31,88,243,213,72,113,401,74,417,294,350,478,82,524,275,129,256,251,440,14,531,167,228,225,445,146,76,430,18,335,133,7,495,442,154,50,30,423,454,234,110,453,363,192,341,190,69,334,271,301,414,499,289,325,96,49,36,52,62,67,522,459,400,339,329,375,516,359,345,490,464,510,484,138,486,47,521,482,247,318,201,156,507,485,394,443,99,84,418,58,108,348,114,306,342,10,241,280,372,5,371,254,211,178,448,164,447,244,97,474,54,458,231,471,413,420,187,101,469,120,199,405,365,290,53,298,433,426,272,441,503,100,492,235,64,477,179,267,291,135,296,34,263,172,511,315,374,408,288,197,147,218,432,473,141,51,224,269,504,174,489,60,163,421,25,168,313,262,279,419,45,472,276,383,3,284,121,86,127,28,68,170,70,128,203,377,57,493,208,326,17,79,425,278,368,148,216,260,202,353,506,476,468,500,188,277,212,204,319,12,229,379,145,438,56,107,40,118,153,362,501,29,85,409,186,310,387,533,137,333,43,195,327,65,393,265,169,41,255,144,437,143,479,523,481,233,232,46,8,461,130,11,331,283,452,20,415,103,497,431,317,407,73,246,136,422,161,311,356,382,390,281,126,410,236,207,185,152,398,2,386,316,324,183,15,166,273,491,314,357,411,518,240,268,514,92,361,303,157,173,457,300,37,293,175,376,177,530,109,487,134,55,515,392,139,340,517,98,184,480,140,6,343,27,63,385,292,13,77,328,159,124,332,483,219,252,248,285,389,38,227,378,21,388,115,358,494,307,450,71,462,295,206,217,250,42,93,191,142,4,215,406,373,239,337,360,221,111,104,266,391,261,527,536,23,150,519,196,9,532,528,488,322,257,505,380,264,132,351,470,323,498,106,308,428,512,302,336,427,347,112,39,48,209,116,94,90,424,412,352,451,355,176,237,346,119,404,151,193,26,123,367,508,102,87,162,344,496,381,399,338,105,131,330,449,535,180,91,444,226,456,369,509,434,312,78,59,305",5000,100
17,1,107977.22487019273,22.62461995823218,"418,352,342,306,114,348,108,58,99,84,355,451,535,449,471,413,420,187,101,469,120,303,397,61,304,270,446,354,463,297,95,436,465,287,467,274,155,349,194,162,258,238,529,366,402,181,6,282,210,395,33,222,87,102,508,367,300,37,293,175,376,392,139,340,517,98,184,480,140,122,214,66,171,294,417,74,478,350,520,259,149,200,124,321,165,502,525,213,243,72,113,401,329,96,49,36,52,62,67,522,459,256,251,78,440,14,531,167,228,225,445,146,76,332,483,219,252,248,285,389,38,205,513,75,19,160,416,509,369,456,226,462,71,450,307,305,295,206,217,250,507,485,394,443,224,269,504,174,489,60,163,421,25,168,313,262,419,279,229,472,276,383,284,121,3,28,68,170,70,204,212,319,12,45,51,141,432,218,147,197,288,281,390,356,382,311,452,20,103,415,422,136,246,73,344,496,381,497,431,317,407,399,264,505,380,257,322,488,528,532,375,516,359,330,131,105,10,241,280,372,5,371,254,211,178,448,164,447,244,97,474,54,458,231,112,39,48,209,116,308,106,498,470,323,351,132,338,353,506,412,476,468,500,203,377,57,493,278,425,79,17,208,326,143,437,144,41,255,272,426,433,298,53,368,148,216,260,202,405,199,365,290,233,232,128,86,127,91,444,85,409,186,310,145,438,56,107,40,118,153,362,501,29,126,410,152,185,398,236,207,9,196,519,527,536,23,215,406,373,239,337,360,221,111,104,266,391,261,296,34,263,172,511,315,374,408,150,4,46,387,533,137,333,43,195,327,65,393,265,169,492,235,180,477,179,267,291,135,64,8,461,130,11,331,379,283,100,503,441,481,523,479,93,42,142,191,161,482,521,47,486,464,510,484,138,247,318,201,156,345,490,83,242,384,396,125,189,320,16,117,44,80,429,198,518,240,268,455,182,32,460,230,15,249,526,466,435,370,35,309,364,245,158,286,534,89,299,403,81,31,88,223,253,439,24,314,491,273,166,183,324,316,386,2,22,514,92,357,411,346,119,404,237,176,361,157,173,26,193,151,123,530,177,515,134,55,475,220,341,190,69,334,271,301,414,499,289,325,129,234,110,453,495,442,154,50,494,358,335,133,7,363,192,378,227,18,430,115,388,21,59,30,423,454,312,434,524,275,82,400,339,77,328,292,13,385,63,343,27,159,487,109,457,473,277,188,347,336,302,512,428,427,94,90,424",5000,100
17,2,107825.52886687276,24.86597932381287,"332,483,219,252,430,18,76,115,388,21,59,378,227,271,301,414,499,289,325,334,69,190,341,192,363,7,133,335,358,494,50,154,442,495,453,110,234,312,434,454,423,30,146,445,225,228,167,71,462,450,307,305,295,206,217,250,507,485,394,443,99,84,418,352,54,474,97,231,458,112,39,48,209,116,308,428,512,302,336,427,347,413,471,449,535,451,355,176,237,346,119,404,151,193,26,173,157,436,95,354,463,297,446,270,304,61,397,198,117,44,80,429,83,242,384,396,125,189,320,16,22,249,526,466,435,370,35,309,364,245,158,286,534,89,299,403,81,31,467,287,465,349,274,155,194,162,258,238,149,171,529,366,402,181,282,210,395,33,508,102,87,222,27,63,343,6,140,480,184,98,517,340,139,159,77,328,292,13,385,376,392,55,515,177,530,109,487,134,475,160,416,509,369,456,226,248,285,389,38,19,75,513,220,124,321,165,502,200,122,214,66,417,294,350,520,259,223,88,314,24,253,439,166,273,491,183,324,316,386,2,460,230,15,182,32,455,268,514,92,357,411,518,240,303,361,120,290,365,405,199,260,202,353,506,216,148,368,53,298,433,426,272,441,503,100,492,235,180,477,179,267,291,135,64,8,461,130,11,331,283,379,56,107,40,118,153,362,501,29,85,409,186,310,145,438,408,374,150,126,410,152,185,398,236,207,9,196,519,527,536,23,215,406,373,239,337,360,221,111,104,266,391,261,296,34,263,172,511,315,4,191,142,93,42,311,356,382,390,281,288,197,147,218,432,473,141,51,224,269,504,174,489,60,163,421,25,168,313,262,279,419,229,472,45,12,319,212,204,188,277,128,170,70,68,28,276,383,3,284,121,86,127,444,91,46,233,232,479,523,481,265,169,41,255,144,437,143,377,57,493,278,425,79,17,326,208,203,500,468,476,412,90,424,94,415,103,497,431,317,407,399,338,470,323,351,132,178,448,164,447,244,241,280,372,5,371,254,211,264,380,505,257,322,488,528,532,375,516,359,330,131,105,306,342,10,114,348,108,58,246,136,422,161,482,521,47,486,381,496,344,73,20,452,533,387,195,327,65,393,137,333,43,201,156,345,490,464,510,484,138,247,318,498,106,101,469,420,187,478,74,401,113,72,213,243,525,205,36,52,62,67,522,459,129,275,524,82,400,339,329,96,49,251,78,440,14,531,256,367,37,293,175,123,457,300",5000,100
17,3,108474.20369705609,20.407339393801117,"162,258,238,149,171,529,366,402,181,282,210,395,33,222,87,102,508,367,37,300,457,193,26,173,157,159,376,175,123,151,346,119,404,237,176,469,120,290,365,405,199,148,368,53,298,433,426,272,441,503,100,492,235,180,477,179,267,291,135,64,8,461,130,11,331,283,379,145,438,56,107,40,118,153,362,501,29,85,409,186,310,387,533,137,333,43,195,327,65,393,265,169,41,255,144,437,143,377,57,493,278,425,79,17,326,208,141,51,224,269,504,174,489,60,163,421,25,168,313,262,279,419,45,472,12,319,212,204,188,68,170,70,28,276,383,3,284,121,86,127,147,218,432,473,197,91,444,476,468,500,203,128,233,232,46,479,523,481,373,239,337,360,221,111,104,266,391,261,296,34,263,172,511,315,374,408,150,126,410,152,185,398,236,207,9,196,519,527,536,23,215,406,4,191,142,93,42,311,356,382,390,281,288,20,452,161,482,521,47,486,381,496,344,73,246,136,422,103,415,497,431,317,407,399,338,470,323,351,132,178,448,164,447,244,241,280,372,5,371,254,211,264,380,505,257,322,488,528,532,375,516,359,330,131,105,306,342,10,114,348,108,58,99,84,418,352,54,474,97,231,458,112,39,48,209,116,308,106,498,428,512,302,336,427,347,413,471,449,535,451,355,443,394,485,507,250,217,206,295,305,307,450,71,462,483,219,252,430,18,76,332,167,228,225,445,146,30,423,454,312,434,78,440,14,531,256,251,124,321,165,502,200,122,214,66,243,72,113,401,74,478,350,294,417,520,259,223,274,155,349,194,63,343,27,6,140,480,184,98,517,340,139,392,55,515,134,487,109,530,177,513,75,19,160,416,509,369,456,226,248,285,389,38,205,525,213,442,495,453,110,234,21,59,378,227,69,334,271,301,414,499,289,325,96,49,36,52,62,67,522,459,129,275,524,82,400,339,329,81,31,88,166,273,491,314,24,253,439,534,89,299,92,357,411,518,240,268,514,324,316,386,2,460,230,15,249,526,466,435,370,35,309,364,245,158,286,455,32,182,125,189,320,16,117,44,80,429,83,242,384,396,397,198,61,304,270,446,354,463,297,436,95,465,287,467,361,303,187,101,420,353,506,216,202,260,412,94,90,424,277,229,156,345,490,464,510,484,138,247,318,201,190,341,192,363,7,133,335,358,494,50,154,388,115,220,475,328,292,13,385,77,293,183,22,403",5000,100
17,4,108270.58001131851,22.568888745993345,"530,109,487,134,55,515,177,376,392,139,340,517,98,184,480,140,214,122,66,171,238,149,520,259,350,294,417,74,478,339,329,289,325,334,271,301,414,499,220,513,75,19,160,416,509,369,456,226,248,285,389,38,205,525,321,165,502,200,124,343,27,6,181,282,210,395,33,222,258,162,194,349,274,155,287,467,465,436,95,354,463,297,446,270,304,61,397,198,117,44,80,429,83,242,384,396,125,189,320,16,22,249,526,466,435,370,35,309,364,245,158,286,24,253,439,166,273,491,314,324,183,316,386,2,32,182,460,230,15,455,268,514,92,357,411,518,240,89,299,403,534,31,81,88,223,462,71,167,228,225,445,146,76,332,483,219,252,430,18,335,358,494,50,30,423,454,312,434,234,110,453,495,442,154,133,7,363,192,341,190,69,227,378,21,388,115,78,440,14,531,450,307,305,295,206,217,250,507,485,394,443,99,84,418,352,54,474,97,231,458,471,413,420,187,101,469,120,290,365,405,199,148,368,53,298,433,426,272,441,503,100,492,235,180,477,179,267,291,135,296,34,263,172,511,315,374,408,118,153,362,501,29,85,409,186,310,145,438,56,107,40,288,197,147,218,432,473,141,51,224,269,504,174,489,60,163,421,25,168,313,262,279,419,45,12,319,212,204,188,277,383,3,284,121,86,127,28,276,472,229,431,317,407,497,73,246,136,422,103,415,20,452,311,356,382,390,281,126,410,152,185,398,236,207,9,196,519,527,536,23,215,406,373,239,337,360,221,111,104,266,391,261,130,11,331,283,379,333,43,195,327,65,393,265,169,41,255,144,437,143,479,523,481,233,232,46,387,533,137,4,191,142,93,42,444,91,482,521,47,486,381,496,344,510,484,138,247,318,201,156,345,490,464,359,330,131,105,306,342,10,114,348,108,58,260,216,202,353,506,476,412,90,424,94,336,427,347,112,39,48,209,116,308,106,498,470,323,351,132,178,448,164,447,244,241,280,372,5,371,254,211,264,380,505,257,322,488,528,532,375,516,399,338,512,302,428,468,500,203,377,57,493,278,425,79,17,326,208,8,461,64,150,361,303,175,123,151,193,26,173,157,237,346,119,404,176,449,535,451,355,72,113,401,243,213,529,366,402,300,457,293,37,367,508,102,87,292,13,385,63,328,77,159,475,170,70,68,128,161,522,459,256,251,96,49,36,52,62,67,129,275,524,82,400,59",5000,100
17,5,108359.91554393306,22.265550503614882,"354,463,297,436,95,465,287,467,274,155,349,194,162,258,238,149,171,529,366,402,181,282,210,395,33,222,87,102,508,367,37,293,300,457,193,26,173,157,443,99,84,418,352,54,474,97,231,458,112,39,48,209,116,308,428,512,302,336,427,347,413,471,449,535,451,355,176,237,346,119,404,151,123,530,109,487,134,55,515,177,376,175,159,77,328,292,13,385,63,343,27,6,140,480,184,98,517,340,139,392,124,321,165,502,200,122,214,66,417,294,350,520,259,223,88,31,81,403,534,89,299,92,514,268,240,518,411,357,304,270,446,96,49,36,52,62,67,522,459,256,389,38,205,525,213,243,72,113,401,74,478,339,329,289,325,334,271,301,414,499,220,475,160,416,509,369,456,226,248,285,252,430,18,335,358,494,50,154,442,495,453,110,234,312,434,454,423,30,146,76,332,483,219,462,450,307,305,295,206,217,250,507,485,394,156,345,490,464,510,484,138,247,318,201,486,521,47,381,496,344,73,246,136,422,103,415,20,452,161,482,142,93,42,311,356,382,390,281,126,410,152,185,398,236,207,9,196,519,527,536,23,215,406,373,239,337,360,221,111,104,266,391,261,296,34,263,172,511,315,374,150,408,118,153,362,501,29,85,409,186,310,145,438,56,107,40,288,197,147,218,432,473,141,51,224,269,504,174,489,60,163,421,25,168,313,262,279,419,229,472,45,12,319,212,204,188,277,128,203,500,468,476,412,90,424,94,260,216,148,368,53,298,433,426,272,441,503,100,492,235,180,477,179,267,291,135,64,8,461,130,11,331,283,379,333,43,195,327,65,393,265,169,41,255,144,437,143,479,523,481,233,232,46,387,533,137,3,284,121,86,127,28,276,383,68,170,70,444,91,377,57,493,278,425,79,17,326,208,106,498,470,323,351,132,338,399,380,505,264,211,178,448,164,447,244,241,280,372,5,371,254,10,114,348,108,58,330,131,105,306,342,257,322,488,528,532,375,516,359,317,431,497,407,191,4,405,199,365,290,187,101,420,469,120,303,361,397,61,198,44,80,429,83,242,384,396,125,189,320,16,117,386,2,460,230,15,249,526,466,435,370,35,309,364,245,158,286,24,253,439,166,273,491,314,324,183,316,22,455,32,182,363,192,341,190,69,227,378,21,59,388,115,133,7,251,78,440,14,531,167,228,225,445,71,524,82,275,129,400,19,75,513,202,353,506",5000,100
18,0,112255.98502727908,18.513379362490824,"177,109,487,134,376,159,340,139,517,184,98,480,140,529,366,402,181,6,343,27,63,13,292,385,328,77,300,37,293,175,123,530,478,74,113,401,243,213,525,165,502,200,124,75,19,220,475,509,369,456,226,219,483,252,332,76,430,18,335,358,494,133,7,442,154,50,30,146,445,78,440,14,251,256,129,67,522,459,62,52,82,524,275,341,190,69,334,271,414,301,499,325,289,329,339,400,36,234,110,453,495,363,192,59,378,227,21,388,248,115,38,389,285,205,513,508,102,87,395,33,222,210,282,238,258,162,194,349,274,155,467,287,465,436,95,354,463,297,446,270,304,61,397,198,320,242,83,16,125,455,32,182,460,230,15,526,466,396,384,117,44,80,429,268,240,518,411,357,92,514,324,316,386,2,22,249,435,35,309,183,364,245,158,286,89,299,403,534,439,24,253,166,273,491,314,516,359,345,490,464,510,484,138,247,318,201,156,394,443,99,58,108,418,352,451,535,449,413,471,231,458,474,97,54,427,302,336,512,116,209,48,39,112,498,106,308,428,424,90,277,188,204,212,319,12,45,472,419,279,262,313,168,25,421,163,60,489,174,504,269,224,141,51,86,284,3,121,383,276,28,170,68,70,128,233,232,46,333,137,533,387,43,195,327,65,393,265,481,523,479,143,437,144,41,255,169,492,100,180,477,179,267,291,135,64,235,503,441,272,426,433,298,53,368,148,216,202,260,199,405,365,290,203,500,468,476,412,94,280,241,306,342,114,348,10,264,505,380,399,132,351,470,323,338,317,431,407,497,246,136,422,415,103,20,452,161,482,521,381,496,344,73,473,432,218,147,444,91,288,197,356,390,382,410,126,281,311,236,398,185,152,207,9,196,519,527,536,23,215,406,373,239,337,360,221,111,104,266,391,261,263,34,172,315,511,374,408,118,40,153,362,501,29,107,56,438,379,331,11,130,461,8,283,145,310,186,409,85,150,4,296,191,142,93,42,79,425,278,493,57,377,208,326,17,353,506,257,322,488,528,532,375,120,469,187,420,101,448,164,447,244,372,5,371,254,211,178,105,131,330,47,486,127,347,72,96,49,167,228,225,71,462,450,307,305,295,206,217,250,485,507,229,26,173,346,151,193,457,367,149,171,66,214,122,417,294,350,520,259,223,88,31,81,361,303,237,119,404,176,355,84,531,434,312,454,423,160,416,55,392,157,515,321,370,189",5000,100
18,1,109042.10048872106,21.63336215840349,"252,332,483,219,76,430,18,335,358,494,133,7,363,192,453,495,442,154,50,30,454,423,110,234,312,434,78,440,14,531,445,225,228,167,71,462,450,307,305,295,206,217,250,485,507,318,201,156,345,490,464,510,484,138,247,482,521,47,486,381,496,344,73,497,431,317,407,532,375,528,488,322,257,5,371,254,211,178,448,164,447,244,97,474,54,458,231,112,471,413,101,187,420,469,120,361,303,397,198,320,189,125,16,117,44,80,429,83,242,384,396,182,32,455,240,518,411,357,92,514,268,324,183,309,364,35,526,249,22,386,2,230,460,15,466,435,370,245,158,286,534,89,299,403,81,31,88,223,274,155,467,287,465,436,95,354,463,297,446,270,304,61,237,346,119,404,176,355,443,394,131,105,359,516,330,399,132,351,323,470,498,106,308,428,512,302,336,347,116,209,48,39,23,215,406,373,239,337,360,221,111,104,266,391,261,296,34,263,172,315,511,536,527,519,150,207,9,196,4,142,191,93,42,236,398,185,152,410,126,281,356,382,390,288,197,218,147,444,85,107,56,438,145,333,137,533,387,43,195,327,65,393,265,481,523,479,143,437,144,41,255,169,492,100,180,477,179,267,291,135,64,235,11,130,461,8,283,379,331,310,186,409,29,501,91,362,153,40,118,408,374,20,452,311,422,415,103,136,246,473,432,141,51,224,269,504,229,419,279,262,313,168,25,421,163,60,489,174,28,276,383,127,86,121,3,284,45,472,468,500,203,377,57,493,278,425,79,17,326,208,128,70,170,68,204,212,319,12,233,232,46,368,148,216,260,202,353,506,476,412,94,424,90,277,188,352,10,342,306,114,348,108,58,99,418,451,535,449,199,405,365,290,53,298,433,426,272,441,503,194,162,258,238,171,149,520,259,350,294,417,66,214,122,502,200,165,321,124,220,513,75,19,205,38,389,285,248,115,388,21,59,378,227,69,334,271,414,301,499,289,325,190,341,524,82,52,62,67,522,459,256,129,275,251,400,36,49,96,329,339,74,478,525,72,113,401,243,213,392,376,175,109,530,177,515,487,134,55,475,160,416,509,369,456,226,146,282,181,6,343,27,63,13,292,385,328,77,159,340,139,517,184,98,480,140,529,366,402,222,210,395,33,508,367,37,300,457,193,26,173,157,123,151,439,273,166,491,314,24,253,316,349,87,102,293,84,372,280,241,264,505,380,161,338,427",5000,100
18,2,110357.51448461287,20.036216641977674,"416,160,475,509,369,456,226,219,483,332,76,430,18,335,358,494,133,7,442,154,50,30,454,423,110,234,312,434,78,440,14,531,445,225,228,167,146,71,462,450,307,305,295,206,217,250,485,507,318,201,156,345,490,464,510,484,138,247,482,161,422,136,246,73,497,431,317,407,399,132,351,178,448,164,254,211,323,470,498,106,308,428,512,116,209,48,39,112,471,413,347,427,302,336,412,94,424,90,277,204,212,319,12,45,472,419,279,262,313,168,25,421,163,60,489,174,504,269,224,51,141,473,432,218,147,444,91,501,29,153,362,118,40,107,56,438,379,331,130,11,461,8,64,235,503,441,272,426,433,17,79,425,278,368,148,199,405,365,290,53,298,326,208,437,144,41,255,169,265,481,523,479,143,377,57,493,202,353,506,260,216,188,468,500,476,203,128,70,170,68,284,3,121,276,383,127,86,85,409,186,310,145,333,137,533,387,46,233,232,28,393,65,327,195,43,283,4,527,519,150,408,374,315,511,536,23,215,406,373,239,337,360,221,111,104,266,267,291,135,296,263,34,172,281,126,410,152,185,207,9,196,398,236,311,191,142,93,42,452,20,415,103,516,359,330,131,105,348,114,306,342,10,280,241,257,322,488,528,532,375,47,486,521,381,496,344,418,352,108,58,99,84,355,451,535,449,231,458,474,54,97,447,244,372,5,371,505,264,380,176,237,346,119,404,157,436,95,354,463,297,446,270,304,61,397,198,320,189,125,16,117,44,80,429,83,242,384,396,182,32,455,268,514,92,357,411,518,240,324,183,309,364,35,370,435,526,466,249,22,386,2,230,460,15,314,491,24,253,439,273,166,81,31,88,223,259,520,350,294,417,66,214,122,502,200,98,184,480,140,529,366,402,181,6,343,27,63,13,292,385,77,328,159,340,139,517,392,55,515,487,134,376,175,123,457,193,26,173,151,367,508,102,87,395,33,222,210,282,171,149,238,258,162,194,349,274,155,467,287,465,530,177,109,75,19,205,525,213,243,72,113,401,74,478,251,256,129,275,524,82,52,62,67,522,459,36,49,96,329,339,400,192,453,495,363,59,378,227,69,334,271,414,301,289,325,190,341,21,388,115,248,285,389,38,513,220,124,321,165,499,37,300,293,252,443,394,338,469,187,101,420,120,361,303,403,534,89,299,245,158,286,316,180,477,179,391,261,390,382,356,288,197,100,492,229",5000,100
18,3,109797.70816692308,20.55937918718263,"401,113,72,243,213,525,165,502,200,480,140,122,214,66,171,149,238,258,222,210,395,33,367,37,300,457,193,26,173,157,436,95,354,463,297,446,270,304,61,397,198,320,189,125,396,182,32,455,268,514,92,357,411,518,240,324,183,309,364,245,158,286,24,253,439,273,166,491,314,534,89,299,403,81,31,88,223,259,520,350,294,417,74,478,483,219,252,430,18,335,358,494,133,7,363,192,453,495,442,154,50,30,454,423,434,78,440,14,531,305,295,206,217,250,84,418,352,10,342,306,114,348,108,58,99,443,394,485,507,318,201,156,345,490,464,510,484,138,247,482,521,47,486,381,496,344,73,497,431,317,407,399,264,211,254,371,5,372,280,241,447,244,164,448,178,351,132,338,323,470,498,106,308,428,512,116,209,48,39,112,471,413,347,427,302,336,412,90,424,94,277,188,204,212,319,12,45,472,419,279,262,313,168,25,421,163,60,489,174,504,229,224,269,141,51,86,127,383,276,28,170,68,70,128,203,500,468,476,326,208,437,143,479,232,233,46,533,387,43,195,327,65,393,265,481,523,144,41,255,169,492,100,180,477,179,267,291,135,64,235,503,441,272,426,433,17,79,425,278,493,57,377,283,331,379,438,56,107,310,186,409,85,444,91,501,29,153,362,40,118,288,197,356,382,281,126,410,152,398,185,207,9,196,519,527,536,23,215,406,373,239,337,360,221,111,104,266,391,261,390,311,236,93,42,142,191,103,20,452,161,422,415,147,218,432,473,333,137,145,130,11,461,8,296,34,263,172,315,511,374,408,150,4,123,151,346,119,404,176,237,355,451,535,449,231,458,474,54,97,330,131,105,488,528,375,532,516,359,246,136,293,175,109,487,134,376,392,55,475,160,416,509,369,456,226,389,38,205,513,75,19,220,124,321,400,36,52,62,67,522,459,256,129,275,524,82,49,96,289,325,190,341,227,69,334,271,414,301,499,366,402,181,6,343,27,63,13,292,385,77,328,159,340,139,517,98,184,87,102,508,529,287,467,349,274,155,194,162,282,465,530,177,515,462,167,228,225,445,146,76,332,307,450,71,378,21,59,388,115,248,285,284,3,121,216,148,368,53,298,365,290,405,199,506,260,202,353,505,380,257,322,120,361,303,429,80,44,117,16,242,384,526,249,22,386,2,316,460,15,230,435,370,35,466,83,312,234,110,251,329,339,420,187,101,469",5000,100
18,4,107824.78385350958,21.648325046623423,"380,264,399,132,351,211,178,448,164,254,371,5,372,241,280,306,114,348,108,58,99,84,418,352,10,342,244,447,338,407,497,431,317,246,73,344,496,381,486,47,521,482,161,422,415,103,20,452,311,236,398,185,152,207,9,196,4,406,373,239,337,360,221,111,104,266,391,261,296,263,34,172,315,511,536,23,215,527,519,150,408,374,281,126,410,288,197,218,147,444,91,362,501,29,153,40,118,107,56,438,379,283,145,333,137,533,387,43,195,327,65,393,265,481,523,479,143,437,144,41,255,169,272,426,433,298,53,368,148,216,260,202,353,506,476,468,500,203,377,57,493,278,425,79,17,326,208,128,70,68,170,28,276,383,127,86,284,3,121,46,233,232,199,405,365,290,120,361,303,397,198,320,189,125,16,117,44,80,429,83,242,384,396,182,32,455,268,514,92,357,411,518,240,324,183,309,364,35,370,435,526,466,249,22,386,2,316,460,15,230,245,158,286,24,253,439,273,166,491,314,534,89,299,403,81,31,88,223,274,155,349,194,162,258,222,210,395,33,87,102,508,367,37,293,300,457,193,26,173,151,346,119,404,176,469,187,420,101,413,471,112,39,48,209,116,428,512,427,302,336,347,308,106,498,470,323,25,421,163,60,489,174,504,269,224,51,141,473,432,186,310,409,85,97,474,54,458,231,535,449,451,355,443,394,485,507,318,201,156,345,490,464,510,484,138,247,131,105,359,330,516,375,532,528,488,322,257,505,204,212,319,12,45,472,419,279,262,313,168,412,94,424,90,277,188,229,130,11,461,8,64,235,180,477,179,267,291,135,503,441,100,492,331,191,142,93,42,136,378,227,69,334,271,414,301,499,289,325,190,341,192,363,495,442,154,50,30,423,454,434,78,440,14,531,445,225,228,167,71,462,450,307,305,295,206,217,250,177,515,487,134,376,175,109,55,475,160,416,509,369,456,226,219,483,252,430,18,335,358,494,133,7,453,110,234,312,251,256,129,275,524,82,52,62,67,522,459,36,49,96,329,339,400,146,76,332,115,388,21,59,248,285,389,38,205,513,75,19,220,124,321,165,502,200,98,184,480,140,122,214,66,171,149,238,402,366,529,181,6,343,27,63,13,292,385,328,77,159,340,139,517,392,113,401,74,478,350,294,417,259,520,390,382,356,61,304,270,446,463,297,95,354,467,287,465,436,157,237,243,213,72,525,282,530,123",5000,100
19,0,134377.623743129,19.282918080654063,"36,400,423,454,146,30,445,335,358,494,50,440,251,71,363,389,252,271,334,69,502,165,385,13,292,77,328,181,6,27,343,402,258,238,282,210,395,139,517,340,213,243,72,175,376,55,124,513,285,33,162,529,171,433,128,500,174,60,313,493,57,377,506,48,39,516,211,371,505,380,322,178,132,25,421,424,262,224,269,351,241,280,448,164,461,145,413,45,68,70,170,233,232,279,419,472,12,319,163,532,105,114,348,451,399,207,239,373,473,406,23,64,477,203,260,216,199,405,356,382,390,410,281,137,204,212,468,476,425,79,326,17,278,196,9,215,374,315,283,291,267,8,331,34,263,11,130,235,272,180,288,197,432,85,56,93,42,191,236,398,152,185,519,527,126,28,106,498,254,471,379,362,153,118,501,91,20,168,407,431,317,344,489,229,383,3,284,121,276,438,186,387,533,41,65,208,144,481,391,360,221,261,51,29,107,511,536,135,296,337,195,218,127,86,479,143,43,393,492,265,523,169,327,408,231,458,535,323,470,116,209,5,372,257,264,381,486,47,247,161,136,246,112,67,522,62,52,275,82,154,442,495,459,312,129,63,274,491,166,273,253,439,24,286,158,245,534,303,361,115,289,190,378,59,325,96,110,234,192,133,7,219,483,332,76,480,214,122,366,87,102,159,98,300,457,26,173,176,496,521,138,456,226,329,520,259,349,189,320,518,240,268,324,183,514,198,396,125,15,182,32,455,460,230,386,316,2,346,193,420,187,449,342,306,58,108,418,10,512,428,308,422,244,447,474,528,375,490,345,359,156,464,510,484,443,353,202,333,188,412,90,94,338,452,141,469,101,318,201,73,497,103,415,148,277,504,100,179,310,97,54,352,298,53,205,462,295,417,350,478,74,401,339,307,450,167,392,134,509,416,160,21,388,18,430,414,301,19,75,475,220,38,248,369,14,499,113,294,525,321,200,149,66,140,37,123,530,487,109,89,397,287,81,435,370,22,309,466,526,16,242,117,429,80,44,357,411,61,35,249,364,426,255,437,46,444,147,409,40,365,290,302,336,427,368,270,304,92,367,83,384,488,131,330,227,223,465,157,95,436,297,463,354,31,88,453,341,524,49,531,305,78,225,228,256,434,515,184,155,194,222,508,119,151,355,485,84,172,311,150,482,266,4,111,104,503,441,120,99,206,217,250,394,347,177,404,237,507,142,403,314,467,293,299,446",5000,100
19,1,114484.74871602499,19.817943636927623,"271,334,325,301,414,499,289,113,401,329,96,49,62,67,522,459,256,251,78,440,14,531,243,213,72,165,502,200,480,6,181,282,210,395,33,508,367,102,87,529,366,402,27,343,63,385,13,292,77,328,376,392,139,517,340,159,293,37,177,515,55,162,194,349,274,155,479,143,326,208,437,144,41,255,393,65,169,265,128,203,473,197,444,91,362,153,40,118,29,85,409,186,310,410,126,281,150,4,527,519,207,152,185,398,236,9,196,406,373,239,337,360,221,111,104,266,391,261,296,34,263,172,283,331,379,8,461,130,11,148,365,290,405,199,368,53,79,425,17,278,493,57,377,500,468,476,412,424,90,94,498,106,308,428,512,427,347,116,209,48,39,351,178,448,164,447,244,372,5,371,254,188,45,472,12,319,212,204,170,68,70,264,380,505,528,532,375,317,431,407,163,421,25,168,313,262,422,161,482,521,47,486,381,496,131,330,516,464,510,484,138,247,318,201,156,280,241,342,306,114,348,10,352,418,84,99,443,394,485,507,452,415,103,246,73,344,470,323,60,174,489,383,121,3,284,28,276,51,224,269,504,229,419,279,277,46,232,233,176,469,187,420,101,399,211,132,338,257,322,488,497,136,20,141,432,147,218,127,86,438,56,107,382,390,356,288,501,311,191,142,93,42,359,345,490,97,474,54,458,231,112,471,413,449,535,451,355,285,389,38,525,321,124,220,513,19,75,205,475,416,160,509,369,456,226,295,206,217,267,179,477,180,100,492,235,64,503,441,272,426,433,511,315,374,408,234,110,495,442,154,50,30,146,445,225,228,167,71,462,450,307,305,332,252,76,18,133,7,335,358,494,59,378,227,21,388,115,248,483,219,363,192,453,69,190,341,524,275,82,52,36,400,339,74,478,294,417,350,259,520,223,88,31,81,253,24,286,158,245,364,309,35,370,435,249,526,466,396,189,320,125,455,32,182,15,460,230,22,316,324,183,268,240,518,357,411,92,299,89,534,439,491,314,273,166,386,2,514,384,242,83,429,80,44,117,16,198,397,61,304,270,446,403,297,463,354,95,436,465,157,237,119,404,346,151,193,26,173,457,175,123,530,109,487,134,98,184,222,258,238,149,66,214,122,140,171,108,58,333,145,137,533,387,195,327,43,481,523,536,23,215,135,291,506,202,353,216,260,298,302,336,120,303,361,467,287,300,430,434,312,454,423,129,250,105",5000,100
19,2,108973.91008666536,19.90363633181196,"37,300,293,175,123,530,177,515,55,392,134,487,109,376,87,102,508,367,162,258,238,171,149,259,520,350,294,417,66,214,122,502,200,165,321,124,220,513,75,19,205,38,389,285,248,115,388,21,59,378,227,69,334,271,301,414,499,289,325,96,49,82,524,275,62,67,522,459,256,251,78,440,14,531,450,307,305,295,206,217,250,485,507,201,318,247,138,484,510,464,490,345,330,131,105,488,322,257,505,380,264,399,211,254,371,5,372,280,241,342,306,114,348,108,58,99,84,418,10,352,451,535,449,443,394,156,470,323,498,106,308,428,512,302,336,427,347,116,209,48,39,112,471,413,187,420,101,469,60,174,504,229,224,269,141,51,127,86,284,121,3,383,276,28,45,472,12,319,212,204,188,277,500,468,476,412,94,90,424,344,73,246,136,422,415,103,20,452,161,482,521,47,486,381,496,379,331,130,11,283,333,137,145,438,56,107,310,186,409,85,444,91,362,153,40,118,408,374,315,511,536,23,215,406,373,239,337,360,221,111,104,266,391,261,296,135,291,267,179,477,180,100,492,235,65,393,387,533,195,327,43,8,461,64,503,441,272,426,433,298,53,368,148,216,260,202,353,506,199,405,365,290,120,303,361,270,304,61,397,198,320,189,125,16,396,384,242,83,429,80,44,117,514,268,240,455,32,182,460,230,22,249,526,466,15,2,386,324,316,183,309,364,35,370,435,439,253,24,491,314,273,166,158,245,286,534,89,299,403,81,31,223,88,155,349,274,194,465,467,287,436,95,354,446,463,297,157,237,119,404,176,193,26,173,457,151,346,139,517,184,98,480,140,529,366,402,181,6,27,343,63,385,292,13,328,77,159,340,50,494,358,335,133,7,363,192,453,495,442,154,423,454,234,110,129,312,434,30,146,445,225,228,167,71,462,332,483,219,252,430,76,18,341,190,339,400,36,52,282,210,222,395,33,416,160,475,509,369,456,226,410,126,281,356,382,390,311,191,142,93,42,9,196,519,207,185,152,398,236,150,527,4,172,263,34,203,128,70,68,170,46,523,481,265,169,255,326,208,17,79,425,278,493,57,377,144,41,437,143,479,233,232,147,218,432,473,197,288,501,29,25,421,163,262,279,419,168,313,338,132,351,178,448,164,447,244,97,474,54,458,231,516,359,532,528,375,497,317,431,407,489,355,411,357,92,518,113,401,74,478,329,243,213,72,525",5000,100
19,3,108316.74909259441,20.916183663685967,"19,75,513,220,475,160,416,509,369,456,226,219,483,332,252,430,76,18,335,133,7,363,192,453,495,442,154,50,494,358,110,234,312,434,78,440,14,531,450,307,305,295,206,217,250,485,507,201,318,247,138,484,510,464,490,345,330,131,105,114,348,108,58,99,84,418,352,10,306,342,54,97,474,458,231,471,413,187,101,420,469,120,303,361,270,304,61,397,198,411,357,92,514,268,240,518,189,320,16,396,384,242,83,429,80,44,117,125,455,32,182,460,230,22,249,526,466,15,2,386,316,324,183,309,364,35,370,435,439,253,24,491,314,273,166,158,245,286,534,89,299,403,81,31,223,88,155,349,274,194,162,258,238,171,149,259,520,350,294,417,478,74,401,525,213,243,72,113,395,33,87,102,508,367,37,300,293,328,77,159,340,139,517,184,98,480,140,122,214,66,165,321,124,200,502,385,292,13,63,343,27,6,181,282,210,222,402,366,529,467,287,465,95,436,297,463,354,446,346,237,119,404,176,451,535,449,443,394,156,381,496,344,73,246,136,422,415,103,141,51,224,269,504,229,419,279,262,163,421,25,168,313,338,132,351,211,254,371,5,372,280,241,447,448,164,178,399,264,505,380,257,322,488,528,375,532,516,359,90,424,94,412,476,468,500,277,212,204,188,70,170,68,28,276,383,127,86,284,121,3,393,387,533,46,232,233,479,143,437,144,41,255,326,208,17,79,425,278,493,57,377,203,128,523,481,265,169,272,426,433,503,441,235,492,100,180,477,179,267,291,135,296,34,263,172,315,511,536,23,215,406,373,239,337,360,221,111,104,266,391,261,379,331,130,11,461,8,43,195,327,65,64,145,438,56,107,310,186,409,85,444,91,362,153,40,118,408,374,150,207,185,152,398,236,410,126,281,356,382,390,288,197,147,218,432,473,311,452,161,482,9,4,527,519,196,93,42,142,191,521,47,486,20,497,317,431,407,489,60,174,319,12,45,472,323,470,498,106,308,428,512,302,336,427,347,116,209,48,39,112,244,216,260,202,353,506,368,148,199,405,365,290,53,298,501,29,137,333,283,177,515,55,392,134,487,109,376,175,123,530,457,193,26,173,151,157,499,289,325,96,49,36,52,62,67,522,459,256,251,129,275,524,82,341,190,69,334,271,301,414,378,227,21,59,388,115,285,248,38,389,205,462,71,167,228,225,445,146,30,423,454,329,339,400,355",5000,100
19,4,108145.11213652509,22.338644563621944,"160,416,509,369,456,226,219,252,430,76,18,335,133,7,363,192,453,495,442,154,50,494,358,110,234,312,434,454,423,30,146,445,225,228,167,71,462,332,483,115,388,21,59,378,227,69,334,271,301,414,499,289,325,96,49,82,524,275,62,67,522,459,256,251,78,440,14,531,450,307,305,295,206,217,250,485,507,156,201,318,247,138,484,510,464,490,345,330,131,105,322,257,505,380,264,399,132,351,211,254,371,5,372,280,241,342,306,114,348,108,58,99,84,418,352,10,474,54,97,244,447,448,164,178,470,323,106,308,428,512,302,336,427,347,116,209,48,39,112,471,413,187,420,101,469,120,303,361,270,304,61,397,198,320,189,125,455,240,518,411,357,92,514,268,324,316,386,2,460,230,22,249,526,466,15,182,32,435,370,35,364,309,183,245,286,158,253,24,491,314,273,166,439,81,31,223,88,376,175,404,119,346,151,193,26,173,457,300,293,37,367,508,87,102,33,395,210,222,282,6,27,343,63,385,292,13,328,77,159,340,139,517,184,98,480,140,122,214,66,171,238,258,162,194,349,274,155,287,467,465,436,95,354,446,463,297,157,237,176,451,535,449,443,394,60,174,489,504,229,224,269,45,472,12,319,212,204,68,170,70,188,277,500,468,476,412,94,90,424,168,313,163,421,25,338,431,317,407,73,246,136,422,415,103,141,51,127,86,284,121,3,383,276,28,233,232,46,523,481,265,169,255,326,208,17,79,425,278,493,57,377,203,128,444,91,147,218,432,473,197,288,390,356,382,281,126,410,152,185,207,9,196,4,215,406,373,239,337,360,221,111,104,266,391,261,296,135,291,267,179,477,180,100,492,235,65,393,387,533,137,145,438,56,107,40,118,362,153,29,501,85,409,186,310,379,283,331,130,11,461,8,43,195,327,64,503,441,272,426,433,298,53,368,148,216,260,202,353,506,199,405,365,290,479,143,437,144,41,344,496,381,486,47,521,482,161,93,42,142,191,236,398,150,374,315,511,536,23,527,519,311,452,20,497,375,532,516,359,488,528,498,262,279,419,109,487,134,55,392,124,220,475,321,165,502,200,525,213,243,72,113,401,74,478,350,294,417,520,259,149,529,366,402,181,75,19,205,38,389,285,248,341,190,129,52,36,400,339,329,513,515,123,530,177,355,231,458,44,80,429,83,242,384,396,16,117,403,534,89,299,34,263,172,408,333",5000,100
19,5,107802.38462578402,22.72574533725543,"300,293,37,367,508,87,102,33,395,210,222,258,238,171,149,259,520,350,294,417,66,214,122,502,200,165,321,124,220,513,75,19,205,38,389,285,248,115,388,21,59,378,227,69,334,271,301,414,499,289,325,96,49,82,524,275,62,67,522,459,256,251,78,440,14,531,450,307,305,295,206,217,250,485,507,201,318,247,138,484,510,464,490,345,330,131,105,322,257,505,380,264,399,132,351,211,254,371,5,372,280,241,342,306,114,348,108,58,99,84,418,352,10,97,474,54,458,231,535,449,471,413,187,420,101,469,120,303,361,270,304,61,397,198,320,189,125,16,117,44,80,429,83,242,384,396,15,182,32,455,240,518,411,357,92,514,268,324,316,386,2,460,230,22,249,526,466,435,370,35,364,309,183,245,286,534,403,81,31,223,274,155,349,194,162,525,213,243,72,113,401,74,478,329,339,400,36,52,341,190,146,445,225,228,167,71,462,332,76,18,335,133,7,363,192,453,495,442,154,50,30,423,454,312,234,110,129,434,226,219,252,430,237,119,404,176,451,355,443,394,156,488,528,375,532,516,359,381,496,344,73,246,136,422,415,103,141,51,224,269,504,229,419,279,472,12,319,212,204,68,70,170,28,276,383,3,284,121,86,127,432,218,147,197,288,408,374,315,511,536,23,215,406,373,239,337,360,221,111,104,266,391,261,296,34,263,172,379,283,331,130,11,461,8,43,195,327,65,393,387,533,137,145,438,56,107,310,186,409,85,444,91,362,153,40,118,29,501,45,128,232,233,479,143,437,144,41,255,326,208,17,79,425,278,493,57,377,203,500,468,476,412,94,90,424,277,188,421,25,60,174,489,262,313,168,163,338,470,323,498,106,308,428,512,302,336,427,347,116,209,48,39,112,244,447,448,178,164,202,353,506,199,405,365,290,368,148,216,260,298,53,272,426,433,503,441,100,180,477,64,235,492,333,4,527,519,196,9,207,185,152,398,236,311,452,20,191,142,42,93,521,47,486,161,482,523,481,265,169,46,473,150,126,410,281,356,382,390,497,317,431,407,291,267,179,135,346,151,193,26,173,457,175,123,530,177,515,55,392,134,487,109,376,340,139,517,184,98,480,140,529,366,402,181,6,27,343,63,385,292,13,328,77,159,456,369,509,160,416,475,88,166,273,491,314,24,253,439,158,95,436,465,467,287,354,446,463,297,157,89,299,282,494,358,483",5000,100
20,0,108710.64120323559,21.639964707973956,"119,404,237,346,151,193,26,173,157,436,95,465,287,467,155,274,349,194,162,258,238,171,529,6,181,282,210,222,27,343,63,385,292,13,328,77,159,340,139,517,98,184,480,140,214,122,200,502,165,321,124,220,513,75,19,205,38,389,285,248,115,388,21,59,378,227,69,271,334,325,289,499,414,301,190,341,192,363,7,133,335,358,494,50,30,146,445,225,228,167,71,462,450,307,305,295,206,226,456,369,509,416,160,475,515,487,134,55,392,376,175,109,530,177,123,457,300,37,293,367,508,87,102,33,395,149,96,400,36,49,52,62,67,522,459,256,251,78,440,14,531,275,524,82,129,312,434,454,423,110,453,495,442,154,234,332,252,483,219,18,76,430,520,259,223,88,31,81,403,89,299,304,61,397,198,117,44,80,429,83,242,384,396,15,460,230,386,2,316,22,435,370,35,364,309,183,324,514,92,357,411,518,240,125,189,320,16,491,314,273,166,439,253,24,158,286,534,270,446,354,463,297,176,535,449,471,413,420,187,101,469,120,481,265,169,65,393,195,43,333,137,145,310,186,409,85,444,91,501,362,153,40,118,29,107,56,438,379,331,34,263,172,511,315,374,408,150,207,9,196,519,527,536,23,215,406,373,239,337,360,221,111,104,266,391,261,296,135,291,267,179,477,180,100,492,235,64,11,130,461,8,327,387,533,46,523,479,143,437,144,41,255,326,208,17,79,425,278,493,57,377,203,500,468,476,412,506,353,202,216,260,148,368,53,298,272,426,433,441,503,432,473,141,51,224,269,504,174,489,262,168,313,163,421,25,338,351,211,178,448,164,447,244,372,5,371,254,106,308,428,512,302,336,427,347,116,209,48,39,112,231,458,54,474,97,241,280,10,114,348,108,58,99,84,418,352,451,355,443,394,485,507,250,217,431,317,407,60,419,279,229,276,28,3,284,121,86,127,383,45,472,12,319,212,204,188,277,90,424,94,323,470,498,170,68,70,128,233,232,505,264,380,399,132,322,488,528,532,375,516,359,330,131,105,306,342,290,405,199,365,138,484,510,464,490,345,201,156,318,247,482,161,381,486,47,521,496,136,246,73,344,497,103,415,20,452,191,142,93,42,311,382,356,390,281,126,410,152,185,398,236,4,197,288,283,147,218,422,257,366,402,243,213,72,113,401,74,478,350,294,417,66,525,329,339,455,268,182,32,466,526,249,245,303,361",5000,100
20,1,107449.12501645213,25.245510405947776,"123,530,177,515,55,134,487,109,175,457,193,26,173,157,237,346,119,404,176,130,461,8,327,195,43,333,145,438,310,186,409,85,29,501,362,153,40,118,288,197,218,147,444,91,432,473,141,51,224,269,504,174,489,60,163,421,25,168,313,262,279,419,45,472,12,319,212,204,188,277,476,468,500,128,70,170,68,28,276,383,121,284,3,127,86,126,410,311,382,356,390,281,150,374,408,511,315,34,263,172,4,215,406,373,239,337,360,221,111,104,266,391,261,296,135,291,267,179,477,180,100,492,235,65,393,265,481,523,479,233,232,46,387,533,137,283,379,331,11,64,441,503,169,255,41,144,437,143,377,57,493,278,425,79,17,326,208,272,426,433,298,53,368,148,216,260,202,506,353,427,347,413,471,112,231,458,54,474,97,241,280,372,5,371,254,211,178,448,164,447,244,257,322,488,528,532,375,516,359,345,490,464,510,484,138,247,318,201,156,330,131,105,306,342,10,114,348,108,58,99,84,418,352,451,355,443,394,485,507,250,217,206,226,456,369,509,416,160,475,220,513,75,19,205,38,389,285,248,115,388,21,59,378,227,69,271,334,325,289,499,414,301,190,341,192,363,495,453,234,312,434,454,423,110,524,82,52,62,67,522,459,129,256,251,78,440,14,531,228,225,167,71,462,450,307,305,295,219,483,252,430,18,76,332,146,445,494,358,335,133,7,442,154,50,30,49,96,329,339,400,36,275,478,350,294,417,66,214,122,200,502,165,321,124,392,376,159,340,517,98,184,480,140,366,529,402,181,282,210,222,395,33,87,102,508,367,37,293,328,77,13,385,292,139,63,343,27,6,238,258,162,194,349,274,155,467,287,465,436,95,463,297,354,446,270,304,61,397,198,189,320,16,117,44,80,429,83,242,384,396,15,22,249,526,466,435,370,35,364,309,183,324,316,386,2,230,460,182,32,455,268,514,92,357,411,518,240,125,303,361,299,89,534,403,81,31,88,223,520,259,149,171,213,243,72,113,401,74,525,158,245,286,253,439,24,491,314,273,166,336,308,428,512,302,116,209,48,39,380,505,264,132,351,323,470,498,106,338,399,407,431,317,497,73,344,496,381,486,47,521,482,161,422,136,246,90,94,424,412,229,452,20,415,103,191,142,93,42,519,527,536,23,9,196,207,185,398,236,152,56,107,203,405,199,365,290,120,469,187,101,420,449,535,151,300",5000,100
20,2,110168.32342187161,18.510984586828396,"217,250,485,507,201,359,345,490,464,510,484,138,247,318,156,330,131,105,306,342,10,114,348,108,58,99,84,418,352,451,535,449,471,413,420,187,101,469,120,405,199,216,260,202,353,506,412,94,424,90,533,387,137,333,145,438,56,107,310,186,409,85,29,501,362,153,40,118,288,197,91,444,147,218,432,473,141,51,224,269,504,174,489,60,163,421,25,168,313,262,279,419,45,472,12,319,212,204,188,277,476,468,500,203,128,70,170,68,28,3,284,121,86,127,383,276,229,431,317,497,246,73,344,496,381,486,47,521,482,161,422,136,415,103,20,452,191,142,93,42,519,527,536,23,215,406,373,239,337,360,221,111,104,266,391,261,296,135,291,267,179,477,180,100,492,235,65,393,195,43,327,8,283,379,331,34,263,172,511,315,374,408,150,152,185,398,236,207,9,196,4,390,356,382,281,126,410,311,479,233,232,46,523,481,265,169,255,41,144,437,143,377,57,493,278,425,79,17,326,208,368,148,365,290,53,298,272,426,433,441,503,64,11,130,461,361,270,304,61,397,198,117,44,80,429,83,242,384,396,15,22,249,526,466,435,370,35,364,309,183,324,316,386,2,460,182,32,455,189,320,16,491,314,24,253,439,81,31,88,223,520,259,350,294,417,66,214,122,140,200,502,165,321,525,213,243,72,113,401,74,478,287,467,155,274,349,194,162,258,238,171,529,366,402,181,282,210,222,395,33,87,508,102,343,27,63,385,292,13,328,77,159,340,517,98,184,480,37,300,457,175,109,487,134,55,392,139,376,515,177,530,123,151,193,26,173,157,237,346,119,404,176,367,465,436,95,463,297,354,446,299,89,534,286,158,245,514,92,357,411,518,240,125,268,230,499,414,301,190,341,192,363,495,453,110,234,312,434,454,423,442,154,50,30,494,358,335,133,7,18,76,332,252,483,219,462,71,146,445,225,228,167,450,307,305,295,206,226,456,369,509,416,160,475,220,513,75,19,205,38,389,285,248,115,388,21,59,378,227,69,271,334,325,289,329,339,400,36,49,96,82,275,524,52,62,67,522,459,256,251,78,440,14,531,430,5,371,254,211,178,448,164,447,244,372,280,241,380,505,264,132,351,470,323,498,106,308,428,512,302,336,427,347,116,209,48,39,112,231,458,54,474,97,407,399,338,322,488,528,532,375,516,257,443,394,355,403,303,273,166,149,6,124,293,129",5000,100
20,3,107397.44592951293,29.45569015401388,"487,109,530,177,515,55,392,124,220,513,75,19,205,38,389,285,248,115,388,21,59,378,227,69,271,334,325,289,499,414,301,190,341,192,363,495,442,154,50,30,494,358,335,133,7,18,76,430,332,252,483,219,462,450,307,305,295,206,226,456,369,509,416,160,475,423,454,434,234,110,312,129,256,251,78,440,14,531,228,225,167,71,146,445,67,522,459,62,52,36,49,96,329,339,400,524,82,275,453,243,72,113,401,74,478,350,294,417,66,259,520,223,88,31,81,24,253,439,166,273,491,314,158,245,364,309,183,324,316,386,2,230,460,182,32,455,268,514,92,357,411,518,240,125,189,320,16,117,44,80,429,83,242,384,396,15,22,249,526,466,435,370,35,61,397,198,303,361,270,304,299,89,534,286,403,354,446,463,297,95,436,465,287,467,155,274,349,194,162,258,238,149,171,366,402,181,6,210,222,395,33,508,102,87,343,27,63,385,292,13,328,77,159,340,139,517,98,184,480,140,214,122,200,502,165,321,525,213,457,300,37,293,367,529,282,382,390,356,281,126,410,311,452,20,415,103,422,136,246,73,344,496,381,486,47,521,482,161,138,484,510,464,490,345,330,131,105,306,342,10,114,348,108,58,99,84,418,352,54,474,97,458,231,471,413,420,187,101,469,120,290,365,405,199,216,260,202,353,506,412,476,468,500,203,377,57,493,278,425,79,17,326,208,437,143,479,233,232,46,523,481,265,169,255,41,144,433,441,503,492,235,65,393,195,43,333,145,438,379,283,461,8,327,387,533,137,186,409,85,29,107,56,362,153,40,118,288,197,218,147,444,91,501,86,127,383,276,28,3,284,121,70,170,68,128,12,319,212,204,188,277,90,424,94,313,168,421,25,163,60,489,174,504,229,269,224,51,141,473,432,185,398,236,207,9,196,519,527,536,23,215,406,373,239,337,360,221,111,104,266,267,179,477,180,100,64,11,130,34,263,172,511,315,374,408,150,152,4,135,291,261,391,296,331,45,472,419,279,262,338,351,211,178,448,164,447,244,372,5,371,254,380,505,264,399,132,470,323,498,106,308,428,512,302,336,427,347,116,209,48,39,112,449,535,451,355,443,394,485,507,250,217,431,317,407,497,280,241,322,488,528,532,375,516,359,156,201,318,247,93,42,142,191,257,426,272,298,53,368,148,310,346,119,404,237,176,157,123,151,193,26,173,175,376,134",5000,100
20,4,107912.58433945809,23.19311754200359,"77,328,293,37,300,457,193,26,173,157,237,346,119,404,176,306,342,10,114,348,108,58,99,84,418,352,54,474,97,458,231,471,413,420,187,101,469,120,405,199,216,260,202,506,353,476,412,94,424,90,277,188,500,468,128,203,479,233,232,46,387,533,137,333,145,310,186,409,85,29,501,362,153,40,118,288,197,91,444,147,218,432,473,141,51,224,269,504,174,489,60,163,421,25,168,313,262,279,419,45,472,12,319,212,204,68,70,170,28,3,284,121,86,127,383,276,229,431,317,497,73,344,496,381,486,47,521,482,161,452,20,415,103,422,136,246,532,375,516,359,330,131,105,322,257,505,264,380,399,132,351,178,448,164,447,244,371,254,211,323,470,498,106,308,428,512,302,336,427,347,116,209,48,39,112,449,535,451,355,443,394,485,507,156,345,490,464,510,484,138,247,318,201,196,519,527,536,23,215,406,373,239,337,360,221,111,104,266,267,179,477,180,100,492,235,65,393,265,481,523,144,41,255,143,437,208,17,79,425,278,493,57,377,148,368,53,298,272,426,433,441,503,169,11,130,461,8,327,195,43,326,283,379,331,34,263,172,511,315,374,408,150,207,9,185,398,236,311,382,356,390,281,126,410,152,56,438,107,290,365,135,291,261,296,391,64,4,142,93,42,191,338,372,5,280,241,389,285,248,115,388,21,59,378,227,69,271,334,325,289,499,414,301,190,341,192,363,495,442,154,50,30,494,358,335,133,7,18,76,430,332,252,483,219,462,450,307,305,295,206,226,456,369,509,416,160,475,220,513,75,19,205,38,124,321,525,213,243,72,113,401,74,478,350,294,417,66,214,122,200,502,165,392,55,515,177,530,123,151,524,82,275,129,256,251,78,440,14,531,225,228,167,71,146,445,234,312,434,454,423,110,453,52,62,67,522,459,36,49,96,329,339,400,210,222,395,33,87,102,508,367,162,194,349,274,155,467,287,465,436,95,463,297,446,299,89,534,286,158,245,364,309,183,324,316,386,2,460,182,32,455,268,514,92,357,411,518,240,125,189,320,16,117,44,80,429,83,242,384,396,15,230,22,249,526,466,435,370,35,314,24,253,439,166,273,491,198,303,361,270,304,61,397,403,81,31,88,223,520,259,149,171,529,366,402,181,282,6,238,258,13,292,385,63,343,27,517,98,184,480,140,109,487,134,376,175,217,250,354,488,528,407,340,139,159",5000,100
20,5,108903.46192870518,20.912117157067808,"17,79,425,278,493,57,377,203,128,70,170,68,28,3,284,121,86,127,383,276,472,12,319,212,204,188,277,500,468,476,412,424,90,94,313,168,421,25,338,351,178,448,164,447,244,257,322,488,528,375,516,359,345,490,464,510,484,138,247,318,201,156,330,131,105,306,342,10,114,348,108,58,99,84,418,352,54,474,97,458,231,471,413,420,187,101,469,120,148,368,53,298,272,426,433,441,503,492,235,65,393,265,169,481,523,479,233,232,46,387,533,137,145,310,186,409,85,29,501,362,153,40,118,288,197,91,444,147,218,432,473,141,51,224,269,504,229,419,279,262,60,163,302,336,427,347,116,209,48,39,112,449,535,451,355,443,394,485,507,250,217,206,226,456,369,509,416,160,475,220,513,75,19,205,38,389,285,248,115,388,21,59,378,227,69,271,334,325,289,499,414,301,190,341,192,363,495,442,154,50,30,494,358,335,133,7,18,76,430,332,252,483,219,462,450,307,305,295,225,228,167,71,146,445,234,312,434,454,423,110,453,52,62,67,522,459,129,256,251,78,440,14,531,275,524,82,49,96,329,339,400,36,214,122,200,502,165,321,124,525,213,243,72,113,401,74,478,350,294,417,66,171,529,366,402,181,282,210,222,395,33,508,87,102,63,385,292,13,328,77,159,340,139,517,98,184,480,140,6,27,343,162,258,238,149,194,349,274,155,467,287,465,436,95,463,297,354,446,270,304,61,397,198,189,320,16,117,44,80,429,83,242,384,396,125,455,268,514,92,357,411,518,240,32,182,230,460,15,22,249,526,466,435,370,35,364,309,183,324,316,386,2,245,158,286,534,89,299,403,81,31,88,223,520,259,300,37,293,367,173,157,237,346,119,404,176,130,11,461,8,283,379,331,34,263,172,511,315,374,408,150,207,9,196,519,527,536,23,215,406,373,239,337,360,221,111,104,266,391,261,296,135,291,267,179,477,180,100,64,4,398,236,311,382,356,390,281,126,410,152,185,143,437,144,41,255,326,208,415,103,20,452,191,142,93,42,482,161,422,136,246,73,344,496,381,486,47,521,431,317,407,497,399,380,505,264,132,211,254,371,5,372,280,241,498,106,308,428,512,470,323,532,174,489,45,353,506,202,216,260,199,365,290,405,273,166,491,314,24,253,439,303,361,55,392,376,175,457,193,26,151,123,530,177,515,109,487,134,43,333,107,56,438,327,195",5000,100
20,6,108797.79485355517,21.05643681884174,"134,487,109,530,177,515,55,392,139,340,517,98,184,480,140,214,122,200,502,165,321,124,220,513,75,19,205,38,389,285,248,115,388,21,59,378,227,69,271,334,325,289,499,414,301,190,341,192,363,495,442,154,50,30,423,454,312,434,251,78,440,14,531,228,225,167,71,146,445,67,522,459,256,129,524,82,275,36,49,96,329,339,400,219,462,450,307,305,295,206,226,456,369,509,416,160,475,478,350,294,417,66,171,529,366,402,181,282,210,222,395,33,508,102,87,343,27,63,385,292,13,328,77,159,376,175,457,300,37,293,367,162,258,238,149,194,349,274,155,467,287,465,436,95,463,297,354,446,270,304,61,397,198,117,44,80,429,83,242,384,396,15,230,22,249,526,466,435,370,35,364,309,183,324,316,386,2,460,182,32,455,268,514,92,357,411,518,240,125,189,320,16,491,314,24,253,439,286,158,245,534,89,299,403,81,31,88,223,520,259,6,243,72,113,401,74,52,62,76,430,332,252,483,358,335,133,7,18,168,313,262,279,419,45,472,12,319,212,204,188,277,500,203,128,70,170,68,28,3,284,121,86,127,383,276,224,269,504,174,489,60,163,421,25,338,399,132,351,211,178,448,164,447,244,257,322,488,528,532,375,516,359,330,131,105,306,342,10,114,348,108,58,99,84,418,352,451,355,443,394,485,507,250,217,431,317,407,497,246,73,344,496,381,486,47,521,482,161,422,136,415,103,20,452,191,142,93,42,311,382,356,390,281,126,410,152,185,398,236,207,9,196,519,527,536,23,215,406,373,239,337,360,221,111,104,266,267,179,477,180,100,64,11,130,461,8,327,195,43,333,145,438,56,107,310,186,409,85,29,501,362,153,40,118,288,197,91,444,147,218,432,473,141,51,229,106,308,428,512,302,336,427,347,116,209,48,39,112,231,458,54,474,97,241,280,372,5,371,254,380,505,264,412,94,90,424,471,413,420,187,101,469,120,290,365,405,199,216,260,202,353,506,148,368,53,298,272,426,433,79,425,278,493,57,377,143,479,233,232,46,523,481,265,169,255,41,144,437,208,17,326,283,379,331,34,263,172,511,315,374,408,150,4,135,291,391,261,296,65,393,533,387,137,492,235,503,441,468,476,535,449,323,470,498,464,510,484,138,247,318,201,156,345,490,26,173,157,237,346,119,404,176,123,151,193,525,213,303,361,273,166,110,234,453,494",5000,100
20,7,108351.71320033654,22.192088970392636,"176,355,443,394,485,507,250,217,206,226,456,369,509,416,160,475,220,513,75,19,205,38,389,285,248,115,388,21,59,378,227,69,271,334,325,289,499,414,301,190,341,192,363,495,442,154,50,30,494,358,335,133,7,453,110,234,312,434,454,423,49,96,329,339,400,36,52,62,67,522,459,129,256,251,78,440,14,531,228,225,167,71,146,445,18,76,430,332,252,483,219,462,450,307,305,295,177,515,55,392,376,175,123,530,109,487,134,293,300,37,367,162,258,238,149,171,529,366,402,181,282,210,222,395,33,508,102,87,343,27,63,385,292,13,328,77,159,340,139,517,98,184,480,140,214,122,200,502,165,321,124,525,213,243,72,113,401,74,478,350,294,417,66,259,520,223,88,31,81,24,253,439,286,158,245,364,309,183,324,316,386,2,460,182,32,455,268,514,92,357,411,518,240,125,189,320,16,117,44,80,429,83,242,384,396,15,230,22,249,526,466,435,370,35,314,273,166,491,198,303,361,270,304,61,397,403,89,299,534,95,436,297,354,446,463,467,287,465,194,349,274,155,178,448,164,447,244,257,322,488,528,532,375,516,359,345,490,464,510,484,138,247,318,201,156,330,131,105,342,10,114,348,108,58,99,84,418,352,54,474,97,458,231,471,413,420,187,101,469,120,405,199,216,260,202,506,353,476,468,500,203,128,70,170,68,28,3,284,121,86,127,383,276,224,269,504,174,489,60,163,421,25,168,313,262,279,229,419,45,472,12,319,212,204,188,277,90,424,94,412,93,42,142,191,452,20,415,103,422,136,246,73,344,496,381,486,47,521,482,161,390,356,382,281,126,410,311,236,207,9,196,519,527,536,23,215,406,373,239,337,360,221,111,104,266,391,261,296,135,291,267,179,477,180,100,492,235,65,393,265,169,255,41,144,437,143,479,233,232,46,387,533,137,333,145,438,56,107,29,501,362,153,40,118,288,197,91,444,147,218,432,473,141,51,347,116,209,48,39,112,449,535,451,512,302,336,427,428,308,106,498,470,323,351,132,211,254,371,5,372,280,241,380,505,264,399,338,497,431,317,407,523,481,326,208,17,79,425,278,493,57,377,148,368,53,298,272,426,433,441,503,64,11,130,461,8,327,195,43,150,152,185,398,408,511,315,374,409,85,283,379,331,34,263,172,4,310,186,290,365,306,82,524,275,173,346,119,404,237,157,457,193,26,151,6",5000,100
20,8,108357.89239342119,22.14115917708952,"528,532,375,516,359,330,131,105,306,342,10,114,348,108,58,99,84,418,352,54,474,97,458,231,112,471,413,420,187,101,469,120,481,523,479,233,232,46,387,533,137,145,438,56,107,310,186,409,85,29,501,362,153,40,118,288,197,91,444,147,218,432,473,141,51,224,269,504,174,489,262,279,419,45,472,12,319,212,204,188,277,476,468,500,203,128,70,170,68,28,3,284,121,86,127,383,276,229,431,317,407,399,380,505,264,132,351,211,178,448,164,447,244,257,322,488,254,371,5,372,280,241,498,106,308,428,512,302,336,427,347,116,209,48,39,535,449,451,355,443,394,485,507,250,217,206,226,456,369,509,416,160,475,220,513,75,19,205,38,389,285,248,115,388,21,59,378,227,69,271,334,325,289,499,414,301,190,341,192,363,495,442,154,50,30,494,358,335,133,7,18,76,430,332,252,483,219,462,450,307,305,295,225,228,167,71,146,445,234,312,434,454,423,110,453,52,62,67,522,459,256,251,78,440,14,531,275,524,82,129,36,49,96,329,339,400,213,243,72,113,401,74,478,350,294,417,66,171,529,366,402,181,282,210,222,395,33,508,102,87,343,27,63,385,292,13,328,77,159,340,139,517,98,184,480,140,214,122,200,502,165,321,525,6,238,149,194,349,274,155,467,287,465,436,95,463,297,354,446,270,304,61,397,198,117,44,80,429,83,242,384,396,15,230,22,249,526,466,435,370,35,364,309,183,324,316,386,2,460,182,32,455,268,514,92,357,411,518,240,125,189,320,16,491,314,24,253,439,286,534,403,89,299,361,303,326,208,17,79,425,278,493,57,377,143,437,144,41,255,426,433,441,503,64,11,130,461,8,327,195,43,333,283,379,331,34,263,172,511,315,374,408,150,152,185,398,236,207,9,196,519,527,536,23,215,406,373,239,337,360,221,111,104,266,267,179,477,180,100,492,235,65,393,265,169,272,298,53,368,148,216,260,202,353,506,412,94,424,90,313,168,421,25,163,60,338,323,470,486,47,521,482,161,422,136,246,73,344,496,381,510,464,490,345,201,318,247,138,484,390,382,356,281,126,410,311,191,142,93,42,4,135,291,261,391,296,134,487,109,530,177,515,55,392,376,175,457,193,26,173,157,237,346,119,404,176,123,151,300,37,293,367,162,258,520,259,223,88,31,81,273,166,158,245,156,497,103,20,415,452,365,290,405,199,124",5000,100
21,0,110896.73460054162,19.896457597856728,"237,119,404,176,469,303,361,519,527,536,23,215,406,373,239,337,360,221,111,104,261,391,291,135,296,263,34,331,379,283,461,130,11,64,235,492,100,180,477,179,267,266,127,383,276,284,121,3,28,68,170,70,128,188,277,212,319,12,45,472,419,279,229,224,269,504,174,489,60,163,421,25,168,313,262,90,424,94,412,476,468,500,203,377,57,493,278,425,79,17,326,208,437,144,41,255,169,393,265,481,523,479,143,533,387,65,43,195,327,441,503,298,433,426,272,8,333,137,310,145,438,56,107,29,501,362,153,40,118,288,197,432,473,141,51,323,470,498,106,308,428,512,302,336,427,347,413,471,112,39,48,209,116,254,211,178,448,164,447,244,231,458,54,474,97,241,280,372,5,371,257,505,264,380,399,351,132,338,136,422,415,103,20,452,311,410,398,236,185,152,207,9,196,4,150,374,315,511,172,408,191,93,42,142,356,382,390,281,126,444,91,147,218,86,85,409,186,53,368,405,365,290,148,216,260,199,506,202,353,332,483,219,252,248,285,389,38,205,75,19,513,220,475,416,160,509,369,456,226,430,18,494,358,335,133,7,363,192,341,190,69,334,271,301,414,378,227,423,454,434,312,234,110,453,495,442,154,50,30,76,146,445,167,228,225,71,462,450,307,305,295,206,217,250,507,485,394,443,156,201,318,247,521,47,486,138,484,510,464,345,490,516,359,330,131,105,114,348,108,58,418,84,99,355,449,535,451,352,10,342,306,420,187,101,431,317,407,497,73,246,344,496,381,161,482,488,528,375,532,322,499,72,113,401,74,478,350,294,417,66,171,529,366,402,6,181,282,210,395,33,508,87,102,27,343,63,385,292,13,328,77,159,376,175,123,530,177,515,487,134,392,55,200,122,214,213,243,525,321,124,184,98,480,140,502,165,222,258,238,149,259,520,364,309,183,324,2,460,230,22,249,526,466,15,182,32,455,268,514,92,357,411,518,240,245,158,286,534,403,81,31,83,242,384,396,16,320,189,125,386,316,61,304,270,446,299,89,439,253,24,314,491,273,166,223,274,155,349,194,162,367,37,293,300,457,193,151,346,173,26,436,95,354,463,297,467,287,465,157,109,82,524,275,67,522,459,36,52,62,256,129,78,251,440,14,531,400,49,96,289,325,329,339,59,21,388,115,517,340,139,88,370,35,435,117,44,80,429,198,397,120,232,233,46,204",5000,100
21,1,108207.76626879832,22.367971919699237,"474,54,458,231,471,413,420,187,101,469,120,361,303,397,198,44,429,80,125,189,320,16,396,384,242,83,15,249,526,466,435,370,35,309,183,324,316,386,2,460,230,22,240,518,411,357,304,61,270,446,299,89,534,286,158,245,364,314,491,273,166,253,24,439,81,31,88,223,259,520,350,294,417,66,171,529,366,402,181,6,282,210,395,33,222,258,162,194,349,274,155,467,287,465,436,95,354,463,297,157,26,173,193,151,346,237,119,404,176,530,177,515,487,109,175,123,457,367,508,87,102,27,343,63,385,292,13,328,77,159,340,139,517,98,184,480,140,122,502,165,321,124,220,475,416,160,509,369,456,226,483,219,252,248,285,389,38,205,525,213,243,72,113,401,74,478,329,339,400,36,52,62,67,522,459,256,129,312,234,110,453,495,442,154,50,358,494,335,133,7,363,192,59,378,227,69,334,271,301,414,499,289,325,96,49,82,524,275,434,251,440,14,531,445,146,30,423,454,78,307,305,295,206,217,250,507,485,394,443,58,108,348,114,306,342,10,352,418,84,99,535,449,512,302,336,427,347,428,308,106,498,470,323,351,132,338,407,431,317,497,73,246,136,422,415,103,20,452,161,482,521,47,486,381,496,344,532,516,359,330,131,105,488,528,375,241,280,372,5,371,254,211,178,448,164,447,244,97,112,39,48,209,116,130,11,331,379,283,333,137,387,533,393,65,327,195,43,8,461,34,263,172,511,315,374,408,153,40,118,91,147,218,432,473,141,51,224,269,504,489,60,174,262,313,168,421,25,163,94,90,424,412,476,468,500,203,128,233,232,46,523,481,265,169,255,41,144,437,143,479,229,419,279,472,45,12,319,212,204,68,170,70,28,276,383,3,284,121,86,127,444,85,409,186,310,145,438,56,107,29,501,362,288,197,410,150,152,185,398,236,207,9,196,4,406,373,239,337,360,221,111,104,266,267,291,135,296,261,391,179,64,235,492,100,180,477,441,503,298,433,426,272,326,208,17,79,425,278,493,57,377,353,506,202,260,216,199,405,365,290,53,368,148,527,519,536,23,215,142,191,93,42,311,390,281,126,382,356,380,505,257,322,345,490,464,510,484,138,247,318,201,156,37,293,300,376,134,392,55,200,214,149,238,403,514,268,455,32,182,117,92,115,18,430,76,332,462,450,71,167,228,225,388,21,190,341,513,75,19,355,451,264,399,188,277",5000,100
21,2,107137.35716636067,31.25633435267564,"457,300,37,367,508,87,102,27,343,63,385,292,13,328,77,159,340,139,517,98,184,480,140,214,122,66,171,238,258,162,194,349,274,155,287,467,465,436,95,354,463,297,446,299,89,534,286,158,245,364,309,183,324,316,386,2,460,230,22,249,526,466,15,182,32,455,268,514,92,357,411,518,240,16,320,189,125,396,384,242,83,429,80,44,117,198,397,61,304,270,361,303,475,416,160,509,369,456,226,483,219,252,430,76,332,454,423,30,434,312,234,110,453,495,442,154,50,494,358,335,133,7,363,192,341,190,69,334,271,301,414,499,289,325,96,339,400,36,52,62,67,522,459,256,129,275,524,82,49,213,243,72,525,321,165,502,200,124,220,513,75,19,205,38,389,285,248,115,18,59,21,388,227,378,462,71,167,228,225,445,146,78,251,440,14,531,307,450,305,295,206,217,250,507,485,394,443,99,84,355,451,535,449,458,231,471,112,39,48,209,116,308,428,512,302,336,427,347,498,106,470,323,351,132,399,264,380,505,257,322,488,528,375,532,516,359,330,131,105,114,348,108,58,418,352,10,342,306,241,280,372,5,371,254,211,178,448,164,447,244,97,474,54,413,420,187,101,469,120,290,365,405,199,260,216,148,368,53,298,433,426,272,441,503,100,180,477,179,267,291,135,296,261,391,266,104,221,111,360,337,239,373,406,215,23,536,527,519,150,374,408,501,362,153,40,118,91,197,288,382,356,390,281,126,410,398,236,185,152,207,9,196,4,130,11,331,379,438,56,107,29,85,409,186,310,137,333,461,8,43,195,327,65,393,169,265,481,523,479,143,437,144,41,255,326,208,17,79,425,278,493,57,377,353,202,506,70,68,170,28,3,284,121,86,127,383,276,12,45,472,419,279,262,313,168,421,25,163,60,174,489,504,229,224,269,407,431,317,497,246,136,422,415,103,20,452,161,482,521,47,486,381,496,344,73,247,318,201,156,490,464,510,484,138,311,191,142,93,42,492,235,64,387,533,46,232,233,128,188,500,203,468,476,412,94,90,424,212,204,319,218,432,473,141,51,444,147,283,145,511,315,34,263,172,277,338,345,273,166,439,253,24,314,491,35,370,435,403,81,31,88,223,259,520,350,294,417,74,478,401,113,6,181,282,210,395,33,222,366,529,402,376,392,55,134,487,109,530,177,515,175,123,151,193,26,173,157,237,119,404,176,346,293,329,149",5000,100
21,3,107526.23781099833,23.583337059205014,"530,177,515,487,109,175,376,134,55,392,139,517,98,184,480,140,214,122,502,200,165,321,124,220,513,75,19,205,38,389,285,248,115,388,21,59,378,227,334,271,301,414,499,289,325,96,339,400,36,52,62,67,522,459,256,129,312,234,110,453,495,442,154,50,30,423,454,434,78,251,440,14,531,445,146,225,228,167,71,462,450,307,305,295,206,217,250,507,485,394,443,99,84,355,451,535,449,458,231,97,474,54,352,10,114,348,108,58,418,257,322,488,528,375,532,496,381,486,47,521,482,93,42,142,191,185,152,207,9,196,4,406,215,23,536,527,519,150,374,315,511,172,263,34,296,261,391,291,135,267,266,104,221,111,360,337,239,373,64,235,65,393,533,387,137,145,438,56,107,29,501,362,153,40,118,288,197,91,444,85,409,186,310,283,331,379,43,195,327,180,477,179,503,441,272,426,433,298,53,368,148,353,506,202,260,216,199,405,365,290,377,203,128,233,232,46,523,481,265,169,255,41,144,437,143,479,70,68,170,28,3,284,121,86,127,383,276,12,319,212,204,188,277,468,500,476,412,94,90,424,428,512,302,336,427,347,413,471,112,39,48,209,116,308,106,498,470,323,351,132,399,264,380,505,371,254,211,178,448,164,447,244,280,241,342,306,372,5,73,246,136,422,415,103,20,452,311,382,356,390,281,126,410,398,236,493,57,79,425,278,326,208,17,473,432,218,147,51,141,472,45,279,229,419,262,313,168,421,25,163,60,489,504,269,224,174,497,317,431,407,344,161,247,318,201,156,330,131,105,359,345,490,464,510,484,138,516,101,187,420,469,120,361,303,397,61,304,270,446,463,297,436,95,354,32,182,460,230,22,386,316,324,183,309,364,35,370,435,526,466,15,249,2,117,44,80,429,83,384,242,396,125,189,320,16,268,514,92,357,411,518,240,455,439,253,24,314,491,273,166,534,286,158,245,299,403,81,31,88,223,274,155,349,194,162,238,258,222,210,395,33,508,87,102,343,27,63,385,292,13,328,77,159,340,160,475,416,509,369,456,226,483,219,252,332,430,76,18,358,494,335,133,7,363,192,341,190,69,275,524,82,49,213,243,72,113,401,74,478,350,294,417,66,171,529,366,402,181,6,282,367,37,300,457,193,26,173,151,346,119,404,237,176,157,465,287,467,520,259,149,329,525,293,123,492,100,130,11,461,8,333,408,338,89,198",5000,100
21,4,111731.59913009079,19.68084844860143,"435,526,466,15,182,32,455,324,183,309,364,35,370,22,249,2,386,316,460,230,16,320,189,125,396,384,242,83,429,80,44,117,198,397,61,304,270,446,299,89,534,403,81,31,88,223,194,162,258,238,149,259,520,350,294,417,74,478,401,113,72,213,243,165,502,200,480,140,214,66,171,529,366,402,181,6,282,210,395,33,222,87,102,508,367,37,300,293,328,77,159,340,139,517,98,184,63,343,27,385,292,13,124,220,475,416,160,509,369,456,226,430,76,332,483,219,252,248,285,389,38,205,525,321,108,58,99,84,418,352,10,114,348,306,342,241,280,372,5,371,254,211,178,448,164,447,244,97,474,54,458,231,471,112,39,48,209,116,308,428,512,302,336,427,347,413,420,187,101,469,120,361,303,514,268,240,518,411,357,92,115,388,21,59,378,227,69,334,271,301,414,499,289,325,96,49,36,52,62,67,522,459,256,129,312,234,110,453,495,442,154,50,494,358,335,133,7,363,192,341,190,82,524,275,400,339,329,287,467,465,436,95,354,463,297,157,237,346,119,404,176,530,177,515,55,134,487,109,175,376,392,123,151,193,26,173,457,423,454,434,78,251,440,14,531,445,146,225,228,167,71,462,450,307,305,295,206,217,250,507,485,394,443,156,330,131,105,488,528,375,532,516,359,345,490,464,510,484,138,247,318,201,204,319,12,45,472,419,279,229,224,269,504,489,60,174,421,25,313,168,163,497,317,431,407,399,264,380,505,257,322,47,486,521,482,161,422,415,103,20,452,311,382,356,390,281,126,410,398,236,185,152,207,9,196,4,406,373,239,337,360,221,111,104,266,391,261,310,137,387,533,393,65,195,43,333,145,438,56,107,29,501,362,153,40,118,288,197,218,147,432,141,51,85,409,186,46,523,481,265,169,41,255,326,208,17,79,425,278,493,57,377,203,128,188,277,212,28,3,284,121,86,127,383,276,170,70,68,202,353,506,260,216,148,368,53,298,433,426,272,441,503,100,180,477,179,267,291,135,296,34,263,172,511,315,374,150,408,91,444,473,461,130,11,331,379,283,8,64,235,492,527,519,142,93,42,191,23,536,215,143,479,199,405,365,290,412,476,468,500,424,90,94,338,132,351,323,470,498,106,449,535,451,355,73,246,136,344,496,381,262,233,232,327,439,253,24,166,273,491,314,158,245,286,349,274,155,513,75,19,122,18,30,144,437",5000,100
21,5,107660.5453045913,22.98286061581908,"177,515,487,109,530,123,376,392,55,134,19,75,513,220,475,416,160,509,369,456,226,483,219,252,332,76,430,18,358,494,335,133,7,363,192,341,190,227,378,21,59,388,115,248,285,389,38,205,525,213,243,165,321,124,502,200,480,140,214,122,66,171,238,258,162,194,349,274,155,467,287,465,436,95,354,463,297,446,270,304,61,397,198,44,117,16,320,189,125,396,384,242,83,429,80,455,32,182,460,230,22,249,526,466,15,2,386,316,324,183,309,364,35,370,435,245,286,158,253,24,314,491,273,166,439,81,31,88,223,259,520,350,294,417,74,478,27,343,63,385,292,13,328,77,159,340,139,517,98,184,282,181,6,402,366,529,33,222,210,395,149,37,293,300,457,193,26,173,151,346,119,404,237,176,469,101,187,420,413,471,112,39,48,209,116,308,428,512,302,336,427,347,498,106,351,132,338,323,470,399,264,380,505,257,322,488,528,375,532,516,359,345,490,464,510,484,138,247,318,201,156,330,131,105,114,348,108,58,99,84,418,352,10,342,306,241,280,372,5,371,254,211,178,448,164,447,244,97,474,54,458,231,497,317,431,407,73,246,136,422,415,103,20,452,161,482,521,47,486,381,496,344,25,421,163,60,489,174,504,229,419,279,472,45,12,319,212,204,188,277,468,500,476,412,94,90,424,313,168,262,203,128,70,170,68,28,3,284,121,86,127,383,276,233,232,46,523,481,265,169,255,326,208,17,79,425,278,493,57,377,143,479,310,137,333,283,461,8,43,195,327,65,393,533,387,503,441,272,426,433,298,53,365,290,405,199,260,216,148,368,506,353,202,218,147,444,91,362,153,40,118,288,197,432,473,141,51,224,269,85,409,186,145,438,56,107,29,501,150,374,315,511,172,263,34,296,261,391,291,135,267,266,104,221,111,360,337,239,373,406,215,23,536,527,519,207,9,196,4,152,185,398,236,311,390,382,356,281,126,410,408,191,93,42,142,379,331,130,11,64,235,492,100,180,477,179,120,361,303,89,299,403,534,92,514,268,240,518,411,357,325,96,49,36,52,62,67,522,459,256,129,312,234,110,453,495,442,154,50,30,423,454,434,78,251,440,14,531,445,146,225,228,167,71,462,450,307,305,295,206,217,250,507,485,394,443,437,144,41,355,451,535,449,401,113,72,289,499,414,301,271,334,69,275,524,82,400,339,329,508,87,102,367,175,157",5000,100
21,6,109243.28210596878,20.638440237079475,"257,322,488,528,375,532,516,359,345,490,464,510,484,138,247,318,201,156,330,131,105,114,348,108,58,418,352,10,342,306,241,280,372,5,371,254,211,178,448,164,447,244,231,458,474,54,413,471,112,39,48,209,116,308,428,512,302,336,427,347,506,353,202,260,216,148,368,53,298,433,426,272,441,503,100,180,477,179,267,291,135,296,261,391,266,104,221,111,360,337,239,373,406,215,23,536,527,519,9,196,4,390,356,382,281,126,410,398,236,185,152,207,150,374,408,315,511,172,263,34,331,379,283,461,8,43,195,327,65,393,533,387,137,333,145,438,56,107,29,501,362,153,40,118,288,197,91,444,147,218,432,473,141,51,224,269,504,174,489,60,163,421,25,338,323,470,498,106,351,132,399,264,380,505,84,99,443,394,485,507,217,250,206,226,430,76,332,483,219,252,248,285,389,38,205,513,220,475,416,160,509,369,456,96,49,36,52,62,67,522,459,256,129,312,234,110,453,495,442,154,50,30,423,454,434,78,251,440,14,531,445,146,225,228,167,71,462,450,307,305,295,328,77,159,340,139,517,98,184,480,140,214,66,171,529,366,402,181,6,282,210,395,33,222,258,162,194,349,274,155,467,287,465,436,95,354,463,297,446,270,304,61,397,198,117,44,80,429,83,384,242,396,125,182,32,455,268,240,518,411,357,92,514,183,324,316,386,2,460,230,22,249,526,466,15,309,364,35,370,435,273,166,439,253,24,314,491,158,245,286,534,89,299,403,81,31,88,223,259,520,350,294,417,74,478,401,113,72,525,321,165,502,200,124,392,55,134,376,123,175,293,300,37,367,508,87,102,27,343,63,385,292,13,227,378,21,59,388,115,18,358,494,335,133,7,363,192,341,190,69,334,271,301,414,499,289,325,19,75,346,119,404,237,157,26,173,151,193,457,355,451,535,449,176,469,120,290,365,405,199,94,90,424,313,168,262,279,419,229,45,472,276,12,319,212,204,68,170,70,28,3,284,121,86,127,383,235,492,169,265,481,523,479,143,437,144,41,255,326,208,17,79,425,278,493,57,377,203,128,233,232,46,85,409,186,310,468,500,476,412,420,187,101,497,431,317,407,344,73,246,136,422,161,482,521,47,486,381,496,42,142,191,93,452,311,20,415,103,97,277,188,130,11,64,82,524,275,400,339,329,149,238,122,243,213,109,530,177,515,487,303,361,320,189,16",5000,100
21,7,108388.73458537053,20.962607893704817,"221,111,360,337,239,373,406,215,23,536,527,519,150,410,126,281,356,382,390,288,197,218,432,473,141,51,224,269,504,229,419,279,262,313,168,421,25,163,60,174,489,497,317,431,407,399,132,351,178,448,164,447,244,97,474,54,458,231,471,112,39,48,209,116,308,428,512,302,336,427,347,413,420,187,101,469,120,176,237,119,404,346,173,151,193,26,457,300,37,367,508,87,102,282,210,395,33,222,258,238,162,194,349,274,155,467,287,465,436,95,354,463,297,446,270,304,61,397,198,44,117,16,396,384,242,83,429,80,455,268,514,92,357,411,518,240,316,386,2,460,230,22,249,526,466,15,182,32,320,189,125,324,183,309,364,35,370,435,273,166,439,253,24,314,491,158,245,286,534,403,81,31,88,223,259,520,350,294,417,74,478,401,113,72,213,243,165,502,200,321,124,220,513,75,19,205,38,389,285,248,115,388,21,59,378,227,69,334,271,301,414,499,289,325,96,49,36,52,62,67,522,459,256,129,312,234,110,453,495,442,154,50,30,423,454,434,78,251,440,14,531,445,167,228,225,71,462,450,307,305,18,358,494,335,133,7,363,192,341,190,82,524,275,400,339,329,525,160,416,475,509,369,456,226,295,206,217,250,507,485,394,443,99,84,355,451,535,449,391,266,104,331,379,283,461,8,64,235,492,100,180,477,179,267,291,135,296,34,263,172,511,315,374,408,91,444,85,409,186,310,145,438,56,107,29,501,362,153,40,118,42,142,93,191,311,452,20,415,103,136,246,73,344,496,381,486,47,521,482,161,422,327,195,43,333,137,387,533,393,65,169,255,41,144,437,143,479,232,46,523,481,265,426,272,441,503,298,433,326,208,17,79,425,278,493,57,377,203,128,233,188,277,212,204,319,12,45,472,276,383,3,284,121,86,127,28,68,170,70,216,148,368,53,365,290,405,199,260,202,353,506,94,412,476,468,500,424,90,338,323,470,498,106,211,254,371,5,372,280,241,342,306,114,348,108,58,418,352,10,532,516,359,345,490,464,510,484,138,247,318,201,156,330,131,105,488,528,375,4,196,9,207,185,152,398,236,63,343,27,385,292,13,328,77,159,340,139,517,98,184,480,140,214,122,66,171,529,366,402,181,6,293,175,376,392,55,134,487,109,530,177,515,332,483,219,252,430,76,146,149,299,89,361,303,157,123,322,257,505,264,380,147,11,130,261",5000,100
21,8,107017.77543010961,34.01492379735454,"50,30,423,454,434,78,251,440,14,531,445,146,225,228,167,71,462,450,307,305,295,206,217,250,507,485,451,535,449,458,231,471,112,39,48,209,116,308,428,512,302,336,427,347,413,420,187,101,469,120,290,365,405,199,260,216,148,368,53,298,433,426,272,441,503,100,180,477,179,267,291,135,296,261,391,266,104,221,111,360,337,239,373,406,215,23,536,527,519,150,374,408,315,511,172,263,34,331,379,283,461,130,11,64,235,492,169,265,481,523,479,232,233,128,70,170,68,28,276,383,3,284,121,86,127,218,432,473,141,51,224,269,504,229,419,279,262,313,168,421,25,163,60,174,489,497,246,136,422,415,103,20,452,311,382,356,390,281,126,410,398,236,185,152,207,9,196,4,521,47,486,381,496,344,73,399,264,380,505,257,322,488,528,375,532,516,359,345,490,464,510,484,138,247,318,201,156,330,131,105,114,348,108,58,418,352,10,342,306,241,280,372,5,371,254,211,178,448,164,447,244,97,474,54,323,470,498,106,351,132,338,407,431,317,43,195,327,65,393,533,387,137,333,145,438,56,107,29,501,362,153,40,118,288,197,91,444,147,46,85,409,186,310,468,500,203,188,277,212,204,319,12,45,472,161,482,42,93,142,191,176,237,346,119,404,151,193,26,173,157,465,436,95,354,463,297,446,270,304,61,397,198,117,44,429,80,16,320,189,125,396,384,242,83,15,182,32,455,268,514,92,357,411,518,240,460,230,22,249,526,466,435,370,35,309,364,245,158,286,534,89,299,403,81,31,88,223,194,349,274,155,467,287,238,258,162,222,210,395,33,508,87,102,27,343,63,385,292,13,328,77,159,340,139,517,98,184,480,140,214,122,66,171,529,366,402,181,6,282,367,37,293,300,457,123,175,376,392,55,134,487,109,530,177,515,509,160,416,475,124,220,513,75,19,205,525,213,243,72,113,401,289,325,96,49,36,52,62,67,522,459,256,129,275,524,82,400,339,329,149,259,520,350,294,417,74,478,341,190,69,334,271,301,414,499,389,38,388,21,59,378,227,7,363,192,453,495,442,154,358,494,335,133,76,332,483,219,252,248,285,110,234,312,18,430,115,369,456,226,437,144,41,255,326,208,17,79,425,278,493,57,377,143,506,353,202,94,90,424,412,476,8,361,303,386,316,324,183,2,166,273,491,314,24,253,439,502,200,165,321,99,84,355,443,394",5000,100
22,0,109992.35601760025,19.146116756357475,"175,109,487,134,55,392,376,159,340,517,98,184,480,140,214,122,502,165,321,525,200,124,220,513,75,19,205,38,389,285,248,115,388,21,59,378,227,69,334,271,301,414,499,289,325,96,49,36,52,400,339,329,401,113,72,243,213,63,343,27,385,292,13,77,328,293,37,300,457,26,173,193,151,123,530,177,515,508,33,87,102,6,181,282,210,395,222,402,366,529,171,66,149,238,258,162,194,155,274,349,223,88,31,81,439,253,24,314,491,273,166,446,463,297,436,95,465,467,287,367,404,119,346,394,443,99,84,355,451,535,449,231,458,474,97,54,244,447,448,178,211,254,371,5,372,280,241,342,306,114,348,108,58,418,352,10,164,351,132,399,264,380,505,257,322,488,528,532,375,516,359,330,131,105,156,201,318,482,521,381,496,344,73,246,136,422,415,103,269,224,51,141,473,432,218,147,444,91,197,288,118,40,153,362,501,29,85,409,186,310,145,438,379,283,333,137,533,387,65,393,265,481,523,479,143,437,144,41,255,169,326,208,17,79,425,278,493,57,377,203,128,70,68,170,204,212,319,12,45,472,419,279,229,504,489,60,163,421,25,168,313,262,424,94,90,412,476,468,500,188,277,127,86,284,3,121,383,276,28,233,232,46,519,527,536,23,215,406,373,239,337,360,221,111,104,266,391,261,296,34,263,172,511,315,374,408,150,152,185,207,9,196,4,142,191,93,42,452,311,410,126,281,390,356,382,56,107,64,8,461,130,11,331,100,180,477,179,267,291,135,106,498,470,323,428,308,116,209,48,39,112,471,413,101,187,420,469,120,176,237,157,354,299,89,534,286,158,245,364,35,370,435,309,183,316,324,386,2,460,230,22,249,526,466,15,182,32,455,268,514,92,357,411,518,240,320,189,125,396,16,117,44,80,429,83,242,384,198,397,61,304,270,303,361,403,485,507,247,138,484,510,464,490,345,369,456,226,295,206,217,250,305,307,450,462,71,146,445,225,228,167,531,76,332,483,219,252,430,18,358,494,133,335,50,154,442,495,453,110,234,312,434,454,423,30,129,67,522,459,256,251,78,440,14,363,192,341,190,82,524,275,62,294,417,74,478,350,520,259,368,148,405,199,260,216,202,353,506,53,290,365,298,272,426,433,441,503,492,235,195,327,43,398,236,497,431,317,407,174,486,47,20,161,338,336,427,347,512,302,475,160,416,509,139,7",5000,100
22,1,108527.57833870519,22.05002766857945,"119,404,237,346,151,123,530,177,515,55,392,139,340,517,98,184,480,140,214,122,502,165,213,243,72,499,289,325,96,49,36,52,62,67,522,459,256,251,440,14,78,434,454,423,275,524,82,341,190,69,271,301,414,334,321,525,205,38,389,285,248,115,388,21,59,378,227,494,358,335,133,7,363,192,453,495,442,154,50,30,146,225,228,167,71,462,450,307,305,295,206,217,250,485,507,156,345,490,464,510,484,138,247,318,201,330,131,105,488,528,532,375,516,359,257,322,399,264,380,505,254,371,5,372,280,241,342,10,306,114,348,108,58,99,84,418,352,54,474,97,231,458,112,39,48,209,116,512,302,336,427,347,413,471,290,365,148,368,53,298,272,426,433,17,79,425,278,493,57,377,203,128,70,68,170,28,276,383,284,3,121,86,127,51,141,473,432,218,147,444,91,197,288,118,153,40,408,150,152,185,398,236,410,126,281,390,356,382,311,452,20,415,103,422,161,381,496,344,73,246,136,497,431,317,407,174,504,269,224,419,279,229,45,472,12,319,212,204,188,277,424,94,90,412,476,500,468,338,132,448,164,447,244,351,211,178,470,323,498,106,308,428,101,420,187,469,120,361,303,397,198,320,189,125,16,117,44,80,429,83,242,384,396,182,32,455,324,316,386,2,460,230,22,249,526,466,15,435,309,364,35,370,183,92,514,268,240,518,411,357,61,304,270,446,463,297,436,95,465,467,287,155,274,349,194,162,258,238,171,529,366,402,181,282,210,395,33,87,102,508,367,37,300,457,26,193,173,157,176,535,449,355,451,443,394,405,199,260,216,202,353,506,393,65,327,195,43,8,235,492,100,180,477,179,267,291,135,296,34,263,172,511,315,374,196,4,215,406,373,239,337,360,221,111,104,266,391,261,130,11,461,283,333,137,145,438,56,107,379,331,46,233,232,479,143,437,144,41,255,169,265,481,523,533,387,409,186,310,29,85,501,362,486,47,521,482,93,42,142,191,9,207,536,23,519,527,421,25,168,313,262,489,60,163,441,503,64,326,208,354,403,534,286,158,245,314,491,24,253,439,273,166,81,31,88,223,259,520,350,294,417,74,478,401,113,329,339,400,416,160,509,369,456,226,219,252,430,18,76,332,483,312,234,110,129,531,445,19,75,513,220,475,6,222,63,343,27,385,292,13,77,328,159,376,134,487,109,175,293,200,124,66,149,89,299",5000,100
22,2,109398.18428812765,20.185862006446758,"163,421,25,168,313,262,419,279,229,504,269,224,51,141,473,432,218,147,444,91,501,29,85,409,186,310,145,438,56,107,40,153,362,118,288,390,356,382,281,126,410,398,236,207,9,196,4,215,406,373,239,337,360,221,111,104,266,267,179,477,180,100,492,503,441,272,426,433,17,79,425,278,493,57,377,203,128,70,68,170,204,188,277,212,319,12,45,472,383,276,28,284,3,121,86,127,232,233,479,143,437,144,41,255,65,195,43,533,387,393,265,481,523,46,137,333,283,331,130,11,461,8,235,64,135,291,391,261,296,34,263,172,511,315,374,408,150,519,527,536,23,452,20,191,93,42,142,311,152,185,90,424,94,302,336,427,347,512,308,106,498,470,323,351,178,448,164,447,244,474,54,458,231,471,413,101,187,420,469,120,176,237,346,119,404,355,451,535,449,352,10,306,342,114,348,108,58,99,84,418,131,330,345,490,464,510,484,138,247,318,201,156,394,443,257,322,488,528,532,375,516,359,246,136,497,431,317,407,174,489,60,412,476,468,500,368,53,298,353,506,260,216,202,365,290,405,199,148,428,116,209,48,39,112,380,505,264,399,132,211,254,371,5,372,280,241,208,326,169,327,521,47,486,381,496,344,73,338,160,416,509,369,456,226,248,285,389,38,205,525,321,165,502,200,122,214,140,6,181,282,210,395,33,87,102,508,367,37,300,457,26,173,193,151,123,530,177,515,55,392,139,340,517,98,184,480,63,343,27,385,292,13,77,328,159,376,175,109,487,134,475,220,513,75,19,499,289,325,96,49,36,52,62,67,522,459,256,251,78,434,454,423,234,312,129,275,524,82,400,339,329,401,113,72,243,213,334,271,301,414,69,190,227,378,21,59,388,115,18,335,358,494,133,7,363,192,453,110,30,50,154,442,495,341,146,445,225,228,167,71,462,450,307,305,295,206,217,250,485,507,161,482,422,415,103,197,361,303,397,61,304,270,446,463,297,465,467,287,155,274,349,194,162,258,238,149,171,529,366,402,222,74,478,350,520,259,223,88,31,81,439,253,24,314,491,273,166,158,245,364,309,183,324,316,386,2,460,230,22,249,526,396,125,16,117,44,80,429,83,242,384,320,189,518,240,268,514,92,357,411,35,370,435,466,15,182,32,455,198,89,299,403,534,286,157,95,436,354,440,14,531,76,332,483,219,252,430,124,66,417,294,293,97,105,379",5000,100
22,3,109194.21613558315,20.713133728732707,"108,58,99,84,418,352,10,306,114,348,342,241,280,372,5,371,254,211,178,448,164,447,244,474,54,458,231,471,413,101,187,420,469,120,365,290,148,368,53,298,272,426,433,441,503,235,492,100,180,477,179,267,291,135,64,331,130,11,461,8,283,438,56,107,40,118,153,362,501,29,85,409,186,310,145,137,333,43,195,327,65,393,265,481,523,479,233,232,46,533,387,379,20,415,103,422,136,381,496,344,73,246,497,431,317,407,174,489,60,163,421,25,168,313,262,279,419,229,504,269,224,51,141,473,432,218,147,444,91,197,288,390,356,382,281,126,410,152,185,398,236,311,142,191,93,42,452,511,315,374,408,150,519,527,536,23,215,406,373,239,337,360,221,111,104,266,391,261,296,34,263,172,79,425,278,493,57,377,203,500,468,476,412,90,424,94,302,336,427,347,512,428,308,106,498,470,323,351,132,338,399,264,380,505,257,322,488,528,532,375,516,359,345,490,464,510,484,138,247,318,201,156,394,443,355,451,535,449,176,237,346,119,404,183,324,316,386,2,460,230,22,249,526,466,15,182,32,455,268,514,92,357,411,518,240,320,189,125,16,117,44,80,429,83,242,384,396,35,370,435,24,253,439,273,166,364,309,245,158,286,534,89,299,403,354,463,297,436,95,465,467,287,155,274,349,194,162,258,238,171,529,366,402,181,282,210,395,33,87,102,508,367,37,300,457,26,173,193,151,123,530,177,515,55,392,139,340,517,98,184,200,165,502,321,124,220,513,75,19,205,38,389,285,248,115,388,21,59,378,227,69,334,271,301,414,499,289,325,96,49,36,52,62,67,522,459,256,251,78,434,454,423,154,50,30,146,445,225,228,167,71,462,450,307,305,295,206,217,250,485,507,161,482,521,47,486,105,131,330,437,144,41,255,326,208,17,143,199,405,216,202,353,506,260,170,68,70,204,188,277,212,319,12,45,472,121,284,3,28,276,383,127,86,128,487,134,376,159,328,77,13,292,385,63,343,27,6,222,259,520,350,294,417,74,478,401,113,72,213,243,525,66,214,122,140,480,175,293,475,160,416,509,369,456,226,483,219,252,430,18,335,358,494,133,7,363,192,453,495,442,110,234,312,129,275,524,82,341,190,339,400,329,88,223,31,81,491,314,304,61,397,198,303,361,446,270,440,14,531,76,332,109,209,116,39,48,112,97,169,196,4,9,207,157,149",5000,100
22,4,108048.3682299679,25.663937391781296,"330,131,105,359,516,375,528,532,488,322,257,505,380,264,399,132,351,178,211,254,371,5,372,280,241,342,306,114,348,108,58,99,84,418,352,10,164,448,447,244,471,413,112,39,48,209,116,512,302,336,427,347,420,469,120,361,303,270,304,61,397,198,320,189,125,16,117,44,80,429,83,242,384,396,182,32,455,268,514,92,357,411,518,240,324,183,309,364,35,370,435,526,249,22,386,2,460,230,15,466,314,491,273,166,253,24,439,158,245,286,534,89,299,403,354,463,297,436,95,465,467,287,155,274,349,194,162,258,238,149,171,529,366,402,181,282,210,395,33,87,102,508,367,37,300,457,26,173,193,151,123,530,177,515,55,392,139,340,517,98,184,480,140,214,122,502,200,165,321,525,213,243,72,113,401,74,478,350,294,417,66,222,63,343,27,385,292,13,77,328,159,376,134,487,109,175,293,475,160,416,509,369,456,226,483,219,252,430,18,335,358,494,133,7,363,192,453,495,442,154,50,30,146,76,332,59,378,227,69,334,271,301,414,499,289,325,96,49,36,52,62,67,522,459,256,251,78,434,454,423,234,110,312,129,275,524,82,341,190,339,329,88,31,81,202,353,506,260,216,148,368,53,298,272,426,433,79,425,278,493,57,377,203,500,468,476,412,90,424,94,313,262,279,419,229,504,269,224,51,141,473,432,218,147,444,91,197,288,390,356,382,281,126,410,152,185,398,236,207,9,196,4,215,406,373,239,337,360,221,111,104,266,391,261,296,34,263,172,511,315,374,408,150,519,527,536,23,291,135,64,180,477,179,267,235,492,100,503,441,283,379,331,130,11,461,8,43,333,137,533,387,393,65,327,195,310,145,438,56,107,40,118,153,362,501,29,85,409,186,47,486,381,496,344,73,246,136,497,431,317,407,338,168,421,25,163,60,174,489,103,415,422,161,482,521,484,138,247,318,201,156,345,490,464,510,191,93,42,142,311,452,20,45,472,12,319,212,204,188,277,383,276,28,284,3,121,86,127,68,170,70,128,233,232,46,523,437,144,41,255,169,265,481,208,17,326,479,143,199,405,365,290,308,106,498,470,323,428,101,187,474,97,54,458,231,449,535,451,355,443,394,485,507,250,217,206,295,305,307,450,462,71,167,228,225,445,531,440,14,400,388,21,115,248,285,389,38,205,19,75,513,220,124,223,259,520,6,404,119,346,237,176,157,446,316",5000,100
23,0,108057.22997037243,21.395648783060366,"177,515,487,134,55,392,159,77,328,292,13,385,63,27,343,6,282,210,222,395,33,508,87,102,367,37,300,457,193,26,173,151,123,530,109,376,175,293,165,502,200,122,140,366,529,402,181,495,453,110,234,312,434,30,423,454,154,50,442,7,133,335,358,494,76,430,18,115,388,21,59,363,192,341,190,69,334,271,301,414,499,289,329,339,400,36,52,62,67,522,459,256,129,275,524,82,49,96,325,227,378,389,38,205,525,213,243,72,113,401,74,478,350,520,259,149,171,238,258,162,194,349,274,155,417,294,517,340,139,98,184,480,124,321,230,460,182,32,455,125,396,384,242,83,16,117,44,80,429,320,189,240,518,411,357,92,514,268,22,386,2,316,324,183,309,364,35,370,435,249,526,466,15,198,397,61,304,270,446,403,534,89,299,245,158,286,24,253,439,166,273,491,314,436,95,354,463,297,303,361,157,237,346,119,404,176,469,120,298,433,426,272,441,503,492,100,180,477,179,267,291,135,296,34,263,172,511,315,374,408,118,40,29,501,362,153,288,197,218,147,444,85,409,186,310,145,137,333,43,195,327,65,393,169,265,481,523,479,233,232,46,331,283,379,438,56,107,130,461,8,11,412,90,424,94,476,468,500,203,128,170,70,68,277,212,204,188,28,3,284,121,86,127,383,276,472,419,279,229,504,269,224,51,141,473,432,415,103,20,452,161,422,136,246,73,428,308,106,498,470,323,178,448,254,371,5,372,241,280,342,306,114,348,108,58,99,84,355,443,394,485,507,156,345,490,464,510,484,138,247,318,201,521,47,486,496,381,344,375,532,528,488,322,257,505,380,264,399,338,132,351,211,25,421,163,313,262,60,489,174,317,431,407,497,493,57,377,208,326,17,79,425,278,368,53,148,260,506,202,353,352,10,54,97,474,458,231,112,39,48,209,116,512,302,336,427,347,420,101,187,290,365,405,199,216,12,45,319,42,482,142,191,93,311,410,126,281,356,382,390,398,236,9,196,519,527,23,536,239,337,360,221,111,104,266,391,261,152,185,207,150,215,406,373,4,164,447,244,131,105,330,359,516,418,471,413,449,535,451,251,78,440,14,531,307,450,305,295,206,217,250,387,533,255,41,144,437,143,64,235,91,168,465,467,287,223,88,31,81,66,214,220,513,75,19,475,160,416,509,369,456,226,219,332,483,252,248,285,462,71,167,228,225,445,146",5000,100
23,1,107618.50408150673,22.089050857844786,"259,520,350,294,417,74,478,401,113,72,213,243,525,321,124,220,513,75,19,205,38,389,285,248,252,483,219,332,76,430,18,358,494,335,133,7,442,154,50,30,423,454,312,434,129,234,110,453,495,363,192,341,190,69,334,271,301,414,499,289,325,227,378,21,59,388,115,146,445,225,228,167,71,462,450,307,305,295,206,217,250,485,507,156,201,318,247,138,484,486,521,482,161,422,136,246,73,497,317,431,407,399,264,380,505,257,322,488,528,375,532,344,496,381,47,516,359,330,131,105,394,443,99,84,418,352,10,342,306,114,348,108,58,244,447,164,178,448,254,371,5,372,280,241,54,474,97,458,231,112,39,48,209,116,428,512,302,336,427,347,323,470,498,106,308,421,163,313,168,262,279,419,45,472,12,319,212,204,188,277,476,468,500,203,128,70,68,170,28,276,383,127,3,121,284,86,432,147,218,444,197,20,452,311,382,356,390,281,126,410,152,185,398,236,191,93,42,142,150,374,408,118,40,153,362,501,29,85,409,186,310,145,137,387,533,393,169,265,481,523,479,233,232,46,43,195,327,65,235,492,100,180,477,179,267,291,135,64,8,283,461,130,11,331,263,34,296,261,391,221,111,104,266,360,337,239,373,406,215,4,23,536,511,315,172,56,107,438,379,41,255,326,208,493,278,425,79,17,433,426,272,441,503,229,504,269,224,51,141,473,91,288,207,9,196,519,527,298,53,365,290,405,199,260,216,148,368,353,506,202,90,424,94,412,132,351,211,25,60,489,174,490,345,464,510,415,103,377,57,413,471,449,535,451,355,404,237,346,119,157,286,158,245,309,364,35,370,435,249,526,466,15,230,460,182,32,455,240,518,411,357,92,514,268,183,324,316,386,2,22,125,396,384,242,83,429,80,44,117,16,320,189,198,397,61,304,270,446,463,297,436,95,465,467,287,155,274,349,194,162,258,238,171,66,214,122,140,480,184,98,517,340,139,159,77,328,292,13,385,63,27,343,282,210,222,395,33,508,367,102,87,376,175,293,37,300,457,193,26,173,151,123,530,109,487,134,55,392,475,160,416,509,369,456,226,36,52,62,67,522,459,256,251,78,440,14,531,329,96,49,82,524,275,400,339,88,31,403,534,89,299,354,361,303,120,469,187,101,420,176,177,515,165,502,200,529,402,181,6,366,149,223,491,314,24,253,439,166,273,81,437,144,143,333,338",5000,100
23,2,107937.4157944594,21.92807455101198,"193,151,346,119,404,237,157,465,436,95,354,463,297,446,403,534,89,299,514,268,240,518,411,357,92,304,61,397,198,320,189,125,396,384,242,83,429,80,44,117,16,466,15,370,435,249,526,22,386,2,316,324,183,309,364,35,245,158,286,24,253,439,491,314,166,273,31,81,467,287,155,274,349,194,162,258,238,171,66,214,122,140,480,184,98,517,340,139,159,77,328,292,13,385,63,27,343,181,6,282,210,222,395,33,508,87,102,367,37,300,457,175,293,376,515,487,134,55,392,177,530,123,109,502,200,321,165,124,220,513,75,19,205,38,389,285,248,115,388,21,59,363,192,341,190,69,334,271,301,414,499,289,325,96,49,36,52,62,67,522,459,256,129,275,524,82,400,339,329,401,74,478,294,417,350,520,259,223,88,149,366,529,402,113,72,213,243,525,416,160,475,509,369,456,226,219,252,483,332,76,430,18,358,494,335,133,7,495,442,154,50,30,423,454,434,78,440,14,531,307,450,305,295,206,217,250,485,507,156,345,490,464,510,484,138,247,482,161,422,415,103,20,452,311,410,152,185,398,236,191,142,93,42,281,126,288,197,91,501,29,153,362,107,40,118,283,333,137,387,533,393,65,195,327,43,8,461,130,11,331,379,438,56,310,145,409,186,233,232,46,523,481,144,41,255,326,208,493,57,377,203,128,170,70,68,204,212,319,12,45,472,419,279,229,504,269,224,51,141,473,432,218,147,444,85,86,383,276,28,3,121,284,188,277,127,254,371,5,372,241,280,342,306,114,10,54,474,97,244,447,164,178,448,505,380,264,399,132,351,211,257,322,488,528,375,532,344,246,73,497,317,431,407,25,421,163,313,168,262,60,489,174,424,90,94,412,476,468,500,368,53,298,79,425,278,202,260,216,148,199,405,290,365,420,101,187,469,120,176,535,449,451,355,443,394,201,318,516,359,330,131,105,348,108,58,99,84,418,352,116,209,48,39,112,471,413,231,458,512,302,336,427,347,323,470,498,106,308,428,338,521,47,486,496,381,426,433,17,169,265,492,100,180,477,179,267,291,135,64,235,441,503,272,479,143,437,506,353,104,266,391,261,296,34,263,172,511,315,374,408,150,519,527,536,23,215,406,373,239,337,360,221,111,9,207,4,196,361,303,270,455,32,182,460,230,378,227,167,228,225,445,146,71,462,110,453,234,312,251,173,26,356,390,382,136",5000,100
23,3,109467.27643324969,19.64294350699715,"160,416,509,369,456,226,219,252,483,332,76,430,18,133,7,363,192,453,495,442,154,50,30,423,454,312,434,251,78,440,14,531,307,450,305,295,206,217,250,485,507,156,394,201,318,247,138,484,510,464,490,345,330,131,105,348,108,58,99,84,355,451,535,449,458,231,112,39,48,209,116,428,308,106,498,470,323,178,448,254,371,5,372,241,280,342,306,114,10,418,352,54,474,97,244,447,164,264,505,380,399,132,351,211,25,421,163,313,168,262,279,419,45,472,12,319,212,204,188,277,424,90,94,412,476,468,500,203,128,170,70,68,28,3,284,121,86,127,218,147,444,85,409,186,310,145,333,137,387,533,393,65,195,327,43,8,461,130,11,331,379,438,56,107,40,118,153,362,501,29,91,197,288,356,390,281,126,410,152,185,398,236,311,452,20,415,103,269,224,51,141,473,432,34,263,172,511,315,374,408,150,207,9,196,519,527,536,23,215,406,373,239,337,360,221,111,104,266,391,261,296,135,291,267,179,477,180,100,503,441,272,426,433,17,79,425,278,493,57,377,143,479,233,232,46,523,481,144,437,208,326,405,199,260,216,148,368,53,298,420,187,101,469,120,303,361,397,61,304,270,446,463,297,436,95,354,403,534,89,299,286,158,245,309,364,35,370,435,249,526,466,15,460,230,386,2,316,324,183,22,125,396,384,242,83,429,80,44,117,16,320,189,198,518,240,268,514,92,357,411,455,32,182,223,88,31,81,439,491,314,166,273,253,24,124,220,513,75,19,205,38,389,285,248,115,388,21,59,378,227,69,334,271,301,414,499,289,325,96,49,36,52,62,67,522,459,256,129,234,110,329,339,400,341,190,524,275,82,63,27,343,6,282,210,222,395,33,508,87,102,385,292,13,77,328,159,340,139,517,184,98,480,140,122,214,66,171,149,259,520,350,294,417,74,478,401,113,72,213,243,525,321,165,502,200,529,402,366,181,238,258,162,194,349,274,155,467,287,465,157,237,346,119,404,151,123,175,293,37,300,457,193,26,173,367,392,376,134,487,109,530,177,515,475,55,462,71,167,228,225,445,146,494,358,335,229,504,174,489,60,322,257,359,516,375,532,528,488,497,431,317,407,246,73,136,422,381,47,486,521,482,161,42,142,93,191,496,344,276,383,169,255,41,265,492,235,64,283,382,4,506,353,202,302,336,427,347,413,471,338,290,365,512,443,176",5000,100
23,4,109855.72779262094,19.373584997537687,"530,177,515,487,134,55,392,376,159,77,328,292,13,385,63,27,343,181,6,402,366,529,140,480,184,98,517,340,139,502,165,321,124,220,513,75,19,205,38,389,285,248,252,483,219,332,76,430,18,358,494,335,133,7,363,192,453,495,442,154,50,30,423,454,312,434,234,110,129,275,524,82,49,96,325,227,378,21,59,388,115,146,445,225,228,167,71,462,450,305,295,206,217,250,485,507,156,345,490,464,510,484,138,247,318,201,359,330,131,105,348,108,58,99,84,418,352,10,342,306,114,443,394,516,375,528,488,322,257,505,380,264,211,254,371,5,372,241,280,447,244,164,448,178,351,132,338,323,470,498,106,308,428,512,302,336,427,347,39,48,209,116,231,458,112,471,413,101,187,420,469,120,199,405,365,290,425,79,17,326,208,437,144,41,255,169,265,481,523,479,233,232,46,137,387,533,393,65,195,327,43,8,461,130,11,331,379,438,56,107,40,118,288,197,20,452,311,382,356,390,281,126,410,152,185,398,236,191,93,42,142,207,9,196,519,527,536,23,215,406,373,239,337,360,221,111,104,266,391,261,296,34,263,172,511,315,374,408,150,4,506,202,260,216,148,368,53,298,433,426,272,441,503,492,100,180,477,179,267,291,135,64,235,344,496,381,47,486,521,482,161,422,136,246,73,497,317,431,407,25,421,163,60,489,174,504,269,224,51,141,473,432,218,147,444,91,362,153,29,85,409,186,310,145,333,283,45,472,419,279,277,188,500,468,476,412,90,424,94,353,229,204,212,319,12,313,168,262,170,70,68,28,3,284,121,86,127,383,276,128,203,377,57,493,278,143,474,97,54,535,449,451,355,404,237,346,119,157,176,465,436,95,354,463,297,446,270,304,61,397,198,320,189,125,396,384,242,83,429,80,44,117,16,455,32,182,460,230,22,386,2,316,324,183,309,364,35,370,435,249,526,466,15,240,518,411,357,92,514,268,286,158,245,403,534,89,299,31,81,439,253,24,491,314,166,273,339,400,36,52,62,67,522,459,256,251,78,440,14,531,307,416,160,475,509,369,456,226,66,214,122,200,282,210,222,395,33,508,87,102,367,37,300,457,193,26,173,151,123,175,293,213,243,72,113,401,74,478,350,294,417,149,259,520,223,274,155,467,287,194,349,162,258,238,171,301,414,499,289,329,341,190,69,334,271,109,525,88,361,303,415,103,501,532,399",5000,100
24,0,110683.59515019764,19.95715592368708,"293,37,300,508,87,102,33,222,210,395,282,181,6,27,343,63,385,292,328,77,159,517,98,184,480,140,214,122,502,200,321,124,392,139,340,109,134,487,177,530,123,175,376,55,515,19,75,513,205,38,389,285,248,115,388,21,59,7,133,335,358,494,50,154,442,495,453,110,234,312,434,423,454,30,146,228,225,167,71,462,450,307,305,295,206,46,409,186,310,145,333,137,393,169,265,481,523,144,41,255,326,208,437,143,377,57,493,278,425,79,17,433,426,272,441,503,100,492,235,180,477,179,267,291,135,64,11,130,331,379,438,56,107,40,153,362,501,29,85,444,91,197,218,147,288,382,390,356,281,126,410,398,236,207,152,185,519,527,536,23,215,406,373,239,337,360,221,111,104,266,261,391,263,34,296,172,511,315,374,408,118,20,452,311,142,191,93,42,482,161,521,47,486,381,496,344,73,246,136,422,415,103,141,51,224,269,504,489,60,163,421,25,168,313,262,279,419,45,472,12,319,212,204,188,468,500,476,412,94,90,424,277,68,170,70,128,203,479,3,284,121,383,276,28,86,127,432,473,516,359,490,345,330,131,105,306,342,10,114,348,108,58,418,352,54,474,97,458,231,449,535,451,355,84,99,443,394,485,507,201,318,247,138,484,510,464,156,257,322,488,528,532,375,399,264,505,380,211,254,178,448,164,351,132,338,428,308,106,498,470,323,372,5,371,241,280,244,447,116,209,48,39,112,471,413,347,187,101,420,469,120,176,404,119,346,237,157,297,436,95,465,401,74,478,350,294,417,66,171,238,258,259,520,149,289,499,301,414,271,334,69,190,341,192,363,378,227,325,96,49,36,52,62,67,522,459,256,129,275,524,82,18,430,76,332,483,219,252,226,456,369,509,416,160,475,220,349,194,162,155,274,223,88,81,31,354,463,446,299,89,534,286,158,245,364,309,183,324,35,370,435,526,466,249,22,386,2,230,15,460,182,32,455,240,518,411,357,92,514,268,189,320,16,125,396,384,242,83,117,44,80,429,198,397,61,304,270,403,24,253,439,491,314,273,166,173,151,193,26,457,529,402,366,243,213,72,525,165,113,329,339,400,78,440,14,531,445,251,216,148,368,53,298,199,405,365,290,260,202,353,506,232,233,387,533,327,195,43,8,461,283,65,497,431,317,407,174,229,302,336,512,427,4,196,9,150,250,217,13,287,467,367,303,361,316",5000,100
24,1,112910.71568472048,19.14611675635748,"534,89,299,403,81,31,88,223,274,349,194,162,155,467,287,465,436,95,304,61,397,198,44,117,83,242,384,396,15,22,249,526,466,435,370,35,309,364,245,158,286,439,24,253,491,314,273,166,325,96,49,82,524,275,129,312,434,454,423,30,76,430,18,388,21,59,363,192,341,190,321,525,165,502,200,122,214,402,366,529,171,149,259,520,350,294,417,74,478,401,113,72,213,243,499,414,301,271,69,334,378,227,389,285,248,115,252,483,219,332,462,450,307,305,295,456,226,369,509,416,160,475,220,513,75,19,205,38,124,376,175,457,193,26,173,151,123,530,177,515,55,392,139,340,517,98,184,480,140,6,181,282,210,395,33,87,102,508,367,37,300,293,159,328,77,292,13,385,27,343,63,222,258,238,66,487,109,134,176,404,119,346,237,157,297,463,354,446,270,324,316,386,2,230,460,182,32,455,189,320,16,125,268,514,92,357,411,518,240,80,429,313,168,25,421,163,60,489,174,504,269,224,51,127,276,383,121,284,3,28,170,68,70,128,203,500,468,476,412,94,90,424,277,204,188,12,45,472,419,279,262,229,86,409,310,186,137,333,327,195,43,387,533,523,479,143,437,144,41,255,326,208,17,79,425,278,493,57,353,506,202,260,216,148,368,53,298,433,426,272,503,441,235,492,100,180,477,179,267,291,135,64,11,130,331,379,283,461,8,145,438,56,107,40,118,288,197,91,444,218,147,432,473,141,73,246,136,422,161,521,47,486,381,496,344,497,431,317,407,338,399,380,505,264,211,254,371,5,372,257,322,488,528,532,375,516,359,330,131,105,306,342,10,114,348,108,58,99,84,54,474,97,244,447,448,164,178,351,132,323,470,498,106,308,428,512,302,336,427,347,116,209,48,39,112,471,413,101,187,420,469,120,266,261,391,104,221,111,4,406,373,239,337,360,390,382,356,281,126,410,398,236,152,185,207,9,196,519,527,536,23,215,511,315,374,408,150,311,452,20,103,415,46,481,265,169,65,393,263,34,172,296,29,501,362,153,93,42,191,142,482,247,318,201,156,345,490,464,510,484,138,154,442,495,453,110,234,494,358,335,133,7,36,52,62,67,522,459,256,251,440,14,531,225,228,167,71,146,445,78,339,329,289,50,400,365,290,405,199,232,233,319,212,355,451,535,449,458,231,241,280,352,418,443,394,485,507,250,217,206,303,361,183,85,377",5000,100
24,2,108927.7191144682,20.1490275362757,"158,286,534,89,299,403,81,31,354,463,297,436,95,465,287,467,155,274,349,194,162,238,171,366,529,402,181,282,210,395,33,87,102,508,367,27,343,63,13,292,385,77,328,159,340,139,517,98,184,480,140,6,122,214,66,417,74,478,350,294,520,259,223,88,166,273,491,314,253,439,24,245,364,309,183,324,316,386,2,230,460,182,32,455,268,514,92,357,411,518,240,125,189,320,16,117,44,80,429,83,242,384,396,15,22,249,526,466,435,370,35,61,397,198,303,361,270,446,304,157,346,237,175,457,193,26,173,151,123,530,109,487,134,376,293,37,300,392,55,515,177,404,119,176,535,449,458,231,474,97,244,447,448,164,178,211,254,371,5,372,257,322,488,528,532,375,516,359,330,131,105,306,342,114,348,108,58,99,443,394,485,507,201,318,247,138,484,510,464,490,345,156,191,93,42,142,185,152,207,9,196,519,527,536,23,215,406,373,239,337,360,221,111,104,266,267,291,135,296,172,511,315,374,408,150,126,410,398,236,4,362,153,118,40,29,501,91,197,218,147,432,473,141,51,224,269,504,489,60,174,317,431,407,497,246,136,422,415,103,20,452,311,382,390,356,281,47,486,381,496,344,73,161,521,482,148,368,53,298,433,426,272,441,503,100,180,477,179,64,11,130,461,8,43,333,137,186,409,310,145,438,56,107,195,327,65,393,387,533,46,232,233,479,143,377,203,500,468,476,412,94,90,424,302,336,427,347,116,209,48,39,112,471,413,101,420,187,469,120,405,199,365,290,70,170,68,28,3,284,121,86,127,276,383,472,12,319,212,204,188,277,419,279,45,260,216,202,353,506,380,264,505,399,323,470,498,106,308,428,512,168,313,262,229,338,132,351,280,241,84,418,352,54,10,321,124,220,475,160,416,509,369,456,226,295,206,217,250,451,355,76,430,18,358,494,335,133,7,363,192,453,110,234,271,301,414,499,289,329,401,113,72,213,243,525,165,502,200,222,258,149,79,425,278,493,57,208,437,144,41,255,326,265,169,492,235,34,263,283,379,331,261,391,523,481,25,421,163,128,444,85,17,288,400,339,82,524,275,129,312,434,454,423,30,50,154,442,495,378,227,69,334,325,96,49,36,52,62,67,522,459,256,251,78,440,14,531,450,307,305,483,219,252,332,462,167,71,146,445,225,228,388,21,59,341,190,115,248,285,389,38,205,19,75,513",5000,100
24,3,108553.15841577054,20.81076818770413,"487,134,376,159,328,77,292,13,385,27,343,63,6,181,282,402,366,529,171,238,258,222,210,395,33,87,102,508,367,37,300,457,193,26,173,151,123,530,177,515,55,392,139,340,517,98,184,480,140,214,122,243,213,72,113,401,74,478,350,294,417,66,149,259,520,293,200,502,165,321,124,220,513,19,75,475,160,416,509,369,456,226,248,115,388,21,59,363,192,453,110,234,312,434,423,454,30,50,154,442,495,7,133,335,358,494,18,332,76,430,252,483,219,462,450,307,305,295,206,217,250,507,201,318,247,138,484,510,464,490,345,330,131,105,306,342,114,348,108,58,418,352,54,474,97,244,447,448,164,178,211,254,371,5,372,280,241,10,323,470,498,106,308,428,512,302,336,427,347,116,209,48,39,112,471,413,187,101,420,469,120,176,404,119,346,237,157,297,436,95,465,287,467,155,274,349,194,162,414,301,271,334,69,190,341,524,82,275,129,67,522,459,256,251,78,440,14,531,225,228,167,71,146,445,378,227,325,289,499,525,205,38,389,285,400,49,36,52,62,329,339,88,223,286,158,245,364,324,183,309,35,370,435,526,466,249,230,460,182,32,455,268,514,92,357,411,518,240,189,320,16,117,44,80,429,83,242,384,396,125,198,61,397,303,361,270,304,446,299,403,89,534,81,31,354,463,15,22,386,2,316,229,419,279,45,472,12,319,212,204,188,277,68,170,70,128,203,500,468,476,412,90,424,94,506,202,353,516,359,156,394,485,73,246,136,422,415,103,20,452,311,236,398,185,152,207,9,196,519,527,536,23,215,406,373,239,337,360,221,111,104,266,267,291,135,64,11,130,461,8,43,387,533,137,333,145,310,186,409,29,501,362,153,40,118,288,197,218,147,432,473,141,51,224,269,504,489,174,60,163,421,25,168,313,262,338,399,264,505,380,528,532,375,488,322,257,443,99,84,355,451,535,449,458,231,127,86,121,284,3,28,276,383,232,233,479,143,437,144,41,255,326,208,17,79,425,278,493,57,377,260,216,148,368,53,365,290,405,199,298,441,503,100,492,235,180,477,179,65,393,169,265,481,523,46,379,283,331,34,263,296,261,391,172,511,315,374,408,150,126,410,281,356,390,382,191,93,42,142,482,161,521,47,486,381,496,344,497,431,317,407,132,351,85,444,91,438,56,107,195,327,433,426,272,4,314,491,24,253,439,166,273,175,109,96",5000,100
24,4,106710.48689841987,23.645848849226233,"155,274,349,194,162,258,222,210,395,33,87,102,508,367,385,292,13,328,77,159,340,517,98,184,480,140,6,181,282,402,366,529,171,238,149,259,520,350,294,417,66,214,122,243,213,72,113,401,74,478,223,88,24,253,439,491,314,273,166,364,309,183,324,316,386,2,230,460,182,32,455,268,514,92,357,411,518,240,125,189,320,16,117,44,80,429,83,242,384,396,15,22,249,526,466,435,370,35,61,397,198,303,361,270,304,299,89,534,286,158,245,403,81,31,354,463,297,446,436,95,465,287,467,19,75,513,220,475,160,416,509,369,456,226,483,219,252,430,76,332,115,388,21,59,363,192,453,110,234,312,434,454,423,30,50,154,442,495,7,133,335,358,494,18,146,445,225,228,167,71,462,450,307,305,295,206,217,250,507,201,318,247,138,484,510,464,490,345,156,330,131,105,306,342,10,114,348,108,58,418,352,54,474,97,458,231,112,471,413,101,420,469,120,405,199,365,290,260,216,148,368,53,298,272,426,433,17,326,208,437,144,41,255,169,265,481,523,479,143,377,203,500,468,476,412,94,90,424,302,336,427,347,116,209,48,39,308,428,512,254,211,178,448,164,447,244,371,5,372,257,322,488,528,532,375,516,359,73,246,136,422,415,103,20,452,311,236,398,185,152,207,9,196,519,527,536,23,215,406,373,239,337,360,221,111,104,266,267,291,135,64,11,130,461,8,43,195,327,65,393,387,533,137,333,145,438,56,107,40,118,153,362,501,29,85,444,91,197,218,147,432,473,141,51,224,269,504,489,174,60,163,421,25,168,313,262,279,419,45,472,12,319,212,204,188,277,68,170,70,128,233,232,46,409,186,310,331,379,283,34,263,296,261,391,179,477,180,100,492,235,503,441,496,344,497,431,317,407,323,470,498,106,132,338,399,380,505,264,351,280,241,84,99,443,394,485,355,451,535,449,187,119,346,237,157,193,26,173,151,123,530,109,487,134,376,175,293,37,300,457,343,63,139,392,515,55,200,502,165,321,124,525,205,38,389,285,248,69,334,325,289,329,339,400,49,36,52,62,67,522,459,256,251,78,440,14,531,129,275,524,82,341,190,271,301,414,499,177,404,176,202,353,506,57,493,278,425,79,3,284,121,383,276,28,86,127,229,408,150,374,315,511,172,4,42,93,142,191,161,521,47,486,381,482,281,126,410,382,356,390,288,227,378,96,27",5000,100
25,0,113640.0714656908,19.577035627456578,"530,109,487,134,376,175,123,151,193,457,465,436,95,354,463,297,446,270,304,61,397,198,320,189,125,396,384,242,83,429,80,117,44,16,183,324,316,386,2,460,230,22,249,526,466,435,370,35,309,364,245,158,286,534,89,299,403,81,31,20,452,311,410,126,281,356,382,390,288,197,218,147,432,473,141,51,224,269,504,174,489,60,262,279,419,229,127,86,284,3,121,276,383,233,232,479,523,481,265,393,65,327,195,43,333,137,387,533,310,186,409,29,501,362,153,118,40,444,91,207,150,374,408,519,527,536,23,215,406,373,239,337,360,221,111,266,267,179,135,291,391,261,296,263,34,172,315,511,342,306,114,348,108,58,418,352,54,458,231,471,413,449,535,474,97,244,164,448,178,254,371,5,372,241,280,322,380,264,505,257,48,39,112,532,375,516,359,490,345,330,131,105,488,528,344,73,497,431,317,407,399,132,351,211,116,308,428,512,302,336,427,498,106,209,30,154,442,495,453,192,341,190,334,69,271,301,414,499,289,325,96,82,524,275,62,52,67,522,459,129,312,234,110,285,389,38,205,525,213,243,72,113,401,74,478,350,520,259,149,171,529,366,402,258,162,155,194,349,274,223,88,166,273,491,314,24,253,439,268,514,411,518,240,92,357,32,182,455,15,165,321,124,220,513,75,19,160,416,509,369,456,226,378,21,59,18,76,430,252,483,219,462,71,307,450,305,531,14,256,251,78,440,423,454,434,445,146,133,7,363,335,358,494,50,395,210,222,282,181,6,27,343,63,385,13,292,77,328,159,293,37,300,517,184,98,480,140,214,122,502,200,139,340,392,55,475,515,177,424,90,94,412,468,500,28,170,70,68,394,443,355,84,99,323,470,338,168,313,163,421,25,319,12,45,472,212,204,188,277,128,203,377,57,493,278,425,79,17,326,208,437,143,41,255,169,426,433,298,368,53,148,405,199,365,290,120,469,187,101,420,451,237,346,119,404,176,157,361,303,287,467,33,102,87,508,367,26,173,486,521,482,247,318,201,156,485,507,510,464,484,138,191,142,93,42,152,185,398,236,196,9,4,379,438,56,107,145,283,331,11,130,461,8,64,477,180,235,492,100,503,441,272,246,136,422,415,103,496,381,47,161,144,506,353,202,260,216,347,447,10,217,250,206,295,115,388,248,36,49,400,339,329,294,417,66,238,332,225,228,167,227,104,46,85,476",5000,100
25,1,108756.88088080332,21.010257725816107,"119,404,151,193,26,173,157,436,95,354,463,297,446,270,304,61,397,198,320,189,125,396,384,242,83,32,455,268,514,411,518,240,316,386,2,324,309,364,245,158,286,534,89,299,403,81,31,88,223,259,520,350,294,417,74,478,213,243,72,113,401,525,205,301,414,499,289,334,271,69,190,227,378,21,59,363,192,453,495,442,154,50,494,358,335,133,7,18,430,252,483,219,332,76,30,146,445,225,228,167,71,462,450,307,305,295,226,456,369,509,416,160,475,220,513,75,19,38,389,285,248,115,388,251,256,129,312,434,454,423,234,110,524,275,82,52,62,67,522,459,36,49,96,325,341,162,194,349,274,155,467,287,465,366,402,181,6,27,343,63,385,292,13,77,328,159,376,175,109,487,134,55,392,124,321,165,502,200,480,184,98,517,340,139,529,171,149,238,258,222,395,33,102,87,508,367,37,300,293,530,123,457,346,237,176,355,84,99,443,394,474,97,231,458,54,352,10,342,306,114,348,108,58,418,280,241,372,5,371,254,178,448,164,257,505,380,264,399,132,351,211,116,209,48,39,112,471,413,449,535,451,393,65,235,492,100,180,477,179,135,291,267,266,391,261,296,263,34,172,315,511,536,23,215,406,373,239,337,360,221,111,104,64,8,461,130,11,331,379,438,56,107,310,186,409,46,85,444,91,501,29,137,333,43,195,327,283,148,368,53,365,290,405,199,260,216,202,353,506,412,94,90,424,262,313,168,25,421,163,60,174,489,229,504,269,224,51,141,473,432,218,147,197,288,118,40,153,362,20,415,103,422,136,246,73,497,431,317,407,344,496,381,486,47,521,482,161,93,42,142,191,410,152,185,398,236,207,9,196,519,527,150,374,408,126,281,356,390,382,311,452,145,533,387,233,232,128,500,468,476,277,212,204,188,319,12,45,472,383,276,28,284,121,3,86,127,279,419,377,203,479,523,481,265,144,437,143,41,255,169,272,426,433,79,425,278,493,57,208,326,17,298,441,503,105,131,330,359,516,375,532,528,488,322,447,244,498,106,308,428,512,302,336,427,347,338,470,323,510,464,490,345,156,201,318,247,138,484,485,507,217,206,250,187,101,420,469,120,303,361,357,92,460,230,22,249,526,466,15,182,183,35,370,435,439,253,24,314,491,273,166,16,117,44,80,429,14,440,78,531,515,177,140,214,122,66,210,282,329,339,400,70,68,170,4",5000,100
25,2,113455.24296427284,19.841255461747547,"352,10,114,348,108,58,99,84,418,280,241,372,5,371,254,211,351,132,25,421,163,313,262,279,419,229,504,269,224,51,141,473,432,218,147,444,91,501,29,85,409,186,310,145,283,331,379,438,56,107,40,118,153,362,197,127,383,276,28,284,3,121,86,472,45,12,319,212,204,188,277,500,468,476,412,94,90,424,353,506,260,216,148,368,53,298,441,503,492,235,65,393,533,387,195,327,43,333,137,64,8,461,130,11,111,104,266,267,179,477,180,100,433,426,272,203,128,68,170,70,493,57,377,208,41,255,265,169,144,437,143,479,523,481,233,232,46,4,215,406,373,239,337,360,221,527,536,23,519,9,196,150,374,408,315,511,172,34,263,296,261,391,291,135,449,535,451,355,507,485,344,73,246,136,422,415,103,317,431,407,497,496,381,486,47,521,482,161,93,42,142,191,311,236,185,152,398,207,126,281,356,390,382,288,505,380,264,399,532,528,375,516,490,345,330,131,105,342,306,54,474,97,458,231,471,413,187,101,420,469,120,176,237,346,119,404,177,515,55,392,139,517,340,77,328,292,13,385,63,343,27,102,87,508,367,37,300,293,175,376,134,487,109,530,123,151,193,26,173,157,465,436,95,354,463,297,446,270,304,61,397,198,518,240,268,514,92,357,411,386,2,22,249,526,466,15,182,32,455,125,189,320,16,117,44,80,429,83,242,384,396,230,460,324,316,183,35,309,364,245,158,286,534,89,299,403,81,31,88,223,259,520,350,294,417,66,214,122,502,321,165,200,480,140,529,366,402,181,6,282,210,222,395,33,238,258,162,194,349,274,155,467,287,227,378,21,59,388,115,252,483,219,332,76,430,18,7,363,192,341,190,69,334,271,301,414,499,289,329,339,400,36,52,62,67,522,459,256,251,78,434,454,423,234,110,453,495,442,154,50,494,358,335,133,160,416,509,369,456,226,295,450,307,305,531,14,440,248,285,389,38,205,513,75,19,220,124,184,98,213,243,72,113,401,74,478,49,96,325,273,166,439,253,24,491,314,370,435,217,250,359,156,201,318,247,138,484,510,464,443,394,470,323,498,106,308,428,512,302,336,427,347,116,209,48,39,112,244,447,164,448,178,338,168,174,489,60,257,322,488,199,405,365,290,202,326,17,79,425,278,20,452,410,82,524,275,129,312,30,146,445,225,228,167,71,462,171,149,159,475,457,303,361,525,206",5000,100
25,3,109546.5945630159,20.243810957578315,"487,134,376,175,293,37,300,457,193,26,173,157,237,346,119,404,151,123,530,109,55,392,139,159,340,517,184,98,480,140,529,366,402,181,6,27,343,63,385,292,13,77,328,102,87,508,367,282,210,395,33,238,258,162,194,349,274,155,467,287,465,436,95,354,463,297,446,270,304,61,397,198,320,189,125,396,384,242,83,117,44,80,429,16,182,32,455,268,514,92,357,411,518,240,324,316,386,2,230,22,249,526,466,15,460,370,435,309,364,245,158,286,534,89,299,403,81,31,88,223,259,520,350,294,417,74,478,213,243,72,113,401,66,171,149,205,525,165,502,200,122,214,222,475,220,513,75,19,416,160,509,369,456,226,248,115,388,21,59,363,192,341,190,69,334,271,301,414,499,289,325,96,49,36,52,62,67,522,459,256,129,275,524,82,400,495,442,154,50,30,146,445,225,228,167,71,462,450,307,305,531,14,440,251,78,434,454,423,234,110,312,7,18,430,76,332,483,219,252,133,335,358,494,523,481,265,169,255,41,144,437,143,208,326,17,79,425,278,493,57,377,203,128,68,170,70,28,284,3,121,86,127,383,276,319,12,45,472,419,279,229,504,269,224,51,141,473,432,218,147,444,91,197,288,118,153,362,501,29,85,409,186,310,145,438,56,107,40,93,42,142,191,452,20,415,103,317,431,407,497,73,246,136,422,161,482,521,47,486,381,510,464,490,345,330,131,105,342,306,114,348,108,58,418,352,10,54,474,97,231,458,112,39,48,209,116,308,428,512,302,336,427,347,413,471,449,535,451,355,84,99,443,394,485,507,156,201,318,247,138,484,344,496,532,375,516,359,399,132,351,211,254,371,5,372,280,241,244,447,448,164,178,470,323,498,106,264,380,505,257,322,488,528,8,461,130,11,331,379,283,333,43,195,327,65,393,533,387,137,46,232,233,479,296,263,34,172,315,511,374,408,150,410,398,236,185,152,207,9,196,519,527,536,23,215,406,373,239,337,360,221,111,104,266,267,179,477,180,100,492,235,64,135,291,391,261,500,468,476,412,94,90,424,262,313,168,163,421,25,489,60,174,441,503,272,426,433,298,53,405,199,260,216,148,368,290,365,187,101,420,469,120,176,361,303,183,35,439,253,24,491,314,273,166,378,227,321,124,38,389,285,453,217,250,206,295,515,177,212,204,188,277,353,506,202,338,4,311,382,356,390,281,126,339,329",5000,100
25,4,110385.80286762533,20.23391379231736,"173,157,465,436,95,354,463,297,446,270,304,61,397,198,320,189,125,396,384,242,83,117,44,80,429,16,182,32,455,268,514,324,316,386,2,460,230,22,249,526,466,15,183,309,364,35,370,435,245,158,286,534,89,299,403,81,31,88,223,259,520,350,294,417,66,171,149,238,258,162,194,155,467,287,33,395,210,222,282,181,6,27,343,63,385,292,13,77,328,159,340,139,517,184,98,200,165,321,124,220,513,75,19,416,160,475,509,369,456,226,248,285,389,38,205,525,213,243,72,113,401,74,478,329,339,400,36,52,62,67,522,459,256,129,275,524,82,49,96,325,334,271,301,414,499,289,190,69,227,378,21,59,363,192,341,110,453,495,442,154,50,494,358,335,133,7,18,430,76,332,483,219,252,115,388,251,78,440,14,434,454,423,234,312,30,146,445,225,228,167,71,462,450,307,305,531,295,206,250,217,485,507,156,201,318,247,138,484,510,464,490,345,330,131,105,488,528,532,375,516,359,344,496,381,486,47,521,482,161,422,415,103,20,452,311,382,356,390,281,126,410,398,185,152,207,9,196,519,527,4,215,406,373,239,337,360,221,111,104,266,267,179,477,180,100,492,235,64,135,291,391,261,296,263,34,172,315,511,374,408,150,288,197,218,147,444,91,501,29,85,409,186,310,145,283,331,379,438,56,107,40,118,153,362,42,142,191,93,41,144,437,143,479,523,481,233,232,46,533,387,137,333,43,195,327,65,393,265,169,255,272,441,503,203,128,68,170,70,204,188,277,212,319,12,45,472,419,279,229,504,174,489,60,163,421,25,168,313,262,94,90,424,500,468,476,412,506,353,202,260,216,148,368,53,298,326,208,17,79,425,278,493,57,377,426,433,365,290,405,199,164,448,178,351,211,254,371,5,372,280,241,244,447,97,231,458,54,474,112,39,48,209,116,308,428,512,302,336,427,347,413,471,449,535,451,355,84,99,58,418,352,10,114,348,108,342,505,380,264,399,132,338,470,323,498,106,322,257,306,443,394,346,119,404,176,361,303,92,357,411,518,240,314,273,166,491,24,253,439,274,349,367,37,300,293,376,134,487,109,530,177,515,55,392,175,123,151,193,26,457,529,366,402,502,122,214,140,480,87,102,508,121,86,127,383,276,28,284,3,473,432,246,73,497,317,431,407,536,23,461,8,130,11,224,51,141,269,136,237,420,187,101,469,120,236",5000,100
25,5,112025.36468662671,20.08416120991549,"170,70,68,204,212,319,12,45,472,419,279,229,504,269,224,51,141,473,432,218,147,444,91,197,288,118,153,40,85,409,186,310,145,283,333,43,195,327,65,393,265,169,255,41,144,437,143,479,523,481,233,232,46,533,387,137,379,438,56,107,408,150,374,315,511,536,23,215,406,373,239,337,360,221,111,104,266,267,179,477,180,100,492,235,64,135,291,391,261,296,263,34,172,398,185,152,207,9,196,519,527,4,42,142,191,93,311,382,356,390,281,126,410,236,381,496,344,73,246,136,422,415,103,20,452,161,482,521,47,486,510,464,490,345,330,131,105,488,528,532,375,516,359,156,201,318,247,138,484,485,507,108,58,418,352,10,114,348,306,342,241,280,372,5,371,448,178,164,470,323,498,106,308,428,512,302,336,427,347,413,187,420,101,469,120,290,365,405,199,216,148,368,53,298,441,503,272,426,433,79,425,278,493,57,377,203,128,500,468,476,412,94,90,424,262,313,168,163,421,25,489,60,174,497,431,317,407,399,264,380,505,257,322,447,244,97,474,54,458,231,471,449,535,451,355,84,99,443,394,346,119,404,151,193,26,173,157,465,436,95,354,463,297,446,270,304,61,397,198,411,518,240,316,386,2,460,230,22,249,526,466,15,182,32,455,268,514,92,357,324,183,309,364,245,158,286,253,439,24,491,314,273,166,81,31,88,223,259,520,350,294,417,66,171,149,238,258,162,194,349,274,155,467,287,33,210,395,222,282,181,6,27,343,63,385,292,13,77,328,159,340,139,517,184,98,200,165,321,525,213,243,72,113,401,74,478,123,457,300,293,37,367,508,87,102,402,366,529,140,214,122,502,392,124,220,513,75,19,416,160,475,55,515,134,487,109,530,177,376,175,414,271,301,252,483,219,332,76,430,18,494,358,335,133,7,363,192,341,190,69,334,325,96,49,36,52,62,67,522,459,256,129,275,524,82,234,110,453,495,442,154,50,30,146,445,225,228,167,71,462,115,388,21,59,378,227,389,285,248,226,456,369,509,38,205,329,339,400,454,423,312,434,78,440,14,251,531,307,305,450,89,299,403,534,320,189,125,396,384,242,83,117,44,80,429,16,361,303,217,250,206,295,176,237,326,17,208,461,130,11,331,8,362,501,29,276,28,284,3,121,86,127,383,260,202,506,353,48,39,112,338,132,351,211,254,209,116,277,188,370,435,35,480,499,289",5000,100
25,6,109053.56394491407,20.64287403650485,"346,119,404,151,193,26,173,157,465,436,95,354,463,297,446,270,304,61,397,198,320,189,125,396,384,242,83,117,44,80,429,16,182,32,455,268,514,92,357,411,518,240,316,386,2,460,230,22,249,526,466,15,183,324,309,364,35,370,435,245,158,286,534,89,299,403,81,31,88,223,259,520,350,294,417,66,171,149,238,258,162,194,349,274,155,467,287,33,395,210,222,282,181,6,27,343,63,385,292,13,77,328,159,340,139,517,184,98,480,140,214,122,502,200,165,321,124,220,513,75,19,416,160,475,55,392,376,175,109,487,134,515,177,530,123,457,300,293,37,367,508,87,102,402,366,529,525,213,243,72,113,401,74,478,49,96,325,334,271,301,414,499,289,329,339,400,36,52,62,67,522,459,256,129,275,524,82,234,110,453,495,442,154,50,30,146,445,225,228,167,71,462,219,252,483,332,115,388,21,59,363,192,341,190,69,227,378,226,456,369,509,38,205,285,389,248,18,76,430,7,133,335,358,494,423,454,434,312,251,78,440,14,531,307,305,450,231,458,474,97,54,352,10,114,348,108,58,418,84,99,443,394,485,507,156,201,318,247,138,484,510,464,490,345,359,488,528,375,532,73,246,136,422,415,103,269,504,174,489,60,163,421,25,168,313,262,279,419,229,472,45,12,319,212,204,188,277,383,276,28,284,3,121,86,127,432,473,141,51,224,202,506,353,260,216,148,368,53,298,441,503,492,235,64,135,291,391,261,296,263,34,172,315,511,536,23,215,406,373,239,337,360,221,111,104,266,267,179,477,180,100,65,393,533,387,137,333,43,195,327,8,461,130,11,331,379,438,56,107,310,186,409,85,444,91,501,362,153,40,118,288,197,218,147,408,150,374,519,527,4,196,9,207,185,152,398,236,311,382,356,390,281,126,410,142,191,93,42,161,496,381,47,486,521,482,497,431,317,407,344,372,280,241,244,447,448,178,164,470,323,498,106,308,428,512,302,336,427,347,116,48,39,112,471,413,449,535,451,355,476,412,94,90,424,338,132,351,211,254,371,5,399,264,380,505,257,322,342,306,105,131,330,101,420,187,469,120,290,365,405,199,500,468,128,68,170,70,523,481,265,169,255,41,144,437,143,479,232,233,46,203,377,57,493,278,425,79,17,326,208,29,433,426,272,283,145,452,20,303,361,491,314,24,253,439,166,273,176,237,295,206,250,217,209,516",5000,100
25,7,107570.34961355856,22.106721154015716,"248,285,389,38,205,513,75,19,416,160,475,55,392,139,517,340,159,77,328,292,13,385,63,343,27,102,87,508,367,37,300,293,376,175,109,530,177,515,487,134,220,124,321,525,213,243,72,113,401,74,478,350,294,417,66,171,149,238,258,162,194,349,274,155,467,287,465,436,95,354,463,297,446,270,304,61,397,198,518,240,268,514,92,357,411,455,32,182,460,230,22,249,526,466,15,435,370,35,309,364,245,158,286,534,89,299,403,81,31,88,223,259,520,222,282,181,6,366,402,529,140,480,184,98,200,165,502,122,214,395,210,237,346,119,404,176,451,355,84,99,443,394,485,507,156,201,318,247,138,484,510,464,490,345,330,131,105,488,528,375,532,73,246,136,422,415,103,20,452,311,382,356,390,281,126,410,398,185,152,207,9,196,519,527,536,23,215,406,373,239,337,360,221,111,104,266,267,179,477,180,100,492,235,64,135,291,391,261,296,263,34,172,315,511,374,408,150,4,42,142,191,93,482,161,381,47,486,521,174,489,60,163,421,25,168,313,262,279,419,229,504,269,224,51,141,473,432,218,147,444,91,197,288,118,40,153,362,501,29,85,409,186,310,145,283,333,43,195,327,65,393,265,169,255,41,144,437,143,479,523,481,233,232,46,533,387,137,379,438,56,107,331,130,11,461,8,412,94,90,424,338,470,323,498,106,308,428,512,302,336,427,347,112,471,413,187,101,420,469,120,290,365,405,199,216,148,368,53,298,441,503,272,426,433,79,17,326,208,493,57,377,203,128,68,70,170,28,284,3,121,86,127,383,276,472,45,12,319,212,204,188,277,500,468,476,353,202,506,260,231,458,474,97,244,447,448,178,164,254,371,5,372,280,241,342,306,114,348,108,58,418,352,54,48,39,209,116,132,351,211,264,380,505,257,322,407,317,431,497,496,344,359,516,399,10,449,535,26,173,157,361,303,183,316,386,2,324,24,253,439,166,273,491,314,396,384,242,83,117,44,80,429,16,125,189,320,78,434,312,234,110,453,495,442,154,50,30,146,445,225,228,167,71,462,219,252,483,332,76,430,18,494,358,335,133,7,363,192,341,190,69,334,271,301,414,499,289,325,96,49,36,52,62,67,522,459,256,251,440,14,531,295,206,250,217,369,456,226,509,457,193,151,123,339,400,329,524,82,275,129,454,423,115,388,21,59,378,227,305,450,307,425,278,236,33",5000,100
25,8,108413.14454647523,21.45965153470414,"247,138,484,510,464,490,345,330,131,105,488,528,532,375,516,359,136,246,73,497,431,317,407,344,496,381,47,486,521,482,161,422,415,103,20,452,311,382,356,390,281,126,410,398,236,185,152,207,9,196,519,527,536,23,215,406,373,239,337,360,221,111,104,266,267,179,477,180,100,492,235,65,393,265,169,255,41,144,437,143,208,326,17,79,425,278,493,57,377,203,128,68,170,70,204,188,277,212,319,12,45,472,419,279,229,504,269,224,51,141,473,432,218,147,444,91,501,29,362,153,40,118,288,197,127,383,276,28,284,3,121,86,85,409,186,310,145,283,331,379,438,56,107,408,150,374,315,511,172,263,34,296,261,391,291,135,11,130,461,8,43,195,327,64,174,489,60,163,421,25,168,313,262,424,90,94,412,476,468,500,353,202,506,260,216,148,368,53,298,433,426,272,441,503,46,533,387,137,333,523,481,233,232,479,512,302,336,427,347,116,209,48,39,112,471,413,187,101,420,469,120,290,365,405,199,164,178,211,254,371,5,372,280,241,244,447,448,323,498,106,308,428,351,132,338,470,399,264,380,505,257,322,342,306,114,348,108,58,418,352,10,54,474,97,231,458,449,535,451,355,84,99,443,394,485,507,156,201,318,250,217,206,295,450,307,305,531,14,440,251,78,434,312,234,110,453,495,442,154,50,30,146,445,225,228,167,71,462,219,483,332,76,430,18,494,358,335,133,7,363,192,341,190,69,334,271,301,414,499,289,329,339,400,36,52,62,67,522,459,256,129,275,524,82,49,96,325,227,378,21,59,388,115,248,285,389,38,205,525,213,243,72,113,401,74,478,350,294,417,66,171,149,238,258,162,194,349,274,155,467,287,465,436,95,354,463,297,446,270,304,61,397,198,320,189,125,396,384,242,83,117,44,80,429,16,182,32,455,268,514,92,357,411,518,240,316,386,2,460,230,22,249,526,466,15,435,370,35,309,364,245,158,286,534,89,299,403,81,31,88,223,259,520,222,395,210,282,181,6,366,402,529,140,480,184,98,200,165,321,124,220,513,75,19,416,160,475,509,369,456,226,253,439,24,491,314,273,166,361,303,183,324,4,42,142,191,93,404,119,346,151,193,26,173,157,237,176,376,175,109,530,177,515,55,392,139,517,340,159,77,328,292,13,385,63,343,27,102,87,508,367,37,300,293,457,123,487,134,33,214,122,502,454,423,252",5000,100
25,9,107374.9537000465,23.750337866077494,"138,484,510,464,490,345,330,131,105,488,528,375,516,359,156,201,318,247,482,161,422,415,103,20,452,311,382,356,390,281,126,410,398,236,185,152,207,9,196,519,527,536,23,215,406,373,239,337,360,221,111,104,266,267,179,477,180,100,492,235,64,8,461,130,11,331,379,438,56,107,40,118,288,197,218,147,444,91,501,29,85,409,186,310,145,283,333,43,195,327,65,393,533,387,137,46,232,233,479,523,481,265,169,255,41,144,437,143,208,326,17,79,425,278,493,57,377,203,128,500,468,476,412,94,90,424,262,313,168,25,421,163,60,489,174,504,269,224,51,141,473,432,127,383,276,28,284,3,121,86,68,170,70,204,188,277,212,319,12,45,472,419,279,229,338,132,351,211,254,371,5,372,280,241,244,447,448,178,164,470,323,498,106,308,428,512,302,336,427,347,413,449,535,451,355,84,99,443,394,485,507,217,250,206,295,226,456,369,509,416,160,475,55,392,139,517,184,98,480,140,214,122,502,165,321,525,213,243,72,113,401,74,478,350,294,417,66,171,149,238,258,162,194,349,274,155,467,287,465,436,95,354,463,297,446,270,304,61,397,198,518,240,324,316,386,2,460,230,22,249,526,466,15,182,32,455,268,514,92,357,411,183,309,364,245,158,286,534,89,299,403,81,31,88,223,259,520,222,210,395,33,508,102,87,367,37,300,293,328,77,13,292,385,63,343,27,6,181,282,529,366,402,340,159,376,175,109,487,134,515,177,530,123,457,193,26,173,157,237,346,119,404,176,361,303,120,290,365,405,199,260,216,148,368,53,298,441,503,272,426,433,135,291,391,261,296,263,34,172,315,511,374,408,150,4,42,142,191,93,496,381,486,47,521,246,136,73,497,431,317,407,399,264,380,505,257,322,342,306,114,348,108,58,418,352,10,54,474,97,231,458,112,39,48,209,116,471,101,420,469,187,506,353,202,67,522,459,36,52,62,312,234,110,453,495,442,154,50,494,358,335,133,7,363,192,341,190,69,334,271,301,414,499,289,325,96,49,378,227,21,59,388,115,248,285,389,38,205,513,75,19,220,124,200,329,339,400,82,524,275,129,256,251,78,440,14,531,307,305,450,71,462,219,252,483,332,76,430,18,30,146,445,225,228,167,454,423,434,166,273,491,314,24,253,439,370,435,35,320,189,125,396,384,242,83,117,44,80,429,16,151,153,362,344,532",5000,100
26,0,111640.86930726188,20.16759832186053,"487,109,530,177,515,55,392,124,220,513,75,19,38,389,285,248,252,483,219,332,18,430,115,388,21,59,378,227,69,190,341,192,453,110,234,312,434,454,423,30,50,154,442,495,363,7,133,335,358,494,76,228,225,167,71,462,450,307,305,295,206,217,250,485,507,156,330,131,105,359,516,375,532,528,488,322,257,505,380,264,351,132,211,254,371,5,372,241,280,342,306,348,114,10,474,54,458,231,449,535,451,355,84,418,352,443,394,367,37,293,300,457,175,123,151,193,26,173,346,119,404,237,176,469,120,290,365,405,199,260,216,148,368,53,298,433,426,272,441,503,100,492,235,180,477,179,267,291,135,64,461,8,11,130,331,34,263,296,261,391,221,360,337,239,373,406,215,4,196,9,207,185,152,398,236,410,126,281,356,382,390,288,197,91,444,147,218,432,473,141,51,224,269,504,174,489,60,163,421,25,313,168,262,424,94,90,412,506,353,202,347,512,302,336,427,116,209,48,39,112,471,413,420,187,101,323,470,498,106,308,428,204,212,319,12,45,472,419,279,229,277,188,468,476,128,70,170,68,28,276,383,121,86,127,3,284,362,501,29,107,56,438,379,283,333,137,387,533,43,195,327,65,393,265,481,523,479,232,233,46,409,85,186,310,145,144,41,255,169,208,326,17,79,425,278,493,57,377,203,500,437,143,408,118,40,153,374,150,527,519,315,511,536,23,172,422,161,482,521,47,486,381,496,344,73,246,136,497,431,317,407,399,338,164,448,178,303,361,354,463,297,436,95,465,287,467,155,274,349,194,162,258,238,366,529,140,122,214,66,171,149,259,520,350,294,417,74,478,223,88,31,81,439,253,24,491,314,273,166,286,158,245,309,183,324,316,386,2,230,460,182,32,455,268,514,92,357,411,518,240,320,189,125,396,384,242,83,16,117,44,80,429,198,397,61,304,270,446,89,299,403,534,213,243,72,113,401,329,339,400,36,52,62,67,522,459,256,129,275,524,82,49,96,325,289,499,414,301,271,334,27,343,525,321,165,502,200,480,184,98,517,340,139,159,328,77,292,13,385,63,6,282,210,395,33,222,87,102,508,402,181,376,134,509,369,456,226,14,531,78,251,440,475,160,416,103,415,20,452,311,93,42,142,191,510,464,490,345,201,318,247,138,484,104,111,266,97,244,447,108,58,99,157,466,15,249,526,22,370,435,35,364,146,445,205",5000,100
26,1,108671.74367245646,21.347520792610315,"241,280,372,5,371,254,211,351,132,338,470,323,498,106,308,428,512,302,336,427,347,94,90,424,412,506,353,202,260,216,148,368,53,298,433,426,272,441,503,100,492,235,180,477,179,267,291,135,64,331,11,130,8,461,283,145,310,186,409,85,444,147,218,432,473,141,51,224,269,504,174,489,229,472,45,12,319,212,204,188,277,419,279,262,313,168,163,421,25,60,407,431,317,497,246,136,422,415,103,20,452,311,382,390,356,281,126,410,152,185,398,236,9,196,4,215,406,373,239,337,360,221,111,104,266,391,261,296,34,263,172,511,315,374,150,408,118,40,153,362,501,29,107,56,438,379,327,43,195,393,65,169,265,481,523,479,143,437,144,41,255,208,326,17,79,425,278,493,57,377,203,128,70,170,68,28,276,383,3,284,121,86,127,233,232,46,137,387,533,333,500,468,476,420,187,101,469,120,290,365,405,199,288,197,91,161,482,521,47,486,484,138,247,318,201,156,394,443,99,84,355,451,535,449,458,231,474,54,97,244,447,164,178,448,505,380,264,399,322,488,528,375,532,344,73,471,413,39,48,209,116,112,418,352,10,306,342,114,348,108,58,480,184,98,517,340,139,159,328,77,292,13,385,63,343,27,102,87,508,367,37,300,457,175,123,530,177,515,55,392,475,160,416,509,369,456,226,430,76,18,115,388,21,59,378,227,69,271,301,414,499,289,325,334,190,341,192,363,7,133,335,358,494,50,154,442,495,453,110,234,312,434,454,423,30,146,445,225,228,167,71,462,219,252,483,332,450,307,305,295,206,217,250,485,507,345,330,131,105,359,516,490,464,510,496,381,93,42,142,191,23,536,527,519,207,303,361,270,446,463,297,354,403,534,89,299,92,514,268,455,32,182,460,230,22,249,526,466,15,125,189,320,386,2,316,324,183,309,364,35,370,435,396,384,242,83,429,80,44,117,16,198,397,61,304,411,357,518,240,245,158,286,24,253,439,491,314,273,166,81,31,465,287,467,155,274,349,194,162,258,238,149,259,520,350,294,417,66,171,529,366,402,181,6,282,210,222,395,33,293,376,134,487,109,151,193,26,173,157,346,119,404,237,176,140,122,214,243,213,72,113,401,329,339,400,36,52,62,67,522,459,256,129,275,524,82,49,96,74,478,223,88,124,321,165,502,200,19,75,513,220,205,38,389,285,248,440,14,251,78,531,525,436,95,257",5000,100
26,2,107337.07284590969,28.208449868628545,"515,55,392,139,159,340,517,98,184,480,140,122,214,66,171,529,366,402,181,6,282,210,395,33,508,87,102,343,27,63,385,292,13,77,328,293,300,457,193,26,173,157,237,119,404,346,151,123,530,177,82,49,96,329,339,400,36,52,62,67,522,459,256,129,275,524,341,192,363,7,133,335,358,494,50,154,442,495,453,110,234,312,434,454,423,30,146,445,225,228,167,71,462,219,483,332,76,18,430,115,388,21,59,378,227,69,271,301,414,499,289,325,334,190,226,456,369,509,416,160,475,220,513,75,19,205,38,389,285,248,252,443,394,485,507,201,318,247,138,484,510,464,490,345,330,131,105,359,516,375,532,528,488,322,257,505,380,264,399,338,470,323,498,106,308,428,512,302,336,427,347,116,209,48,39,112,471,413,420,187,101,469,120,290,365,405,199,148,368,53,298,433,426,272,441,503,100,180,477,179,267,291,135,296,34,263,172,511,315,374,150,410,126,281,356,382,390,288,197,91,444,147,218,432,473,141,51,224,269,504,174,60,489,262,424,94,90,412,476,468,500,203,128,70,170,68,28,3,284,121,86,127,383,276,472,45,12,319,212,204,188,277,279,229,419,103,415,422,136,246,73,497,431,317,407,421,25,313,168,163,79,425,278,493,57,377,143,479,233,232,46,523,481,265,393,65,169,41,255,144,437,326,208,17,153,362,501,29,107,56,438,145,310,186,409,85,379,331,283,461,8,11,130,64,492,235,266,104,111,221,360,337,239,373,406,215,23,536,527,519,207,152,185,398,236,9,196,4,42,93,191,142,452,311,20,161,482,521,47,486,381,496,344,164,447,244,97,474,54,458,231,449,535,451,355,84,418,352,10,306,342,114,348,108,58,99,37,367,222,258,238,149,259,520,350,294,417,74,478,223,88,31,81,439,253,24,491,314,273,166,286,158,245,92,357,411,518,240,268,514,324,183,309,364,35,370,435,22,249,526,466,15,460,230,2,316,386,182,32,455,125,189,320,117,44,80,429,83,242,384,396,16,198,397,61,304,270,446,403,534,89,299,303,361,354,463,297,436,95,465,287,467,155,274,349,194,162,321,165,502,200,124,72,113,401,525,213,243,376,134,487,109,175,531,307,450,305,295,206,217,250,440,14,251,78,448,178,211,254,371,5,372,241,280,202,353,506,260,216,327,195,43,333,137,387,533,261,391,408,118,40,132,351,156,176",5000,100
26,3,110038.4540532762,20.886142049340165,"485,507,201,318,247,138,484,510,464,490,345,330,131,105,306,342,10,474,54,458,231,97,244,447,164,178,448,254,371,5,372,241,280,257,322,488,528,375,532,516,359,344,73,246,136,422,161,482,521,47,486,381,496,132,351,211,264,380,505,399,338,470,323,498,106,308,428,512,302,336,427,116,209,48,39,112,471,413,420,187,101,469,120,290,365,405,199,148,368,53,298,433,426,272,441,503,100,492,235,180,477,179,267,291,135,296,34,263,172,511,315,374,150,527,519,207,185,398,236,410,126,281,356,382,390,288,197,91,444,147,218,432,473,141,51,224,269,504,174,489,60,163,421,25,313,168,262,424,94,90,412,506,353,202,260,216,347,317,431,407,497,28,3,284,121,383,276,472,45,12,319,212,204,68,170,70,128,203,377,143,437,144,41,255,169,265,481,523,479,233,232,46,137,387,533,195,327,43,333,283,145,310,186,409,85,501,29,107,56,438,379,331,11,130,8,461,65,393,64,536,23,215,406,373,239,337,360,221,111,104,266,391,261,311,452,20,415,103,127,86,188,277,279,229,419,476,468,500,475,160,416,509,369,456,226,462,219,252,483,332,76,18,430,115,388,21,59,192,363,7,133,335,358,494,50,154,442,495,453,110,234,312,434,454,423,30,146,445,225,228,167,71,450,307,305,295,206,217,250,99,84,418,352,451,535,449,93,42,142,191,196,9,4,152,408,118,40,153,362,17,79,425,278,493,57,208,326,87,102,508,367,37,457,175,123,530,177,515,55,392,139,517,98,184,480,140,122,214,66,171,529,366,402,181,6,282,210,222,395,33,520,350,294,417,74,478,223,88,31,81,439,253,24,491,314,273,166,286,158,245,309,364,35,370,435,249,526,466,15,460,230,22,386,2,32,455,125,189,320,16,117,44,429,198,397,61,304,270,446,463,297,436,95,465,287,467,155,274,349,194,162,258,238,149,259,165,502,200,321,525,213,243,72,113,401,329,339,400,36,52,62,67,522,459,256,129,275,524,82,49,96,325,334,271,301,414,499,289,205,38,389,285,248,440,14,531,78,251,19,75,513,220,124,13,385,292,63,343,27,159,340,376,134,487,109,151,193,26,173,346,119,404,237,176,157,361,303,518,240,268,514,92,357,411,534,403,354,299,89,182,396,384,242,83,80,316,324,183,328,77,293,300,341,227,378,69,190,355,443,394,156,58,108,348,114",5000,100
26,4,108348.02707574808,22.564246396002265,"123,530,177,515,55,392,376,134,487,109,175,300,37,293,328,77,292,13,385,63,343,27,102,87,508,367,222,395,33,210,282,402,181,6,529,366,238,149,259,520,350,294,417,74,478,223,88,31,81,439,253,24,491,314,273,166,286,158,245,309,364,35,370,435,249,526,466,15,460,230,22,386,2,316,183,324,514,92,357,411,518,240,268,455,32,182,125,396,384,242,83,16,117,44,80,429,198,397,61,304,270,446,463,297,436,95,465,287,467,155,274,349,194,162,258,340,139,517,98,184,480,140,122,214,66,171,243,213,72,113,401,329,339,400,36,52,62,67,522,459,256,129,275,524,82,49,96,325,190,341,192,363,7,133,335,358,494,50,154,442,495,453,110,234,312,434,454,423,30,146,445,225,228,167,71,462,219,252,483,332,76,18,430,115,248,285,389,38,205,525,321,165,502,200,124,220,513,75,19,416,160,475,509,369,456,226,450,307,305,295,206,217,250,485,507,156,394,443,99,84,418,352,10,306,342,114,348,108,58,372,241,280,257,505,380,264,399,338,132,351,211,254,371,5,447,244,97,474,54,458,231,471,413,420,187,101,469,120,290,365,405,199,260,216,148,368,53,298,433,426,272,441,503,100,180,477,179,267,291,135,296,34,263,172,511,315,374,150,410,126,281,356,382,390,288,197,91,444,147,218,432,473,141,51,224,269,504,174,60,489,229,419,279,262,313,168,163,421,25,407,103,415,422,161,482,521,47,486,381,496,344,73,246,136,497,431,317,196,4,527,519,207,185,152,398,236,9,23,536,130,11,331,283,461,8,43,195,327,65,393,265,169,41,255,144,437,326,208,17,79,425,278,493,57,377,203,128,70,170,68,28,3,284,121,86,127,383,276,472,45,12,319,212,204,188,277,90,424,94,412,476,468,500,202,353,506,347,427,116,209,48,39,112,535,449,451,355,404,346,151,193,26,173,457,159,289,499,414,301,271,69,334,227,378,21,59,388,440,14,251,78,531,178,448,164,20,452,311,93,42,142,191,510,464,490,345,359,516,375,532,528,488,322,105,131,330,201,318,247,138,484,85,501,29,107,56,438,145,310,186,409,137,387,533,46,523,481,479,233,232,106,308,428,512,302,336,498,470,323,111,221,360,337,239,373,406,215,379,64,492,235,266,104,391,261,333,408,118,40,153,362,143,403,534,89,299,303,361,354,176,237,119,157,320,189",5000,100
26,5,107548.59183545981,26.37788532970602,"126,281,356,382,390,288,118,40,153,362,501,29,107,56,438,145,310,186,409,85,444,147,218,432,473,141,51,224,269,504,174,60,489,229,472,45,12,319,212,204,188,277,279,262,313,168,338,470,323,498,106,308,428,512,302,336,427,347,116,209,48,39,112,471,413,420,187,101,469,120,290,365,405,199,148,368,53,298,433,426,272,441,503,100,180,477,179,267,291,135,296,34,263,172,511,315,374,150,408,536,23,215,406,373,239,337,360,221,111,104,266,391,261,11,130,331,283,379,8,461,65,393,265,481,523,479,143,437,144,41,255,169,533,387,137,333,43,195,327,492,235,64,486,47,521,482,247,318,201,156,464,510,484,138,399,264,380,505,257,322,488,528,375,532,516,359,254,211,351,132,448,178,164,447,244,97,474,54,458,231,449,535,451,355,443,394,485,507,250,217,206,295,305,307,450,71,462,219,483,332,76,18,430,115,388,21,59,378,227,69,190,341,192,363,7,133,335,358,494,50,154,442,495,453,110,234,312,434,454,423,30,146,445,225,228,167,78,440,14,531,251,256,129,275,524,82,49,96,329,339,400,36,52,62,67,522,459,252,509,369,456,226,160,416,475,220,513,75,19,205,525,213,243,72,113,401,74,478,223,88,31,81,439,253,24,491,314,273,166,286,158,245,364,35,370,435,526,466,15,460,230,22,249,316,386,2,32,455,268,514,92,357,411,518,240,320,189,125,182,396,384,242,83,429,80,44,117,16,198,397,61,304,270,446,463,297,436,95,465,287,467,155,274,349,194,162,258,238,149,259,520,350,294,417,66,171,529,366,402,181,6,282,210,395,33,508,367,37,300,293,159,340,139,517,98,184,480,140,122,214,502,200,124,321,165,77,328,385,292,13,63,343,27,102,87,222,123,530,177,515,55,392,376,134,487,109,175,457,193,26,173,157,237,119,404,346,151,354,403,534,89,299,303,361,176,84,418,352,10,306,342,114,348,108,58,99,246,73,344,496,381,497,431,317,407,421,163,25,90,424,94,412,476,468,500,203,128,70,170,68,28,3,284,121,86,127,383,276,419,103,415,422,161,452,191,142,93,42,236,410,152,398,185,207,9,196,4,527,519,311,20,46,233,232,136,197,91,425,278,493,57,377,202,506,353,260,216,208,326,17,79,371,5,372,241,280,131,105,330,345,490,499,289,325,334,271,301,414,389,285,248,38,183,324,309",5000,100
26,6,108031.96472639426,25.35402062187678,"134,487,109,530,177,515,55,392,475,160,416,509,369,456,226,462,219,483,332,76,18,430,115,388,21,59,378,227,69,334,271,301,414,499,289,325,190,341,192,363,7,133,335,358,494,50,154,442,495,453,110,234,312,434,454,423,30,146,445,225,228,167,71,450,307,305,295,206,217,250,485,507,156,201,318,247,138,484,510,464,490,345,330,131,105,359,516,375,532,528,488,322,257,505,380,264,399,338,470,323,498,106,308,428,512,302,336,427,347,116,209,48,39,112,471,413,420,187,101,469,120,290,365,405,199,148,368,53,298,433,426,272,441,503,100,180,477,179,267,291,135,296,34,263,172,511,315,374,150,527,519,207,185,152,398,236,410,126,281,356,382,390,311,452,20,103,415,422,161,482,521,47,486,381,496,344,73,246,136,497,431,317,407,421,25,313,168,163,60,489,419,279,229,504,174,262,424,94,412,476,468,500,203,377,143,479,233,232,46,86,127,383,276,28,3,284,121,170,68,70,128,188,277,212,204,319,12,45,472,145,310,186,409,85,444,91,362,501,29,107,56,438,379,331,283,461,8,11,130,64,536,23,215,4,406,373,239,337,360,221,111,104,266,391,261,393,65,195,327,43,333,137,387,533,153,118,40,408,288,197,147,432,473,141,51,224,269,169,265,481,523,437,144,41,255,208,326,17,79,425,278,493,57,506,353,202,260,216,90,280,241,342,306,114,348,108,58,99,84,418,352,10,474,54,458,231,449,535,451,355,443,394,367,37,300,293,328,77,292,13,385,63,343,27,102,87,508,33,222,395,210,282,181,6,529,366,402,140,122,214,66,171,238,149,259,520,350,294,417,74,478,223,88,31,81,439,253,24,491,314,273,166,286,534,89,299,92,357,411,518,240,320,189,125,182,32,455,268,514,324,183,309,364,35,370,435,249,526,466,15,460,230,22,316,386,2,158,245,297,436,95,465,157,237,119,404,346,151,193,26,173,457,175,123,243,213,72,113,401,329,339,400,36,52,62,67,522,459,256,129,275,524,82,49,96,285,389,38,205,19,75,513,220,124,321,165,502,200,480,184,98,517,340,139,159,376,162,258,274,349,194,155,287,467,61,304,270,446,463,354,403,361,303,397,198,429,80,44,117,16,396,384,242,83,176,97,244,447,164,178,448,254,211,351,132,372,5,371,235,492,42,142,191,93,9,196,218,248,252,531,78,251,440,14,525",5000,100
26,7,108053.84257263412,24.37629422584818,"264,380,505,257,322,488,528,375,532,516,359,345,490,464,510,484,138,247,318,201,156,330,131,105,348,108,58,99,84,418,352,10,306,114,458,231,471,413,420,187,101,469,120,290,365,405,199,148,368,53,298,433,426,272,441,503,100,180,477,179,267,291,135,64,461,8,11,130,331,379,283,145,310,186,409,85,444,147,218,432,473,141,51,224,269,504,174,60,489,262,313,168,163,421,25,338,470,323,498,106,308,428,512,302,336,427,347,116,209,48,39,112,535,449,451,355,443,394,485,507,250,217,206,295,305,307,450,71,167,228,225,445,146,30,50,154,442,495,453,110,234,312,434,454,423,129,275,524,82,49,96,325,334,271,301,414,499,289,205,525,213,243,72,113,401,329,339,400,36,52,62,67,522,459,256,251,78,440,14,531,462,219,332,76,18,430,115,388,21,59,378,227,69,190,341,192,363,7,133,335,358,494,483,252,509,369,456,226,248,285,389,38,19,75,513,220,124,321,165,502,200,480,140,122,214,66,171,529,366,402,181,6,282,210,395,33,508,87,102,343,27,63,385,292,13,77,328,159,340,139,517,98,184,293,300,37,367,222,258,238,149,259,520,350,294,417,74,478,223,88,31,81,439,253,24,491,314,273,166,286,158,245,309,364,35,370,435,249,526,466,15,460,230,22,386,2,316,324,183,396,384,242,83,16,125,189,320,117,44,429,80,198,397,61,304,270,446,463,297,436,95,465,287,467,155,274,349,194,162,157,237,119,404,346,151,193,26,173,457,175,123,530,177,515,55,392,376,134,487,109,160,416,475,20,452,311,382,390,356,281,126,410,152,185,398,236,9,196,4,215,406,373,239,337,360,221,111,104,266,391,261,296,34,263,172,511,315,374,150,408,118,40,153,362,501,29,107,56,438,132,351,211,254,371,5,372,241,280,342,164,447,244,97,474,54,533,387,137,333,43,195,327,65,393,265,481,523,479,143,437,144,41,255,169,208,326,17,79,425,278,493,57,377,203,128,70,170,68,28,3,284,121,86,127,383,276,472,419,279,229,277,90,424,94,412,476,468,500,204,188,12,319,212,45,260,216,202,353,506,232,233,46,197,91,288,93,42,142,191,161,482,521,47,486,381,496,344,73,497,431,317,407,399,422,415,103,136,246,207,519,527,536,23,235,492,448,178,176,361,303,518,240,411,357,92,514,455,268,182,32,354,403,534,89,299",5000,100
27,0,115224.5280700877,17.658305013413536,"77,328,292,13,385,63,27,343,6,181,395,210,222,162,194,155,274,349,223,324,316,386,2,230,460,182,32,455,530,177,515,55,134,487,109,175,123,151,193,26,173,346,119,404,237,176,375,532,528,488,348,10,114,306,342,371,447,244,474,97,322,257,264,505,380,399,132,351,448,254,178,211,164,338,25,421,163,60,313,168,5,372,241,280,407,431,317,469,187,101,420,45,472,12,319,212,204,170,68,70,103,415,136,422,161,191,93,42,142,311,126,281,356,390,382,197,147,91,444,85,409,46,145,333,130,11,461,283,310,186,43,327,195,393,65,235,100,180,477,56,438,379,331,263,34,296,261,391,266,104,221,111,239,373,406,215,23,536,527,519,150,408,315,511,172,201,318,247,138,484,47,486,521,452,20,218,432,473,51,141,224,504,229,279,419,489,174,276,383,3,284,121,428,512,302,336,427,347,116,209,39,112,471,413,199,405,290,365,148,216,368,53,353,506,202,260,232,233,437,144,41,255,169,265,481,523,533,387,143,208,326,17,79,425,278,493,57,377,203,128,500,468,476,412,90,424,94,335,133,494,358,154,50,30,454,423,312,434,110,234,19,75,513,220,475,416,160,509,369,456,226,410,398,236,360,337,9,196,4,152,185,207,118,153,362,501,29,107,40,374,267,179,291,135,64,8,492,323,470,498,106,308,458,231,54,352,418,99,84,355,451,82,524,275,52,62,67,522,459,256,251,440,14,462,71,450,307,305,295,206,217,250,262,277,188,28,516,359,330,131,105,108,58,48,535,449,298,433,426,272,503,441,269,246,73,497,381,496,344,510,464,490,345,156,507,485,394,443,334,69,271,227,378,21,59,388,115,445,146,225,228,167,442,7,453,192,363,495,430,18,76,332,483,252,248,285,389,38,301,414,190,341,49,96,339,329,478,74,401,113,213,243,72,376,159,517,340,139,124,321,165,200,502,304,446,354,31,320,189,125,396,15,22,268,514,411,357,61,397,198,117,44,80,429,466,526,249,435,35,370,183,309,364,314,491,24,253,439,273,166,81,480,140,214,122,66,149,171,238,258,87,102,508,33,367,457,300,37,293,529,366,402,98,184,282,259,520,350,294,417,499,289,325,531,88,465,436,95,297,463,245,158,286,534,89,299,403,16,242,83,384,92,518,240,219,205,525,287,467,157,400,36,129,78,120,137,86,127,288,479,482,270,303,361,392",5000,100
27,1,109230.54337406345,20.323162394303093,"483,219,252,248,285,389,38,205,75,19,513,220,124,321,165,502,200,480,184,98,517,139,340,159,77,328,292,13,385,63,343,27,102,87,508,367,37,300,457,193,26,173,151,123,530,177,515,55,392,416,160,509,369,456,226,462,450,307,305,71,167,228,225,445,30,494,358,335,7,133,154,50,423,454,312,434,78,440,14,531,18,76,430,115,388,21,59,378,227,69,190,341,192,363,495,442,110,234,453,401,113,72,213,243,525,499,289,325,96,49,36,400,339,329,82,524,275,62,52,67,522,459,256,251,146,332,487,109,175,376,134,88,223,259,520,350,294,417,66,171,529,366,402,181,6,282,210,395,222,33,162,194,349,274,155,287,467,465,436,95,297,463,354,446,270,304,61,397,198,117,44,429,80,83,242,384,396,125,189,320,16,15,460,182,32,455,268,514,240,518,411,357,92,89,299,403,31,81,439,253,24,491,273,166,314,245,158,286,534,303,361,48,39,112,471,231,458,474,54,97,244,447,164,448,254,371,5,372,280,241,306,342,114,348,108,58,99,84,418,352,10,94,90,424,313,168,421,25,338,132,351,211,178,323,470,498,106,308,428,512,302,336,427,347,116,209,264,380,505,257,322,488,528,375,532,359,516,490,345,521,47,486,381,496,344,73,497,246,136,422,415,103,20,452,311,390,356,382,281,126,410,398,152,185,207,9,196,4,406,373,239,337,360,221,111,104,266,391,261,296,263,34,172,511,315,374,408,150,527,519,536,23,215,291,135,267,179,477,180,100,492,235,65,327,43,195,8,461,130,11,331,283,333,137,145,310,186,409,85,444,91,501,29,153,40,118,362,197,288,70,68,170,28,276,383,472,12,319,212,204,188,277,262,419,279,45,229,224,269,504,174,60,489,431,317,407,399,443,394,485,507,156,201,318,247,138,484,412,476,468,500,203,128,232,233,46,523,479,143,437,144,41,255,326,208,17,79,425,278,493,57,377,353,506,202,260,216,148,368,365,290,405,199,420,187,101,469,120,176,237,119,404,346,157,217,250,355,451,535,449,413,163,284,3,121,86,127,51,141,473,432,218,147,64,441,503,169,265,481,393,387,533,438,379,107,56,298,53,272,426,433,161,191,93,42,236,142,482,510,464,330,131,105,149,238,258,74,478,324,183,309,364,35,370,435,466,526,249,22,230,386,2,316,140,214,122,475,301,414,271,334,129,295,206,293",5000,100
27,2,109390.33944126462,20.02623222985949,"173,26,193,151,457,300,37,293,175,123,530,109,487,134,55,392,124,220,513,75,19,205,525,321,165,502,200,122,214,66,149,259,520,350,294,417,74,478,88,223,274,349,155,467,287,465,436,95,297,463,354,446,270,304,61,397,198,117,44,429,83,242,384,396,15,230,460,2,386,316,324,183,309,364,35,370,435,466,526,249,22,125,189,320,16,92,514,268,240,518,411,357,31,81,439,253,24,491,314,273,166,286,534,89,299,403,158,245,87,102,508,33,222,210,395,282,181,6,402,366,529,140,480,184,98,517,340,139,77,328,292,13,385,63,343,27,258,238,171,162,194,275,524,82,62,67,522,459,256,129,312,434,251,440,14,78,531,445,225,228,167,71,450,307,305,295,206,217,250,507,485,394,443,99,84,418,352,10,306,342,114,348,108,58,131,105,488,322,257,505,264,380,211,254,371,5,372,280,241,447,244,164,448,178,323,470,498,106,308,428,512,302,336,427,347,116,209,48,39,112,471,413,420,187,101,469,120,290,365,53,298,433,426,272,441,503,100,180,477,179,267,291,135,296,263,34,172,406,373,239,337,360,221,111,104,266,391,261,130,11,331,283,333,145,137,387,533,195,43,8,461,65,327,169,265,393,492,235,64,208,493,57,377,203,500,468,476,412,90,424,94,506,353,202,260,216,148,368,17,79,425,278,68,70,170,128,232,46,233,310,186,409,85,444,91,147,218,432,473,141,51,224,269,504,229,419,279,262,313,168,421,25,163,60,489,174,497,317,431,407,532,375,516,359,464,510,484,138,247,318,201,156,490,345,330,381,496,344,246,73,136,422,415,103,20,452,311,390,382,281,356,185,152,207,9,196,4,519,527,536,511,315,374,408,150,126,410,398,236,142,191,93,42,482,161,486,47,521,215,23,481,523,479,143,437,144,41,255,326,54,474,458,231,97,535,449,451,355,177,157,361,303,76,332,30,454,423,234,110,453,192,363,7,133,335,358,494,50,154,442,495,96,329,289,325,334,69,271,301,414,499,72,213,243,113,401,190,341,36,400,49,339,21,59,378,227,389,285,248,115,388,18,430,252,483,219,462,146,226,456,369,509,160,416,475,346,119,404,237,176,399,132,351,338,383,276,28,3,284,121,86,127,277,188,204,212,319,12,45,472,56,438,379,29,107,40,118,153,362,501,197,288,528,405,199,80,455,32,182,376,159,515,367,38,52",5000,100
27,3,107312.49125760613,36.4370217001033,"173,151,193,26,457,300,37,293,175,376,134,487,109,530,177,515,55,392,124,220,513,75,19,205,38,389,285,248,115,388,21,59,378,227,69,271,334,301,414,499,289,325,96,49,36,400,339,329,113,72,213,243,525,321,165,502,200,480,184,98,517,340,139,159,77,328,292,13,385,63,343,27,102,87,508,367,33,395,222,210,282,181,6,402,366,529,171,238,258,162,194,349,274,155,287,467,465,436,95,297,463,354,446,270,304,61,397,198,189,320,16,117,44,429,80,83,242,384,396,15,460,230,386,316,324,183,309,364,35,370,435,466,526,249,22,2,455,125,32,182,303,361,157,237,119,404,346,176,451,535,449,54,97,474,458,231,471,413,420,187,101,469,120,405,199,365,290,506,202,260,216,148,368,53,298,433,426,272,441,503,100,180,477,179,267,291,135,296,263,34,172,511,315,374,408,150,126,410,398,236,185,152,207,9,196,4,215,406,373,239,337,360,221,111,104,266,391,261,64,235,492,65,169,265,481,523,479,143,437,144,41,255,326,208,17,79,425,278,493,57,377,203,500,468,476,412,90,424,94,427,347,116,209,48,39,112,10,306,342,114,348,108,58,99,84,418,352,264,380,399,132,351,470,323,498,106,308,428,512,302,336,164,448,178,211,254,371,5,372,280,241,447,244,359,516,490,464,510,484,138,247,318,201,156,532,528,375,344,496,381,486,47,521,482,161,422,136,246,73,497,317,431,407,421,25,163,60,489,174,504,229,419,279,262,313,168,338,224,269,141,51,473,432,218,147,444,91,197,288,118,40,153,362,501,29,107,56,438,379,283,333,145,310,186,409,85,86,127,121,284,3,28,276,383,472,12,319,212,204,188,277,45,170,68,70,128,232,233,46,387,533,393,195,43,8,461,130,11,331,327,137,353,355,443,394,485,507,250,217,206,295,226,456,369,509,160,416,475,335,358,494,133,7,363,495,442,154,50,30,454,423,234,312,434,78,251,440,14,531,18,430,76,332,252,483,219,167,71,462,450,307,305,228,225,445,146,341,192,453,110,82,524,275,62,67,522,459,256,129,52,190,417,294,350,520,259,149,66,214,122,140,74,478,401,223,88,31,81,439,253,24,491,314,273,166,286,158,245,92,268,514,240,518,411,357,299,403,534,89,191,93,42,142,452,20,103,415,382,390,356,281,311,527,519,536,23,345,330,131,105,488,322,257,505,123",5000,100
27,4,108323.45776514185,22.65397003345427,"315,374,408,150,126,281,356,390,382,288,118,40,153,362,501,29,85,444,91,197,147,218,432,473,141,51,224,269,504,229,419,279,262,313,168,421,25,163,60,489,174,431,317,407,399,132,351,211,254,371,5,372,280,241,447,244,164,448,178,323,470,498,106,308,428,512,302,336,427,347,116,209,48,39,112,471,413,420,187,101,469,120,176,237,119,404,346,151,193,26,173,457,300,37,293,175,376,134,487,109,530,123,177,515,55,392,124,220,513,75,19,205,38,389,285,248,115,388,21,59,378,227,69,271,334,190,341,192,363,495,442,154,50,30,454,423,234,110,453,7,133,335,358,494,430,18,76,332,483,219,252,71,462,450,307,305,295,206,217,250,485,507,394,443,99,84,418,352,10,306,342,114,348,108,58,131,105,488,322,257,505,264,380,277,45,472,12,319,212,204,188,468,500,476,412,90,424,94,506,353,202,260,216,148,368,53,298,433,426,272,441,503,100,180,477,179,267,291,135,64,235,492,65,327,195,43,333,137,387,533,393,265,481,523,479,143,437,144,41,255,326,208,17,79,425,278,493,57,377,203,128,70,68,170,28,276,383,3,284,121,86,127,232,233,46,409,186,310,145,438,379,283,331,11,130,461,8,169,365,290,405,199,4,215,406,373,239,337,360,221,111,104,266,391,261,296,263,34,172,511,536,23,527,519,207,9,196,236,398,185,152,410,452,20,103,415,422,136,246,73,497,381,496,344,486,47,521,482,161,191,142,93,42,247,318,201,156,359,375,532,528,464,510,484,138,345,490,516,97,474,54,458,231,535,449,451,355,478,401,113,72,213,243,525,165,502,200,480,184,98,517,340,139,159,77,328,292,13,385,63,343,27,102,87,508,367,33,395,222,210,282,181,6,402,366,529,140,214,122,66,171,238,258,162,194,349,274,155,287,467,465,436,95,297,463,354,446,270,304,61,397,198,189,320,16,15,460,182,32,455,2,386,316,324,183,309,364,35,370,435,466,526,249,22,230,268,514,240,518,411,357,92,299,403,534,89,245,158,286,314,491,273,166,253,24,439,81,31,88,223,259,520,350,294,417,74,289,325,96,49,36,52,62,67,522,459,256,129,275,524,82,312,434,78,251,440,14,531,445,225,228,167,146,226,456,369,509,160,416,475,301,414,499,339,400,329,149,321,338,311,56,107,330,242,384,396,125,117,44,429,80,83,303,361,157",5000,100
27,5,108828.60060294525,21.88899834362016,"443,99,84,418,352,10,306,342,114,348,108,58,131,105,488,322,257,505,264,380,399,132,351,211,254,371,5,372,280,241,447,244,164,448,178,323,470,498,106,308,428,512,302,336,427,347,116,209,48,39,112,471,413,420,187,101,469,120,176,237,119,404,346,151,193,26,173,457,300,37,293,175,376,134,487,109,530,177,515,55,392,124,220,513,75,19,416,509,369,456,226,462,450,307,305,295,206,217,250,485,507,394,156,201,318,247,138,484,486,47,521,482,161,381,496,344,73,497,317,431,407,338,224,269,504,229,419,279,262,313,168,421,25,163,60,489,174,128,70,68,170,28,276,383,3,284,121,86,127,51,141,473,432,218,147,444,91,197,288,118,56,107,40,153,362,501,29,85,46,233,232,479,143,437,144,41,255,326,17,79,425,278,493,57,377,203,500,468,476,412,90,424,94,506,353,202,260,216,148,368,53,298,433,426,272,441,503,100,492,64,235,65,327,195,43,333,145,310,186,409,408,150,374,315,511,536,23,215,406,373,239,337,360,221,111,104,266,391,261,296,263,34,172,126,281,356,382,390,311,452,20,103,415,422,136,246,42,142,191,93,207,9,196,4,519,527,152,185,398,236,410,532,528,375,516,359,330,345,490,464,510,137,387,533,393,265,481,523,169,208,291,135,267,179,477,180,472,12,319,212,204,188,277,45,436,95,297,463,354,446,270,304,61,397,198,117,44,429,80,83,242,384,396,15,460,182,32,455,2,386,316,324,183,309,364,35,370,435,466,526,249,22,230,268,514,240,518,411,357,92,299,403,534,89,245,158,286,314,491,273,166,253,24,439,81,31,88,223,259,520,350,294,417,74,478,401,113,72,213,243,525,321,165,502,200,480,184,98,517,340,139,159,77,328,292,13,385,63,343,27,102,87,508,367,33,395,222,210,282,181,6,402,366,529,140,214,122,66,171,238,258,162,194,349,274,155,467,287,465,149,96,49,36,52,62,67,522,459,256,129,275,524,82,234,110,453,495,442,154,50,30,454,423,312,434,78,251,440,14,531,445,225,228,167,71,146,332,252,483,219,248,115,388,21,59,378,227,69,190,341,192,363,7,133,335,358,494,430,76,18,389,285,38,205,414,301,271,334,325,289,499,339,329,400,160,475,355,451,535,449,54,97,474,458,231,199,405,365,290,361,303,16,189,320,125,123,157,438,379,283,461,8,130,11,331",5000,100
27,6,107728.4971095536,23.5534342090182,"205,38,389,285,248,115,388,21,59,378,227,69,190,341,192,363,7,133,335,358,494,50,30,454,423,234,110,453,495,442,154,256,129,275,524,82,36,52,62,67,522,459,400,49,96,329,339,401,113,72,213,243,525,321,165,502,200,480,184,98,517,340,139,159,77,328,292,13,385,63,343,27,102,87,508,367,37,293,300,457,193,26,173,151,123,530,177,515,55,392,124,220,513,75,19,416,160,475,509,369,456,226,219,483,332,252,430,18,76,146,445,225,228,167,71,462,450,307,305,295,206,217,250,485,507,394,443,99,84,418,352,10,306,342,114,348,108,58,131,105,488,322,257,505,264,380,399,132,351,211,254,371,5,372,280,241,447,244,164,448,178,323,470,498,106,308,428,512,302,336,427,347,116,209,48,39,112,471,413,420,187,101,469,120,176,237,119,404,346,157,361,303,467,287,465,436,95,297,463,354,446,270,304,61,397,198,117,44,429,80,83,242,384,396,125,16,15,460,182,32,455,2,386,316,324,183,309,364,35,370,435,466,526,249,22,230,268,514,240,518,411,357,92,299,403,534,89,245,158,286,491,314,273,166,253,439,24,81,31,88,223,259,520,350,294,417,74,478,149,238,258,162,194,349,274,155,33,395,222,210,282,181,6,402,366,529,140,214,122,66,171,109,487,134,376,175,476,412,90,424,94,506,353,202,260,216,148,368,53,298,433,426,272,441,503,100,180,477,179,267,291,135,296,263,34,172,511,315,374,408,150,126,281,356,382,390,311,452,20,103,415,422,136,246,73,497,317,431,407,174,504,229,419,279,262,313,168,421,25,163,60,489,269,224,51,141,473,432,218,147,444,91,501,29,107,56,438,379,283,461,8,327,195,43,333,137,387,533,393,265,481,523,479,143,437,144,41,255,326,208,17,79,425,278,493,57,377,203,500,468,70,68,170,28,276,383,3,284,121,86,127,277,45,472,12,319,212,204,188,474,458,231,97,54,535,449,451,355,156,201,318,247,138,484,510,464,490,345,330,359,375,532,528,338,486,521,47,381,496,344,362,118,40,153,310,186,409,85,46,233,232,128,197,288,42,142,191,93,161,482,337,360,221,111,104,266,391,261,64,235,492,65,169,365,290,405,199,4,215,406,373,239,23,536,527,519,207,9,196,236,185,152,398,410,11,130,145,331,516,499,414,271,334,325,289,301,312,434,78,251,440,14,531,189,320",5000,100
27,7,108249.06803264913,22.779831020382804,"119,404,346,151,193,26,173,457,300,37,293,175,376,134,487,109,530,177,515,55,392,124,220,513,75,19,416,160,475,509,369,456,226,219,483,332,252,430,18,76,146,445,225,228,167,71,462,450,307,305,295,206,217,250,485,507,394,443,99,84,418,352,10,306,342,114,348,108,58,131,105,488,322,257,505,264,380,399,132,351,211,254,371,5,372,280,241,447,244,164,448,178,323,470,498,106,308,428,512,302,336,427,347,116,209,48,39,112,471,413,420,187,101,469,120,176,237,157,436,95,297,463,354,446,270,304,61,397,198,189,320,16,117,44,429,80,83,242,384,396,125,455,2,386,316,324,183,309,364,35,370,435,466,526,249,22,230,460,182,32,15,514,240,518,411,357,92,299,403,534,89,314,491,273,166,253,24,439,81,31,88,223,259,520,350,294,417,74,478,401,113,72,213,243,525,321,165,502,200,480,184,98,517,340,139,159,77,328,292,13,385,63,343,27,102,87,508,367,33,395,222,210,282,181,6,402,366,529,140,214,122,66,171,149,238,258,162,194,349,274,155,467,287,465,361,303,268,158,245,286,405,199,148,368,53,298,433,426,272,441,503,169,65,327,195,43,333,145,310,186,409,85,444,91,501,29,107,56,438,379,331,11,130,461,8,283,64,235,492,100,180,477,179,267,291,135,296,263,34,172,511,315,374,408,150,126,281,356,390,382,311,452,20,103,415,422,136,246,73,497,317,431,407,174,504,229,419,279,262,313,168,421,25,163,60,489,269,224,51,141,473,432,218,147,127,121,284,3,28,276,383,472,12,319,212,204,188,277,45,170,68,70,128,203,500,468,476,412,90,424,94,506,353,202,260,216,57,377,143,437,144,41,255,326,208,17,79,425,278,493,261,391,266,104,111,221,360,337,239,373,406,215,23,536,527,519,207,9,196,4,152,185,398,236,410,42,142,191,93,161,381,496,344,375,532,528,521,482,247,318,201,156,516,359,330,345,490,464,510,484,138,47,486,288,118,40,153,362,197,46,233,232,479,523,86,265,481,393,387,533,137,338,365,290,454,423,234,110,453,495,442,154,50,30,494,358,335,133,7,363,192,341,190,227,69,271,301,414,499,289,325,334,312,434,78,251,440,14,531,329,339,400,49,96,52,62,67,522,459,256,129,275,524,82,36,389,285,248,115,388,21,59,378,205,38,123,97,474,54,458,231,535,449,451,355",5000,100
28,0,114646.74424597262,18.43398714565484,"332,76,252,483,430,18,335,358,494,423,454,234,312,434,112,471,413,347,427,302,336,203,128,232,233,28,127,383,276,3,284,121,86,432,473,197,288,382,356,390,281,126,410,152,185,398,236,34,263,296,261,391,266,104,111,221,360,337,239,373,406,527,519,4,196,9,207,150,374,408,315,511,172,536,23,215,159,108,58,99,84,418,10,342,306,322,257,505,380,264,399,488,528,375,516,359,131,105,330,345,490,464,510,486,47,521,484,165,321,525,72,113,401,74,478,350,520,259,349,274,155,194,162,258,222,210,395,33,87,102,508,367,300,37,293,328,77,292,13,385,340,139,517,98,184,480,140,181,6,402,366,529,214,122,238,282,149,171,386,316,324,183,309,364,35,370,435,22,249,526,466,396,384,242,83,117,44,80,429,16,92,357,411,518,240,268,514,32,182,460,230,15,320,189,125,455,2,24,253,439,166,273,491,314,245,158,286,534,89,299,403,81,31,467,287,465,95,354,297,463,446,270,304,61,397,198,303,361,157,151,193,173,26,280,241,372,244,447,371,254,448,164,178,211,132,351,323,470,498,106,308,428,500,468,476,255,265,144,437,143,479,481,523,224,269,504,229,419,279,319,12,472,218,147,444,91,362,153,118,40,29,11,130,461,8,43,195,327,65,393,533,387,137,145,333,283,379,331,235,180,100,492,503,441,272,426,433,326,208,278,493,57,377,202,260,216,365,290,199,148,405,101,187,420,39,48,209,116,512,170,68,70,204,212,188,277,90,94,412,506,353,425,17,79,168,262,313,421,25,163,60,489,174,73,246,136,422,103,415,51,141,20,452,142,93,42,311,317,431,407,497,344,496,381,482,394,443,355,451,352,535,449,63,27,343,49,400,36,52,62,67,522,459,275,524,82,133,495,442,363,192,453,154,50,30,146,445,228,225,167,71,531,440,14,78,129,256,251,110,21,378,227,59,388,115,69,190,341,334,271,414,301,289,499,285,389,38,19,75,513,220,55,475,160,416,509,369,456,226,175,457,109,487,134,376,515,177,530,123,346,119,404,237,176,438,56,107,501,85,409,186,310,46,41,169,135,477,179,267,291,64,219,462,305,307,450,295,206,217,250,507,485,201,318,247,138,5,161,191,45,338,97,474,54,458,231,348,114,532,156,53,298,368,469,120,329,339,96,325,502,200,213,243,205,392,124,436,294,417,66,223,88,248,7,424",5000,100
28,1,106845.16812044595,25.938321171145883,"24,253,439,81,31,354,463,297,436,95,157,173,26,193,151,123,530,177,515,487,109,175,376,134,392,55,475,160,416,509,369,456,226,483,219,252,332,76,430,18,494,358,335,133,7,363,192,453,495,442,154,50,30,423,454,434,312,234,110,129,256,251,78,440,14,531,225,228,167,71,462,450,307,305,295,206,217,250,485,507,201,318,247,138,484,510,464,516,359,330,131,105,348,108,58,99,84,418,352,10,306,342,114,372,280,241,97,474,54,458,231,112,39,48,209,116,512,302,336,427,347,308,428,470,323,498,106,371,254,211,178,448,164,447,244,5,132,351,264,505,380,399,322,488,528,375,532,344,496,381,47,486,521,482,161,422,136,246,73,497,431,317,407,174,60,489,229,51,224,269,504,86,127,383,276,28,170,68,70,204,212,319,12,45,472,419,279,262,313,168,163,421,25,338,142,191,93,42,452,311,281,126,410,390,382,356,197,288,91,444,147,218,432,473,141,103,415,20,215,23,536,511,315,374,150,519,527,4,406,373,239,337,360,221,111,104,266,267,291,135,296,261,391,130,11,331,379,283,461,8,43,195,327,65,393,265,481,523,144,41,255,169,272,426,433,425,79,17,326,208,437,143,479,233,232,46,137,333,145,438,56,107,29,501,362,153,40,118,408,172,263,34,533,387,492,100,180,477,179,64,235,503,441,298,53,368,148,216,260,202,506,353,500,468,476,412,94,90,424,203,128,57,377,493,278,365,290,405,199,420,187,101,469,120,361,303,270,304,61,397,198,320,189,125,182,32,455,268,514,92,357,411,518,240,15,249,526,466,435,370,35,364,309,183,324,316,386,2,460,230,22,396,384,242,83,117,44,429,80,16,403,534,89,299,286,158,245,314,491,273,166,88,223,274,349,194,162,258,238,149,171,66,417,294,350,520,259,74,478,401,329,339,400,49,96,325,289,499,414,301,271,334,69,190,341,227,378,21,59,388,115,248,285,389,38,205,513,75,19,220,124,321,165,502,200,480,140,122,214,402,181,6,282,210,222,395,33,87,102,508,367,37,300,457,293,328,77,292,385,63,343,27,184,98,517,340,139,159,366,529,113,72,213,243,525,346,119,404,237,176,451,535,449,471,413,355,443,394,156,345,490,185,398,236,207,152,9,196,186,310,409,85,3,284,121,277,188,257,445,146,524,82,275,62,67,522,459,36,52,465,287,467,155,13,446",5000,100
28,2,107755.71170150323,22.610649173214288,"501,362,153,40,118,408,374,150,519,527,4,406,373,239,337,360,221,111,104,266,267,179,64,235,492,100,180,477,331,34,263,172,511,315,536,23,215,503,441,272,426,433,326,208,437,143,479,233,232,46,533,387,137,333,43,195,327,65,393,265,481,523,144,41,255,169,8,461,130,11,296,261,391,291,135,427,347,413,420,187,101,469,120,365,290,405,199,216,148,368,53,298,278,425,79,17,57,493,412,94,90,424,262,313,168,163,421,25,338,132,351,178,448,164,211,254,371,5,372,280,241,342,10,306,114,348,108,58,99,84,418,352,54,458,231,112,39,48,209,116,512,302,336,428,308,106,498,323,470,399,380,505,264,257,322,488,528,375,532,516,359,490,345,330,131,105,73,497,246,136,422,415,103,269,504,489,174,60,229,472,12,319,212,204,68,70,170,28,3,284,121,86,127,383,276,128,203,377,506,353,202,260,468,500,476,277,188,42,142,191,93,126,410,152,185,398,236,207,9,196,186,310,145,438,56,107,29,85,444,147,218,432,473,141,51,224,197,288,382,281,356,390,20,452,311,156,394,443,355,451,535,449,471,447,244,97,474,317,407,431,486,47,521,482,161,381,496,344,510,464,318,201,484,138,247,507,485,250,217,206,295,305,307,450,71,462,483,219,252,332,76,430,18,494,358,335,133,7,363,192,453,495,442,154,50,30,423,454,434,312,234,110,129,256,251,78,440,14,531,225,228,167,445,146,248,285,389,38,205,513,75,19,220,124,321,165,502,200,480,140,122,214,66,417,294,350,520,259,223,88,166,273,491,314,24,253,439,81,31,354,446,270,304,61,397,198,357,411,518,240,268,514,92,455,32,182,460,230,15,249,526,466,435,370,35,364,309,183,324,316,386,2,22,396,384,242,83,117,44,429,80,16,189,320,125,303,361,157,173,26,193,151,123,530,177,515,487,109,175,376,134,392,55,475,160,416,509,369,456,226,414,301,271,334,69,190,341,227,378,21,59,388,115,275,524,82,49,96,325,289,499,72,213,243,525,113,401,74,478,349,194,162,258,238,149,171,529,366,402,181,6,282,210,222,395,33,87,102,508,367,37,293,300,457,287,467,155,274,27,343,63,292,385,13,77,328,517,340,139,159,184,98,465,95,436,297,463,403,534,89,299,286,158,245,522,459,67,62,52,36,400,339,329,119,346,237,176,404,91,45,419,279,379,283,409",5000,100
28,3,108126.15261422914,22.35562092289258,"209,116,512,302,336,427,347,308,428,470,323,498,106,371,254,211,178,448,164,447,244,97,474,54,458,231,112,39,48,471,413,420,187,101,469,120,53,368,148,216,493,57,377,203,128,170,68,70,204,188,277,90,424,262,313,168,163,421,25,338,132,351,264,380,505,257,322,488,528,375,532,516,359,490,464,510,484,138,247,318,201,156,345,330,131,105,348,114,306,342,10,352,418,58,108,99,84,355,404,119,346,151,123,530,177,515,487,109,175,376,134,55,475,160,416,509,369,456,226,483,219,252,332,76,430,18,494,358,335,133,7,363,192,453,495,442,154,50,30,423,454,434,312,234,110,129,256,251,78,440,14,531,225,228,167,71,462,450,307,305,295,206,217,250,485,507,394,443,399,280,241,372,5,290,365,405,199,260,202,506,353,500,468,476,412,94,269,224,51,141,473,432,218,147,444,91,197,288,390,382,356,281,126,410,152,185,398,236,207,9,196,519,527,4,406,215,23,536,511,315,374,408,118,153,362,501,29,107,56,438,379,283,461,8,43,195,327,65,393,265,481,523,144,41,255,169,492,100,180,477,179,267,291,135,296,261,391,266,104,111,221,360,337,239,373,64,235,503,441,272,426,433,425,79,17,326,208,437,143,479,233,232,46,85,409,186,310,145,333,137,533,387,127,86,121,3,284,28,319,212,12,45,472,419,279,229,504,489,60,174,431,317,407,497,246,73,344,496,381,47,486,521,482,161,422,136,415,103,20,452,311,191,93,42,142,331,34,263,172,40,150,298,278,230,22,249,526,466,435,370,35,364,309,183,324,316,386,2,460,182,32,455,268,514,92,357,411,518,240,299,403,534,89,286,158,245,314,24,253,439,81,31,354,463,297,436,95,465,287,467,155,274,349,194,162,258,238,149,171,529,366,402,181,6,282,210,395,33,87,102,508,367,37,293,300,457,193,26,173,157,237,176,451,535,449,329,339,400,36,52,62,67,522,459,275,524,82,49,96,325,289,499,414,301,271,69,190,341,227,378,21,59,388,115,248,285,389,38,205,513,75,19,220,124,321,165,502,200,480,184,98,517,340,139,159,77,328,13,292,385,63,343,27,140,122,214,66,417,294,350,520,259,223,88,166,273,491,320,189,125,396,384,242,83,117,44,429,80,16,15,446,270,304,61,397,198,303,361,392,525,72,213,243,74,478,401,113,445,146,334,222,276,383,130,11",5000,100
28,4,108281.36556721418,19.992988323424584,"159,77,328,13,292,385,63,343,27,6,282,210,222,395,33,87,102,508,367,37,293,300,457,193,26,173,151,123,530,177,515,487,109,175,376,134,55,475,160,416,509,369,456,226,483,219,252,332,76,430,18,494,358,335,133,7,363,192,453,495,442,154,50,30,423,454,434,312,234,110,129,256,251,78,440,14,531,450,307,305,295,206,217,250,485,507,201,318,247,138,484,510,464,490,345,330,131,105,306,342,10,114,348,108,58,99,84,418,352,54,458,231,112,39,48,209,116,512,302,336,427,347,308,106,498,323,470,428,338,132,351,178,448,164,447,244,97,474,241,280,372,5,371,254,211,264,380,505,257,322,488,528,375,532,516,359,497,431,317,407,399,191,93,42,142,331,11,130,461,8,43,195,327,65,393,265,481,523,144,41,255,169,272,426,433,326,208,437,143,479,233,232,46,533,387,137,333,145,438,56,107,29,501,362,153,40,118,408,374,150,519,527,4,406,373,239,337,360,221,111,104,266,267,291,135,64,477,180,100,492,503,441,298,53,368,148,216,260,202,506,353,412,94,90,424,262,313,168,163,421,25,60,174,269,504,489,28,170,68,70,204,212,319,12,45,472,419,279,229,51,224,141,473,432,218,147,444,91,197,288,356,390,382,281,126,410,152,185,398,236,311,452,20,415,103,136,246,73,344,496,381,47,486,521,482,161,422,476,468,500,188,277,276,383,284,121,3,86,127,85,409,186,310,379,283,511,315,536,23,215,172,263,34,296,261,391,384,242,83,117,44,429,80,16,189,320,125,182,32,455,268,514,92,245,158,286,534,89,299,403,81,31,354,446,270,304,61,397,357,411,518,240,15,249,526,466,435,370,35,309,183,324,316,386,2,460,230,22,396,499,414,301,271,69,190,341,227,378,21,59,388,115,248,285,389,38,205,513,75,19,220,124,321,165,502,200,525,72,213,243,74,478,350,520,259,223,274,349,194,162,258,238,149,171,66,417,294,113,401,329,339,400,36,52,62,67,522,459,275,524,82,49,96,325,289,140,122,214,402,181,366,529,184,98,517,340,139,392,157,465,287,467,155,166,273,491,314,24,253,439,303,361,176,451,535,449,471,413,420,187,101,469,120,365,290,405,199,493,278,425,79,17,57,377,203,128,179,196,9,207,235,156,394,443,355,404,119,346,237,95,436,297,463,445,146,71,462,225,228,167,334,198,364,88,480",5000,100
28,5,108159.29090698293,21.87371713115507,"137,533,387,195,327,65,393,265,481,523,144,41,255,169,492,100,180,477,179,267,291,135,296,261,391,266,104,111,221,360,337,239,373,406,215,23,536,527,519,150,374,408,118,40,153,362,501,29,107,56,438,379,283,461,8,43,333,145,310,186,409,85,444,91,197,288,356,390,382,281,126,410,152,185,398,236,207,9,196,4,142,191,93,42,452,20,415,103,269,504,489,60,174,431,317,407,497,246,73,344,496,381,47,486,521,482,161,422,136,421,25,163,313,168,262,279,419,45,472,12,319,212,204,188,277,128,203,377,57,493,278,425,79,17,326,208,437,143,479,233,232,46,441,503,272,426,433,298,53,365,290,405,199,216,260,202,506,353,500,468,476,412,94,90,424,86,127,383,276,28,3,284,121,147,218,432,473,141,51,224,229,428,308,106,498,323,470,338,132,351,178,448,164,447,244,97,474,54,458,231,112,39,48,209,116,512,302,336,427,347,413,420,187,101,469,120,361,303,270,304,61,397,198,320,189,125,182,32,455,268,514,92,357,411,518,240,15,249,22,396,384,242,83,117,44,429,80,16,403,534,89,299,286,158,245,24,253,439,81,31,354,463,297,436,95,157,173,26,193,151,123,530,177,515,487,109,175,300,457,287,467,155,274,349,194,162,258,238,149,171,66,417,294,350,520,259,223,88,166,273,491,314,35,364,309,183,324,316,386,2,460,230,526,466,435,370,256,251,78,440,14,531,225,228,167,71,462,483,219,252,332,76,430,18,494,358,335,133,7,363,192,453,495,442,154,50,30,423,454,434,312,234,110,129,275,524,82,49,96,325,289,499,414,301,271,334,69,190,341,227,378,21,59,388,115,248,285,389,38,205,513,220,124,321,165,502,200,98,184,480,140,122,214,402,181,6,282,210,222,395,33,87,102,508,367,37,293,328,77,159,376,134,55,475,160,416,509,369,456,226,450,307,305,295,206,217,250,485,507,201,156,345,330,131,105,306,342,10,114,348,108,58,99,84,418,352,535,449,471,528,375,532,516,359,490,464,510,484,138,247,318,311,241,280,372,5,371,254,211,264,380,505,257,322,488,399,237,176,451,355,443,394,213,243,525,72,113,401,74,478,392,340,139,517,13,292,385,63,343,27,366,529,346,119,404,368,148,64,11,130,331,34,263,172,511,315,70,170,68,235,445,146,400,36,52,62,67,522,459,339,329,19,75,465,446",5000,100
29,0,110375.13988317155,19.851411757173203,"395,33,508,102,87,27,343,63,385,292,13,77,328,159,340,139,517,98,184,480,140,214,122,200,502,165,321,525,205,38,389,285,248,115,388,21,59,378,227,69,271,334,190,341,192,363,453,495,442,154,50,30,146,225,228,167,71,462,483,219,252,430,76,332,312,434,454,423,234,110,129,275,524,82,52,62,67,522,459,36,49,96,325,289,499,301,414,347,427,302,336,512,428,308,106,498,470,323,164,448,178,254,371,5,372,280,241,342,306,114,348,108,58,99,84,418,352,10,105,516,359,330,345,490,464,510,484,138,247,318,201,156,394,443,355,451,535,449,471,413,187,420,101,469,120,53,298,433,426,272,441,503,100,180,477,179,267,291,135,261,296,34,263,172,511,315,374,408,150,536,23,215,4,406,373,239,337,360,221,111,104,266,391,64,235,492,169,265,481,523,479,143,437,144,41,255,326,208,17,79,425,278,493,57,377,203,128,170,68,70,204,212,319,12,45,472,419,279,229,504,269,224,51,141,473,432,218,147,444,85,29,501,362,153,40,118,288,197,91,107,56,438,379,331,283,145,186,310,409,46,232,233,121,284,3,86,127,383,276,28,277,188,468,500,476,412,94,424,90,506,353,202,260,216,148,368,365,290,405,199,119,404,237,176,157,465,287,467,155,274,349,194,162,258,238,149,66,417,294,350,520,259,223,88,166,273,491,314,24,253,439,81,31,403,354,463,297,436,95,286,245,158,309,364,35,370,435,526,466,22,249,15,182,32,455,268,514,240,518,411,357,92,324,183,16,320,189,125,396,384,242,83,117,44,429,80,198,397,61,304,270,446,299,89,534,230,460,2,316,386,112,39,48,209,116,489,60,163,421,25,313,168,262,338,132,351,211,505,264,380,399,407,431,317,497,73,246,136,422,415,103,20,452,311,410,126,281,356,382,390,527,519,196,9,207,185,152,398,236,142,191,93,42,482,161,381,496,344,532,528,375,488,322,257,458,231,97,474,54,244,447,8,327,195,43,333,137,387,533,393,65,461,130,11,131,295,206,217,250,485,507,521,47,486,174,494,358,133,7,18,335,513,75,19,416,160,475,509,369,456,226,305,307,450,329,339,400,401,113,72,213,243,402,181,282,210,222,124,220,55,392,376,134,487,109,530,123,457,193,151,346,173,26,515,177,175,293,37,300,367,366,529,6,171,74,478,361,303,78,440,14,531,251,256,445",5000,100
29,1,107469.36554845114,23.648668062573563,"111,221,360,337,239,373,406,215,4,196,9,207,185,152,398,236,142,191,93,42,311,410,126,281,356,382,390,288,197,91,444,85,29,501,362,153,40,118,408,150,374,315,511,172,263,34,296,135,291,267,179,477,180,100,492,235,65,393,265,481,523,479,143,437,144,41,255,326,208,17,79,425,278,493,57,377,203,128,170,70,68,204,212,319,12,45,472,419,279,229,504,269,224,51,141,473,432,218,147,127,383,276,28,3,121,284,86,232,233,46,533,387,137,333,8,461,130,11,331,283,145,186,310,107,56,438,379,327,195,43,169,503,441,272,426,433,298,53,368,365,290,405,199,260,216,148,202,353,506,412,476,468,500,188,277,94,90,424,262,313,168,163,421,25,60,489,174,431,317,497,73,246,136,422,415,103,20,452,161,482,521,47,486,381,496,344,532,528,375,516,359,490,345,464,510,484,138,247,318,201,156,394,443,105,131,330,132,351,211,254,371,5,372,280,241,342,306,114,348,108,58,99,84,418,352,10,257,322,488,106,308,428,512,302,336,427,347,116,209,48,39,112,471,413,449,535,451,355,264,399,407,338,470,323,498,244,447,448,164,178,474,54,458,231,97,237,176,469,101,187,420,120,361,303,270,304,61,397,198,268,514,240,518,411,357,92,324,183,309,364,35,370,435,526,466,15,182,32,455,460,230,22,249,386,2,316,189,320,125,396,384,242,83,117,44,429,80,16,81,31,467,287,155,274,349,194,162,258,238,171,149,259,520,350,294,417,66,214,122,243,213,72,113,401,74,478,223,88,339,400,36,52,62,67,522,459,256,251,78,440,14,531,307,450,305,295,206,217,250,485,507,151,346,119,404,109,487,134,55,392,376,175,293,37,300,457,193,26,173,123,530,177,515,509,160,416,475,220,513,75,19,205,38,389,285,248,115,388,21,59,363,192,453,495,442,154,50,30,454,423,234,312,434,129,275,524,82,341,190,69,271,301,414,499,289,325,334,227,378,110,7,133,494,358,335,18,76,430,252,483,219,462,146,445,225,228,167,71,332,96,329,49,525,321,124,98,184,480,140,529,366,402,181,6,282,210,222,395,33,508,102,87,27,343,63,385,292,13,77,328,159,340,139,517,502,165,200,367,369,456,226,273,166,253,24,439,491,314,245,158,286,534,89,299,403,354,463,297,436,95,465,157,446,527,519,536,23,409,104,266,391,261,64,505,380",5000,100
29,2,107704.5644068205,20.769998422414968,"84,418,352,10,306,114,348,108,58,99,443,394,485,507,156,201,318,247,482,521,47,486,381,496,344,73,246,497,317,431,407,174,489,60,163,421,25,313,168,262,279,419,229,504,269,224,51,141,473,432,218,147,444,85,29,501,362,153,40,118,288,197,91,107,56,438,379,331,11,130,461,8,327,195,43,533,387,137,333,283,145,186,310,409,46,232,233,479,143,437,144,41,255,326,208,17,79,425,278,493,57,377,203,128,170,70,68,204,212,319,12,45,472,276,383,121,284,3,86,127,28,277,188,468,500,476,412,94,424,90,506,353,202,260,216,148,368,365,290,405,199,347,116,209,48,39,112,241,280,372,5,371,254,211,178,448,447,244,97,474,54,458,231,535,449,451,355,176,469,187,101,420,413,471,2,460,230,22,249,526,466,15,182,32,455,268,514,240,518,411,357,92,304,61,397,198,44,80,429,16,320,189,125,396,384,242,83,117,324,316,386,183,309,364,35,370,435,314,253,24,439,286,245,158,491,166,273,88,223,274,349,194,162,258,238,402,366,529,6,181,282,210,395,33,508,102,87,27,343,63,13,292,385,328,77,159,340,139,517,98,184,480,140,214,122,243,213,72,113,401,74,478,350,520,259,149,171,66,417,294,155,287,467,436,95,354,463,297,446,270,361,303,120,53,298,433,426,272,441,503,100,180,477,179,267,64,135,291,391,261,296,34,263,172,511,315,374,408,150,185,152,398,236,207,519,527,536,23,215,4,406,373,239,337,360,221,111,104,266,93,42,142,191,311,410,126,281,356,390,382,452,20,103,415,422,161,136,464,510,484,138,490,345,359,516,375,532,528,488,322,257,380,505,264,399,132,351,470,323,498,106,308,428,512,302,336,427,164,105,131,330,342,338,196,9,523,481,265,169,65,393,492,235,38,389,285,248,115,388,21,378,227,69,271,301,414,499,289,325,334,190,341,192,363,7,133,335,358,494,50,154,442,495,453,110,234,312,434,454,423,30,146,445,78,440,14,531,305,295,206,217,250,81,31,403,534,89,299,465,157,26,173,151,346,119,404,237,109,530,177,515,487,134,55,392,376,175,293,37,300,457,193,367,525,165,321,124,220,513,75,19,205,475,160,416,509,369,456,226,252,332,483,219,462,71,167,228,225,251,256,129,67,522,459,52,62,524,82,275,36,49,96,329,339,400,307,450,76,430,18,59,502,200,123,222",5000,100
30,0,114663.81857907592,19.536168759326877,"456,226,369,509,55,487,109,159,293,300,37,367,508,87,102,33,395,222,210,282,181,6,366,529,402,140,122,214,223,88,31,81,365,290,148,216,368,53,426,433,272,56,107,118,362,153,40,233,232,46,70,68,170,204,212,319,12,45,472,144,265,481,523,333,331,34,263,461,283,379,130,11,296,261,391,266,104,111,221,360,337,135,291,267,179,477,180,100,492,235,64,327,65,393,195,43,387,137,533,51,141,473,432,147,218,444,91,197,288,284,3,121,86,127,28,383,276,262,313,168,163,421,25,60,489,174,504,269,224,229,279,419,298,500,468,476,412,94,90,424,277,188,128,437,143,479,418,84,99,58,108,191,142,93,42,505,264,132,351,178,254,371,5,372,447,244,448,164,498,106,308,428,512,302,336,427,471,413,112,39,48,209,116,105,131,330,359,516,490,345,398,185,152,207,9,196,4,215,23,536,527,519,406,373,239,374,315,511,172,409,186,310,438,145,85,501,29,408,150,126,281,390,356,382,311,410,236,452,20,103,415,422,136,246,73,344,496,381,47,486,521,161,482,138,247,318,201,156,322,257,488,528,532,375,54,474,97,101,187,420,347,470,323,211,399,380,280,241,342,10,306,114,348,352,407,317,431,497,338,326,208,17,79,425,278,493,57,377,203,353,506,260,202,405,199,24,253,439,491,314,273,166,89,299,534,286,158,245,364,309,183,324,316,386,2,460,230,22,249,526,466,435,370,35,396,16,117,44,429,83,242,384,125,189,320,32,455,268,514,92,361,303,397,304,61,357,411,518,240,7,133,335,494,358,453,454,423,154,442,495,363,192,341,190,69,334,271,301,414,325,289,113,72,213,243,525,165,502,200,13,292,385,63,343,27,77,328,517,340,139,184,98,480,520,259,149,171,238,258,162,194,155,274,349,205,513,75,19,124,392,475,160,416,483,219,450,307,305,462,445,30,531,167,228,225,71,478,74,417,294,350,510,464,484,270,129,522,459,256,251,14,440,78,434,312,234,110,18,430,115,388,21,378,227,339,329,96,49,400,36,82,275,524,62,67,52,50,252,332,76,59,499,401,285,389,38,248,220,123,530,177,134,515,175,173,193,26,151,457,321,217,535,449,231,458,451,355,176,237,157,287,467,465,95,436,297,463,354,446,403,198,182,15,80,443,394,485,507,250,206,295,146,66,119,404,346,376,8,169,255,41,441,503,120,469",5000,100
30,1,111198.39561541112,19.549066073244077,"463,297,436,95,465,287,467,155,274,349,194,149,162,258,238,171,366,529,402,181,282,210,395,33,87,102,508,367,37,300,457,175,376,109,530,177,515,487,134,392,55,475,160,416,220,513,75,19,205,38,285,389,248,252,483,219,332,76,494,335,133,7,363,192,341,190,69,334,271,301,414,499,289,325,96,49,36,52,62,67,522,459,129,275,524,82,256,251,78,440,14,531,307,450,462,71,167,228,225,445,146,30,358,50,154,442,495,453,110,234,312,434,454,423,59,378,227,21,388,115,18,430,305,295,206,226,456,369,509,213,243,72,113,401,74,478,294,417,350,520,259,223,88,31,81,439,253,24,491,314,273,166,245,158,286,534,89,299,92,357,411,518,240,466,435,370,35,309,364,183,316,324,32,455,268,514,386,2,460,230,22,249,526,15,396,16,117,44,80,429,83,242,384,125,189,320,198,397,61,304,270,446,354,403,361,303,103,415,422,136,246,73,497,317,431,407,313,168,163,421,25,60,489,174,262,279,419,229,504,269,224,51,141,473,432,218,147,197,288,281,126,410,152,185,398,236,142,93,42,191,452,311,356,382,390,20,161,381,496,344,464,510,484,138,247,318,201,156,490,345,359,516,375,532,528,488,322,257,505,380,264,399,211,178,448,164,447,244,97,458,231,112,39,48,209,116,512,302,336,427,347,308,428,498,106,323,470,351,132,338,424,90,94,412,476,468,500,203,128,70,68,170,28,3,284,121,86,127,472,45,12,319,212,204,188,277,276,383,232,233,46,479,523,481,265,169,255,41,144,437,143,208,17,326,433,426,272,441,503,492,100,180,477,179,267,291,135,64,235,65,195,327,43,387,533,137,333,283,145,310,186,409,85,444,91,362,153,40,118,408,374,150,207,9,196,4,215,23,536,511,315,172,263,34,296,261,391,266,104,221,360,337,239,373,406,111,260,216,148,368,53,298,278,425,79,493,57,377,353,506,202,405,199,365,290,120,176,119,404,237,157,173,26,193,151,346,293,159,77,328,292,13,385,63,343,27,6,480,184,98,517,139,340,124,321,165,502,200,525,122,214,66,140,222,474,54,535,449,352,10,114,348,108,58,99,84,355,443,394,485,507,482,521,47,486,107,56,438,379,331,11,130,461,8,29,501,519,527,5,372,280,241,342,306,105,131,330,418,451,187,101,420,469,413,471,254,371,393,339,400,329,123,182,250,217",5000,100
30,2,108671.76877523575,20.45022938957331,"530,177,515,487,134,55,392,340,139,517,98,184,480,140,122,214,529,402,366,238,258,222,395,33,87,102,508,367,37,300,293,159,77,328,292,13,385,63,343,27,6,181,282,210,162,194,155,274,349,223,259,520,350,294,417,478,74,401,113,72,213,243,525,165,502,200,321,124,220,513,75,19,38,285,389,248,115,388,21,59,18,430,76,332,483,219,252,462,71,167,228,225,445,146,30,423,454,434,312,234,110,453,495,442,154,50,494,358,335,133,7,363,192,341,190,69,334,271,301,414,499,289,329,96,325,339,36,52,62,67,522,459,256,129,275,524,82,49,400,78,440,14,531,307,450,305,295,206,217,250,507,485,394,443,99,84,418,352,10,306,342,280,241,372,5,371,254,178,448,164,447,244,97,474,54,458,231,112,39,48,209,116,308,428,512,302,336,427,347,12,45,472,419,279,277,204,319,212,28,3,284,121,86,127,383,276,232,233,46,533,387,43,195,327,65,393,265,169,255,41,144,437,143,479,523,481,235,100,180,477,179,267,291,135,64,11,130,461,8,283,333,145,310,186,409,85,444,91,197,288,118,40,153,362,501,29,107,56,438,379,331,34,296,261,391,266,104,111,221,360,337,239,373,406,215,23,536,527,519,9,196,4,172,511,315,374,150,207,152,185,398,236,311,356,390,382,281,126,410,408,137,489,60,163,421,25,497,317,431,407,399,380,264,505,257,322,488,528,375,532,344,496,381,47,486,521,482,161,422,136,246,73,338,323,470,498,106,262,313,168,90,424,94,412,476,468,500,203,377,57,493,278,425,79,17,326,208,433,426,272,441,503,492,147,218,473,432,141,51,224,269,504,229,20,452,142,93,42,191,318,201,156,330,131,105,348,108,58,355,346,119,404,237,157,173,26,193,151,123,175,376,109,354,463,297,95,436,465,287,467,31,81,439,253,24,491,314,273,166,245,158,286,534,89,299,403,446,270,304,61,397,198,518,240,268,514,324,183,309,364,35,370,435,466,316,386,2,460,182,32,455,125,189,320,16,117,44,80,429,83,242,384,396,15,230,22,249,526,411,357,92,361,303,88,171,66,149,120,176,451,535,449,471,413,420,187,101,469,211,351,132,290,365,405,199,148,368,53,298,216,260,202,353,506,188,128,70,68,170,415,103,174,359,516,490,345,464,510,484,138,247,114,263,369,456,226,160,416,509,475,205,251,227,378,457",5000,100
30,3,109133.9905704982,20.03477974499351,"231,458,474,54,97,244,447,164,448,178,211,254,371,5,372,280,241,342,306,114,348,108,58,99,84,418,352,10,532,528,375,322,488,257,505,380,264,399,132,351,470,323,498,106,308,428,512,302,336,427,347,39,48,209,116,112,471,413,420,187,101,469,120,53,298,433,426,272,441,503,492,235,100,180,477,179,267,291,135,64,461,8,43,195,327,65,393,265,169,255,41,144,437,143,479,232,233,46,533,387,137,333,145,310,186,409,85,444,91,197,288,281,126,410,152,185,398,236,207,9,196,4,215,406,373,239,337,360,221,111,104,266,261,391,296,34,263,172,511,315,374,150,408,118,40,153,362,501,29,107,56,438,379,331,11,130,283,481,523,208,326,17,79,425,278,493,57,377,203,128,70,68,170,28,3,284,121,86,127,383,276,204,212,319,12,45,472,419,279,262,313,168,163,421,25,60,489,174,504,269,224,229,20,452,311,356,382,390,422,415,103,141,51,432,473,147,218,476,468,500,188,277,424,90,94,412,353,506,202,260,216,148,368,290,365,405,199,535,449,451,355,404,119,346,151,123,530,177,515,487,134,55,392,340,139,517,98,184,480,222,210,395,33,87,102,508,367,37,300,457,193,26,173,157,463,297,436,95,465,287,467,155,274,349,194,162,258,238,149,171,366,529,402,181,6,282,343,27,63,13,385,292,77,328,293,376,159,160,416,509,369,456,226,248,285,389,38,205,513,75,19,220,124,321,165,502,200,122,214,66,294,417,350,478,74,401,113,72,213,243,525,499,289,325,334,271,69,190,341,192,453,495,442,154,50,358,494,335,133,7,363,59,21,388,115,18,430,76,332,483,219,252,462,71,167,228,225,445,146,30,423,454,434,312,234,110,275,524,82,52,62,67,522,459,256,129,78,440,14,531,307,450,305,295,206,217,250,507,485,394,443,156,201,318,247,482,161,496,381,47,486,521,484,138,344,73,246,136,317,431,407,497,93,42,142,191,527,519,536,23,131,105,359,516,490,345,330,464,510,338,439,253,24,491,314,166,273,88,223,259,520,400,36,49,96,329,339,227,378,301,414,475,176,361,303,270,304,61,31,81,403,534,89,299,92,357,411,518,240,268,514,324,183,309,364,35,370,435,466,526,15,460,182,32,455,2,386,316,22,249,230,320,16,117,44,80,429,83,242,384,396,125,189,198,397,158,286,245,446,354,109,175,140,251,237",5000,100
30,4,108054.8011644343,20.97563598775445,"407,431,317,497,246,73,344,496,381,47,486,521,482,161,422,136,103,415,20,452,311,281,382,390,356,126,410,152,185,398,236,191,93,42,142,288,118,40,153,362,501,29,85,444,91,197,218,147,432,473,141,51,224,269,504,174,489,60,163,421,25,313,168,262,424,90,94,412,476,468,500,203,128,70,68,170,28,3,284,121,86,127,383,276,45,472,419,279,229,338,323,470,498,106,308,428,512,302,336,427,347,39,48,209,116,112,471,413,420,187,101,469,120,176,119,404,237,157,173,26,193,151,123,530,177,515,487,134,55,475,160,416,509,369,456,226,248,285,389,38,205,75,19,513,220,124,321,165,502,200,480,140,214,122,213,243,72,113,401,74,478,350,520,259,149,171,366,529,402,181,282,210,395,33,87,102,508,367,37,300,293,159,340,139,517,98,184,63,343,27,6,222,258,238,162,194,155,274,349,223,88,31,81,439,253,24,491,314,273,166,245,158,286,534,89,299,403,446,270,304,61,397,198,303,361,463,297,436,95,465,287,467,354,92,357,411,518,240,268,514,324,183,309,364,35,370,435,526,466,249,22,230,460,182,32,455,125,189,320,16,117,44,80,429,83,242,384,396,15,316,386,2,457,175,376,392,77,328,292,13,385,50,154,442,495,453,110,234,312,434,454,423,30,358,494,335,133,7,363,192,341,190,69,271,301,414,499,289,329,339,400,36,52,62,67,522,459,256,129,275,524,82,49,96,325,334,227,378,21,388,59,18,430,76,252,483,219,462,307,450,305,295,206,217,250,507,485,394,443,99,84,418,352,10,306,342,280,241,372,447,244,97,474,54,458,231,535,449,451,355,178,164,448,254,371,5,359,516,490,345,330,131,105,532,528,488,322,257,505,380,264,399,132,351,211,408,150,207,9,196,4,519,527,536,23,215,406,373,239,337,360,221,111,104,266,261,391,296,34,263,172,511,315,374,283,379,438,56,107,310,186,409,333,137,145,64,180,477,179,267,291,135,130,11,331,65,393,265,169,255,41,144,481,523,479,233,232,46,533,387,43,195,327,235,492,100,503,441,272,426,433,17,326,208,57,493,278,425,79,53,298,365,290,405,199,148,368,216,260,202,353,506,377,143,437,108,58,348,114,318,201,156,464,510,484,138,247,375,212,319,12,204,188,277,8,461,66,417,294,525,346,109,115,332,146,225,445,78,440,14,531,71,167,228,251",5000,100
30,5,109526.68597093906,19.731591208262383,"505,380,264,399,211,178,448,164,447,244,97,474,54,458,231,112,39,48,209,116,512,302,336,427,347,413,420,187,101,469,120,176,119,404,237,157,173,26,193,151,123,530,177,515,487,109,175,376,159,340,139,517,98,184,480,140,122,214,66,171,366,402,181,282,210,395,33,87,102,508,367,37,300,293,385,63,343,27,6,222,258,238,149,162,194,349,274,155,467,287,465,436,95,354,463,297,446,270,304,61,397,198,189,320,16,117,44,80,429,83,242,384,396,15,460,182,32,455,125,22,249,526,466,435,370,35,309,364,245,158,286,534,403,89,299,92,357,411,518,240,268,514,324,183,316,386,2,230,84,418,352,10,114,306,342,280,241,372,5,371,254,351,132,338,407,431,317,497,246,73,344,496,381,47,486,521,482,161,422,136,103,415,20,452,311,356,382,390,281,126,410,152,185,398,236,191,93,42,142,288,118,40,153,362,501,29,85,444,91,197,147,218,473,432,141,51,224,269,504,174,489,60,163,421,25,313,168,262,424,90,94,412,476,468,500,203,128,70,68,170,28,3,284,121,86,127,383,276,45,419,279,472,12,319,212,204,188,277,229,233,232,46,533,387,43,195,327,65,393,265,481,523,479,143,437,144,41,255,169,137,333,145,310,186,409,438,56,107,263,34,296,11,130,461,8,283,379,331,172,511,315,374,150,207,9,196,4,215,406,373,239,337,360,221,111,104,266,291,135,64,180,477,179,267,261,391,23,536,527,519,408,201,156,330,131,105,348,108,58,99,443,394,485,507,250,217,206,295,450,307,305,531,14,440,78,251,256,129,275,524,82,52,62,67,522,459,36,49,96,325,334,271,301,414,499,289,329,339,400,378,21,388,115,18,430,76,332,483,219,252,248,389,38,205,75,19,220,513,328,292,13,77,529,165,502,200,321,124,392,55,134,475,160,416,509,369,456,226,462,71,167,228,225,445,146,30,50,358,494,335,133,7,363,192,341,190,69,227,259,520,350,294,417,478,74,401,113,72,213,243,525,346,355,451,535,449,471,426,433,17,326,208,57,493,278,425,79,53,298,368,216,260,202,353,506,377,516,359,375,532,528,488,322,257,345,490,464,510,484,138,247,318,361,303,88,31,81,439,253,24,491,314,273,166,223,457,308,428,498,106,323,470,441,503,492,235,100,272,405,199,148,290,365,110,453,495,442,154,312,234,423,454,434,59,285",5000,100
30,6,107872.36124857803,22.309990847375474,"425,79,17,326,208,437,143,479,232,233,46,533,387,43,195,327,65,393,265,169,255,41,144,481,523,216,148,368,53,298,433,426,272,441,503,492,100,180,477,179,267,291,135,64,235,11,130,461,8,283,379,438,56,107,310,186,409,85,444,91,197,218,147,432,473,141,51,224,269,504,174,489,60,279,229,383,276,28,3,284,121,86,127,472,419,45,12,319,212,204,188,277,476,468,500,203,128,70,68,170,415,103,422,136,246,73,497,317,431,407,399,380,264,505,257,322,488,528,375,532,344,496,381,47,486,521,482,161,191,93,42,142,452,311,281,126,410,152,185,398,236,207,9,196,4,215,406,373,239,337,360,221,111,104,266,261,391,296,34,263,172,511,315,374,150,408,118,40,153,362,501,29,331,145,333,137,365,290,405,199,260,202,353,506,377,57,493,278,447,244,97,474,54,458,231,112,39,48,209,116,308,428,498,106,323,470,351,132,211,254,371,5,372,280,241,342,306,114,348,108,58,99,84,418,352,10,201,156,330,131,105,359,516,490,345,464,510,484,138,247,318,507,485,394,443,355,404,237,157,173,26,193,151,123,530,177,515,487,109,175,376,159,77,328,292,13,385,63,343,27,6,181,282,210,395,33,87,102,508,367,37,300,457,439,253,24,491,314,273,166,245,158,286,534,89,299,403,446,354,463,297,436,95,465,287,467,155,274,349,194,162,258,238,149,171,366,529,402,140,122,214,66,294,417,478,74,401,113,72,213,243,525,165,502,200,321,124,220,513,75,19,205,499,289,329,339,400,36,49,96,325,334,271,301,414,227,378,21,388,115,18,430,76,332,483,219,252,248,285,389,38,160,416,509,369,456,226,462,71,167,228,225,445,146,30,423,454,434,312,234,110,453,495,442,154,50,358,494,335,133,7,363,192,341,190,69,59,62,67,522,459,256,129,275,524,82,52,440,14,251,78,531,307,450,305,295,206,217,250,176,119,346,293,340,139,517,98,184,480,222,223,88,31,81,2,460,182,32,455,125,189,320,16,117,44,80,429,83,242,384,396,15,230,22,249,526,466,435,370,35,309,364,183,324,316,386,514,240,268,92,357,411,518,304,61,397,198,303,361,270,451,535,449,471,413,420,187,101,469,120,259,520,350,475,55,392,134,168,313,262,424,90,94,412,338,25,421,163,20,382,390,356,519,527,536,23,288,302,336,427,347,178,448,164,512",5000,100
30,7,107661.71153928283,35.64653445004615,"515,487,109,530,177,134,475,160,416,509,369,456,226,248,285,389,38,205,513,75,19,220,124,321,165,502,200,122,214,66,171,238,258,222,162,194,349,274,155,223,88,31,81,439,253,24,491,314,273,166,245,158,286,534,89,299,92,357,411,518,240,268,514,324,183,309,364,35,370,435,249,526,466,15,230,22,2,460,182,32,455,125,189,320,16,117,44,80,429,83,242,384,396,198,397,61,304,270,446,354,463,297,436,95,465,287,467,385,63,343,27,6,181,282,210,395,33,87,102,508,367,37,300,293,159,77,328,292,13,139,517,98,184,480,140,243,525,213,72,113,401,329,339,400,36,52,62,67,522,459,256,129,275,524,82,49,96,325,334,271,301,414,499,289,69,190,341,192,453,495,442,154,50,494,358,335,133,7,363,59,21,388,115,18,430,76,332,483,219,252,462,71,167,228,225,445,146,30,423,454,434,312,234,110,227,378,251,78,440,14,531,307,450,305,295,206,217,250,507,485,394,443,99,84,418,352,10,114,348,108,58,471,413,420,187,101,469,120,176,119,404,237,157,173,26,193,151,123,175,376,457,346,355,451,535,449,231,458,474,54,97,244,447,164,448,178,211,254,371,5,372,280,241,342,306,105,359,516,490,345,330,131,247,318,201,156,464,510,484,138,344,496,381,47,486,521,482,161,422,136,246,73,497,317,431,407,399,380,264,505,257,322,488,528,375,532,20,103,415,269,504,174,489,60,163,421,25,338,323,470,498,106,308,428,512,302,336,427,347,39,48,209,116,112,168,262,424,90,94,412,476,468,500,203,128,70,68,170,28,3,284,121,86,127,383,276,45,472,12,319,212,204,188,277,506,202,260,216,148,368,53,298,433,426,272,441,503,492,100,180,477,179,267,291,135,64,461,8,43,195,327,65,393,265,481,523,479,233,232,46,533,387,137,333,145,310,186,409,85,444,91,197,473,432,218,147,501,29,107,56,438,379,331,263,34,296,261,391,266,104,111,221,360,337,239,373,406,215,23,536,527,519,9,196,4,150,207,185,152,398,236,191,93,42,142,126,410,356,382,390,281,288,118,153,362,40,235,11,130,283,172,511,315,374,408,169,255,41,144,437,143,208,326,17,79,425,278,493,57,377,353,199,405,365,290,224,51,141,311,452,229,419,279,313,351,132,294,417,478,74,259,520,350,149,529,402,366,340,392,55,403,361,303,386,316",5000,100
