run,solution_idx,f1,f2,chromosome,n_evaluations,n_generations
0,0,73949.7320484181,1.7865139885836212,"353,597,403,141,256,164,444,59,255,56,52,529,166,111,205,622,4,273,47,257,558,67,589,41,431,124,246,159,399,552,171,438,383,331,42,70,233,214,408,488,133,512,112,362,548,451,160,293,208,543,318,385,34,473,120,131,268,476,426,275,576,227,432,74,391,344,139,26,583,617,3,506,209,405,297,10,320,598,355,281,615,474,376,88,212,580,421,350,321,365,336,119,201,36,98,130,551,392,304,462,156,93,125,75,298,502,352,600,417,163,18,267,569,581,177,279,250,396,401,511,582,411,265,527,73,303,5,247,505,483,261,169,288,144,85,542,90,191,17,471,479,95,526,254,148,103,566,311,193,620,87,23,22,343,15,517,324,16,372,310,553,235,60,356,206,565,500,289,499,627,143,387,533,625,571,342,175,25,105,477,272,367,339,234,472,142,453,537,184,345,196,266,157,80,248,202,469,409,400,68,258,236,464,407,189,435,573,494,341,153,162,524,302,27,369,6,493,325,360,588,292,252,20,32,599,594,457,485,420,609,102,507,116,174,363,338,546,410,231,575,519,590,381,309,69,173,619,186,364,260,509,515,497,45,596,377,406,386,38,586,147,347,40,121,492,221,608,158,114,197,513,607,97,540,549,129,94,117,404,521,443,559,334,200,284,110,262,536,523,251,63,76,326,358,455,547,290,306,137,564,557,412,487,307,228,578,544,305,530,126,330,442,101,528,587,340,570,223,437,176,210,226,460,395,270,555,140,446,109,264,108,510,229,429,37,107,618,62,450,195,274,422,614,198,465,384,616,296,106,53,249,294,337,14,554,415,81,245,534,436,563,29,84,459,136,79,313,204,104,308,283,28,491,64,418,48,567,480,602,508,482,425,445,118,24,373,470,240,242,535,394,77,192,65,316,380,300,115,35,370,99,55,545,66,522,463,531,402,151,319,419,603,172,611,498,518,145,375,190,44,610,449,165,2,253,585,31,468,178,188,327,612,89,349,354,82,217,134,595,239,560,416,301,623,179,211,332,39,427,194,572,382,441,504,199,132,333,501,379,100,222,203,516,187,9,149,568,46,220,390,461,295,312,593,389,78,54,428,456,393,291,378,299,7,368,277,150,180,414,19,626,135,218,8,182,514,11,237,351,168,224,185,357,346,503,584,51,127,33,323,315,423,244,484,83,538,232,592,263,452,366,213,550,532,413,520,458,181,466,259,448,556,276,287,577,348,13,43,541,170,328,57,397,167,269,605,478,490,579,122,606,475,604,161,216,525,561,225,562,601,86,361,280,329,61,271,123,91,467,359,58,335,155,92,371,282,495,486,138,72,439,12,440,433,30,183,621,398,434,50,146,322,71,613,388,496,447,278,152,207,454,430,215,230,219,21,241,574,285,314,481,238,154,113,96,317,591,128,489,49,624,424,243,374,539,286",5000,100
0,1,73707.7512978103,1.9681083337111147,"60,235,553,310,372,517,324,16,356,206,565,500,289,627,499,23,87,620,193,113,148,103,566,311,254,526,95,17,471,479,63,251,76,326,358,455,547,290,306,137,564,557,412,91,371,282,495,486,561,225,562,183,86,361,280,329,61,271,138,72,439,185,357,597,403,346,141,256,164,444,59,255,56,52,43,127,33,323,315,423,244,484,83,538,232,621,592,263,452,366,213,550,532,413,520,124,246,431,41,589,558,67,273,269,111,205,529,166,167,170,541,328,57,287,397,13,577,348,440,51,584,503,433,30,601,448,556,259,466,434,490,579,478,605,12,401,511,582,411,265,527,73,303,576,227,432,74,391,344,3,139,26,506,583,617,405,209,288,144,169,261,505,483,247,5,299,291,378,428,456,393,528,587,340,570,223,437,176,210,226,460,395,555,270,7,368,385,34,473,120,131,268,476,285,426,275,219,241,21,574,85,502,298,542,90,191,417,163,18,600,352,536,523,530,305,544,578,228,307,487,335,155,92,489,128,591,317,129,94,117,404,521,443,559,334,200,284,110,262,101,442,126,330,540,549,97,513,607,392,320,598,355,281,615,474,376,88,212,580,421,350,321,365,606,475,604,161,216,525,336,119,201,36,481,314,75,462,156,93,125,98,130,551,304,10,297,152,50,146,322,71,613,388,496,447,278,451,160,293,208,543,539,374,243,424,624,49,572,382,516,203,100,222,501,379,504,199,132,333,441,70,233,214,408,488,133,512,112,150,277,414,180,211,332,510,229,108,301,416,560,239,623,179,465,198,614,82,217,134,595,107,37,618,62,450,154,238,312,593,389,78,54,22,343,15,274,195,422,537,453,142,175,25,105,477,386,586,38,147,347,272,367,339,234,472,236,258,400,68,409,469,186,619,260,364,509,515,435,189,407,464,573,494,341,153,162,524,302,27,102,609,420,485,519,575,231,410,546,497,590,381,309,69,173,596,45,202,248,80,157,266,196,345,184,531,402,151,319,603,419,172,611,384,616,81,245,534,436,563,29,84,459,136,79,313,104,204,2,253,585,308,283,28,165,491,64,418,48,567,480,118,445,602,508,482,425,178,31,468,370,99,55,545,66,522,463,89,188,327,612,35,380,300,115,498,518,14,554,415,106,53,249,294,337,296,192,65,316,394,77,535,242,240,470,24,373,145,375,190,44,610,449,349,354,533,625,571,342,360,369,6,493,588,292,252,20,507,32,599,594,457,158,114,197,116,174,363,338,377,406,40,121,492,221,608,325,387,143,359,58,467,122,123,276,181,458,218,135,8,182,514,19,626,11,237,351,168,224,171,438,383,331,42,568,46,220,149,39,427,194,9,187,215,430,230,454,207,177,279,250,396,548,362,318,581,569,267,96,446,140,264,109,429,461,295,390,353,286,4,622,47,257,159,399,552,398",5000,100
0,2,73245.32107402176,2.091279611439642,"314,119,201,36,481,98,130,551,392,320,598,355,281,615,474,376,88,212,580,421,350,321,365,606,475,604,161,216,525,579,490,434,466,259,448,556,181,458,218,8,182,514,19,626,11,237,351,168,224,171,438,383,331,42,70,233,214,408,488,133,512,112,150,277,414,180,502,352,600,417,163,18,267,569,581,177,279,250,396,401,511,582,411,265,527,73,303,275,426,285,576,227,432,74,391,344,139,26,506,583,505,483,247,5,299,210,528,587,340,570,223,437,176,241,21,219,574,476,207,454,430,215,230,388,496,447,278,152,71,613,322,146,50,362,548,451,160,293,208,543,539,374,243,424,624,49,572,382,516,203,441,504,199,132,333,501,379,222,100,179,623,301,332,510,229,108,264,109,446,140,555,270,7,395,460,226,393,456,428,378,291,389,78,54,22,23,87,620,96,310,553,235,60,356,206,565,500,289,499,627,143,387,533,625,571,342,175,25,105,477,386,38,586,147,347,40,121,492,221,608,325,360,369,6,493,588,292,252,20,32,599,594,457,485,519,575,231,410,546,497,590,381,309,69,173,596,45,494,573,435,189,407,464,339,367,234,472,142,68,258,236,400,409,469,186,619,260,364,509,515,202,248,80,157,266,196,345,184,465,198,614,82,217,134,595,618,62,450,107,37,154,238,312,593,113,148,103,566,311,254,526,95,17,471,479,90,191,442,126,330,536,523,530,305,544,578,228,307,487,335,155,92,91,412,557,564,137,306,290,455,547,358,326,76,251,63,284,110,262,101,559,334,200,443,404,521,129,94,117,549,97,540,513,607,591,128,489,317,123,478,605,371,282,495,486,561,225,562,601,86,361,280,329,61,271,138,72,439,185,357,346,141,51,584,503,433,30,183,12,440,164,256,286,353,597,403,167,170,541,328,13,577,348,287,397,276,135,398,520,124,246,431,41,589,558,67,273,269,111,4,622,205,529,166,43,127,33,323,315,423,244,484,83,538,232,621,592,263,452,366,213,550,532,413,159,399,552,47,257,255,444,59,56,52,57,58,359,467,122,336,93,125,75,298,542,85,144,169,261,405,209,304,462,156,120,131,268,318,385,34,473,560,239,211,427,39,194,9,187,149,568,46,220,390,461,295,429,368,343,15,517,324,16,372,193,297,10,617,3,288,204,104,308,283,313,136,79,65,534,436,563,29,84,459,106,53,249,294,337,554,415,81,245,192,77,394,316,380,300,115,498,518,14,470,240,242,535,508,482,425,445,118,480,24,602,48,567,373,491,64,449,44,610,190,375,145,418,178,31,468,370,99,55,545,66,522,463,531,402,151,319,603,419,172,611,384,616,296,188,327,612,89,349,354,302,162,524,27,102,609,420,158,114,197,116,174,507,363,338,377,272,406,341,153,453,537,422,195,274,416,253,585,2,28,165,35",5000,100
0,3,72330.91025279362,2.166017597205747,"86,12,440,584,51,256,164,444,59,255,286,353,597,403,346,141,357,185,57,328,541,170,43,127,33,323,315,423,244,484,83,538,232,621,592,263,452,366,213,550,532,413,159,399,552,47,257,558,67,273,269,111,4,622,205,529,166,167,52,56,589,41,431,124,246,439,271,138,72,287,397,13,577,348,11,514,19,626,135,218,8,182,398,237,351,168,224,171,438,383,331,42,70,233,214,408,488,133,512,112,150,277,212,580,421,350,321,365,615,474,376,88,598,355,281,98,130,551,392,320,10,297,405,209,304,462,156,93,125,75,298,542,85,144,288,483,247,5,401,511,582,411,265,527,73,303,275,426,285,576,227,432,74,391,344,139,26,506,583,617,3,152,71,613,322,146,50,362,548,451,160,293,208,543,539,374,243,424,624,49,572,382,516,203,441,504,199,132,333,501,379,222,100,560,416,270,7,395,460,226,393,456,428,378,291,299,210,528,587,340,570,223,437,176,241,21,219,574,476,268,131,120,473,385,34,318,239,623,179,301,211,332,510,229,108,264,109,446,140,555,193,620,96,87,23,22,343,15,517,324,16,372,310,553,235,60,356,206,565,500,289,627,499,422,195,274,614,198,465,537,184,345,266,196,202,248,80,157,186,469,409,400,68,258,236,619,260,364,509,515,363,338,546,497,590,381,309,69,173,596,45,494,573,435,189,407,464,339,367,377,406,40,121,492,221,608,325,360,369,6,493,588,292,252,20,32,599,594,457,485,420,609,102,27,162,524,302,153,341,234,472,142,453,28,165,491,64,418,48,567,373,24,602,508,482,425,445,118,480,178,31,468,370,99,55,545,66,522,463,531,402,151,319,603,419,172,611,384,616,296,106,53,249,294,337,554,415,81,245,192,65,534,436,563,29,84,459,136,79,313,104,204,2,253,585,308,283,240,242,535,77,394,316,470,380,300,115,35,498,518,14,449,44,610,190,375,145,188,327,612,89,349,354,82,217,134,595,618,62,450,107,37,154,238,312,593,389,78,54,279,250,396,352,600,417,163,18,267,569,581,177,113,148,103,566,311,254,526,95,17,471,479,90,191,442,101,536,523,530,305,544,578,228,307,487,335,155,92,91,371,282,495,486,561,225,562,601,183,361,280,329,61,123,478,605,579,490,434,466,259,448,556,181,458,276,9,187,149,568,46,220,390,461,295,429,368,455,547,358,326,76,251,63,126,330,262,110,284,559,334,200,443,404,521,129,94,117,549,97,540,513,607,591,317,128,489,143,387,533,625,571,342,175,25,105,477,272,586,147,347,386,38,174,507,116,410,231,575,519,158,114,197,230,388,496,447,278,414,180,606,475,122,467,359,58,412,557,564,137,306,290,481,314,119,201,36,336,502,505,169,261,207,454,430,215,194,427,39,525,161,216,604,520,30,433,503",5000,100
0,4,73106.08918079232,2.134307521197759,"558,67,273,269,111,4,622,205,529,166,167,170,541,328,57,577,348,287,397,43,127,33,323,315,423,244,484,83,538,232,621,592,263,452,366,213,550,532,413,520,124,246,431,41,589,52,56,286,353,597,403,141,346,357,185,72,439,271,138,280,329,61,361,86,12,440,51,584,503,433,30,183,562,601,225,123,478,605,371,282,495,486,561,128,489,317,591,97,540,549,513,607,94,117,404,521,129,143,387,533,625,571,342,175,25,105,477,386,38,586,147,347,40,121,492,221,608,325,360,369,6,493,588,292,252,20,32,599,594,457,485,519,575,231,410,158,114,197,116,174,507,363,338,309,69,173,596,45,494,573,435,189,407,464,339,367,377,272,406,341,153,162,524,302,381,590,497,546,469,409,400,68,258,236,234,472,142,453,537,184,345,266,196,202,248,80,157,515,509,364,260,619,186,609,102,27,420,215,230,388,496,447,278,71,613,322,146,50,362,548,451,160,293,208,543,539,374,243,424,624,49,572,382,516,203,441,504,199,132,333,501,379,222,100,560,239,623,179,301,416,270,7,395,460,226,393,456,428,378,291,299,210,528,587,340,570,223,437,176,241,21,219,574,285,576,227,432,74,391,344,139,26,506,583,617,3,405,297,10,304,462,156,93,125,75,298,542,85,144,169,261,505,483,247,5,401,511,582,411,265,527,73,303,275,426,207,454,430,368,318,385,34,473,120,131,268,476,163,18,267,569,581,177,279,250,396,450,154,238,312,593,389,78,54,22,23,87,620,96,310,553,235,60,356,206,565,500,289,499,627,412,91,467,359,58,122,606,475,604,161,216,525,579,490,434,466,259,448,556,181,458,218,8,182,514,11,237,351,168,224,171,438,383,331,42,70,233,214,408,488,133,512,112,150,277,212,580,421,350,321,365,615,474,376,88,598,355,281,98,130,551,392,320,444,59,255,164,256,336,119,201,36,481,314,358,326,76,251,63,126,330,536,523,530,305,544,578,228,307,487,335,155,92,193,113,148,103,566,311,254,526,95,443,559,334,200,284,110,262,101,442,17,471,479,90,191,417,352,600,502,288,194,427,39,9,187,149,568,46,220,390,461,295,429,109,264,108,510,229,332,211,276,135,626,19,398,399,552,159,564,137,306,290,455,547,557,414,180,446,140,555,195,274,15,517,324,16,372,217,82,134,595,618,62,107,37,465,402,151,319,603,419,172,611,296,106,53,249,294,337,554,415,14,518,498,380,300,115,35,370,99,55,545,66,522,463,89,188,327,612,354,349,375,190,44,610,449,64,418,48,567,480,602,508,482,425,445,118,24,373,470,240,242,535,77,394,316,192,65,534,436,563,29,84,459,136,79,313,104,204,2,253,585,308,283,28,165,491,145,178,31,468,531,384,616,81,245,343,422,614,198,209,152,13,47,257",5000,100
0,5,71707.6061426855,2.2280842677359023,"257,47,484,83,538,232,621,592,263,452,366,213,550,532,413,520,124,246,431,41,589,558,67,273,269,111,4,622,205,529,166,167,170,541,328,57,577,348,13,43,127,33,323,315,423,244,256,164,444,59,255,286,56,52,353,597,403,141,51,584,503,433,30,183,562,601,86,361,280,329,61,271,138,72,439,185,357,346,440,12,401,511,582,411,265,527,73,303,275,426,285,576,227,432,74,391,344,139,26,506,583,617,3,152,71,613,322,146,50,362,548,451,160,293,208,543,539,374,243,424,624,49,572,382,516,203,441,504,199,132,333,501,379,385,34,473,120,131,268,476,207,454,430,215,230,388,496,447,278,414,180,488,133,512,112,150,277,212,580,421,350,321,365,615,474,376,88,598,355,281,98,130,551,392,320,10,297,405,209,304,462,156,93,125,75,298,542,85,144,288,483,247,5,299,210,528,587,340,570,223,437,176,241,21,219,574,23,87,620,96,310,553,235,60,356,206,565,500,289,627,499,422,195,274,614,198,465,217,82,134,595,107,37,618,62,450,154,238,312,593,389,78,54,22,343,15,517,324,16,372,193,113,148,103,566,311,254,526,95,17,471,479,90,191,417,163,18,267,569,581,177,279,250,396,393,456,428,378,291,140,555,270,7,395,460,226,368,318,222,100,560,416,239,623,179,301,211,332,510,229,108,264,109,446,36,481,314,119,201,336,606,475,604,161,216,525,579,490,434,466,259,448,556,181,458,218,8,182,514,19,626,11,237,351,168,224,171,438,383,331,42,70,233,214,408,187,149,568,46,220,390,461,295,429,101,442,126,330,536,262,110,284,334,200,443,559,521,404,129,97,540,549,513,607,94,117,387,533,625,571,342,175,25,105,477,386,38,586,147,347,40,121,492,221,608,325,360,369,6,493,588,292,252,20,32,599,594,457,485,420,609,102,27,162,524,302,381,590,497,546,410,231,575,519,158,114,197,116,174,507,363,338,309,69,173,596,45,494,573,435,189,407,464,339,367,234,472,142,453,537,184,345,202,248,80,157,266,196,186,619,260,364,509,515,616,296,106,53,249,294,337,554,415,14,518,498,380,300,115,35,370,99,55,545,66,522,463,531,402,151,319,603,419,172,611,384,145,375,190,44,610,449,64,418,48,567,373,24,602,508,482,425,445,118,480,178,31,468,354,349,327,612,89,188,28,165,491,2,253,585,308,283,313,104,204,240,470,394,316,192,65,534,436,563,29,84,459,136,79,245,81,242,535,77,63,251,76,326,358,455,547,290,306,137,564,557,412,91,371,282,495,486,561,225,123,478,605,122,467,359,58,487,335,155,92,489,128,591,317,307,228,578,544,305,530,523,600,502,352,261,169,505,469,409,400,68,258,236,406,377,272,153,341,159,399,552,398,135,276,287,397,194,427,39,9,143",5000,100
0,6,71431.40749853176,12.810412431559987,"579,490,434,466,259,448,556,181,458,276,287,397,13,43,127,33,323,315,423,244,484,83,538,232,621,592,263,452,366,213,550,532,413,520,124,246,431,41,589,558,67,273,269,111,4,622,205,529,166,167,170,541,328,57,577,348,11,237,351,168,224,171,438,383,331,42,70,233,214,408,488,133,512,112,150,277,212,580,421,350,321,365,606,475,604,161,216,525,414,180,473,120,131,268,476,207,454,430,215,230,388,496,447,278,71,613,322,146,50,362,548,451,160,293,208,543,539,374,243,424,624,49,572,382,516,203,441,504,199,132,333,501,379,222,100,560,239,623,179,301,416,270,7,395,460,226,389,78,593,312,238,154,450,107,37,618,62,595,134,217,82,614,198,465,402,151,319,603,419,172,611,384,616,296,106,53,249,294,337,554,415,81,245,192,65,534,436,563,29,84,459,136,79,313,104,204,2,253,585,308,283,28,165,491,64,418,48,567,373,24,602,508,482,425,445,118,480,178,31,468,370,99,55,545,66,522,463,531,188,327,612,89,349,354,190,44,610,449,145,375,35,380,300,115,498,518,14,470,240,242,535,77,394,316,289,627,499,422,195,274,15,517,324,16,372,310,553,235,60,356,206,565,500,129,97,540,549,513,607,591,317,128,489,143,387,533,625,571,342,175,25,105,477,386,38,586,147,347,40,121,492,221,608,325,360,369,6,493,588,292,252,20,32,599,594,457,485,420,609,102,27,162,524,302,381,590,497,546,410,231,575,519,158,114,197,116,174,507,363,338,309,69,173,596,45,494,573,435,189,407,464,339,367,234,472,142,453,537,184,345,196,266,157,80,248,509,364,260,619,186,469,409,400,68,258,236,406,377,272,153,341,159,399,552,398,182,514,19,626,135,218,8,440,584,503,433,30,183,562,601,86,361,280,329,61,271,138,72,439,185,357,597,403,346,141,51,256,164,444,59,255,286,56,52,353,257,47,288,483,247,5,401,511,582,411,265,527,73,303,275,426,285,576,227,432,74,391,344,139,26,506,583,617,3,405,209,304,462,156,93,125,75,298,542,85,144,169,261,505,417,163,18,267,569,581,177,279,250,396,393,456,428,378,291,299,210,528,587,340,570,223,437,176,241,21,219,574,23,87,620,96,193,113,148,103,566,311,254,526,95,443,559,334,200,284,110,262,101,442,126,330,536,523,530,305,544,578,228,307,487,335,155,92,91,371,282,495,486,561,225,123,478,605,122,467,359,58,412,557,564,137,306,290,455,547,358,326,76,251,63,36,481,314,119,201,336,502,352,600,471,479,90,191,17,264,108,510,229,332,211,427,39,194,9,187,149,568,46,220,390,461,295,429,109,446,140,555,368,318,385,34,54,22,343,515,202,551,392,320,598,355,281,98,130,10,297,152,88,376,474,615,404,521,117,94,12",5000,100
1,0,89783.51957702098,1.640619465752177,"30,433,56,52,286,255,59,444,164,256,346,403,597,353,57,328,167,170,541,43,13,529,166,205,111,622,4,366,452,263,592,232,621,538,127,323,315,33,557,564,137,306,290,228,307,578,544,310,372,517,15,193,620,87,96,553,235,60,200,334,443,540,97,549,513,607,135,8,182,514,123,605,478,495,486,561,225,562,183,601,86,361,355,281,474,615,376,311,566,103,148,581,250,396,401,5,247,505,261,169,34,268,131,473,120,70,42,233,160,293,451,548,362,512,133,63,251,530,523,209,483,617,506,26,583,138,72,439,280,329,61,579,490,218,458,181,434,448,556,276,335,412,336,119,201,98,93,487,58,359,467,91,317,379,501,333,132,511,101,442,330,536,126,17,191,95,417,163,18,569,267,279,177,378,291,22,23,570,223,437,176,391,344,227,576,426,275,207,454,152,560,416,623,179,301,393,456,428,389,78,54,405,297,10,36,392,130,74,432,139,3,574,219,73,303,476,542,298,502,352,600,90,471,479,462,156,11,19,626,421,321,350,580,112,322,146,598,88,551,50,424,624,49,243,150,277,212,606,475,216,161,604,525,414,180,447,496,278,388,230,430,215,543,208,539,374,351,168,582,411,265,527,593,312,16,356,404,521,128,489,117,94,129,591,365,314,481,455,547,326,76,368,340,587,528,210,304,320,144,288,85,154,238,226,395,460,7,270,555,140,446,450,107,37,618,62,394,534,436,563,29,84,459,294,337,249,53,567,480,118,445,425,508,602,380,300,115,319,151,402,468,66,545,522,463,531,77,242,535,240,470,64,44,610,449,491,165,28,2,253,585,308,283,136,79,313,104,204,192,245,65,14,415,554,81,498,518,48,418,354,349,89,612,327,236,258,400,409,469,186,619,69,173,45,596,573,494,407,464,189,435,377,367,27,302,162,524,153,80,248,546,497,485,420,609,102,507,116,174,360,325,493,369,6,594,32,599,158,114,197,20,252,40,608,221,492,121,406,272,339,472,234,371,383,39,427,516,572,382,211,385,318,441,504,199,222,239,100,203,520,413,532,550,213,124,589,41,423,244,484,83,257,47,273,269,67,558,431,246,159,399,552,237,408,214,331,488,343,285,122,71,613,241,21,75,125,358,559,254,113,108,510,229,264,109,274,195,206,565,627,499,289,500,341,509,515,457,519,231,575,410,363,338,381,590,266,202,196,345,260,364,184,370,316,24,373,178,31,375,145,190,453,155,92,348,577,287,397,271,466,259,68,588,105,477,386,586,147,347,571,342,175,25,38,357,185,584,51,12,440,141,503,143,387,533,625,188,55,99,35,172,611,296,106,482,603,419,390,461,295,9,187,149,46,220,568,194,332,429,134,595,82,217,422,614,198,465,537,324,262,284,110,526,305,299,438,171,224,398,157,309,292,142,282,616,384",5000,100
1,1,74683.41437870092,1.6951254859812417,"51,584,440,357,597,353,286,622,4,205,529,166,111,269,273,67,257,452,263,592,232,621,538,83,484,47,244,423,315,323,127,33,43,13,577,348,287,397,328,170,541,167,346,141,403,444,59,255,56,52,271,138,72,439,280,329,61,361,86,12,503,433,256,164,382,572,194,9,187,149,568,46,220,390,295,461,134,217,82,198,614,450,154,238,312,593,54,78,389,395,460,226,7,340,587,528,210,176,437,223,570,368,34,473,120,131,268,476,285,426,275,576,227,432,74,391,344,3,617,26,506,583,139,527,265,411,582,511,401,396,250,279,569,267,581,177,18,163,417,352,600,90,191,17,471,479,95,526,311,566,103,148,113,193,620,96,553,235,310,16,372,517,15,324,356,206,565,607,513,549,97,540,129,94,117,284,110,262,536,126,442,330,455,547,290,306,137,564,557,412,58,359,467,122,606,475,604,525,161,216,414,180,150,277,212,580,421,350,321,365,376,88,281,615,474,355,598,320,392,551,130,98,36,481,314,119,201,336,76,63,251,523,530,305,544,578,228,307,487,317,155,92,371,282,495,486,561,225,183,562,601,30,185,57,123,448,259,466,434,579,490,478,605,91,335,135,8,182,514,19,626,11,237,351,168,224,171,552,398,218,458,181,276,556,366,550,213,532,413,520,124,431,159,246,589,41,558,160,293,543,208,539,374,243,49,624,424,70,233,42,331,488,408,214,247,5,505,483,261,169,144,85,542,298,502,75,125,93,156,462,304,10,209,405,297,613,71,322,146,50,451,548,362,512,133,112,207,454,430,215,230,388,496,447,278,152,318,385,501,379,222,199,504,441,132,333,516,203,100,623,179,301,416,560,239,211,332,108,510,229,429,446,264,109,140,555,270,393,456,428,378,291,299,489,128,591,143,500,289,627,499,533,625,387,571,342,175,142,453,537,422,195,274,87,23,22,343,62,618,107,37,595,399,21,219,73,574,241,303,101,559,334,200,443,309,302,162,524,369,493,325,360,6,588,221,492,121,40,406,272,377,367,339,234,472,25,105,477,386,586,38,147,347,252,292,457,594,32,599,20,116,507,197,158,114,575,519,485,420,609,102,27,231,410,546,497,363,338,590,381,80,157,266,196,364,260,509,515,345,202,248,69,173,619,186,469,409,68,258,236,400,464,407,189,435,573,494,45,596,341,153,608,174,60,254,358,326,521,404,373,470,240,242,535,77,394,316,313,136,79,65,192,534,245,436,563,29,84,459,106,53,249,294,337,115,300,380,35,151,319,603,419,172,611,296,518,14,554,415,498,66,545,55,99,370,468,178,31,375,145,418,48,567,480,118,445,508,602,24,482,425,64,491,165,2,28,585,253,308,104,204,283,522,463,89,612,327,188,349,354,190,610,44,449,81,531,402,184,465,616,384,39,427,288,438,383",5000,100
1,2,73989.70504423484,1.9331546179391612,"601,562,183,225,561,495,282,371,91,359,467,58,557,564,137,306,290,455,547,326,76,63,251,523,530,305,544,578,228,307,487,412,335,155,92,156,462,93,125,75,542,298,502,352,417,163,18,569,267,581,177,378,291,299,210,528,587,340,570,368,223,437,176,241,21,219,285,426,275,303,432,74,391,344,227,576,574,476,268,131,120,473,385,34,318,215,230,430,454,207,152,71,613,146,322,50,362,548,451,278,447,496,388,160,293,208,543,333,132,199,504,441,516,203,222,379,501,365,321,376,474,615,281,355,598,320,392,551,130,98,36,201,336,606,475,604,525,161,216,414,180,133,512,112,277,150,580,212,88,304,10,297,405,209,85,288,144,169,261,483,505,247,5,401,396,250,279,411,582,511,26,506,583,139,3,617,527,265,73,514,182,8,398,237,351,168,224,171,438,383,187,9,39,427,568,46,220,390,295,461,134,595,37,107,618,62,450,154,238,312,593,78,393,456,428,54,343,22,23,87,620,96,553,235,60,356,206,565,195,274,422,614,198,82,217,465,616,384,603,419,172,611,498,518,14,554,415,81,65,192,245,436,563,29,84,459,106,53,249,294,337,2,253,585,308,283,313,136,79,204,77,394,316,535,242,240,470,373,24,480,118,445,508,602,482,425,178,31,188,349,354,190,375,145,418,567,48,64,44,449,610,319,151,402,531,66,545,55,99,370,468,35,115,300,380,612,327,89,463,522,270,555,140,264,109,429,229,510,108,332,211,179,623,239,560,416,301,539,374,243,424,624,49,382,572,194,149,397,323,127,33,315,423,244,484,83,263,592,232,621,538,452,366,550,213,532,413,520,124,431,246,159,399,552,331,42,233,70,488,408,214,94,117,404,521,129,549,97,540,513,607,284,110,262,536,330,126,442,101,559,443,200,334,317,128,489,591,143,627,499,387,533,625,571,342,175,142,453,537,184,345,266,196,202,248,80,157,509,515,364,260,69,173,619,186,469,409,400,68,258,236,464,407,189,435,573,494,45,596,341,153,27,102,609,420,485,519,575,231,410,546,497,363,338,590,381,309,302,162,524,369,6,360,325,493,608,221,492,121,40,406,272,377,367,339,234,472,25,105,477,386,586,38,147,347,252,292,588,457,594,32,599,20,507,116,174,158,114,197,257,47,273,67,558,589,41,269,4,622,111,529,166,205,167,52,56,255,59,444,164,256,51,584,440,141,346,357,185,57,328,170,541,43,13,577,348,287,72,138,271,439,280,329,61,361,86,12,503,433,30,286,353,597,403,448,259,466,434,490,579,478,605,123,11,19,626,135,218,458,181,276,556,350,421,122,358,481,314,119,311,566,103,148,113,254,526,95,17,471,479,90,191,7,395,460,226,389,600,500,289,324,16,310,372,517,15,193,100,446,534,104,28,165,491,296,486",5000,100
1,3,74258.67760924656,1.897557150785153,"551,130,392,320,598,355,281,615,474,376,88,212,580,421,350,321,365,201,336,119,98,36,481,314,358,326,76,63,251,523,530,305,544,578,228,307,487,412,335,155,92,128,489,591,97,540,549,513,607,94,117,404,521,129,110,284,262,536,330,126,442,101,559,443,200,334,317,571,342,175,142,453,537,184,345,266,196,202,248,80,157,509,364,260,69,173,619,186,469,409,400,68,258,236,464,407,189,435,573,494,45,596,341,153,360,325,608,221,492,121,40,406,272,377,367,339,234,472,25,105,477,386,586,38,147,347,252,292,588,493,369,6,162,524,27,102,609,420,485,519,575,231,410,546,497,363,338,590,381,309,302,507,32,599,20,116,174,594,457,114,158,197,515,465,616,384,603,419,172,611,296,106,53,249,294,337,415,554,14,518,498,81,245,192,65,534,436,563,29,84,459,316,394,77,204,104,308,283,313,136,79,28,165,491,64,48,567,480,118,445,508,602,24,373,470,240,242,535,2,253,585,418,145,375,190,610,44,449,178,31,468,370,99,55,545,66,522,463,89,612,327,188,349,354,35,151,319,402,531,168,224,171,438,383,187,9,39,427,194,572,382,49,624,424,70,233,408,214,331,42,488,133,512,112,277,150,180,414,604,525,161,216,475,606,122,467,58,557,564,137,306,290,455,547,288,144,169,261,483,505,247,5,506,26,583,139,3,617,405,297,10,209,304,462,156,93,125,75,542,85,502,352,600,18,163,417,191,17,471,479,90,298,569,267,581,177,378,291,299,210,528,587,340,570,223,437,176,241,21,219,574,73,527,265,411,582,511,401,396,250,279,456,393,428,54,78,389,460,226,7,270,555,140,264,109,446,108,510,229,429,332,211,179,623,239,560,416,301,295,461,390,220,568,149,46,243,374,539,160,293,208,543,333,132,199,504,441,516,203,100,222,379,501,34,473,120,131,268,476,285,576,227,432,74,391,344,451,278,447,496,388,230,430,215,454,207,152,71,613,146,322,50,362,548,517,15,372,16,310,553,235,60,356,206,565,195,274,324,193,620,96,87,23,22,343,593,238,312,62,450,154,618,107,37,595,82,217,134,143,500,289,627,499,533,625,387,368,395,397,127,33,315,323,423,244,484,83,263,592,232,621,538,452,366,550,213,532,413,520,124,246,431,589,41,67,558,257,47,273,269,4,622,111,529,166,205,167,170,541,43,13,577,348,287,72,138,271,329,61,280,361,86,12,503,433,30,601,562,183,225,561,486,495,282,371,91,359,478,605,123,448,434,490,579,626,19,11,514,182,8,398,218,458,181,276,556,466,259,444,164,256,51,584,440,141,346,403,597,353,286,52,56,255,59,328,57,185,357,159,399,552,303,275,426,318,385,351,237,135,148,113,254,311,566,103,526,95,439,422,614,198,380,300,115,425,482",5000,100
1,4,72796.45478415788,1.9796224283124513,"387,533,625,571,342,175,142,453,537,422,614,198,82,217,134,595,37,107,618,62,450,154,238,312,593,78,389,460,395,7,270,555,140,264,109,446,108,510,229,429,390,220,568,46,149,187,9,39,427,194,572,382,49,624,424,70,233,408,214,331,168,224,171,438,383,333,132,199,504,441,516,203,100,222,379,501,34,473,120,131,268,476,285,426,275,303,432,74,391,344,227,576,574,73,527,265,411,582,511,401,396,250,279,569,267,581,177,378,291,299,210,528,587,340,570,223,437,176,241,21,219,368,428,456,393,54,343,15,372,16,310,553,235,60,356,206,565,195,274,324,517,239,560,416,301,179,623,211,332,193,620,96,87,23,22,113,254,311,566,103,148,191,17,471,479,90,95,526,443,200,334,117,94,129,549,97,540,513,607,284,110,262,536,330,126,442,101,559,230,388,496,447,278,152,71,613,146,322,50,362,548,451,512,133,112,277,150,180,414,604,525,161,216,475,606,122,359,467,58,557,564,137,306,290,455,547,326,76,63,251,523,530,305,544,578,228,307,487,412,335,155,92,128,489,317,591,143,627,499,289,500,521,404,156,93,125,75,542,298,502,352,600,18,163,417,304,10,297,405,209,85,288,144,169,261,483,505,247,5,506,26,583,139,3,617,598,320,392,551,130,98,36,481,314,119,336,365,474,615,281,355,376,88,212,580,421,350,321,123,138,271,329,61,361,86,12,503,433,30,601,562,183,225,561,486,495,282,371,91,605,478,490,579,626,19,11,514,182,8,398,218,135,577,348,287,13,43,127,33,315,323,423,244,484,83,263,592,232,621,538,452,366,550,213,532,413,520,124,246,431,589,41,67,558,257,47,273,269,4,622,111,529,166,167,52,56,255,59,444,164,256,51,584,440,141,346,403,597,353,286,439,72,57,328,170,541,397,276,556,466,259,448,434,458,181,465,616,384,603,419,172,498,518,14,554,415,81,245,65,534,436,563,29,84,459,106,53,249,294,337,296,611,115,300,380,316,394,77,204,104,308,283,313,136,79,28,165,491,2,253,585,24,373,470,240,242,535,425,482,508,602,118,445,178,31,468,370,99,55,545,66,522,463,89,612,327,188,349,354,190,610,44,449,64,48,567,480,192,184,345,266,196,202,248,80,157,509,364,260,69,173,596,45,494,573,341,153,360,325,608,221,492,121,40,406,272,377,367,339,234,472,25,105,477,386,586,38,147,347,252,292,588,493,369,6,162,524,27,102,609,420,485,519,575,231,410,546,497,338,363,381,590,309,302,507,116,174,594,32,599,20,197,158,114,457,469,409,400,68,258,236,464,407,189,435,515,619,186,237,351,399,552,159,42,488,243,374,539,160,293,208,543,318,385,454,207,215,430,295,461,531,402,319,151,35,375,145,418,226,462,358,201,280,185,357,205",5000,100
1,5,71657.2601569636,2.112903098613903,"440,141,346,357,597,403,433,30,601,562,183,225,561,486,495,282,371,91,359,467,58,557,564,137,306,290,455,547,326,76,63,251,523,530,305,544,578,228,307,487,412,335,155,92,128,489,317,591,97,540,549,513,607,94,117,404,521,129,110,262,536,330,126,442,101,559,443,200,334,93,125,75,542,298,502,352,600,18,163,417,191,17,471,479,90,95,526,311,566,103,148,113,193,620,96,87,23,22,343,15,372,517,324,16,310,553,235,60,356,206,565,195,274,422,614,198,82,217,134,595,37,107,618,62,450,154,238,312,593,78,389,460,395,7,270,555,140,264,109,446,429,229,510,108,332,211,179,623,239,560,416,301,295,461,390,220,568,46,149,187,9,39,427,194,572,382,49,624,424,70,233,408,214,331,168,351,237,11,19,626,135,218,458,181,276,556,466,259,448,434,579,490,478,605,123,271,329,61,280,361,86,12,503,584,51,256,164,444,59,255,56,52,286,353,622,4,111,529,205,166,167,170,541,43,13,577,348,287,397,127,33,315,323,423,244,484,47,273,269,67,558,257,263,592,232,621,538,452,366,550,213,532,413,520,124,246,159,399,552,171,438,383,333,132,199,504,441,516,203,100,222,379,501,34,473,120,131,268,476,285,426,275,303,432,74,391,344,227,576,574,73,527,265,411,582,511,401,396,250,279,569,267,581,177,378,291,299,210,528,587,340,570,223,437,176,241,21,219,368,428,456,393,54,226,405,297,10,209,304,551,130,98,36,481,314,119,201,336,606,475,604,525,161,216,414,180,150,277,133,512,112,362,548,451,278,496,388,230,430,215,454,207,152,71,613,146,322,50,447,293,160,539,374,243,42,488,224,8,398,182,514,144,169,261,483,505,247,5,506,583,139,3,617,26,358,462,156,85,288,254,625,387,533,143,627,499,289,500,147,347,386,586,38,573,494,45,596,341,153,360,325,608,221,492,121,40,406,272,377,367,339,234,472,25,105,477,464,407,189,435,258,236,400,469,409,186,619,173,69,309,302,524,162,27,102,609,420,485,519,575,231,410,546,497,363,338,590,381,369,6,588,493,116,174,594,32,599,20,507,457,114,158,197,515,157,80,248,202,196,345,266,184,465,616,384,603,419,172,611,296,106,53,249,294,337,415,554,14,518,498,245,192,65,534,436,563,29,84,459,81,316,394,77,204,104,308,283,313,136,79,28,165,491,64,48,567,480,118,445,508,602,24,373,470,240,242,535,2,253,585,425,178,31,468,370,99,55,545,66,522,463,89,612,327,188,349,354,190,375,145,418,44,449,610,319,151,35,115,300,380,482,531,402,537,453,142,175,342,571,68,364,260,509,252,292,138,72,57,185,439,88,212,580,421,350,321,365,474,615,281,355,598,320,392,376,122,431,589,41,328,83,284,543,208,385,318",5000,100
2,0,74908.73745012656,1.897557150785153,"399,552,171,438,383,613,71,152,261,169,505,483,288,85,502,298,542,75,125,93,156,462,36,98,130,551,392,320,598,355,281,615,474,376,88,350,421,580,212,112,512,133,548,362,321,365,201,119,336,579,490,478,605,282,495,486,562,183,601,86,12,440,584,51,141,346,403,597,353,286,52,56,167,170,541,328,57,397,348,577,287,33,127,323,315,423,244,273,269,47,257,67,558,589,41,431,246,159,520,124,532,413,550,213,366,452,263,592,232,621,538,83,484,398,182,8,135,218,259,448,556,466,434,458,181,276,138,271,123,61,329,280,361,439,72,357,185,166,529,205,622,4,111,43,13,547,455,326,358,442,330,126,251,63,76,523,530,305,578,544,228,307,290,137,564,557,412,487,335,155,92,128,489,317,334,200,559,443,95,526,566,103,148,113,254,311,291,378,428,456,393,210,176,437,223,570,340,587,270,555,395,460,226,7,352,600,417,163,18,569,267,581,279,250,396,401,511,582,411,265,527,247,5,219,21,241,574,73,275,426,285,576,227,432,74,344,391,3,139,26,506,583,303,617,405,297,304,209,10,15,517,324,356,206,565,500,289,627,499,533,387,571,342,175,142,453,537,422,274,195,450,154,238,62,618,107,37,595,82,217,134,295,461,429,109,264,140,446,312,389,78,54,593,90,191,17,471,479,101,284,110,262,536,87,620,193,96,310,235,553,60,16,372,23,22,343,131,268,476,454,207,430,215,208,543,333,132,441,504,199,222,100,379,501,528,299,177,318,385,34,473,120,230,388,496,278,447,424,374,539,293,160,277,180,414,150,488,408,214,42,70,49,382,572,624,243,194,39,427,211,179,623,560,416,301,108,510,229,332,168,351,224,331,237,626,19,11,514,475,606,122,467,359,58,306,607,513,549,97,540,129,404,521,117,94,591,50,322,146,451,604,161,216,525,516,203,239,368,477,105,25,234,472,339,367,407,189,435,573,494,341,153,596,45,258,236,260,364,509,515,309,381,590,116,174,588,493,369,6,252,292,608,221,492,121,40,406,386,38,586,147,347,102,609,594,32,599,20,197,114,158,457,420,485,519,575,231,410,546,497,338,363,248,80,157,266,196,202,173,69,619,186,469,409,400,68,325,360,27,162,524,302,507,345,184,465,28,165,491,2,253,585,308,283,313,204,104,77,394,316,245,192,65,534,436,563,29,84,459,136,79,535,242,240,470,373,24,602,508,482,425,445,118,480,567,64,449,44,610,190,375,468,370,55,99,545,66,522,463,531,402,35,300,115,172,419,603,319,151,384,611,616,106,53,249,294,337,296,498,554,415,14,518,81,380,31,178,145,418,48,89,612,327,188,354,349,390,220,46,568,149,187,9,233,143,625,272,377,464,91,371,225,561,433,164,59,255,256,444,30,503,481,314,144,198,614",5000,100
2,1,75897.58999048853,1.7217315424107882,"170,541,328,57,185,357,597,353,167,166,529,205,622,4,111,269,67,558,589,41,431,124,246,159,399,552,398,237,11,514,626,19,408,214,233,70,424,42,331,224,351,168,456,393,378,428,54,593,78,389,299,210,528,587,340,570,223,368,208,543,333,132,441,504,199,222,501,379,100,239,560,416,301,179,623,555,395,460,226,7,270,140,264,109,510,229,332,108,429,193,620,96,113,254,311,566,103,148,95,526,191,471,479,90,298,542,75,93,156,462,36,481,314,119,201,365,321,350,421,580,212,112,512,133,548,362,451,160,539,374,243,624,49,382,572,194,9,187,149,568,46,220,390,461,295,134,217,82,107,37,595,305,530,523,63,251,76,326,358,455,547,290,306,137,564,557,412,91,58,359,467,621,538,232,592,263,452,366,550,532,413,213,257,47,273,244,423,484,83,458,218,135,182,8,161,216,525,604,606,475,122,336,98,130,551,392,320,10,297,405,209,304,598,355,615,474,376,88,180,414,150,277,50,146,322,71,613,152,207,454,285,426,275,219,21,241,574,73,303,576,227,432,74,344,391,3,617,26,506,583,139,250,396,401,511,582,411,265,527,247,5,483,261,169,505,144,288,85,502,352,600,163,417,18,569,267,581,177,279,17,442,101,284,110,262,536,330,126,200,334,559,443,23,87,343,22,312,154,238,62,618,195,450,614,198,465,184,616,384,611,172,419,603,319,151,35,370,99,55,545,66,522,463,89,612,327,188,354,349,375,145,190,610,44,449,165,491,64,418,48,567,373,24,602,508,482,425,445,118,480,178,31,468,380,300,115,498,554,415,14,518,81,245,192,65,534,436,563,29,84,459,136,79,535,242,240,470,316,394,77,204,104,283,308,253,585,2,28,296,106,53,249,294,337,313,531,402,381,590,302,162,524,27,102,609,420,485,519,575,231,410,546,497,338,363,309,69,173,45,596,341,153,360,325,493,588,492,121,40,406,272,377,367,339,234,472,25,105,477,386,586,38,147,347,252,292,174,116,507,594,32,599,20,197,158,114,457,619,186,469,409,68,400,258,236,260,364,509,515,80,157,266,345,196,202,248,142,175,342,571,625,387,533,627,499,500,289,356,517,15,372,16,235,553,60,521,404,94,117,513,607,549,97,540,129,591,128,489,317,487,335,155,92,371,225,562,183,601,86,361,280,329,61,440,584,503,433,444,59,255,56,52,403,346,141,256,164,51,12,30,495,486,561,171,438,383,427,39,211,268,131,120,473,385,318,215,430,230,388,496,447,278,490,579,478,605,282,271,123,138,276,556,466,259,448,434,281,125,228,307,578,544,143,274,422,537,453,464,407,189,435,573,494,608,221,6,369,33,127,323,315,397,577,348,13,43,287,72,439,286,437,176,291,446,34,293,476,206,565,324,310,203,516,181,488,520",5000,100
2,2,71823.19430003573,1.9796224283124513,"422,274,195,517,324,356,206,565,500,289,499,627,143,387,533,625,571,342,175,142,25,105,477,386,586,38,147,347,406,272,377,367,339,234,472,68,400,258,236,409,469,186,619,173,69,260,364,509,515,363,338,497,546,231,410,575,519,485,420,609,102,27,162,524,302,309,381,590,457,594,32,599,20,197,158,114,507,116,174,588,221,492,121,40,252,292,608,325,360,493,369,6,153,341,494,573,435,189,407,464,45,596,202,248,80,157,266,345,196,453,537,561,225,562,183,601,86,361,280,329,61,271,439,72,138,276,181,458,218,135,182,8,398,399,552,331,214,408,488,70,233,42,624,49,382,572,194,9,187,149,568,39,427,211,332,108,510,229,429,109,264,140,446,312,238,154,450,62,618,107,37,595,134,217,82,198,614,465,402,531,151,35,300,115,498,554,415,14,518,81,245,192,65,534,436,563,29,84,459,136,79,313,204,104,283,308,585,253,2,28,165,491,64,449,44,610,190,375,145,418,48,567,373,24,602,508,482,425,445,118,480,178,31,468,370,99,55,545,66,522,463,89,612,327,188,354,349,316,394,77,242,535,240,470,249,53,106,296,611,172,419,603,319,384,616,294,337,232,621,538,83,484,257,47,273,269,67,558,589,41,431,124,246,159,520,413,532,550,213,366,452,263,592,244,423,315,323,33,127,43,13,348,577,287,397,622,4,111,166,529,205,170,541,328,57,185,357,346,141,256,164,444,59,255,286,52,56,167,584,51,440,12,30,433,503,403,597,353,91,58,359,467,122,606,475,604,525,161,216,277,150,180,414,133,512,112,362,548,451,496,447,388,230,430,215,454,207,152,71,613,322,146,50,278,551,392,320,598,355,281,615,474,376,88,212,580,421,350,321,365,201,336,119,481,314,358,455,547,290,306,137,564,557,412,487,335,155,92,371,282,495,486,579,490,478,605,123,448,556,466,259,434,583,506,26,139,617,3,391,344,227,432,74,576,285,426,275,303,73,527,265,411,582,511,401,396,250,279,569,267,581,18,163,417,352,600,502,298,542,85,144,288,483,247,5,505,261,169,405,297,10,209,304,156,462,36,98,130,75,125,93,479,90,191,471,17,442,330,536,262,110,284,101,126,523,530,305,578,544,228,307,317,128,489,591,513,607,549,97,540,129,94,117,404,521,60,310,235,553,96,193,620,87,23,22,343,54,593,78,389,460,226,7,395,555,270,456,393,428,378,291,299,210,528,587,340,570,223,437,176,368,34,473,385,318,120,131,268,476,219,21,241,574,379,501,222,100,516,203,441,504,199,132,333,543,208,293,160,539,374,243,424,11,237,351,168,224,171,438,383,46,220,390,461,295,372,15,254,311,566,103,148,113,177,526,443,559,334,200,63,251,76,326,19,626,514,95,239,560,416,301,179,623,16,184,380",5000,100
2,3,70452.53126925988,2.0362165125424196,"61,271,439,72,138,276,181,458,218,135,182,514,626,19,11,237,351,168,224,171,438,383,46,568,149,39,427,211,332,108,510,229,109,264,140,446,312,238,154,450,62,618,107,37,595,134,217,82,198,614,537,422,274,195,517,324,372,15,620,87,23,22,343,54,593,78,389,460,226,7,395,555,270,456,393,428,378,291,299,210,528,587,340,570,223,437,176,368,34,385,473,120,131,268,476,208,293,160,539,374,243,624,49,382,572,194,9,187,424,70,233,42,214,408,488,331,548,451,496,447,278,388,230,430,215,454,207,285,426,275,303,576,227,432,74,344,391,3,139,26,506,583,261,169,505,483,247,5,401,396,250,279,569,267,581,18,163,417,352,600,502,298,542,85,144,288,617,405,297,10,551,392,320,598,355,281,615,474,376,88,212,580,421,350,321,365,98,130,304,209,75,125,93,156,462,36,481,314,119,201,336,606,475,604,525,161,216,277,150,180,414,133,512,112,362,50,146,322,71,613,152,122,467,359,58,557,412,487,335,155,92,371,282,495,486,561,225,562,183,601,86,361,280,329,403,597,353,286,52,56,167,170,541,328,57,185,357,346,141,256,164,444,59,255,433,503,30,269,273,67,558,589,41,431,124,246,159,520,413,532,550,213,366,452,263,592,232,621,538,83,484,257,47,244,423,315,323,33,127,43,13,348,577,287,397,622,4,205,529,166,111,584,51,440,12,123,448,556,466,259,434,490,579,478,605,91,501,379,222,100,239,560,416,301,179,623,203,516,504,199,132,333,543,318,326,76,63,251,523,530,305,578,544,228,307,306,137,564,290,358,455,547,317,128,489,591,513,607,549,97,540,129,94,117,334,200,443,559,442,126,330,536,262,110,284,101,90,191,471,479,17,95,526,566,103,148,113,254,311,177,96,193,310,235,553,60,16,356,206,565,500,289,499,627,143,387,533,625,571,342,175,142,25,105,477,386,586,38,147,347,252,292,608,221,492,121,40,406,272,377,367,339,234,472,68,400,258,236,409,469,186,619,173,69,260,364,509,515,363,338,497,546,231,410,575,519,485,420,609,102,27,162,524,302,309,381,590,457,594,32,599,20,197,158,114,507,116,174,588,493,325,360,369,6,153,341,494,573,435,189,407,464,45,596,202,248,80,157,266,345,196,453,184,465,402,531,151,35,370,99,55,545,66,522,463,89,612,327,188,354,349,375,145,418,48,567,373,24,602,508,482,425,445,118,480,178,31,468,380,300,115,498,554,415,14,518,81,245,192,65,534,436,563,29,84,459,136,79,313,204,104,283,308,585,253,2,28,165,491,64,449,44,610,190,470,240,242,535,77,394,316,296,611,172,419,603,319,384,616,294,337,249,53,106,511,582,411,265,527,73,574,21,241,219,461,295,429,390,220,441,521,404,398,8,552,399",5000,100
3,0,76319.33104016454,1.7608870322924943,"164,256,141,51,584,440,12,86,361,601,562,183,225,561,486,495,282,371,91,605,478,123,271,138,72,439,185,57,328,541,170,167,166,529,205,622,4,111,269,273,67,558,589,41,431,246,124,520,413,532,550,213,366,452,263,592,232,621,538,83,484,47,257,244,423,315,33,127,323,43,13,577,348,287,397,276,181,458,218,135,626,19,11,237,351,168,224,171,438,383,46,568,149,39,427,194,9,187,572,382,516,203,100,222,379,501,199,504,441,49,624,243,424,70,233,42,214,408,488,133,512,112,362,548,451,278,496,447,388,230,430,215,454,207,476,131,268,473,385,318,120,176,437,223,570,340,587,528,54,22,23,87,620,96,193,113,311,254,526,95,17,471,479,90,191,600,352,502,298,542,85,144,288,261,169,505,483,247,5,401,396,250,279,569,267,581,177,103,566,148,417,163,18,334,200,284,262,110,101,559,443,330,126,442,536,523,530,305,544,578,228,307,317,128,489,591,549,97,540,129,404,521,60,235,553,310,372,16,356,206,565,195,274,422,499,627,289,500,387,533,625,571,342,175,25,105,477,367,339,234,472,142,453,184,465,402,531,463,522,66,545,55,99,370,35,151,319,419,603,611,384,616,595,37,107,618,62,312,593,389,78,226,7,270,555,395,460,368,34,21,241,574,73,303,576,227,432,74,139,506,26,583,617,3,297,405,209,304,75,156,462,93,125,547,455,326,76,63,251,119,336,481,314,36,98,130,551,392,320,10,580,421,350,475,606,321,365,281,355,598,88,376,212,277,150,180,414,216,161,604,525,557,58,467,359,412,335,155,92,490,579,434,259,466,448,556,399,552,398,514,182,8,159,239,623,179,301,416,560,446,109,264,108,332,211,461,295,429,229,510,333,132,543,208,293,160,539,374,242,535,204,77,394,65,192,245,436,534,81,554,415,14,518,498,172,602,508,482,425,468,178,31,567,480,118,445,24,373,470,240,313,283,308,253,585,2,28,165,491,64,48,418,145,190,610,44,449,354,375,188,327,612,89,349,106,53,249,294,337,380,300,115,316,29,84,459,563,136,79,104,378,428,393,456,511,582,411,265,527,343,238,154,450,117,94,513,607,143,345,196,202,248,80,157,266,292,588,493,325,360,369,6,492,121,40,406,386,586,38,147,347,68,258,236,400,409,469,186,619,260,364,509,515,363,338,309,381,590,497,546,410,231,575,519,158,114,197,20,599,594,457,485,420,609,102,27,524,162,302,173,69,596,45,494,573,435,189,407,464,377,272,174,116,507,32,608,221,252,153,341,537,614,198,82,217,134,390,220,50,146,322,71,613,152,285,426,275,219,324,517,15,210,299,291,137,306,290,564,487,52,56,255,59,444,346,403,597,353,286,357,61,329,280,433,30,503,474,615,201,358,122,344,391,140,296,331",5000,100
3,1,72017.3452098118,1.8117784970337985,"358,462,156,93,125,75,471,479,90,191,17,95,101,442,330,126,536,262,110,284,559,443,200,334,117,94,404,521,60,235,553,310,372,16,356,206,565,195,274,422,499,627,289,500,387,533,625,571,342,175,25,105,477,272,377,407,189,435,341,573,494,45,596,173,69,309,381,590,497,546,410,231,575,519,158,114,197,20,599,594,457,420,609,102,507,32,174,116,221,608,492,121,40,406,386,586,38,147,347,292,588,493,325,360,153,369,6,302,524,162,27,485,23,22,343,87,620,96,193,113,148,103,566,311,254,526,230,430,215,454,207,576,227,432,74,344,391,139,506,26,583,617,3,297,405,209,304,10,320,392,551,130,98,36,481,314,336,119,201,355,281,615,474,376,88,598,321,350,604,525,161,216,180,414,277,150,112,512,133,362,548,451,278,496,447,388,613,152,285,426,275,303,219,574,176,210,528,587,340,570,368,34,385,318,120,473,268,131,476,439,185,57,287,577,348,13,43,127,33,315,323,423,244,67,273,269,4,622,111,529,205,166,167,170,541,328,353,597,403,346,141,51,584,440,12,86,361,601,562,183,225,561,486,495,282,371,91,412,335,155,92,123,271,138,72,8,182,514,19,626,11,237,351,168,224,171,438,383,46,568,149,39,427,194,9,187,572,382,516,203,100,222,379,501,333,132,332,108,510,229,109,264,301,416,560,239,623,179,211,220,390,461,295,429,140,446,312,593,54,78,389,460,395,7,270,555,250,279,177,581,267,569,18,163,417,600,352,502,298,542,85,144,288,261,169,505,483,247,5,401,511,582,411,265,527,73,428,393,456,378,291,299,226,437,223,21,241,160,293,208,543,539,374,243,624,49,504,441,199,146,322,71,212,580,421,365,606,475,122,467,359,58,557,564,137,306,290,547,455,326,76,63,251,523,530,305,544,578,228,307,487,591,317,128,489,143,324,517,15,198,614,537,453,142,234,472,258,236,400,469,409,186,619,260,364,509,515,363,338,157,80,248,202,196,266,345,184,465,402,531,66,545,55,99,370,468,178,31,375,190,610,44,449,165,491,64,48,418,567,480,118,445,602,24,373,470,240,242,535,2,28,253,585,308,104,204,77,394,192,65,534,436,563,29,84,459,518,14,554,415,81,316,245,115,300,380,482,508,425,145,354,349,188,327,612,89,463,522,35,151,319,419,603,611,172,498,296,106,53,249,294,337,616,384,313,283,136,79,82,217,134,595,37,107,618,62,450,238,154,331,408,214,70,233,42,424,398,399,552,159,246,124,520,413,532,550,213,366,452,263,592,232,621,538,83,484,47,257,558,589,41,431,276,181,458,218,135,466,259,448,556,434,490,579,478,605,61,329,280,286,52,56,255,59,444,164,256,433,30,503,357,397,488,50,396,513,607,549,97,540,129,464,68,367,339,252",5000,100
3,2,71941.82602150888,2.5955898706959664,"112,512,133,362,548,451,278,496,447,388,230,430,215,454,207,476,268,131,120,473,385,318,34,368,570,223,437,176,210,528,587,340,7,226,460,395,555,140,446,264,109,510,229,108,332,211,301,416,560,239,100,222,501,379,504,441,516,203,382,572,194,9,187,149,39,427,70,233,42,214,408,488,331,399,552,159,413,532,550,213,366,452,263,592,232,621,538,83,484,47,257,558,67,273,269,4,622,111,529,205,166,167,170,541,328,440,12,86,361,601,562,183,225,561,486,495,282,371,605,478,490,579,434,259,466,448,556,181,458,218,135,626,19,11,237,351,168,224,171,438,383,46,568,132,199,333,543,208,293,160,539,374,243,424,624,49,525,161,216,180,414,277,150,350,604,475,122,467,359,58,412,335,155,92,91,317,128,489,591,129,540,97,549,513,607,94,404,521,60,235,553,310,372,16,324,517,15,343,22,23,87,620,96,193,113,148,103,566,311,254,526,95,17,471,479,90,191,600,352,502,298,542,85,144,288,261,169,505,483,247,5,401,396,250,279,569,267,581,177,378,428,393,456,78,593,54,154,312,238,450,62,618,107,37,595,134,217,82,198,614,537,453,142,175,25,105,477,272,377,407,189,435,341,573,494,45,596,173,69,260,364,509,515,363,338,497,546,410,231,575,519,485,420,609,102,27,524,162,369,6,493,325,360,153,464,68,400,258,236,469,186,619,409,202,196,266,345,184,465,402,531,66,545,55,99,370,468,178,31,375,190,610,44,449,165,491,64,48,418,567,480,118,445,482,508,602,24,373,470,240,242,535,2,28,253,585,308,283,313,104,204,77,394,192,65,534,436,563,29,84,459,518,14,554,415,81,316,245,79,136,425,145,354,349,188,327,612,89,463,522,35,151,319,419,603,384,616,296,106,53,249,294,337,380,300,115,172,498,611,527,73,303,576,227,432,74,344,391,139,506,26,583,617,3,405,209,304,10,297,320,598,355,281,615,474,376,88,321,365,606,557,564,137,306,290,547,455,326,76,63,251,523,530,305,544,578,228,307,487,8,182,514,50,146,322,71,613,152,285,426,275,219,21,241,574,299,511,582,411,265,291,117,262,110,284,126,442,330,536,101,559,443,200,334,314,481,36,358,462,93,125,75,156,130,98,201,119,336,551,392,143,387,533,625,571,342,472,234,339,367,406,386,586,38,147,347,292,588,174,116,507,32,594,457,158,114,197,20,599,252,40,121,492,221,608,302,381,590,309,248,80,157,195,274,422,499,627,289,500,565,206,356,18,163,417,597,403,346,141,51,584,503,30,433,164,256,255,59,444,353,286,52,56,357,185,72,439,280,329,61,271,138,276,577,348,13,43,127,33,315,323,423,244,589,41,431,246,124,520,389,429,295,461,390,220,179,623,270,421,580,212,57,287,397,398,123",5000,100
4,0,78180.60405958614,1.8612789968546444,"12,86,361,280,329,61,601,562,183,225,561,486,495,282,371,91,359,58,467,122,606,475,604,525,161,216,414,180,150,277,580,212,421,321,365,615,281,474,376,88,598,320,392,551,130,98,36,481,125,75,156,93,542,298,502,352,600,18,163,417,90,479,471,17,191,254,311,566,103,148,113,177,291,299,210,528,587,223,437,176,574,219,131,268,476,207,454,152,71,613,322,146,50,548,362,451,512,133,112,42,233,70,424,624,243,539,374,160,293,208,543,333,132,504,441,501,379,222,100,203,516,572,382,427,39,568,46,220,390,429,264,109,446,140,395,7,226,460,555,270,416,301,560,239,179,623,211,312,108,510,229,295,461,332,214,408,331,438,171,224,168,351,237,398,182,8,218,135,626,19,434,490,579,478,605,123,448,259,466,556,181,458,276,397,43,13,348,577,287,57,328,170,541,167,166,529,205,622,4,111,269,273,67,558,589,41,431,246,124,413,532,520,484,83,263,452,366,550,213,257,47,244,423,315,323,127,33,52,56,286,353,597,357,185,440,503,584,51,256,164,444,59,255,403,346,141,72,439,138,271,3,617,26,506,583,139,303,426,275,285,576,227,432,74,391,344,385,318,120,473,34,570,368,241,21,411,265,527,73,247,5,401,396,250,279,581,569,267,126,442,101,110,284,262,536,330,63,251,523,530,305,578,544,228,307,317,487,137,306,290,547,455,326,358,336,119,201,355,10,297,405,209,288,483,505,261,169,144,85,60,620,96,87,343,22,54,78,389,593,618,107,37,595,62,450,154,238,195,274,372,517,324,16,235,553,310,15,94,117,404,521,549,97,540,513,607,129,591,128,489,155,92,335,412,557,564,559,443,334,200,499,289,500,627,143,387,533,625,105,25,175,342,571,477,272,377,367,339,407,189,435,573,494,596,45,173,69,309,381,590,575,231,410,546,497,338,363,260,364,509,515,27,102,609,420,485,519,116,174,292,252,197,158,114,599,32,594,20,507,492,121,608,221,588,493,360,325,369,6,524,162,302,153,341,464,68,400,258,236,472,234,142,453,202,248,80,157,266,345,196,619,186,469,409,40,406,386,38,147,347,586,308,283,313,136,79,2,253,585,28,165,491,64,48,418,567,445,118,480,602,508,482,425,178,31,375,190,44,449,610,145,242,535,240,470,24,373,316,394,77,204,104,188,327,612,89,463,522,66,545,99,370,468,531,402,603,419,35,151,319,384,616,296,498,106,53,249,337,294,300,115,380,611,172,55,462,459,84,29,563,436,534,245,192,65,81,14,518,554,415,349,354,340,428,456,393,378,488,187,9,194,511,582,304,11,514,49,199,496,447,278,388,230,215,430,350,314,76,526,95,23,193,565,206,356,422,537,465,614,198,82,134,217,457,184,433,30,399,552,159,621,538,232,592,149,383",5000,100
4,1,74066.59078251463,1.9094967101177245,"271,72,439,138,259,466,556,181,276,458,218,135,8,398,399,552,159,413,532,550,213,257,47,244,423,287,577,348,13,43,323,33,127,315,484,83,592,232,621,538,269,273,67,558,589,41,431,246,124,520,452,366,263,166,529,205,622,4,111,52,56,286,353,597,403,141,51,584,503,433,164,444,59,255,440,12,86,361,280,329,61,123,478,605,371,282,495,486,561,225,183,562,601,346,357,185,57,328,170,541,167,30,256,397,126,442,101,110,284,559,443,200,334,513,607,549,97,540,129,94,117,404,521,193,620,96,87,23,22,343,54,78,389,593,312,446,140,555,270,7,226,460,395,570,368,34,473,120,131,268,476,207,454,430,215,230,388,496,447,278,71,613,322,146,50,548,362,451,512,133,112,150,277,212,580,421,350,321,365,615,474,376,88,598,320,392,551,130,98,36,481,314,119,201,336,122,606,475,604,525,161,216,414,180,488,408,214,42,233,70,424,624,49,572,382,441,504,199,132,333,543,208,293,160,374,539,243,149,46,220,568,39,427,194,9,187,331,438,171,224,168,351,237,11,19,626,514,182,506,583,139,3,617,26,265,527,73,303,426,275,285,576,227,432,74,391,344,385,318,379,501,222,100,203,516,144,288,261,169,483,505,247,5,401,396,250,279,569,267,581,177,291,299,210,528,456,393,428,378,223,437,176,574,241,21,219,582,411,511,487,137,564,306,290,547,455,326,76,63,251,523,530,305,544,578,228,307,317,155,92,335,412,557,58,359,467,91,128,489,591,143,387,533,625,571,342,175,142,472,234,236,258,400,68,409,469,186,619,173,69,309,381,590,575,231,410,546,497,338,363,260,364,509,515,80,157,266,196,202,248,596,45,494,341,153,369,6,493,360,325,608,221,492,121,40,406,386,586,38,147,347,477,105,25,367,377,272,339,464,407,189,435,573,457,485,519,420,609,102,27,162,302,524,507,116,174,588,292,252,197,158,114,599,32,594,20,289,627,499,372,16,235,553,60,356,206,565,500,537,422,195,274,450,62,618,107,37,595,134,217,82,198,614,154,238,15,517,324,417,163,18,600,352,502,298,542,85,90,479,471,17,191,95,526,311,103,566,148,113,254,310,297,10,405,209,304,156,93,125,75,462,281,355,152,465,184,345,380,300,115,35,151,319,603,419,172,611,384,616,28,165,491,64,44,610,449,145,418,48,567,445,118,480,24,373,470,240,242,535,2,253,585,308,283,313,136,79,459,84,29,436,563,534,245,192,65,81,316,394,77,204,104,188,327,612,89,463,522,66,545,99,370,468,425,482,508,602,349,354,375,190,178,31,55,296,106,53,249,337,294,415,554,14,518,498,340,587,536,330,262,358,434,490,579,448,211,332,108,510,229,429,109,264,416,239,179,623,301,560,461,295,390,531,402,453,383",5000,100
4,2,72657.29725547043,1.9796224283124513,"448,434,466,259,556,181,276,458,218,135,626,19,11,514,182,8,398,399,552,159,413,532,550,213,366,452,592,232,621,538,484,83,244,423,315,33,127,323,397,348,577,287,57,357,346,141,51,584,503,433,164,444,59,255,286,353,597,403,328,170,541,43,13,111,622,4,205,529,166,167,52,56,558,589,41,431,246,124,520,257,47,67,269,273,161,216,414,180,150,277,112,512,133,548,362,451,293,160,539,374,243,424,624,49,194,427,39,568,149,46,220,390,295,461,332,108,510,229,429,109,264,416,560,239,100,222,501,379,34,473,385,318,120,131,268,476,207,454,430,215,230,388,496,447,278,152,71,613,322,146,50,212,580,421,350,604,525,475,606,122,336,119,201,36,481,314,358,455,547,290,306,137,564,557,58,359,467,91,412,487,335,155,92,282,371,490,579,478,605,123,271,138,72,439,329,61,280,361,86,12,601,562,183,225,561,486,495,169,261,85,144,288,483,505,247,5,401,396,250,279,569,267,581,177,125,75,156,93,462,304,209,405,297,10,392,551,130,98,281,355,598,320,256,440,185,351,168,224,171,438,383,331,187,9,572,382,516,203,504,199,441,132,333,543,208,391,344,227,432,74,3,617,26,506,583,139,303,73,527,265,411,582,511,299,210,528,587,340,570,223,437,176,574,241,21,219,426,275,285,576,471,479,191,90,298,502,352,163,18,600,417,103,526,95,17,126,442,101,330,536,262,110,284,559,443,200,334,521,404,94,117,540,97,549,513,607,129,591,128,489,317,307,228,578,544,305,530,523,251,63,76,326,542,612,89,327,188,349,354,375,190,145,418,48,567,480,118,445,482,508,602,373,470,240,242,535,77,394,316,415,554,14,518,498,115,35,151,319,603,419,172,611,384,616,402,531,463,522,66,545,55,99,370,468,178,425,380,300,337,294,249,53,106,296,136,79,313,283,308,585,253,2,534,436,563,29,84,459,104,204,449,44,610,31,24,81,245,192,65,64,491,28,165,311,566,148,113,254,193,620,96,87,23,22,343,54,78,389,593,312,446,140,555,270,7,226,460,395,378,291,456,393,428,368,623,179,211,301,274,195,422,499,627,500,289,60,356,206,565,107,37,595,134,217,82,198,614,537,453,142,175,342,571,477,105,25,472,234,339,367,377,272,406,40,121,492,221,608,588,174,116,507,32,594,599,20,197,158,114,575,231,410,546,497,338,363,381,590,309,69,260,364,509,515,80,157,266,196,345,184,465,235,553,310,372,16,324,517,15,62,618,154,238,376,88,321,365,615,474,408,214,42,233,70,143,387,533,625,493,360,325,369,6,27,162,524,302,609,102,420,485,519,457,292,252,38,147,347,586,386,68,409,469,186,619,173,596,45,494,573,189,435,341,153,407,464,400,258,236,202,248,450,488,237,263,30",5000,100
4,3,72341.6866622111,2.123632277393329,"532,413,550,213,159,399,552,224,168,351,237,11,514,182,8,398,135,626,19,434,336,119,201,281,355,598,320,392,551,130,98,36,481,314,358,455,547,290,306,137,564,557,412,487,307,228,578,544,305,530,523,251,63,76,326,330,126,442,101,559,443,200,334,521,404,94,117,540,97,549,513,607,129,591,128,489,317,155,92,282,371,490,579,161,216,414,180,150,277,580,212,421,350,321,365,615,474,376,88,322,146,50,548,362,112,512,133,488,233,70,42,624,49,572,382,516,203,100,222,501,379,34,385,318,120,473,268,131,476,207,454,430,215,230,388,496,447,278,152,71,613,617,26,506,583,139,3,391,344,74,432,227,576,426,275,285,73,303,582,511,411,265,527,5,401,396,250,279,569,267,581,177,291,299,210,528,587,340,570,223,437,176,574,241,21,219,16,372,310,235,553,60,356,206,565,500,289,627,499,422,537,453,142,472,234,339,367,377,272,406,386,586,38,147,347,477,105,25,175,342,571,625,387,533,186,619,173,69,260,364,509,515,363,338,497,546,410,231,575,457,485,519,420,609,102,116,507,32,594,599,20,197,158,114,162,524,302,27,369,6,493,608,221,492,121,40,292,252,588,174,325,360,153,341,573,494,45,596,469,409,400,258,236,464,407,189,435,68,184,345,196,202,248,80,157,266,238,154,62,618,107,37,595,134,217,82,198,614,274,195,517,324,15,343,54,78,389,593,312,446,140,555,270,7,226,460,395,378,22,23,87,620,96,193,113,311,566,103,148,254,526,95,191,90,479,471,17,304,209,405,297,10,483,505,247,288,261,169,144,85,542,298,502,352,600,18,163,417,451,293,160,539,374,243,424,333,132,199,504,441,450,465,151,319,603,419,172,611,296,498,518,14,554,415,81,245,192,65,104,204,77,394,316,470,240,242,535,2,28,165,491,64,253,585,308,283,313,136,79,563,29,84,459,53,249,337,294,106,522,463,531,402,89,188,327,612,349,354,375,190,610,449,44,418,48,567,480,118,445,482,508,602,425,178,31,468,370,115,300,380,35,99,55,66,545,179,623,301,560,416,239,211,332,108,510,229,429,109,264,9,187,149,46,220,568,39,427,194,331,214,408,284,110,262,536,93,125,75,462,156,606,475,604,525,433,30,256,164,444,59,255,286,353,597,403,346,141,51,584,503,440,12,86,361,280,329,61,271,138,72,439,287,57,328,170,541,167,166,529,205,622,4,111,269,273,67,558,589,41,431,246,124,520,452,263,592,232,621,538,83,484,47,257,244,423,315,33,127,323,397,348,577,43,13,276,458,181,556,466,259,448,605,478,123,218,171,438,383,393,428,456,543,208,368,486,495,561,225,183,562,601,185,357,52,56,366,122,467,58,359,91,335,143,616,384,145,373,24,436,534,295,461,390,590,381,309",5000,100
4,4,77004.0846834945,1.897557150785153,"183,562,601,86,361,280,329,61,271,138,72,439,57,328,170,541,43,13,348,577,287,276,556,181,458,218,135,626,19,11,514,182,8,398,399,552,159,124,520,413,532,550,213,366,452,263,592,232,621,538,83,484,47,257,244,423,315,33,127,323,397,167,166,529,205,622,4,111,269,273,67,558,589,41,431,246,58,359,467,91,478,605,123,448,259,466,434,490,579,161,216,414,180,150,277,580,421,350,321,365,615,474,376,88,598,320,392,551,130,98,36,481,314,119,201,336,122,606,475,604,525,355,281,297,10,304,209,288,261,169,483,505,247,5,401,396,250,279,569,267,581,177,148,103,566,311,254,526,95,17,471,479,191,90,298,542,85,144,527,265,411,582,511,299,210,528,587,340,570,223,437,176,574,241,21,219,426,275,285,576,227,432,74,391,344,26,506,583,139,3,617,405,462,156,93,125,75,600,352,502,417,163,18,303,73,476,207,454,430,215,230,388,496,447,278,152,71,613,322,146,50,451,293,160,539,374,243,424,624,49,572,382,516,203,504,441,132,333,543,208,318,120,473,268,131,393,456,428,378,291,87,23,22,343,54,78,389,593,312,446,140,555,270,7,226,460,395,404,521,60,356,206,565,500,289,627,499,422,274,195,517,324,372,310,235,553,620,96,193,113,16,450,62,618,107,37,595,134,217,82,198,614,537,453,142,175,342,571,477,105,25,472,234,339,367,377,272,406,386,586,38,147,347,153,341,573,494,45,596,173,69,260,364,509,515,80,157,266,196,202,248,619,186,469,409,400,68,258,236,464,407,189,435,252,588,174,116,507,32,594,599,20,197,158,114,575,231,410,546,497,338,363,381,590,309,102,609,420,485,519,457,292,40,121,492,221,608,493,325,360,369,6,27,162,524,302,335,155,92,371,282,495,486,561,225,185,357,346,141,51,584,503,433,164,444,59,255,56,52,286,353,597,403,256,440,12,390,220,568,46,383,438,171,224,168,351,237,331,187,149,39,427,194,9,510,229,429,109,264,416,560,239,179,623,301,211,332,108,228,307,317,128,489,143,387,533,625,290,547,455,326,76,251,63,523,530,305,544,578,126,442,101,110,284,559,443,200,334,513,607,129,94,117,540,97,549,591,412,487,137,564,306,385,34,379,501,222,100,368,373,470,240,242,535,2,253,585,308,283,313,136,79,563,29,84,459,53,249,337,294,415,554,14,518,498,115,300,380,508,602,480,118,445,24,81,245,192,65,534,436,384,603,419,172,611,296,106,522,463,531,402,465,184,345,295,461,262,536,330,358,557,44,610,64,48,418,145,375,190,354,349,327,612,89,188,31,178,425,482,99,55,545,66,35,151,319,370,468,449,491,165,28,77,394,316,104,204,567,154,238,15,70,42,233,488,133,512,112,362,548,212,214,408,616,30,199",5000,100
4,5,72602.51827771965,2.080383586689867,"287,13,43,541,328,170,167,166,529,205,622,4,111,269,273,67,558,589,41,431,246,124,520,413,532,550,213,366,452,263,592,232,621,538,83,484,47,257,244,423,315,33,127,323,397,348,577,72,439,57,185,357,346,141,51,584,503,433,30,256,164,444,59,255,56,52,286,353,597,403,440,12,361,86,601,562,183,225,561,486,495,282,371,91,359,467,58,557,412,487,335,155,92,605,123,271,138,259,466,556,181,458,218,135,626,19,11,514,182,8,398,399,552,159,168,351,237,331,214,408,488,233,70,424,624,49,572,382,516,203,504,441,132,333,199,222,501,379,34,385,318,120,473,268,131,476,207,454,430,215,230,388,496,447,278,152,71,613,322,146,50,548,362,451,512,133,112,150,277,212,580,421,350,321,365,615,474,376,88,598,320,392,551,130,98,36,481,314,119,201,336,122,606,475,604,525,161,216,414,180,513,607,110,284,262,536,330,442,101,559,443,200,334,521,404,94,117,540,97,549,129,591,128,489,317,307,228,578,544,305,530,523,251,63,76,326,358,455,547,290,306,137,564,126,18,163,417,600,352,502,298,542,85,144,288,261,169,483,505,247,5,401,396,250,279,569,267,581,177,291,299,210,528,587,340,570,223,437,176,574,241,21,219,426,275,285,576,227,432,74,391,344,26,506,583,139,3,617,405,297,10,304,209,156,93,125,75,462,281,355,265,411,582,511,378,456,393,428,566,103,148,113,254,193,620,96,87,23,22,343,54,78,389,593,312,446,140,555,270,7,368,226,460,395,565,500,289,627,499,422,274,195,517,324,16,372,310,235,553,60,356,206,15,62,618,107,37,595,134,217,82,198,614,537,453,142,175,342,571,625,387,533,186,469,409,400,258,68,464,407,189,435,341,573,494,45,596,173,69,260,364,509,515,363,338,497,546,410,231,575,457,594,599,32,20,197,158,114,507,116,174,325,360,369,6,493,608,221,492,121,40,292,588,27,162,524,302,153,309,102,609,420,485,519,590,381,386,586,38,147,347,477,105,25,472,234,339,367,377,272,406,252,619,236,202,248,80,157,266,196,345,184,465,616,384,603,419,172,611,296,498,518,14,554,415,81,245,192,65,534,436,563,29,84,459,136,79,313,283,308,585,253,2,28,165,491,64,48,567,418,145,375,190,610,449,44,425,482,508,602,480,118,445,24,373,470,240,242,535,77,394,316,380,300,115,35,151,319,370,468,178,31,55,545,66,522,463,531,402,89,327,612,188,349,354,461,295,390,220,568,46,39,427,194,9,187,149,383,438,171,224,243,539,374,160,293,208,543,416,301,623,179,211,332,108,510,229,429,109,264,239,560,100,490,579,478,276,329,61,280,434,448,73,527,238,154,450,526,95,191,90,479,471,17,311,303,104,204,106,53,249,337,294,99,42,143",5000,100
4,6,71923.01648450193,2.2785153568508068,"57,185,357,346,141,51,584,503,433,164,444,59,255,56,52,286,353,597,403,256,440,12,86,361,280,329,61,271,138,72,439,287,13,348,577,43,541,328,170,167,166,529,205,622,4,111,269,273,67,558,589,41,431,246,124,520,413,532,550,213,366,452,263,592,232,621,538,83,484,47,257,244,423,315,33,127,323,397,458,181,276,556,466,259,448,434,490,579,478,605,123,218,135,626,19,11,514,182,8,398,237,351,168,224,171,438,383,46,220,568,149,39,427,194,9,187,331,214,408,488,133,112,512,362,451,548,344,391,74,432,227,576,426,275,285,207,454,430,215,230,388,496,447,278,152,71,613,322,146,50,212,580,421,350,321,365,615,474,376,88,598,320,392,551,130,98,36,481,314,119,201,336,122,606,475,604,525,161,216,414,180,150,277,355,281,297,10,304,209,405,617,26,506,583,139,3,144,288,261,169,483,505,247,5,401,396,250,279,569,267,581,177,291,299,210,528,587,340,570,223,437,176,574,241,21,219,131,268,476,318,120,473,385,34,379,501,222,100,239,560,416,301,623,179,211,332,108,510,229,429,109,264,446,140,555,270,7,226,460,395,389,593,312,238,154,62,618,107,37,595,134,217,82,198,614,537,453,142,175,342,25,472,234,339,367,377,272,406,386,586,38,147,347,477,105,469,409,400,68,258,236,464,407,189,435,573,494,45,596,173,69,260,364,509,515,80,157,266,196,202,248,619,186,309,381,590,420,485,519,457,594,599,32,20,197,158,114,575,231,410,546,497,338,363,524,162,302,27,102,609,588,174,116,507,492,121,40,292,252,369,6,493,360,325,608,221,153,341,199,441,504,132,333,543,208,293,160,539,374,243,424,624,49,572,382,516,203,456,393,428,378,22,343,54,78,356,206,565,500,289,627,499,422,274,195,517,324,16,372,310,235,553,60,620,96,87,23,113,148,103,566,311,254,193,526,95,191,90,479,471,17,126,442,101,559,443,200,334,521,404,94,117,540,97,549,513,607,129,591,128,489,317,155,92,335,412,487,137,564,557,58,359,467,91,371,282,495,486,561,225,183,562,601,30,125,75,156,93,462,326,76,251,63,523,530,305,544,578,228,307,306,290,547,455,358,536,330,262,110,284,15,450,465,616,384,603,419,172,611,296,106,53,249,337,294,29,84,459,136,79,313,283,308,585,253,2,28,165,491,64,48,567,418,44,610,470,240,242,535,77,394,316,81,245,192,65,534,436,563,522,463,531,402,89,188,327,612,349,354,375,190,145,31,178,425,482,508,602,480,118,445,24,373,380,300,115,35,99,55,545,66,370,468,151,319,498,518,14,554,415,204,104,449,73,303,582,511,411,265,527,502,298,542,85,600,18,163,417,352,233,70,42,399,552,159,143,387,533,625,571,184,345,368,461,295,390",5000,100
5,0,72199.89652986322,2.6130434109996328,"30,440,584,503,433,56,52,286,255,59,444,164,256,141,346,357,185,57,287,577,348,13,43,127,33,323,315,423,244,484,83,592,232,621,538,263,452,366,550,213,257,47,67,558,589,41,431,246,124,520,413,532,159,399,552,224,171,438,383,46,568,149,9,187,194,427,39,543,333,132,199,504,441,203,516,382,572,49,624,424,70,233,42,214,408,488,133,512,112,277,150,180,414,362,548,451,50,146,322,71,613,152,74,432,227,344,391,3,617,405,209,304,130,551,392,320,10,297,90,191,17,471,479,526,254,113,148,103,566,311,18,600,352,502,298,542,85,288,144,169,261,483,505,247,5,401,396,250,279,569,267,163,417,581,177,60,553,235,310,372,16,324,517,15,356,206,565,500,289,627,499,143,387,625,533,571,342,175,142,453,537,422,195,274,450,62,618,107,37,595,134,217,82,198,614,465,402,531,522,463,89,612,327,188,349,354,190,610,44,449,165,28,2,585,253,308,283,313,104,204,77,394,316,81,14,518,498,415,554,192,245,534,65,79,136,563,436,29,84,459,106,53,249,294,337,296,115,300,380,24,373,470,240,242,535,48,567,480,602,508,482,425,445,118,178,31,468,55,545,66,151,319,603,419,172,611,384,616,35,370,99,418,64,491,145,375,234,472,25,105,477,386,586,38,147,347,40,121,492,221,608,493,369,6,27,162,524,302,309,381,590,102,32,599,20,197,158,114,457,594,609,420,485,519,575,231,410,546,497,363,338,515,509,364,260,69,173,596,45,494,573,341,153,360,325,588,292,252,507,116,174,407,189,435,464,68,258,236,400,469,409,186,619,202,248,80,157,266,196,345,184,521,404,117,94,549,97,540,129,513,607,591,128,489,317,155,92,335,91,412,557,487,307,137,564,306,290,547,455,326,76,251,63,523,530,305,544,578,262,110,284,101,442,126,330,536,559,334,200,443,95,374,539,160,293,208,207,454,430,215,230,388,496,447,278,525,604,161,216,350,321,365,606,475,122,467,359,58,490,579,434,466,259,448,556,181,458,218,135,182,8,398,514,11,19,626,276,72,138,271,329,61,86,361,12,280,439,205,622,4,111,529,166,167,170,541,328,353,597,403,51,269,273,281,615,474,376,88,212,580,421,21,241,176,437,223,368,570,340,587,210,528,456,393,428,378,291,299,511,582,411,265,527,73,574,219,476,268,131,120,473,385,318,34,379,501,222,100,239,623,179,301,416,560,332,211,429,109,264,140,446,312,238,154,343,54,593,389,78,226,7,270,555,395,460,243,96,193,620,87,23,22,377,367,339,406,272,108,510,229,461,295,390,220,331,237,168,351,314,119,201,336,481,36,93,125,75,462,156,358,98,355,598,26,506,583,139,303,576,285,426,275,228,371,605,478,123,282,495,486,561,225,562,183,601,397",5000,100
5,1,73390.75885991419,1.6680951178856827,"486,495,282,371,605,478,490,579,434,466,259,448,556,181,458,276,397,348,577,287,13,43,127,33,323,315,423,244,484,83,592,232,621,538,263,452,366,550,213,257,47,273,269,111,4,622,205,529,166,167,170,541,328,353,286,403,597,346,357,185,57,558,589,41,431,246,124,520,413,532,159,399,552,224,171,438,383,46,568,149,9,187,194,427,39,539,374,243,424,70,233,42,214,408,488,133,512,112,277,150,180,414,362,548,451,50,146,322,71,613,152,74,432,227,344,391,576,285,426,275,303,73,574,219,21,241,176,437,223,368,570,340,587,210,528,456,393,428,378,291,299,511,582,411,265,527,247,5,401,396,250,279,581,569,267,163,417,18,600,352,502,298,542,85,288,144,169,261,483,505,506,583,26,139,3,617,405,209,304,130,551,392,320,10,297,230,388,496,447,278,454,430,215,476,268,131,120,473,385,318,543,333,132,199,504,441,203,516,382,572,49,624,331,237,11,19,626,514,182,8,398,350,321,365,606,475,525,604,161,216,580,421,474,376,88,212,598,355,281,615,36,481,314,119,336,201,98,122,467,359,58,412,557,487,335,155,92,128,489,317,591,129,94,117,404,521,60,553,235,310,372,16,324,517,15,356,206,565,500,289,627,499,533,625,387,143,513,607,549,97,540,284,101,442,126,330,536,262,110,559,334,200,443,95,526,254,113,193,620,96,87,23,22,343,54,593,78,389,460,226,7,270,555,395,140,446,109,264,108,510,229,332,211,301,416,560,239,623,179,100,222,501,379,34,390,461,295,429,312,238,154,62,618,107,37,595,134,217,82,198,614,274,195,422,537,453,142,25,105,477,386,586,38,147,347,369,6,27,162,524,302,309,381,590,519,575,231,410,546,497,363,338,515,509,364,260,69,173,596,45,494,573,341,153,360,325,608,221,492,121,40,406,272,377,367,339,234,472,236,68,258,400,469,409,186,619,464,407,189,435,493,588,292,252,507,116,174,20,197,158,114,599,32,594,457,609,420,485,102,248,80,157,266,196,202,345,184,465,402,531,522,463,89,612,327,188,349,354,190,375,145,418,48,567,480,602,508,482,425,445,118,24,373,470,240,242,535,77,394,316,81,14,518,498,415,554,192,245,534,65,436,563,29,84,459,136,79,283,308,585,253,2,28,165,491,64,449,44,610,151,319,603,419,172,611,296,106,53,249,294,337,545,66,55,99,370,468,380,300,115,35,178,31,616,384,204,104,313,306,290,547,455,326,76,251,63,523,530,305,544,578,228,307,137,564,191,17,471,479,90,125,75,462,156,93,358,177,148,103,566,311,30,440,584,503,433,56,255,59,444,164,256,141,51,439,72,138,271,329,61,86,361,12,601,562,183,225,561,450,342,175,571,293,208,207,160,220,351,168,218,135,91,280,123,52,67",5000,100
5,2,72389.92112820927,2.2884682162659598,"280,61,329,271,138,439,72,123,282,371,605,478,490,579,434,466,259,448,556,181,458,276,397,348,13,43,127,33,323,315,423,244,484,83,592,232,621,538,263,452,366,550,213,257,47,273,269,111,4,622,205,529,166,167,170,541,328,353,597,52,56,255,59,444,164,256,141,346,357,185,57,287,577,431,246,124,520,413,532,159,399,552,224,171,438,383,46,568,149,9,187,194,427,39,539,374,243,424,624,49,382,572,211,301,416,560,239,623,179,100,222,501,379,34,385,318,120,473,131,268,476,285,426,275,576,227,344,391,3,617,405,209,304,130,551,392,320,598,355,281,615,474,376,88,212,580,421,350,321,365,606,475,525,604,161,216,414,180,150,277,112,512,133,548,451,50,146,322,71,613,152,74,432,303,73,574,219,21,241,176,437,223,368,570,340,587,210,528,456,393,428,378,291,299,511,582,411,265,527,506,583,26,139,177,148,103,566,311,254,113,193,620,96,553,235,310,372,16,324,517,15,356,206,565,500,289,627,499,533,625,571,342,175,142,25,105,477,386,586,38,147,347,406,40,121,492,221,608,493,369,6,27,162,524,302,309,381,590,519,485,420,609,102,507,116,174,588,292,252,457,594,32,599,20,197,158,114,575,231,410,546,497,363,338,515,509,364,260,69,173,596,45,494,573,341,153,360,325,435,464,407,189,272,377,367,339,234,472,236,400,258,68,409,186,619,202,248,80,157,266,196,345,184,465,82,198,614,274,450,62,618,107,37,595,134,217,429,109,264,108,510,229,332,479,90,191,17,471,75,93,125,462,156,358,326,76,251,63,523,530,305,544,578,228,307,137,564,306,290,547,455,412,557,487,335,155,92,128,489,317,591,129,94,117,404,521,60,154,238,312,446,140,389,78,54,593,343,22,23,87,526,95,443,559,334,200,110,284,101,442,126,330,536,262,119,201,336,481,314,98,36,10,297,288,144,169,261,483,505,247,5,401,396,250,279,581,569,267,163,417,18,600,352,502,298,542,85,207,454,430,215,230,388,496,447,278,362,488,233,70,42,214,408,331,237,168,351,398,514,182,8,218,135,626,19,11,549,97,540,122,467,359,58,91,503,433,30,601,562,183,225,561,486,495,86,361,12,440,584,51,403,286,41,558,589,67,333,132,199,504,441,203,516,543,208,293,160,220,390,461,295,115,172,611,296,106,53,249,294,337,459,84,29,563,436,534,65,192,245,136,79,283,308,585,253,2,28,165,491,64,418,48,567,480,602,508,482,425,445,118,24,373,470,240,242,535,77,394,316,81,14,518,498,415,554,610,190,375,145,178,31,468,370,99,55,545,66,522,463,89,612,327,188,349,354,531,402,384,616,603,419,319,151,35,380,300,449,44,313,104,204,195,422,537,453,395,460,226,7,270,555,607,513,143,387,469",5000,100
5,3,72165.20505736273,2.7404039938641853,"413,532,159,399,552,224,351,168,237,11,19,626,514,182,8,398,133,512,112,277,150,180,414,362,548,451,50,146,322,71,613,152,74,432,227,576,285,426,275,303,73,574,219,21,241,176,437,223,368,570,340,587,210,528,456,393,428,378,291,299,511,582,411,265,527,247,505,506,583,26,139,3,617,405,297,10,551,392,320,598,355,281,615,474,376,88,212,580,421,350,321,365,606,475,525,604,161,216,123,271,138,439,72,280,61,329,86,361,12,440,584,503,433,30,601,562,183,225,561,486,495,282,371,605,478,490,579,434,466,259,448,556,181,458,276,397,348,577,287,13,43,127,33,323,315,423,244,484,83,592,232,621,538,263,452,366,550,213,257,47,273,269,111,4,622,205,529,166,167,170,541,328,57,185,597,353,286,403,51,256,141,346,357,135,218,67,558,589,41,431,246,124,520,52,56,255,59,444,164,396,250,279,581,569,267,163,417,18,600,352,502,298,542,85,288,144,169,261,483,93,125,75,304,130,98,36,481,314,119,336,201,156,462,95,443,559,334,200,110,284,101,442,126,330,536,262,578,228,307,137,564,306,290,547,455,326,76,251,63,523,530,305,544,479,90,191,17,471,94,117,404,521,60,553,235,310,372,16,324,517,15,356,206,565,500,289,627,499,143,387,625,533,571,342,175,142,453,537,422,195,274,450,62,618,107,37,595,134,217,82,198,614,465,184,345,266,196,202,248,80,157,509,364,260,69,173,596,45,494,573,341,153,360,325,588,292,252,507,116,174,20,197,158,114,575,231,410,546,497,363,338,515,186,619,409,400,258,236,68,464,407,189,435,493,369,6,27,162,524,302,309,381,590,519,485,420,609,102,457,594,32,599,469,234,472,25,105,477,386,586,38,147,347,406,272,377,367,339,129,513,607,549,97,540,591,128,489,317,155,92,335,91,412,557,487,122,467,359,58,358,177,148,103,566,311,254,526,374,539,160,293,208,543,333,132,199,504,441,203,516,382,572,49,624,424,70,233,42,214,408,488,9,187,194,39,427,211,301,416,560,239,623,179,100,222,501,379,34,385,318,120,473,131,268,476,430,215,230,388,496,447,278,207,454,243,344,391,5,401,113,193,620,96,87,23,22,343,54,593,78,226,7,270,555,395,460,140,446,109,264,108,510,229,332,429,312,238,154,402,531,522,463,89,612,327,188,349,354,190,375,145,418,48,567,480,602,508,482,425,445,118,24,373,470,240,242,535,77,394,316,81,14,518,498,415,554,192,245,534,65,436,563,29,84,459,136,79,283,308,585,253,2,28,165,491,64,44,610,449,104,204,313,545,66,55,99,370,468,380,300,115,172,611,384,616,603,419,319,151,35,178,31,295,461,390,220,568,149,46,383,331,171,438,294,337,249,53,106,296,389,209,221,608,492,121,40",5000,100
5,4,71715.97148073305,4.782619618286942,"254,113,193,620,96,87,23,22,343,54,593,78,389,460,226,7,270,555,395,140,446,109,264,108,510,229,332,211,301,416,560,239,623,179,100,222,501,379,34,385,318,120,473,131,268,476,285,426,275,303,73,574,219,21,241,176,437,223,368,570,340,587,210,528,456,393,428,378,291,299,511,582,411,265,527,247,5,401,396,250,279,581,569,267,163,417,18,600,352,502,298,542,85,288,144,169,261,483,505,506,583,26,139,3,617,405,209,304,130,551,392,320,598,355,281,615,474,376,88,212,580,421,350,321,365,606,475,525,604,161,216,414,180,150,277,112,512,133,548,451,50,146,322,71,613,152,74,432,227,344,391,297,10,98,36,481,314,119,201,336,358,326,76,251,63,523,530,305,544,578,228,307,137,564,306,290,547,455,462,156,93,125,75,90,191,17,471,479,526,95,443,559,334,200,110,284,101,442,126,330,536,262,591,128,489,317,155,92,335,91,412,557,487,122,467,359,58,490,579,434,466,259,448,556,181,458,276,397,348,13,43,127,33,323,315,423,244,484,83,592,232,621,538,263,452,366,550,213,257,47,273,269,111,4,622,205,529,166,167,170,541,328,353,286,255,59,444,164,256,141,346,357,185,57,287,577,72,138,271,329,61,86,361,12,440,584,51,433,30,601,562,183,225,561,486,495,282,371,605,478,123,52,56,403,597,159,399,552,224,351,168,237,11,19,626,514,182,8,398,214,408,488,233,42,70,424,624,49,243,374,539,160,293,208,543,333,132,199,504,441,203,516,382,572,194,427,39,149,568,46,220,390,461,295,429,312,238,154,62,618,107,37,595,134,217,82,198,614,465,184,345,266,196,202,248,80,157,509,364,260,69,173,596,45,494,573,341,153,360,325,608,221,492,121,40,252,507,116,174,588,292,20,197,158,114,599,32,594,457,420,485,519,575,231,410,546,497,363,338,515,186,619,464,407,189,435,493,369,6,27,162,524,302,309,381,590,102,609,406,272,377,367,339,234,472,25,105,477,386,586,38,147,347,571,342,175,142,453,537,422,195,274,450,177,148,103,566,311,60,553,235,310,372,16,324,517,15,356,206,565,500,289,627,499,533,625,387,143,513,607,549,97,540,129,94,117,404,521,207,454,430,215,230,388,496,447,278,362,187,9,55,99,370,468,380,300,115,35,151,319,603,419,172,611,384,616,402,531,522,463,89,612,327,188,349,354,190,610,44,449,165,491,64,418,48,567,480,602,508,482,425,445,118,178,31,375,145,373,470,240,242,535,136,79,283,308,585,253,2,28,204,104,313,394,316,81,14,554,415,518,498,296,106,53,249,294,337,459,84,29,563,436,534,65,192,245,77,24,545,66,431,246,124,520,413,532,67,558,589,41,576,383,331,171,438,503,280,439,135,218,258,236,400,469,409,68",5000,100
6,0,78030.62590625639,1.7608870322924943,"361,601,562,183,225,561,486,495,622,4,111,529,205,166,52,56,255,444,59,141,346,357,597,353,286,403,256,164,433,30,12,584,51,503,131,268,476,120,473,385,34,379,501,222,100,239,179,623,560,416,301,332,510,108,140,109,264,446,390,461,295,429,229,217,82,134,595,37,107,618,62,450,312,593,54,78,389,460,395,555,270,7,226,368,570,340,587,566,311,103,148,254,113,193,620,96,553,235,310,16,372,517,15,324,356,206,565,289,500,627,499,422,537,453,142,175,342,571,625,387,533,143,317,128,489,591,129,540,97,549,513,607,94,117,404,521,60,101,442,126,330,536,523,63,251,76,326,544,578,305,530,262,110,284,334,200,559,443,526,95,191,90,479,471,17,542,298,502,169,261,505,247,5,582,511,401,396,250,279,581,569,267,18,163,417,600,352,483,288,144,85,75,304,551,130,392,320,598,355,281,615,474,376,88,606,336,119,201,98,36,481,314,358,455,547,290,306,137,564,487,335,155,92,371,91,412,359,467,58,557,122,321,365,350,421,604,525,161,216,488,408,214,42,233,70,424,374,243,624,49,382,572,516,203,504,132,333,199,539,543,208,293,160,278,388,496,447,322,146,50,71,613,152,207,454,303,527,265,411,73,574,21,241,219,426,275,576,285,344,391,74,432,227,171,438,383,46,568,149,626,19,11,514,182,8,218,135,398,237,168,351,224,399,552,13,348,577,287,185,439,72,138,271,329,61,280,397,43,127,33,323,315,423,244,47,257,67,273,269,484,83,263,592,232,538,532,413,520,124,246,159,213,366,550,452,621,458,181,276,556,448,259,466,434,490,579,475,331,512,112,133,180,414,277,150,580,212,362,548,451,437,176,210,528,456,393,428,378,291,299,223,343,87,23,22,53,249,294,337,518,14,554,415,81,316,394,77,204,104,308,585,253,2,28,165,491,64,48,418,567,480,482,425,178,31,145,44,610,449,190,375,354,349,327,612,89,463,522,66,545,99,370,35,151,319,603,419,172,611,296,498,115,300,380,602,508,24,373,470,240,242,535,29,84,459,136,79,313,283,65,192,245,534,436,563,106,384,616,402,531,248,80,157,266,345,196,202,45,596,573,494,341,435,407,189,464,68,409,469,186,619,260,364,509,515,363,338,590,381,497,546,575,231,410,457,420,485,519,302,524,162,27,102,609,493,608,221,492,121,40,406,386,586,38,147,347,25,105,477,236,258,400,472,234,339,367,377,272,360,325,369,6,588,174,116,507,32,599,20,197,158,114,292,252,594,309,69,173,153,465,184,198,614,195,274,209,405,297,10,3,139,506,26,583,617,230,430,215,318,441,93,156,462,125,307,228,123,478,605,589,41,558,431,328,541,170,167,57,440,86,427,39,194,9,187,211,220,154,238,177,282,55,468,188,118,445",5000,100
6,1,71933.3234666445,2.112903098613903,"141,256,164,444,59,255,56,52,286,353,597,403,357,185,439,72,287,577,348,13,43,397,541,328,57,346,440,51,584,503,433,30,12,86,361,601,562,183,225,561,486,495,282,371,91,412,487,564,137,306,290,547,455,358,326,76,63,251,523,530,305,544,578,228,307,557,58,359,467,122,606,475,604,525,161,216,421,350,321,365,201,119,336,314,481,36,98,281,355,598,320,392,551,130,304,209,405,297,10,3,391,344,227,576,285,207,454,430,215,208,293,160,539,374,243,624,49,382,572,194,9,187,149,568,46,220,390,461,295,429,229,510,108,332,211,179,623,560,416,301,239,100,222,501,379,333,132,504,199,441,543,278,388,496,447,230,152,71,322,146,50,548,451,362,112,512,133,180,414,277,150,580,212,408,214,331,233,70,424,42,488,351,168,237,11,19,626,514,182,8,218,135,398,399,552,171,438,383,159,246,431,124,520,413,532,366,550,213,47,257,484,83,263,452,592,232,621,458,181,276,323,315,33,127,558,67,273,269,4,622,205,529,166,167,170,41,589,111,244,423,617,26,583,506,139,169,261,505,483,247,5,401,511,582,411,265,527,73,574,21,241,219,426,275,303,74,432,476,268,131,120,473,385,34,318,427,39,516,203,528,210,223,437,176,368,570,340,587,226,460,395,7,270,555,140,446,109,264,593,312,238,154,62,618,107,37,595,82,217,134,465,184,248,202,196,345,266,157,80,515,338,363,497,546,410,231,575,519,485,420,609,102,27,162,524,302,381,590,309,69,173,596,45,494,573,341,435,189,407,464,68,400,258,236,409,469,186,619,260,364,509,25,105,477,234,472,339,367,377,325,360,369,6,493,608,221,492,121,40,406,272,588,292,252,20,197,158,114,599,32,594,457,116,507,174,153,347,147,586,38,386,533,625,387,499,627,500,289,422,274,195,372,16,517,15,324,356,206,565,542,85,144,288,502,298,352,600,18,163,417,569,267,581,177,113,193,620,96,87,23,22,343,54,78,389,378,428,456,393,291,299,396,250,279,148,103,566,311,254,526,443,559,334,200,117,94,404,521,60,553,235,310,95,191,90,471,479,17,126,330,536,262,110,284,101,442,607,513,549,97,540,129,591,128,489,317,335,155,92,478,605,490,579,434,259,466,556,448,123,61,280,329,271,138,613,156,462,93,125,75,474,376,88,615,198,614,450,537,453,142,175,342,571,143,616,384,603,419,172,611,296,402,531,66,545,55,99,370,35,151,319,463,522,188,327,612,89,349,354,190,145,418,48,567,480,118,445,602,508,482,425,178,31,375,240,470,373,24,242,535,2,28,165,491,64,449,44,610,380,115,300,316,394,77,204,104,308,585,253,283,313,136,563,436,534,245,192,65,84,459,29,81,554,415,14,518,498,106,53,249,294,337,79,468,224,538",5000,100
6,2,71380.45000230944,2.1972700944054635,"30,12,86,361,601,562,183,225,561,486,495,282,371,91,412,557,137,306,290,547,455,358,326,76,63,251,523,530,305,544,578,228,307,487,564,334,200,443,559,117,94,404,521,60,553,235,310,372,16,356,206,565,500,289,627,499,143,387,533,625,571,342,175,25,105,477,272,377,367,339,234,472,258,236,400,68,409,469,186,619,260,364,509,515,338,363,497,546,410,231,575,519,485,420,609,102,27,162,524,302,381,590,309,69,173,596,45,494,573,341,435,189,407,464,153,369,6,493,360,325,608,221,492,121,40,406,386,586,38,147,347,588,174,116,507,32,594,599,20,197,158,114,457,252,292,248,202,196,345,266,157,80,517,15,324,195,274,422,537,184,465,134,217,82,198,614,450,62,618,107,37,595,264,229,510,108,332,211,179,623,560,416,301,239,100,222,379,501,333,132,543,208,293,160,539,374,243,624,49,382,572,194,9,187,149,568,46,220,390,461,295,429,109,446,140,555,270,7,226,460,395,389,593,54,78,393,456,428,378,291,299,210,528,587,340,570,368,223,437,176,574,21,241,219,426,275,576,227,432,74,391,344,139,3,617,26,506,583,261,169,483,247,5,401,582,511,411,265,527,73,303,131,268,476,285,207,454,430,215,318,120,473,385,34,203,516,441,504,199,505,71,613,322,146,50,362,548,451,278,496,447,388,230,152,297,10,551,130,98,36,481,314,119,201,336,606,475,122,467,359,58,605,478,123,138,271,329,61,280,439,72,287,577,348,13,43,127,33,323,315,423,244,484,83,263,452,366,550,213,532,413,520,124,246,431,589,41,558,67,273,269,4,622,111,167,170,541,328,57,185,357,597,403,346,141,256,164,444,59,255,56,52,286,353,257,47,621,592,232,538,397,276,181,458,159,399,552,398,8,182,514,626,19,11,237,168,351,224,171,438,383,39,427,424,42,233,70,488,408,214,331,512,133,112,277,150,180,414,216,161,525,604,350,421,580,212,321,365,615,474,376,88,598,355,281,405,209,304,75,125,93,156,462,392,320,335,155,92,317,128,489,591,129,540,97,549,513,607,262,110,284,101,442,126,330,536,17,471,479,90,191,417,163,18,600,352,502,298,542,85,144,288,569,267,581,177,113,103,566,311,254,526,95,31,468,370,99,55,545,66,522,463,89,327,612,188,349,354,190,375,610,44,449,165,491,64,48,418,145,445,118,480,602,508,482,425,178,373,24,470,240,242,535,2,28,253,585,308,283,313,79,136,563,436,534,245,192,65,84,459,29,81,554,415,14,518,498,115,300,380,316,394,77,204,104,53,249,294,337,106,296,419,172,611,384,616,402,531,35,151,319,603,567,250,396,279,148,96,620,193,22,343,87,23,238,154,312,259,466,556,448,433,440,51,584,503,529,166,205,434,490,579,218,135,142,453",5000,100
6,3,71191.8504240327,3.625765806826251,"448,259,466,556,181,458,276,397,43,127,33,323,315,423,244,484,83,263,452,366,550,213,413,532,520,124,246,431,589,41,558,67,273,269,4,622,205,529,166,111,167,170,541,328,57,185,357,597,403,346,141,256,164,444,59,255,56,52,286,353,440,51,584,503,433,30,12,86,361,601,562,183,225,561,486,495,282,371,91,412,557,137,564,306,290,547,455,358,326,76,63,251,523,530,305,544,578,228,307,487,335,155,92,317,128,489,591,129,540,97,549,513,607,94,117,334,200,443,559,284,101,442,126,330,536,17,471,479,90,191,417,163,18,600,352,502,298,542,85,144,288,169,261,505,483,247,5,401,582,511,411,265,527,73,303,576,227,432,74,391,344,139,3,617,26,506,583,405,297,10,551,130,392,320,598,355,281,615,474,376,88,580,212,277,150,180,414,216,161,525,604,350,421,321,365,201,119,336,314,481,36,98,156,462,93,125,75,304,209,569,267,581,177,279,250,396,176,210,528,587,340,570,368,223,437,21,241,574,219,426,275,285,207,454,430,215,230,388,496,447,278,152,613,71,322,146,50,362,548,451,512,133,112,237,351,168,224,171,438,383,46,220,390,461,295,429,229,510,108,332,211,179,623,560,416,301,239,100,222,501,379,34,385,318,120,473,131,268,476,543,208,293,160,539,374,243,624,49,382,572,194,9,187,149,568,39,427,203,516,441,504,199,333,132,70,488,408,214,331,233,42,424,555,140,446,109,264,593,54,78,389,460,395,7,226,393,456,428,378,291,299,23,22,343,87,620,96,193,113,103,566,311,254,526,95,31,468,370,35,151,319,603,419,172,611,296,106,53,249,294,337,84,459,29,81,554,415,14,518,498,115,300,380,316,394,77,204,104,313,283,308,585,253,2,28,165,491,64,48,418,145,375,190,354,349,188,327,612,89,463,522,66,545,55,99,384,616,402,531,79,136,563,436,534,245,192,65,602,508,482,425,178,480,118,445,567,24,373,470,240,242,535,449,44,610,469,186,619,260,364,509,515,338,363,497,546,410,231,575,519,485,420,609,102,27,162,524,302,381,590,309,69,173,596,45,494,573,341,435,189,407,464,68,400,258,236,409,339,234,472,25,105,477,147,347,386,586,38,252,292,588,174,116,507,32,594,599,20,197,158,114,457,6,369,493,608,221,492,121,40,406,272,377,367,360,325,153,571,342,175,142,453,537,422,274,195,15,324,517,372,16,356,206,565,500,289,627,499,143,387,533,625,521,60,553,235,310,312,238,154,62,618,107,37,595,134,217,82,198,614,465,184,345,266,196,202,248,80,157,271,329,61,280,439,72,287,577,348,13,47,257,538,232,621,592,135,626,19,11,514,182,8,398,399,552,159,218,434,490,579,605,478,123,138,467,359,58,122,475,606,148,270,262,110,450,404",5000,100
6,4,72478.2878296673,1.9448756572886736,"403,346,141,256,164,444,59,255,56,52,286,353,597,57,185,357,440,51,584,503,433,30,12,86,361,601,562,183,225,561,486,495,282,371,91,412,557,137,564,306,290,547,455,358,326,76,63,251,523,530,305,544,578,228,307,487,335,155,92,317,128,489,591,129,540,97,549,513,607,94,117,404,521,60,553,235,310,372,16,356,206,565,500,289,627,499,143,387,533,625,571,342,175,142,453,537,422,274,195,15,324,517,23,22,343,87,620,96,193,113,103,566,311,254,526,95,17,471,479,90,191,417,163,18,352,502,298,542,85,144,288,169,261,505,483,247,5,401,582,511,411,265,527,73,303,576,227,432,74,391,344,139,3,617,26,506,583,405,297,10,551,130,392,320,598,355,281,615,474,376,88,580,212,277,150,180,414,216,161,525,604,350,421,321,365,201,119,336,606,475,122,467,359,58,605,478,123,138,271,329,61,280,439,72,287,577,348,13,43,127,33,323,315,423,244,484,83,263,452,366,550,213,413,532,520,124,246,431,589,41,558,67,273,269,4,622,205,529,166,111,167,170,541,328,397,276,181,458,218,135,626,19,11,514,182,8,398,399,552,224,171,438,383,46,220,390,461,295,429,229,510,108,332,211,179,623,560,416,301,239,100,222,379,501,333,132,504,441,199,516,203,382,572,194,9,187,149,568,39,427,49,624,424,42,233,70,488,408,214,331,512,133,112,362,548,451,278,496,447,388,230,430,215,454,207,152,613,71,322,146,50,600,267,569,581,177,279,250,396,176,210,528,587,340,570,368,223,437,21,241,574,219,426,275,285,299,291,378,428,456,393,226,460,395,7,270,555,140,446,109,264,593,54,78,389,614,198,450,62,618,107,37,595,134,217,82,465,184,345,266,196,202,248,80,157,509,515,338,363,497,546,410,231,575,519,485,420,609,102,27,162,524,302,381,590,309,69,173,596,45,494,573,341,435,189,407,464,68,400,258,236,409,469,186,619,260,364,339,234,472,25,105,477,147,347,386,586,38,406,272,377,367,360,325,369,6,493,221,492,121,40,252,292,588,174,116,507,32,594,599,20,197,158,114,457,334,200,443,559,284,101,442,126,330,536,262,110,93,125,75,304,209,98,156,462,36,481,314,293,160,539,374,243,543,208,34,385,318,120,473,131,268,476,154,238,312,35,151,319,603,419,172,611,296,106,53,249,294,337,79,136,563,436,534,245,192,65,84,459,29,81,554,415,14,518,498,115,300,380,316,394,77,204,104,313,283,308,585,253,2,28,165,491,64,48,418,145,375,190,610,44,449,567,24,373,470,240,242,535,602,508,482,425,178,31,468,370,99,55,545,66,522,463,89,327,612,188,349,354,402,531,384,616,480,118,445,538,232,621,592,257,47,148,490,579,434,259,466,556,448,168,351,237,159,153,608",5000,100
6,5,71627.00648957565,2.123632277393329,"403,346,141,256,164,444,59,255,56,52,286,353,597,357,185,57,287,577,348,13,43,127,33,323,315,423,244,484,83,263,452,366,550,213,257,47,621,592,232,538,397,276,181,458,218,135,626,19,11,514,182,8,398,399,552,159,413,532,520,124,246,431,589,41,558,67,273,269,4,622,205,529,166,111,167,170,541,328,440,51,584,503,433,30,12,86,361,601,562,183,225,561,486,495,282,371,91,412,557,137,564,306,290,547,455,358,326,76,63,251,523,530,305,544,578,228,307,487,335,155,92,317,128,489,591,129,540,97,549,513,607,94,117,404,521,60,553,235,310,372,16,356,206,565,500,289,627,499,143,387,533,625,571,342,175,142,453,537,422,274,195,15,324,517,95,17,471,479,90,191,417,163,18,600,352,502,298,542,85,144,288,169,261,505,483,247,5,401,582,511,411,265,527,73,303,576,227,432,74,391,344,139,3,617,26,506,583,405,297,10,551,130,392,320,598,355,281,615,474,376,88,580,212,277,150,180,414,216,161,525,604,350,421,321,365,201,119,336,314,481,36,98,156,462,93,125,75,304,209,569,267,581,177,113,103,566,311,254,526,443,559,284,110,262,536,330,126,101,442,148,279,250,396,176,210,528,587,340,570,368,223,437,21,241,574,219,426,275,285,207,152,613,71,322,146,50,362,548,451,512,133,112,237,351,168,224,171,438,383,46,220,390,461,295,429,229,510,108,332,211,179,623,560,416,301,239,100,222,501,379,34,385,318,120,473,131,268,476,543,208,293,160,539,374,243,624,49,382,572,194,9,187,149,568,39,427,203,516,441,504,199,333,132,70,424,42,233,408,214,331,488,122,467,359,58,605,478,490,579,434,259,466,556,448,123,138,271,329,61,280,439,72,260,364,509,515,338,363,497,546,410,231,575,519,485,420,609,102,27,162,524,302,381,590,309,69,173,596,45,494,573,341,435,189,407,464,68,400,258,236,409,469,186,619,292,588,174,116,507,32,594,599,20,197,158,114,457,6,493,360,325,608,221,492,121,40,406,272,377,367,339,234,472,25,105,477,147,347,386,586,38,252,153,369,202,248,80,157,266,196,345,184,465,402,531,66,545,55,99,370,35,151,319,603,419,172,611,384,616,79,136,563,436,534,245,192,65,84,459,29,81,554,415,14,518,498,115,300,380,316,394,77,204,104,313,283,308,585,253,2,28,165,491,64,48,418,145,375,190,610,44,449,567,178,31,468,445,118,480,602,508,482,425,24,373,470,240,242,535,522,463,188,327,612,89,349,354,78,389,460,395,7,270,555,140,446,109,264,456,393,291,299,215,230,388,496,447,278,96,620,87,23,22,343,54,593,312,238,154,62,618,107,37,595,134,217,82,198,614,450,428,378,226,193,294,337,249,53,106,296,606,475,454,430,200,334",5000,100
7,0,106474.97442827525,1.6544143304684906,"256,141,597,346,357,185,205,529,166,4,622,111,33,127,315,323,167,403,359,467,262,330,126,442,251,63,523,18,279,532,413,520,328,170,43,13,287,577,348,397,541,213,550,366,592,263,452,232,538,83,484,376,299,528,223,176,227,432,285,344,391,303,576,437,587,570,505,169,261,483,247,401,511,582,265,411,382,572,278,496,447,539,374,501,379,177,22,109,140,460,456,393,502,320,551,130,36,98,209,85,139,3,405,297,10,304,462,125,93,156,137,564,557,426,275,476,268,131,473,120,385,179,623,308,283,104,204,253,585,425,482,508,480,118,445,64,81,415,554,192,65,245,313,77,394,316,534,436,563,136,79,300,115,151,319,567,491,242,240,53,106,459,84,29,470,535,2,28,165,172,498,384,148,566,311,103,250,396,581,163,417,352,26,506,583,336,365,321,314,34,152,215,430,208,543,318,343,356,60,235,553,310,96,620,87,193,455,617,431,276,271,138,8,244,269,273,47,558,67,257,423,57,286,52,56,255,444,59,164,433,30,16,324,517,105,254,521,404,422,331,21,241,9,187,614,295,461,429,210,226,291,207,150,277,580,88,474,544,530,305,578,326,76,536,481,290,547,526,95,555,230,388,160,293,451,307,228,358,281,355,615,512,133,180,414,421,350,161,606,525,475,146,322,428,378,58,412,605,478,490,212,112,398,200,334,559,443,224,589,41,214,408,42,199,441,516,203,569,267,5,122,416,560,54,15,372,258,400,68,537,586,38,20,114,158,197,594,457,575,231,410,519,485,420,609,102,360,325,493,588,464,186,469,409,144,288,12,361,86,280,329,61,601,363,338,546,497,272,6,369,608,221,121,492,40,407,189,435,341,573,494,596,45,345,196,202,248,80,157,509,364,260,515,27,302,381,590,236,377,162,524,153,173,619,446,312,593,389,62,107,37,595,198,465,99,370,468,31,178,402,531,35,545,66,522,463,188,24,373,380,217,82,206,565,149,333,132,504,368,527,73,574,454,74,613,71,50,598,392,219,113,600,191,17,471,479,90,542,298,119,201,548,362,70,424,25,386,571,143,561,225,183,562,439,549,97,540,154,238,440,51,584,503,466,181,458,621,259,556,46,246,124,159,11,237,351,168,419,48,418,602,145,610,449,44,390,229,510,108,78,222,100,216,604,19,626,448,91,579,190,375,518,14,55,354,603,611,296,327,612,89,349,39,194,220,211,301,239,49,306,284,110,607,513,129,94,117,289,500,627,7,395,270,340,337,294,249,367,339,234,472,101,487,92,155,335,317,128,195,274,32,599,507,116,174,477,175,342,453,406,69,309,252,292,147,347,489,371,23,427,568,618,450,488,514,182,399,552,171,353,72,243,624,218,135,282,434,123,591,233,332,264,533,625,387,75,142,134,184,438,383,495,486,499,266,616",5000,100
7,1,78772.7568500127,1.7217315424107882,"539,374,243,424,70,233,488,214,408,42,88,376,365,615,281,355,474,201,336,119,557,58,412,359,467,335,317,487,307,228,290,306,137,564,91,93,125,75,542,298,502,600,352,417,163,18,569,267,581,279,177,113,148,103,566,311,254,526,95,559,334,200,443,442,101,262,110,284,17,479,471,90,191,63,251,523,530,305,544,578,212,580,421,350,604,525,161,216,414,180,133,512,112,150,277,50,278,447,496,388,230,430,215,208,543,333,132,441,504,199,49,624,285,576,227,432,74,391,344,3,139,506,26,583,505,483,261,169,288,144,73,574,241,21,219,131,268,476,120,473,385,318,207,454,426,275,303,527,265,411,582,511,401,5,247,250,396,176,587,223,437,368,570,340,226,460,395,7,270,555,140,446,264,109,229,510,108,332,301,179,623,593,389,78,54,378,291,299,528,210,324,517,15,372,16,356,206,565,500,499,627,289,25,472,234,236,258,400,68,469,409,186,619,260,364,509,515,69,173,596,45,341,573,494,189,407,464,339,367,377,272,406,386,586,38,147,347,387,143,489,128,371,282,123,478,605,328,170,167,541,597,353,286,52,56,255,59,444,164,256,51,584,503,440,12,361,86,601,562,183,225,561,486,495,326,358,462,156,209,405,304,551,392,320,598,322,146,71,613,293,160,379,501,100,222,239,560,416,427,39,194,516,203,382,572,155,92,620,193,87,23,22,343,428,456,393,315,323,127,33,43,13,577,348,287,185,57,72,439,138,271,61,280,329,397,589,41,166,529,111,622,4,205,269,273,47,257,558,67,244,423,263,592,232,621,538,83,484,366,550,413,532,520,124,431,246,159,399,552,171,224,331,168,351,19,626,514,11,237,181,458,218,135,8,398,182,259,448,556,466,434,490,579,122,475,606,481,314,451,548,362,445,118,480,602,508,482,425,178,31,468,370,99,55,66,545,48,418,145,375,190,354,349,188,327,612,89,463,522,531,402,384,611,296,319,151,35,300,115,380,316,394,77,2,253,585,308,104,204,313,283,29,84,459,81,554,415,518,14,498,106,53,249,294,337,242,535,240,470,24,373,64,567,491,165,28,192,65,534,436,245,136,79,563,449,44,610,174,116,507,32,599,20,197,158,114,410,231,575,102,420,485,457,594,519,590,381,588,493,6,369,325,360,153,162,524,302,27,609,309,363,338,497,546,435,221,492,121,40,608,292,252,477,105,342,175,142,453,537,422,195,274,614,198,82,217,134,595,37,107,618,62,154,238,312,429,295,461,390,220,568,46,383,438,321,130,98,36,10,297,617,85,97,540,549,513,607,129,591,310,553,235,60,96,330,536,126,94,117,521,404,547,455,76,450,625,533,571,248,80,157,266,345,196,202,149,187,9,211,616,603,419,172,184,465,433,141,346,357,403,213,452,276,152,34,30",5000,100
7,2,75579.2151736265,1.9213620771226227,"617,3,139,506,26,583,505,247,5,396,250,279,177,113,254,526,95,559,443,101,442,126,330,536,262,110,284,94,117,540,97,549,513,607,306,290,547,455,326,76,63,251,523,530,305,544,578,228,307,487,412,557,58,359,467,122,314,336,119,201,355,376,88,281,615,474,365,606,475,525,604,350,421,580,212,414,180,150,277,112,512,133,451,548,362,207,454,430,215,230,388,496,447,278,152,71,613,322,146,50,169,261,483,288,144,85,542,298,502,600,417,163,18,569,267,581,148,103,566,311,352,90,191,17,471,479,340,570,223,437,176,7,395,555,270,140,446,264,109,229,510,108,179,623,211,301,560,416,100,239,618,62,429,200,334,521,60,235,553,310,372,16,356,206,565,500,289,499,627,143,387,533,625,571,342,175,142,453,472,234,339,367,25,105,477,406,386,586,38,147,347,162,524,302,27,102,507,32,599,20,197,114,158,594,519,457,609,420,485,381,590,497,546,410,231,575,515,364,260,509,157,266,345,196,202,248,80,69,173,596,45,341,153,309,363,338,494,573,435,407,464,68,400,258,236,469,409,186,619,189,174,588,121,492,221,608,493,325,360,369,6,377,272,40,292,252,116,626,19,514,11,237,351,168,224,171,438,383,149,568,46,220,390,295,461,195,274,614,198,82,217,134,595,37,107,450,154,238,312,593,22,343,620,87,23,193,96,511,582,411,265,527,73,574,219,275,426,285,576,227,432,74,391,344,405,297,10,209,304,130,392,320,598,98,36,481,93,125,75,156,462,358,282,495,225,561,486,183,562,601,86,361,12,440,346,141,256,51,584,503,433,286,52,56,255,59,444,164,170,541,328,167,166,529,205,622,4,111,269,273,67,558,589,41,431,246,124,520,532,413,213,366,452,263,592,232,621,538,83,484,47,257,244,423,315,323,127,33,43,13,577,348,287,57,185,357,597,353,403,397,276,181,458,218,135,182,8,398,159,550,368,587,528,210,299,291,378,428,456,393,460,226,551,216,161,439,138,72,271,123,556,448,259,466,434,490,579,605,478,371,92,91,317,335,155,137,564,128,489,591,129,404,15,517,324,385,318,543,333,132,199,504,441,382,572,194,9,187,214,408,488,233,70,424,42,331,624,49,243,374,539,160,293,208,329,61,280,30,552,399,473,120,131,268,476,34,379,501,222,203,516,401,241,21,303,321,54,78,389,522,463,89,612,327,188,354,349,375,145,178,31,468,370,99,55,545,66,531,402,384,616,603,319,151,35,419,611,296,498,172,115,380,300,48,418,567,491,165,64,44,610,449,28,2,253,585,308,313,79,136,77,394,316,106,53,249,294,337,242,535,240,470,24,373,602,508,482,425,445,118,480,65,192,245,29,84,459,563,436,534,81,554,415,518,14,204,104,283,184,465,537,422,332,427,39,190",5000,100
7,3,74526.09735269606,1.9448756572886736,"265,411,582,511,401,396,250,279,569,267,581,177,113,148,103,566,311,254,526,95,442,126,330,536,262,110,284,101,559,334,443,200,395,460,226,78,389,593,312,446,264,109,510,108,332,211,623,179,301,560,416,239,100,222,379,501,34,368,570,223,437,176,587,340,7,270,555,140,54,22,343,15,517,372,16,356,206,565,500,289,499,627,143,387,533,625,571,342,175,25,234,339,367,377,272,406,386,586,38,147,347,40,121,492,221,608,493,325,360,369,6,162,524,302,27,102,507,32,599,20,197,158,114,410,231,575,457,594,519,590,381,309,173,69,509,364,260,619,186,469,409,400,258,236,68,464,407,189,435,573,494,341,153,45,596,551,392,130,304,209,405,297,10,613,322,146,50,278,447,388,496,230,430,215,454,207,285,476,268,131,120,473,385,318,543,208,293,160,539,374,243,49,441,132,333,504,199,516,203,194,427,39,568,149,187,9,382,572,238,154,62,450,37,107,618,595,134,217,82,198,614,274,195,324,60,235,553,310,96,620,87,23,193,163,18,417,352,600,85,288,144,169,261,483,505,247,5,527,303,275,426,576,227,432,74,391,344,139,3,617,583,506,26,451,548,362,150,277,580,212,421,350,321,365,615,474,376,88,598,320,75,542,298,502,90,191,471,479,17,404,521,129,540,97,549,513,607,94,117,128,489,591,155,92,317,335,412,557,564,137,306,290,547,455,326,358,156,462,93,125,36,481,314,119,201,336,606,475,122,579,490,478,605,91,371,282,495,486,561,225,183,562,601,86,361,12,503,256,51,584,346,141,403,597,353,286,52,56,255,59,444,164,433,30,440,357,185,57,328,170,541,43,13,577,348,287,276,181,458,218,434,466,259,448,556,123,271,138,72,439,280,329,61,47,257,558,589,41,431,246,124,520,532,413,213,550,366,452,263,592,232,621,538,83,484,67,273,269,423,244,315,33,127,323,397,111,622,4,205,529,166,167,399,552,224,168,351,237,11,19,626,135,8,182,514,398,159,429,295,461,390,220,46,383,331,624,424,70,233,42,214,408,488,512,133,112,180,414,216,161,604,525,63,251,523,530,305,544,578,228,307,487,58,359,467,71,152,281,355,219,73,574,241,21,498,172,419,603,319,151,35,99,55,545,66,522,463,531,402,115,300,380,316,245,192,65,534,436,563,29,84,459,106,53,249,294,337,242,535,240,470,24,373,602,508,482,425,445,118,480,178,31,468,370,384,611,296,283,79,136,77,394,204,2,253,585,308,104,313,28,165,491,64,48,418,567,449,44,610,190,375,354,349,89,612,327,188,145,554,415,14,518,81,345,196,202,248,80,157,266,184,453,537,422,456,393,528,210,299,291,378,428,338,363,515,116,174,588,292,252,477,105,472,142,546,497,485,420,609,438,171,76,98,229,465,616",5000,100
7,4,73619.14567042571,2.013769747275324,"357,185,57,72,439,271,138,577,348,287,13,43,127,33,323,315,423,244,47,257,558,589,41,431,246,124,520,532,413,213,550,366,452,263,592,232,621,538,83,484,67,273,269,4,622,205,529,166,111,286,52,56,255,59,444,164,256,141,403,597,353,167,170,541,328,346,440,12,86,361,562,183,225,561,486,495,282,371,335,155,92,317,128,489,591,549,97,540,129,607,513,404,521,94,117,200,334,559,443,101,442,126,330,536,262,110,284,530,305,544,578,228,307,487,412,557,564,137,306,290,547,455,326,76,63,251,523,358,481,314,119,336,606,475,604,525,421,350,321,365,615,474,376,88,598,355,281,98,36,462,156,93,125,75,542,298,502,352,600,163,18,569,267,581,177,279,250,396,401,511,582,411,265,527,5,247,505,483,261,169,288,144,85,506,26,583,139,3,617,405,297,10,209,304,130,551,392,320,71,613,322,146,50,362,548,451,133,512,112,150,277,580,212,414,180,42,624,49,243,424,70,233,488,408,214,331,194,9,187,149,568,46,220,211,179,623,239,560,416,301,332,229,510,108,264,109,446,140,555,270,7,226,460,395,389,78,54,593,312,238,154,324,517,15,372,16,356,206,565,500,289,499,627,143,387,533,625,571,342,175,25,105,477,386,586,38,147,347,40,121,492,221,608,325,360,369,6,162,524,302,27,102,609,457,594,32,599,20,116,174,588,493,377,272,406,252,292,519,485,420,507,158,114,197,575,231,410,546,497,338,363,590,381,309,69,173,596,45,573,494,341,153,435,189,407,464,68,400,236,258,409,469,186,619,260,364,509,515,157,266,345,196,202,248,80,142,472,234,339,367,82,217,134,595,37,107,618,62,450,429,295,461,390,417,191,90,479,471,17,95,526,311,566,103,148,113,254,553,235,96,620,193,87,23,22,343,378,428,456,393,528,210,587,340,570,223,437,176,299,291,539,374,268,131,120,473,34,385,318,543,208,293,160,496,447,278,454,207,476,275,426,285,576,227,432,74,391,344,303,73,574,241,21,219,152,430,215,230,388,380,300,115,172,419,603,319,151,35,99,55,545,66,522,463,89,612,327,188,354,349,375,190,145,44,449,64,48,418,567,118,445,480,602,508,482,425,178,31,468,370,242,535,240,470,24,373,283,308,104,204,313,79,136,563,29,84,459,106,53,249,294,337,81,14,554,415,518,498,296,611,384,616,465,614,198,280,329,61,276,181,458,218,135,8,182,514,19,626,11,237,168,351,224,171,438,383,398,159,399,552,397,123,478,605,91,467,359,58,122,579,490,448,259,466,434,556,584,51,503,433,30,601,368,501,379,222,100,203,516,382,572,333,132,199,504,441,310,60,422,537,453,184,402,531,316,394,77,2,253,585,165,28,491,610,436,534,245,192,65,195,274,201,216,161,427,39",5000,100
7,5,71509.10770660435,2.268518830856472,"225,561,486,495,282,371,91,490,579,605,478,123,271,138,72,439,185,357,597,353,403,141,346,440,584,51,164,444,59,255,286,52,56,167,170,541,328,57,562,183,601,86,361,12,503,433,30,577,348,287,13,166,529,205,622,4,111,269,273,67,558,589,41,431,246,124,520,532,413,213,452,366,550,263,592,232,621,538,83,484,47,257,244,423,315,33,127,323,43,397,276,458,181,556,448,259,466,434,626,19,11,514,182,8,135,218,237,351,168,224,171,438,383,46,220,568,149,187,9,39,427,194,516,203,222,501,379,333,132,199,504,441,382,572,49,243,374,539,160,293,208,543,476,268,131,120,473,34,385,318,207,454,430,215,230,388,496,447,278,152,71,613,322,146,50,362,548,451,133,512,112,150,277,580,212,421,350,321,365,615,474,376,88,598,320,392,130,304,551,297,10,209,405,617,583,506,26,139,3,391,344,227,432,74,576,426,275,303,73,574,241,21,219,437,223,587,340,570,368,528,210,176,511,582,411,265,527,5,247,505,483,261,169,288,144,85,542,298,502,352,600,417,163,18,569,267,581,177,279,250,396,401,299,291,378,428,456,393,460,395,389,78,54,22,343,87,23,193,620,96,113,254,526,95,442,126,330,536,262,110,284,101,559,443,200,334,117,94,404,521,60,235,553,310,372,16,356,206,565,500,289,499,627,143,387,533,625,571,342,175,25,105,477,386,38,586,147,347,40,121,492,221,608,493,369,6,162,524,302,27,102,609,420,485,519,575,231,410,546,497,338,363,515,509,364,260,69,173,596,45,341,573,494,189,435,68,400,258,236,409,469,186,619,248,80,157,266,345,196,202,309,381,590,158,114,197,20,116,174,588,292,252,406,272,377,367,339,234,472,142,453,537,422,195,274,154,238,324,517,15,62,450,134,595,37,107,618,429,229,510,108,109,264,446,140,555,270,7,226,479,471,17,191,90,358,326,76,63,251,523,530,305,544,578,228,307,487,335,155,92,317,128,489,591,513,607,540,97,549,129,566,103,148,311,462,93,156,125,75,98,36,481,314,119,201,336,606,475,122,359,58,412,557,564,137,306,290,547,455,467,239,560,416,301,332,211,179,623,593,312,331,624,424,70,233,42,214,408,488,414,180,216,161,604,525,281,355,603,319,151,35,370,99,55,545,66,522,463,89,612,327,188,354,349,610,44,449,64,491,165,28,2,104,204,77,535,242,240,470,24,373,602,508,482,425,445,118,480,567,48,418,145,375,190,31,468,178,380,300,115,172,419,611,296,498,14,554,415,518,81,245,192,65,534,436,563,29,84,459,106,53,249,294,337,316,394,136,79,283,313,308,585,253,531,402,384,616,465,184,198,614,82,217,461,295,390,100,285,399,552,398,159,256,280,329,61,32,599,594,507,457,360,325,153,464,407",5000,100
7,6,75867.98878912692,1.8734497723682844,"403,141,346,357,185,72,439,280,329,61,271,138,123,478,605,91,371,282,495,486,561,225,562,183,601,86,361,12,440,584,51,503,433,30,59,444,164,256,167,170,541,328,57,287,577,348,13,43,127,33,315,323,423,244,47,257,558,589,41,431,246,124,520,532,413,213,550,366,452,263,592,232,621,538,83,484,67,273,269,4,622,205,529,166,111,286,52,56,255,353,597,215,430,454,207,476,268,131,120,473,34,385,318,543,208,293,160,539,374,243,424,70,233,42,214,408,488,512,133,112,150,277,580,212,421,350,321,365,615,474,376,88,281,355,146,322,71,613,152,74,391,344,227,432,576,285,426,275,303,73,574,241,21,219,437,176,299,291,378,428,456,393,528,210,587,340,570,223,368,501,379,333,132,199,504,441,382,516,203,222,100,239,560,416,301,179,623,211,332,510,108,264,109,446,140,555,270,7,226,460,395,389,78,54,593,312,238,154,62,450,37,107,618,595,134,217,82,198,614,422,195,274,206,565,500,289,499,627,143,387,533,625,571,342,175,25,105,477,386,586,38,147,347,40,121,492,221,608,493,588,292,252,197,158,114,410,231,575,519,457,594,32,599,20,116,174,507,609,420,485,381,590,309,69,173,596,45,573,494,341,153,435,407,189,68,400,258,236,469,409,186,619,260,364,509,515,157,266,345,196,202,248,80,464,339,367,377,272,406,546,497,338,363,162,524,302,27,102,6,369,325,360,472,234,453,537,184,465,296,106,53,249,294,337,611,384,616,603,319,151,35,380,300,115,172,419,554,415,81,14,518,498,327,188,354,349,89,612,468,370,99,55,545,66,522,463,531,402,145,375,190,610,44,449,64,491,165,28,2,253,585,308,283,313,104,204,77,394,316,470,24,373,567,48,418,480,602,508,482,425,445,118,240,242,535,563,29,84,459,79,136,192,65,534,436,245,388,230,496,447,278,451,548,362,50,417,600,352,502,298,542,85,288,144,169,261,483,505,247,5,527,265,411,582,511,401,396,250,279,569,267,581,177,113,254,311,566,103,148,110,284,101,442,126,330,536,262,607,513,549,97,540,129,404,521,60,235,553,310,372,16,356,324,517,15,96,620,193,87,23,22,343,526,95,17,471,479,90,191,163,18,481,314,119,201,36,462,156,93,125,75,98,216,161,525,604,19,626,11,237,351,168,224,171,438,383,46,220,390,461,295,429,229,552,398,159,399,122,606,475,359,467,58,412,557,564,137,306,290,547,455,326,76,63,251,523,530,305,544,578,228,307,487,335,155,92,317,128,489,591,579,490,448,259,466,434,556,181,458,218,135,8,182,514,180,414,320,598,392,551,130,304,209,405,297,10,506,26,139,3,617,583,94,117,200,334,559,443,358,336,187,9,194,427,39,149,568,331,624,49,572,397,276,31,178,142",5000,100
7,7,71220.92913489006,14.909206700708271,"112,512,133,451,548,362,50,146,322,71,613,152,278,496,447,388,230,430,215,454,207,476,268,131,120,473,385,318,543,208,293,160,539,374,243,424,624,49,572,382,516,203,504,441,132,333,199,222,100,379,501,34,368,570,340,587,528,210,176,437,223,299,291,378,428,456,393,460,395,389,593,312,238,154,62,450,37,107,618,595,134,217,82,198,614,422,195,324,517,15,372,16,356,206,565,500,289,499,627,143,387,533,625,571,342,175,25,105,477,386,586,38,147,347,40,121,492,221,608,493,369,6,162,524,302,27,102,609,420,485,519,575,231,410,546,497,338,363,590,381,309,69,173,596,45,341,573,494,189,435,407,464,68,400,258,236,409,469,186,619,260,364,509,515,157,266,345,196,202,248,80,142,453,472,234,339,367,377,272,406,252,292,588,174,507,116,20,197,158,114,457,594,32,599,360,325,153,122,336,119,201,36,481,314,358,326,76,63,251,523,530,305,544,578,228,307,487,412,557,564,137,306,290,547,455,58,359,467,91,605,478,123,271,138,72,439,185,357,597,353,286,52,56,255,59,444,164,256,141,346,403,440,584,51,503,433,30,601,562,183,225,561,486,495,282,371,335,155,92,317,128,489,591,513,607,94,549,97,540,129,404,521,60,235,553,310,96,620,193,87,23,22,343,54,78,250,401,396,511,582,411,265,527,303,26,506,583,139,3,617,405,297,10,209,304,130,551,392,320,598,355,281,615,474,376,88,212,580,421,350,321,365,606,475,604,525,161,216,414,180,150,277,488,408,214,233,70,42,331,168,351,237,11,514,19,626,135,218,458,181,556,448,259,466,434,490,579,329,61,361,280,484,47,257,558,67,273,269,4,622,111,529,205,166,167,170,541,43,13,577,348,287,57,328,398,182,8,276,538,83,592,232,621,452,263,589,41,431,246,124,520,532,413,213,550,366,397,315,33,127,323,423,244,426,275,285,576,227,432,74,391,344,144,85,542,298,502,352,600,163,417,267,569,581,177,113,148,103,566,311,254,526,95,17,471,479,90,191,442,126,330,536,262,110,284,101,559,443,200,334,117,7,226,270,555,140,446,264,109,429,229,510,108,332,211,179,623,239,560,416,301,427,39,9,187,149,568,46,220,390,461,295,190,610,44,449,64,48,418,145,375,354,349,188,327,612,89,463,522,66,545,55,99,370,468,178,31,445,118,480,602,508,482,425,380,300,115,172,419,603,319,151,35,498,296,106,53,249,294,337,611,384,616,402,531,316,394,77,535,242,240,470,24,373,567,491,28,165,2,253,585,308,283,313,104,204,65,192,245,534,436,563,29,84,459,79,136,415,81,518,14,554,383,438,171,224,552,159,399,156,462,98,125,75,93,18,279,247,505,483,261,169,288,5,574,73,219,241,21,274,465,184,537,194,86,12",5000,100
7,8,73889.3244414526,2.0024520093092812,"11,514,19,626,135,8,182,398,159,399,552,224,171,438,383,46,220,390,461,295,429,229,108,332,211,179,623,239,560,416,301,270,7,226,460,395,555,140,446,264,109,312,238,154,62,450,37,107,618,595,134,217,82,198,614,422,195,274,206,565,500,289,499,627,143,387,533,625,571,342,175,25,105,477,386,586,38,147,347,406,40,121,492,221,608,493,369,6,162,524,302,27,102,609,420,485,519,575,231,410,546,497,338,363,590,381,309,69,173,596,45,573,494,341,153,435,189,407,464,339,367,377,272,20,116,174,588,292,252,197,158,114,457,594,32,599,507,142,453,537,184,465,402,531,463,522,66,545,55,99,370,468,178,31,375,190,610,44,449,64,491,165,28,253,585,308,283,313,104,204,77,394,316,81,245,192,65,534,436,563,29,84,459,106,53,249,294,337,611,296,498,14,554,415,518,567,48,418,145,480,602,508,482,425,445,118,470,24,373,240,242,535,2,327,188,354,349,89,612,456,393,528,210,587,340,570,223,437,176,368,241,21,219,574,73,303,275,426,285,576,227,432,74,391,344,3,617,405,297,10,209,304,130,551,392,320,598,355,281,615,474,376,88,212,580,421,350,321,365,336,119,201,36,481,314,358,326,76,63,251,523,530,305,544,578,228,307,487,412,557,564,137,306,290,547,455,330,536,262,110,284,101,442,126,17,191,90,479,471,526,95,559,443,200,334,117,94,549,97,540,129,404,521,60,235,553,310,372,16,324,517,15,96,620,193,87,23,22,343,54,78,389,593,279,250,396,401,511,582,411,265,527,5,247,505,483,261,169,288,144,85,542,298,502,352,600,163,18,417,267,569,581,177,113,254,311,566,103,148,131,120,473,34,385,318,543,208,293,160,539,374,243,424,70,233,42,214,408,488,512,133,112,150,277,50,146,322,71,613,152,278,447,388,230,430,215,454,207,476,268,501,379,100,222,199,504,441,132,333,624,49,572,382,516,203,194,427,39,9,187,149,568,331,168,351,237,397,348,287,577,13,43,127,33,323,315,423,244,47,257,558,67,273,269,4,622,205,529,166,111,589,41,431,246,124,520,532,413,213,550,366,452,263,592,232,621,538,83,484,164,256,141,346,440,584,51,503,433,30,601,562,183,225,561,486,495,282,371,91,579,605,478,123,271,138,72,439,280,329,61,361,12,86,489,591,513,607,317,128,155,92,335,462,98,125,75,156,93,583,506,26,139,299,291,378,428,216,161,525,604,414,180,548,362,451,496,541,170,167,286,52,56,255,59,444,403,597,353,57,328,357,185,276,181,556,466,259,448,434,490,58,359,467,122,606,475,68,400,258,236,469,409,186,619,260,364,509,515,157,266,345,196,202,248,80,325,360,472,234,356,151,35,380,300,115,172,419,603,319,384,616,79,136,510,218,458",5000,100
7,9,71770.22801121601,2.112903098613903,"562,183,225,561,486,495,282,371,91,412,557,564,137,306,290,547,455,326,76,63,251,523,530,305,544,578,228,307,487,335,155,92,317,128,489,591,513,607,94,117,200,334,559,443,101,442,126,330,536,262,110,284,95,526,254,311,566,103,148,113,193,620,96,87,23,22,343,54,78,389,593,312,446,140,555,270,7,226,460,395,279,569,267,581,177,291,378,428,456,393,528,210,299,527,265,411,582,511,401,396,250,5,247,505,483,261,169,288,144,85,542,298,502,352,600,163,18,417,191,90,479,471,17,336,606,475,604,525,161,216,414,180,150,277,112,512,133,451,548,362,50,278,496,447,388,230,430,215,454,207,476,268,131,120,473,34,385,318,543,208,293,160,539,374,243,424,624,49,572,382,516,203,504,441,132,333,199,222,100,379,501,194,427,39,9,187,149,568,46,220,390,461,295,429,229,510,108,332,211,179,623,239,560,416,301,264,109,587,340,570,223,437,176,368,241,21,219,574,73,303,275,426,285,576,227,432,74,391,344,3,617,405,297,10,209,304,130,551,392,320,598,355,281,615,474,376,88,212,580,421,350,321,365,122,359,467,58,358,93,125,75,156,462,98,36,481,314,119,201,146,322,71,613,152,139,26,506,583,65,534,436,563,29,84,459,79,136,313,104,204,77,394,316,245,192,380,300,115,172,419,603,319,151,35,370,468,178,31,375,190,610,44,449,64,48,418,145,480,602,508,482,425,445,118,567,491,165,28,253,585,308,283,2,470,24,373,240,242,535,81,14,554,415,518,498,296,106,53,249,294,337,611,384,616,465,402,531,463,522,66,545,55,99,612,327,188,354,349,89,488,233,42,70,331,168,224,171,438,383,398,159,399,552,86,12,440,584,51,503,433,30,601,361,280,329,61,271,138,72,439,185,357,597,353,286,52,56,255,59,444,164,256,141,346,403,328,57,287,577,348,13,43,127,33,323,315,423,244,47,257,558,67,273,269,4,622,205,529,166,111,589,41,431,246,124,520,532,413,213,550,366,452,263,592,232,621,538,83,484,579,490,478,605,259,448,556,466,434,123,276,181,458,218,135,8,182,514,19,626,11,237,351,195,274,206,565,500,289,499,627,143,387,533,625,571,342,175,25,105,477,386,586,38,147,347,40,121,492,221,608,493,369,6,162,524,302,27,102,609,420,485,519,457,594,32,599,20,116,174,588,292,252,406,272,377,367,339,234,472,142,453,537,422,356,324,517,15,372,16,235,553,310,60,404,521,129,540,97,549,198,614,82,217,134,595,37,107,618,62,450,154,238,469,186,619,260,364,509,515,157,266,345,196,202,248,80,69,173,596,45,573,494,341,153,360,325,507,158,114,410,231,575,546,497,338,363,590,381,309,197,189,435,407,464,68,400,258,236,409,184,167,170,541,397,408,214",5000,100
7,10,74397.89450325846,1.9681083337111147,"398,182,514,19,626,11,237,351,168,224,171,438,383,46,220,390,461,295,429,229,510,108,332,211,179,623,239,560,416,301,270,7,226,460,395,555,140,446,264,109,312,238,154,62,450,37,107,618,595,134,217,82,198,614,422,195,274,206,565,500,289,499,627,143,387,533,625,571,342,175,25,105,477,386,586,38,147,347,40,121,492,221,608,493,369,6,162,524,302,27,102,609,420,485,519,575,231,410,546,497,338,363,590,381,309,69,173,596,45,573,494,341,153,360,325,588,292,252,20,197,158,114,457,594,32,599,507,116,174,68,400,258,236,469,409,186,619,260,364,509,515,157,266,345,196,202,248,80,142,453,537,184,465,402,531,463,522,66,545,55,99,370,468,178,31,375,190,610,44,449,64,491,165,28,253,585,308,283,313,104,204,77,394,316,245,192,65,534,436,563,29,84,459,106,53,249,294,337,611,172,419,603,319,151,35,300,115,380,24,373,240,242,535,2,470,567,48,418,145,480,602,508,482,425,445,118,371,91,412,557,564,137,306,290,547,455,326,76,63,251,523,530,305,544,578,228,307,487,335,155,92,317,128,489,591,513,607,94,117,200,334,559,443,101,442,126,330,536,262,110,284,95,17,471,479,90,191,163,18,417,600,352,502,298,542,85,288,144,169,261,483,505,247,5,527,265,411,582,511,401,396,250,279,569,267,581,177,23,22,343,54,78,389,593,285,576,227,432,74,391,344,3,617,405,297,10,209,304,130,551,392,320,598,355,281,615,474,376,88,212,580,421,350,321,365,606,475,604,525,161,216,414,180,150,277,112,512,133,362,50,146,322,71,613,152,278,496,447,388,230,430,215,454,207,476,268,131,120,473,385,318,543,208,293,160,539,374,243,424,70,42,214,408,488,233,548,451,156,462,98,36,481,314,119,201,336,467,359,122,579,490,478,605,259,448,556,466,434,123,271,138,72,439,280,329,61,361,12,86,601,562,183,225,561,486,495,282,51,503,433,30,440,584,346,403,141,256,164,444,59,255,286,52,56,167,170,541,328,57,185,357,597,353,13,43,127,33,323,315,423,244,47,257,558,589,41,431,246,124,520,532,413,213,550,366,452,263,592,232,621,538,83,484,67,273,269,4,622,205,529,166,111,397,276,181,458,218,135,8,577,348,287,620,96,87,60,235,553,310,372,16,356,324,517,15,426,275,303,73,574,241,21,219,437,176,368,223,587,340,570,299,291,378,428,456,393,528,210,34,379,501,194,427,39,9,187,149,568,331,624,49,572,382,516,203,504,441,132,333,199,222,100,26,506,583,139,129,404,521,125,75,358,93,254,311,566,103,148,113,193,612,327,188,354,349,89,81,14,554,415,518,498,296,384,616,79,136,464,407,189,435,367,377,272,406,472,234,339,549,97,540,58,159,399,552,526",5000,100
8,0,71864.70448144624,2.366584699624306,"286,353,597,403,444,59,255,56,52,167,170,541,328,57,287,577,348,13,43,127,33,323,315,423,244,484,83,592,263,452,366,550,213,257,47,273,269,4,622,205,529,166,111,558,67,589,41,431,246,159,399,552,224,171,438,383,39,427,194,9,187,149,568,46,220,390,461,295,429,510,229,264,109,446,140,555,270,7,226,460,393,456,428,378,291,299,511,582,411,265,527,5,505,247,483,261,169,576,227,432,74,391,344,3,139,26,506,583,617,297,10,304,209,405,542,298,502,352,600,18,163,417,191,90,479,471,17,442,101,284,110,262,536,330,126,523,530,305,544,578,228,307,487,317,591,128,489,155,92,371,91,412,557,564,137,306,290,547,455,358,326,76,63,251,93,125,75,156,462,130,551,392,320,598,355,281,615,474,376,88,350,475,606,122,467,359,58,119,201,336,314,481,36,98,71,613,50,548,451,362,112,512,133,180,414,216,161,525,604,421,580,212,277,150,447,496,388,230,430,215,152,207,454,318,385,34,120,473,268,131,476,285,426,275,303,73,574,241,21,219,368,437,176,210,528,587,223,570,340,501,379,222,100,239,560,416,301,179,623,211,332,108,389,593,54,78,343,22,23,87,620,96,372,16,324,517,15,310,553,235,60,356,206,565,422,274,195,450,62,618,107,37,595,134,217,82,198,614,465,402,531,463,522,66,545,55,99,370,468,380,470,240,242,535,2,253,585,308,283,313,104,204,77,394,65,192,245,534,436,563,29,84,459,81,14,518,498,172,419,611,296,106,53,294,337,249,79,136,64,449,44,610,190,375,145,418,48,567,373,24,602,480,118,445,482,508,300,115,35,151,319,603,384,616,188,327,612,89,349,354,31,178,425,491,165,28,316,415,554,621,458,276,138,271,439,329,61,280,361,86,12,440,584,51,141,346,357,185,30,433,503,256,164,72,397,232,538,218,135,626,19,11,514,182,8,398,335,183,225,561,486,495,282,478,605,490,579,434,466,259,448,556,181,532,413,520,124,237,351,168,331,214,408,488,233,42,624,49,243,424,70,374,539,278,85,144,288,148,103,566,311,254,113,193,559,334,200,443,95,526,117,404,521,549,97,540,129,94,607,513,40,406,272,377,367,339,234,472,25,105,477,386,38,586,147,347,252,292,588,174,116,507,32,599,594,457,485,420,609,102,27,302,524,162,6,369,325,360,493,221,492,121,608,435,189,407,464,68,258,236,400,409,469,186,619,173,69,309,381,590,546,497,338,363,515,157,248,80,509,364,260,202,196,266,345,184,537,453,142,175,342,571,625,533,387,143,627,289,500,499,267,569,581,177,279,250,396,401,160,293,208,543,333,132,199,504,441,516,203,382,572,365,321,395,312,238,154,146,322,123,562,601,197,158,114,20,575,231,410,519,573,494,45,596,153,341",5000,100
8,1,72453.6616406573,2.080383586689867,"266,345,196,202,248,80,157,515,509,364,260,619,173,69,309,381,590,519,485,420,609,102,27,162,524,302,153,341,573,494,45,596,464,407,189,435,360,325,608,221,492,121,40,406,272,377,367,339,234,472,25,105,477,386,586,38,147,347,252,292,588,174,116,507,32,599,594,457,158,114,197,575,231,410,546,497,363,338,186,469,409,400,68,258,236,342,175,142,453,537,614,198,465,402,531,463,522,66,545,55,99,370,468,425,482,508,602,480,118,445,178,31,145,44,610,190,375,354,349,188,327,612,89,28,64,418,48,567,373,24,242,535,240,470,491,165,585,253,2,204,104,308,283,313,79,136,563,436,534,245,192,65,394,77,300,380,115,35,151,319,603,419,611,296,106,53,249,294,337,459,29,84,81,14,554,415,518,498,172,384,616,184,422,274,195,324,517,15,372,16,310,553,235,60,356,206,565,500,289,627,499,143,387,533,625,571,177,279,569,267,581,163,18,600,352,502,298,542,85,144,288,483,505,247,5,401,511,582,411,265,527,73,574,241,21,219,131,268,476,285,426,275,576,227,432,74,391,344,3,139,26,506,583,617,209,304,130,551,392,320,598,355,281,615,474,376,88,36,98,336,119,201,481,314,122,467,359,58,412,557,564,137,306,290,547,455,358,326,76,63,251,523,530,305,544,578,228,307,487,317,128,489,591,129,94,117,404,521,334,200,443,559,101,284,110,262,536,330,126,442,471,479,90,191,17,526,254,311,566,103,148,113,193,96,620,87,23,22,343,54,78,593,312,238,154,450,62,618,107,37,595,134,217,82,295,461,390,220,568,46,9,187,149,39,427,194,572,49,243,624,424,70,233,42,214,408,488,180,414,216,161,525,604,350,421,580,212,277,150,112,512,133,362,548,451,160,293,208,543,333,132,199,504,441,516,203,382,222,100,239,560,416,301,179,623,211,332,108,510,229,264,109,446,140,555,270,368,570,223,437,176,210,528,393,456,428,378,291,299,250,396,169,261,405,297,10,278,496,447,388,230,430,215,318,501,379,385,34,473,120,207,454,71,613,152,374,539,322,146,50,303,460,395,7,340,587,226,389,237,351,168,224,171,438,383,331,514,182,8,398,159,399,552,589,41,67,273,269,4,622,205,529,166,111,52,56,286,353,597,357,346,403,141,51,584,503,433,256,164,444,59,255,167,127,33,323,315,423,244,484,83,592,263,452,366,550,213,413,532,520,124,246,431,558,47,257,448,556,466,259,181,458,276,138,271,439,72,287,577,348,13,43,397,232,621,538,218,135,626,19,11,605,478,123,12,86,361,601,562,183,225,561,486,495,282,371,91,335,155,92,61,329,280,185,57,328,541,170,440,30,606,475,365,321,462,156,93,125,75,417,95,549,97,540,513,607,579,490,434,369,493,6,20,316,449,429",5000,100
8,2,72771.73976521794,1.9331546179391612,"41,257,558,67,273,269,4,622,205,529,166,111,52,56,286,353,597,357,346,141,51,584,440,12,86,361,601,562,183,225,561,486,495,282,371,91,359,58,412,557,564,137,306,290,547,455,358,326,76,63,251,523,530,305,544,578,228,307,487,317,128,489,591,129,94,117,404,521,60,235,310,553,96,620,193,113,148,103,566,311,254,95,526,443,559,334,200,284,110,262,536,330,126,442,101,471,479,90,191,17,304,209,405,297,10,551,392,320,598,355,281,615,474,376,88,322,146,50,548,451,160,293,208,543,333,132,199,504,441,516,203,382,572,49,243,624,424,70,233,42,214,408,488,180,414,216,161,525,604,350,421,580,212,277,150,112,512,133,362,613,152,207,454,430,215,318,385,34,473,120,268,476,285,426,275,576,227,432,74,391,344,3,139,26,506,583,617,303,73,574,241,21,219,131,230,388,496,447,278,130,98,462,156,93,125,75,542,85,144,288,483,505,247,5,401,396,250,279,267,569,581,177,428,456,393,291,299,511,582,411,265,527,23,87,343,15,517,324,16,372,378,7,340,570,223,437,176,210,528,587,226,389,78,593,54,22,312,238,154,450,62,618,107,37,595,134,217,82,198,614,274,195,565,206,356,500,289,627,499,422,465,402,531,463,522,66,545,55,99,370,468,425,482,508,602,480,118,445,178,31,145,418,48,567,491,165,28,2,253,585,308,283,313,104,204,77,394,316,415,554,14,518,498,172,611,296,106,53,249,294,337,459,29,84,563,436,534,65,192,245,81,470,240,242,535,24,373,190,375,354,349,188,327,612,89,380,300,115,35,151,319,603,419,384,616,116,507,32,599,20,197,158,114,457,594,609,102,27,162,524,302,153,341,573,494,45,596,173,69,260,364,509,80,157,266,345,196,184,537,453,142,175,342,571,533,625,387,143,513,607,549,97,540,92,335,155,122,467,478,605,434,466,259,448,556,181,458,276,397,43,127,33,323,315,423,244,484,83,592,263,452,366,550,213,413,532,520,124,246,431,589,47,232,621,538,218,135,626,19,11,514,182,8,398,224,171,438,383,39,427,194,9,187,149,568,46,220,390,461,295,429,510,229,108,332,211,179,623,239,560,416,301,264,109,446,140,555,395,460,270,368,501,379,222,100,539,374,331,168,351,237,399,552,159,256,164,444,59,255,30,433,503,185,57,328,541,170,167,13,577,348,287,72,138,271,439,329,280,61,123,36,481,314,336,119,201,606,475,365,321,71,261,169,298,502,352,600,18,163,417,590,546,497,410,231,519,485,420,360,325,608,221,492,121,40,406,272,377,367,339,234,472,236,258,400,68,409,469,186,619,381,309,515,338,363,575,464,407,189,435,252,292,588,174,6,369,493,477,386,586,38,147,347,202,248,105,25,136,79,449,44,610,64,490,579,403",5000,100
8,3,71551.74099646868,2.542510472767464,"481,314,36,98,130,551,392,320,598,355,281,615,474,376,88,322,146,50,548,451,362,112,512,133,150,277,580,212,421,604,161,525,414,180,488,233,42,214,408,331,168,351,224,171,438,383,39,427,194,9,187,149,568,46,220,390,461,295,429,618,107,37,595,134,217,82,198,614,274,195,324,517,15,372,16,356,206,565,500,289,627,499,143,387,625,533,571,342,175,142,472,25,105,477,386,586,38,147,347,252,292,588,174,116,507,32,599,20,197,158,114,457,594,609,420,485,519,575,231,410,546,497,363,338,515,509,364,260,619,186,469,409,400,68,258,236,464,407,189,435,341,573,494,45,596,173,69,309,381,590,162,524,302,153,369,6,493,608,221,492,121,40,406,272,377,367,339,234,200,443,559,334,117,404,521,60,553,235,310,87,620,193,96,343,22,23,378,291,299,250,279,267,569,581,177,113,254,311,566,103,148,417,163,18,600,352,502,298,542,85,144,288,483,505,247,5,401,396,303,73,574,241,21,219,131,268,476,285,275,426,576,227,432,74,391,344,3,139,26,506,583,169,261,405,297,10,304,209,617,152,207,454,430,215,318,385,34,473,120,501,379,222,100,239,560,416,301,179,623,211,332,108,510,229,264,109,446,140,555,270,395,460,226,7,340,570,223,437,176,210,528,587,456,393,428,358,326,76,63,251,523,530,305,544,578,228,307,487,412,557,564,137,306,290,547,455,126,442,101,284,110,262,536,330,489,128,591,129,94,549,97,540,513,607,579,490,478,605,371,91,359,58,467,122,606,475,365,321,350,520,124,246,159,399,552,237,11,514,182,8,398,218,135,626,19,434,466,259,448,556,181,458,276,397,43,13,577,348,287,72,138,271,439,329,280,61,123,12,86,361,601,562,183,225,561,486,495,282,119,201,336,462,156,93,125,75,90,191,17,526,95,422,537,453,184,465,402,531,463,522,66,545,55,99,370,468,425,482,508,602,480,118,445,178,31,375,190,610,44,449,64,418,48,567,373,24,240,242,535,2,253,585,308,283,313,104,204,77,394,316,81,14,554,415,518,498,172,419,603,319,151,35,115,300,380,470,491,165,28,192,245,534,436,563,29,84,459,65,79,136,145,188,327,612,89,349,354,616,384,611,296,106,53,249,294,337,471,479,368,539,374,243,624,424,70,496,447,278,388,230,208,543,333,132,199,504,441,516,203,382,572,49,293,160,511,582,411,265,527,613,71,589,41,67,273,269,4,111,622,205,529,166,167,170,541,328,57,185,357,346,403,597,353,286,255,59,444,164,256,51,584,503,433,30,440,127,33,323,315,423,244,484,83,592,263,452,366,550,213,413,532,431,558,47,257,538,232,621,52,56,141,312,238,154,450,62,593,389,78,54,80,157,248,202,196,266,345,27,102,360,325,317,335,155,92,216",5000,100
8,4,71835.10683263552,2.4046915233172945,"30,503,433,256,164,444,59,255,286,353,597,403,346,141,51,584,440,12,86,361,601,562,183,225,561,486,495,282,371,91,335,155,92,317,128,489,591,513,549,97,540,129,94,117,404,521,60,553,235,310,372,16,356,206,565,500,289,627,499,422,537,453,142,175,342,571,625,533,387,143,157,248,202,196,266,345,184,465,402,531,463,522,66,545,55,99,370,468,425,482,508,602,480,118,445,178,31,145,418,48,567,373,24,240,242,535,394,316,81,14,554,415,518,498,172,611,296,106,53,249,294,337,459,563,436,534,65,192,245,29,84,136,79,313,104,204,77,2,253,585,308,283,28,165,491,64,449,44,610,190,375,354,349,188,327,612,89,450,62,618,107,37,595,134,217,82,198,614,274,195,324,517,15,154,238,312,593,54,78,389,428,456,393,528,587,340,570,223,437,176,210,299,511,582,411,265,527,73,574,241,21,219,131,268,476,285,426,275,576,227,432,74,391,344,3,139,26,506,583,169,261,144,85,298,542,75,156,93,125,358,326,76,63,251,523,530,305,544,578,228,307,487,412,557,564,137,306,290,547,455,479,90,191,17,471,95,526,254,311,566,103,148,113,193,620,96,177,279,267,569,581,163,18,600,352,417,502,336,119,201,98,130,551,392,320,598,355,281,615,474,376,88,322,146,50,230,388,496,447,278,152,207,454,430,215,208,543,333,132,199,504,441,516,203,382,572,49,243,624,424,70,233,42,214,408,488,180,414,216,161,525,604,350,421,580,212,277,150,112,512,133,362,548,451,160,293,374,539,270,395,460,226,7,368,473,120,385,34,379,501,222,100,239,560,416,301,179,623,211,332,108,510,229,264,109,446,140,555,318,71,613,10,297,405,209,304,617,303,396,250,401,5,247,505,483,288,291,378,343,22,23,87,126,442,101,284,110,262,536,330,36,462,314,481,365,321,606,122,467,359,58,478,605,490,579,434,466,259,448,556,181,458,276,138,271,439,72,287,577,348,13,43,127,33,323,315,423,244,484,83,592,263,452,366,550,213,413,532,520,124,246,431,589,41,67,273,269,4,622,205,529,166,111,52,56,329,280,61,123,167,170,541,328,57,185,357,492,121,40,406,272,377,367,339,234,472,25,105,477,386,586,38,147,347,252,292,588,174,116,507,32,20,197,158,114,457,594,609,102,27,162,524,302,153,341,573,494,45,596,173,69,309,381,590,519,485,420,575,231,410,546,497,363,338,515,509,364,260,619,186,469,409,400,68,258,236,464,407,189,435,360,325,608,221,6,369,493,599,80,568,46,220,390,461,295,429,39,427,194,9,187,149,171,438,383,331,168,351,237,11,514,626,19,135,182,8,398,159,399,552,224,257,47,558,538,232,621,397,475,559,443,200,334,607,419,603,319,151,35,300,115,380,470,616,384,218",5000,100
8,5,72152.11542001257,2.347299309757232,"198,614,274,195,324,517,15,372,16,356,206,565,500,289,627,499,422,537,453,142,175,342,571,533,387,143,625,87,620,193,113,148,103,566,311,254,95,526,443,559,334,200,284,110,262,536,330,126,442,101,471,479,90,191,17,251,63,523,530,305,544,578,228,307,487,317,128,489,591,513,607,549,97,540,129,94,117,404,521,60,553,235,310,96,343,22,23,279,267,569,581,177,396,250,401,511,582,411,265,527,73,574,241,21,219,131,268,476,285,275,426,576,227,432,74,391,344,3,139,26,506,583,169,261,144,85,502,298,542,75,156,93,125,462,36,98,130,551,392,320,598,355,281,615,474,376,88,365,321,350,421,580,212,277,150,112,512,133,362,548,451,160,293,208,543,333,132,199,504,441,516,203,382,572,49,243,624,424,70,233,42,214,408,488,180,414,216,161,525,604,475,122,467,359,58,412,557,564,137,306,290,547,455,358,326,76,481,314,336,119,201,606,605,478,490,579,434,466,259,448,556,181,458,276,138,271,123,329,280,361,86,12,440,584,51,141,346,403,597,353,286,52,56,255,59,444,164,256,433,30,503,601,562,183,225,561,486,495,282,371,91,335,155,92,61,237,351,168,331,171,438,383,46,220,390,461,295,429,510,229,264,109,446,140,555,270,395,460,226,7,340,587,223,437,176,210,528,299,291,378,428,456,393,54,78,389,593,312,238,154,450,62,618,107,37,595,134,217,82,308,283,313,104,204,77,394,316,81,14,554,415,518,498,172,419,603,319,151,35,115,300,380,508,602,480,118,445,178,31,375,190,610,44,449,165,28,2,253,585,242,535,470,240,245,534,65,192,53,249,294,337,79,136,563,436,29,84,459,106,296,611,425,482,24,373,567,48,418,64,491,349,354,145,188,327,612,89,463,522,66,545,55,99,370,468,402,531,465,184,202,196,266,345,248,80,157,515,509,364,260,619,186,469,409,400,68,258,236,464,407,189,435,341,573,494,45,596,173,69,309,381,590,519,485,420,609,102,27,162,524,302,153,369,6,493,360,325,608,221,492,121,40,406,272,377,367,339,234,472,25,105,477,386,586,38,147,347,252,292,588,174,116,507,32,599,20,197,158,114,457,594,546,497,363,338,231,410,575,616,384,218,135,626,19,11,514,182,8,398,159,399,552,224,257,47,273,269,4,622,205,529,166,111,423,244,484,83,592,263,452,366,550,213,413,532,520,124,246,431,538,232,621,397,348,13,43,127,33,323,315,541,328,57,185,357,167,170,67,558,589,41,577,287,72,439,447,278,496,388,230,430,215,318,385,34,473,120,501,379,222,100,239,560,416,301,179,623,211,332,108,146,322,71,613,152,207,454,303,405,297,10,304,209,617,483,505,247,5,18,163,417,600,352,288,368,570,374,539,194,9,187,149,568,39,427,50",5000,100
8,6,73994.32461758475,1.8117784970337985,"43,127,33,323,315,423,244,484,83,592,263,452,366,550,213,413,532,520,124,246,431,589,41,67,273,269,4,622,205,529,166,111,52,56,286,353,597,357,346,403,141,51,256,444,59,255,164,30,503,433,440,584,13,577,348,287,72,138,271,439,329,280,61,123,351,168,224,171,438,383,39,427,194,9,187,149,568,46,220,390,461,295,429,510,229,264,109,446,140,555,270,395,460,226,7,340,570,223,437,176,210,528,587,456,393,428,378,291,299,511,582,411,265,527,73,574,241,21,219,131,268,476,285,426,275,576,227,432,74,391,344,3,139,26,506,583,169,261,505,247,5,401,396,250,279,267,569,581,177,113,148,103,566,311,254,95,526,443,559,334,200,284,110,262,536,330,126,442,101,471,479,90,191,17,251,63,523,530,305,544,578,228,307,487,317,128,489,155,92,371,91,335,605,490,579,434,466,259,448,556,181,458,276,397,232,621,538,218,135,626,19,11,514,182,8,398,159,399,552,237,331,214,408,488,180,414,216,161,525,604,350,421,580,212,277,150,112,512,133,362,548,451,50,146,322,71,613,152,207,454,430,215,318,385,34,473,120,501,379,222,100,239,560,416,301,179,623,211,332,108,389,593,54,78,343,22,23,87,620,96,193,417,600,352,502,298,542,85,144,288,483,303,405,297,10,304,209,617,368,60,553,235,310,372,16,356,206,565,500,289,627,499,422,537,453,142,175,342,571,625,533,387,143,513,607,549,97,540,129,94,117,404,521,478,86,361,601,562,183,225,561,486,495,282,119,201,98,130,551,392,320,598,355,281,615,474,376,88,365,321,606,475,122,467,359,58,412,557,564,137,306,290,547,455,358,326,76,481,314,336,462,156,93,125,75,36,163,18,539,374,243,624,424,70,233,42,230,388,496,447,278,162,524,302,153,341,573,494,45,596,173,69,309,381,590,519,575,231,410,546,497,363,338,515,509,80,157,266,345,196,202,248,105,477,386,586,38,147,347,252,292,588,174,116,507,32,599,20,197,158,114,457,594,609,102,27,420,485,367,339,234,472,25,407,189,435,360,325,608,221,492,121,40,406,272,377,493,6,369,400,68,258,236,464,186,469,409,195,274,450,62,618,107,37,595,134,217,82,198,614,465,184,616,384,611,296,106,53,249,294,337,79,136,563,436,534,65,192,245,29,84,459,81,14,554,415,518,498,172,419,603,319,151,35,370,468,425,482,508,602,480,118,445,178,31,375,190,610,44,449,64,418,48,567,373,24,240,242,535,470,491,165,28,2,253,585,308,283,313,104,204,77,394,316,300,115,380,354,349,188,327,612,89,463,522,66,545,55,99,402,531,333,132,199,504,441,516,203,382,572,49,293,208,543,160,558,47,257,167,170,541,328,57,185,12,15,517,324,312,238,154,619,260,364,591,145",5000,100
9,0,76549.05925278363,1.8117784970337985,"433,30,503,584,51,256,164,444,59,255,286,353,597,403,141,346,357,185,57,287,577,348,13,43,397,33,127,323,315,423,244,484,83,592,263,452,366,550,532,413,520,124,246,431,589,41,558,257,47,273,269,67,111,622,4,205,529,166,167,170,328,541,213,232,621,538,458,276,181,556,259,466,448,434,579,490,478,605,123,271,138,72,439,329,61,280,361,86,12,440,601,562,183,225,561,495,486,282,371,91,412,557,564,137,306,290,547,455,326,358,314,481,36,462,156,93,125,75,542,85,144,169,261,209,405,297,10,320,392,551,130,98,281,355,474,615,365,321,350,421,580,212,277,150,180,133,512,112,548,451,278,496,447,230,430,215,318,385,34,379,501,222,100,239,560,416,179,623,211,332,301,270,555,395,460,389,78,54,593,312,238,154,450,62,618,107,37,595,82,217,134,402,531,463,522,66,545,99,55,370,35,151,319,603,384,616,296,106,53,294,337,249,84,459,136,79,283,308,585,253,2,28,165,491,64,418,48,567,118,445,480,602,24,373,242,535,240,470,380,300,115,172,419,611,316,394,77,204,104,313,436,534,65,192,245,81,14,518,498,449,190,375,145,44,610,31,468,178,425,482,508,415,554,89,612,327,188,349,354,341,435,189,407,464,339,367,377,272,406,40,492,121,588,174,116,507,32,594,457,485,420,609,102,27,162,524,302,608,221,292,252,363,338,497,590,381,309,69,173,45,596,494,573,409,469,186,619,260,364,509,515,157,80,248,202,196,345,266,519,575,231,410,546,599,158,114,197,20,6,369,493,325,360,153,147,347,38,386,586,477,105,25,472,234,258,236,68,400,7,340,587,570,223,437,176,574,219,21,241,527,265,411,582,511,401,396,250,279,569,267,18,163,417,600,352,502,298,262,110,284,101,536,330,442,126,523,530,305,544,578,228,307,487,58,359,467,122,606,475,525,604,161,216,414,626,19,11,514,398,224,351,168,237,488,233,42,331,214,408,438,171,5,247,505,483,583,506,26,139,3,617,432,74,227,576,285,426,275,476,268,131,120,473,368,528,210,393,456,428,378,291,299,177,581,148,113,103,566,311,254,526,95,443,559,334,200,404,94,117,607,513,549,97,540,129,591,128,489,317,335,155,92,191,90,471,479,17,76,251,63,229,510,108,264,109,429,295,461,390,220,46,568,149,39,427,194,9,187,382,572,516,203,504,441,132,333,543,208,293,160,539,374,243,624,49,383,142,453,537,422,274,195,324,517,15,310,235,553,96,620,193,87,23,22,343,159,399,552,8,182,135,218,152,71,613,322,146,50,362,598,88,376,344,391,303,73,207,454,388,424,70,184,198,614,465,175,342,571,625,533,387,143,627,289,500,565,206,356,16,372,60,521,499,336,119,201,288,226,140,446,199,304,56,52,563,29",5000,100
9,1,74689.21989990285,1.9681083337111147,"389,78,226,7,340,570,223,437,176,368,587,528,210,299,291,378,428,456,393,113,193,620,96,87,23,22,343,54,593,312,238,154,450,62,618,107,37,595,134,217,82,198,614,565,206,356,16,324,517,372,310,15,235,553,60,177,581,569,267,18,163,417,600,352,502,298,542,85,144,169,261,288,483,505,247,5,250,279,148,103,566,311,254,526,95,471,479,17,191,90,523,530,305,544,578,559,334,200,443,284,110,262,536,330,126,101,442,277,150,180,414,216,161,525,604,350,421,580,212,376,321,365,615,281,355,598,320,392,130,551,304,209,405,297,10,139,3,617,26,506,583,344,391,74,576,227,432,285,426,275,303,73,574,241,21,219,265,411,582,511,401,396,555,270,395,460,50,362,548,451,278,447,496,388,230,454,207,430,215,318,385,34,501,379,222,100,199,504,441,132,333,543,208,293,160,539,374,243,424,70,233,42,214,408,488,512,133,112,159,431,246,124,520,413,532,550,213,366,452,263,592,232,621,538,397,323,127,33,315,423,244,484,83,257,47,273,269,67,558,589,41,4,622,205,529,166,167,170,328,541,13,348,577,287,57,185,357,346,141,256,164,444,59,255,286,52,56,353,597,403,111,43,556,259,466,448,440,12,86,361,280,271,138,72,439,329,61,601,562,183,225,561,495,486,282,371,91,605,478,490,579,434,276,181,458,218,135,182,8,398,514,11,19,626,399,552,171,438,383,331,268,131,120,473,239,623,179,301,211,332,108,510,229,109,264,140,446,416,560,49,624,572,516,203,194,9,187,149,568,46,220,427,39,429,295,461,390,382,319,151,35,370,99,55,545,66,522,463,188,327,612,89,190,375,145,44,449,64,418,48,567,253,585,308,283,313,436,563,29,84,459,136,79,104,204,77,394,316,245,534,65,192,300,115,380,508,482,425,178,31,468,611,172,419,603,384,616,296,106,53,249,294,337,81,415,554,14,518,498,28,165,491,470,242,535,240,610,373,24,602,480,118,445,354,349,2,196,345,266,157,80,248,509,364,260,69,309,302,524,162,27,102,609,420,485,519,575,231,410,546,497,590,381,338,363,515,619,596,45,494,573,341,435,189,407,464,339,367,377,272,406,386,586,38,147,347,477,105,25,175,342,571,625,533,387,143,627,499,289,500,422,274,195,117,94,540,97,549,607,513,591,128,489,317,487,412,557,58,359,467,122,606,475,88,474,98,36,481,314,119,201,93,125,75,156,462,358,326,76,251,63,336,71,613,322,146,152,527,129,404,521,290,306,564,137,307,228,92,155,335,584,51,503,433,30,123,351,168,237,224,608,121,492,221,588,292,252,40,360,325,493,369,6,153,32,20,197,158,114,599,594,457,507,116,174,173,409,469,186,236,258,400,68,531,402,465,184,537,453,142,472,234,202,547,455,476",5000,100
9,2,75975.89904082907,1.8855419897316852,"93,125,75,156,462,98,36,481,314,336,119,201,365,615,474,376,88,50,146,322,71,613,447,278,496,388,230,430,215,454,207,152,624,49,243,424,70,42,214,408,488,233,150,277,112,512,133,180,414,212,580,421,350,321,475,606,122,467,58,359,564,137,306,290,547,455,326,76,251,63,523,530,305,544,578,228,307,487,412,557,60,235,553,310,16,372,15,517,324,274,195,198,614,82,217,134,295,461,390,220,46,568,149,39,441,504,199,132,333,543,208,293,160,539,374,528,210,176,437,223,570,7,270,395,460,226,389,78,593,54,343,22,23,87,620,193,96,94,117,521,404,356,565,206,500,289,627,499,143,387,533,625,571,342,175,25,105,477,147,347,386,586,38,406,40,121,492,221,608,325,360,493,369,6,162,524,302,27,102,609,420,485,519,575,231,410,546,497,338,363,515,509,364,260,69,173,45,596,494,573,435,189,407,464,68,258,400,409,469,186,619,309,590,381,174,507,32,594,599,197,158,114,457,20,116,252,292,588,153,341,272,377,367,339,234,472,142,453,537,184,345,266,157,80,248,202,196,368,587,340,177,279,581,267,569,163,417,600,352,502,298,542,85,144,288,261,169,247,5,527,265,411,582,511,401,396,250,574,241,21,219,426,275,303,576,432,74,391,344,227,285,139,3,617,26,506,583,505,483,291,378,428,456,393,113,311,566,103,148,526,95,443,284,101,330,126,442,17,471,479,90,191,18,320,598,281,355,130,551,392,10,304,209,405,297,318,385,34,501,379,222,100,239,560,416,301,179,623,211,332,108,510,229,109,264,446,140,555,299,579,490,478,605,123,448,259,466,434,276,556,181,458,218,135,182,8,398,399,552,171,438,383,331,168,351,237,11,19,626,514,550,366,213,232,621,538,263,452,592,83,484,47,257,558,589,41,67,273,269,622,4,111,529,166,52,56,255,59,444,164,256,51,584,503,433,30,12,86,361,280,329,61,601,562,183,225,561,495,486,282,371,91,335,155,92,317,128,489,591,129,540,97,549,607,513,110,262,536,194,9,187,572,382,516,203,427,476,268,131,120,473,73,548,451,362,200,334,559,238,154,312,62,618,107,37,595,429,190,375,145,44,610,449,64,491,165,28,2,253,585,308,283,313,104,204,77,394,316,245,534,436,563,29,84,459,136,79,567,48,418,178,31,468,611,172,498,518,14,554,415,81,65,192,300,115,35,370,99,55,545,66,522,463,531,402,603,419,319,151,380,508,482,425,118,445,602,24,373,470,240,242,535,480,188,327,612,89,616,296,106,53,249,294,337,328,170,541,13,43,127,33,323,315,423,244,397,348,577,287,72,439,138,271,141,346,403,597,353,167,286,357,185,57,440,216,161,525,604,358,254,224,159,413,532,520,124,246,431,205,384,465,422,236,354,349,450",5000,100
9,3,71908.96567074781,2.347299309757232,"512,133,488,233,49,243,624,424,70,42,214,408,331,11,19,626,514,182,8,135,218,458,181,556,259,466,434,579,490,478,605,123,271,138,72,439,185,57,287,577,348,13,43,541,170,328,353,597,403,141,346,357,280,329,61,601,562,183,225,561,486,282,371,91,412,335,155,92,564,137,306,290,547,455,326,76,251,63,523,530,305,544,578,228,307,487,317,128,489,591,129,540,97,549,607,513,110,284,559,334,200,443,95,526,254,311,566,103,148,113,193,620,96,87,23,22,343,54,593,389,78,226,528,210,299,176,437,223,570,340,587,21,241,574,219,275,426,285,576,227,432,74,391,344,303,73,265,411,582,511,401,396,250,279,581,267,569,163,18,600,352,502,298,542,85,144,288,261,169,483,505,247,5,527,583,26,506,139,3,617,297,10,551,304,209,405,392,130,98,36,481,314,119,201,615,281,355,598,88,376,474,365,321,350,421,580,212,277,150,180,414,216,604,161,525,122,606,475,207,454,430,215,318,385,208,293,160,374,539,543,333,132,441,504,199,222,100,239,560,416,301,179,623,211,332,108,510,229,109,264,446,140,555,395,460,7,270,34,473,120,131,268,476,379,501,203,516,572,382,336,156,93,125,75,462,358,262,536,330,126,442,101,471,479,90,191,17,553,235,310,15,517,324,372,16,356,565,206,500,289,627,499,143,387,533,625,571,342,175,25,105,477,386,586,38,147,347,236,258,400,68,409,469,186,619,173,45,596,494,573,341,153,325,360,493,369,6,302,524,162,27,102,609,420,485,519,575,231,410,546,497,338,363,590,381,309,69,260,364,509,515,157,80,248,202,196,345,266,594,32,507,116,174,588,608,221,492,121,40,406,272,377,367,339,234,472,142,453,537,422,274,195,154,238,62,618,107,37,595,134,217,82,198,614,450,312,429,295,461,390,220,46,568,149,39,427,194,9,187,383,438,171,224,351,168,237,398,159,413,532,520,124,246,431,589,41,67,558,257,47,484,83,592,263,452,366,213,550,362,548,451,278,447,496,388,230,152,71,613,322,146,50,112,291,378,456,393,428,177,417,4,622,111,529,205,166,167,286,52,56,255,59,444,164,256,51,584,503,12,86,361,440,433,30,232,621,538,397,33,127,323,315,423,244,273,269,276,448,359,467,58,557,60,521,404,94,117,136,79,313,104,204,77,394,192,65,534,436,563,29,84,459,554,415,518,498,115,300,380,508,482,425,24,373,240,242,535,470,316,245,81,14,585,308,283,253,2,28,165,491,64,418,48,567,118,445,480,602,419,172,611,384,616,296,106,53,249,294,337,178,31,468,370,99,55,545,66,522,463,89,612,327,188,354,349,610,44,449,190,375,145,35,151,319,603,531,402,465,184,464,407,189,435,292,252,20,197,158,114,457,599,320,368,399,552,495",5000,100
9,4,74267.55581280525,1.9796224283124513,"361,86,12,440,584,51,256,164,444,59,255,286,52,56,597,403,141,346,357,185,57,287,577,348,13,43,397,33,127,323,315,423,244,269,273,67,558,589,41,431,246,159,399,552,171,438,383,572,382,49,243,424,624,42,214,408,488,233,70,133,512,112,150,277,580,212,376,88,598,320,392,551,130,98,462,156,93,125,75,304,209,405,297,10,139,3,617,26,506,583,169,261,505,247,5,401,396,250,279,581,267,569,163,18,600,352,502,460,226,7,270,555,395,389,78,593,54,428,378,291,299,574,73,303,576,227,344,391,74,432,285,207,454,230,388,71,613,322,146,50,362,548,451,293,160,539,374,208,543,333,132,441,504,199,222,100,501,379,34,385,318,215,430,447,496,278,152,527,265,411,582,511,305,544,578,228,307,487,412,557,564,137,306,290,547,455,326,76,251,63,523,530,607,513,549,97,540,129,94,117,521,404,356,565,206,500,289,627,499,336,119,201,36,481,314,358,262,110,284,101,126,442,330,536,542,85,144,288,483,566,103,148,113,193,620,96,87,23,22,343,15,517,324,372,16,310,235,553,60,177,254,311,526,95,443,200,334,559,238,154,312,62,618,107,37,595,82,217,134,295,461,390,220,427,39,149,568,46,9,187,331,224,351,168,237,11,19,626,135,218,458,181,556,259,466,448,434,579,490,478,605,123,271,138,72,439,280,329,61,601,562,183,225,561,486,495,282,371,91,335,155,92,317,128,489,591,83,484,47,257,213,550,366,452,263,592,232,621,538,170,541,328,353,167,529,205,622,4,111,166,276,90,191,17,471,479,298,435,189,407,464,339,234,472,142,453,258,400,68,409,469,186,619,260,364,509,515,309,590,381,338,363,302,524,162,27,102,609,420,485,519,575,231,410,546,497,80,157,266,196,345,184,465,402,151,319,603,419,172,611,384,616,296,498,518,14,554,415,81,316,394,192,245,534,436,563,29,84,459,136,79,313,104,204,77,470,240,242,535,2,253,585,308,283,449,44,610,190,375,145,567,48,418,64,491,165,28,370,99,55,545,66,522,463,89,612,327,188,354,349,531,480,118,445,602,508,482,425,178,31,468,35,380,300,115,53,249,294,337,65,24,373,106,516,203,194,332,108,510,229,109,264,429,446,140,416,301,211,179,623,239,560,120,473,368,223,570,340,587,210,528,393,456,176,437,21,241,219,426,275,476,268,131,421,350,321,474,615,281,355,525,604,161,216,414,180,606,475,122,467,359,58,8,182,514,398,532,413,520,124,32,594,599,20,197,158,114,457,292,252,116,507,174,588,608,221,492,121,377,272,406,40,360,153,341,573,494,45,596,173,69,367,105,25,175,342,571,625,533,387,143,347,147,586,386,38,493,369,6,325,248,202,236,537,422,274,195,198,614,450,477,417,365,503,433,30",5000,100
9,5,74081.55057148988,2.0250242320762157,"225,561,495,486,282,371,91,359,467,58,557,564,137,306,290,547,455,326,76,251,63,523,530,305,544,578,228,307,487,335,155,92,317,128,489,591,129,94,117,521,404,513,607,549,97,540,262,110,284,101,442,330,536,126,479,471,17,191,90,417,600,352,502,298,542,85,144,288,261,169,483,505,247,5,527,265,411,582,511,401,396,250,279,581,267,569,163,18,177,291,299,210,528,587,340,570,223,437,176,574,241,21,219,275,426,285,576,227,432,74,391,344,303,73,207,454,230,430,215,318,385,34,473,120,131,268,476,152,71,613,322,146,50,362,548,451,278,447,496,388,293,160,539,374,243,424,70,233,42,214,408,488,180,414,216,161,525,604,350,421,580,212,277,150,133,512,112,281,355,598,320,392,551,130,98,36,481,314,119,201,365,321,474,615,376,88,336,606,475,122,579,490,478,605,123,271,138,72,439,329,61,280,361,86,12,440,584,51,256,164,444,59,255,286,52,56,167,170,541,328,353,597,403,141,346,357,185,57,287,577,348,13,43,397,33,127,323,315,423,244,484,83,592,263,452,366,213,550,532,413,520,124,246,431,589,41,67,273,269,622,4,111,529,205,166,276,181,556,448,434,259,466,156,93,125,75,462,304,209,405,297,10,139,3,617,26,506,583,526,254,311,566,103,148,113,193,620,96,87,23,22,343,54,593,389,78,226,7,270,555,395,460,456,393,428,378,140,446,312,238,154,450,62,618,107,37,595,134,217,82,198,614,537,422,60,235,553,310,15,517,324,195,274,109,264,429,295,461,390,220,46,568,149,39,427,194,9,187,572,382,49,624,441,504,199,132,333,543,208,425,118,445,480,602,24,373,242,535,240,470,316,245,534,436,563,29,84,459,136,79,313,104,204,77,394,192,65,81,14,554,415,518,498,115,300,380,508,482,145,44,610,449,64,418,48,567,165,28,2,253,585,308,283,31,468,370,99,55,545,66,522,463,89,612,327,188,354,349,375,190,35,151,319,603,419,172,611,296,106,53,249,294,337,178,384,616,531,402,465,184,345,266,196,202,248,80,157,509,364,260,69,173,45,596,494,573,341,435,189,407,464,68,400,258,236,409,469,186,619,174,116,507,32,594,599,20,197,158,114,457,609,420,485,519,575,231,410,546,497,338,363,590,381,309,302,524,162,27,102,377,272,406,40,121,492,221,608,588,493,325,360,369,6,153,147,347,477,105,25,472,234,339,367,386,586,38,252,292,342,571,625,533,387,143,627,499,289,500,565,206,356,16,372,334,200,443,559,168,237,351,224,171,438,383,331,11,19,626,135,218,458,621,538,232,257,47,558,159,399,552,398,8,182,514,623,239,560,416,301,179,211,332,108,510,229,203,516,379,501,222,100,368,30,503,433,183,601,562,515,142,175,453,95,358,412,491",5000,100
9,6,71916.2909313226,2.069430192665133,"346,357,185,57,287,577,348,13,43,397,33,127,323,315,423,244,484,83,592,263,452,366,213,550,413,532,520,124,246,431,589,41,67,558,257,47,273,269,622,4,111,529,166,205,167,170,541,328,353,597,403,141,256,164,444,59,255,286,52,56,276,181,556,259,466,434,579,490,478,605,123,271,138,72,439,329,61,280,361,86,12,440,584,51,503,433,30,601,562,183,225,561,486,495,282,371,91,412,557,564,137,306,290,547,455,326,76,251,63,523,530,305,544,578,228,307,487,335,155,92,317,128,489,591,129,94,117,521,404,513,607,549,97,540,262,110,284,559,334,200,443,95,526,254,311,566,103,148,113,193,620,96,87,23,22,343,54,593,389,78,226,7,270,555,395,460,456,393,428,378,291,299,210,528,587,340,570,223,437,176,574,241,21,219,275,426,285,576,227,432,74,344,391,3,617,26,506,583,139,303,73,527,265,411,582,511,401,396,250,279,581,267,569,163,417,600,352,502,298,542,85,144,288,261,169,483,505,247,5,207,454,230,430,215,318,385,34,473,120,131,268,476,152,71,613,322,146,50,362,548,451,278,447,496,388,293,160,539,374,243,424,624,49,382,572,194,9,187,149,39,427,568,46,220,390,461,295,429,446,312,238,154,450,62,618,107,37,595,134,217,82,198,614,465,184,345,266,157,80,248,202,196,364,260,69,173,45,596,494,573,341,435,189,407,464,68,400,258,236,409,469,186,619,509,515,363,338,497,546,410,231,575,457,594,599,20,197,158,114,252,292,588,174,116,507,32,27,102,609,420,485,519,590,381,309,302,524,162,6,369,493,325,360,153,377,272,406,40,121,492,221,608,339,367,386,586,38,147,347,477,105,25,472,234,175,342,571,625,533,387,143,627,499,289,500,565,206,356,16,372,517,324,195,274,422,60,235,310,15,18,177,471,479,90,191,17,126,442,330,536,101,140,416,301,179,623,211,332,108,510,229,109,264,239,560,222,100,501,379,203,504,199,132,333,543,208,425,118,445,480,602,24,373,242,535,240,470,316,245,81,14,554,415,518,498,115,300,380,508,482,145,44,610,449,64,418,48,567,165,28,2,253,585,308,283,313,104,204,77,394,192,65,534,436,563,29,84,459,136,79,402,151,319,603,419,172,611,296,106,53,249,294,337,178,468,370,99,55,545,66,522,463,89,612,327,188,354,349,375,190,31,384,616,35,491,531,538,232,621,458,218,8,182,514,11,19,626,135,159,399,552,171,438,383,331,214,408,488,233,42,70,133,512,112,150,277,580,212,88,376,474,615,281,355,598,320,392,551,130,98,36,481,314,119,201,336,606,475,122,467,58,359,358,462,156,93,125,75,304,209,405,297,10,604,350,421,365,321,448,398,351,168,237,224,180,414,216,161,525,453,142,537,368,516,441,553",5000,100
9,7,71807.38605467061,11.819757470721076,"181,556,259,466,448,434,579,490,478,605,123,271,138,72,439,329,61,280,361,86,12,440,584,51,256,164,444,59,255,286,52,56,167,170,541,328,353,597,403,141,346,357,185,57,287,577,348,13,43,397,33,127,323,315,423,244,484,83,592,263,452,366,213,550,532,413,520,124,246,159,399,552,171,438,383,331,214,408,488,233,42,70,133,512,112,150,277,580,212,88,376,474,615,281,355,598,320,392,551,130,98,36,481,314,119,201,336,606,475,525,604,350,421,365,321,278,447,496,388,230,430,215,318,385,34,473,120,131,268,476,207,454,379,501,222,100,239,560,416,301,179,623,211,332,108,510,229,109,264,446,312,238,154,450,62,618,107,37,595,134,217,82,198,614,537,453,142,175,342,571,625,533,387,143,627,499,289,500,565,206,356,16,372,517,324,195,274,422,60,235,553,310,15,18,417,600,352,502,298,542,85,144,288,261,169,483,505,247,5,527,265,411,582,511,401,396,250,279,581,267,569,163,113,193,620,96,87,23,22,343,54,593,389,78,226,7,270,555,395,460,456,393,428,378,291,299,368,223,437,176,210,528,587,340,570,303,73,574,241,21,219,275,426,285,576,227,432,74,391,344,3,617,26,506,583,139,405,297,10,304,209,156,93,125,75,462,358,326,76,251,63,523,530,305,544,578,228,307,487,335,155,92,317,128,489,591,129,94,117,521,404,513,607,549,97,540,262,110,284,559,334,200,443,95,526,254,311,566,103,148,191,90,471,479,17,126,442,330,536,101,177,613,152,71,322,146,50,362,548,451,293,160,539,374,243,424,624,49,382,572,516,203,504,441,132,333,543,208,425,118,445,480,602,508,482,145,44,610,449,64,491,165,28,2,253,585,308,283,313,104,204,77,394,192,65,534,436,563,29,84,459,136,79,245,81,14,554,415,518,498,115,300,380,470,316,240,242,535,373,24,567,48,418,178,468,370,99,55,545,66,522,463,89,612,327,188,354,349,375,190,31,384,616,296,106,53,249,294,337,611,172,419,603,319,151,35,402,531,429,140,194,9,187,149,39,427,568,46,220,390,461,295,465,184,345,266,157,80,248,202,196,364,509,515,363,590,381,309,302,524,162,27,102,609,420,485,519,575,231,410,546,497,338,158,114,457,594,599,20,197,325,360,493,369,6,153,341,435,189,407,464,339,367,377,272,406,40,121,492,221,608,588,174,116,507,32,292,252,38,586,386,147,347,477,105,25,472,234,258,236,68,400,409,469,186,619,260,69,173,45,596,494,573,122,467,58,359,557,564,137,306,290,547,455,282,371,91,412,276,621,538,232,257,47,273,269,622,4,111,529,205,166,67,558,589,41,431,224,351,168,237,11,19,626,135,218,458,8,182,514,398,433,30,503,601,562,183,225,561,486,495,161,216,414,180,199",5000,100
9,8,71618.1356469291,13.638833446368416,"286,52,56,167,170,541,328,353,597,403,141,346,357,185,57,287,577,348,13,43,397,33,127,323,315,423,244,484,83,592,263,452,366,213,550,413,532,520,124,246,431,589,41,67,558,257,47,273,269,622,4,111,529,205,166,276,621,232,538,458,181,556,259,466,434,579,490,478,605,123,271,138,72,439,329,61,280,361,86,12,440,584,51,256,164,444,59,255,503,433,30,601,562,183,225,561,486,495,282,371,91,412,557,564,137,306,290,547,455,326,76,251,63,523,530,305,544,578,228,307,487,335,155,92,317,128,489,591,129,94,117,521,404,513,607,549,97,540,262,110,284,559,334,200,443,95,526,254,311,566,103,148,113,193,620,96,87,23,22,343,54,593,389,78,226,7,270,555,395,460,456,393,428,378,291,299,210,528,587,340,570,223,437,176,574,241,21,219,275,426,285,576,227,432,74,391,344,303,73,527,265,411,582,511,401,396,250,279,581,267,569,163,417,600,352,502,298,542,85,144,288,261,169,483,505,247,5,207,454,230,430,215,318,385,34,473,120,131,268,476,152,71,613,322,146,50,362,548,451,278,447,496,388,293,160,539,374,243,424,70,233,42,214,408,488,133,512,112,150,277,580,212,88,376,474,615,281,355,598,320,392,551,130,98,36,481,314,119,201,336,606,475,122,467,58,359,358,462,156,93,125,75,304,209,405,297,10,139,3,617,26,506,583,177,471,479,17,191,90,18,235,553,60,372,517,324,195,274,422,537,453,142,175,342,571,625,533,387,143,627,499,289,500,565,206,356,16,310,15,238,154,450,62,618,107,37,595,134,217,82,198,614,465,184,345,266,157,80,248,202,196,364,260,69,173,45,596,494,573,341,435,189,407,464,68,400,258,236,409,469,186,619,509,515,309,302,524,162,27,102,609,420,485,519,575,231,410,546,497,338,363,590,381,174,116,507,32,594,599,20,197,158,114,457,153,369,6,493,588,292,252,40,121,492,221,608,325,360,472,234,339,367,377,272,406,38,586,386,147,347,477,105,25,543,208,333,132,441,504,199,222,100,239,560,416,301,179,623,211,332,108,510,229,109,264,446,312,140,429,295,461,390,220,46,568,149,39,427,194,9,187,572,382,49,624,331,383,438,171,224,351,168,237,11,19,626,135,218,8,182,514,398,159,399,552,350,421,604,161,216,414,180,501,379,203,516,368,349,375,145,44,610,449,64,418,48,567,480,118,445,602,508,482,425,24,373,242,535,240,470,316,245,192,65,534,436,563,29,84,459,136,79,313,104,204,77,394,81,14,554,415,518,498,115,300,380,35,370,99,55,545,66,522,463,89,612,327,188,354,190,31,468,178,172,611,296,106,53,249,294,337,308,283,253,585,2,28,165,491,531,402,151,319,603,419,616,384,126,442,330,536,101,448,321,365,525",5000,100
10,0,77800.75633725213,1.6816646121532661,"30,357,346,403,255,59,444,164,256,141,51,185,57,348,577,287,72,439,138,271,329,280,361,86,201,119,336,303,73,219,21,241,574,176,223,570,340,587,528,210,437,279,177,148,103,566,311,254,526,443,559,334,200,117,94,97,540,549,513,607,544,578,305,530,523,251,63,76,326,358,98,355,281,615,474,376,88,350,604,525,161,216,122,228,307,317,591,278,496,447,388,230,454,430,215,318,473,120,268,131,476,227,432,74,344,391,3,139,506,26,583,505,483,261,169,288,85,502,298,542,144,75,247,5,401,396,250,291,299,393,456,428,378,23,22,343,54,7,270,555,395,460,226,411,582,511,527,265,275,426,285,207,152,613,71,322,146,50,548,362,451,160,293,208,543,333,132,199,504,441,100,222,379,501,209,297,405,258,236,409,469,186,619,260,509,364,69,309,381,590,497,546,410,231,575,519,485,420,609,102,27,524,162,302,341,573,494,45,596,173,407,189,435,339,234,472,25,105,477,272,377,367,586,38,386,406,40,121,492,221,608,325,360,369,493,6,153,464,68,400,175,142,453,387,625,533,571,342,125,93,156,462,36,481,314,365,321,421,580,212,277,150,180,214,408,149,568,46,220,390,461,295,66,545,99,55,35,370,445,118,480,602,508,482,425,178,31,375,190,48,567,64,491,165,28,316,394,77,204,104,308,585,253,2,240,535,242,373,470,24,192,65,534,436,563,29,84,459,106,296,611,172,419,603,319,151,468,380,300,115,14,554,415,81,245,79,136,313,283,44,449,610,418,145,354,349,327,89,612,188,522,463,531,402,384,616,498,518,249,294,337,53,193,620,96,310,553,235,60,206,565,16,372,324,517,15,195,274,422,499,627,289,500,352,417,163,18,600,267,569,581,113,140,446,109,264,416,560,239,301,179,623,211,429,618,107,37,595,134,217,82,614,198,374,539,243,424,624,49,382,572,516,194,427,39,187,9,292,252,197,158,114,20,599,594,457,32,507,174,116,588,147,347,143,487,557,412,335,155,92,371,282,495,486,561,225,183,562,601,556,181,276,218,135,8,398,514,19,626,11,237,351,168,224,171,438,159,246,124,520,413,532,213,550,366,452,263,592,232,621,538,83,484,244,423,558,67,47,257,529,205,622,4,111,166,167,170,541,328,315,323,33,127,43,13,397,273,269,353,52,56,286,597,440,584,503,12,123,434,490,579,478,605,91,58,359,467,448,259,466,479,90,191,17,471,284,110,262,536,330,126,442,101,95,130,551,392,320,598,304,10,331,42,233,70,488,133,512,112,128,489,34,385,203,368,356,389,78,593,312,238,154,450,62,363,338,515,80,157,266,196,345,248,202,537,184,465,108,510,229,332,87,521,404,129,564,137,306,290,547,455,606,475,414,458,431,589,41,433,61,399,552,182,576,617,383",5000,100
10,1,75440.6157753409,1.897557150785153,"269,273,67,558,259,466,434,448,556,181,458,621,232,592,263,452,366,550,213,520,413,532,159,246,124,431,589,41,83,484,244,423,47,257,538,13,348,577,287,397,43,33,127,323,315,167,170,328,541,57,185,72,439,271,138,280,361,86,12,440,433,30,503,584,51,141,346,357,454,207,152,613,71,322,146,50,278,447,496,388,230,430,215,318,473,120,268,476,131,385,34,208,293,160,374,539,543,333,132,199,504,441,203,516,382,572,194,9,187,149,568,46,220,390,461,295,39,427,211,301,100,222,501,379,362,548,451,112,512,133,488,233,70,424,624,243,49,42,237,11,514,182,8,398,552,224,19,626,135,218,276,490,579,56,52,286,353,597,255,59,444,164,256,403,562,183,225,561,486,495,282,478,605,91,371,123,329,61,601,20,594,32,599,158,114,197,519,485,420,609,102,27,162,524,302,341,573,494,45,596,464,407,189,435,608,221,492,121,40,406,272,377,367,339,234,472,25,175,342,571,105,477,147,347,386,38,586,292,252,258,400,68,236,409,469,186,619,173,69,309,575,231,410,546,497,338,363,381,590,515,509,364,260,248,80,157,266,196,345,202,511,582,411,265,527,73,219,21,241,574,299,291,378,177,581,18,163,417,352,600,267,569,401,396,250,483,505,247,5,288,85,542,298,90,191,479,471,17,95,442,330,536,262,110,284,559,94,117,404,521,129,564,306,137,290,228,307,578,305,530,523,251,63,76,326,358,455,547,101,126,428,456,393,113,148,103,566,311,254,526,443,334,200,617,3,139,506,26,583,169,261,144,75,93,125,36,201,119,336,606,475,365,321,350,421,580,212,277,150,180,414,216,161,525,604,279,23,22,343,87,620,96,310,553,235,16,372,517,324,356,206,565,74,432,227,576,285,426,275,303,391,344,10,297,209,304,551,392,130,98,355,281,615,474,376,88,598,320,502,108,510,229,332,62,450,60,570,340,587,528,210,416,560,239,179,623,7,395,460,226,389,78,54,593,312,238,154,446,140,264,109,37,107,618,429,595,134,217,82,614,198,465,537,422,500,289,499,627,143,387,533,625,142,453,493,325,360,369,6,153,116,174,507,588,457,155,317,487,412,557,467,359,58,111,4,622,205,529,166,193,513,607,549,97,540,128,489,591,544,270,555,437,176,223,368,314,481,462,156,405,171,438,383,331,214,408,168,351,459,84,29,436,534,65,192,245,563,313,283,308,585,253,2,28,491,165,535,242,240,470,24,373,602,508,482,425,178,31,468,370,99,55,545,66,463,522,394,316,81,415,554,14,518,498,296,611,172,115,300,380,449,610,44,64,418,48,567,145,375,190,354,349,104,204,77,480,118,445,79,136,249,294,337,53,106,616,384,419,603,319,151,35,327,612,89,188,402,531,184,274,195,15,335,92,122,399",5000,100
10,2,73400.89955765256,1.9331546179391612,"496,447,278,152,207,454,430,215,230,388,539,374,160,293,208,543,333,132,199,504,441,203,516,382,572,194,39,427,211,332,108,510,229,429,109,264,446,140,555,270,7,395,460,226,389,78,54,593,312,238,154,450,62,618,107,37,595,134,217,82,614,198,465,184,345,196,202,248,80,157,266,515,509,364,260,69,309,381,590,497,546,410,231,575,519,485,420,609,102,27,524,162,302,493,325,360,369,6,153,341,573,494,45,596,173,407,464,68,409,469,186,619,435,189,377,367,339,234,472,236,258,400,175,25,105,477,272,406,386,38,586,147,347,252,292,588,221,608,492,121,40,174,116,507,32,599,594,457,158,114,197,20,142,453,537,422,500,206,565,356,16,372,310,553,235,60,526,95,17,471,479,90,191,18,163,417,600,352,502,298,542,85,288,144,169,261,483,505,247,5,401,396,250,279,581,177,148,103,566,311,254,113,193,620,96,87,23,22,343,428,378,291,299,368,570,340,587,176,223,437,241,21,219,73,303,391,344,227,432,74,576,285,426,275,318,385,34,473,120,268,131,476,15,517,324,195,274,24,373,470,240,242,535,77,394,316,81,14,554,415,518,498,296,611,172,419,115,300,380,245,192,65,534,436,563,29,84,459,136,79,313,104,204,308,283,2,253,585,28,165,491,64,418,48,567,145,44,610,449,190,354,349,327,612,89,188,375,35,370,99,55,545,66,522,463,531,402,384,616,603,319,151,468,178,31,118,445,480,602,508,482,425,337,294,249,53,106,97,540,549,513,607,262,536,330,126,442,101,559,334,200,117,404,521,129,94,440,584,51,503,433,30,183,562,601,556,448,259,466,434,218,181,458,276,538,232,621,592,263,452,366,550,213,532,413,520,124,246,159,398,399,552,224,171,438,383,331,214,408,42,70,424,624,49,243,379,501,222,100,301,416,560,239,623,179,10,297,405,209,304,551,130,98,201,119,336,314,481,36,358,455,547,290,306,137,564,557,487,307,228,544,578,305,530,523,251,63,76,326,125,75,156,93,462,83,484,244,423,315,323,127,33,43,13,348,577,287,397,273,269,111,4,622,205,529,166,167,170,541,328,57,185,439,72,138,271,329,280,361,86,12,403,597,353,286,52,56,255,59,444,164,256,141,346,357,237,351,168,11,514,182,8,135,626,19,488,233,414,133,512,112,150,180,525,161,604,350,321,365,475,606,122,467,359,58,91,335,155,92,371,282,495,486,561,225,478,605,123,47,257,558,589,41,431,67,320,392,88,598,355,281,615,474,376,548,362,50,146,322,71,613,110,284,443,267,569,26,506,583,139,3,617,574,411,582,511,527,265,528,210,393,456,451,580,212,421,579,490,277,216,220,390,461,295,568,46,149,187,9,128,317,489,591,143,387,533,625,571,342,338,363,627,499,289,61,412",5000,100
10,3,72222.70295918781,2.134307521197759,"601,361,86,12,440,584,51,141,346,357,185,57,328,541,170,167,166,529,205,622,4,111,52,56,286,255,59,444,164,256,403,597,353,13,348,577,287,397,538,232,621,592,263,452,366,550,213,532,413,520,124,431,398,135,626,19,11,514,182,8,218,181,458,276,556,259,466,434,448,123,271,138,72,439,329,280,61,561,486,495,282,371,91,335,155,92,412,58,359,467,122,475,606,365,321,350,421,580,212,277,150,180,414,133,512,112,362,548,451,160,293,208,543,333,132,199,504,441,203,516,382,572,194,39,427,9,187,149,568,46,220,390,461,295,429,109,264,446,140,555,270,7,395,460,226,389,78,54,593,312,238,154,450,62,618,107,37,595,134,217,82,614,198,465,184,345,196,202,248,80,157,266,515,509,364,260,69,173,596,45,494,573,435,189,407,464,68,400,258,236,409,469,186,619,472,25,105,477,272,377,367,339,234,325,360,369,6,493,588,221,608,492,121,40,406,386,38,586,147,347,252,292,20,599,594,457,609,102,27,524,162,302,507,32,485,420,575,519,590,381,309,363,338,497,546,410,231,114,197,158,174,116,341,153,500,499,289,627,143,387,533,625,571,342,175,142,453,537,422,274,195,324,517,15,96,310,553,235,60,356,206,565,16,372,130,551,392,320,598,355,281,615,474,376,88,71,613,152,207,454,430,215,230,388,496,447,278,146,50,322,411,582,511,401,396,250,279,581,569,267,18,163,417,600,352,502,298,542,85,144,288,261,169,505,247,5,527,265,275,426,285,576,227,432,74,391,344,617,506,583,139,3,26,209,304,10,297,405,42,408,214,488,233,70,424,624,49,243,374,539,473,120,268,131,476,318,385,34,501,379,222,100,623,179,301,416,560,239,340,587,528,210,299,291,378,428,456,393,570,368,437,176,223,241,574,219,21,73,303,483,156,462,93,125,75,479,90,191,17,471,343,87,23,22,620,193,113,148,103,566,311,254,526,443,559,334,200,117,94,97,540,549,513,607,262,110,284,101,442,126,330,536,523,251,63,76,326,358,455,547,290,306,137,564,557,487,307,228,544,578,305,530,216,161,604,525,579,490,478,605,433,30,503,331,168,237,351,224,171,438,383,399,552,246,159,41,558,67,273,269,244,423,315,323,33,127,43,589,484,83,47,257,183,562,225,314,481,36,98,201,119,336,211,332,108,510,229,177,128,317,591,129,521,404,563,29,84,459,136,79,313,104,204,77,394,316,81,245,192,65,534,436,242,535,240,470,24,373,602,508,482,425,445,118,480,178,31,468,370,99,55,545,66,522,463,531,402,384,616,603,319,151,35,300,115,498,518,14,554,415,53,249,294,337,296,611,172,419,380,106,567,48,418,145,44,610,449,64,491,165,28,253,585,308,283,2,190,375,188,327,612,89,354,349,95,489",5000,100
10,4,71859.61228546425,2.318070407304994,"247,5,527,265,411,582,511,401,396,250,279,177,148,103,566,311,254,113,193,620,96,87,23,22,343,54,593,312,238,154,450,62,618,107,37,595,134,217,82,614,198,465,616,384,419,603,319,151,35,300,115,498,518,14,554,415,81,245,192,65,534,436,563,29,84,459,136,79,313,104,204,77,394,316,380,508,482,425,178,31,468,370,99,55,545,66,522,463,531,402,172,611,296,106,53,249,294,337,242,535,240,470,24,373,602,480,445,118,145,44,610,449,64,418,48,567,491,165,28,585,308,283,2,253,467,359,58,557,487,412,335,155,92,371,91,605,478,490,579,434,448,259,466,556,181,458,276,538,232,621,592,263,452,366,550,213,520,124,246,159,399,552,224,171,438,383,331,214,408,42,70,424,624,49,243,374,539,543,333,132,199,504,441,203,516,382,572,194,9,187,149,568,46,220,390,461,295,429,109,264,446,140,555,270,7,395,460,226,389,78,340,587,528,210,299,378,291,176,437,223,570,368,34,385,318,215,230,388,496,447,278,152,613,71,322,146,50,362,548,451,160,293,208,379,501,222,100,623,179,301,416,560,239,574,219,21,241,268,131,476,285,426,275,576,227,432,74,391,344,617,26,506,583,139,3,209,304,10,297,405,144,288,261,169,505,483,156,462,93,125,75,479,90,191,17,471,404,521,129,94,117,334,200,443,559,101,442,126,330,536,262,110,284,544,578,305,530,523,251,63,76,326,358,455,547,290,306,137,564,228,307,513,607,549,97,540,356,206,565,16,372,310,553,235,60,526,95,489,128,317,591,123,271,138,72,439,185,57,328,541,170,167,166,529,205,622,4,111,52,56,255,59,444,164,256,141,51,584,440,503,433,30,601,562,183,225,561,486,495,282,323,315,33,127,43,13,348,577,287,397,423,244,47,257,484,83,398,8,135,626,19,11,514,182,351,168,237,604,525,161,216,414,180,150,277,580,212,421,350,321,365,475,606,122,201,119,336,314,481,36,98,130,551,392,320,598,355,281,615,474,376,88,112,512,133,488,233,332,211,427,39,454,430,207,303,73,267,569,581,18,163,417,600,352,502,298,542,85,286,353,597,403,346,357,86,12,361,280,61,329,532,413,589,41,431,558,67,273,269,218,349,354,375,190,327,612,89,188,324,517,15,195,274,422,499,289,500,627,143,387,533,625,571,342,175,25,105,477,272,377,367,339,234,472,236,409,469,186,619,173,596,45,494,573,435,189,407,464,68,400,258,157,266,515,509,364,260,69,309,381,590,497,546,410,231,575,519,485,420,609,102,27,162,524,302,493,325,360,369,6,153,341,594,457,158,114,197,20,116,174,588,221,608,492,121,40,406,386,38,586,147,347,252,292,507,32,599,338,363,142,453,537,184,345,196,202,248,80,229,108,510,120,473,456,393,428",5000,100
10,5,71536.91831234374,2.5955898706959664,"525,161,604,350,421,580,212,277,150,180,414,216,19,11,514,182,8,398,237,351,168,224,171,438,383,331,214,408,42,624,49,243,374,539,208,543,333,132,199,504,441,203,516,382,572,194,39,427,9,187,149,568,46,220,390,461,295,429,109,264,446,140,555,270,7,395,460,226,389,78,54,593,312,238,154,450,62,618,107,37,595,134,217,82,614,198,465,184,345,196,202,248,80,157,266,515,509,364,260,69,173,596,45,494,573,435,189,407,464,68,400,258,236,409,469,186,619,472,25,105,477,272,377,367,339,234,302,27,162,524,6,493,369,325,360,153,341,309,381,590,497,546,410,231,575,519,485,420,609,102,457,507,32,594,599,116,174,588,221,608,492,121,40,406,386,38,586,147,347,252,292,20,197,158,114,338,363,142,175,342,571,533,625,387,143,404,521,334,200,443,559,110,284,262,536,330,126,442,101,523,251,63,76,326,358,455,547,290,306,137,564,557,487,307,228,544,578,305,530,600,352,502,298,542,85,144,288,261,169,505,247,5,401,396,250,279,581,569,267,18,163,417,113,193,620,96,87,23,22,343,310,553,235,60,356,206,565,289,500,499,627,422,274,195,324,517,15,372,16,94,117,540,97,549,513,607,591,129,562,601,361,86,12,440,584,51,141,346,357,185,57,328,541,170,167,166,529,205,622,4,111,52,56,286,353,597,403,255,59,444,164,256,503,433,30,183,225,561,486,495,282,371,91,335,155,92,412,58,359,467,122,475,606,365,321,376,88,598,355,281,615,474,392,320,119,336,314,481,36,201,98,130,551,304,10,297,405,209,156,462,93,125,75,479,90,191,17,471,299,291,378,428,456,393,528,210,223,570,340,587,368,437,176,574,411,582,511,527,265,275,426,285,207,454,430,215,230,388,496,447,278,152,613,71,322,146,50,362,548,451,160,293,133,512,112,488,233,70,424,318,120,268,131,476,73,303,576,227,432,74,391,344,617,26,506,583,139,3,219,21,241,177,148,103,566,311,254,526,95,483,211,332,108,510,229,61,329,280,439,72,138,271,605,478,490,579,434,448,259,466,556,181,458,276,538,232,621,592,263,452,366,550,213,532,413,520,124,246,159,399,552,218,135,626,123,47,257,484,83,244,423,315,323,127,33,43,13,348,577,287,397,273,269,67,558,589,41,431,349,354,375,190,145,418,48,567,480,445,118,380,300,115,498,518,14,554,415,81,245,192,65,534,436,563,29,84,459,136,79,313,104,204,77,394,316,242,535,240,470,24,373,602,508,482,425,178,31,468,370,99,55,545,66,522,463,531,402,384,616,603,319,151,35,327,612,89,188,44,610,449,64,491,165,28,253,585,308,283,2,106,53,249,294,337,296,611,172,419,379,501,222,100,623,179,301,416,560,239,34,473,385,317,489,128,453,537",5000,100
10,6,70367.5534063267,13.92423945658952,"597,353,286,255,59,444,164,256,141,346,357,185,57,328,541,170,167,166,529,205,622,4,111,52,56,269,273,67,558,589,41,431,246,124,520,413,532,550,213,257,484,83,592,263,452,366,621,232,538,276,556,259,466,434,448,123,271,138,72,439,329,280,61,601,361,86,12,440,584,51,503,433,30,183,562,225,561,486,495,282,371,91,335,155,92,412,58,359,467,122,475,606,365,321,350,421,580,212,277,150,180,414,216,161,604,525,579,490,478,605,458,181,218,135,626,19,11,514,182,8,398,237,351,168,224,171,438,383,331,214,408,488,233,70,424,624,49,243,374,539,208,543,333,132,199,504,441,203,516,382,572,194,39,427,9,187,149,568,46,220,390,461,295,429,109,264,446,140,555,270,7,395,460,226,389,78,54,593,312,238,154,450,62,618,107,37,595,134,217,82,614,198,465,184,345,196,202,248,80,157,266,515,509,364,260,69,173,596,45,494,573,435,189,407,464,68,400,258,236,409,469,186,619,472,25,105,477,272,377,367,339,234,325,360,369,6,493,588,221,608,492,121,40,406,386,38,586,147,347,252,292,20,599,594,457,158,114,197,507,116,174,32,485,420,609,102,27,162,524,302,309,381,590,497,546,410,231,575,519,363,338,341,153,500,499,289,627,143,387,533,625,571,342,175,142,453,537,422,274,195,324,517,15,372,16,235,553,310,620,96,87,23,22,343,428,456,393,528,210,299,291,378,177,148,103,566,311,254,113,193,60,356,206,565,94,117,404,521,129,97,540,549,513,607,591,128,489,317,487,307,228,544,578,305,530,523,251,63,76,326,358,455,547,290,306,137,564,557,75,156,462,93,125,126,330,536,262,110,284,101,442,95,526,443,559,334,200,511,582,401,396,250,279,581,569,267,18,163,417,600,352,502,298,542,85,144,288,261,169,505,247,5,527,265,411,574,219,21,241,318,385,34,473,120,268,131,476,285,426,275,576,227,432,74,391,344,617,26,506,583,139,3,209,304,10,297,405,613,322,146,50,362,548,451,160,293,133,512,112,551,392,320,598,355,281,615,474,376,88,71,152,207,454,430,215,230,388,496,447,278,73,303,483,368,437,176,223,570,340,587,416,560,239,623,179,301,211,332,108,510,229,531,402,384,616,106,53,249,294,337,296,611,172,419,603,319,151,35,370,99,55,545,66,522,463,89,188,327,612,375,190,354,31,468,178,445,118,480,602,508,482,425,470,24,373,242,535,240,567,48,418,145,44,610,449,64,491,165,28,253,585,308,283,313,104,204,77,394,316,380,300,115,498,518,14,554,415,81,245,192,65,534,436,563,29,84,459,136,79,2,349,130,98,201,119,336,314,481,36,479,90,191,17,471,100,222,501,379,42,127,33,315,323,423,244,47,159,399,552,287,397,43,13,348,577,403",5000,100
11,0,81462.07299800617,1.6951254859812417,"484,592,232,83,273,47,257,67,558,589,41,431,246,124,520,413,532,550,213,366,452,263,218,135,19,626,514,182,398,237,168,224,171,50,146,322,71,613,152,207,454,476,268,131,120,473,385,318,430,215,230,388,496,447,278,543,49,374,539,243,624,424,70,233,42,214,408,488,414,180,150,112,548,451,362,471,479,17,442,126,330,536,262,110,284,101,559,443,200,334,117,94,540,97,549,129,591,15,517,324,16,372,310,96,620,193,113,254,311,103,148,526,95,502,85,542,298,90,191,18,163,417,352,600,581,569,267,26,583,139,3,506,75,156,462,93,125,36,481,314,119,201,336,606,475,525,161,216,604,321,365,615,474,376,88,598,355,281,98,130,304,209,405,10,297,74,432,227,576,285,426,275,219,574,73,303,527,265,411,582,511,396,250,401,279,177,421,350,580,212,277,512,133,179,623,560,416,301,264,109,229,510,108,332,211,239,100,326,76,251,63,530,523,544,578,305,547,455,307,228,306,137,564,557,91,412,487,335,155,317,128,489,92,371,282,495,486,561,225,562,183,601,86,329,280,61,138,72,439,271,287,57,170,541,328,597,353,56,52,205,529,166,111,622,4,244,423,315,33,127,323,43,13,397,348,577,51,584,440,503,12,361,185,357,403,346,141,256,164,444,59,255,194,9,187,149,568,220,390,461,295,595,37,107,618,62,450,238,154,34,501,379,222,208,293,160,460,395,555,226,7,291,299,393,456,428,378,22,54,78,389,587,340,570,223,437,176,210,528,270,45,596,494,573,435,189,407,464,68,400,258,236,619,186,469,409,248,80,157,266,345,202,196,509,260,364,173,69,309,302,381,590,497,546,485,420,609,102,27,162,524,153,341,234,472,25,105,477,386,586,38,147,347,221,608,325,360,369,6,493,588,292,174,116,507,594,32,599,20,197,158,114,252,40,121,492,363,338,519,575,231,410,457,387,625,533,143,607,513,627,289,500,499,217,82,538,621,458,181,276,556,466,448,259,434,490,579,566,5,247,505,483,169,261,144,288,343,23,87,235,553,60,356,206,565,195,274,368,241,21,344,391,404,521,331,11,286,167,8,159,399,552,438,383,46,516,203,382,572,504,441,199,333,132,419,172,498,296,611,316,81,518,14,554,415,65,192,245,534,436,563,29,84,459,283,313,308,253,585,2,28,165,491,64,418,48,567,480,118,445,508,602,482,425,178,31,190,375,145,610,44,449,394,77,535,242,240,470,373,24,380,300,115,151,319,603,188,327,612,89,55,66,545,522,463,531,402,468,35,370,99,106,53,337,294,249,384,616,465,184,349,354,136,79,204,104,617,320,392,551,58,359,467,122,605,478,123,358,290,269,433,30,142,453,537,422,198,614,406,272,377,367,339,515,175,342,571,351,446,140,39,427,312,593,429,134",5000,100
11,1,72386.14340459538,1.8242795475936782,"183,601,86,361,280,329,61,138,271,439,276,556,448,259,466,434,490,579,525,161,216,604,580,212,277,150,112,512,133,362,548,451,293,160,539,374,243,624,49,382,572,516,203,199,504,441,132,333,543,208,230,388,496,447,278,152,71,613,322,146,50,10,297,405,209,304,551,392,320,598,355,281,615,474,376,88,321,365,350,421,414,180,488,233,42,214,408,331,424,70,187,149,568,46,220,390,461,295,429,109,264,446,140,555,270,7,395,460,226,456,393,428,378,291,299,210,528,587,340,570,223,437,176,21,241,574,73,303,275,426,285,576,227,344,391,74,432,207,454,430,215,318,385,34,473,120,131,268,476,368,379,501,222,100,239,560,416,301,179,623,211,332,108,510,229,107,618,62,450,238,154,312,593,78,54,343,22,23,87,96,620,193,113,148,103,566,311,254,526,95,17,471,479,90,191,18,163,417,352,600,502,298,542,85,144,288,261,169,483,505,247,5,401,511,582,411,265,527,139,26,506,583,3,617,335,155,92,317,128,489,591,129,540,97,549,513,607,110,284,101,559,200,334,443,126,442,330,536,262,530,305,544,578,228,307,487,564,137,306,290,547,455,326,76,251,63,523,412,58,557,467,359,122,606,475,119,336,36,481,314,358,93,125,75,156,462,130,98,201,287,577,348,13,397,328,57,185,357,346,141,51,584,503,433,256,164,444,59,255,56,52,286,353,597,403,127,33,323,315,423,244,47,257,484,83,592,232,621,538,263,452,366,550,213,520,413,532,159,246,431,124,558,589,41,67,273,269,111,4,622,205,529,166,167,170,541,43,30,12,440,72,399,552,224,351,168,237,11,19,626,514,182,8,398,91,371,282,495,486,561,225,562,605,478,123,218,135,458,181,453,537,422,274,195,356,206,565,289,500,499,627,143,387,625,533,571,342,175,25,105,477,386,586,38,147,347,406,272,377,367,339,464,407,189,435,573,494,341,153,369,6,493,325,360,608,492,121,40,252,292,588,174,116,507,594,32,599,20,197,158,114,457,519,485,420,609,102,27,162,524,302,381,590,497,546,410,231,575,400,68,258,236,142,472,234,409,469,186,619,260,364,509,515,363,338,309,69,173,45,596,80,157,266,345,196,202,248,603,419,172,611,296,106,53,249,294,337,415,554,14,518,81,316,394,77,204,104,308,253,585,2,28,165,491,64,418,48,567,480,118,445,602,508,482,425,178,31,468,370,99,55,545,66,522,463,89,612,327,188,354,349,375,145,44,610,190,449,283,313,136,79,65,192,245,534,436,563,29,84,459,498,115,300,380,470,240,242,535,373,24,35,151,319,384,616,402,531,465,198,614,82,217,134,595,37,39,427,194,9,94,117,404,521,60,235,553,310,372,16,324,517,15,267,569,581,177,279,250,396,219,389,221,184,171,438,383",5000,100
11,2,71359.24965560398,10.516442152912532,"589,41,431,124,520,413,532,550,213,366,452,263,592,232,621,538,83,484,47,257,244,423,315,323,127,33,43,541,170,167,166,529,205,622,4,111,269,273,67,558,564,137,306,290,547,455,326,76,251,63,523,530,305,544,578,228,307,487,412,335,155,92,317,128,489,591,129,540,97,549,513,607,110,284,101,559,200,334,443,117,94,404,521,60,356,206,565,289,500,499,627,143,387,625,533,571,342,175,25,105,477,386,586,38,147,347,406,272,377,367,339,464,407,189,435,573,494,45,596,341,153,369,6,493,325,360,608,221,492,121,40,252,292,588,174,116,507,457,519,485,420,609,102,27,162,524,302,381,590,497,546,410,231,575,114,599,20,197,158,594,32,472,234,236,258,400,68,409,469,186,619,260,364,509,515,363,338,309,69,173,266,345,196,202,248,80,157,142,453,537,422,274,195,324,517,15,372,16,310,235,553,96,620,193,113,148,103,566,311,254,526,95,17,471,479,90,191,18,163,417,352,600,502,298,542,85,144,288,261,169,483,505,247,5,401,511,582,411,265,527,73,303,275,426,285,576,227,432,74,344,391,3,617,26,506,583,139,405,209,304,551,392,130,98,201,119,336,606,475,604,525,161,216,421,580,212,277,150,112,512,133,362,548,451,293,160,539,374,243,424,70,233,42,214,408,488,180,414,626,514,182,8,398,399,552,224,351,168,237,11,19,135,218,458,181,556,448,259,466,434,490,579,478,605,371,282,495,486,561,225,562,183,601,86,361,280,329,61,138,271,123,91,359,58,557,467,122,93,125,75,156,462,36,481,314,297,10,320,598,355,281,615,474,376,88,321,365,350,358,536,330,126,442,569,267,581,177,279,250,396,299,210,528,587,340,570,223,437,176,21,241,574,219,476,268,131,120,473,385,34,318,215,430,230,388,496,447,278,152,71,613,322,146,50,555,270,7,395,460,226,456,393,428,378,291,78,389,140,446,109,264,429,295,461,390,220,39,427,194,9,187,149,568,46,383,438,171,331,343,22,23,87,333,543,208,100,239,560,416,301,179,623,211,332,108,510,229,134,595,37,107,618,62,450,238,154,312,593,54,198,614,82,217,465,184,616,384,611,296,106,53,249,294,337,415,554,14,518,81,316,394,77,204,104,308,253,585,2,28,165,491,64,449,44,610,190,375,145,418,48,567,480,118,445,602,508,482,425,178,31,468,370,99,55,545,66,522,463,89,612,327,188,354,349,531,402,603,419,172,115,300,380,470,240,242,535,373,24,35,151,319,498,245,534,436,563,29,84,459,136,79,313,283,65,192,368,379,501,199,504,441,132,49,382,572,516,203,222,207,454,357,346,141,51,584,503,433,256,164,444,59,255,56,52,286,353,597,403,57,328,13,397,348,577,287,72,439,185,12,440,30,159,246,276,624,262",5000,100
11,3,71719.78447314481,2.186902220565439,"346,141,51,584,503,433,256,164,444,59,255,56,52,286,353,597,403,127,33,323,315,423,244,47,257,484,83,592,232,621,538,263,452,366,550,213,520,413,532,159,246,431,124,558,589,41,67,273,269,111,529,205,622,4,166,167,170,328,541,43,13,397,348,577,287,72,439,185,57,357,440,12,86,361,280,329,61,601,183,562,495,486,561,225,335,155,92,317,128,489,591,129,94,117,334,200,559,443,526,95,17,471,479,90,191,18,163,417,352,600,502,298,542,85,144,288,261,169,483,505,247,5,401,511,582,411,265,527,73,303,275,426,285,576,227,432,74,344,391,3,617,26,506,583,139,405,209,304,551,392,320,598,355,281,615,474,376,88,321,365,350,421,580,212,277,150,112,512,133,362,548,451,293,160,539,374,243,624,49,382,572,516,203,100,222,379,501,199,504,441,132,333,543,208,230,388,496,447,278,152,71,613,322,146,50,10,297,219,574,241,21,368,223,437,176,210,528,587,340,570,7,395,460,226,456,393,428,378,291,299,250,396,279,569,267,581,177,113,148,103,566,311,254,193,620,96,87,23,22,343,54,593,78,389,140,555,270,239,560,416,301,179,623,211,332,108,510,229,429,109,264,446,312,238,154,450,62,618,107,37,595,134,82,217,465,198,614,274,195,422,537,453,142,472,234,236,258,400,68,409,469,186,619,260,364,509,515,363,338,497,546,410,231,575,485,420,609,102,27,162,524,302,381,590,309,69,173,45,596,341,153,369,6,493,325,360,608,492,121,40,252,292,588,221,519,457,594,32,599,20,197,158,114,174,116,507,157,80,248,202,196,266,345,184,616,384,611,172,419,603,319,151,35,81,554,14,518,498,115,300,380,470,240,242,535,77,204,104,308,253,585,2,28,165,491,64,418,48,567,480,118,445,602,508,482,425,178,31,468,370,99,55,545,66,522,463,89,612,327,188,354,349,375,145,190,44,610,449,283,65,192,245,534,436,563,29,84,459,136,79,313,24,373,316,394,415,294,337,53,249,296,106,402,531,525,161,216,604,606,475,122,467,359,58,557,412,487,564,137,306,290,547,455,326,76,251,63,523,530,305,544,578,228,307,262,110,284,101,330,126,442,536,358,314,481,36,98,130,201,119,336,156,462,93,125,75,25,105,477,386,586,38,147,347,406,272,377,367,339,464,407,189,435,573,494,399,552,224,351,168,237,11,19,626,514,182,8,398,331,214,408,488,233,42,70,424,34,473,120,131,268,476,207,454,430,215,318,385,187,149,568,46,220,390,461,295,490,579,434,259,466,448,556,181,458,218,135,414,180,91,371,282,123,478,605,171,438,383,427,39,9,194,324,517,15,372,16,356,206,565,289,500,499,627,143,387,625,533,571,342,175,521,404,607,513,549,97,540,138,271,276,30,60,235,553,310",5000,100
12,0,94309.34819402831,1.7217315424107882,"30,164,59,444,255,286,550,538,621,232,83,244,423,484,287,348,577,397,181,514,261,169,505,247,5,527,355,598,130,551,392,320,146,322,506,26,583,139,3,617,405,297,78,389,460,226,456,393,428,600,18,163,417,352,279,23,22,446,109,264,416,560,510,87,60,299,73,265,411,582,511,401,396,250,219,426,275,120,473,385,318,543,333,199,222,501,379,516,504,441,49,243,624,539,374,424,451,50,512,133,112,150,277,350,321,365,281,615,474,376,315,323,33,127,43,13,170,541,328,167,597,353,346,141,584,503,403,205,529,166,111,622,4,72,439,276,282,91,207,454,268,131,476,430,215,432,74,227,576,285,340,570,223,587,437,176,574,21,241,34,108,332,7,270,555,395,101,262,305,578,544,471,479,17,502,155,212,580,230,388,211,301,427,39,334,200,559,443,298,288,569,267,75,125,462,93,156,304,10,36,314,119,336,496,447,278,620,96,235,553,310,16,324,517,466,434,88,613,71,89,612,327,99,55,545,66,468,370,44,610,449,64,48,418,178,425,482,118,445,316,518,554,14,81,415,470,567,104,204,65,192,245,534,436,24,373,535,242,240,394,77,480,508,602,165,28,585,253,2,563,459,84,29,106,296,419,151,442,126,63,251,523,90,481,601,361,86,12,433,440,51,256,382,572,194,9,187,149,46,568,399,552,233,70,214,408,344,391,303,414,58,359,467,358,326,76,547,455,412,137,564,306,581,254,311,566,103,148,536,330,284,110,530,193,113,95,526,191,85,627,499,289,500,565,206,356,210,528,312,62,154,238,218,458,8,182,135,448,357,280,329,61,123,56,52,273,269,67,558,589,41,431,520,246,124,360,325,221,492,121,40,196,619,590,381,309,69,260,364,509,515,153,464,342,175,435,189,596,45,341,494,102,27,524,162,302,6,174,252,158,114,197,32,599,594,420,609,591,487,557,317,486,495,579,490,605,478,525,161,216,483,542,144,122,293,208,368,343,128,489,475,606,271,138,556,259,225,183,562,136,31,375,190,354,349,522,463,234,472,68,258,400,236,186,469,409,369,339,367,377,272,406,105,477,586,386,38,347,147,231,410,546,497,507,116,493,588,292,20,457,485,519,575,338,363,407,608,533,387,625,25,571,274,195,450,107,37,618,94,117,549,97,540,129,521,404,143,157,80,248,202,184,465,614,198,537,142,453,422,132,203,100,239,179,623,390,290,92,335,201,98,307,228,513,607,140,209,152,488,362,548,180,168,351,237,19,626,11,421,291,592,257,47,263,213,366,452,160,220,461,295,593,54,429,229,595,134,82,217,491,300,115,498,172,319,35,380,313,283,308,79,603,384,611,616,145,53,337,294,531,402,188,383,438,171,224,398,532,413,159,185,57,604,177,378,15,372,371,561,345,266,573,173,331,42,249",5000,100
12,1,71435.28435429824,1.8242795475936782,"4,622,205,529,166,111,269,273,67,558,589,41,431,246,124,520,413,532,550,366,452,263,592,232,621,538,83,484,47,257,244,423,315,33,127,323,43,13,348,577,287,397,328,170,541,167,357,346,141,403,597,353,286,56,52,255,444,59,164,256,51,584,503,433,30,601,562,183,225,561,486,495,282,371,605,478,123,271,138,72,439,185,57,440,12,86,361,280,329,61,448,259,466,434,490,579,525,604,161,216,414,180,150,277,212,580,421,350,321,365,615,474,376,88,598,320,392,551,130,304,10,297,405,209,144,261,169,505,483,288,502,298,542,85,569,267,18,163,417,352,600,90,479,471,17,191,95,526,254,311,566,103,148,113,193,620,87,23,22,343,54,593,78,389,460,395,7,270,555,140,446,109,264,510,108,332,211,179,623,560,416,301,239,100,222,501,379,34,385,318,215,430,230,388,496,447,278,152,613,71,322,146,50,362,548,451,512,133,112,233,70,42,214,408,488,331,187,149,568,46,220,390,461,295,429,229,226,393,456,428,378,291,299,210,528,587,340,570,223,437,176,368,21,241,574,73,219,476,285,426,275,303,576,227,344,391,139,3,617,506,26,583,247,5,527,265,411,582,511,401,396,250,279,177,581,75,125,93,156,462,36,481,314,119,201,336,475,606,122,467,359,58,412,557,487,307,228,290,547,455,358,326,76,63,251,523,530,305,544,578,262,110,284,101,330,126,536,607,513,549,97,540,129,591,128,489,317,155,92,91,335,564,306,137,355,281,98,404,94,117,334,200,559,443,60,553,235,310,96,517,15,324,16,372,356,206,565,521,500,627,499,289,143,387,533,625,571,342,175,477,386,38,586,147,347,252,292,588,221,492,121,40,406,272,377,367,339,234,472,25,105,407,189,435,341,573,494,45,596,173,69,260,364,509,515,157,80,248,202,196,345,266,184,537,453,142,409,469,186,619,236,400,258,68,464,608,20,507,32,599,197,158,114,594,457,575,231,410,546,497,338,363,381,590,519,485,420,609,102,27,162,524,302,153,325,360,369,6,493,309,116,174,207,454,203,516,504,441,132,333,199,243,424,624,49,382,572,194,9,427,39,383,438,171,224,351,168,237,11,514,182,8,398,399,552,159,276,556,181,458,218,135,626,19,24,373,470,240,242,535,77,394,316,245,534,436,563,29,84,459,81,14,518,498,172,611,296,106,53,249,294,337,136,79,192,65,204,104,308,585,253,2,28,165,491,64,418,48,567,145,375,190,610,44,449,445,118,480,602,508,482,425,178,31,468,370,99,55,545,66,522,463,188,327,612,89,349,354,531,402,319,419,603,384,616,415,554,115,300,380,283,313,35,151,465,82,217,198,614,274,195,450,62,618,107,37,595,134,312,238,154,131,268,473,120,74,432,160,293,208,543,539,374,442,422,213",5000,100
13,0,76188.25047023993,1.708480306786615,"520,124,431,246,159,413,532,213,550,366,452,263,592,83,484,244,47,257,558,67,273,269,111,622,4,529,205,166,167,328,541,170,43,13,348,577,287,57,185,357,597,403,346,141,51,584,503,440,433,256,164,444,59,255,56,52,286,353,439,138,72,123,448,259,466,434,490,579,478,605,371,155,92,91,412,487,557,564,137,306,290,547,455,326,76,251,63,523,530,305,544,578,228,307,536,262,110,284,101,442,330,126,17,471,479,90,191,352,600,417,163,18,569,267,581,177,279,396,250,5,527,265,411,582,511,401,437,176,241,219,21,574,73,303,391,344,227,432,74,576,285,275,426,107,618,62,450,154,238,312,593,54,343,22,23,87,620,96,193,113,254,311,566,103,148,268,131,476,318,385,34,379,501,222,100,239,560,416,301,211,623,179,264,109,446,140,555,395,460,7,270,368,226,78,389,393,456,428,378,291,299,528,210,223,570,340,587,119,201,615,474,376,88,321,365,475,36,98,281,355,598,320,392,551,130,304,10,209,405,297,617,3,139,26,506,583,505,247,169,261,483,288,144,85,542,298,502,156,462,93,125,75,322,146,50,278,447,496,388,230,430,215,152,613,71,207,454,160,293,208,543,333,132,199,504,441,382,572,194,39,427,516,203,49,243,624,424,70,233,42,214,408,488,133,112,277,150,180,414,216,161,525,604,350,421,580,212,481,314,336,606,122,467,359,58,489,591,540,97,549,513,607,129,404,521,206,565,356,16,372,15,517,324,195,274,422,500,289,627,499,143,387,533,625,571,342,175,142,472,234,339,367,407,464,435,189,573,494,45,596,173,153,341,6,325,360,369,116,507,32,594,599,114,158,197,20,292,252,493,588,221,492,121,40,406,272,377,590,381,309,69,515,509,364,260,202,196,345,266,157,80,248,27,524,162,302,363,338,497,546,410,231,575,519,485,420,609,102,174,409,469,186,619,236,68,400,258,2,253,585,308,283,313,204,104,44,610,449,64,491,165,28,380,300,115,35,370,468,55,99,66,522,463,531,402,465,614,198,217,82,595,37,429,332,108,510,229,295,461,390,220,149,568,46,187,9,127,33,323,315,397,621,538,232,423,41,589,399,552,398,8,182,514,626,19,11,237,351,168,224,171,438,383,331,190,354,375,145,418,48,567,602,480,118,445,482,508,24,373,470,240,242,535,316,394,77,65,534,436,563,29,84,459,136,79,106,296,498,518,14,554,415,81,245,192,294,337,249,53,151,319,419,603,611,172,327,612,89,188,349,425,178,31,545,477,105,25,347,147,586,38,386,457,30,183,225,561,486,495,282,276,556,181,458,218,135,235,553,60,310,200,334,559,443,95,526,539,374,548,362,512,451,317,128,329,61,280,361,86,12,601,562,271,117,94,120,473,358,335,134,384,616,608,453,537,184",5000,100
13,1,71905.73709907089,1.8490281119219594,"315,423,244,484,47,257,558,67,273,269,111,622,4,529,205,166,167,170,541,328,57,185,357,597,403,346,141,51,584,503,440,12,86,361,280,61,329,138,72,439,271,123,448,259,466,434,490,579,478,605,371,91,467,359,58,557,412,487,137,306,290,547,455,326,76,251,63,523,530,305,544,578,228,307,564,275,426,303,576,227,432,74,391,344,3,139,26,506,583,505,247,5,527,265,411,582,511,401,396,250,279,569,267,581,177,378,428,456,393,210,528,587,340,570,223,437,176,241,21,219,73,574,368,270,555,395,460,389,78,54,593,140,446,312,238,154,450,62,618,107,37,595,82,217,134,295,461,390,220,149,568,46,187,9,194,39,427,516,203,504,441,199,132,333,543,208,293,160,451,548,362,512,133,112,277,150,180,414,216,161,525,604,350,421,580,212,88,376,474,615,281,355,598,320,392,551,130,304,209,405,297,10,613,71,322,146,50,278,447,496,388,230,430,215,318,385,34,473,120,131,268,476,285,207,454,152,617,144,288,261,169,483,600,352,502,298,542,85,128,489,591,129,540,97,549,513,607,94,117,404,521,206,565,500,289,627,499,143,387,533,625,571,342,175,25,105,477,386,586,38,147,347,406,272,377,367,339,407,464,68,400,258,236,469,409,186,619,173,596,45,494,573,435,189,588,221,608,492,121,40,292,252,20,197,158,114,599,594,32,116,507,102,609,420,485,519,575,231,410,546,497,338,363,515,509,364,260,69,309,381,590,341,153,360,325,493,6,369,27,524,162,302,457,174,226,7,299,291,87,620,96,193,113,148,18,163,417,17,471,479,90,191,95,526,566,103,311,254,101,442,330,536,262,110,284,559,443,334,200,60,235,553,310,372,15,517,324,195,274,422,614,198,465,184,537,453,142,472,234,202,248,80,157,266,196,345,327,612,89,188,349,354,375,190,610,44,449,64,48,567,373,24,602,480,118,445,508,482,425,178,31,468,370,99,55,545,66,522,463,531,402,616,384,603,319,151,35,380,300,115,419,172,611,498,518,14,554,415,81,245,534,436,563,29,84,459,136,79,313,204,104,283,308,253,585,2,28,165,491,535,242,240,470,316,394,77,65,192,106,53,249,294,337,296,145,418,255,56,52,286,353,225,561,486,495,282,92,155,335,317,127,33,323,43,13,348,577,287,397,276,458,181,556,218,135,8,182,514,626,19,11,237,351,168,224,171,438,383,331,214,408,488,233,70,424,624,49,243,374,539,42,382,572,211,332,108,510,229,429,109,264,416,301,623,179,560,239,100,222,379,501,23,22,343,16,356,462,93,125,75,156,358,481,314,336,119,201,36,98,365,321,606,475,122,413,532,520,124,246,159,399,552,398,550,366,213,452,263,592,232,621,538,83,41,431,589,444,59,164,256,433,30,183,562,601,126",5000,100
13,2,71495.29267350057,2.1972700944054635,"315,43,13,348,577,287,397,276,458,181,556,466,259,448,434,490,579,478,605,371,282,495,486,561,225,183,562,601,361,86,12,30,433,256,164,444,59,255,56,52,286,353,597,403,346,141,51,584,503,440,185,357,57,328,541,170,167,166,529,205,622,4,111,269,273,47,257,484,83,592,263,452,366,213,550,413,532,520,124,246,159,399,552,171,438,383,331,214,408,488,233,70,424,624,49,243,374,539,293,160,451,548,362,512,133,112,277,150,180,414,216,161,525,604,350,421,580,212,88,376,474,615,281,355,598,320,392,551,130,304,10,297,617,3,139,26,506,583,303,576,285,275,426,207,454,476,268,131,473,120,318,385,34,379,501,222,100,239,560,416,301,623,179,211,332,108,510,229,429,312,238,154,450,62,618,107,37,595,82,217,134,295,461,390,220,149,568,46,187,9,194,39,427,516,203,504,441,199,132,333,543,208,430,215,230,388,496,447,278,152,71,613,322,146,50,321,365,606,475,122,467,359,58,557,412,335,155,92,91,487,137,306,290,547,455,326,76,251,63,523,530,305,544,578,228,307,564,15,517,324,195,274,422,614,198,537,453,142,472,234,339,367,272,377,406,40,121,492,221,608,325,360,369,6,493,588,174,116,507,32,599,594,457,609,420,485,519,575,231,410,546,497,338,363,515,509,364,260,202,196,345,184,465,616,384,603,319,151,35,370,99,55,545,66,522,463,531,402,188,327,612,89,349,354,375,190,610,44,449,64,48,567,145,418,508,482,425,178,31,468,380,300,115,419,172,611,498,518,14,554,415,81,245,192,65,534,436,563,29,84,459,136,79,313,204,104,283,308,253,585,2,28,165,491,535,242,240,470,373,24,602,480,118,445,316,394,77,53,249,294,337,296,106,395,460,226,7,270,555,140,446,109,264,572,382,42,17,471,479,90,191,95,101,442,330,536,262,110,284,559,443,334,200,117,94,97,540,549,513,607,591,129,404,521,60,235,553,310,372,16,356,206,565,500,289,627,499,143,387,533,625,571,342,175,25,105,477,386,586,38,147,347,197,158,114,102,27,524,162,302,153,341,189,573,494,45,596,173,69,309,381,590,20,292,252,619,464,435,407,68,400,258,236,469,409,186,138,72,439,271,123,61,329,280,127,33,323,423,244,67,589,41,431,558,182,514,626,19,11,237,351,168,224,398,8,135,218,621,538,232,73,574,219,21,241,368,570,223,437,176,299,291,378,428,456,393,210,528,587,340,317,128,489,336,119,201,98,36,481,314,156,462,93,125,75,85,144,288,261,169,483,505,247,5,527,265,411,582,511,401,396,250,279,569,267,581,177,113,148,103,566,311,254,526,96,193,620,87,23,22,343,54,593,78,389,163,18,417,600,352,502,298,542,74,344,391,227,432,126,405,209,358,266,157,80,248",5000,100
14,0,77863.95519183218,1.7608870322924943,"312,429,109,264,108,332,510,229,539,374,132,333,208,293,160,70,233,42,140,270,555,395,460,389,78,593,446,301,416,560,239,623,179,211,222,379,501,34,473,385,318,543,230,388,496,447,278,146,322,71,613,152,207,454,215,430,10,297,405,209,304,130,551,392,98,201,119,336,606,475,604,161,216,414,180,277,150,512,133,112,584,51,256,164,59,444,255,328,141,346,357,403,597,353,286,56,52,167,170,541,138,271,329,280,361,86,12,503,433,30,562,183,225,561,486,495,282,371,478,605,91,92,129,97,540,549,607,513,94,117,521,404,200,334,559,443,144,288,483,505,247,5,582,511,401,396,250,176,437,223,570,340,587,210,528,393,456,428,378,291,299,368,219,268,131,120,303,275,426,285,576,227,432,74,391,344,26,506,583,139,3,617,261,169,267,569,581,279,177,73,527,265,411,488,214,408,11,19,626,514,8,182,237,351,168,224,552,398,520,413,532,213,550,366,452,263,592,232,621,538,83,484,47,257,67,558,589,41,431,124,159,171,438,383,331,149,39,194,382,572,49,504,441,516,203,100,199,298,502,352,600,18,95,526,254,113,566,103,148,311,54,238,154,450,107,37,595,217,82,134,295,461,390,537,422,143,387,625,533,571,453,142,175,342,25,105,477,586,38,386,147,347,469,186,619,173,69,260,364,509,515,341,494,573,435,189,407,464,339,367,377,409,68,400,258,236,234,472,485,420,457,594,32,599,20,507,116,174,588,292,252,40,121,492,221,608,360,325,369,6,493,546,497,381,590,575,231,410,114,158,197,519,162,524,302,153,596,45,266,196,202,248,80,157,406,272,363,338,309,27,102,609,273,269,4,622,111,205,529,166,423,244,156,462,75,125,93,76,326,358,281,615,474,376,321,122,579,490,434,466,556,448,259,218,135,399,276,181,458,57,287,577,348,13,43,397,315,323,33,127,439,72,467,58,359,274,195,60,235,553,310,16,372,517,15,87,193,620,96,22,343,23,479,471,17,191,90,417,163,542,85,330,126,442,101,262,110,284,314,481,36,155,307,228,306,290,137,564,557,412,451,548,362,50,580,212,421,350,355,598,320,476,9,187,427,624,243,424,21,241,574,578,544,305,530,523,251,63,536,356,324,206,565,289,500,627,499,345,419,319,151,35,380,300,115,172,498,554,415,316,77,470,240,242,535,373,24,480,445,118,602,508,482,425,178,31,145,48,418,567,44,610,190,375,354,349,188,327,612,89,463,522,545,66,55,99,370,468,518,14,81,84,459,563,29,394,192,65,245,534,436,104,204,313,283,308,585,253,2,28,165,491,64,449,79,136,249,337,294,53,106,296,611,384,616,402,531,198,614,591,489,128,317,487,335,88,365,525,455,547,226,7,618,62,184,465,603,220,568,46,61,123,440,185,601,246",5000,100
14,1,72415.82196615373,2.0024520093092812,"532,550,366,452,263,592,232,621,538,83,484,47,257,213,218,135,626,19,514,182,8,398,399,552,224,171,438,383,568,46,220,390,461,295,134,595,37,107,618,62,450,154,238,312,593,389,78,54,23,22,343,96,87,620,193,113,148,103,566,311,254,526,95,443,559,334,200,117,94,129,540,97,549,607,513,591,128,317,155,335,412,487,557,58,359,467,122,336,119,201,36,98,130,551,392,320,598,355,281,615,474,376,88,212,580,277,150,512,133,112,548,451,362,50,146,322,71,613,152,207,454,430,215,230,388,496,447,278,293,208,543,333,132,199,504,441,516,203,100,222,379,501,34,473,120,131,268,476,285,426,275,576,227,432,74,391,344,26,506,583,139,3,617,405,209,304,10,297,144,288,261,169,483,505,247,5,401,396,250,279,177,581,267,569,18,163,417,600,352,502,298,542,85,471,479,17,191,90,579,525,161,604,421,350,321,365,606,475,314,481,358,455,547,290,306,137,564,228,544,578,305,530,523,251,63,76,326,93,125,75,156,462,414,180,11,237,351,168,159,246,124,520,413,273,67,558,589,41,431,269,4,111,529,205,622,166,167,170,541,328,57,287,13,43,127,33,323,315,423,244,56,52,353,597,403,141,346,357,185,72,439,280,329,61,271,138,123,478,605,490,434,181,458,276,556,466,259,448,51,256,164,444,59,255,286,561,225,601,562,183,30,433,503,584,440,12,86,361,92,371,91,331,214,408,488,233,42,424,624,49,382,572,194,9,187,149,39,427,179,623,239,109,264,108,510,229,332,211,301,416,560,265,411,582,511,176,223,570,340,587,528,210,299,291,378,428,456,393,226,460,395,7,270,555,140,446,429,184,465,198,614,217,82,480,602,508,482,425,178,31,468,370,99,55,545,66,522,463,531,402,603,319,151,35,380,300,115,498,518,14,554,415,81,245,534,436,563,29,84,459,136,79,313,204,104,308,585,253,2,28,165,491,64,449,44,610,190,375,145,418,48,567,445,118,24,373,470,240,242,535,77,394,316,192,65,283,106,53,249,337,294,611,172,419,296,384,616,89,612,327,188,349,354,409,469,186,619,173,69,260,364,509,248,202,196,345,266,157,80,435,189,407,464,68,400,258,236,234,472,25,105,477,386,586,38,147,347,252,292,588,221,608,492,121,40,406,272,377,367,339,571,342,175,142,453,537,422,274,195,324,517,15,372,16,235,553,310,60,521,404,262,536,330,126,442,101,284,110,70,243,374,539,160,397,348,577,486,495,282,385,318,574,241,21,219,437,368,73,527,303,410,546,497,363,338,590,381,309,302,524,162,27,102,609,420,485,519,457,594,32,599,20,197,158,114,575,231,573,494,45,596,341,153,6,369,360,325,493,174,116,507,515,533,387,143,627,499,289,500,206,565,356,307,489,625,216",5000,100
14,2,71834.60666018145,2.3375969507449805,"584,51,256,164,444,59,255,286,56,52,353,597,403,141,346,357,185,57,287,13,43,397,348,577,127,33,323,315,423,244,484,47,257,213,550,366,452,263,592,232,621,538,83,67,558,589,41,431,246,124,520,413,532,159,399,552,224,171,438,383,568,46,220,390,461,295,134,595,37,107,618,62,450,154,238,312,593,389,78,54,23,22,343,96,87,620,193,113,148,103,566,311,254,526,95,443,559,334,200,117,94,129,540,97,549,607,513,591,128,489,317,155,335,412,487,307,228,544,578,305,530,523,251,63,76,326,358,455,547,290,306,137,564,557,58,359,467,122,336,119,201,36,98,130,551,392,320,598,355,281,615,474,376,88,212,580,277,150,512,133,112,548,451,362,50,146,322,71,613,152,207,454,430,215,230,388,496,447,278,293,160,374,539,243,424,624,49,382,572,194,9,187,149,39,427,203,516,504,441,132,333,199,501,34,473,120,131,268,476,285,426,275,303,73,527,265,411,582,511,401,396,250,279,177,581,267,569,18,163,417,600,352,502,298,542,85,144,288,261,169,483,505,247,5,583,139,3,617,26,506,297,405,209,304,10,75,156,462,93,125,314,481,365,321,350,421,525,604,161,216,414,180,488,408,214,233,42,70,623,179,301,416,560,239,100,222,379,385,318,543,208,471,479,17,191,90,126,442,101,284,110,262,536,330,15,372,517,310,16,235,553,60,521,404,143,627,499,289,500,206,565,356,324,195,274,422,537,453,142,175,342,571,625,533,387,477,386,586,38,147,347,252,292,588,221,608,492,121,40,406,272,377,367,339,234,472,25,105,573,494,45,596,173,69,260,364,509,515,309,302,524,162,27,102,609,420,485,519,457,594,32,599,20,197,158,114,575,231,410,546,497,363,338,590,381,341,153,6,369,360,325,493,174,116,507,184,465,198,614,217,82,429,446,109,264,108,510,229,332,211,218,135,626,19,514,182,8,398,11,237,351,168,606,475,91,371,92,579,490,434,466,259,448,556,181,458,276,273,269,4,111,529,205,622,166,167,170,541,328,72,138,271,329,61,280,361,86,12,503,433,30,601,562,183,225,561,486,495,282,123,478,605,439,440,368,223,570,340,587,528,210,299,291,378,428,456,393,226,460,395,7,270,555,140,603,319,151,35,380,300,115,498,518,14,554,415,81,245,534,436,563,29,84,459,136,79,313,283,308,585,253,2,28,165,491,64,449,44,610,190,375,145,418,48,567,445,118,480,602,508,482,425,178,31,468,370,99,55,545,66,522,463,531,402,89,612,327,188,349,354,242,535,240,470,373,24,77,394,316,192,65,204,104,384,616,296,106,53,249,294,337,172,419,611,437,176,241,21,219,574,74,391,344,227,432,576,236,400,258,68,464,189,435,407,186,469,409,619,80,157,266,196,345,202,248,331",5000,100
14,3,71200.54582357907,14.597412251643936,"357,185,57,328,541,170,167,166,529,205,622,4,111,269,273,67,558,589,41,431,246,124,520,413,532,159,399,552,224,171,438,383,568,46,220,390,461,295,134,595,37,107,618,62,450,154,238,312,593,389,78,54,23,22,343,96,87,620,193,113,148,103,566,311,254,526,95,443,559,334,200,117,94,129,540,97,549,607,513,591,128,489,317,155,335,412,487,307,228,544,578,305,530,523,251,63,76,326,358,455,547,290,306,137,564,557,58,359,467,122,336,119,201,36,98,130,551,392,320,598,355,281,615,474,376,88,212,580,277,150,512,133,112,548,451,160,293,208,543,333,132,199,504,441,516,203,100,222,379,501,34,473,120,131,268,476,285,426,275,303,73,527,265,411,582,511,401,396,250,279,177,581,267,569,18,163,417,600,352,502,298,542,85,144,288,261,169,483,505,247,5,583,506,26,139,3,617,405,209,304,10,297,613,152,207,454,430,215,230,388,496,447,278,146,322,71,74,391,344,227,432,576,574,241,21,219,437,176,223,570,340,587,528,210,299,291,378,428,456,393,226,460,395,7,270,555,140,446,109,264,108,510,229,332,211,623,179,301,416,560,239,429,310,16,372,517,15,324,356,206,565,500,289,627,499,422,274,195,521,404,262,110,284,101,442,126,330,536,471,479,17,191,90,93,125,75,156,462,481,314,91,92,371,282,495,486,561,225,562,183,601,86,12,361,280,329,61,271,138,72,439,440,584,51,256,164,444,59,255,286,56,52,353,597,403,141,346,47,257,213,550,366,452,263,592,232,621,538,83,484,244,423,315,33,127,323,43,397,348,577,287,13,276,181,458,218,135,626,19,514,182,8,398,11,237,351,168,606,475,604,421,350,321,365,180,414,216,161,525,490,579,605,478,123,556,466,259,448,434,189,407,464,68,400,258,236,469,409,186,619,173,69,260,364,509,515,309,302,524,162,27,102,609,420,485,519,457,594,32,599,20,197,158,114,575,231,410,546,497,363,338,590,381,174,116,507,252,292,588,221,608,492,121,40,406,272,377,367,339,234,472,25,105,477,386,586,38,147,347,571,625,533,387,143,60,235,553,50,362,488,233,70,42,424,624,49,382,572,194,9,187,149,39,427,331,214,408,243,374,539,385,318,368,435,573,494,45,596,341,153,6,369,360,325,493,419,603,319,151,35,380,300,115,498,518,14,554,415,81,245,534,436,563,29,84,459,136,79,313,283,308,585,253,2,28,165,491,64,449,44,610,190,375,145,418,48,567,445,118,480,602,508,482,425,178,31,468,370,99,55,545,66,522,463,531,402,89,612,327,188,349,354,373,24,470,240,242,535,77,394,316,192,65,204,104,384,616,296,106,53,249,294,337,172,611,217,82,198,614,537,453,142,175,342,345,266,196,202,248,80,157,184,465,30,433,503",5000,100
14,4,71314.23808634968,9.716881072534427,"166,529,205,622,4,111,269,273,67,558,589,41,431,246,124,520,413,532,550,366,452,263,592,232,621,538,83,484,47,257,213,218,135,626,19,514,182,8,398,399,552,224,171,438,383,568,46,220,390,461,295,134,595,37,107,618,62,450,154,238,312,593,389,78,54,23,22,343,96,87,620,193,113,148,103,566,311,254,526,95,443,559,334,200,117,94,129,540,97,549,607,513,591,128,489,317,155,335,412,487,307,228,544,578,305,530,523,251,63,76,326,358,455,547,290,306,137,564,557,58,359,467,122,336,119,201,36,98,130,551,392,320,598,355,281,615,474,376,88,212,580,277,150,512,133,112,180,414,216,161,525,604,421,350,321,365,606,475,314,481,304,10,297,405,209,617,26,506,583,139,3,344,391,227,432,74,576,285,426,275,303,73,527,265,411,582,511,401,396,250,279,177,581,267,569,18,163,417,600,352,502,298,542,85,144,288,261,169,483,505,247,5,574,241,21,219,437,176,223,570,340,587,528,210,299,291,378,428,456,393,226,460,395,7,270,555,140,446,109,264,108,510,229,332,211,623,179,301,416,560,239,100,222,379,501,34,473,120,131,268,476,207,454,430,215,230,388,496,447,278,146,322,71,613,152,543,208,293,160,374,539,243,424,624,49,382,572,194,9,187,149,39,427,331,214,408,233,70,42,168,351,237,11,448,556,181,458,276,397,348,577,287,13,43,127,33,323,315,423,244,56,52,353,597,403,141,346,357,185,57,328,541,170,167,286,255,59,444,164,256,51,584,503,433,30,12,361,86,601,562,183,225,561,486,495,282,371,92,404,521,60,235,553,310,16,372,517,15,324,356,206,565,500,289,627,499,422,274,195,614,198,82,217,465,429,537,453,142,175,342,571,625,533,387,143,68,400,258,236,469,409,186,619,173,69,260,364,509,515,309,302,524,162,27,102,609,420,485,519,457,594,32,599,20,197,158,114,575,231,410,546,497,363,338,590,381,341,573,494,45,596,464,189,435,407,360,325,493,6,369,153,608,492,121,40,406,272,377,367,339,234,472,25,105,477,386,586,38,147,347,252,292,588,221,507,116,174,184,202,196,345,266,157,80,248,498,518,14,554,415,81,245,534,436,563,29,84,459,136,79,313,204,104,308,283,253,585,2,28,165,491,64,449,44,610,190,375,145,418,48,567,445,118,480,602,508,482,425,178,31,468,370,99,55,545,66,522,463,531,402,603,319,151,35,380,300,115,172,419,611,384,616,296,106,53,249,294,337,316,192,65,394,77,470,240,242,535,373,24,188,349,354,89,612,327,488,50,362,548,451,333,132,199,504,441,516,203,318,385,368,440,439,280,329,61,271,138,72,478,605,490,579,434,466,259,123,91,471,479,17,191,90,93,125,75,156,462,110,284,101,442,126,330,536,262,159",5000,100
14,5,74094.181818115,1.9213620771226227,"598,355,281,615,474,376,88,212,580,277,150,512,133,112,548,451,362,50,146,322,71,613,152,207,454,430,215,230,388,496,447,278,160,293,208,543,333,132,199,504,441,516,203,100,222,379,501,34,473,120,131,268,476,285,426,275,303,73,527,265,411,582,511,401,396,250,279,177,581,267,569,18,163,417,600,352,502,298,542,85,144,288,261,169,483,505,247,5,583,139,3,617,405,209,304,10,297,74,391,344,227,432,576,574,241,21,219,437,176,223,570,340,587,528,210,299,291,378,428,456,393,226,460,395,7,270,555,140,446,109,264,108,510,229,332,211,623,179,301,416,560,239,429,461,295,134,595,37,107,618,62,450,154,238,312,593,389,78,54,23,22,343,96,87,620,193,113,148,103,566,311,254,526,95,443,559,334,200,117,94,129,540,97,549,607,513,591,128,489,317,155,335,412,487,307,228,544,578,305,530,523,251,63,76,326,358,455,547,290,306,137,564,557,58,359,467,122,336,119,201,36,98,130,551,392,320,75,156,462,93,125,314,481,365,321,350,421,525,604,161,216,414,180,11,237,351,168,224,171,438,383,568,46,220,390,614,198,82,217,465,402,603,319,151,35,380,300,115,498,518,14,554,415,81,245,534,436,563,29,84,459,136,79,313,204,104,308,585,253,2,28,165,491,64,449,44,610,190,375,145,418,48,567,445,118,480,602,508,482,425,178,31,468,370,99,55,545,66,522,463,531,612,327,188,349,354,373,24,470,240,242,535,77,394,316,192,65,283,106,53,249,294,337,172,419,611,384,616,296,406,272,377,367,339,234,472,25,105,477,386,586,38,147,347,252,292,588,221,608,492,121,40,435,573,494,45,596,464,407,189,533,387,143,627,499,289,500,206,565,356,521,404,262,536,330,126,442,101,284,110,471,479,17,191,90,579,490,434,466,259,448,556,181,458,276,397,348,577,287,13,43,127,33,323,315,423,244,484,47,257,213,550,366,452,263,592,232,621,538,83,520,413,532,159,246,124,431,67,558,589,41,269,273,444,59,255,286,353,597,403,141,346,357,185,57,328,541,170,167,166,529,205,622,4,111,56,52,562,183,225,561,486,495,282,371,92,433,30,12,86,361,280,329,61,601,440,584,51,256,164,123,478,605,439,138,72,271,218,135,626,19,514,182,8,398,399,552,149,39,427,194,9,187,42,70,233,488,408,214,331,318,385,368,258,236,469,409,68,400,186,619,173,69,260,364,509,515,157,80,248,202,196,345,266,184,453,537,422,274,195,324,517,15,372,16,310,60,235,553,26,506,374,539,424,624,49,382,572,243,175,342,571,625,575,231,410,546,497,363,338,590,381,309,302,524,162,27,102,609,420,485,519,457,594,32,599,20,507,116,174,6,369,153,341,360,325,493,158,114,197,142,91,503,606,475,89",5000,100
14,6,71527.6295115427,3.1204305435083,"52,56,529,205,622,4,111,269,273,67,558,589,41,431,246,124,520,413,532,550,366,452,263,592,232,621,538,83,484,47,257,213,218,458,276,181,556,466,259,448,434,490,579,605,478,123,271,138,72,439,280,329,61,601,562,183,225,561,486,495,282,371,92,155,335,412,487,307,228,544,578,305,530,523,251,63,76,326,358,455,547,290,306,137,564,557,58,359,467,122,336,119,201,36,98,130,551,392,320,598,355,281,615,474,376,88,212,580,277,150,512,133,112,548,451,362,50,146,322,71,613,152,207,454,430,215,230,388,496,447,278,293,208,543,333,132,199,504,441,516,203,100,222,379,501,34,473,120,131,268,476,285,426,275,303,73,527,265,411,582,511,401,396,250,279,177,581,267,569,18,163,417,600,352,502,298,542,85,144,288,261,169,483,505,247,5,583,506,26,139,3,617,405,209,304,10,297,74,391,344,227,432,576,574,241,21,219,437,176,223,570,340,587,528,210,299,291,378,428,456,393,226,460,395,7,270,555,140,446,109,264,108,510,229,332,211,623,179,301,416,560,239,429,461,295,134,595,37,107,618,62,450,154,238,312,593,389,78,54,23,22,343,96,620,193,113,148,103,566,311,254,526,95,443,559,334,200,117,94,129,540,97,549,607,513,591,128,489,317,91,503,584,51,256,164,444,59,255,286,353,597,403,141,346,357,185,57,328,541,170,167,166,33,127,323,315,423,244,159,399,552,224,171,438,383,568,46,220,390,614,198,82,217,465,402,531,522,463,89,612,327,188,349,354,190,375,145,418,48,567,445,118,480,602,508,482,425,178,31,468,370,99,55,545,66,14,554,415,81,245,534,436,563,29,84,459,136,79,313,204,104,308,585,253,2,28,165,491,64,449,44,610,283,77,394,192,65,373,24,470,240,242,535,172,419,611,384,616,296,106,53,249,294,337,316,300,115,498,518,380,151,35,603,319,397,348,577,287,13,43,361,86,12,440,433,30,87,310,16,372,517,15,324,195,274,422,537,453,142,175,342,571,625,533,387,143,627,499,289,500,206,565,356,235,553,60,521,404,262,536,330,126,442,101,284,110,471,479,17,191,90,93,125,75,156,462,481,314,421,350,321,365,606,475,604,525,161,216,414,180,11,237,351,168,514,182,8,398,135,626,19,42,70,233,488,408,214,331,187,149,39,427,194,9,102,609,420,485,519,457,594,32,599,20,197,158,114,575,231,410,546,497,363,338,590,381,309,302,524,162,27,6,369,360,325,493,588,221,608,492,121,40,406,272,377,367,339,234,472,25,105,477,386,586,38,147,347,252,292,174,116,507,153,341,573,494,45,596,464,407,189,435,400,258,236,469,409,186,619,68,173,69,260,364,509,515,157,80,248,202,196,345,266,184,318,385,368,572,382,49,243,424,624,374,539,160",5000,100
15,0,75197.83514316616,1.7608870322924943,"30,503,433,12,86,601,361,280,329,61,439,72,138,271,123,605,478,139,3,617,506,26,583,405,297,10,551,130,98,281,355,598,320,392,304,75,542,298,502,288,261,169,505,483,247,5,401,396,250,279,581,569,267,18,163,417,600,352,90,191,471,479,126,536,330,101,442,262,110,284,559,334,200,521,404,129,540,97,549,513,607,117,94,385,34,318,476,268,131,120,473,368,570,340,587,223,437,176,73,303,227,432,74,391,344,265,411,582,511,527,574,219,21,241,447,496,278,71,613,152,50,362,548,451,293,160,388,230,430,215,207,454,275,426,285,576,378,428,456,393,528,210,299,291,22,343,54,593,312,238,154,450,62,618,107,37,595,82,217,134,295,461,390,220,46,568,149,39,427,623,179,560,416,301,226,460,395,555,270,7,389,78,446,109,264,140,429,332,510,229,108,177,87,620,193,254,311,566,103,148,113,60,235,553,310,372,16,324,517,15,356,565,206,422,282,371,92,155,335,91,359,467,58,557,137,564,306,290,487,412,474,365,321,376,88,146,322,580,212,112,277,150,180,414,216,161,604,525,475,606,122,336,119,201,615,234,472,142,453,537,614,198,465,402,531,370,99,55,545,66,522,463,89,612,327,188,31,178,425,482,508,602,480,118,445,24,373,470,240,242,535,2,253,585,308,283,313,136,79,563,436,534,245,192,65,77,204,104,165,491,64,48,567,418,145,375,190,610,44,449,354,349,468,35,115,300,380,394,316,81,554,415,14,518,498,172,419,603,319,151,296,106,53,249,337,294,459,84,29,524,162,27,102,609,420,485,519,575,231,410,546,497,363,338,590,381,309,69,173,45,596,494,573,341,435,189,407,464,339,367,377,272,477,105,175,342,571,625,533,387,143,627,499,289,500,443,95,526,317,128,489,591,307,228,544,578,305,530,523,63,251,76,326,358,125,93,156,462,36,481,314,182,8,135,218,458,276,556,448,259,466,434,181,167,166,529,205,622,4,111,269,244,423,315,33,127,323,43,13,348,577,287,397,538,232,621,452,366,550,213,532,413,520,124,246,431,41,589,558,67,273,263,592,83,484,257,47,159,399,552,224,351,168,237,11,514,19,626,398,350,421,133,512,194,382,572,49,243,624,42,70,424,374,539,208,543,333,132,504,441,516,203,222,100,501,379,239,211,187,9,331,171,438,383,170,541,328,57,185,357,597,403,141,346,59,444,255,286,52,56,353,164,256,51,584,440,486,495,183,225,562,561,488,408,214,233,96,23,274,195,469,409,400,68,258,236,186,619,260,364,509,515,157,266,196,345,184,599,32,594,457,158,114,197,20,116,174,588,221,492,121,40,292,252,586,38,147,347,386,406,608,493,325,360,369,6,507,302,153,202,248,80,25,384,616,611,28,199,579,490,209,85,144,17,547,455",5000,100
15,1,72948.19498691325,2.0024520093092812,"361,86,12,503,433,256,164,444,59,255,286,52,56,353,597,403,346,141,51,584,440,185,357,57,287,577,348,13,43,397,127,323,315,33,244,423,47,484,83,592,263,452,366,550,213,413,532,520,124,246,431,41,589,558,67,273,269,205,622,4,111,529,166,167,170,541,328,601,562,183,225,561,486,495,282,371,92,155,335,91,58,359,467,122,606,475,350,421,580,212,112,512,133,362,548,451,293,160,318,385,34,473,120,131,268,476,454,207,230,430,215,152,71,613,146,322,50,278,447,496,388,208,543,333,132,199,441,504,516,203,222,100,501,379,239,623,179,301,332,211,572,382,49,243,424,70,488,408,214,331,187,9,194,427,39,149,568,46,220,390,461,295,134,217,82,614,198,465,184,345,266,196,202,248,80,157,260,364,509,515,302,27,102,609,420,485,519,575,231,410,546,497,338,363,386,38,586,406,272,377,367,339,234,472,142,175,25,105,477,147,347,252,292,588,493,325,360,369,6,162,524,309,69,173,45,596,494,573,341,153,221,608,492,121,40,236,258,400,68,464,407,189,435,619,186,469,409,20,116,174,507,594,32,599,457,158,114,197,590,381,241,21,219,275,426,285,576,227,432,74,391,344,139,26,506,583,169,261,144,288,483,505,247,5,401,396,250,279,581,267,569,18,163,417,600,352,90,298,542,85,462,156,93,125,75,304,10,297,405,209,392,551,130,98,36,481,314,336,119,201,615,281,355,598,320,617,3,564,137,306,290,547,455,326,76,251,63,523,530,305,544,578,228,307,487,412,557,330,126,442,101,110,284,262,536,200,334,559,443,95,526,254,311,566,103,148,113,177,291,299,210,528,587,340,570,368,223,437,176,574,73,303,180,150,277,233,42,374,539,624,479,471,17,191,62,618,107,37,595,429,229,510,108,109,264,446,140,555,270,7,395,226,460,78,593,389,527,265,411,582,511,343,54,456,393,428,378,23,22,87,620,193,96,235,553,60,356,372,16,324,517,15,310,195,274,422,387,625,533,571,342,453,537,48,418,145,375,190,610,44,449,64,165,491,28,283,313,136,79,563,29,84,459,245,192,65,534,436,81,554,415,14,518,498,172,611,384,616,296,106,53,249,294,337,419,603,319,151,35,370,468,425,482,508,602,480,118,445,24,373,470,240,242,535,2,253,585,308,104,204,77,394,316,300,380,567,531,402,89,612,327,188,349,354,31,178,621,538,232,276,556,181,458,218,135,182,8,398,514,19,626,11,237,351,168,224,171,438,383,552,399,159,257,138,72,439,271,329,61,280,123,478,605,490,579,434,466,259,448,94,117,129,540,97,549,513,607,591,128,489,317,565,206,500,289,499,627,143,522,463,66,545,99,55,115,154,238,312,450,521,404,502,161,216,414,525,604,321,365,474,376,88,560,416,358,30",5000,100
15,2,72096.42074290417,2.134307521197759,"589,558,67,273,269,244,423,315,33,127,323,43,397,538,232,621,592,263,452,366,550,213,413,532,520,124,431,41,56,353,597,403,346,141,51,584,440,185,357,57,287,577,348,13,541,170,167,166,529,205,622,4,111,484,83,218,135,182,8,398,514,626,19,11,237,351,168,224,171,438,383,552,399,159,246,257,47,556,276,458,181,123,448,259,466,434,579,478,605,490,606,475,350,421,580,212,112,512,133,362,548,451,293,160,374,539,243,424,624,42,233,70,488,408,214,331,187,9,194,39,427,211,179,623,301,239,560,416,78,593,389,460,395,555,270,7,226,528,587,223,437,176,368,570,340,559,334,200,443,95,526,254,311,566,103,148,113,177,581,267,569,18,163,417,600,352,90,479,471,17,191,382,572,49,441,516,203,222,100,501,379,543,208,454,207,285,426,275,219,21,241,574,73,303,576,227,432,74,391,344,139,26,506,583,617,3,152,71,613,146,322,50,278,496,447,388,230,430,215,318,385,34,473,120,131,268,476,277,150,180,414,216,161,604,525,365,321,376,474,615,281,355,598,320,392,551,130,98,36,481,314,119,201,336,557,412,58,359,467,122,358,326,76,251,63,523,530,305,544,578,228,307,290,306,137,564,455,547,513,607,110,284,262,536,330,126,442,101,117,94,404,521,129,540,97,549,591,128,489,317,155,92,371,282,495,486,561,225,562,183,601,361,86,12,503,433,256,164,444,59,255,286,52,328,271,138,72,439,329,61,280,30,173,45,596,494,341,153,369,6,493,325,360,608,221,492,121,40,406,272,377,367,339,234,472,25,105,477,147,347,386,38,586,292,252,20,116,174,588,507,594,599,158,114,197,590,381,309,69,364,260,619,186,469,409,400,258,236,68,464,407,189,435,573,162,524,302,27,102,609,420,485,457,32,519,575,231,410,546,497,363,338,515,509,248,80,157,266,345,196,202,453,537,422,195,274,450,62,618,107,37,595,134,217,82,614,198,465,184,616,384,611,296,498,172,419,603,319,151,35,370,99,55,545,66,522,463,89,612,327,188,349,354,375,190,610,44,449,64,48,567,418,145,178,31,468,425,482,508,602,480,118,445,24,373,470,240,242,535,2,28,165,491,253,585,308,283,313,104,204,77,394,316,81,554,415,14,518,459,245,192,65,534,436,563,29,84,106,53,249,294,337,136,79,380,300,115,54,343,87,620,193,553,310,372,16,324,517,15,356,206,565,500,289,499,627,143,387,625,533,571,342,175,142,429,229,510,108,332,264,109,446,140,60,235,456,393,428,378,291,299,210,265,527,511,401,396,250,279,10,297,405,209,304,75,542,298,502,85,144,288,483,505,247,5,582,411,93,156,462,125,169,261,504,199,132,333,568,149,46,220,390,461,295,312,238,154,22,23,96,402,531,91,335,487,88",5000,100
15,3,70972.7747352871,2.414124244476368,"526,254,311,566,103,148,113,177,581,267,569,18,163,417,600,352,90,191,17,471,479,442,101,110,284,262,536,330,126,523,530,305,544,578,228,307,487,412,58,359,467,122,606,475,350,421,580,212,88,376,474,615,281,355,598,320,392,551,130,98,36,481,314,358,125,93,156,462,75,542,298,502,85,144,288,483,505,247,5,401,396,250,279,393,456,428,378,291,299,210,528,587,340,7,270,555,395,460,226,570,223,437,176,368,241,574,73,303,576,227,432,74,391,344,139,26,506,583,169,261,3,617,405,209,304,10,297,216,161,604,525,365,321,454,207,285,426,275,219,21,131,268,476,215,430,230,388,496,278,447,71,613,152,50,146,322,362,548,451,293,160,374,539,243,424,624,42,233,70,488,408,214,331,187,9,194,427,39,149,568,46,220,390,461,295,134,217,82,614,198,465,184,345,196,202,248,80,157,266,509,364,260,619,186,469,409,400,68,258,236,472,25,105,477,147,347,386,38,586,406,272,377,367,339,234,407,189,435,573,494,341,153,360,608,221,492,121,40,292,588,174,116,507,20,457,485,420,609,102,27,302,162,524,6,493,325,369,590,381,309,69,173,45,596,464,114,158,197,599,32,594,519,575,231,410,546,497,363,338,515,175,342,571,625,533,387,143,627,289,500,565,206,356,16,324,517,15,343,22,23,87,620,96,235,553,310,372,60,521,404,94,117,513,607,591,128,489,317,155,92,371,91,335,490,579,434,466,259,448,556,181,458,218,135,182,8,398,514,19,626,11,237,351,168,224,171,438,383,552,399,159,246,431,41,589,558,67,273,269,244,423,315,33,127,323,43,397,538,232,621,592,263,452,366,550,213,413,532,520,124,257,47,484,83,111,622,4,205,529,166,167,170,541,328,57,185,357,597,403,346,141,51,584,440,503,433,256,164,444,59,255,286,52,56,353,271,138,72,439,329,61,280,361,86,12,30,183,601,562,561,225,495,486,282,123,478,605,112,512,133,277,150,180,414,119,201,336,557,137,564,306,290,547,455,326,76,251,63,200,334,559,443,95,540,97,549,129,499,453,537,422,195,274,450,62,618,107,37,595,429,229,510,108,332,211,179,623,239,560,416,301,501,379,543,208,318,385,34,473,120,203,516,382,572,49,441,504,199,132,333,222,100,140,264,109,446,312,238,154,389,78,54,593,582,511,411,265,527,193,89,612,327,188,31,178,425,482,508,602,480,118,445,24,373,470,240,242,535,2,28,165,491,64,48,567,418,145,375,190,610,44,449,354,349,468,370,99,55,545,66,522,463,531,402,151,35,115,300,380,316,394,77,204,104,313,283,308,585,253,136,79,563,29,84,459,245,534,436,81,554,415,14,518,498,172,611,384,616,296,106,53,249,337,294,419,319,603,192,65,142,252,276,287,577,348,13",5000,100
15,4,71592.5285704365,2.186902220565439,"86,12,503,433,256,164,444,59,255,286,52,56,353,597,403,346,141,51,584,440,185,357,57,13,43,541,328,170,167,166,529,205,622,4,111,484,83,592,263,452,366,550,213,413,532,520,124,246,431,41,589,558,67,273,269,244,423,315,33,127,323,397,538,232,621,276,458,218,135,182,8,398,514,19,626,11,237,351,168,224,171,438,383,552,399,159,257,47,556,181,123,448,259,466,434,490,579,604,525,161,216,414,180,150,277,580,212,88,376,474,615,281,355,598,320,392,551,130,98,36,481,314,119,201,336,365,321,350,421,133,362,548,451,293,160,374,539,243,424,624,42,233,70,488,408,214,331,187,9,194,427,39,149,568,46,220,390,461,295,134,217,82,614,198,465,184,345,196,202,248,80,157,266,509,364,260,619,186,469,409,400,258,236,68,464,407,189,435,573,494,341,153,369,6,493,325,360,608,492,121,40,406,272,377,367,339,234,472,25,105,477,147,347,386,38,586,292,252,588,221,507,20,116,174,457,485,420,609,102,27,302,162,524,309,69,173,45,596,575,231,410,546,497,363,338,515,381,590,519,114,197,599,158,594,32,562,183,601,361,280,329,61,439,72,138,271,92,155,335,91,371,282,495,486,561,225,528,587,340,570,223,437,176,368,34,473,120,131,268,476,285,426,275,219,21,241,574,73,303,576,227,432,74,391,344,139,26,506,583,169,261,144,288,483,505,247,5,401,396,250,279,581,267,569,18,163,417,600,352,502,298,542,85,90,191,17,471,479,442,101,110,284,262,536,330,126,523,530,305,544,578,228,307,487,412,58,359,467,122,606,475,278,447,496,388,230,430,215,318,385,582,511,411,265,527,207,454,146,322,50,209,304,10,297,405,617,3,152,71,613,63,251,76,326,358,125,93,156,462,75,547,455,290,306,137,564,557,97,549,513,607,117,94,404,521,200,334,559,443,95,526,254,311,566,103,148,113,177,291,299,210,428,378,54,593,312,238,154,62,618,107,37,595,429,229,510,108,332,211,301,179,623,239,560,416,555,270,7,226,460,395,389,78,446,140,264,109,129,540,591,128,489,317,143,387,625,533,571,342,175,142,453,537,422,195,274,450,343,22,23,87,620,96,235,553,310,372,16,324,517,15,356,60,193,89,188,349,354,375,190,610,44,449,165,491,64,48,567,418,145,118,445,24,373,470,240,242,535,2,28,104,204,77,394,316,81,554,415,14,518,498,172,611,296,106,53,249,294,337,419,384,616,402,531,463,522,66,545,99,55,370,468,31,178,425,482,508,602,480,245,192,65,534,436,563,29,84,459,136,79,313,283,308,585,253,603,319,151,35,115,300,380,612,327,199,504,441,132,333,543,208,222,100,203,516,382,572,49,501,379,456,393,478,605,112,512,577,348,287,30,206,565,500,289,499,627",5000,100
15,5,75014.59557931052,1.9331546179391612,"164,444,59,255,286,52,56,353,597,403,346,141,51,584,440,503,433,256,315,323,127,33,72,138,271,329,61,280,439,185,357,57,287,577,348,13,43,397,538,83,484,47,257,558,67,273,269,529,205,622,4,111,166,167,170,541,328,91,335,155,92,489,317,128,591,129,540,97,549,513,607,110,284,262,536,330,126,442,101,191,17,471,479,90,352,502,298,542,85,144,288,261,169,505,247,5,401,396,250,279,581,267,569,18,163,417,600,125,93,156,462,36,481,314,119,201,336,365,321,350,421,580,212,88,376,474,615,281,355,598,320,392,551,130,98,304,10,297,405,209,613,152,71,322,50,146,606,475,525,161,216,414,180,150,277,112,512,133,362,548,451,160,374,539,243,424,624,42,233,70,488,408,214,331,187,9,194,382,572,49,441,504,199,132,333,543,208,293,454,207,285,426,275,219,21,241,574,73,303,576,227,432,74,391,344,139,26,506,583,617,3,564,557,412,58,359,467,122,358,326,76,251,63,523,530,305,544,578,228,307,290,547,455,30,86,12,361,601,562,183,225,561,486,495,282,371,605,490,579,434,466,259,448,556,181,458,276,135,182,8,398,514,19,626,11,237,351,168,224,171,438,383,568,46,220,390,461,295,134,217,82,614,198,465,402,531,463,89,612,327,188,31,178,425,482,508,602,480,118,445,24,373,470,240,242,535,77,394,316,81,554,415,14,518,498,172,611,296,106,53,249,294,337,136,79,313,283,308,585,253,2,28,165,491,64,48,567,418,145,375,190,610,44,449,354,349,468,370,99,55,545,66,522,215,430,230,388,496,447,278,120,131,268,476,570,223,437,176,368,7,270,555,395,460,226,528,587,340,389,78,593,312,238,154,62,618,107,37,595,429,229,510,108,332,211,301,179,623,239,560,416,109,264,446,140,379,501,222,100,203,516,393,456,428,378,291,299,210,265,411,582,511,527,193,620,96,87,23,22,343,54,60,235,553,310,372,16,324,517,15,356,206,565,500,289,499,627,143,387,625,533,571,342,175,25,105,477,147,347,386,38,586,406,272,377,367,339,234,472,142,453,537,422,195,274,450,521,404,94,117,334,200,443,559,95,526,254,311,566,103,148,113,177,550,213,413,532,520,124,431,41,589,246,159,399,552,385,34,473,318,263,452,366,218,621,592,232,244,423,236,68,464,407,189,435,573,494,341,153,360,608,221,507,594,32,599,158,114,197,20,457,485,420,609,102,27,162,524,302,590,381,309,69,173,45,596,575,231,410,546,497,363,338,515,509,364,260,619,186,469,409,400,258,196,202,248,80,157,266,345,184,616,384,419,603,319,151,35,115,300,380,245,192,65,534,436,563,29,84,459,204,104,478,123,137,306,487,604,483,75,427,39,149,588,174,116,252,292,492,121,40,6,493,325,369,519",5000,100
15,6,70989.26483002676,2.39522165505815,"280,329,61,439,185,357,57,287,577,348,13,43,397,127,33,315,323,423,244,47,257,484,83,592,232,621,538,263,452,366,550,213,413,532,520,124,431,41,589,558,67,273,269,529,205,622,4,111,166,167,170,541,328,271,138,72,123,478,605,490,579,434,466,259,448,556,181,458,218,135,182,8,398,514,19,11,237,351,168,224,171,438,383,568,46,220,390,461,295,134,217,82,614,198,465,184,345,196,202,248,80,157,266,509,364,260,619,186,469,409,400,258,236,68,464,407,189,435,573,494,341,153,360,608,492,121,40,406,272,377,367,339,234,472,25,105,477,147,347,386,38,586,292,252,20,116,174,588,221,507,594,32,599,158,114,197,457,485,420,609,102,27,162,524,302,590,381,309,69,173,45,596,342,175,142,453,537,422,274,450,62,618,107,37,595,429,229,510,108,332,211,301,179,623,239,560,416,555,270,7,226,460,395,389,78,593,312,238,154,15,310,372,16,324,517,356,206,565,500,289,499,627,143,387,625,533,571,90,191,17,471,479,442,101,110,284,262,536,330,126,523,530,305,544,578,228,307,487,412,58,359,467,122,606,475,350,421,580,212,88,376,474,615,281,355,598,320,392,551,130,98,36,481,314,119,201,336,365,321,454,207,285,426,275,219,21,241,574,73,303,576,227,432,74,391,344,139,26,506,583,617,405,209,304,10,297,125,93,156,462,75,542,298,502,85,144,288,483,505,247,5,401,396,250,279,581,267,569,18,163,417,600,352,63,251,76,326,358,547,455,290,306,137,564,557,91,371,282,495,486,561,225,562,183,601,361,86,12,503,433,256,164,444,59,255,286,52,56,353,597,403,346,141,51,584,440,159,246,399,552,30,92,155,335,317,128,489,591,129,540,97,549,513,607,117,94,404,521,200,334,559,443,95,526,254,311,566,103,148,113,177,291,299,210,528,587,340,570,223,437,176,368,34,473,120,131,268,476,215,430,230,388,496,447,278,71,613,146,322,50,362,548,451,293,160,374,539,243,424,624,42,233,70,488,408,214,331,187,9,194,427,39,149,572,382,441,504,199,132,333,543,208,318,385,582,511,411,265,527,393,456,428,378,54,343,22,23,87,620,96,235,553,60,193,379,501,222,100,203,516,49,508,602,480,118,445,24,373,470,240,242,535,2,28,165,491,64,48,567,418,145,178,31,468,370,99,55,545,66,522,463,531,402,384,616,296,106,53,249,294,337,136,79,563,29,84,459,245,192,65,534,436,81,554,415,14,518,498,172,611,115,300,380,35,151,319,419,603,316,394,77,204,104,313,283,308,585,253,425,482,354,349,327,188,89,612,190,610,44,449,375,109,446,140,264,195,180,150,277,112,512,133,414,216,161,604,525,626,169,261,3,152,497,363,338,515,519,575,231,410,546,6,369,493,325,276",5000,100
16,0,102703.95888345031,1.773746793076851,"359,510,108,75,163,506,26,583,392,551,88,376,615,321,474,365,112,547,455,336,604,451,548,362,424,555,270,528,210,587,176,582,511,396,428,312,238,154,152,227,391,344,275,426,247,505,536,110,284,60,235,553,343,268,131,208,388,278,318,385,148,566,311,97,540,254,521,496,447,98,169,261,288,483,279,299,401,219,21,241,527,574,223,215,430,280,72,232,452,366,83,484,432,74,303,543,404,63,251,305,298,90,191,580,431,246,269,514,11,168,351,214,408,187,211,239,220,19,626,399,552,124,47,257,458,439,138,259,466,541,357,185,256,433,403,597,353,346,86,562,183,225,34,3,617,405,85,542,502,600,330,101,128,113,324,95,471,479,443,559,334,200,117,307,228,18,417,441,504,199,333,374,539,382,516,203,578,339,302,360,221,608,325,507,599,20,309,485,420,519,575,231,410,497,338,363,341,292,492,121,619,142,234,472,38,586,386,406,40,369,524,162,27,102,342,407,367,400,258,409,469,68,435,189,494,573,45,596,153,173,588,116,174,594,32,197,114,158,590,381,609,457,6,272,252,493,236,356,206,565,42,233,180,414,230,523,544,530,262,442,473,120,340,478,348,577,13,323,127,33,315,558,67,589,41,520,159,444,59,255,52,328,43,167,56,4,622,205,166,111,529,423,263,592,621,538,8,182,237,297,304,209,606,350,216,277,212,285,379,501,503,51,584,164,550,287,57,397,181,276,556,448,495,486,126,91,557,412,10,576,355,281,146,322,125,93,462,156,130,320,306,290,201,481,326,76,23,87,193,96,620,78,593,82,217,106,137,564,487,579,490,475,581,177,267,569,526,5,250,293,243,624,70,512,133,301,560,416,229,429,446,140,7,395,460,226,570,264,109,427,461,295,107,618,92,81,554,415,14,518,623,179,476,71,352,16,372,139,73,265,411,22,310,15,291,144,122,36,119,378,54,103,614,62,450,464,477,105,25,377,260,364,509,515,80,248,202,69,186,571,537,627,499,500,289,607,513,549,94,50,488,525,454,207,613,194,572,49,160,28,470,373,563,136,313,425,482,178,44,418,380,24,77,394,535,242,240,508,445,64,491,165,145,253,585,2,104,308,249,35,603,294,337,300,115,172,498,296,611,419,55,370,468,567,480,118,602,316,65,436,534,48,190,375,610,9,149,39,332,390,134,625,533,387,422,358,314,467,161,244,286,601,61,561,213,413,532,398,135,143,456,393,389,437,317,371,605,58,598,271,123,150,100,222,132,349,354,449,283,204,192,245,79,459,29,84,273,421,155,335,12,361,434,218,170,440,141,30,129,591,489,453,347,147,595,37,31,327,612,89,463,522,531,66,545,99,151,319,188,384,616,195,274,517,198,465,157,266,345,196,175,17,282,329,224,171,568,46,383,331,368,438,546,184,402,53",5000,100
16,1,74130.872237783,1.8734497723682844,"437,176,210,528,393,456,428,378,291,299,511,582,411,265,527,5,247,505,483,261,169,288,144,85,542,298,502,352,600,163,417,18,267,569,581,279,177,148,103,566,311,254,113,193,620,87,23,22,343,54,78,389,593,312,238,154,15,517,324,16,372,310,553,235,60,356,206,565,500,289,627,499,195,274,489,591,540,97,549,513,607,404,521,334,200,117,94,129,317,128,381,590,519,457,594,32,599,20,197,158,114,575,231,410,546,497,338,363,309,302,162,27,102,609,420,485,325,360,369,6,493,608,492,121,40,406,272,377,367,339,234,472,25,105,477,386,586,147,347,38,252,292,588,221,435,189,407,464,68,258,236,409,469,186,619,260,364,509,515,157,80,248,202,196,345,266,184,465,217,82,198,614,537,422,450,62,618,107,37,595,134,295,461,390,220,568,149,187,9,194,427,39,516,203,211,332,510,229,108,109,264,446,140,555,395,460,226,7,270,368,570,340,587,223,574,73,303,576,285,275,426,219,21,241,227,432,74,391,344,139,26,506,583,3,617,405,209,304,10,297,613,152,71,473,120,131,268,476,318,385,34,501,379,222,100,239,560,416,301,179,623,46,383,331,42,233,488,408,214,224,171,438,243,539,374,424,624,49,382,572,199,333,132,441,504,512,133,112,362,451,496,447,278,388,230,430,215,454,207,320,392,551,130,98,36,481,314,119,201,336,307,228,578,544,305,530,523,251,63,76,326,358,455,547,290,306,137,564,557,412,487,359,467,58,91,335,155,92,371,282,495,486,561,225,562,183,601,86,361,12,503,30,433,256,164,444,59,255,286,353,597,403,346,141,357,185,57,328,170,541,43,13,348,577,287,72,439,280,329,61,271,138,458,276,181,556,448,259,466,434,490,579,478,605,123,365,321,376,88,598,355,281,615,474,475,606,122,11,19,626,514,182,8,218,135,398,237,351,168,423,33,127,323,315,397,47,484,83,538,232,621,592,263,452,366,550,213,532,413,520,124,246,159,399,552,41,431,589,558,67,273,269,622,4,111,166,529,205,56,52,167,440,584,51,277,150,180,414,216,525,161,604,350,421,580,212,322,146,50,548,70,160,293,208,543,93,125,75,156,462,95,526,443,559,101,442,330,536,262,110,284,175,142,453,571,342,596,45,494,573,341,153,524,507,116,174,173,69,400,625,533,387,143,126,17,471,479,90,191,250,396,401,316,192,65,534,436,563,29,84,459,136,79,313,283,308,104,204,77,394,535,242,240,470,373,24,602,480,118,445,482,425,178,31,468,370,99,55,545,66,522,463,89,612,327,188,349,354,375,190,567,48,418,64,491,165,28,2,253,585,249,294,337,296,106,53,603,384,616,419,172,611,498,518,14,554,415,81,245,508,380,300,115,35,151,319,402,531,145,44,610,449,429,244,257,96",5000,100
16,2,74480.36829748371,1.79919058936498,"562,183,601,86,361,12,440,584,51,256,164,444,59,255,286,353,597,403,346,141,357,185,57,328,170,541,43,13,348,577,287,397,323,315,33,127,423,244,484,83,538,232,621,592,263,452,366,550,213,257,47,273,269,67,558,589,41,431,124,246,159,399,552,171,438,383,46,220,390,461,295,134,595,37,107,618,62,450,195,274,324,517,15,372,310,553,235,60,356,206,565,500,289,499,627,143,387,533,625,571,342,175,142,453,537,184,345,196,266,157,80,248,202,619,173,69,260,364,509,515,363,338,497,546,410,231,575,609,420,485,519,457,594,32,507,116,174,588,221,608,492,121,40,406,38,586,147,347,252,292,20,197,158,114,599,325,360,369,6,493,153,341,573,494,45,596,189,435,407,464,68,400,258,236,409,469,186,25,105,477,272,377,367,339,234,472,521,404,481,314,119,201,336,606,475,365,474,615,281,355,598,320,392,551,130,98,36,462,93,125,75,156,304,10,297,405,617,26,506,583,139,3,344,391,227,576,285,426,275,219,21,241,574,73,303,131,268,476,207,454,430,215,230,388,496,447,278,152,71,613,146,322,50,548,362,451,160,539,374,243,424,624,49,382,572,194,427,39,187,9,149,568,331,408,214,488,133,512,112,150,277,212,580,421,350,604,525,161,216,19,626,514,182,8,398,135,218,458,181,276,556,448,259,466,434,490,579,478,605,123,271,138,72,439,280,329,61,557,58,359,467,122,91,335,412,487,307,228,578,544,305,530,523,251,63,76,326,358,455,547,290,306,137,564,148,103,566,311,254,113,193,620,96,87,23,22,343,54,593,312,238,154,109,264,446,140,555,395,460,226,7,270,368,570,223,437,176,210,528,587,340,456,393,428,378,291,299,511,582,411,265,527,5,401,396,250,279,177,581,569,267,18,163,417,600,352,502,298,542,85,144,288,483,261,169,247,505,559,334,200,117,94,129,540,97,549,513,607,591,128,489,317,155,92,371,282,495,486,561,225,30,433,503,180,414,376,88,321,222,501,379,34,473,120,318,385,416,301,179,623,211,332,510,229,108,429,203,516,441,504,199,333,132,543,208,293,74,432,191,471,479,90,17,442,126,330,536,262,110,284,101,526,95,443,209,389,78,560,239,100,16,614,198,82,217,465,402,151,319,603,419,172,611,384,616,296,106,53,249,294,337,449,64,418,48,567,480,118,445,482,425,178,31,468,370,99,55,545,66,522,463,89,612,327,188,349,354,375,145,44,610,190,316,192,65,534,436,563,29,84,459,136,79,313,283,308,585,253,2,491,165,28,535,242,240,470,373,24,602,508,380,300,115,35,415,554,14,518,498,77,394,245,81,204,104,42,233,70,351,168,224,11,237,422,386,27,102,302,524,162,590,381,309,532,413,520,56,52,167,166,529,205,622,4,111,531",5000,100
16,3,71134.07179251882,14.478182820291288,"584,51,256,164,444,59,255,286,353,597,403,346,141,357,185,57,328,541,43,13,348,577,287,72,439,280,329,61,271,138,123,371,282,495,486,561,225,562,183,601,86,361,12,440,503,433,30,56,52,167,166,529,205,622,4,111,269,273,67,558,589,41,431,124,246,159,399,552,171,438,383,46,220,390,461,295,134,595,37,107,618,62,450,195,274,324,517,15,372,16,96,87,23,22,343,54,78,389,593,312,238,154,109,264,446,140,555,395,460,226,7,270,368,570,223,437,176,210,528,587,340,456,393,428,378,291,299,511,582,411,265,527,5,247,505,483,261,169,288,502,352,600,163,417,18,267,569,581,279,177,148,103,566,311,254,113,193,620,239,560,416,301,179,623,211,332,510,229,108,429,21,241,574,73,303,576,285,426,275,219,131,268,476,207,454,430,215,230,388,496,447,278,152,71,613,146,322,50,548,362,451,160,293,208,543,132,333,501,379,222,100,203,516,382,572,194,427,39,187,9,149,568,331,408,214,488,133,512,112,150,277,212,580,421,350,604,525,161,216,19,626,514,182,8,398,135,218,458,181,276,556,448,259,466,434,490,579,478,605,91,335,412,487,307,228,578,544,305,530,523,251,63,76,326,358,455,547,290,306,137,564,557,58,359,467,122,606,475,365,321,376,88,598,355,281,615,474,314,119,201,336,36,481,75,156,462,93,125,126,330,536,262,110,284,101,442,17,471,479,90,191,95,526,443,559,334,200,117,94,129,540,97,549,513,607,591,128,489,317,155,92,404,521,310,553,235,60,356,206,565,500,289,499,627,143,387,533,625,571,342,175,142,453,537,422,614,198,82,217,465,184,345,196,202,248,80,157,266,364,260,509,515,363,338,497,546,410,231,575,609,420,485,519,457,594,32,507,116,174,588,221,608,492,121,40,406,272,377,367,339,407,464,68,400,258,236,409,469,186,619,173,69,309,302,524,162,27,102,6,493,325,360,369,153,341,573,494,45,596,189,435,381,590,599,20,197,158,114,252,292,147,347,38,586,386,477,105,25,472,234,535,242,240,470,373,24,602,508,482,425,178,31,468,370,99,55,545,66,522,463,89,612,327,188,349,354,375,190,145,418,48,567,480,118,445,380,300,115,35,151,319,603,419,172,611,384,616,296,106,53,249,294,337,79,313,283,308,104,204,77,394,192,65,534,436,563,29,84,459,136,491,165,28,2,253,585,245,81,554,415,14,518,498,316,44,610,449,64,531,402,424,624,49,243,539,374,34,473,120,318,385,42,233,70,351,168,224,11,237,414,180,320,392,551,130,98,617,26,506,583,139,3,344,391,227,432,74,405,209,304,10,297,542,298,85,144,250,396,401,504,199,441,232,621,592,263,452,366,550,213,532,413,520,257,47,484,83,538,323,315,33,127,423,244,397,170",5000,100
16,4,71508.4606416474,1.9094967101177245,"433,256,164,444,59,255,286,353,597,403,346,141,357,185,57,328,541,170,167,166,529,205,622,4,111,269,273,67,558,589,41,431,124,246,159,399,552,171,438,383,46,220,390,461,295,134,595,37,107,618,62,450,195,274,324,517,15,372,310,553,235,60,356,206,565,500,289,499,627,143,387,533,625,571,342,175,142,453,537,422,614,198,465,217,82,96,87,23,22,343,54,78,389,593,312,238,154,109,264,446,140,555,395,460,226,7,270,368,570,340,456,393,428,378,291,299,511,582,411,265,527,5,247,505,483,261,169,144,288,502,352,600,163,417,18,267,569,581,279,177,148,103,566,311,254,113,193,620,239,560,416,301,179,623,211,332,108,510,229,429,117,94,129,540,97,549,513,607,591,128,489,317,155,335,412,487,307,228,578,544,305,530,523,251,63,76,326,358,455,547,290,306,137,564,557,58,359,467,122,606,475,365,321,376,88,598,320,392,551,130,98,36,481,314,119,201,336,350,604,525,161,216,19,626,514,182,8,398,135,218,458,181,276,556,448,259,466,434,490,579,478,605,123,271,138,72,439,280,329,61,601,562,183,225,561,486,495,282,371,92,404,521,334,200,443,526,95,17,471,479,90,191,262,110,284,101,442,330,536,126,298,542,85,210,528,587,223,437,176,241,574,73,303,576,285,426,275,219,21,473,120,131,268,476,207,454,430,215,230,388,496,447,278,152,71,613,146,322,50,548,362,451,160,293,208,543,132,333,199,504,441,243,539,374,424,624,49,382,572,194,427,39,187,9,149,568,331,408,214,233,70,42,488,133,512,112,150,277,212,580,421,203,516,501,379,222,100,34,385,318,125,93,156,462,75,209,304,10,297,405,617,26,506,583,139,3,391,344,227,432,74,414,180,237,351,168,224,11,484,83,538,232,621,592,263,452,366,550,213,532,413,520,257,47,397,348,577,287,13,43,323,315,33,127,423,244,56,52,30,91,559,202,196,266,345,184,402,151,319,603,419,172,611,106,53,249,294,337,415,81,245,534,436,563,29,84,459,136,79,313,283,308,585,253,2,491,165,28,535,242,240,470,373,24,602,508,482,425,178,31,468,370,99,55,545,66,522,463,89,612,327,188,349,354,375,145,44,610,190,449,64,418,48,567,480,118,445,380,300,115,35,531,316,192,65,77,394,104,204,554,14,518,498,296,384,616,360,325,493,6,369,162,524,302,309,381,590,599,32,507,116,174,588,221,608,492,121,40,406,272,377,367,339,407,464,68,400,258,236,409,469,186,619,173,69,260,364,509,515,363,338,497,546,410,231,575,609,420,485,519,457,594,20,197,158,114,102,27,189,435,341,573,494,45,596,153,386,38,586,147,347,252,292,248,80,157,234,472,25,105,477,474,615,281,355,16,250,396,401,51,584,503,440,12,86,361",5000,100
17,0,77540.05672669731,1.7217315424107882,"263,452,366,550,213,257,47,67,558,589,41,431,246,124,520,413,532,159,399,552,171,179,623,239,560,416,301,211,332,108,510,229,429,109,264,446,140,555,270,7,226,368,340,570,223,437,176,210,528,393,456,428,378,291,299,511,401,396,250,279,581,267,569,502,298,542,85,288,144,169,261,505,483,583,506,26,139,3,617,405,297,10,304,209,75,125,93,156,462,36,98,355,281,615,474,376,88,598,320,392,551,130,606,475,421,580,212,277,150,112,512,133,362,548,451,50,146,322,71,613,152,230,388,447,496,278,293,160,539,374,243,424,70,233,42,214,408,488,414,180,514,182,8,398,237,351,168,224,19,626,135,218,458,181,276,556,466,259,448,123,271,138,439,72,287,577,348,13,43,397,33,127,323,315,423,244,484,83,592,232,621,538,57,185,357,597,403,346,141,51,584,440,12,86,361,601,562,183,225,561,495,486,282,371,92,155,335,412,557,564,137,306,290,547,455,326,76,251,63,523,530,305,544,578,228,307,487,359,467,58,122,336,119,201,365,321,350,604,161,216,199,132,333,543,208,275,426,285,576,227,344,391,74,432,303,73,527,265,411,582,5,600,352,417,163,18,90,191,17,471,479,126,442,330,536,262,110,284,101,559,443,334,200,117,94,404,521,60,553,235,310,372,16,324,517,15,195,274,422,134,217,82,614,198,537,453,142,175,342,571,533,625,387,143,499,627,289,500,565,206,356,131,268,476,454,207,37,107,618,62,450,154,238,312,78,54,22,343,526,95,566,103,148,113,254,311,193,620,96,87,23,525,579,490,434,478,605,91,314,481,358,177,128,489,591,129,549,97,540,513,607,477,105,25,234,472,236,68,400,258,339,367,377,272,406,40,492,121,221,608,588,292,252,158,114,20,507,32,599,594,457,420,485,519,575,231,410,546,497,338,363,116,174,102,609,197,596,494,573,435,189,407,464,409,469,186,619,260,364,509,173,69,309,381,590,524,162,302,27,6,369,493,325,360,153,341,45,255,59,444,164,256,433,30,503,167,170,541,328,353,286,52,56,111,622,4,205,529,166,269,273,331,438,383,187,149,9,427,39,568,46,220,390,461,295,172,419,603,319,151,55,99,370,468,425,482,508,602,480,118,445,24,373,240,242,535,2,253,585,308,283,313,204,104,449,44,610,190,145,375,64,418,48,567,354,349,89,612,327,188,463,522,66,545,31,178,470,380,300,115,77,394,316,245,534,436,563,29,84,459,136,79,28,165,491,518,498,296,106,53,337,294,249,35,402,531,465,184,196,345,266,157,80,248,202,586,38,147,347,386,430,215,318,385,473,120,34,379,501,222,100,203,516,382,572,194,504,441,460,395,389,593,587,241,574,219,21,247,595,384,616,611,81,554,415,14,192,65,317,61,329,280,624,49,11,515",5000,100
17,1,77249.07207799506,1.8612789968546444,"72,138,439,271,329,280,61,123,91,382,572,194,9,187,149,568,427,39,220,390,461,295,446,140,416,301,211,332,108,510,229,429,109,264,395,7,270,555,460,226,587,340,570,223,437,176,210,528,393,456,428,378,291,299,511,401,396,250,279,569,267,581,177,311,566,103,148,113,254,526,95,191,479,471,17,442,126,330,536,262,110,284,101,559,443,334,200,521,404,129,549,97,540,513,607,591,128,489,317,155,92,282,371,412,557,487,359,467,58,122,475,606,365,321,350,421,580,212,277,150,112,512,133,362,548,451,50,146,322,71,613,152,454,207,285,576,227,344,391,3,139,26,506,583,617,405,297,10,304,75,156,462,36,98,130,551,392,320,598,355,281,615,474,376,88,169,261,505,247,5,574,241,21,219,275,426,303,73,527,265,411,582,476,268,131,120,473,385,34,318,215,430,230,388,447,496,278,293,160,374,539,243,424,70,42,233,488,408,214,331,438,171,224,351,168,237,11,514,182,8,135,218,458,181,276,556,259,466,434,490,579,605,478,431,124,246,159,399,552,589,41,67,558,257,47,484,83,538,232,621,592,263,452,366,550,213,520,413,532,323,315,127,33,397,348,577,287,57,170,541,328,353,597,403,346,141,256,164,444,59,255,56,52,286,166,622,4,205,529,111,423,244,273,269,167,357,185,12,86,361,601,562,183,225,561,495,486,584,51,440,503,433,30,314,481,119,336,201,358,326,76,63,251,523,530,305,544,578,228,307,306,290,547,455,18,163,417,352,600,502,298,542,85,288,144,209,93,125,147,347,586,38,386,477,367,339,234,472,68,258,400,409,469,186,619,260,364,509,515,363,338,497,546,410,231,575,519,485,420,609,102,594,457,80,157,266,196,202,248,173,69,309,381,590,524,162,302,27,6,493,325,360,153,341,573,494,189,407,464,435,377,272,406,40,492,121,221,608,588,174,116,507,32,599,158,114,20,197,252,292,142,175,25,105,571,342,453,537,422,198,614,595,134,217,82,465,184,345,533,625,483,623,179,560,239,100,222,203,516,441,504,199,132,333,543,208,383,46,193,620,96,553,235,310,16,356,206,565,500,289,499,627,143,387,535,242,240,373,24,567,48,418,64,165,491,28,253,585,308,283,313,204,104,394,316,245,534,436,563,29,84,459,136,79,14,554,415,81,480,118,445,482,508,602,145,190,610,44,449,35,300,380,470,192,65,178,425,468,370,99,55,66,545,522,463,89,327,612,188,349,354,375,106,53,337,294,249,616,384,611,172,419,603,319,151,498,296,115,77,2,31,531,402,37,107,618,62,450,154,238,312,593,54,78,389,432,74,379,501,60,15,517,324,372,87,23,22,343,49,624,216,161,604,525,414,180,398,626,19,564,137,335,448,13,43,117,94,368,90,274,195,236,45,596,369,518",5000,100
17,2,73185.11011561802,2.091279611439642,"269,273,47,484,83,592,263,452,366,550,213,257,558,589,41,431,124,520,413,532,159,399,552,171,438,383,46,568,149,427,39,543,208,293,160,374,243,424,624,49,382,572,194,9,187,368,34,385,318,120,473,268,476,275,426,285,576,227,432,74,344,391,3,139,26,506,583,617,303,73,527,265,411,582,511,401,396,250,279,569,267,581,177,311,566,103,148,113,193,620,96,87,23,22,343,54,78,389,593,587,340,570,223,437,176,210,528,393,456,428,378,291,299,90,191,17,471,479,126,442,330,536,262,110,284,101,559,443,334,200,117,94,549,97,540,513,607,129,404,521,60,553,235,310,16,372,517,324,206,565,356,125,93,156,462,358,455,326,76,63,251,523,530,305,544,578,228,307,487,564,137,306,290,547,297,10,304,130,551,209,405,261,483,505,247,5,75,144,169,446,140,264,109,108,510,229,429,312,62,450,595,37,107,618,226,460,395,7,270,555,615,474,376,88,321,365,606,475,122,336,314,119,201,36,98,355,281,598,320,392,215,430,454,207,152,613,71,322,146,50,278,388,447,496,230,488,233,70,42,214,408,331,180,150,277,512,133,362,548,451,112,212,580,421,350,604,525,161,216,490,579,605,478,434,466,259,448,556,181,458,218,135,182,8,398,237,11,514,19,626,298,542,85,288,254,526,95,359,467,58,557,412,91,371,92,155,335,317,128,489,591,143,387,533,625,571,342,175,25,105,477,386,586,38,147,347,40,492,121,493,325,360,369,6,162,524,302,27,102,609,420,485,457,158,114,197,20,594,32,599,507,116,174,588,221,608,292,252,364,509,515,363,338,497,546,410,231,575,519,590,381,309,69,260,619,186,469,409,400,68,258,236,464,407,189,435,573,494,341,45,596,173,153,367,339,234,472,142,453,537,422,274,195,15,154,238,486,495,282,329,280,61,123,271,138,439,72,287,577,348,13,43,33,127,323,315,423,244,276,397,621,232,538,529,166,111,622,4,205,255,286,353,597,403,357,185,57,328,541,170,167,52,56,59,444,164,256,51,503,433,30,86,12,440,346,141,361,601,562,183,225,561,163,417,352,600,502,100,203,516,441,504,199,132,333,222,501,379,239,560,416,301,623,179,211,332,390,461,295,220,134,217,82,614,198,465,184,196,345,266,157,80,248,202,377,272,406,627,289,500,499,610,44,449,31,178,425,482,508,602,480,118,445,48,567,418,64,165,491,28,2,253,585,308,283,313,104,204,77,394,316,81,14,518,498,296,106,53,294,337,249,459,84,29,192,65,534,436,563,136,79,245,415,554,535,242,240,373,24,470,380,300,115,172,419,603,319,151,35,370,468,188,327,612,89,522,463,531,402,616,384,611,145,375,190,354,349,545,66,55,99,241,574,219,21,131,539,414,224,168,351,67,246,18,481,584",5000,100
17,3,73443.4772341141,1.9910699395380946,"507,116,174,588,221,608,492,121,40,406,272,377,367,339,464,407,189,435,573,341,45,596,173,69,260,364,509,515,457,420,485,519,575,231,410,546,497,338,363,102,609,594,32,599,20,197,158,114,252,292,493,325,360,369,6,162,524,302,27,381,590,309,345,266,157,80,248,202,196,68,400,258,236,409,469,186,619,453,537,422,274,195,62,450,595,134,217,82,614,198,465,184,616,384,611,172,419,603,319,151,35,370,99,55,66,545,522,463,531,402,449,418,48,567,145,188,327,612,89,354,349,380,300,115,245,192,65,534,436,563,136,79,313,104,204,77,394,316,81,554,415,14,518,498,296,106,53,294,337,249,459,84,29,425,178,31,468,610,44,64,165,491,28,2,253,585,308,283,118,445,602,508,482,24,373,240,242,535,470,480,375,190,166,529,205,622,4,111,52,56,286,403,346,141,51,584,503,433,256,164,444,59,255,185,357,12,86,361,601,562,183,225,561,495,486,282,371,91,412,557,564,137,306,290,547,455,326,76,63,251,523,530,305,544,578,262,110,284,101,559,443,526,254,311,566,103,148,113,193,620,96,87,23,22,343,54,593,312,446,140,555,270,7,226,587,340,570,223,437,176,368,34,385,318,120,473,268,131,476,391,344,432,74,227,576,207,285,275,426,303,73,527,265,411,582,511,401,396,250,279,569,267,18,163,417,352,600,502,298,542,85,288,144,169,261,483,505,247,5,574,219,21,241,230,388,447,496,278,152,297,10,304,209,405,617,3,139,26,506,583,133,512,112,362,548,451,50,146,322,71,613,215,430,454,132,333,543,208,293,160,539,374,243,424,70,42,488,233,624,49,382,572,194,9,187,149,568,46,220,390,461,295,618,107,37,16,372,15,517,324,310,553,235,60,356,206,565,500,289,499,627,143,387,533,625,571,342,175,25,105,477,386,586,38,147,347,234,472,142,153,494,621,232,592,263,452,366,550,213,257,47,484,83,538,276,556,181,458,218,135,626,19,11,514,182,8,398,237,351,168,224,331,214,408,280,329,61,123,271,138,439,72,287,577,348,13,43,541,328,57,353,597,244,423,323,315,33,127,397,520,413,532,159,399,552,171,438,383,434,490,579,605,478,259,448,466,273,269,67,558,589,41,431,124,246,414,180,150,277,580,212,421,350,321,365,606,336,119,201,36,98,156,462,93,125,75,358,126,442,330,536,607,513,549,97,540,129,404,521,117,94,122,58,359,467,475,525,161,216,604,481,314,615,474,376,88,598,355,281,320,392,551,130,95,191,479,471,17,90,200,334,228,307,487,335,317,155,92,128,489,591,416,560,239,623,179,211,301,332,108,510,229,429,109,264,395,460,291,299,210,528,393,456,428,378,389,78,516,203,100,222,441,504,199,501,379,177,581,238,154,167,170,440,30,427,39",5000,100
17,4,73589.76605252757,1.9681083337111147,"346,141,51,584,503,433,256,164,444,59,255,56,52,286,403,357,185,57,287,577,348,13,43,127,33,323,315,423,244,484,83,592,263,452,366,550,213,257,47,67,558,589,41,431,124,520,413,532,159,246,399,552,171,224,168,351,237,11,19,626,514,182,8,135,218,458,181,276,556,466,259,448,434,490,579,605,478,123,271,138,439,72,440,12,86,361,601,562,183,225,561,495,486,282,371,91,412,557,564,137,306,290,547,455,326,76,63,251,523,530,305,544,578,228,307,487,335,155,92,128,489,591,129,549,97,540,513,607,94,117,404,521,60,553,235,310,372,16,356,206,565,500,289,499,627,143,387,533,625,571,342,175,25,105,477,386,586,38,147,347,40,406,272,377,367,339,234,472,236,409,469,186,619,260,364,509,515,363,338,497,546,410,231,575,519,485,420,609,102,162,524,302,27,6,369,493,325,360,153,341,45,596,494,573,435,189,407,464,68,400,258,157,80,248,202,196,345,266,69,173,309,381,590,457,594,32,599,20,507,116,174,588,221,608,492,121,453,537,422,274,195,15,517,324,58,359,467,122,336,119,201,36,98,355,281,615,474,376,88,598,320,392,551,130,304,209,405,297,10,542,85,144,169,261,505,247,5,401,396,250,279,569,267,18,163,417,352,600,502,298,479,471,17,90,191,95,526,254,311,566,103,148,113,193,620,96,87,23,22,343,54,78,389,593,312,154,238,62,450,595,134,217,82,614,198,465,184,616,384,611,172,419,603,319,151,35,370,99,55,468,425,482,508,602,480,118,445,24,373,470,380,300,115,31,178,418,48,567,145,375,190,610,44,449,64,165,491,28,2,253,585,308,283,313,104,204,77,394,316,81,554,415,14,518,498,296,106,53,294,337,249,459,84,29,192,65,534,436,563,136,79,245,354,349,188,327,612,89,522,463,531,402,66,545,438,383,331,214,408,488,233,70,424,624,49,382,572,194,9,187,149,568,46,220,390,461,295,429,109,264,446,140,555,270,7,226,460,395,393,456,428,378,291,299,210,528,587,340,570,223,437,176,368,34,385,318,120,473,268,131,476,207,454,430,215,230,388,447,496,278,152,71,613,3,139,26,506,583,617,303,73,527,265,411,582,511,574,219,21,241,483,288,177,581,358,126,442,330,536,262,110,284,101,559,443,334,200,75,125,462,156,93,481,314,604,525,161,216,421,580,212,277,150,180,414,50,146,322,100,501,379,222,203,516,441,504,199,132,333,543,208,293,160,539,374,243,112,512,133,362,548,451,42,239,560,416,301,179,623,229,108,510,332,211,427,39,166,529,205,622,4,111,269,273,328,541,170,167,353,597,397,621,232,538,280,61,329,30,398,350,321,365,606,475,432,74,344,391,227,576,275,426,285,317,142,252,292,197,158,114,618,107,37,242,535,240",5000,100
17,5,74284.06130898334,1.8855419897316852,"13,43,127,33,323,315,423,244,484,83,592,263,452,366,550,213,257,47,67,558,589,41,431,124,520,413,532,159,246,399,552,171,438,383,331,214,408,488,233,70,424,624,49,382,572,194,9,187,149,568,46,220,390,461,295,429,109,264,446,140,555,270,7,226,460,395,389,593,54,78,456,428,378,291,299,210,528,587,340,570,223,437,176,368,34,385,318,120,473,268,131,476,207,285,576,227,432,74,344,391,3,139,26,506,583,617,405,297,10,304,209,75,156,93,125,462,36,98,355,281,615,474,376,88,598,320,392,551,130,606,475,122,336,119,201,365,321,350,421,580,212,277,150,180,414,216,161,525,604,481,358,126,330,536,262,110,284,101,559,443,334,200,117,94,549,97,540,513,607,591,129,404,521,60,553,235,310,372,16,356,206,565,500,289,499,627,143,387,533,625,571,342,175,25,105,477,386,586,38,147,347,40,406,272,377,367,339,234,472,142,453,537,422,274,195,450,154,238,312,62,618,107,37,595,134,217,82,614,198,465,184,345,196,202,248,80,157,266,69,260,364,509,515,619,186,469,409,400,68,258,236,464,407,189,435,573,494,341,45,596,173,309,381,590,457,594,32,599,20,197,158,114,507,116,174,588,221,608,492,121,369,493,325,360,153,575,231,410,546,497,338,363,102,162,524,302,27,6,292,252,108,510,229,332,211,301,179,623,239,560,416,39,427,516,203,100,222,501,379,177,581,569,267,18,163,417,352,600,502,298,542,85,144,169,261,505,247,5,401,396,250,279,288,483,90,191,17,471,479,442,526,95,566,103,148,113,254,311,193,620,96,87,23,22,343,15,517,324,58,359,467,91,412,557,564,137,306,290,547,455,326,76,63,251,523,530,305,544,578,228,307,487,335,155,92,371,282,601,562,183,225,561,495,486,57,185,357,12,86,361,280,61,329,271,138,439,72,287,577,348,397,621,232,538,276,556,466,259,448,434,490,579,605,478,123,440,503,433,256,164,444,59,255,56,52,286,353,597,403,346,141,51,584,30,314,118,445,24,373,240,242,535,470,316,81,554,415,14,518,498,296,106,53,249,294,337,459,84,29,192,65,534,436,563,136,79,313,104,204,77,394,2,253,585,308,283,28,165,491,64,418,48,567,145,375,190,610,44,449,31,178,468,425,482,508,602,480,380,300,115,245,354,349,188,327,612,89,522,463,531,402,616,384,611,172,419,603,319,151,35,370,99,55,66,545,393,511,582,411,265,527,303,73,219,21,241,574,426,275,230,388,447,496,278,152,71,613,146,322,50,451,548,362,512,133,112,168,351,237,11,514,182,8,135,218,458,181,328,170,541,166,111,622,4,205,529,167,626,19,398,504,199,132,333,543,208,293,160,539,374,243,441,454,430,215,42,489,317,128,609,420,485,519,269,273,224",5000,100
17,6,71908.61279286825,2.123632277393329,"119,336,201,36,98,355,281,615,474,376,88,598,320,392,551,130,304,209,405,297,10,3,139,26,506,583,617,303,73,527,265,411,582,511,574,219,21,241,176,368,34,385,318,120,473,268,131,476,207,454,430,215,230,388,447,496,278,152,71,613,146,322,50,451,548,362,512,133,112,150,180,414,216,161,525,604,475,606,365,321,350,421,580,212,277,483,505,247,5,401,396,250,279,569,267,18,163,417,352,600,502,298,542,85,144,169,261,288,75,156,93,125,462,358,76,63,251,523,530,305,544,578,228,307,487,564,137,306,290,547,455,326,126,442,330,536,262,110,284,101,559,443,334,200,117,94,549,97,540,513,607,591,128,489,317,155,335,412,557,58,359,467,91,605,478,123,271,138,439,72,287,13,43,127,33,323,315,423,244,484,83,592,263,452,366,550,213,257,47,67,558,589,41,431,124,520,413,532,159,246,399,552,171,438,383,331,214,408,488,233,42,70,424,624,49,382,572,194,9,187,149,568,46,220,390,461,295,429,109,264,446,140,555,270,7,226,460,395,389,593,312,62,618,107,37,595,134,217,82,614,198,465,184,345,266,157,80,248,202,196,68,400,258,236,409,469,186,619,260,364,509,515,363,338,497,546,410,231,575,519,485,420,609,102,162,524,302,27,6,369,493,325,360,153,341,45,596,494,573,435,189,407,464,339,234,472,142,453,537,422,274,195,15,517,324,372,16,356,206,565,500,289,499,627,143,387,533,625,571,342,175,25,105,477,386,586,38,147,347,40,406,272,377,367,252,292,197,158,114,457,594,32,599,20,507,116,174,588,221,608,492,121,590,381,309,69,173,440,346,141,51,584,503,433,256,164,444,59,255,56,52,286,353,597,403,357,185,57,328,170,541,166,111,622,4,205,529,167,12,86,361,601,562,183,225,561,495,282,371,92,579,490,434,466,259,448,556,181,276,397,348,577,329,61,280,30,450,154,238,343,22,23,87,620,96,553,235,310,393,456,428,378,291,299,210,528,587,340,570,223,437,479,471,17,95,191,90,78,54,60,521,404,129,39,427,211,301,179,623,239,560,416,510,229,332,108,480,118,445,24,373,240,242,535,470,316,81,554,415,14,518,498,296,106,53,294,337,249,459,84,29,192,65,534,436,563,136,79,313,104,204,77,394,2,253,585,308,283,28,165,491,64,418,48,567,145,375,190,610,44,449,354,349,188,327,612,89,522,463,531,402,616,384,611,172,419,603,319,151,35,370,99,55,66,545,31,468,425,482,508,602,178,245,380,300,115,237,351,168,224,398,135,626,19,11,514,182,8,218,458,621,232,538,432,74,344,391,227,576,275,426,285,379,501,222,100,203,516,441,504,199,132,333,543,208,293,160,539,374,243,193,311,566,103,148,113,254,526,581,177,481,314,122,486,269,273",5000,100
17,7,73782.97861762639,1.9213620771226227,"307,487,335,412,557,564,137,306,290,547,455,326,76,63,251,523,530,305,544,578,228,330,536,262,110,284,101,559,443,334,200,117,94,549,97,540,513,607,591,128,489,317,155,92,371,91,467,58,359,122,336,314,481,36,462,93,125,75,156,85,288,144,169,261,505,247,5,401,396,250,279,569,267,581,177,18,163,417,352,600,502,298,542,90,191,17,471,479,442,126,526,95,566,103,148,113,254,311,193,620,96,87,23,22,343,54,78,389,593,312,154,238,62,618,107,37,595,134,217,82,614,198,465,184,196,345,266,157,80,248,202,186,619,173,69,260,364,509,515,363,338,497,546,410,231,575,519,485,420,609,102,162,524,302,27,6,369,493,325,360,153,341,494,573,435,189,407,464,68,400,258,236,409,469,309,381,590,457,594,32,599,20,197,158,114,507,116,174,588,221,608,492,121,40,406,272,377,367,339,234,472,142,453,537,422,274,195,15,517,324,372,16,356,206,565,500,289,499,627,143,387,533,625,571,342,175,25,105,477,386,586,38,147,347,252,292,616,384,611,172,419,603,319,151,35,370,99,55,66,545,522,463,531,402,449,165,491,28,2,253,585,308,283,313,104,204,77,394,316,81,554,415,14,518,498,296,106,53,249,294,337,459,84,29,245,380,300,115,31,178,468,425,482,508,602,480,118,445,24,373,240,242,535,470,192,65,534,436,563,136,79,610,44,64,418,48,567,145,375,190,354,349,188,327,612,89,622,4,111,529,166,167,170,541,328,57,287,577,348,13,43,127,33,323,315,423,244,484,83,592,263,452,366,550,213,257,47,67,558,589,41,431,124,520,413,532,159,246,538,232,621,458,181,276,556,466,259,448,434,490,579,605,478,123,271,138,439,72,440,346,141,51,584,503,433,256,164,444,59,255,56,52,286,353,597,403,357,185,12,86,361,601,562,183,225,561,486,495,282,329,280,61,397,438,383,331,214,408,488,233,42,70,424,624,49,382,572,194,9,187,149,568,46,220,390,461,295,429,109,264,446,140,555,270,7,226,587,340,570,223,437,176,368,34,385,318,120,473,268,131,476,207,454,430,215,230,388,447,496,278,152,71,613,146,322,50,451,548,362,512,133,112,150,180,414,216,604,525,161,626,19,11,514,182,8,398,237,351,168,224,171,552,399,218,135,615,474,376,88,598,320,392,551,130,304,209,405,297,10,3,139,26,506,583,617,303,73,527,265,411,582,511,574,219,21,241,483,285,576,227,432,74,344,391,475,606,365,321,350,421,580,212,277,293,160,539,374,243,441,504,199,132,333,543,208,100,501,379,222,203,516,427,39,211,301,179,623,239,560,416,510,229,332,108,450,521,60,553,235,310,393,456,428,378,291,299,210,528,460,395,275,426,281,355,119,201,358,98,404,129,596,45,30,269,273,205",5000,100
17,8,71561.70791965318,2.1972700944054635,"127,33,323,315,423,244,484,83,592,263,452,366,550,213,257,47,67,273,269,4,622,205,529,166,111,52,56,286,353,597,403,346,141,51,584,503,433,256,164,444,59,255,167,170,541,328,57,185,357,12,86,361,601,562,183,225,561,486,495,282,371,92,155,335,412,557,564,137,306,290,547,455,326,76,63,251,523,530,305,544,578,228,307,487,359,467,58,122,475,606,365,321,350,421,580,212,277,150,180,414,216,604,525,161,626,514,182,8,398,135,218,458,181,276,72,439,138,271,329,280,61,123,440,30,314,481,358,126,442,330,536,262,110,284,101,559,443,334,200,117,94,549,97,540,513,607,591,129,404,521,60,553,235,310,372,16,356,206,565,500,289,499,627,143,387,533,625,571,342,175,25,105,477,386,586,38,147,347,40,406,272,377,367,339,234,472,142,453,537,422,274,195,450,62,618,107,37,595,134,217,82,614,198,465,184,345,266,157,80,248,202,196,68,400,258,236,409,469,186,619,260,364,509,515,363,338,497,546,410,231,575,519,485,420,609,102,162,524,302,27,6,369,493,325,360,153,341,494,573,435,189,407,464,45,596,173,69,309,381,590,457,594,32,599,20,197,158,114,507,116,174,588,221,608,492,121,292,252,108,510,229,332,211,301,179,623,239,560,416,264,109,446,140,555,270,7,226,460,395,389,593,54,78,456,393,428,378,291,299,210,528,587,340,570,223,437,176,368,34,385,318,120,473,268,131,476,207,454,430,215,230,388,447,496,278,152,71,613,146,322,50,451,548,362,512,133,112,168,351,237,11,19,259,448,434,466,556,605,478,579,490,36,98,355,281,615,474,376,88,598,320,392,551,130,304,209,405,297,10,3,139,26,506,583,617,303,73,527,265,411,582,511,401,396,250,279,569,267,18,163,417,352,600,502,298,542,85,288,144,169,261,505,247,5,574,219,21,241,432,74,344,391,227,576,275,426,285,379,501,222,100,203,516,441,504,199,132,333,543,208,293,160,539,374,243,424,624,49,382,572,194,9,187,149,568,46,220,390,461,295,429,312,154,238,343,22,23,87,620,96,193,311,566,103,148,113,254,526,95,191,479,471,17,90,75,156,93,125,462,336,119,201,91,246,124,520,413,532,159,399,552,171,438,383,331,214,408,488,233,42,70,517,324,15,489,317,128,13,43,397,348,577,287,621,232,538,431,589,41,558,224,427,39,2,253,585,308,283,313,104,204,77,394,192,65,534,436,563,136,79,245,415,554,14,518,498,296,106,53,249,294,337,459,84,29,81,316,602,508,482,425,178,31,468,370,99,55,66,545,522,463,531,402,616,384,611,172,419,603,319,151,35,300,115,380,470,373,24,445,118,480,567,48,418,64,491,28,165,240,242,535,610,44,449,354,349,188,327,612,89,190,375,145,177,581,483",5000,100
18,0,78513.18174995294,1.7865139885836212,"30,433,503,440,12,86,361,601,562,183,225,561,486,495,282,371,91,412,557,547,455,481,314,119,201,336,421,350,321,365,474,376,88,598,355,281,615,261,169,505,247,5,401,582,511,411,265,527,73,303,391,344,139,3,617,506,26,583,144,85,542,298,502,352,600,417,163,18,267,569,581,177,566,311,254,113,148,103,526,95,191,471,479,90,17,442,101,284,262,110,126,330,536,226,7,270,555,395,460,78,389,593,312,446,140,264,109,429,229,510,108,332,211,368,570,223,587,210,299,291,378,428,528,393,456,416,301,179,623,560,239,100,199,504,441,132,333,543,208,293,160,374,539,243,424,70,233,42,408,214,331,171,438,383,46,568,149,39,198,82,217,134,380,300,115,373,24,602,480,118,445,482,508,425,178,31,468,370,99,55,545,66,522,463,531,402,319,151,35,534,65,192,245,81,415,554,14,518,498,172,419,603,384,616,53,294,337,249,106,296,611,567,48,418,145,375,354,190,44,449,64,491,165,28,253,585,2,308,283,79,136,313,104,204,77,394,316,29,436,563,459,84,533,625,387,143,129,591,513,607,549,97,540,47,257,484,83,244,423,315,127,33,323,43,397,348,577,287,72,439,138,271,329,61,280,185,357,57,328,170,541,167,166,529,205,622,4,111,41,589,67,273,269,51,584,141,346,256,164,444,59,255,56,52,286,353,597,403,512,133,112,277,150,94,117,404,521,60,310,553,235,16,517,324,356,206,565,500,289,499,627,15,372,467,58,359,487,307,228,564,137,306,290,544,578,305,530,523,251,63,76,326,358,36,462,156,93,125,75,304,209,405,297,10,74,432,227,576,285,426,275,574,219,21,241,473,120,131,268,476,430,215,318,385,34,501,379,222,203,516,382,572,194,427,9,187,220,154,238,195,274,422,341,302,524,162,27,102,609,457,420,485,519,231,410,546,497,590,381,309,69,173,596,45,573,494,435,189,407,464,619,186,469,409,400,258,236,68,509,260,364,594,599,32,507,116,174,588,292,252,608,221,492,121,40,322,146,50,278,496,447,71,613,207,454,152,230,388,362,548,451,488,180,414,490,579,525,161,216,604,475,606,122,123,605,478,434,466,259,448,556,276,181,458,218,135,182,8,398,514,11,19,626,224,168,351,237,472,234,339,367,377,272,406,386,586,38,147,347,571,342,175,25,105,477,153,6,369,493,325,360,158,114,575,20,197,537,453,184,345,266,196,202,248,80,157,515,338,363,159,532,413,213,366,550,558,520,124,246,431,13,250,396,279,23,22,343,54,595,37,107,618,62,450,614,465,551,130,392,320,96,620,193,87,559,443,334,200,489,128,317,155,335,92,98,483,288,437,176,340,399,552,232,621,592,263,452,538,49,624,212,580,295,461,390,610,612,89,188,327,242,535,240,470,349,142",5000,100
18,1,73103.81054468172,1.8612789968546444,"523,530,305,544,578,228,307,487,412,557,564,137,306,290,547,455,76,326,358,63,251,126,330,536,262,110,284,559,443,334,200,101,442,479,17,471,90,191,163,18,267,569,581,177,279,250,396,401,511,582,411,265,527,73,303,576,227,432,74,391,344,139,26,506,583,169,261,288,144,85,542,298,502,352,600,417,75,156,462,93,125,617,3,247,5,483,505,87,23,22,343,54,78,593,389,460,226,528,210,587,340,570,368,223,437,176,241,21,219,131,268,476,285,426,275,574,473,120,318,215,430,230,388,496,447,278,152,71,613,322,146,50,362,548,451,112,512,133,150,277,212,580,421,350,321,376,474,615,281,355,598,320,392,551,130,304,209,405,297,10,180,414,216,604,525,161,19,626,135,514,182,8,398,159,399,552,232,592,263,452,366,550,213,532,413,520,124,246,431,41,589,558,67,273,269,4,622,205,529,166,111,484,83,538,621,47,257,244,423,315,127,33,323,43,397,287,13,348,577,185,57,541,328,170,167,52,56,255,59,444,164,256,141,346,51,584,503,433,30,601,562,183,225,561,486,495,282,371,605,478,123,271,138,72,439,329,61,280,361,86,12,440,286,353,597,403,218,458,276,556,466,259,448,579,490,434,237,351,168,224,171,438,383,46,568,9,187,331,214,408,233,70,42,424,374,539,243,624,49,382,572,516,203,222,100,239,623,179,211,332,301,560,416,270,555,395,7,309,69,173,596,45,573,494,341,435,189,407,464,400,258,236,68,409,469,186,619,260,364,509,515,338,363,497,590,381,485,420,609,102,27,162,524,302,153,325,360,493,221,492,121,40,406,272,377,367,339,234,472,25,105,477,386,586,38,147,347,571,342,175,142,453,537,422,614,198,82,217,134,595,37,107,618,62,450,154,238,312,446,140,264,109,108,510,229,429,390,461,295,220,567,48,418,145,44,449,165,28,253,585,2,491,64,204,104,308,283,313,79,136,563,459,106,53,249,294,337,296,611,384,616,603,419,172,498,14,554,415,81,436,534,65,77,394,316,245,192,84,29,327,612,89,463,522,66,545,55,99,370,35,151,319,482,508,602,24,373,470,240,242,535,480,118,445,380,300,115,468,178,31,375,190,610,425,354,349,188,518,393,456,428,378,291,299,34,501,379,543,333,132,441,504,199,385,293,160,454,207,88,365,475,606,122,58,359,467,91,335,92,155,317,489,128,591,513,607,549,97,540,129,94,117,404,521,60,553,235,310,372,16,324,517,15,96,620,193,113,148,103,566,311,254,526,95,356,206,565,500,289,499,627,143,387,533,625,546,410,231,575,519,457,114,158,197,20,32,599,594,507,116,174,588,608,292,252,369,6,208,314,119,336,98,36,481,201,357,181,39,427,194,149,488,11,195,274,202,196,345,266,157,80,248,184,465,402,531",5000,100
18,2,72960.3049817853,1.9565264802114475,"122,467,359,58,412,557,564,306,290,547,455,76,326,358,63,251,523,530,305,544,578,228,307,487,317,155,335,91,371,605,478,123,271,138,72,439,185,357,346,51,584,503,433,30,601,562,183,225,561,486,495,282,97,540,129,94,117,404,521,60,553,235,310,372,16,324,517,15,96,620,193,87,23,22,343,54,78,593,389,460,226,7,270,555,395,368,570,223,437,176,210,587,340,393,456,428,378,291,299,528,356,206,565,500,289,499,627,143,387,533,625,571,342,175,25,105,477,386,586,38,147,347,608,221,492,121,40,406,272,377,367,339,407,464,341,435,189,573,494,45,596,173,69,260,364,509,515,338,363,497,546,410,231,575,519,457,594,32,599,197,158,114,20,507,116,174,588,292,252,360,369,6,493,325,102,609,420,485,590,381,309,302,27,162,524,153,619,186,469,409,400,68,258,236,472,142,453,537,422,274,195,450,62,618,107,37,595,82,217,134,295,461,390,220,568,149,187,9,194,427,39,46,383,438,171,224,351,168,237,11,514,182,8,135,218,458,181,276,556,448,259,466,434,490,579,525,161,216,414,180,150,277,112,512,133,488,233,42,214,408,160,374,539,243,424,70,208,293,451,548,362,212,580,421,350,321,365,615,474,376,88,598,320,542,298,502,352,600,417,163,18,267,569,581,177,279,250,396,401,511,582,411,265,527,73,303,576,227,432,74,391,344,139,3,617,506,26,583,169,261,288,144,85,75,156,462,93,125,98,36,481,314,119,201,336,606,475,604,50,146,322,71,613,152,207,454,215,430,230,388,496,447,278,318,385,34,501,379,222,100,239,560,416,301,179,623,211,332,510,229,108,109,446,140,264,429,312,238,154,624,49,382,572,441,504,199,132,333,543,505,483,247,5,113,148,103,566,311,254,526,95,191,471,479,17,442,126,330,536,262,110,284,559,443,334,200,101,90,331,538,232,621,592,263,452,366,550,213,532,413,520,124,246,431,41,589,558,67,273,269,111,622,4,205,529,166,167,170,541,328,57,13,43,397,348,577,287,403,597,353,286,52,56,255,59,444,164,256,141,440,12,86,361,280,329,61,552,399,159,398,323,315,127,33,244,423,47,257,484,83,188,375,354,349,327,612,89,463,522,66,545,55,99,370,35,498,296,106,53,249,294,337,104,308,585,253,2,491,165,28,64,418,48,567,480,118,445,482,508,602,24,373,470,240,242,535,77,394,316,245,192,65,534,436,563,29,84,459,136,79,283,313,204,518,554,415,81,14,172,611,384,616,603,419,319,151,178,31,468,425,380,300,115,190,610,44,449,145,531,402,465,184,345,266,157,80,248,202,196,234,476,268,131,120,473,574,219,21,241,426,275,285,304,209,405,297,10,551,130,392,355,281,549,513,607,591,128,489,92,137,626,19,203,516,198,614",5000,100
18,3,71784.35615308245,2.366584699624306,"30,433,353,286,52,56,255,59,444,164,256,141,346,51,584,503,440,12,86,361,280,329,61,271,138,72,439,185,357,597,403,348,577,287,13,43,397,323,315,127,33,244,423,622,4,205,529,166,111,167,170,541,328,57,273,269,67,484,83,592,263,452,366,550,213,532,413,520,124,246,431,41,589,558,257,47,399,552,171,438,383,46,568,149,187,9,194,427,39,220,390,461,295,429,229,510,108,332,301,179,623,211,368,223,437,176,241,21,219,131,268,476,285,426,275,576,227,432,74,391,344,139,3,617,506,26,583,169,261,505,483,247,5,401,511,582,411,265,527,73,303,574,473,120,385,34,501,379,222,100,203,516,382,572,441,504,199,132,333,543,208,293,160,374,539,243,424,70,233,42,214,408,488,180,150,277,212,580,421,350,321,365,615,474,376,88,598,320,392,551,130,304,209,405,297,10,93,125,75,156,462,201,336,606,475,525,161,216,414,362,548,451,112,512,133,331,224,351,168,237,11,19,626,135,218,458,181,556,448,259,466,434,490,579,122,467,359,58,412,557,564,137,306,290,547,455,76,326,358,63,251,523,530,305,544,578,228,307,487,317,591,513,607,549,97,540,129,94,117,404,521,60,553,235,310,372,16,324,517,15,96,620,193,113,148,103,566,311,254,526,95,191,471,479,17,442,126,330,536,262,110,284,559,443,334,200,101,90,417,163,18,267,569,581,177,279,250,396,299,528,210,587,340,570,7,270,555,395,460,226,416,560,239,318,215,430,230,388,496,447,278,152,71,613,322,146,50,289,499,627,143,387,533,625,571,342,175,25,105,477,386,586,38,147,347,608,221,492,121,40,406,272,377,367,339,234,472,142,453,537,422,614,198,82,217,134,595,37,107,618,62,450,274,195,206,565,500,298,502,352,600,144,85,542,288,356,465,184,345,266,157,80,248,202,196,515,338,363,497,590,381,309,69,173,596,45,494,573,435,189,407,464,400,68,258,236,409,469,186,619,260,364,509,325,360,493,588,292,252,174,116,507,32,599,594,457,420,485,519,231,410,546,575,114,158,197,20,102,609,27,162,524,302,153,341,369,6,491,165,28,64,418,48,567,480,118,445,482,508,602,24,373,470,240,242,535,77,394,316,245,192,65,534,436,563,29,84,459,136,79,313,283,308,585,253,2,104,204,498,518,81,14,554,415,296,106,53,249,294,337,611,384,616,603,419,172,115,300,380,468,370,99,55,545,66,522,463,531,402,319,151,35,425,178,31,375,190,610,44,449,145,354,349,327,612,89,188,428,456,393,378,291,23,22,343,87,154,238,312,446,140,264,109,593,78,389,54,207,454,281,355,182,8,398,514,159,232,621,538,276,123,478,605,371,91,335,155,92,128,489,183,225,561,486,495,282,562,601,604,36,481,314,119,98,49,624",5000,100
18,4,71911.72253979868,2.2483924468475966,"271,138,72,439,329,61,280,361,86,12,440,51,584,503,433,30,601,562,183,225,561,486,495,282,371,91,412,557,564,137,306,290,547,455,76,326,358,63,251,523,530,305,544,578,228,307,487,317,155,92,335,58,359,467,122,606,475,350,321,365,615,474,376,88,598,320,392,551,130,98,36,481,314,119,201,336,462,93,125,75,156,304,209,405,297,10,71,613,322,146,50,362,548,451,278,447,496,388,230,430,215,318,385,473,120,368,570,223,437,176,241,21,219,131,268,476,285,426,275,303,576,227,432,74,391,344,139,3,617,506,26,583,169,261,505,247,5,401,511,582,411,265,527,73,574,291,378,428,456,393,528,210,587,340,226,7,270,555,395,460,389,78,593,312,238,154,450,62,618,107,37,595,82,217,134,198,614,465,402,531,295,461,390,220,568,149,187,9,194,427,39,46,383,331,214,408,488,233,42,424,70,133,512,112,180,150,277,212,580,421,604,525,161,216,414,168,351,237,11,19,626,135,182,8,398,159,399,552,171,438,537,422,274,195,206,565,500,289,499,627,143,387,533,625,571,342,175,25,105,477,386,586,38,147,347,608,221,492,121,40,406,272,377,367,339,234,472,142,453,184,345,266,157,80,248,202,196,236,258,68,400,409,469,186,619,173,596,45,494,573,435,189,407,464,341,153,6,369,493,325,360,162,524,302,27,102,609,420,485,519,231,410,546,497,590,381,309,69,260,364,509,515,338,363,599,594,32,507,116,174,588,292,252,20,197,158,114,575,457,284,110,262,536,330,126,17,471,479,90,542,298,502,352,600,417,163,18,267,569,581,177,279,250,396,299,34,501,379,222,100,203,516,504,199,132,333,543,208,293,160,374,539,243,624,49,382,572,441,239,560,416,301,179,623,211,332,510,108,109,446,140,264,429,229,23,22,343,54,207,454,152,490,579,605,478,123,434,466,259,448,556,181,276,397,348,577,287,13,43,33,127,323,315,423,244,47,257,484,83,592,263,452,366,550,213,532,413,520,124,246,431,41,589,558,67,273,269,111,622,4,205,529,166,167,170,541,328,57,185,357,346,403,141,164,256,286,353,597,52,56,255,59,444,458,218,514,128,489,591,513,607,549,97,540,129,94,117,404,521,60,553,235,310,372,16,356,324,517,15,96,620,193,113,148,103,566,311,254,526,95,191,442,101,443,334,200,559,85,288,144,483,281,355,172,611,296,106,53,249,294,337,459,136,79,313,283,308,585,253,2,491,64,418,48,567,480,118,445,482,508,602,24,373,470,240,242,535,77,394,316,245,192,65,534,436,563,29,84,178,31,468,370,99,55,545,66,522,463,89,612,327,188,349,354,190,610,44,449,165,28,104,204,518,81,14,554,415,300,115,498,384,616,603,319,419,151,35,380,425,145,375,232,621,538,224,87",5000,100
19,0,74365.37771433723,1.7217315424107882,"510,229,429,312,238,154,450,274,195,324,356,206,565,500,289,627,499,387,625,571,342,175,25,105,477,236,258,400,68,464,189,407,524,162,27,302,309,381,590,153,341,573,494,45,596,173,69,260,364,509,515,338,363,497,546,410,231,575,519,485,420,457,594,32,599,158,197,20,116,174,588,221,608,325,360,369,6,493,121,40,406,386,38,586,147,347,435,367,339,234,472,142,453,537,422,614,198,82,217,134,595,37,107,618,62,461,295,572,194,427,39,149,568,46,220,390,402,531,522,463,89,612,327,188,349,354,190,375,145,418,48,567,24,373,470,240,242,535,491,165,28,585,253,2,308,283,313,104,204,77,394,316,554,415,81,14,518,498,172,611,296,106,53,249,294,337,79,136,563,29,84,459,436,534,192,65,245,380,300,115,35,151,319,419,603,384,616,184,345,266,196,202,469,409,186,619,80,157,248,210,528,587,340,570,223,368,7,226,460,395,270,555,140,446,109,264,301,416,179,623,239,560,100,504,441,199,132,333,543,208,293,160,539,374,512,133,150,277,580,212,350,421,604,525,161,216,414,180,488,548,362,388,496,447,278,152,613,71,322,146,50,376,88,598,355,281,615,474,365,321,98,36,481,314,119,201,336,122,467,359,58,91,335,412,557,564,137,306,290,547,455,326,76,251,63,523,530,305,544,578,262,536,126,330,442,101,559,443,200,334,95,526,103,148,113,311,566,254,193,620,96,553,235,60,378,291,299,396,401,511,582,411,265,527,73,303,344,391,74,432,227,576,285,275,426,219,21,241,574,176,437,476,268,131,120,473,385,34,501,379,222,203,516,382,49,624,424,70,233,42,214,408,331,108,332,156,93,125,75,304,209,405,297,10,551,130,392,320,506,583,139,3,617,26,207,454,430,215,230,318,279,581,267,569,18,163,417,352,600,502,298,542,85,144,288,261,169,483,505,247,5,177,23,22,343,54,593,389,78,428,456,393,16,372,310,15,517,284,110,17,471,479,90,191,87,462,521,404,94,117,549,97,540,129,591,128,489,317,487,307,228,513,607,478,605,371,282,495,486,561,225,562,183,601,86,12,30,433,164,256,503,584,51,141,346,403,597,353,286,255,52,56,622,4,111,205,529,166,167,170,541,328,448,556,181,458,276,538,83,263,592,232,621,366,550,213,532,413,520,124,246,431,589,41,257,558,67,273,269,244,423,315,323,127,33,43,13,57,287,577,348,397,138,72,439,280,329,61,361,357,185,59,444,440,47,484,452,159,399,552,224,171,438,383,187,9,211,468,425,482,508,602,480,118,445,178,31,370,99,55,545,66,168,351,237,11,19,626,514,182,8,398,135,218,123,271,490,579,434,466,259,250,451,112,475,606,358,155,92,533,143,507,102,609,292,252,114,272,377,492,465,449,610,44,64,243",5000,100
19,1,72880.12145315821,2.134307521197759,"584,51,503,433,30,601,562,183,225,561,495,486,371,92,282,547,455,326,76,251,63,523,530,305,544,578,262,536,442,126,330,101,559,443,200,334,95,526,566,103,148,311,254,113,193,620,96,553,235,60,356,206,565,500,289,627,499,387,533,571,342,175,25,105,477,234,472,236,258,400,68,409,469,186,619,173,69,260,364,509,515,309,381,590,519,575,231,410,546,497,363,338,197,20,116,174,588,292,252,221,608,325,360,369,6,493,121,40,406,272,377,367,339,464,189,435,341,573,494,45,596,407,524,162,27,102,609,420,485,457,507,594,32,599,158,114,202,248,80,157,266,196,345,184,198,614,217,82,595,37,107,618,62,450,154,238,324,517,15,372,16,310,473,120,131,268,476,207,454,430,215,230,388,496,447,278,152,74,432,227,576,285,426,275,303,344,391,26,506,583,139,3,617,261,169,483,505,247,5,401,396,250,279,581,267,569,18,163,417,352,600,502,298,542,75,156,462,93,125,358,290,306,137,564,557,412,91,335,155,307,228,487,122,467,359,58,481,314,119,201,336,365,615,474,376,88,598,355,281,130,304,551,392,320,98,36,78,460,395,7,270,555,140,446,109,264,108,332,301,211,179,623,239,560,416,100,379,501,222,34,318,385,543,208,293,160,539,374,424,243,624,49,382,572,194,427,39,149,568,46,220,390,461,295,134,223,570,368,437,176,210,299,291,378,428,456,393,177,23,22,343,54,593,389,528,587,340,219,21,241,574,73,527,265,411,582,511,85,144,288,209,405,297,10,71,613,146,322,50,362,548,451,512,133,150,277,580,212,350,421,604,525,161,216,414,180,488,214,408,331,224,171,399,552,159,246,431,589,41,67,273,269,4,111,205,529,166,167,170,541,328,353,597,403,141,256,164,444,59,255,52,56,286,346,357,185,57,287,577,348,13,43,397,127,33,323,315,423,244,484,83,263,452,366,550,213,532,413,520,124,478,605,490,579,434,466,259,448,556,181,458,276,538,232,621,592,558,257,47,622,218,135,19,626,514,182,8,398,11,237,351,168,132,333,199,504,441,203,516,327,612,89,463,522,66,545,55,99,370,35,151,172,611,296,106,518,498,81,14,554,415,245,192,65,534,436,563,29,84,459,136,79,283,313,104,204,77,394,316,115,300,380,468,470,240,242,535,373,24,480,118,445,482,508,602,178,31,375,145,418,48,567,64,491,165,28,253,585,308,354,349,188,425,44,449,610,190,531,402,465,537,422,274,195,521,404,117,94,97,540,549,513,607,129,591,128,489,143,453,142,302,492,153,147,586,38,386,347,625,284,110,17,471,479,90,191,87,42,233,70,61,329,280,361,86,12,440,317,123,271,138,72,439,475,606,321,112,226,229,429,312,438,383,187,9,510,603,419,319,384,616,249,294,337,53,2",5000,100
19,2,73228.51755170713,1.9565264802114475,"269,4,622,111,205,529,166,167,170,541,328,353,597,403,444,59,255,52,56,286,141,346,357,185,57,287,577,348,13,43,127,33,323,315,423,244,484,47,257,558,589,41,67,273,398,399,552,224,351,168,237,11,19,626,514,182,8,135,434,466,259,448,556,276,181,458,621,592,263,452,366,550,213,532,413,520,124,246,431,159,218,123,271,138,72,439,280,329,61,361,86,12,440,584,51,503,433,164,256,30,601,562,183,225,561,495,486,282,371,605,478,490,579,525,161,216,414,180,150,277,580,212,350,604,421,321,365,615,281,355,598,320,392,551,130,304,209,405,297,10,71,613,152,74,432,227,576,285,426,275,219,21,241,574,176,437,223,587,340,570,368,7,270,555,395,460,226,528,210,299,511,582,411,265,527,73,303,344,391,3,617,26,506,583,139,261,169,483,505,247,5,401,396,250,279,581,267,569,18,163,417,352,600,502,298,542,85,144,288,177,113,254,526,95,191,90,479,471,17,101,559,443,200,334,521,404,117,94,129,591,128,489,317,335,155,92,58,359,467,122,606,475,214,408,488,233,42,424,243,624,49,382,572,194,427,39,9,187,149,568,46,220,390,461,295,134,217,82,614,198,465,184,345,196,202,248,80,157,266,341,573,494,189,435,407,464,68,400,258,236,409,469,186,619,173,596,45,339,234,472,142,453,537,422,274,195,324,517,15,372,16,310,553,235,60,356,206,565,500,289,627,499,387,533,625,571,342,175,25,105,477,386,586,38,147,347,252,292,493,325,360,369,6,153,524,162,27,102,609,420,485,519,575,231,410,546,497,363,338,590,381,309,69,260,364,509,515,611,172,419,603,319,151,35,370,99,55,545,66,522,463,89,612,327,188,349,354,190,375,145,418,48,567,64,491,165,28,253,585,308,283,313,104,204,77,394,316,245,192,65,534,436,563,29,84,459,2,535,240,242,373,470,24,480,118,445,482,508,602,380,300,115,415,554,14,81,518,498,136,79,249,294,337,53,106,296,384,616,402,531,468,425,178,31,610,44,449,501,379,385,34,318,120,473,268,131,430,215,230,388,496,447,278,451,160,293,208,543,333,132,199,504,441,203,516,362,548,207,454,374,539,70,156,462,93,125,75,98,36,481,314,119,201,336,174,588,221,608,121,40,406,272,377,367,197,158,114,20,116,507,594,32,599,457,302,492,239,560,416,301,179,623,211,332,108,510,229,429,312,593,389,78,428,456,393,378,291,96,87,23,22,343,54,238,154,450,107,618,62,37,595,109,264,140,446,251,63,76,326,358,455,547,290,306,137,564,557,412,487,307,228,305,544,578,262,110,284,513,607,549,97,540,193,620,311,566,103,148,442,126,330,536,523,530,322,146,50,133,512,112,376,88,474,538,232,83,397,91,143,222,100,476,171,438,383,331",5000,100
19,3,72760.83239450413,2.166017597205747,"361,86,12,440,584,51,503,433,30,601,562,183,225,561,495,486,282,371,91,335,155,92,58,359,467,122,606,475,321,365,615,474,376,88,598,320,392,551,130,98,36,481,314,119,201,336,421,580,212,277,150,180,414,11,19,626,514,182,8,135,218,181,458,276,466,259,448,556,434,490,579,478,605,123,271,138,72,439,280,329,61,185,57,287,577,348,13,43,127,33,323,315,423,244,484,83,263,452,366,550,213,532,413,520,124,246,431,589,41,67,558,257,47,52,56,255,59,444,164,256,141,346,357,403,597,353,286,205,529,166,167,170,541,328,397,538,232,621,592,4,622,111,273,269,159,399,552,398,63,251,76,326,358,455,547,290,306,137,564,557,412,487,307,228,305,544,578,262,110,284,559,443,334,200,117,94,129,97,540,549,513,607,591,128,489,317,126,330,536,523,530,103,566,311,148,113,254,526,95,191,471,479,90,298,542,85,144,288,261,169,483,505,247,5,401,396,250,279,581,267,569,18,163,417,352,600,502,75,156,462,93,125,350,604,525,161,216,237,351,168,224,171,331,214,408,488,233,70,42,424,451,278,496,447,388,160,293,208,543,333,132,199,504,441,203,516,382,572,194,427,211,332,301,416,560,239,179,623,100,476,268,131,120,473,385,34,318,297,10,304,209,405,617,3,344,391,74,432,227,576,285,275,426,219,21,241,574,73,527,265,411,582,511,378,428,456,393,528,210,299,291,176,223,587,340,570,368,437,139,26,506,583,207,454,430,215,230,71,613,152,322,146,50,362,548,512,133,112,62,450,107,618,595,37,429,312,593,389,78,460,395,7,270,555,140,446,109,264,108,510,229,407,464,189,435,341,573,494,45,596,173,69,260,364,509,515,338,363,497,546,410,231,575,457,420,485,519,609,102,27,302,524,162,369,6,493,121,492,221,608,325,360,40,406,272,377,367,339,234,472,142,453,537,422,274,195,324,517,15,372,16,310,235,553,60,356,206,565,500,289,627,499,387,533,625,571,342,175,25,105,477,386,586,38,147,347,68,400,258,236,469,409,186,619,153,309,381,590,32,599,594,507,116,174,588,292,252,20,197,158,114,202,248,80,157,266,196,345,184,198,614,217,82,465,419,603,384,616,402,531,522,463,89,612,327,188,349,354,190,375,145,418,48,567,64,491,165,28,253,585,308,283,313,104,204,77,394,316,81,14,518,498,172,611,296,106,53,249,294,337,29,84,459,436,534,245,192,65,563,136,79,115,300,380,508,602,480,118,445,482,425,178,31,468,370,99,55,545,66,151,319,35,449,44,610,24,373,470,240,242,535,2,554,415,149,568,46,220,390,461,295,134,238,154,343,54,23,22,87,620,96,193,177,303,143,404,521,17,101,442,281,355,624,49,243,539,374,39,9,187,438,383,222,501,379,226",5000,100
19,4,73262.21569852764,1.8734497723682844,"95,526,254,311,566,103,148,113,193,620,96,87,23,22,343,54,78,389,593,177,581,267,569,18,163,417,352,600,502,298,542,85,144,288,261,169,483,505,247,5,401,396,250,279,291,378,428,456,393,528,176,437,223,587,340,570,368,7,226,460,395,270,555,140,446,109,264,108,510,229,429,312,238,154,450,107,618,62,37,595,134,217,82,614,198,465,184,345,196,202,248,80,157,266,68,400,258,236,469,186,619,173,69,260,364,509,515,338,363,497,546,410,231,575,457,594,32,599,20,116,174,507,102,609,420,485,519,381,590,302,162,524,27,292,252,114,158,197,588,221,492,121,40,406,272,377,367,339,234,472,142,453,537,422,274,195,324,517,15,372,16,310,235,553,60,356,206,565,500,289,627,499,387,533,625,571,342,175,25,105,477,386,586,38,147,347,435,189,407,464,494,573,341,153,360,369,6,493,325,608,45,596,309,419,603,384,616,611,296,106,53,249,294,337,29,84,459,136,79,204,77,394,316,81,14,518,498,172,415,554,245,192,65,534,436,563,445,482,425,178,31,468,370,99,55,545,66,522,463,89,612,327,188,349,354,190,375,145,418,48,567,64,491,165,28,253,585,308,283,313,104,2,535,242,240,470,24,373,508,602,480,118,151,319,402,531,115,300,380,35,449,44,610,550,213,532,413,520,124,246,431,589,41,67,273,269,4,622,111,205,529,166,167,170,541,328,353,597,403,346,141,256,164,444,59,255,52,56,286,287,577,348,13,43,397,127,33,323,315,423,244,484,83,263,592,232,621,538,257,47,558,159,399,552,224,351,168,237,11,19,626,514,182,8,135,218,181,458,276,72,439,138,271,123,448,556,259,466,434,490,579,525,161,216,414,180,150,277,112,512,133,548,362,451,160,293,208,543,333,132,199,504,441,203,516,382,572,194,427,39,149,568,46,220,390,461,295,301,211,332,623,179,560,416,239,318,385,34,473,120,131,268,476,207,454,430,215,230,388,496,447,278,152,74,432,227,576,285,426,275,303,73,527,265,411,582,511,299,210,379,501,222,100,331,214,408,488,233,70,424,624,49,243,539,374,607,513,549,97,540,129,591,128,489,317,335,155,92,58,359,467,122,606,475,321,350,421,580,212,88,376,474,615,281,355,598,320,392,551,130,98,36,481,314,119,201,336,365,617,26,506,583,139,3,344,391,322,146,50,71,613,10,297,209,405,479,471,17,191,90,228,307,487,557,412,91,564,137,306,290,547,455,326,358,125,75,156,462,93,284,110,262,536,330,442,126,523,530,305,544,578,76,251,63,117,94,404,521,200,334,559,443,143,42,187,9,383,438,171,605,478,282,495,486,561,225,562,183,601,86,12,440,584,51,503,433,30,361,280,329,61,185,357,57,366,452,398,241,574,219,21,304,101,604,371,409",5000,100
19,5,73099.55931045723,1.9681083337111147,"56,286,353,597,403,346,141,256,164,444,59,255,52,170,541,328,397,127,33,323,315,423,244,484,83,263,592,232,621,538,257,47,558,67,273,269,4,622,111,205,529,166,167,43,13,348,577,287,57,185,357,440,584,51,503,433,30,601,562,183,225,561,495,486,282,371,91,58,359,467,122,606,475,321,365,615,281,355,598,320,392,551,130,98,36,481,314,119,201,336,421,580,212,88,376,474,462,93,125,75,156,326,76,63,251,523,530,305,544,578,262,110,284,101,559,443,200,334,95,526,254,311,566,103,148,113,193,620,96,87,23,22,343,54,78,460,395,7,270,555,140,446,109,264,108,510,229,429,312,593,389,21,241,574,219,268,476,207,454,430,215,230,388,496,447,278,152,74,432,227,576,285,426,275,303,344,391,3,617,26,506,583,139,73,527,265,411,582,511,401,396,250,279,581,267,569,18,163,417,352,600,502,298,542,85,144,288,261,169,483,505,247,5,177,291,378,428,456,393,528,210,299,226,120,473,385,34,318,222,100,379,501,239,623,179,301,211,332,203,516,382,572,194,427,39,149,568,46,220,390,461,295,134,217,82,614,198,465,184,345,196,202,248,80,157,266,68,400,258,236,409,469,186,619,173,69,260,364,509,515,338,363,497,546,410,231,575,457,420,485,519,609,102,27,302,162,524,153,341,573,494,45,596,464,407,189,435,360,325,608,221,492,121,40,406,272,377,367,339,234,472,142,453,537,422,274,195,324,517,15,372,16,310,553,235,60,356,206,565,500,289,627,499,387,533,625,571,342,175,25,105,477,386,586,38,147,347,252,292,493,369,6,507,116,174,588,114,158,197,20,32,599,594,590,381,309,419,603,384,616,611,296,106,53,249,294,337,29,84,459,436,563,136,79,204,77,394,316,554,415,14,518,498,172,35,115,300,380,508,602,480,118,445,482,425,178,31,468,370,99,55,545,66,522,463,89,612,327,188,349,354,190,375,145,418,48,567,64,491,165,28,253,585,308,283,313,104,2,535,242,240,470,24,373,44,610,449,548,362,451,160,293,208,543,333,132,199,504,441,539,374,49,243,624,424,70,233,42,214,408,331,187,9,383,438,171,224,351,168,237,11,19,626,514,182,8,135,218,181,458,276,72,439,138,271,123,448,556,259,466,434,490,579,478,605,246,431,589,41,159,399,552,398,413,532,550,213,366,452,17,191,90,479,471,209,405,297,10,304,536,330,442,126,307,228,306,137,564,557,412,487,317,335,155,92,489,128,94,117,404,521,129,97,540,549,513,607,591,143,61,329,280,361,86,12,322,146,50,71,613,358,455,547,290,525,161,216,414,180,150,277,112,512,133,488,350,604,176,437,223,587,340,570,368,131,450,154,238,62,37,107,618,595,416,560,124,520,531,402,319,151,81,245,192,65,534",5000,100
19,6,72461.49409041984,2.39522165505815,"306,137,564,557,412,91,58,359,467,122,606,475,604,525,161,216,414,180,150,277,580,212,88,376,474,615,281,355,598,320,392,551,130,98,36,481,314,119,201,336,365,321,350,421,322,146,50,362,112,512,133,548,451,160,293,208,543,333,132,199,504,441,203,516,382,572,194,427,39,149,568,46,220,390,461,295,134,217,82,614,198,465,184,345,196,202,248,80,157,266,68,400,258,236,469,409,186,619,173,69,260,364,509,515,338,363,497,546,410,231,575,457,420,485,519,609,102,27,302,162,524,153,341,573,494,45,596,464,407,189,435,360,325,608,221,492,121,40,406,386,586,38,147,347,252,292,493,369,6,507,116,174,588,114,158,197,20,32,599,594,590,381,309,517,15,372,16,310,553,235,60,356,206,565,500,289,627,499,387,533,625,571,342,175,25,105,477,272,377,367,339,234,472,142,453,537,422,274,195,324,288,261,169,483,505,247,5,401,396,250,279,581,267,569,18,163,417,352,600,502,298,542,85,144,506,583,139,3,617,26,10,304,209,405,297,479,471,17,191,90,536,330,101,442,126,523,530,305,544,578,262,110,284,559,443,200,334,95,526,254,311,566,103,148,113,193,620,96,87,23,22,343,54,78,389,593,318,385,34,473,120,131,268,476,207,454,430,215,230,388,496,447,278,152,74,432,227,576,285,426,275,303,344,391,223,587,340,570,368,437,176,210,528,393,456,428,378,291,299,511,582,411,265,527,73,574,219,21,241,243,539,374,424,70,42,214,408,488,233,331,224,171,438,383,187,9,49,624,379,501,222,100,560,416,301,211,332,108,510,229,429,312,238,154,450,107,618,62,37,595,109,264,140,446,239,623,179,395,7,270,555,226,460,556,259,448,466,434,490,579,478,605,371,92,155,335,487,307,228,455,547,290,326,76,251,63,358,125,75,156,462,93,117,94,97,540,549,513,607,591,128,489,317,123,271,138,72,439,280,329,61,361,86,12,440,584,51,503,433,30,601,562,183,225,561,495,486,282,164,444,59,255,52,56,286,353,597,403,346,141,256,357,185,57,13,43,397,348,577,287,269,4,622,111,205,529,166,167,170,541,328,41,67,273,398,182,8,135,218,181,458,276,538,232,621,592,263,452,366,550,213,532,413,520,124,246,431,589,159,399,552,237,11,19,626,514,351,168,257,47,484,83,558,423,244,323,315,33,127,178,31,375,145,418,48,567,64,491,165,28,253,585,308,283,313,104,204,77,394,316,554,415,14,518,498,172,611,296,106,53,249,294,337,29,84,459,81,245,192,65,534,436,563,136,79,115,300,380,508,602,480,118,445,482,425,531,522,463,89,612,327,188,349,354,190,610,449,44,535,2,373,24,470,240,242,402,384,616,603,419,319,151,35,370,99,55,545,66,468,521,404,129,143,177,71,613",5000,100
19,7,72903.17192993654,2.0250242320762157,"167,166,529,205,111,4,622,269,273,67,589,41,558,257,47,484,83,263,592,232,621,538,458,276,72,439,280,329,61,361,86,12,440,584,51,503,433,30,601,562,183,225,561,495,486,282,371,92,155,335,412,91,58,359,467,122,606,475,321,350,421,580,212,88,376,474,615,281,355,598,320,392,551,130,98,36,481,314,336,365,201,119,306,137,564,557,487,307,228,305,544,578,262,110,284,559,443,200,334,95,526,254,311,566,103,148,113,193,620,96,87,23,22,343,54,78,460,226,7,270,555,140,446,109,264,108,510,229,429,312,593,389,395,75,156,462,93,125,358,455,547,290,326,76,63,251,523,530,442,126,330,536,101,17,471,479,90,191,393,528,210,299,291,378,428,456,303,73,527,265,411,582,511,401,396,250,279,581,267,569,18,163,417,352,600,502,298,542,85,144,288,261,169,483,505,247,5,583,139,3,617,26,506,10,297,405,209,304,74,432,227,576,285,426,275,219,21,241,574,176,437,223,587,340,570,368,34,473,120,131,268,476,207,454,430,215,230,388,496,447,278,152,613,71,322,146,50,362,548,451,160,293,208,543,333,132,199,504,441,203,516,382,572,194,427,39,149,568,46,220,390,461,295,134,217,82,614,198,465,184,345,196,202,248,80,157,266,509,515,338,363,497,546,410,231,575,457,420,485,519,609,102,27,302,162,524,153,341,573,494,45,596,464,68,400,258,236,469,409,186,619,173,69,260,364,40,406,272,377,367,339,234,472,142,453,537,422,274,195,324,517,15,372,16,310,553,235,60,356,206,565,500,289,627,499,387,533,625,571,342,175,25,105,477,386,586,38,147,347,252,292,493,588,221,608,325,360,369,6,507,116,174,197,20,32,599,594,590,381,309,189,435,407,117,94,404,521,129,97,540,549,513,607,591,128,489,317,123,448,556,181,271,138,626,514,182,8,135,218,366,452,550,213,532,413,520,124,246,431,159,399,552,398,11,19,357,185,57,287,577,348,13,43,127,33,323,315,423,244,255,52,56,286,353,597,403,346,141,256,164,444,59,328,541,170,397,237,351,168,331,214,408,488,233,70,42,424,624,49,243,539,374,512,133,112,150,277,604,525,161,216,414,180,224,171,438,383,187,9,211,332,301,416,560,239,623,179,402,531,522,463,89,612,327,188,349,354,190,375,145,418,48,567,64,491,165,28,253,585,308,283,313,104,204,77,394,316,554,415,14,518,498,172,611,296,106,53,249,294,337,29,84,459,81,245,192,65,534,436,563,136,79,370,99,55,545,66,151,319,419,603,384,616,300,380,508,602,480,118,445,482,425,178,31,468,24,373,470,240,242,535,2,449,44,610,115,35,318,385,501,379,222,100,490,579,478,605,434,466,259,177,450,107,618,62,37,595,154,238,143,114,158,492,121,344,391",5000,100
19,8,72176.77157171599,6.385400013572629,"30,361,86,12,440,584,51,503,433,164,444,59,255,52,56,286,353,597,403,346,141,256,357,185,57,287,577,348,13,43,127,33,323,315,423,244,484,83,263,592,232,621,538,257,47,558,67,273,269,4,622,111,205,529,166,167,170,541,328,397,138,271,123,448,556,259,466,434,490,579,478,605,371,282,495,486,561,225,562,183,601,61,329,280,439,72,276,181,458,218,366,452,550,213,532,413,520,124,246,431,589,41,159,399,552,398,182,8,135,19,626,514,11,237,351,168,224,171,438,383,187,9,194,427,39,149,568,46,220,390,461,295,134,217,82,614,198,465,184,345,196,202,248,80,157,266,68,400,258,236,469,409,186,619,173,69,260,364,509,515,338,363,497,546,410,231,575,457,420,485,519,381,590,302,162,524,153,341,573,494,45,596,464,407,189,435,360,325,608,221,492,121,40,406,272,377,367,339,234,472,142,453,537,422,274,195,324,517,15,372,16,310,553,235,60,356,206,565,500,289,627,499,387,533,625,571,342,175,25,105,477,386,586,38,147,347,252,292,493,369,6,507,594,32,599,158,114,197,20,116,174,588,102,609,309,27,312,593,389,78,460,395,7,270,555,140,446,109,264,108,510,229,429,332,623,179,301,211,318,385,34,473,120,131,268,476,207,454,430,215,230,388,496,447,278,152,74,432,227,576,285,426,275,303,344,391,3,617,26,506,583,139,73,527,265,411,582,511,401,396,250,279,581,267,569,18,163,417,352,600,502,298,542,85,144,288,261,169,483,505,247,5,177,113,193,620,96,87,23,22,343,54,428,456,393,528,210,299,291,378,587,340,570,368,437,223,176,574,219,21,241,243,539,374,424,624,49,382,572,203,516,199,504,441,132,333,543,208,293,160,451,548,362,112,512,133,488,233,70,42,214,408,331,358,455,547,290,306,137,564,557,412,487,307,228,305,544,578,262,110,284,101,442,126,330,536,523,530,103,148,311,566,254,526,95,191,90,479,471,17,93,125,75,156,462,304,209,405,297,10,551,130,98,36,481,314,119,201,336,365,321,350,421,580,212,88,376,474,615,281,355,598,320,392,146,322,71,613,63,251,76,326,58,359,467,122,606,475,604,525,161,216,414,180,150,277,226,501,379,222,100,560,416,239,238,154,450,107,618,62,37,595,104,204,77,394,316,245,192,65,534,436,563,29,84,459,136,79,283,313,14,518,498,172,611,296,106,53,249,294,337,384,616,402,531,522,463,89,612,327,188,349,354,190,375,145,418,48,567,64,491,165,28,253,585,308,535,242,240,470,373,24,480,118,445,482,425,178,31,468,370,99,55,545,66,151,319,419,603,115,300,380,508,602,610,44,449,2,81,415,554,35,540,549,97,129,94,117,404,521,200,334,559,443,143,591,128,489,317,335,155,92,91,607,513,50",5000,100
20,0,105036.4881546015,1.8490281119219594,"328,170,43,541,13,348,577,287,167,458,475,417,163,18,352,600,247,73,219,268,131,241,21,401,511,265,527,303,3,502,471,479,97,540,549,581,569,267,311,103,566,442,358,306,290,544,578,620,193,312,372,15,605,478,229,100,516,389,570,340,210,528,368,587,555,7,591,420,485,102,507,32,158,197,410,231,519,338,363,114,575,546,162,524,302,369,6,221,325,360,406,377,469,409,400,68,596,45,339,435,189,494,573,153,464,473,120,526,254,113,95,223,437,298,542,430,215,74,432,421,514,439,123,82,217,595,200,334,343,23,87,299,279,177,259,376,350,122,36,530,305,262,76,251,63,169,261,288,85,49,243,424,42,413,532,529,205,558,67,213,124,246,589,41,263,592,452,366,434,466,448,138,141,256,164,403,353,597,357,57,286,52,56,4,622,166,111,315,33,127,323,47,257,431,269,276,8,182,233,62,154,238,553,96,310,274,195,382,572,504,539,160,355,281,98,75,392,320,71,50,90,58,359,467,462,156,93,125,547,455,443,559,101,330,126,270,226,395,460,388,230,207,454,476,275,426,199,333,132,441,86,361,280,271,61,329,92,579,17,54,22,428,284,110,117,202,266,157,109,37,107,627,206,565,356,119,336,474,321,133,512,112,427,9,187,161,414,216,580,212,318,34,451,606,412,557,304,613,322,146,88,416,560,332,618,151,616,77,394,316,192,65,245,534,436,563,136,313,29,84,242,585,253,425,482,508,610,608,493,344,391,227,576,584,51,346,548,211,379,501,222,239,623,179,523,404,324,517,16,235,60,94,255,59,444,621,423,244,273,232,538,83,484,397,12,72,399,552,277,150,180,617,26,506,583,405,209,297,551,130,10,152,278,447,496,70,374,293,181,556,503,433,30,185,159,335,137,564,525,604,365,598,615,385,456,393,378,291,176,396,250,5,139,201,314,481,326,536,408,214,331,149,39,411,582,593,78,574,208,624,194,203,28,165,449,190,375,145,64,44,567,48,418,118,445,470,24,602,31,349,89,612,327,188,35,498,522,463,66,531,140,446,228,307,487,362,515,509,69,260,364,367,27,292,252,248,80,168,351,11,237,218,135,398,489,128,590,381,309,173,619,186,594,599,457,609,234,175,472,477,105,25,171,438,285,505,483,144,371,488,19,282,225,561,236,258,407,174,116,20,341,386,38,586,147,347,588,121,40,625,533,387,422,129,521,317,155,91,342,500,289,499,142,571,198,383,390,134,510,264,108,301,543,220,46,568,614,465,384,300,115,172,611,415,554,14,518,283,308,204,104,2,535,240,81,380,480,178,373,491,603,419,319,354,497,520,550,626,183,562,601,486,495,490,440,607,513,143,492,184,196,345,224,461,295,453,537,272,148,191,450,402,249,294,337,53,106,296,79,459,468,370,55,99,545,429",5000,100
20,1,71769.5910913773,2.112903098613903,"173,69,260,364,509,515,363,338,497,546,410,231,575,519,485,420,609,102,27,162,524,302,309,381,590,457,594,599,32,507,116,174,588,153,341,494,573,435,189,407,464,68,400,258,236,409,469,186,619,202,248,80,157,266,345,196,234,472,25,105,477,386,586,38,147,347,221,608,325,360,369,6,493,292,252,492,121,40,406,272,377,367,339,533,387,625,571,342,175,142,453,537,422,565,206,356,324,16,372,517,15,310,235,553,60,404,521,117,94,549,97,540,129,591,228,307,487,557,412,58,359,467,122,606,475,350,421,580,212,277,150,180,414,488,233,70,424,624,243,49,382,572,194,427,39,9,187,149,568,46,220,390,461,295,134,217,82,595,37,107,618,62,450,154,238,312,446,140,389,78,593,54,226,7,395,460,555,270,368,223,437,176,456,393,428,378,291,299,511,582,265,527,73,303,576,227,432,74,344,391,139,3,617,506,583,26,426,275,285,476,268,131,120,473,385,318,430,215,454,207,447,278,496,388,230,50,146,322,71,613,152,405,209,304,130,551,392,320,598,355,281,615,474,365,321,376,88,237,351,168,224,171,438,383,331,408,214,42,512,133,362,548,451,160,293,208,543,333,132,441,504,199,222,100,239,623,179,301,416,560,211,203,516,539,374,75,85,144,288,261,169,483,505,247,5,401,396,279,569,267,581,177,113,148,103,566,311,254,191,90,479,471,17,95,526,443,559,334,200,284,110,262,536,330,126,442,101,358,326,76,251,63,523,530,305,544,578,455,547,481,314,201,119,336,297,10,98,36,462,156,93,125,604,161,216,525,434,466,259,448,556,181,458,276,621,538,232,592,263,452,366,550,213,413,532,159,399,552,135,218,182,8,398,514,11,19,626,520,124,246,431,589,41,558,67,273,269,166,529,205,622,4,111,541,328,170,167,357,185,57,287,577,348,13,43,397,127,33,315,323,423,244,484,83,257,47,353,597,403,141,346,51,584,503,433,30,601,562,183,225,561,486,495,282,371,91,317,128,489,143,499,289,500,627,513,607,96,87,23,22,343,620,193,335,155,92,605,478,579,490,280,61,329,271,138,72,439,86,12,440,361,123,286,56,52,255,444,59,164,256,542,298,502,352,600,163,417,18,290,306,137,564,264,109,429,108,510,229,332,195,274,614,198,184,465,611,172,419,603,319,151,35,370,468,178,31,375,190,610,44,449,64,418,48,567,145,188,327,612,89,349,354,535,240,242,373,24,602,508,482,425,380,300,115,498,554,415,14,518,81,316,394,77,204,104,308,585,253,2,28,491,165,470,245,534,436,563,29,84,459,79,313,283,192,65,136,106,53,249,294,337,296,384,616,531,402,522,463,66,545,55,99,445,118,480,158,114,197,20,45,596,250,340,570,587,210,528,574,21,241,219,411,34,501,379,112",5000,100
20,2,73815.02342361498,1.897557150785153,"127,33,315,423,244,484,83,592,232,621,538,458,218,135,626,19,514,182,8,398,159,399,552,171,438,383,331,408,214,233,70,424,624,49,243,374,539,160,293,208,543,333,132,199,222,100,239,623,179,301,211,332,108,510,229,264,109,446,140,389,78,593,54,428,456,393,528,210,587,340,570,223,437,176,368,34,385,318,120,473,285,576,227,432,74,344,391,139,583,26,506,617,3,303,73,275,426,219,21,241,574,411,582,511,401,396,250,279,581,267,569,18,163,417,600,352,502,298,542,85,144,288,261,169,505,483,247,5,527,265,299,291,378,177,23,22,343,620,96,87,372,16,310,235,553,60,356,206,565,500,289,627,499,422,537,453,142,175,342,571,625,533,387,147,347,406,272,377,367,339,234,472,25,105,477,386,586,38,221,608,325,360,369,6,493,588,292,252,492,121,40,158,114,197,20,32,599,594,457,420,609,102,27,302,524,162,435,189,407,464,68,400,258,236,409,469,186,619,173,69,260,364,509,515,363,338,497,546,410,231,575,519,485,45,596,494,573,341,153,58,359,467,122,490,434,579,525,161,216,604,475,350,421,580,212,277,150,180,414,488,133,512,112,362,548,451,50,146,322,71,613,152,207,476,268,131,496,447,278,388,230,430,215,454,320,598,355,281,615,474,376,88,606,336,119,201,36,462,156,93,125,75,304,130,551,392,98,321,365,10,297,405,209,471,17,191,90,479,442,101,559,443,334,200,94,117,404,521,113,148,103,566,311,254,526,95,284,110,262,536,330,126,305,544,578,228,307,487,557,564,137,306,290,547,455,76,326,358,314,481,251,63,523,530,607,513,549,97,540,129,591,128,489,317,155,92,335,91,412,371,282,495,486,561,225,562,183,601,361,86,12,440,584,51,256,164,444,59,255,286,56,52,167,170,541,328,57,287,577,348,13,43,397,72,439,280,329,61,138,271,276,556,448,259,466,181,203,516,382,572,194,427,39,9,187,149,568,46,220,390,461,295,134,217,82,595,37,107,618,62,450,154,238,312,555,270,7,395,460,226,501,379,441,504,560,416,15,517,324,195,274,614,198,465,184,345,196,202,248,80,157,266,41,431,124,246,520,532,413,550,213,366,452,263,67,558,589,111,205,622,4,529,166,273,269,47,257,323,141,346,357,185,353,597,403,30,433,503,478,605,123,106,53,249,294,337,459,84,29,563,436,534,65,192,245,81,554,415,14,518,498,115,300,380,316,394,77,204,104,308,283,313,79,136,242,535,240,470,373,24,602,508,482,425,445,118,480,567,48,418,145,44,610,190,375,31,178,468,370,99,55,545,66,522,463,531,402,151,35,296,611,172,419,603,319,384,616,89,612,327,188,349,354,2,253,585,28,165,491,64,449,309,381,590,174,116,507,143,429,351,168,224,237,11,42,193",5000,100
20,3,74331.40890043252,1.8855419897316852,"580,212,277,150,180,414,488,233,70,424,624,243,374,539,160,293,208,543,333,132,441,504,199,222,100,203,516,382,572,194,427,39,9,187,149,568,46,220,390,461,295,134,595,37,107,618,62,450,154,238,312,446,140,389,78,593,54,428,378,291,299,210,528,587,340,570,223,437,176,574,73,303,275,426,285,576,227,432,74,344,391,139,26,506,583,3,617,405,209,304,130,551,392,320,598,355,281,615,474,376,88,146,322,71,613,152,207,454,430,215,230,388,496,447,278,219,21,241,34,385,318,120,473,368,7,395,460,226,270,555,416,560,239,623,179,301,211,332,108,510,229,264,109,429,217,82,614,198,465,184,345,196,202,248,80,157,266,619,186,409,469,400,258,236,68,596,45,494,573,341,435,189,407,464,339,234,472,25,105,477,386,586,38,147,347,292,252,492,121,40,406,272,377,367,260,364,509,515,363,338,497,546,410,231,575,519,485,420,609,102,27,162,524,302,309,381,590,457,594,599,32,507,116,174,588,221,608,325,360,369,6,493,153,173,69,20,197,158,114,136,79,313,104,204,77,394,316,81,554,415,14,518,498,296,106,53,249,294,337,459,84,29,563,436,534,245,192,65,470,373,24,602,508,482,425,445,118,480,567,48,418,145,375,190,610,44,449,64,491,165,28,2,253,585,308,283,242,535,240,31,178,468,370,99,55,545,66,522,463,89,612,327,188,349,354,531,402,151,35,115,300,380,172,611,384,616,274,195,517,324,16,372,310,235,553,60,356,206,565,500,289,627,499,422,537,453,142,175,342,571,625,533,387,143,489,128,317,155,92,335,487,557,564,137,306,290,547,455,76,326,358,63,251,523,530,305,544,578,228,307,117,94,129,540,97,549,513,607,591,159,399,552,398,182,8,514,11,19,626,216,525,161,604,475,350,421,321,365,336,119,201,36,98,156,462,93,125,75,314,481,479,471,17,191,90,417,18,163,352,502,298,542,85,144,288,261,169,483,505,247,5,401,511,582,411,265,527,250,396,279,177,113,193,620,96,87,23,22,343,15,254,311,566,103,148,581,267,569,526,95,559,443,101,284,110,262,536,330,126,442,404,521,200,334,138,72,439,280,329,61,361,86,12,440,584,51,256,164,444,59,255,286,56,52,167,170,541,328,57,287,577,348,13,43,33,127,323,315,423,244,484,83,592,232,621,538,458,181,276,556,448,259,466,434,579,490,478,605,123,271,366,452,263,67,273,269,166,529,205,622,4,111,353,597,403,141,346,357,185,503,433,30,601,562,183,225,561,486,495,282,371,91,412,58,359,467,122,606,213,532,413,520,124,246,431,589,41,558,257,47,218,135,512,133,112,362,548,451,50,49,42,214,408,331,351,168,224,171,438,383,476,268,131,10,297,379,501,237,550,397,600,456,393,319,419,603",5000,100
20,4,70588.5102719256,2.123632277393329,"282,371,91,412,58,359,467,122,606,475,350,421,580,212,277,150,180,414,488,233,70,42,424,624,243,374,539,160,293,208,543,333,132,441,504,199,222,100,203,516,382,572,194,427,39,9,187,149,568,46,220,390,461,295,429,109,264,446,140,389,78,593,54,428,456,393,528,587,340,570,223,437,176,574,21,241,219,73,275,426,285,576,227,432,74,344,391,139,26,506,583,3,617,405,209,304,130,551,392,320,598,355,281,615,474,376,88,146,322,71,613,152,207,454,430,215,230,388,496,447,278,471,17,442,330,126,536,262,110,284,101,559,443,334,200,521,404,97,540,129,94,117,607,513,549,591,128,489,317,155,92,335,487,557,564,137,306,290,547,455,76,326,358,63,251,523,530,305,544,578,228,307,98,201,119,336,314,481,36,462,93,125,75,156,10,297,50,451,362,548,512,112,133,626,19,514,11,237,351,168,224,171,438,383,331,408,214,399,552,398,182,8,135,218,458,181,276,556,448,259,466,434,579,490,478,605,123,271,138,72,439,280,329,61,361,86,12,440,584,51,256,164,444,59,255,286,56,52,167,170,541,328,57,287,577,348,13,43,33,127,323,315,423,244,484,83,592,263,452,366,550,213,532,413,520,124,246,431,589,41,558,67,273,269,166,529,205,622,4,111,353,597,403,141,346,357,185,503,433,30,601,562,183,225,561,486,495,571,625,533,387,143,627,499,289,500,565,206,356,324,16,372,310,553,60,254,311,566,103,148,113,193,620,96,87,23,22,343,15,517,195,274,422,537,453,142,175,342,25,105,477,386,586,38,147,347,292,252,492,121,40,406,272,377,367,339,234,472,258,236,409,469,186,619,173,69,260,364,509,515,363,338,497,546,410,231,575,519,485,420,609,102,27,162,524,302,309,381,590,457,594,599,32,507,116,174,588,493,153,341,435,189,407,464,68,400,45,596,494,573,158,114,20,197,6,369,325,360,608,221,345,196,202,248,80,157,266,184,465,198,614,82,217,134,595,37,107,618,62,450,154,238,312,555,270,416,560,239,623,179,301,211,332,108,510,229,291,299,210,378,177,279,250,396,401,511,582,411,265,527,5,247,505,483,261,169,144,288,85,542,298,502,352,600,18,163,417,90,479,191,95,526,368,7,395,460,226,501,379,34,385,318,120,473,131,268,476,303,267,569,581,365,321,604,525,161,216,47,257,538,232,621,159,49,235,313,104,204,77,394,316,81,554,415,14,518,498,296,106,53,249,294,337,459,84,29,563,436,534,245,192,65,136,79,242,535,240,470,373,24,602,508,482,425,445,118,480,567,48,418,145,375,190,610,44,449,64,491,165,28,2,253,585,308,283,616,384,611,172,419,603,319,151,35,370,99,55,545,66,522,463,531,402,327,612,89,188,349,354,31,178,468,380,300,115,397",5000,100
20,5,72763.11420520023,1.9213620771226227,"363,338,497,546,410,231,575,519,485,420,609,102,27,162,524,302,309,381,590,457,594,599,32,507,116,174,588,292,252,492,121,40,406,272,377,367,339,234,472,25,105,477,386,586,38,147,347,221,608,325,360,369,6,493,153,341,435,189,407,464,68,400,258,236,409,469,186,619,173,69,260,364,509,515,157,266,196,202,248,80,184,345,197,158,114,20,494,573,45,596,142,175,342,571,625,533,387,143,489,128,317,155,335,487,557,564,137,306,290,547,455,76,326,358,63,251,523,530,305,544,578,228,307,117,94,607,513,549,97,540,129,591,125,93,156,462,551,392,320,598,355,281,615,474,376,88,146,322,71,613,152,207,454,430,215,230,388,496,447,278,379,501,34,385,318,120,473,368,7,395,460,226,210,299,291,378,177,279,250,396,401,511,582,411,265,527,5,247,505,483,261,169,144,288,85,542,298,502,352,600,163,417,18,267,569,581,148,113,193,620,96,87,23,22,343,15,517,324,16,372,310,235,553,60,356,206,565,500,289,627,499,422,537,453,123,271,138,72,439,280,329,61,361,86,12,440,584,51,256,164,444,59,255,56,52,167,170,541,328,57,287,577,348,13,43,33,127,323,315,423,244,484,83,592,232,621,538,47,257,397,276,556,448,259,466,434,579,490,478,605,282,371,91,412,58,359,467,122,606,475,604,161,216,525,350,421,580,212,277,150,180,414,488,133,512,112,362,548,451,160,293,208,543,333,132,441,504,199,222,100,203,516,382,572,194,427,39,9,187,149,568,46,220,390,461,295,429,109,264,446,140,389,78,593,54,428,456,393,528,587,340,570,223,437,176,574,73,275,426,285,576,227,432,74,344,391,139,26,506,583,3,617,405,209,304,130,98,201,119,336,314,481,36,92,495,486,561,225,562,183,601,30,433,503,159,399,552,398,514,11,19,626,135,218,458,181,283,308,104,204,77,394,316,81,554,415,14,518,498,296,106,53,249,294,337,459,84,29,563,436,534,245,192,65,136,79,313,585,253,2,28,165,491,48,418,145,375,190,610,44,449,64,242,535,240,470,373,24,602,508,482,425,445,118,480,567,178,31,468,370,99,55,545,66,522,463,531,402,151,35,115,300,380,172,419,603,319,384,611,616,274,195,82,217,134,595,37,107,618,62,450,154,238,312,555,270,416,560,239,623,179,301,211,332,108,510,229,101,284,110,262,536,330,126,442,191,90,479,471,17,95,526,254,311,566,103,521,200,334,559,443,404,50,49,374,539,424,624,243,42,408,214,233,70,131,268,476,303,297,10,75,321,365,141,346,357,185,353,597,403,286,589,41,558,67,273,269,166,529,205,622,4,111,366,550,213,532,413,520,124,246,431,263,452,182,8,224,171,438,383,331,351,168,237,241,21,219,612,327,188,349,354,89,465,198,614",5000,100
21,0,103802.59982759444,1.79919058936498,"13,577,348,287,579,138,141,346,85,505,483,247,275,426,405,297,542,598,487,604,421,581,131,473,454,207,227,344,391,209,583,506,26,139,3,148,113,566,103,311,133,150,528,587,385,543,132,441,504,199,379,501,100,476,285,576,261,169,144,210,78,428,378,120,527,265,411,443,278,50,432,74,544,578,305,530,523,613,71,322,146,112,414,564,137,359,467,620,312,582,511,401,396,299,176,437,321,365,606,475,88,156,358,101,417,163,18,617,288,502,600,352,442,330,126,125,298,235,553,96,195,274,110,284,430,230,179,623,301,239,22,15,517,389,7,460,140,555,270,570,340,203,211,516,416,560,310,200,334,559,549,540,97,129,75,479,471,17,254,290,455,547,562,183,561,225,495,489,58,122,281,355,392,551,320,219,21,241,574,268,388,496,447,135,111,4,622,205,529,166,397,47,273,423,244,332,264,109,214,408,119,201,130,362,548,336,615,474,331,399,232,263,366,452,484,621,315,33,127,323,170,328,357,353,597,123,258,68,400,409,494,45,596,573,435,189,407,234,533,493,360,82,217,429,446,356,60,521,404,526,262,591,513,607,306,557,448,466,259,556,276,180,216,161,11,393,456,5,193,618,107,37,62,228,307,251,63,462,93,592,83,558,256,164,444,59,255,589,41,431,588,174,116,608,367,406,40,121,492,325,292,609,102,485,420,387,188,106,534,436,136,65,192,245,81,415,554,14,498,53,337,294,249,459,89,612,327,319,601,12,361,86,439,271,329,61,333,624,488,277,70,233,42,9,572,382,539,374,160,568,187,383,351,168,481,314,304,34,510,108,229,376,499,500,627,202,507,594,32,599,158,114,197,20,546,497,410,231,575,457,69,173,469,619,186,571,590,302,248,80,157,339,377,105,25,477,386,586,38,194,395,226,368,223,350,525,371,282,486,433,57,43,538,269,541,167,52,56,286,403,51,584,503,440,280,434,478,605,490,181,458,39,424,243,569,267,177,23,279,250,90,191,237,398,520,257,67,550,413,532,124,246,159,552,77,394,204,104,373,535,242,240,470,375,31,445,118,482,508,602,480,178,468,567,48,418,449,610,44,165,28,253,585,2,491,99,55,518,84,29,563,145,354,313,283,316,380,300,115,545,66,522,463,64,190,349,425,370,419,384,616,402,345,196,266,272,147,347,464,153,341,175,142,342,472,236,27,524,162,309,369,6,213,8,182,626,19,580,212,512,215,293,208,222,317,95,427,438,171,451,49,326,76,536,372,450,343,87,152,303,73,318,128,92,91,335,155,289,238,154,593,291,94,117,54,36,98,10,220,46,149,324,16,206,565,422,519,338,363,509,260,364,221,252,515,381,143,625,453,514,218,72,185,30,198,614,465,308,79,603,611,172,296,35,184,537,531,24,595,461,295,134,151,390,224,412",5000,100
21,1,73741.26117540168,2.069430192665133,"30,183,562,601,86,12,361,280,329,61,439,72,138,271,123,478,605,91,335,155,92,371,282,495,486,561,225,277,150,180,414,133,512,112,548,362,50,146,322,71,613,152,74,432,227,576,303,73,574,241,21,219,476,268,131,120,473,385,34,379,501,222,100,239,560,416,555,140,446,264,109,429,37,595,134,217,82,198,614,422,274,195,324,517,15,372,16,310,235,553,96,620,193,113,254,526,95,200,334,559,443,284,110,262,536,330,442,126,101,578,544,305,530,523,251,63,76,326,358,455,547,290,306,137,564,557,58,467,359,434,490,579,525,161,216,604,350,321,365,606,475,314,336,119,201,481,36,98,130,551,392,320,598,355,281,615,474,376,88,212,580,421,395,460,226,7,270,265,411,582,511,401,396,250,279,569,267,581,177,23,22,343,87,17,471,479,90,191,75,502,298,542,85,144,288,483,505,247,5,527,169,261,617,209,405,297,10,304,156,93,125,462,307,228,487,412,42,70,233,408,214,331,187,9,194,572,382,49,624,424,243,374,539,208,543,132,199,504,441,516,203,211,332,108,510,229,404,521,500,289,499,627,143,625,387,533,571,342,175,25,105,477,386,406,272,377,367,339,234,472,407,464,68,400,258,236,409,469,186,619,364,260,509,515,309,381,590,102,609,420,485,519,575,231,410,546,497,338,363,457,594,32,599,114,158,197,20,507,116,174,588,493,369,6,162,524,302,27,252,292,153,341,435,189,494,573,596,45,173,69,202,196,345,266,157,80,248,207,454,430,215,230,388,496,447,278,451,160,293,626,19,11,237,351,168,224,171,438,383,46,568,149,39,427,220,390,461,295,83,592,263,452,366,550,213,413,532,520,124,246,159,399,552,398,135,218,458,181,556,448,259,466,13,577,348,287,397,43,541,167,166,205,529,111,4,622,269,273,67,558,257,47,484,244,423,315,33,127,323,357,185,57,328,170,353,597,403,286,52,56,255,59,444,164,256,141,346,51,584,503,433,440,276,232,621,538,8,182,514,41,431,589,488,163,417,600,352,18,528,210,299,291,378,428,393,456,587,340,570,223,437,176,368,54,78,593,389,312,238,154,62,450,537,453,142,40,121,492,221,608,325,360,184,465,402,531,522,463,89,612,327,188,178,31,468,370,99,55,545,66,373,24,602,508,482,425,445,118,480,567,145,375,190,610,44,449,64,48,418,240,242,535,77,394,316,380,300,115,498,172,419,603,319,151,35,28,2,253,585,308,283,79,136,245,534,65,192,204,104,313,491,165,554,415,81,14,518,106,53,249,294,337,296,611,384,616,470,459,563,29,84,436,349,354,566,103,148,311,583,139,26,506,391,344,275,426,285,3,607,513,549,97,540,129,117,94,356,206,565,107,618,122,591,128,489,317,318,333,623,179,301,60,586,147,347,38",5000,100
21,2,71246.4936147458,2.3375969507449805,"256,164,444,59,255,56,52,286,353,597,403,357,185,57,328,170,541,323,33,127,397,43,13,577,348,287,72,138,271,439,280,329,61,361,86,12,440,584,51,503,433,30,183,562,601,225,561,486,495,282,371,91,335,412,58,359,467,122,606,475,604,525,161,216,414,180,150,277,580,212,421,350,321,365,615,474,376,88,598,355,281,320,392,551,130,98,36,481,314,336,119,201,462,156,93,125,75,304,209,405,297,10,617,3,139,26,506,583,169,261,144,288,483,505,247,5,527,265,411,582,511,401,396,250,279,569,267,581,177,23,22,343,87,620,96,310,235,553,60,356,206,565,500,289,499,627,143,625,387,533,571,342,175,25,105,477,386,38,586,147,347,406,272,377,367,339,234,472,236,409,469,186,619,80,248,202,196,345,266,157,515,260,364,509,173,69,309,381,590,102,609,420,485,519,575,231,410,546,497,338,363,573,494,45,596,435,189,407,464,68,400,258,524,162,302,27,6,369,493,588,221,608,325,360,153,341,121,492,40,292,252,20,116,507,32,594,599,114,158,197,174,457,239,100,222,501,379,34,473,120,318,385,268,131,476,285,426,275,73,219,21,241,574,176,210,528,587,340,570,223,437,368,7,395,460,226,389,78,593,312,238,154,62,618,107,37,595,134,217,82,198,614,422,274,195,324,517,15,372,16,220,390,461,295,429,264,109,229,510,108,332,211,623,179,301,560,416,555,270,299,291,378,428,393,456,417,600,352,502,298,542,85,479,471,17,191,90,18,163,103,148,311,566,113,254,526,95,443,559,334,200,521,404,117,94,513,607,578,544,305,530,523,251,63,76,326,358,455,547,290,306,137,564,557,487,317,128,489,591,129,540,97,549,442,126,101,110,284,262,536,330,228,307,579,490,259,466,434,448,556,181,276,232,621,538,244,484,83,592,263,452,366,550,213,413,532,520,124,246,431,589,41,67,273,269,47,257,558,159,399,552,224,171,438,383,46,568,149,9,187,194,572,382,49,624,424,243,374,539,208,543,132,333,199,504,441,516,203,454,430,215,230,388,496,447,278,293,160,451,548,362,112,512,133,50,146,322,71,613,152,74,432,227,344,391,207,626,19,11,237,351,168,398,182,8,135,218,458,331,408,214,42,70,233,488,4,622,111,205,529,166,167,423,315,141,346,453,537,184,465,402,531,522,463,89,327,612,188,349,354,375,190,610,44,449,165,491,64,48,567,480,118,445,602,508,482,425,178,31,468,370,99,55,545,66,35,300,115,380,28,2,253,585,308,104,204,313,283,79,136,563,29,84,459,106,53,249,294,337,296,611,384,616,603,319,419,172,498,518,14,554,415,81,245,534,436,192,65,77,394,316,470,240,242,535,373,24,145,418,151,142,605,478,123,155,92,303,576,193,54,446,140,39,427,450,514",5000,100
21,3,74060.8090544085,1.8855419897316852,"12,440,584,51,141,346,357,185,57,328,170,541,167,166,529,205,622,4,111,269,273,67,558,257,47,484,83,592,263,452,366,550,213,413,532,520,124,246,431,589,41,397,43,13,577,348,287,72,138,271,439,280,329,61,361,86,601,562,183,225,561,486,495,282,371,92,155,335,91,605,478,123,448,259,466,434,490,579,525,161,216,414,180,150,277,112,512,133,362,548,451,50,146,322,71,613,152,207,454,430,215,230,388,496,447,278,293,160,374,539,208,543,132,333,199,504,441,516,203,572,382,49,624,424,243,42,408,214,331,488,233,70,626,135,218,458,181,556,276,538,232,621,423,244,323,127,33,315,442,126,330,536,523,530,305,544,578,228,307,487,137,564,306,290,547,455,326,358,481,314,336,119,201,281,615,474,376,88,598,355,320,392,551,130,98,36,156,93,125,75,304,209,405,297,10,617,3,139,26,506,583,169,261,483,505,247,5,527,265,411,582,511,401,396,250,279,569,267,581,177,113,254,311,566,103,148,526,95,443,200,334,559,17,471,479,90,191,542,85,144,288,344,391,74,432,227,576,285,426,275,73,219,21,241,574,176,437,223,368,340,570,587,528,210,299,291,378,428,393,456,22,343,87,23,193,620,96,310,235,553,60,356,206,565,500,289,499,627,143,625,387,533,571,342,175,142,472,25,105,477,386,38,586,147,347,406,40,121,492,221,608,325,360,369,6,493,588,174,116,507,32,594,599,20,197,158,114,457,420,485,519,575,231,410,546,497,338,363,515,80,248,202,196,345,266,157,509,364,260,69,309,381,590,102,609,162,524,302,27,252,292,153,341,435,189,407,464,68,400,258,236,409,469,186,619,596,45,494,573,367,339,234,377,272,107,37,595,134,217,82,198,614,422,274,195,324,517,15,372,16,9,194,427,39,220,390,461,295,429,450,62,618,179,301,211,332,108,510,229,109,264,140,555,270,7,395,460,226,389,78,593,312,238,154,521,404,117,94,513,607,591,128,489,317,549,97,540,129,239,560,416,623,100,222,501,379,34,473,120,268,131,476,318,385,63,251,76,606,475,122,467,359,58,557,412,8,182,514,11,237,351,168,224,171,438,383,46,568,149,445,118,480,602,508,482,425,178,31,468,370,99,55,545,66,522,463,89,612,327,188,349,354,375,190,610,44,449,64,491,165,28,2,253,585,308,104,204,313,283,79,136,563,29,84,459,106,53,249,294,337,296,498,518,14,554,415,81,436,192,65,534,316,394,77,470,240,242,535,373,24,380,300,115,35,319,151,419,603,172,611,384,616,402,531,465,537,453,184,352,18,163,417,600,502,298,462,212,580,421,350,321,365,604,399,552,159,398,353,597,403,286,52,56,255,59,444,164,256,433,30,503,187,19,284,262,110,101,173,303,54,446,48,567,145,418,245",5000,100
21,4,72387.50032778605,2.112903098613903,"371,282,495,486,561,225,183,562,601,86,12,440,584,51,141,346,357,185,57,328,170,541,167,166,529,205,622,4,111,269,273,67,558,589,41,431,124,246,159,399,552,224,171,438,383,46,568,149,9,194,427,39,220,211,623,179,301,560,416,239,100,222,501,379,34,385,318,476,268,131,120,473,426,275,285,576,432,227,344,391,74,207,454,430,215,230,388,496,447,278,451,548,362,112,512,133,50,146,322,71,613,152,303,73,574,241,21,219,265,411,582,511,401,396,250,279,569,267,581,177,113,254,311,566,103,148,526,95,443,559,334,200,521,404,117,94,129,540,97,549,513,607,591,317,128,489,306,290,547,455,326,76,251,63,523,530,305,544,578,228,307,487,137,564,557,412,58,359,467,122,336,119,201,481,314,36,98,130,551,392,320,598,355,281,615,474,376,88,212,580,421,350,321,365,606,475,604,161,216,414,180,150,277,488,233,42,70,424,243,374,539,160,293,208,543,132,333,199,504,441,516,203,572,382,49,624,331,187,304,209,405,297,10,617,3,139,26,506,583,169,261,144,288,483,505,247,5,527,226,389,78,54,22,343,310,235,553,60,356,206,565,500,289,499,627,143,625,387,533,571,342,175,142,472,236,409,469,186,619,364,260,69,173,596,45,494,573,341,435,189,407,464,68,400,258,524,162,302,27,102,609,420,485,519,575,231,410,546,497,338,363,515,509,80,248,202,196,345,266,157,40,121,492,221,608,325,360,369,6,493,588,174,116,507,32,594,599,20,197,158,114,457,153,477,105,25,453,537,184,465,402,531,522,463,66,545,55,99,370,35,151,319,603,172,419,380,300,115,498,518,14,554,415,81,245,534,436,563,29,84,459,106,53,249,294,337,296,611,384,616,192,65,77,394,316,470,240,242,535,2,253,585,308,104,204,313,283,79,136,28,165,491,373,24,602,508,482,425,445,118,480,567,145,418,48,64,449,610,44,190,354,375,31,468,178,193,620,96,87,23,238,154,62,618,107,37,595,134,217,82,198,614,422,274,195,324,517,15,372,16,284,262,536,330,442,126,101,110,352,600,18,163,417,298,542,85,502,75,156,93,125,462,92,155,335,91,605,478,123,448,259,466,434,490,579,525,135,218,458,181,556,276,538,232,621,257,47,484,83,592,263,452,366,550,213,413,532,520,8,398,182,514,11,237,351,168,286,353,597,403,59,444,164,256,433,30,503,361,280,329,61,439,72,138,271,287,577,348,13,43,397,127,33,323,315,423,244,255,56,52,626,19,528,587,340,570,223,437,176,210,299,291,378,428,393,456,460,395,7,270,555,140,446,264,109,229,510,108,332,312,593,368,429,450,191,90,479,471,17,358,461,295,390,89,612,327,188,349,214,408,252,292,381,590,309,377,367,339,234,147,347,406,272,38,586,386",5000,100
21,5,70528.50513022636,10.713231694187023,"30,433,503,440,584,51,141,346,357,185,57,328,170,541,167,166,529,205,622,4,111,269,273,67,558,589,41,431,124,246,159,413,532,520,257,47,484,83,592,232,621,538,263,452,366,550,213,397,43,315,323,127,33,423,244,353,286,52,56,255,59,444,164,256,13,577,348,287,72,138,271,439,280,329,61,361,86,12,601,562,183,225,561,486,495,282,371,92,155,335,412,58,359,467,122,336,119,201,98,36,481,314,462,156,93,125,75,304,209,405,297,10,617,3,139,26,506,583,169,261,483,505,247,5,527,265,411,582,511,401,396,250,279,569,267,581,177,18,163,417,600,352,502,298,542,85,144,288,344,391,74,432,227,576,285,476,268,131,120,473,385,34,379,501,222,100,239,560,416,623,179,301,211,332,108,510,229,109,264,446,140,555,270,7,395,460,226,389,78,593,312,238,154,62,618,107,37,595,134,217,82,198,614,422,274,195,324,517,15,372,16,310,235,553,60,356,206,565,500,289,499,627,143,625,387,533,571,342,175,142,472,25,105,477,386,38,586,147,347,406,272,377,367,339,234,341,435,189,407,464,68,400,258,236,409,469,186,619,364,260,509,80,248,202,196,345,266,157,40,121,492,221,608,325,360,369,6,493,588,174,116,507,32,594,599,20,197,158,114,457,420,485,519,575,231,410,546,497,338,363,515,309,381,590,102,609,162,524,302,27,252,292,153,69,173,596,45,494,573,443,559,334,200,521,404,117,94,129,540,97,549,513,607,578,544,305,530,523,251,63,76,326,358,455,547,290,306,137,564,557,487,317,128,489,591,228,307,91,605,478,123,448,259,466,434,490,579,525,161,216,604,350,321,365,606,475,421,580,212,277,112,512,133,362,548,451,50,146,322,71,613,152,207,454,430,215,230,388,496,447,278,293,160,374,539,208,543,132,333,199,504,441,516,203,572,382,49,624,424,243,42,70,233,488,408,214,331,187,9,194,427,39,149,568,46,220,390,461,295,429,450,537,453,184,465,402,531,522,463,89,612,327,188,349,354,375,190,610,44,449,64,48,567,480,118,445,602,508,482,425,178,31,145,418,373,24,470,240,242,535,77,394,316,81,245,534,436,563,29,84,459,106,53,337,294,249,313,283,308,104,204,585,253,2,28,165,491,192,65,136,79,14,554,415,518,498,172,419,603,319,151,35,300,115,380,384,616,296,611,468,370,99,55,545,66,22,343,87,23,193,620,96,54,393,456,428,378,291,299,210,528,587,340,570,223,437,176,368,574,219,426,275,73,303,21,241,191,90,479,471,17,95,526,311,566,103,148,113,254,101,442,126,330,536,262,110,284,181,556,276,458,218,626,19,11,237,351,168,224,171,438,383,552,399,398,182,8,135,514,414,180,150,318,615,474,376,88,598,355,281,320,392,551,130,597,403",5000,100
21,6,71604.67628906415,2.155499405230819,"123,448,259,466,434,490,579,525,161,216,604,350,321,365,615,474,376,88,598,355,281,320,392,551,130,98,36,481,314,336,119,201,462,156,93,125,75,304,209,405,297,10,617,506,26,583,169,261,483,505,247,5,527,265,411,582,511,401,396,250,279,569,267,581,177,113,254,311,566,103,148,526,95,17,471,479,90,191,542,85,144,288,344,391,74,432,227,576,285,426,275,303,73,574,241,21,219,476,430,215,230,388,496,447,278,293,160,374,539,208,543,132,333,199,504,441,516,203,572,382,49,624,424,243,42,70,233,488,408,214,331,187,9,194,427,39,149,568,46,220,390,461,295,429,140,555,270,7,395,460,226,389,78,593,312,238,154,62,618,107,37,595,134,217,82,198,614,422,274,195,324,517,15,372,16,310,235,553,96,87,23,22,343,54,393,456,587,340,570,223,437,176,368,299,291,378,428,284,262,110,101,442,126,330,536,523,530,305,544,578,228,307,487,317,128,489,591,129,540,97,549,513,607,557,412,91,335,155,92,371,282,495,486,561,225,183,562,601,86,12,440,584,51,503,433,30,444,59,255,286,353,597,403,346,141,256,164,589,41,67,558,257,47,484,83,592,263,452,366,550,213,413,532,520,124,246,431,159,399,552,224,171,438,383,237,351,168,398,182,8,135,218,458,181,556,276,538,232,621,423,244,323,127,33,315,43,13,577,348,287,72,138,271,439,280,329,61,361,185,57,328,170,541,167,166,529,205,622,4,111,269,273,478,605,514,11,19,626,512,133,362,548,451,50,146,322,71,613,152,207,454,318,385,34,379,501,222,100,239,560,416,623,179,301,211,332,108,510,229,109,446,264,620,193,60,356,206,565,500,289,499,627,143,625,533,571,342,175,142,472,234,469,409,68,400,258,236,619,364,260,69,173,596,45,494,573,341,435,189,407,464,492,221,608,325,360,369,6,493,588,174,116,507,32,594,599,20,457,420,485,519,575,231,410,546,497,338,363,515,309,381,590,102,609,162,524,302,27,38,586,147,347,406,272,377,367,339,186,509,80,248,202,196,345,266,157,40,121,153,292,252,386,477,105,25,453,184,465,402,531,522,463,89,612,327,188,349,354,375,190,610,44,449,64,48,567,480,118,445,602,508,482,425,178,31,468,370,35,319,151,419,603,172,611,384,616,296,498,518,14,554,415,81,245,534,436,563,29,84,459,106,53,249,294,337,535,240,242,470,373,24,380,300,115,316,394,77,192,65,136,79,313,283,308,104,204,585,253,2,28,491,165,145,418,66,545,55,99,450,537,521,404,117,94,200,334,559,443,139,3,606,475,122,467,359,58,306,290,547,455,326,358,251,63,76,52,56,357,163,18,417,600,352,502,298,120,473,131,268,277,112,150,180,414,421,580,212,564,137,528,210,387,114,158,197,397",5000,100
21,7,75534.24879197257,1.8490281119219594,"562,601,86,12,440,584,51,141,346,357,185,57,328,170,541,167,166,529,205,622,4,111,269,273,67,558,257,47,484,83,592,263,452,366,550,213,413,532,520,124,246,431,589,41,397,43,13,577,348,287,72,138,271,123,478,605,91,335,155,92,371,282,495,486,561,225,183,433,30,503,361,280,329,61,439,538,232,621,276,181,556,448,259,466,434,490,579,525,161,216,604,421,350,321,365,606,475,122,336,119,201,281,615,474,376,88,598,355,98,36,481,314,462,156,93,125,75,304,209,405,297,10,617,3,139,26,506,583,169,261,483,505,247,5,527,265,411,582,511,401,396,250,279,569,267,581,177,113,254,311,566,103,148,526,95,17,471,479,90,191,600,352,502,298,542,85,144,288,344,391,74,432,227,576,285,426,275,303,73,574,241,21,219,476,268,131,120,473,385,34,379,501,222,100,239,560,416,623,179,301,211,332,108,510,229,109,446,140,555,270,7,395,460,226,389,78,593,312,238,154,62,618,107,37,595,134,217,82,198,614,422,274,195,324,517,15,372,16,310,235,553,60,356,206,565,500,289,499,627,143,625,387,533,571,342,175,142,472,25,105,477,386,38,586,147,347,406,272,377,367,339,234,341,435,189,407,464,68,400,258,236,409,469,186,619,364,260,69,173,596,45,494,573,157,80,248,202,196,345,266,465,402,531,522,463,89,612,327,188,349,354,375,190,610,44,449,64,491,165,28,2,253,585,308,104,204,313,283,79,136,65,192,245,534,436,563,29,84,459,106,53,249,294,337,296,611,384,616,603,319,151,35,300,115,498,518,14,554,415,81,316,394,77,380,482,425,178,31,468,370,99,55,545,66,240,242,535,373,24,602,508,480,118,445,145,418,48,567,172,419,221,608,325,360,369,6,493,588,174,116,507,32,599,20,457,420,485,519,575,231,410,546,497,338,363,515,509,40,121,492,27,102,609,162,524,302,309,381,590,292,252,153,343,54,22,23,87,620,96,193,428,393,456,587,340,570,223,437,176,210,528,299,291,378,404,521,117,94,513,607,591,129,540,97,549,455,547,290,306,137,564,557,412,58,359,467,164,256,255,56,52,286,353,597,403,59,444,19,626,135,218,458,8,398,182,514,11,237,351,168,224,171,438,383,46,568,149,9,194,427,39,220,390,461,295,429,264,441,132,333,199,504,203,516,382,49,624,424,243,374,539,208,543,318,215,230,388,496,447,278,293,160,451,50,146,322,71,613,152,207,454,430,512,112,150,277,580,212,408,214,331,187,572,552,399,159,180,414,133,362,548,320,392,551,130,330,536,523,530,305,544,578,228,307,487,317,128,489,559,443,334,200,110,284,101,442,126,251,63,76,326,358,368,450,537,453,184,197,158,114,594,233,42,70,488,163,18,417,262,423,244,323,315,33,127,470",5000,100
21,8,70974.97264101454,2.4974160199813533,"150,277,112,512,133,362,548,451,50,146,322,71,613,152,207,454,430,215,230,388,496,447,278,293,208,543,132,333,199,504,441,516,203,572,382,49,624,424,243,374,539,160,303,73,527,265,411,582,511,401,396,250,279,569,267,581,177,113,254,311,566,103,148,526,95,17,471,479,90,191,542,85,144,288,483,505,247,5,261,169,506,26,583,139,3,617,209,405,297,10,304,130,551,392,320,598,355,281,615,474,376,88,212,421,350,321,365,606,475,604,525,161,216,414,180,488,233,42,408,214,331,187,9,194,427,39,220,390,461,295,429,450,62,618,107,37,595,134,217,82,198,614,422,274,195,324,517,15,372,16,310,235,553,60,356,206,565,500,289,499,627,143,625,387,533,571,342,175,142,472,234,339,367,377,272,406,40,121,492,221,608,325,360,369,6,493,588,174,116,507,32,594,599,20,197,158,114,457,420,485,519,575,231,410,546,497,338,363,515,509,364,260,69,173,596,45,494,573,341,435,189,407,464,68,400,258,236,409,469,186,619,80,248,202,196,345,266,157,309,381,590,102,609,162,524,302,27,252,292,153,477,386,38,586,147,347,105,25,453,537,184,465,402,531,522,463,89,612,327,188,349,354,375,190,610,44,449,64,48,567,480,118,445,602,508,482,425,178,31,468,370,99,55,545,66,35,300,115,380,77,394,316,470,240,242,535,373,24,145,418,585,253,2,28,165,491,192,65,534,436,563,29,84,459,106,53,249,294,337,296,611,384,616,603,319,151,419,172,498,518,14,554,415,81,245,283,308,104,204,313,136,79,58,359,467,122,336,119,201,98,36,481,314,462,156,93,125,75,251,63,76,326,358,455,547,290,306,137,564,557,412,487,317,128,489,591,129,540,97,549,513,607,578,544,305,530,523,536,330,442,126,101,110,284,262,559,443,334,200,521,404,117,94,123,138,271,439,72,287,577,348,13,43,541,170,328,57,357,185,440,584,51,141,346,256,164,444,59,255,56,52,286,353,597,403,280,329,61,361,86,12,601,562,183,225,561,486,495,282,371,605,478,490,579,434,448,259,466,556,276,538,232,621,423,244,323,127,33,315,397,269,273,67,558,257,47,484,83,592,263,452,366,550,213,413,532,520,124,246,431,589,41,626,19,11,237,351,168,224,171,438,383,46,568,149,379,501,222,100,239,560,416,623,179,301,211,332,108,510,229,109,264,446,140,555,270,7,395,460,226,389,78,593,312,238,154,343,54,22,23,87,620,96,193,428,393,456,587,340,570,223,437,176,210,528,299,291,378,574,241,21,219,426,275,285,576,432,227,344,391,74,18,163,417,600,352,502,298,120,473,385,34,368,318,476,268,131,580,30,503,433,159,399,552,398,182,8,135,218,458,181,111,622,4,205,529,166,167,307,228,155,92,335,91,514,70",5000,100
22,0,119444.45419462291,1.6267076215320357,"403,597,353,286,257,47,83,484,246,389,8,362,180,580,467,91,371,277,288,85,298,502,513,335,128,431,458,181,273,263,592,452,13,72,138,58,359,476,120,131,268,379,501,516,78,71,75,542,44,418,313,104,204,535,491,165,585,283,2,534,436,79,308,554,415,380,445,118,480,370,468,616,292,189,586,386,196,469,387,424,243,42,553,533,625,409,186,260,364,619,105,367,494,573,435,341,381,590,546,599,116,153,45,596,472,234,25,299,21,368,483,505,247,169,261,401,250,210,528,446,352,18,163,417,600,451,344,74,60,428,291,113,148,479,378,50,227,576,432,207,139,617,26,506,583,3,489,526,471,536,437,570,456,393,332,310,582,324,318,161,216,496,454,430,322,297,209,265,460,96,372,517,15,54,623,179,239,385,226,270,275,426,593,125,193,566,103,311,254,620,22,199,208,474,615,462,156,93,355,281,598,527,411,303,391,285,90,150,133,552,564,137,262,110,200,334,559,97,540,549,117,7,238,23,102,519,609,420,485,280,329,61,140,366,621,232,538,213,550,398,399,442,101,76,251,63,530,523,618,107,62,34,488,178,508,464,407,377,272,309,608,40,492,121,588,6,231,410,575,544,314,98,201,100,222,10,218,212,376,36,358,481,124,111,4,622,529,205,166,357,185,328,269,244,423,439,271,323,127,33,315,167,184,87,587,579,541,170,56,52,348,577,287,397,43,562,361,86,141,256,433,525,606,604,421,350,321,365,406,561,486,230,388,374,278,447,37,595,17,340,395,555,235,191,206,581,267,569,126,607,129,591,317,306,290,547,455,326,177,396,144,392,130,551,320,307,228,626,135,88,146,330,95,443,557,412,155,92,152,304,405,176,574,219,301,122,490,475,605,182,59,444,229,109,264,511,343,572,382,49,624,70,482,567,24,240,242,425,241,223,473,194,11,514,520,532,413,276,448,434,173,69,162,524,302,27,614,114,158,20,594,32,507,174,497,363,338,202,154,521,142,342,175,258,400,68,339,325,360,369,493,221,248,80,157,38,147,347,345,305,160,293,390,612,327,188,31,373,28,394,77,375,145,46,220,568,613,440,51,584,346,30,255,589,67,41,556,123,478,495,164,503,12,259,466,441,408,214,112,512,539,233,73,504,203,5,132,543,211,427,39,416,560,450,312,237,351,168,498,518,106,563,29,84,459,99,136,300,65,81,14,354,602,316,35,419,172,115,470,319,190,610,55,89,531,48,64,449,192,253,249,337,294,245,296,384,509,515,266,16,356,565,225,282,57,119,336,601,545,66,522,463,349,217,134,82,108,510,187,9,149,143,284,94,414,548,537,477,197,457,252,500,289,627,198,274,195,295,461,404,499,333,215,236,453,422,571,224,331,19,611,603,151,402,279,438,171,383,159,558,487,578,429,465,53,183",5000,100
22,1,101691.56050280128,1.897557150785153,"30,256,164,61,329,439,473,120,285,303,21,241,528,176,437,570,210,279,411,265,582,511,318,460,226,395,270,555,264,109,401,250,291,299,393,456,569,267,581,191,90,479,471,526,78,593,76,536,530,305,262,284,10,297,209,3,576,391,344,617,430,215,454,207,268,574,219,306,564,557,85,251,63,155,335,328,577,56,52,353,286,13,77,394,531,23,93,139,412,137,527,504,441,203,516,368,223,340,396,5,117,423,273,67,520,41,589,366,532,413,4,622,111,205,529,166,232,592,263,452,33,127,323,315,244,484,47,257,497,546,369,6,40,588,493,608,221,492,121,292,153,25,342,533,133,392,7,510,229,108,461,295,429,39,239,416,560,211,618,107,37,82,217,595,62,379,501,34,424,624,243,539,160,293,496,447,230,388,50,322,146,100,383,408,214,233,70,42,49,374,566,311,620,96,235,553,361,86,261,169,551,281,615,474,376,382,572,357,183,562,141,403,597,444,59,255,556,352,600,417,163,18,16,343,22,565,330,101,227,432,130,542,502,298,206,356,177,144,288,405,15,208,543,385,378,587,312,238,154,148,110,544,455,326,481,150,512,11,19,626,135,8,182,26,506,583,462,613,71,428,278,475,490,216,604,161,525,180,448,259,466,123,271,280,433,274,195,324,578,57,185,601,541,348,397,287,167,276,478,521,97,540,549,129,500,443,200,334,559,98,201,88,321,365,277,212,580,92,605,487,359,58,467,333,132,199,222,488,414,170,43,159,181,213,550,399,171,224,237,362,548,319,316,415,554,81,14,518,313,204,104,2,28,165,491,64,24,373,470,240,563,436,534,245,65,192,585,253,567,145,190,375,31,172,611,603,115,300,610,44,449,242,535,522,463,66,545,55,380,425,602,508,482,480,445,118,178,418,48,349,354,53,106,79,136,84,459,249,294,337,87,193,113,103,17,73,598,320,483,505,247,275,426,131,476,119,336,355,310,345,196,248,80,157,266,260,364,381,590,102,302,435,341,494,573,45,596,173,477,162,524,457,114,158,599,32,594,420,485,519,609,27,252,325,360,69,189,339,367,377,272,38,586,147,347,406,386,197,116,174,507,20,338,363,186,400,68,258,236,469,409,309,515,509,202,625,571,122,579,434,152,74,290,547,254,314,36,125,156,75,304,372,517,54,140,389,94,404,289,627,499,307,228,513,607,523,358,60,332,301,179,623,218,451,350,584,503,431,246,124,346,440,12,269,83,538,621,51,427,149,194,112,126,442,450,614,198,468,99,370,419,35,105,142,175,537,95,421,225,561,486,495,282,91,371,606,317,387,390,134,446,410,231,575,619,407,464,296,498,308,283,29,384,128,489,351,168,552,398,514,458,558,591,143,422,9,187,220,568,89,612,327,188,402,616,151,472,234,453,184,438,331,72,138,46,465",5000,100
22,2,74193.01871346288,1.9448756572886736,"589,41,269,273,67,558,257,47,244,423,315,323,127,33,43,13,348,577,287,138,72,439,185,440,346,141,256,51,584,503,433,164,444,59,255,56,52,622,4,111,205,529,166,167,170,541,328,57,357,597,353,286,403,86,601,562,183,225,561,486,495,282,371,91,467,359,58,412,557,487,564,137,306,290,547,455,326,76,63,251,523,530,305,544,578,228,307,126,442,330,536,262,110,284,101,559,334,200,443,526,95,267,569,581,177,18,163,417,600,352,502,298,542,85,144,288,261,169,505,247,5,527,265,411,582,511,401,396,250,279,393,456,428,378,291,299,210,528,587,340,570,223,437,176,241,21,219,131,268,476,454,207,152,74,227,576,303,73,574,120,473,34,385,318,501,379,199,441,504,132,333,543,451,160,293,208,215,430,230,388,496,447,278,514,182,8,398,399,552,159,246,431,124,520,413,532,213,366,452,263,592,232,538,83,484,556,448,259,466,434,489,128,591,317,335,155,92,123,61,271,329,280,361,12,30,598,355,281,615,474,376,321,365,606,475,336,201,119,481,36,98,130,551,392,320,613,146,322,50,112,512,133,362,548,88,580,421,350,604,525,161,216,626,19,11,237,351,168,224,171,438,383,46,220,390,461,295,465,198,614,82,217,134,595,37,107,618,62,450,195,274,422,537,184,345,266,196,248,202,453,142,175,342,571,25,105,477,386,38,586,147,347,369,6,162,524,27,102,609,420,485,519,497,590,381,309,69,173,45,596,494,573,341,153,377,272,406,40,121,492,221,608,588,292,116,507,174,493,325,360,472,234,339,367,407,464,68,409,469,186,619,260,364,509,515,338,363,410,231,575,546,32,594,457,158,114,197,20,599,252,435,189,236,258,400,623,179,301,560,416,239,100,222,49,243,424,70,233,42,214,408,488,180,414,277,150,212,71,426,275,285,391,344,432,139,3,617,506,583,26,191,17,471,479,90,462,156,93,125,75,304,209,405,297,10,314,122,478,605,490,579,539,374,624,382,194,39,427,203,516,572,187,9,149,568,331,621,458,181,276,397,550,218,135,372,310,235,553,60,16,356,206,565,500,289,627,499,143,387,625,533,607,513,94,117,404,521,97,540,549,129,324,193,96,87,620,238,154,429,109,264,446,140,555,395,460,226,7,270,389,78,54,343,22,23,15,517,508,482,425,445,118,480,602,24,373,470,240,242,535,77,394,192,65,245,534,436,563,29,84,459,136,79,313,104,308,585,253,2,28,165,491,64,48,567,418,145,375,190,610,449,44,349,354,545,66,522,463,89,612,327,188,380,316,415,554,14,518,498,172,419,319,151,35,370,99,55,468,31,178,531,402,616,611,296,106,53,294,337,249,81,115,300,603,384,204,283,332,108,510,229,211,368,312,593,113,148,103,566,311,254,358,483,302,80,157",5000,100
22,3,73872.89136302574,2.0362165125424196,"403,597,353,286,52,56,167,4,622,111,205,529,166,244,83,484,257,47,273,269,67,558,589,41,431,124,246,159,399,552,398,8,182,514,11,19,626,135,218,458,181,276,556,448,259,466,434,490,579,525,161,216,604,350,421,580,212,277,150,112,512,133,548,451,362,50,278,447,496,388,230,430,215,454,207,285,426,275,303,73,574,219,21,241,437,176,210,528,587,340,570,368,223,299,291,378,428,456,393,389,78,54,593,312,446,140,555,395,460,226,7,270,506,26,583,139,3,617,405,297,10,304,209,144,288,261,169,505,483,247,5,527,265,411,582,511,401,396,250,279,267,569,581,177,148,103,566,311,254,113,193,620,96,87,23,22,343,417,163,18,600,352,502,298,542,85,191,90,471,479,17,95,526,443,559,334,200,442,101,284,110,262,536,330,126,251,63,76,326,358,93,125,75,156,462,98,130,551,392,320,598,355,281,615,474,376,88,321,365,606,475,122,467,359,58,412,557,487,317,335,155,92,371,282,495,486,561,225,562,183,601,86,12,361,280,329,61,123,478,605,91,440,51,584,503,433,30,255,59,444,164,256,141,346,357,185,72,138,271,439,287,348,577,13,43,127,33,323,315,423,232,538,592,263,452,366,550,213,532,413,520,170,541,328,57,224,171,438,39,194,9,187,149,568,46,220,390,461,295,595,134,217,82,614,198,537,453,142,175,342,571,533,625,387,143,129,540,97,549,513,607,117,94,404,521,60,235,553,310,16,372,517,324,356,206,565,500,289,627,499,422,195,274,450,618,62,107,37,429,229,332,108,510,264,109,416,623,179,301,211,427,203,516,318,385,131,268,476,120,473,34,379,501,222,100,239,560,572,382,539,374,243,424,70,233,42,214,408,488,180,414,322,146,71,613,152,74,432,227,576,391,344,333,441,504,199,132,208,543,49,624,237,351,168,331,621,397,306,290,547,455,523,530,305,544,578,228,307,137,564,314,119,201,336,481,36,509,515,157,80,248,202,196,345,266,186,619,260,364,575,231,410,546,497,519,485,420,609,102,507,116,174,588,493,325,360,608,221,492,121,40,292,252,197,158,114,599,32,594,457,153,369,6,162,524,302,27,309,69,173,45,596,494,573,341,435,189,407,464,68,400,258,236,472,234,339,367,272,406,386,38,586,147,347,25,105,477,469,409,238,154,15,349,354,190,375,145,418,48,567,64,449,44,610,491,165,28,253,585,308,283,79,313,104,204,2,242,535,470,240,77,394,192,65,245,534,436,563,29,84,459,136,115,300,380,316,118,445,508,482,425,178,31,468,370,99,55,545,66,522,463,89,612,327,188,498,172,419,603,319,151,35,384,616,611,296,106,53,249,294,337,81,415,554,14,518,24,373,602,480,531,402,465,184,381,590,338,363,20,377,489,128,591,293,160,383",5000,100
22,4,71930.74667915869,2.542510472767464,"403,597,353,286,52,56,255,59,444,164,256,141,346,357,440,51,584,503,433,30,361,86,12,601,562,183,225,561,486,495,282,371,91,467,359,58,412,557,487,564,137,306,290,547,455,326,358,481,314,36,98,130,551,392,320,598,355,281,615,474,376,88,321,365,606,475,122,336,201,119,228,307,126,442,330,536,262,110,284,101,559,334,200,443,526,95,191,90,471,479,17,417,163,18,600,352,502,298,542,85,144,288,261,169,505,483,247,5,527,265,411,582,511,401,396,250,279,267,569,581,177,148,103,566,311,254,113,193,620,96,87,23,22,343,54,78,389,460,226,7,270,555,395,393,428,456,528,587,340,570,223,437,176,241,21,219,131,268,476,285,426,275,303,73,574,368,140,446,109,264,108,510,229,332,211,427,39,194,9,187,149,568,46,220,390,461,295,429,62,450,618,107,37,595,134,217,82,198,614,274,195,324,517,15,372,16,356,206,565,500,289,627,499,387,625,571,342,175,142,453,25,105,477,386,38,586,147,347,406,272,377,367,339,234,472,236,400,68,409,469,186,619,260,364,509,515,157,80,248,202,196,345,266,363,338,590,381,309,69,173,596,45,494,573,341,435,189,407,464,258,410,231,575,519,546,497,599,457,420,485,102,609,158,114,197,20,507,32,594,116,174,588,493,325,360,608,221,492,121,40,292,252,153,369,6,162,524,27,302,605,478,123,61,280,329,439,72,287,13,43,127,33,323,315,423,244,484,83,263,592,232,621,538,452,366,550,213,532,413,520,124,246,431,41,589,67,558,257,47,273,269,622,4,111,205,529,166,167,170,541,328,57,185,577,348,397,276,556,448,259,466,434,490,579,525,161,216,604,350,421,580,212,277,150,112,512,133,548,451,160,293,208,543,132,333,199,504,441,382,572,516,203,100,222,501,379,318,385,34,473,120,430,215,454,207,576,227,432,74,344,391,3,617,26,506,583,139,388,230,447,496,278,50,146,322,71,613,152,488,180,414,233,42,70,424,624,243,374,539,49,297,405,209,304,10,75,156,462,93,125,97,549,513,607,591,128,489,317,335,155,92,143,129,540,94,404,521,60,235,553,310,154,238,312,593,416,560,239,623,179,301,438,383,331,168,224,351,237,11,19,626,135,218,458,181,8,182,514,398,399,552,159,171,408,214,508,482,425,445,118,480,602,24,373,470,240,242,535,77,394,192,65,245,534,436,563,29,84,459,136,79,313,283,308,585,253,2,28,165,491,64,449,44,610,145,418,48,567,468,370,99,55,545,66,522,463,89,612,327,188,349,354,190,375,31,178,14,518,81,415,554,316,380,300,115,498,172,419,603,384,616,611,296,106,53,249,294,337,531,402,35,151,319,204,104,63,251,523,530,305,544,578,117,76,533,422,537,184,465,291,299,210,378,362,271,138",5000,100
22,5,72711.20953592878,2.155499405230819,"506,26,583,139,3,617,405,209,304,10,297,391,344,74,227,576,432,207,152,71,613,146,322,50,278,447,496,388,230,430,215,454,476,285,426,275,303,73,574,219,21,241,437,176,210,528,587,340,570,223,299,291,378,428,456,393,389,78,54,593,312,446,140,555,395,460,226,7,270,368,264,109,429,229,510,108,332,211,301,560,416,623,179,239,100,222,501,379,385,318,120,473,34,39,427,194,9,187,149,568,46,220,390,461,295,595,134,217,82,198,614,274,195,324,517,15,372,16,356,206,565,500,289,627,499,387,533,625,571,342,175,142,25,105,477,386,38,586,147,347,406,272,377,367,339,234,472,236,400,68,409,469,186,619,260,364,509,515,157,80,248,202,196,345,266,363,338,590,381,309,69,173,45,596,494,573,341,435,189,407,464,258,608,221,492,121,40,292,588,493,325,360,369,6,27,524,162,302,153,609,420,485,519,575,231,410,546,497,599,32,594,457,507,116,174,158,114,197,20,252,184,384,611,172,419,603,319,151,35,370,99,55,545,66,522,463,89,612,327,188,349,354,190,375,145,418,48,567,24,373,470,240,242,535,77,394,192,65,245,534,436,563,29,84,459,136,79,313,204,104,2,28,165,491,64,449,44,610,425,445,118,480,602,508,482,380,300,115,498,518,81,415,554,14,585,253,308,283,316,531,402,465,422,537,453,143,129,540,97,549,513,607,591,128,489,317,335,155,92,371,282,495,486,561,225,562,183,601,86,12,440,51,584,503,433,30,361,280,329,61,271,138,439,72,287,348,577,13,43,127,33,323,315,423,244,484,83,263,592,232,621,538,452,366,550,213,532,413,520,124,246,431,589,41,67,558,257,47,273,269,4,111,205,529,166,622,488,233,42,70,424,624,243,374,539,160,293,208,543,132,333,199,504,441,382,572,516,203,224,171,438,383,331,168,351,237,514,11,19,626,135,218,458,181,556,448,259,466,434,490,579,525,161,216,604,350,421,580,212,277,150,112,512,133,362,548,451,615,474,376,88,321,365,606,475,122,336,201,119,481,314,36,98,130,551,392,320,598,355,281,90,471,479,17,442,101,559,334,200,443,526,95,191,126,330,536,262,110,284,117,94,404,521,60,235,553,310,96,87,23,22,343,417,163,18,600,352,502,298,542,85,144,288,261,169,505,247,5,527,265,411,582,511,401,396,250,279,267,569,581,177,148,103,566,311,254,113,193,620,238,154,62,450,618,107,37,76,326,358,455,547,290,306,137,564,557,487,412,58,359,467,91,478,605,123,397,276,541,328,57,185,357,346,141,256,164,444,59,255,56,52,353,286,403,597,167,170,159,399,552,398,8,182,180,414,483,131,268,156,93,125,75,462,251,63,523,530,305,544,578,228,307,102,49,214,408,468,31,178,616,53,249,294,337,296,106",5000,100
22,6,73834.81069041816,2.112903098613903,"601,562,183,225,561,486,495,282,371,91,467,359,58,412,557,487,564,137,306,290,547,455,326,358,93,156,462,298,542,85,502,352,600,417,163,18,267,569,581,177,148,103,566,311,254,113,193,620,96,87,23,22,343,54,593,78,389,460,226,7,270,555,395,393,456,428,378,291,299,210,528,587,340,570,223,437,176,241,21,219,73,303,227,576,285,426,275,318,385,34,473,120,131,268,476,454,207,152,74,432,344,391,3,617,26,506,583,139,71,613,146,322,50,278,447,496,388,230,430,215,488,180,414,150,112,512,133,548,451,362,70,233,42,214,408,331,171,438,383,39,194,9,187,149,568,46,220,390,461,295,429,229,510,108,109,264,446,140,416,560,239,623,179,301,211,332,203,516,49,374,539,160,293,208,543,132,333,199,504,441,382,572,624,243,424,597,353,286,52,56,255,59,444,164,256,141,346,403,167,170,541,328,57,185,357,434,490,579,605,478,123,271,138,72,287,348,577,13,43,127,33,323,315,423,244,484,83,263,452,366,550,213,532,413,520,124,246,159,399,552,398,8,182,514,11,19,626,135,218,458,181,276,556,448,259,466,224,351,168,237,621,538,592,232,329,61,280,361,86,12,440,51,584,503,433,30,77,394,192,65,245,534,436,563,29,84,459,136,79,313,283,308,585,253,2,28,165,491,64,449,44,610,425,445,118,480,602,508,482,380,300,115,498,172,419,603,319,151,35,370,99,55,545,66,522,463,89,612,327,188,349,354,190,375,145,418,48,567,24,373,470,240,242,535,204,104,316,415,554,14,518,81,296,106,53,249,294,337,384,616,611,126,442,330,536,262,110,284,101,559,334,200,443,526,95,191,90,471,479,17,544,578,228,307,335,155,92,128,489,317,591,513,607,117,94,404,521,60,235,553,310,16,372,15,517,324,356,206,565,500,289,627,499,387,533,625,571,342,175,142,472,234,339,367,377,272,406,40,121,492,221,608,325,360,369,6,493,588,174,116,507,32,594,599,20,197,158,114,457,420,485,519,575,231,410,546,497,590,381,309,69,173,596,45,494,573,341,435,189,407,464,258,236,400,68,409,469,186,619,260,364,509,515,157,80,248,202,196,345,266,363,338,102,27,524,162,302,153,292,252,38,586,147,347,386,477,105,25,143,129,540,97,549,505,483,247,5,527,265,411,582,511,401,396,250,279,144,288,261,169,75,125,209,304,551,392,320,598,355,281,615,474,376,88,321,365,606,475,350,421,580,212,277,216,161,525,604,10,297,405,119,201,336,314,36,98,130,122,63,251,523,530,305,76,574,368,422,537,453,184,465,198,614,274,195,154,238,312,62,450,618,107,37,595,134,217,82,481,397,529,166,205,622,4,111,269,273,67,558,589,41,431,439,501,379,222,100,31,178,531,402,468,609,427,47,257",5000,100
22,7,72309.88190707733,2.268518830856472,"315,323,33,127,43,13,348,577,287,57,185,357,597,353,286,52,56,255,59,444,164,256,51,584,503,433,30,361,86,12,440,141,346,403,167,170,541,328,397,538,592,232,621,458,181,276,556,448,259,466,434,490,579,525,161,216,604,350,421,580,212,277,150,180,414,19,626,135,218,8,182,514,11,237,351,168,224,171,438,383,331,42,70,233,488,408,214,424,624,49,243,374,539,160,293,208,543,132,333,199,504,441,382,572,516,203,100,222,501,379,385,34,473,120,131,268,476,285,426,275,303,73,574,219,21,241,437,176,210,528,587,340,570,223,299,291,378,428,456,393,389,78,54,593,312,238,154,62,450,618,107,37,595,134,217,82,198,614,274,195,324,517,15,372,16,356,206,565,500,289,627,499,387,533,625,571,342,175,142,472,234,339,367,377,272,406,40,121,492,221,608,325,360,369,6,493,588,174,116,507,32,594,457,420,485,519,575,231,410,546,497,590,381,309,69,173,596,45,494,573,341,435,189,407,464,258,236,400,68,409,469,186,619,260,364,509,515,157,80,248,202,196,345,266,363,338,102,609,158,114,197,20,599,252,292,524,162,302,153,27,453,537,422,235,553,60,521,404,117,94,540,97,549,513,607,591,128,489,317,335,155,92,371,282,495,486,561,225,562,183,601,4,622,111,205,529,166,67,558,589,41,431,124,520,413,532,213,257,47,273,269,244,484,83,263,452,366,550,398,399,552,159,246,39,427,194,9,187,149,568,46,220,390,461,295,429,229,108,510,332,211,623,179,301,416,560,239,270,555,395,460,226,7,230,430,215,454,207,152,74,432,227,576,391,344,506,26,583,139,3,617,405,209,304,10,297,551,392,320,598,355,281,615,474,376,88,321,365,606,475,122,336,201,119,481,314,36,98,130,462,93,125,75,156,298,542,85,144,288,261,169,505,483,247,5,527,265,411,582,511,401,396,250,279,267,569,581,177,148,103,566,311,254,113,193,620,96,87,23,22,343,417,163,18,600,352,502,90,471,479,17,442,126,251,63,76,326,358,455,547,290,306,137,564,557,487,412,58,359,467,91,478,605,123,271,138,439,72,423,133,548,451,362,512,112,146,50,278,447,496,388,318,322,71,613,264,109,446,140,184,465,384,616,611,296,106,53,249,294,337,192,65,245,534,436,563,29,84,459,136,79,313,283,308,585,253,2,28,165,491,64,48,567,418,44,610,190,375,145,178,31,468,425,445,118,480,602,508,482,380,300,115,498,172,419,603,319,151,35,370,99,55,545,66,522,463,89,612,327,188,349,354,204,104,518,81,415,554,14,316,394,77,242,535,240,470,373,24,449,105,477,386,38,586,147,347,25,143,129,559,334,200,443,526,95,191,101,284,110,262,536,330,523,530,305,544,578,228,307,368,531,402,310,329,61,280",5000,100
22,8,74186.224336602,2.013769747275324,"562,183,601,86,12,440,51,584,503,433,30,361,280,329,61,271,138,439,72,287,348,577,13,43,127,33,323,315,423,244,484,83,263,592,232,621,538,452,366,550,213,532,413,520,124,246,431,41,589,67,558,257,47,273,269,622,4,111,205,529,166,167,170,541,328,57,185,357,597,353,286,52,56,255,59,444,164,256,141,403,346,397,276,556,448,259,466,434,490,579,525,161,216,604,350,421,580,212,277,150,112,512,133,362,548,451,160,293,208,543,132,333,199,504,441,382,572,194,9,187,149,568,46,220,390,461,295,429,229,510,108,332,211,623,179,301,560,239,100,222,501,379,385,34,473,120,131,268,476,285,426,275,303,73,574,219,21,241,437,176,210,528,587,340,570,223,299,291,378,428,456,393,389,78,54,593,312,446,140,555,395,460,226,7,270,368,278,496,447,388,230,430,215,454,207,152,74,344,391,139,3,617,405,209,304,10,297,551,392,320,598,355,281,615,474,376,88,321,365,606,475,122,336,201,119,481,314,36,98,130,462,93,125,75,156,298,542,85,144,288,261,169,505,483,247,5,527,265,411,582,511,401,396,250,279,267,569,581,177,148,103,566,311,254,113,193,620,96,87,23,22,343,417,163,18,600,352,502,90,471,479,17,442,330,536,262,110,284,101,559,334,200,443,526,95,191,126,76,326,358,455,547,290,306,137,564,557,487,412,91,335,155,92,371,282,495,486,561,225,523,530,305,544,578,228,307,553,310,235,16,372,517,15,324,356,206,565,500,289,627,499,387,533,625,571,342,175,142,472,234,339,367,272,377,40,406,386,38,586,147,347,252,197,158,114,457,420,485,519,575,231,410,546,497,590,381,309,69,173,45,596,494,573,341,435,189,407,464,258,236,400,68,409,469,186,619,260,364,509,515,157,80,248,202,196,345,266,363,338,102,27,524,162,302,153,369,6,493,325,360,608,221,492,121,588,174,116,507,594,599,32,20,609,427,39,203,516,49,243,424,70,233,42,214,408,488,180,414,19,626,135,218,8,182,514,11,237,351,168,224,171,438,383,331,624,374,539,399,552,159,123,478,605,359,58,467,63,251,71,613,146,322,50,398,317,128,489,591,513,607,117,94,540,97,549,129,521,404,614,274,195,422,537,453,25,105,477,143,264,109,416,316,245,534,436,563,29,84,459,136,79,313,283,308,585,253,2,28,165,491,64,449,44,610,425,445,118,480,602,508,482,380,300,115,498,172,419,603,319,151,35,370,99,55,545,66,522,463,89,612,327,188,349,354,190,375,145,418,48,567,24,373,470,240,242,535,77,394,192,65,204,104,518,81,415,554,14,53,249,294,337,296,106,616,384,611,154,238,62,450,618,107,37,595,134,217,82,198,465,184,458,181,318,432,227,576,26,506,583,60,468,31,178,531,402,292",5000,100
22,9,71932.43052521074,2.318070407304994,"311,254,113,193,620,96,87,23,22,343,54,593,312,238,154,62,450,618,107,37,595,134,217,82,198,614,274,195,324,517,15,372,16,356,206,565,500,289,627,499,387,533,625,571,342,175,142,25,105,477,386,38,586,147,347,406,272,377,367,339,234,472,236,400,68,409,469,186,619,260,364,509,515,157,80,248,202,196,345,266,363,338,590,381,309,69,173,596,45,494,573,341,435,189,407,464,258,608,221,492,121,40,292,252,588,174,116,507,32,594,457,420,485,519,575,231,410,546,497,599,20,197,158,114,609,102,27,524,162,302,153,369,6,493,325,360,177,148,103,566,502,298,542,85,144,288,261,169,505,483,247,5,527,265,411,582,511,401,396,250,279,267,569,581,405,209,304,10,297,391,344,227,576,432,74,152,71,613,146,322,50,278,447,496,388,230,430,215,454,207,285,426,275,303,73,574,219,21,241,437,176,210,528,587,340,570,368,223,299,291,378,428,456,393,389,78,226,7,270,555,395,460,510,229,109,416,560,239,623,179,301,211,427,39,194,9,187,149,568,46,220,390,461,295,429,310,235,553,60,521,404,117,94,540,97,549,513,607,591,128,489,317,335,155,92,371,282,495,486,561,225,562,183,601,86,12,440,51,584,503,433,30,361,280,329,61,271,138,439,72,287,13,43,127,33,323,315,423,244,484,83,263,452,366,550,213,532,413,520,124,246,431,41,589,67,558,257,47,273,269,622,4,111,205,529,166,167,170,541,328,57,185,357,346,141,403,597,353,286,52,56,255,59,444,164,256,268,476,318,385,34,473,120,131,208,543,132,333,199,504,441,382,572,516,203,100,222,501,379,362,548,451,160,293,374,539,424,624,49,243,70,233,42,214,408,488,180,414,150,277,112,512,133,525,161,216,604,350,421,580,212,376,88,321,365,606,475,122,336,201,119,481,314,36,98,130,551,392,320,598,355,281,615,474,523,530,305,544,578,228,307,487,564,137,306,290,547,455,326,358,76,63,251,126,330,536,262,110,284,101,559,334,200,443,526,95,191,90,471,479,17,442,143,129,422,537,453,184,465,319,151,35,370,99,55,545,66,522,463,89,612,327,188,349,354,190,375,145,418,48,567,24,373,470,240,242,535,77,394,192,65,245,534,436,563,29,84,459,136,79,313,283,308,585,253,2,28,165,491,64,449,44,610,425,445,118,480,602,508,482,380,300,115,498,172,419,603,384,616,611,296,106,53,249,294,337,81,415,554,14,518,316,204,104,178,31,468,531,402,276,556,448,259,466,434,490,579,605,478,123,397,348,577,8,182,514,626,135,218,458,181,621,232,538,592,237,351,168,224,171,438,383,331,11,19,398,399,552,159,332,108,140,264,446,163,18,600,417,352,3,617,26,506,583,139,156,462,93,125,75,91,467,359,58,412,557",5000,100
22,10,72801.14517720422,2.134307521197759,"289,627,499,387,533,625,571,342,175,142,472,234,339,367,377,272,406,40,121,492,221,608,325,360,369,6,493,588,174,116,507,32,594,599,20,197,158,114,457,420,485,519,575,231,410,546,497,590,381,309,69,173,45,596,494,573,341,435,189,407,464,258,236,400,68,409,469,186,619,260,364,509,515,157,80,248,202,196,345,266,363,338,102,609,27,524,162,302,153,292,252,38,586,147,347,25,105,477,386,324,517,15,372,16,356,206,565,500,143,129,540,97,549,513,607,591,128,489,317,335,155,92,371,282,495,486,561,225,562,183,601,86,12,440,51,584,503,433,30,361,280,329,61,271,138,439,72,287,348,577,13,43,127,33,323,315,423,244,484,83,263,452,366,550,213,532,413,520,124,246,431,41,589,67,558,257,47,273,269,622,4,111,205,529,166,167,170,541,328,57,185,357,597,353,286,52,56,255,59,444,164,256,141,346,403,605,478,123,448,259,466,434,490,579,525,161,216,604,350,421,580,212,277,150,112,512,133,548,451,362,50,278,447,496,388,230,430,215,454,207,285,426,275,303,227,576,432,74,344,391,3,617,26,506,583,139,156,462,93,125,75,542,85,144,288,261,169,505,483,247,5,527,265,411,582,511,401,396,250,279,267,569,581,177,148,103,566,311,254,113,193,620,96,87,23,22,343,54,593,312,238,154,62,450,618,107,37,595,134,217,82,198,614,274,195,422,537,453,184,465,319,151,35,370,99,55,545,66,522,463,89,612,327,188,349,354,190,375,145,418,48,567,24,373,470,240,242,535,77,394,192,65,245,534,436,563,29,84,459,136,79,313,104,204,308,585,253,2,28,165,491,64,449,44,610,425,445,118,480,602,508,482,380,300,115,498,172,419,603,384,616,611,296,106,53,249,294,337,81,415,554,14,518,316,531,402,468,31,178,331,42,214,408,488,180,414,19,626,135,218,458,181,276,556,232,621,538,592,237,351,168,224,171,438,383,39,203,100,222,501,379,385,318,120,473,34,239,623,179,301,416,560,108,510,229,109,264,446,140,555,395,460,226,7,270,340,570,368,223,437,176,210,528,587,393,456,428,378,291,299,241,21,219,574,73,208,543,132,333,199,504,441,382,572,194,9,187,149,568,46,220,390,461,295,429,310,235,553,60,521,404,117,94,200,443,526,95,191,90,471,479,17,442,101,559,334,284,110,262,536,530,305,544,578,228,307,487,564,137,306,290,547,455,326,358,76,63,251,523,304,10,297,405,209,398,8,182,514,11,376,88,321,365,606,475,122,336,201,119,481,314,36,98,130,551,392,320,598,355,281,615,474,322,146,71,613,152,476,268,131,160,293,374,539,243,424,624,49,516,211,427,417,163,18,600,352,502,298,330,126,58,412,557,91,467,359,233,70,389,78,332,399,552,159,397,283",5000,100
22,11,72558.71623320169,2.258478058449067,"232,538,592,263,452,366,550,213,532,413,520,124,246,431,41,589,67,558,257,47,273,269,622,4,111,205,529,166,167,170,541,328,57,185,357,597,353,286,52,56,255,59,444,164,256,141,346,403,287,348,577,13,43,127,33,323,315,423,244,484,83,397,276,556,448,259,466,434,490,579,525,161,216,604,350,421,580,212,277,150,112,512,133,548,451,362,50,146,322,71,613,152,454,207,285,426,275,303,73,574,219,21,241,437,176,210,528,587,340,570,223,299,291,378,428,456,393,389,78,54,593,312,446,140,264,109,416,560,239,623,179,301,211,427,39,194,9,187,149,568,46,220,390,461,295,429,229,510,108,332,203,100,222,501,379,34,473,120,131,268,476,318,385,208,543,132,333,199,504,441,382,572,516,49,624,243,374,539,160,293,265,411,582,511,401,396,250,279,267,569,581,177,148,103,566,311,254,113,193,620,96,87,23,22,343,60,235,553,310,16,356,206,565,500,289,627,499,387,533,625,571,342,175,142,472,25,105,477,386,38,586,147,347,406,272,377,367,339,234,236,400,68,409,469,186,619,260,364,509,515,157,80,248,202,196,345,266,363,338,590,381,309,69,173,596,45,494,573,341,435,189,407,464,153,369,6,493,325,360,608,221,492,121,40,292,252,588,174,116,507,32,594,599,20,197,158,114,457,420,485,519,575,231,410,546,497,162,524,302,27,102,609,536,330,126,442,101,559,334,200,443,526,95,191,90,471,479,17,417,163,18,600,352,502,298,542,85,144,288,261,169,505,483,247,5,527,576,227,432,74,344,391,3,617,26,506,583,139,388,230,430,215,278,447,496,228,307,487,564,137,306,290,547,455,326,358,76,63,251,523,530,305,544,578,122,336,201,119,481,314,36,98,130,551,392,320,598,355,281,615,474,376,88,321,365,606,475,405,297,10,304,209,93,125,75,156,462,123,478,605,359,58,412,557,317,335,155,92,371,282,495,486,561,225,562,183,601,86,12,440,51,584,503,433,30,361,280,329,61,271,138,72,439,621,458,181,8,182,514,398,399,552,159,224,351,168,237,11,19,626,135,218,488,180,414,233,42,214,408,331,438,383,424,70,226,7,270,368,422,537,453,184,465,384,616,611,296,106,53,249,294,337,81,415,554,14,518,498,172,419,603,319,151,35,99,55,545,66,522,463,89,612,327,188,349,354,190,375,145,418,48,567,24,373,470,240,242,535,77,394,192,65,245,534,436,563,29,84,459,136,79,313,283,308,585,253,2,28,165,491,64,449,44,610,425,445,118,480,602,508,482,380,300,115,178,31,468,370,204,104,316,531,402,143,129,540,97,549,513,607,591,128,489,117,94,404,521,262,110,284,372,15,517,324,274,195,154,238,62,450,618,107,37,595,134,217,82,198,614,555,395,460,171,258,467,91",5000,100
22,12,71469.71531302843,11.219823726086094,"431,41,589,67,558,257,47,273,269,622,4,111,205,529,166,167,170,541,328,57,185,357,346,403,597,353,286,52,56,255,59,444,164,256,141,440,51,584,503,433,30,361,86,12,280,329,61,271,138,72,287,348,577,13,43,127,33,323,315,423,244,484,83,263,452,366,550,213,532,413,520,124,246,159,399,552,398,8,182,514,11,237,351,168,224,171,438,383,331,42,214,408,488,180,414,19,626,135,218,458,181,276,556,448,259,466,434,490,579,525,161,216,604,350,421,580,212,277,150,112,512,133,548,451,362,70,424,624,49,243,374,539,160,293,208,543,132,333,199,504,441,382,572,516,203,100,222,501,379,385,34,473,120,131,268,476,285,426,275,303,73,574,219,21,241,437,176,210,528,587,340,570,223,299,291,378,428,456,393,389,78,54,593,312,238,154,62,450,618,107,37,595,134,217,82,198,614,274,195,324,517,15,372,16,356,206,565,500,289,627,499,387,533,625,571,342,175,142,472,234,339,367,272,377,40,406,386,38,586,147,347,25,105,477,588,493,325,360,608,221,492,121,174,116,507,32,594,599,20,197,158,114,457,420,485,519,575,231,410,546,497,590,381,309,69,173,596,45,494,573,341,435,189,407,464,258,236,400,68,409,469,186,619,260,364,509,515,157,80,248,202,196,345,266,363,338,102,609,27,524,162,302,153,369,6,292,252,184,465,422,537,453,143,129,540,97,549,513,607,591,128,489,317,335,155,92,371,282,495,486,561,225,562,183,601,397,538,592,232,621,98,130,551,392,320,598,355,281,615,474,376,88,321,365,606,475,122,336,201,119,481,314,36,304,10,297,405,209,93,125,75,156,462,298,542,85,144,288,261,169,505,483,247,5,527,265,411,582,511,401,396,250,279,267,569,581,177,148,103,566,311,254,113,193,620,96,87,23,22,343,60,235,553,310,526,95,191,90,471,479,17,442,330,536,262,110,284,101,559,334,200,443,117,94,404,521,76,326,358,455,547,290,306,137,564,557,487,412,91,467,359,58,307,228,578,544,305,530,523,63,251,126,510,229,108,109,264,446,140,555,395,460,226,7,270,368,454,207,152,71,613,146,322,50,278,447,496,388,230,430,215,318,432,74,227,576,391,344,506,583,139,3,617,26,600,417,163,18,502,352,508,482,380,300,115,498,172,419,603,384,616,611,296,106,53,249,294,337,81,415,554,14,518,316,245,534,436,563,29,84,459,136,79,313,283,308,585,253,2,28,165,491,64,449,44,610,425,445,118,480,602,24,373,470,240,242,535,77,394,192,65,204,104,178,31,468,370,99,55,545,66,522,463,89,612,327,188,349,354,190,375,145,418,48,567,35,151,319,402,531,390,461,295,429,187,149,568,46,220,427,39,194,9,332,211,623,179,301,416,560,239,478,605,123,439,233",5000,100
22,13,72607.61971202187,2.1972700944054635,"183,601,86,12,440,51,584,503,433,30,361,280,329,61,271,138,439,72,287,348,577,13,43,127,33,323,315,423,244,484,83,263,452,366,550,213,532,413,520,124,246,431,41,67,558,589,269,622,4,111,205,529,166,167,170,541,328,57,185,357,597,353,286,52,56,255,59,444,164,256,141,346,403,605,478,123,397,538,592,232,621,458,181,276,556,448,259,466,434,490,579,525,161,216,604,350,421,580,212,277,150,112,512,133,548,451,362,50,278,447,496,388,230,430,215,454,207,285,426,275,303,73,574,219,21,241,437,176,210,528,587,340,570,223,299,291,378,428,456,393,389,78,226,7,270,555,395,460,140,264,446,109,429,229,510,108,332,211,623,179,301,416,560,239,100,222,501,379,385,318,120,473,34,227,576,432,74,152,71,613,146,322,88,321,365,606,475,122,336,201,119,481,314,36,98,130,551,392,320,598,355,281,615,474,376,203,516,49,624,243,374,539,160,293,208,543,132,333,199,504,441,382,572,194,9,187,149,568,46,220,390,461,295,595,134,217,82,198,614,274,195,324,517,15,372,16,356,206,565,500,289,627,499,387,533,625,571,342,175,142,472,234,339,367,272,377,40,121,492,221,608,325,360,369,6,493,588,174,116,507,32,594,457,420,485,519,575,231,410,546,497,590,381,309,69,173,45,596,494,573,341,435,189,407,464,258,236,400,68,409,469,186,619,260,364,509,515,157,80,248,202,196,345,266,363,338,102,609,27,524,162,302,153,292,252,38,586,147,347,406,386,477,105,25,143,129,540,97,549,513,607,117,94,404,521,60,235,553,310,96,87,23,22,343,54,593,312,238,154,62,450,618,107,37,76,326,358,455,547,290,306,137,564,557,487,412,58,359,467,91,335,155,92,371,282,495,486,561,225,562,330,536,262,110,284,101,559,334,200,443,526,95,191,90,471,479,17,442,126,251,63,523,530,305,544,578,228,307,125,75,156,462,93,261,169,505,483,247,5,527,265,411,582,511,401,396,250,279,267,569,581,177,148,103,566,311,254,113,193,620,417,163,18,600,352,502,298,542,85,144,288,344,391,3,617,26,506,583,139,297,405,209,304,10,476,268,131,531,402,465,319,151,35,370,99,55,545,66,522,463,89,612,327,188,349,354,190,375,145,418,48,567,24,373,470,240,242,535,77,394,192,65,245,534,436,563,29,84,459,136,79,313,283,308,585,253,2,28,165,491,64,449,44,610,425,445,118,480,602,508,482,380,300,115,498,172,419,603,384,616,611,296,106,53,249,294,337,81,316,204,104,178,31,468,415,554,14,518,398,399,552,159,224,171,438,383,331,42,214,408,488,180,414,233,70,424,168,237,351,11,19,626,135,218,8,182,514,257,47,273,591,128,489,317,422,537,453,184,158,114,197,20,599,427,39,368",5000,100
22,14,71456.54194196258,12.82601522947274,"167,170,541,328,57,185,357,597,353,286,52,56,255,59,444,164,256,141,346,403,440,51,584,503,433,30,361,86,12,601,562,183,225,561,486,495,282,371,91,467,359,58,412,557,487,564,137,306,290,547,455,326,358,93,125,75,156,462,10,297,405,209,304,130,551,392,320,598,355,281,615,474,376,88,321,365,606,475,122,336,201,119,481,314,36,98,278,447,496,388,230,430,215,454,207,152,71,613,146,322,50,112,512,133,362,548,451,160,293,208,543,132,333,199,504,441,382,572,194,9,187,149,568,46,220,390,461,295,429,229,510,108,109,264,446,140,555,395,460,226,7,270,368,223,299,291,378,428,456,393,389,78,54,593,312,238,154,62,450,618,107,37,595,134,217,82,198,614,274,195,422,537,453,142,472,234,339,367,377,272,406,386,38,586,147,347,25,105,477,153,341,435,189,407,464,258,236,400,68,409,469,186,619,260,364,509,515,157,80,248,202,196,345,266,363,338,102,609,420,485,519,575,231,410,546,497,590,381,309,69,173,596,45,494,573,20,197,158,114,457,594,599,32,507,116,174,588,493,325,360,369,6,162,524,302,27,500,289,627,499,387,533,625,571,342,175,40,121,492,221,608,292,252,184,465,319,151,35,370,99,55,545,66,522,463,89,612,327,188,349,354,190,375,145,418,48,567,24,373,470,240,242,535,77,394,192,65,245,534,436,563,29,84,459,136,79,313,283,308,585,253,2,28,165,491,64,449,44,610,425,445,118,480,602,508,482,380,300,115,498,172,419,603,384,616,611,296,106,53,249,294,337,81,415,554,14,518,316,204,104,178,31,468,531,402,310,235,553,60,521,404,117,94,540,97,549,513,607,591,128,489,317,335,155,92,123,478,605,490,579,525,161,216,604,350,421,580,212,277,150,180,414,19,626,135,218,458,181,276,556,448,259,466,434,287,348,577,13,43,127,33,323,315,423,244,484,83,263,452,366,550,213,532,413,520,124,246,431,41,589,67,558,257,47,273,269,622,4,111,205,529,166,397,538,592,232,621,159,399,552,398,8,182,514,11,237,351,168,224,171,438,383,39,427,222,501,379,385,34,473,120,131,268,476,285,426,275,303,73,574,219,21,241,437,176,210,528,587,340,570,301,211,623,179,239,560,416,439,72,138,271,329,61,280,488,408,214,42,70,233,261,169,505,483,247,5,527,265,411,582,511,401,396,250,279,267,569,581,177,148,103,566,311,254,113,193,620,96,87,23,22,343,417,163,18,600,352,502,298,542,85,144,288,344,391,3,617,26,506,583,139,74,432,227,576,284,101,559,334,200,443,526,95,191,90,471,479,17,442,330,536,262,110,544,578,228,307,126,251,63,76,523,530,305,15,372,16,356,206,565,324,517,129,143,49,624,243,424,374,539,516,203,100,318,332,331",5000,100
22,15,71363.5134569475,14.079772725438433,"288,261,169,505,483,247,5,527,265,411,582,511,401,396,250,279,267,569,581,177,148,103,566,311,254,113,193,620,96,87,23,22,343,54,593,312,238,154,62,450,618,107,37,595,134,217,82,198,614,274,195,324,517,15,372,16,356,206,565,500,289,627,499,387,533,625,571,342,175,142,472,234,339,367,272,377,40,121,492,221,608,325,360,369,6,493,588,174,116,507,32,594,599,20,197,158,114,457,420,485,519,575,231,410,546,497,590,381,309,69,173,45,596,494,573,341,435,189,407,464,258,236,400,68,409,469,186,619,260,364,509,515,157,80,248,202,196,345,266,363,338,102,609,27,524,162,302,153,292,252,38,586,147,347,406,386,477,105,25,143,129,540,97,549,513,607,591,128,489,317,335,155,92,371,91,467,359,58,412,557,487,564,137,306,290,547,455,326,358,76,63,251,523,530,305,544,578,228,307,126,330,536,262,110,284,101,559,334,200,443,526,95,191,90,471,479,17,442,100,222,501,379,385,34,473,120,131,268,476,285,426,275,303,73,574,219,21,241,437,176,210,528,587,340,570,223,299,291,378,428,456,393,389,78,226,7,270,555,395,460,140,446,109,264,108,510,229,332,211,623,179,301,416,560,239,3,617,405,209,304,10,297,551,392,320,598,355,281,615,474,376,88,321,365,606,475,122,336,201,119,481,314,36,98,130,462,93,125,75,156,298,542,85,144,417,163,18,600,352,502,583,139,26,506,391,344,227,576,432,74,152,71,613,146,322,50,278,447,496,388,230,430,215,454,207,318,539,160,293,208,543,132,333,199,504,441,382,572,194,9,187,149,568,46,220,390,461,295,429,310,235,553,60,521,404,117,94,601,86,12,440,51,584,503,433,30,361,280,329,61,271,138,439,72,287,348,577,13,43,127,33,323,315,423,244,484,83,263,452,366,550,213,532,413,520,124,246,431,41,589,67,558,257,47,273,269,622,4,111,205,529,166,167,170,541,328,57,185,357,597,353,286,52,56,255,59,444,164,256,141,346,403,605,478,123,448,259,466,434,490,579,525,161,216,604,350,421,580,212,277,150,112,512,133,548,451,362,70,233,42,214,408,488,180,414,19,626,135,218,8,182,514,11,237,351,168,224,171,438,383,331,624,49,243,424,374,398,399,552,159,397,538,592,232,621,458,181,276,556,562,183,225,561,486,495,282,368,422,537,453,184,465,319,151,35,370,99,55,545,66,522,463,89,612,327,188,349,354,190,375,145,418,48,567,24,373,470,240,242,535,77,394,316,415,554,14,518,81,245,534,436,563,29,84,459,136,79,313,283,308,585,253,2,28,165,491,64,449,44,610,425,445,118,480,602,508,482,380,300,115,498,172,419,603,384,616,611,296,106,53,249,294,337,192,65,204,104,178,31,468,531,402,427,39,203,516",5000,100
23,0,77929.52793802874,1.897557150785153,"94,117,404,521,289,500,627,499,387,625,571,342,175,142,472,234,339,367,377,272,406,386,586,38,147,347,105,25,68,400,258,236,409,469,186,619,173,69,260,364,509,515,309,381,590,519,457,609,102,420,485,231,575,27,302,162,524,153,341,573,494,45,596,464,407,189,435,363,338,497,546,410,20,197,158,114,507,116,174,493,588,221,608,492,121,40,252,292,594,32,599,325,360,369,6,266,196,345,184,465,453,537,422,198,614,274,195,324,517,15,372,16,310,553,235,60,356,206,565,358,326,76,251,63,481,314,336,119,201,98,130,304,209,405,297,10,551,392,320,598,355,281,615,474,376,88,321,365,606,475,604,525,161,216,150,277,112,133,512,548,451,362,50,146,322,71,613,152,207,454,430,215,230,388,496,447,278,208,543,333,132,199,504,441,382,572,194,9,187,149,568,46,220,39,427,211,179,623,301,416,560,239,140,555,395,460,226,340,587,528,393,456,428,378,291,299,23,22,343,87,620,96,193,113,148,103,566,311,254,526,95,17,191,90,479,471,85,144,288,261,169,505,483,247,5,401,396,250,279,569,267,581,177,502,298,542,75,93,125,352,600,417,163,18,21,241,574,219,131,268,476,285,426,275,432,227,344,391,3,139,26,506,583,617,576,74,303,73,527,265,411,582,511,570,223,437,176,210,312,238,154,450,62,618,107,37,595,134,217,82,429,109,446,332,510,229,264,108,379,501,222,100,203,516,49,624,424,70,233,488,408,214,42,374,243,539,293,160,120,473,385,34,318,541,170,167,323,127,33,315,423,244,484,83,592,232,621,538,263,452,366,550,413,532,520,124,246,159,399,552,398,182,514,11,19,626,135,218,458,181,276,328,284,559,443,200,334,97,540,549,513,607,129,591,128,489,317,307,228,137,564,306,290,455,547,536,330,442,101,110,262,126,523,530,305,544,578,487,557,412,335,155,92,371,91,605,478,448,556,259,466,434,490,579,122,467,58,359,225,562,183,601,86,12,503,584,440,346,357,185,439,72,138,271,123,61,329,280,361,4,622,205,529,166,111,269,273,67,558,257,47,403,141,256,164,444,59,255,56,52,286,353,597,57,577,348,13,43,397,287,51,433,30,282,495,486,561,36,156,462,270,7,389,78,54,593,295,461,390,438,171,224,351,168,237,331,414,180,580,212,421,350,8,213,431,589,41,508,482,425,445,118,480,602,24,373,470,240,535,242,394,77,204,104,2,253,585,308,283,313,28,165,491,64,418,48,567,300,380,115,172,611,384,296,106,53,249,294,337,616,603,319,419,35,151,531,463,522,89,612,327,188,349,354,375,145,44,610,449,136,79,518,14,554,415,81,436,534,245,192,65,563,29,84,459,498,178,31,468,370,99,55,545,66,190,316,533,143,157,80,248,202,477,368,383,402",5000,100
23,1,73451.11343497365,2.0362165125424196,"562,183,601,86,361,12,503,584,51,433,256,164,444,59,255,286,353,52,56,348,577,287,13,43,397,33,127,323,315,423,244,484,83,592,232,621,538,263,452,366,550,213,413,532,520,124,246,431,589,41,67,273,269,4,622,205,529,166,111,167,170,541,328,57,185,357,346,141,403,597,30,552,171,438,383,46,220,39,427,211,332,510,229,264,109,446,140,555,270,7,395,460,226,340,587,223,368,570,241,21,219,73,574,411,582,511,401,396,250,279,569,267,581,177,378,428,456,393,291,299,210,528,176,437,34,473,120,268,131,476,285,426,275,576,303,506,26,139,344,391,3,617,209,405,297,10,551,130,304,98,36,481,314,336,119,201,365,321,350,421,604,525,161,216,414,180,112,512,133,548,362,50,146,322,71,613,152,207,454,430,215,230,388,496,447,278,208,293,160,539,374,243,49,382,572,516,203,179,623,239,560,416,301,100,222,501,379,385,318,543,333,132,199,504,441,108,429,461,295,390,610,44,449,64,418,48,567,480,118,445,602,508,482,425,178,145,375,190,31,354,349,188,327,612,89,463,522,66,545,55,370,99,151,319,419,172,611,384,603,115,300,380,35,14,554,415,81,316,394,77,204,104,308,585,253,2,28,165,491,242,535,240,470,24,373,192,65,245,534,436,563,29,84,459,136,79,283,313,249,294,337,616,296,106,53,498,518,468,531,402,465,537,422,195,324,517,15,310,16,372,235,553,60,356,206,565,500,289,627,499,387,625,533,143,489,591,129,97,540,549,513,607,578,544,305,530,523,536,330,126,442,101,559,443,200,334,404,521,117,94,284,110,262,479,90,191,352,600,417,163,18,17,471,85,144,288,483,505,247,5,527,265,583,169,261,227,432,74,193,620,96,87,23,22,343,54,593,389,78,113,148,103,566,311,254,526,95,320,392,355,281,615,474,376,88,598,8,182,514,11,237,351,168,224,19,626,135,218,458,181,556,448,259,466,434,490,579,478,605,123,61,280,329,271,138,72,439,557,487,335,155,92,282,495,486,561,225,276,475,606,122,58,359,467,412,91,371,317,128,82,198,614,274,62,618,107,37,595,134,217,231,410,546,497,575,457,609,420,485,519,590,381,309,69,260,364,509,515,363,338,599,32,594,158,114,197,20,507,102,153,341,573,494,45,596,464,407,189,435,325,369,6,493,588,174,116,162,524,302,27,360,608,221,492,121,40,406,272,377,367,339,234,472,25,105,477,386,38,586,147,347,236,409,469,186,619,173,248,80,157,266,196,202,345,184,453,142,175,342,571,252,292,400,258,68,455,547,290,306,137,564,307,228,63,251,76,326,358,462,93,156,75,125,542,298,502,70,42,233,488,408,214,331,159,399,398,277,150,212,580,424,624,187,149,568,194,9,238,154,450,312,451,558,257,47,440",5000,100
23,2,73947.5287160059,1.9213620771226227,"521,404,94,117,607,513,97,540,549,129,591,128,489,317,487,335,155,92,282,371,91,359,467,58,412,557,564,137,306,290,455,547,76,326,358,251,63,536,330,126,442,101,559,443,200,334,284,110,262,305,544,578,228,307,392,551,130,304,209,405,297,10,320,598,355,281,615,474,376,88,321,365,606,475,604,525,161,216,414,180,150,277,580,212,421,350,201,119,336,122,398,224,351,168,237,11,19,626,514,182,8,135,218,458,181,276,556,259,466,434,448,123,478,605,183,601,562,225,561,486,495,13,348,577,287,57,185,357,346,141,403,597,353,286,52,56,167,328,170,541,43,33,127,323,315,423,244,484,83,592,263,452,366,504,441,132,333,543,208,152,74,432,227,344,391,3,139,26,506,583,617,261,169,505,483,247,5,401,396,250,279,177,581,569,267,18,417,163,600,352,502,298,542,85,144,288,303,73,527,265,411,582,511,570,340,587,223,437,176,210,299,291,378,428,456,393,528,226,460,395,555,270,7,389,78,54,593,312,238,154,450,62,618,107,37,595,134,217,82,198,614,274,195,324,517,15,372,16,310,553,235,60,356,206,565,500,289,627,499,387,625,571,342,175,25,105,477,386,586,38,147,347,32,594,599,20,197,158,114,507,116,174,292,588,221,492,121,40,406,272,377,325,360,369,6,493,608,407,189,435,341,153,524,162,27,102,609,420,485,519,457,590,381,309,69,260,364,509,515,80,157,266,345,196,202,248,409,469,186,619,494,573,45,596,464,339,367,234,472,236,258,400,68,252,533,143,616,384,603,419,172,611,296,106,53,249,294,337,436,534,245,192,65,77,394,316,81,554,415,14,518,498,115,300,380,35,151,319,178,31,468,370,99,55,545,66,522,463,89,612,327,188,349,354,375,190,44,610,449,64,491,28,165,585,253,2,204,104,308,283,313,136,79,563,29,84,459,133,548,451,362,112,512,368,574,241,21,219,131,268,476,285,426,275,576,473,385,34,318,120,214,408,488,233,70,42,424,243,539,374,293,160,496,447,278,50,146,322,71,613,388,230,430,215,454,207,49,624,516,203,100,222,501,379,623,239,560,416,264,109,446,140,429,461,295,390,220,39,427,211,179,301,332,510,229,108,620,96,87,23,22,343,193,113,148,103,566,311,254,526,95,17,471,479,191,90,75,156,462,93,125,36,98,481,314,538,232,621,47,257,558,67,273,269,4,622,205,529,166,111,397,550,532,413,520,124,246,431,589,41,213,159,399,552,171,438,383,46,568,149,9,187,572,194,382,199,331,256,51,584,503,440,12,86,361,280,329,61,433,30,164,444,59,255,579,490,138,72,439,271,530,523,537,422,184,465,453,142,302,231,575,546,497,363,338,410,173,470,373,24,480,118,445,602,508,482,425,535,242,240,567,145,418,48,402,531",5000,100
23,3,71606.35386258365,2.2983779763811802,"525,161,216,414,180,150,277,580,212,421,350,321,365,615,474,376,88,598,355,281,320,392,551,130,304,209,405,297,10,144,288,261,169,505,483,247,5,401,396,250,279,177,581,569,267,600,352,502,298,542,85,75,156,462,93,125,326,76,63,251,523,530,305,544,578,228,307,564,137,290,306,547,455,358,265,411,582,511,570,340,587,223,437,176,210,528,393,456,428,378,291,299,23,22,343,54,78,593,312,238,154,450,62,618,107,37,595,134,217,82,198,614,274,195,324,517,15,372,16,310,235,553,60,356,206,565,500,289,627,499,387,625,533,571,342,175,25,472,234,339,367,377,272,406,386,586,38,147,347,105,477,68,400,258,236,409,469,186,619,173,596,45,494,573,341,153,524,162,27,302,6,369,493,325,360,608,492,121,40,252,292,588,174,507,32,594,457,609,420,485,519,575,231,410,546,497,363,338,381,590,309,69,260,364,509,515,80,157,266,345,202,248,464,407,189,435,142,453,537,422,184,465,402,531,463,522,66,545,99,55,370,468,31,178,425,445,118,480,602,508,482,337,294,249,53,106,296,611,172,419,319,151,35,115,300,380,316,81,554,415,14,518,498,563,29,84,459,136,313,283,308,585,253,2,28,165,491,64,449,44,418,48,567,24,373,470,240,535,242,394,77,204,104,79,192,65,534,245,436,188,89,612,327,349,354,375,145,190,610,111,622,4,205,529,166,47,257,558,67,273,269,589,41,431,246,159,399,552,171,438,383,331,224,351,168,237,11,19,626,514,182,8,398,550,213,366,452,263,592,232,621,538,397,348,577,287,57,328,170,541,43,13,127,33,315,423,244,484,83,276,556,259,466,434,490,579,478,605,371,91,359,467,58,412,335,155,92,317,128,489,143,129,97,540,549,513,607,94,117,404,521,200,334,559,443,95,17,471,479,90,191,417,163,18,566,311,254,526,101,330,536,262,110,284,442,126,303,426,275,576,227,432,74,344,391,3,139,26,506,583,617,430,215,230,388,496,447,278,50,362,451,160,293,208,543,333,132,199,441,504,194,9,187,149,568,46,220,39,427,211,179,623,239,560,416,301,100,203,516,572,382,49,624,424,70,233,42,374,539,243,408,214,488,133,512,112,548,322,146,71,613,152,207,454,476,268,131,120,473,385,34,318,368,574,241,21,219,73,527,285,113,148,103,193,620,96,87,264,446,140,389,460,226,395,555,270,7,532,413,520,124,403,597,353,286,52,56,255,59,444,164,256,51,584,503,440,12,86,361,601,562,183,225,561,486,495,282,123,271,138,72,439,329,61,280,448,458,181,218,135,323,167,357,346,141,185,30,433,604,475,606,122,336,119,201,98,36,481,314,487,557,109,108,510,229,332,461,295,390,429,222,501,379,221,116,20,197,158,114,599,102,196,616,384,603,591",5000,100
23,4,72707.6577148946,2.0473476088356266,"475,606,365,321,350,421,580,212,277,150,180,414,216,161,525,604,112,512,133,548,451,160,293,208,543,333,132,199,504,441,382,572,194,9,187,149,568,46,220,39,427,211,179,623,239,560,416,301,332,510,229,108,264,109,446,140,389,593,312,238,154,450,62,618,107,37,595,134,217,82,198,614,274,195,324,517,15,372,16,310,235,553,60,356,206,565,500,289,627,499,387,625,533,453,537,422,184,465,402,603,319,151,35,370,99,55,545,66,522,463,89,612,327,188,349,354,375,190,44,610,449,64,418,48,567,480,602,508,482,425,445,118,24,373,470,240,242,535,77,204,104,308,585,253,2,28,165,491,145,178,31,468,380,300,115,172,611,384,616,296,419,531,390,295,461,429,404,521,200,334,559,443,95,17,471,479,90,191,417,163,18,600,352,502,298,542,85,144,288,261,169,505,483,247,5,401,396,250,279,177,581,569,267,23,22,343,54,78,226,7,395,460,270,555,516,203,100,222,501,379,385,34,473,120,318,268,476,285,426,275,303,73,574,241,21,219,131,454,430,215,230,388,496,447,278,50,146,322,71,613,152,207,432,74,344,391,227,576,437,176,210,528,393,456,428,378,291,299,411,582,511,265,527,168,237,351,224,171,438,383,331,408,214,42,233,70,488,399,552,159,246,431,589,41,273,269,4,622,205,529,166,111,167,170,541,328,57,287,577,348,13,43,397,33,127,323,315,423,244,484,83,592,263,452,366,550,213,413,532,520,124,403,597,353,286,52,56,255,59,444,164,256,51,584,503,440,346,141,185,357,123,271,138,72,439,280,329,61,361,12,86,601,562,183,225,561,486,495,282,371,91,359,467,58,412,557,564,137,306,290,547,455,358,326,76,63,251,523,530,305,544,578,228,307,487,335,155,92,317,128,489,591,129,97,540,549,513,607,94,117,148,103,566,311,254,526,330,536,262,110,284,101,442,126,481,314,119,201,36,98,392,551,130,304,209,405,297,10,320,598,355,281,615,474,376,88,3,139,26,506,583,617,193,620,96,87,605,478,490,579,434,466,259,448,556,181,276,621,538,232,257,47,558,67,135,218,458,626,19,514,182,8,398,122,336,93,125,75,156,462,243,49,624,424,539,374,362,570,340,587,223,368,143,252,292,588,221,492,121,40,406,386,586,38,147,347,105,25,472,234,339,367,377,272,189,435,341,573,494,45,596,464,407,400,258,236,409,469,186,619,173,69,260,364,509,515,80,157,266,196,202,248,345,309,381,590,497,546,410,231,575,457,609,420,485,519,102,27,302,524,162,369,6,493,325,360,608,174,116,507,32,594,599,20,197,158,114,153,363,338,142,571,342,175,477,68,415,14,518,498,554,81,316,394,245,192,65,534,436,563,29,84,459,136,79,283,313,249,294,337,53,106,113,11,30,433",5000,100
23,5,71297.58163524895,12.798263771135346,"597,353,286,52,56,255,59,444,164,256,51,584,503,433,30,86,361,12,440,346,141,403,57,287,577,348,13,43,397,323,315,423,244,484,83,592,263,452,366,550,213,413,532,520,124,246,431,589,41,558,257,47,273,269,4,622,205,529,166,111,167,170,541,328,72,439,280,329,61,271,138,123,478,605,371,91,359,467,58,412,557,564,137,306,290,547,455,326,76,63,251,523,530,305,544,578,228,307,487,335,155,92,317,128,489,591,129,97,540,549,513,607,117,94,404,521,200,334,559,443,95,526,254,311,566,103,148,113,193,620,96,87,23,22,343,54,593,312,238,154,450,62,618,107,37,595,134,217,82,198,614,274,195,324,517,15,372,16,310,235,553,60,356,206,565,500,289,627,499,387,625,533,571,342,175,142,472,234,339,367,377,272,406,386,586,38,147,347,105,477,25,68,400,258,236,409,469,186,619,173,69,260,364,509,515,80,157,266,196,345,202,248,464,407,189,435,341,573,494,596,45,153,524,162,27,102,609,420,485,519,457,594,599,32,116,174,493,325,360,369,6,302,309,381,590,497,546,410,231,575,338,363,252,292,588,221,608,492,121,40,114,197,158,20,507,321,365,606,475,604,525,161,216,414,180,150,277,580,212,421,350,201,119,336,122,579,490,434,448,556,259,466,181,276,458,626,19,514,182,8,398,224,351,168,237,11,462,93,125,75,156,304,209,405,297,10,320,598,355,281,98,392,551,130,617,3,139,26,506,583,303,73,574,241,21,219,131,268,476,285,426,275,576,227,432,74,344,391,447,278,50,146,322,71,613,152,207,454,430,215,230,388,496,160,293,208,543,333,132,199,222,501,379,385,34,318,120,473,368,570,340,587,223,437,176,210,528,393,456,428,378,291,299,411,265,527,582,511,401,396,250,279,177,581,569,267,18,417,163,600,352,502,298,542,85,144,288,261,169,505,483,247,5,226,7,270,555,395,460,389,78,332,510,229,108,264,109,446,140,429,461,295,390,220,39,427,211,179,623,239,560,416,301,100,203,516,504,441,382,572,194,9,187,149,568,46,383,331,408,214,42,233,70,488,133,512,112,362,548,451,471,479,90,191,17,442,101,110,284,262,536,330,126,481,314,358,36,143,453,537,422,184,465,402,531,463,89,612,327,188,349,354,375,190,44,610,449,64,418,48,567,480,602,508,482,425,178,31,468,380,35,370,99,55,545,66,522,172,611,384,616,603,419,319,151,115,300,240,242,535,77,394,316,81,554,415,14,518,498,296,106,53,249,294,337,436,534,245,192,65,563,29,84,459,136,79,313,283,308,585,253,2,28,165,491,145,445,118,24,373,470,104,204,374,539,243,49,624,424,376,88,474,615,171,438,552,159,399,127,33,135,218,538,232,621,357,185,67,495,282,183,225,561,486,601,562",5000,100
23,6,72603.1394775908,2.112903098613903,"584,503,433,30,357,185,57,287,577,348,13,43,397,323,127,33,315,423,244,484,83,592,263,452,366,550,213,413,532,520,124,246,431,589,41,67,273,269,4,622,205,529,166,111,167,170,541,328,72,439,329,61,280,361,12,86,601,562,183,225,561,486,495,282,371,91,359,467,58,412,557,564,137,306,290,547,455,326,76,63,251,523,530,305,544,578,228,307,487,335,155,92,317,128,489,591,129,97,540,549,513,607,117,404,521,200,334,559,443,95,103,148,113,193,620,96,87,23,22,343,54,593,312,238,154,450,62,618,107,37,595,134,217,82,198,614,274,195,324,517,15,372,16,310,235,553,60,356,206,565,500,289,627,499,387,625,533,571,342,175,142,472,234,339,367,377,272,406,386,586,38,147,347,105,477,25,68,400,258,236,409,469,186,619,173,69,260,364,509,515,80,248,345,202,196,266,157,6,493,325,360,369,102,27,302,524,162,153,341,573,494,596,45,189,435,407,464,221,492,121,40,252,292,588,174,116,507,32,594,599,20,197,158,114,420,485,519,457,609,575,231,410,546,497,363,338,381,590,309,184,465,402,603,419,319,151,35,370,99,55,545,66,522,463,89,612,327,188,349,354,375,190,145,418,48,567,480,118,445,602,508,482,425,178,31,468,380,300,172,611,384,616,296,106,53,249,294,337,436,534,245,192,65,394,77,204,104,308,585,253,2,28,165,491,64,449,44,610,242,240,535,283,313,136,79,563,29,84,459,316,81,554,415,14,518,498,115,531,470,373,24,429,461,295,390,108,510,229,332,301,179,623,239,560,416,264,109,446,140,555,395,460,226,7,270,570,340,587,223,368,241,21,219,73,574,527,265,411,582,511,401,396,250,279,177,581,569,267,600,352,502,298,542,85,144,288,261,169,505,483,247,5,139,26,506,583,617,3,405,297,10,320,598,355,281,615,474,376,88,146,322,71,613,152,207,454,430,215,230,388,496,447,278,50,362,548,451,160,293,208,543,333,132,199,504,441,382,572,194,9,187,149,568,46,220,39,427,211,203,516,49,624,424,243,539,374,318,120,473,385,34,501,379,222,100,143,314,481,36,98,392,551,130,304,209,456,393,528,210,299,291,378,428,437,176,476,285,426,275,576,227,432,74,344,391,330,126,442,101,110,284,262,536,156,462,93,125,75,358,17,471,479,90,191,417,163,18,566,311,254,526,201,119,336,122,475,604,525,161,216,414,180,150,277,580,212,421,350,321,365,606,458,181,276,556,259,466,434,490,579,478,605,123,271,138,353,286,52,56,255,59,444,164,256,51,141,346,440,448,224,171,438,383,331,408,214,42,233,488,133,512,112,19,626,135,218,8,182,514,11,237,351,168,398,552,399,159,597,403,558,257,47,538,232,621,268,131,303,78,389,94,70,422,537,453,608",5000,100
24,0,72684.12250375703,2.0473476088356266,"562,183,225,561,486,495,282,371,91,467,359,58,557,564,137,306,290,547,455,358,125,93,156,462,75,130,551,392,320,598,355,281,615,474,376,88,201,119,336,606,475,122,525,161,216,604,421,350,321,365,112,512,133,362,548,451,160,293,208,543,333,132,199,504,441,516,203,100,239,623,179,301,211,332,108,510,229,429,312,238,154,62,618,107,37,595,134,217,82,198,465,531,402,319,151,35,370,99,55,545,66,522,463,612,89,188,327,354,349,375,190,610,44,449,165,491,28,2,253,585,308,283,313,104,204,77,394,316,81,14,554,415,518,498,115,300,380,508,482,425,445,118,480,567,48,418,64,145,31,178,468,603,419,172,611,384,616,296,106,53,249,294,337,79,136,192,65,534,436,563,29,84,459,245,24,373,470,240,242,535,602,34,473,120,131,268,476,285,576,227,432,74,391,344,3,617,506,583,505,247,5,527,265,411,582,511,401,396,250,279,177,581,267,569,18,163,417,600,352,502,298,542,85,144,288,483,261,169,209,304,10,297,405,246,431,124,520,413,532,550,366,452,263,592,232,621,538,83,484,47,257,315,323,33,127,43,13,577,287,57,328,170,541,185,357,346,403,597,353,286,52,56,255,59,444,164,256,51,584,503,433,30,440,12,86,361,601,348,397,276,181,458,218,135,514,182,8,398,237,351,168,224,171,438,383,331,214,408,488,233,70,424,243,374,539,318,385,460,226,7,395,416,560,42,624,49,382,572,194,9,187,149,568,46,220,390,295,461,264,109,446,140,555,270,389,78,54,593,456,393,428,378,291,299,210,528,587,340,570,223,176,437,368,241,21,219,574,73,303,275,426,207,454,215,430,230,388,496,447,278,152,71,613,146,322,50,277,150,180,414,580,212,123,271,138,72,439,329,280,61,579,490,478,605,442,101,110,284,117,404,521,60,553,235,310,16,372,517,324,15,343,22,23,87,620,96,193,566,103,148,113,254,311,526,95,17,471,479,90,191,200,334,559,443,94,129,549,513,607,540,97,330,536,530,305,544,578,228,307,487,317,335,155,92,128,489,591,143,387,533,625,571,342,175,142,472,236,258,400,68,409,469,186,619,260,364,509,515,363,338,497,546,410,231,575,519,485,420,609,102,27,302,162,524,369,6,493,221,492,121,40,406,272,377,407,464,339,367,435,189,573,494,45,596,173,69,309,381,590,457,594,32,599,158,114,197,20,116,174,588,292,252,38,586,147,347,386,477,105,25,234,341,153,360,325,608,507,453,537,422,195,274,356,206,565,500,289,499,627,412,523,251,63,76,326,126,262,481,314,36,98,111,622,4,205,529,166,167,269,273,67,558,589,41,423,244,399,552,159,213,556,448,259,466,434,19,626,11,614,450,427,39,139,26,501,379,222,157,266,196,202,248,80,345,184,141",5000,100
24,1,73457.44796298906,1.9796224283124513,"398,237,351,168,224,171,438,383,331,214,408,488,233,70,424,624,49,382,572,194,9,187,149,568,46,220,390,295,461,595,134,217,82,198,614,537,422,195,274,450,15,517,324,372,16,310,553,235,60,356,206,565,500,289,499,627,143,387,533,625,571,342,175,142,453,25,105,477,386,38,586,147,347,406,40,121,492,221,608,325,360,153,341,435,189,407,464,68,400,258,236,186,619,260,364,509,515,363,338,497,546,410,231,575,519,485,420,609,102,27,302,162,524,369,6,493,588,292,252,507,116,174,20,32,599,594,457,590,381,309,69,173,45,596,494,573,469,409,202,248,80,157,266,196,345,184,465,531,402,319,151,35,370,99,55,545,66,522,463,612,89,188,327,354,349,375,190,610,44,449,165,28,2,253,585,308,283,313,104,204,77,394,316,245,192,65,534,436,563,29,84,459,136,79,415,518,14,554,81,300,115,172,611,384,616,296,106,53,249,294,337,419,240,242,535,470,373,24,602,508,482,425,445,118,480,567,48,418,64,491,178,31,468,380,498,145,502,298,542,85,144,288,261,169,505,247,5,527,265,411,582,511,401,396,250,279,291,378,428,456,393,528,587,210,299,176,437,223,570,340,226,7,395,460,389,78,54,343,22,23,87,620,96,193,113,254,311,566,103,148,581,267,569,18,163,417,600,352,17,471,479,90,191,536,262,110,284,101,442,126,330,455,547,76,63,251,523,530,305,544,578,228,307,487,317,489,128,591,540,97,549,513,607,94,117,404,521,200,334,559,443,95,526,125,75,156,462,93,209,304,10,297,405,617,506,26,583,139,3,303,73,219,21,241,574,268,476,285,576,227,432,74,391,344,207,454,230,388,496,447,278,152,71,613,146,322,50,362,548,451,160,293,208,543,333,132,199,504,441,516,203,100,222,501,379,34,473,120,131,270,555,560,239,623,179,301,211,332,510,229,108,264,109,446,140,107,37,618,62,154,238,312,593,604,525,161,216,19,626,514,182,8,135,218,458,181,556,448,259,466,434,490,579,122,606,475,350,421,580,212,277,150,180,414,512,133,112,98,36,481,314,201,119,336,365,321,376,88,598,355,281,615,474,392,320,130,551,58,557,412,91,467,359,335,155,92,371,478,605,123,271,138,72,439,185,357,346,403,597,353,286,52,56,255,59,444,164,256,141,51,584,503,433,30,440,12,86,361,601,562,183,225,561,486,495,282,348,577,287,13,43,397,276,269,111,622,4,205,529,166,167,170,541,328,57,67,273,257,47,484,83,244,423,33,127,323,315,366,452,263,592,232,621,538,213,550,532,413,520,124,246,431,558,589,41,159,399,552,483,426,275,215,430,318,385,374,539,243,42,39,427,137,564,306,290,11,358,326,280,61,329,429,368,416,177,339,367,377,272,472,234,129,197,158,114,603",5000,100
24,2,74389.7454487942,1.897557150785153,"622,4,205,529,166,167,170,541,328,57,287,577,348,13,43,33,127,323,315,423,244,83,484,47,257,558,589,41,431,124,246,159,399,552,398,237,351,168,224,171,438,383,331,214,408,488,233,70,424,624,49,382,572,194,9,187,149,568,46,220,390,295,461,429,446,140,389,78,54,593,312,238,154,62,618,107,37,595,134,217,82,198,614,465,531,402,603,419,319,151,35,370,99,55,545,66,522,463,612,89,188,327,354,349,375,145,418,48,567,480,602,508,482,425,445,118,373,470,240,242,535,491,165,28,2,253,585,308,283,313,104,204,77,394,316,245,192,65,534,436,563,29,84,459,136,79,415,81,14,554,518,498,115,300,380,611,384,616,296,106,53,249,294,337,64,44,610,190,178,31,468,172,489,317,335,487,412,91,467,359,58,557,564,137,306,290,547,455,358,326,76,63,251,523,530,305,544,578,228,307,262,110,284,101,442,330,536,559,443,526,95,17,471,479,90,191,148,113,254,311,566,103,87,23,22,343,10,297,405,209,304,156,462,93,125,75,542,85,144,288,261,169,505,247,5,527,265,411,582,511,401,396,250,279,177,581,267,569,18,163,417,600,352,502,298,26,506,583,139,3,617,74,391,344,303,275,426,207,454,230,388,496,447,278,152,71,613,146,322,50,112,512,133,362,548,451,160,293,208,543,333,132,199,504,441,516,203,100,222,501,379,34,385,318,430,215,539,374,243,42,604,525,161,216,19,626,514,182,8,135,218,458,181,556,448,259,466,434,276,397,538,592,232,621,550,366,452,263,11,414,277,150,180,141,346,403,597,353,286,52,56,255,59,444,164,256,51,584,503,433,30,440,12,86,361,601,562,183,225,561,486,495,282,371,92,155,72,439,185,357,111,269,273,67,520,413,532,213,119,336,606,475,350,421,580,212,551,392,320,598,355,281,615,474,376,88,365,321,395,460,226,7,340,570,223,368,437,176,574,73,219,21,241,131,268,476,285,576,227,432,299,210,528,587,428,456,393,555,270,416,560,239,623,179,301,211,332,108,510,229,264,109,500,289,499,627,143,387,533,625,571,342,175,25,105,477,272,377,367,339,234,472,142,453,537,422,195,274,450,15,517,324,372,16,310,553,235,60,356,206,565,521,404,129,94,117,334,200,513,607,549,97,540,481,314,201,98,36,130,280,61,329,123,271,138,126,193,620,96,483,378,291,427,39,473,120,122,579,490,478,605,184,345,196,202,248,80,157,266,260,364,509,515,363,338,497,546,410,231,575,519,485,420,609,102,27,302,162,524,369,6,493,588,492,121,40,406,386,38,586,147,347,507,116,174,292,252,114,158,197,20,32,599,594,457,590,381,309,69,173,45,596,494,573,341,435,189,407,464,68,400,258,236,186,619,469,409,360,325,608,221,153,24,449,591,128",5000,100
24,3,72099.82873938396,2.112903098613903,"33,127,323,315,423,244,83,484,47,257,558,589,41,67,273,269,111,622,4,205,529,166,403,597,353,286,52,56,255,59,444,164,256,51,584,503,433,30,440,12,86,361,601,562,183,225,561,486,495,282,371,92,155,335,487,317,489,128,591,540,97,549,513,607,94,117,404,521,200,334,559,443,526,95,17,471,479,90,191,148,113,193,620,96,87,23,22,343,54,593,312,238,154,62,618,107,37,595,134,217,82,198,614,537,453,142,175,342,571,625,533,387,143,627,289,499,500,206,565,356,60,553,235,310,16,372,517,15,195,274,450,427,39,194,9,187,149,568,46,220,390,295,461,429,446,140,389,78,460,226,7,395,555,270,416,560,239,623,179,301,211,332,108,510,229,264,109,268,131,120,473,385,318,430,215,454,230,388,496,447,278,152,207,285,576,227,432,74,391,344,303,73,219,21,241,574,176,437,223,570,340,587,528,210,299,291,378,428,456,393,396,250,279,177,581,267,569,18,163,417,600,352,502,298,542,85,144,288,483,247,5,527,265,411,582,511,401,405,209,304,10,297,320,598,355,281,615,474,376,88,365,321,350,421,580,212,277,150,180,414,512,133,112,50,146,322,71,613,451,160,293,208,543,333,132,199,504,441,516,203,100,222,501,379,34,368,169,261,617,3,139,26,506,583,505,455,547,76,63,251,523,530,305,544,578,228,307,137,564,306,290,11,514,182,8,135,218,458,181,556,448,259,466,434,490,579,216,19,626,237,351,168,224,171,438,383,331,214,408,488,233,70,42,624,49,382,572,539,374,243,424,548,362,358,326,126,330,536,262,110,284,101,442,75,156,462,93,125,36,481,314,201,119,336,606,475,122,467,359,58,557,412,91,123,271,138,72,439,185,357,346,141,329,280,61,13,43,397,348,577,287,57,328,170,541,167,520,124,246,431,159,399,552,398,592,263,452,366,550,213,413,532,276,538,232,621,605,478,422,345,196,202,248,80,157,266,619,464,68,400,258,236,186,469,409,45,596,173,69,260,364,509,515,363,338,497,546,410,231,575,519,485,420,609,102,27,302,162,524,369,6,493,588,292,252,38,586,147,347,406,272,377,367,339,234,472,25,105,477,386,153,341,435,189,407,494,573,392,551,130,98,118,445,482,425,380,300,115,498,518,14,554,415,81,245,192,65,534,436,563,29,84,459,136,79,313,104,204,77,394,316,240,242,535,470,373,24,602,508,480,567,48,418,64,491,28,165,449,44,610,190,375,145,31,468,370,99,55,545,66,522,463,531,402,603,419,172,611,384,616,296,106,53,249,294,337,283,308,585,253,2,354,349,327,612,89,188,178,35,319,151,465,184,590,381,309,492,121,40,221,608,325,360,174,507,116,599,158,197,20,32,594,457,114,604,525,161,476,426,275,324,254,311,566,103,129",5000,100
24,4,74240.73122593424,1.9681083337111147,"141,346,403,597,353,286,52,56,255,59,444,164,256,51,584,503,433,30,440,12,86,361,601,562,183,225,561,486,495,282,371,92,155,335,487,317,489,128,591,540,97,549,513,607,94,117,404,521,200,334,559,443,526,254,311,566,103,148,113,177,569,18,163,417,600,352,502,298,542,85,144,288,261,169,505,247,5,527,265,411,582,511,401,396,250,279,581,267,209,304,10,297,405,551,392,320,598,355,281,615,474,376,88,365,321,350,421,580,212,277,150,180,414,512,133,362,548,451,160,293,208,543,333,132,199,504,441,516,203,100,222,501,379,34,385,318,120,473,131,268,476,285,576,227,432,74,391,344,303,73,219,21,241,574,176,437,223,570,340,587,528,210,299,291,378,428,456,393,275,426,207,454,230,388,496,447,278,50,112,11,514,182,8,135,218,458,181,556,448,259,466,434,490,579,216,19,626,237,351,168,224,171,438,383,331,214,408,488,233,70,42,624,49,382,572,194,9,187,149,568,46,220,390,295,461,429,446,140,389,78,54,593,312,238,154,62,618,107,37,595,134,217,82,198,614,537,453,142,472,234,339,367,377,272,406,40,252,38,586,147,347,386,477,105,25,175,342,571,625,533,387,143,627,289,500,206,565,356,60,553,235,310,16,372,517,324,15,343,22,23,87,620,96,193,215,430,557,412,91,467,359,58,122,606,475,604,525,161,329,280,61,13,43,33,127,323,315,423,244,83,484,47,257,558,589,41,67,273,269,111,205,529,166,167,170,541,328,57,185,357,397,348,577,287,72,439,138,271,123,478,605,98,36,481,314,201,119,336,93,125,75,156,462,228,307,137,564,306,290,547,455,358,326,76,63,251,523,530,305,544,578,262,110,284,101,442,126,330,536,95,17,471,479,90,191,3,617,506,26,583,139,483,560,416,301,211,332,108,510,229,264,109,623,179,239,368,270,7,395,460,226,555,374,539,243,424,39,427,159,399,552,398,592,232,621,538,452,263,213,550,366,532,413,520,124,246,431,276,173,69,260,364,509,515,363,338,497,546,410,231,575,519,485,420,609,102,27,302,162,524,369,6,493,588,492,121,608,221,292,20,32,599,158,114,197,457,594,507,116,174,325,360,153,341,573,494,45,596,469,409,68,400,258,236,186,619,464,407,189,435,381,590,309,157,266,196,345,184,465,531,402,603,419,319,151,35,370,99,55,545,66,522,463,612,89,188,327,354,349,375,145,418,48,567,480,118,445,482,425,178,31,468,380,300,115,172,611,384,616,296,106,53,249,294,337,283,313,104,204,77,394,316,192,65,534,436,563,29,84,459,136,79,415,81,14,554,518,498,610,44,449,165,491,28,2,253,585,308,535,602,508,24,373,470,240,242,64,499,422,195,274,450,129,152,71,613,146,322,130,4,622,80,248,202,245,190",5000,100
24,5,71466.25809979763,2.2280842677359023,"340,587,210,528,456,393,428,378,291,299,176,437,223,570,368,430,215,454,230,388,496,447,278,50,146,322,71,613,152,207,285,576,227,432,74,391,344,303,275,426,219,21,241,574,265,411,582,511,401,396,250,279,177,581,267,569,18,163,417,600,352,502,298,542,85,144,288,261,169,505,247,5,527,73,131,268,476,318,120,473,385,34,379,501,222,100,239,623,179,301,211,332,108,510,229,264,109,446,140,389,78,54,593,312,238,154,62,618,107,37,595,134,217,82,198,614,465,184,345,196,202,248,80,157,266,260,364,509,515,363,338,497,546,410,231,575,519,485,420,609,102,27,302,162,524,369,6,493,588,492,121,40,406,272,377,367,339,234,472,236,68,400,258,409,469,186,619,173,69,309,381,590,457,594,32,599,158,114,197,20,507,116,174,292,252,38,586,147,347,386,477,105,25,175,142,453,537,422,195,274,450,15,517,324,372,16,310,553,235,60,356,206,565,500,289,499,627,143,387,533,625,571,342,494,573,341,435,189,407,464,153,360,325,608,221,45,596,521,404,94,117,334,200,559,443,526,254,311,566,103,148,113,193,620,96,87,23,22,343,10,297,405,209,304,156,462,93,125,75,523,530,305,544,578,228,307,137,564,306,290,455,547,76,326,358,251,63,536,262,110,284,101,442,126,330,549,513,607,540,97,98,36,481,314,201,119,336,606,475,350,421,580,212,277,150,180,414,512,133,362,548,451,160,293,208,543,333,132,199,504,441,516,203,382,572,194,9,187,149,568,46,220,390,295,461,429,392,320,598,355,281,615,474,376,88,365,321,525,161,216,19,626,514,182,8,135,218,458,181,556,448,259,466,434,490,579,122,467,359,58,557,412,487,317,489,128,591,129,123,271,138,72,439,329,280,61,361,601,562,183,225,561,486,495,282,371,92,155,335,91,605,478,263,452,366,550,213,413,532,520,124,246,431,558,589,41,67,273,269,111,622,4,205,529,166,167,170,541,328,57,185,357,597,353,286,52,56,255,59,444,164,256,51,584,503,433,30,440,12,86,83,484,47,257,315,423,244,592,232,621,538,397,348,577,287,13,43,33,127,323,351,224,171,438,383,331,214,408,488,233,70,42,624,49,243,424,374,539,460,226,7,395,555,270,416,560,90,191,17,471,479,95,130,551,617,3,139,26,583,506,483,604,11,399,552,398,237,159,403,141,346,276,112,384,616,296,106,53,249,294,337,79,313,104,204,77,394,316,245,192,65,534,436,563,29,84,459,136,283,308,585,253,2,28,165,491,64,44,610,190,375,145,418,48,567,480,602,508,482,425,445,118,373,24,470,240,242,535,14,554,415,518,498,115,300,380,468,178,31,35,370,99,55,545,66,522,463,531,402,603,419,319,151,172,611,81,449,354,349,188,327,612,89,39,427,168",5000,100
25,0,75840.31203234743,1.8612789968546444,"448,466,259,434,490,579,478,605,91,467,359,58,557,412,487,307,228,442,126,330,536,262,110,284,101,479,471,17,191,90,298,502,352,600,417,163,18,569,267,581,279,250,396,401,511,582,411,265,527,73,303,426,275,219,241,574,21,391,344,227,432,576,285,430,215,318,385,34,473,120,131,268,476,454,207,152,447,496,388,230,26,506,583,139,3,617,297,405,209,10,320,392,551,130,304,75,247,5,505,483,261,169,144,288,85,542,254,113,148,103,566,311,526,95,443,559,200,334,117,94,540,97,549,607,513,591,317,128,489,598,355,281,615,474,376,119,336,314,481,36,98,358,93,156,462,125,523,63,251,76,326,455,547,290,306,137,564,71,613,322,146,50,278,456,393,389,78,54,22,343,87,96,620,193,23,340,587,210,528,299,291,378,428,270,395,460,226,7,555,416,560,239,179,623,301,211,332,108,510,229,429,109,264,140,446,312,212,580,421,350,365,321,475,606,122,218,458,181,276,556,135,626,19,11,514,182,8,398,552,399,168,351,237,224,171,438,383,568,149,39,427,194,203,516,572,382,49,243,424,624,42,214,408,488,233,70,501,379,222,100,199,333,132,441,504,543,208,293,160,374,539,548,362,512,133,112,150,277,180,414,216,161,525,604,578,544,305,530,190,375,44,449,165,491,64,145,178,31,545,66,522,463,531,402,603,419,172,498,115,300,380,35,151,319,48,567,373,24,602,480,118,445,482,425,508,470,240,242,535,192,65,534,436,563,29,84,459,316,77,394,104,204,313,283,308,585,253,2,28,610,354,349,612,327,89,188,468,370,99,55,195,274,356,16,372,310,553,235,60,521,404,565,206,422,537,142,453,258,236,68,400,469,409,186,619,260,364,509,515,338,363,497,546,575,231,410,519,485,420,609,102,20,599,197,158,114,588,221,608,121,40,406,272,377,153,341,573,494,45,596,173,69,309,381,590,302,524,162,27,507,32,594,457,369,6,493,325,360,339,407,464,435,189,202,248,80,157,266,196,345,184,367,234,472,342,175,105,25,477,386,38,586,147,347,143,387,533,625,571,627,289,500,499,37,107,618,62,450,154,238,15,517,324,465,82,217,198,614,595,134,461,295,390,220,46,223,570,368,437,176,47,257,484,83,263,452,366,550,213,413,532,520,124,246,159,431,589,41,67,558,33,127,323,315,423,244,592,232,621,538,397,348,577,287,13,43,541,170,328,57,357,185,72,439,271,138,123,329,61,280,361,12,86,601,562,183,225,561,486,495,282,92,155,335,371,59,444,255,56,286,52,529,205,622,4,111,166,167,353,597,403,141,51,584,440,503,433,30,256,164,346,269,273,451,74,593,177,9,187,331,129,88,201,518,14,554,415,81,245,106,53,294,337,249,136,79,616,384,611,296,418,492,292,252,174,116",5000,100
25,1,75483.30805752106,1.897557150785153,"43,13,348,577,287,57,328,170,541,167,166,529,205,622,4,111,269,273,67,47,257,484,83,263,452,366,550,213,413,532,520,124,246,431,41,589,558,33,127,323,423,244,315,271,138,439,72,185,357,597,353,286,52,56,255,59,444,164,256,141,346,403,440,584,51,503,433,30,225,561,486,495,282,371,91,58,359,467,122,606,475,604,525,161,216,414,180,150,277,212,580,421,350,321,365,201,119,336,314,481,36,98,130,551,392,320,598,355,281,615,474,376,88,75,93,125,544,578,305,530,523,251,63,76,326,455,547,306,137,564,557,412,487,307,228,261,169,144,85,542,298,502,352,600,417,163,18,569,267,581,177,113,148,103,566,311,254,526,95,443,559,200,334,117,94,540,97,549,513,607,129,591,128,489,317,155,92,335,152,74,432,227,576,285,426,275,303,583,506,26,139,3,617,297,405,209,10,304,462,156,288,483,505,247,5,527,265,411,582,511,401,396,250,279,22,343,87,620,23,193,96,553,235,60,356,206,565,500,289,499,627,387,533,571,342,142,453,537,422,195,274,324,517,15,372,16,310,54,78,389,593,312,238,154,450,62,618,107,37,595,134,217,82,614,198,465,184,345,266,196,202,248,80,157,515,509,364,260,173,69,309,381,590,338,363,497,546,410,231,575,457,594,32,599,20,507,116,174,493,369,6,27,102,609,420,485,519,619,186,469,409,68,400,258,236,234,472,25,105,477,386,38,586,147,347,272,377,367,339,407,464,189,435,573,494,45,596,153,341,221,492,121,40,406,252,608,588,292,302,524,162,360,325,572,382,516,203,379,501,222,100,239,416,560,623,179,301,332,108,510,229,429,109,264,140,446,187,9,194,427,39,568,46,220,390,461,295,215,430,230,388,496,447,278,131,268,476,454,207,71,613,322,146,50,451,548,362,512,133,112,488,233,42,214,408,331,398,8,182,514,19,626,11,237,351,168,224,171,438,383,31,145,567,48,418,64,491,165,28,2,253,585,308,283,313,204,104,77,394,65,192,245,534,436,563,29,84,459,136,79,616,296,106,53,249,337,294,14,554,415,81,316,380,300,115,35,151,319,603,419,172,611,384,402,531,463,522,66,545,55,99,370,468,602,508,482,425,445,118,480,24,373,470,240,242,535,178,188,327,612,89,610,44,449,354,349,190,375,176,241,574,219,21,391,344,385,34,473,120,318,208,293,160,374,539,243,424,624,49,199,441,504,543,333,132,528,393,456,428,378,291,299,210,223,437,368,570,340,587,226,7,270,555,395,460,358,126,330,536,262,110,284,101,442,471,479,90,191,17,490,579,478,605,123,448,259,466,434,218,135,232,592,276,556,181,458,621,538,397,601,361,86,12,280,61,329,552,399,159,70,73,183,562,211,521,404,143,625,197,158,114,175,518,498,290,149",5000,100
25,2,73943.67973018854,1.9094967101177245,"141,346,403,597,357,185,57,328,170,541,43,13,348,577,287,397,127,33,315,323,423,244,83,263,452,366,550,213,257,47,67,558,589,41,431,124,246,159,399,552,224,171,438,383,568,46,220,390,461,295,429,109,264,140,446,312,593,54,22,343,87,620,193,113,148,103,566,311,254,526,95,17,471,479,191,90,298,542,85,144,288,483,505,247,5,401,396,250,279,177,291,299,176,437,223,570,340,587,210,528,393,456,428,378,23,96,553,235,60,356,206,565,200,334,559,443,442,330,536,262,110,284,101,126,352,502,75,156,93,125,462,304,392,551,130,98,36,119,201,336,314,481,358,326,76,63,251,523,530,305,578,228,307,137,564,557,412,335,155,92,371,489,317,487,306,290,547,455,467,359,58,91,605,478,490,579,434,259,466,556,448,181,276,458,218,135,8,182,514,626,19,11,237,351,168,398,532,413,520,167,166,111,622,4,205,529,273,269,592,232,621,538,572,382,49,243,424,624,42,214,408,488,233,70,374,539,160,293,208,543,333,132,441,504,199,222,100,239,560,416,301,179,623,211,332,108,510,229,450,62,618,107,37,595,134,217,82,614,198,465,184,345,266,196,202,515,509,364,260,69,309,381,590,302,524,162,27,102,609,420,485,519,575,231,410,546,497,338,363,377,367,339,407,464,68,400,258,236,234,472,25,105,477,386,38,586,147,347,272,406,40,121,492,221,608,588,174,116,507,32,599,594,457,114,158,197,20,292,252,325,360,369,6,493,189,435,573,494,45,596,173,619,186,469,409,341,153,142,175,342,571,625,533,387,143,129,540,97,549,513,607,117,94,404,521,18,163,417,600,569,267,581,261,169,26,506,583,617,3,139,411,265,527,582,511,451,548,362,512,133,112,150,277,212,580,421,350,321,365,474,376,88,598,355,281,615,207,285,426,275,576,227,432,74,391,344,303,73,219,21,241,574,389,78,7,460,226,395,555,270,368,473,120,131,268,476,454,430,215,230,388,496,447,278,152,71,613,322,146,50,331,187,149,39,427,194,9,203,516,34,385,379,501,405,209,10,297,320,475,606,122,123,271,138,72,439,440,584,51,503,433,30,256,164,444,59,255,56,286,52,353,484,151,319,603,419,172,611,296,106,53,294,337,249,534,436,563,29,84,459,136,79,313,204,104,308,283,491,165,28,2,253,585,145,375,190,610,44,449,64,48,567,373,24,602,508,482,425,445,118,480,468,370,99,55,545,66,522,463,531,402,616,384,554,415,14,518,498,115,300,380,316,394,77,535,242,240,470,188,327,612,89,354,349,31,178,418,192,65,245,81,35,154,238,15,310,16,372,324,517,195,274,422,289,499,627,500,591,128,216,414,180,604,525,161,544,225,562,601,86,361,12,280,329,61,486,561,495,282,537,453,157,80,248,318,183",5000,100
25,3,71218.75538063247,3.445787343006405,"281,615,474,376,88,598,355,212,580,421,350,321,365,606,475,604,525,161,216,414,180,150,277,112,512,133,362,548,451,50,146,322,71,613,152,447,278,496,388,230,430,215,318,385,34,473,120,131,268,476,454,207,285,426,275,576,227,432,74,391,344,139,3,26,506,583,617,297,10,320,98,36,201,119,336,314,481,358,326,76,63,251,523,530,305,544,578,228,307,137,564,306,290,547,455,126,330,536,262,110,284,101,442,559,443,334,200,117,94,404,521,206,565,500,289,499,627,387,625,533,571,342,175,142,453,537,422,195,274,356,60,193,620,96,553,235,310,15,517,324,372,16,54,593,389,78,340,587,528,393,456,428,378,291,299,210,223,368,570,226,460,395,7,270,555,140,446,312,238,154,450,62,618,107,37,595,134,217,82,614,198,465,184,345,266,196,202,248,80,157,515,509,364,260,69,173,596,45,494,573,341,435,189,407,464,68,400,258,236,469,409,186,619,153,360,325,493,588,221,492,121,40,406,252,292,20,197,158,114,116,507,32,599,594,457,609,420,485,519,575,231,410,546,497,338,363,590,381,309,302,524,162,27,102,477,386,586,38,147,347,272,377,367,339,234,472,25,105,129,540,97,549,513,607,591,128,489,317,487,557,412,335,155,92,371,91,467,359,58,122,304,209,405,527,265,411,582,511,401,396,250,279,267,569,581,177,113,148,103,566,311,254,526,95,17,471,479,191,90,298,542,85,144,288,483,505,247,5,261,169,502,352,600,417,163,18,125,93,156,462,130,551,392,42,214,408,488,233,70,374,539,160,293,208,543,333,132,441,504,199,222,100,379,501,203,516,382,572,194,9,187,149,39,427,211,332,108,510,229,429,109,264,416,560,239,179,623,301,296,106,53,249,337,294,14,518,498,115,300,380,508,482,425,445,118,480,602,24,373,470,240,242,535,77,394,316,81,554,415,29,84,459,136,79,313,104,204,2,253,585,308,283,491,64,418,48,567,145,375,190,610,44,449,165,28,245,192,65,534,436,563,463,522,66,545,55,99,370,35,151,319,603,419,172,611,384,616,402,531,89,612,327,188,349,354,31,178,468,143,22,343,87,23,219,21,241,574,73,303,579,478,605,123,271,138,72,287,577,348,13,43,397,127,33,315,423,244,484,83,263,592,232,621,538,452,366,550,213,257,47,67,558,589,41,431,124,246,159,399,552,413,532,520,218,135,626,19,11,237,351,168,224,171,438,383,568,46,220,390,461,295,286,52,56,255,59,444,164,256,141,346,403,597,353,167,170,541,328,57,185,357,458,181,276,556,448,259,466,434,490,282,495,486,561,225,562,183,601,86,12,280,329,61,361,440,584,51,503,433,30,111,529,205,622,4,166,269,273,182,514,398,8,439,323,437,176,624,49,243,424,331,75,6,608,369,174",5000,100
25,4,72449.6145487431,1.9331546179391612,"505,247,5,527,265,411,582,511,401,396,250,279,267,569,581,177,113,148,103,566,311,254,526,95,17,471,479,191,90,298,542,85,144,288,483,261,169,26,506,583,617,297,10,551,130,98,36,201,119,336,314,481,358,326,76,63,251,523,530,305,544,578,228,307,137,564,306,290,547,455,126,330,536,262,110,284,101,442,559,443,334,200,117,94,404,521,206,565,500,289,499,627,387,625,533,571,342,175,142,453,537,422,195,274,450,62,618,107,37,595,134,217,82,614,198,465,184,345,266,196,202,248,80,157,515,509,364,260,69,173,596,45,494,573,341,153,360,325,608,221,492,121,40,406,272,377,367,339,234,472,25,105,477,386,586,38,147,347,507,32,599,594,457,609,420,485,519,575,231,410,546,497,338,363,590,381,309,302,524,162,27,102,20,197,158,114,116,174,493,369,6,292,252,588,189,435,409,186,619,469,68,400,258,236,464,407,131,268,476,454,207,285,426,275,576,227,432,74,391,344,139,3,152,447,496,278,388,230,430,215,318,385,34,473,120,379,501,222,100,239,560,416,301,179,623,211,332,108,510,229,429,109,264,140,446,312,238,154,517,324,16,372,15,310,553,235,60,356,603,419,172,611,296,106,53,294,337,249,136,79,313,283,308,253,585,2,28,165,491,64,418,48,567,373,24,602,508,482,425,445,118,480,468,370,99,55,545,66,522,463,531,402,616,384,554,415,14,518,498,115,300,380,35,151,319,316,81,245,192,65,534,436,563,29,84,459,204,104,77,394,470,240,242,535,178,31,145,375,190,610,44,449,354,349,188,327,89,612,205,529,166,167,170,541,328,57,357,185,12,440,584,503,433,30,361,86,601,562,183,225,561,486,495,282,371,91,467,359,58,122,606,475,604,525,161,216,414,180,150,277,212,580,421,350,321,365,474,615,281,355,598,320,392,88,376,340,570,223,437,176,241,574,219,21,73,303,160,293,208,543,333,132,441,504,199,516,382,572,49,243,424,624,539,374,42,214,408,488,233,70,23,22,343,87,620,96,193,397,127,33,315,423,244,484,83,263,592,232,621,538,452,366,550,213,257,47,67,558,589,41,431,124,246,159,399,552,224,171,438,383,568,46,220,390,461,295,549,129,540,97,607,513,591,128,489,317,487,557,412,335,155,92,605,478,490,579,434,259,466,556,448,181,276,458,218,135,626,19,11,237,351,168,398,8,182,514,520,413,532,52,56,255,59,444,164,256,141,346,403,597,353,286,622,4,111,269,273,331,187,149,39,427,194,9,203,71,613,322,146,50,451,362,548,133,512,112,528,393,456,428,378,291,299,210,460,389,78,54,593,555,395,7,270,368,587,226,502,352,600,18,163,417,125,93,156,462,304,209,405,13,43,323,287,577,348,72,439,280,329,61,271,138,123,51,75,143",5000,100
25,5,72143.83499557493,2.176484959024414,"466,259,448,181,276,556,434,490,579,478,605,123,271,138,72,439,503,433,30,164,256,141,346,403,597,353,286,52,56,255,59,444,440,584,51,269,273,67,558,589,41,431,124,246,159,399,552,224,171,438,383,568,46,220,390,461,295,429,109,264,140,555,395,460,226,7,270,560,416,301,179,623,211,332,108,510,229,450,62,618,107,37,595,134,217,82,614,198,465,184,345,266,196,202,248,80,157,515,509,364,260,69,173,596,45,494,573,341,435,189,407,464,68,400,258,236,469,409,186,619,153,360,325,608,221,492,121,40,406,272,377,367,339,234,472,25,105,477,386,586,38,147,347,507,116,174,493,588,292,252,20,197,158,114,575,231,410,546,497,338,363,590,381,309,302,524,162,27,102,609,420,485,519,457,594,32,599,369,6,342,175,142,453,537,422,195,274,324,372,16,356,206,565,500,289,499,627,387,533,625,571,36,201,119,336,314,481,358,326,76,63,251,523,530,305,544,578,228,307,137,564,306,290,547,455,126,330,536,262,110,284,101,442,163,417,600,352,502,298,542,85,144,288,483,505,247,5,401,396,250,279,267,569,581,177,113,148,103,566,311,254,526,95,17,471,479,191,90,93,125,75,156,462,304,209,405,297,10,551,130,98,392,320,598,355,281,615,474,376,88,212,580,421,350,321,365,606,475,604,525,161,216,414,180,150,277,112,512,133,362,548,451,50,146,322,71,613,152,447,496,278,388,230,430,215,318,385,34,473,120,131,268,476,454,207,285,426,275,576,227,432,74,391,344,3,617,139,26,506,583,303,73,219,21,241,574,265,411,582,511,299,210,528,393,456,428,378,291,587,570,340,437,176,368,223,427,39,149,194,9,187,331,237,351,168,398,8,182,514,626,19,11,135,218,458,452,366,550,213,257,47,484,83,263,592,232,621,538,397,127,33,315,323,423,244,111,622,4,205,529,166,167,170,541,328,57,185,357,348,577,287,13,43,562,601,86,12,361,280,329,61,486,495,282,371,91,467,359,58,122,557,335,155,92,412,487,317,94,540,97,549,513,607,129,404,521,200,334,559,443,620,96,553,235,60,193,23,22,343,87,310,15,517,18,203,516,382,572,49,243,424,624,42,214,408,488,233,70,374,539,160,293,208,543,333,132,441,504,199,222,100,379,501,389,78,54,593,312,238,154,35,151,319,603,419,172,611,296,106,53,249,337,294,14,518,498,115,300,380,316,81,554,415,29,84,459,245,192,65,534,436,563,136,79,313,204,104,2,253,585,308,283,491,64,418,48,567,145,375,190,610,44,449,165,28,327,188,612,89,463,522,66,545,55,99,370,468,178,31,602,508,482,425,445,118,480,24,373,470,240,242,535,77,394,531,402,616,384,354,349,261,169,527,239,446,532,413,520,225,561,128,489,591,143,117,183",5000,100
25,6,71648.16765465695,2.2178604461682627,"111,529,205,622,4,166,167,170,541,328,57,185,357,346,403,597,353,286,52,56,255,59,444,164,256,141,51,584,503,433,30,361,86,12,440,439,72,287,577,348,13,43,397,127,33,315,423,244,484,83,263,592,232,621,538,452,366,550,213,257,47,67,558,589,41,431,124,246,159,399,552,224,171,438,383,568,46,220,390,461,295,429,109,264,140,446,312,238,154,450,62,618,107,37,595,134,217,82,614,198,465,184,345,266,196,202,248,80,157,515,509,364,260,69,173,596,45,494,573,341,153,360,325,608,221,492,121,40,406,386,586,38,147,347,272,377,367,339,407,464,68,400,258,236,234,472,25,105,477,546,497,338,363,590,381,309,302,524,162,27,102,609,420,485,519,575,231,410,588,174,507,116,20,197,158,114,457,594,32,599,369,6,493,189,435,409,186,469,619,292,252,571,342,175,142,453,537,422,195,274,324,372,16,356,206,565,500,289,499,627,387,533,625,129,540,97,549,513,607,591,128,489,317,487,557,412,335,155,92,371,91,467,359,58,122,606,475,604,525,161,216,414,180,150,277,212,580,421,350,321,365,474,376,88,598,320,392,551,130,304,209,405,297,10,303,73,219,21,241,574,265,411,582,511,401,396,250,279,267,569,581,177,113,148,103,566,311,254,526,95,17,471,479,191,90,298,542,85,144,288,483,261,169,505,247,5,527,176,437,223,570,340,587,210,528,393,456,428,378,291,299,460,226,7,270,555,395,389,78,54,593,96,87,23,22,343,15,517,18,163,417,600,352,502,75,156,462,93,125,615,281,355,521,404,94,117,110,284,101,442,559,443,334,200,578,228,307,137,564,306,290,547,455,326,76,63,251,523,530,305,544,262,536,330,126,314,481,358,36,201,119,336,98,379,501,34,473,120,131,268,476,454,207,285,426,275,576,227,432,74,391,344,139,3,617,506,26,583,112,512,133,362,548,451,50,146,322,71,613,152,447,496,388,230,430,215,318,385,624,243,424,374,539,160,293,208,543,333,132,441,504,199,222,100,239,560,416,301,179,623,211,332,108,510,229,516,382,572,194,9,187,149,39,427,203,218,135,626,19,11,237,351,168,398,8,182,514,520,413,532,273,269,276,556,448,259,466,434,490,579,478,605,123,271,138,601,562,183,225,561,486,495,282,280,329,61,458,181,323,214,408,488,233,70,42,331,368,620,193,235,60,553,310,531,402,616,384,603,419,319,151,35,115,300,380,508,482,425,445,118,480,602,24,373,470,240,242,535,2,253,585,308,283,313,104,204,77,394,316,81,554,415,14,518,498,172,611,296,106,53,249,337,294,245,192,65,534,436,563,29,84,459,136,79,491,165,28,64,418,48,567,145,375,190,610,44,449,354,349,188,327,89,463,522,66,545,55,99,370,468,178,31,612,49,278,143",5000,100
25,7,71492.51732850831,2.5155508080276565,"337,294,14,518,498,172,611,296,106,53,249,136,79,313,204,104,2,253,585,308,283,491,165,28,64,418,48,567,373,24,602,508,482,425,445,118,480,468,178,31,145,375,190,610,44,449,535,242,240,470,316,81,554,415,29,84,459,245,192,65,534,436,563,394,77,545,66,522,463,531,402,616,384,603,419,319,151,35,115,300,380,370,99,55,188,327,612,89,354,349,261,169,505,247,5,527,265,411,582,511,401,396,250,279,267,569,581,177,113,148,103,566,311,254,526,95,17,471,479,191,90,298,542,85,144,288,483,600,352,502,75,156,462,93,125,209,405,297,10,304,320,392,551,130,98,36,201,119,336,314,481,358,326,76,63,251,523,530,305,544,578,228,307,137,564,306,290,547,455,126,330,536,262,110,284,101,442,559,443,334,200,117,94,540,97,549,513,607,129,591,128,489,317,487,557,412,335,155,92,371,91,467,359,58,122,606,475,604,525,161,216,414,180,150,277,212,580,421,350,321,365,474,376,88,598,355,281,615,135,218,458,181,276,556,448,259,466,434,490,579,478,605,123,271,138,72,439,348,577,287,13,43,541,170,167,166,529,205,622,4,111,269,273,67,558,589,41,431,124,246,159,399,552,224,171,438,383,568,46,220,390,461,295,429,109,264,140,446,312,238,154,62,618,107,37,595,134,217,82,614,198,465,184,345,266,196,202,248,80,157,515,509,364,260,69,173,596,45,494,573,341,435,189,407,464,68,400,258,236,469,409,186,619,153,360,325,493,369,6,608,221,492,121,40,406,272,377,367,339,234,472,25,105,477,386,586,38,147,347,507,32,599,594,457,609,420,485,519,575,231,410,546,497,338,363,590,381,309,302,524,162,27,102,20,197,158,114,116,174,292,252,588,143,387,533,625,571,342,175,142,453,537,422,195,274,324,372,16,310,553,235,60,356,206,565,500,289,499,627,404,521,18,163,417,139,26,506,583,617,3,152,447,496,278,388,230,430,215,318,385,34,473,120,131,268,476,454,207,285,426,275,576,227,432,74,391,344,303,73,219,21,241,574,176,437,223,570,340,587,528,393,456,428,378,291,299,210,460,226,7,270,555,395,389,78,54,593,96,87,23,22,343,15,517,510,229,108,332,301,179,623,239,560,416,100,379,501,222,199,504,441,333,132,374,539,160,293,208,543,368,133,512,112,488,233,70,42,214,408,331,187,149,39,427,194,9,203,516,382,572,49,243,424,624,626,19,11,237,351,168,398,8,182,514,520,413,532,213,257,47,484,83,263,592,232,621,538,397,127,33,315,323,423,244,452,366,550,403,597,353,286,52,56,255,59,444,164,256,141,346,357,185,57,328,86,12,440,584,51,503,433,30,361,280,329,61,601,562,183,225,561,486,495,282,193,620,322,146,50,451,548,362,71,613,450,211",5000,100
25,8,71585.5870549927,2.414124244476368,"30,361,86,12,440,584,51,503,433,141,346,403,597,353,286,52,56,255,59,444,164,256,357,185,57,287,577,348,13,43,541,170,167,166,529,205,622,4,111,269,273,67,558,589,41,431,124,246,159,399,552,224,171,438,383,568,46,220,390,461,295,429,109,264,140,446,312,238,154,517,15,310,553,235,60,356,206,565,500,289,499,627,387,533,625,571,342,175,142,453,537,422,195,274,324,372,16,54,593,389,78,340,587,528,393,456,428,378,291,299,210,437,223,368,570,226,7,270,555,395,460,416,560,623,239,179,301,211,332,108,510,229,516,382,572,49,243,424,624,42,214,408,488,233,70,374,539,160,293,208,543,333,132,441,504,199,222,100,379,501,203,71,613,322,146,50,451,548,362,512,133,112,150,277,212,580,421,350,321,365,474,376,88,598,355,281,615,392,551,130,98,36,201,119,336,314,481,358,326,76,63,251,523,530,305,544,578,228,307,137,564,306,290,547,455,126,330,536,262,110,284,101,442,559,443,334,200,117,94,404,521,143,129,540,97,549,513,607,591,128,489,317,487,557,412,335,155,92,371,91,467,359,58,122,606,475,604,525,161,216,414,180,268,476,454,207,285,426,275,576,227,432,74,391,344,139,3,617,405,209,144,288,483,505,247,5,527,265,411,582,511,401,396,250,279,267,569,581,177,113,148,103,566,311,254,526,95,17,471,479,191,90,298,542,85,502,75,156,462,93,125,261,169,26,506,583,303,73,219,21,241,574,176,34,473,120,131,318,385,215,430,230,388,496,447,278,152,320,10,304,297,18,163,417,600,352,439,72,138,271,123,448,259,466,434,490,579,478,605,562,601,561,225,183,486,495,282,280,329,61,276,458,181,556,452,366,550,213,257,47,484,83,263,592,232,621,538,397,127,33,315,323,423,244,398,8,182,514,626,19,11,237,351,168,331,187,149,39,427,194,9,202,248,80,157,515,509,364,260,69,173,619,186,469,409,68,400,258,236,234,472,25,105,477,386,586,38,147,347,272,377,367,339,407,464,189,435,573,341,153,608,221,492,121,40,406,252,292,588,174,493,369,6,27,102,609,420,485,519,575,231,410,546,497,338,363,590,381,309,302,524,162,360,325,45,596,494,594,457,114,158,197,20,599,507,32,116,266,196,345,184,465,82,614,198,450,62,618,107,37,595,134,217,531,463,522,66,545,55,99,370,468,178,31,145,375,190,610,44,449,64,418,48,567,373,24,602,508,482,425,445,118,480,380,35,151,319,603,419,172,611,296,106,53,249,337,294,79,313,104,204,77,394,316,81,554,415,14,518,498,115,300,192,65,534,436,245,283,308,253,585,2,28,165,491,240,242,535,470,188,327,612,89,354,349,616,384,402,29,84,459,136,563,532,413,520,218,135,22,343,87,23,96,193,620,328",5000,100
26,0,80214.5577343741,1.6544143304684906,"12,440,584,51,329,61,280,361,86,601,562,183,225,561,486,495,282,371,92,155,335,397,348,577,287,72,439,57,328,541,170,167,166,529,205,111,622,4,52,56,255,59,444,256,141,346,403,597,353,286,520,413,532,213,550,41,589,558,246,431,124,159,399,552,525,604,161,216,421,350,321,365,376,88,474,615,281,355,598,320,392,551,130,304,10,297,405,209,110,284,262,330,536,126,442,101,559,443,334,200,393,456,428,378,177,279,250,396,401,582,511,411,265,527,73,574,219,21,241,275,426,285,131,268,476,207,454,430,215,230,388,496,447,278,50,146,322,71,613,152,576,227,432,74,391,344,139,3,617,506,26,583,169,261,483,505,247,5,389,460,226,7,270,555,395,368,570,340,587,528,210,176,437,223,310,16,372,517,15,60,235,553,620,193,96,87,23,22,343,356,324,298,502,352,600,163,18,417,311,103,566,148,113,254,526,95,523,530,305,544,578,228,307,487,412,91,605,478,123,448,259,466,434,490,579,271,138,556,181,276,538,83,263,452,366,257,47,273,269,67,592,232,621,484,244,423,315,43,13,433,503,30,142,175,342,571,533,387,625,143,627,499,500,289,206,565,195,274,422,614,198,537,453,493,588,292,252,507,116,174,20,32,599,197,114,158,457,609,102,27,524,162,302,6,485,420,519,575,231,410,546,497,363,338,515,80,157,196,345,266,202,248,469,409,400,258,236,339,367,407,464,68,234,472,25,105,477,386,586,38,147,347,377,341,435,189,45,596,494,573,153,381,590,309,619,186,173,69,364,260,509,360,325,608,221,492,369,121,40,406,272,415,554,14,518,498,115,300,380,35,99,55,370,468,178,31,425,445,118,480,602,508,482,373,24,65,192,81,534,436,563,29,84,459,136,79,313,283,308,585,253,2,28,165,491,64,240,242,535,77,394,316,245,53,106,296,611,384,616,470,418,48,567,145,190,375,354,44,610,449,172,419,319,151,66,545,612,327,188,349,463,522,531,402,603,54,593,78,312,238,154,62,450,107,37,595,217,82,134,510,229,108,301,416,560,239,623,179,211,427,39,149,568,46,70,233,424,243,374,539,293,160,208,543,379,501,222,100,194,9,187,572,382,49,624,42,214,408,488,180,414,150,277,580,212,467,58,359,557,564,137,306,290,455,547,326,358,481,314,119,336,125,75,85,542,288,144,479,17,471,191,90,267,569,581,291,299,63,251,76,462,156,93,36,201,475,606,122,548,362,133,512,112,451,504,199,441,516,203,132,333,129,97,540,549,513,607,317,128,489,591,94,117,404,521,446,140,264,429,332,109,390,461,295,224,171,438,383,220,318,385,34,120,473,303,11,19,626,135,218,458,33,127,323,164,185,357,184,465,89,294,337,249,104,204,331,237,168,351,8,182,514,398,98,594,618",5000,100
26,1,76639.24840800834,1.8117784970337985,"442,330,536,262,110,284,578,544,305,530,523,251,76,326,358,481,314,93,125,75,85,542,298,502,288,144,261,169,583,26,506,617,3,139,227,432,74,391,344,303,426,275,576,285,476,268,131,120,473,385,34,368,223,437,176,210,299,291,378,428,393,456,528,587,340,570,241,21,219,73,574,265,411,582,511,401,396,250,279,177,581,569,267,18,600,417,163,566,311,103,148,113,193,620,96,87,23,22,343,54,593,78,460,395,555,270,7,226,239,623,179,301,416,560,501,379,222,100,504,441,199,333,132,203,516,382,572,194,9,187,39,427,149,568,46,220,390,461,295,429,229,510,108,332,211,15,517,324,356,206,565,195,274,422,500,289,627,499,625,533,387,143,540,97,549,513,607,117,94,404,521,200,334,559,443,526,254,462,156,352,90,471,479,17,191,95,101,126,290,306,137,564,557,58,359,467,122,606,475,350,321,365,615,474,376,88,598,320,392,551,130,304,209,405,297,10,152,207,454,430,215,230,388,496,447,278,208,293,160,539,374,243,424,70,233,42,214,408,488,180,414,150,112,512,133,548,362,451,50,146,322,71,613,527,5,247,505,483,543,19,626,135,218,458,181,276,556,259,466,434,490,579,525,161,216,421,580,212,277,281,355,98,201,336,119,164,256,141,346,357,597,353,286,52,56,255,59,444,403,57,328,541,170,167,166,111,622,4,205,529,315,323,33,127,43,13,348,577,287,72,138,271,329,61,280,361,601,562,183,225,561,486,495,282,371,91,335,155,92,412,487,317,128,489,591,129,63,175,342,571,234,472,25,105,477,272,377,367,339,407,189,435,573,341,45,596,173,69,260,364,509,515,363,338,497,546,410,231,575,519,485,420,609,102,27,162,524,302,153,360,325,493,588,369,6,174,116,507,32,599,197,158,114,20,594,457,590,381,309,494,409,469,186,619,157,266,345,196,202,248,80,121,40,406,386,586,38,147,347,252,292,221,608,492,464,68,400,258,236,235,553,310,16,372,60,450,62,618,107,37,595,134,217,82,198,614,465,184,537,453,142,140,446,312,238,154,455,547,178,31,468,370,380,300,115,498,518,14,554,415,81,245,316,394,192,65,534,436,563,29,84,459,136,79,313,104,204,77,242,535,240,470,373,24,602,508,482,425,445,118,480,567,48,418,145,610,44,449,64,491,165,2,253,585,308,283,419,603,319,151,35,99,55,545,66,522,463,89,612,327,188,349,354,375,190,402,531,611,172,384,616,296,106,53,249,337,294,264,109,273,269,67,558,520,124,257,47,244,423,83,484,263,592,232,621,538,452,366,550,413,532,213,159,246,431,589,41,182,514,11,237,351,168,224,171,438,331,49,624,318,503,584,51,440,185,439,397,478,605,123,448,8,398,399,552,36,389,307,228,604,12,86,433,30,383,28",5000,100
26,2,72658.04766731492,1.8366955145649866,"255,59,444,164,256,141,346,403,597,353,286,52,56,4,111,269,273,67,558,257,47,484,83,263,592,232,621,538,452,366,550,213,532,413,159,246,124,520,431,41,589,552,399,398,8,182,514,19,626,135,218,458,181,276,556,259,466,434,490,579,525,604,161,216,421,350,321,365,615,474,376,88,598,320,392,551,130,304,209,405,297,10,144,85,542,298,502,352,600,417,163,18,267,569,581,177,279,250,396,401,582,511,411,265,527,73,219,21,241,176,437,223,570,340,587,528,210,299,291,378,428,393,456,460,226,7,270,555,395,368,574,303,426,275,285,576,227,432,74,391,344,139,3,617,506,26,583,169,261,483,505,247,5,125,75,156,462,36,98,281,355,212,580,277,150,112,512,133,548,362,451,293,160,539,374,243,424,624,49,382,572,194,9,187,149,568,46,220,390,461,295,429,229,510,108,332,211,301,416,560,239,623,179,208,543,132,333,199,504,441,516,203,222,100,379,501,318,120,473,385,34,476,268,131,152,207,454,430,215,230,388,496,447,278,50,146,322,71,613,288,90,471,479,17,191,95,526,254,311,566,103,148,113,193,620,96,87,23,22,343,310,553,235,60,356,206,565,289,500,499,387,143,627,175,342,571,625,533,234,472,25,105,477,386,586,38,147,347,406,272,377,367,339,407,464,68,400,258,236,409,469,186,619,260,364,509,515,363,338,497,546,410,231,575,519,485,420,609,102,27,162,524,302,381,590,309,69,173,596,45,494,573,435,189,341,153,360,325,493,369,6,588,292,252,174,116,507,594,32,599,20,197,158,114,457,142,453,537,422,274,195,324,517,15,372,16,94,404,521,200,334,559,443,101,442,126,330,536,262,110,284,523,530,305,544,578,228,307,487,335,155,92,489,128,317,591,129,97,540,549,513,607,117,93,358,455,547,290,306,137,564,557,58,359,467,91,371,495,282,601,562,183,225,561,486,280,361,86,12,440,584,51,433,503,30,357,57,328,541,170,167,166,529,205,622,423,244,397,348,577,287,72,138,271,329,61,439,185,605,478,123,448,336,606,475,122,237,351,168,224,171,438,331,408,214,42,233,70,488,180,414,11,383,39,427,264,109,446,312,238,154,450,62,618,107,37,595,134,217,82,198,614,465,184,345,266,248,80,157,196,202,40,121,492,221,608,394,316,240,470,373,24,602,508,482,425,445,118,480,567,48,418,145,178,31,468,370,99,55,545,66,522,463,89,612,327,188,349,354,375,190,610,44,449,64,491,28,165,2,253,585,308,283,313,104,204,77,242,535,79,245,192,65,534,436,563,29,84,459,136,53,249,337,294,106,296,611,172,419,603,319,151,35,300,380,81,554,415,14,518,498,115,531,402,616,384,33,127,43,13,323,315,481,314,119,201,76,251,63,326,78,389,593,54,140,412",5000,100
26,3,71754.065873669,2.069430192665133,"584,51,141,346,403,597,353,286,52,56,255,59,444,164,256,433,503,30,183,225,561,486,495,282,371,92,412,557,564,137,306,290,547,455,326,76,251,63,523,530,305,544,578,228,307,487,317,128,489,591,129,97,540,549,513,607,117,94,404,521,200,334,559,443,101,442,126,330,536,262,110,284,479,471,17,191,95,526,254,311,566,103,148,113,193,620,96,87,23,22,343,54,593,78,389,460,226,7,395,368,223,570,340,587,528,210,299,291,378,428,393,456,215,230,388,496,447,278,451,548,362,133,512,112,516,203,222,100,379,501,318,543,208,293,160,539,374,243,424,624,49,382,572,194,9,187,149,568,46,220,390,461,295,429,229,510,108,332,211,301,416,560,239,623,179,140,264,109,446,312,238,154,450,62,618,107,37,595,134,217,82,198,614,422,274,195,324,517,15,372,16,310,553,235,60,356,206,565,289,500,499,627,387,143,533,625,571,342,175,25,105,477,386,586,38,147,347,406,272,377,367,339,234,472,142,453,537,465,184,345,196,202,248,80,157,266,515,363,338,497,546,410,231,575,519,485,420,609,102,27,162,524,302,153,341,435,189,407,464,68,400,258,236,409,469,186,619,260,364,509,360,325,493,369,6,588,292,252,174,116,507,594,32,599,20,197,158,114,457,590,381,309,69,173,596,45,494,573,90,417,163,18,267,569,581,177,279,250,396,401,582,511,411,265,527,73,574,219,21,241,176,437,275,426,285,576,227,432,74,391,344,139,3,617,506,26,583,169,261,483,505,247,5,303,131,268,476,207,454,430,152,71,613,322,146,50,212,580,277,150,180,414,488,408,214,42,233,70,331,171,438,383,39,427,159,246,124,520,413,532,213,257,47,484,244,423,315,323,127,33,43,13,577,287,72,138,271,329,61,280,361,86,12,440,185,357,57,328,541,170,167,166,529,205,622,4,111,269,273,67,558,589,41,431,601,562,439,397,348,458,181,276,556,259,466,434,448,123,478,605,490,579,525,604,161,216,421,350,321,365,615,474,376,88,598,320,392,551,130,304,209,405,297,10,144,85,542,298,502,352,600,351,168,224,398,8,182,514,19,626,135,218,550,366,452,263,592,232,621,538,83,399,552,237,11,91,335,155,58,359,467,122,36,481,314,119,201,336,606,475,156,462,358,281,355,98,125,75,288,270,555,333,199,504,441,132,473,385,34,120,93,40,121,492,221,608,394,192,65,534,436,563,29,84,459,136,79,313,104,204,77,165,2,253,585,308,283,245,81,554,415,14,518,498,115,300,380,316,240,242,535,470,373,24,602,508,482,425,445,118,480,567,48,418,145,178,31,468,370,99,55,545,66,522,463,89,612,327,188,349,354,375,190,610,44,449,64,491,28,531,402,616,296,106,53,249,337,294,172,419,603,319,151,35,611,384",5000,100
26,4,71405.66926458754,2.186902220565439,"398,8,182,514,19,626,135,218,458,181,276,556,259,466,434,490,579,525,604,161,216,421,350,321,365,615,474,376,88,598,320,392,551,130,304,209,405,297,10,144,85,542,298,502,352,600,417,163,18,267,569,581,177,279,250,396,401,582,511,411,265,527,73,574,219,21,241,176,437,223,570,340,587,528,210,299,291,378,428,393,456,460,226,7,270,555,395,368,34,120,473,385,318,476,268,131,285,576,227,432,74,391,344,139,3,617,506,26,583,169,261,483,505,247,5,303,426,275,207,454,430,215,230,388,496,447,278,50,146,322,71,613,152,293,160,539,374,243,424,70,233,42,214,408,488,180,414,150,277,580,212,191,17,471,479,90,95,526,254,311,566,103,148,113,193,620,96,87,23,22,343,54,593,78,389,140,446,312,238,154,450,62,618,107,37,595,134,217,82,198,614,465,184,345,196,202,248,80,157,266,515,363,338,497,546,410,231,575,519,485,420,609,102,27,302,153,341,435,189,407,464,68,400,258,236,409,469,186,619,173,596,45,494,573,339,234,472,25,105,477,386,586,38,147,347,406,40,121,492,221,608,325,493,369,6,360,367,272,377,162,524,174,116,507,594,32,599,20,197,158,114,457,590,381,309,69,260,364,509,616,384,296,611,172,419,603,319,151,35,370,99,55,545,66,522,463,89,612,327,188,349,354,375,190,610,44,449,64,491,28,165,2,253,585,308,283,313,104,204,77,394,192,65,534,436,563,29,84,459,136,79,245,81,554,415,14,518,498,115,300,380,316,240,242,535,470,373,24,602,508,482,425,445,118,480,567,48,418,145,178,31,468,294,337,249,53,106,531,402,537,422,274,195,324,517,15,372,16,310,553,235,60,356,206,565,289,500,499,627,387,143,540,549,513,607,117,94,404,521,200,334,559,443,101,442,126,330,536,262,110,284,523,530,305,544,578,228,307,487,335,155,92,412,557,564,137,306,290,547,455,326,76,251,63,358,481,314,119,201,336,606,475,122,467,359,58,91,371,282,495,486,561,225,562,183,601,361,86,12,440,584,51,141,346,403,597,353,286,52,56,255,59,444,164,256,185,357,57,328,541,170,167,166,529,205,622,4,111,269,273,67,558,589,41,431,124,520,413,532,213,257,47,484,244,423,315,323,33,127,43,13,577,287,72,138,271,329,61,280,439,397,348,550,366,452,263,592,232,621,538,83,399,552,246,159,331,171,168,351,237,11,383,438,224,49,382,572,194,9,187,149,568,46,220,390,461,295,429,229,510,108,332,211,301,416,560,239,623,179,208,543,132,333,199,504,441,516,203,222,100,379,501,36,98,281,355,462,156,93,125,75,288,264,109,427,39,624,451,548,362,133,512,112,448,123,478,605,317,128,489,591,129,97,571,342,175,142,453,625,533,292,252,588,433,503,30",5000,100
27,0,75941.77939061745,1.79919058936498,"262,110,284,559,334,200,443,95,526,311,566,103,148,113,193,620,96,87,23,22,343,54,78,389,460,395,7,270,555,140,446,264,109,108,510,229,429,618,62,450,274,195,324,517,15,372,16,310,235,553,60,521,404,117,94,549,97,540,129,607,513,128,489,317,155,92,371,335,412,487,564,137,306,290,547,455,326,76,63,251,523,530,305,544,578,228,307,58,359,467,122,475,604,525,161,216,626,19,11,514,182,8,366,550,213,263,452,592,232,621,538,124,520,532,413,47,257,484,83,244,423,315,33,127,323,111,622,4,529,205,166,167,170,541,328,185,357,440,51,584,503,433,256,164,444,59,255,286,52,56,353,597,403,141,346,276,556,448,259,466,434,490,579,478,605,282,495,486,561,225,183,86,12,280,439,72,138,271,329,61,601,562,30,57,13,577,348,287,397,43,399,552,398,181,458,218,237,351,168,224,171,438,383,187,9,194,427,39,149,568,46,220,390,461,295,211,332,572,382,49,624,424,374,539,243,543,318,120,473,385,34,333,132,199,504,441,516,203,222,379,501,100,623,179,301,416,560,239,247,5,505,483,288,261,169,144,209,405,297,10,304,130,392,551,98,36,481,314,336,119,201,355,281,474,615,376,88,598,320,613,71,322,146,50,362,548,451,512,133,150,277,112,580,212,180,414,488,233,42,214,408,331,70,454,207,476,268,131,215,430,230,388,447,496,278,152,74,227,432,576,285,426,275,303,279,250,396,401,511,582,411,265,527,73,574,219,21,241,437,176,368,570,340,587,210,528,299,291,378,428,456,393,226,312,238,154,593,356,565,206,500,289,499,627,387,625,533,571,342,175,142,453,537,159,246,431,589,41,67,273,269,558,442,17,471,479,90,191,417,163,18,600,352,502,298,542,85,177,267,569,581,293,160,208,254,617,3,139,26,506,583,391,344,223,595,82,217,134,198,614,422,143,477,105,25,472,234,339,367,377,272,406,40,492,221,608,325,360,369,6,493,588,292,38,586,147,347,252,197,114,158,363,338,497,546,410,231,575,519,485,420,609,102,27,162,524,302,153,341,573,494,45,596,173,69,309,381,590,157,80,248,202,196,345,266,184,465,402,531,463,522,66,545,99,55,151,35,370,468,178,31,375,145,418,48,567,480,118,445,482,425,508,602,24,373,470,240,242,535,192,65,534,436,563,29,84,459,136,79,104,204,77,394,316,300,115,380,172,419,603,319,384,616,296,611,249,294,337,53,106,518,14,554,415,81,245,253,585,308,283,313,28,165,491,64,449,44,610,190,354,349,89,612,327,188,2,498,462,156,93,125,75,358,126,330,536,101,435,189,407,464,68,258,400,409,469,186,619,509,364,260,515,599,594,32,20,507,116,174,457,321,365,606,350,421,135,557,91,591,123,361,37,107,386,121,236",5000,100
27,1,73460.278657344,2.013769747275324,"213,550,532,413,520,124,246,159,399,552,224,171,438,383,187,9,39,149,568,46,220,390,461,295,134,217,82,595,37,107,618,62,450,274,195,324,517,15,372,16,310,235,553,60,521,404,250,396,401,511,582,411,265,527,73,574,176,437,223,570,340,587,210,528,299,291,378,428,393,456,368,34,385,120,131,268,476,285,426,275,303,576,227,432,74,391,344,3,139,26,506,583,617,261,169,483,505,247,5,144,288,75,125,93,156,462,36,481,314,119,201,98,130,392,551,304,209,405,297,10,320,598,355,474,615,281,88,376,321,365,606,475,122,228,307,487,412,557,564,137,306,290,547,455,326,358,76,63,251,523,530,305,544,578,262,110,284,101,442,17,471,479,90,191,417,163,18,267,569,581,177,279,113,254,311,566,103,148,193,620,96,87,23,22,343,54,78,389,460,395,7,270,555,140,264,109,108,510,229,429,446,332,211,301,416,560,239,623,179,572,382,49,624,424,243,374,539,293,160,208,543,333,132,199,504,441,516,203,222,100,379,501,388,447,496,278,152,613,71,322,146,50,362,548,451,512,133,112,150,277,580,212,180,414,488,233,70,42,214,408,331,351,168,237,11,514,182,8,398,135,218,458,181,276,556,448,259,466,434,490,579,525,604,161,216,350,421,336,91,359,467,58,513,607,591,128,489,317,155,335,92,371,282,495,486,561,225,562,183,601,361,86,12,280,329,61,439,72,138,271,123,478,605,397,43,33,315,323,127,348,287,577,13,185,57,328,541,170,167,52,56,4,622,111,166,529,205,452,366,484,83,592,263,538,232,621,47,257,558,67,273,269,423,244,589,41,431,403,141,346,51,584,503,433,30,256,164,444,59,255,286,353,597,357,440,342,175,142,25,477,105,252,292,20,507,116,174,588,608,221,492,121,40,406,377,272,367,339,234,472,236,258,400,68,409,469,186,619,173,69,260,364,509,515,363,338,497,546,410,231,575,519,485,420,609,102,27,162,524,302,153,341,573,494,45,596,407,189,435,464,6,493,369,360,325,38,586,386,147,347,571,625,533,387,143,627,499,289,500,565,206,356,422,537,453,196,345,266,157,80,248,202,184,465,198,614,531,402,319,603,419,172,611,384,616,296,106,53,249,294,337,253,585,308,283,313,104,204,77,394,192,65,534,436,563,29,84,459,136,79,300,115,35,151,380,373,24,491,64,48,418,145,375,190,610,44,449,178,31,468,370,99,55,545,66,522,463,89,612,327,188,349,354,470,240,242,535,2,28,165,316,81,14,518,554,415,245,498,602,508,482,425,445,118,480,567,32,594,457,158,114,599,197,381,590,309,502,298,542,85,241,21,219,207,454,430,215,230,194,427,200,334,559,443,95,526,126,330,536,94,117,549,97,540,129,312,238,154,593,226,352,600,473,318,626,19",5000,100
27,2,74595.02353306826,1.9681083337111147,"205,622,4,111,529,166,167,170,541,328,57,185,357,403,597,353,286,255,59,444,164,256,51,584,503,433,30,183,562,601,361,86,12,440,346,141,225,561,486,495,282,371,91,412,487,564,137,306,290,547,455,326,76,63,251,523,530,305,544,578,228,307,95,526,311,566,103,148,113,254,193,620,87,23,22,343,96,310,235,553,60,521,404,117,94,549,97,540,129,591,128,489,317,155,335,92,36,481,314,119,336,365,606,475,604,525,161,216,626,19,11,237,351,168,224,171,438,383,187,9,194,427,39,149,568,46,220,390,461,295,618,62,450,274,195,324,517,15,372,16,356,206,565,500,289,627,499,143,533,571,342,175,142,453,537,184,345,266,196,202,248,80,157,509,515,363,338,497,546,410,231,575,485,420,609,102,27,162,524,302,153,341,573,494,45,596,173,69,260,364,619,186,469,409,400,68,258,236,472,234,339,367,377,272,406,386,586,38,147,347,292,252,20,197,158,114,599,594,32,507,116,174,588,493,369,6,360,325,608,121,221,492,40,189,435,464,407,381,590,519,457,130,392,551,304,209,405,297,10,320,598,355,281,615,474,376,88,321,201,98,462,156,93,125,75,542,298,502,352,600,417,163,18,267,569,581,177,279,250,396,401,511,582,411,265,527,73,574,219,21,241,437,223,570,340,587,210,528,299,291,378,428,456,393,226,460,389,593,312,238,154,264,109,108,510,229,429,446,140,555,270,7,395,203,516,382,572,49,243,424,624,70,42,233,488,133,512,112,180,414,150,277,580,212,421,350,122,58,359,467,557,358,126,330,536,262,110,284,101,442,17,471,479,90,191,288,144,85,261,169,505,247,5,483,152,613,71,322,146,50,362,548,451,496,447,278,388,230,454,430,215,227,432,74,391,344,3,139,26,506,583,617,303,576,285,426,275,476,268,131,120,473,385,318,208,543,333,132,441,504,199,222,379,501,100,623,179,301,416,560,239,211,332,443,200,334,559,607,513,218,458,181,276,556,448,259,466,434,490,579,123,478,605,397,43,127,33,315,323,423,244,484,83,47,257,558,589,41,431,246,159,399,552,550,532,413,520,124,621,232,592,263,452,366,213,538,135,514,182,8,398,217,82,595,37,107,78,54,61,280,329,439,72,138,271,13,577,348,287,52,56,269,273,67,293,160,539,374,408,214,331,55,545,66,522,463,89,612,327,188,349,354,375,145,418,48,567,480,118,445,482,508,602,24,373,240,242,535,192,65,534,245,178,31,468,370,99,319,151,35,172,611,384,616,296,106,53,249,294,337,253,585,308,104,204,77,394,316,300,115,380,425,518,14,554,415,81,2,28,165,491,64,449,44,610,190,419,603,402,531,134,198,614,422,387,625,477,105,25,309,465,563,29,84,459,136,79,313,283,498,470,436,368,34,176,207",5000,100
27,3,72196.95935268071,2.058418513533996,"580,212,277,112,512,133,362,548,451,496,447,278,152,613,71,322,146,50,160,539,374,243,424,70,233,42,214,408,488,180,414,150,19,626,135,218,458,181,276,556,448,259,466,434,490,579,122,58,359,467,557,564,137,306,290,547,455,326,76,63,251,523,530,305,544,578,262,110,284,101,442,126,330,536,75,125,93,156,462,36,481,314,119,201,98,130,551,392,320,598,355,281,615,474,376,88,321,365,606,475,604,525,161,216,350,421,207,454,430,215,230,388,208,293,368,570,340,587,210,528,299,291,378,428,456,393,226,460,395,7,270,555,140,446,264,109,108,510,229,429,332,211,301,416,560,239,623,179,203,516,382,572,194,427,39,149,568,46,220,390,461,295,134,217,82,595,37,107,618,62,450,274,195,324,517,15,372,16,310,235,553,60,521,404,117,94,549,97,540,129,607,513,591,128,489,317,155,92,371,282,495,486,561,225,183,562,601,361,86,12,440,51,584,503,433,256,141,346,357,185,57,13,577,348,287,397,43,127,33,323,315,423,244,484,83,592,263,452,366,550,213,159,399,552,224,171,438,383,187,9,441,504,199,333,132,379,501,100,222,473,131,120,318,385,34,170,167,353,286,52,56,4,622,111,529,205,166,621,232,538,328,541,280,329,61,439,72,138,271,123,478,605,91,412,487,335,358,209,405,297,10,304,169,483,505,247,5,401,511,582,411,265,527,73,574,219,21,241,437,176,223,356,206,565,500,289,627,499,143,387,625,533,571,342,175,142,472,234,339,367,377,272,406,40,492,121,221,608,325,360,369,6,493,588,292,252,20,32,594,457,609,102,27,162,524,302,153,341,573,494,45,596,173,69,260,364,509,515,363,338,497,546,410,231,575,519,485,420,381,590,309,80,157,266,196,345,202,248,236,258,400,68,409,469,186,619,407,189,435,464,453,25,105,477,386,586,38,147,347,507,116,174,197,158,114,599,198,614,422,537,184,465,402,319,603,419,172,611,384,616,296,106,53,249,294,337,498,518,14,554,415,81,245,192,65,534,436,563,29,84,459,136,79,313,283,308,104,204,77,394,316,300,115,35,370,468,178,31,375,190,610,449,44,418,48,567,480,118,445,482,425,508,602,24,373,470,240,242,535,2,253,585,28,165,491,64,145,380,188,463,522,66,545,55,99,531,89,612,327,354,349,96,87,23,22,343,54,78,389,593,312,238,154,275,426,285,576,227,432,74,391,344,3,139,26,506,583,617,261,288,85,144,90,191,17,471,479,95,526,311,566,103,148,113,254,193,620,542,298,502,352,600,417,163,18,267,569,581,279,250,396,268,476,543,11,514,182,8,398,237,351,168,331,624,49,558,67,273,269,47,257,41,589,431,246,124,520,532,413,444,164,30,59,255,403,597,336,303,177,334,200,443,559,307,228,151",5000,100
27,4,71370.09622121863,10.941054184431529,"287,577,348,13,43,127,33,315,423,244,484,83,592,263,452,366,550,213,538,232,621,458,181,276,556,448,259,466,434,490,579,525,161,216,604,350,321,365,606,475,122,58,359,467,91,412,557,487,335,92,371,282,495,486,561,225,183,562,601,361,86,12,440,51,584,503,433,256,164,444,59,255,286,52,56,4,622,205,529,166,167,170,541,328,353,597,403,141,346,357,185,57,72,439,329,61,280,397,8,182,514,11,19,626,135,218,398,237,351,168,224,171,438,383,187,9,194,427,39,149,568,46,220,390,461,295,134,217,82,595,37,107,618,62,450,274,195,324,517,15,372,16,310,235,553,60,521,404,117,94,549,97,540,129,607,513,591,128,489,317,155,298,542,85,144,288,261,169,483,505,247,5,401,511,582,411,265,527,73,574,219,21,241,437,176,210,528,299,291,378,428,456,393,226,460,395,7,270,555,140,446,264,109,108,510,229,429,332,211,301,416,560,239,623,179,203,516,382,572,49,624,424,70,42,214,408,488,233,331,93,125,75,358,462,156,314,119,201,336,36,481,455,326,76,63,251,523,530,305,544,578,228,307,95,526,311,566,103,148,113,254,193,620,96,87,23,22,343,54,78,389,593,312,238,154,356,206,565,500,289,499,627,387,625,533,571,342,175,142,472,234,339,367,377,272,406,40,492,121,221,608,325,360,369,6,493,588,292,252,20,32,599,594,457,609,102,27,162,524,302,153,341,573,494,45,596,173,69,260,364,509,515,309,381,590,519,485,420,507,116,174,197,158,114,575,231,410,546,497,363,338,347,147,586,38,386,477,105,25,143,569,267,18,163,417,600,352,502,90,191,17,471,479,442,126,330,536,262,110,284,101,443,559,334,200,177,581,279,250,396,570,340,587,223,368,34,385,318,120,473,131,268,476,285,426,275,303,576,227,432,74,391,344,3,139,26,506,583,617,405,297,10,304,209,551,392,320,598,355,281,615,474,376,88,212,421,580,180,414,150,277,112,512,133,362,548,451,496,278,152,613,71,322,146,50,160,539,374,243,441,132,333,543,208,293,207,454,430,215,230,388,447,98,130,290,547,137,306,564,159,399,552,323,111,269,47,257,558,67,273,41,589,431,246,124,520,532,413,199,504,501,379,222,100,531,463,522,66,545,99,55,370,468,380,300,115,35,151,319,603,419,172,611,384,616,296,106,53,249,294,337,498,518,14,554,415,81,245,192,65,534,436,563,29,84,459,136,79,313,283,308,104,204,77,394,316,470,240,242,535,2,253,585,28,165,491,64,48,567,480,118,445,482,425,508,602,24,373,145,418,354,349,89,612,327,188,449,44,610,190,375,31,178,402,465,198,614,422,537,453,196,345,266,248,80,157,68,258,236,186,619,409,469,407,189,435,464,400,202,184,138,271,123,478,605,30",5000,100
27,5,71599.75954646281,2.2075892763879654,"19,626,135,218,458,181,276,556,448,259,466,434,490,579,525,161,216,350,421,580,212,277,112,512,133,362,548,451,496,278,152,613,71,322,146,50,160,539,374,243,424,70,233,331,351,168,224,171,438,383,187,9,194,427,39,149,568,46,220,390,461,295,134,217,82,595,37,107,618,62,450,274,195,324,517,15,372,16,310,235,553,60,521,404,117,94,549,97,540,129,607,513,591,128,489,317,155,92,371,282,495,486,561,225,183,562,601,361,86,12,440,51,584,503,433,256,164,444,59,255,286,52,56,4,622,111,529,205,166,167,170,541,328,57,13,577,348,287,397,43,127,33,323,315,423,244,484,83,592,263,452,366,550,532,413,520,124,246,431,589,41,558,67,273,269,47,257,213,159,399,552,398,237,11,514,182,8,180,414,150,604,376,474,281,355,598,320,392,551,130,98,36,481,314,119,336,358,462,156,93,125,75,542,298,502,352,600,417,163,18,267,569,581,279,250,396,401,511,582,411,265,527,73,574,219,21,241,437,176,223,570,340,587,210,528,299,291,378,428,456,393,226,460,395,7,270,555,140,446,264,109,108,510,229,429,332,211,301,416,560,239,623,179,203,516,382,572,49,624,207,454,430,215,230,388,447,34,385,318,120,473,131,268,476,285,426,275,303,576,227,432,74,391,344,3,139,26,506,583,617,405,297,10,304,209,144,288,261,169,483,505,247,5,368,442,126,330,536,262,110,284,101,559,334,200,443,95,526,311,566,103,148,113,254,193,620,96,87,23,22,343,54,78,389,593,312,238,154,356,206,565,500,289,627,499,143,387,625,533,571,342,175,25,105,477,386,586,38,147,347,252,292,492,121,221,608,325,360,369,6,493,588,174,116,507,32,599,594,457,609,102,27,162,524,302,153,341,573,494,45,596,173,69,260,364,509,515,363,338,497,546,410,231,575,519,485,420,381,590,309,80,157,266,196,345,202,248,236,258,400,68,409,469,186,619,407,189,435,464,367,377,272,406,40,197,158,114,20,615,321,365,606,475,122,58,359,467,91,412,557,564,137,306,290,547,455,326,76,63,251,523,530,305,544,578,228,307,487,335,61,280,329,439,72,138,271,123,478,605,30,346,403,141,357,185,597,353,232,621,538,408,488,543,208,293,333,132,199,504,441,222,100,379,501,402,531,463,522,66,545,99,370,468,178,31,375,190,610,44,449,64,48,567,480,118,445,482,425,508,602,24,373,470,240,242,535,2,253,585,308,283,313,104,204,77,394,316,81,245,192,65,534,436,563,29,84,459,136,79,106,53,249,294,337,616,296,498,518,14,554,415,380,300,115,35,151,319,603,419,172,611,384,28,165,491,145,418,354,349,89,612,327,188,55,142,472,234,339,177,471,479,90,191,17,201,88,85,198,614,422,537,453,184,465,42,214",5000,100
28,0,94068.00008971614,1.8734497723682844,"141,256,164,444,59,255,328,541,166,529,111,622,4,205,56,52,127,33,323,315,397,167,185,357,346,51,584,440,86,361,280,329,61,140,555,270,368,570,340,395,223,587,265,411,275,426,73,180,414,133,512,548,451,3,576,227,432,207,454,230,536,284,110,442,605,550,621,423,263,592,452,366,273,244,558,257,484,83,556,181,458,276,259,466,434,448,506,26,583,176,210,299,288,483,505,278,447,496,388,318,34,385,120,473,405,209,378,291,528,393,456,428,78,222,100,379,501,543,156,201,443,559,200,334,63,251,476,219,574,23,87,343,177,581,254,103,566,311,10,348,577,287,57,353,286,597,433,503,161,131,268,285,344,391,74,71,613,322,146,50,362,233,331,617,593,389,139,5,582,527,441,199,504,132,333,112,150,277,580,212,193,620,96,310,553,235,356,295,461,39,62,618,107,37,312,109,264,517,15,372,595,172,419,612,327,89,545,66,370,35,55,99,459,84,29,65,245,192,136,534,436,563,240,508,602,482,115,300,178,468,425,190,354,375,145,48,418,610,44,204,104,308,283,79,313,253,585,567,531,470,373,24,445,118,480,64,449,2,535,242,514,11,182,398,232,413,532,520,124,431,218,538,412,335,144,169,261,572,49,427,70,293,160,215,430,8,487,307,228,530,523,358,455,547,75,591,97,540,305,544,126,274,195,226,606,301,108,510,229,623,560,416,179,130,551,297,321,462,98,392,320,355,281,615,474,598,88,90,191,17,479,471,93,125,460,341,406,105,25,153,377,472,407,189,435,619,186,409,469,309,485,420,609,594,599,114,158,197,20,493,221,492,121,608,588,27,302,162,524,6,519,457,102,32,507,116,174,292,69,173,45,596,494,573,339,38,586,386,477,68,400,236,258,234,367,464,364,260,142,157,80,248,266,345,196,360,325,369,342,175,350,475,604,525,336,119,36,304,163,18,502,549,513,607,401,396,511,7,437,148,113,600,352,417,85,488,408,214,382,203,516,624,424,224,351,168,438,171,552,399,12,562,183,225,561,495,282,371,91,137,564,314,467,359,58,557,317,306,290,262,578,326,76,330,101,95,526,267,569,279,250,627,499,500,289,117,94,404,521,60,129,143,410,231,515,509,202,533,387,625,571,539,374,243,208,152,67,246,159,589,41,269,47,13,43,170,19,626,135,187,9,211,446,332,465,184,453,272,40,381,590,546,497,575,252,347,147,450,154,238,22,54,247,542,298,498,611,384,616,319,151,241,21,421,216,579,490,478,123,271,138,72,439,403,601,155,128,489,303,365,481,376,82,217,134,106,30,213,92,486,565,206,324,16,429,46,220,568,149,194,239,491,165,28,554,415,14,518,81,77,394,316,31,349,188,522,463,402,390,42,237,422,363,338,380,296,603,294,337,249,53,614,198,537,122,383",5000,100
28,1,76507.95710577279,1.8855419897316852,"141,51,584,503,440,357,346,403,597,170,167,541,328,353,269,273,67,558,589,41,431,246,159,532,413,257,47,244,423,33,127,323,315,397,348,577,287,57,185,439,72,138,271,123,317,591,128,489,155,335,487,91,371,282,495,486,561,225,562,183,86,12,572,382,516,203,100,222,379,501,441,504,199,132,333,543,208,293,160,539,374,243,624,49,212,580,421,350,475,604,525,161,216,414,133,512,112,277,150,180,488,408,214,42,70,233,451,548,362,50,322,146,613,71,152,74,391,344,227,432,506,26,583,139,3,617,405,297,10,144,288,483,505,247,5,401,582,511,527,265,411,87,193,620,96,310,553,235,129,404,117,94,540,97,549,513,607,305,530,523,251,63,76,326,358,455,547,290,306,137,564,467,359,58,392,551,130,98,281,615,474,376,88,355,119,201,481,314,336,365,321,606,122,579,490,434,605,478,396,250,279,569,267,581,177,476,268,131,120,473,385,318,215,430,454,230,388,496,447,278,285,426,275,576,437,223,570,340,368,241,21,219,574,73,303,261,169,85,542,298,502,352,600,18,163,417,191,17,471,479,90,93,75,125,528,210,299,291,378,428,456,393,555,270,7,395,226,460,78,389,593,54,62,450,274,195,206,565,627,499,289,500,103,566,148,311,254,526,95,559,544,578,462,156,304,209,295,461,429,109,264,446,140,517,324,16,372,15,366,550,213,83,484,538,621,232,592,263,452,520,124,8,398,237,351,168,224,399,552,171,438,34,207,36,320,598,614,198,465,402,531,463,522,66,545,55,99,370,44,610,190,418,48,567,535,242,240,470,373,24,602,480,118,445,425,482,508,380,300,115,172,498,518,81,14,554,415,459,29,84,436,534,65,192,245,563,136,79,313,104,204,77,394,165,491,64,316,178,31,375,145,354,349,188,612,327,89,238,154,510,229,108,332,301,179,623,211,390,220,568,46,383,331,187,9,194,239,560,416,343,23,22,427,39,149,514,182,11,19,626,231,410,546,497,363,338,590,381,309,69,260,364,509,515,157,202,248,80,266,196,345,184,492,221,608,588,292,252,38,386,406,40,121,325,360,369,6,493,173,596,45,494,341,573,435,189,407,464,68,258,400,409,469,186,619,236,142,175,342,571,625,387,533,107,37,595,134,217,82,557,412,329,61,280,361,601,218,135,556,448,259,466,276,181,458,166,529,205,622,4,111,13,43,30,433,59,444,164,256,255,56,52,286,101,442,126,536,330,110,284,262,113,200,334,443,521,228,307,234,25,105,477,377,272,367,339,472,586,147,347,158,114,197,20,457,594,599,32,507,116,174,162,524,302,27,102,609,420,485,519,575,153,453,537,422,60,356,312,618,176,587,424,28,2,253,585,308,283,249,294,337,53,106,296,611,384,603,319,151,35,468,419,449,616,143,92",5000,100
28,2,76095.84088904914,1.9213620771226227,"166,529,205,622,4,111,273,269,67,558,589,41,431,246,124,520,413,532,550,213,257,47,484,83,592,263,452,366,232,538,621,276,181,458,218,19,626,514,182,8,398,237,351,168,224,399,552,438,383,9,194,427,39,149,568,46,220,390,295,461,510,229,108,332,301,179,623,239,560,416,598,355,281,615,474,376,88,359,58,467,122,606,475,365,321,350,421,580,212,277,112,512,133,362,548,451,160,293,539,374,243,49,572,382,516,203,441,504,199,132,333,543,208,388,230,430,215,454,207,285,426,275,476,268,131,502,85,75,125,93,156,462,36,481,314,336,119,201,211,100,379,501,222,456,393,428,378,291,299,250,396,401,511,582,265,411,527,73,303,576,227,432,74,391,344,506,26,583,139,3,617,405,209,304,10,297,613,71,322,146,50,278,152,597,353,286,56,52,167,541,328,57,287,577,348,397,13,43,127,323,315,33,282,495,486,561,225,562,183,601,86,361,280,329,61,439,72,138,271,123,478,605,490,579,448,259,466,434,556,368,241,21,219,574,176,437,223,570,340,587,528,210,473,385,34,318,120,247,5,505,483,288,144,169,261,279,581,569,267,18,163,417,600,352,90,191,471,479,17,442,330,536,262,110,284,101,95,526,254,311,566,103,148,113,193,620,96,87,23,22,343,154,238,312,62,450,274,195,206,565,356,16,372,324,517,15,310,553,235,60,521,404,117,94,540,97,549,513,607,591,129,177,443,559,334,200,347,477,105,25,175,342,571,625,387,533,499,289,500,627,143,487,137,564,306,290,547,455,326,76,63,251,523,530,305,544,578,228,307,317,155,335,92,371,91,412,557,358,126,542,298,98,392,551,130,70,233,42,214,408,488,180,150,414,216,161,604,525,331,187,624,424,446,140,109,264,429,618,107,37,595,134,217,82,465,402,531,463,522,66,545,55,99,370,35,115,300,380,65,192,245,436,534,313,104,204,2,253,585,308,283,79,136,563,29,84,459,535,242,240,470,373,24,602,508,482,425,178,31,468,445,118,480,567,48,418,145,44,449,64,491,165,28,394,316,415,14,518,498,296,611,172,419,603,319,151,384,616,53,249,294,337,106,81,554,198,614,30,433,256,164,444,59,255,403,141,51,584,503,440,346,357,185,170,423,244,171,54,389,78,593,447,496,320,460,395,555,270,7,226,202,248,80,157,266,345,196,184,409,469,186,619,173,45,596,494,573,367,407,435,189,221,608,325,360,153,524,162,302,27,102,609,420,485,519,575,231,410,546,497,338,363,590,381,309,69,260,364,509,515,116,174,588,292,252,20,197,158,114,599,32,594,457,507,6,369,493,492,121,40,406,272,377,339,234,472,142,453,537,422,400,258,236,68,341,188,327,612,89,349,354,375,190,610,77,489,128,147,386,38,586,464,12,159,135,11",5000,100
28,3,73869.48388946787,2.0024520093092812,"512,133,362,548,451,447,496,278,152,613,71,322,146,50,212,580,277,112,150,180,414,216,525,161,604,350,421,320,392,551,130,98,36,481,314,336,119,201,281,355,474,376,88,598,304,209,405,297,10,144,288,483,505,247,5,582,411,265,527,73,303,476,268,131,120,473,385,34,368,223,437,176,210,528,456,393,428,378,291,299,250,279,581,569,267,18,163,417,600,352,90,191,471,479,17,95,526,254,311,566,103,148,113,193,620,96,553,235,60,356,206,565,500,422,400,68,409,469,186,619,260,364,509,515,157,80,248,202,196,266,345,184,465,198,82,217,134,595,37,107,618,62,450,154,238,312,593,389,460,395,7,226,140,555,270,570,340,587,574,511,401,396,576,227,432,74,391,344,26,583,506,139,3,617,426,275,219,21,241,215,430,230,388,454,207,285,126,455,326,76,63,251,523,530,305,544,578,307,228,564,137,306,290,547,358,125,93,156,462,75,542,298,502,85,261,169,560,239,100,379,501,222,333,132,539,374,243,49,572,382,516,203,441,504,199,194,427,39,149,568,46,220,390,295,461,510,229,108,332,301,211,179,623,416,109,264,446,429,274,195,324,16,310,15,517,372,289,627,499,591,128,489,317,155,335,412,557,58,359,467,122,606,475,365,321,200,334,559,443,521,404,117,94,540,97,549,513,607,110,284,101,442,330,536,262,41,431,246,124,520,413,532,550,213,257,47,484,83,592,232,538,621,458,181,556,448,259,466,434,490,579,605,478,123,271,138,439,72,287,577,348,13,43,127,33,323,315,423,244,273,269,67,558,589,529,205,622,4,111,166,167,170,541,328,57,185,357,346,141,51,584,503,440,12,361,280,329,61,86,601,562,183,225,561,486,495,282,371,92,143,533,625,387,494,573,341,153,369,6,197,158,114,457,420,485,519,575,231,410,546,497,590,381,309,69,173,45,596,258,236,272,377,367,339,234,472,25,105,477,386,38,147,347,586,464,435,189,407,121,492,221,608,325,360,588,292,252,20,32,594,599,507,116,174,493,102,27,524,162,302,609,406,40,175,342,571,142,453,537,614,363,338,313,283,308,585,253,2,28,165,491,64,470,240,242,535,373,24,602,508,482,425,468,55,99,370,35,115,300,380,316,81,554,415,14,518,498,296,106,53,249,294,337,611,172,419,603,319,151,66,545,522,463,188,327,612,89,349,354,375,190,145,418,48,567,118,445,480,178,31,610,44,449,65,192,245,534,436,563,29,84,459,136,79,104,204,77,394,384,616,402,531,383,331,233,42,214,408,488,70,424,624,187,9,318,514,182,8,398,399,224,171,438,276,397,597,353,286,56,52,164,444,59,255,403,256,433,30,452,366,263,218,135,626,19,11,237,351,168,552,159,129,177,23,87,343,22,54,78,543,208,293,160,91,487,615",5000,100
28,4,75013.25006465378,1.9681083337111147,"348,577,287,57,328,170,541,167,166,529,205,622,4,111,52,56,286,353,597,403,346,141,51,584,503,440,12,361,86,601,562,183,225,561,486,495,282,371,92,155,335,412,557,58,359,467,122,606,475,421,580,212,277,112,512,133,362,548,451,447,496,388,230,430,215,318,120,473,385,34,501,379,222,100,239,560,416,301,179,623,211,332,108,510,229,264,446,140,555,270,7,226,528,210,299,291,378,428,456,393,340,587,223,570,368,241,21,219,426,275,476,268,131,26,506,583,139,3,617,405,297,10,209,304,551,130,392,320,598,355,281,615,474,376,88,321,365,201,119,336,481,314,358,326,76,63,251,523,530,305,544,578,228,307,487,137,306,290,547,455,93,156,462,75,125,479,191,471,17,126,330,536,262,110,284,101,442,443,559,334,200,117,94,540,97,549,513,607,591,129,404,521,502,352,600,417,163,18,267,569,581,177,279,250,396,401,511,582,411,265,527,73,303,344,391,227,432,74,576,285,207,454,152,613,71,322,146,50,278,437,176,574,438,383,187,149,568,46,220,390,295,461,595,134,465,198,614,450,154,238,312,593,389,460,395,54,78,22,343,15,517,324,16,372,310,553,235,60,356,206,565,500,289,627,499,422,537,453,142,175,202,196,266,345,184,338,363,590,381,309,69,173,45,596,494,573,341,153,369,6,493,325,360,588,292,252,20,32,599,594,457,420,485,519,575,231,410,546,497,609,102,27,524,162,302,116,507,174,386,586,38,147,347,477,105,25,339,367,377,272,406,40,121,492,221,608,509,515,157,80,248,619,260,364,435,189,407,464,68,400,258,236,409,469,186,516,203,504,441,132,333,543,208,293,160,539,374,243,624,424,70,233,42,408,214,331,168,224,351,237,11,19,626,514,182,8,398,399,552,159,532,413,520,124,246,431,47,257,558,589,41,269,273,67,458,181,556,448,259,466,434,490,579,525,161,604,350,247,5,505,483,288,144,169,261,542,298,98,36,414,180,150,317,128,489,143,387,533,625,571,472,234,197,158,114,217,82,62,618,37,107,178,31,375,190,610,44,449,64,491,165,28,2,253,585,308,283,313,104,204,77,394,316,81,554,415,14,518,498,296,106,53,249,294,337,245,534,436,563,29,84,459,136,79,611,172,419,603,319,151,66,545,55,99,370,468,425,118,445,480,602,508,482,373,24,242,535,240,470,384,616,402,531,463,522,89,612,327,188,349,354,380,300,115,35,429,109,90,526,254,311,566,103,148,113,193,620,96,87,23,488,213,550,366,232,621,538,592,263,452,123,478,605,61,439,72,138,271,329,280,13,43,127,33,323,315,423,244,484,83,185,357,433,30,256,164,444,59,255,276,397,171,216,382,572,49,9,194,427,39,199,95,564,91,85,567,48,418,145,192,65,274,195,342,135,218",5000,100
28,5,72926.99086636408,2.123632277393329,"256,164,444,59,255,286,353,597,403,141,346,357,185,439,72,138,271,329,61,361,86,12,440,51,584,503,433,30,52,56,167,166,529,205,622,4,111,273,269,67,558,589,41,431,246,124,413,532,159,399,552,237,351,168,224,171,438,383,331,233,42,70,424,243,624,49,572,382,516,203,504,441,132,333,199,194,427,39,149,568,46,220,390,295,461,595,37,107,618,62,450,154,238,312,593,389,78,54,343,22,23,87,620,96,553,235,310,372,16,356,206,565,195,274,422,537,453,142,175,342,571,472,234,339,407,464,68,400,258,236,409,469,186,619,260,364,509,515,157,80,248,202,196,266,345,184,465,402,531,463,522,66,545,55,99,370,35,115,300,380,316,394,77,204,104,308,585,253,2,28,165,491,64,449,44,610,190,375,145,418,48,567,118,445,480,602,508,482,425,178,31,468,419,172,611,296,106,53,249,294,337,498,518,14,554,415,81,534,436,65,192,245,84,459,136,79,283,313,563,29,535,242,240,470,373,24,354,349,327,612,89,188,384,616,319,151,603,18,163,417,600,352,90,298,502,85,542,75,156,462,93,125,358,326,76,63,251,523,530,305,544,578,228,307,487,137,564,306,290,547,455,3,617,405,209,304,320,598,355,281,615,474,376,88,212,580,421,350,321,365,606,475,604,525,161,216,414,180,150,277,112,512,133,362,548,451,293,160,539,374,222,100,239,560,416,301,179,623,211,332,108,510,229,264,109,446,140,226,437,176,574,241,21,219,131,120,473,385,34,501,379,496,447,278,152,613,71,322,146,50,388,230,430,215,318,514,182,8,398,458,181,556,448,259,466,434,490,579,605,478,123,91,467,359,58,557,335,412,122,336,119,201,36,481,314,265,527,73,303,576,227,432,74,391,344,506,26,583,139,261,169,144,288,483,505,247,5,401,511,582,411,275,426,285,476,268,570,340,587,528,210,299,291,378,428,456,393,250,396,569,267,581,177,279,392,551,130,98,129,540,97,549,513,607,591,128,489,317,155,92,371,282,495,486,561,225,562,183,601,280,13,43,127,323,315,423,244,484,83,592,263,452,366,550,213,520,257,47,541,170,33,397,348,577,287,57,328,232,621,538,276,135,626,19,11,488,408,214,187,9,25,105,477,386,586,38,147,347,625,387,533,499,289,500,627,521,404,117,94,200,334,559,101,442,330,536,262,110,284,95,526,254,311,566,103,148,113,193,60,15,517,324,443,272,377,367,341,573,435,189,494,45,596,173,69,309,381,590,363,338,497,546,410,231,575,457,609,420,485,519,114,158,197,20,32,594,599,507,116,174,588,221,608,492,121,40,406,292,252,369,6,493,325,360,162,524,302,27,102,153,614,198,82,217,134,429,460,395,7,270,555,543,208,207,454,223,368,479,17,471,191,126,143,297,10,218",5000,100
28,6,73102.89916409538,2.069430192665133,"36,481,314,336,119,201,281,615,474,376,88,598,355,365,321,350,421,580,212,277,112,512,133,362,548,451,447,496,278,388,230,430,454,207,285,426,275,219,574,241,21,268,131,120,473,385,34,501,379,222,100,239,560,416,301,179,623,211,332,108,510,229,264,446,140,555,270,7,226,528,210,299,291,378,428,456,393,250,396,401,511,582,411,265,527,73,303,576,227,432,74,391,344,3,617,506,26,583,139,261,169,144,288,483,505,247,5,581,177,279,569,267,18,163,417,600,352,90,191,471,479,17,126,559,443,334,200,101,442,330,536,262,110,284,95,526,254,311,566,103,148,113,193,620,96,87,23,22,343,54,78,389,460,395,176,437,223,368,543,208,293,160,539,374,243,624,424,70,233,42,408,214,331,168,237,351,224,171,438,383,9,187,149,568,46,220,390,295,461,595,37,107,618,62,450,154,238,312,593,324,517,15,310,553,235,60,356,206,565,195,274,422,537,453,142,175,342,571,625,387,533,499,500,627,289,94,117,404,521,579,478,605,490,434,556,448,259,466,276,397,348,577,287,57,185,357,346,141,51,440,584,503,12,361,280,329,61,439,72,138,271,123,91,371,92,155,335,412,557,564,137,306,290,547,455,326,76,63,251,523,530,305,544,578,228,307,487,317,128,489,591,129,540,97,549,513,607,215,318,199,504,441,132,333,382,516,203,194,427,39,572,49,613,71,322,146,50,414,180,150,75,542,298,502,85,320,392,551,130,98,304,209,405,297,10,218,135,626,19,11,514,182,8,398,399,552,538,232,621,458,181,529,205,166,167,170,541,328,353,597,403,56,52,286,255,59,444,164,256,433,30,86,601,562,183,225,561,486,495,282,124,520,532,413,159,246,431,41,589,67,558,273,269,622,4,111,43,13,127,33,323,315,423,244,484,83,592,263,452,366,550,213,257,47,488,161,216,525,604,475,606,122,467,359,58,377,367,339,234,472,25,105,477,386,586,38,147,347,121,40,406,272,435,189,407,464,68,400,258,236,409,469,186,619,260,364,509,515,157,80,248,202,196,266,345,184,338,363,590,381,309,69,173,45,596,494,573,341,153,116,174,588,493,325,360,369,6,27,102,609,420,485,519,575,231,410,546,497,32,594,599,158,114,457,507,20,197,252,292,492,221,608,524,162,302,125,93,156,462,358,152,476,587,340,570,109,429,82,217,134,465,198,614,55,99,370,35,115,300,380,316,81,554,415,14,518,498,611,384,616,402,531,463,522,66,545,319,151,468,178,31,145,418,48,567,118,445,480,602,508,482,425,77,394,535,242,240,470,373,24,491,64,449,44,610,190,375,354,349,327,612,89,188,563,29,84,459,136,79,313,283,308,585,253,2,28,165,104,204,192,245,534,436,65,337,294,249,106,53,296,172,419,603,143,16,372",5000,100
28,7,71975.22536831886,2.2178604461682627,"141,346,357,185,57,328,170,541,127,33,323,315,423,244,484,83,592,263,452,366,550,213,257,47,67,558,589,41,431,246,124,520,413,532,159,399,552,171,438,383,331,214,408,488,180,150,277,112,512,133,362,548,451,447,496,278,152,613,71,322,146,50,212,580,421,350,321,365,606,475,604,525,161,216,414,626,19,514,182,8,398,237,351,168,224,208,293,160,539,374,243,624,49,572,382,516,203,504,441,132,333,199,222,100,239,560,416,301,179,623,211,332,108,510,229,264,109,446,140,555,270,7,226,460,395,389,78,54,343,22,23,87,620,96,193,310,553,235,60,15,517,324,195,274,422,537,453,142,175,342,571,625,387,533,499,289,500,627,143,549,97,540,129,94,117,404,521,200,334,559,443,95,526,254,311,566,103,148,113,483,288,144,85,542,298,502,352,600,417,163,18,267,569,581,177,279,250,396,401,511,582,411,265,527,73,303,576,227,432,74,391,344,3,617,405,297,10,209,304,551,130,392,320,598,355,281,615,474,376,88,36,481,314,336,119,201,169,261,505,247,5,291,378,428,456,393,528,210,299,176,437,223,587,340,570,368,241,21,219,574,583,139,26,506,98,156,462,93,125,75,126,330,536,262,110,284,101,442,17,471,479,90,191,476,268,131,120,473,385,34,501,379,46,220,390,295,461,429,82,217,134,595,37,107,618,62,450,154,238,312,593,275,426,285,207,454,215,430,230,388,424,70,233,42,543,318,273,269,622,4,111,529,205,166,167,52,56,286,353,597,403,440,12,361,86,601,562,183,225,561,486,495,282,371,92,155,335,412,557,564,137,306,290,547,455,326,76,63,251,523,530,305,544,578,228,307,487,317,128,489,591,513,607,444,59,255,433,256,164,51,584,503,30,61,280,329,439,72,138,271,123,478,605,490,579,448,259,466,434,556,181,458,276,397,348,13,577,287,43,232,621,538,135,218,358,467,359,58,91,198,465,184,345,196,266,248,202,69,173,596,45,494,573,435,189,407,464,68,400,258,236,409,469,186,619,260,364,509,515,157,80,32,594,457,507,116,174,588,493,325,360,369,6,524,162,302,27,102,609,420,485,519,575,231,410,546,497,338,363,590,381,309,599,20,197,158,114,292,252,121,492,221,608,40,406,272,377,367,339,234,472,25,105,477,386,586,38,147,347,153,341,188,327,612,89,463,522,66,545,55,99,370,35,115,300,380,470,373,24,602,508,482,425,178,31,468,445,118,480,567,48,418,145,190,375,354,349,104,204,77,394,65,192,245,534,436,563,29,84,459,136,79,313,283,308,585,253,2,28,165,491,64,449,44,610,419,603,319,151,384,611,296,106,53,249,294,337,415,14,518,498,172,81,554,316,240,242,535,531,402,616,194,427,39,149,568,9,187,11,372,16,356,206,565,614,122",5000,100
28,8,72053.03794668673,2.1449296353251004,"322,146,50,212,580,421,350,321,365,606,475,604,525,161,216,414,180,150,277,112,512,133,362,548,451,447,496,278,388,230,430,215,318,385,34,501,379,222,100,239,560,416,301,179,623,211,332,108,510,229,264,109,446,140,555,270,7,226,528,210,299,291,378,428,456,393,340,570,368,437,176,574,241,21,219,131,268,476,285,426,275,576,227,432,74,391,344,3,617,405,297,10,209,304,551,130,392,320,598,355,281,615,474,376,88,36,481,314,336,119,201,359,58,91,371,92,155,335,412,557,564,137,306,290,547,455,326,76,63,251,523,530,305,544,578,228,307,487,317,128,489,591,129,94,117,404,521,200,334,559,443,95,526,254,311,566,103,148,113,193,620,96,87,23,22,343,54,78,389,460,395,583,139,26,506,261,169,144,85,542,298,502,352,600,417,163,18,267,569,581,177,279,250,396,401,511,582,411,265,527,5,247,505,483,288,156,462,93,125,75,126,330,536,262,110,284,101,442,17,471,479,90,191,358,98,42,70,233,488,408,214,331,168,224,351,237,11,19,626,514,182,8,398,218,135,556,181,458,276,397,348,287,577,13,43,127,33,323,315,423,244,484,83,592,263,452,366,550,213,257,47,67,558,589,41,431,246,124,520,413,532,159,399,552,171,438,383,187,9,194,427,39,149,568,46,220,390,461,295,595,134,217,82,614,198,465,184,345,196,266,248,202,69,173,45,596,494,573,435,189,407,464,68,400,258,236,409,469,186,619,260,364,509,515,157,80,32,594,457,420,485,519,575,231,410,546,497,338,363,590,381,309,302,27,102,609,599,20,197,158,114,292,252,121,492,221,608,325,360,369,6,493,588,40,406,272,377,367,339,234,472,25,105,477,386,586,38,147,347,625,387,533,499,289,500,627,143,16,372,310,553,235,60,356,206,565,422,274,195,324,517,15,312,593,238,154,62,450,618,107,37,327,612,89,188,349,354,375,145,418,48,567,118,445,480,602,508,482,425,178,31,468,370,35,115,300,380,316,81,554,415,14,518,498,172,419,603,319,151,66,545,55,99,65,192,245,534,436,563,29,84,459,136,79,313,283,308,585,253,2,28,165,491,64,449,44,610,190,373,24,470,240,242,535,77,394,204,104,486,495,282,329,61,280,361,86,601,562,183,225,561,448,259,466,434,490,579,478,605,122,467,271,138,72,439,185,357,346,141,51,584,503,440,12,59,255,56,52,286,353,597,403,167,166,529,205,622,4,111,273,269,621,232,538,30,433,256,164,444,152,613,71,132,333,199,504,441,203,516,382,49,572,429,374,243,624,424,539,160,293,208,543,531,463,522,328,170,541,57,73,303,207,454,223,587,513,607,549,97,540,537,453,142,175,342,571,162,524,153,341,174,116,507,120,473,296,106,53,249,294,337,611,384,616,402,123",5000,100
28,9,70660.65153286983,2.9635352743495478,"30,433,256,164,444,59,255,56,52,286,353,597,403,141,51,584,503,440,346,357,185,439,72,138,271,123,478,605,490,579,525,161,216,414,180,150,277,112,512,133,362,548,451,447,496,278,388,230,430,215,318,385,34,501,379,222,100,239,560,416,301,179,623,211,332,108,510,229,264,109,446,140,555,270,7,226,528,210,299,291,378,428,456,393,340,587,223,570,368,437,176,574,241,21,219,131,268,476,285,426,275,576,227,432,74,391,344,3,617,405,297,10,209,304,551,130,392,320,598,355,281,615,474,376,88,321,365,606,475,604,350,421,580,212,146,50,322,71,613,152,207,454,543,208,293,160,539,374,243,624,49,382,516,203,504,441,132,333,199,194,427,39,149,568,46,220,390,461,295,595,134,217,82,614,198,465,184,345,196,266,248,202,69,173,45,596,494,573,435,189,407,464,68,400,258,236,409,469,186,619,260,364,509,515,157,80,153,341,221,608,492,121,40,406,272,377,367,339,234,472,25,105,477,386,586,38,147,347,292,252,20,197,158,114,599,32,594,457,420,485,519,575,231,410,546,497,338,363,590,381,309,302,27,524,162,369,6,493,325,360,588,174,116,507,102,609,453,142,175,342,571,625,387,533,499,289,500,206,565,356,16,372,310,553,235,60,15,517,324,195,274,422,537,600,417,163,18,267,569,581,177,279,250,396,401,511,582,411,265,527,73,303,583,139,26,506,261,169,144,85,542,298,502,352,90,191,95,526,254,311,566,103,148,113,193,620,96,87,23,22,343,54,593,78,389,460,395,154,238,312,618,107,37,450,62,429,143,627,521,200,334,559,443,101,442,330,536,262,110,284,530,305,544,578,228,307,487,317,128,489,591,129,540,97,549,513,607,94,117,404,126,17,471,479,75,125,93,156,462,98,36,481,314,336,119,201,359,58,122,467,91,371,92,155,335,412,557,564,137,306,290,547,455,326,76,63,251,523,358,282,495,486,561,225,562,183,601,86,12,361,280,329,61,47,484,83,592,263,452,366,550,213,257,558,589,41,431,246,124,520,413,532,159,399,552,171,438,383,331,214,408,488,70,233,42,424,9,187,572,398,237,351,168,224,287,397,43,13,577,348,276,181,458,218,135,626,19,11,514,182,8,621,538,232,244,423,33,323,315,127,170,541,328,57,529,205,622,4,111,273,269,67,166,167,556,448,259,466,434,120,473,296,106,53,249,294,337,245,534,436,563,29,84,459,136,79,313,283,308,585,253,2,28,165,491,64,418,48,567,118,445,480,602,508,482,425,178,31,468,370,35,115,300,380,316,394,77,204,104,535,242,240,470,373,24,354,349,327,612,89,188,384,616,402,531,463,522,66,545,55,99,65,192,81,554,415,14,518,498,172,611,419,603,319,151,375,145,610,190,449,44,288,483,505,247,5",5000,100
29,0,94195.74049887041,1.7608870322924943,"30,433,357,256,164,286,444,59,255,85,298,502,352,600,569,267,581,112,323,315,127,33,83,484,47,257,213,366,452,232,592,538,244,423,529,205,111,166,622,4,269,273,67,558,98,130,547,455,326,76,63,251,18,163,417,591,627,289,500,330,442,126,536,523,530,578,305,544,471,479,551,392,350,604,525,161,216,451,548,362,243,374,539,132,333,215,430,230,344,391,3,139,506,26,583,303,73,574,268,131,120,473,241,21,140,297,304,10,405,209,93,156,36,481,314,358,336,119,201,359,467,58,412,605,478,476,291,378,393,456,428,368,219,447,496,278,543,208,293,160,388,624,424,512,133,277,150,180,414,11,194,109,264,229,275,426,454,207,74,432,227,576,50,146,322,71,613,542,75,356,206,123,60,620,193,96,553,235,310,125,191,202,248,80,157,266,196,573,494,45,596,469,409,68,400,258,236,234,339,367,105,477,142,309,302,102,524,162,27,369,6,381,590,338,363,497,546,410,231,575,252,116,174,507,32,599,20,197,420,485,609,292,588,493,325,360,608,618,62,218,389,411,265,527,401,247,5,505,144,288,483,169,261,279,422,387,404,521,427,416,560,179,623,301,176,340,587,223,570,437,285,239,100,222,516,203,311,566,103,148,443,559,617,113,334,200,487,290,306,137,564,557,317,385,34,537,453,519,457,594,435,341,153,189,407,464,55,99,370,468,425,482,508,602,480,118,445,24,373,242,535,470,240,77,394,316,81,14,518,554,415,53,106,296,172,419,319,151,35,593,78,210,528,39,49,572,382,561,225,335,91,513,607,94,129,17,101,262,110,284,117,511,582,396,250,90,254,238,154,195,274,324,16,372,15,517,460,395,226,504,199,441,379,501,421,580,212,376,7,555,270,514,19,626,287,13,43,541,170,328,57,185,597,403,141,51,584,440,346,397,577,348,12,86,361,601,61,329,280,439,72,276,550,621,365,321,474,615,281,355,598,320,307,228,221,121,492,40,406,272,377,114,158,465,204,104,313,283,308,253,585,44,449,64,48,418,145,545,66,349,354,375,190,610,567,165,491,28,2,603,463,522,89,327,612,31,178,380,300,115,29,84,459,192,245,534,436,563,136,79,65,498,611,184,489,128,282,486,495,562,183,490,579,434,466,259,448,556,167,56,52,353,138,271,475,606,88,124,246,431,589,41,263,458,181,182,8,135,155,108,510,332,211,54,22,23,87,343,616,384,509,364,260,69,173,619,186,515,345,472,342,175,386,38,586,147,25,571,625,533,347,143,371,122,214,408,331,224,351,168,237,552,399,159,413,532,520,503,152,318,107,37,595,429,568,149,9,187,438,171,46,220,390,461,295,531,188,614,198,217,82,312,446,450,95,526,177,42,233,70,488,398,462,549,97,540,565,299,499,134,402,337,294,249,92,383",5000,100
29,1,75324.3258314803,1.8490281119219594,"30,433,256,164,444,59,255,56,52,286,353,597,403,357,185,439,72,138,271,329,61,280,361,601,562,183,225,561,486,495,282,371,605,478,123,434,466,259,448,556,181,458,276,287,57,328,541,170,167,166,529,205,4,622,111,269,273,67,558,589,41,431,246,124,520,413,532,159,399,552,171,438,383,46,220,390,295,461,100,222,379,501,385,34,473,120,318,368,223,437,176,574,411,265,527,73,303,583,506,26,139,3,617,405,297,10,304,209,144,261,169,505,483,247,5,401,396,250,279,267,569,581,90,191,471,479,17,542,298,502,352,600,417,163,18,103,566,311,254,113,148,393,456,378,428,291,299,210,528,587,340,570,7,270,395,460,226,21,241,131,268,476,285,576,227,432,74,344,391,208,293,160,374,539,543,132,333,199,504,441,572,382,516,203,301,560,416,555,140,446,109,264,108,510,229,429,618,37,595,134,217,82,614,198,537,453,142,175,342,25,105,477,367,234,472,236,258,400,68,469,409,186,619,260,364,509,515,80,157,248,202,196,266,345,184,427,39,9,187,149,568,277,150,112,512,133,451,548,362,50,146,322,71,613,152,447,496,388,230,430,215,454,207,426,275,219,580,212,421,350,604,525,161,216,11,514,182,8,398,257,47,484,83,592,232,621,538,315,33,127,323,348,577,397,43,13,452,366,550,213,263,244,423,193,620,96,87,23,22,343,310,15,517,324,372,16,235,553,60,356,206,565,500,289,627,499,533,625,387,143,129,540,97,549,513,607,117,94,404,521,200,334,559,443,95,526,262,110,284,101,442,126,330,536,523,530,305,544,578,290,306,137,564,557,58,359,467,122,336,119,201,98,281,615,474,376,88,598,320,392,551,130,462,156,93,125,75,85,288,414,180,488,408,214,331,351,168,224,237,365,321,606,475,19,626,135,218,141,51,584,503,12,86,440,346,609,420,485,519,410,231,575,497,546,338,363,309,381,590,457,594,32,599,20,197,158,114,292,252,588,493,153,341,494,573,45,596,173,69,507,116,174,608,325,360,369,6,162,524,302,27,102,40,121,492,221,272,377,407,189,435,464,339,386,147,347,586,38,406,326,358,481,314,36,91,412,487,307,228,317,128,489,591,155,92,335,490,579,194,239,623,179,211,332,233,70,42,624,49,243,424,312,593,54,78,389,278,62,450,154,238,195,274,422,465,402,531,66,522,463,188,612,327,89,44,610,449,165,491,64,48,418,567,240,242,535,2,28,253,585,308,283,313,79,136,563,29,84,459,436,534,65,192,245,81,554,415,14,518,498,115,300,380,316,394,77,204,104,602,482,508,24,373,480,118,445,425,178,31,145,375,354,349,370,99,55,545,35,151,319,603,419,172,611,296,106,53,294,337,249,616,384,190,468,470,511,582,177,251,63,76,547,455,355,107,571",5000,100
29,2,74379.86511484795,1.9331546179391612,"584,503,433,256,164,444,59,255,56,52,286,353,597,403,141,51,328,170,167,166,529,205,622,111,4,269,273,67,558,47,257,484,83,592,232,621,538,452,366,550,213,413,532,520,124,246,159,398,399,552,171,438,383,310,372,16,235,553,60,356,206,565,500,289,627,499,533,625,387,143,129,540,97,549,513,607,117,94,404,521,200,334,559,443,95,526,311,566,103,148,113,254,193,620,96,87,23,22,343,54,78,389,593,312,62,618,107,37,595,134,217,82,614,198,465,402,319,151,35,300,115,498,172,611,296,106,53,294,337,249,79,136,563,29,84,459,436,534,65,192,245,81,554,415,14,518,480,118,445,508,482,425,178,31,375,145,418,567,48,64,491,28,165,449,44,610,190,354,349,188,612,327,89,463,522,545,66,55,99,370,468,380,316,394,77,204,104,313,283,308,253,585,2,242,535,240,470,373,24,602,160,293,208,543,333,199,504,441,132,572,49,624,424,70,42,214,408,233,488,331,351,168,237,11,19,626,514,182,8,135,218,458,276,181,448,556,259,466,434,490,579,525,161,216,604,350,421,580,212,277,150,112,512,133,180,414,548,362,451,278,447,496,388,230,430,215,454,207,285,275,426,303,73,574,219,21,241,131,268,476,473,120,385,34,318,368,223,437,176,210,528,587,340,570,7,270,555,140,446,109,264,108,510,229,429,295,461,390,332,211,301,560,416,239,623,179,238,154,195,274,422,537,453,142,175,342,25,105,477,367,377,272,406,40,121,492,608,325,360,369,6,493,588,221,252,292,116,174,507,32,594,599,20,197,114,158,457,485,420,609,102,27,162,524,302,153,341,494,573,435,189,407,464,45,596,173,69,309,381,590,519,575,231,410,546,497,338,363,515,260,364,509,157,80,248,202,619,186,469,409,68,258,236,400,472,234,339,386,586,38,147,347,571,30,601,562,183,225,561,486,495,282,371,91,412,557,564,137,306,290,547,455,326,76,63,251,523,530,305,544,578,262,110,284,101,442,126,330,536,228,307,487,335,155,92,605,478,123,271,329,61,280,361,86,12,440,346,357,185,57,13,348,577,287,397,43,127,33,323,315,423,244,589,41,431,90,191,471,479,17,542,298,502,85,144,288,483,169,261,505,247,5,401,396,250,279,267,569,581,18,163,417,352,600,378,291,299,582,511,411,265,527,320,392,551,130,98,36,201,119,336,122,606,475,365,321,474,615,281,355,598,88,376,439,72,138,541,209,297,10,304,156,93,125,75,462,481,314,358,58,467,359,128,489,591,531,419,603,384,616,184,345,196,266,15,517,324,382,516,203,100,222,379,501,194,39,427,149,568,46,220,9,187,506,583,617,26,139,3,391,344,227,432,74,576,395,460,226,456,393,428,613,152,71,146,322,50,539,374,243,224,263,177,405,450,317",5000,100
29,3,72043.22729662518,2.2075892763879654,"225,561,486,495,282,371,91,412,557,564,137,306,290,547,455,326,76,63,251,523,530,305,544,578,262,110,284,101,442,126,330,536,228,307,487,335,155,92,605,478,490,579,525,604,161,216,414,150,277,580,212,421,350,321,365,615,281,355,598,320,392,551,130,304,209,297,10,405,617,3,139,26,506,583,169,261,505,247,5,401,396,250,279,177,291,299,210,528,587,340,570,223,437,176,574,219,21,241,131,268,476,285,275,426,303,73,527,265,411,582,511,96,310,553,235,60,113,254,311,566,103,148,526,95,443,559,334,200,117,94,549,513,607,97,540,129,471,479,17,191,90,298,502,85,542,75,156,93,125,462,358,481,36,201,119,336,122,606,475,451,548,362,112,512,133,180,488,233,70,42,214,408,331,351,168,237,11,19,626,514,182,8,398,399,552,171,438,383,46,220,568,149,187,9,194,39,427,211,179,623,239,560,416,301,332,108,510,229,429,295,461,390,278,447,496,388,230,430,215,454,207,152,71,613,322,146,50,539,374,243,624,424,49,382,572,516,203,504,441,132,333,199,501,379,222,100,368,7,226,456,393,428,378,54,78,389,343,22,23,87,620,193,16,517,324,372,15,356,206,565,500,289,627,499,533,625,387,143,591,404,521,123,271,138,72,439,280,329,61,30,601,562,183,57,185,357,346,141,51,584,503,433,256,164,444,59,255,56,52,286,353,597,403,440,12,86,361,13,348,577,287,397,43,127,33,323,315,423,244,484,83,592,232,621,538,452,366,550,213,413,532,520,124,431,246,159,458,276,181,556,259,448,434,466,218,135,224,263,589,41,67,558,47,257,273,269,111,4,622,205,529,166,167,170,541,328,317,128,489,410,231,575,519,485,420,609,102,27,162,524,302,153,341,573,596,45,173,69,309,381,590,457,594,32,599,20,197,114,158,174,116,507,189,435,367,377,272,406,40,121,492,221,608,325,360,369,6,493,588,292,252,38,586,147,347,386,477,105,25,175,142,453,537,422,274,195,450,154,238,312,593,62,618,107,37,595,134,217,82,614,198,465,402,531,545,66,522,463,188,612,327,89,349,354,190,375,145,418,48,567,64,449,44,610,31,178,425,118,445,24,602,508,482,380,316,245,534,65,192,29,84,459,436,563,136,79,283,308,585,253,2,28,165,491,240,470,373,242,535,77,204,104,313,394,14,518,498,115,300,35,172,611,296,106,53,294,337,249,616,184,345,196,202,186,619,409,469,400,258,236,472,234,339,464,68,342,571,407,546,497,338,363,515,260,364,509,157,80,248,266,494,264,109,446,140,555,270,395,460,543,293,160,34,473,120,318,385,432,74,391,344,227,576,144,288,483,600,417,163,18,569,267,581,88,376,474,98,314,467,359,58,208,352,384,603,419,319,151,468,370,99,55,480,415,554,81",5000,100
29,4,74046.74180411357,1.9681083337111147,"451,548,362,112,512,133,180,414,150,277,580,212,421,350,604,525,161,216,11,19,626,135,218,458,276,397,43,13,348,577,287,57,185,357,346,141,51,584,503,433,256,164,444,59,255,56,52,286,353,597,403,440,12,86,361,601,562,183,225,561,486,495,282,371,91,412,557,564,137,306,290,547,455,326,76,63,251,523,530,305,544,578,262,110,284,101,442,126,330,536,95,526,311,566,103,148,113,254,193,620,96,87,23,22,343,54,78,389,460,226,456,393,428,378,291,299,210,528,587,340,570,223,437,176,574,219,21,241,368,7,270,555,140,264,109,446,312,62,618,107,37,595,134,217,82,614,198,465,402,319,151,35,370,99,55,545,66,522,463,531,89,612,327,188,375,145,418,48,567,445,118,480,602,508,482,425,178,31,468,380,300,115,498,518,14,554,415,81,316,394,77,204,104,313,283,308,585,253,2,28,165,491,64,449,44,610,190,354,349,271,138,72,439,280,329,61,30,541,170,167,166,529,205,622,4,111,269,273,67,558,589,41,431,246,159,399,552,171,438,383,46,568,149,187,9,194,39,427,211,301,332,108,510,229,429,295,461,390,220,261,169,483,505,247,5,401,396,250,279,581,177,569,267,18,163,417,352,600,90,298,542,85,144,288,502,304,209,405,297,10,320,392,551,130,98,36,481,314,119,201,336,122,467,359,58,228,307,487,335,155,92,317,128,489,591,97,540,549,513,607,117,94,404,521,200,334,559,443,462,156,93,125,75,358,579,490,605,478,123,434,466,259,448,556,181,232,621,538,452,366,550,213,413,532,520,124,244,484,83,263,592,8,398,257,47,224,351,168,237,331,49,624,424,70,42,214,408,233,488,374,539,243,88,376,474,615,281,355,598,146,322,71,613,152,454,207,447,496,388,230,430,215,208,543,333,199,504,441,132,572,382,516,203,100,222,379,501,385,34,473,120,318,476,268,131,426,275,303,576,227,432,74,391,344,3,139,26,506,583,617,50,278,160,293,60,235,553,310,372,16,517,324,195,274,422,537,453,142,175,342,571,625,387,143,129,471,479,17,191,511,582,411,265,527,73,285,15,238,154,450,616,384,603,419,172,611,296,106,53,294,337,249,79,136,563,29,84,459,436,534,65,192,245,535,242,240,470,373,24,573,435,189,407,464,68,400,258,236,472,234,339,367,377,272,406,40,121,492,221,608,325,360,369,6,493,588,292,252,38,586,147,347,386,477,105,25,409,469,186,619,596,45,173,69,309,381,590,519,485,420,609,102,27,162,524,302,153,341,494,457,594,32,599,20,197,114,158,174,116,507,575,231,410,546,497,338,363,515,260,364,509,157,80,248,202,196,266,345,184,127,33,323,315,423,328,182,514,416,623,179,239,560,395,593,356,206,565,500,289,627,499,533,606,475,365,321",5000,100
29,5,71650.14716313776,2.451492208755063,"323,33,127,315,423,244,484,83,263,592,232,621,538,452,366,550,213,413,532,520,124,431,246,159,399,552,171,438,383,46,220,568,149,187,9,194,39,427,211,179,623,239,560,416,301,332,108,510,229,429,264,109,446,140,555,270,395,460,226,456,393,428,378,291,299,210,528,587,340,570,223,437,176,574,219,21,241,131,268,476,285,275,426,303,576,227,432,74,391,344,3,139,26,506,583,617,405,297,10,304,209,144,288,483,505,261,169,396,250,279,581,177,569,267,18,163,417,352,600,90,191,471,479,17,542,298,502,85,467,359,58,228,307,487,335,155,92,317,128,489,591,97,540,549,513,607,117,94,404,521,200,334,559,443,95,526,311,566,103,148,113,254,193,620,96,87,23,22,343,54,78,389,593,312,238,154,450,62,618,107,37,595,134,217,82,614,198,465,402,531,66,545,55,99,370,468,178,31,145,418,48,567,445,118,480,602,508,482,425,380,300,115,172,611,296,106,53,249,294,337,459,84,29,563,136,79,65,192,245,534,436,81,554,415,14,518,498,373,24,470,240,242,535,77,204,104,313,283,308,585,253,2,28,165,491,64,449,44,610,190,375,354,349,188,612,327,89,463,522,151,319,603,419,384,616,184,345,196,266,157,80,248,202,186,619,596,45,173,69,309,381,590,519,575,231,410,546,497,338,363,515,260,364,509,493,588,174,116,507,27,162,524,302,153,341,494,573,435,189,407,464,68,400,258,236,472,234,339,367,377,272,406,40,121,492,221,608,325,360,369,6,609,457,485,420,102,32,594,599,20,197,114,158,147,347,386,586,38,252,292,477,105,25,175,342,571,142,453,537,422,274,195,324,372,16,235,553,310,60,356,206,565,500,289,627,499,533,625,387,143,129,98,36,481,314,119,201,336,122,606,475,365,321,350,421,580,212,277,150,180,414,488,70,42,214,408,233,331,351,168,237,11,19,626,135,218,458,276,181,448,434,466,259,328,170,541,167,166,529,205,622,4,111,269,273,67,558,589,41,398,8,182,514,224,424,243,624,49,382,572,516,203,100,222,379,501,385,34,473,120,318,215,208,543,333,199,504,441,132,451,548,362,112,512,133,50,146,322,71,613,152,454,207,447,496,388,230,430,278,160,293,374,539,525,161,216,604,355,281,615,474,376,88,598,320,392,551,130,462,156,93,125,75,358,326,76,63,251,523,530,305,544,578,262,110,284,101,442,126,330,536,455,547,290,306,137,564,557,412,91,371,282,495,486,561,225,183,30,601,562,280,329,61,361,86,12,440,584,503,433,256,164,444,59,255,56,52,286,353,597,403,141,51,346,357,185,57,13,348,577,287,397,43,72,439,138,271,123,478,605,490,579,556,368,7,511,401,582,411,265,527,73,247,5,390,461,295,517,15,35,316,394,409,469,257,47",5000,100
29,6,72636.06681982789,2.112903098613903,"478,605,123,271,138,72,439,185,57,328,170,541,167,166,529,205,622,4,111,269,273,67,558,589,41,431,246,159,532,413,550,213,257,47,484,83,263,592,232,621,538,452,366,181,556,259,448,434,466,490,579,525,161,216,11,19,626,135,218,458,276,397,43,13,348,577,287,444,59,255,56,52,286,353,597,403,141,51,584,503,433,256,164,346,357,440,12,86,361,601,562,183,225,561,486,495,282,371,91,412,557,564,137,306,290,547,455,326,76,63,251,523,530,305,544,578,262,110,284,101,442,126,330,536,95,526,311,566,103,148,113,254,193,620,96,87,23,22,343,54,78,389,593,312,62,618,107,37,595,134,217,82,614,198,465,402,531,66,545,55,99,370,468,178,31,145,418,48,567,445,118,480,602,508,482,425,380,300,115,172,611,296,106,53,294,337,249,79,136,563,29,84,459,436,534,65,192,245,81,554,415,14,518,498,316,394,77,204,104,313,283,308,585,253,2,28,165,491,64,449,44,610,190,375,354,349,188,612,327,89,463,522,151,319,603,419,384,616,184,345,196,266,157,80,248,202,186,619,409,469,400,258,236,472,234,339,367,377,272,406,40,121,492,221,608,325,360,369,6,493,588,292,252,38,586,147,347,386,477,105,25,175,342,571,142,453,537,422,274,195,324,517,15,372,16,310,553,235,60,356,206,565,500,289,627,499,533,625,387,143,129,540,97,549,513,607,117,94,404,521,200,334,559,443,352,600,163,417,18,581,177,291,299,210,528,587,340,570,223,437,176,574,219,21,241,131,268,476,285,576,227,432,74,391,344,3,139,26,506,583,617,405,297,10,320,392,551,130,98,36,481,314,119,201,336,122,606,475,365,321,350,604,355,598,88,376,474,615,281,462,156,93,125,75,542,298,502,85,144,288,483,505,247,5,401,396,250,279,267,569,261,169,209,304,613,71,146,322,50,112,512,133,180,414,150,277,580,212,421,243,374,539,160,293,208,543,132,333,199,504,441,203,516,382,572,49,624,424,70,42,214,408,233,488,331,351,168,237,224,171,438,383,46,220,568,149,187,9,194,39,427,211,179,623,239,560,416,301,332,108,510,229,429,264,109,446,140,555,270,395,460,226,456,393,428,378,154,238,511,582,411,265,527,73,303,275,426,454,207,447,496,388,230,430,215,548,362,451,278,92,335,155,128,489,591,228,307,487,58,359,467,514,182,8,398,399,552,280,329,61,30,390,461,295,7,222,379,501,385,34,473,120,318,368,100,479,471,17,191,90,317,515,260,364,509,45,596,173,69,309,381,590,519,575,231,410,546,497,338,363,609,102,27,162,524,302,153,341,494,573,435,189,407,464,68,485,420,457,594,32,599,20,197,114,158,174,116,507,323,33,127,315,423,244,520,124,152,358,242,535,240,470,373,24,35,450",5000,100
29,7,74453.73417579762,1.9213620771226227,"605,478,490,579,434,466,259,448,556,181,458,276,397,43,13,348,577,287,57,328,170,541,167,166,529,205,622,4,111,269,273,67,558,589,41,431,246,159,532,413,520,124,244,423,315,33,127,323,353,597,403,141,51,584,503,433,256,164,444,59,255,56,52,286,8,398,399,552,171,438,383,46,220,568,149,187,9,194,39,427,211,332,108,510,229,429,264,109,446,140,555,270,395,460,226,456,393,428,378,291,299,210,528,587,340,570,223,437,176,574,219,21,241,131,268,476,285,275,426,303,576,227,432,74,391,344,3,139,26,506,583,617,405,297,10,304,209,462,156,93,125,75,551,130,98,36,481,314,119,201,336,122,606,475,365,321,474,615,281,355,598,320,392,88,376,71,613,152,447,496,388,230,430,215,208,543,132,333,199,504,441,382,572,49,624,424,70,42,214,408,233,488,180,414,150,277,580,212,421,350,604,525,161,216,11,19,626,135,218,224,351,168,237,331,7,389,593,312,62,618,107,37,595,134,217,82,614,198,465,402,531,66,545,55,99,370,468,178,31,145,418,48,567,445,118,480,602,508,482,425,380,300,115,498,518,14,554,415,81,316,394,77,204,104,313,283,308,585,253,2,28,165,491,64,449,44,610,190,375,354,349,188,612,327,89,463,522,151,319,603,419,172,611,296,106,53,294,337,249,79,136,563,29,84,459,436,534,65,192,245,535,242,240,470,373,24,453,537,422,274,195,324,517,15,372,16,310,553,235,60,356,206,565,500,289,627,499,533,625,387,143,129,540,97,549,513,607,117,94,404,521,200,334,559,443,307,228,317,128,489,591,155,92,335,487,58,359,467,514,182,461,295,390,278,322,146,50,548,362,112,512,133,451,454,207,318,385,34,473,120,243,374,539,160,293,185,357,346,440,12,86,361,601,562,183,225,561,486,495,282,371,91,412,557,564,137,306,290,547,455,326,76,63,251,523,530,305,544,578,262,110,284,101,442,126,330,536,95,526,311,566,103,148,113,254,193,620,96,87,23,22,343,54,78,239,560,416,301,179,623,516,203,100,222,379,501,368,527,265,411,582,511,401,396,250,279,581,177,569,267,18,163,417,352,600,90,191,471,479,17,542,298,502,85,144,288,483,505,247,5,169,261,73,158,599,594,32,507,116,174,20,197,114,609,102,27,162,524,302,153,341,494,573,435,189,407,464,68,400,258,236,472,234,339,367,377,272,406,40,121,492,221,608,325,360,369,6,493,588,292,252,38,586,147,347,386,477,105,25,175,342,571,142,173,69,309,381,590,519,485,420,457,546,410,231,575,497,338,363,515,260,364,509,157,80,248,202,186,619,596,45,184,616,384,35,469,409,345,196,266,61,280,329,271,138,72,439,123,366,550,213,257,484,83,592,232,621,538,452,263,47,358,154,238,450,30",5000,100
30,0,80427.68815581613,1.6544143304684906,"180,414,277,150,382,572,203,516,132,333,543,208,293,160,451,548,362,512,133,212,580,421,562,183,601,361,86,12,454,430,215,230,388,496,447,278,152,71,613,344,391,432,227,576,275,426,285,268,476,131,120,473,318,385,34,368,223,570,340,587,210,528,456,393,428,378,291,299,78,593,389,460,226,7,270,395,314,336,119,201,321,365,606,475,604,525,161,216,54,22,23,620,193,10,297,405,209,304,156,462,93,125,75,542,298,90,191,471,479,17,311,566,103,148,254,113,569,267,581,279,177,499,627,289,500,455,547,326,76,63,251,523,530,305,544,578,228,307,137,564,306,290,607,513,549,97,540,129,117,94,404,521,474,615,281,355,598,320,392,551,130,98,36,481,47,484,83,263,592,232,621,538,244,423,269,127,33,315,323,397,577,348,13,43,433,443,559,200,334,526,95,144,261,169,483,288,502,85,126,442,330,536,262,110,284,467,359,58,487,317,92,155,335,74,3,26,506,583,139,617,505,247,5,401,511,582,411,265,527,73,574,241,21,219,379,501,222,100,504,441,199,243,624,49,568,9,187,539,374,70,233,42,424,408,214,488,331,446,140,396,250,154,238,312,96,235,553,60,352,417,163,18,600,101,437,176,416,560,239,623,179,108,510,229,332,301,211,555,427,39,149,46,220,390,295,461,134,217,82,175,342,142,453,537,274,614,198,153,360,325,369,6,493,608,221,492,121,40,406,435,189,407,464,68,258,236,400,409,469,186,619,573,494,341,45,596,173,69,509,364,260,515,309,338,363,497,546,231,410,575,519,485,420,609,102,594,32,20,197,158,114,599,381,590,302,27,162,524,234,586,38,147,347,105,477,272,377,386,292,252,588,457,507,116,174,202,196,248,80,157,266,345,25,472,339,367,356,206,565,503,256,164,59,444,255,56,52,167,529,166,111,4,622,205,552,398,182,8,218,135,458,181,276,556,259,466,434,448,123,478,605,371,91,412,557,282,286,353,170,541,328,357,57,287,440,185,597,403,346,141,51,584,532,413,520,124,431,246,159,237,168,351,224,171,438,358,11,514,19,626,490,579,122,225,561,486,495,15,517,324,372,16,310,35,55,99,370,468,178,31,491,165,28,2,253,585,308,283,313,136,79,65,192,245,316,81,415,554,14,518,498,172,419,603,319,84,459,563,436,534,104,204,77,394,522,89,612,327,188,349,354,375,190,610,44,449,145,567,64,48,418,535,240,242,118,425,445,482,508,602,480,24,373,470,115,300,380,402,531,463,66,545,194,37,107,618,62,450,595,429,109,264,343,87,143,387,625,533,571,195,422,591,128,489,257,67,273,589,41,558,213,550,452,366,280,329,61,271,138,72,439,30,350,146,322,50,88,376,207,303,112,399,465,53,249,29,296,106,337,294,611,384,616,184,151,383",5000,100
30,1,72270.8552721034,2.2075892763879654,"606,475,365,615,474,376,88,355,281,598,320,392,304,10,297,405,209,298,502,600,352,417,163,18,569,267,279,581,177,23,22,343,54,593,389,78,226,460,395,7,270,555,140,446,109,264,108,510,229,332,211,623,179,301,416,560,239,100,222,501,379,543,208,388,230,430,215,476,268,131,120,473,385,34,368,437,176,223,570,340,587,210,528,456,393,428,378,291,299,411,265,527,73,303,285,576,227,432,74,344,391,3,617,26,506,583,139,505,483,169,261,288,144,85,542,75,125,93,156,462,36,98,130,626,135,218,458,181,276,556,259,466,434,490,579,478,605,371,91,335,155,92,317,128,489,591,540,97,549,513,607,117,94,404,521,60,96,620,87,15,517,324,356,206,565,500,289,627,499,387,533,625,571,342,175,142,25,105,477,386,38,586,147,347,369,6,493,325,360,435,189,407,573,494,45,596,173,69,260,364,509,515,363,338,497,546,410,231,575,519,485,420,609,102,27,162,524,302,309,381,590,507,20,197,158,114,116,174,292,252,406,40,121,492,221,608,588,457,594,32,599,248,80,157,266,345,196,202,341,153,377,367,339,409,469,186,619,68,400,258,236,472,234,547,455,326,76,251,63,523,530,305,544,578,228,307,487,137,564,306,290,112,512,133,362,548,451,50,146,71,613,152,454,207,574,241,21,219,275,426,511,582,401,396,250,5,247,427,194,149,568,46,220,39,9,187,331,214,408,488,233,42,424,374,539,160,293,203,516,382,572,49,624,243,441,132,333,199,504,447,278,496,182,514,19,11,237,168,351,224,171,438,383,399,552,159,413,532,520,124,246,431,589,41,558,67,273,269,622,4,111,166,529,205,52,56,286,353,597,403,346,141,51,584,440,503,433,256,164,444,59,255,397,323,315,33,127,43,13,287,577,348,538,83,484,47,257,244,423,167,170,541,328,57,185,357,72,138,271,123,280,329,61,12,86,361,601,562,183,225,561,486,495,282,448,263,452,592,232,621,213,366,550,398,8,216,525,161,180,414,150,277,212,580,421,350,604,336,119,201,314,481,358,536,330,126,442,101,559,443,200,334,526,95,17,471,479,90,191,566,311,254,113,148,103,553,235,310,372,16,312,154,238,450,618,62,429,295,461,390,422,274,195,614,198,82,217,134,465,184,537,453,464,272,77,394,316,81,14,554,415,518,498,172,611,384,616,402,531,463,522,66,545,55,99,380,300,115,35,370,468,178,31,145,418,48,567,64,491,165,28,2,253,585,308,283,313,104,204,449,44,610,190,375,354,89,612,327,188,349,373,24,602,508,482,445,118,480,425,192,65,534,436,563,29,84,459,136,79,242,535,240,470,419,603,319,151,321,122,467,359,58,557,412,110,284,262,129,193,143,30,439,322,70,551,318,107,37,595,337,294,249,53,106,296,245",5000,100
30,2,71733.94939924232,2.451492208755063,"255,59,444,164,256,51,584,440,503,433,30,86,12,280,329,61,439,72,287,577,13,43,127,33,323,315,423,244,484,83,263,232,621,538,592,452,366,550,532,413,520,124,246,431,589,41,558,67,273,269,622,4,111,205,529,166,170,328,541,403,346,141,597,353,286,52,56,167,357,185,57,348,397,123,478,605,371,282,495,486,561,225,562,183,601,361,257,47,213,458,181,276,556,259,448,466,434,490,579,122,606,475,365,321,350,421,580,212,277,150,180,414,512,133,112,362,548,451,278,447,496,388,230,215,430,454,207,285,275,426,268,131,120,473,385,34,379,501,222,100,203,516,194,9,187,331,214,408,488,233,42,70,424,243,624,49,572,382,132,333,199,504,441,318,476,303,576,227,432,74,3,617,26,506,583,139,247,5,401,511,582,411,265,527,73,574,241,21,219,368,437,176,223,570,340,587,210,528,393,456,428,378,291,299,396,250,279,581,569,267,18,163,417,600,352,502,298,542,85,144,288,483,505,169,261,297,405,209,304,130,98,36,481,314,336,119,201,615,474,376,88,355,281,598,320,392,551,10,358,455,547,306,137,564,557,412,58,467,359,91,335,155,92,317,442,101,559,443,334,200,117,94,404,521,60,235,553,310,16,372,15,517,324,356,206,565,500,289,627,387,533,625,571,342,175,142,25,105,477,272,377,367,339,234,472,236,258,400,68,409,469,186,619,260,364,509,515,363,338,497,546,410,231,575,519,590,309,69,173,596,45,494,573,435,189,407,464,341,153,369,6,493,325,360,492,121,40,406,292,588,174,116,507,32,599,594,457,609,102,27,162,524,302,420,485,202,248,80,157,266,196,345,453,537,614,198,134,217,82,595,37,107,618,62,429,229,108,510,332,301,179,623,416,560,239,7,395,460,226,23,87,620,96,177,113,254,526,95,17,471,479,90,191,530,305,544,578,228,307,487,513,607,549,97,540,129,591,128,489,143,422,274,195,93,125,75,156,462,63,251,523,126,330,536,262,110,284,148,103,566,311,193,343,54,593,389,78,270,555,140,446,109,264,211,450,238,154,312,168,351,224,171,438,383,46,220,390,295,461,178,425,482,508,602,24,373,470,240,242,535,77,394,316,81,245,534,436,563,29,84,459,136,79,418,48,567,64,449,44,610,190,375,354,188,349,89,612,327,145,31,468,370,99,55,66,545,522,463,531,402,384,616,106,53,249,294,337,296,611,172,419,603,319,151,35,115,300,380,104,204,313,283,308,585,253,2,28,165,491,518,14,554,415,498,192,65,445,118,480,218,135,8,182,514,19,626,398,159,399,552,604,161,216,525,50,146,322,71,613,152,391,344,208,293,160,539,374,543,271,138,608,221,114,158,197,20,347,386,38,586,147,252,381,326,76,290,22,237,11,427,39,149,568,465,184,499",5000,100
30,3,72281.78089624671,1.8242795475936782,"59,255,286,353,597,403,346,141,51,584,503,433,256,164,444,357,185,57,328,541,170,167,52,56,111,166,529,205,622,4,33,127,323,315,423,244,484,83,592,263,452,366,550,413,532,520,124,246,431,589,41,558,67,273,269,47,257,213,621,538,232,458,181,276,556,259,448,466,434,123,271,138,72,439,280,329,61,361,601,562,183,225,561,486,495,282,371,91,335,155,92,317,128,489,591,540,97,549,513,607,117,94,404,521,60,16,372,310,235,553,96,620,87,23,22,343,54,593,389,460,395,7,270,555,140,446,109,264,108,510,229,332,211,623,179,301,416,560,239,100,222,501,379,199,504,441,132,333,543,208,293,160,539,243,624,49,382,572,9,187,149,568,46,220,390,461,295,429,238,154,312,62,450,37,107,618,595,134,217,82,198,614,195,274,422,499,289,627,387,533,625,571,342,175,142,25,105,477,386,38,586,147,347,252,292,116,507,32,599,594,457,609,420,485,519,590,381,309,69,173,596,45,494,573,341,153,369,6,493,174,588,221,608,325,360,435,189,407,464,339,234,472,236,258,400,409,186,619,260,364,509,515,338,363,497,546,410,231,575,102,27,162,524,302,367,377,272,406,40,121,492,469,68,612,327,188,349,354,190,375,145,418,48,567,64,491,165,28,2,253,585,308,283,313,104,204,77,394,316,81,245,534,436,563,29,84,459,136,79,65,192,470,373,24,602,508,482,425,445,118,480,380,300,115,35,99,55,66,545,522,463,89,44,610,449,31,178,468,370,151,319,603,419,172,611,296,106,53,249,294,337,498,518,14,554,415,146,322,71,613,152,454,207,285,576,227,432,74,344,391,3,139,26,506,583,617,405,209,304,10,297,144,85,542,298,502,352,600,18,163,417,330,536,262,110,284,101,442,126,523,530,305,544,578,228,307,137,564,306,290,547,455,358,326,76,63,251,479,90,471,17,191,95,526,254,311,566,103,148,113,193,474,376,88,212,580,421,350,604,161,525,579,490,478,605,514,182,8,135,218,398,159,399,552,224,171,438,383,331,214,408,488,180,414,150,277,512,112,50,278,496,447,388,230,430,215,318,385,34,473,120,131,268,476,275,426,219,574,241,21,299,291,378,393,456,428,78,226,340,570,223,587,368,437,176,210,528,511,582,411,265,527,73,303,505,247,5,401,396,250,279,267,569,581,177,156,462,93,125,75,36,201,119,336,481,314,58,359,467,122,606,475,365,321,133,362,548,451,70,424,374,42,233,130,392,551,320,598,355,281,615,98,13,43,397,577,348,287,440,12,86,30,557,412,487,168,351,237,11,19,626,216,516,203,194,427,39,483,169,261,288,200,334,559,443,15,517,324,356,206,565,500,143,129,80,157,266,196,202,248,184,345,453,537,465,531,402,384,616,535,242,240,158,114,197,20",5000,100
30,4,71757.79434844962,2.2483924468475966,"336,119,201,98,130,551,392,320,598,355,281,615,474,376,88,365,321,350,604,161,525,579,490,434,448,466,259,556,181,276,538,232,621,592,263,452,366,550,413,532,520,124,246,431,589,41,558,67,273,269,47,257,213,458,218,135,8,182,514,19,626,398,159,399,552,224,171,438,383,331,214,408,488,233,70,424,243,624,49,382,572,203,504,441,132,333,199,222,501,379,543,208,293,160,539,374,42,168,351,237,11,414,277,150,180,112,133,362,548,451,50,146,322,71,613,152,278,447,496,388,230,430,215,318,385,34,473,120,131,268,476,285,576,227,432,74,344,391,3,139,26,506,583,617,405,209,304,10,297,144,288,261,169,483,505,247,5,401,511,582,411,265,527,73,303,275,426,219,21,241,574,437,176,210,528,587,340,570,223,299,396,250,279,267,569,581,177,113,193,23,22,343,54,78,593,389,460,395,7,270,555,140,446,109,264,108,510,229,332,211,623,179,301,416,560,239,100,148,103,566,311,254,526,95,17,471,479,90,191,417,163,18,600,352,502,298,542,85,75,125,93,156,462,36,481,314,58,359,467,122,606,475,262,110,284,101,559,334,200,443,536,330,126,442,523,530,305,544,578,228,307,487,557,412,137,564,306,290,547,455,326,76,63,251,358,607,513,549,97,540,129,591,128,489,143,387,533,625,571,342,175,142,25,105,477,386,38,406,272,377,367,339,234,472,236,258,68,400,409,469,186,619,260,364,509,515,363,338,497,546,410,231,575,519,485,420,609,102,457,594,32,599,20,197,158,114,507,116,174,588,493,369,6,27,162,524,302,590,381,309,69,173,596,45,494,573,341,153,464,189,407,435,360,325,608,221,492,121,40,292,252,147,347,586,627,499,289,500,206,565,356,372,16,15,517,324,195,274,422,614,198,82,217,134,595,37,107,618,62,450,238,154,312,429,295,461,390,220,39,427,194,187,9,516,378,291,428,456,393,620,87,96,553,235,310,60,368,226,454,207,212,580,421,512,357,185,57,328,541,170,167,529,205,622,4,111,166,56,52,286,353,597,403,346,141,51,584,440,503,433,256,164,444,59,255,397,577,348,13,43,323,315,33,127,484,83,244,423,287,72,439,280,329,61,271,138,123,361,86,12,601,562,183,225,561,486,495,282,371,91,335,155,92,317,521,404,94,117,55,99,370,468,178,31,425,482,445,118,480,602,508,470,240,242,535,77,394,316,534,436,563,29,84,459,136,79,313,104,204,2,253,585,308,283,28,165,491,64,418,48,567,145,44,610,449,190,375,354,349,89,612,327,188,463,522,66,545,319,603,419,172,611,296,106,53,249,294,337,498,518,14,554,415,81,245,65,192,151,35,300,115,380,24,373,402,531,384,616,465,184,537,453,345,196,202,248,80,157,266,46,568,149,216,30,605,478",5000,100
30,5,71482.0444815937,2.7154098057610274,"444,59,255,56,52,286,353,597,403,346,141,51,584,440,503,433,256,164,357,185,57,328,541,170,167,529,205,622,4,111,166,33,315,323,127,43,397,13,287,577,348,538,232,621,218,458,181,276,556,259,466,434,448,123,478,605,371,91,335,155,92,317,128,489,591,540,97,549,513,607,117,94,404,521,559,334,200,443,95,526,254,311,566,103,148,113,177,279,250,396,401,511,582,411,265,527,73,303,576,227,432,74,344,391,3,139,26,506,583,617,405,209,304,10,297,152,454,207,476,268,131,120,473,385,34,368,223,437,176,210,528,587,340,570,393,456,428,378,291,299,78,226,7,270,555,140,446,109,264,108,510,229,332,211,623,179,301,416,560,239,100,222,501,379,199,504,441,132,333,543,208,293,160,539,374,424,243,624,49,382,572,203,516,194,427,39,149,568,46,220,390,295,461,429,618,107,37,595,134,217,82,198,614,274,195,372,16,356,206,565,500,289,499,627,387,533,625,571,342,175,142,25,105,477,386,38,586,147,347,252,292,116,174,588,221,608,325,360,369,6,493,492,121,40,406,272,367,339,234,472,236,258,400,68,409,469,186,619,260,364,509,515,363,338,497,546,410,231,575,519,485,420,609,102,27,162,524,302,590,381,309,69,173,596,45,494,573,341,153,464,189,435,407,248,80,157,266,345,196,202,537,453,465,184,296,106,53,249,294,337,498,172,611,384,616,402,151,319,603,419,115,300,380,35,370,468,178,31,425,482,445,118,480,602,508,470,240,242,535,77,394,316,81,14,554,415,518,65,192,245,534,436,563,29,84,459,136,79,313,104,204,2,253,585,308,283,28,165,491,64,418,48,567,145,44,610,449,373,24,99,55,66,545,522,463,89,612,327,188,349,354,190,375,604,161,216,525,579,490,358,326,76,63,251,523,530,305,544,578,228,307,137,564,306,290,547,455,536,262,110,284,101,442,126,330,479,17,471,90,191,417,163,18,600,352,502,298,542,85,144,288,483,505,247,5,261,169,50,146,322,71,613,320,598,355,281,615,474,376,88,212,580,421,350,321,365,606,475,122,467,359,58,557,412,487,201,98,130,392,551,462,93,125,75,156,481,314,336,119,36,318,430,215,230,388,496,447,278,451,548,362,512,133,150,277,414,180,112,42,70,233,488,214,408,331,187,9,383,438,171,224,168,351,237,11,19,626,135,8,182,514,398,159,399,552,520,124,246,431,589,41,558,67,273,269,47,257,484,83,592,263,452,366,550,413,532,244,423,213,72,138,271,439,280,329,61,361,86,12,601,562,183,225,561,486,495,282,30,143,129,193,23,22,343,54,593,389,460,395,21,219,275,426,285,241,574,569,267,581,60,235,553,310,15,517,324,238,154,312,62,450,422,87,620,96,531,594,457,20,197,158,114,507,32,599,377",5000,100
