run,solution_idx,f1,f2,chromosome,n_evaluations,n_generations
0,0,85818.77904270132,11.460155752895526,"6,19,58,85,17,26,56,109,31,39,45,29,88,48,119,28,95,10,118,81,42,70,91,75,51,93,35,79,34,68,121,41,90,53,71,61,111,97,87,57,43,82,67,123,77,115,7,38,72,15,80,11,47,69,21,59,5,30,108,64,23,49,33,14,124,84,52,120,105,63,74,92,78,32,22,76,62,16,107,27,86,106,4,94,117,98,37,50,104,46,103,99,20,73,102,60,25,114,125,3,13,66,24,36,9,110,89,65,44,40,113,12,116,18,2,54,96,55,101,122,8,100,83,112",20100,200
0,1,84887.09351078134,11.468085631980719,"109,23,58,65,86,118,26,19,6,68,34,79,35,93,51,75,91,70,42,81,56,45,95,28,119,48,8,29,125,39,90,41,32,53,71,61,111,97,87,57,43,82,67,123,77,115,7,38,72,15,80,11,47,69,21,9,105,12,17,107,25,16,44,60,113,121,78,92,74,63,5,84,52,46,33,99,73,20,102,14,31,114,27,85,50,37,98,117,94,4,30,108,76,49,10,103,18,116,106,22,40,62,64,89,110,59,36,24,66,13,104,120,124,3,2,54,96,55,101,122,88,100,83,112",20100,200
0,2,84415.215173246,11.625547372008176,"109,23,58,65,86,118,26,19,6,68,34,79,35,93,51,75,91,70,42,81,56,45,95,28,119,48,8,29,125,39,90,41,32,53,71,61,111,97,87,57,43,82,67,123,77,115,7,38,72,15,80,11,47,69,21,9,105,12,17,107,25,16,44,60,113,121,78,92,74,63,5,84,52,120,85,3,103,10,49,66,13,104,46,33,50,37,98,117,94,4,30,40,76,102,20,73,18,116,106,14,108,124,24,36,59,110,89,64,22,31,114,27,62,99,2,54,96,55,101,122,88,100,83,112",20100,200
0,3,81917.932069646,14.413861810939734,"109,23,58,65,86,118,26,19,6,39,125,29,8,48,119,28,95,45,56,81,30,70,91,75,51,93,35,79,34,68,90,41,32,53,71,61,111,97,87,57,43,82,67,123,77,115,7,38,72,15,80,11,47,69,21,9,105,12,17,107,25,16,44,60,113,121,78,92,74,63,5,84,52,120,85,3,103,10,49,66,13,104,46,112,83,100,88,110,89,64,62,96,22,106,116,18,2,40,54,76,101,124,24,36,59,102,55,27,114,31,117,98,37,20,14,94,4,42,108,122,73,50,99,33",20100,200
0,4,86855.81425383716,10.322174726904484,"29,39,58,85,17,26,56,109,21,45,95,28,119,31,88,6,19,10,118,81,42,70,91,75,51,93,35,79,34,68,121,41,90,53,71,61,111,97,87,57,43,82,67,123,77,115,7,38,72,15,80,49,23,64,48,59,5,30,108,69,47,11,33,14,124,84,52,120,105,63,74,92,78,32,22,76,62,16,107,27,86,106,4,94,117,98,37,50,104,46,103,99,20,73,102,60,25,114,125,3,13,66,24,36,9,110,89,65,44,40,113,12,116,18,2,54,96,55,101,122,8,100,83,112",20100,200
0,5,88766.20403891904,8.637586303670238,"6,19,58,85,17,26,118,109,48,39,10,29,8,31,119,28,95,45,56,81,42,70,91,75,51,93,35,79,34,68,90,41,32,53,71,61,111,97,87,57,43,82,67,123,77,115,7,38,72,15,44,11,47,69,21,59,5,30,108,64,23,49,33,14,124,84,52,120,105,63,74,92,110,9,13,66,24,36,3,125,114,25,60,102,73,20,99,103,46,104,50,37,98,117,94,4,106,86,27,107,16,62,76,22,121,78,89,65,80,40,113,12,116,18,2,54,96,55,101,122,88,100,83,112",20100,200
0,6,82414.95685381458,13.731252349758401,"109,23,58,65,86,118,26,19,6,68,34,79,35,93,51,75,91,70,42,81,56,45,28,95,119,48,8,29,125,39,90,41,32,53,71,61,111,97,87,57,43,82,67,123,77,54,76,101,122,40,22,100,116,18,2,96,62,64,89,110,59,36,24,124,108,30,4,94,117,98,37,50,14,31,114,27,55,102,73,20,99,33,46,104,13,66,49,10,103,3,85,120,52,84,5,63,74,92,78,121,113,60,44,16,25,107,17,12,105,9,21,69,47,11,80,15,72,38,7,115,88,106,83,112",20100,200
0,7,81849.55273873078,14.992988872642101,"109,23,58,65,86,118,26,19,6,39,125,29,8,48,119,28,95,45,56,81,42,70,91,53,32,41,90,68,34,79,35,93,51,75,71,61,111,97,87,57,43,82,67,123,77,115,7,38,72,15,80,11,47,69,21,9,105,12,17,107,25,16,44,60,113,121,78,92,74,63,5,84,52,120,85,3,103,10,49,66,13,104,46,112,83,100,88,110,89,64,62,96,22,106,116,18,2,40,54,76,101,124,24,36,59,102,55,27,114,31,117,98,37,20,14,94,4,30,108,122,73,50,99,33",20100,200
0,8,82948.43224398991,11.865484201463078,"109,23,58,65,86,118,26,19,6,68,34,79,35,93,51,75,91,70,42,81,56,45,95,28,119,48,8,29,125,39,90,41,32,53,71,61,111,97,87,57,43,82,67,123,77,115,7,38,72,15,80,11,47,69,21,9,105,12,17,107,25,16,44,60,113,121,78,92,74,63,5,84,52,120,103,3,124,10,49,66,13,55,4,94,117,98,37,50,104,27,114,31,14,102,73,20,99,33,46,30,108,85,24,36,59,110,89,64,62,96,2,18,116,100,22,40,122,101,76,54,88,106,83,112",20100,200
0,9,86781.72564265806,10.753520362358307,"29,39,58,85,17,26,118,109,21,68,34,75,51,93,35,79,91,70,42,81,56,45,95,28,119,31,88,6,19,10,90,41,32,53,71,61,111,97,87,57,43,82,67,123,77,115,7,38,72,15,80,11,47,69,48,59,5,30,108,64,23,49,33,14,124,84,52,120,105,63,74,92,78,121,22,76,62,16,107,27,86,106,4,94,117,98,37,50,104,46,103,99,20,73,102,60,25,114,125,3,13,66,24,36,9,110,89,65,44,40,113,12,116,18,2,54,96,55,101,122,8,100,83,112",20100,200
0,10,82226.40879203702,13.965390777833397,"109,23,58,65,86,118,26,19,6,68,34,79,35,93,51,75,91,70,42,81,56,45,95,28,119,48,8,29,125,39,90,41,32,53,71,61,111,97,87,57,43,82,67,123,77,115,7,38,72,15,80,11,47,69,21,9,105,12,17,107,25,16,44,60,113,121,78,92,74,63,5,84,52,120,103,3,124,10,49,66,13,104,46,33,99,20,73,102,55,37,50,14,31,114,27,98,117,94,4,40,108,85,24,36,59,110,89,64,22,76,18,106,62,30,2,54,96,116,101,122,88,100,83,112",20100,200
0,11,88071.53334033382,8.964679186168764,"6,19,58,85,17,26,118,109,48,39,10,29,8,31,119,28,95,45,56,81,42,70,91,75,51,93,35,79,34,68,90,41,32,53,71,61,111,97,87,57,43,82,67,123,77,115,7,38,72,15,50,104,47,69,21,59,5,30,108,64,23,49,33,14,124,84,52,120,105,63,74,92,110,9,36,24,66,13,3,125,114,25,60,102,73,20,99,103,46,11,80,37,98,117,94,4,106,86,27,107,16,62,76,22,121,78,89,65,44,40,113,12,116,18,2,54,96,55,101,122,88,100,83,112",20100,200
0,12,82520.42181058209,12.656368149240494,"109,23,58,65,86,118,26,19,6,68,34,79,35,93,51,75,91,70,42,81,56,45,95,28,119,48,8,29,125,39,90,41,32,53,71,61,111,97,87,57,43,82,67,123,77,115,7,38,72,15,80,11,47,69,21,9,105,12,17,107,25,16,60,44,113,121,78,92,74,63,5,84,52,120,124,3,103,10,49,66,13,104,46,33,99,20,73,102,55,27,114,31,14,50,37,98,117,94,4,30,108,85,24,36,59,110,89,64,62,96,2,18,116,100,22,40,122,101,76,54,88,106,83,112",20100,200
0,13,87070.09612227569,9.963662169103204,"29,39,58,85,109,26,21,17,118,68,34,79,35,93,51,75,91,70,42,81,56,45,95,28,119,31,88,6,19,10,90,41,32,53,71,61,111,97,87,57,43,82,67,123,77,115,7,38,72,15,80,11,47,69,120,52,84,124,14,33,49,23,64,108,30,5,59,48,105,63,74,92,78,121,22,76,62,16,107,27,86,106,4,94,117,98,37,50,104,46,103,99,20,73,102,60,25,114,125,3,13,66,24,36,9,110,89,65,44,40,113,12,116,18,2,54,96,55,101,122,8,100,83,112",20100,200
0,14,81773.67545025947,17.43217210866388,"109,23,58,65,86,118,26,19,6,68,34,79,35,93,51,91,75,45,56,81,42,70,28,95,119,48,8,29,125,39,90,41,32,53,71,61,111,97,87,57,43,82,67,123,77,115,7,38,72,15,80,11,47,69,21,9,105,12,17,107,25,16,44,60,113,121,78,92,74,63,5,84,52,120,85,3,103,10,49,66,13,104,46,112,83,100,88,110,89,64,62,96,22,106,116,18,2,40,54,76,101,124,24,36,59,102,55,27,114,94,14,33,37,20,117,4,31,30,108,122,73,50,99,98",20100,200
0,15,86132.40596226609,10.82653950989938,"6,19,58,85,17,26,118,109,31,39,10,29,88,48,119,28,95,45,56,81,42,70,91,75,51,93,35,79,34,68,90,41,32,53,71,61,111,97,87,57,43,82,67,123,77,115,7,38,72,15,50,11,47,69,21,59,5,30,108,64,23,49,33,14,124,84,52,120,105,63,74,92,78,121,22,76,62,16,107,27,86,106,4,94,117,98,37,80,104,46,103,99,20,73,102,60,25,114,125,3,13,66,24,36,9,110,89,65,44,40,113,12,116,18,2,54,96,55,101,122,8,100,83,112",20100,200
0,16,86043.12744744578,10.940694961667692,"6,19,58,85,10,26,118,109,31,39,45,29,88,48,119,28,95,17,56,81,42,70,91,75,51,93,35,79,34,68,121,41,90,53,71,61,111,97,87,57,43,82,67,123,77,115,7,38,72,15,80,11,47,69,21,59,5,30,108,64,23,49,33,14,124,84,52,120,105,63,74,92,78,32,22,76,62,16,107,27,86,106,4,94,117,98,37,50,104,46,103,99,20,73,102,60,25,114,125,3,13,66,24,36,9,110,89,65,44,40,113,12,116,18,2,54,96,55,101,122,8,100,83,112",20100,200
0,17,87211.54063054551,9.319351983682981,"6,19,58,85,17,26,118,109,48,39,10,29,8,31,119,28,95,45,56,81,42,70,91,75,51,93,35,79,34,68,90,41,32,53,71,61,111,97,87,57,43,82,67,123,77,115,7,38,72,15,44,11,47,69,21,59,5,30,108,64,23,49,33,14,124,84,52,120,105,63,74,92,78,121,22,76,62,16,107,27,86,106,4,94,117,98,37,50,104,46,103,99,20,73,102,60,25,114,125,3,13,66,24,36,9,110,89,65,80,40,113,12,116,18,2,54,96,55,101,122,88,100,83,112",20100,200
0,18,85869.72753616482,11.222354052812852,"31,109,58,85,17,118,26,19,6,68,34,79,35,93,51,75,91,70,42,81,56,45,95,28,119,48,8,29,125,39,90,41,32,53,71,61,111,97,87,57,43,82,67,123,77,115,7,38,72,15,50,104,47,69,21,59,5,30,108,64,23,49,33,14,124,84,52,120,105,63,74,92,110,9,36,24,66,13,3,10,114,25,60,102,73,20,99,103,46,11,80,37,98,117,94,4,106,86,27,107,16,62,76,22,121,78,89,65,44,40,113,12,116,18,2,54,96,55,101,122,88,100,83,112",20100,200
0,19,82239.79237659479,13.8564727310846,"6,19,58,85,86,118,26,109,23,39,125,29,8,48,119,28,95,45,56,81,42,70,91,75,51,93,35,79,34,68,90,41,32,53,71,61,111,97,87,57,43,82,67,123,77,115,7,38,72,15,80,11,47,69,21,9,105,12,17,107,25,16,44,60,113,121,78,92,74,63,5,84,52,120,124,3,103,10,49,66,13,104,46,33,99,20,73,102,55,37,50,14,31,114,27,98,117,94,4,30,108,65,24,36,59,110,116,106,22,40,62,64,89,100,2,96,54,76,101,122,88,18,83,112",20100,200
1,0,88594.11457168535,8.35946316614165,"27,9,56,7,100,123,114,105,99,60,17,88,47,106,116,91,92,97,25,119,29,24,14,40,26,6,64,85,4,50,67,20,61,39,113,78,54,79,115,110,70,37,44,93,16,125,35,41,87,81,55,69,101,10,62,22,86,111,90,122,96,74,3,15,66,59,53,13,84,2,28,36,108,38,5,75,18,102,46,117,76,95,8,58,33,103,94,82,68,19,73,31,104,77,43,72,63,83,45,48,52,34,121,65,112,42,124,109,51,120,118,23,89,98,32,80,30,21,11,12,49,107,71,57",20100,200
1,1,82827.66753206079,10.341058939973218,"25,16,124,50,78,63,113,30,73,77,13,56,53,98,82,54,66,55,122,27,39,48,21,26,76,18,28,2,84,23,59,17,80,9,110,52,79,35,114,95,44,36,60,12,75,67,45,83,19,120,33,31,85,43,38,61,11,64,34,4,92,7,103,125,91,29,15,121,115,49,65,68,3,51,86,111,74,118,108,109,37,69,8,88,72,97,106,100,102,89,10,32,46,99,14,41,22,70,57,40,24,117,90,96,93,87,104,81,107,42,101,6,94,71,20,116,112,123,47,119,62,105,5,58",20100,200
1,2,90991.36084571281,8.06800753830834,"57,56,9,7,100,123,114,105,99,60,17,88,47,106,116,91,92,97,25,78,44,24,14,40,26,6,64,85,13,4,53,20,79,54,119,50,39,61,115,110,70,93,29,37,16,125,35,41,87,81,55,69,101,10,62,22,86,111,90,122,96,74,3,15,66,59,67,113,84,2,28,36,108,38,5,75,18,102,46,117,76,95,8,58,33,103,94,82,68,19,73,104,31,77,43,72,63,83,45,48,52,34,121,65,112,42,124,109,51,120,118,23,89,98,30,80,32,21,11,12,49,107,71,27",20100,200
1,3,85046.28907731849,8.620469824783333,"25,16,124,50,78,63,113,30,73,122,58,56,53,98,82,54,66,55,77,27,84,13,2,28,18,76,26,21,48,23,102,17,80,103,7,92,4,34,64,95,44,36,60,12,75,67,45,83,19,120,33,31,85,43,38,61,11,114,35,79,52,110,9,125,91,29,15,121,115,49,47,86,51,3,68,111,74,118,108,109,37,69,41,99,14,96,88,72,97,90,117,24,40,57,70,22,8,93,106,46,32,10,89,59,100,87,104,81,107,42,101,6,94,71,20,116,112,123,65,119,62,105,5,39",20100,200
1,4,90252.14953160385,8.116688020743373,"57,56,9,7,100,123,114,105,99,60,17,88,47,106,116,91,92,97,25,78,44,24,14,40,26,6,64,85,13,4,53,20,79,54,119,50,39,61,115,110,70,93,29,37,16,125,35,41,87,81,55,69,101,10,62,22,86,111,90,122,96,74,3,15,66,59,67,113,84,2,28,36,108,38,5,75,18,102,46,117,76,95,8,58,33,103,94,82,68,19,73,104,31,77,43,72,63,83,45,48,52,34,121,65,112,42,124,109,51,107,49,12,11,21,30,80,32,98,89,23,118,120,71,27",20100,200
1,5,83183.54576649521,9.663074045043844,"63,13,30,56,78,58,53,77,73,124,25,50,16,98,82,54,66,55,122,27,39,48,21,26,76,18,28,2,84,23,102,17,80,9,110,52,79,35,114,11,61,38,43,85,31,33,120,19,83,45,67,75,12,60,36,44,95,64,34,4,92,7,103,125,91,29,15,121,115,49,65,86,51,3,68,111,74,118,108,109,37,69,41,99,14,96,106,100,59,89,10,32,46,87,70,22,8,93,88,40,24,117,90,97,72,57,104,81,107,42,101,6,94,71,20,116,112,123,47,119,62,105,5,113",20100,200
1,6,82860.31637904419,9.75,"25,16,124,50,78,63,13,30,73,122,58,56,53,98,82,54,66,55,77,27,39,48,21,26,76,18,28,2,84,23,59,17,80,9,110,52,79,35,114,95,44,36,60,12,75,67,45,83,19,120,33,31,85,43,38,61,11,64,34,4,92,7,103,125,91,87,93,121,115,49,65,68,3,51,86,111,74,118,108,109,37,69,8,88,72,97,106,100,102,89,10,32,46,99,14,41,22,70,57,40,24,117,90,96,15,29,104,81,107,42,101,6,94,71,20,116,112,123,47,119,62,105,5,113",20100,200
1,7,83624.19723732233,9.079509898667439,"25,16,124,50,78,63,113,30,73,122,13,56,53,98,82,54,66,55,77,27,58,48,21,26,76,18,28,2,84,23,96,17,80,9,110,52,79,35,114,11,61,38,43,85,31,33,120,19,83,45,67,75,12,60,36,44,95,64,34,4,92,7,103,125,91,29,15,121,115,49,65,86,51,3,68,111,74,118,108,109,37,69,8,88,72,97,106,100,102,89,10,32,46,99,14,41,22,70,57,40,24,117,90,59,93,87,104,81,107,42,101,6,94,71,20,116,112,123,47,119,62,105,5,39",20100,200
2,0,78127.6846961982,7.294789768006498,"48,9,40,119,107,57,117,13,95,73,63,27,32,89,71,15,25,91,61,76,99,94,30,8,50,110,46,26,85,69,96,37,47,2,38,77,54,103,67,39,56,33,60,102,81,78,31,109,100,22,111,123,18,3,97,101,29,125,58,108,11,88,87,53,17,51,14,120,21,59,23,104,41,121,34,62,6,64,118,36,84,86,122,105,65,124,4,68,70,80,44,5,49,55,28,82,92,19,24,93,115,106,90,113,98,35,83,43,16,79,10,12,52,20,45,72,66,42,114,74,7,112,75,116",20100,200
2,1,76958.95860633325,8.03036020562836,"48,9,40,119,107,57,117,13,95,73,63,27,32,89,71,15,25,91,61,76,99,94,30,8,50,110,46,26,2,47,60,31,81,102,78,56,39,103,67,100,54,77,38,85,69,96,37,33,22,109,111,123,18,3,97,101,29,125,58,108,11,88,87,53,93,24,14,120,21,59,23,104,34,121,41,62,6,64,118,36,84,86,122,105,65,124,4,68,70,7,51,19,92,82,28,55,49,5,44,17,115,106,90,113,98,35,79,16,43,83,10,12,52,20,45,72,66,42,114,74,80,112,75,116",20100,200
2,2,77377.20780628346,7.847139231786873,"48,9,40,119,107,57,117,13,95,73,63,27,32,89,71,15,25,91,61,76,99,94,30,8,50,110,46,26,2,47,60,31,81,102,78,56,39,103,67,100,54,77,38,85,69,96,37,33,22,109,111,123,18,3,97,101,29,125,58,108,11,88,87,53,93,24,14,120,21,59,23,104,34,121,41,62,6,64,118,36,84,86,122,105,65,124,4,68,70,7,44,5,49,55,28,82,92,19,51,17,115,106,90,113,98,35,79,16,43,83,10,12,52,20,45,72,66,42,114,74,80,112,75,116",20100,200
2,3,76304.89132384377,11.724179374345846,"48,9,40,119,107,94,99,76,61,91,25,15,71,89,32,27,73,95,109,13,117,57,50,8,30,110,46,26,2,47,38,37,69,85,96,56,39,103,67,33,54,77,60,102,81,78,31,63,100,22,111,123,18,3,97,101,29,125,58,108,11,88,87,53,17,51,14,120,21,59,23,104,34,121,41,62,6,64,118,36,84,86,122,105,65,124,4,68,80,70,5,44,49,55,28,82,92,19,24,93,115,106,90,113,98,10,79,16,43,83,35,12,52,20,45,72,66,42,114,74,7,112,75,116",20100,200
2,4,76553.00180056787,8.79748691054613,"48,9,40,119,107,32,27,109,73,95,13,117,57,89,71,15,25,91,61,76,99,94,30,8,50,110,46,26,2,47,60,31,81,102,78,56,39,103,67,100,54,77,96,85,69,38,37,33,22,63,111,123,18,3,97,101,29,125,58,108,11,88,87,53,93,24,14,120,21,70,68,59,41,121,34,62,6,64,118,36,84,86,122,105,65,124,4,104,23,80,5,44,49,55,28,82,19,92,51,17,115,106,90,113,98,35,83,43,16,79,10,12,52,20,45,72,66,42,114,74,7,112,75,116",20100,200
2,5,77074.03472923404,7.866423865142214,"48,9,40,119,107,57,117,13,95,73,109,27,32,89,71,15,25,91,61,76,99,94,30,8,50,110,46,26,2,47,60,31,81,102,78,56,39,103,67,100,54,77,38,85,69,96,37,33,22,63,111,123,18,3,97,101,29,125,58,108,11,88,87,53,93,24,14,120,21,59,23,104,41,121,34,62,6,64,118,36,92,82,28,55,49,5,44,70,80,68,4,124,65,105,122,86,84,19,51,17,115,106,90,113,98,10,79,16,43,83,35,12,52,20,45,72,66,42,114,74,7,112,75,116",20100,200
2,6,77532.69569636302,7.753905381709478,"48,9,40,119,107,57,117,13,95,73,63,27,32,89,71,15,25,91,61,76,99,94,50,8,30,110,46,26,2,47,60,31,81,102,78,56,39,103,67,100,54,77,38,85,69,96,37,33,22,109,111,123,18,3,97,101,29,125,58,108,11,88,87,53,93,24,14,120,21,59,23,104,34,121,41,62,6,64,118,36,84,86,122,105,65,124,4,68,70,7,44,5,49,55,28,82,92,19,51,17,115,106,90,113,98,10,79,16,43,83,35,12,52,20,45,72,66,42,114,74,80,112,75,116",20100,200
2,7,76983.56910748966,7.939278278130457,"48,9,40,119,107,57,117,13,95,73,63,27,32,89,71,15,25,91,61,76,99,94,30,8,50,110,46,26,2,47,60,31,81,102,78,56,39,103,67,100,54,77,38,85,69,96,37,33,22,109,111,123,18,3,97,101,29,125,58,108,11,88,87,53,93,24,14,120,21,59,23,104,34,121,41,62,6,64,118,36,84,86,122,105,65,124,4,68,70,7,51,19,92,82,28,55,49,5,44,17,115,106,90,113,98,10,79,16,43,83,35,12,52,20,45,72,66,42,114,74,80,112,75,116",20100,200
2,8,76883.97683913066,8.135333719590689,"48,9,40,119,107,94,117,13,95,73,63,27,32,89,71,15,25,91,61,76,99,57,50,8,30,110,46,26,2,47,60,31,81,102,78,56,39,103,67,100,54,77,38,85,69,96,37,33,22,109,111,123,18,3,97,101,29,125,58,108,11,88,87,53,93,24,14,120,21,23,104,59,34,121,41,62,6,64,118,36,84,86,122,105,65,124,4,68,70,7,51,19,92,82,28,55,49,5,44,17,115,106,90,113,98,35,79,16,43,83,10,12,52,20,45,72,66,42,114,74,80,112,75,116",20100,200
2,9,78073.84837634253,7.51576243851145,"48,9,40,119,107,57,117,13,95,73,109,27,32,89,71,15,25,91,61,76,99,94,50,8,30,110,46,26,85,69,96,37,47,2,38,77,54,103,67,39,56,33,60,102,81,78,31,63,100,22,111,123,18,3,97,101,29,125,58,108,11,88,87,53,17,51,14,120,21,59,23,104,41,121,34,62,6,64,118,36,84,86,122,105,65,124,4,68,70,80,5,44,49,55,28,82,19,92,24,93,115,43,16,79,10,98,113,90,106,83,35,12,52,20,45,72,66,42,114,74,7,112,75,116",20100,200
2,10,78017.1984465887,7.730421224284409,"48,9,40,119,107,94,117,13,63,95,73,27,32,89,71,15,25,91,61,76,99,57,50,8,30,110,46,26,85,69,96,37,47,2,38,77,54,103,67,39,56,33,60,102,81,78,31,109,100,22,111,123,18,3,97,101,29,125,58,108,11,88,87,53,17,51,14,120,21,59,23,104,41,121,34,62,6,64,118,36,84,86,122,105,65,124,4,68,70,80,44,5,49,55,28,82,92,19,24,93,115,106,90,113,98,35,83,43,16,79,10,12,52,20,45,72,66,42,114,74,7,112,75,116",20100,200
2,11,78157.45802525421,6.728637590182604,"48,9,40,119,107,57,117,13,95,73,63,27,32,89,71,15,25,91,61,76,99,94,30,8,50,110,46,26,85,69,96,37,47,2,38,77,54,103,67,39,56,33,60,102,81,78,31,109,100,22,111,123,18,3,97,101,29,125,58,108,11,88,87,53,17,51,14,120,21,59,23,104,34,121,41,62,6,64,118,36,92,82,28,55,49,5,44,70,80,68,4,124,65,105,122,86,84,19,24,93,115,106,90,113,98,35,79,16,43,83,10,12,52,20,45,72,66,42,114,74,7,112,75,116",20100,200
2,12,78127.6846961982,7.294789768006498,"48,9,40,119,107,57,117,13,95,73,63,27,32,89,71,15,25,91,61,76,99,94,30,8,50,110,46,26,85,69,96,37,47,2,38,77,54,103,67,39,56,33,60,102,81,78,31,109,100,22,111,123,18,3,97,101,29,125,58,108,11,88,87,53,17,51,14,120,21,59,23,104,34,121,41,62,6,64,118,36,84,86,122,105,65,124,4,68,70,80,44,5,49,55,28,82,92,19,24,93,115,106,90,113,98,35,83,43,16,79,10,12,52,20,45,72,66,42,114,74,7,112,75,116",20100,200
2,13,76638.41404947329,8.679583508476915,"48,9,40,119,107,57,117,13,95,73,109,27,32,89,71,15,25,91,61,76,99,94,30,8,50,110,46,26,2,47,60,31,81,102,78,56,39,103,67,100,54,77,96,85,69,38,37,63,33,22,111,123,18,3,97,101,29,125,58,108,11,88,87,53,93,82,14,120,21,70,68,59,41,121,34,62,6,64,118,36,84,86,122,105,65,124,4,104,80,23,44,5,49,55,28,24,92,19,51,17,115,106,90,113,98,10,79,16,43,83,35,12,52,20,45,72,66,42,114,74,7,112,75,116",20100,200
2,14,76918.61206017218,8.101740565067159,"48,9,40,119,107,94,117,13,95,109,73,27,32,89,71,15,25,91,61,76,99,57,50,8,30,110,46,26,2,47,60,31,81,102,78,63,39,103,67,100,54,77,38,85,69,96,37,33,22,56,111,123,18,3,97,101,29,125,58,108,11,88,87,53,17,51,14,120,21,23,104,59,41,121,34,62,6,64,118,36,84,86,122,105,65,124,4,68,70,80,44,5,49,55,28,82,92,19,24,93,115,106,90,113,98,10,79,16,43,83,35,12,52,20,45,72,66,42,114,74,7,112,75,116",20100,200
2,15,76328.43366056313,11.001460792894466,"48,9,40,119,107,94,99,76,61,91,25,15,71,89,32,27,73,95,63,13,117,57,50,8,30,110,46,26,2,47,38,37,69,85,96,56,39,103,67,33,54,77,60,102,81,78,31,109,100,22,111,123,18,3,97,101,29,125,58,108,11,88,87,53,17,51,14,120,21,59,23,104,34,121,41,62,6,64,118,36,92,82,28,55,49,5,44,70,80,68,4,124,65,105,122,86,19,84,24,93,115,106,90,113,98,35,79,16,43,83,10,12,52,20,45,72,66,42,114,74,7,112,75,116",20100,200
2,16,76681.95319050922,8.205800989581968,"48,9,40,119,107,57,117,13,95,73,63,27,32,89,71,15,25,91,61,76,99,94,30,8,50,110,46,26,2,47,60,31,81,102,78,56,39,103,67,100,54,77,38,85,69,96,37,109,33,22,111,123,18,3,97,101,29,125,58,108,11,88,87,53,93,82,14,120,21,70,68,59,41,121,34,62,6,64,118,36,84,86,122,105,65,124,4,104,80,23,44,5,49,55,28,24,92,19,51,17,115,106,90,113,98,10,79,16,43,83,35,12,52,20,45,72,66,42,114,74,7,112,75,116",20100,200
2,17,76670.81667364344,8.58833000675142,"48,9,40,119,107,94,117,13,95,73,109,27,32,89,71,15,25,91,61,76,99,57,50,8,30,110,46,26,2,47,60,31,81,102,78,56,39,103,67,100,54,77,38,85,69,96,37,33,22,63,111,123,18,3,97,101,29,125,58,108,11,88,87,53,17,51,14,120,21,59,23,104,34,121,41,62,6,64,118,36,84,86,122,105,65,124,4,68,80,70,5,44,49,55,28,82,92,19,24,93,115,106,90,113,98,35,79,16,43,83,10,12,52,20,45,72,66,42,114,74,7,112,75,116",20100,200
3,0,79184.45565566639,8.721381771256205,"18,75,124,56,70,62,6,99,48,15,32,29,68,114,123,16,102,113,65,78,9,95,60,79,67,84,66,23,54,39,14,77,110,83,103,82,5,112,107,61,120,38,21,28,118,36,89,20,58,109,98,86,80,27,44,100,105,45,71,35,53,50,97,93,91,88,90,116,51,125,117,57,43,22,3,87,121,42,8,76,111,104,46,25,101,40,73,30,55,11,4,115,106,10,7,12,63,34,41,37,59,47,85,108,26,2,19,24,122,72,17,69,64,81,31,96,74,119,92,33,49,94,13,52",20100,200
3,1,77191.73444430124,10.816653826391969,"18,75,124,56,70,62,6,99,48,15,32,29,68,114,123,16,23,66,84,67,79,60,95,9,78,65,110,77,14,39,54,102,113,83,103,82,5,112,107,61,120,38,21,28,118,36,89,20,58,109,98,86,80,27,44,100,105,53,35,71,45,50,97,93,91,88,90,116,51,125,117,57,43,22,3,87,121,42,8,69,17,104,46,25,101,40,73,30,55,11,4,115,106,10,7,12,63,34,41,37,59,47,85,24,122,108,26,2,19,72,111,76,64,81,31,96,74,119,92,33,49,52,13,94",20100,200
3,2,77460.6307527813,10.706306552681928,"18,75,124,56,70,62,6,99,48,15,32,29,68,114,123,16,23,66,84,67,79,60,95,9,78,65,110,77,14,39,54,102,113,83,103,82,5,112,107,61,120,38,21,28,118,36,89,20,58,109,98,86,80,27,44,100,105,53,35,71,45,50,97,93,91,88,90,116,51,125,117,57,43,22,3,87,121,42,8,76,111,72,122,40,46,25,101,30,73,24,4,115,106,10,7,12,63,34,41,119,59,47,85,11,55,108,26,2,19,104,17,69,64,81,31,96,74,37,92,33,49,94,13,52",20100,200
3,3,80604.57407530709,7.984359711335656,"18,75,124,56,70,62,6,99,48,15,32,29,68,114,123,16,23,66,94,67,79,60,95,9,89,125,36,91,117,51,116,90,97,93,88,118,45,21,38,5,109,83,103,82,61,120,46,104,17,69,28,100,44,27,80,86,98,112,87,121,42,8,57,71,105,50,53,35,43,22,3,107,110,77,14,39,58,54,102,113,65,78,20,25,101,40,73,30,55,11,4,115,106,10,7,12,63,34,41,37,59,47,85,24,122,108,26,2,19,72,111,76,64,81,31,74,96,119,92,33,49,84,13,52",20100,200
3,4,79108.46364135135,8.739279146474267,"18,75,124,56,70,62,6,99,48,15,32,29,68,114,123,16,102,113,65,78,9,95,60,79,67,84,66,23,54,39,14,77,110,83,103,82,5,112,107,61,120,38,21,28,118,36,89,20,58,109,98,86,80,27,44,100,105,45,71,35,53,50,97,93,91,88,90,116,51,125,117,57,43,22,3,87,121,42,8,76,111,104,46,25,101,40,73,30,55,11,4,115,106,10,7,12,63,34,41,119,59,47,85,108,26,2,19,24,122,72,17,69,64,81,31,96,74,37,92,33,49,94,13,52",20100,200
3,5,81411.7161273738,7.933315826311215,"18,75,124,56,70,62,6,99,48,15,32,29,68,114,123,16,23,66,94,89,9,95,60,79,67,125,36,91,117,51,116,90,97,93,88,118,45,21,38,5,109,83,103,82,61,120,20,78,65,113,102,54,58,39,14,77,110,107,112,98,86,80,27,44,100,28,57,71,105,50,53,35,43,22,3,87,121,42,8,76,111,72,101,24,46,25,122,30,73,40,4,115,106,10,7,12,63,34,41,119,59,47,85,108,26,2,19,11,55,104,49,33,92,37,74,96,31,81,64,69,17,84,13,52",20100,200
3,6,77191.73444430124,10.816653826391969,"18,75,124,56,70,62,6,99,48,15,32,29,68,114,123,16,23,66,84,67,79,60,95,9,78,65,110,77,14,39,54,102,113,83,103,82,5,112,107,61,120,38,21,28,118,36,89,20,58,109,98,86,80,27,44,100,105,53,35,71,45,50,97,93,91,88,90,116,51,125,117,57,43,22,3,87,121,42,8,69,17,104,46,25,101,40,73,30,55,11,4,115,106,10,7,12,63,34,41,37,59,47,85,24,122,108,26,2,19,72,111,76,64,81,31,96,74,119,92,33,49,94,13,52",20100,200
3,7,78285.06043244012,8.933784192602818,"18,75,124,56,70,62,6,99,48,15,32,29,68,114,123,16,102,113,65,78,9,95,60,79,67,84,66,23,54,39,14,77,110,83,103,82,5,112,107,61,120,38,21,28,118,36,89,20,58,109,98,86,80,27,44,100,105,53,35,71,45,50,97,93,91,88,90,116,51,125,117,57,43,22,3,87,121,42,8,76,111,72,122,40,46,25,101,30,73,24,4,115,106,10,7,12,63,34,41,119,59,47,85,11,55,108,26,2,19,104,17,69,64,81,31,96,74,37,92,33,49,94,13,52",20100,200
3,8,81612.95467551092,7.504165509901817,"18,75,124,56,70,62,99,6,48,15,32,29,68,114,123,16,23,66,84,67,79,60,95,9,89,125,36,91,117,51,116,90,97,93,88,118,45,21,38,5,109,83,103,82,61,120,20,78,65,113,102,54,58,39,14,77,110,107,112,98,86,80,27,44,100,28,57,71,105,50,53,35,43,121,87,42,22,3,8,69,17,104,46,25,101,40,73,30,55,11,4,115,106,10,7,12,63,34,41,37,59,47,85,24,122,108,26,2,19,72,111,76,64,81,31,96,74,119,92,33,49,94,13,52",20100,200
3,9,79798.27761650804,8.533024082938006,"18,75,124,56,70,62,6,99,48,15,32,29,68,114,123,16,91,36,125,89,9,95,60,79,67,84,66,23,117,51,116,90,97,93,88,118,45,21,38,5,109,83,103,82,61,20,120,78,65,113,102,54,58,39,14,77,110,107,112,98,86,80,27,44,100,28,57,71,105,50,53,35,43,22,87,3,121,42,8,76,111,72,122,40,46,25,73,30,101,24,4,115,106,10,7,12,63,34,41,119,59,47,85,11,55,108,26,2,19,104,17,69,64,81,31,96,74,37,92,33,49,94,13,52",20100,200
3,10,77823.01077839245,9.212762886344139,"18,75,124,56,70,62,6,99,48,15,32,29,68,114,123,16,102,113,65,78,9,95,60,79,67,84,66,23,54,39,14,77,110,83,103,82,5,112,107,61,120,38,21,28,118,36,89,20,58,109,98,86,80,27,44,100,105,53,35,71,45,50,97,93,91,88,90,116,51,125,117,57,43,22,3,87,121,42,8,69,17,104,46,25,101,24,122,30,73,40,4,115,106,10,7,12,63,34,41,119,59,47,85,11,55,108,26,2,19,72,111,76,64,81,96,74,31,37,92,33,49,94,13,52",20100,200
3,11,80999.61059441046,7.980444849756184,"18,75,124,56,70,62,6,99,48,15,32,29,68,114,123,16,23,66,94,89,9,95,60,79,67,125,36,91,117,51,116,90,97,93,88,118,45,21,38,5,109,83,103,82,61,120,20,78,65,113,102,54,58,39,14,77,110,107,112,98,86,80,27,44,100,28,57,71,105,50,53,35,43,22,87,3,121,42,8,76,111,72,122,40,46,25,73,30,101,24,4,115,106,10,7,12,63,34,41,119,59,47,85,11,55,108,26,2,19,104,17,69,64,81,96,74,31,37,92,33,49,84,13,52",20100,200
3,12,77706.6677547836,9.943590900675671,"18,75,124,56,70,62,6,99,48,15,32,29,68,114,123,16,23,66,84,79,60,67,95,9,78,65,113,102,54,39,14,77,110,83,103,82,5,112,107,61,120,38,21,28,118,36,89,20,58,109,98,86,80,27,44,100,105,53,35,71,45,50,97,93,91,88,90,116,51,125,117,57,43,22,3,87,121,42,8,76,111,72,101,24,46,25,122,30,73,40,4,115,106,10,7,12,63,34,41,119,59,47,85,11,55,108,26,2,19,104,17,69,64,81,31,96,74,37,92,33,49,94,13,52",20100,200
3,13,77874.16539323903,8.965210538520553,"18,75,124,56,70,62,6,99,48,15,32,29,68,114,123,16,102,113,65,78,9,95,60,79,67,84,66,23,54,39,14,77,110,83,103,82,5,112,107,61,120,38,21,28,118,36,89,20,58,109,98,86,80,27,44,100,105,45,71,35,53,50,97,93,91,88,90,116,51,125,117,57,43,22,3,87,121,42,8,76,111,72,46,25,101,24,122,30,73,40,4,115,106,10,7,12,63,34,41,119,59,47,85,11,55,108,26,2,19,104,17,69,64,81,31,74,96,37,92,33,49,94,13,52",20100,200
3,14,79474.94890647929,8.663861725581729,"18,75,124,56,70,62,6,99,48,15,32,29,68,114,123,16,91,36,125,89,9,95,60,79,67,84,66,23,117,51,116,90,97,93,88,118,45,21,38,5,109,83,103,82,61,20,120,78,65,113,102,54,58,39,14,77,110,107,112,98,86,80,27,44,100,28,57,71,105,50,53,35,43,22,87,3,121,42,8,76,111,72,101,24,46,25,122,30,73,40,4,115,106,10,7,12,63,34,41,119,59,47,85,11,55,108,26,2,19,104,17,69,64,81,96,74,31,37,92,33,49,94,13,52",20100,200
3,15,77634.44461906391,10.084022015049353,"18,75,124,56,70,62,6,99,48,15,32,29,68,114,123,16,23,66,84,79,60,67,95,9,78,65,113,102,54,39,14,77,110,83,103,82,5,112,107,61,120,38,21,28,118,36,89,20,58,109,98,86,80,27,44,100,105,53,35,71,45,50,97,93,91,88,90,116,51,125,117,57,43,22,3,87,121,42,8,69,17,104,101,24,46,25,122,30,73,40,4,115,106,10,7,12,63,34,41,119,59,47,85,11,55,108,26,2,19,72,111,76,64,81,96,74,31,37,92,33,49,94,13,52",20100,200
3,16,77509.74588143693,10.479145957567344,"18,75,124,56,70,62,6,99,48,15,32,29,68,114,123,16,51,116,90,79,60,67,95,9,78,65,113,102,54,39,14,77,110,83,103,82,5,112,107,61,120,38,21,28,118,36,89,20,58,109,98,86,80,27,44,100,105,45,71,35,53,50,97,93,91,88,84,66,23,125,117,57,43,22,3,87,121,42,8,69,17,104,46,25,101,40,73,30,55,11,4,115,106,10,7,12,63,34,41,37,59,47,85,24,122,108,26,2,19,72,111,76,64,81,31,96,74,119,92,33,49,94,13,52",20100,200
3,17,79862.44398705456,8.242420760917268,"18,75,124,56,70,62,6,99,48,15,32,29,68,114,123,16,23,66,94,67,79,60,95,9,89,125,36,91,117,51,116,90,97,93,88,118,45,21,38,5,109,83,103,82,61,20,120,78,65,113,102,54,58,39,14,77,110,107,112,98,86,80,27,44,100,28,57,71,105,50,53,35,43,22,87,3,121,42,8,76,111,72,122,40,46,25,73,30,101,24,4,115,106,10,7,12,63,34,41,119,59,47,85,11,55,108,26,2,19,104,17,69,64,81,96,74,31,37,92,33,49,84,13,52",20100,200
3,18,81809.08160714354,7.171994143890526,"18,75,124,56,70,62,6,99,48,15,32,29,68,114,123,16,23,66,94,67,79,60,95,9,89,125,36,91,117,51,116,90,97,93,88,118,45,21,38,5,109,83,103,82,61,120,20,78,65,113,102,54,58,39,14,77,110,107,112,98,86,80,27,44,100,28,57,71,105,50,53,35,43,121,87,42,22,3,8,69,17,104,46,25,101,40,73,30,55,11,4,115,106,10,7,12,63,34,41,37,59,47,85,24,122,108,26,2,19,72,111,76,64,81,31,74,96,119,92,33,49,84,13,52",20100,200
3,19,76933.20326118187,11.174748319313505,"18,75,124,56,70,62,6,99,48,15,32,29,68,114,123,16,51,116,90,67,79,60,95,9,78,65,110,77,14,39,54,102,113,83,103,82,5,112,107,61,120,38,21,28,118,36,89,20,58,109,98,86,80,27,44,100,105,53,35,71,45,50,97,93,91,88,84,66,23,125,117,57,43,22,3,87,121,42,8,76,111,72,101,24,46,25,122,30,73,40,4,115,106,10,7,12,63,34,41,119,59,47,85,11,55,108,26,2,19,104,17,69,64,81,31,74,96,37,92,33,49,94,13,52",20100,200
3,20,79824.21037718318,8.37779804005802,"18,75,124,56,70,62,6,99,48,15,32,29,68,114,123,16,23,66,94,67,79,60,95,9,89,125,36,91,117,51,116,90,97,93,88,118,45,21,38,5,109,83,103,82,61,20,120,78,65,113,102,54,58,39,14,77,110,107,112,98,86,80,27,44,100,28,57,71,105,50,53,35,43,22,87,3,121,42,8,76,111,72,101,24,46,25,122,30,73,40,4,115,106,10,7,12,63,34,41,119,59,47,85,11,55,108,26,2,19,104,17,69,64,81,31,96,74,37,92,33,49,84,13,52",20100,200
4,0,89616.17703419473,8.648104725034838,"23,71,85,111,113,31,43,84,16,45,19,73,26,81,90,62,48,8,51,3,38,64,52,59,28,32,70,47,105,108,102,98,118,119,91,79,27,123,14,6,68,46,49,39,93,82,10,60,104,101,44,106,36,65,122,94,24,88,89,99,58,15,92,74,112,40,13,12,78,63,114,42,83,22,56,80,2,34,115,53,97,29,18,100,35,54,117,116,33,75,103,107,110,41,66,37,72,86,25,67,124,20,69,61,17,50,11,109,120,76,55,5,121,77,4,125,7,87,96,57,30,9,21,95",20100,200
4,1,91763.92349053605,8.34858109167425,"23,71,85,111,113,31,43,84,16,45,19,73,26,81,90,62,48,8,51,3,38,64,52,59,28,32,70,47,105,108,102,98,118,119,91,79,27,33,116,117,54,35,100,39,93,82,10,60,104,101,44,106,36,65,122,94,24,88,89,99,58,15,92,74,112,40,13,12,78,63,114,42,83,22,56,80,2,34,115,53,97,29,18,49,46,68,6,14,123,75,103,107,110,41,66,37,69,30,7,125,21,55,95,96,17,50,5,72,57,67,20,76,109,61,11,86,87,9,77,120,4,25,124,121",20100,200
4,2,84389.62566550986,8.774964387392123,"117,38,78,27,108,16,7,71,106,46,36,21,98,17,53,100,99,39,11,79,35,84,32,89,73,19,109,56,81,31,48,83,45,14,3,61,47,42,113,30,34,67,51,70,63,124,94,24,118,86,82,69,37,66,92,15,72,125,116,90,25,58,76,41,40,23,96,87,33,115,4,119,74,91,13,107,103,75,123,114,6,68,121,49,77,44,12,104,60,10,97,29,18,93,64,101,54,111,26,95,122,20,59,9,105,8,22,62,80,112,55,5,65,88,50,120,2,110,28,57,43,52,85,102",20100,200
4,3,84102.33224733536,9.199184746487049,"117,38,78,27,62,16,7,71,106,46,36,21,98,17,53,100,99,79,11,39,35,84,32,89,73,19,109,56,81,31,48,83,45,14,3,61,47,42,113,30,34,67,51,70,63,124,94,25,90,116,125,72,15,92,66,37,69,82,86,118,24,58,76,41,40,23,96,87,33,115,4,119,74,91,13,107,103,75,123,114,6,68,121,49,77,44,12,104,60,10,97,29,18,93,64,101,54,111,26,95,122,20,59,9,105,8,22,108,120,112,55,5,65,88,50,80,2,110,28,57,43,52,85,102",20100,200
4,4,82150.17167598507,14.76898942610845,"75,125,27,87,55,8,111,36,9,114,84,91,71,80,38,24,57,21,85,81,56,109,94,39,99,48,93,2,26,72,46,124,13,7,107,40,118,96,86,62,23,41,34,43,82,18,29,101,113,103,45,51,3,116,28,11,63,25,33,67,97,10,60,104,49,115,54,92,76,105,42,78,4,14,15,59,95,47,74,58,30,65,102,70,106,12,52,69,37,68,110,64,5,66,61,121,31,22,73,122,19,98,17,53,100,108,77,117,79,88,16,32,89,90,50,83,20,112,120,119,35,44,123,6",20100,200
4,5,82970.92184298583,14.430670836441227,"75,125,27,87,55,8,111,36,9,114,84,91,71,80,38,24,57,21,85,81,56,109,94,39,99,48,93,2,26,72,46,124,13,7,107,40,118,96,86,62,23,41,34,43,82,18,29,101,113,103,45,51,3,116,28,11,63,25,33,67,97,10,60,104,49,115,54,92,76,105,42,78,4,14,15,59,95,47,74,58,30,65,102,70,106,12,52,69,37,68,110,64,5,66,61,121,31,22,73,122,19,98,17,53,100,20,83,50,90,89,32,16,88,79,117,77,108,112,120,119,35,44,123,6",20100,200
4,6,89399.12282004936,8.700506091271977,"23,71,113,111,31,85,43,84,16,45,19,73,26,81,90,62,48,8,51,3,38,64,52,59,28,32,70,47,105,108,102,98,118,119,91,79,27,33,116,117,54,35,100,18,29,97,10,60,104,101,44,106,36,65,122,94,24,88,89,99,58,15,92,74,112,40,13,12,78,63,114,42,83,22,56,80,2,34,115,39,82,93,53,49,46,68,6,14,123,75,103,107,110,41,66,37,72,86,25,67,124,20,69,61,17,50,11,109,120,76,55,5,121,77,4,125,7,87,96,57,30,9,21,95",20100,200
4,7,90200.85465655774,8.58127031293472,"23,84,113,111,31,85,43,16,71,45,19,73,26,81,90,62,48,110,51,3,38,64,52,59,28,32,70,47,105,108,102,98,118,119,91,79,27,33,116,117,54,35,100,39,93,82,10,60,104,101,44,106,36,65,122,94,24,88,89,99,58,15,92,74,112,40,13,12,78,63,114,42,83,22,56,80,2,34,115,53,97,29,18,49,46,68,6,14,123,75,103,107,8,41,66,37,69,30,7,125,21,55,95,96,17,50,5,72,57,67,20,76,109,61,11,86,87,9,77,120,4,25,124,121",20100,200
4,8,83838.57923467488,12.436579240850667,"75,125,27,87,55,8,111,36,9,114,84,91,71,80,38,24,57,21,85,81,56,109,94,39,99,48,93,2,26,72,46,124,13,7,107,40,118,96,86,62,23,41,34,43,82,18,29,101,113,103,45,51,3,116,28,11,63,25,33,67,97,10,60,104,49,115,54,92,76,105,42,14,122,78,15,59,108,47,74,58,30,65,70,102,106,12,52,69,37,68,110,64,5,66,61,121,31,22,73,4,19,98,17,53,100,95,77,117,79,88,16,32,89,90,50,83,20,112,120,119,35,44,123,6",20100,200
5,0,79958.50186895224,5.689903338370521,"71,53,98,40,123,59,42,78,105,26,2,30,41,124,120,70,85,93,7,80,21,87,6,90,65,99,3,79,28,92,100,106,29,16,116,72,76,115,11,48,77,58,83,73,13,110,107,12,89,60,24,69,31,37,47,119,111,23,36,68,122,38,104,103,117,44,82,113,35,125,109,101,19,32,114,45,27,25,18,14,43,34,5,102,57,94,91,121,95,67,112,61,33,46,96,17,39,86,49,97,4,64,84,20,52,22,8,55,51,62,9,75,63,74,88,10,15,50,81,54,66,108,56,118",20100,200
5,1,79003.74120399401,5.863019699779287,"71,53,98,40,123,59,42,78,105,30,2,26,41,124,93,87,85,70,7,120,6,90,21,80,65,99,3,79,28,92,100,106,29,16,116,72,76,115,11,48,77,58,83,73,13,110,107,12,89,60,24,69,31,37,47,119,111,23,36,68,122,38,104,103,117,44,82,113,35,125,109,101,32,19,114,45,27,25,18,14,43,34,5,102,57,94,91,121,95,67,112,61,33,46,96,17,39,86,49,97,4,64,84,20,52,22,8,55,51,62,9,75,63,74,88,10,15,50,81,54,66,108,56,118",20100,200
5,2,76656.10276695612,8.916277250063503,"71,53,98,40,123,59,92,100,106,29,83,58,77,48,115,11,76,72,28,110,13,87,6,120,70,85,93,7,90,116,73,21,80,65,99,3,79,16,124,41,26,2,30,105,78,42,107,12,89,60,24,69,31,37,47,119,111,23,36,68,122,38,104,103,117,44,82,113,35,125,45,114,32,19,101,109,27,25,18,14,43,34,5,102,57,94,91,121,95,67,112,61,33,46,96,17,39,86,49,97,4,75,9,62,51,55,8,22,52,20,84,64,63,74,88,10,15,50,81,54,66,108,56,118",20100,200
5,3,83094.21056163746,5.522680508593631,"71,40,98,53,123,59,42,78,105,30,2,26,41,124,120,70,85,93,7,80,21,11,115,76,72,116,16,29,106,100,92,28,79,3,99,65,90,6,87,48,77,58,83,73,13,110,107,12,89,60,24,69,31,37,47,119,111,23,36,68,122,38,104,103,117,44,82,113,35,125,45,114,32,19,101,109,27,25,18,14,43,34,5,102,57,94,91,121,95,67,112,61,33,46,96,17,39,86,49,97,4,64,84,20,52,22,8,55,51,62,9,75,63,74,88,10,15,81,54,50,66,108,56,118",20100,200
5,4,77166.84203360198,8.831760866327848,"71,53,98,40,123,59,42,78,105,30,2,26,41,124,16,79,3,99,65,80,21,73,116,90,7,93,85,70,120,6,87,13,110,28,72,76,11,115,48,77,58,83,29,106,100,92,107,12,89,60,24,31,69,37,47,119,111,23,36,68,122,38,104,117,103,44,82,113,35,125,45,114,32,19,101,109,27,25,18,14,43,34,5,102,57,94,91,121,95,67,112,61,33,46,96,17,39,86,49,97,4,75,9,62,51,55,8,22,52,20,84,64,63,74,88,10,15,50,81,54,66,108,56,118",20100,200
5,5,79958.50186895224,5.689903338370521,"71,53,98,40,123,59,42,78,105,26,2,30,41,124,120,70,85,93,7,80,21,87,6,90,65,99,3,79,28,92,100,106,29,16,116,72,76,115,11,48,77,58,83,73,13,110,107,12,89,60,24,69,31,37,47,119,111,23,36,68,122,38,104,103,117,44,82,113,35,125,45,114,32,19,101,109,27,25,18,14,43,34,5,102,57,94,91,121,95,67,112,61,33,46,96,17,39,86,49,97,4,64,84,20,52,22,8,55,51,62,9,75,63,74,88,10,15,50,81,54,66,108,56,118",20100,200
5,6,78982.68093603289,5.947688626685159,"71,53,98,40,123,59,42,78,105,30,2,26,41,124,93,87,85,70,7,120,6,90,21,80,65,99,3,79,28,92,100,106,29,16,116,72,76,115,11,48,77,58,83,73,13,110,107,12,89,60,24,31,69,37,47,119,111,23,36,68,122,38,104,117,103,44,82,113,35,125,109,101,19,32,114,45,27,25,18,14,43,34,5,102,57,94,91,121,95,67,112,61,33,46,96,17,39,86,49,97,4,64,84,20,52,22,8,55,51,62,9,75,63,74,88,10,15,50,81,54,66,108,56,118",20100,200
5,7,77317.75940303988,8.355387483534201,"71,53,98,40,123,59,42,78,41,26,2,30,105,124,100,70,85,93,7,120,6,90,21,80,65,99,3,79,92,28,87,106,29,16,116,72,76,115,11,48,77,58,83,73,13,110,107,12,89,60,24,31,69,37,47,119,111,23,36,68,122,38,104,117,103,44,82,113,35,125,45,114,27,109,101,19,32,25,18,14,43,34,5,102,57,94,91,121,95,67,112,61,33,46,96,17,39,86,49,97,4,75,9,62,51,55,8,22,52,20,84,64,63,74,88,10,15,50,81,54,66,108,56,118",20100,200
5,8,77793.65225064369,8.25,"71,53,98,40,123,59,42,78,105,30,2,26,41,124,99,3,79,28,65,80,21,100,92,90,7,106,87,6,120,70,85,93,29,16,116,72,76,115,11,48,77,58,83,73,13,110,107,12,89,60,24,31,69,37,47,119,111,23,36,68,122,38,104,103,117,44,82,113,35,125,45,101,19,32,114,109,27,25,18,14,43,34,5,102,57,94,91,121,95,67,112,61,33,46,96,17,39,86,49,97,4,75,9,62,51,55,118,56,108,66,10,88,50,15,54,74,63,64,81,84,20,52,22,8",20100,200
5,9,77839.47668649035,7.996092795859738,"71,53,98,40,123,59,105,100,78,42,30,2,26,41,70,124,7,93,85,120,6,90,21,80,65,99,3,79,92,28,87,106,29,16,116,72,76,115,11,48,77,58,83,73,13,110,107,12,89,60,24,69,31,37,47,119,111,23,36,68,122,38,104,117,103,44,82,113,35,125,45,101,19,32,114,109,27,25,18,14,43,34,5,102,57,94,91,121,95,67,112,61,33,46,96,17,39,86,49,97,4,75,9,62,51,55,8,22,52,20,84,64,63,74,88,10,15,50,81,54,66,108,56,118",20100,200
5,10,78315.43304489105,5.979130371550699,"71,53,98,40,123,59,42,78,105,26,2,30,41,124,100,70,85,93,7,120,6,90,21,80,65,99,3,79,92,28,87,106,29,16,116,72,76,115,11,48,77,58,83,73,13,110,107,12,89,60,24,31,69,37,47,119,111,23,36,68,122,38,104,103,117,44,82,113,35,125,45,114,32,19,101,109,27,25,18,14,43,34,5,102,57,94,91,121,95,67,112,61,33,46,96,17,39,86,49,97,4,64,84,20,52,22,8,55,51,62,9,75,63,74,88,10,15,50,81,54,66,108,56,118",20100,200
5,11,78018.84321667936,6.628536791781426,"71,53,98,40,123,59,42,78,105,30,2,26,41,124,16,79,3,99,65,80,21,73,116,90,7,93,85,70,120,6,87,13,110,28,72,76,11,115,48,77,58,83,29,106,100,92,107,12,89,60,24,69,31,37,47,119,111,23,36,68,122,38,104,103,117,44,82,113,35,125,45,114,32,19,101,109,27,25,18,14,43,34,5,102,57,94,91,121,95,67,112,61,33,46,96,17,39,86,49,97,4,64,84,20,52,22,8,55,51,62,9,75,63,74,88,10,15,50,81,54,66,108,56,118",20100,200
5,12,77167.4059038581,8.774964387392123,"71,53,98,40,123,59,42,78,105,30,2,26,41,124,16,79,3,99,65,80,21,73,116,90,7,93,85,70,120,6,87,13,110,28,72,76,11,115,48,77,58,83,29,106,100,92,107,12,89,60,24,23,31,37,47,119,111,69,36,68,122,38,104,117,103,44,82,113,35,125,45,101,19,32,114,109,27,25,18,14,43,34,5,102,57,94,91,121,95,67,112,61,33,46,96,17,39,86,49,97,4,75,9,62,51,55,8,22,52,20,84,64,63,74,88,10,15,50,81,54,66,108,56,118",20100,200
5,13,77240.56775972206,8.721381771256205,"71,53,98,40,123,59,42,78,105,30,2,26,41,124,16,79,3,99,65,80,21,106,29,90,7,93,85,70,120,6,87,100,92,28,116,72,76,115,11,48,77,58,83,73,13,110,107,12,89,60,24,69,31,37,47,119,111,23,36,68,122,38,104,103,117,44,82,113,35,125,109,101,19,32,114,45,27,25,18,14,43,34,5,102,57,94,91,121,95,67,112,61,33,46,96,17,39,86,49,97,4,75,9,62,51,55,8,22,52,20,84,64,63,74,88,10,15,50,81,54,66,108,56,118",20100,200
6,0,77057.69615917413,17.157082295977002,"53,60,117,29,71,67,112,15,32,83,11,111,42,115,79,61,6,68,31,82,91,100,9,93,113,54,122,18,43,58,92,56,85,3,75,116,103,16,44,19,55,25,89,106,98,84,57,40,121,51,52,12,27,107,59,108,2,46,96,69,8,21,125,7,10,97,33,20,101,34,13,65,39,94,109,35,14,17,123,41,72,38,47,80,95,5,70,114,77,22,78,45,24,87,74,50,64,119,23,81,49,88,124,28,26,66,73,105,62,118,86,63,30,104,36,4,90,76,120,102,110,48,37,99",20100,200
6,1,77438.49267217099,13.974067547425781,"53,29,117,60,71,67,112,15,32,83,11,111,42,115,79,61,6,68,31,82,91,100,9,93,113,54,122,18,43,58,92,56,85,3,75,116,103,16,44,19,55,25,89,106,98,84,57,40,121,51,52,12,27,107,59,108,2,46,96,69,8,21,125,7,10,97,33,20,101,34,13,65,80,95,5,114,63,102,30,62,47,38,70,17,123,41,72,35,77,22,78,45,24,74,87,50,64,119,23,81,49,88,124,28,26,66,105,73,109,94,39,14,120,104,36,4,90,76,48,86,118,37,110,99",20100,200
6,2,79707.79118166026,9.204841621373168,"53,29,117,71,60,67,11,15,116,83,32,111,42,115,79,61,112,9,31,82,43,3,103,6,54,113,75,18,91,58,92,56,85,124,122,100,68,16,44,19,55,25,89,106,98,84,57,40,121,51,52,12,27,107,59,108,2,46,96,69,8,21,125,7,10,97,33,20,101,34,13,65,39,94,109,14,114,5,95,41,47,38,72,80,123,17,93,35,77,22,78,45,24,87,74,50,64,119,23,81,49,88,70,28,26,66,105,73,62,30,102,63,120,36,104,4,90,76,48,86,118,37,110,99",20100,200
6,3,78354.45702164945,9.978857355581784,"18,43,92,58,56,85,3,117,60,71,67,15,53,122,55,19,124,9,100,91,82,31,68,6,61,79,115,42,111,11,32,83,112,29,75,116,103,16,44,54,113,25,89,106,98,84,57,40,121,51,52,12,27,107,59,108,2,46,96,69,8,21,125,7,10,97,33,20,101,34,13,65,39,94,109,35,114,5,95,41,47,38,72,80,123,17,93,14,77,22,78,45,24,87,74,50,64,119,23,81,49,88,70,28,26,66,105,73,62,30,102,63,120,104,36,4,90,76,48,86,118,37,110,99",20100,200
6,4,80056.56553783611,8.168788727502005,"53,29,117,71,60,67,11,15,116,83,32,111,42,115,79,61,112,9,31,82,43,3,103,6,54,113,75,18,91,58,92,56,85,124,122,100,68,16,44,19,55,25,89,106,98,84,57,40,121,51,52,12,27,107,59,108,2,96,46,33,10,97,7,125,8,21,69,20,101,34,13,65,39,94,109,14,114,5,95,41,47,38,72,80,123,17,93,35,77,22,78,45,24,87,74,50,64,119,23,81,49,88,70,28,26,66,105,73,62,30,102,63,120,36,104,4,90,76,48,86,118,37,110,99",20100,200
6,5,79880.55583167821,8.731795965877543,"53,15,117,71,60,67,29,116,83,11,32,111,42,115,79,61,112,9,31,82,43,3,103,6,54,113,75,18,91,58,92,56,85,124,122,100,68,16,44,19,55,25,89,106,98,84,57,40,121,51,52,12,27,107,59,108,2,96,46,33,10,97,7,125,8,21,69,20,101,34,13,65,39,94,109,14,114,5,95,41,47,38,72,80,123,17,93,35,77,22,78,45,24,87,74,50,64,119,23,81,49,88,70,28,26,66,105,73,62,30,102,63,120,104,36,4,90,76,48,86,118,37,110,99",20100,200
6,6,79649.80481639464,9.290041272799675,"53,116,117,29,60,71,67,15,83,32,11,111,42,115,79,61,112,9,31,82,43,3,103,6,54,113,75,18,91,58,92,56,85,124,122,100,68,16,44,19,55,25,89,106,98,84,57,40,121,51,52,12,27,107,59,108,2,13,34,101,20,33,97,10,7,125,21,8,69,96,46,65,39,94,109,35,114,5,95,41,47,38,72,80,123,17,93,14,77,22,78,45,24,87,74,50,64,119,23,81,49,88,70,28,26,66,105,73,62,30,102,63,120,104,36,4,90,76,48,86,118,37,110,99",20100,200
6,7,81203.51243553983,7.812306930580373,"53,75,117,29,116,82,115,15,42,83,32,61,11,58,112,111,71,9,31,67,60,79,85,56,92,43,3,18,91,113,54,6,103,124,122,100,68,16,44,19,55,25,89,106,98,84,57,40,121,51,52,12,27,107,59,108,2,96,46,33,10,97,7,125,8,21,69,20,101,34,13,65,39,94,109,14,114,5,95,41,47,38,72,80,123,17,93,35,77,22,78,45,24,87,74,50,64,119,23,81,49,88,70,28,26,66,105,73,62,30,102,63,120,36,104,4,90,76,48,86,118,37,110,99",20100,200
6,8,79565.26574503863,9.358290128172383,"53,15,67,71,60,117,29,116,83,11,32,111,42,115,79,61,112,9,31,82,43,3,103,6,54,113,75,18,91,58,92,56,85,124,122,100,68,16,44,19,55,25,89,106,98,84,57,40,121,51,52,12,27,107,59,108,2,13,34,101,20,33,97,10,7,125,21,8,69,96,46,65,39,94,109,35,114,5,95,41,47,38,72,80,123,17,93,14,77,22,78,45,24,87,74,50,64,119,23,81,49,88,70,28,26,66,105,73,62,30,102,63,120,104,36,4,90,76,48,86,118,37,110,99",20100,200
6,9,77993.22330383018,11.926619839238414,"53,29,117,60,71,67,112,15,32,83,11,111,42,115,79,61,6,68,31,82,91,100,9,56,92,58,43,18,122,54,113,93,85,3,75,116,103,16,44,19,55,25,89,106,98,84,57,40,121,51,52,12,27,107,59,108,2,46,96,69,8,21,125,7,10,97,33,20,101,34,13,65,80,95,5,114,63,102,30,62,47,38,70,17,123,41,72,35,77,22,78,45,24,74,87,50,64,119,23,81,49,88,124,28,26,66,105,73,109,94,39,14,120,104,36,4,90,76,48,86,118,37,110,99",20100,200
6,10,77971.12746045536,12.148151880967273,"53,29,117,60,71,67,112,15,32,83,11,111,42,115,79,61,6,68,31,82,91,100,9,56,92,58,43,18,122,54,113,93,85,3,75,116,103,16,44,19,55,25,89,106,98,84,57,40,121,51,52,12,27,107,59,108,2,96,46,69,8,21,125,7,10,97,33,20,101,34,13,65,80,95,5,114,63,102,30,62,47,38,70,17,123,41,72,35,77,22,78,45,24,74,87,50,64,119,23,81,49,88,124,28,26,66,105,73,109,94,39,14,120,104,36,4,90,76,48,86,118,37,110,99",20100,200
6,11,78129.20572964117,11.206140911261498,"18,43,58,92,56,85,75,29,112,83,32,11,111,42,115,79,61,6,68,31,82,91,100,9,124,19,55,122,53,15,67,71,60,117,3,116,103,16,44,54,113,25,89,106,98,84,57,40,121,51,52,12,27,107,59,108,2,46,96,69,8,21,125,7,10,97,33,20,101,34,13,65,39,94,109,14,120,5,95,41,47,38,72,80,123,17,93,35,77,22,78,45,24,87,74,50,64,119,23,81,49,88,70,28,26,66,105,73,62,30,102,63,114,104,36,4,90,76,48,86,110,118,37,99",20100,200
6,12,79649.75906463104,9.306336398032885,"53,60,71,67,116,117,29,15,83,32,11,111,42,115,79,61,112,9,31,82,43,3,103,6,54,113,75,18,91,58,92,56,85,124,122,100,68,16,44,19,55,25,89,106,98,84,57,40,121,51,52,12,27,107,59,108,2,46,96,69,8,21,125,7,10,97,33,20,101,34,13,65,39,94,109,35,114,5,95,41,47,38,72,80,123,17,93,14,77,22,78,45,24,87,74,50,64,119,23,81,49,88,70,28,26,66,105,73,62,30,102,63,120,104,36,4,90,76,48,86,118,37,110,99",20100,200
6,13,82807.78677120809,7.169084735252505,"53,75,117,29,116,82,115,15,42,83,32,61,11,58,112,111,71,9,31,67,60,79,85,56,92,43,3,18,91,113,54,6,103,124,122,100,68,16,44,19,55,25,89,106,98,84,57,40,121,51,52,12,27,107,59,108,2,96,46,33,10,97,7,125,8,21,69,20,101,34,13,65,62,94,109,14,114,5,95,41,47,38,72,80,123,17,70,35,77,22,78,45,24,87,74,50,64,119,23,81,49,88,93,28,26,66,105,73,39,30,102,63,120,104,36,4,90,76,48,86,118,37,110,99",20100,200
6,14,77874.24876482219,13.644913144799027,"53,29,117,60,71,67,112,15,32,83,11,111,42,115,79,61,6,68,31,82,91,100,9,116,19,55,122,18,43,58,92,56,85,3,75,124,103,16,44,54,113,25,89,106,98,84,57,40,121,51,52,12,27,107,59,108,2,46,96,69,8,21,125,7,10,97,33,20,101,34,13,65,39,94,109,35,14,17,123,41,72,38,47,80,95,5,70,114,77,22,78,45,24,87,74,50,64,119,23,81,49,88,93,28,26,66,105,73,62,30,102,63,120,104,36,4,90,76,48,86,118,37,110,99",20100,200
6,15,77153.09862100384,14.120756918141126,"53,60,117,29,71,67,112,15,32,83,11,111,42,115,79,61,6,68,31,82,91,100,9,116,19,55,122,18,43,58,92,56,85,3,75,93,103,16,44,54,113,25,89,106,98,84,57,40,121,51,52,12,27,107,59,108,2,46,96,69,21,8,125,7,10,97,34,101,20,33,13,65,80,95,5,114,14,109,105,73,66,26,28,124,88,49,81,23,119,64,77,22,78,45,24,87,74,50,35,70,17,123,41,72,38,47,39,94,62,118,86,63,30,104,36,4,90,76,48,102,120,37,110,99",20100,200
6,16,76691.58365069627,19.31090177739978,"53,14,67,71,60,117,29,112,32,83,11,111,42,115,79,61,6,68,31,82,91,100,9,116,19,55,122,18,43,58,92,56,85,3,75,124,103,16,44,54,113,25,89,106,98,84,57,40,121,51,52,12,27,107,59,108,2,46,96,69,8,21,125,7,10,97,33,20,101,34,13,65,39,94,109,35,93,17,123,41,72,38,47,80,95,5,70,114,77,22,78,45,24,87,74,50,64,119,23,81,49,88,15,28,26,66,73,105,62,118,86,63,30,104,36,4,90,76,120,102,110,48,37,99",20100,200
6,17,78238.38549440581,10.685675211661136,"18,43,58,92,56,85,75,29,112,83,32,11,111,42,115,79,61,6,68,31,82,91,100,9,124,19,55,122,53,15,67,71,60,117,3,116,103,16,44,54,113,25,89,106,98,84,57,40,121,51,52,12,27,107,59,108,2,13,34,101,20,33,97,10,7,125,21,8,69,96,46,65,39,94,109,35,114,5,95,41,47,38,72,80,123,17,93,14,77,22,78,45,24,87,74,50,64,119,23,81,49,88,70,28,26,66,105,73,62,30,102,63,120,104,36,4,90,76,48,86,110,118,37,99",20100,200
6,18,80352.23817888949,7.8625707224465025,"53,29,67,71,60,117,11,15,116,83,32,111,42,115,79,61,112,9,31,82,43,3,103,6,54,113,75,18,91,58,92,56,85,124,122,100,68,16,44,19,55,25,89,106,98,84,57,40,121,51,52,12,27,107,59,108,2,96,46,33,10,97,7,125,8,21,69,20,101,34,13,65,39,94,109,35,114,5,95,41,47,38,72,80,123,17,93,14,77,22,78,45,24,87,74,50,64,119,23,81,49,88,70,28,26,66,105,73,62,30,102,63,120,104,36,4,90,76,48,86,110,118,37,99",20100,200
6,19,79727.97463523263,8.934204965494853,"53,29,117,71,60,67,11,15,116,83,32,111,42,115,79,61,112,9,31,82,43,3,103,6,54,113,75,18,91,58,92,56,85,124,122,100,68,16,44,19,55,25,89,106,98,84,57,40,121,51,52,12,27,107,59,108,2,46,96,69,8,21,125,7,10,97,33,20,101,34,13,65,39,94,109,35,114,5,95,41,47,38,72,80,123,17,93,14,77,22,78,45,24,87,74,50,64,119,23,81,49,88,70,28,26,66,105,73,62,30,102,63,120,104,36,4,90,76,48,86,118,37,110,99",20100,200
6,20,82894.49445607037,6.80476794977767,"53,75,117,29,116,82,115,15,42,83,32,61,11,58,112,111,71,9,31,67,60,79,85,56,92,43,3,18,91,113,54,6,103,124,122,100,68,16,44,19,55,25,89,106,98,84,57,40,121,51,52,12,27,107,59,108,2,96,46,33,10,97,7,125,8,21,69,20,101,34,13,65,62,94,109,14,114,5,95,41,47,38,72,80,123,17,70,35,77,22,78,45,24,87,74,50,64,119,26,28,93,88,49,81,23,66,105,73,39,30,102,63,120,104,36,4,90,76,48,86,110,118,37,99",20100,200
6,21,84095.69552037721,6.628818181748918,"53,115,117,29,75,82,116,15,42,83,32,61,11,58,112,111,71,9,31,67,60,79,85,56,92,43,3,18,91,113,54,6,103,124,122,100,68,16,44,19,55,25,89,106,98,84,57,40,121,51,52,12,27,107,59,108,2,96,46,33,10,97,125,7,8,21,69,20,101,34,13,65,80,95,109,14,114,5,94,62,47,38,70,17,123,41,72,35,77,22,78,45,24,87,74,50,64,119,23,81,49,88,93,28,26,66,105,73,39,30,102,63,120,104,36,4,90,76,48,86,118,37,110,99",20100,200
6,22,77897.5438737797,12.309223698610834,"18,43,58,92,56,85,75,29,112,83,32,11,111,42,115,79,61,6,68,31,82,91,100,9,124,19,55,122,53,15,67,71,60,117,3,116,103,16,44,54,113,25,89,106,98,84,57,40,121,51,52,12,27,107,59,108,2,46,96,69,8,21,125,7,10,97,33,20,101,34,13,65,39,94,109,35,14,17,123,41,72,38,47,80,95,5,70,114,77,22,78,45,24,87,74,50,64,119,23,81,49,88,93,28,26,66,105,73,62,30,102,63,120,104,36,4,90,76,48,86,110,118,37,99",20100,200
6,23,79923.68799404822,8.282988419245298,"53,60,71,67,116,117,29,15,83,32,11,111,42,115,79,61,112,9,31,82,43,3,103,6,54,113,75,18,91,58,92,56,85,124,122,100,68,16,44,19,55,25,89,106,98,84,57,40,121,51,52,12,27,107,59,108,2,96,46,33,10,97,7,125,101,20,21,8,69,34,13,65,39,94,109,35,114,5,95,41,47,38,72,80,123,17,93,14,77,22,78,45,24,87,74,50,64,119,23,81,49,88,70,28,26,66,105,73,62,30,102,63,120,104,36,4,90,76,48,86,118,37,110,99",20100,200
6,24,81425.09772657393,7.307241335909913,"53,115,117,29,75,82,116,15,42,83,32,61,11,58,112,111,71,9,31,67,60,79,85,56,92,43,3,18,91,113,54,6,103,124,122,100,68,16,44,19,55,25,89,106,98,84,57,40,121,51,52,12,27,107,59,108,2,96,46,33,10,97,7,125,8,21,69,20,101,34,13,65,39,94,109,35,114,5,95,41,47,38,72,80,123,17,93,14,77,22,78,45,24,87,74,50,64,119,23,81,49,88,70,28,26,66,105,73,62,30,102,63,120,104,36,4,90,76,48,86,118,37,110,99",20100,200
6,25,80165.12598747415,8.06800753830834,"53,29,117,71,60,67,11,15,116,83,32,111,42,115,79,61,112,9,31,82,43,124,103,6,54,113,75,18,91,58,92,56,85,3,122,100,68,16,44,19,55,25,89,106,98,84,57,40,121,51,52,12,27,107,59,108,2,96,46,33,10,97,7,125,8,21,69,20,101,34,13,65,39,94,109,14,114,5,95,41,47,38,72,80,123,17,93,35,77,22,78,45,24,87,74,50,64,119,23,81,49,88,70,28,26,66,105,73,62,30,102,63,120,36,104,4,90,76,48,86,118,37,110,99",20100,200
6,26,78276.57347666651,10.6658057503813,"18,43,58,92,56,85,75,29,112,83,32,11,111,42,115,79,61,6,68,31,82,91,100,9,124,19,55,122,53,15,67,71,60,117,3,116,103,16,44,54,113,25,89,106,98,84,57,40,121,51,52,12,27,107,59,108,2,46,96,69,8,21,125,7,10,97,33,20,101,34,13,65,39,94,109,35,114,5,95,41,47,38,72,80,123,17,93,14,77,22,78,45,24,87,74,50,64,119,23,81,49,88,70,28,26,66,105,73,62,30,102,63,120,104,36,4,90,76,48,86,110,118,37,99",20100,200
6,27,78015.2224834675,11.878246740920993,"53,29,117,60,71,67,112,15,32,83,11,111,42,115,79,61,6,68,31,82,43,100,9,124,113,54,122,18,91,58,92,56,85,3,75,116,106,89,25,55,19,44,16,103,98,84,57,40,121,51,52,12,27,107,59,108,2,46,96,69,8,21,125,7,10,97,33,20,101,34,13,65,39,94,109,14,120,5,95,41,47,38,72,80,123,17,93,35,77,22,78,45,24,87,74,50,64,119,23,81,49,88,70,28,26,66,105,73,62,30,102,63,114,104,36,4,90,76,48,86,118,37,110,99",20100,200
6,28,79231.47255229835,9.4837350493719,"53,15,67,71,60,117,29,112,83,32,11,111,42,115,79,61,6,68,31,82,43,100,9,124,113,54,122,18,91,58,92,56,85,3,75,116,106,89,25,55,19,44,16,103,27,84,57,107,121,51,52,12,98,40,59,108,2,96,46,33,10,97,125,7,8,21,69,20,101,34,13,65,39,94,109,35,114,5,95,41,47,38,72,80,123,17,93,14,77,22,78,45,24,87,74,50,64,119,23,81,49,88,70,28,26,66,105,73,62,30,102,63,120,104,36,4,90,76,48,86,118,37,110,99",20100,200
6,29,79611.57108237034,9.329101756203226,"53,60,71,67,116,117,29,15,83,32,11,111,42,115,79,61,112,9,31,82,43,3,103,6,54,113,75,18,91,58,92,56,85,124,122,100,68,16,44,19,55,25,89,106,98,84,57,40,121,51,52,12,27,107,59,108,2,13,34,101,20,33,97,10,7,125,21,8,69,96,46,65,39,94,109,35,114,5,95,41,47,38,72,80,123,17,93,14,77,22,78,45,24,87,74,50,64,119,23,81,49,88,70,28,26,66,105,73,62,30,102,63,120,104,36,4,90,76,48,86,118,37,110,99",20100,200
6,30,78719.19105022463,9.838176423259032,"53,29,117,71,60,67,11,15,116,83,32,111,42,115,79,61,112,9,31,82,43,3,103,6,54,113,75,18,91,58,92,56,85,124,122,100,68,16,44,19,55,25,89,106,98,84,57,40,121,51,52,12,27,107,59,108,2,46,96,69,8,21,125,7,10,97,33,101,20,34,13,65,39,94,109,14,120,5,95,41,47,38,72,80,123,17,93,35,77,22,78,45,24,87,74,50,64,119,23,81,49,88,70,28,26,66,73,105,62,30,102,63,114,104,36,4,90,76,48,86,118,37,110,99",20100,200
6,31,80920.74701127804,7.839412095421221,"53,116,117,29,75,82,115,15,42,83,32,61,11,58,112,111,71,9,31,67,60,79,85,56,92,43,3,18,91,113,54,6,103,124,122,100,68,16,44,19,55,25,89,106,98,84,57,40,121,51,52,12,27,107,59,108,2,96,46,33,10,97,101,20,7,125,21,8,69,34,13,65,39,94,109,35,114,5,95,41,47,38,72,80,123,17,93,14,77,22,78,45,24,87,74,50,64,119,23,81,49,88,70,26,28,66,105,73,62,30,102,63,120,104,36,4,90,76,48,86,118,37,110,99",20100,200
7,0,79535.892609166,11.436333124527717,"86,74,120,35,10,62,30,33,45,13,115,77,48,16,39,104,58,100,116,14,15,109,73,42,85,93,92,121,99,96,56,94,61,97,110,72,55,80,63,24,43,90,17,71,68,65,60,107,75,112,113,9,66,101,22,32,79,88,83,103,54,105,78,123,117,20,125,12,3,7,52,89,50,25,67,41,114,8,31,70,21,84,28,64,11,98,82,38,119,95,40,49,2,47,118,36,81,102,59,27,37,44,51,87,91,76,46,19,106,34,6,124,108,53,4,5,26,23,111,122,69,57,18,29",20100,200
7,1,85586.5990592136,8.533024082938006,"35,94,109,74,71,62,13,115,45,33,30,77,96,16,125,100,58,56,116,14,15,73,70,42,83,93,92,121,99,105,124,120,104,53,54,80,72,29,24,4,17,66,10,90,55,65,75,107,61,97,113,9,7,78,28,84,21,69,43,112,12,3,64,52,89,50,25,67,41,114,8,31,117,123,68,48,110,39,60,88,79,32,22,101,11,98,82,38,119,95,81,36,118,47,2,49,40,102,59,27,37,44,51,87,91,76,46,19,106,34,6,20,108,103,63,85,26,5,111,18,57,122,86,23",20100,200
7,2,84709.51154986928,9.236476600955584,"35,94,86,74,71,62,13,115,45,33,30,77,20,16,96,100,58,56,116,14,15,73,70,42,83,93,92,121,99,105,124,120,104,53,54,80,72,29,24,4,17,66,10,90,55,65,75,107,61,97,113,9,7,78,28,84,21,69,43,112,12,3,64,52,89,50,25,67,41,114,8,31,117,123,68,48,110,39,60,88,79,32,22,101,11,98,82,38,119,95,81,36,118,47,2,49,40,102,59,27,37,44,51,87,91,76,46,19,106,34,6,85,108,103,63,5,26,23,111,122,109,57,18,125",20100,200
7,3,82429.32648691552,9.57911333604874,"86,74,120,35,10,62,30,33,45,13,115,77,48,16,39,104,58,100,116,14,15,109,73,42,85,93,92,121,99,105,56,94,61,97,110,72,55,80,63,24,43,90,17,71,68,65,60,107,75,112,113,9,66,101,22,32,79,88,83,103,54,96,78,123,117,20,125,12,3,64,52,89,50,25,67,41,114,8,31,70,21,84,28,11,7,98,82,38,119,95,81,36,118,47,2,49,40,102,59,124,51,44,37,27,6,106,34,19,76,46,91,87,108,53,4,5,26,23,111,122,69,57,18,29",20100,200
7,4,87925.064333012,7.770135133960027,"35,94,109,74,71,62,13,115,45,33,30,77,96,16,125,100,58,56,116,110,15,69,70,42,83,48,92,121,99,105,124,120,104,53,54,80,72,29,24,4,17,66,10,90,55,65,75,107,61,97,113,98,7,78,28,84,21,73,43,112,12,3,64,52,89,50,25,67,41,114,8,31,117,123,11,93,14,39,60,88,79,32,22,101,68,9,82,38,119,95,40,49,2,47,118,36,81,102,59,27,37,44,51,87,91,76,46,19,106,34,6,20,108,103,63,85,26,5,111,18,57,122,86,23",20100,200
7,5,81094.27931450574,9.73600099297293,"86,74,120,35,10,62,30,33,45,13,115,77,48,16,39,104,58,100,116,14,15,109,73,42,85,93,92,121,99,105,56,94,61,97,110,72,55,80,63,24,43,90,17,71,68,65,60,107,75,112,113,9,66,101,22,32,79,88,83,103,54,96,78,123,117,20,125,12,3,64,52,89,50,25,67,41,114,8,31,70,21,84,28,11,7,98,82,38,119,95,40,49,2,47,118,36,81,102,59,27,37,44,51,87,91,76,46,19,106,34,6,124,108,53,4,5,26,23,111,122,69,57,18,29",20100,200
7,6,80322.8705107158,10.580228281407024,"86,74,120,35,10,62,13,115,58,33,30,77,39,16,48,100,45,104,116,14,15,109,73,42,85,93,92,121,99,96,56,94,61,97,110,72,55,80,63,24,43,90,17,71,68,65,60,107,75,112,113,9,66,101,22,32,79,88,83,103,54,105,78,123,117,20,125,12,3,64,52,89,50,25,67,41,114,8,31,70,21,84,28,11,7,98,82,38,119,95,40,49,2,47,118,36,81,102,59,27,37,44,51,87,91,76,46,19,106,34,6,124,108,53,4,5,26,69,122,111,23,57,18,29",20100,200
7,7,79286.24331746981,11.873143371364977,"86,74,120,35,10,62,13,115,45,33,30,77,48,16,39,104,58,100,116,14,15,109,73,42,85,93,92,121,99,105,56,94,61,97,110,72,55,80,63,24,43,90,17,71,68,65,60,107,75,112,113,9,66,101,22,32,79,88,83,103,54,96,78,123,117,20,125,67,25,50,89,52,7,3,12,41,114,8,31,70,21,84,28,11,64,98,82,38,119,95,40,49,2,47,118,36,81,102,59,27,37,44,51,87,91,76,46,19,106,34,6,124,108,53,4,5,26,23,111,122,69,57,18,29",20100,200
7,8,80541.61221536905,10.430230838057701,"86,74,120,35,10,62,13,115,58,33,30,77,39,16,48,100,45,104,116,14,15,109,73,42,85,93,92,121,99,105,124,94,61,97,110,72,55,80,63,24,43,90,17,71,68,65,60,107,75,112,113,9,66,101,22,32,79,88,83,103,54,96,78,123,117,20,125,12,3,64,52,89,50,25,67,41,114,8,31,70,21,84,28,11,7,98,82,38,119,95,40,49,2,47,118,36,81,102,59,27,37,44,51,87,91,76,46,19,106,34,6,56,108,53,4,5,26,23,111,122,69,57,18,29",20100,200
7,9,80995.66909215723,9.865858800967326,"86,74,120,35,10,62,30,33,45,13,115,77,48,16,39,104,58,100,116,14,15,109,73,42,85,93,92,121,99,96,56,94,61,97,110,72,55,80,63,24,43,90,17,71,68,65,60,107,75,112,113,9,66,101,22,32,79,88,83,103,54,105,78,123,117,20,125,12,3,64,52,89,50,25,67,41,114,8,31,70,21,84,28,11,7,98,82,38,119,95,40,49,2,47,118,36,81,102,59,27,37,44,51,87,91,76,46,19,106,34,6,124,108,53,4,5,26,23,111,122,69,57,18,29",20100,200
7,10,79343.08641452834,11.726763750602405,"86,74,120,35,10,62,13,115,58,33,30,77,39,16,48,100,45,104,116,14,15,109,73,42,85,93,92,121,99,105,56,94,61,97,110,8,114,41,67,25,50,89,52,7,3,12,125,20,117,123,78,96,54,103,83,88,79,32,22,101,66,9,113,112,75,107,60,65,68,71,17,90,43,24,63,80,55,72,31,70,21,84,28,11,64,98,82,38,119,95,40,49,2,47,118,36,81,102,59,27,37,44,51,87,91,76,46,19,106,34,6,124,108,53,4,5,26,23,111,122,69,57,18,29",20100,200
7,11,79400.1597880859,11.719008912046462,"86,74,120,35,10,62,13,115,45,33,30,77,48,16,39,104,58,100,116,14,15,109,73,42,124,93,92,121,99,105,56,94,61,97,110,72,55,80,63,24,43,90,17,71,68,65,60,107,75,112,113,9,66,101,22,32,79,88,83,103,54,96,78,123,117,20,125,12,3,7,52,89,50,25,67,41,114,8,31,70,21,84,28,64,11,98,82,38,119,95,40,49,2,47,118,36,81,102,59,27,37,44,51,87,91,76,46,19,106,34,6,85,108,53,4,5,26,23,111,122,69,57,18,29",20100,200
7,12,79081.83573237782,11.926619839238414,"86,74,120,35,10,62,13,115,58,33,30,77,39,16,48,100,45,104,116,14,15,109,73,42,85,93,92,121,99,105,124,94,61,97,110,72,55,80,63,24,43,90,17,71,68,65,60,107,75,112,113,9,66,101,22,32,79,88,83,103,54,96,78,123,117,20,125,12,3,7,52,89,50,25,67,41,114,8,31,70,21,84,28,64,11,98,82,38,119,95,40,49,2,47,118,36,81,102,59,27,37,44,51,87,91,76,46,19,106,34,6,56,108,53,4,5,26,23,111,122,69,57,18,29",20100,200
7,13,78962.56853549746,11.952000727734916,"86,74,120,35,10,62,13,115,58,33,30,77,39,16,48,100,45,104,116,14,15,109,73,42,85,93,92,121,99,105,56,94,61,97,110,72,55,80,63,24,43,90,17,71,68,65,60,107,75,112,113,9,66,101,22,32,79,88,83,103,54,96,78,123,117,20,125,12,3,7,52,89,50,25,67,41,114,8,31,70,21,84,28,64,11,98,82,38,119,95,40,49,2,47,118,36,81,102,59,27,37,44,51,87,91,76,46,19,106,34,6,124,108,53,4,5,26,23,111,122,69,57,18,29",20100,200
7,14,79428.0353624751,11.65678448055376,"86,74,120,35,10,62,13,115,45,33,30,77,48,16,39,104,58,100,116,14,15,109,73,42,85,93,92,121,99,105,56,94,61,97,110,72,55,80,63,24,43,90,17,71,68,65,60,107,75,112,113,9,66,101,22,32,79,88,83,103,54,96,78,123,117,20,125,12,3,7,52,89,50,25,67,41,114,8,31,70,21,84,28,64,11,98,82,38,119,95,40,49,2,47,118,36,81,102,59,27,37,44,51,87,91,76,46,19,106,34,6,124,108,53,4,5,26,23,111,122,69,57,18,29",20100,200
7,15,78934.69296110826,12.012696069172872,"86,74,120,35,10,62,13,115,58,33,30,77,39,16,48,100,45,104,116,14,15,109,73,42,124,93,92,121,99,105,56,94,61,97,110,72,55,80,63,24,43,90,17,71,68,65,60,107,75,112,113,9,66,101,22,32,79,88,83,103,54,96,78,123,117,20,125,12,3,7,52,89,50,25,67,41,114,8,31,70,21,84,28,64,11,98,82,38,119,95,40,49,2,47,118,36,81,102,59,27,37,44,51,87,91,76,46,19,106,34,6,85,108,53,4,5,26,23,111,122,69,57,18,29",20100,200
7,16,82451.06601978486,9.43247229081475,"86,74,120,35,10,62,30,33,45,13,115,77,48,16,39,104,58,100,116,14,15,109,73,42,85,93,92,121,99,105,56,94,61,97,110,72,90,43,24,63,80,55,17,71,68,65,60,107,75,112,113,9,66,101,22,32,79,88,83,103,54,96,78,123,117,20,125,12,3,64,52,89,50,25,67,41,114,8,31,70,21,84,28,11,7,98,82,38,119,95,40,49,2,47,118,36,81,102,59,27,37,44,51,87,91,76,46,19,106,34,6,124,108,53,4,5,26,23,111,122,69,57,18,29",20100,200
7,17,78674.89091880282,13.684829696419987,"86,74,120,35,10,62,13,115,58,33,30,77,39,16,38,82,98,11,64,28,84,21,70,31,8,114,41,67,25,50,89,52,7,3,12,125,20,117,123,78,96,54,103,83,88,79,32,22,101,66,9,113,112,75,107,60,65,68,71,17,90,43,24,63,80,55,72,110,97,61,94,56,105,99,121,92,93,124,42,73,109,15,14,116,104,45,100,48,119,95,40,49,2,47,118,36,81,102,59,27,37,44,51,87,91,76,46,19,106,34,6,85,108,53,4,5,26,23,111,122,69,57,18,29",20100,200
7,18,79748.67426619628,10.806929042756312,"86,74,120,35,10,62,33,30,45,13,115,77,48,16,39,104,58,100,116,14,15,109,73,42,124,93,92,121,99,105,56,94,61,97,110,72,55,80,63,24,43,90,17,71,68,65,60,107,75,112,113,9,66,101,22,32,79,88,83,103,123,78,96,54,117,20,125,12,3,7,52,89,50,25,67,41,114,8,82,98,11,64,28,84,21,70,31,38,119,95,81,36,118,47,2,49,40,102,59,27,37,44,51,87,91,76,46,19,106,34,6,85,108,53,4,5,26,23,111,122,69,57,18,29",20100,200
7,19,80365.65525877979,10.459243564485458,"86,74,120,35,10,62,13,115,58,33,30,77,39,16,48,100,45,104,116,14,15,109,73,42,85,93,92,121,99,105,56,94,61,97,110,72,55,80,63,24,43,90,17,71,68,65,60,107,75,112,113,9,66,101,22,32,79,88,83,103,123,96,78,54,117,20,125,12,3,64,52,89,50,25,67,41,114,8,31,70,21,84,28,11,7,98,82,38,119,95,40,49,2,47,118,36,81,102,59,27,37,44,51,87,91,76,46,19,106,34,6,124,108,53,4,5,26,69,122,111,23,57,18,29",20100,200
7,20,78820.77649049218,12.16310940864568,"86,74,120,35,10,62,13,115,58,33,30,77,39,16,48,100,45,104,116,14,15,109,73,42,85,93,92,121,99,105,56,94,61,97,110,72,55,80,63,24,43,90,17,71,68,65,60,107,75,112,113,9,66,101,22,32,79,88,83,103,54,96,78,123,117,20,125,67,25,50,89,52,7,3,12,41,114,8,31,70,21,84,28,11,64,98,82,38,119,95,40,49,2,47,118,36,81,102,59,27,37,44,51,87,91,76,46,19,106,34,6,124,108,53,4,5,26,23,111,122,69,57,18,29",20100,200
7,21,86267.52975717626,8.415016339853418,"35,94,109,74,71,62,13,115,45,33,30,77,96,16,125,100,58,56,116,14,15,73,70,42,83,93,92,121,99,105,124,120,104,53,54,80,72,29,24,4,17,66,10,90,55,65,75,107,61,97,113,9,7,78,28,84,21,69,43,112,12,3,64,52,89,50,25,67,41,114,8,31,117,123,68,48,110,39,60,88,79,32,22,101,11,98,82,38,119,95,81,36,118,47,2,49,40,102,59,27,37,44,51,87,91,76,46,19,106,34,6,85,108,103,63,20,26,5,111,18,57,122,86,23",20100,200
7,22,84239.17534936043,9.303897032964198,"86,74,94,35,10,62,13,115,45,33,30,77,20,16,96,100,58,56,116,14,15,73,70,42,83,93,92,121,99,105,85,120,104,53,54,80,72,29,24,4,17,66,71,90,55,65,75,107,61,97,113,9,7,78,28,84,21,69,43,112,12,3,64,52,89,50,25,67,41,114,8,31,117,123,68,48,110,39,60,88,79,32,22,101,11,98,82,38,119,95,81,36,118,47,2,49,40,102,59,27,37,44,51,87,91,76,46,19,106,34,6,124,108,103,63,5,26,23,111,122,109,57,18,125",20100,200
7,23,79535.892609166,11.436333124527717,"86,74,120,35,10,62,30,33,45,13,115,77,48,16,39,104,58,100,116,14,15,109,73,42,85,93,92,121,99,96,56,94,61,97,110,72,55,80,63,24,43,90,17,71,68,65,60,107,75,112,113,9,66,101,22,32,79,88,83,103,123,78,105,54,117,20,125,12,3,7,52,89,50,25,67,41,114,8,31,70,21,84,28,64,11,98,82,38,119,95,40,49,2,47,118,36,81,102,59,27,37,44,51,87,91,76,46,19,106,34,6,124,108,53,4,5,26,23,111,122,69,57,18,29",20100,200
7,24,78932.00993799158,12.04041251440282,"86,74,120,35,10,62,13,115,58,33,30,77,39,16,48,100,45,104,116,14,15,109,73,42,85,93,92,121,99,96,124,94,61,97,110,72,55,80,63,24,43,90,17,71,68,65,60,107,75,112,113,9,66,101,22,32,79,88,83,103,54,105,78,123,117,20,125,12,3,7,52,89,50,25,67,41,114,8,31,70,21,84,28,64,11,98,82,38,119,95,40,49,2,47,118,36,81,102,59,27,37,44,51,87,91,76,46,19,106,34,6,56,108,53,4,5,26,69,122,111,23,57,18,29",20100,200
7,25,80789.20162311783,10.24556164966021,"86,74,120,35,10,62,13,115,45,33,30,77,48,16,39,104,58,100,116,14,15,109,73,42,85,93,92,121,99,96,56,94,61,97,110,72,55,80,63,24,43,90,17,71,68,65,60,107,75,112,113,9,66,101,22,32,79,88,83,103,123,78,105,54,117,20,125,12,3,64,52,89,50,25,67,41,114,8,31,70,21,84,28,11,7,98,82,38,119,95,40,49,2,47,118,36,81,102,59,27,37,44,51,87,91,76,46,19,106,34,6,124,108,53,4,5,26,23,111,122,69,57,18,29",20100,200
7,26,81010.57826583204,9.810415933573628,"86,74,120,35,10,62,30,33,45,13,115,77,48,16,39,104,58,100,116,14,15,109,73,42,124,93,92,121,99,105,56,94,61,97,110,72,55,80,63,24,43,90,17,71,68,65,60,107,75,112,113,9,66,101,22,32,79,88,83,103,123,96,78,54,117,20,125,12,3,64,52,89,50,25,67,41,114,8,31,70,21,84,28,11,7,98,82,38,119,95,40,49,2,47,118,36,81,102,59,27,37,44,51,87,91,76,46,19,106,34,6,85,108,53,4,5,26,23,111,122,69,57,18,29",20100,200
7,27,78863.09402772457,12.058017081644497,"86,74,120,35,10,62,13,115,58,33,30,77,39,16,48,100,45,104,116,14,15,109,73,42,85,93,92,121,99,96,56,94,61,97,110,72,55,80,63,24,43,90,17,71,68,65,60,107,75,112,113,9,66,101,22,32,79,88,83,103,54,105,78,123,117,20,125,12,3,7,52,89,50,25,67,41,114,8,31,70,21,84,28,64,11,98,82,38,119,95,40,49,2,47,118,36,81,102,59,27,37,44,51,87,91,76,46,19,106,34,6,124,108,53,4,5,26,69,122,111,23,57,18,29",20100,200
7,28,82381.86862171558,9.594917540442813,"86,74,120,35,10,62,30,33,45,13,115,77,48,16,39,104,58,100,116,14,15,109,73,42,85,93,92,121,99,105,124,94,61,97,110,72,55,80,63,24,43,90,17,71,68,65,60,107,75,112,113,9,66,101,22,84,21,70,83,103,54,96,78,123,117,20,125,12,3,64,52,89,50,25,67,41,114,8,31,88,79,32,28,11,7,98,82,38,119,95,81,36,118,47,2,49,40,102,59,56,51,44,37,27,6,106,34,19,76,46,91,87,108,53,4,5,26,23,111,122,69,57,18,29",20100,200
7,29,79081.83573237782,11.926619839238414,"86,74,120,35,10,62,13,115,58,33,30,77,39,16,48,100,45,104,116,14,15,109,73,42,85,93,92,121,99,105,124,94,22,101,66,9,113,112,75,107,60,65,68,71,17,90,43,24,63,80,55,72,110,97,61,32,79,88,83,103,54,96,78,123,117,20,125,12,3,7,52,89,50,25,67,41,114,8,31,70,21,84,28,64,11,98,82,38,119,95,40,49,2,47,118,36,81,102,59,27,37,44,51,87,91,76,46,19,106,34,6,56,108,53,4,5,26,23,111,122,69,57,18,29",20100,200
7,30,80967.79351776803,9.939301551677053,"86,74,120,35,10,62,30,33,45,13,115,77,48,16,39,104,58,100,116,14,15,109,73,42,124,93,92,121,99,96,56,94,61,97,110,72,55,80,63,24,43,90,17,71,68,65,60,107,75,112,113,9,66,101,22,32,79,88,83,103,54,105,78,123,117,20,125,12,3,64,52,89,50,25,67,41,114,8,31,70,21,84,28,11,7,98,82,38,119,95,40,49,2,47,118,36,81,102,59,27,37,44,51,87,91,76,46,19,106,34,6,85,108,53,4,5,26,23,111,122,69,57,18,29",20100,200
7,31,80859.93627107714,10.192184477631818,"86,74,120,35,10,62,13,115,45,33,30,77,48,16,39,104,58,100,116,14,15,109,73,42,124,93,92,121,99,105,56,94,61,97,110,72,55,80,63,24,43,90,17,71,68,65,60,107,75,112,113,9,66,101,22,32,79,88,83,103,123,78,96,54,117,20,125,12,3,64,52,89,50,25,67,41,114,8,31,70,21,84,28,11,7,98,82,38,119,95,40,49,2,47,118,36,81,102,59,27,37,44,51,87,91,76,46,19,106,34,6,85,108,53,4,5,26,23,111,122,69,57,18,29",20100,200
7,32,79400.1597880859,11.719008912046462,"86,74,120,35,10,62,13,115,45,33,30,77,39,16,48,104,58,100,116,14,15,109,73,42,124,93,92,121,99,105,56,94,61,97,110,72,55,80,63,24,43,90,17,71,68,65,60,107,75,112,113,9,66,101,22,32,79,88,83,103,54,96,78,123,117,20,125,12,3,7,52,89,50,25,67,41,114,8,31,70,21,84,28,64,11,98,82,38,119,95,40,49,2,47,118,36,81,102,59,27,37,44,51,87,91,76,46,19,106,34,6,85,108,53,4,5,26,23,111,122,69,57,18,29",20100,200
7,33,82330.71626456702,9.711069294898548,"86,74,120,35,10,62,30,33,45,13,115,77,48,16,39,104,58,100,116,14,15,109,73,42,85,93,92,121,99,96,56,94,61,97,110,72,55,80,63,24,43,90,17,71,68,65,60,107,75,112,113,9,66,101,22,32,79,88,83,103,54,105,78,123,117,20,125,12,3,64,52,89,50,25,67,41,114,8,31,70,21,84,28,11,7,98,82,38,119,95,81,36,118,47,2,49,40,102,59,124,51,44,37,27,6,106,34,19,76,46,91,87,108,53,4,5,26,23,111,122,69,57,18,29",20100,200
7,34,78722.16626814369,12.267301456805388,"86,74,120,35,10,62,13,115,58,33,30,77,39,16,48,100,45,104,116,14,15,109,73,42,85,93,92,121,99,96,56,94,61,97,110,72,55,80,63,24,43,90,17,71,68,65,60,107,75,112,113,9,66,101,22,32,79,88,83,103,54,105,78,123,117,20,125,67,25,50,89,52,7,3,12,41,114,8,31,70,21,84,28,11,64,98,82,38,119,95,40,49,2,47,118,36,81,102,59,27,37,44,51,87,91,76,46,19,106,34,6,124,108,53,4,5,26,23,111,122,69,57,18,29",20100,200
7,35,79572.63233837293,11.321822058710747,"86,74,120,35,10,62,33,30,45,13,115,77,48,16,39,104,58,100,116,14,15,109,73,42,124,93,92,121,99,105,56,94,61,97,110,72,55,80,63,24,43,90,17,71,68,65,60,107,75,112,113,9,66,101,22,32,79,88,83,103,123,78,96,54,117,20,125,12,3,7,52,89,50,25,67,41,114,8,82,98,11,64,28,84,21,70,31,38,119,95,40,49,2,47,118,36,81,102,59,27,37,44,51,87,91,76,46,19,106,34,6,85,108,53,4,5,26,23,111,122,69,57,18,29",20100,200
7,36,79464.83521212002,11.609897300802015,"86,74,120,35,10,62,30,33,45,13,115,77,48,16,39,104,58,100,116,14,15,109,73,42,124,93,92,121,99,105,56,94,61,97,110,72,55,80,63,24,43,90,17,71,68,65,60,107,75,112,113,9,66,101,22,32,79,88,83,103,54,96,78,123,117,20,125,67,25,50,89,52,7,3,12,41,114,8,31,70,21,84,28,11,64,98,82,38,119,95,40,49,2,47,118,36,81,102,59,27,37,44,51,87,91,76,46,19,106,34,6,85,108,53,4,5,26,23,111,122,69,57,18,29",20100,200
7,37,80887.81184546633,10.120577007835745,"86,74,120,35,10,62,13,115,45,33,30,77,48,16,39,104,58,100,116,14,15,109,73,42,85,93,92,121,99,105,56,94,61,97,110,72,55,80,63,24,43,90,17,71,68,65,60,107,75,112,113,9,66,101,22,32,79,88,83,103,54,96,78,123,117,20,125,12,3,64,52,89,50,25,67,41,114,8,31,70,21,84,28,11,7,98,82,38,119,95,40,49,2,47,118,36,81,102,59,27,37,44,51,87,91,76,46,19,106,34,6,124,108,53,4,5,26,23,111,122,69,57,18,29",20100,200
7,38,79492.71078650921,11.547084908349138,"86,74,120,35,10,62,30,33,45,13,115,77,48,16,39,104,58,100,116,14,15,109,73,42,85,93,92,121,99,105,56,94,61,97,110,72,55,80,63,24,43,90,17,71,68,65,60,107,75,112,113,9,66,101,22,32,79,88,83,103,54,96,78,123,117,20,125,67,25,50,89,52,7,3,12,41,114,8,31,70,21,84,28,11,64,98,82,38,119,95,40,49,2,47,118,36,81,102,59,27,37,44,51,87,91,76,46,19,106,34,6,124,108,53,4,5,26,23,111,122,69,57,18,29",20100,200
7,39,86648.80382171462,8.215838362577491,"35,94,109,74,71,62,13,115,45,33,30,77,96,16,125,100,58,56,116,14,15,73,70,42,83,93,92,121,99,105,124,120,104,53,54,80,72,29,24,4,17,66,10,90,55,65,75,107,61,97,113,9,7,78,28,84,21,69,43,112,12,3,64,52,89,50,25,67,41,114,8,31,117,123,68,48,110,39,60,88,79,32,22,101,11,98,82,38,119,95,81,36,118,47,2,49,40,102,59,27,37,44,51,87,91,76,46,19,34,106,6,20,108,5,63,85,26,103,111,18,57,122,86,23",20100,200
7,40,86564.50703318814,8.219641111386798,"35,94,109,74,10,62,115,13,45,33,30,77,96,16,125,100,58,56,116,14,15,73,70,42,83,93,92,121,99,105,85,120,104,53,54,80,72,29,24,4,17,66,71,90,55,65,75,107,61,97,113,9,7,78,28,84,21,69,43,112,12,3,64,52,89,50,25,67,41,114,8,31,117,123,68,48,110,39,60,88,79,32,22,101,11,98,82,38,119,95,81,36,118,47,2,49,40,102,59,27,37,44,51,87,91,76,46,19,106,34,6,20,108,103,63,124,26,5,111,18,57,122,86,23",20100,200
7,41,80859.93627107714,10.192184477631818,"86,74,120,35,10,62,13,115,45,33,30,77,48,16,39,104,58,100,116,14,15,109,73,42,124,93,92,121,99,105,56,94,61,97,110,72,55,80,63,24,43,90,17,71,68,65,60,107,75,112,113,9,66,101,22,32,79,88,83,103,54,96,78,123,117,20,125,12,3,64,52,89,50,25,67,41,114,8,31,70,21,84,28,11,7,98,82,38,119,95,40,49,2,47,118,36,81,102,59,27,37,44,51,87,91,76,46,19,106,34,6,85,108,53,4,5,26,23,111,122,69,57,18,29",20100,200
7,42,87525.59082875703,7.897784499465657,"35,94,109,74,71,62,115,13,45,33,30,77,96,16,125,100,58,56,116,14,15,73,70,42,83,93,92,121,99,105,124,120,104,53,54,80,72,29,24,4,17,66,10,90,55,65,75,107,61,97,113,9,7,78,28,84,21,69,43,112,12,3,64,52,89,50,25,67,41,114,8,31,117,123,68,48,110,39,60,88,79,32,22,101,11,98,82,38,119,95,40,49,2,47,118,36,81,102,59,27,37,44,51,87,91,76,46,19,34,106,6,85,108,103,63,20,26,5,111,18,57,122,86,23",20100,200
7,43,84716.35295937535,8.821139382188676,"35,94,86,74,71,62,13,115,45,33,30,77,96,16,20,100,58,56,116,14,15,73,70,42,83,93,92,121,99,105,124,120,104,53,54,80,72,29,24,4,17,66,10,90,55,65,75,107,61,97,113,9,7,78,28,84,21,69,43,112,12,3,64,52,89,50,25,67,41,114,8,31,117,123,68,48,110,39,60,88,79,32,22,101,11,98,82,38,119,95,81,36,118,47,2,49,40,102,59,27,37,44,51,87,91,76,46,19,106,34,6,85,108,103,63,5,26,23,111,122,109,57,18,125",20100,200
8,0,80587.64992320829,13.499787434982647,"20,35,9,71,7,76,33,92,78,95,73,117,3,53,10,29,77,90,52,14,24,44,67,104,42,63,22,41,111,79,13,39,19,102,110,94,123,105,17,125,89,18,84,27,121,99,40,34,55,115,118,98,16,75,58,28,37,62,100,8,103,83,38,21,69,48,112,66,30,23,15,51,113,61,122,64,47,56,114,46,91,87,86,4,72,82,25,108,88,12,43,116,97,93,106,57,81,80,96,109,32,54,31,120,6,26,2,70,74,60,107,49,5,124,50,11,101,59,65,85,36,68,119,45",20100,200
8,1,80232.07658452963,13.84115580878449,"20,35,74,71,7,76,33,92,78,95,73,117,3,53,10,29,77,90,52,14,24,44,67,104,42,63,22,41,111,79,13,39,19,102,110,94,123,105,17,125,89,18,84,27,121,99,40,34,55,115,118,98,16,75,58,28,37,62,100,8,103,83,38,21,69,48,112,66,30,23,15,51,113,61,122,64,47,56,114,46,91,87,86,4,72,82,25,108,88,12,43,116,97,93,106,57,81,80,96,109,32,54,31,120,6,26,2,70,9,60,107,49,5,124,50,11,101,59,65,85,36,68,119,45",20100,200
8,2,87275.47275388039,7.742172207248108,"71,78,70,33,76,7,20,9,12,100,62,37,22,53,108,72,82,90,52,14,24,44,67,104,42,63,105,123,94,16,98,118,19,102,110,75,58,28,17,112,89,18,84,27,121,30,40,48,55,115,39,87,79,111,124,3,117,73,95,8,103,83,15,51,113,61,64,122,47,56,114,46,23,99,65,21,69,34,125,38,91,35,31,4,29,77,25,10,74,13,54,43,97,93,106,57,81,80,109,96,32,116,86,120,6,26,2,92,107,60,88,49,5,41,50,11,101,59,66,85,36,68,119,45",20100,200
8,3,81934.8666079935,9.218000516217607,"20,35,9,71,7,76,33,92,78,95,73,117,3,53,10,29,77,90,52,14,24,44,67,104,42,63,22,41,111,79,13,39,19,102,110,94,123,105,17,112,89,18,84,27,121,99,40,48,55,115,118,98,16,75,58,28,37,62,100,8,103,83,46,114,34,69,21,66,30,23,15,51,113,61,122,64,47,56,125,38,91,87,86,4,72,82,25,108,88,12,116,43,97,93,106,57,81,80,96,109,32,54,31,120,6,26,2,74,107,60,70,49,5,124,50,11,101,59,65,85,36,68,119,45",20100,200
8,4,90267.05431778081,7.50365689849432,"37,100,5,106,57,11,49,81,76,22,72,24,41,96,26,53,101,90,52,14,108,44,67,104,42,66,105,123,94,110,102,19,118,98,16,75,58,28,17,112,89,18,84,27,121,30,40,48,55,115,39,87,79,111,124,3,117,73,95,8,103,83,46,114,34,69,21,65,99,23,38,125,56,47,122,64,13,74,10,25,77,29,4,31,35,91,15,51,113,61,54,68,33,63,80,20,36,59,88,93,45,32,116,71,120,6,2,9,92,60,78,109,86,85,107,50,82,7,97,62,70,12,119,43",20100,200
8,5,80903.91226680751,11.570679514448535,"71,35,74,20,7,76,33,70,78,95,73,117,3,53,10,29,77,90,52,14,24,44,67,104,42,63,22,41,111,79,13,39,19,102,110,94,123,105,17,112,89,18,84,27,121,99,40,34,55,115,118,98,16,75,58,28,37,62,100,8,103,83,46,114,48,69,21,66,30,23,15,125,113,61,122,64,47,56,51,38,91,87,86,4,72,82,25,108,88,12,116,43,97,93,106,57,81,80,96,109,32,54,31,120,6,26,2,9,92,60,107,49,5,124,50,11,101,59,65,85,36,68,119,45",20100,200
8,6,81572.8429759958,9.673551267401681,"71,35,9,20,7,76,33,70,78,95,73,117,3,53,10,29,77,90,52,14,24,44,67,104,42,63,22,41,111,79,13,39,19,102,110,94,123,105,17,112,89,18,84,27,121,99,40,48,55,115,118,98,16,75,58,28,37,62,100,8,103,83,46,114,34,69,21,66,30,23,15,51,113,61,122,64,47,56,125,38,91,86,87,4,72,82,25,108,88,12,116,43,97,93,106,57,81,80,96,109,32,54,31,120,6,26,2,92,74,60,107,49,5,124,50,11,101,59,65,85,36,68,119,45",20100,200
8,7,83144.92605036021,8.79748691054613,"71,78,70,33,76,7,20,9,35,95,73,117,3,53,10,29,77,90,52,14,24,44,67,104,42,63,22,41,111,79,13,39,19,102,110,94,123,105,17,112,89,18,84,27,121,99,40,48,55,115,118,98,16,75,58,28,37,62,100,8,103,83,46,114,34,69,21,66,30,23,15,51,113,61,122,64,47,56,125,38,91,86,87,4,72,82,25,108,88,12,116,43,97,93,106,57,81,80,96,109,32,54,31,120,6,26,2,92,74,60,107,49,5,124,50,11,101,59,65,85,36,68,119,45",20100,200
8,8,90196.82853237102,7.579998812785959,"119,100,5,106,57,11,49,81,76,22,72,24,14,52,90,101,53,26,96,41,108,44,67,104,42,66,105,123,94,16,98,118,19,102,110,75,58,28,17,112,89,18,84,27,121,30,40,48,55,115,39,87,79,111,124,3,117,73,95,8,103,83,114,46,34,69,21,65,99,23,38,125,56,47,122,64,13,74,10,25,77,29,4,31,35,91,15,51,113,61,54,68,33,63,80,20,36,59,88,93,45,32,116,71,120,6,2,9,92,60,78,109,86,85,107,70,43,37,50,82,12,7,97,62",20100,200
8,9,81294.81797684157,10.221872873017917,"20,35,74,71,7,76,33,92,78,95,73,117,3,53,10,29,77,90,52,14,24,44,67,104,42,63,22,41,111,79,13,39,19,102,110,94,123,105,17,112,89,18,84,27,121,99,40,48,55,115,118,98,16,75,58,28,37,62,100,8,103,83,46,114,34,69,21,66,30,23,15,51,113,61,122,64,47,56,125,38,91,86,87,4,72,82,25,108,88,12,116,43,97,93,106,57,81,80,109,32,54,96,31,2,26,6,120,9,70,60,107,49,5,124,50,11,101,59,65,85,36,68,119,45",20100,200
8,10,81909.5596753236,9.34857079671703,"71,35,9,20,7,76,33,92,78,95,73,117,3,53,10,29,77,90,52,14,24,44,67,104,42,63,22,41,111,79,13,39,19,102,110,94,123,105,17,112,89,18,84,27,121,99,40,48,55,115,118,98,16,75,58,28,37,62,100,8,103,83,46,114,34,69,21,66,30,23,15,51,113,61,122,64,47,56,125,38,91,87,86,4,72,82,25,108,88,12,116,43,97,93,106,57,81,80,96,109,32,54,31,120,6,26,2,70,74,60,107,49,5,124,50,11,101,59,65,85,36,68,119,45",20100,200
8,11,81663.16201148846,9.52518289979588,"71,35,74,20,7,76,33,92,78,95,73,117,3,53,10,29,77,90,52,14,24,44,67,104,42,63,22,41,111,79,13,39,19,102,110,94,123,105,17,112,89,18,84,27,121,99,40,48,55,115,118,98,16,75,58,28,37,62,100,8,103,83,46,114,34,69,21,66,30,23,15,51,113,61,122,64,47,56,125,38,91,87,86,4,72,82,25,108,88,12,43,116,97,93,106,57,81,80,96,109,32,54,31,120,70,2,26,6,9,60,107,49,5,124,50,11,101,59,65,85,36,68,119,45",20100,200
8,12,89261.96096507917,7.603947551467785,"119,100,5,106,57,11,49,81,76,22,72,24,14,52,90,101,53,26,96,41,108,44,67,104,42,63,105,123,94,16,98,118,19,102,110,75,58,28,17,112,89,18,84,27,121,30,40,48,55,115,39,87,79,111,124,3,117,62,95,8,103,83,15,51,113,61,64,122,47,56,114,46,23,99,65,21,69,34,125,38,91,35,31,4,29,77,25,10,74,13,54,68,33,66,80,20,36,59,88,93,45,32,116,71,120,6,2,9,92,60,78,109,86,85,107,70,43,37,50,82,12,7,97,73",20100,200
8,13,83017.64277031565,8.98830992651955,"71,78,70,33,76,7,20,74,35,95,73,117,3,53,10,29,77,90,52,14,24,44,67,104,42,63,22,41,111,79,13,39,19,102,110,94,123,105,17,112,89,18,84,27,121,99,40,48,55,115,118,98,16,75,58,28,37,62,100,8,103,83,46,114,34,69,21,66,30,23,15,51,113,61,122,64,47,56,125,38,91,86,87,4,72,82,25,108,88,12,116,43,97,93,106,57,81,80,96,109,32,54,31,120,6,26,2,9,92,60,107,49,5,124,50,11,101,59,65,85,36,68,119,45",20100,200
8,14,81368.47466592088,10.018256979681018,"71,35,74,20,7,76,33,70,78,95,73,117,3,53,10,29,77,90,52,14,24,44,67,104,42,63,22,41,111,79,13,39,19,102,110,94,123,105,17,112,89,18,84,27,121,99,40,48,55,115,118,98,16,75,58,28,37,62,100,8,103,83,46,114,34,69,21,66,30,23,15,51,113,61,122,64,47,56,125,38,91,86,87,4,72,82,25,108,88,12,116,43,97,93,106,57,81,80,96,109,32,54,31,120,6,26,2,9,92,60,107,49,5,124,50,11,101,59,65,85,36,68,119,45",20100,200
8,15,81932.78222360698,9.254090997156595,"20,35,9,71,7,76,33,92,78,95,73,117,3,53,10,29,77,90,52,14,24,44,67,104,42,63,22,41,111,79,13,39,19,102,110,94,123,105,17,112,84,18,89,27,121,99,40,48,55,115,118,98,16,75,58,28,37,62,100,8,103,83,46,114,34,69,21,66,30,23,15,51,113,61,122,64,47,56,125,38,91,86,87,4,72,82,25,108,88,12,116,43,97,93,106,57,81,80,109,96,32,54,31,120,6,26,2,74,107,60,70,49,5,124,50,11,101,59,65,85,36,68,119,45",20100,200
8,16,83546.38238439614,8.488960042778924,"71,78,70,33,76,7,20,9,35,95,73,117,3,53,10,29,77,90,52,14,24,44,67,104,42,63,22,41,111,79,13,39,19,102,110,94,123,105,17,112,89,18,84,27,121,99,40,48,55,115,118,98,16,75,58,28,37,62,100,8,103,83,46,114,34,69,21,66,30,23,15,51,113,61,122,64,47,56,125,38,91,87,86,4,72,82,25,108,88,12,116,43,97,93,106,57,81,80,96,109,32,54,31,120,6,26,2,92,107,60,74,49,5,124,50,11,101,59,65,85,36,68,119,45",20100,200
8,17,87191.96680475457,8.355837382660873,"107,12,60,106,57,11,49,81,76,22,72,48,55,52,90,101,53,26,96,41,108,44,67,104,42,66,105,123,94,16,98,118,19,102,110,75,58,28,17,112,89,18,84,27,121,30,40,24,14,115,39,87,79,111,124,3,117,62,95,8,103,83,15,51,113,61,64,122,47,56,114,46,23,99,65,21,69,34,125,38,91,35,31,4,29,74,59,36,20,80,63,33,68,54,13,88,10,25,77,97,116,37,86,43,120,6,2,92,9,93,71,82,5,100,50,78,73,70,109,85,7,32,119,45",20100,200
8,18,81829.9642878047,9.38415913163759,"20,35,9,71,7,76,33,92,78,95,73,117,3,53,10,29,77,90,52,14,24,44,67,104,42,63,22,41,111,79,13,39,19,102,110,94,123,105,17,112,84,18,89,27,121,99,40,48,55,115,118,98,16,75,58,28,37,62,100,8,103,83,46,114,34,69,21,66,30,23,15,51,113,61,122,64,47,56,125,38,91,87,86,4,72,82,25,108,88,12,116,43,97,93,106,57,81,80,96,109,32,54,31,120,6,26,2,70,74,60,107,49,5,124,50,11,101,59,65,85,36,68,119,45",20100,200
8,19,83383.07303778444,8.595383902193024,"71,78,70,33,76,7,20,9,35,95,73,117,3,53,10,29,77,90,52,14,24,44,67,104,42,63,22,41,111,79,13,39,19,102,110,94,123,105,17,112,89,18,84,27,121,99,40,48,55,115,118,98,16,75,58,28,37,62,100,8,103,83,46,114,34,69,21,66,30,23,15,125,113,61,122,64,47,56,51,38,91,86,87,4,72,82,25,108,88,12,116,43,97,93,106,57,81,80,96,109,32,54,31,120,6,26,2,92,107,60,74,49,5,124,50,11,101,59,65,85,36,68,119,45",20100,200
8,20,83343.1990185872,8.731795965877543,"20,78,92,71,7,76,33,9,35,95,73,117,3,53,10,29,77,90,52,14,24,44,67,104,42,63,22,41,111,79,13,39,19,102,110,94,123,105,17,112,89,18,84,27,121,99,40,48,55,115,118,98,16,75,58,28,37,62,100,8,103,83,46,114,34,69,21,66,30,23,15,51,113,61,122,64,47,56,125,38,91,86,87,4,72,82,25,108,88,12,43,116,97,93,106,57,81,80,96,109,32,54,31,2,26,6,120,74,107,60,70,49,5,124,50,11,101,59,65,85,36,68,119,45",20100,200
8,21,79893.19442823256,14.18926248543681,"20,35,74,71,7,76,33,92,78,95,73,117,3,53,10,29,77,90,52,14,24,44,67,104,42,63,28,58,75,16,98,118,19,102,110,94,123,105,17,125,89,18,84,27,121,99,37,22,41,111,79,13,39,115,55,34,40,62,100,8,103,83,38,21,69,48,112,66,30,23,15,51,113,61,122,64,47,56,114,46,91,87,86,4,72,82,25,108,88,12,116,43,97,93,106,57,81,80,109,96,32,54,31,120,6,26,2,70,9,60,107,49,5,124,50,11,101,59,65,85,36,68,119,45",20100,200
8,22,80421.20540895869,13.784115370501333,"20,35,9,71,7,76,33,92,78,95,73,117,3,53,10,29,77,90,52,14,24,44,67,104,42,63,22,41,111,79,13,39,19,102,110,94,123,105,17,125,89,18,84,27,121,99,40,34,55,115,118,98,16,75,58,28,37,62,100,8,103,83,38,21,69,48,112,66,30,23,15,51,113,61,122,64,47,56,114,46,91,87,86,4,72,82,25,108,88,12,43,116,97,93,106,57,81,80,109,32,54,96,31,120,6,26,2,70,74,60,107,49,5,124,50,11,101,59,65,85,36,68,119,45",20100,200
8,23,80781.4304694263,11.747418292854437,"20,35,74,71,7,76,33,92,78,95,73,117,3,53,10,29,77,90,52,14,24,44,67,104,42,63,22,41,111,79,13,39,19,102,110,94,123,105,17,112,89,18,84,27,121,99,40,34,55,115,118,98,16,75,58,28,37,62,100,8,103,83,46,114,48,69,21,66,30,23,15,125,113,61,122,64,47,56,51,38,91,87,86,4,72,82,25,108,88,12,116,43,97,93,106,57,81,80,109,32,54,96,31,120,6,26,2,70,9,60,107,49,5,124,50,11,101,59,65,85,36,68,119,45",20100,200
8,24,80198.3697488538,13.921925813818753,"71,35,9,20,7,76,33,92,78,95,73,117,3,53,10,29,77,90,52,14,24,44,67,104,42,63,28,58,75,16,98,118,19,102,110,94,123,105,17,125,89,18,84,41,111,79,13,39,115,55,34,40,99,121,27,22,37,62,100,8,103,83,38,21,69,48,112,66,30,23,15,51,113,61,122,64,47,56,114,46,91,87,86,4,72,82,25,108,88,12,116,43,97,93,106,57,81,80,96,109,32,54,31,120,6,26,2,70,74,60,107,49,5,124,50,11,101,59,65,85,36,68,119,45",20100,200
8,25,88138.06657327106,7.714725404215151,"119,5,100,106,57,11,49,81,76,22,72,24,14,52,90,101,53,26,96,41,108,44,67,104,42,66,105,123,94,110,102,19,118,98,16,75,58,28,17,112,89,18,84,27,121,30,40,48,55,115,39,87,79,111,124,3,117,62,95,8,103,83,15,51,113,61,64,122,47,56,114,46,23,99,65,21,69,34,125,38,91,35,31,4,29,77,25,10,74,13,54,68,33,63,80,20,36,59,88,93,45,32,116,71,120,6,2,9,92,60,78,109,86,85,107,70,43,37,50,82,12,7,97,73",20100,200
8,26,80195.43701365082,13.971898860191205,"71,35,74,20,7,76,33,70,78,95,73,117,3,53,10,29,77,90,52,14,24,44,67,104,42,63,22,41,111,79,13,39,19,102,110,94,123,105,17,125,89,18,84,27,121,99,40,34,55,115,118,98,16,75,58,28,37,62,100,8,103,83,38,21,69,48,112,66,30,23,15,51,113,61,122,64,47,56,114,46,91,87,86,4,72,82,25,108,88,12,43,116,97,93,106,57,81,80,96,109,32,54,31,120,6,26,2,92,9,60,107,49,5,124,50,11,101,59,65,85,36,68,119,45",20100,200
8,27,81291.7528986346,10.310425153713178,"20,35,74,71,7,76,33,92,78,95,73,117,3,53,10,29,77,90,52,14,24,44,67,104,42,63,22,41,111,79,13,39,19,102,110,94,123,105,17,112,89,18,84,27,121,99,40,48,55,115,118,98,16,75,58,28,37,62,100,8,103,83,46,114,34,69,21,66,30,23,15,125,113,61,122,64,47,56,51,38,91,86,87,4,72,82,25,108,88,12,116,43,97,93,106,57,81,80,109,32,54,96,31,2,26,6,120,9,70,60,107,49,5,124,50,11,101,59,65,85,36,68,119,45",20100,200
8,28,83448.0916823282,8.52813633067412,"71,78,70,33,76,7,20,9,35,95,73,117,3,53,10,29,77,90,52,14,24,44,67,104,42,63,22,41,111,79,13,39,19,102,110,94,123,105,17,112,84,18,89,27,121,99,40,48,55,115,118,98,16,75,58,28,37,62,100,8,103,83,46,114,34,69,21,66,30,23,15,51,113,61,122,64,47,56,125,38,91,87,86,4,72,82,25,108,88,12,116,43,97,93,106,57,81,80,96,109,32,54,31,120,6,26,2,92,107,60,74,49,5,124,50,11,101,59,65,85,36,68,119,45",20100,200
8,29,81394.01616628648,9.835095793868193,"71,35,74,20,7,76,33,92,78,95,73,117,3,53,10,29,77,90,52,14,24,44,67,104,42,63,22,41,111,79,13,39,19,102,110,94,123,105,17,112,89,18,84,27,121,99,40,48,55,115,118,98,16,75,58,28,37,62,100,8,103,83,46,114,34,69,21,66,30,23,15,51,113,61,122,64,47,56,125,38,91,86,87,4,72,82,25,108,88,12,116,43,97,93,106,57,81,80,96,109,32,54,31,120,6,26,2,70,9,60,107,49,5,124,50,11,101,59,65,85,36,68,119,45",20100,200
8,30,81987.62257415232,9.178467235313057,"20,35,9,71,7,76,33,6,78,95,73,117,3,53,10,29,77,90,52,14,24,44,67,104,42,63,22,41,111,79,13,39,19,102,110,94,123,105,17,112,84,18,89,27,121,99,40,48,55,115,118,98,16,75,58,28,37,62,100,8,103,83,46,114,34,69,21,66,30,23,15,51,113,61,122,64,47,56,125,38,91,87,86,4,72,82,25,108,88,12,116,43,97,93,106,57,81,80,96,109,32,54,31,120,92,2,26,70,74,60,107,49,5,124,50,11,101,59,65,85,36,68,119,45",20100,200
8,31,80959.61314224242,10.654435135775271,"71,35,74,20,7,76,33,92,78,95,73,117,3,53,10,29,77,90,52,14,24,44,67,104,42,63,28,58,75,16,98,118,19,102,110,94,123,105,17,112,89,18,84,27,121,99,40,22,41,111,79,13,39,115,55,48,37,62,100,8,103,83,46,114,34,69,21,66,30,23,15,51,113,61,122,64,47,56,125,38,91,86,87,4,72,82,25,108,88,12,116,43,97,93,106,57,81,80,96,109,32,54,31,120,6,26,2,70,9,60,107,49,5,124,50,11,101,59,65,85,36,68,119,45",20100,200
8,32,79843.07050822143,14.253187422426123,"71,35,74,20,7,76,33,92,78,95,73,117,3,53,10,29,77,90,52,14,24,44,67,104,42,63,28,58,75,16,98,118,19,102,110,94,123,105,17,125,89,18,84,41,111,79,13,39,115,55,34,40,99,121,27,22,37,62,100,8,103,83,38,21,69,48,112,66,30,23,15,51,113,61,122,64,47,56,114,46,91,87,86,4,72,82,25,108,88,12,116,43,97,93,106,57,81,80,96,109,32,54,31,120,6,26,2,70,9,60,107,49,5,124,50,11,101,59,65,85,36,68,119,45",20100,200
9,0,80724.49708044586,18.473618048991334,"20,29,35,82,75,74,61,93,39,24,3,60,28,116,103,43,15,96,111,23,95,45,8,40,21,25,19,102,85,121,99,70,34,58,72,2,64,68,26,109,122,89,97,83,94,80,13,11,59,106,90,88,52,16,107,32,115,71,46,33,100,81,22,54,110,84,104,124,113,17,4,53,30,63,31,108,69,91,9,55,119,38,112,5,37,56,118,47,105,62,123,48,65,66,101,10,98,18,87,27,49,73,6,42,12,44,7,79,51,125,78,36,120,67,117,86,77,50,57,114,41,14,92,76",20100,200
9,1,87898.16548871608,9.394147114027968,"51,12,42,81,86,59,58,7,74,110,33,24,37,50,17,64,124,20,103,9,25,60,32,94,31,16,53,3,107,14,83,29,93,117,41,92,19,105,85,118,56,70,40,8,45,95,23,112,38,119,55,101,91,69,62,97,80,104,90,77,34,66,47,48,123,108,102,63,121,99,39,57,30,22,96,5,111,100,49,21,36,10,46,2,15,88,79,43,13,73,4,75,65,115,116,113,98,18,87,27,35,68,72,120,54,61,125,78,106,71,67,26,114,52,11,89,82,44,122,76,109,28,84,6",20100,200
9,2,81812.21850568007,15.173801790906435,"29,7,35,57,6,117,79,93,39,24,3,60,28,52,88,90,106,59,11,13,34,72,83,116,16,107,32,115,71,95,68,26,109,2,82,94,42,122,80,111,96,15,81,100,33,46,45,8,40,70,43,103,97,58,23,21,25,19,102,85,121,99,22,54,110,84,104,124,113,17,4,53,30,63,31,108,69,91,9,55,119,38,112,5,37,56,118,47,105,62,27,87,18,98,10,101,66,65,48,123,49,89,76,51,61,73,44,125,12,77,67,50,14,36,114,86,74,78,20,64,41,120,92,75",20100,200
9,3,83690.6633940306,9.912113800799505,"29,7,116,60,100,92,57,76,120,41,44,58,28,52,88,90,106,59,11,13,80,94,83,97,89,10,98,71,87,26,49,68,72,82,73,20,19,102,85,121,99,70,40,8,45,95,23,111,96,15,43,42,6,34,77,27,35,18,25,2,22,81,101,54,110,84,104,124,113,17,4,53,30,63,31,108,69,91,9,55,119,38,112,5,37,56,118,47,105,62,123,48,65,16,107,122,109,33,79,32,103,66,93,51,61,21,3,125,12,115,67,50,14,36,114,86,74,78,46,64,24,39,117,75",20100,200
9,4,80360.8759498172,18.51458115473234,"20,29,35,82,75,24,39,93,61,74,3,60,28,116,103,43,15,96,111,23,95,45,8,40,21,25,19,102,85,121,99,70,34,58,72,2,64,68,26,109,122,89,97,83,94,80,13,11,59,106,90,88,52,16,107,32,115,71,46,33,100,81,22,54,110,84,104,124,113,17,4,53,30,63,31,108,69,91,9,55,119,38,112,5,37,56,118,47,105,62,123,48,65,66,101,10,98,18,87,27,49,73,6,42,12,44,7,79,51,125,78,36,120,67,117,86,77,50,57,114,41,14,92,76",20100,200
9,5,82972.76227992614,14.766937482358932,"20,29,35,73,75,74,61,93,18,98,10,101,66,65,48,123,62,105,47,118,56,59,5,111,96,94,83,97,89,122,109,26,68,64,2,72,58,34,70,99,121,85,102,8,45,95,23,40,82,15,43,103,116,16,107,32,115,71,46,33,100,81,22,54,110,84,104,124,113,17,4,53,30,63,31,108,69,91,9,55,119,38,112,42,37,21,13,11,19,106,90,88,52,28,60,3,24,39,87,27,49,25,6,80,12,44,7,79,51,125,78,36,120,67,117,86,77,50,57,114,41,14,92,76",20100,200
9,6,81133.15566025778,17.39562867945139,"20,29,35,82,24,39,93,61,74,75,3,60,28,47,118,56,37,5,111,96,15,43,103,116,16,107,32,115,71,31,63,30,53,4,17,113,124,104,84,110,54,22,81,100,33,46,108,69,91,9,55,119,38,112,23,95,45,121,89,97,83,94,80,13,11,59,106,90,88,52,21,25,19,102,85,122,109,26,68,64,2,72,58,34,70,99,8,40,105,62,123,48,65,66,101,10,98,18,87,27,49,73,6,42,12,44,7,79,51,125,78,36,120,67,117,86,77,50,57,114,41,14,92,76",20100,200
9,7,80353.24829405504,19.035899582392407,"20,29,35,82,75,24,39,93,61,74,3,60,28,116,103,43,15,5,111,96,95,45,8,40,21,25,19,102,85,121,99,70,34,58,72,2,64,68,26,109,122,89,97,83,94,80,13,11,59,106,90,88,52,16,107,32,115,71,46,33,100,81,22,54,110,84,104,124,113,17,4,53,30,63,31,108,69,91,9,55,119,38,112,23,37,56,118,47,105,62,123,48,65,66,101,10,98,18,87,27,49,73,6,42,12,44,7,79,51,125,78,36,120,67,117,86,77,50,57,114,41,14,92,76",20100,200
9,8,80360.8759498172,18.51458115473234,"20,29,35,82,75,24,39,93,61,74,3,60,28,116,103,43,15,96,111,23,95,45,8,40,21,25,19,102,85,121,99,70,34,58,72,2,64,68,26,109,122,89,97,83,94,80,13,11,59,106,90,88,52,16,107,32,115,71,46,33,100,81,22,54,110,84,104,124,113,17,4,53,30,63,31,108,69,91,9,55,119,38,112,5,37,56,118,47,105,87,18,98,10,101,66,65,48,123,62,27,49,73,6,42,12,44,7,79,51,125,78,36,120,67,117,86,77,50,57,114,41,14,92,76",20100,200
9,9,92107.35822554544,9.283722313813572,"112,23,95,45,104,90,77,56,118,47,105,123,92,41,117,93,29,83,14,107,3,53,16,31,94,32,60,25,9,103,108,124,64,17,50,37,24,74,110,33,59,58,12,81,86,42,7,6,38,119,55,101,91,69,62,97,80,8,40,70,99,121,85,48,19,20,102,63,66,34,39,57,30,22,96,5,111,100,49,21,36,10,46,2,15,88,79,43,13,73,4,75,65,115,116,113,98,18,87,27,35,68,72,120,54,61,125,78,106,71,67,26,114,52,11,89,82,44,122,76,109,28,51,84",20100,200
9,10,81278.56977693657,16.830762425392926,"29,7,35,57,6,117,79,93,39,24,3,60,28,52,88,90,106,59,11,13,34,72,83,97,82,2,109,26,68,122,42,94,58,80,21,25,19,102,85,121,99,70,40,8,45,95,23,111,96,15,43,103,116,16,107,32,115,71,46,33,100,81,22,54,110,84,104,124,113,17,4,53,30,63,31,108,69,91,9,55,119,38,112,5,37,56,118,47,105,62,27,48,65,66,101,10,98,18,87,123,49,89,76,51,61,73,44,125,12,77,67,50,14,36,114,86,74,78,20,64,41,120,92,75",20100,200
9,11,85838.83210013686,9.473647660748208,"51,7,42,86,12,58,59,81,33,74,121,37,24,20,17,64,110,83,14,107,3,53,16,31,94,32,60,25,9,103,50,124,63,102,108,123,48,47,66,34,77,90,104,80,97,62,69,91,101,55,119,38,112,23,95,45,8,40,70,56,118,85,105,19,92,41,117,93,29,99,39,57,30,22,96,5,111,100,49,21,36,10,46,2,15,88,79,43,13,73,4,75,65,115,116,113,98,18,87,27,35,68,72,120,54,61,125,78,106,71,67,26,114,52,11,89,82,44,122,76,109,28,84,6",20100,200
9,12,81943.04926935297,14.926142011088126,"20,29,35,25,75,74,61,93,18,98,10,101,66,65,48,123,62,105,47,118,56,59,5,111,96,94,83,97,89,122,109,26,68,64,2,72,58,34,70,99,121,85,102,8,45,95,23,40,82,15,43,103,116,16,107,32,115,71,46,33,100,81,22,54,110,84,104,124,113,17,4,53,30,63,31,108,69,91,9,55,119,38,112,42,37,21,13,11,19,106,90,88,52,28,60,3,24,39,87,27,49,73,6,80,12,44,7,79,51,125,78,36,120,67,117,86,77,50,57,114,41,14,92,76",20100,200
9,13,83132.39041456225,13.277984291688306,"57,41,86,74,13,80,94,92,97,83,122,109,26,68,64,2,72,58,34,70,120,96,111,19,25,21,76,20,61,29,114,36,14,50,67,89,77,117,35,99,121,85,102,8,45,95,23,40,82,15,43,103,116,16,107,32,115,71,46,33,100,81,22,54,110,84,104,124,113,17,4,53,30,63,31,108,69,91,9,55,119,38,112,5,37,56,118,47,105,62,123,48,65,66,101,10,98,18,87,27,49,73,6,42,12,44,7,79,51,125,78,11,59,106,90,88,52,28,60,3,24,39,93,75",20100,200
10,0,76696.08446791883,10.186236415127368,"79,46,123,17,14,103,35,29,95,27,25,54,58,53,72,92,23,125,117,61,5,9,8,55,48,60,13,30,85,98,19,107,94,10,12,90,71,67,102,64,47,39,44,112,93,45,22,114,86,110,66,33,69,118,74,111,96,109,113,38,51,88,49,2,105,50,75,115,68,120,65,56,28,42,6,4,97,18,77,116,106,52,121,31,26,62,36,59,108,37,119,16,63,81,78,41,21,124,76,11,20,43,83,91,57,82,15,122,80,40,73,99,104,100,89,7,3,84,101,70,34,24,87,32",20100,200
10,1,81876.54577587763,6.532113227276281,"79,46,123,17,25,27,95,29,35,103,14,54,58,53,72,92,23,125,117,61,5,9,8,55,48,60,13,30,85,98,19,107,94,10,12,90,67,47,102,64,71,39,44,112,93,45,22,114,66,110,86,33,69,118,74,111,96,109,97,4,51,88,49,2,6,42,28,56,68,120,65,115,75,50,105,38,113,18,77,59,36,62,26,31,84,63,16,119,37,108,116,106,7,81,78,41,21,124,76,11,20,43,83,91,57,82,15,122,80,40,73,99,104,100,89,52,3,121,101,70,34,24,87,32",20100,200
10,2,76858.4566667941,9.748442930929745,"79,46,123,17,25,27,95,29,35,103,14,54,58,53,72,92,23,125,117,61,5,9,8,55,48,60,13,30,85,98,19,107,94,10,12,90,71,67,102,64,47,39,44,112,93,45,22,114,86,110,66,33,69,118,74,111,96,109,113,38,51,88,49,2,105,50,75,115,68,120,65,56,28,42,6,4,97,18,77,116,106,52,121,31,26,62,36,59,108,37,119,16,63,81,78,41,21,124,76,11,20,43,83,91,57,82,15,122,80,40,73,99,104,100,89,7,3,84,101,70,34,24,32,87",20100,200
10,3,77104.71413317142,7.527848511623874,"79,46,123,17,25,27,95,29,35,103,14,54,58,53,72,92,23,125,117,61,5,9,8,55,48,60,13,30,85,98,19,107,94,10,12,90,71,67,102,64,47,39,44,112,93,45,22,114,66,110,86,33,69,118,74,111,96,109,113,38,51,88,49,2,105,50,75,115,68,120,65,56,28,42,6,4,97,18,77,116,106,7,84,31,26,62,36,59,108,37,119,16,63,81,78,41,21,124,76,11,20,43,83,91,57,82,15,122,80,40,73,99,104,100,89,52,3,121,101,70,34,24,87,32",20100,200
10,4,82254.97585478309,6.438663060126422,"79,46,123,25,17,27,95,29,35,103,14,54,58,53,72,92,23,125,117,61,5,9,8,55,48,60,13,30,85,98,19,107,94,10,12,90,67,47,102,64,71,39,44,112,93,45,22,114,66,110,86,33,69,118,74,111,96,109,113,38,51,88,49,2,6,42,28,56,68,120,65,115,75,50,105,4,97,18,77,59,36,62,26,31,84,63,16,119,37,108,116,106,7,81,78,41,21,124,76,11,20,43,83,91,57,82,15,122,80,40,73,99,104,100,89,52,3,121,101,70,34,24,87,32",20100,200
10,5,77000.77643414601,7.695060607910266,"79,46,123,17,25,27,95,29,35,103,14,54,58,53,72,92,23,125,117,61,5,9,8,55,48,60,13,30,85,98,19,107,94,90,12,10,71,67,102,64,47,39,44,112,93,45,22,114,86,110,66,33,69,118,74,111,96,109,113,38,51,88,49,2,105,50,75,115,68,120,65,56,28,42,6,4,97,18,77,116,106,7,84,31,26,62,36,59,108,37,119,16,63,81,78,41,21,124,76,11,20,43,83,91,57,82,15,122,80,40,73,99,104,100,89,52,3,121,101,70,34,24,87,32",20100,200
10,6,78996.45448114772,6.971936399118375,"79,46,123,25,17,27,95,29,35,103,14,54,58,53,72,92,23,125,117,61,5,9,8,55,48,60,13,30,85,98,19,107,94,90,12,10,71,67,102,64,47,39,44,112,93,45,111,74,118,69,33,86,110,66,114,22,96,109,97,4,51,88,49,2,6,42,28,56,68,120,65,115,75,50,105,38,113,18,77,116,106,7,84,31,26,62,36,59,108,37,119,16,63,81,78,41,21,124,76,11,20,43,83,91,57,82,15,122,80,40,73,99,104,100,89,52,3,121,101,70,34,24,87,32",20100,200
10,7,81876.54577587763,6.532113227276281,"79,46,123,17,25,27,95,29,35,103,14,54,58,53,72,92,23,125,117,61,5,9,8,55,48,60,13,30,85,98,19,107,94,10,12,90,67,47,102,64,71,39,44,112,93,45,22,114,66,110,86,33,69,118,74,111,96,109,113,38,51,88,49,2,6,42,28,56,68,120,65,115,75,50,105,4,97,18,77,59,36,62,26,31,84,63,16,119,37,108,116,106,7,81,78,41,21,124,76,11,20,43,83,91,57,82,15,122,80,40,73,99,104,100,89,52,3,121,101,70,34,24,87,32",20100,200
10,8,80072.45731214111,6.884459015872669,"79,46,123,17,25,27,95,29,35,103,14,54,58,53,72,92,23,125,117,61,5,9,8,55,48,60,13,30,85,98,19,107,94,10,12,90,71,67,102,64,47,39,44,112,93,45,22,114,66,110,86,33,69,118,74,111,96,109,97,4,51,88,49,2,6,42,28,56,68,120,65,115,75,50,105,38,113,18,77,59,36,62,26,31,84,63,16,119,37,108,116,106,7,81,78,41,21,124,76,11,20,43,83,91,57,82,15,122,80,40,73,99,104,100,89,52,3,121,101,70,34,24,87,32",20100,200
10,9,80072.45731214111,6.884459015872669,"79,46,123,17,25,27,95,29,35,103,14,54,58,53,72,92,23,125,117,61,5,9,8,55,48,60,13,30,85,98,19,107,94,10,12,90,71,67,102,64,47,39,44,112,93,45,22,114,66,110,86,33,69,118,74,111,96,109,113,38,51,88,49,2,6,42,28,56,68,120,65,115,75,50,105,4,97,18,77,59,36,62,26,31,84,63,16,119,37,108,116,106,7,81,78,41,21,124,76,11,20,43,83,91,57,82,15,122,80,40,73,99,104,100,89,52,3,121,101,70,34,24,87,32",20100,200
10,10,80450.88739104653,6.795855702493195,"79,46,123,25,17,27,95,29,35,103,14,54,58,53,72,92,23,125,117,61,5,9,8,55,48,60,13,30,85,98,19,107,94,10,12,90,71,67,102,64,47,39,44,112,93,45,22,114,66,110,86,33,69,118,74,111,96,109,113,38,51,88,49,2,6,42,28,56,68,120,65,115,75,50,105,4,97,18,77,59,36,62,26,31,84,63,16,119,37,108,116,106,7,81,78,41,21,124,76,11,20,43,83,91,57,82,15,122,80,40,73,99,104,100,89,52,3,121,101,70,34,24,87,32",20100,200
10,11,81876.54577587763,6.532113227276281,"79,46,123,17,25,27,95,29,35,103,14,54,58,53,72,92,23,125,117,61,5,9,8,55,48,60,13,30,85,98,19,107,94,10,12,90,67,47,102,64,71,39,44,112,93,45,22,114,66,110,86,33,69,118,74,111,96,109,113,38,51,88,49,2,6,42,28,56,68,120,65,115,75,50,105,4,97,18,77,59,36,62,26,31,84,63,16,119,37,108,116,106,7,81,78,41,21,124,76,11,20,43,83,91,57,82,15,122,80,40,73,99,104,100,89,52,3,121,101,70,34,24,32,87",20100,200
10,12,80072.45731214111,6.884459015872669,"79,46,123,17,25,27,95,29,35,103,14,54,58,53,72,92,23,125,117,61,5,9,8,55,48,60,13,30,85,98,19,107,94,10,12,90,71,67,102,64,47,39,44,112,93,45,22,114,66,110,86,33,69,118,74,111,96,109,113,38,51,88,49,2,6,42,28,56,68,120,65,115,75,50,105,4,97,18,77,59,36,62,26,31,84,63,16,119,37,108,116,106,7,81,78,41,21,124,76,11,20,43,83,91,57,82,15,104,99,73,40,80,122,100,89,52,3,121,101,70,34,24,87,32",20100,200
10,13,76929.69538691569,9.616999793705913,"79,46,123,17,25,27,95,29,35,103,14,54,58,53,72,92,23,125,117,61,5,9,8,55,48,60,13,30,85,98,19,107,94,90,12,10,71,67,102,64,47,39,44,112,93,45,22,114,66,86,110,33,69,118,74,111,96,109,113,38,51,88,49,2,105,50,75,115,65,120,68,56,28,42,6,4,97,18,77,116,106,52,121,31,26,62,36,59,108,37,119,16,63,81,78,41,21,124,76,11,20,43,83,91,57,82,15,122,80,40,73,99,104,100,89,7,3,84,101,70,34,24,32,87",20100,200
10,14,80954.18629643021,6.678914369368101,"79,46,123,25,17,27,95,29,35,103,14,54,58,53,72,92,23,125,117,61,5,9,8,55,48,60,13,30,85,98,19,107,94,90,12,10,71,67,102,64,47,39,44,112,93,45,111,74,118,69,33,86,110,66,114,22,96,109,97,4,51,88,49,2,6,42,28,56,68,120,65,115,75,50,105,38,113,18,77,59,36,62,26,31,84,63,16,119,37,108,116,106,7,81,78,41,21,124,76,11,20,43,83,91,57,82,15,122,80,40,73,99,104,100,89,52,3,121,101,70,34,24,87,32",20100,200
10,15,80072.45731214111,6.884459015872669,"79,46,123,17,25,27,95,29,35,103,14,54,58,53,72,92,23,125,117,61,5,9,8,55,48,60,13,30,85,98,19,107,94,10,12,90,71,67,102,64,47,39,44,112,93,45,22,114,66,110,86,33,69,118,74,111,96,109,113,38,51,88,49,2,6,42,28,56,68,120,65,115,75,50,105,4,97,18,77,59,36,62,26,31,84,63,16,119,37,108,116,106,7,81,78,41,21,124,76,11,20,43,83,91,57,82,15,122,80,40,73,99,104,100,89,52,3,121,101,70,34,24,32,87",20100,200
10,16,78493.15557576405,7.0840422591278545,"79,46,123,25,17,27,95,29,35,103,14,54,58,53,72,92,23,125,117,61,5,9,8,55,48,60,13,30,85,98,19,107,94,10,12,90,71,67,102,64,47,39,44,112,93,45,22,114,66,110,86,33,69,118,74,111,96,109,97,4,51,88,49,2,6,42,28,56,68,120,65,115,75,50,105,38,113,18,77,116,106,7,84,31,26,62,36,59,108,37,119,16,63,81,78,41,21,124,76,11,20,43,83,91,57,82,15,122,80,40,73,99,104,100,89,52,3,121,101,70,34,24,87,32",20100,200
10,17,80575.75621752479,6.769048556885444,"79,46,123,17,25,27,95,29,35,103,14,54,58,53,72,92,23,125,117,61,5,9,8,55,48,60,13,30,85,98,19,107,94,90,12,10,71,67,102,64,47,39,44,112,93,45,111,74,118,69,33,86,110,66,114,22,96,109,97,4,51,88,49,2,6,42,28,56,68,120,65,115,75,50,105,38,113,18,77,59,36,62,26,31,84,63,16,119,37,108,116,106,7,81,78,41,21,124,76,11,20,43,83,91,57,82,15,122,80,40,73,99,104,100,89,52,3,121,101,70,34,24,87,32",20100,200
10,18,81309.6904221549,6.642518247509991,"79,46,123,17,25,27,35,29,95,103,14,54,58,53,72,92,23,125,117,61,5,9,8,55,48,60,13,30,85,98,19,107,94,10,12,90,71,67,102,64,47,39,44,112,93,45,22,114,66,110,86,33,69,118,74,111,96,109,113,38,51,88,49,2,6,42,28,56,68,120,65,115,75,50,105,4,97,18,77,59,36,62,26,31,84,63,16,119,37,108,116,106,7,81,78,41,21,124,76,11,20,43,83,91,57,82,15,122,80,40,73,99,104,100,89,52,3,121,101,70,34,24,32,87",20100,200
11,0,96823.39708462429,8.817596044274199,"35,19,12,25,39,94,90,43,46,5,114,87,37,78,84,76,45,79,27,116,16,20,123,88,29,63,58,86,70,57,48,91,59,36,105,119,8,47,115,38,96,125,103,93,72,82,14,24,73,50,60,2,10,69,66,23,55,71,68,22,107,41,3,111,122,21,101,98,109,31,49,108,6,34,26,100,110,120,67,30,99,40,44,17,83,42,77,64,104,28,15,81,61,95,51,11,52,4,117,62,121,9,118,124,74,92,13,7,54,112,53,102,85,33,56,113,89,80,75,97,106,32,18,65",20100,200
11,1,82360.44563608101,10.716824221558173,"109,69,72,29,57,123,104,86,82,121,64,30,114,91,32,50,98,4,117,42,21,13,110,20,97,101,19,105,36,108,41,89,90,28,119,85,47,40,8,46,115,76,62,93,44,84,54,67,51,79,7,24,10,95,102,66,23,56,74,22,61,18,68,70,107,63,58,9,88,45,59,48,118,2,106,99,65,80,52,38,81,55,92,15,112,124,43,25,27,77,37,49,78,31,53,17,122,11,73,34,87,16,120,96,5,113,35,103,75,71,116,3,111,33,26,14,6,100,83,12,60,125,39,94",20100,200
11,2,83922.49555218064,9.539392014169456,"90,115,79,42,117,89,18,12,32,91,114,123,30,121,94,29,109,82,67,51,21,13,110,20,93,62,19,105,36,108,41,119,85,47,28,8,4,98,76,101,116,3,111,64,26,34,33,14,73,11,122,17,53,31,78,59,48,118,2,106,99,65,80,52,38,81,55,92,15,112,124,43,25,27,77,37,49,45,88,9,58,63,107,70,68,7,24,10,95,102,66,23,56,74,22,61,54,125,84,44,16,60,46,40,50,87,97,75,71,103,35,113,5,104,6,86,120,100,83,39,69,96,72,57",20100,200
11,3,82135.60314414135,12.275483697190918,"87,69,60,16,125,54,62,93,44,84,19,105,36,108,41,119,85,47,28,8,89,115,90,46,40,76,101,97,20,110,13,21,42,117,4,98,50,32,91,114,123,30,121,94,29,109,82,67,51,79,18,61,22,74,56,23,66,102,95,10,24,7,68,70,107,63,58,9,88,45,59,48,118,2,106,99,65,80,37,49,81,55,92,15,112,124,43,25,27,77,52,38,78,31,53,17,122,11,73,14,33,34,26,64,111,3,116,75,71,103,35,113,5,104,6,86,120,100,83,39,12,96,72,57",20100,200
11,4,96893.99678022067,7.545694136393285,"35,19,12,25,39,94,90,43,46,5,114,87,37,78,84,76,45,79,27,116,16,20,123,88,29,63,58,86,111,57,48,91,59,36,105,119,8,47,115,38,96,125,103,93,72,82,14,24,73,50,60,2,10,69,66,23,55,71,3,22,122,41,68,70,107,21,101,98,109,31,49,108,6,34,26,100,110,120,67,30,99,40,44,17,83,42,77,64,104,28,15,81,61,95,51,11,52,4,117,62,121,9,118,124,74,92,13,7,54,80,112,89,32,85,33,113,102,53,75,97,106,56,18,65",20100,200
11,5,81138.96450117664,15.187774794681339,"109,51,45,59,48,118,2,60,16,87,69,125,54,62,93,44,84,19,105,36,108,41,119,85,18,79,8,72,88,9,58,63,76,101,97,20,110,13,21,42,117,4,98,50,32,91,114,30,65,121,82,86,104,123,57,29,89,115,90,46,40,107,70,68,7,24,10,95,102,66,23,56,74,22,3,111,81,38,52,33,113,35,103,71,75,116,61,47,28,80,34,26,64,55,92,15,112,124,43,25,27,77,37,49,78,31,53,17,122,11,73,14,5,96,120,99,6,100,83,12,106,67,39,94",20100,200
11,6,96479.27746922705,8.979142498033985,"18,102,64,111,3,116,6,108,36,59,91,48,57,70,71,68,22,107,41,26,100,49,31,109,98,101,21,122,105,96,38,115,47,8,119,125,103,93,72,82,10,69,73,50,60,2,14,24,66,23,55,86,58,63,29,88,123,20,16,34,27,79,45,76,84,78,37,87,114,19,5,25,12,43,90,46,39,94,35,30,99,40,44,17,83,42,52,95,61,81,15,28,104,110,77,11,51,4,117,62,121,9,118,124,74,92,13,7,54,80,112,89,32,85,106,53,33,75,97,120,56,67,113,65",20100,200
11,7,83029.4225053172,10.444747274979907,"109,69,72,29,57,123,104,86,82,121,64,30,114,91,32,50,98,4,117,42,21,13,110,20,97,101,76,41,46,90,115,89,108,28,119,85,47,40,8,36,105,19,62,93,44,84,54,67,51,79,7,24,10,95,102,66,23,56,74,22,61,18,68,70,107,63,58,9,45,88,59,48,118,2,106,99,65,80,52,38,81,55,92,15,112,124,43,25,27,77,37,49,78,31,53,17,122,11,73,34,87,16,120,96,5,113,35,103,75,71,116,3,111,33,26,14,6,100,83,12,60,125,39,94",20100,200
11,8,81476.80526744877,12.33389638354401,"87,69,60,16,125,54,36,105,19,84,44,93,62,108,41,119,85,47,28,8,89,115,90,46,40,76,101,97,20,110,13,21,42,117,4,98,50,32,91,114,123,30,121,94,29,109,82,67,51,79,18,61,22,74,56,23,66,102,95,10,24,7,68,70,107,63,58,9,88,45,59,48,118,2,106,99,65,80,37,49,81,55,92,15,112,124,43,25,27,77,52,38,78,31,53,17,122,11,73,14,33,34,26,64,111,3,116,75,71,103,35,113,5,104,6,86,120,100,83,39,12,96,72,57",20100,200
11,9,81188.30551778825,14.752565884742042,"109,51,45,59,48,118,2,60,16,87,69,125,54,62,93,44,84,19,105,36,108,41,119,85,18,79,8,72,88,9,58,63,76,101,97,20,110,13,21,42,117,4,98,50,32,91,114,30,65,121,82,86,104,123,57,29,89,115,90,46,40,107,70,68,7,24,10,95,102,66,23,56,74,22,3,111,81,38,52,33,113,35,103,71,75,116,61,47,28,80,34,26,64,55,92,15,112,124,43,25,27,77,37,11,122,17,53,31,78,49,73,14,5,96,120,99,6,100,83,12,106,67,39,94",20100,200
11,10,81104.19632933795,15.54081684025787,"109,51,45,59,48,118,2,60,16,87,69,125,54,62,93,44,84,19,105,36,108,41,119,85,18,79,8,72,88,9,58,63,76,101,97,20,110,13,21,42,117,4,98,50,32,91,114,30,65,121,82,86,104,123,57,29,89,115,90,46,40,107,70,68,7,24,10,95,102,66,23,56,74,22,3,111,64,26,34,33,113,35,103,71,75,116,61,47,28,80,37,49,81,55,92,15,112,124,43,25,27,77,52,38,78,31,53,17,122,11,73,14,5,120,96,99,6,100,83,12,106,67,39,94",20100,200
12,0,84496.78158548854,6.698880503487131,"2,112,16,4,57,77,70,91,26,105,98,117,111,12,93,50,37,5,58,49,90,14,89,20,88,67,51,116,9,73,29,42,24,53,110,121,122,72,108,85,120,63,103,87,56,101,30,107,39,76,123,15,106,44,32,99,6,62,59,55,100,45,82,79,10,68,23,95,19,109,92,124,104,66,36,69,102,21,34,46,31,40,97,27,83,25,17,13,52,84,11,74,43,35,60,125,7,78,81,47,75,115,65,8,38,61,33,28,86,118,119,48,22,54,114,113,96,18,3,71,41,64,80,94",20100,200
12,1,80292.23426854184,7.301540933255117,"2,112,16,4,57,77,70,91,26,105,98,117,67,93,12,111,62,6,99,32,44,106,15,123,76,14,89,20,88,50,51,45,100,55,59,37,36,66,69,102,39,107,30,101,56,87,103,63,120,85,108,72,122,121,110,53,24,42,54,73,9,116,82,79,10,68,23,95,19,109,92,104,124,58,5,49,90,21,34,46,31,40,97,27,83,25,17,13,52,84,11,74,43,61,60,125,7,78,81,47,119,115,65,8,38,35,33,28,118,86,75,48,22,29,114,113,96,18,3,71,80,41,64,94",20100,200
12,2,80929.14693509461,7.026734661277598,"2,112,16,4,57,77,70,91,26,105,98,117,67,93,12,111,62,6,99,32,44,106,15,123,76,14,89,20,88,50,51,45,100,55,59,37,36,66,69,102,39,107,30,101,56,87,103,63,120,42,29,24,53,110,121,122,72,108,73,9,116,85,82,79,10,68,23,95,19,109,92,104,124,58,5,49,90,21,34,46,31,40,97,27,83,25,17,13,52,84,11,74,43,61,60,125,7,78,81,47,119,115,65,8,38,35,33,28,118,86,75,48,22,54,114,113,96,18,3,71,80,64,41,94",20100,200
12,3,76743.64953096103,13.374415875095256,"94,16,112,4,2,105,70,91,77,41,98,117,67,93,12,111,62,101,99,32,44,106,15,123,76,39,107,103,87,63,37,36,66,69,102,14,89,20,88,50,51,116,9,73,54,42,24,53,110,121,122,72,108,85,120,56,6,30,59,55,100,82,45,79,10,68,23,95,19,109,92,104,124,61,43,74,11,84,52,13,17,25,83,27,97,40,31,46,34,21,90,49,5,58,38,8,65,78,81,47,96,113,114,29,22,48,119,118,86,28,33,35,60,125,7,115,75,18,3,71,80,64,26,57",20100,200
12,4,77329.18502173382,7.786205751198718,"2,112,16,57,94,111,70,91,77,67,98,117,12,93,26,105,62,6,99,32,44,106,15,123,76,39,107,63,87,103,37,36,66,69,102,14,89,20,88,50,51,116,9,73,54,42,24,53,110,121,122,72,108,85,120,56,101,30,59,55,100,92,124,104,19,109,95,23,68,10,79,82,45,58,5,49,90,21,34,46,31,40,97,27,83,25,17,13,52,84,11,74,43,61,38,8,65,78,81,47,96,113,114,29,22,48,119,118,86,28,33,35,60,125,7,115,75,18,3,71,4,64,41,80",20100,200
12,5,84523.35232719053,6.675514961409345,"2,112,16,4,57,77,70,91,26,105,98,117,111,12,93,45,37,5,58,49,90,14,89,20,88,67,51,116,9,73,29,42,24,53,110,121,122,72,108,85,120,63,103,87,56,101,30,107,39,76,123,15,106,44,32,99,6,62,59,55,100,50,82,79,10,68,23,95,19,109,92,124,104,66,36,69,102,21,34,46,31,40,97,27,83,25,17,13,52,84,11,74,43,35,60,125,7,78,81,47,75,115,65,8,38,61,33,28,86,118,119,48,22,54,114,113,96,18,3,71,41,64,80,94",20100,200
12,6,81374.13614554619,6.8053287944081,"2,112,16,4,94,77,70,91,41,105,98,117,67,93,12,111,62,6,99,32,44,106,15,123,76,14,89,20,88,50,51,45,100,55,59,37,36,66,69,102,39,107,30,101,56,87,103,63,120,85,108,72,122,121,110,53,24,42,29,73,9,116,82,79,10,68,23,95,19,109,92,104,124,58,5,49,90,21,34,46,31,40,97,27,83,25,17,13,52,84,11,74,43,61,60,125,7,78,81,47,119,115,65,8,38,35,33,28,118,86,75,48,22,54,114,113,96,18,3,71,80,64,26,57",20100,200
12,7,80581.56156659691,7.1501748230375455,"2,112,16,94,57,77,70,91,26,105,98,117,67,93,12,111,62,6,99,32,44,106,15,123,76,39,107,101,30,56,87,103,63,120,85,108,72,122,121,110,53,24,42,29,73,9,116,51,45,88,20,89,14,90,49,5,58,37,59,55,100,50,82,79,10,68,23,95,19,109,92,104,124,66,36,69,102,21,34,46,31,40,97,27,83,25,17,13,52,84,11,74,43,61,38,8,65,78,81,47,75,115,7,125,60,35,33,28,86,118,119,48,22,54,114,113,96,18,3,71,80,64,41,4",20100,200
12,8,78852.38930525506,7.721722605740251,"2,112,16,4,57,77,70,91,26,105,98,117,67,93,12,111,62,6,99,32,44,106,15,123,76,107,39,103,63,87,9,116,51,37,36,66,69,102,14,89,20,88,50,73,54,42,24,53,110,121,122,72,108,85,120,56,101,30,59,55,100,45,82,79,10,68,23,95,19,109,92,104,124,58,5,49,90,21,34,46,31,40,97,27,83,25,17,13,52,84,11,74,43,61,38,8,65,78,81,47,96,113,114,29,22,48,119,118,86,28,33,35,60,125,7,115,75,18,3,71,80,64,41,94",20100,200
12,9,79347.9210822029,7.441438033068608,"2,112,16,94,57,111,70,91,77,67,98,117,12,93,26,105,62,6,99,32,44,106,15,123,76,14,89,20,88,50,51,45,100,55,59,37,36,66,69,102,39,107,30,101,56,87,103,63,120,85,108,72,122,121,110,53,24,42,54,73,9,116,82,79,10,68,23,95,19,109,92,104,124,58,5,49,90,21,34,46,31,40,97,27,83,25,17,13,52,84,11,74,43,61,38,8,65,78,81,47,75,115,7,125,60,35,33,28,86,118,119,48,22,29,114,113,96,18,3,71,80,64,41,4",20100,200
12,10,77084.54374906587,8.699856320652657,"2,112,16,94,57,77,70,91,26,105,98,117,67,93,12,111,62,6,99,32,44,106,15,123,76,39,107,63,87,103,37,36,66,69,102,14,89,20,88,50,51,116,9,73,54,42,24,53,110,121,122,72,108,85,120,56,101,30,59,55,100,92,124,104,19,109,95,23,68,10,79,82,45,58,5,49,90,21,34,46,17,25,97,27,83,40,31,13,52,84,11,74,43,61,38,8,65,78,81,47,96,113,114,29,22,48,119,28,118,86,33,35,60,125,7,115,75,18,3,71,80,64,41,4",20100,200
12,11,79007.90518953273,7.656696415556778,"2,112,16,94,57,77,70,91,26,105,98,117,67,93,12,111,62,6,99,32,44,106,15,123,76,107,39,103,63,87,9,116,51,37,36,66,69,102,14,89,20,88,50,73,54,42,24,53,110,121,122,72,108,85,120,56,101,30,59,55,100,45,82,79,10,68,23,95,19,109,92,104,124,58,5,49,90,21,34,46,31,40,97,27,83,25,17,13,52,84,11,74,43,61,38,8,65,78,81,47,96,113,114,29,22,48,119,118,28,86,33,35,60,125,7,115,75,18,3,71,80,64,41,4",20100,200
13,0,81791.43262874967,6.919176251549024,"72,96,39,73,65,93,49,50,53,86,64,61,60,71,70,36,26,83,57,27,3,125,7,24,76,44,112,109,20,30,9,47,67,115,90,31,118,121,110,89,98,5,63,69,46,2,88,87,43,29,17,75,10,45,106,14,91,103,6,59,54,78,52,32,116,15,77,107,33,113,123,8,11,37,62,18,124,25,12,4,19,28,48,104,94,74,100,114,99,23,66,84,95,85,105,92,119,56,41,55,34,58,79,13,111,35,97,16,51,122,21,120,68,80,42,108,22,117,82,102,40,81,101,38",20100,200
13,1,75866.86028993616,18.12085739999428,"93,96,81,64,86,72,49,85,53,50,39,82,60,71,70,36,26,83,57,27,76,24,7,125,3,44,112,67,115,90,123,113,33,107,45,106,116,32,52,78,54,59,6,103,91,87,15,77,10,75,17,29,43,14,88,20,89,98,5,63,69,46,2,31,118,121,110,30,47,9,109,8,11,37,62,18,124,25,12,4,19,28,48,104,94,74,100,114,99,23,66,119,92,105,22,68,80,56,41,55,40,34,35,13,111,79,97,117,51,122,21,120,42,108,101,58,61,16,38,84,95,73,65,102",20100,200
13,2,75906.64885446144,9.334077351297235,"93,96,73,39,50,72,49,85,53,86,64,61,60,71,70,36,26,83,57,27,76,24,7,125,3,44,112,67,115,90,123,113,33,107,77,15,116,32,52,78,59,54,6,103,91,87,43,29,10,75,17,45,106,14,88,20,89,98,5,63,69,46,2,31,118,121,110,30,47,9,109,8,11,37,62,18,124,25,12,4,19,28,48,104,94,74,100,114,99,23,66,119,92,105,22,68,80,56,41,55,40,34,35,13,111,79,97,117,51,122,21,120,42,108,101,58,82,16,38,84,95,81,65,102",20100,200
13,3,76079.61322955065,8.895223437328598,"93,96,73,39,50,72,49,85,53,86,64,61,60,71,70,36,26,83,57,27,76,24,7,125,3,44,112,67,115,90,123,113,33,107,77,15,116,32,52,78,59,54,6,103,91,87,43,29,17,75,10,45,106,14,88,20,89,98,5,63,69,46,2,31,118,121,110,30,47,9,109,8,11,37,62,18,124,25,12,4,19,28,48,104,94,74,100,114,99,23,66,119,92,105,22,68,80,56,41,55,40,34,35,13,111,79,97,117,51,122,38,16,82,58,101,108,42,120,21,84,95,81,65,102",20100,200
13,4,77913.68427859058,7.929375763576853,"93,96,73,39,50,72,49,65,16,86,64,61,60,71,70,36,26,83,57,27,76,24,7,125,3,44,112,67,115,90,123,113,33,107,77,15,116,32,52,78,59,54,6,103,91,69,5,63,46,2,88,87,43,29,17,75,10,45,106,14,98,89,20,109,9,47,30,110,121,118,31,8,11,37,62,18,124,25,12,4,19,28,48,104,94,74,100,114,99,23,66,84,95,85,105,92,119,56,41,55,34,58,79,13,111,35,97,53,51,122,21,120,68,80,42,108,22,117,82,102,40,81,101,38",20100,200
13,5,77565.60712207369,8.077747210701755,"93,96,73,39,50,72,49,65,53,86,64,61,60,71,70,36,26,83,57,27,76,24,7,125,3,44,112,67,115,90,123,113,33,107,45,106,116,32,52,78,59,54,6,103,91,87,43,29,17,75,10,77,15,14,88,2,46,69,63,5,98,89,20,109,9,47,30,110,121,118,31,8,11,37,62,18,124,25,12,4,19,28,48,104,94,74,100,114,99,23,66,84,95,85,105,92,119,56,41,55,34,58,79,13,111,35,97,16,51,122,21,120,68,80,42,108,22,117,82,102,40,81,38,101",20100,200
13,6,82366.37652104438,6.7638746292343415,"72,96,39,73,65,93,49,50,53,86,64,61,60,71,70,36,26,83,57,27,3,24,7,125,76,44,112,109,20,30,9,47,67,115,90,31,118,121,110,89,98,5,63,69,46,2,88,87,43,29,17,75,10,45,106,14,91,103,6,59,54,78,52,32,116,15,77,107,33,113,123,8,11,37,62,18,124,25,12,4,19,28,48,104,94,74,100,114,99,23,66,84,95,85,105,92,119,56,41,55,34,58,79,13,111,35,97,16,51,122,21,120,68,80,42,108,22,117,82,102,40,81,101,38",20100,200
13,7,76999.03461591547,8.219641111386798,"93,96,73,39,50,72,49,85,53,86,64,61,60,71,70,36,26,83,57,27,3,125,7,24,76,44,112,29,43,87,88,17,75,10,77,15,116,32,52,78,59,54,6,103,91,90,115,67,113,33,107,45,106,14,123,9,47,30,5,110,98,89,20,109,2,46,69,63,121,118,31,8,11,37,62,18,124,25,12,4,19,28,48,104,94,74,100,114,99,23,66,119,92,105,22,68,80,56,41,55,40,34,35,13,111,79,97,117,51,122,21,120,42,108,101,58,82,16,38,84,95,81,65,102",20100,200
13,8,76972.28441936188,8.613216588476108,"93,96,73,39,50,72,49,85,53,86,64,61,60,71,70,36,26,83,57,27,76,24,7,125,3,44,112,67,115,90,123,113,33,107,45,106,116,32,52,78,59,54,6,103,91,87,43,29,17,75,10,77,15,14,88,2,46,69,63,5,98,89,20,109,9,47,30,110,121,118,31,8,11,37,62,18,124,25,12,4,19,28,48,104,94,74,100,114,99,23,66,119,92,105,22,68,80,56,41,55,40,34,35,13,111,79,97,117,51,122,38,16,82,58,101,108,42,120,21,84,95,81,65,102",20100,200
13,9,75759.0791499164,18.659679920328465,"93,96,73,64,86,72,49,85,53,50,39,82,60,71,70,36,26,83,57,27,76,24,7,125,3,44,112,67,115,106,45,10,75,17,29,43,87,91,103,6,54,59,78,52,32,116,15,77,107,33,113,123,90,14,88,20,89,98,5,63,69,46,2,31,118,121,30,110,47,9,109,8,11,37,62,18,124,25,12,4,19,28,48,104,94,74,100,114,99,23,66,119,92,105,22,68,80,56,41,55,40,34,35,13,111,79,97,117,51,122,21,120,42,108,101,58,61,16,38,84,95,81,65,102",20100,200
13,10,76450.719838647,8.870597499605086,"93,96,73,39,50,72,49,85,53,86,64,61,60,71,70,36,26,83,57,27,76,24,7,125,3,44,112,67,115,90,123,113,33,107,77,106,116,32,52,78,59,54,6,103,91,87,43,29,17,75,10,45,15,14,88,2,46,69,63,5,98,89,20,109,9,47,30,110,121,118,31,8,11,37,62,18,124,25,12,4,19,28,48,104,94,74,100,114,99,23,66,119,92,105,22,68,80,56,41,55,40,34,35,13,111,79,97,117,51,122,38,16,82,58,101,108,42,120,21,84,95,81,65,102",20100,200
13,11,78416.40199206184,7.254309064273454,"72,96,39,73,65,93,49,50,53,86,64,61,60,71,70,36,26,83,57,27,3,125,7,24,76,44,112,29,43,87,88,17,75,10,77,15,116,32,52,78,59,54,6,103,91,90,115,67,113,33,107,45,106,14,123,9,47,30,5,110,98,89,20,109,2,46,69,63,121,118,31,8,11,37,62,18,124,25,12,4,19,28,48,104,94,74,100,114,99,23,66,84,95,85,105,92,119,56,41,55,34,58,79,13,111,35,97,16,51,122,21,120,68,80,42,108,22,117,82,102,40,81,101,38",20100,200
14,0,83674.60378828211,9.239859306288164,"53,19,21,90,57,94,112,30,105,43,7,10,4,100,50,13,62,125,67,45,101,26,37,59,49,107,44,3,117,29,41,88,36,74,46,115,79,71,18,58,39,114,47,64,25,122,63,102,55,109,48,23,124,75,27,73,111,42,60,32,83,113,82,123,95,6,76,78,86,22,31,69,56,92,28,120,14,61,40,119,8,17,77,2,121,9,68,24,93,16,97,103,98,51,33,89,38,87,54,85,15,12,35,116,52,20,91,81,11,66,70,99,108,72,110,5,104,65,80,96,118,84,34,106",20100,200
14,1,84141.96954757415,9.069178573608527,"53,19,21,90,57,94,112,30,105,43,50,100,4,10,7,13,62,125,67,45,101,26,37,59,49,107,44,3,117,29,41,88,36,74,46,115,79,71,18,58,39,114,47,64,25,122,63,102,55,109,48,23,124,75,27,73,111,42,60,32,83,113,82,123,95,6,76,78,86,22,31,69,56,92,28,120,14,61,40,119,8,17,77,2,121,9,68,24,93,16,97,103,98,51,33,89,38,87,54,85,15,12,35,116,52,20,91,81,11,66,70,99,108,72,110,5,104,65,80,96,118,84,34,106",20100,200
14,2,76768.52544301005,17.999134927309363,"98,72,81,62,85,46,105,26,28,33,61,34,54,108,59,65,104,74,7,119,70,120,41,95,82,123,113,83,32,90,50,44,43,60,58,49,42,27,107,77,112,38,80,109,56,69,31,22,122,53,45,101,71,18,88,94,11,118,3,125,97,115,35,89,116,93,39,12,20,51,75,114,110,5,121,66,47,64,30,17,8,23,86,78,76,6,87,91,103,124,67,111,4,99,73,48,102,36,96,19,9,25,106,79,29,52,16,117,24,14,15,92,13,37,57,10,100,40,68,63,2,55,21,84",20100,200
14,3,81085.84418449353,12.193748398257199,"53,19,21,90,57,94,112,30,105,43,7,10,4,100,50,111,42,125,67,45,101,44,107,49,59,88,115,29,117,3,26,69,36,122,25,64,47,114,39,58,18,71,79,41,46,74,63,102,55,109,48,23,124,75,27,73,13,62,60,32,83,113,82,123,95,6,76,78,86,54,31,37,56,92,28,120,14,61,40,119,8,17,77,2,121,9,68,24,93,16,97,103,98,51,33,89,38,87,22,85,15,12,116,35,52,20,91,81,11,66,70,99,108,72,110,5,104,65,80,96,118,84,34,106",20100,200
14,4,81141.45896898909,11.567735301259274,"53,19,21,90,57,94,112,30,105,43,7,10,4,100,50,111,42,125,67,45,101,44,107,49,59,88,115,29,117,3,26,69,36,122,25,64,47,114,39,58,18,71,79,41,46,74,63,102,55,109,48,23,124,75,27,73,13,62,60,32,83,113,82,123,95,6,76,78,86,22,31,37,56,92,28,120,14,61,40,119,8,17,77,2,121,9,68,24,93,16,97,103,98,51,33,89,38,87,54,85,15,12,35,116,52,20,91,81,11,66,70,99,108,72,110,5,104,65,80,96,118,84,34,106",20100,200
14,5,84382.83734651608,8.96172416446746,"19,118,67,90,57,94,112,30,105,43,75,27,73,122,109,62,13,125,106,45,101,7,10,63,59,37,26,64,117,25,41,88,18,71,79,115,46,74,36,58,39,114,47,3,44,107,49,102,55,29,48,23,124,4,100,50,111,42,60,32,83,113,82,123,95,6,76,78,86,22,31,69,56,92,28,120,14,61,40,119,8,17,77,2,121,9,68,24,93,16,97,103,98,51,33,89,38,87,54,85,15,12,35,116,52,20,91,81,11,66,70,99,108,72,110,5,104,65,80,96,53,34,21,84",20100,200
14,6,77990.0131099657,15.94009112867023,"85,72,81,62,98,46,105,26,28,33,61,54,34,108,59,65,104,74,7,119,70,120,41,95,82,123,113,83,32,90,50,44,43,60,58,49,42,27,107,88,18,71,101,45,53,22,122,31,69,56,109,80,38,112,77,94,11,118,3,125,97,115,35,89,116,93,39,12,20,51,75,114,37,5,47,66,121,64,30,17,8,23,86,78,76,6,87,91,103,124,67,111,4,99,73,48,102,36,96,19,9,25,106,79,29,52,16,117,24,14,15,92,13,110,57,10,100,40,68,63,2,55,21,84",20100,200
14,7,84048.71288095936,9.185586535436919,"53,19,21,90,57,94,112,30,105,43,75,27,73,122,109,62,13,125,106,45,101,7,10,63,59,69,26,64,117,25,41,88,18,71,79,115,46,74,36,58,39,114,47,3,44,107,49,102,55,29,48,23,124,4,100,50,111,42,60,32,83,113,82,123,95,6,76,78,86,22,31,37,56,92,28,120,14,61,40,119,8,17,77,2,121,9,68,24,93,16,97,103,98,51,33,89,38,87,54,85,15,12,35,116,52,20,91,81,11,66,70,99,108,72,110,5,104,65,80,96,118,84,34,67",20100,200
14,8,82980.55401306614,9.287087810503355,"53,19,21,90,57,94,112,30,105,43,7,10,4,100,50,13,62,125,67,45,101,44,107,49,59,69,26,3,117,29,41,88,36,74,46,115,79,71,18,58,39,114,47,64,25,122,63,102,55,109,48,23,124,75,27,73,111,42,60,14,120,28,92,56,37,31,22,86,78,76,6,95,123,82,113,83,32,61,40,119,8,17,77,2,121,9,68,24,93,16,97,103,98,51,33,89,38,87,54,85,15,12,35,116,52,20,91,81,11,66,70,99,108,72,110,5,104,65,80,96,118,84,34,106",20100,200
14,9,78379.77929791195,15.908692755544417,"85,72,81,62,98,46,105,26,28,33,61,34,54,50,90,32,83,123,113,82,95,41,120,102,48,73,99,4,111,67,91,103,43,60,58,49,42,27,107,77,112,38,80,109,56,69,31,22,122,53,45,101,71,18,88,94,11,118,3,125,97,115,35,89,116,93,39,12,20,51,75,114,110,47,5,66,121,64,30,17,8,23,86,78,76,6,87,124,44,108,59,65,104,74,7,119,70,36,96,19,9,25,106,79,29,52,16,117,24,14,15,92,13,37,57,10,63,84,68,55,21,100,40,2",20100,200
14,10,78426.01195558322,14.945923284875052,"85,72,81,62,98,46,105,26,28,33,61,54,34,64,30,17,8,5,73,48,102,120,41,95,82,123,113,83,32,90,50,44,43,60,58,49,42,11,94,77,112,38,80,109,56,69,22,31,122,53,45,101,71,18,88,107,27,118,3,125,97,115,35,89,116,93,39,12,20,51,75,114,110,87,103,91,124,67,111,4,99,23,86,78,76,6,47,121,66,108,59,65,104,74,7,119,70,36,96,19,9,25,106,79,29,52,16,117,24,14,15,92,13,37,57,10,63,84,68,55,2,100,21,40",20100,200
14,11,77543.86242334533,16.196351419624065,"85,72,81,62,98,46,105,26,28,33,61,54,34,108,59,65,104,74,7,119,70,120,41,95,82,123,113,83,32,90,50,44,43,60,58,49,42,27,107,88,18,71,101,45,53,22,122,31,69,56,109,80,38,112,77,94,11,118,3,125,97,115,35,89,116,93,39,12,20,51,75,114,37,5,47,66,121,64,30,17,8,23,86,78,76,6,87,91,103,124,67,111,4,99,73,48,102,36,96,19,9,25,106,79,29,52,16,117,24,14,15,92,13,10,57,110,100,40,68,63,2,55,21,84",20100,200
14,12,76842.25449376006,17.0939800002555,"85,72,81,62,98,46,105,26,28,33,61,54,34,108,59,65,104,74,7,119,70,120,41,95,82,123,113,83,32,90,50,44,43,60,58,49,42,27,107,77,112,38,80,53,122,22,31,69,56,109,45,101,71,18,88,94,11,118,3,125,97,115,35,89,116,93,39,12,20,51,75,114,110,5,121,66,47,64,30,17,8,23,86,78,76,6,87,91,103,124,67,111,4,99,73,48,102,36,96,19,9,25,106,79,29,52,16,117,24,14,15,92,13,37,57,10,100,40,68,63,2,55,21,84",20100,200
14,13,81137.40163139376,12.093386622447824,"53,19,21,90,57,94,112,30,105,43,7,10,4,100,50,13,62,125,106,45,101,44,107,49,59,69,26,3,117,29,115,88,36,122,25,64,47,114,39,58,18,71,79,41,46,74,63,102,55,109,48,23,124,75,27,73,111,42,60,32,83,113,82,123,95,6,76,78,86,22,31,37,56,92,28,120,14,61,40,119,8,17,77,2,121,9,68,24,93,16,97,103,98,51,33,89,38,87,54,85,15,12,35,116,52,20,91,81,11,66,70,99,108,72,110,5,104,65,80,96,118,84,34,67",20100,200
14,14,78451.23681695381,14.771734909926286,"85,72,81,62,98,46,105,26,28,33,61,54,34,64,30,17,8,5,73,48,102,120,41,95,82,123,113,83,32,90,50,44,43,60,58,49,42,11,94,77,112,38,80,109,56,69,22,31,122,53,45,101,71,18,88,107,27,118,3,125,97,115,35,89,116,93,39,12,20,51,75,114,110,87,103,91,124,67,111,4,99,23,86,78,76,6,47,121,66,108,59,65,104,74,7,119,70,36,52,29,79,106,25,9,19,96,16,117,24,14,15,92,13,37,57,10,63,84,68,55,2,100,21,40",20100,200
14,15,79312.75926013179,13.82340425475257,"85,72,81,62,98,46,105,26,28,33,61,54,34,50,90,32,83,123,113,45,101,120,41,95,119,7,74,104,65,59,108,44,43,60,58,49,42,27,107,77,112,38,80,109,56,122,22,31,69,53,82,70,71,18,88,94,11,118,3,125,97,115,35,89,116,93,39,12,20,51,75,114,37,5,47,66,121,64,30,17,8,23,86,78,76,6,87,91,103,124,67,111,4,99,73,48,102,36,96,19,9,25,106,79,29,52,16,117,24,14,15,92,13,10,57,110,100,40,68,63,2,55,21,84",20100,200
14,16,81147.56833445372,10.071618539241843,"53,19,21,90,57,94,112,30,105,43,7,10,4,100,50,13,62,125,67,45,101,44,107,49,59,88,115,29,117,3,26,69,36,122,25,64,47,114,39,58,18,71,79,41,46,74,63,102,55,109,48,23,124,75,27,73,111,42,60,14,120,28,92,56,37,31,22,86,78,76,6,95,123,82,113,83,32,61,40,119,8,17,77,2,121,9,68,24,93,16,97,103,98,51,33,89,38,87,54,85,15,12,35,116,52,20,91,81,11,66,70,99,108,72,110,5,104,65,80,96,118,84,34,106",20100,200
14,17,76702.8017055816,18.237760743989853,"98,105,46,85,62,81,72,26,28,33,61,34,54,108,59,65,104,74,7,119,70,120,41,95,82,123,113,83,32,90,50,44,115,97,125,3,118,11,101,45,53,122,22,31,56,69,109,80,38,112,77,107,71,18,88,94,27,42,49,58,60,43,35,89,116,93,39,12,20,51,75,114,110,5,47,66,121,64,30,17,8,23,86,78,76,6,87,91,103,124,67,111,4,99,73,48,102,36,96,19,9,25,106,79,29,52,16,117,24,14,15,92,13,37,57,10,100,40,68,63,2,55,21,84",20100,200
14,18,77429.24946077367,16.901915290416913,"85,72,81,62,98,46,105,26,28,33,61,34,54,50,90,32,83,113,123,82,70,120,41,95,119,97,115,44,108,59,65,104,74,7,125,3,118,11,94,77,112,38,80,109,56,69,31,22,122,53,45,101,71,18,88,107,27,42,49,58,60,43,35,89,116,93,39,87,6,76,78,114,110,5,47,66,121,64,30,17,8,23,86,75,51,20,12,91,103,124,67,111,4,99,73,48,102,36,96,19,9,25,106,79,29,52,16,117,24,14,15,92,13,37,57,10,100,40,68,63,2,55,21,84",20100,200
14,19,77431.59784527455,16.760370956577187,"85,72,81,62,98,46,105,26,28,33,61,34,54,108,59,65,104,74,7,119,70,120,41,95,82,123,113,83,32,90,50,44,43,60,58,49,42,27,107,77,112,38,80,109,56,69,31,22,122,53,45,101,71,18,88,94,11,118,3,125,97,115,35,89,116,93,39,12,20,51,75,114,110,5,121,66,47,64,30,17,8,23,86,78,76,6,87,91,103,124,67,111,4,99,73,48,102,36,96,19,9,25,106,79,29,52,16,117,24,14,15,92,13,37,57,10,63,84,68,55,21,100,40,2",20100,200
14,20,78795.82971870224,14.176348547192534,"85,72,81,62,98,46,105,26,28,33,61,54,34,108,59,65,104,74,7,119,101,120,41,95,45,123,113,83,32,90,50,44,43,60,58,49,42,27,107,77,112,38,80,109,56,122,31,22,69,53,82,70,71,18,88,94,11,118,3,125,97,115,35,89,116,93,39,12,20,51,75,114,37,5,47,66,121,64,30,17,8,23,86,78,76,6,87,91,103,124,67,111,4,99,73,48,102,36,96,19,9,25,106,79,29,52,16,117,24,14,15,92,13,10,57,110,100,40,68,63,2,55,21,84",20100,200
14,21,80241.84719273626,13.821276412144417,"85,72,81,62,98,46,105,26,28,33,61,54,34,50,90,32,83,123,113,82,70,120,41,95,119,7,74,104,65,59,108,44,43,60,58,49,42,27,107,88,112,38,80,109,56,69,22,31,122,53,45,101,71,18,77,94,11,118,3,125,97,115,35,89,116,93,39,12,20,51,75,114,37,5,47,66,121,64,30,17,8,23,86,78,76,6,87,91,103,124,67,111,4,99,48,73,102,36,96,19,9,25,106,79,29,52,16,117,24,14,15,92,13,110,57,10,100,40,68,63,2,55,21,84",20100,200
14,22,81136.68318318076,12.173228823939851,"53,19,21,90,57,94,112,30,105,43,7,10,4,100,50,13,62,125,106,45,101,44,107,49,59,69,26,3,117,29,115,88,36,122,25,64,47,114,39,58,18,71,79,41,46,74,63,102,55,109,48,23,124,75,27,73,111,42,60,32,83,113,82,123,95,6,76,78,86,22,31,37,56,92,28,120,14,61,40,119,8,17,77,2,121,9,68,24,93,16,97,103,98,51,33,89,38,87,54,85,15,12,35,116,52,20,91,81,11,66,70,84,5,108,65,99,104,110,80,96,118,72,34,67",20100,200
14,23,75551.40538768448,18.266766010556687,"85,72,81,62,98,46,105,26,28,33,61,54,34,108,59,65,104,74,7,119,70,120,41,95,82,123,113,83,32,90,50,44,43,60,58,49,42,27,107,88,18,71,101,45,53,22,122,31,69,56,109,80,38,112,77,94,11,118,3,125,97,115,35,89,116,93,39,87,6,76,78,86,23,5,110,30,64,121,66,47,8,17,114,75,51,20,12,91,103,124,67,111,4,99,73,48,102,36,96,19,9,25,106,79,29,52,16,117,24,14,15,92,13,37,57,10,100,40,68,63,2,55,21,84",20100,200
14,24,77119.89382676275,16.948834053661233,"85,72,81,62,98,46,105,26,28,33,61,54,34,64,30,17,8,5,73,48,102,120,41,95,82,123,113,83,32,90,50,44,43,60,58,49,42,27,107,88,18,71,101,45,53,122,22,31,69,56,109,80,38,112,77,94,11,118,3,125,97,115,35,89,116,93,39,12,20,51,75,114,110,87,103,91,124,67,111,4,99,23,86,78,76,6,47,121,66,108,59,65,104,74,7,119,70,36,96,19,9,25,106,79,29,52,16,117,24,14,15,92,13,37,57,10,63,84,68,55,2,100,21,40",20100,200
15,0,91778.31024857149,7.599961335748153,"25,95,16,8,42,9,88,13,43,90,98,70,61,21,120,47,49,31,26,75,93,58,35,82,85,20,2,66,56,22,109,63,73,116,64,65,103,27,32,34,108,55,52,71,29,117,36,119,54,94,97,106,60,77,62,30,41,15,4,112,48,102,45,84,50,59,89,24,105,92,101,19,122,125,87,17,69,72,121,40,57,67,37,96,78,113,10,5,28,123,51,3,7,53,110,81,104,79,68,44,100,115,114,80,74,46,107,91,14,38,118,23,124,111,99,86,11,39,33,76,6,12,18,83",20100,200
15,1,86410.10998494997,9.26390945365254,"25,12,18,33,42,9,88,13,43,90,98,70,61,82,35,58,49,116,22,75,93,47,120,21,85,41,2,66,56,26,31,73,63,109,64,65,97,94,54,119,36,117,29,71,52,55,108,4,32,27,87,125,122,19,101,92,105,24,40,59,48,102,45,84,50,112,89,15,20,30,62,77,103,106,60,17,69,72,121,34,57,67,37,96,78,113,10,5,28,123,51,3,7,53,110,81,104,79,68,44,100,115,114,80,74,46,107,91,14,38,118,23,124,111,99,86,11,39,8,76,6,95,16,83",20100,200
15,2,87688.84821880134,8.478244182970844,"25,95,16,8,42,9,88,13,43,90,98,70,61,82,35,58,49,116,22,75,93,47,120,21,85,41,2,66,56,26,31,73,63,109,64,65,97,94,54,119,36,117,29,71,52,55,108,4,32,27,87,125,122,19,101,92,105,24,40,59,48,102,45,84,50,112,89,15,20,30,62,77,103,106,60,17,69,72,121,34,57,67,37,96,78,113,10,5,28,123,51,3,7,53,110,81,104,79,68,44,100,115,114,80,74,46,107,91,14,38,118,23,124,111,99,86,11,39,76,33,12,83,18,6",20100,200
15,3,80547.83379054487,15.161814681167916,"122,9,66,17,44,123,81,19,101,70,98,124,61,82,43,24,25,111,84,100,48,56,102,38,57,39,92,95,105,6,11,7,14,20,50,62,77,115,54,119,36,117,29,71,52,55,108,4,32,27,15,89,3,37,96,78,22,116,79,40,69,73,8,112,28,5,87,118,23,47,63,109,64,65,34,114,86,125,90,104,46,16,121,99,2,41,85,21,120,12,93,75,26,31,49,58,35,91,30,72,33,94,97,76,60,106,103,68,42,53,10,107,88,13,59,110,18,74,113,80,45,83,51,67",20100,200
15,4,92160.85377276453,7.198612252752118,"25,95,16,8,42,9,88,13,43,90,98,70,61,21,120,47,49,31,26,75,93,58,35,82,85,20,2,66,56,22,109,63,73,116,64,65,103,27,32,34,108,55,52,71,29,117,36,119,54,94,97,106,60,77,62,30,41,15,4,112,48,78,45,84,50,59,89,24,105,92,101,19,122,125,87,17,69,72,121,40,57,67,37,96,102,113,10,5,28,104,51,3,7,53,110,81,123,79,68,44,100,115,114,80,74,46,107,91,14,38,118,23,124,111,99,86,11,39,33,76,6,12,18,83",20100,200
15,5,89159.26228057404,8.315849427376993,"25,95,16,8,42,9,88,13,43,90,98,70,61,82,35,58,49,116,22,75,93,47,120,21,85,41,2,66,109,63,31,73,26,56,64,65,97,94,54,119,36,117,29,71,52,55,108,4,32,27,103,106,60,77,62,30,20,15,34,112,48,78,45,84,50,59,40,24,105,92,101,19,122,125,87,17,69,72,121,89,57,67,37,96,102,113,10,5,28,104,81,110,53,7,3,51,123,79,68,44,100,115,114,80,74,46,107,91,14,38,118,23,124,111,99,86,11,39,33,76,6,12,18,83",20100,200
15,6,81881.35467905895,12.282113881403964,"122,9,66,17,44,123,81,19,101,70,98,124,61,82,43,24,25,27,103,106,60,32,4,108,55,52,71,29,117,36,119,54,115,77,62,50,20,14,7,11,6,47,95,92,39,57,38,102,56,48,100,84,111,97,76,94,33,72,30,91,35,58,49,31,26,75,93,37,96,78,22,116,79,40,69,73,8,109,63,105,5,87,23,86,114,34,65,64,112,28,125,90,104,118,46,16,121,99,2,41,85,21,120,12,3,89,15,68,42,53,10,107,88,13,59,110,18,74,113,80,45,83,51,67",20100,200
15,7,89428.13173338307,7.889503202972627,"25,95,16,8,42,9,88,13,43,90,98,70,61,82,35,58,49,116,22,75,47,93,120,21,85,41,2,66,109,63,31,73,26,56,64,65,97,94,54,119,36,117,29,71,52,55,108,4,32,27,103,106,60,77,62,30,20,15,34,112,48,78,45,84,50,59,89,24,105,92,101,19,122,125,87,17,69,72,121,40,57,67,37,96,102,113,10,5,28,104,81,110,53,7,3,51,123,79,68,44,100,115,114,80,74,46,107,91,14,38,118,23,124,111,99,86,11,39,33,76,6,12,18,83",20100,200
15,8,81115.2011569536,12.82759880463782,"17,122,66,9,52,123,81,19,101,70,98,124,61,82,43,24,32,111,84,100,48,56,102,38,57,39,30,72,33,94,76,97,60,20,50,62,77,115,54,119,36,117,29,71,44,55,108,4,25,27,103,106,14,7,11,6,105,95,92,91,35,58,49,31,26,75,93,12,120,21,85,41,2,99,121,16,114,34,65,64,109,63,47,5,37,118,46,86,23,104,90,125,28,112,8,73,69,40,79,116,22,78,96,87,3,89,15,68,42,53,10,107,88,13,59,110,18,74,113,80,45,83,51,67",20100,200
15,9,80795.82376494457,13.190975572234644,"17,122,66,9,44,123,81,19,101,70,98,124,61,82,43,24,32,111,84,100,48,56,102,38,57,39,30,72,33,94,76,97,60,20,50,62,77,115,54,119,36,117,29,71,52,55,108,4,25,27,103,106,14,7,11,6,105,95,92,91,35,58,49,31,26,75,93,12,120,21,85,41,2,99,121,16,114,34,65,64,109,63,47,5,37,118,46,86,23,104,90,125,28,112,8,73,69,40,79,116,22,78,96,87,3,89,15,68,42,53,10,107,88,13,59,110,18,74,113,80,45,83,51,67",20100,200
15,10,81847.34225949526,12.424390243023094,"122,9,66,17,52,123,81,19,101,70,98,124,61,82,43,24,25,27,103,100,34,114,16,121,99,2,41,85,21,120,12,93,75,26,31,49,58,35,91,92,95,105,6,11,7,14,106,84,111,32,4,108,55,44,71,29,117,36,119,54,115,77,62,50,20,60,97,76,94,33,72,30,39,57,38,102,56,48,65,64,109,63,47,5,37,118,46,86,23,104,90,125,28,112,8,73,69,40,79,116,22,78,96,87,3,89,15,68,42,53,10,107,88,13,59,110,18,74,113,80,45,83,51,67",20100,200
15,11,89197.0811835214,8.109217736925482,"25,95,16,8,42,9,88,13,43,90,98,70,61,82,35,58,49,116,22,75,93,47,120,21,85,41,2,66,109,63,31,73,26,56,64,65,97,94,54,119,36,117,29,71,52,55,108,4,32,27,60,106,103,77,62,30,20,15,34,112,48,78,45,84,50,59,40,24,105,92,101,19,122,125,87,17,69,72,121,89,57,67,37,96,102,113,10,5,28,104,81,110,53,7,3,51,123,79,68,44,100,115,114,80,74,46,107,91,14,38,118,23,124,111,99,86,11,39,33,76,6,12,18,83",20100,200
15,12,82658.19439051216,11.075581393947578,"17,122,66,9,52,123,81,19,101,70,98,124,61,82,43,24,32,111,84,100,48,56,102,38,57,39,30,72,33,94,76,97,60,20,50,62,77,115,54,119,36,117,29,71,44,55,108,4,25,27,103,106,14,7,11,6,47,95,92,91,35,58,49,31,26,75,93,12,120,21,85,41,2,99,121,34,114,86,125,96,78,22,116,73,40,69,79,8,112,28,37,90,104,23,16,46,118,63,109,64,5,65,105,87,3,89,15,68,42,53,10,107,88,13,59,110,18,74,113,80,45,83,51,67",20100,200
15,13,83390.2548283586,10.987679885879631,"17,122,66,9,52,123,81,19,101,70,98,124,61,82,43,24,32,111,84,100,48,56,102,38,57,39,30,72,33,94,76,97,60,20,50,62,77,115,54,119,36,117,29,71,44,55,108,4,25,27,103,106,14,7,11,6,105,95,92,91,35,58,49,31,26,75,93,12,120,21,85,41,2,99,121,34,114,86,125,96,78,22,73,116,40,69,79,8,112,28,37,90,104,23,16,46,118,63,109,64,5,65,47,87,3,89,15,68,42,53,10,107,88,13,59,110,18,74,113,80,45,83,51,67",20100,200
15,14,81108.35291629362,13.16798298682188,"122,9,66,17,44,123,81,19,101,70,98,124,61,82,43,24,32,111,84,100,48,56,102,38,57,39,30,72,33,94,12,93,75,26,31,49,58,35,91,92,36,117,29,71,52,55,108,4,25,27,103,106,14,7,11,6,47,95,119,54,115,77,62,50,20,60,97,76,120,21,85,116,79,40,69,73,8,112,28,125,90,104,23,86,114,34,65,64,109,63,105,5,87,118,46,16,121,99,2,41,22,78,96,37,3,89,15,68,42,53,10,107,88,13,59,110,18,74,113,80,45,83,51,67",20100,200
16,0,76316.50233900663,10.467931702253729,"48,41,66,102,54,111,84,37,96,61,103,12,80,65,5,68,114,22,92,69,23,62,40,105,59,118,63,21,53,71,7,125,106,76,113,74,81,64,119,42,104,9,51,124,50,93,83,122,10,29,82,55,31,26,101,6,30,33,49,86,100,47,78,44,13,72,70,19,32,91,45,75,87,25,15,107,121,14,17,20,88,90,108,110,28,56,2,36,52,18,35,67,98,11,117,24,4,57,99,123,60,79,38,58,8,34,95,77,73,120,85,109,16,27,43,89,39,97,94,112,116,46,3,115",20100,200
16,1,77180.25325335955,9.438895361121459,"48,41,66,37,111,54,102,84,96,61,12,103,80,65,5,68,114,22,92,69,23,62,81,64,119,42,104,113,106,7,125,71,53,21,63,118,59,105,40,74,9,76,51,124,50,93,83,122,10,29,82,55,31,26,101,6,30,33,49,86,100,47,78,44,13,72,70,19,32,91,45,75,87,25,15,107,121,14,17,88,20,90,108,110,28,56,2,36,52,18,35,67,98,11,24,117,4,57,99,123,60,79,38,58,8,34,95,77,73,120,85,109,16,27,43,89,39,97,94,112,116,46,3,115",20100,200
16,2,77849.63568322199,8.700506091271977,"48,41,66,37,111,54,102,84,96,61,12,33,80,65,5,68,114,22,92,69,23,62,81,64,119,42,104,113,106,125,7,71,53,21,63,118,59,105,40,74,76,9,51,124,50,93,83,122,10,29,82,55,31,26,101,6,30,103,49,86,100,47,78,44,13,72,70,19,32,91,45,75,87,25,15,107,121,14,17,88,20,90,108,110,28,56,2,36,52,18,35,67,98,11,24,117,4,57,99,123,60,79,38,58,8,34,95,77,73,120,85,109,16,27,43,89,39,97,94,112,116,46,3,115",20100,200
16,3,82652.36430721093,8.11295373864987,"48,41,66,37,111,54,102,84,96,61,12,33,80,65,5,68,114,22,92,69,23,62,81,64,119,42,104,101,26,31,82,122,10,29,55,113,76,106,125,7,71,53,21,63,118,59,105,40,74,9,51,124,50,93,83,6,30,103,49,86,100,47,78,44,13,72,70,19,36,2,56,75,87,25,90,107,121,14,17,88,20,15,108,110,28,45,91,32,52,98,67,35,18,11,60,123,99,57,4,117,24,79,38,58,8,34,95,77,73,120,85,109,16,27,43,89,39,97,94,112,116,46,3,115",20100,200
16,4,75955.20984780148,12.579517510211405,"48,41,66,102,54,111,84,37,96,61,103,12,80,65,5,68,114,22,92,69,23,62,40,105,59,118,63,21,53,71,7,125,106,76,113,74,81,70,72,13,44,78,47,100,86,49,33,30,6,101,26,31,55,82,29,10,122,83,93,50,124,51,9,104,42,119,64,19,32,91,45,75,87,25,15,107,121,14,17,20,88,90,108,110,28,56,2,36,52,18,35,67,98,11,117,24,4,57,99,123,60,79,38,58,8,34,95,77,73,120,85,109,16,27,43,89,39,97,94,112,116,46,3,115",20100,200
16,5,77583.36968521094,8.947761877022497,"48,41,66,102,54,111,84,37,96,61,12,33,80,65,5,68,114,22,92,69,23,62,81,64,119,42,104,113,106,125,7,71,53,21,63,118,59,105,40,74,76,9,51,124,50,93,83,122,10,29,82,55,31,26,101,6,30,103,49,86,100,47,78,44,13,72,70,19,32,91,45,75,87,25,15,107,121,14,17,88,20,90,108,110,28,56,2,36,52,18,35,67,98,11,24,117,4,57,99,123,60,79,38,58,8,34,95,77,73,120,85,109,16,27,43,89,39,97,94,112,116,46,3,115",20100,200
16,6,79815.92367306349,8.301260594414682,"48,41,66,37,111,54,102,84,96,61,12,33,80,65,5,68,114,22,92,69,23,62,81,119,64,42,104,101,26,122,10,29,82,31,55,113,76,106,125,7,71,53,21,63,118,59,105,40,74,9,51,124,50,93,83,6,30,103,49,86,100,47,78,44,13,72,70,19,36,91,45,75,87,25,90,107,121,14,17,88,20,15,108,110,28,56,2,32,52,18,35,67,98,11,24,117,4,57,99,123,60,79,38,58,8,34,95,77,73,120,85,109,16,27,43,89,39,97,94,112,116,46,3,115",20100,200
16,7,78639.46010609242,8.474669218646406,"48,41,66,37,111,54,102,84,96,61,12,33,80,65,5,68,114,22,92,69,23,62,81,64,119,42,104,113,125,21,53,71,7,106,63,118,59,105,40,74,76,9,51,124,50,93,83,122,10,29,82,55,31,26,101,6,30,103,49,86,100,47,78,44,13,72,70,19,36,91,45,75,87,25,15,107,121,14,17,20,88,90,108,110,28,56,2,32,52,18,35,67,98,11,24,117,4,57,99,123,60,79,38,58,8,34,95,77,73,120,85,109,16,27,43,89,39,97,94,112,116,46,3,115",20100,200
16,8,77206.78342997751,9.025318941834495,"48,41,66,84,111,54,102,37,96,61,33,12,80,65,5,68,114,22,92,69,23,62,119,64,81,42,113,104,106,71,7,125,53,21,63,118,59,105,40,74,76,9,51,124,50,93,83,122,10,29,82,55,31,26,101,6,30,103,49,86,100,47,78,44,13,72,70,19,32,91,45,75,87,25,15,107,121,14,17,88,20,90,108,110,28,56,2,36,52,18,35,67,98,11,117,24,4,57,99,123,60,79,38,58,8,34,95,77,73,120,85,109,16,27,43,89,39,97,94,112,116,46,3,115",20100,200
16,9,76467.08855547357,10.280992473699259,"48,41,66,102,54,111,84,37,96,61,103,12,80,65,5,68,114,22,92,69,23,62,40,105,59,118,63,21,53,71,7,125,106,76,113,74,81,64,119,42,104,9,51,124,50,93,83,122,10,29,82,55,31,26,101,6,30,33,49,86,100,47,78,44,13,72,70,19,36,91,45,75,87,25,15,107,121,14,17,20,88,90,108,110,28,56,2,32,52,18,35,67,98,11,117,24,4,57,99,123,60,79,38,58,8,34,95,77,73,120,85,109,16,27,43,89,39,97,94,112,116,46,3,115",20100,200
16,10,80706.10502321158,8.12415143552181,"48,41,66,37,111,54,102,84,96,61,12,33,80,65,5,68,114,22,92,69,23,62,81,119,64,42,104,101,26,122,10,29,82,31,55,113,76,106,125,7,71,53,21,63,118,59,105,40,74,9,51,124,50,93,83,6,30,103,49,86,100,47,78,44,13,72,70,19,36,2,45,75,87,25,90,107,121,14,17,88,20,15,108,110,28,56,91,32,52,98,67,35,18,11,24,117,4,57,99,123,60,79,38,58,8,34,95,77,73,120,85,109,16,27,43,89,39,97,94,112,116,46,3,115",20100,200
16,11,76643.79117219383,9.667284106812861,"48,41,66,102,54,111,84,37,96,61,103,12,80,65,5,68,114,22,92,69,23,62,81,64,119,42,113,104,106,7,125,71,53,21,63,118,59,105,40,74,9,76,51,124,50,93,83,122,10,29,82,55,31,26,101,6,30,33,49,86,100,47,78,44,13,72,70,19,32,91,45,75,87,25,15,107,121,14,17,88,20,90,108,110,28,56,2,36,52,18,35,67,98,11,117,24,4,57,99,123,60,79,38,58,8,34,95,77,73,120,85,109,16,27,43,89,39,97,94,112,116,46,3,115",20100,200
16,12,78048.13174945599,8.66560705537703,"48,41,66,102,54,111,84,37,96,61,33,12,80,65,5,68,114,22,92,69,23,62,119,64,81,42,104,113,106,125,7,71,53,21,63,118,59,105,40,74,76,9,51,124,50,93,83,122,10,29,82,55,31,26,101,6,30,103,49,86,100,47,78,44,13,72,70,19,36,91,45,75,87,25,90,107,121,14,17,20,88,15,108,110,28,56,2,32,52,18,67,35,98,11,117,24,4,57,99,123,60,79,38,58,8,34,95,77,73,120,85,109,16,27,43,89,39,97,94,112,116,46,3,115",20100,200
17,0,80910.77607204583,7.173310393523798,"106,53,27,6,121,28,47,122,44,52,12,76,30,102,39,18,25,77,73,72,108,56,65,36,97,61,87,103,71,13,37,99,9,119,95,48,22,33,21,31,113,105,41,96,85,63,115,123,11,124,4,79,117,55,86,24,111,20,98,50,67,10,116,7,75,125,88,84,15,104,109,120,82,23,38,66,110,34,54,78,29,14,80,2,64,94,5,89,100,58,69,91,62,19,32,26,118,3,16,90,74,70,112,35,83,42,8,107,93,81,114,51,43,45,60,49,40,68,59,57,17,92,46,101",20100,200
17,1,80079.32996503748,7.198612252752117,"106,53,27,6,121,28,47,122,44,52,12,76,30,102,39,18,25,77,73,72,108,56,65,36,97,61,87,103,71,13,37,99,9,119,95,48,22,33,21,31,113,105,41,96,85,63,115,123,11,124,117,79,4,24,86,55,111,20,98,50,67,10,116,7,75,125,88,84,15,104,109,120,82,23,38,66,110,34,54,78,29,14,80,2,64,94,5,89,100,58,69,91,62,19,32,26,118,3,16,90,74,70,112,35,83,42,8,107,93,81,114,51,43,45,60,49,40,68,59,57,17,92,46,101",20100,200
17,2,79185.89171694538,8.312204619606051,"106,53,27,6,121,28,47,122,44,52,12,76,30,102,39,18,25,77,56,108,72,73,65,36,97,61,87,103,48,95,119,9,99,37,13,71,22,33,21,31,113,105,41,96,85,63,115,123,11,124,117,79,4,24,86,55,111,20,98,50,67,10,116,7,75,125,88,84,15,104,109,120,82,23,38,66,110,34,54,78,29,14,80,2,64,94,5,89,100,58,69,91,62,19,32,26,90,3,16,118,70,74,112,35,83,42,8,107,93,81,68,51,43,60,45,49,40,114,59,57,17,92,46,101",20100,200
17,3,79292.68506120656,7.369183594559264,"106,53,39,6,121,28,47,122,44,52,12,76,30,102,27,18,25,77,73,72,108,56,65,36,97,61,87,103,71,13,37,99,9,119,95,48,22,33,21,31,113,105,41,96,85,63,115,123,11,124,4,79,117,24,86,55,111,20,98,50,67,10,116,7,125,75,88,84,15,104,109,120,82,23,38,66,110,34,54,78,29,14,80,2,64,94,5,89,100,58,69,91,62,19,32,26,118,3,16,90,70,74,112,35,83,42,8,107,93,81,68,51,43,60,45,49,40,114,59,57,17,92,46,101",20100,200
17,4,79208.38984044081,7.858715690548097,"106,53,27,6,121,28,47,122,44,52,12,76,30,102,39,18,25,77,56,108,72,73,65,36,89,5,94,64,2,80,14,29,78,54,34,110,66,38,23,82,120,109,104,15,84,88,75,125,7,116,10,67,50,98,20,111,55,86,24,4,79,117,124,11,123,115,63,85,96,41,105,113,31,21,33,22,48,95,119,9,99,37,13,71,103,87,61,97,100,58,69,91,62,19,32,26,118,3,16,90,74,70,112,35,83,42,8,107,93,81,68,51,43,60,45,49,40,114,59,57,17,92,46,101",20100,200
17,5,79929.44173138168,7.236399167467716,"106,53,27,6,121,28,47,122,44,52,12,76,30,102,39,18,25,77,73,72,108,56,65,36,97,61,87,103,71,13,37,99,9,119,95,48,22,33,21,31,113,105,41,96,85,63,115,123,11,124,117,79,4,24,86,55,111,20,98,50,67,10,116,7,75,125,88,84,15,104,109,120,82,23,38,66,110,34,54,78,29,14,80,2,64,94,5,89,100,58,69,91,62,19,32,26,118,3,16,90,70,74,112,35,83,42,8,107,93,81,68,51,43,60,45,49,40,114,59,57,17,92,46,101",20100,200
17,6,81427.71311898019,7.066910957885703,"106,53,39,6,121,28,47,122,44,52,12,76,30,123,27,18,25,77,73,72,108,56,65,36,97,61,87,37,71,13,103,99,9,95,119,48,22,33,21,31,113,105,41,96,85,63,115,102,11,124,117,79,4,24,86,55,111,20,98,50,67,10,116,7,125,75,88,84,15,104,109,120,82,23,38,66,110,34,54,78,29,14,80,2,64,94,5,89,100,58,69,91,62,19,32,26,118,16,3,90,74,70,112,35,83,42,8,107,93,81,68,51,43,60,45,49,40,114,59,57,17,92,46,101",20100,200
17,7,81094.95143863361,7.13094112973708,"106,77,39,6,121,28,47,122,44,52,12,76,30,123,27,18,25,53,73,72,108,56,65,36,97,61,87,103,71,13,37,99,9,119,95,48,22,33,21,31,113,105,41,96,85,63,115,102,11,124,117,79,4,24,86,55,111,20,98,50,67,10,116,7,75,125,88,84,15,104,109,120,82,23,38,66,110,34,54,78,29,14,80,2,64,94,5,89,100,58,69,91,62,19,32,26,118,3,16,90,74,70,112,35,83,42,8,107,93,81,114,51,43,45,60,49,40,68,59,57,17,92,46,101",20100,200
17,8,81629.17950900954,6.8447294611091785,"106,53,39,6,121,28,47,122,44,52,12,76,30,123,27,18,25,77,73,72,108,56,65,36,97,61,87,37,13,71,103,22,48,95,119,9,99,33,66,31,113,105,41,96,85,63,115,102,11,124,4,79,117,55,86,24,111,20,98,50,67,10,116,7,75,125,88,84,15,104,109,120,82,23,38,21,110,34,54,78,29,14,80,2,64,94,5,89,100,58,69,91,62,19,32,26,118,16,3,90,74,70,112,35,83,42,8,107,93,81,68,51,43,60,45,49,40,114,59,57,17,92,46,101",20100,200
17,9,79894.72131184123,7.2989426508240465,"106,53,27,6,121,28,47,122,44,52,12,76,30,102,39,18,25,77,73,72,108,56,65,36,97,61,87,103,48,95,119,9,99,37,13,71,22,33,21,31,113,105,41,96,85,63,115,123,11,124,117,79,4,24,86,55,111,20,98,50,67,10,116,7,75,125,88,84,15,104,109,120,82,23,38,66,110,34,54,78,29,14,80,2,64,94,5,89,100,58,69,91,62,19,32,26,118,3,16,90,70,74,112,35,83,42,8,107,93,81,68,51,43,45,60,49,40,114,59,57,17,92,46,101",20100,200
17,10,80945.0632049778,7.169084735252505,"106,77,39,6,121,28,47,122,44,52,12,76,30,123,27,18,25,53,73,72,108,56,65,36,97,61,87,103,71,13,37,99,9,119,95,48,22,33,21,31,113,105,41,96,85,63,115,102,11,124,117,79,4,24,86,55,111,20,98,50,67,10,116,7,75,125,88,84,15,104,109,120,82,23,38,66,110,34,54,78,29,14,80,2,64,94,5,89,100,58,69,91,62,19,32,26,118,3,16,90,70,74,112,35,83,42,8,107,93,81,68,51,43,60,45,49,40,114,59,57,17,92,46,101",20100,200
18,0,89148.26158240107,9.73600099297293,"87,38,120,15,93,43,31,109,20,55,70,102,82,37,42,86,51,3,107,57,44,74,54,94,25,103,68,88,112,33,32,119,47,118,16,99,100,77,72,65,24,28,67,58,40,123,49,98,18,7,35,61,84,124,62,106,116,79,97,9,52,39,114,85,75,121,26,48,30,91,81,22,90,101,12,115,117,29,10,23,105,13,6,46,4,5,50,108,11,27,76,113,80,45,73,83,63,8,96,69,60,71,17,89,14,64,56,125,2,59,110,95,21,41,36,34,122,78,53,92,66,111,104,19",20100,200
18,1,89144.36843543522,10.039408116775105,"87,38,120,15,93,43,31,109,20,55,70,102,82,37,42,86,51,3,107,57,44,74,54,94,25,103,68,88,112,33,32,119,47,118,16,99,72,77,100,65,24,28,67,58,40,123,49,98,18,7,35,61,84,124,62,106,116,79,97,9,52,39,114,85,75,121,26,48,30,91,81,22,90,101,12,115,117,29,10,23,105,13,6,46,4,5,50,108,11,27,76,113,80,45,73,83,63,8,96,69,60,71,17,89,14,64,56,125,2,59,110,95,21,41,36,34,122,78,53,92,66,111,104,19",20100,200
18,2,81531.4640623115,12.86769575810093,"82,3,21,2,17,52,45,90,14,113,66,8,38,59,85,41,26,63,107,57,44,74,54,94,25,103,68,88,112,33,32,119,47,118,16,99,72,77,100,65,24,50,67,58,40,123,49,98,18,7,35,61,115,117,43,121,92,93,70,20,87,22,5,81,122,111,42,30,86,102,34,120,55,104,11,27,12,84,124,62,106,116,4,39,91,125,51,75,29,10,23,105,13,6,46,114,97,78,96,109,9,71,19,28,31,80,110,79,36,76,89,15,53,37,95,69,64,108,73,56,48,60,101,83",20100,200
18,3,90021.5446680509,9.283515214029073,"87,38,120,15,93,43,31,109,20,55,70,28,82,37,42,86,51,3,107,57,44,74,54,94,25,103,68,88,112,33,32,16,118,47,119,99,72,77,100,65,24,102,67,58,40,123,49,98,18,7,35,61,84,124,62,106,116,79,97,9,46,39,114,30,6,13,105,23,10,29,117,115,91,101,90,22,81,12,52,48,26,121,75,85,4,5,50,108,11,27,76,113,80,45,73,83,63,8,96,69,60,71,17,89,14,64,56,125,2,59,110,95,21,41,36,34,122,78,53,92,66,111,104,19",20100,200
18,4,89758.59237057327,9.60754218571646,"87,38,120,15,93,43,31,109,20,55,70,102,82,37,42,86,51,3,107,57,44,74,54,94,25,103,68,88,112,33,32,119,47,118,16,99,72,77,100,65,24,28,67,58,40,123,49,98,18,7,35,61,84,124,62,106,116,79,97,9,46,6,114,30,39,13,105,23,10,29,117,115,12,101,90,22,81,91,52,48,26,121,75,85,4,5,50,108,11,27,76,113,80,45,73,83,63,8,96,69,60,71,17,89,14,64,56,125,2,59,110,95,21,41,36,34,122,78,53,92,66,111,104,19",20100,200
18,5,81472.3053874248,13.915394359616789,"3,82,21,2,17,52,45,90,14,113,66,8,38,59,85,41,26,63,107,57,44,74,54,94,25,103,68,88,112,33,32,119,47,118,16,99,72,77,100,65,24,50,67,58,40,123,49,98,18,7,35,61,115,117,43,121,92,93,70,20,87,22,5,81,122,111,120,34,102,64,37,42,55,104,11,27,12,84,124,62,106,116,4,39,91,125,51,75,29,10,23,105,13,6,46,114,97,78,96,109,9,71,19,28,31,80,110,79,36,76,89,15,53,86,95,69,30,108,73,56,48,60,101,83",20100,200
18,6,87805.0932937123,10.887942463695593,"82,3,21,45,30,17,2,90,14,113,66,8,38,59,85,41,26,63,107,57,44,74,54,94,25,103,68,88,112,33,32,119,47,118,16,99,72,77,100,65,24,102,67,58,40,123,49,98,18,7,35,61,115,117,29,10,23,79,97,9,52,39,114,46,6,13,105,116,106,62,124,84,51,91,43,121,92,93,70,20,87,22,5,81,122,111,4,75,86,80,78,120,55,104,11,27,12,34,96,109,50,71,19,125,31,28,110,42,95,76,89,15,53,69,36,37,64,108,73,56,48,60,101,83",20100,200
18,7,91819.64044852732,8.924023766421442,"87,38,120,15,93,43,31,109,20,55,70,28,82,37,42,86,51,3,107,57,44,74,54,94,25,103,68,88,112,33,32,119,47,118,16,99,100,77,72,24,65,67,122,58,40,123,49,98,18,7,35,61,84,124,62,106,116,79,97,9,46,6,114,30,39,13,105,23,10,29,117,115,91,101,90,22,81,12,52,48,26,121,75,85,4,5,50,108,11,27,76,113,80,45,73,83,63,8,96,41,21,71,17,89,14,64,56,125,2,59,110,95,60,69,36,34,102,78,53,92,66,111,104,19",20100,200
18,8,88522.90792417905,10.096594994684349,"87,38,109,15,43,93,120,31,20,55,70,28,82,37,42,3,51,86,107,57,44,9,54,94,25,103,68,88,112,33,32,119,47,118,16,99,72,77,100,65,24,102,67,58,40,123,49,98,18,7,35,61,84,124,62,106,116,79,97,74,52,39,114,85,75,121,26,48,30,91,81,22,90,101,12,115,117,29,10,23,105,13,6,46,4,5,50,108,11,27,76,113,80,45,73,83,63,8,96,41,21,71,17,89,14,64,56,125,60,69,2,59,110,95,36,34,122,78,53,92,66,111,104,19",20100,200
18,9,89963.31575126802,9.36799937579347,"87,38,120,15,93,43,31,109,20,55,70,28,82,37,42,86,51,3,107,57,44,74,54,94,25,103,68,88,112,33,32,16,118,47,119,99,72,77,100,65,24,102,67,58,40,123,49,98,18,7,35,61,84,124,62,106,116,79,97,9,46,6,114,30,39,13,105,23,10,29,117,115,91,101,90,22,81,12,52,48,26,121,75,85,4,5,50,108,11,27,76,113,80,45,73,83,63,8,96,69,60,71,17,89,14,64,56,125,2,59,110,95,21,41,36,34,122,78,53,92,66,111,104,19",20100,200
18,10,86407.77154618972,10.946233067383176,"82,3,21,2,17,30,45,90,14,113,66,8,38,59,85,41,26,63,107,57,44,74,54,94,25,103,68,88,112,33,32,119,47,118,16,99,100,77,72,65,24,102,67,58,40,123,49,98,18,7,35,61,115,117,29,10,23,79,97,9,52,39,114,46,6,13,105,116,106,62,124,84,51,91,43,121,92,93,70,20,87,22,5,81,122,111,4,75,86,80,78,120,55,104,11,27,12,34,96,109,50,71,19,125,31,28,110,42,36,76,89,15,53,37,95,69,64,108,73,56,48,60,101,83",20100,200
18,11,86244.07429925576,11.21695227615206,"3,82,21,2,17,30,45,90,14,113,66,8,38,59,85,41,26,63,107,57,44,74,54,94,25,103,68,88,112,33,32,16,118,47,119,99,72,77,100,65,24,102,67,58,40,123,49,98,18,7,35,61,115,117,29,10,23,79,97,9,52,39,114,46,6,13,105,116,106,62,124,84,51,91,43,121,92,93,70,20,87,22,5,81,122,111,4,75,86,80,78,120,55,104,11,27,12,34,96,109,50,71,19,125,31,28,110,42,36,76,89,15,53,37,95,69,64,108,73,56,48,60,101,83",20100,200
18,12,90034.64983213194,9.04209114667989,"87,38,120,15,93,43,31,109,20,55,70,28,82,37,42,86,51,3,107,57,44,74,54,94,25,103,68,88,112,33,32,119,47,118,16,99,100,77,72,65,24,102,67,58,40,123,49,98,18,7,35,61,84,124,62,106,116,79,97,9,46,6,114,30,39,13,105,23,10,29,117,115,91,101,90,22,81,12,52,48,26,121,75,85,4,5,50,108,11,27,76,113,80,45,73,83,63,8,96,69,60,71,17,89,14,64,56,125,2,59,110,95,21,41,36,34,122,78,53,92,66,111,104,19",20100,200
18,13,82318.90937544631,11.227753230628876,"82,3,21,2,17,52,45,90,14,113,66,8,38,59,85,41,26,63,107,57,44,74,54,94,25,103,68,88,112,33,32,119,47,118,16,99,72,77,100,65,24,50,67,58,40,123,49,98,18,7,35,61,115,117,43,121,92,93,70,20,87,22,5,81,122,111,42,37,64,102,34,120,55,104,11,27,12,84,124,62,106,116,4,39,91,125,51,75,29,10,23,105,13,6,46,114,97,78,96,109,30,71,19,28,31,80,110,79,36,76,89,15,53,86,95,69,48,56,73,108,9,60,101,83",20100,200
18,14,81755.20820524642,12.74940355831384,"82,3,21,2,17,52,45,90,14,113,66,8,38,59,85,41,26,63,107,57,44,74,54,94,25,103,68,88,112,33,32,119,47,118,16,99,72,77,100,65,24,50,67,58,40,123,49,98,18,7,35,61,115,117,43,121,92,93,70,20,87,22,5,81,122,111,42,37,64,102,34,120,55,104,11,27,12,84,124,62,106,116,4,39,91,125,51,75,29,10,23,105,13,6,46,114,97,78,96,109,9,71,19,28,31,80,110,79,36,76,89,15,53,30,95,69,86,108,73,56,48,60,101,83",20100,200
18,15,86244.07429925576,11.21695227615206,"3,82,21,2,17,30,45,90,14,113,66,8,38,59,85,41,26,63,107,57,44,74,54,88,68,103,25,94,112,33,32,16,118,47,119,99,72,77,100,65,24,102,67,58,40,123,49,98,18,7,35,61,115,117,29,10,23,79,97,9,52,39,114,46,6,13,105,116,106,62,124,84,51,91,43,121,92,93,70,20,87,22,5,81,122,111,4,75,86,80,78,120,55,104,11,27,12,34,96,109,50,71,19,125,31,28,110,42,36,76,89,15,53,37,95,69,64,108,73,56,48,60,101,83",20100,200
18,16,81134.77246555952,16.137722236162496,"3,82,21,2,17,52,45,90,14,113,66,8,38,59,85,41,26,63,107,57,50,67,100,77,72,99,16,118,47,119,32,33,112,88,68,103,25,94,54,74,44,24,65,58,40,123,49,98,18,7,35,61,115,117,43,121,92,93,70,20,87,22,5,81,122,111,120,34,102,64,37,42,55,104,11,27,12,84,124,62,106,116,4,39,91,125,51,75,29,10,23,105,13,6,46,114,97,78,96,109,9,71,19,28,31,80,110,79,76,36,89,15,53,86,95,69,56,73,108,30,48,60,101,83",20100,200
19,0,84405.85876751484,7.487485733401911,"48,29,35,104,105,46,60,90,3,28,108,120,93,13,88,79,41,4,82,71,51,17,109,86,64,68,43,16,106,76,44,123,26,119,100,39,103,107,89,52,115,67,78,95,77,15,53,21,70,20,36,34,122,40,92,116,12,85,19,37,32,111,49,91,62,117,10,94,24,50,30,59,42,121,114,101,63,99,8,58,125,80,38,47,81,54,31,66,55,5,87,27,72,102,23,110,14,83,84,74,33,2,113,112,98,124,9,18,7,45,22,69,6,118,57,61,97,75,56,73,25,11,96,65",20100,200
19,1,79398.38178619549,10.52278999479529,"48,29,35,3,90,60,46,105,104,25,108,120,93,13,88,79,71,63,4,82,51,17,109,86,64,68,43,16,106,76,21,53,15,77,100,39,103,107,89,52,115,67,78,95,119,26,123,44,70,20,36,34,122,40,92,116,12,85,19,37,62,58,8,99,54,81,47,121,42,59,30,50,24,94,114,101,41,91,49,38,80,125,111,10,117,45,7,18,9,124,98,112,113,2,33,74,84,83,14,110,23,102,72,27,87,5,55,69,31,32,22,96,6,118,57,61,97,75,56,28,73,11,66,65",20100,200
19,2,85193.49228392357,7.455038170462219,"48,29,35,104,105,46,60,90,3,73,108,120,93,13,88,79,41,71,4,82,51,17,109,86,64,68,43,16,106,76,44,123,26,119,100,39,103,89,107,52,115,67,78,95,77,15,53,21,70,20,36,34,122,40,92,116,12,85,19,37,32,111,49,91,62,117,10,94,24,50,30,59,42,121,114,101,63,99,8,80,125,58,38,47,81,54,31,66,55,5,87,27,72,102,23,110,14,83,84,33,74,2,113,112,98,124,9,18,7,45,22,69,6,118,57,61,97,75,56,28,25,11,96,65",20100,200
19,3,78903.42055618067,10.56876559699669,"48,29,35,3,90,60,46,105,104,25,108,120,93,13,88,79,71,67,4,82,51,17,109,86,64,68,43,16,106,76,21,53,15,77,100,39,103,89,107,52,115,41,78,95,119,26,123,44,70,20,36,34,122,40,92,116,12,85,19,37,62,58,8,99,54,81,47,121,42,30,59,50,24,94,114,101,63,91,49,38,80,125,111,10,117,45,7,18,9,124,98,112,113,2,33,74,84,83,14,110,23,102,72,27,87,5,55,69,31,32,22,96,6,118,57,61,97,75,56,28,73,11,66,65",20100,200
19,4,84081.69638141422,7.679292514091911,"48,29,35,104,105,46,60,90,3,28,108,120,93,13,88,79,63,4,82,17,51,71,109,86,64,68,43,16,106,76,21,53,15,77,100,39,103,107,89,52,115,67,78,95,119,26,123,44,70,20,36,34,122,40,92,116,12,85,19,37,32,111,49,91,62,117,10,94,24,50,30,59,42,121,114,101,81,47,38,80,125,58,8,99,41,54,31,66,55,5,87,27,72,102,23,110,14,83,84,33,74,2,113,112,98,124,9,18,7,45,22,69,6,118,57,61,97,75,56,73,25,11,96,65",20100,200
19,5,80192.56674242676,8.315849427376993,"48,29,35,3,90,60,46,105,104,25,108,73,93,13,88,79,71,67,4,82,51,17,109,86,64,68,43,16,106,76,21,53,15,77,100,39,103,89,107,52,115,63,78,95,119,26,123,44,70,20,36,34,122,40,92,116,12,85,19,37,62,58,8,99,54,81,47,94,24,50,30,59,42,121,114,101,41,91,49,111,125,80,38,10,117,45,7,18,9,124,98,112,113,2,33,74,84,83,14,110,23,102,72,27,87,5,96,69,31,32,22,55,6,118,57,61,97,75,56,28,120,66,11,65",20100,200
19,6,78050.65108922547,12.550577200369814,"48,29,35,3,90,60,46,105,104,25,108,102,93,13,88,79,71,67,115,52,107,43,16,4,82,51,17,109,86,64,68,89,103,39,100,77,15,53,21,76,106,63,78,95,119,26,123,44,70,20,36,34,122,40,92,116,12,85,19,37,62,58,8,99,54,81,47,121,42,59,30,50,24,94,114,101,41,91,49,38,80,32,83,14,110,23,120,72,74,33,2,112,113,98,124,9,18,7,45,27,87,5,66,55,31,125,117,10,111,84,22,69,6,118,57,61,97,75,56,28,73,11,96,65",20100,200
19,7,81575.34188045483,7.691121615135613,"46,60,90,3,35,29,48,105,104,73,108,120,93,13,88,79,71,67,4,82,51,17,109,86,64,68,43,16,106,76,21,53,15,77,100,39,103,89,107,52,115,63,78,95,119,26,123,44,70,20,36,34,122,40,92,116,12,85,19,37,62,58,8,99,54,81,47,121,42,59,97,61,57,56,25,28,11,96,5,87,27,125,111,10,117,45,7,18,9,124,98,112,113,2,33,74,84,83,14,110,23,102,72,80,38,50,24,118,101,114,69,91,49,22,75,30,6,41,94,32,31,66,55,65",20100,200
19,8,79488.82524597067,9.645316976522551,"48,29,35,3,90,60,46,105,104,25,108,120,93,13,88,79,71,67,115,52,107,43,16,4,82,51,17,109,86,64,68,89,103,39,100,77,15,53,21,76,106,63,78,95,119,26,123,44,70,20,36,34,122,40,92,116,12,85,19,37,62,58,8,99,54,81,45,7,18,9,124,98,112,113,2,33,74,84,111,14,110,23,102,72,27,87,5,55,66,31,125,117,10,83,32,80,38,49,91,41,101,114,94,24,50,30,59,42,121,47,22,69,6,118,57,61,97,75,56,28,73,11,96,65",20100,200
19,9,79812.09736075225,9.38415913163759,"48,29,35,3,90,60,46,105,104,25,108,73,93,13,88,79,71,67,4,82,51,17,109,86,64,68,43,16,106,76,21,53,15,77,100,39,103,89,107,52,115,63,78,95,119,26,70,44,123,20,36,34,122,40,92,116,12,85,19,37,62,58,8,99,54,81,47,94,24,50,30,59,42,121,114,101,41,91,49,111,125,80,38,10,117,45,7,18,9,124,98,112,113,2,33,74,84,83,14,110,23,102,72,27,87,5,96,69,31,32,22,55,6,118,57,61,97,75,56,28,120,66,11,65",20100,200
19,10,80565.99132435903,7.792888378166585,"48,29,35,3,90,60,46,105,104,28,108,120,93,13,88,79,71,67,4,82,51,17,109,86,64,68,43,16,106,76,21,53,15,77,100,39,103,89,107,52,115,63,78,95,119,26,123,44,70,20,36,34,122,40,92,116,12,85,19,37,62,58,8,99,54,81,47,121,55,66,5,87,27,72,102,23,110,14,83,84,74,33,2,113,112,98,124,9,18,7,45,117,10,111,125,80,38,49,91,41,101,114,94,24,50,30,59,42,31,32,22,69,6,118,57,61,97,75,56,73,25,11,96,65",20100,200
19,11,78819.82122011553,10.764786315857782,"48,29,35,3,90,60,46,105,104,28,108,120,93,13,88,79,67,4,82,71,51,17,109,86,64,68,43,16,115,52,107,89,103,39,100,77,15,53,21,76,106,63,78,95,119,26,123,44,70,20,36,34,122,40,92,116,12,85,19,37,62,58,8,99,54,81,47,121,42,59,30,50,24,94,114,101,41,91,49,38,80,32,83,10,117,125,31,66,55,5,87,27,72,102,23,110,14,111,84,74,33,2,113,112,98,124,9,18,7,45,22,69,6,118,57,61,97,75,56,73,25,11,96,65",20100,200
19,12,77122.81604381363,12.589149495980243,"48,29,35,3,90,60,46,105,104,28,108,102,93,13,88,79,117,4,82,71,51,17,109,86,64,68,43,16,106,52,89,107,103,39,100,77,15,53,21,76,115,63,78,95,119,26,123,44,70,20,36,34,122,40,92,116,12,85,19,37,62,58,8,99,54,81,47,121,42,59,30,50,24,94,114,101,41,91,49,38,80,32,83,14,110,23,120,72,27,87,5,55,66,31,125,67,10,111,84,74,33,2,113,112,98,124,9,18,7,45,22,69,6,118,57,61,97,75,56,73,25,11,96,65",20100,200
19,13,78778.57997856337,10.857284394639342,"48,29,35,3,90,60,46,105,104,25,108,73,93,13,88,79,71,67,100,82,51,17,109,86,64,68,43,16,115,52,107,89,103,39,4,77,15,53,21,76,106,63,78,95,119,26,123,44,70,20,36,34,122,40,92,116,12,85,19,37,62,58,8,99,54,81,47,121,42,59,30,50,24,94,114,101,41,91,49,38,80,125,111,10,117,45,7,18,9,124,98,112,113,2,33,74,84,83,14,110,23,102,72,27,87,5,96,69,31,32,22,55,6,118,57,61,97,75,56,28,120,66,11,65",20100,200
19,14,78610.77362535449,11.078317077722764,"48,29,35,3,90,60,46,105,104,73,108,120,93,13,88,79,52,67,106,107,89,103,39,100,82,51,17,109,86,64,68,43,71,16,4,77,15,53,21,76,115,63,78,95,119,26,123,44,70,20,36,34,122,40,92,116,12,85,19,37,62,58,8,99,54,81,47,121,42,59,30,50,24,94,114,101,41,91,49,111,125,80,38,10,117,45,7,18,9,124,98,112,113,2,33,74,84,83,14,110,23,102,72,27,87,5,96,69,31,32,22,55,6,118,57,61,97,75,56,28,25,11,66,65",20100,200
19,15,79429.14752416748,10.093593236607019,"48,29,35,3,90,60,46,105,104,25,108,120,93,13,88,79,71,67,4,82,51,17,109,86,64,68,43,16,106,76,21,53,15,77,100,39,103,107,89,52,115,63,78,95,41,26,123,44,70,20,36,34,122,40,92,116,12,85,19,37,62,58,8,99,54,81,47,94,24,50,30,59,42,121,114,101,119,91,49,38,80,125,111,10,117,45,7,18,9,124,98,112,113,2,33,74,84,83,14,110,23,102,72,27,87,5,96,69,28,73,118,57,61,22,75,97,6,11,56,32,31,66,55,65",20100,200
19,16,79852.55277762923,8.76297411471527,"48,29,35,3,90,60,46,105,104,25,108,120,93,13,88,79,67,4,82,71,51,17,109,86,64,68,43,16,106,76,21,53,15,77,100,39,103,107,89,52,115,41,78,95,119,26,123,44,70,20,36,34,122,40,92,116,12,85,19,37,62,58,49,91,32,117,10,94,24,50,30,59,42,121,114,101,81,47,38,80,125,111,8,99,63,54,31,66,55,5,87,27,72,102,23,110,14,83,84,74,33,2,113,112,98,124,9,18,7,45,22,69,6,118,57,61,97,75,56,28,73,11,96,65",20100,200
19,17,78852.29976580074,10.74224259366872,"48,29,35,3,90,60,46,105,104,28,108,120,93,13,88,79,71,67,4,82,51,17,109,86,64,68,43,16,115,52,107,89,103,39,100,77,15,53,21,76,106,63,78,95,119,26,123,44,70,20,36,34,122,40,92,116,12,85,19,37,62,58,8,99,54,81,47,121,42,59,30,50,24,94,114,101,41,91,49,38,80,32,83,10,117,125,31,66,55,5,87,27,72,102,23,110,14,111,84,74,33,2,113,112,98,124,9,18,7,45,22,69,6,118,57,61,97,75,56,73,25,11,96,65",20100,200
19,18,85642.55210540962,7.169084735252505,"48,29,35,104,105,60,46,90,3,28,108,120,93,13,88,79,41,4,82,71,51,17,109,86,64,68,43,16,106,76,44,123,26,119,100,39,103,89,107,52,115,67,78,95,77,15,53,21,70,20,36,34,122,40,92,116,12,85,19,37,32,111,49,91,62,117,10,94,24,50,30,59,42,121,114,101,63,99,8,58,45,7,18,9,124,98,112,113,2,74,33,84,83,14,110,23,102,72,27,87,5,55,66,31,54,81,47,38,80,125,22,69,6,118,57,61,97,75,56,73,25,11,96,65",20100,200
19,19,78086.5334638885,11.160075765546829,"48,29,35,3,90,60,46,105,104,25,108,120,93,13,88,79,71,67,4,82,51,17,109,86,64,68,43,16,20,70,21,53,15,77,100,39,103,107,89,52,115,63,78,95,119,26,123,44,76,106,36,34,122,40,92,116,12,85,19,37,62,58,8,99,54,81,47,121,42,59,30,50,24,94,114,101,41,91,49,38,80,125,111,10,117,45,7,18,9,124,98,112,113,2,33,74,84,83,14,110,23,102,72,27,87,5,96,69,28,73,118,57,61,22,75,97,6,11,56,32,31,66,55,65",20100,200
19,20,76481.14665676883,15.089692052664985,"48,29,35,3,90,60,46,105,104,25,108,102,93,13,88,79,67,71,4,82,51,17,109,86,64,68,43,16,106,76,21,53,15,77,100,39,103,107,115,89,52,63,78,95,119,26,123,44,70,20,36,40,122,34,92,116,12,85,19,37,62,58,8,99,54,81,47,121,42,59,30,50,24,94,114,101,41,91,49,38,80,32,83,14,110,23,120,72,27,87,5,55,66,31,125,117,10,111,84,74,33,73,113,112,98,124,96,69,28,2,118,57,61,22,75,97,9,11,56,45,7,18,6,65",20100,200
20,0,79493.64102978977,13.167194082263693,"121,72,96,59,64,119,118,12,52,116,27,63,28,60,83,4,103,98,75,35,29,68,95,65,73,78,86,109,23,2,56,112,32,90,45,36,92,54,93,57,76,123,24,15,40,13,48,120,100,101,8,21,16,124,125,25,43,42,117,80,122,107,6,47,105,44,115,67,18,11,97,85,88,74,14,50,102,58,111,22,84,55,20,7,61,82,38,51,99,34,81,62,70,69,5,113,19,53,106,71,79,10,89,17,49,77,39,66,26,104,46,108,31,41,33,91,87,3,30,9,94,37,110,114",20100,200
20,1,80623.71448775241,12.305994474238968,"121,72,63,59,64,119,96,12,52,116,60,28,4,118,83,27,103,98,75,35,29,68,95,65,73,78,86,109,23,2,56,112,32,90,45,85,97,11,18,67,115,44,105,47,6,107,122,80,117,42,43,25,125,124,16,21,8,101,100,120,48,13,40,15,24,123,76,57,93,54,92,36,88,74,14,50,102,58,111,22,84,55,20,7,61,82,38,51,99,34,81,62,70,69,5,113,19,53,106,71,79,10,89,17,49,77,39,66,26,104,46,108,31,41,33,91,87,3,30,9,94,37,110,114",20100,200
20,2,84445.69349256292,8.231038816577165,"121,72,63,59,64,119,96,12,52,116,10,83,32,41,56,92,84,47,39,109,86,115,67,103,28,85,33,105,8,58,16,124,45,36,75,54,31,57,27,78,48,13,40,15,24,123,76,120,55,112,111,60,4,104,46,74,66,42,2,77,49,71,6,26,100,18,98,51,102,50,38,93,101,65,97,73,80,117,14,82,61,7,20,23,107,22,21,68,99,34,81,62,70,69,5,11,19,53,106,44,79,35,89,17,122,88,29,90,43,25,125,108,95,118,113,30,87,3,91,9,94,37,110,114",20100,200
20,3,80939.42014622765,10.682930309610748,"121,72,63,59,64,119,8,12,52,116,27,30,48,13,40,15,24,123,76,57,93,54,92,36,114,110,37,94,9,55,23,33,120,80,41,31,108,46,104,26,11,39,50,49,97,89,10,79,71,4,18,67,38,17,22,83,14,62,77,102,51,44,82,43,42,117,87,122,107,6,47,105,111,115,53,19,113,5,69,70,74,81,34,99,96,21,106,84,3,20,7,61,25,125,90,32,103,58,101,100,85,28,60,88,118,56,86,68,66,78,109,95,2,73,65,112,29,91,35,75,98,16,45,124",20100,200
20,4,88086.28691140217,7.167635593415725,"121,72,63,59,64,119,96,12,52,116,10,83,32,41,56,92,84,47,39,109,86,115,2,103,28,85,33,105,8,58,16,124,45,36,75,54,31,57,76,123,24,15,40,13,48,78,27,120,55,112,111,60,26,6,71,49,95,29,67,66,74,46,104,4,100,18,98,51,102,50,38,93,101,65,97,73,80,117,14,82,61,7,20,23,107,22,21,68,99,34,81,62,70,69,5,11,19,53,106,44,79,35,89,17,122,88,42,77,43,25,125,108,90,118,113,30,87,3,91,9,94,37,110,114",20100,200
20,5,81179.90184800542,10.231690964840562,"121,72,63,59,64,119,23,12,52,116,27,8,48,13,40,15,24,123,76,57,25,125,58,101,124,103,16,98,75,28,60,88,73,2,95,68,29,35,85,100,56,118,65,66,78,91,112,109,86,32,90,45,36,92,54,93,61,7,20,3,84,106,21,96,99,34,81,74,70,69,5,113,19,53,115,111,105,47,6,107,122,87,117,42,43,82,44,51,102,77,62,14,83,22,17,38,67,18,4,71,79,10,89,97,49,50,39,11,26,104,46,108,31,41,80,120,55,33,30,9,94,37,110,114",20100,200
20,6,82860.37569205365,8.99652710772329,"121,72,63,59,64,119,96,12,52,116,35,83,32,41,56,92,107,47,39,109,86,115,67,103,28,85,33,105,8,58,16,124,75,36,45,54,31,57,27,78,48,13,40,15,24,123,76,120,55,112,111,60,4,104,46,74,66,42,2,77,49,71,6,26,100,18,98,51,102,50,38,93,101,65,97,68,99,34,81,62,70,69,5,11,19,53,106,44,79,10,89,82,17,117,88,29,21,22,84,23,20,91,61,14,122,73,80,90,43,25,125,108,95,118,113,30,87,3,7,9,94,37,110,114",20100,200
20,7,83030.40379515526,8.692669325356855,"121,72,63,59,64,119,96,12,52,116,35,83,32,41,56,92,107,47,39,109,86,115,67,103,28,85,33,105,8,58,16,124,45,36,75,54,31,57,76,123,24,15,40,13,48,78,27,120,55,112,111,60,4,104,46,74,66,42,2,77,49,71,6,26,100,18,98,51,102,50,38,93,101,65,97,29,88,117,17,82,89,10,79,44,106,53,19,11,5,69,70,62,81,34,99,68,21,22,84,23,20,91,61,14,122,73,80,90,43,25,125,108,95,118,113,30,87,3,7,9,94,37,110,114",20100,200
20,8,82969.03792505014,8.852965604812887,"121,72,63,59,64,119,96,12,52,116,35,83,32,41,56,92,107,47,39,109,86,106,67,103,28,85,33,105,8,58,16,124,75,36,45,54,31,57,76,123,24,15,40,13,48,78,27,120,55,112,111,60,4,104,46,74,66,42,2,77,49,71,6,26,100,18,98,51,102,50,38,93,101,65,97,29,88,117,17,82,89,10,79,44,115,53,19,11,5,69,70,62,81,34,99,68,21,22,84,23,20,91,61,14,122,73,80,90,43,25,125,108,95,118,113,30,87,3,7,9,94,37,110,114",20100,200
20,9,83059.83877411831,8.656644846590392,"121,72,63,59,64,119,96,12,52,116,35,83,32,41,56,92,84,47,39,109,86,115,67,103,28,85,33,105,8,58,16,124,45,36,75,54,31,57,27,78,48,13,40,15,24,123,76,120,55,112,111,60,4,104,46,74,66,42,2,77,49,71,6,26,100,18,98,51,102,50,38,93,101,65,97,82,17,117,88,29,89,10,79,44,106,53,19,11,5,69,70,62,81,34,99,68,21,22,107,23,20,91,61,14,122,73,80,90,43,25,125,108,95,118,113,30,87,3,7,9,94,37,110,114",20100,200
20,10,82860.37569205365,8.99652710772329,"121,72,63,59,64,119,96,12,52,116,35,83,32,41,56,92,107,47,39,109,86,115,67,103,28,85,33,105,8,58,16,124,75,36,45,54,31,57,76,123,24,15,40,13,48,78,27,120,55,112,111,60,4,104,46,74,66,42,2,77,49,71,6,26,100,18,98,51,102,50,38,93,101,65,97,68,99,34,81,62,70,69,5,11,19,53,106,44,79,10,89,82,17,117,88,29,21,22,84,23,20,91,61,14,122,73,80,90,43,25,125,108,95,118,113,30,87,3,7,9,94,37,110,114",20100,200
20,11,83762.27684032237,8.40014880820572,"121,72,63,59,64,119,96,12,52,116,35,83,32,41,56,92,107,47,39,109,86,115,67,103,28,85,33,105,8,58,16,124,45,36,75,54,31,57,76,123,24,15,40,13,48,78,27,120,55,112,111,60,4,104,46,74,66,42,2,77,49,71,6,26,100,18,98,51,102,50,38,93,53,106,44,79,10,89,82,17,117,88,29,97,65,101,19,11,5,69,70,62,81,34,99,68,21,22,84,23,20,91,61,80,122,73,7,90,43,25,125,108,95,118,113,30,94,9,14,3,87,37,110,114",20100,200
20,12,87372.68433708067,7.483314773547883,"121,72,109,59,64,119,63,12,52,116,35,83,32,41,56,92,107,47,39,96,86,106,42,103,28,85,33,105,8,58,16,124,45,36,75,54,31,57,76,123,24,15,40,13,48,78,27,120,55,112,111,60,26,6,71,49,95,29,67,66,74,46,104,4,100,18,98,51,102,50,38,93,101,65,97,73,80,117,14,82,61,7,20,23,84,22,21,68,99,34,17,89,10,79,44,115,53,19,11,5,69,70,62,81,122,2,88,90,43,25,125,108,77,118,113,30,94,9,91,3,87,37,110,114",20100,200
20,13,80925.83428992212,10.991473968490304,"121,72,63,59,64,119,8,12,52,116,27,120,48,13,40,15,24,123,76,57,93,54,92,36,114,110,37,94,9,55,23,33,30,80,41,31,108,46,104,26,11,39,50,49,97,89,10,79,71,4,18,67,38,17,22,83,14,62,77,102,51,44,82,43,42,117,87,122,107,6,74,70,69,5,113,19,53,115,111,105,47,81,34,99,96,21,106,84,3,20,7,61,25,125,90,32,103,58,101,100,85,28,60,88,118,56,86,68,66,78,109,95,2,73,65,112,29,91,35,75,98,16,45,124",20100,200
20,14,85219.03704366242,7.741931283601011,"121,72,63,59,64,119,96,12,52,116,35,83,32,41,56,92,107,47,39,109,86,115,67,103,28,85,33,105,8,58,16,124,75,36,45,54,31,57,76,123,24,15,40,13,48,78,27,120,55,112,111,60,4,104,46,74,66,42,2,77,49,71,6,26,100,18,98,51,102,50,38,93,101,65,97,73,80,117,14,82,61,7,20,23,84,22,21,68,99,34,17,89,10,79,44,106,53,19,11,5,69,70,62,81,122,29,88,90,43,25,125,108,95,118,113,30,94,9,91,3,87,37,110,114",20100,200
20,15,81811.52232000769,9.276987657639737,"121,72,63,59,64,119,96,12,52,116,35,83,32,41,56,92,107,47,39,109,86,115,67,103,28,85,33,105,8,58,16,124,45,36,75,54,31,57,76,123,24,15,40,13,48,78,27,120,55,112,111,60,4,104,46,74,66,42,2,77,49,71,6,26,100,18,98,51,102,80,38,93,101,65,97,29,88,117,17,82,89,10,79,44,106,53,19,11,5,69,70,62,81,34,99,68,21,22,84,23,20,91,61,14,122,73,50,90,43,25,125,108,95,118,113,30,87,9,7,3,94,37,110,114",20100,200
20,16,79883.95762799206,12.487493743742176,"121,72,63,59,64,119,96,12,52,116,60,83,28,118,27,4,103,98,75,35,29,68,95,65,73,78,86,109,23,2,56,112,32,90,45,36,92,54,93,57,76,123,24,15,40,13,48,120,100,101,8,21,16,124,125,25,43,42,117,80,122,107,6,47,105,44,115,67,18,11,97,85,88,74,14,50,102,58,111,22,84,55,20,7,61,82,38,51,99,34,81,62,70,69,5,113,19,53,106,71,79,10,89,17,49,77,39,66,26,104,46,108,31,41,33,91,87,3,30,9,94,37,110,114",20100,200
20,17,83265.45256697622,8.627716963368698,"121,72,63,59,64,119,96,12,52,116,35,83,32,41,56,92,107,47,39,109,86,115,67,103,28,85,33,105,8,58,16,124,45,36,75,54,31,57,76,123,24,15,40,13,48,78,27,120,55,112,111,60,4,104,46,74,66,42,2,77,49,71,6,26,100,18,98,51,102,50,38,93,101,65,97,29,88,117,17,82,89,10,79,44,106,53,19,11,5,69,70,62,81,34,99,68,21,22,84,23,20,7,61,14,122,73,80,90,43,25,125,108,95,118,113,30,87,3,91,9,94,37,110,114",20100,200
20,18,84993.78158861095,7.7781745930520225,"121,72,63,59,64,119,96,12,52,116,35,83,32,41,56,92,84,47,39,109,86,106,67,103,28,85,33,105,8,58,16,124,75,36,45,54,31,71,49,95,2,42,66,74,46,104,4,60,111,112,55,120,27,78,48,13,40,15,24,123,76,57,6,26,100,18,98,51,102,50,38,93,101,65,97,73,80,117,14,82,61,7,20,23,107,22,21,68,99,34,17,89,10,79,44,115,53,19,11,5,69,70,62,81,122,29,88,90,43,25,125,108,77,118,113,30,94,9,91,3,87,37,110,114",20100,200
20,19,83059.83877411831,8.656644846590392,"121,72,63,59,64,119,96,12,52,116,35,83,32,41,56,92,84,47,39,109,86,115,67,103,28,85,33,105,8,58,16,124,45,36,75,54,31,57,76,123,24,15,40,13,48,78,27,120,55,112,111,60,4,104,46,74,66,42,2,77,49,71,6,26,100,18,98,51,102,50,38,93,101,65,97,82,17,117,88,29,89,10,79,44,106,53,19,11,5,69,70,62,81,34,99,68,21,22,107,23,20,91,61,14,122,73,80,90,43,25,125,108,95,118,113,30,87,3,7,9,94,37,110,114",20100,200
20,20,81473.22881809571,9.871043511199817,"121,72,63,59,64,119,30,12,52,116,8,48,27,13,40,15,24,123,76,57,93,54,92,36,124,45,16,98,75,35,91,78,66,65,73,2,95,68,29,112,109,86,56,118,88,60,28,85,100,101,58,103,32,90,125,25,61,7,20,3,84,106,21,96,99,34,81,74,70,5,69,113,19,53,115,111,105,47,6,107,122,87,117,42,43,82,44,51,102,77,62,14,83,22,17,38,67,18,4,71,79,10,89,97,49,50,39,11,26,104,46,108,31,41,33,23,80,55,120,9,94,37,110,114",20100,200
20,21,86081.33673467292,7.73385414912901,"121,72,63,59,64,119,96,12,52,116,35,83,32,41,56,92,107,47,39,109,86,115,2,103,28,85,33,105,8,58,16,124,75,36,45,54,31,57,76,123,24,15,40,13,48,78,27,120,55,112,111,60,26,6,71,49,95,29,67,66,74,46,104,4,100,18,98,51,102,50,38,93,101,65,97,68,99,34,81,62,70,69,5,11,19,53,106,44,79,10,89,82,17,117,88,42,21,22,84,23,20,7,61,14,122,73,80,90,43,25,125,108,77,118,113,30,94,9,91,3,87,37,110,114",20100,200
21,0,80634.35197770887,8.261355820929152,"13,28,86,39,85,11,87,5,107,98,45,17,40,122,68,4,27,121,43,106,53,15,112,6,100,36,62,113,83,75,32,90,60,3,66,38,26,102,20,69,120,114,42,49,115,77,22,51,25,118,92,76,23,37,93,125,104,31,21,44,58,8,109,61,97,14,111,80,108,65,56,88,7,30,64,48,24,89,12,103,72,105,70,57,34,55,59,71,52,94,47,54,63,19,96,78,110,2,9,74,95,41,81,119,84,79,46,123,18,16,73,35,82,10,29,124,99,33,67,91,50,116,101,117",20100,200
21,1,80130.48528219445,9.233092656309694,"13,28,86,39,85,11,6,100,45,98,106,43,121,27,4,68,122,40,5,107,53,15,17,87,112,36,62,25,51,22,32,90,60,3,66,38,26,102,20,69,120,114,42,49,115,77,75,83,113,118,92,76,23,37,93,125,104,31,21,44,58,8,109,61,97,14,111,80,108,65,56,7,88,30,64,48,24,89,12,103,72,57,70,105,34,59,55,71,52,94,47,54,63,19,96,78,110,2,9,74,95,41,81,119,84,79,46,123,18,16,73,35,124,29,10,82,99,33,67,91,50,116,101,117",20100,200
21,2,80656.11295145858,8.031189202104505,"13,28,86,39,85,11,87,5,107,98,45,17,40,122,68,4,27,121,43,106,53,15,112,6,100,36,62,113,83,75,32,90,60,3,66,38,26,102,20,69,120,114,42,49,115,77,22,51,25,118,92,76,23,37,93,125,104,31,21,44,58,8,109,61,97,14,111,80,108,65,56,88,7,30,64,48,24,89,12,103,47,105,70,57,34,55,59,71,52,94,72,54,63,19,96,78,110,2,9,74,95,41,81,119,84,79,46,123,18,16,73,35,82,10,29,124,99,33,67,91,50,116,101,117",20100,200
21,3,83831.2417398718,6.471089552772392,"13,28,86,39,85,11,87,5,107,98,45,17,40,122,68,4,27,121,43,106,53,15,112,6,100,31,44,90,60,3,8,109,61,97,20,69,120,114,42,49,115,77,75,83,113,62,36,21,104,118,92,76,23,37,93,125,25,22,51,32,58,66,38,26,102,14,111,80,108,65,56,52,71,30,55,48,24,89,12,103,72,57,70,105,34,59,64,7,88,94,47,54,63,19,96,78,110,2,9,74,95,41,81,119,84,79,46,123,18,16,73,35,124,29,10,82,99,33,67,91,50,116,101,117",20100,200
21,4,78579.58730771743,9.542667341996157,"13,28,86,39,85,11,6,100,45,98,15,53,107,43,121,122,68,4,27,40,5,101,17,87,112,36,62,25,51,22,32,90,60,3,66,38,26,102,20,69,120,114,42,49,115,77,75,83,113,118,92,76,23,37,93,125,104,31,21,44,58,8,109,61,97,14,111,80,108,65,56,88,7,64,30,48,24,89,12,103,72,105,70,57,34,55,59,71,52,94,47,54,63,19,96,78,110,2,9,74,95,41,81,119,84,79,46,123,18,16,73,35,82,10,29,124,99,33,67,91,50,116,106,117",20100,200
21,5,77824.64680949606,10.790620927453618,"13,28,86,39,85,11,6,100,45,98,101,5,40,27,4,68,122,121,43,107,53,15,17,87,112,36,62,25,51,22,32,90,60,3,66,38,26,102,20,69,120,114,42,49,115,77,75,83,113,118,92,76,23,37,93,125,104,31,21,44,58,8,109,61,97,14,111,80,108,65,56,7,88,30,64,48,24,89,12,103,72,57,70,105,34,59,55,71,52,94,47,54,63,19,96,78,110,2,9,74,95,41,81,119,84,73,46,123,18,16,79,35,124,29,10,82,99,33,67,91,50,116,106,117",20100,200
21,6,81014.54534169717,7.901740314639554,"13,28,86,39,85,11,87,5,107,98,45,17,40,122,68,4,27,121,43,106,53,15,112,6,100,36,62,118,25,51,22,32,90,60,3,66,38,26,102,20,69,120,114,42,49,115,77,75,83,113,92,76,23,37,93,125,104,31,21,44,58,8,109,61,97,14,111,80,108,65,56,88,7,30,64,48,24,89,12,103,72,57,70,105,34,55,59,71,52,94,47,54,63,19,96,78,110,2,9,74,95,41,81,119,84,79,46,123,18,16,73,35,124,29,10,82,99,33,67,91,50,116,101,117",20100,200
21,7,79438.12964806655,9.427353817482402,"13,28,86,39,85,11,6,100,45,98,101,5,40,27,4,68,122,121,43,107,53,15,17,87,112,22,36,51,25,62,32,90,60,3,66,38,26,102,20,69,120,114,42,49,115,77,75,83,113,118,92,76,23,37,93,125,104,31,21,44,58,8,109,61,97,14,111,80,108,65,56,88,7,64,30,48,24,89,12,103,72,57,70,105,34,55,59,71,52,94,47,54,63,19,96,78,110,2,9,74,95,41,81,119,84,79,46,123,18,16,73,35,124,29,10,82,99,33,67,91,50,116,106,117",20100,200
21,8,81290.58618005834,7.46240577829965,"13,28,86,39,85,11,87,5,107,98,45,17,40,122,68,4,27,121,43,106,53,15,112,6,100,36,25,62,51,22,32,90,60,3,66,38,26,102,20,69,120,114,42,49,115,77,75,83,113,118,92,76,23,37,93,125,104,31,21,44,58,8,109,61,97,14,111,80,108,65,56,88,7,30,64,48,24,89,12,72,103,57,70,105,34,55,59,71,52,94,47,54,63,19,96,78,110,2,9,74,95,41,81,119,84,79,46,123,18,16,73,35,82,10,29,124,99,33,67,91,50,116,101,117",20100,200
21,9,81262.43454121264,7.866066361276137,"13,28,86,39,85,11,87,17,45,98,101,5,40,122,68,4,27,121,43,106,53,15,112,6,100,31,44,90,60,3,8,109,61,97,20,69,120,114,42,49,115,77,75,83,113,62,36,21,104,23,37,93,125,76,92,118,25,22,51,32,58,66,38,26,102,14,111,80,108,65,56,88,7,30,64,48,24,89,12,103,72,105,70,57,34,59,55,71,52,94,47,54,63,19,96,78,110,2,9,74,95,41,81,119,84,79,46,123,18,16,73,35,82,10,29,124,99,33,67,91,50,116,107,117",20100,200
21,10,80656.11295145858,8.031189202104505,"13,28,86,39,85,11,87,5,107,98,45,17,40,122,68,4,27,121,43,106,53,15,112,6,100,36,62,25,51,22,32,90,60,3,66,38,26,102,20,69,120,114,42,49,115,77,75,83,113,118,92,76,23,37,93,125,104,31,21,44,58,8,109,61,97,14,111,80,108,65,56,88,7,30,64,48,24,89,12,103,47,105,70,57,34,55,59,71,52,94,72,54,63,19,96,78,110,2,9,74,95,41,81,119,84,79,46,123,18,16,73,35,82,10,29,124,99,33,67,91,50,116,101,117",20100,200
21,11,80457.54186539318,8.46684711093805,"13,28,86,39,85,11,6,100,45,98,15,53,107,43,121,122,68,4,27,40,5,101,17,87,112,3,44,90,60,31,8,109,61,97,114,120,69,20,42,49,115,77,75,83,113,62,36,21,104,23,37,93,125,76,92,118,25,22,51,32,58,66,38,26,102,14,111,80,108,65,56,88,7,64,30,48,24,89,12,103,72,105,70,57,34,55,59,71,52,94,47,54,63,19,96,78,110,2,9,74,95,41,81,119,84,79,46,123,18,16,73,35,124,29,10,82,99,33,67,91,50,116,106,117",20100,200
21,12,80315.94827290252,8.503675675847475,"13,28,86,39,85,11,87,5,107,98,45,17,40,122,68,4,27,121,43,106,53,15,112,6,100,36,62,83,113,75,32,90,60,3,66,38,26,102,49,42,114,120,69,20,115,77,22,51,25,118,92,76,23,37,93,125,104,31,21,44,58,8,109,61,97,14,111,80,108,65,56,88,7,30,64,48,24,89,12,72,103,57,70,105,34,55,59,71,52,94,47,54,63,19,96,78,110,2,9,74,95,41,81,119,84,79,46,123,18,16,73,35,124,29,10,82,99,33,67,91,50,116,101,117",20100,200
21,13,80146.37502545581,9.055385138137417,"13,28,86,39,85,11,87,17,107,98,45,5,40,122,68,4,27,121,43,106,53,15,112,6,100,36,62,25,51,22,32,90,60,3,66,38,26,102,20,69,120,114,42,49,115,77,75,83,113,118,92,76,23,37,93,125,104,31,21,44,58,8,109,61,97,14,111,80,108,65,56,88,7,30,64,48,24,89,12,103,47,105,70,57,34,55,59,71,52,94,72,54,63,19,96,78,110,2,9,74,95,41,81,119,84,79,46,123,18,16,73,35,82,10,29,124,99,33,67,91,50,116,101,117",20100,200
21,14,83775.35830521915,6.6473679001541655,"13,28,86,39,85,11,87,5,107,98,45,17,40,122,68,4,27,121,43,106,53,15,112,6,100,31,44,90,60,3,8,109,61,97,20,69,120,114,42,49,115,77,75,83,113,62,36,21,104,23,37,66,125,76,92,118,25,22,51,32,58,93,38,26,102,14,111,80,108,65,56,52,71,30,55,48,24,89,12,103,72,57,70,105,34,64,59,7,88,94,47,54,63,19,96,78,110,2,9,74,95,41,81,119,84,79,46,123,18,16,73,35,82,10,29,124,99,33,67,91,50,116,101,117",20100,200
21,15,81425.75613728166,7.013380069552769,"13,28,86,39,85,11,87,5,107,98,45,17,40,122,68,4,27,121,43,106,53,15,112,6,100,31,44,90,60,3,8,109,61,97,20,69,120,114,42,49,115,77,75,83,113,62,36,21,104,23,37,93,125,76,92,118,25,22,51,32,58,66,26,38,102,14,111,80,108,65,56,88,7,30,64,48,24,89,12,103,72,105,70,57,34,55,59,71,52,94,47,54,63,19,96,78,110,2,9,74,95,41,81,119,84,79,46,123,18,16,73,35,82,10,29,124,99,33,67,91,50,116,101,117",20100,200
21,16,81487.31298589017,6.740734381356382,"13,28,86,39,85,11,87,5,107,98,45,17,40,122,68,4,27,121,43,106,53,15,112,6,100,31,44,90,60,3,8,109,61,97,114,120,69,20,42,49,115,77,75,83,113,62,36,21,104,23,37,93,125,76,92,118,25,22,51,32,58,66,38,26,102,14,111,80,108,65,56,88,7,30,64,48,24,89,12,103,47,105,70,57,34,55,59,71,52,94,72,54,63,19,96,78,110,2,9,74,95,41,81,119,84,79,46,123,18,16,73,35,82,10,29,124,99,33,67,91,50,116,101,117",20100,200
22,0,77383.06336628865,17.063216335111218,"123,74,104,78,44,30,114,54,2,70,19,6,46,105,55,28,26,99,73,53,50,98,115,90,43,14,62,12,3,92,122,118,86,13,102,39,35,48,120,56,37,23,5,64,111,75,107,112,9,11,17,27,32,25,124,18,36,58,81,88,61,79,77,66,38,47,76,72,125,45,91,63,108,59,94,83,106,117,51,60,29,34,10,109,80,69,87,110,96,49,41,16,52,68,67,4,116,7,20,89,71,103,57,84,113,100,101,65,24,15,97,31,95,33,42,21,121,93,82,22,119,40,8,85",20100,200
22,1,80137.25477305074,7.881817599291626,"123,74,65,78,44,30,31,54,2,70,19,6,46,105,26,28,55,99,73,53,50,98,115,90,43,14,62,12,3,92,118,35,86,13,102,39,122,48,27,56,37,120,17,11,9,87,110,96,69,80,109,10,25,32,124,18,36,58,81,88,61,79,106,66,38,47,76,72,125,45,91,83,94,59,108,63,117,29,60,51,77,34,5,64,23,111,107,75,112,41,49,16,52,68,67,4,116,7,20,89,71,103,57,84,113,100,101,104,24,15,97,114,95,33,42,21,121,93,82,22,119,40,8,85",20100,200
22,2,77420.36048049197,14.541539877256348,"123,74,104,78,44,30,114,54,2,70,19,6,46,105,55,28,26,99,73,53,50,98,115,90,43,14,62,12,3,92,122,118,86,13,102,39,35,48,27,56,37,120,17,11,111,75,107,112,58,36,18,124,32,25,5,64,23,9,81,88,61,79,106,66,38,47,76,72,125,45,91,63,108,59,94,83,117,29,60,51,77,34,10,109,80,69,87,110,96,41,49,16,52,68,67,4,116,7,20,89,71,103,57,84,113,100,101,65,24,15,97,31,95,33,42,21,121,93,82,22,119,40,8,85",20100,200
22,3,77921.84002923574,10.525669353308125,"123,74,104,78,44,114,30,54,2,70,19,6,46,105,55,28,26,99,73,53,50,98,115,90,43,14,62,12,3,39,102,13,86,35,122,92,118,48,27,56,37,120,17,11,9,87,110,96,69,80,109,10,25,32,124,18,36,58,81,88,61,79,106,66,38,47,76,72,125,45,91,83,94,59,108,63,117,29,60,51,77,34,5,64,23,111,107,75,112,41,49,16,52,68,67,4,116,7,20,89,71,103,57,84,113,100,101,65,24,15,97,31,95,33,42,21,121,93,82,22,119,40,8,85",20100,200
22,4,77378.96470346376,17.123491400979308,"123,74,104,78,44,30,114,54,2,70,19,6,46,105,26,28,55,99,73,53,43,90,115,98,50,14,62,12,3,92,122,118,86,13,102,39,35,48,120,56,37,23,5,64,111,75,107,112,9,11,17,27,32,25,124,18,36,58,81,88,61,79,106,66,38,47,76,72,125,45,91,63,108,59,94,83,117,29,60,51,77,34,10,109,80,69,87,110,96,41,49,16,52,68,67,4,116,7,20,89,71,103,57,84,113,100,101,65,24,15,97,31,95,33,42,21,121,93,82,22,119,40,8,85",20100,200
22,5,77908.44548018044,10.651590585534,"123,74,104,78,44,30,114,54,2,70,19,6,46,105,26,28,55,99,73,53,43,90,115,98,50,14,62,12,3,39,102,13,86,35,122,92,118,48,27,56,37,120,17,11,9,87,110,96,69,80,109,10,25,32,124,18,36,58,81,88,61,79,106,66,38,47,76,72,125,45,91,63,108,59,94,83,117,29,60,51,77,34,5,64,23,111,107,75,112,41,49,16,52,68,67,4,116,7,20,89,71,103,57,84,113,100,101,65,24,15,97,31,95,33,42,21,121,93,82,22,119,40,8,85",20100,200
22,6,77325.51697401865,18.604382512421722,"123,74,104,78,44,30,114,54,2,70,19,6,46,105,55,28,26,99,73,53,50,98,115,90,43,14,62,12,3,92,122,118,86,13,102,39,35,48,120,56,37,23,5,64,111,75,107,112,9,11,17,27,32,25,124,81,58,36,18,88,61,79,106,66,38,47,76,72,125,45,91,63,108,59,94,83,117,29,60,51,77,34,10,109,80,69,87,110,96,49,41,16,52,68,67,4,116,7,20,89,71,103,57,84,113,100,101,65,24,15,97,31,95,33,42,21,121,93,82,22,119,40,8,85",20100,200
22,7,78299.43758239981,10.47371979023025,"123,74,104,78,44,114,30,54,2,70,19,6,46,105,55,28,26,99,73,53,50,98,115,90,43,14,62,12,3,39,13,102,86,122,35,92,118,48,27,56,37,120,17,11,9,87,110,96,69,80,109,10,25,32,124,18,36,58,81,88,61,79,106,66,38,47,76,72,125,45,91,83,94,59,108,63,117,29,60,51,77,34,5,64,23,111,107,75,112,41,49,16,52,68,67,4,116,7,20,89,71,103,57,84,113,100,101,65,24,15,97,31,95,33,42,21,121,93,82,22,119,40,8,85",20100,200
22,8,77627.39616493364,11.457511240230941,"123,74,104,78,44,30,2,54,114,70,19,6,46,105,55,28,26,99,73,53,50,98,115,90,43,14,62,12,3,92,118,35,86,13,102,39,122,48,27,56,37,120,17,11,111,75,107,112,58,36,18,124,32,25,5,38,66,106,79,61,88,81,9,23,64,47,76,72,125,45,91,63,108,59,94,83,117,29,60,51,77,34,10,109,80,69,87,110,96,41,49,16,52,68,67,4,116,7,20,89,71,103,57,84,113,100,101,65,24,15,97,31,95,33,42,21,121,93,82,22,119,40,8,85",20100,200
22,9,79001.41059291555,7.984949110975401,"123,57,104,78,44,30,114,54,2,70,19,6,46,105,55,28,26,99,73,53,50,98,115,90,43,14,62,12,3,39,102,13,86,35,122,92,118,48,27,56,37,120,17,11,9,87,110,96,69,80,109,10,32,25,124,18,36,58,81,88,61,79,106,66,38,47,76,72,125,45,91,83,94,59,108,63,117,29,60,51,77,34,5,64,23,111,107,75,112,49,41,16,52,68,67,4,116,7,20,89,71,103,74,101,100,113,84,65,24,15,97,31,95,33,42,21,121,93,82,22,119,40,8,85",20100,200
22,10,77908.06365142364,10.668646510475117,"123,74,104,78,44,30,114,54,2,70,19,6,46,105,55,28,26,99,73,53,50,98,115,90,43,14,62,12,3,39,102,13,86,35,122,92,118,48,27,56,37,120,17,11,9,87,110,96,69,80,109,10,25,32,124,18,36,58,81,88,61,79,106,66,38,47,76,72,125,45,91,63,108,59,94,83,117,29,60,51,77,34,5,64,23,111,107,75,112,49,41,16,52,68,67,4,116,7,20,89,71,103,57,84,113,100,101,65,24,15,97,31,95,33,42,21,121,93,82,22,119,40,8,85",20100,200
22,11,78274.54885030785,10.50838136781938,"74,123,104,78,44,30,114,54,2,70,19,6,46,105,55,28,26,99,73,53,50,98,115,90,43,14,62,12,3,92,118,35,86,13,102,39,122,48,27,56,37,120,17,11,9,87,110,96,69,80,109,10,25,32,124,18,36,58,81,88,61,79,106,66,38,47,76,72,125,45,91,83,94,59,108,63,117,29,60,51,77,34,5,64,23,111,107,75,112,41,49,16,52,68,67,4,116,7,20,89,71,103,57,84,113,100,101,65,24,15,97,31,95,33,42,21,121,93,82,22,119,40,8,85",20100,200
22,12,78274.54885030785,10.50838136781938,"123,74,104,78,44,30,114,54,2,70,19,6,46,105,55,28,26,99,73,53,50,98,115,90,43,14,62,12,3,92,118,35,86,13,102,39,122,48,27,56,37,120,17,11,9,87,110,96,69,80,109,10,25,32,124,18,36,58,81,88,61,79,106,66,38,47,76,72,125,45,91,83,94,59,108,63,117,29,60,51,77,34,5,64,23,111,107,75,112,41,49,16,52,68,67,4,116,7,20,89,71,103,57,84,113,100,101,65,24,15,97,31,95,33,42,21,121,93,82,22,119,40,8,85",20100,200
22,13,79317.45611421441,7.904851993057148,"74,78,65,123,44,30,54,2,31,70,19,6,46,105,26,28,55,99,73,53,50,98,115,90,43,14,62,12,3,39,102,13,86,35,122,92,118,48,27,56,37,120,17,11,9,87,110,96,69,80,109,10,25,32,124,18,36,58,81,88,61,79,106,66,38,47,76,72,125,45,91,83,94,59,108,63,117,29,60,51,77,34,5,64,23,111,107,75,112,41,49,16,52,68,67,4,116,7,20,89,71,103,57,84,113,100,101,104,24,15,97,114,95,33,42,21,121,93,82,22,119,40,8,85",20100,200
22,14,78452.94518015707,8.15021956584812,"123,57,104,78,44,30,114,54,2,70,19,6,46,105,55,28,26,99,73,53,50,98,115,90,43,14,62,12,3,39,102,13,86,35,122,92,118,48,27,56,37,120,17,11,9,87,110,96,69,80,109,10,18,124,32,25,36,58,81,88,61,79,106,66,38,47,76,72,125,45,91,83,94,59,108,63,117,29,60,51,77,34,5,64,23,111,107,75,112,41,49,16,52,68,67,4,116,7,20,89,71,103,74,84,113,100,101,65,24,15,97,31,95,33,42,21,121,93,82,22,119,40,8,85",20100,200
22,15,77862.8012985974,11.324498257747022,"123,74,104,78,44,114,30,54,2,70,19,6,46,105,55,28,26,99,73,53,50,98,115,90,43,14,62,12,3,92,122,118,86,13,35,39,102,48,27,56,37,120,17,11,9,87,110,96,69,80,109,10,25,32,124,18,36,58,81,88,61,79,106,66,38,47,76,72,125,45,91,83,94,59,108,63,117,29,60,51,77,34,5,64,23,111,107,75,112,41,49,16,52,68,67,4,116,7,20,89,71,103,57,84,113,100,101,65,24,15,97,31,95,33,42,21,121,93,82,22,119,40,8,85",20100,200
22,16,78982.24448863654,8.146500654325601,"123,57,104,78,44,114,30,54,2,70,19,6,46,105,55,28,26,99,73,53,50,98,115,90,43,14,62,12,3,39,102,13,86,35,122,92,118,48,27,56,37,120,17,11,9,87,110,96,69,80,109,10,25,32,124,18,36,58,81,88,61,79,106,66,38,47,76,72,125,45,91,63,108,59,94,83,117,29,60,51,77,34,5,64,23,111,107,75,112,41,49,16,52,68,67,4,116,7,20,89,71,103,74,84,113,100,101,65,24,15,97,31,95,33,42,21,121,93,82,22,119,40,8,85",20100,200
22,17,78376.78608552665,10.4331357412705,"123,74,104,78,44,114,30,54,2,70,19,6,46,105,55,28,26,99,73,53,50,98,115,90,43,14,62,12,3,39,13,102,86,122,35,92,118,48,27,56,37,120,17,11,9,87,110,96,69,80,109,10,25,32,124,18,36,58,81,88,61,79,106,66,38,47,76,72,125,20,7,116,4,67,108,63,117,29,60,51,77,34,5,64,23,111,107,75,112,41,49,16,52,68,59,94,83,91,45,89,71,103,57,84,113,100,101,65,24,15,97,31,95,33,42,21,121,93,82,22,119,40,8,85",20100,200
23,0,78969.69999596638,11.08105208611393,"37,5,85,11,28,114,96,116,89,16,29,106,82,63,109,77,4,46,19,92,87,12,67,48,42,33,88,17,111,118,80,101,58,93,18,83,24,90,50,97,107,102,49,76,70,27,95,9,40,13,22,32,20,39,91,74,81,6,68,31,86,38,66,64,73,54,78,26,105,71,10,79,56,8,55,21,36,104,108,120,94,34,45,113,2,23,69,30,53,125,117,7,3,112,61,123,41,65,84,47,121,59,99,72,119,110,43,98,15,124,52,115,14,25,122,75,62,35,51,60,57,44,100,103",20100,200
23,1,81393.1653036465,7.31967172235536,"119,5,85,11,28,114,96,116,89,16,29,106,82,63,109,77,4,46,19,92,87,12,67,48,111,17,88,33,42,118,80,104,58,93,18,83,24,90,50,97,107,102,44,76,70,27,95,9,40,57,22,32,20,91,39,74,6,81,68,31,86,38,66,64,73,54,78,26,105,71,10,79,56,8,55,21,36,101,108,120,94,34,45,113,2,23,69,30,53,125,117,7,3,112,61,123,41,65,84,47,121,59,99,72,37,110,43,98,15,124,52,115,14,75,122,25,62,35,51,60,13,49,100,103",20100,200
23,2,83157.64920549655,6.68344994848901,"37,5,85,11,28,114,96,116,89,16,29,125,106,63,109,77,4,46,19,92,87,12,67,48,111,17,88,33,42,118,80,104,58,93,18,83,24,90,50,97,107,102,82,76,70,27,95,9,40,13,22,32,20,91,39,74,6,81,68,31,86,38,66,64,73,54,78,26,105,71,10,79,56,8,55,21,36,101,108,120,94,34,45,112,7,117,49,53,30,69,23,2,113,3,61,123,41,65,84,47,121,59,99,72,119,110,43,98,15,124,52,115,14,75,122,25,62,35,51,60,57,44,100,103",20100,200
23,3,79843.12786092867,8.02658576055433,"37,5,85,11,28,114,96,116,89,16,29,106,82,63,109,77,4,46,19,92,87,12,67,48,111,17,88,33,42,118,80,101,58,93,18,83,24,90,50,97,107,102,49,76,70,27,95,9,40,13,22,32,20,91,39,74,6,81,68,31,86,38,66,64,73,54,78,26,105,71,10,79,56,8,55,21,36,104,108,120,94,34,45,113,2,23,69,30,53,125,117,7,3,112,61,123,41,65,84,47,121,59,99,72,119,110,43,98,15,124,52,115,14,75,122,25,62,35,51,60,57,44,100,103",20100,200
23,4,81819.06088750584,7.143678294659841,"37,5,85,11,28,114,96,116,89,16,29,106,49,63,109,77,4,46,19,92,87,12,67,48,111,17,88,33,42,118,80,104,58,93,18,83,24,90,50,97,107,102,44,76,70,27,95,9,40,13,22,32,20,91,39,74,6,81,68,31,86,38,66,64,73,54,78,26,105,71,10,79,56,8,55,21,36,101,108,120,94,34,45,113,2,23,69,30,53,125,117,7,3,112,61,123,41,65,84,47,121,59,99,72,119,110,43,98,15,124,52,115,14,75,122,25,62,35,51,60,57,82,100,103",20100,200
23,5,79443.71534673298,9.616999793705913,"37,5,85,11,28,114,96,116,89,16,29,125,106,63,109,77,4,46,19,92,87,12,67,48,42,33,88,17,111,118,80,101,58,93,18,83,24,90,50,97,107,102,49,76,70,27,95,9,40,13,22,32,20,39,91,74,81,6,68,31,86,38,66,64,73,54,78,26,105,71,10,79,56,8,55,21,36,108,104,120,94,34,45,113,2,23,69,30,53,82,117,7,3,112,61,123,41,65,84,47,121,59,99,72,119,110,43,98,15,124,52,115,14,75,122,25,62,35,51,60,57,44,100,103",20100,200
23,6,80341.31573943852,7.50365689849432,"37,5,85,11,28,114,96,116,89,16,29,106,82,63,109,77,4,46,19,92,87,12,67,48,111,17,88,33,42,118,80,104,58,93,18,83,24,90,50,97,107,102,49,76,70,27,95,9,40,13,22,32,20,91,39,74,6,81,68,31,86,38,66,64,73,54,78,26,105,71,10,79,56,8,55,21,36,101,108,120,94,34,45,113,2,23,69,30,53,125,117,7,3,112,61,123,41,65,84,47,121,59,99,72,119,110,43,98,15,124,52,115,14,75,122,25,62,35,51,60,57,44,100,103",20100,200
23,7,81530.34481303791,7.198612252752118,"37,5,85,11,28,114,96,116,89,16,29,125,106,63,109,77,4,46,19,92,87,12,67,48,111,17,88,33,42,118,80,104,58,93,18,83,24,90,50,97,107,102,44,76,70,27,95,9,40,13,22,32,20,91,39,74,6,81,68,31,86,38,66,64,73,54,78,26,105,71,10,79,56,8,55,21,36,101,108,120,112,34,45,113,2,23,69,30,53,49,117,7,3,94,61,123,41,65,84,47,121,59,99,72,119,110,43,98,15,124,52,115,14,75,122,25,62,35,51,60,57,82,100,103",20100,200
23,8,79260.4849295004,10.20110006851698,"119,5,85,11,28,114,96,116,89,16,29,106,44,63,109,77,4,46,19,92,87,12,67,48,111,17,88,33,42,118,80,101,58,93,18,83,24,90,50,97,107,102,49,76,70,27,95,9,40,13,22,32,20,91,39,74,6,81,68,31,86,38,66,64,73,54,78,26,105,71,10,79,56,8,55,21,36,104,108,120,94,34,45,113,2,23,69,30,53,82,117,7,3,112,61,123,41,65,84,47,121,59,99,72,37,110,43,98,15,124,52,115,14,25,122,75,62,35,51,60,57,125,100,103",20100,200
23,9,78767.5462487954,11.596839441509035,"37,5,85,11,28,114,96,116,89,16,29,125,106,63,109,77,4,46,19,92,87,12,67,48,111,17,88,33,42,118,80,101,58,93,18,83,24,90,50,97,107,102,49,76,70,27,95,9,40,13,22,32,20,39,91,74,81,6,68,31,86,38,66,64,73,54,78,26,105,71,10,79,56,8,55,21,36,104,108,120,94,34,45,113,69,23,2,30,53,82,117,7,3,112,61,123,41,65,84,47,121,59,99,72,119,110,43,98,15,124,52,115,14,25,122,75,62,35,51,60,57,44,100,103",20100,200
23,10,81442.61136366,7.261481203897992,"37,5,85,11,28,114,96,106,89,29,16,116,82,63,109,77,4,46,19,92,87,12,67,48,111,17,88,33,42,118,80,104,58,93,18,83,24,90,50,97,107,102,44,76,70,27,95,9,40,57,22,32,20,91,39,74,6,81,68,31,86,38,66,64,73,54,78,26,105,71,10,79,56,8,55,21,36,101,108,120,94,34,45,113,2,23,69,30,53,125,117,7,3,112,61,123,41,65,84,47,121,59,99,72,119,110,43,98,15,124,52,115,14,75,122,25,62,35,51,60,13,49,100,103",20100,200
23,11,82049.26482806983,7.045438253483933,"37,5,85,11,28,114,96,116,89,16,29,106,125,63,109,77,4,46,19,92,87,12,67,48,111,17,88,33,42,118,80,104,58,93,18,83,24,90,50,97,107,102,82,76,70,27,95,9,40,13,22,32,20,91,39,74,6,81,68,31,86,38,66,64,73,54,78,26,105,71,10,79,56,8,55,21,36,101,108,120,94,34,45,113,2,23,69,30,53,49,117,7,3,112,61,123,41,65,84,47,121,59,99,72,119,110,43,98,15,124,52,115,14,75,122,25,62,35,51,60,57,44,100,103",20100,200
23,12,78475.20052016887,13.26656837872142,"37,5,85,11,28,114,96,116,89,16,29,125,106,63,109,77,4,46,19,92,87,12,67,48,42,33,88,17,111,118,80,101,58,93,18,83,24,90,50,97,107,102,49,76,31,68,81,6,74,91,39,20,32,22,13,40,9,95,27,70,86,38,66,64,73,54,78,26,105,71,10,79,56,8,55,21,36,104,108,120,94,34,45,113,2,23,69,30,53,44,117,7,3,112,61,123,41,65,84,47,121,59,99,72,119,110,43,98,15,124,52,115,14,25,122,75,62,35,51,60,57,82,100,103",20100,200
23,13,79942.68612599076,8.015251760844155,"37,5,85,11,28,114,96,116,89,16,29,106,44,63,109,77,4,46,19,92,87,12,67,48,111,17,88,33,42,118,80,101,58,93,18,83,24,90,50,97,107,102,49,76,70,27,95,9,40,13,22,32,20,91,39,74,6,81,68,31,86,38,66,64,73,54,78,26,105,71,10,79,56,8,55,21,36,104,108,120,94,34,45,113,2,23,69,30,53,125,117,7,3,112,61,123,41,65,84,47,121,59,99,72,119,110,43,98,15,124,52,115,14,75,122,25,62,35,51,60,57,82,100,103",20100,200
23,14,80695.52776670166,7.4955756769649975,"37,5,85,11,28,114,119,116,89,16,29,82,106,63,109,77,4,46,19,92,87,12,67,48,111,17,88,33,42,118,80,104,58,93,18,83,24,90,50,97,107,102,49,76,70,27,95,9,40,13,22,32,20,91,39,74,6,81,68,31,86,38,66,64,73,54,78,26,105,71,10,79,56,8,55,21,36,101,108,120,94,34,45,113,2,23,69,30,53,125,117,7,3,112,61,123,41,65,84,47,121,59,99,72,96,110,43,98,15,124,52,115,14,75,122,25,62,35,51,60,57,44,100,103",20100,200
23,15,79488.71026996654,9.506075578856263,"37,5,85,11,28,114,96,116,89,16,29,125,106,63,109,77,4,46,19,92,87,12,67,48,111,17,88,33,42,118,80,101,58,93,18,83,24,90,50,97,107,102,49,76,70,27,95,9,40,13,22,32,20,39,91,74,81,6,68,31,86,38,66,64,73,54,78,26,105,71,10,79,56,8,55,21,36,108,104,120,94,34,45,113,2,23,69,30,53,82,117,7,3,112,61,123,41,65,84,47,121,59,99,72,119,110,43,98,15,124,52,115,14,75,122,25,62,35,51,60,57,44,100,103",20100,200
23,16,78955.81289937736,11.086520078743465,"37,5,85,11,28,114,96,116,89,16,29,125,106,63,109,77,4,46,19,92,87,12,67,48,111,17,88,33,42,118,80,101,58,93,18,83,24,90,50,97,107,102,49,76,70,27,95,9,40,13,22,32,20,91,39,74,6,81,68,31,86,38,66,64,73,54,78,26,105,71,10,79,56,8,21,55,36,104,108,120,94,34,45,113,2,23,69,30,53,44,117,7,3,112,61,123,41,65,84,47,121,59,99,72,119,110,43,98,15,124,52,115,14,25,122,75,62,35,51,60,57,82,100,103",20100,200
23,17,79001.94253829778,10.716824221558173,"96,5,85,11,28,114,119,116,89,16,29,125,82,63,109,77,4,46,19,92,87,12,67,48,111,17,88,33,42,118,80,101,58,93,18,83,24,90,50,97,107,102,49,76,70,27,95,9,40,13,22,32,20,91,39,74,6,81,68,31,86,38,66,64,73,54,78,26,105,71,10,79,56,8,55,21,36,104,108,120,112,34,45,113,2,23,69,30,53,44,117,7,3,94,61,123,41,65,84,47,121,59,99,72,37,110,43,98,115,52,124,15,14,25,122,75,62,35,51,60,57,106,100,103",20100,200
23,18,79738.3254809189,8.52458228970533,"37,5,85,11,28,114,96,116,89,16,29,106,82,63,109,77,4,46,19,92,87,12,67,48,111,17,88,33,42,118,80,101,58,93,18,83,24,90,50,97,107,102,49,76,70,27,95,9,40,13,22,32,20,91,39,74,6,81,68,31,86,38,66,64,73,54,78,26,105,71,10,79,56,8,55,21,36,104,108,120,94,34,45,113,2,23,69,30,53,125,117,7,3,112,61,123,41,119,72,99,59,121,47,84,65,110,43,98,15,124,52,115,14,75,122,25,62,35,51,60,57,44,100,103",20100,200
23,19,83035.49871241217,6.701561568498942,"37,5,85,11,28,114,96,116,89,16,29,106,125,63,109,77,4,46,19,92,87,12,67,48,111,17,88,33,42,118,80,104,58,93,18,83,24,90,50,97,107,102,44,76,70,27,95,9,40,13,22,32,20,91,39,74,6,81,68,31,86,38,66,64,73,54,78,26,105,71,10,79,56,8,55,21,36,101,108,120,94,34,45,112,7,117,49,53,30,69,23,2,113,3,61,123,41,65,84,47,121,59,99,72,119,110,43,98,15,124,52,115,14,75,122,25,62,35,51,60,57,82,100,103",20100,200
23,20,80209.50516975406,7.631792763808209,"37,5,85,11,28,114,96,116,89,16,29,82,106,63,109,77,4,46,19,92,87,12,67,48,111,17,88,33,42,118,80,104,58,93,18,83,24,90,50,97,107,102,49,76,70,27,95,9,40,13,22,32,20,91,39,74,6,81,68,31,86,38,66,64,73,54,78,26,105,71,10,79,56,8,55,21,36,101,108,120,112,34,45,113,2,23,69,30,53,125,117,7,3,94,61,123,41,65,84,47,121,59,99,72,119,110,43,98,15,124,52,115,14,75,122,25,62,35,51,60,57,44,100,103",20100,200
23,21,78679.49405868414,11.687938105301196,"37,5,85,11,28,114,96,116,89,16,29,125,106,63,109,77,4,46,19,92,87,12,67,48,42,33,88,17,111,118,80,101,58,93,18,83,24,90,50,97,107,102,49,76,70,27,95,9,40,13,22,32,20,39,91,74,81,6,68,31,86,38,66,64,73,54,78,26,105,71,10,79,56,8,55,21,36,108,104,120,94,34,45,113,2,23,69,30,53,82,117,7,3,112,61,123,41,65,84,47,121,59,99,72,119,110,43,98,15,124,52,115,14,25,122,75,62,35,51,60,57,44,100,103",20100,200
23,22,81869.85646821845,7.096863596753671,"96,5,85,11,28,114,37,116,89,16,29,125,106,63,109,77,4,46,19,92,87,12,67,48,111,17,88,33,42,118,80,104,58,93,18,83,24,90,50,97,107,102,44,76,70,27,95,9,40,13,22,32,20,91,39,74,6,81,68,31,86,38,66,64,73,54,78,26,105,71,10,79,56,8,55,21,36,101,108,120,94,34,45,113,2,23,69,30,53,49,117,7,3,112,61,123,41,65,84,47,121,59,99,72,119,110,43,98,15,124,52,115,14,75,122,25,62,35,51,60,57,82,100,103",20100,200
23,23,79798.1329376951,8.157652302761232,"37,5,85,11,28,114,96,116,89,16,29,106,82,63,109,77,4,46,19,92,87,12,67,48,42,33,88,17,111,118,80,101,58,93,18,83,24,90,50,97,107,102,49,76,70,27,95,9,40,13,22,32,20,91,39,74,6,81,68,31,86,38,66,64,73,54,78,26,105,71,10,79,56,8,55,21,36,104,108,120,94,34,45,113,2,23,69,30,53,125,117,7,3,112,61,123,41,65,84,47,121,59,99,72,119,110,43,98,15,124,52,115,14,75,122,25,62,35,51,60,57,44,100,103",20100,200
23,24,78786.76297924173,11.157360128280326,"37,5,85,11,28,114,96,116,89,16,29,125,106,63,109,77,4,46,19,92,87,12,67,48,42,33,88,17,111,118,80,101,58,93,18,83,24,90,50,97,107,102,49,76,70,27,95,9,40,13,22,32,20,91,39,74,6,81,68,31,86,38,66,64,73,54,78,26,105,71,10,79,56,8,55,21,36,104,108,120,94,34,45,113,69,23,2,30,53,82,117,7,3,112,61,123,41,65,84,47,121,59,99,72,119,110,43,98,15,124,52,115,14,25,122,75,62,35,51,60,57,44,100,103",20100,200
23,25,78487.46098569922,11.995024986471641,"37,5,85,96,114,28,11,116,89,16,29,125,106,63,109,77,4,46,19,92,87,12,67,48,42,33,88,17,111,118,80,101,58,93,18,83,24,90,50,97,107,102,49,76,70,27,95,9,40,13,22,32,20,39,91,74,81,6,68,31,86,38,66,64,73,54,78,26,105,71,10,79,56,8,55,21,36,104,108,120,94,34,45,113,2,23,69,30,53,82,117,7,3,112,61,123,41,65,84,47,121,59,99,72,119,110,43,98,15,124,52,115,14,25,122,75,62,35,51,60,57,44,100,103",20100,200
23,26,82774.00786623215,6.87124135505458,"96,5,85,11,28,114,37,116,89,16,29,125,106,63,109,77,4,46,19,92,87,12,67,48,111,17,88,33,42,118,80,104,58,93,18,83,24,90,50,97,107,102,82,76,70,27,95,9,40,13,22,32,20,91,39,74,6,81,68,31,86,38,66,64,73,54,78,26,105,71,10,79,56,8,55,21,36,101,108,120,94,34,45,113,2,23,69,30,65,41,123,61,112,3,7,117,49,53,84,47,121,59,99,72,119,110,43,98,15,124,52,115,14,75,122,25,62,35,51,60,57,44,100,103",20100,200
23,27,78373.7458664282,13.423250527689232,"37,5,85,11,28,114,96,116,89,16,29,125,106,63,109,77,4,46,19,92,87,12,67,48,42,33,88,17,111,118,80,101,58,93,18,83,24,90,50,97,107,102,49,9,95,27,70,76,40,13,22,32,20,39,91,74,81,6,68,31,86,38,66,64,73,54,78,26,105,71,10,79,56,8,21,55,36,104,108,120,94,34,45,113,2,23,69,30,53,44,117,7,3,112,61,123,41,65,84,47,121,59,99,72,119,110,43,98,15,124,52,115,14,25,122,75,62,35,51,60,57,82,100,103",20100,200
23,28,82726.9748409288,6.880055950399272,"96,5,85,11,28,114,119,116,89,16,29,125,106,63,109,77,4,46,19,92,87,12,67,48,111,17,88,33,42,118,80,104,58,93,18,83,24,90,50,97,107,102,82,76,70,27,95,9,40,13,22,32,20,91,39,74,6,81,68,31,86,38,66,64,73,54,78,26,105,71,10,79,56,8,55,21,36,101,108,120,94,34,45,113,2,23,69,30,65,41,123,61,112,3,7,117,49,53,84,47,121,59,99,72,37,110,43,98,15,124,52,115,14,75,122,25,62,35,51,60,57,44,100,103",20100,200
23,29,79838.83369132935,8.146500654325601,"37,5,85,11,28,114,96,116,89,16,29,106,44,63,109,77,4,46,19,92,87,12,67,48,42,33,88,17,111,118,80,101,58,93,18,83,24,90,50,97,107,102,49,76,70,27,95,9,40,13,22,32,20,91,39,74,6,81,68,31,86,38,66,64,73,54,78,26,105,71,10,79,56,8,55,21,36,108,104,120,94,34,45,113,2,23,69,30,53,125,117,7,3,112,61,123,41,65,84,47,121,59,99,72,119,110,43,98,15,124,52,115,14,75,122,25,62,35,51,60,57,82,100,103",20100,200
23,30,79078.90657287983,10.418603125791174,"37,5,85,11,28,114,96,116,89,16,29,106,82,63,109,77,4,46,19,92,87,12,67,48,111,17,88,33,42,118,80,101,58,93,18,83,24,90,50,97,107,102,49,76,70,27,95,9,40,13,22,32,20,91,39,74,6,81,68,31,86,38,66,64,73,54,78,26,105,71,10,79,56,8,55,21,36,104,108,120,94,34,45,113,2,23,69,30,53,125,117,7,3,112,61,123,41,65,84,47,121,59,99,72,119,110,43,98,15,124,52,115,14,25,122,75,62,35,51,60,57,44,100,103",20100,200
23,31,83183.75510800075,6.665289113874469,"37,5,85,11,28,114,96,116,89,16,29,106,125,63,109,77,4,46,19,92,87,12,67,48,111,17,88,33,42,118,80,104,58,93,18,83,24,90,50,97,107,102,44,76,70,27,95,9,40,13,22,32,20,91,39,74,6,81,68,31,86,38,66,64,73,54,78,26,105,71,10,79,56,8,55,21,36,101,108,120,94,34,45,113,2,23,69,30,65,41,123,61,3,112,7,117,49,53,84,47,121,59,99,72,119,110,43,98,15,124,52,115,14,75,122,25,62,35,51,60,57,82,100,103",20100,200
23,32,79550.98426729057,8.964679186168764,"37,5,85,11,28,114,96,116,89,16,29,125,106,63,109,77,4,46,19,92,87,12,67,48,42,33,88,17,111,118,80,101,58,93,18,83,24,90,50,97,107,102,49,76,70,27,95,9,40,13,22,32,20,91,39,74,6,81,68,31,86,38,66,64,73,54,78,26,105,71,10,79,56,8,55,21,36,104,108,120,94,34,45,113,69,23,2,30,53,82,117,7,3,112,61,123,41,65,84,47,121,59,99,72,119,110,43,98,15,124,52,115,14,75,122,25,62,35,51,60,57,44,100,103",20100,200
23,33,79634.47304625748,8.648104725034838,"37,5,85,11,28,114,96,116,89,16,29,106,82,63,109,77,4,46,19,92,87,12,67,48,42,33,88,17,111,118,80,101,58,93,18,83,24,90,50,97,107,102,49,76,70,27,95,9,40,13,22,32,20,91,39,74,6,81,68,31,86,38,66,64,73,54,78,26,105,71,10,79,56,8,55,21,36,108,104,120,94,34,45,113,2,23,69,30,53,125,117,7,3,112,61,123,41,119,72,99,59,121,47,84,65,110,43,98,15,124,52,115,14,75,122,25,62,35,51,60,57,44,100,103",20100,200
23,34,79552.92192364643,8.845578601183494,"37,5,85,11,28,114,96,116,89,16,29,125,106,63,109,77,4,46,19,92,87,12,67,48,111,17,88,33,42,118,80,101,58,93,18,83,24,90,50,97,107,102,49,76,70,27,95,9,40,13,22,32,20,91,39,74,6,81,68,31,86,38,66,64,73,54,78,26,105,71,10,79,56,8,55,21,36,108,104,120,94,34,45,113,2,23,69,30,53,82,117,7,3,112,61,123,41,65,84,47,121,59,99,72,119,110,43,98,15,124,52,115,14,75,122,25,62,35,51,60,57,44,100,103",20100,200
24,0,76093.4589693882,11.45486611704442,"74,114,63,125,35,20,90,14,106,18,46,55,11,70,68,27,7,53,54,22,62,111,92,69,109,78,58,99,66,42,73,59,65,48,98,24,67,61,9,113,81,124,30,108,6,85,83,87,94,4,123,40,115,91,36,51,16,23,96,76,110,56,37,47,64,105,33,82,93,49,29,71,89,79,17,2,41,121,8,19,107,44,3,12,75,39,28,86,72,97,122,21,119,13,34,26,118,101,95,25,120,38,31,88,32,15,77,104,50,60,84,112,100,5,102,57,103,43,116,52,10,117,45,80",20100,200
24,1,77531.0724644884,10.096594994684349,"74,114,63,125,35,20,90,14,106,18,46,55,11,70,68,27,7,53,102,22,62,111,92,69,109,78,42,99,98,24,73,59,66,48,65,58,67,61,9,113,81,124,30,108,6,85,83,94,87,4,93,82,33,105,64,47,37,56,110,76,96,23,16,40,36,51,115,123,91,49,29,71,89,79,17,2,41,121,8,19,107,44,3,12,75,39,28,86,72,97,122,21,119,13,34,26,118,101,95,25,120,38,31,88,32,15,77,104,50,60,84,112,100,5,54,57,103,43,116,52,10,117,45,80",20100,200
24,2,78165.0384427519,9.835095793868193,"74,114,63,125,35,20,90,14,106,18,46,55,11,70,68,27,7,53,102,22,62,111,92,69,109,78,58,99,66,42,73,59,65,48,98,24,67,83,85,6,108,30,124,81,113,9,61,94,87,4,93,82,33,105,64,47,37,56,54,76,96,23,16,40,36,51,115,91,123,49,29,71,89,79,17,2,41,38,8,19,107,44,3,12,75,39,28,86,72,97,122,21,119,13,34,26,95,101,118,25,120,121,31,88,32,15,77,104,50,60,84,112,100,5,110,57,103,43,116,52,10,117,45,80",20100,200
24,3,79271.816293237,9.648458200054565,"74,114,63,125,35,20,90,14,106,18,46,55,11,70,68,27,7,53,102,22,62,111,92,69,109,78,42,99,98,24,73,59,65,48,66,58,67,83,85,6,108,124,30,81,113,9,61,87,94,4,123,40,115,91,36,51,16,23,110,76,96,56,37,47,64,105,33,82,93,49,29,71,89,79,17,2,41,121,8,19,107,44,3,12,75,39,28,86,72,97,122,21,119,13,34,26,118,101,95,60,77,15,32,88,31,38,120,104,50,25,84,112,100,5,54,57,103,43,116,52,10,117,45,80",20100,200
24,4,76094.11427814627,11.192612019542997,"74,114,63,125,35,20,90,14,106,18,46,55,11,70,68,27,7,53,102,22,62,111,92,69,109,78,58,99,66,42,73,59,65,48,98,24,67,61,9,113,81,124,30,108,6,85,83,87,94,4,123,40,115,91,36,51,16,23,96,76,110,56,37,47,64,105,33,82,93,49,29,71,89,79,17,2,41,121,8,19,107,44,3,12,75,39,28,86,72,97,122,21,119,13,34,26,118,101,95,25,120,38,31,88,32,15,77,104,50,60,84,112,100,5,54,57,103,117,116,52,10,43,45,80",20100,200
24,5,83290.24624498896,7.988743228160041,"74,114,63,125,35,20,102,53,7,27,68,70,11,55,46,18,106,14,90,22,62,111,92,69,109,78,42,99,65,59,73,24,98,48,66,58,67,83,85,6,81,124,30,108,113,9,61,94,87,4,93,82,33,105,64,47,37,56,54,76,96,23,16,40,36,51,115,91,123,49,29,71,89,79,17,2,41,38,95,19,107,44,3,12,75,39,28,86,72,97,122,21,119,13,34,26,8,101,118,25,120,121,31,88,32,15,77,104,50,60,84,112,100,5,110,57,103,43,116,52,10,117,45,80",20100,200
24,6,83221.9558048231,8.312204619606051,"74,114,63,125,35,20,102,53,7,27,68,70,11,55,46,18,106,14,90,22,62,111,92,69,109,78,42,99,65,59,73,24,98,48,66,58,67,83,85,6,81,124,30,108,113,9,61,91,87,115,123,40,4,94,36,51,16,23,110,76,96,56,37,47,64,105,33,82,93,49,29,71,89,79,17,2,41,121,8,19,107,44,3,12,75,39,28,86,72,97,122,21,119,13,34,26,95,101,118,25,120,38,31,88,32,15,77,104,50,60,84,112,100,5,54,57,103,117,116,52,10,43,45,80",20100,200
24,7,76814.0674822199,10.421511270125446,"74,114,63,125,35,20,90,14,106,18,46,55,11,70,68,27,7,53,102,22,62,111,92,69,109,78,58,99,66,42,73,30,123,81,113,124,61,67,24,98,48,65,59,108,6,85,83,9,91,4,87,94,115,51,36,40,16,23,110,76,96,56,37,47,64,105,33,82,93,49,29,71,89,79,17,2,41,121,8,19,107,44,3,12,75,39,28,86,72,97,122,21,119,13,34,26,118,101,95,25,120,38,31,88,32,15,77,104,50,60,84,112,100,5,54,57,103,43,116,52,10,117,45,80",20100,200
24,8,76187.55118574353,10.488176035292843,"74,114,63,125,35,20,90,14,106,18,46,55,11,70,68,27,7,53,102,22,62,111,92,69,109,78,58,99,66,42,73,59,65,48,98,24,67,61,9,113,81,124,30,108,6,85,83,94,87,4,93,82,33,105,64,47,37,56,54,76,96,23,16,40,36,51,115,91,123,49,29,71,89,79,17,2,41,38,8,19,107,44,3,12,75,39,28,86,72,97,122,21,119,13,34,26,118,101,95,25,120,121,31,88,32,15,77,104,50,60,84,112,100,5,110,57,103,43,116,52,10,117,45,80",20100,200
24,9,83282.69618388823,8.060492138634467,"74,114,63,125,35,20,102,53,7,27,68,70,11,55,46,18,106,14,90,22,62,111,92,69,109,78,42,99,65,59,73,24,98,48,66,58,67,83,85,6,81,124,30,108,113,9,61,94,87,4,93,82,33,105,64,47,37,56,110,76,96,23,16,40,36,123,115,51,91,49,29,71,89,79,17,2,41,38,8,19,107,44,3,12,75,39,28,86,72,97,122,21,119,13,34,26,95,101,118,25,120,121,31,88,32,15,77,104,50,60,84,112,100,5,54,57,103,117,116,52,10,43,45,80",20100,200
24,10,79354.1217916198,9.270449314174854,"74,114,63,125,35,20,90,14,106,18,46,55,11,70,68,27,7,53,102,22,62,111,92,69,109,78,42,99,98,24,73,59,66,48,65,58,67,83,85,6,81,30,124,108,113,9,61,94,87,4,93,82,33,105,64,47,37,56,110,76,96,23,16,40,36,123,115,51,91,49,29,71,89,79,17,2,41,38,8,19,107,44,3,12,75,39,28,86,72,97,122,21,119,13,34,26,118,101,95,25,120,121,31,88,32,15,77,104,50,60,84,112,100,5,54,57,103,43,116,52,10,117,45,80",20100,200
24,11,80914.0837081149,8.852427515146761,"74,114,63,125,35,20,54,53,106,18,46,55,11,70,68,27,91,14,90,22,62,111,92,69,109,78,42,99,98,24,73,59,65,48,66,58,67,61,9,113,81,124,30,108,6,85,83,7,123,115,40,87,4,94,36,51,16,23,110,76,96,56,37,47,64,105,33,82,93,49,29,71,89,79,17,2,41,121,8,19,107,44,3,12,75,39,28,86,72,97,122,21,119,13,34,26,118,101,95,25,120,38,31,88,32,15,77,104,50,60,84,112,100,5,102,57,103,43,116,52,10,117,45,80",20100,200
24,12,82422.83309425013,8.388413015042085,"74,114,63,125,35,20,102,53,7,27,68,70,11,55,46,18,106,14,90,22,62,111,92,69,109,78,42,99,98,24,73,59,65,48,66,58,67,83,85,6,108,30,124,81,113,9,61,94,87,4,93,82,33,105,64,47,37,56,110,76,96,23,16,40,36,51,115,91,123,49,29,71,89,79,17,2,41,121,8,19,107,44,3,12,75,39,28,86,72,97,122,21,119,13,34,26,118,101,95,25,120,38,31,88,32,15,77,104,50,60,84,112,100,5,54,57,103,43,116,52,10,117,45,80",20100,200
24,13,76821.02818107688,10.392393205960362,"74,114,63,125,35,20,90,14,106,18,46,55,11,70,68,27,7,53,102,22,62,111,92,69,109,78,58,99,66,42,73,30,123,81,113,124,61,67,24,98,48,65,59,108,6,85,83,9,91,4,87,94,115,51,36,40,16,23,110,76,96,56,37,47,64,105,33,82,93,49,29,71,89,79,17,2,41,121,8,19,107,44,3,12,75,39,28,86,72,97,122,21,119,13,34,26,118,101,95,60,77,15,32,88,31,38,120,104,50,25,84,112,100,5,54,57,103,43,116,52,10,117,45,80",20100,200
24,14,77775.70989951969,9.89652618279187,"74,114,63,125,35,20,90,14,106,18,46,55,11,70,68,27,7,53,102,22,62,111,92,69,109,78,58,99,66,42,73,59,65,48,98,24,67,83,85,6,108,30,124,81,113,9,61,94,87,4,93,82,33,105,64,47,37,56,54,76,96,23,16,40,36,51,115,123,91,49,29,71,89,79,17,2,41,121,8,19,107,44,3,12,75,39,28,86,72,97,122,21,119,13,34,26,95,101,118,25,120,38,31,88,32,15,77,104,50,60,84,112,100,5,110,57,103,43,116,52,10,117,45,80",20100,200
24,15,78887.01077897685,9.74222394817436,"74,114,63,125,35,20,90,14,106,18,46,55,11,70,68,27,7,53,102,22,62,111,92,69,109,78,42,99,98,24,73,59,65,48,66,58,67,83,85,6,108,30,124,81,113,9,61,94,87,4,93,82,33,105,64,47,37,56,54,76,96,23,16,40,36,123,115,51,91,49,29,71,89,79,17,2,41,121,95,19,107,44,3,12,75,39,28,86,72,97,122,21,119,13,34,26,118,101,8,25,120,38,31,88,32,15,77,104,50,60,84,112,100,5,110,57,103,43,116,52,10,117,45,80",20100,200
24,16,79513.93850928439,8.968058818469776,"74,114,63,125,35,20,90,14,106,18,46,55,11,70,68,27,7,53,102,22,62,111,92,69,109,78,42,99,98,24,73,59,65,48,66,58,67,83,85,6,108,30,124,81,113,9,61,94,87,4,93,82,33,105,64,47,37,56,54,76,96,23,16,40,36,51,115,91,123,49,29,71,89,79,17,2,41,38,8,19,107,44,3,12,75,39,28,86,72,97,122,21,119,13,34,26,95,101,118,25,120,121,31,88,32,15,77,104,50,60,84,112,100,5,110,57,103,43,116,52,10,117,45,80",20100,200
25,0,76593.63431874439,7.352720584926371,"48,122,78,33,69,36,54,96,47,100,124,87,49,84,93,79,14,112,61,97,105,2,118,21,76,94,64,59,66,85,19,104,74,7,125,91,39,123,113,81,99,73,68,24,52,3,115,51,88,75,44,111,20,67,71,46,40,23,80,92,8,108,41,58,119,110,95,22,13,37,83,57,32,101,17,42,120,55,9,72,98,18,35,50,117,60,12,38,5,56,11,34,31,65,90,43,29,106,16,121,70,116,86,27,4,15,89,10,102,62,107,77,26,6,114,109,28,53,45,25,63,30,82,103",20100,200
25,1,76931.3724879266,7.280109889280518,"48,122,78,33,69,36,54,96,47,100,124,87,49,84,93,79,14,112,99,97,105,59,74,85,19,104,118,2,64,94,76,21,66,7,125,91,39,44,113,73,61,51,68,24,52,3,115,123,81,75,88,111,20,67,71,46,40,23,80,92,8,108,41,58,119,110,95,22,13,37,83,57,32,101,17,42,120,55,9,72,86,18,35,50,98,60,12,38,5,56,11,34,31,65,90,43,29,106,16,121,70,116,117,27,4,15,89,10,102,62,107,77,26,6,114,109,28,30,63,25,45,53,82,103",20100,200
25,2,81009.17895193689,6.093028803476971,"48,122,78,33,69,36,54,96,47,100,124,87,49,84,93,79,14,112,99,97,105,2,118,21,76,94,64,59,66,85,19,104,74,7,125,91,39,44,113,73,61,117,116,24,52,3,20,111,81,75,88,123,115,67,71,46,40,110,119,58,41,108,8,92,80,23,95,22,37,13,83,57,32,101,17,42,120,55,70,72,98,18,35,50,86,65,38,11,90,56,12,34,31,5,60,43,29,106,16,121,9,68,51,27,4,15,89,10,102,62,107,77,26,6,114,109,28,30,45,25,63,53,82,103",20100,200
25,3,74966.1769766038,9.714679613862724,"48,122,78,33,69,36,54,96,47,100,124,87,49,84,93,79,14,112,61,97,105,59,66,85,19,104,118,2,64,94,76,21,74,7,125,91,39,123,113,81,99,73,68,24,52,3,115,51,88,75,44,111,20,67,71,46,40,23,80,92,8,108,41,58,119,110,95,22,13,37,83,57,32,101,17,42,120,55,9,72,86,18,35,50,98,60,12,38,5,56,11,34,31,65,90,43,29,106,16,121,70,116,117,27,4,15,89,10,102,62,107,77,26,6,114,109,28,53,45,25,63,30,82,103",20100,200
25,4,76372.89962014135,7.3824115301167,"48,122,78,33,69,36,54,96,47,100,124,87,49,84,93,79,14,112,61,97,105,59,74,85,19,104,118,2,64,94,76,21,66,7,125,91,39,111,113,81,71,67,115,123,44,75,88,51,20,3,52,24,68,73,99,46,40,23,80,92,8,108,41,58,119,110,95,22,13,37,83,57,32,101,17,42,120,55,9,72,98,18,35,50,117,60,12,38,5,56,11,34,31,65,90,43,29,106,16,121,70,116,86,27,4,15,89,10,102,62,107,77,26,6,114,109,28,53,45,25,63,30,82,103",20100,200
25,5,78447.28903154698,6.324555320336759,"48,122,78,33,69,36,54,96,47,100,124,87,49,84,93,79,14,112,99,97,105,2,118,21,76,94,64,59,66,85,19,104,74,7,125,91,39,44,113,73,61,117,116,24,52,3,20,111,81,75,88,123,115,67,71,46,40,110,119,58,41,108,8,92,80,23,95,22,13,37,83,57,32,101,17,42,120,55,9,72,98,18,35,50,86,60,12,38,5,56,11,34,31,65,90,43,29,106,16,121,70,68,51,27,4,15,89,10,102,62,107,77,26,6,114,109,28,30,63,25,45,53,82,103",20100,200
25,6,75287.17019911758,7.75806032459145,"48,122,78,33,69,36,54,96,47,100,124,87,49,84,93,79,14,112,61,97,105,59,74,104,19,85,118,2,64,94,76,21,66,7,125,91,39,123,113,81,99,73,68,24,52,3,115,51,88,75,44,111,20,67,71,46,40,23,80,92,8,108,41,58,119,110,95,22,13,37,83,57,32,101,17,42,120,55,9,72,86,18,35,50,98,60,12,38,5,56,11,34,31,65,117,43,29,106,16,121,70,116,90,27,4,15,89,10,102,62,107,77,26,6,114,109,28,53,45,25,63,30,82,103",20100,200
25,7,76892.56688205643,7.2886898685566255,"33,78,122,48,69,36,54,96,47,100,124,87,49,84,93,79,14,112,99,97,105,59,74,85,19,104,118,2,64,94,76,21,66,7,125,91,39,123,113,81,61,73,68,24,52,3,20,111,44,75,88,51,115,67,71,46,40,23,80,92,8,108,41,58,119,110,95,22,13,37,83,57,32,101,17,42,120,55,70,72,98,18,35,50,117,60,12,38,5,56,11,34,31,65,90,43,29,106,16,121,9,116,86,27,4,15,89,10,102,62,107,77,26,6,114,109,28,53,45,25,63,30,82,103",20100,200
25,8,81002.52359687336,6.144102863722254,"48,122,78,33,69,36,54,96,47,100,124,87,49,84,93,79,14,112,99,97,105,2,118,21,76,94,64,59,66,85,19,104,74,7,125,91,39,44,113,73,61,51,116,24,52,3,20,111,81,75,88,123,115,67,71,46,40,110,119,58,41,108,8,92,80,23,95,22,37,13,83,57,32,101,17,42,120,55,70,72,98,18,35,50,86,65,38,11,90,56,12,34,31,5,60,43,29,106,16,121,9,68,117,27,4,15,89,10,102,62,107,77,26,6,114,109,28,53,45,25,63,30,82,103",20100,200
25,9,75677.48595487249,7.591113225344488,"48,122,78,33,69,36,54,96,47,100,124,87,49,84,93,79,14,112,61,97,105,59,74,85,19,104,118,2,64,94,76,21,66,7,125,91,39,111,113,81,71,67,115,123,44,75,88,51,20,3,52,24,68,73,99,46,40,23,80,92,8,108,41,58,119,110,95,22,13,37,83,57,32,101,17,42,120,55,9,72,86,18,35,50,98,60,12,38,5,56,11,34,31,65,43,90,29,106,16,121,70,116,117,27,4,15,89,10,62,102,107,77,26,6,114,109,28,53,45,25,63,30,82,103",20100,200
25,10,75537.97803285284,7.721722605740251,"33,78,122,48,69,36,54,96,47,100,124,87,49,84,93,79,14,112,61,97,105,59,74,85,19,104,118,2,64,94,76,21,66,7,125,91,39,123,113,81,99,73,68,24,52,3,115,51,88,75,44,111,20,67,71,46,40,23,80,92,8,108,41,58,119,110,95,22,13,37,83,57,32,101,17,42,120,55,9,72,86,18,35,50,98,60,12,38,5,56,11,34,31,65,90,43,29,106,16,121,70,116,117,27,4,15,89,10,102,62,107,77,26,6,114,109,28,53,45,25,63,30,82,103",20100,200
25,11,79188.21332586778,6.189709201569974,"48,122,78,33,69,36,54,96,47,100,124,87,49,84,93,79,14,112,99,97,105,2,118,21,76,94,64,59,66,85,19,104,74,7,125,91,39,44,113,73,61,117,116,24,52,3,20,111,81,75,88,123,115,67,71,46,40,23,80,92,8,108,41,58,119,110,95,22,37,13,83,57,32,101,17,42,120,55,70,72,98,18,35,50,86,60,12,38,5,56,11,34,31,65,43,90,29,106,16,121,9,68,51,27,4,15,89,10,102,62,107,77,26,6,114,109,28,53,45,25,63,30,82,103",20100,200
25,12,78015.5127232334,6.383572667401852,"48,122,78,33,69,36,54,96,47,100,124,87,49,84,93,79,14,112,99,97,105,59,74,85,19,104,118,2,64,94,76,21,66,7,125,91,39,44,113,73,61,117,116,24,52,3,20,111,81,75,88,123,115,67,71,46,40,23,80,92,8,108,41,58,119,110,95,22,13,37,83,57,32,101,17,42,120,55,70,72,86,18,35,50,98,60,12,38,5,56,11,34,31,65,90,43,29,106,16,121,9,68,51,27,4,15,89,10,102,62,107,77,26,6,114,109,28,53,45,25,63,30,82,103",20100,200
25,13,77006.62315204607,6.708203932499369,"48,78,122,33,69,36,54,96,47,100,124,87,49,84,93,79,14,112,61,97,105,59,74,85,19,104,118,2,64,94,76,21,66,7,125,91,39,123,113,81,99,73,116,24,52,3,115,117,88,75,44,111,20,67,71,46,40,23,80,92,8,108,41,58,119,110,95,22,13,37,83,57,32,101,17,42,120,55,70,72,86,18,35,50,98,60,12,38,5,56,11,34,31,65,90,43,29,106,16,121,9,68,51,27,4,15,89,10,102,62,107,77,26,6,114,109,28,53,45,25,63,30,82,103",20100,200
25,14,76159.46977676335,7.574628703771558,"33,78,122,48,69,36,54,96,47,100,124,87,49,84,93,79,14,112,61,97,105,59,74,85,19,104,118,2,64,94,76,21,66,7,125,91,39,123,113,81,99,73,68,24,52,3,115,51,88,75,44,111,20,67,71,46,40,23,80,92,8,108,41,58,119,110,95,22,13,37,83,57,32,101,17,42,120,55,70,72,98,18,35,50,86,60,12,38,5,56,11,34,31,65,90,43,106,29,16,121,9,116,117,27,4,15,89,10,102,62,107,77,26,6,114,109,28,53,45,25,63,30,82,103",20100,200
25,15,74622.88042780121,12.095970403402944,"48,122,78,33,69,36,54,96,47,100,124,87,49,84,93,79,14,112,61,97,105,59,74,85,19,58,41,108,8,92,80,23,40,46,71,67,20,111,44,75,88,51,115,3,52,24,72,86,50,35,18,98,39,91,125,7,66,21,76,94,64,2,118,104,119,110,95,22,13,37,83,57,32,101,17,42,120,55,9,68,73,113,81,99,123,60,12,38,5,56,11,34,31,65,90,43,29,106,16,121,70,116,117,27,4,15,89,10,102,62,107,77,26,6,114,109,28,30,63,25,45,53,82,103",20100,200
26,0,78436.96802153208,9.639031458418527,"30,81,40,92,26,6,101,88,125,116,117,44,17,72,69,80,110,56,32,93,115,4,58,35,27,61,86,118,47,95,114,51,10,12,75,100,50,124,82,60,71,7,89,68,43,29,67,106,113,11,78,8,119,102,96,49,2,66,97,107,112,111,5,85,20,39,77,15,53,99,64,91,13,76,33,59,37,19,87,36,25,45,57,103,94,9,55,38,121,120,105,104,79,83,63,62,48,24,18,74,34,65,109,22,98,16,3,52,54,31,46,108,70,23,28,42,73,122,41,14,84,90,123,21",20100,200
26,1,77224.27493261223,11.91136534684748,"110,80,69,72,17,44,117,116,125,88,81,40,92,26,6,101,30,56,32,93,115,4,29,35,27,61,53,118,47,95,114,51,10,12,75,100,50,124,82,60,71,7,89,68,48,43,67,106,113,11,78,8,119,102,96,42,85,20,97,112,107,111,5,2,66,39,77,15,86,99,64,91,13,76,33,59,37,19,87,36,25,45,57,103,94,9,55,38,121,120,105,104,79,83,63,62,58,24,18,74,34,65,109,22,98,16,3,52,54,31,46,108,70,23,28,49,73,122,41,14,84,90,123,21",20100,200
26,2,79610.3119985709,9.276984564388213,"30,101,6,26,92,40,55,88,125,116,117,44,17,72,69,80,110,56,32,93,115,4,58,35,27,61,86,118,47,95,114,51,10,12,75,100,50,124,82,60,71,7,89,68,48,62,67,106,113,11,78,8,119,102,96,49,2,66,97,107,112,111,5,85,20,39,77,15,53,38,64,94,13,76,33,59,37,19,87,36,25,29,43,83,91,9,103,99,104,105,120,121,79,81,18,24,45,57,63,74,34,65,109,22,98,16,3,52,54,31,46,108,70,23,28,42,73,122,41,14,84,90,123,21",20100,200
26,3,79610.3119985709,9.276984564388213,"26,6,101,30,92,40,55,88,125,116,117,44,17,72,69,80,110,56,32,93,115,4,58,35,27,61,86,118,47,95,114,51,10,12,75,100,50,124,82,60,71,7,89,68,48,62,67,106,113,11,78,8,119,102,96,49,2,66,97,107,112,111,5,85,20,39,77,15,53,38,64,94,13,76,33,59,37,19,87,36,25,29,43,83,91,9,103,99,104,105,120,121,79,81,18,24,45,57,63,74,34,65,109,22,98,16,3,52,54,31,46,108,70,23,28,42,73,122,41,14,84,90,123,21",20100,200
26,4,77980.95410987144,10.26624449062219,"30,101,92,26,6,40,81,88,125,116,117,44,17,72,69,80,110,56,32,93,115,4,58,35,27,61,86,118,47,95,114,51,10,12,75,100,50,124,82,60,71,7,89,68,48,29,67,106,113,11,78,8,119,102,96,64,111,112,107,97,66,2,49,85,20,39,77,15,53,99,42,91,13,76,33,59,37,19,87,36,25,45,57,103,94,9,55,38,121,120,105,104,79,83,63,62,43,24,18,74,34,65,109,22,98,16,3,52,54,31,46,108,70,23,28,5,73,122,41,14,84,90,123,21",20100,200
26,5,80599.56205497382,7.79677595773855,"30,101,6,26,92,40,55,88,125,116,117,44,17,72,69,80,110,56,32,93,115,4,58,35,27,61,86,118,47,95,114,51,10,12,75,100,50,124,82,60,71,7,89,68,62,45,67,106,113,11,78,8,112,107,97,66,2,42,96,102,119,111,5,85,20,39,77,15,53,38,64,94,13,76,33,59,37,19,87,36,25,29,43,83,91,9,103,99,104,105,120,121,79,81,109,65,34,74,18,24,48,57,63,22,98,16,3,52,54,31,46,108,70,23,28,49,73,122,41,14,84,90,123,21",20100,200
26,6,80599.56205497382,7.79677595773855,"26,6,101,30,92,40,55,88,125,116,117,44,17,72,69,80,110,56,32,93,115,4,58,35,27,61,86,118,47,95,114,51,10,12,75,100,50,124,82,60,71,7,89,68,62,45,67,106,113,11,78,8,112,107,97,66,2,42,96,102,119,111,5,85,20,39,77,15,53,38,64,94,13,76,33,59,37,19,87,36,25,29,43,83,91,9,103,99,104,105,120,121,79,81,109,65,34,74,18,24,48,57,63,22,98,16,3,52,54,31,46,108,70,23,28,49,73,122,41,14,84,90,123,21",20100,200
26,7,80205.69648154701,8.03036020562836,"30,55,40,92,26,6,101,88,125,116,117,44,17,72,69,80,110,56,32,93,115,4,58,35,27,61,86,118,47,95,114,51,10,12,75,100,50,124,82,60,71,7,89,68,62,45,67,106,113,11,78,8,119,102,96,64,111,112,107,97,66,2,49,85,20,39,77,15,53,38,5,94,13,76,33,59,37,19,87,36,25,29,43,83,91,9,103,99,104,105,120,121,79,81,109,65,34,74,18,24,57,48,63,22,98,16,3,52,54,31,46,108,70,23,28,42,73,122,41,14,84,90,123,21",20100,200
26,8,79769.86328397579,8.927418789564024,"88,101,6,26,92,40,81,30,125,116,117,44,17,72,69,80,110,56,32,93,115,4,58,35,27,61,86,118,47,95,114,51,10,12,75,100,50,124,82,60,71,7,89,68,48,29,67,106,113,11,78,8,119,102,96,42,2,66,97,107,112,111,5,85,20,39,77,15,53,38,64,94,13,76,33,59,37,19,87,36,25,62,43,83,91,9,103,99,104,105,120,121,79,21,18,24,45,57,63,74,34,65,109,22,98,16,3,52,54,31,46,108,70,23,28,49,73,122,41,14,84,90,123,55",20100,200
26,9,78664.84207699249,9.512448950303995,"30,101,92,26,6,40,81,88,125,116,117,44,17,72,69,80,110,56,32,93,115,4,58,35,27,61,86,118,47,95,114,51,10,12,75,100,50,124,82,60,71,7,89,68,43,29,67,106,113,11,78,8,112,107,97,66,2,49,96,102,119,111,5,85,20,39,77,15,53,99,64,91,13,76,33,59,37,19,87,36,25,45,57,103,94,9,55,38,121,120,105,104,79,83,63,62,48,24,18,74,34,65,109,22,98,16,3,52,54,31,46,108,70,23,28,42,73,122,41,14,84,90,123,21",20100,200
26,10,83347.02518853074,6.4621522966320475,"108,80,69,72,6,40,21,78,11,113,106,67,45,62,68,89,7,71,60,82,124,50,100,75,51,114,95,47,12,10,35,86,61,27,118,58,4,115,93,32,56,30,101,92,26,17,44,117,116,125,88,53,15,77,39,20,85,5,111,112,107,97,66,2,42,96,102,119,8,38,64,94,13,76,33,59,37,19,87,36,25,29,43,83,91,9,103,99,104,105,120,121,79,81,109,65,34,74,18,24,48,57,63,22,98,16,3,52,54,31,46,110,70,23,28,49,73,122,41,14,84,90,123,55",20100,200
26,11,80352.44295467861,7.874124494017802,"30,55,40,92,26,6,101,88,125,116,117,44,17,72,69,80,110,56,32,93,115,4,58,35,27,61,86,118,47,95,114,51,10,12,75,100,50,124,82,60,71,7,89,68,62,45,67,106,113,11,78,8,112,107,97,66,2,42,96,102,119,111,5,85,20,39,77,15,53,38,64,94,13,76,33,59,37,19,87,36,25,29,43,83,91,9,103,99,104,105,120,121,79,81,109,65,34,74,18,24,57,48,63,22,98,16,3,52,54,31,46,108,70,23,28,49,73,122,41,14,84,90,123,21",20100,200
26,12,77809.78941015624,10.283939532342012,"30,81,40,92,26,6,101,88,125,116,117,44,17,72,69,80,110,56,32,93,115,4,58,35,27,61,86,118,47,95,114,51,10,12,75,100,50,124,82,60,71,7,89,68,48,29,67,106,113,11,78,8,119,102,96,64,111,112,107,97,66,2,49,85,20,39,77,15,53,99,5,91,13,76,33,59,37,19,87,36,25,45,57,103,94,9,55,38,121,120,105,104,79,83,63,62,43,24,18,74,34,65,109,22,98,16,3,52,54,31,46,108,70,23,28,42,73,122,41,14,84,90,123,21",20100,200
26,13,78356.42265898205,9.692328434730483,"30,101,92,26,6,40,81,88,125,116,117,44,17,72,69,80,110,56,32,93,115,4,58,35,27,61,86,118,47,95,114,51,10,12,75,100,50,124,82,60,71,7,89,68,43,29,67,106,113,11,78,8,119,102,96,64,111,112,107,97,66,2,49,85,20,39,77,15,53,99,42,91,13,76,33,59,37,19,87,36,25,45,57,103,94,9,55,38,121,120,105,104,79,83,63,62,48,24,18,74,34,65,109,22,98,16,3,52,54,31,46,108,70,23,28,5,73,122,41,14,84,90,123,21",20100,200
26,14,77333.63936408915,11.70089430156439,"88,80,69,72,92,40,81,110,125,116,117,44,17,26,6,101,30,56,32,93,115,4,29,35,27,61,53,118,47,95,114,51,10,12,75,100,50,124,82,60,71,7,89,68,48,43,67,106,113,11,78,8,119,102,96,42,85,20,97,112,107,111,5,2,66,39,77,15,86,99,64,91,13,76,33,59,37,19,87,36,25,45,57,103,94,9,55,38,121,120,105,104,79,83,63,62,58,24,18,74,34,65,109,22,98,16,3,52,54,31,46,108,70,23,28,49,73,122,41,14,84,90,123,21",20100,200
26,15,78289.37352788188,10.096594994684349,"30,101,92,26,6,40,81,88,125,116,117,44,17,72,69,80,110,56,32,93,115,4,58,35,27,61,86,118,47,95,114,51,10,12,75,100,50,124,82,60,71,7,89,68,48,29,67,106,113,11,78,8,112,107,97,66,2,49,96,102,119,111,5,85,20,39,77,15,53,99,64,91,13,76,33,59,37,19,87,36,25,45,57,103,94,9,55,38,121,120,105,104,79,83,63,62,43,24,18,74,34,65,109,22,98,16,3,52,54,31,46,108,70,23,28,42,73,122,41,14,84,90,123,21",20100,200
26,16,78326.06834158648,10.090590585564003,"108,81,40,92,26,6,101,88,125,116,117,44,17,72,69,80,110,56,32,93,115,4,58,35,27,61,86,118,47,95,114,51,10,12,75,100,50,124,82,60,71,7,89,68,43,29,67,106,113,11,78,8,112,107,97,66,2,49,96,102,119,111,5,85,20,39,77,15,53,99,64,91,13,76,33,59,37,19,87,36,25,45,57,103,94,9,55,38,121,120,105,104,79,83,63,62,48,24,18,74,34,65,109,22,98,16,3,52,54,31,46,30,70,23,28,42,73,122,41,14,84,90,123,21",20100,200
26,17,79000.22346843618,9.49969793149842,"110,81,40,92,72,69,80,88,125,116,117,44,17,26,6,101,30,56,32,93,115,4,58,35,27,61,86,118,47,95,114,51,10,12,75,100,50,124,82,60,71,29,43,68,89,7,67,106,113,11,78,8,119,102,96,49,2,66,97,107,112,111,5,85,20,39,77,15,53,99,64,91,13,76,33,59,37,19,87,36,25,45,57,103,94,9,55,38,121,120,105,104,79,83,63,62,48,24,18,74,34,65,109,22,98,16,3,52,54,31,46,108,70,23,28,42,73,122,41,14,84,90,123,21",20100,200
26,18,81920.46442680167,6.954528949607403,"73,80,69,72,92,40,81,110,125,116,117,44,17,26,6,101,30,32,56,93,115,4,58,35,27,61,86,118,47,95,114,51,10,12,75,100,50,124,82,60,71,7,89,68,62,45,67,106,113,11,78,8,119,102,96,42,2,66,97,107,112,111,5,85,20,39,77,15,53,38,64,94,13,76,33,59,37,19,87,36,25,29,43,83,91,9,103,99,104,105,120,121,79,21,109,65,34,74,18,24,48,57,63,22,98,16,3,52,54,31,46,88,70,23,28,49,108,122,41,14,84,90,123,55",20100,200
26,19,78436.96802153208,9.639031458418527,"30,81,40,92,26,6,101,88,125,116,117,44,17,72,69,80,110,56,32,93,115,4,58,35,27,61,86,118,47,95,114,51,10,12,75,100,50,124,82,60,71,7,89,68,43,29,67,106,113,11,78,8,119,102,96,49,2,66,97,112,107,111,5,85,20,39,77,15,53,99,64,91,13,76,33,59,37,19,87,36,25,45,57,103,94,9,55,38,121,120,105,104,79,83,63,62,48,24,18,74,34,65,109,22,98,16,3,52,54,31,46,108,70,23,28,42,73,122,41,14,84,90,123,21",20100,200
26,20,83395.35320088638,6.438663060126422,"73,80,69,72,6,40,21,78,11,113,106,67,45,62,68,89,7,71,60,82,124,50,100,75,51,114,95,47,12,10,35,86,61,27,118,58,4,115,93,32,56,30,101,92,26,17,44,117,116,125,88,53,15,77,39,20,85,5,111,112,107,97,66,2,42,96,102,119,8,38,64,94,13,76,33,59,37,19,87,36,25,29,43,83,91,9,103,99,104,105,120,121,79,81,109,65,34,74,18,24,48,57,63,22,98,16,3,52,54,31,46,110,70,23,28,49,108,122,41,14,84,90,123,55",20100,200
26,21,76861.61915196398,16.529185030103942,"88,101,6,26,92,40,81,30,125,116,117,44,17,72,69,80,110,56,32,93,115,4,43,35,27,61,86,118,47,95,114,51,10,12,75,100,50,124,29,60,71,7,89,68,48,82,67,106,113,11,78,8,119,102,96,42,85,20,111,112,107,97,66,2,5,39,77,15,53,99,64,91,13,76,33,59,37,19,87,36,25,45,57,103,94,9,55,38,121,120,105,104,79,83,63,62,58,24,18,74,34,65,109,22,98,16,3,52,54,31,46,108,70,23,28,49,73,122,41,14,84,90,123,21",20100,200
26,22,79925.28878584893,8.644600006626323,"30,101,92,26,6,40,21,88,125,116,117,44,17,72,69,80,110,56,32,93,115,4,58,35,27,61,86,118,47,95,114,51,10,12,75,100,50,124,29,60,71,7,89,68,48,82,67,106,113,11,78,8,119,102,96,49,2,66,97,107,112,111,5,85,20,39,77,15,53,38,64,94,13,76,33,59,37,19,87,36,25,62,43,83,91,9,103,99,104,105,120,121,79,81,18,24,45,57,63,74,34,65,109,22,98,16,3,52,54,31,46,108,70,23,28,42,73,122,41,14,84,90,123,55",20100,200
26,23,77094.41801166743,14.597696586729024,"30,81,40,92,26,6,101,88,125,116,117,44,17,72,69,80,110,56,32,93,115,4,43,35,27,61,86,118,47,95,114,51,10,12,75,100,50,124,29,60,71,7,89,68,48,82,67,106,113,11,78,8,119,102,96,49,2,66,97,107,112,111,5,85,20,39,77,15,19,37,64,91,13,76,33,59,99,53,87,36,25,45,57,103,94,9,55,38,121,120,105,104,79,83,63,62,58,24,18,74,34,65,109,22,98,16,3,52,54,31,46,108,70,23,28,42,73,122,41,14,84,90,123,21",20100,200
26,24,79802.8195152256,8.693537491898718,"30,81,40,92,26,6,101,88,125,116,117,44,17,72,69,80,110,56,32,93,115,4,58,35,27,61,86,118,47,95,114,51,10,12,75,100,50,124,82,60,71,7,89,68,48,29,67,106,113,11,78,8,119,102,96,49,2,66,97,107,112,111,5,85,20,39,77,15,53,38,64,94,13,76,33,59,37,19,87,36,25,62,43,83,91,9,103,99,104,105,120,121,79,21,18,24,45,57,63,74,34,65,109,22,98,16,3,52,54,31,46,108,70,23,28,42,73,122,41,14,84,90,123,55",20100,200
26,25,79485.46544085114,9.342085624742387,"30,55,40,92,26,6,101,88,125,116,117,44,17,72,69,80,110,56,32,93,115,4,58,35,27,61,86,118,47,95,114,51,10,12,75,100,50,124,82,60,71,7,89,68,48,62,67,106,113,11,78,8,119,102,96,49,2,66,97,107,112,111,5,85,20,39,77,15,53,38,64,94,13,76,33,59,37,19,87,36,25,29,43,83,91,9,103,99,104,105,120,121,79,81,18,24,45,57,63,74,34,65,109,22,98,16,3,52,54,31,46,108,70,23,28,42,73,122,41,14,84,90,123,21",20100,200
26,26,80330.54303926678,7.954531024517936,"26,6,101,30,92,40,55,88,125,116,117,44,17,72,69,80,110,56,32,93,115,4,58,35,27,61,86,118,47,95,114,51,10,12,75,100,50,124,82,60,71,7,89,68,62,45,67,106,113,11,78,8,119,102,96,64,111,112,107,97,66,2,49,85,20,39,77,15,53,38,5,94,13,76,33,59,37,19,87,36,25,29,43,83,91,9,103,99,104,105,120,121,79,81,109,65,34,74,18,24,57,48,63,22,98,16,3,52,54,31,46,108,70,23,28,42,73,122,41,14,84,90,123,21",20100,200
26,27,77768.36834457178,11.404492211751347,"108,80,69,72,92,40,81,110,125,116,117,44,17,26,6,101,30,56,32,93,115,4,29,35,27,61,86,118,47,95,114,51,10,12,75,100,50,124,82,60,71,7,89,68,48,43,67,106,113,11,78,8,119,102,96,42,2,66,97,112,107,111,5,85,20,39,77,15,53,99,64,91,13,76,33,59,37,19,87,36,25,45,57,103,94,9,55,38,121,120,105,104,79,83,63,62,58,24,18,74,34,65,109,22,98,16,3,52,54,31,46,88,70,23,28,49,73,122,41,14,84,90,123,21",20100,200
26,28,77989.65647936468,10.189210880410362,"30,81,40,92,26,6,101,88,125,116,117,44,17,72,69,80,110,56,32,93,115,4,58,35,27,61,86,118,47,95,114,51,10,12,75,100,50,124,82,60,71,7,89,68,48,29,67,106,113,11,78,8,119,102,96,42,111,112,97,107,66,2,49,85,20,39,77,15,19,37,59,33,76,13,91,64,99,53,87,36,25,45,57,103,94,9,55,38,121,120,105,104,79,83,63,62,43,24,18,74,34,65,109,22,98,16,3,52,54,31,46,108,70,23,28,5,73,122,41,14,84,90,123,21",20100,200
26,29,80678.19229855,7.781213985795896,"30,101,6,26,92,40,55,88,125,116,117,44,17,72,69,80,110,56,32,93,115,4,58,35,27,61,86,118,47,95,114,51,10,12,75,100,50,124,82,60,71,7,89,68,62,45,67,106,113,11,78,8,112,107,97,66,2,49,96,102,119,111,5,85,20,39,77,15,53,38,64,94,13,76,33,59,37,19,87,36,25,29,43,83,91,9,103,99,104,105,120,121,79,81,109,65,34,74,18,24,48,57,63,22,98,16,3,52,54,31,46,108,70,23,28,42,73,122,41,14,84,90,123,21",20100,200
27,0,76761.91878451678,8.898735865278843,"56,123,36,12,100,101,81,51,43,79,32,64,17,63,13,118,26,68,58,54,91,77,29,52,83,66,95,30,8,102,125,87,25,61,112,93,85,40,5,49,31,115,111,88,45,11,104,72,105,33,57,122,116,48,73,110,96,37,59,50,84,41,120,55,21,34,70,47,28,106,121,24,14,35,98,20,7,89,67,76,119,114,109,39,10,90,16,19,92,124,74,6,82,71,99,46,94,78,42,107,44,60,3,38,9,69,65,117,80,113,97,103,62,108,2,23,86,4,75,15,53,18,27,22",20100,200
27,1,79512.45790173038,7.3569694847810805,"56,123,36,12,100,101,81,51,43,79,32,64,17,63,13,118,26,54,58,68,91,77,29,52,83,66,95,30,8,102,125,87,25,61,112,93,85,40,5,49,31,115,111,88,45,11,116,122,57,33,105,72,104,48,73,110,96,37,98,50,84,41,120,55,21,34,70,47,28,106,121,24,14,35,59,20,7,89,67,76,119,114,109,39,10,90,16,19,92,124,74,6,82,71,99,46,94,78,42,38,44,60,3,107,9,69,65,117,80,113,97,103,62,108,2,23,86,4,75,15,53,18,27,22",20100,200
27,2,79440.42960041242,7.3824115301167,"56,123,36,12,100,101,81,51,43,79,32,64,17,63,13,52,118,26,68,58,54,91,77,29,83,66,95,30,8,102,125,87,25,61,112,93,85,40,5,49,31,115,111,88,45,11,116,122,57,33,105,72,104,48,73,110,96,37,59,50,84,41,120,55,21,34,70,47,28,106,121,24,14,35,98,20,7,89,67,76,119,114,109,39,10,90,16,19,92,124,74,6,82,71,99,46,94,78,42,38,3,60,44,107,9,69,65,97,113,80,117,103,62,108,2,23,86,15,53,4,75,18,27,22",20100,200
27,3,76360.10092639233,8.98262211161084,"56,123,36,12,100,101,81,51,43,79,32,95,66,63,13,118,26,68,58,54,91,77,29,83,52,17,88,111,115,31,49,5,102,85,93,112,61,25,87,125,40,8,30,64,45,11,104,72,105,33,57,122,116,48,73,110,96,37,59,21,55,120,41,84,50,34,70,47,28,106,121,24,14,35,98,20,7,89,67,76,119,114,109,39,10,90,16,19,92,124,74,6,82,71,99,46,94,78,42,107,44,60,3,38,9,69,65,117,80,113,97,103,62,108,2,23,86,15,53,75,27,4,22,18",20100,200
27,4,79581.56339845521,7.237057413065064,"56,123,36,12,100,101,81,51,43,79,32,64,17,63,13,52,118,26,68,58,54,91,77,29,83,66,95,30,8,102,125,87,25,61,112,93,85,40,5,49,31,115,111,88,45,11,116,122,57,33,105,72,104,48,73,110,96,37,59,21,55,120,41,84,50,34,70,47,28,106,121,24,14,35,98,20,7,89,67,76,119,114,109,39,10,90,16,19,92,124,74,6,82,71,99,46,94,78,42,38,9,107,44,60,3,69,65,97,113,80,117,103,62,108,2,23,86,15,53,75,27,4,22,18",20100,200
27,5,75934.29037677041,8.99652710772329,"56,123,36,12,81,101,100,51,43,79,32,95,66,63,13,118,26,68,58,54,91,77,29,83,52,17,88,111,115,31,49,5,102,85,93,112,61,25,87,125,40,8,30,64,45,11,104,72,105,33,57,122,116,48,73,110,96,37,59,21,55,120,41,84,50,34,70,47,28,106,121,24,14,35,98,20,7,89,67,76,119,114,109,39,10,90,16,19,92,124,74,6,82,71,99,46,94,78,42,107,44,60,3,38,9,69,65,117,113,80,97,103,62,108,2,23,86,15,53,75,4,18,27,22",20100,200
27,6,77683.68745059555,7.99218368157289,"56,123,36,12,100,101,81,51,43,79,32,64,17,63,13,52,118,26,68,58,54,91,77,29,83,66,95,30,8,102,125,87,25,61,112,93,85,40,5,49,31,115,111,88,45,11,104,72,105,33,57,122,116,48,73,110,96,37,59,50,84,41,120,55,21,34,70,47,28,106,121,24,14,35,98,20,7,89,67,76,119,114,109,39,10,90,16,19,92,124,74,6,82,71,99,46,94,78,42,38,9,107,44,60,3,69,65,117,113,80,97,103,62,108,2,23,86,15,53,75,4,18,27,22",20100,200
27,7,80735.02184327858,6.923691212063114,"56,123,36,12,100,101,81,51,43,79,32,64,17,63,13,52,118,26,68,58,54,77,29,91,83,66,95,30,8,102,125,87,25,61,112,93,85,40,5,49,31,115,111,88,45,11,116,122,57,33,105,72,104,48,73,110,96,37,98,50,84,41,120,55,21,34,70,47,28,106,121,24,14,35,59,20,7,89,67,76,119,114,109,39,10,90,16,19,92,124,74,6,82,71,99,46,94,78,42,38,9,107,44,60,3,69,65,117,80,103,97,113,62,108,2,23,86,15,53,75,27,4,18,22",20100,200
27,8,77729.02944331951,7.8859051477937525,"56,123,36,12,100,101,81,51,43,79,32,95,66,63,13,118,26,68,58,54,91,77,29,83,52,17,88,111,115,31,49,5,102,85,93,112,61,25,87,125,40,8,30,64,45,11,116,122,57,33,105,72,104,48,73,110,96,37,59,50,84,41,120,55,21,34,70,47,28,106,121,24,14,35,98,20,7,89,67,76,119,114,109,39,10,90,16,19,92,124,74,6,82,71,99,46,94,78,42,38,9,107,44,60,3,69,65,117,113,80,97,103,62,108,2,23,86,15,75,4,53,18,27,22",20100,200
27,9,76966.65354614031,8.242420760917268,"56,123,36,12,100,101,81,51,43,79,32,64,66,63,13,118,26,54,58,68,91,77,29,83,52,17,88,111,115,31,49,5,102,85,93,112,61,25,87,125,40,8,30,95,45,11,104,72,105,33,57,122,116,48,73,110,96,37,59,21,55,120,41,84,50,34,70,47,28,106,121,24,14,35,98,20,7,89,67,76,119,114,109,39,10,90,16,19,92,124,74,6,82,71,99,46,94,78,42,38,9,107,44,60,3,69,65,117,80,113,97,103,62,108,2,23,86,4,75,15,53,18,27,22",20100,200
27,10,80504.87756104363,6.94172168845741,"56,123,36,12,100,101,81,51,43,79,32,64,17,63,13,52,118,26,68,58,54,91,77,29,83,66,95,30,8,102,125,87,25,61,112,93,85,40,5,49,31,115,111,88,45,11,116,122,57,33,105,72,104,48,73,110,96,37,98,50,84,41,120,55,21,34,70,47,28,106,121,24,14,35,59,20,7,89,67,76,119,114,109,39,10,90,16,19,92,124,74,6,82,71,99,46,94,78,42,38,9,107,44,60,3,69,65,117,80,103,97,113,62,108,2,23,86,15,53,4,75,18,27,22",20100,200
27,11,80876.63494821131,6.726812023536855,"56,123,36,12,18,101,100,51,43,79,32,64,17,63,13,52,118,26,68,58,54,91,77,29,83,66,95,30,8,102,125,87,25,61,112,93,85,40,5,49,31,115,111,88,45,11,116,122,57,33,105,72,104,48,73,110,96,37,98,50,84,41,120,55,21,34,70,47,28,106,121,24,14,35,59,20,7,89,67,76,119,114,109,39,10,90,16,19,92,124,74,6,82,71,99,46,94,78,42,38,9,107,44,60,3,69,65,22,4,27,75,53,15,86,23,2,108,62,103,97,113,80,117,81",20100,200
27,12,77839.27159172008,7.441438033068608,"56,123,36,12,100,101,81,51,43,79,32,95,66,63,13,118,26,68,58,54,91,77,29,83,52,17,88,111,115,31,49,5,102,85,93,112,61,25,87,125,40,8,30,64,45,11,116,122,57,33,105,72,104,48,73,110,96,37,59,21,55,120,41,84,50,34,70,47,28,106,121,24,14,35,98,20,7,89,67,76,119,114,109,39,10,90,16,19,92,124,74,6,82,71,99,46,94,78,42,38,9,107,44,60,3,69,65,22,4,27,75,53,15,86,23,2,108,62,103,97,113,80,117,18",20100,200
27,13,77549.79773090103,8.0583807306431,"56,123,36,12,100,101,81,51,43,79,32,64,17,63,13,118,26,68,58,54,91,77,29,52,83,66,95,30,8,102,125,87,25,61,112,93,85,40,5,49,31,115,111,88,45,11,104,72,105,33,57,122,116,48,73,110,96,37,59,21,55,120,41,84,50,34,70,47,28,106,121,24,14,35,98,20,7,89,67,76,119,114,109,39,10,90,16,19,92,124,74,6,82,71,99,46,94,78,42,38,9,107,44,60,3,69,65,117,80,113,97,103,62,108,2,23,86,15,75,4,53,18,27,22",20100,200
27,14,76959.4329570106,8.280247580839598,"56,123,36,12,100,101,81,51,43,79,32,95,66,63,13,118,26,54,58,68,91,77,29,83,52,17,88,111,115,31,49,5,102,85,93,112,61,25,87,125,40,8,30,64,45,11,104,72,105,33,57,122,116,48,73,110,96,37,59,21,55,120,41,84,50,34,70,47,28,106,121,24,14,35,98,20,7,89,67,76,119,114,109,39,10,90,16,19,92,124,74,6,82,71,99,46,94,78,42,38,44,60,3,107,9,69,65,117,80,113,97,103,62,108,2,23,86,4,75,15,53,18,27,22",20100,200
27,15,80271.5022080486,7.084313657652377,"56,123,36,12,100,101,81,51,43,79,32,64,17,63,13,118,26,54,58,68,52,77,29,91,83,66,95,30,8,102,125,87,25,61,112,93,85,40,5,49,31,115,111,88,45,11,116,122,57,33,105,72,104,48,73,110,96,37,98,50,84,41,120,55,21,34,70,47,28,106,121,24,14,35,59,20,7,89,67,76,119,114,109,39,10,90,16,19,92,124,74,6,82,71,99,46,94,78,42,38,9,107,44,60,3,69,65,117,80,113,97,103,62,108,2,23,86,15,53,75,27,4,22,18",20100,200
27,16,79952.46241642485,7.101936355670896,"56,123,36,12,100,101,81,51,43,79,32,64,17,63,13,118,26,68,58,54,52,77,29,91,83,66,95,30,8,102,125,87,25,61,112,93,85,40,5,49,31,115,111,88,45,11,116,122,57,33,105,72,104,48,73,110,96,37,98,50,84,41,120,55,21,34,70,47,28,106,121,24,14,35,59,20,7,89,67,76,119,114,109,39,10,90,16,19,92,124,74,6,82,71,99,46,94,78,42,38,9,107,44,60,3,69,65,117,80,113,97,103,62,108,2,23,86,4,75,15,53,18,27,22",20100,200
27,17,79694.22341676932,7.1545440106270926,"56,123,36,12,100,101,81,51,43,79,32,64,17,63,13,52,118,26,68,58,54,91,77,29,83,66,95,30,8,102,125,87,25,61,112,93,85,40,5,49,31,115,111,88,45,11,116,122,57,33,105,72,104,48,73,110,96,37,98,50,84,41,120,55,21,34,70,47,28,106,121,24,14,35,59,20,7,89,67,76,119,114,109,39,10,90,16,19,92,124,74,6,82,71,99,46,94,78,42,38,9,60,3,107,44,69,65,117,80,113,97,103,62,108,2,23,86,15,53,75,4,18,27,22",20100,200
27,18,79519.67624487562,7.314369419163897,"56,123,36,12,100,101,81,51,43,79,32,64,17,63,13,118,26,68,58,54,91,77,29,52,83,66,95,30,8,102,125,87,25,61,112,93,85,40,5,49,31,115,111,88,45,11,116,122,57,33,105,72,104,48,73,110,96,37,98,50,84,41,120,55,21,34,70,47,28,106,121,24,14,35,59,20,7,89,67,76,119,114,109,39,10,90,16,19,92,124,74,6,82,71,99,46,94,78,42,38,9,107,44,60,3,69,65,117,80,113,97,103,62,108,2,23,86,15,75,4,53,18,27,22",20100,200
27,19,77523.05099061097,8.234834546000302,"56,123,36,12,100,101,81,51,43,79,32,88,17,63,13,52,118,26,68,58,54,91,77,29,83,66,95,30,8,102,125,87,25,61,112,93,85,40,5,49,31,115,111,64,45,11,104,72,105,33,57,122,116,48,73,110,96,37,59,50,84,41,120,55,21,34,70,47,28,106,121,24,14,35,98,20,7,89,67,76,119,114,109,39,10,90,16,19,92,124,74,6,82,71,99,46,94,78,42,38,9,107,44,60,3,69,65,117,113,80,97,103,62,108,2,23,86,15,53,75,4,18,27,22",20100,200
27,20,79739.91263344871,7.137051211810099,"56,123,36,12,81,101,100,51,43,79,32,64,17,63,13,52,118,26,68,58,54,91,77,29,83,66,95,30,8,102,125,87,25,61,112,93,85,40,5,49,31,115,111,88,45,11,116,122,57,33,105,72,104,48,73,110,96,37,98,50,84,41,120,55,21,34,70,47,28,106,121,24,14,35,59,20,7,89,67,76,119,114,109,39,10,90,16,19,92,124,74,6,82,71,99,46,94,78,42,38,9,107,44,60,3,69,65,117,113,80,97,103,62,108,2,23,86,15,53,75,27,4,22,18",20100,200
28,0,79375.4214702765,10.820940145763684,"96,12,16,10,7,106,60,46,113,50,18,51,11,90,97,85,63,44,36,65,111,13,104,105,79,117,45,67,32,61,52,14,53,103,92,112,73,23,30,78,123,84,62,43,109,24,35,87,25,22,19,68,121,54,81,76,40,37,75,102,59,31,119,80,49,91,2,21,55,120,34,86,47,110,122,89,3,77,42,29,17,124,107,125,20,98,88,100,115,5,95,6,72,39,4,27,57,9,38,99,69,41,118,58,66,15,93,33,48,64,56,114,101,8,26,108,28,82,116,71,83,94,70,74",20100,200
28,1,81865.96706719052,9.43568437250813,"23,12,16,10,7,106,60,46,113,50,18,51,11,90,97,85,63,44,36,109,32,123,104,93,79,35,45,67,43,62,84,14,53,24,117,52,61,112,30,78,56,87,48,25,22,19,68,121,54,81,76,40,13,111,65,103,92,37,75,102,59,31,119,80,49,91,2,120,55,21,34,86,47,110,122,89,3,77,42,29,17,124,107,125,20,98,88,100,115,5,95,6,72,39,4,27,57,9,38,99,69,41,118,58,66,15,105,33,73,64,96,114,101,8,26,108,28,82,116,71,83,94,70,74",20100,200
28,2,79312.55010595403,10.993194321750886,"96,12,16,10,7,106,60,46,113,50,18,51,11,90,97,85,63,44,36,65,111,13,104,105,79,117,45,67,32,61,52,14,53,103,92,112,48,23,30,78,123,84,62,43,109,24,35,87,25,22,19,68,121,54,81,76,40,37,75,102,59,31,119,80,49,91,2,120,21,55,34,86,47,110,122,89,3,77,42,29,17,124,107,125,20,98,88,100,115,5,95,6,72,39,4,27,57,9,69,99,38,41,93,15,66,58,118,33,73,64,56,114,101,8,26,108,28,82,116,71,83,94,70,74",20100,200
28,3,79613.03301271205,10.812535662664054,"11,12,18,51,46,113,50,60,106,7,16,10,56,90,97,85,63,44,36,65,111,13,104,105,79,117,45,67,32,61,52,14,53,103,92,112,48,23,30,78,123,84,62,43,109,24,35,87,25,22,19,68,121,54,81,76,40,37,75,102,59,119,31,80,49,91,2,120,21,55,34,86,47,110,122,89,3,77,42,29,17,124,107,125,20,98,88,100,115,5,95,6,72,39,4,27,57,9,38,99,69,41,118,58,66,15,93,33,73,64,96,114,101,8,26,108,28,82,116,71,83,94,70,74",20100,200
28,4,80202.34198443453,10.313363801928421,"96,12,16,10,7,106,60,46,113,50,18,51,11,90,97,85,63,44,36,65,111,13,104,105,79,35,45,67,43,62,84,14,53,24,117,52,61,112,30,78,56,87,73,25,22,19,68,121,54,81,109,92,123,32,103,76,40,37,75,102,59,31,119,80,49,91,2,120,55,21,34,86,47,110,122,89,3,77,42,29,17,124,107,125,20,98,88,100,115,5,95,6,72,39,4,27,57,9,38,99,69,41,118,58,66,15,93,33,48,64,23,114,101,8,26,108,28,82,116,71,83,94,70,74",20100,200
28,5,79351.76144470414,10.860075068188296,"96,12,16,10,7,106,60,46,113,50,18,51,11,90,97,85,63,44,36,65,111,13,104,105,79,117,45,67,32,61,52,14,53,103,92,112,48,23,30,78,123,84,62,43,109,24,35,87,25,22,19,68,121,54,81,76,40,37,75,102,59,31,119,80,49,91,2,120,21,55,34,86,47,110,122,89,3,77,42,29,17,124,107,95,5,41,88,100,115,38,99,69,72,39,4,27,57,9,6,125,20,98,93,15,66,58,118,33,73,64,56,114,101,8,26,108,28,82,116,71,83,94,70,74",20100,200
28,6,80494.45282476934,9.878137178792805,"96,12,16,10,7,106,60,46,113,50,18,51,11,90,97,85,63,44,36,109,32,123,104,105,79,35,45,67,14,62,84,43,53,24,117,52,61,112,30,78,56,87,48,25,22,19,68,121,54,81,76,40,13,111,65,103,92,37,75,102,59,31,119,80,49,91,2,120,55,21,34,86,47,110,122,89,3,77,42,29,17,124,107,95,5,41,88,100,115,38,99,69,9,57,27,4,39,72,6,125,20,98,93,15,66,58,118,33,73,23,64,114,101,8,26,108,28,82,116,71,83,94,70,74",20100,200
28,7,77199.42848806089,15.456743753338928,"96,12,16,10,90,106,60,46,113,50,18,51,11,7,97,85,63,44,36,65,111,13,104,105,79,117,45,67,32,61,52,14,53,103,92,112,48,23,30,78,123,84,62,43,109,24,35,87,25,22,19,68,121,54,81,76,40,37,75,102,59,31,119,80,49,91,2,120,55,21,34,86,47,110,122,89,3,77,42,29,17,124,107,125,20,115,100,88,41,38,99,5,72,39,27,4,57,9,6,95,69,98,93,15,66,58,118,33,73,64,56,114,101,8,26,108,28,82,116,71,83,94,70,74",20100,200
28,8,83284.72849247749,7.8625707224465025,"23,12,90,106,60,10,50,46,51,18,56,113,11,7,70,85,33,44,36,109,32,123,104,105,79,35,45,67,43,62,84,14,53,24,117,112,61,52,30,78,96,87,48,25,22,19,68,121,54,81,76,40,13,111,65,103,92,37,75,102,59,31,119,80,49,91,2,120,21,55,34,86,47,110,122,89,3,77,42,29,17,124,107,125,20,98,88,100,115,5,95,6,72,39,4,27,57,9,38,99,69,41,118,58,66,15,93,63,73,64,16,114,101,8,26,108,28,82,116,71,83,94,97,74",20100,200
28,9,81866.76026033114,9.361527662922047,"23,12,16,10,60,106,7,46,113,50,18,51,11,90,97,85,63,44,36,109,111,13,104,105,79,35,45,67,43,62,84,14,53,24,117,52,61,112,30,78,56,87,48,25,22,19,68,121,54,81,76,40,123,32,65,103,92,37,75,102,59,31,119,80,49,91,2,120,55,21,34,86,47,110,122,89,3,77,42,29,17,124,107,125,20,98,88,100,115,5,95,6,72,39,4,27,57,9,38,99,69,41,118,58,66,15,93,33,73,64,96,114,101,8,26,108,28,82,116,71,83,94,70,74",20100,200
28,10,80440.17071183515,10.003121643162055,"96,12,16,10,7,106,60,46,113,50,18,51,11,90,97,85,63,44,36,109,32,123,104,105,79,35,45,67,14,62,84,43,53,24,117,52,61,112,30,78,56,87,48,25,22,19,68,121,54,81,76,40,13,111,65,103,92,37,75,102,59,119,31,80,49,91,2,120,21,55,34,86,47,110,122,89,3,77,42,29,17,124,107,125,20,98,88,100,115,5,95,6,72,39,4,27,57,9,38,99,69,41,118,58,66,15,93,33,73,23,64,114,101,8,26,108,28,82,116,71,83,94,70,74",20100,200
28,11,78350.82073903251,11.908821031717325,"96,12,16,10,7,106,60,46,113,50,18,51,97,90,11,85,63,44,36,65,111,13,104,105,79,117,45,67,32,61,52,14,53,103,92,112,48,23,30,78,123,84,62,43,109,24,35,87,25,22,19,68,121,54,81,76,40,37,75,102,59,31,119,80,49,91,2,120,55,21,34,86,47,110,122,89,3,77,42,29,17,124,107,125,20,115,100,88,41,5,95,6,72,39,4,27,57,9,69,99,38,98,93,15,66,58,118,33,73,56,64,114,101,8,26,108,28,82,116,71,83,94,70,74",20100,200
28,12,80477.28907792184,9.91488108099746,"96,12,16,10,7,106,60,46,113,50,18,51,11,90,97,85,63,44,36,109,32,123,104,105,79,35,45,67,14,62,84,43,53,24,117,52,61,112,30,78,56,87,48,25,22,19,68,121,54,81,76,92,13,111,65,103,40,37,75,102,59,119,31,80,49,91,2,120,55,21,34,86,47,110,122,89,3,77,42,29,17,124,107,95,5,41,88,100,115,38,99,69,9,57,27,4,39,72,6,125,20,98,93,15,66,58,118,33,73,23,64,114,101,8,26,108,28,82,116,71,83,94,70,74",20100,200
28,13,79254.49340815215,11.070107998242188,"96,12,16,10,90,106,60,46,113,50,18,51,11,7,97,85,63,44,36,65,111,13,104,105,79,117,45,67,32,61,52,14,53,103,92,112,73,23,30,78,123,84,62,43,109,24,35,87,25,22,19,68,121,54,81,76,40,37,75,102,59,31,119,80,49,91,2,120,55,21,34,86,47,110,122,89,3,77,42,29,17,124,107,125,20,98,88,100,115,5,95,6,72,39,4,27,57,9,38,99,69,41,118,58,66,15,93,33,48,64,56,114,101,8,26,108,28,82,116,71,83,94,70,74",20100,200
28,14,79324.7420236506,10.957300881508052,"11,12,18,51,46,113,50,60,106,7,16,10,85,97,90,56,63,44,36,65,111,13,104,105,79,117,45,67,32,61,52,14,53,103,92,112,48,23,30,78,123,84,62,43,109,24,35,87,25,22,19,68,121,54,81,76,40,37,75,102,59,31,119,80,49,91,2,120,21,55,34,86,47,110,122,89,3,77,42,29,17,124,107,95,5,41,88,100,115,38,99,69,9,57,27,4,39,72,6,125,20,98,93,15,66,58,118,33,73,64,96,114,101,8,26,108,28,82,116,71,83,94,70,74",20100,200
28,15,80371.60997168245,10.189210880410362,"23,12,16,10,7,106,60,46,113,50,18,51,11,90,97,85,63,44,36,65,111,13,104,105,79,35,45,67,43,62,84,14,53,24,117,52,61,112,30,78,56,87,73,25,22,19,68,121,54,81,109,92,123,32,103,76,40,37,75,102,59,31,119,80,49,91,2,120,55,21,34,86,47,110,122,89,3,77,42,29,17,124,107,125,20,98,88,100,115,5,95,6,72,39,4,27,57,9,38,99,69,41,118,58,66,15,93,33,48,64,96,114,101,8,26,108,28,82,116,71,83,94,70,74",20100,200
28,16,80558.52281971222,9.474144410175878,"23,12,16,10,90,106,60,46,113,50,18,51,11,7,70,85,33,44,36,109,32,123,104,105,79,35,45,67,14,62,84,43,53,24,117,52,61,112,30,78,56,87,73,25,22,19,68,121,54,81,76,40,13,111,65,103,92,37,75,102,59,31,119,80,49,91,2,120,55,21,34,86,47,110,122,89,3,77,42,29,17,124,107,125,20,98,88,100,115,5,95,6,72,39,66,58,118,41,69,99,38,9,57,27,4,15,93,63,48,64,96,114,101,8,26,108,28,82,116,71,83,94,97,74",20100,200
28,17,77807.1674467861,15.279279498779927,"96,12,16,10,60,106,7,46,113,50,18,51,11,90,97,85,63,44,36,65,111,13,104,105,79,117,45,67,32,61,52,14,53,103,92,112,48,23,30,78,123,84,62,43,109,24,35,87,25,22,19,68,121,54,81,76,40,37,75,102,59,31,119,80,49,91,2,120,55,21,34,86,47,110,122,89,3,77,42,29,17,124,107,125,20,115,100,88,41,38,99,5,72,39,27,4,57,9,6,95,69,98,118,58,66,15,93,33,73,64,56,114,101,8,26,108,28,82,116,71,83,94,70,74",20100,200
28,18,80231.2833660928,10.218907914818173,"96,12,16,10,7,106,60,46,113,50,18,51,11,90,97,85,63,44,36,109,32,123,104,105,79,35,45,67,14,62,84,43,53,24,117,52,61,112,30,78,56,87,73,25,22,19,68,121,54,81,65,92,13,111,103,76,40,37,75,102,59,31,119,80,49,91,2,120,55,21,34,86,47,110,122,89,3,77,42,29,17,124,107,125,20,98,88,100,115,5,95,6,72,39,4,27,57,9,38,99,69,41,118,58,66,15,93,33,48,23,64,114,101,8,26,108,28,82,116,71,83,94,70,74",20100,200
28,19,79757.05548016519,10.441845602076011,"96,12,16,10,7,106,60,46,113,50,18,51,97,90,11,85,63,44,36,109,32,123,104,105,79,35,45,67,14,62,84,43,53,24,117,52,61,112,30,78,56,87,73,25,22,19,68,121,54,81,76,40,13,111,65,103,92,37,75,102,59,31,119,80,49,91,2,120,55,21,34,86,47,110,122,89,3,77,42,29,17,124,107,95,5,41,88,100,115,38,99,69,9,57,27,4,39,72,6,125,20,98,93,15,66,58,118,33,48,64,23,114,101,8,26,108,28,82,116,71,83,94,70,74",20100,200
28,20,81864.33876665139,9.442105257769914,"23,12,16,10,90,106,60,46,113,50,18,51,11,7,70,85,33,44,36,109,32,123,104,105,79,35,45,67,43,62,84,14,53,24,117,112,61,52,30,78,96,19,22,25,48,87,68,121,54,81,76,92,13,111,65,103,40,37,75,102,59,119,31,80,49,91,2,120,55,21,34,86,47,110,122,89,3,77,42,29,17,124,107,125,20,98,88,100,115,5,95,6,72,39,4,27,57,9,38,99,69,41,118,58,66,15,93,63,73,64,56,114,101,8,26,108,28,82,116,71,83,94,97,74",20100,200
28,21,76662.85903395082,15.554460147709564,"96,12,16,10,7,106,60,46,113,50,18,51,97,90,11,85,63,44,36,65,111,13,104,105,79,117,45,67,32,61,52,14,53,103,92,112,48,23,30,78,123,84,62,43,109,24,35,87,25,22,19,68,121,54,81,76,40,37,75,102,59,31,119,80,49,91,2,120,55,21,34,86,47,110,122,89,3,77,42,29,17,124,107,125,20,115,100,88,41,38,99,5,72,39,27,4,57,9,6,95,69,98,93,15,66,58,118,33,73,64,56,114,101,8,26,108,28,82,116,71,83,94,70,74",20100,200
28,22,79075.22096980024,11.108365133593264,"96,12,16,10,60,106,90,46,113,50,18,51,11,7,97,85,63,44,36,65,111,13,104,105,79,117,45,67,32,61,52,14,53,103,92,112,48,23,30,78,123,84,62,43,109,24,35,87,25,22,19,68,121,54,81,76,40,37,75,102,59,31,119,80,49,91,2,120,55,21,34,86,47,110,122,89,3,77,42,29,17,124,107,95,5,41,88,100,115,38,99,69,9,57,27,4,39,72,6,125,20,98,93,15,66,58,118,33,73,64,56,114,101,8,26,108,28,82,116,71,83,94,70,74",20100,200
28,23,81922.22348945378,9.211423418548076,"18,12,16,10,90,106,60,46,51,50,56,113,11,7,70,85,33,44,36,109,32,123,104,105,79,35,45,67,43,62,84,14,53,24,117,112,61,52,30,78,23,87,73,25,22,19,68,121,54,81,76,40,13,111,65,103,92,37,75,102,59,31,119,80,49,91,2,120,55,21,34,86,47,110,122,89,3,77,42,29,17,124,107,125,20,98,88,100,115,5,95,6,72,39,66,58,118,41,69,99,38,9,57,27,4,15,93,63,48,64,96,114,101,8,26,108,28,82,116,71,83,94,97,74",20100,200
28,24,77823.1934465107,12.5143076977255,"96,12,16,10,90,106,60,46,113,50,18,51,11,7,97,85,63,44,36,65,111,13,104,105,79,117,45,67,32,61,52,14,53,103,92,112,48,23,30,78,123,84,62,43,109,24,35,87,25,22,19,68,121,54,81,76,40,37,75,102,59,31,119,80,49,91,2,34,21,55,120,86,47,110,122,89,3,77,42,29,17,124,107,125,20,98,88,100,115,5,95,69,9,57,4,27,39,72,6,99,38,41,93,15,66,58,118,33,73,64,56,114,101,8,26,108,28,82,116,71,83,94,70,74",20100,200
28,25,82051.62658068587,9.065520102515315,"60,12,16,10,90,106,50,46,51,18,56,113,11,7,70,85,33,44,36,109,32,123,104,105,79,35,45,67,43,62,84,14,53,24,117,112,61,52,30,78,96,87,48,25,22,19,68,121,54,81,76,40,13,111,65,103,92,37,75,102,59,31,119,80,49,91,2,120,21,55,34,86,47,110,122,89,3,77,42,29,17,124,107,125,20,98,88,100,115,5,95,6,72,39,4,27,57,9,38,99,69,41,118,58,66,15,93,63,73,23,64,114,101,8,26,108,28,82,116,71,83,94,97,74",20100,200
28,26,78555.45271885609,11.243935208437192,"96,12,16,10,7,106,60,46,113,50,18,51,97,90,11,85,63,44,36,65,111,13,104,105,79,117,45,67,32,61,52,14,53,103,92,112,48,23,30,78,123,84,62,43,109,24,35,87,25,22,19,68,121,54,81,76,40,37,75,102,59,31,119,80,49,91,2,120,21,55,34,86,47,110,122,89,3,77,42,29,17,124,107,95,5,41,88,100,115,38,99,69,9,57,27,4,39,72,6,125,20,98,93,15,66,58,118,33,73,64,56,114,101,8,26,108,28,82,116,71,83,94,70,74",20100,200
29,0,81527.68075456952,8.917229842414212,"79,45,120,114,91,15,4,44,123,88,34,54,66,24,25,109,100,56,59,108,121,23,40,105,53,106,111,36,43,77,13,70,6,97,94,112,21,9,41,30,122,28,65,110,64,60,82,20,38,26,42,73,5,2,107,72,95,19,14,98,124,16,29,10,46,80,55,8,104,84,58,81,39,119,31,92,27,61,50,51,37,113,47,86,63,118,48,78,18,89,115,90,116,74,102,17,52,12,93,3,7,85,62,33,67,83,71,125,117,57,101,75,87,96,76,49,69,99,68,35,22,11,32,103",20100,200
29,1,80355.51524939752,9.11219729689794,"45,79,120,114,91,15,4,44,123,88,34,54,66,24,25,109,100,56,59,108,121,23,40,105,53,106,111,36,43,77,13,70,6,97,94,112,21,9,41,28,122,30,65,110,64,60,82,20,38,26,42,73,5,2,107,72,46,10,29,16,124,98,14,19,95,80,55,8,104,84,58,81,39,119,31,92,27,61,50,51,37,113,47,86,63,118,48,78,18,89,115,90,116,74,102,17,12,52,93,3,7,35,62,33,67,83,71,125,117,57,75,101,87,96,76,49,69,99,68,85,22,11,32,103",20100,200
29,2,78635.5531096193,12.205389527458273,"45,79,120,114,91,15,4,44,112,21,9,109,28,122,30,41,100,56,59,108,121,23,40,105,53,106,111,97,43,77,13,70,6,36,94,123,88,34,54,25,24,66,65,110,64,82,60,20,38,26,42,73,5,2,107,72,95,10,29,16,124,98,14,19,46,80,55,8,104,84,58,81,39,119,31,92,27,61,50,51,37,113,47,86,63,118,48,78,18,67,33,62,35,7,3,93,12,52,17,102,74,116,90,115,89,83,71,125,117,57,75,101,87,96,76,49,69,99,68,85,22,11,32,103",20100,200
29,3,79240.13355670769,9.770178197035944,"45,79,120,114,91,15,4,44,123,88,34,54,66,24,25,109,100,56,59,108,121,23,40,105,53,106,111,36,43,77,13,70,6,97,94,112,21,9,33,67,18,78,48,118,63,86,47,113,37,51,50,61,27,92,31,119,39,81,58,84,104,8,55,80,46,19,14,98,124,16,29,10,95,72,107,2,5,73,42,26,38,20,82,60,64,110,65,28,122,30,41,62,35,7,3,93,12,52,17,102,74,116,90,115,89,83,71,125,117,57,75,87,101,96,76,49,69,99,68,85,22,11,32,103",20100,200
29,4,78710.84906506023,10.792899750861192,"45,79,120,114,91,15,4,44,59,56,100,109,28,122,30,41,9,21,112,94,121,23,40,105,53,106,111,97,43,77,13,70,6,36,108,123,88,34,54,66,24,25,65,110,64,60,82,20,38,26,58,84,104,8,55,80,46,10,29,16,124,98,14,19,95,72,107,2,5,73,42,81,39,119,31,92,27,61,50,51,37,113,47,86,63,118,48,78,18,67,33,62,12,93,3,7,35,52,17,102,74,116,90,115,125,71,83,89,117,57,75,87,101,96,99,69,22,68,49,85,76,11,32,103",20100,200
29,5,78592.23258309472,14.34642876696054,"45,79,120,114,91,15,4,44,59,56,100,109,25,24,67,54,34,88,123,108,121,23,40,105,43,36,111,106,53,77,13,70,6,97,94,112,21,9,41,30,122,28,65,110,64,82,60,20,38,26,42,73,5,2,107,72,95,10,29,16,124,98,14,19,46,80,55,8,104,84,58,81,39,119,31,92,27,61,50,51,37,113,47,86,63,118,48,78,18,66,99,62,35,7,3,93,12,52,17,102,74,116,90,115,125,71,83,89,117,57,75,87,101,96,33,69,22,68,49,85,76,11,32,103",20100,200
29,6,81246.4133011339,9.078880931675087,"79,45,120,114,91,15,4,44,123,88,34,54,66,24,25,109,100,56,59,108,121,23,40,105,53,106,111,36,43,77,13,70,6,97,94,112,21,9,41,28,122,30,65,110,64,60,82,20,38,26,42,73,5,2,107,72,46,10,29,16,124,98,14,19,95,80,55,8,104,84,58,81,39,119,31,92,27,61,50,51,37,113,47,86,63,118,48,78,18,89,115,90,116,74,102,17,12,52,93,3,7,85,62,33,67,83,71,125,117,57,75,101,87,96,76,49,69,99,68,35,22,11,32,103",20100,200
29,7,78671.35256924866,11.042700325857124,"45,79,120,114,91,15,4,44,59,56,100,109,28,122,30,41,9,21,112,94,121,23,40,105,53,106,111,97,43,77,13,70,6,36,108,123,88,34,54,66,24,25,65,110,64,82,60,20,38,26,42,73,5,2,107,72,95,10,29,16,124,98,14,19,46,80,55,8,104,84,58,81,39,119,31,92,27,61,50,51,33,67,18,78,48,118,63,86,47,113,37,62,35,7,3,93,12,52,17,102,74,116,90,115,89,83,71,125,117,57,75,101,87,96,99,69,22,68,49,85,76,11,103,32",20100,200
29,8,78547.72810718807,14.426470416165667,"45,79,120,114,91,15,4,44,59,56,100,109,25,24,67,54,34,88,123,108,121,23,40,105,43,36,111,106,53,77,13,70,6,97,94,112,21,9,41,30,122,28,65,110,64,82,60,20,38,26,42,73,5,2,107,72,95,10,29,16,124,98,14,19,46,80,55,8,104,84,58,81,39,119,31,92,27,61,50,51,37,113,47,86,63,118,48,78,18,66,33,62,35,7,3,93,12,52,17,102,74,116,90,115,125,71,83,89,117,57,75,87,101,96,99,69,22,68,49,85,76,11,32,103",20100,200
29,9,79217.52559552112,10.156443851014304,"79,45,120,114,91,15,4,44,123,88,34,54,66,24,25,109,100,56,59,108,121,23,40,105,53,106,111,36,43,77,113,37,51,50,61,112,21,9,41,30,122,28,65,110,64,82,60,20,38,26,42,73,5,2,107,72,95,10,29,16,124,98,14,19,46,80,55,8,104,84,58,81,39,119,31,92,27,94,97,6,70,13,47,86,63,118,48,78,18,89,115,90,116,74,102,17,52,12,93,3,7,35,62,33,67,83,71,125,117,57,75,87,101,96,99,69,22,68,49,85,76,11,103,32",20100,200
29,10,79958.76215555871,9.34857079671703,"45,79,120,114,91,15,4,44,59,56,100,54,66,24,25,109,34,88,123,108,121,23,40,105,53,106,111,36,43,77,13,70,6,97,94,112,21,9,41,30,122,42,73,5,2,107,72,95,19,14,98,124,16,29,10,46,80,55,8,110,65,28,26,38,20,60,82,64,104,84,58,81,39,119,31,92,27,61,50,51,37,113,47,86,63,118,48,78,18,89,115,90,116,74,102,17,52,12,93,3,7,35,62,33,67,83,71,125,117,57,75,87,101,96,99,69,22,68,49,85,76,11,32,103",20100,200
29,11,79533.40811775794,9.626448109970664,"45,79,120,114,91,15,4,44,123,88,34,54,66,24,25,109,100,56,59,108,121,23,40,105,53,106,111,36,43,77,13,70,6,97,94,112,21,9,41,30,122,28,65,110,64,82,60,20,38,26,42,73,5,2,107,72,95,10,29,16,124,98,14,19,46,80,55,8,104,39,81,58,84,119,31,92,27,61,50,51,37,113,47,86,63,118,48,78,18,89,115,90,116,74,102,17,52,12,93,3,7,35,62,33,67,83,71,125,117,57,75,87,101,96,99,69,22,68,49,85,76,11,32,103",20100,200
29,12,78671.35256924866,11.042700325857124,"45,79,120,114,91,15,4,44,59,56,100,109,28,122,30,41,9,21,112,94,121,23,40,105,53,106,111,97,43,77,13,70,6,36,108,123,88,34,54,66,24,25,65,110,64,82,60,20,38,26,42,73,5,2,107,72,95,10,29,16,124,98,14,19,46,80,55,8,104,84,58,81,39,119,31,92,27,61,50,51,33,67,18,78,48,118,63,86,47,113,37,62,35,7,3,93,12,52,17,102,74,116,90,115,89,83,71,125,117,57,75,101,87,96,99,69,22,68,49,85,76,11,32,103",20100,200
30,0,80482.24256522105,7.5291101731877985,"95,47,119,120,40,52,79,34,84,21,109,71,50,115,3,89,83,104,17,64,48,103,4,78,55,100,96,5,33,90,29,45,101,112,125,15,46,53,16,10,116,123,51,60,124,20,117,54,121,56,19,87,59,97,39,37,23,99,113,82,75,7,38,72,105,9,77,122,74,93,57,94,67,106,43,98,70,69,24,88,65,80,25,32,61,14,18,91,36,31,27,85,22,76,114,11,118,2,108,62,92,28,35,102,107,49,26,86,6,73,30,13,41,111,58,66,42,63,110,81,68,8,12,44",20100,200
30,1,80665.27713614656,6.995534289816611,"95,47,119,120,40,52,79,34,84,21,109,71,50,44,3,89,83,104,17,64,48,103,4,78,55,100,96,5,33,90,29,45,101,112,125,15,46,53,16,10,116,123,51,60,124,20,117,54,121,56,19,87,59,97,39,37,23,99,113,82,75,7,38,72,105,9,77,122,74,93,57,94,115,12,43,98,70,69,24,88,65,80,25,32,61,14,76,114,11,118,2,108,62,92,28,35,102,107,49,26,86,6,73,30,22,85,27,31,36,91,18,13,41,111,58,66,42,63,110,81,68,8,106,67",20100,200
30,2,78894.16018046724,8.874119674649425,"95,47,119,120,40,52,79,34,84,21,109,71,50,115,3,89,83,104,17,64,48,103,4,78,55,100,96,5,33,90,29,45,101,112,125,15,85,27,31,36,91,18,94,57,93,74,122,77,9,105,72,38,7,75,82,97,39,37,23,99,113,59,87,19,56,121,54,117,20,124,60,51,123,116,10,16,53,46,22,76,114,11,118,2,108,62,92,28,35,86,26,49,107,102,6,73,30,13,41,111,58,66,65,88,24,69,70,98,43,12,44,14,61,32,25,80,42,63,110,81,68,8,106,67",20100,200
30,3,81533.54812201203,6.754628043053148,"95,47,119,120,40,52,79,34,84,21,109,71,5,96,3,55,78,104,17,64,48,103,4,83,50,44,100,89,33,90,29,45,101,112,125,15,46,53,16,10,116,123,51,60,124,20,117,54,121,56,19,87,59,97,39,37,23,99,113,82,75,7,38,72,105,9,77,122,74,93,57,94,115,12,43,98,70,69,24,88,65,80,25,32,61,14,76,114,11,118,2,108,62,92,28,35,102,107,49,26,86,6,73,30,22,85,27,31,36,91,18,13,41,111,58,66,42,63,110,81,68,8,106,67",20100,200
30,4,80231.33092333024,7.7014609003746815,"95,47,119,120,40,52,79,34,84,21,50,71,109,44,3,89,83,104,17,64,48,103,4,78,55,100,96,5,33,90,29,45,101,46,15,125,112,53,16,10,116,123,51,60,124,20,117,54,121,56,19,87,59,113,99,23,37,39,97,82,75,7,38,72,105,9,77,122,74,93,57,94,67,106,43,98,70,69,24,88,65,80,25,32,61,14,18,91,36,31,27,85,22,76,114,11,118,2,108,62,92,28,35,102,107,49,26,86,6,73,30,13,41,111,58,66,42,63,110,81,68,8,12,115",20100,200
30,5,79477.69999375092,7.980444849756184,"95,47,119,120,40,52,79,34,84,21,5,71,50,67,3,55,78,104,17,64,48,103,4,83,89,100,44,109,33,101,45,29,90,112,125,15,46,53,16,10,116,123,51,60,124,20,117,54,121,56,19,87,59,113,99,23,37,39,97,82,75,7,38,72,105,9,77,122,74,93,57,94,115,12,43,98,70,69,24,88,65,80,25,32,61,14,18,91,36,31,27,85,22,76,114,11,118,2,108,62,92,28,35,102,107,49,26,86,6,73,30,13,41,111,58,66,42,63,110,81,68,8,96,106",20100,200
30,6,81009.92525473375,6.98212002188447,"95,47,119,120,40,52,79,34,84,21,5,71,50,67,3,55,78,104,17,64,48,103,4,83,109,44,100,89,33,90,29,45,101,112,125,15,46,53,16,10,116,123,51,60,124,20,117,54,121,56,19,87,59,97,39,37,23,99,113,82,75,7,38,72,105,9,77,122,74,93,57,94,115,12,43,98,70,69,24,88,65,80,25,32,61,14,76,114,11,118,2,108,62,92,28,35,102,107,49,26,86,6,73,30,22,85,27,31,36,91,18,13,41,111,58,66,42,63,110,81,68,8,96,106",20100,200
30,7,79772.72149401993,7.862092596758194,"95,47,119,120,40,52,79,34,84,21,5,71,109,3,96,55,78,104,17,64,48,103,4,83,50,44,100,89,99,19,87,59,113,56,121,54,117,20,124,60,51,123,116,10,16,53,46,15,125,112,90,29,45,101,33,23,37,39,97,82,75,7,38,72,105,9,77,110,74,93,57,94,67,106,43,98,70,69,24,88,65,80,25,32,61,14,76,114,11,118,2,108,62,92,28,35,102,107,49,26,86,6,73,30,22,85,27,31,36,91,18,13,41,111,58,66,42,63,122,81,68,8,115,12",20100,200
30,8,81241.40226350771,6.968679932383177,"120,47,119,95,40,52,79,34,84,21,5,71,109,67,3,55,78,104,17,64,48,103,4,83,50,44,100,89,33,90,29,45,101,112,125,15,46,53,16,10,116,123,51,60,124,20,117,54,121,56,19,87,59,97,39,37,23,99,113,82,75,7,38,72,105,9,77,122,74,93,57,94,115,12,43,98,70,69,24,88,65,80,25,32,61,14,76,114,11,118,2,108,62,92,28,35,102,107,49,26,86,6,73,30,22,85,27,31,36,91,18,13,41,111,58,66,42,63,110,81,68,8,96,106",20100,200
30,9,80362.98171119032,7.636262174650632,"95,47,119,120,40,52,79,34,84,21,71,50,109,44,3,89,83,104,48,64,17,103,4,78,55,100,96,5,33,90,29,45,101,112,125,15,46,53,16,10,116,123,51,60,124,20,117,54,121,56,19,87,59,113,99,23,37,39,97,82,75,7,38,72,105,9,77,110,74,93,57,94,67,106,43,98,70,69,24,88,65,80,25,32,61,14,18,91,36,31,27,85,22,76,114,11,118,2,108,62,92,28,35,102,107,49,26,86,6,73,30,13,41,111,58,66,42,63,122,81,68,8,115,12",20100,200
30,10,80482.24256522105,7.5291101731877985,"95,47,119,120,40,52,79,34,84,21,109,71,50,115,3,89,83,104,17,64,48,103,4,78,55,100,96,5,33,90,29,45,101,112,125,15,46,53,16,10,116,123,51,60,124,20,117,54,121,56,19,87,59,113,99,23,37,39,97,82,75,7,38,72,105,9,77,122,74,93,57,94,67,106,43,98,70,69,24,88,65,80,25,32,61,14,18,91,36,31,27,85,22,76,114,11,118,2,108,62,92,28,35,102,107,49,26,30,73,6,86,13,41,111,58,66,42,63,110,81,68,8,12,44",20100,200
30,11,79374.75281381811,8.699856320652657,"95,47,119,120,40,52,79,34,84,21,5,71,50,3,96,55,78,104,17,64,48,103,4,83,89,100,44,109,33,90,29,45,101,112,125,15,46,53,16,10,116,123,51,60,124,20,117,54,121,56,19,87,59,97,39,37,23,99,113,82,75,7,38,72,105,9,77,122,74,93,57,94,115,12,36,31,27,85,22,76,114,11,118,2,108,62,92,28,35,86,26,49,107,102,6,73,30,13,41,111,58,66,65,88,24,69,70,98,43,91,18,14,61,32,25,80,42,63,110,81,68,8,67,106",20100,200
