run,solution_idx,f1,f2,chromosome,n_evaluations,n_generations
0,0,74651.10639382685,1.0539049089636936,"6,50,139,27,29,134,87,88,135,36,67,80,69,105,19,108,54,145,79,15,131,96,148,9,147,58,99,51,30,72,25,13,120,104,32,16,136,66,115,109,8,75,38,55,74,10,64,3,24,141,49,46,14,90,73,21,85,31,59,45,89,133,65,43,119,34,116,126,5,113,63,18,106,98,91,101,61,82,102,132,142,39,70,26,47,107,121,41,7,42,40,12,81,37,33,137,100,110,112,20,103,57,17,118,97,114,143,124,78,129,56,2,53,95,92,4,122,117,125,52,60,11,127,22,28,83,146,77,123,128,71,48,62,138,23,44,84,76,144,94,111,35,86,93,140,68,130",20100,200
0,1,68861.68640504371,1.391409612608441,"6,50,139,27,29,134,87,88,135,36,67,80,69,105,19,108,54,145,79,15,131,96,148,9,147,58,99,51,30,72,25,13,136,16,32,104,120,66,115,109,8,75,38,55,74,10,64,3,24,141,121,21,73,90,14,46,85,31,59,45,89,133,65,43,119,34,116,126,5,113,18,63,106,98,91,101,61,82,102,132,142,39,70,26,47,107,49,41,7,42,4,12,81,37,33,137,100,110,112,20,103,57,17,118,117,11,22,127,71,114,143,124,92,95,53,2,56,129,140,40,122,144,93,86,35,111,94,77,123,128,78,48,62,138,23,44,84,76,97,146,83,28,60,52,125,68,130",20100,200
0,2,70901.08590841171,1.0978394597070835,"6,50,139,27,29,134,87,88,135,36,67,80,69,105,19,108,122,145,79,15,131,96,148,9,147,58,99,51,30,72,25,13,120,104,32,16,136,66,115,109,8,75,38,55,74,10,64,3,24,141,49,21,14,90,73,46,85,31,59,45,89,133,65,43,119,34,116,126,5,113,63,18,106,98,91,101,61,82,102,132,142,39,70,26,47,107,121,41,7,42,4,12,81,37,33,137,100,110,112,20,103,57,17,118,117,11,54,40,78,114,143,124,92,95,53,2,56,129,140,127,22,144,93,86,35,111,94,77,123,128,125,52,62,138,23,44,84,76,28,60,48,97,146,83,71,68,130",20100,200
0,3,70398.57532978794,1.1152188205690752,"6,50,139,27,29,134,87,88,135,36,67,80,69,105,19,108,122,145,79,15,131,96,148,9,147,58,99,51,30,72,25,13,136,16,32,104,120,66,115,109,8,75,38,55,74,10,64,3,24,141,49,21,14,90,73,46,85,31,59,45,89,133,65,43,119,34,116,126,5,113,63,18,106,98,91,101,61,82,102,132,142,39,70,26,47,107,121,41,7,42,4,12,81,37,33,137,100,110,112,20,103,57,17,118,117,11,54,40,78,114,143,124,92,95,53,2,56,129,140,127,22,144,93,86,35,111,94,77,123,128,125,52,62,138,23,44,84,76,28,60,48,97,146,83,71,68,130",20100,200
0,4,68603.75822283882,1.5101413436802824,"6,50,139,27,29,134,87,88,135,36,67,80,69,105,19,108,54,145,79,15,131,96,148,9,147,58,99,51,30,72,25,13,136,16,32,104,120,66,115,109,8,75,38,55,74,141,24,3,64,10,49,21,73,90,14,46,85,31,59,45,89,133,65,43,119,34,116,126,5,113,63,18,106,98,91,101,61,82,102,132,142,39,70,26,47,107,121,41,7,42,4,12,81,37,33,137,100,110,112,20,103,57,17,118,117,11,22,127,71,114,143,124,92,95,53,2,56,129,78,40,122,144,48,62,35,111,94,77,123,128,140,93,86,28,83,44,84,76,97,146,23,138,60,52,125,68,130",20100,200
0,5,69319.48341610549,1.2910421917305424,"6,50,139,27,29,134,87,88,135,36,67,80,69,105,19,108,122,145,79,15,131,96,148,9,147,58,99,51,30,72,25,13,136,16,32,104,120,66,115,109,8,75,38,55,74,10,64,3,24,141,121,21,14,90,73,46,85,31,59,45,89,133,65,43,119,34,116,126,5,113,63,18,106,98,91,101,61,82,102,132,142,39,70,26,47,107,49,41,7,42,4,12,81,37,33,137,100,110,112,20,103,57,17,118,117,11,54,40,78,114,143,124,92,95,53,2,56,129,140,127,22,144,93,86,35,111,94,77,123,128,71,48,62,138,23,44,84,76,97,146,83,28,60,52,125,68,130",20100,200
0,6,70024.27862561341,1.214282606529761,"6,50,139,27,29,134,87,88,135,36,67,80,69,105,19,108,54,145,79,15,131,96,148,9,147,58,99,51,30,72,25,13,32,16,136,104,120,66,115,109,8,75,38,55,74,10,64,3,24,141,49,21,14,90,73,46,85,31,59,45,89,133,65,43,119,34,116,126,5,113,63,18,106,98,91,101,61,82,102,132,142,39,70,26,47,107,121,41,7,42,4,12,81,37,33,137,100,110,112,20,103,57,17,118,117,11,22,127,71,114,143,124,92,95,53,2,56,129,78,40,122,144,83,146,97,111,94,77,123,128,125,52,62,138,23,44,84,76,35,60,48,28,86,93,140,68,130",20100,200
0,7,70062.19308676309,1.1821840684079756,"6,50,139,27,29,134,87,88,135,36,67,80,69,105,19,108,122,145,79,15,131,96,148,9,147,58,99,51,30,72,25,13,136,16,32,104,120,66,115,109,8,75,38,55,74,10,64,3,24,141,121,21,73,90,14,46,85,31,59,45,89,133,65,43,119,34,116,126,5,113,18,63,106,98,91,101,61,82,102,132,142,39,70,26,47,107,49,41,7,42,4,12,81,37,33,137,100,110,112,20,103,57,17,118,117,11,54,40,78,114,143,124,92,95,53,2,56,129,140,127,22,144,93,86,35,111,94,77,123,128,125,52,62,138,23,44,84,76,28,60,48,97,146,83,71,68,130",20100,200
0,8,69198.06864806857,1.3349811070622002,"6,50,139,27,29,134,87,88,135,36,67,80,69,105,19,108,54,145,79,15,131,96,148,9,147,58,99,51,30,72,25,13,136,16,32,104,120,66,115,109,8,75,38,55,74,10,64,3,24,141,49,21,14,90,73,46,85,31,59,45,89,133,65,43,119,34,116,126,5,113,63,18,106,98,91,101,61,82,102,132,142,39,70,26,47,107,121,41,7,42,4,12,81,37,33,137,100,110,112,20,103,57,17,118,117,11,22,127,71,114,143,124,92,95,53,2,56,129,140,40,122,144,93,86,35,111,94,77,123,128,78,48,62,138,23,44,84,76,97,146,83,28,60,52,125,68,130",20100,200
0,9,72066.24425161777,1.0622280368954984,"6,50,139,27,29,134,87,88,135,36,67,80,69,105,19,108,122,145,79,15,131,96,148,9,147,58,99,51,30,72,25,13,136,16,32,104,120,66,115,109,8,75,38,55,74,10,64,3,24,141,49,46,14,90,73,21,85,31,59,45,89,133,65,43,119,34,116,126,5,113,63,18,106,98,91,101,61,82,102,132,142,39,70,26,47,107,121,41,7,42,4,57,103,20,112,110,81,37,33,137,100,12,17,118,117,11,54,40,78,114,143,124,92,95,53,2,56,129,140,127,22,144,93,86,35,111,94,77,123,128,125,52,62,138,23,44,84,76,28,60,48,97,146,83,71,68,130",20100,200
0,10,69189.97049143206,1.3519233296356872,"6,50,139,27,29,134,87,88,135,36,67,80,69,105,19,108,54,145,79,15,131,96,148,9,147,58,99,51,30,72,25,13,136,16,32,104,120,66,115,109,8,75,38,55,74,10,64,3,24,141,121,21,14,90,73,46,85,31,59,45,89,133,65,43,119,34,116,126,5,113,18,63,106,98,91,101,61,82,102,132,142,39,70,26,47,107,49,41,7,42,4,12,81,37,33,137,100,110,112,20,103,57,17,118,117,11,22,127,71,114,143,124,92,95,53,2,56,129,78,40,122,144,48,62,35,111,94,77,123,128,125,52,60,138,23,44,84,76,97,146,83,28,86,93,140,68,130",20100,200
0,11,69568.74072414558,1.2455542242085598,"6,50,139,27,29,134,87,88,135,36,67,80,69,105,19,108,54,145,79,15,131,96,148,9,147,58,99,51,30,72,25,13,136,16,32,104,120,66,115,109,8,75,38,55,74,10,64,3,24,141,121,21,14,90,73,46,85,31,59,45,89,133,65,43,119,34,116,126,5,113,63,18,106,98,91,101,61,82,102,132,142,39,70,26,47,107,49,41,7,42,4,12,81,37,33,137,100,110,112,20,103,57,17,118,117,11,22,127,71,114,143,124,92,95,53,2,56,129,140,40,122,144,93,86,35,111,94,77,123,128,125,52,60,138,23,44,84,76,97,146,83,28,62,48,78,68,130",20100,200
0,12,70171.25197529522,1.1658034281713596,"6,50,139,27,29,134,87,88,135,36,67,80,69,105,19,108,54,145,79,15,131,96,148,9,147,58,99,51,30,72,25,13,32,16,136,104,120,66,115,109,8,75,38,55,74,10,64,3,24,141,49,21,14,90,73,46,85,31,59,45,89,133,65,43,34,119,116,126,5,113,63,18,106,98,91,101,61,82,102,132,142,39,70,26,47,107,121,41,7,42,4,12,81,37,33,137,100,110,112,20,103,57,17,118,117,11,122,40,78,114,143,124,92,95,53,2,56,129,140,127,22,144,93,86,35,111,94,77,123,128,125,52,60,138,23,44,84,76,97,146,83,28,62,48,71,68,130",20100,200
0,13,68806.24637709792,1.4332172841383353,"6,50,139,27,29,134,87,88,135,36,67,80,69,105,19,108,54,145,79,15,131,96,148,9,147,58,99,51,30,72,25,13,136,16,32,104,120,66,115,109,8,75,38,55,74,10,64,3,24,141,49,21,14,90,73,46,85,31,59,45,89,133,65,43,119,34,116,126,5,113,63,18,106,98,91,101,61,82,102,132,142,39,70,26,47,107,121,41,7,42,4,12,81,37,33,137,100,110,112,20,103,57,17,118,117,11,22,127,71,114,143,124,92,95,53,2,56,129,78,40,122,144,48,62,35,111,94,77,123,128,140,93,86,28,83,44,84,76,97,146,23,138,60,52,125,68,130",20100,200
0,14,69069.64021716447,1.363487305821398,"6,50,139,27,29,134,87,88,135,36,67,80,69,105,19,108,54,145,79,15,131,96,148,9,147,58,99,51,30,72,25,13,136,16,32,104,120,66,115,109,8,75,38,55,74,141,24,3,64,10,121,21,14,90,73,46,85,31,59,45,89,133,65,43,34,119,116,126,5,113,63,18,106,98,91,101,61,82,102,132,142,39,70,26,47,107,49,41,7,42,4,12,81,37,33,137,100,110,112,20,103,57,17,118,117,11,22,127,71,114,143,124,92,95,53,2,56,129,140,40,122,144,93,86,35,111,94,77,123,128,78,48,62,138,23,44,84,76,97,146,83,28,60,52,125,68,130",20100,200
0,15,68806.24637709792,1.4332172841383353,"6,50,139,27,29,134,87,88,135,36,67,80,69,105,19,108,54,145,79,15,131,96,148,9,147,58,99,51,30,72,25,13,136,16,32,104,120,66,115,109,8,75,38,55,74,10,64,3,24,141,49,21,14,90,73,46,85,31,59,45,89,133,65,43,119,34,116,126,5,113,63,18,106,98,91,101,61,82,102,132,142,39,70,26,47,107,121,41,7,42,4,12,81,37,33,137,100,110,112,20,103,57,17,118,117,11,22,127,71,114,143,124,92,95,53,2,56,129,78,40,122,144,48,62,35,111,94,77,123,128,140,93,86,138,23,146,97,76,84,44,83,28,60,52,125,68,130",20100,200
0,16,68644.32238153712,1.4593092481260006,"6,50,139,27,29,134,87,88,135,36,67,80,69,105,19,108,54,145,79,15,131,96,148,9,147,58,99,51,30,72,25,13,136,16,32,104,120,66,115,109,8,75,38,55,74,141,24,3,64,10,49,21,14,90,73,46,85,31,59,45,89,133,65,43,119,34,116,126,5,113,63,18,106,98,91,101,61,82,102,132,142,39,70,26,47,107,121,41,7,42,4,12,81,37,33,137,100,110,112,20,103,57,17,118,117,11,22,127,71,114,143,124,92,95,53,2,56,129,78,40,122,144,48,62,35,111,94,77,123,128,140,93,86,138,23,146,97,76,84,44,83,28,60,52,125,68,130",20100,200
1,0,71778.53736038567,2.230354736027592,"143,133,148,24,131,32,47,92,34,26,79,75,70,25,18,67,114,105,40,93,124,147,71,59,95,66,85,2,22,43,109,29,98,69,107,130,58,7,41,38,54,17,60,51,91,146,128,45,140,83,138,94,57,108,74,27,116,132,53,63,50,123,86,19,28,65,115,80,36,136,106,12,8,145,61,35,129,31,49,84,64,77,33,137,11,39,125,73,82,81,122,96,88,56,16,142,99,126,121,117,9,141,6,52,46,20,62,118,103,30,102,4,21,139,42,97,72,23,14,78,144,76,13,5,104,134,135,112,10,37,110,48,120,101,55,68,89,111,113,127,119,90,87,44,3,15,100",20100,200
1,1,74620.58320469146,1.2600995304360492,"143,133,148,24,131,32,47,92,34,26,79,75,70,25,105,114,67,18,40,93,124,147,71,59,95,66,85,2,22,43,109,29,98,69,15,107,123,50,63,53,132,116,27,51,91,146,128,45,140,83,138,94,57,108,74,60,17,54,38,41,7,58,86,19,28,65,115,80,36,136,106,12,8,145,127,35,129,31,49,84,64,77,33,137,11,44,125,73,42,139,21,78,61,134,30,4,14,23,72,97,110,37,10,68,144,76,113,5,104,102,103,118,130,20,46,99,126,121,117,9,141,6,52,142,87,56,88,96,122,81,82,48,120,101,112,55,89,111,13,135,119,90,16,39,3,100,62",20100,200
1,2,72297.52636486992,1.4751563038277669,"143,133,148,49,131,32,47,92,34,26,79,75,70,25,105,114,67,18,40,93,124,147,71,59,95,66,85,2,22,43,109,29,98,69,15,107,123,50,63,53,54,17,60,51,91,57,94,45,140,83,138,128,146,108,74,27,116,132,38,41,7,58,86,19,28,65,115,80,36,136,106,12,8,145,61,35,129,31,24,84,64,77,33,137,11,39,125,73,82,81,122,96,88,56,16,142,99,126,121,117,9,141,6,52,46,20,62,118,103,30,102,4,21,139,42,97,72,144,78,14,23,76,13,5,104,134,135,112,10,37,110,48,120,101,55,68,127,111,100,89,119,90,87,44,3,130,113",20100,200
1,3,72671.1748263227,1.4618038289894748,"143,133,148,49,131,32,47,92,34,26,79,75,70,25,105,114,67,18,40,93,124,147,71,59,95,66,85,2,22,43,109,29,98,69,15,107,123,50,63,53,54,17,60,51,91,57,94,45,140,83,138,128,146,108,74,27,116,132,38,41,7,58,86,19,135,134,104,5,13,76,23,14,78,144,72,97,42,139,21,4,102,30,103,118,62,20,46,52,6,141,9,117,121,126,99,142,16,56,88,96,122,81,82,73,125,39,11,137,33,77,64,84,24,31,129,35,61,145,8,12,106,136,36,80,115,65,28,112,10,37,110,48,120,101,55,68,127,111,100,89,119,90,87,44,3,130,113",20100,200
1,4,73031.17221271404,1.4347261278373895,"143,133,148,24,131,32,47,92,34,26,79,75,70,25,105,114,67,45,128,146,91,51,27,116,132,107,63,50,123,53,15,69,98,29,109,43,22,2,85,66,95,59,71,147,124,93,40,18,140,83,138,94,57,108,74,60,17,54,38,41,7,58,86,19,28,65,115,80,36,136,106,12,8,145,61,35,129,31,49,84,64,77,33,137,11,39,125,73,82,81,122,96,88,56,16,142,99,126,121,117,9,141,6,52,46,20,62,118,103,30,101,120,48,110,37,10,112,135,134,104,5,13,76,144,78,14,23,72,97,42,139,21,4,102,55,68,89,111,113,127,119,90,87,44,3,130,100",20100,200
1,5,74204.7534005878,1.3944174410842687,"143,133,148,24,131,32,47,92,34,26,79,75,70,25,105,114,67,18,40,93,124,147,71,59,95,66,85,2,22,43,109,29,98,69,15,107,58,7,41,38,132,116,27,74,108,57,94,45,140,83,138,128,146,91,51,60,17,54,86,63,50,123,53,88,28,65,115,80,89,136,106,12,8,145,61,35,129,31,49,84,64,77,33,137,11,39,125,73,110,37,10,112,135,134,104,5,13,76,144,78,21,139,42,97,72,23,14,4,30,102,103,118,62,20,46,99,126,121,117,9,141,6,52,142,16,56,19,96,122,81,82,48,120,101,55,68,127,111,100,36,119,90,87,44,3,130,113",20100,200
1,6,77134.26027752207,1.2101239605924676,"143,133,148,24,131,32,47,92,34,26,79,75,70,25,18,67,114,105,40,93,124,147,71,59,95,66,85,2,22,43,109,29,98,69,19,102,58,7,41,38,132,116,27,51,91,146,128,45,140,83,138,94,57,108,74,60,17,54,86,63,50,123,53,88,28,65,115,80,89,136,106,113,8,145,61,35,129,31,49,84,64,77,33,137,11,103,107,30,4,14,23,72,97,42,10,21,78,125,73,110,37,139,112,135,134,104,5,13,76,144,39,118,62,20,46,99,126,121,52,6,141,9,117,142,16,56,87,96,122,100,82,15,120,48,111,119,127,55,81,12,44,68,101,90,3,130,36",20100,200
1,7,72825.52725042852,1.4483282598132854,"143,133,148,49,131,32,47,92,34,26,79,75,70,25,105,114,67,18,40,93,124,147,71,59,95,66,85,2,22,43,109,29,98,69,15,107,123,50,63,53,54,17,60,51,91,146,128,138,83,140,45,94,57,108,74,27,116,132,38,41,7,58,86,19,28,65,115,80,36,136,106,12,8,145,61,35,129,31,24,84,64,77,33,137,11,39,125,73,82,81,122,96,88,56,16,142,99,126,121,117,9,141,6,52,46,20,62,118,103,30,101,120,48,110,37,10,112,135,134,104,5,13,76,144,78,14,23,72,97,42,139,21,4,102,55,68,89,111,113,127,119,90,87,44,3,130,100",20100,200
1,8,73558.29520802245,1.4071274602360122,"143,133,148,49,131,32,47,92,34,26,79,75,70,25,18,67,114,105,40,93,124,147,71,59,95,66,85,2,22,43,109,29,98,69,15,107,123,50,63,53,54,17,60,51,91,146,128,138,83,140,45,94,57,108,74,27,116,132,38,41,7,58,86,19,28,65,115,80,36,136,106,12,8,145,61,35,129,31,24,84,64,77,33,137,11,39,125,73,82,81,122,96,88,56,16,142,99,126,121,117,9,141,6,52,46,20,62,118,103,30,102,55,68,101,120,48,110,37,10,112,135,134,104,5,13,76,144,78,14,23,72,97,42,139,21,4,127,111,100,113,44,119,87,90,3,130,89",20100,200
1,9,72096.90465569643,1.5015050760060116,"143,133,148,24,131,32,47,92,34,26,79,75,70,25,105,114,67,18,40,93,124,147,71,59,95,66,85,2,22,43,109,29,98,57,94,138,83,140,45,128,146,91,51,27,116,132,53,63,50,123,107,15,69,108,74,60,17,54,38,41,7,58,86,19,28,65,115,80,36,49,106,12,8,145,61,35,129,31,136,84,64,77,33,137,11,39,125,73,82,81,122,96,88,56,16,142,99,126,121,117,9,141,6,52,46,20,62,118,103,30,101,120,48,110,37,10,112,135,134,104,5,13,76,144,78,14,23,72,97,42,139,21,4,102,55,68,89,111,113,127,119,90,87,44,3,130,100",20100,200
1,10,78611.10575746238,1.1934822998268553,"143,133,148,24,52,32,47,92,34,26,79,75,70,25,18,67,114,105,40,93,124,147,71,59,95,66,85,2,22,43,109,29,98,69,19,102,58,7,41,38,132,116,27,74,108,146,128,45,140,83,138,94,57,91,51,60,17,54,86,63,50,123,53,88,28,65,115,80,89,136,106,113,8,145,61,35,129,31,49,84,64,77,33,137,11,103,107,44,118,134,12,5,144,68,127,121,99,37,110,73,125,78,21,139,42,97,72,23,14,4,30,96,130,15,46,10,104,9,20,117,36,6,131,142,87,56,112,135,122,81,82,48,120,101,76,55,141,111,13,126,119,90,16,39,3,62,100",20100,200
1,11,74538.11523875495,1.290845536520219,"143,133,148,24,131,32,47,92,34,26,75,79,70,25,105,114,67,18,40,93,124,147,71,59,95,66,85,2,22,43,109,29,98,69,15,107,123,50,63,53,132,116,27,51,91,146,128,45,140,83,138,94,57,108,74,60,17,54,38,41,7,58,86,19,28,65,115,80,36,136,106,12,8,145,61,35,129,31,49,84,64,77,33,137,11,39,73,125,110,37,10,68,127,134,30,4,14,23,72,97,42,139,21,78,144,76,113,5,104,102,103,118,130,20,46,99,126,121,117,9,141,6,52,142,87,56,88,96,122,81,82,48,120,101,112,55,89,111,13,135,119,90,16,44,3,62,100",20100,200
1,12,72671.1748263227,1.4618038289894748,"143,133,148,49,131,32,47,92,34,26,79,75,70,25,105,114,67,18,40,93,124,147,71,59,95,66,85,2,22,43,109,29,98,69,15,107,123,50,63,53,54,17,60,51,91,146,128,138,83,140,45,94,57,108,74,27,116,132,38,41,7,58,86,19,135,134,104,5,13,76,23,14,78,144,72,97,42,139,21,4,102,30,103,118,62,20,46,52,6,141,9,117,121,126,99,142,16,56,88,96,122,81,82,73,125,39,11,137,33,77,64,84,24,31,129,35,61,145,8,12,106,136,36,80,115,65,28,112,10,37,110,48,120,101,55,68,127,111,100,89,119,90,87,44,3,130,113",20100,200
1,13,76785.24089648083,1.2427389106324787,"143,133,148,49,131,32,47,92,34,26,79,75,70,25,105,114,67,18,40,93,124,147,71,59,95,66,85,2,22,43,109,29,98,69,19,102,58,7,41,38,54,17,60,51,91,146,128,45,140,83,138,94,57,108,74,27,116,132,86,63,50,123,53,88,28,65,115,80,89,136,106,113,8,145,61,35,129,31,24,84,64,77,33,137,11,103,107,30,4,14,23,72,97,42,10,21,78,125,73,110,37,139,112,135,134,104,5,13,76,144,39,118,62,20,46,99,126,121,52,6,141,9,117,142,16,56,87,96,122,100,82,15,120,48,111,119,127,55,81,12,44,68,101,90,3,130,36",20100,200
1,14,74288.07526830038,1.3356381463471687,"143,133,148,49,131,32,47,92,34,26,79,75,70,25,18,67,114,105,40,93,124,147,71,59,95,66,85,2,22,43,109,29,98,69,107,15,123,50,63,53,54,17,60,51,91,57,94,45,140,83,138,128,146,108,74,27,116,132,38,41,7,58,86,19,28,65,115,80,36,136,106,12,8,145,61,35,129,31,24,84,64,77,33,137,11,44,125,73,110,37,10,68,127,134,30,4,14,23,72,97,42,139,21,78,144,76,113,5,104,102,103,118,130,20,46,99,126,121,117,9,141,6,52,142,87,56,88,96,122,81,82,48,120,101,112,55,89,111,13,135,119,90,16,39,3,62,100",20100,200
1,15,72825.52725042852,1.4483282598132854,"143,133,148,49,131,32,47,92,34,26,79,75,70,25,105,114,67,18,40,93,124,147,71,59,95,66,85,2,22,43,109,29,98,69,15,107,123,50,63,53,54,17,60,51,91,57,94,45,140,83,138,128,146,108,74,27,116,132,38,41,7,58,86,19,28,65,115,80,36,136,106,12,8,145,61,35,129,31,24,84,64,77,33,137,11,39,125,73,82,81,122,96,88,56,16,142,99,126,121,117,9,141,6,52,46,20,62,118,103,30,101,120,48,110,37,10,112,135,134,104,5,13,76,144,78,14,23,72,97,42,139,21,4,102,55,68,89,111,113,127,119,90,87,44,3,100,130",20100,200
2,0,66254.72921363176,1.4751563038277669,"77,94,61,60,146,110,111,123,112,121,58,91,140,80,85,93,97,50,72,73,6,26,139,81,104,7,13,46,125,100,129,49,96,145,54,18,143,3,119,133,40,83,90,44,19,63,47,114,135,74,69,43,31,75,52,88,127,35,34,124,67,148,29,22,14,37,106,131,68,98,144,108,109,102,136,126,27,62,99,57,25,132,101,21,59,28,78,89,141,116,70,142,53,117,82,41,36,71,86,76,8,15,2,51,10,16,115,95,103,137,107,113,87,24,12,30,39,42,9,32,38,79,23,4,17,65,20,134,64,84,120,48,147,56,128,118,66,5,138,130,45,122,33,11,55,92,105",20100,200
2,1,67796.6943375782,1.38,"77,94,5,60,146,110,111,123,112,121,58,91,140,80,85,51,2,15,44,76,86,71,36,41,82,117,53,142,70,116,141,89,78,28,59,21,101,132,25,57,99,62,27,126,13,102,109,108,144,32,68,131,106,37,14,22,29,124,67,125,100,129,49,96,145,54,18,143,3,119,133,40,83,90,8,74,135,114,47,63,19,69,43,31,75,52,88,127,35,34,148,46,136,7,104,81,139,26,6,73,72,50,97,93,10,16,115,95,103,137,107,20,65,17,4,23,79,38,120,9,42,39,30,12,24,87,113,134,64,84,118,48,147,56,128,98,66,61,138,130,45,122,33,11,55,92,105",20100,200
2,2,67182.18052021184,1.4347261278373895,"77,94,61,60,146,110,111,123,112,121,58,91,72,50,97,93,85,55,140,73,6,26,139,81,104,7,120,45,125,100,129,49,96,145,54,18,143,3,119,133,40,83,90,44,74,135,114,47,63,19,69,43,31,75,52,88,127,35,34,124,67,148,29,22,14,37,106,131,68,118,144,108,109,102,136,126,27,62,99,57,25,132,101,21,59,28,89,78,141,116,70,142,53,117,82,41,36,71,86,76,8,15,2,51,10,16,115,95,103,137,107,113,87,24,12,30,39,42,9,13,38,79,23,4,17,65,20,134,64,84,32,48,46,98,128,147,66,5,11,105,92,80,138,33,122,56,130",20100,200
2,3,67621.01765884641,1.4086873322352267,"77,94,5,60,146,110,111,123,112,121,58,91,140,80,85,51,2,15,44,76,86,71,36,41,82,117,53,142,70,116,141,89,78,28,59,21,101,132,25,57,99,62,27,126,13,102,109,108,144,32,68,131,106,37,14,22,29,124,67,148,34,35,127,88,52,75,31,43,69,19,63,47,114,135,74,8,90,83,40,133,119,3,143,18,54,145,96,49,129,100,125,46,136,7,104,81,139,26,6,73,72,50,97,93,10,16,115,95,103,137,107,20,65,17,4,23,79,38,120,9,42,39,30,12,24,87,113,134,64,84,45,48,147,56,128,118,66,61,138,130,98,122,33,11,55,92,105",20100,200
2,4,65953.12999903741,1.540183285227881,"77,94,5,60,146,110,111,123,112,121,58,91,140,80,85,93,97,50,72,73,6,26,139,81,104,7,13,46,125,100,129,49,96,145,54,18,143,3,119,133,40,83,90,44,74,135,114,47,63,19,69,43,31,75,52,88,127,35,34,124,67,148,29,22,14,37,106,131,68,118,144,108,109,102,136,126,27,62,99,57,25,132,101,21,59,28,89,78,141,116,70,142,53,117,82,41,36,71,86,76,8,15,2,51,10,16,115,95,103,137,107,113,87,24,12,30,39,42,9,120,38,79,23,4,17,65,20,134,64,84,45,48,147,56,128,32,66,61,138,130,98,122,33,11,55,92,105",20100,200
2,5,66783.30255482595,1.4506550244630871,"77,94,5,60,146,110,111,123,112,121,58,91,140,80,85,93,97,50,72,73,52,26,139,81,104,7,136,46,125,100,129,49,96,145,54,18,143,3,119,133,40,83,90,44,74,135,114,47,63,19,69,43,31,75,6,88,127,35,34,124,67,148,29,22,14,37,106,131,68,32,144,108,109,102,13,126,27,62,99,57,25,132,101,21,59,28,78,89,141,116,70,142,53,117,82,41,36,71,86,76,8,15,2,51,10,16,115,95,103,137,107,20,65,17,4,23,79,38,120,9,42,39,30,12,24,87,113,134,64,84,45,48,147,56,128,118,66,61,138,130,98,122,33,11,55,92,105",20100,200
2,6,65953.12999903741,1.540183285227881,"77,94,5,60,146,110,111,123,112,121,58,91,140,80,85,93,97,50,72,73,6,26,139,81,104,7,13,46,125,100,129,49,96,145,54,18,143,3,119,133,40,83,90,44,74,135,114,47,63,19,69,43,31,75,52,88,127,35,34,124,67,148,29,22,14,37,106,131,68,118,144,108,109,102,136,126,27,62,99,57,25,132,101,21,59,28,78,89,141,116,70,142,53,117,82,41,36,71,86,76,8,15,2,51,10,16,115,95,103,137,107,113,87,24,12,30,39,42,9,120,38,79,23,4,17,65,20,134,64,84,45,48,147,56,128,32,66,61,138,130,98,122,33,11,55,92,105",20100,200
2,7,67322.00715021943,1.422814112946593,"77,94,5,60,146,110,111,123,112,121,58,91,140,80,85,93,97,50,72,73,6,26,139,81,104,7,136,46,125,100,129,49,96,145,54,18,143,3,119,133,40,83,90,44,88,52,75,31,43,69,19,63,47,114,135,74,127,35,34,148,67,124,29,22,14,37,106,131,68,32,144,108,109,102,13,126,27,62,99,57,25,132,101,21,59,28,78,89,141,116,70,142,53,117,82,41,36,71,86,76,8,15,2,51,10,16,115,95,103,137,107,20,65,17,4,23,79,38,120,9,42,39,30,12,24,87,113,134,64,84,45,48,147,56,128,118,66,61,138,130,98,122,33,11,55,92,105",20100,200
2,8,67801.97888440722,1.1065260954898442,"128,146,60,61,94,110,111,123,112,121,58,31,140,80,85,93,97,50,72,73,6,26,139,81,104,7,13,62,27,126,44,49,96,47,114,83,90,136,74,135,40,133,46,125,100,129,102,109,78,28,69,43,91,75,59,19,63,29,3,143,18,54,145,99,57,25,132,101,21,52,88,9,35,34,124,67,148,118,22,14,37,106,131,68,32,144,108,89,141,116,70,142,53,117,82,41,36,71,86,76,8,15,2,51,10,16,115,95,103,137,107,20,65,17,4,23,79,38,120,127,42,39,30,12,24,87,113,134,64,84,119,48,147,56,77,122,66,5,55,130,138,98,33,11,45,92,105",20100,200
2,9,65860.74322918363,1.6388685250170087,"77,94,5,60,146,110,111,123,112,121,58,91,140,80,85,93,97,50,72,73,6,26,139,81,104,7,136,46,125,100,129,49,96,145,54,18,143,3,119,133,40,83,90,44,74,135,114,47,63,19,69,43,31,75,52,88,127,35,34,124,67,148,29,22,14,37,106,131,68,118,144,108,109,102,120,126,27,62,99,57,25,132,101,21,59,28,78,89,141,116,70,142,53,117,82,41,36,71,86,76,8,15,2,51,10,16,115,95,103,137,107,113,87,24,12,30,39,42,9,13,38,79,23,4,17,65,20,134,64,84,45,48,147,56,128,32,66,61,138,130,98,122,33,11,55,92,105",20100,200
3,0,75464.26532954755,1.0570064291720433,"84,57,60,74,95,66,12,75,53,121,91,122,90,24,123,56,118,134,69,99,93,15,31,112,29,35,67,50,116,70,85,113,45,137,78,2,3,129,77,97,117,22,105,64,26,108,30,146,37,104,109,62,42,73,40,28,34,92,142,8,120,27,41,126,47,13,125,141,110,114,23,83,136,132,100,87,101,9,130,18,76,102,143,33,131,21,61,5,58,68,36,111,71,10,6,72,106,7,17,20,139,107,49,82,32,43,145,133,55,11,25,39,98,81,4,103,127,65,79,144,128,86,46,44,124,14,51,140,63,119,96,59,135,19,48,54,80,147,115,52,148,16,89,94,38,88,138",20100,200
3,1,71536.48587481529,1.1421033228215387,"84,57,60,74,95,66,12,75,53,121,91,122,90,24,113,45,137,31,116,123,85,70,2,50,67,35,29,112,78,15,93,47,13,134,118,56,3,129,77,97,131,22,105,143,33,42,73,40,28,104,109,62,72,6,14,71,111,36,142,8,120,27,41,126,99,69,68,58,5,61,117,21,136,132,100,79,101,9,130,18,125,141,110,114,23,83,106,7,102,76,92,34,37,146,30,108,26,64,17,20,139,107,49,82,32,43,145,133,55,11,25,39,98,81,4,103,127,65,87,144,128,86,46,44,124,10,51,140,63,119,96,59,135,19,48,54,80,147,115,52,148,16,89,94,38,88,138",20100,200
3,2,68088.5885719341,1.4643770006388384,"84,57,60,74,95,66,53,75,12,121,91,122,90,24,113,116,31,137,45,123,85,112,139,118,134,69,99,93,50,56,70,29,35,67,78,2,3,129,77,97,131,22,105,143,33,42,73,40,28,104,109,62,72,6,14,71,111,36,68,58,5,61,21,41,27,120,79,142,18,130,100,8,101,9,132,136,117,126,15,13,125,141,110,114,23,83,106,7,102,76,92,34,37,146,30,108,26,64,17,20,47,107,49,82,32,43,145,133,55,11,25,39,98,81,4,103,65,46,86,128,124,147,127,44,144,10,51,140,80,63,96,135,59,19,48,54,119,87,115,52,148,16,89,94,38,88,138",20100,200
3,3,68327.16934369231,1.258729518204765,"84,57,60,74,95,66,12,75,53,121,91,122,90,24,113,116,31,137,45,123,85,112,139,118,134,69,99,93,50,56,70,29,35,67,78,2,3,129,77,97,131,22,105,143,33,42,73,40,28,104,109,62,72,6,14,71,111,36,68,58,5,61,21,41,27,120,79,142,18,130,100,8,101,9,132,136,117,126,15,13,125,141,110,114,23,83,106,7,102,76,92,34,37,30,146,108,26,64,17,20,47,107,49,82,32,43,145,133,55,11,25,39,98,81,4,103,127,65,144,87,128,86,46,44,124,10,51,140,63,119,96,135,59,19,48,54,147,80,115,52,148,16,89,94,38,88,138",20100,200
3,4,74323.19308588588,1.0934779210665635,"84,57,60,74,95,66,46,75,53,121,91,122,90,24,113,45,137,31,116,123,85,93,99,50,134,69,29,112,118,139,70,56,35,67,78,2,3,129,77,97,144,22,105,64,26,108,30,146,37,104,109,62,42,73,40,28,34,92,142,8,120,27,41,126,47,13,125,141,110,114,23,83,136,132,100,87,101,9,130,18,76,102,143,33,131,21,61,5,58,68,36,111,71,14,6,72,106,7,17,20,15,107,49,82,32,43,145,133,55,11,25,39,98,81,4,103,127,65,79,117,128,86,12,44,124,10,51,140,63,119,96,59,135,19,48,54,80,147,115,52,148,16,89,94,38,88,138",20100,200
3,5,69301.65980434988,1.226539848516957,"77,129,3,56,118,134,13,47,93,15,78,112,29,35,67,50,2,70,85,123,116,31,137,45,113,24,90,122,91,121,53,75,12,66,95,74,60,57,84,97,131,22,105,143,33,42,73,40,28,104,109,62,72,6,14,71,111,36,68,58,5,61,21,41,27,120,79,142,18,130,100,8,101,9,132,136,117,126,99,69,125,141,110,114,23,83,106,7,102,76,92,34,37,30,146,108,26,64,17,20,139,107,49,82,32,43,145,133,55,11,25,39,98,81,4,103,127,65,144,87,128,86,46,44,124,10,51,140,63,119,96,59,135,19,48,54,16,148,52,115,147,80,89,94,38,88,138",20100,200
3,6,72543.06068456234,1.1065260954898442,"84,57,60,74,95,66,53,75,46,121,91,122,90,24,15,56,67,50,116,123,35,29,112,31,118,93,47,13,134,70,85,113,45,137,78,2,3,129,77,97,131,22,105,143,33,42,73,40,28,104,109,62,108,30,146,37,34,92,142,8,120,27,41,126,99,69,125,141,110,114,23,83,136,132,100,117,101,9,130,18,76,102,64,26,79,21,61,5,58,68,36,111,71,14,6,72,106,7,17,20,139,107,49,82,32,43,145,133,55,11,25,39,98,81,4,103,127,65,124,87,128,86,12,44,144,10,51,140,63,119,96,59,135,19,48,54,80,147,115,52,148,16,89,94,38,88,138",20100,200
3,7,67476.99077059027,1.5047923444781344,"84,57,60,74,95,66,12,75,53,121,91,122,90,24,123,116,31,137,45,113,85,112,139,118,134,69,99,93,50,56,70,29,35,67,78,2,3,129,77,97,131,22,105,143,33,42,73,40,28,104,109,62,72,6,14,71,111,36,68,58,5,61,21,41,27,120,79,142,18,130,100,8,101,9,132,136,110,141,125,13,15,126,117,114,23,83,106,7,102,76,92,34,37,30,146,108,26,64,17,20,47,107,49,82,32,43,145,133,55,11,25,39,98,81,4,103,65,46,86,128,124,147,127,44,144,10,51,140,80,63,96,59,135,19,48,54,119,87,115,52,148,16,89,94,38,88,138",20100,200
3,8,72093.34723299237,1.1244554237496478,"84,57,60,74,95,66,12,75,53,121,91,122,90,24,123,56,15,116,50,67,35,29,112,31,118,93,47,13,134,70,85,113,45,137,78,2,3,129,77,97,131,22,105,143,33,42,73,40,28,104,109,62,72,6,14,71,111,36,68,58,5,61,21,41,27,120,79,142,18,130,100,8,101,9,132,136,117,126,99,69,125,141,110,114,23,83,26,64,102,76,92,34,37,146,30,108,106,7,17,20,139,107,49,82,32,43,145,133,55,11,25,39,98,81,4,103,127,65,87,144,128,86,46,44,124,10,51,140,63,119,96,59,135,19,48,54,80,147,115,52,148,16,89,94,38,88,138",20100,200
3,9,71536.48587481529,1.1421033228215387,"84,57,60,74,95,66,12,75,53,121,91,122,90,24,113,116,31,137,45,123,85,70,2,50,67,35,29,112,78,15,93,47,13,134,118,56,3,129,77,97,131,22,105,143,33,42,73,40,28,104,109,62,72,6,14,71,111,36,142,8,120,27,41,126,99,69,68,58,5,61,117,21,136,132,100,79,101,9,130,18,125,141,110,114,23,83,106,7,102,76,92,34,37,146,30,108,26,64,17,20,139,107,49,82,32,43,145,133,55,11,25,39,98,81,4,103,127,65,87,144,128,86,46,44,124,10,51,140,63,119,96,59,135,19,48,54,80,147,115,52,148,16,89,94,38,88,138",20100,200
3,10,70622.83164311433,1.1594826432508596,"84,57,60,74,95,66,12,75,53,121,91,122,90,24,15,56,67,50,116,123,35,29,112,31,118,93,47,13,134,70,85,113,45,137,78,2,3,129,77,97,131,22,105,143,33,42,73,40,28,104,109,62,72,6,14,71,111,36,68,58,5,61,21,41,27,120,79,142,18,130,100,8,101,9,132,136,117,126,69,99,125,141,110,114,23,83,106,7,102,76,92,34,37,30,146,108,26,64,17,20,139,107,49,82,32,43,145,133,55,11,25,39,98,81,4,103,127,65,144,87,128,86,46,44,124,10,51,140,63,119,96,59,135,19,48,54,80,147,115,52,148,16,89,94,38,88,138",20100,200
3,11,75868.38045770854,1.0382903760685276,"84,57,60,74,95,66,12,75,53,121,91,122,90,24,123,56,118,134,69,99,93,15,31,112,29,35,67,50,116,70,85,113,45,137,78,2,3,129,77,97,117,22,105,64,26,108,30,146,37,104,109,62,42,73,40,28,34,92,142,8,120,27,41,126,47,13,125,141,110,114,23,83,136,132,100,79,101,9,130,18,76,102,143,33,131,21,61,5,58,68,36,111,71,14,6,72,106,7,17,20,139,107,49,82,32,43,145,133,55,11,25,39,98,81,4,103,127,65,87,144,128,86,46,44,124,10,51,140,63,119,96,59,135,19,48,54,80,147,115,52,148,16,89,94,38,88,138",20100,200
3,12,68088.5885719341,1.4643770006388384,"84,57,60,74,95,66,53,75,12,121,91,122,90,24,113,45,137,31,116,123,85,112,139,118,134,69,99,93,50,56,70,29,35,67,78,2,3,129,77,97,131,22,105,143,33,42,73,40,28,104,109,62,72,6,14,71,111,36,68,58,5,61,21,41,27,120,79,142,18,130,100,8,101,9,132,136,117,126,15,13,125,141,110,114,23,83,106,7,102,76,92,34,37,146,30,108,26,64,17,20,47,107,49,82,32,43,145,133,55,11,25,39,98,81,4,103,65,46,86,128,124,147,127,44,144,10,51,140,80,63,96,135,59,19,48,54,119,87,115,52,148,16,89,94,38,88,138",20100,200
4,0,67478.57359008108,1.5528619508410455,"4,81,43,19,139,6,29,20,52,66,38,103,27,9,126,46,84,108,140,92,54,79,53,132,74,24,125,31,88,44,65,16,49,39,142,99,94,57,42,60,106,104,21,25,64,91,45,18,32,127,33,128,89,114,93,22,23,134,148,51,35,40,72,118,136,90,70,10,129,3,47,59,5,15,11,58,101,109,117,102,120,113,67,34,69,62,116,7,95,48,50,144,100,63,14,17,26,75,13,82,41,85,97,112,137,78,77,56,87,131,121,8,68,130,55,30,146,135,143,111,138,105,86,28,73,2,98,110,133,141,122,124,36,83,145,115,147,71,61,119,123,76,107,37,80,96,12",20100,200
4,1,68180.36465422371,1.5273993799333683,"4,81,43,19,139,6,29,66,52,27,20,103,38,9,126,46,84,108,140,92,54,79,53,132,74,24,125,31,88,44,65,16,49,39,142,99,94,57,42,60,106,104,21,25,64,91,45,18,32,127,33,128,89,114,93,22,23,134,148,51,35,40,72,118,136,90,70,10,129,3,47,59,5,15,11,58,101,109,117,102,120,113,67,34,69,62,116,7,95,48,50,144,100,63,14,17,26,75,13,82,41,85,97,112,137,78,77,56,87,131,121,8,68,130,55,133,110,98,2,73,28,86,105,143,111,138,135,146,30,83,36,124,122,141,145,115,147,71,61,119,123,76,107,37,80,96,12",20100,200
4,2,68619.22774051098,1.3789765468640973,"4,81,43,19,139,6,29,66,52,38,103,20,27,9,126,46,84,131,140,92,54,79,53,132,74,24,31,125,88,44,65,16,49,39,142,99,94,57,42,60,106,104,21,25,64,91,45,18,32,127,33,128,89,114,93,22,23,134,148,51,35,40,72,118,136,90,137,10,129,3,47,59,5,15,11,58,101,109,117,102,120,113,67,34,69,62,116,7,95,48,50,144,100,63,14,17,26,75,70,146,30,56,135,112,78,97,77,85,87,13,121,8,68,130,55,133,110,98,2,73,28,86,105,143,111,138,108,82,41,83,36,124,122,141,145,115,147,12,61,119,123,76,107,37,80,96,71",20100,200
4,3,69593.14100576194,1.0883014288330233,"4,81,43,19,139,6,45,66,52,27,20,103,38,9,126,46,84,108,140,92,54,79,99,132,74,24,125,31,88,44,65,16,49,94,57,42,60,106,104,21,25,64,35,148,142,134,23,33,128,89,114,93,29,72,118,22,127,32,53,51,39,40,18,91,136,90,137,10,129,3,47,59,5,15,11,58,101,109,117,102,120,113,67,34,69,62,116,7,95,48,50,144,100,63,14,17,26,75,70,146,30,56,135,112,78,97,77,85,87,13,121,8,68,130,55,133,110,98,2,73,28,86,105,143,111,138,131,82,41,83,36,124,122,141,145,115,147,12,61,119,123,76,107,37,80,96,71",20100,200
4,4,70848.16178498202,0.9921693403849969,"4,81,43,19,139,6,29,103,52,66,38,20,27,9,126,46,84,108,140,92,54,79,99,132,74,24,125,31,88,44,65,16,49,94,57,42,60,106,104,21,25,64,35,148,142,134,23,33,128,89,114,93,22,127,32,18,45,78,40,72,118,136,53,51,39,90,137,10,129,3,47,59,5,15,11,58,101,109,117,102,120,113,67,34,69,62,116,7,95,48,50,144,100,63,14,17,26,75,70,135,30,56,146,112,91,97,77,87,13,121,8,68,85,130,55,41,82,131,138,111,143,86,105,28,73,2,98,110,133,141,122,124,36,83,145,115,147,71,61,119,123,76,107,37,80,96,12",20100,200
4,5,69489.22571807359,1.1244554237496478,"4,81,43,19,139,6,57,66,52,38,20,103,27,9,126,46,84,91,140,92,54,79,53,132,74,24,125,31,88,44,65,16,49,136,94,42,60,106,104,21,25,64,35,148,142,134,23,33,128,89,114,93,22,127,32,18,45,108,29,72,118,40,99,51,39,90,137,10,129,3,47,59,5,15,11,58,101,109,117,102,120,113,67,34,69,62,116,7,95,48,50,144,100,63,14,17,26,75,70,146,30,56,135,112,97,78,77,85,87,13,121,8,68,130,55,41,82,98,2,73,28,86,105,143,111,138,131,110,133,141,122,124,36,83,145,115,147,12,61,119,123,76,107,37,80,96,71",20100,200
4,6,69220.09073170065,1.2101239605924676,"4,81,43,19,139,6,29,66,52,27,20,103,38,9,126,46,84,91,140,92,54,79,99,132,74,24,125,31,88,44,65,16,49,94,57,42,60,106,104,21,25,64,35,148,142,134,23,33,128,89,114,93,22,127,32,18,45,108,40,72,118,136,53,51,39,90,137,10,129,3,47,59,5,15,11,58,101,109,117,102,120,113,67,34,69,62,116,7,95,48,50,144,100,63,14,17,26,75,70,146,30,56,135,112,78,97,77,85,87,96,80,37,107,76,123,119,61,71,147,115,145,141,122,124,36,83,41,82,131,138,111,143,105,86,28,73,2,98,110,133,55,130,68,8,121,13,12",20100,200
4,7,68023.57989941025,1.540183285227881,"4,81,38,52,66,29,6,139,19,43,20,103,27,9,126,46,84,70,140,92,54,79,53,132,74,24,125,31,88,44,65,16,49,136,142,99,94,57,42,60,106,104,21,25,64,91,45,18,32,127,33,128,89,114,93,22,23,134,148,118,35,40,72,51,39,90,137,10,129,3,47,59,5,15,11,58,101,109,117,102,120,113,67,34,69,62,116,7,95,48,50,144,100,63,14,17,26,75,13,146,30,56,97,112,108,78,77,85,87,131,121,8,68,130,55,41,82,135,143,111,138,105,86,28,73,2,98,110,133,141,122,124,36,83,145,115,147,12,61,119,123,76,107,37,80,96,71",20100,200
4,8,71939.35162520177,0.9079647570252933,"4,81,43,19,139,6,131,66,52,38,20,103,27,9,126,46,84,108,140,92,54,79,99,132,74,24,125,31,88,44,65,16,49,94,57,42,60,106,104,21,25,64,35,148,142,134,23,33,128,89,114,93,29,72,118,22,127,32,18,45,78,40,102,117,109,101,58,11,15,5,59,47,3,129,10,137,90,39,51,53,120,113,67,34,69,62,116,7,95,48,50,144,100,63,14,17,26,75,70,135,30,56,146,112,91,97,77,87,13,121,8,68,85,130,55,41,136,82,143,111,138,105,86,28,73,2,98,110,133,141,122,124,36,83,145,115,147,12,61,119,123,76,107,37,80,96,71",20100,200
4,9,70613.98053618167,1.0121264743103997,"4,81,43,19,139,6,136,103,52,66,38,20,27,9,126,46,84,53,140,92,54,79,91,132,74,24,125,31,88,44,65,16,49,94,57,42,60,106,104,21,25,64,35,148,142,134,23,33,128,89,114,93,22,127,32,18,45,78,29,72,118,40,99,51,39,90,137,10,129,3,47,59,5,15,11,58,101,109,117,102,120,113,67,34,69,62,116,7,95,48,50,144,100,63,14,17,26,75,70,146,30,56,135,112,108,97,77,85,87,13,121,8,68,130,55,41,82,98,2,73,28,86,105,143,111,138,131,110,133,141,122,124,36,83,145,115,147,12,61,119,123,76,107,37,80,96,71",20100,200
4,10,70910.31953298244,0.9509994742374992,"4,81,43,19,139,6,57,66,52,38,20,103,27,9,126,46,84,108,140,92,54,79,53,132,74,24,125,31,88,44,65,16,49,136,94,42,60,106,104,21,25,64,35,148,142,134,23,33,128,89,114,93,22,127,32,18,45,78,29,72,118,40,99,51,39,90,137,10,129,3,47,59,5,15,11,58,101,109,117,102,120,113,67,34,69,62,116,7,95,48,50,144,100,63,14,17,26,75,70,135,30,56,146,112,91,97,77,87,13,121,8,68,85,130,55,41,82,131,138,111,143,86,105,28,73,2,98,110,133,141,122,124,36,83,145,115,147,12,61,119,123,76,107,37,80,96,71",20100,200
4,11,69415.90673282574,1.1421033228215387,"4,81,43,19,139,6,136,66,52,27,103,46,126,9,38,20,84,91,140,92,54,79,53,132,74,24,125,31,88,44,65,16,49,94,57,42,60,106,104,21,25,64,35,148,142,134,23,33,128,89,114,93,22,127,32,18,45,78,29,72,118,40,99,51,39,90,137,10,129,3,47,59,5,15,11,58,101,109,117,102,120,113,67,34,69,62,116,7,95,48,50,144,100,63,14,17,26,75,70,30,146,56,135,112,108,97,77,85,87,13,121,8,68,130,55,133,110,98,2,73,28,86,105,143,111,138,131,82,41,83,36,124,122,141,145,115,147,12,61,119,123,76,107,37,80,96,71",20100,200
4,12,70891.17277137385,0.9718024490605074,"4,81,43,19,139,6,136,66,52,38,20,103,27,9,126,46,84,108,140,92,54,79,53,132,74,24,125,31,88,44,65,16,49,94,57,42,60,106,104,21,25,64,35,148,142,134,23,33,128,89,114,93,22,127,32,18,45,78,29,72,118,40,99,51,39,90,137,10,129,3,47,59,5,15,11,58,101,109,117,102,120,113,67,34,69,62,116,7,95,48,50,144,100,63,14,17,26,75,70,135,30,56,146,112,91,97,77,87,13,121,8,68,85,130,55,133,110,98,2,73,28,105,86,143,111,138,131,82,41,141,122,124,36,83,145,115,147,12,61,119,123,76,107,37,80,96,71",20100,200
4,13,68681.78900725901,1.226539848516957,"4,81,43,19,139,6,29,66,52,27,103,20,38,9,126,46,84,91,140,92,54,79,53,132,74,24,125,31,88,44,65,16,49,60,42,57,94,106,104,21,25,64,35,148,142,134,23,33,128,89,114,93,22,127,32,18,45,78,99,39,51,72,40,118,136,90,137,10,129,3,47,59,5,15,11,58,101,109,117,102,120,113,67,34,69,62,116,7,95,48,50,144,100,63,14,17,26,75,70,146,30,56,135,112,108,97,77,85,87,13,121,8,68,130,55,133,110,98,2,73,28,86,105,143,111,138,131,82,41,83,36,124,122,141,145,115,147,12,61,119,123,76,107,37,80,96,71",20100,200
4,14,69291.12468466246,1.1766052864066183,"4,81,43,19,139,6,29,66,52,38,103,20,27,9,126,46,84,91,140,92,54,79,99,132,74,24,125,31,88,44,65,16,49,94,57,42,60,106,104,21,25,64,35,148,142,134,23,33,128,89,114,93,22,127,32,18,45,78,40,72,118,136,53,51,39,90,137,10,129,3,47,59,5,15,11,58,101,109,117,102,120,113,67,34,69,62,116,7,95,48,50,144,100,63,14,17,26,75,70,30,146,56,97,112,108,135,77,85,87,13,121,8,68,130,55,41,82,98,2,73,28,86,105,143,111,138,131,110,133,141,122,124,36,83,145,115,147,12,61,119,123,76,107,37,80,96,71",20100,200
4,15,68632.1923637172,1.3207573584879244,"4,81,43,19,139,6,29,66,52,38,103,20,27,9,126,46,84,91,140,92,54,79,53,132,74,24,31,125,88,44,65,16,49,60,42,57,94,106,104,21,25,64,35,148,142,134,23,33,128,89,114,93,22,127,32,18,45,135,99,136,118,72,40,51,39,90,137,10,129,3,47,59,5,15,11,58,101,109,117,102,120,113,67,34,69,62,116,7,95,48,50,144,100,63,14,17,26,75,70,146,30,56,97,112,108,78,77,85,87,13,121,8,68,130,55,133,110,98,2,73,28,86,105,143,111,138,131,82,41,141,122,124,36,83,145,115,147,71,61,119,123,76,107,37,80,96,12",20100,200
4,16,71791.17558291096,0.9297311439335567,"4,81,43,19,139,6,131,103,52,66,38,20,27,9,126,46,84,108,140,92,54,79,99,132,74,24,125,31,88,44,65,16,49,94,57,42,60,106,104,21,25,64,35,148,142,134,23,33,128,89,114,93,29,72,118,22,127,32,18,45,78,40,102,117,109,101,58,11,15,5,59,47,3,129,10,137,90,39,51,53,120,113,67,34,69,62,116,7,95,48,50,144,100,63,14,17,26,75,70,30,146,56,135,112,91,97,77,87,13,121,8,68,85,130,55,41,136,82,143,111,138,105,86,28,73,2,98,110,133,141,122,124,36,83,145,115,147,12,61,119,123,76,107,37,80,96,71",20100,200
4,17,70421.70577250859,1.050904372433572,"4,81,43,19,139,6,136,66,52,38,103,20,27,9,126,46,84,53,140,92,54,79,91,132,74,24,125,31,88,44,65,16,49,94,57,42,60,106,104,21,25,64,35,148,142,134,23,33,128,89,114,93,22,127,32,18,45,78,29,72,118,40,99,51,39,90,137,10,129,3,47,59,5,15,11,58,101,109,117,102,120,113,67,34,69,62,116,7,95,48,50,144,100,63,14,17,26,75,70,146,30,56,97,112,135,108,77,85,87,13,121,8,68,130,55,133,110,98,2,73,28,86,105,143,111,138,131,82,41,83,36,124,122,141,145,115,147,12,61,119,123,76,107,37,80,96,71",20100,200
4,18,68274.37602753307,1.393123111241695,"4,81,43,19,139,6,60,66,52,38,20,103,27,9,126,46,84,29,140,92,54,79,53,132,74,24,44,31,88,125,65,16,49,39,142,99,94,57,42,13,106,104,21,25,64,91,45,18,32,127,33,128,89,114,93,22,23,134,148,51,35,40,72,118,136,90,137,10,129,3,47,59,5,15,11,58,101,109,117,102,120,113,67,34,69,62,116,7,95,48,50,144,100,63,14,17,26,75,70,146,30,56,135,112,78,97,77,85,87,131,121,8,68,130,55,41,82,108,143,111,138,105,86,28,73,123,119,61,12,147,115,145,141,122,124,36,83,133,110,98,2,76,107,37,80,96,71",20100,200
5,0,71697.66392991008,1.214282606529761,"142,119,41,58,39,32,123,124,74,70,33,67,63,47,130,55,52,51,117,21,34,36,4,134,81,18,92,37,87,42,29,133,75,54,127,121,116,38,131,57,71,98,122,97,103,56,80,22,90,88,23,31,107,15,69,84,6,66,139,100,85,138,45,40,115,17,108,89,3,9,7,82,60,12,95,53,111,77,46,132,106,48,83,129,93,99,28,24,27,76,72,25,148,101,16,10,2,140,78,96,86,30,118,26,137,35,94,144,20,112,43,50,113,145,13,104,102,62,11,68,59,141,105,146,147,114,14,128,19,143,135,136,120,49,8,126,5,44,73,91,64,79,109,125,110,61,65",20100,200
5,1,73763.07631225615,1.1152188205690752,"142,119,41,58,39,32,123,124,74,70,33,67,63,47,130,55,52,51,117,21,34,36,4,134,81,18,92,37,87,42,29,133,75,54,127,121,116,38,131,57,71,98,122,97,103,56,80,22,90,88,23,31,107,15,69,84,6,66,139,100,85,138,45,40,115,17,108,89,3,9,7,82,60,12,95,53,111,77,46,132,106,48,83,129,93,99,28,24,27,76,72,25,148,101,16,10,2,140,78,96,86,30,118,26,137,35,94,144,20,62,102,104,135,11,8,44,147,146,136,120,49,5,50,113,145,13,143,19,128,14,114,43,112,59,141,105,68,126,73,91,64,79,109,125,110,61,65",20100,200
5,2,73763.07631225615,1.1152188205690752,"142,119,41,58,39,32,123,124,74,70,33,67,63,47,130,55,52,51,117,21,34,36,4,134,81,18,92,37,87,42,29,133,75,54,127,121,116,38,131,57,71,98,122,97,103,56,80,22,90,88,31,23,107,15,69,84,6,66,139,100,85,138,45,40,115,17,108,89,3,9,7,82,60,12,95,53,111,77,46,132,106,48,83,129,93,99,28,24,27,76,72,25,148,101,16,10,2,140,78,96,86,30,118,26,137,35,94,144,20,62,102,104,135,11,8,44,147,146,136,120,49,5,50,113,145,13,143,19,128,14,114,43,112,59,141,105,68,126,73,91,64,79,109,125,110,61,65",20100,200
5,3,74958.2371396019,1.0253805759052523,"142,119,41,58,39,32,123,124,74,70,33,67,63,47,130,55,52,51,117,21,34,36,4,134,81,18,92,37,87,42,29,133,75,54,127,121,116,38,131,57,71,98,122,97,103,56,80,22,90,88,31,23,107,15,69,66,6,84,139,100,85,138,45,40,115,17,108,89,111,53,95,12,60,82,7,9,3,77,46,132,106,48,83,129,27,28,99,93,24,76,72,25,148,101,16,10,2,140,78,96,86,30,118,26,137,35,94,144,20,62,102,104,135,11,8,44,147,146,136,120,49,5,50,113,145,13,143,19,128,14,114,43,112,59,68,141,126,105,73,91,64,79,109,125,110,61,65",20100,200
5,4,71422.46387694743,1.3493094880992116,"142,119,41,58,39,32,123,124,74,70,33,67,63,47,130,55,52,51,117,21,34,36,4,134,81,18,92,37,87,42,29,133,75,54,127,121,116,38,131,57,71,98,122,97,103,56,80,22,90,88,31,23,107,15,69,84,6,66,139,100,85,138,45,40,115,17,101,16,111,53,95,12,60,82,7,9,3,89,108,148,25,72,76,24,2,10,77,46,132,106,48,83,27,129,28,99,93,140,78,96,86,30,118,26,137,35,94,144,20,112,43,50,113,145,13,104,102,62,11,68,59,141,105,146,147,114,14,128,19,143,135,136,120,49,8,126,5,44,73,91,64,79,109,125,110,61,65",20100,200
5,5,71697.66392991008,1.214282606529761,"142,119,41,58,39,32,123,124,74,70,33,67,63,55,130,47,52,51,117,21,34,36,4,134,81,18,92,37,87,42,29,133,75,54,127,121,116,38,131,57,71,98,122,97,103,56,80,22,90,88,23,31,107,15,69,84,6,66,139,100,85,138,45,40,115,17,108,89,3,9,7,82,60,12,95,53,111,77,46,132,106,48,83,129,93,99,28,24,27,76,72,25,148,101,16,10,2,140,78,96,86,30,118,26,137,35,94,144,20,112,43,50,113,145,13,104,102,62,11,68,59,141,105,146,147,114,14,128,19,143,135,136,120,49,8,126,5,44,73,91,64,79,109,125,110,61,65",20100,200
5,6,71950.68228357601,1.1821840684079756,"142,119,41,58,39,32,123,124,74,70,33,67,63,47,130,55,52,51,117,21,34,36,4,134,81,18,92,37,87,42,29,133,75,54,127,121,116,38,131,57,71,98,122,97,103,56,80,22,90,88,31,23,107,15,69,84,6,66,139,100,85,138,45,40,115,17,108,89,3,9,7,82,60,12,95,53,111,77,46,132,106,48,83,129,27,28,99,93,24,76,72,25,148,101,16,10,2,140,78,96,86,30,118,26,137,35,94,144,20,43,112,50,113,145,13,104,102,62,11,68,59,141,105,146,147,114,14,128,19,143,135,136,120,49,8,126,5,44,73,91,64,79,109,125,110,61,65",20100,200
5,7,72545.43037174465,1.1323314692319637,"142,119,41,58,39,32,123,124,74,70,33,67,63,47,130,55,52,51,117,21,34,36,4,134,81,18,92,37,87,42,29,133,75,54,127,121,116,38,131,57,71,98,122,97,103,56,80,22,90,88,31,23,107,15,69,84,6,66,139,100,85,138,45,44,115,17,108,89,3,9,7,82,60,12,95,53,111,77,46,132,106,48,83,129,27,28,99,93,24,76,72,25,148,101,16,10,2,140,78,96,86,30,118,26,137,35,94,144,20,62,102,104,13,145,113,50,43,11,68,112,59,141,105,146,147,114,14,128,19,143,135,136,120,49,5,126,8,40,73,91,64,79,109,125,110,61,65",20100,200
5,8,71988.41408523987,1.1658034281713596,"142,119,41,58,39,32,123,124,74,70,33,67,63,47,130,55,52,51,117,21,34,36,4,134,81,18,92,37,87,42,29,133,75,54,127,121,116,38,131,57,71,98,122,97,103,56,80,22,90,88,23,31,107,15,69,84,6,66,139,100,85,138,45,40,115,17,108,89,3,9,7,82,60,12,95,53,111,77,46,132,106,48,83,129,93,99,28,24,27,76,72,25,148,101,16,10,2,140,78,96,86,30,118,26,137,35,94,144,20,62,102,104,13,145,113,50,43,11,68,112,59,141,105,146,147,114,14,128,19,143,135,136,120,49,5,126,8,44,73,91,64,79,109,125,110,61,65",20100,200
5,9,74958.2371396019,1.0253805759052523,"142,119,41,58,39,32,123,124,74,70,33,67,63,47,130,55,52,51,117,21,34,36,4,134,81,18,92,37,87,42,29,133,75,54,127,121,116,38,131,57,71,98,122,97,103,56,80,22,90,88,23,31,107,15,69,66,6,84,139,100,85,138,45,40,115,17,108,89,111,53,95,12,60,82,7,9,3,77,46,132,106,48,83,129,27,28,99,93,24,76,72,25,148,101,16,10,2,140,78,96,86,30,118,26,137,35,94,144,20,62,102,104,135,11,8,44,147,146,136,120,49,5,50,113,145,13,143,19,128,14,114,43,112,59,68,141,126,105,73,91,64,79,109,125,110,61,65",20100,200
5,10,71422.46387694743,1.3493094880992116,"142,119,41,58,39,32,123,124,74,70,33,67,63,47,130,55,52,51,117,21,34,36,4,134,81,18,92,37,87,42,29,133,75,54,127,121,116,38,131,57,71,98,122,97,103,56,80,22,90,88,23,31,107,15,69,84,6,66,139,100,85,138,45,40,115,17,101,16,111,53,95,12,60,82,7,9,3,89,108,148,25,72,76,24,2,10,77,46,132,106,48,83,27,129,28,99,93,140,78,96,86,30,118,26,137,35,94,144,20,112,43,50,113,145,13,104,102,62,11,68,59,141,105,146,147,114,14,128,19,143,135,136,120,49,8,126,5,44,73,91,64,79,109,125,110,61,65",20100,200
5,11,73827.43915074841,1.0978394597070835,"142,119,41,58,39,32,123,124,74,70,33,67,63,55,130,47,52,51,117,21,34,36,4,134,81,18,92,37,87,42,29,133,75,54,127,121,116,38,131,57,71,98,122,97,103,56,80,22,90,88,31,23,107,15,69,84,6,66,139,100,85,138,45,40,115,17,108,89,111,53,95,12,60,82,7,9,3,77,46,132,106,48,83,24,2,10,16,101,148,25,72,76,27,129,28,99,93,140,78,96,86,30,118,26,137,35,94,144,20,62,102,104,135,11,8,44,147,146,136,120,49,5,50,113,145,13,143,19,128,14,114,43,112,59,141,105,68,126,73,91,64,79,109,125,110,61,65",20100,200
5,12,71005.52234694078,1.5233634151687365,"142,119,41,58,39,32,123,124,74,70,33,71,131,57,38,116,121,127,54,21,34,36,4,134,81,18,92,37,87,42,29,133,75,117,51,52,55,130,63,47,67,98,122,97,103,56,80,22,90,88,31,23,107,15,69,84,6,66,139,100,85,138,45,40,115,17,101,16,111,53,95,12,60,82,7,9,3,89,108,148,25,72,76,24,2,10,77,46,132,106,48,83,27,129,28,99,93,140,78,96,86,30,118,26,137,35,94,144,20,112,43,50,113,145,13,104,102,62,11,68,59,141,105,146,147,114,14,128,19,143,135,136,120,49,8,126,5,44,73,91,64,79,109,125,110,61,65",20100,200
5,13,70886.85972887377,1.8222612586219784,"142,119,41,58,39,32,123,124,74,70,33,71,131,57,38,116,121,127,54,21,34,36,4,134,81,18,92,37,87,42,29,133,75,117,67,63,55,130,47,52,51,46,2,97,103,56,80,22,90,88,23,31,107,15,69,84,6,66,139,100,85,138,45,40,115,17,101,16,111,53,95,12,60,82,7,9,3,89,108,148,25,72,76,24,122,98,77,10,132,106,48,83,27,129,28,99,93,140,78,96,86,30,118,26,137,35,94,144,20,112,43,50,113,145,13,104,102,62,11,68,59,141,105,146,147,114,14,128,19,143,135,136,120,49,8,126,5,44,73,91,64,79,109,125,110,61,65",20100,200
5,14,73869.36146798462,1.080180513075663,"142,119,41,58,39,32,123,124,74,70,33,67,63,55,130,47,52,51,117,21,34,36,4,134,81,18,92,37,87,42,29,133,75,54,127,121,116,38,131,57,71,98,122,97,103,56,80,22,90,88,23,31,107,15,69,84,6,66,139,100,85,138,45,40,115,17,108,89,3,9,95,12,60,82,7,53,111,77,46,132,106,48,83,24,2,10,16,101,148,25,72,76,27,129,28,99,93,140,78,96,86,30,118,26,137,35,94,144,20,62,102,104,135,11,8,44,147,146,136,120,49,5,50,113,145,13,143,19,128,14,114,43,112,59,68,141,126,105,73,91,64,79,109,125,110,61,65",20100,200
5,15,74513.19643727093,1.0439668883184587,"142,119,41,58,39,32,123,124,74,70,114,67,63,55,130,47,52,51,117,21,34,36,4,134,81,18,92,37,87,42,29,133,75,54,127,121,116,38,131,57,71,98,122,97,103,56,80,22,90,88,31,23,107,15,69,66,6,84,139,100,85,138,45,40,115,17,108,89,111,53,95,12,60,82,7,9,3,77,46,132,106,48,83,129,27,28,99,93,24,76,72,25,148,101,16,10,2,140,78,96,86,30,118,26,137,35,94,144,20,62,102,104,135,11,8,44,147,146,136,120,49,5,50,113,145,13,143,19,128,14,33,43,112,59,141,105,68,126,73,91,64,79,109,125,110,61,65",20100,200
5,16,71950.68228357601,1.1821840684079756,"142,119,41,58,39,32,123,124,74,70,33,67,63,47,130,55,52,51,117,21,34,36,4,134,81,18,92,37,87,42,29,133,75,54,127,121,116,38,131,57,71,98,122,97,103,56,80,22,90,88,31,23,107,15,69,84,6,66,139,100,85,138,45,40,115,17,108,89,111,53,95,12,60,82,7,9,3,77,46,132,106,48,83,129,27,28,99,93,24,76,72,25,148,101,16,10,2,140,78,96,86,30,118,26,137,35,94,144,20,43,112,50,113,145,13,104,102,62,11,68,59,141,105,146,147,114,14,128,19,143,135,136,120,49,8,126,5,44,73,91,64,79,109,125,110,61,65",20100,200
5,17,71950.68228357601,1.1821840684079756,"142,119,41,58,39,32,123,124,74,70,33,67,63,47,130,55,52,51,117,21,34,36,4,134,81,18,92,37,87,42,29,133,75,54,127,121,116,38,131,57,71,98,122,97,103,56,80,22,90,88,23,31,107,15,69,84,6,66,139,100,85,138,45,40,115,17,108,89,3,9,7,82,60,12,95,53,111,77,46,132,106,48,83,129,27,28,99,93,24,76,72,25,148,101,16,10,2,140,78,96,86,30,118,26,137,35,94,144,20,43,112,50,113,145,13,104,102,62,11,68,59,141,105,146,147,114,14,128,19,143,135,136,120,49,8,126,5,44,73,91,64,79,109,125,110,61,65",20100,200
5,18,74239.21945267834,1.0622280368954984,"142,119,41,58,39,32,123,124,74,70,33,67,63,47,130,55,52,51,117,21,34,36,4,134,81,18,92,37,87,42,29,133,75,54,127,121,116,38,131,57,71,98,122,97,103,56,80,22,90,88,31,23,107,15,69,66,6,84,139,100,85,138,45,40,115,17,108,89,3,9,95,12,60,82,7,53,111,77,46,132,106,48,83,129,27,28,99,93,24,76,72,25,148,101,16,10,2,140,78,96,86,30,118,26,68,59,112,43,114,14,128,19,143,13,145,113,50,5,49,120,136,146,147,44,8,11,135,104,102,62,20,144,94,35,137,141,126,105,73,91,64,79,109,125,110,61,65",20100,200
5,19,71282.29460475736,1.4456371826655972,"142,119,41,58,39,32,123,124,74,70,33,67,63,47,130,55,52,51,117,21,34,36,4,134,81,18,92,37,87,42,29,133,75,54,127,121,116,38,131,57,71,46,2,97,103,56,80,22,90,88,23,31,107,15,69,84,6,66,139,100,85,138,45,40,115,17,101,16,111,53,95,12,60,82,7,9,3,89,108,148,25,72,76,24,122,98,77,10,132,106,48,83,27,129,28,99,93,140,78,96,86,30,118,26,137,35,94,144,20,112,43,50,113,145,13,104,102,62,11,68,59,141,105,146,147,114,14,128,19,143,135,136,120,49,8,126,5,44,73,91,64,79,109,125,110,61,65",20100,200
5,20,71697.66392991008,1.214282606529761,"142,119,41,58,39,32,123,124,74,70,33,67,63,55,130,47,52,51,117,21,34,36,4,134,81,18,92,37,87,42,29,133,75,54,127,31,23,88,90,22,80,56,103,97,122,98,71,57,131,38,116,121,107,15,69,84,6,66,139,100,85,138,45,40,115,17,108,89,3,9,7,82,60,12,95,53,111,77,46,132,106,48,83,129,93,99,28,24,27,76,72,25,148,101,16,10,2,140,78,96,86,30,118,26,137,35,94,144,20,112,43,50,113,145,13,104,102,62,11,68,59,141,105,146,147,114,14,128,19,143,135,136,120,49,8,126,5,44,73,91,64,79,109,125,110,61,65",20100,200
5,21,71428.32758041308,1.2608992282911926,"142,119,41,58,39,32,123,124,74,70,33,67,63,55,130,47,52,51,117,21,34,36,4,134,81,18,92,37,87,42,29,133,75,54,127,121,116,38,131,57,71,98,122,97,103,56,80,22,90,88,23,31,107,15,69,84,6,66,139,100,85,138,45,126,115,17,101,16,3,53,95,12,60,82,7,9,111,77,46,132,106,48,83,24,2,10,89,108,148,25,72,76,27,129,28,99,93,140,78,96,86,30,118,26,137,35,94,144,20,43,112,50,113,145,13,104,102,62,11,68,59,141,105,146,147,114,14,128,19,143,135,136,120,49,8,40,5,44,73,91,64,79,109,125,110,61,65",20100,200
5,22,74513.19643727093,1.0439668883184587,"142,119,41,58,39,32,123,124,74,70,114,67,63,55,130,47,52,51,117,21,34,36,4,134,81,18,92,37,87,42,29,133,75,54,127,121,116,38,131,57,71,98,122,97,103,56,80,22,90,88,31,23,107,15,69,66,6,84,139,100,85,138,45,40,115,17,108,89,3,9,7,82,60,12,95,53,111,77,46,132,106,48,83,129,27,28,99,93,24,76,72,25,148,101,16,10,2,140,78,96,86,30,118,26,137,35,94,144,20,62,102,104,135,11,8,44,147,146,136,120,49,5,50,113,145,13,143,19,128,14,33,43,112,59,141,105,68,126,73,91,64,79,109,125,110,61,65",20100,200
5,23,71950.68228357601,1.1821840684079756,"142,119,41,58,39,32,123,124,74,70,33,67,63,55,130,47,52,51,117,21,34,36,4,134,81,18,92,37,87,42,29,133,75,54,127,121,116,38,131,57,71,98,122,97,103,56,80,22,90,88,23,31,107,15,69,84,6,66,139,100,85,138,45,40,115,17,108,89,3,9,7,82,60,12,95,53,111,77,46,132,106,48,83,129,27,28,99,93,24,76,72,25,148,101,16,10,2,140,78,96,86,30,118,26,137,35,94,144,20,43,112,50,113,145,13,104,102,62,11,68,59,141,105,146,147,114,14,128,19,143,135,136,120,49,8,126,5,44,73,91,64,79,109,125,110,61,65",20100,200
5,24,71428.32758041308,1.2608992282911926,"142,119,41,58,39,32,123,124,74,70,33,67,63,47,130,55,52,51,117,21,34,36,4,134,81,18,92,37,87,42,29,133,75,54,127,121,116,38,131,57,71,98,122,97,103,56,80,22,90,88,23,31,107,15,69,84,6,66,139,100,85,138,45,126,115,17,101,16,3,53,95,12,60,82,7,9,111,77,46,132,106,48,83,24,2,10,89,108,148,25,72,76,27,129,28,99,93,140,78,96,86,30,118,26,137,35,94,144,20,43,112,50,113,145,13,104,102,62,11,68,59,141,105,146,147,114,14,128,19,143,135,136,120,49,8,40,5,44,73,91,64,79,109,125,110,61,65",20100,200
5,25,72298.7500299425,1.1491893206406663,"142,119,41,58,39,32,123,124,74,70,33,67,63,47,130,55,52,51,117,21,34,36,4,134,81,18,92,37,87,42,29,133,75,54,127,121,116,38,131,57,71,98,122,97,103,56,80,22,90,88,31,23,107,15,69,66,6,84,139,100,85,138,45,40,115,17,108,89,3,9,7,82,60,12,95,53,111,77,46,132,106,48,83,129,27,28,99,93,24,76,72,25,148,101,16,10,2,140,78,96,86,30,118,26,137,35,94,144,20,43,112,50,113,145,13,104,102,62,11,68,59,141,105,146,147,114,14,128,19,143,135,136,120,49,8,126,5,44,73,91,64,79,109,125,110,61,65",20100,200
5,26,71422.46387694743,1.3493094880992116,"142,119,41,58,39,32,123,124,74,70,33,67,63,55,130,47,52,51,117,21,34,36,4,134,81,18,92,37,87,42,29,133,75,54,127,121,116,38,131,57,71,98,122,97,103,56,80,22,90,88,23,31,107,15,69,84,6,66,139,100,85,138,45,40,115,17,101,16,111,53,95,12,60,82,7,9,3,89,108,148,25,72,76,24,2,10,77,46,132,106,48,83,27,129,28,99,93,140,78,96,86,30,118,26,137,35,94,144,20,112,43,50,113,145,13,104,102,62,11,68,59,141,105,146,147,114,14,128,19,143,135,136,120,49,8,126,5,44,73,91,64,79,109,125,110,61,65",20100,200
6,0,69176.32858465552,1.6566230711903056,"56,3,112,70,12,10,144,139,9,29,90,68,20,141,50,14,103,59,122,142,39,71,80,138,143,43,69,22,44,36,140,34,119,62,117,24,74,11,17,118,49,81,104,63,48,133,124,105,111,110,99,21,101,127,128,102,82,125,148,66,54,75,131,53,35,97,55,31,61,45,47,67,87,130,65,145,19,89,79,42,113,84,41,38,8,28,108,96,121,58,86,147,93,60,91,114,46,51,64,134,6,106,123,83,136,109,120,126,4,115,132,88,77,76,129,33,135,107,100,73,146,5,116,7,16,15,57,98,37,72,2,137,18,52,85,94,23,92,40,78,32,30,27,26,25,13,95",20100,200
6,1,76261.62979100416,1.128771605068569,"56,3,112,70,12,10,144,90,139,29,55,122,20,137,2,14,103,59,68,142,39,71,80,138,36,43,69,106,11,74,24,117,62,119,34,140,143,44,22,104,81,98,37,72,50,141,124,52,85,94,23,30,101,127,5,21,97,125,54,66,148,75,131,53,130,82,9,67,31,61,47,45,87,35,65,145,19,89,79,42,113,84,41,38,8,28,108,96,121,58,86,25,26,27,92,40,78,32,17,99,110,111,105,18,133,48,102,118,49,109,136,16,7,63,114,46,51,64,134,6,116,115,83,15,57,126,120,100,146,73,88,77,76,129,33,135,107,128,132,123,4,91,60,93,147,13,95",20100,200
6,2,71146.34057991451,1.2745195173083856,"56,3,112,70,12,10,144,139,17,29,90,68,20,137,2,14,103,59,122,142,39,71,80,138,36,43,69,22,44,105,124,133,48,102,118,24,74,11,63,104,81,49,117,62,119,34,140,143,111,110,99,21,101,127,5,9,82,100,85,66,148,75,131,53,35,97,55,31,61,45,47,128,87,130,65,145,19,89,79,42,113,84,41,38,8,28,108,96,121,58,86,147,93,60,91,114,46,51,64,134,6,106,123,18,141,50,67,116,7,16,15,57,98,37,72,146,73,125,107,135,33,129,76,77,88,132,115,4,126,120,109,136,83,52,54,94,23,30,32,78,40,92,27,26,25,13,95",20100,200
6,3,78085.1277381898,0.9998077477632912,"56,3,112,70,12,10,144,90,139,29,126,122,20,133,2,14,103,59,68,39,142,71,80,138,36,43,69,106,11,74,35,117,45,47,61,31,62,9,82,24,53,131,75,148,66,54,125,97,21,128,127,101,30,23,94,85,52,124,141,50,72,37,98,81,104,22,44,143,140,34,119,67,87,130,65,145,19,89,79,42,113,84,41,8,38,28,108,96,121,58,86,25,26,27,92,40,78,32,17,99,110,111,105,18,137,48,102,118,49,109,136,16,7,63,114,46,51,64,134,6,116,115,83,15,57,55,120,100,146,73,88,77,76,129,33,135,107,5,132,123,4,91,60,93,147,13,95",20100,200
6,4,69176.32858465552,1.6566230711903056,"56,3,112,70,12,10,144,139,9,29,90,68,20,141,50,14,103,59,122,142,39,71,80,138,143,43,69,22,44,36,140,34,119,62,117,24,74,11,17,118,49,81,104,63,48,133,124,105,111,110,99,21,101,127,128,102,82,125,148,66,54,75,131,53,35,97,55,31,61,45,47,67,87,130,65,145,19,89,79,42,113,84,41,38,8,28,108,96,121,58,86,147,93,60,91,114,46,51,64,134,6,106,123,83,136,109,120,126,4,115,132,88,77,76,129,33,135,107,100,73,146,5,116,7,16,15,57,98,37,72,2,137,18,52,85,94,23,30,32,78,40,92,27,26,25,13,95",20100,200
6,5,71582.2858869404,1.226539848516957,"56,3,112,70,12,10,144,139,17,29,90,68,20,137,2,14,103,59,122,142,39,71,80,138,36,43,69,22,44,105,124,133,48,102,118,24,74,11,63,104,81,49,117,62,119,34,140,143,111,110,99,21,101,127,5,9,82,100,85,66,148,75,131,53,35,97,55,31,61,45,47,128,87,130,65,145,19,89,79,42,113,84,41,38,8,28,108,96,121,58,86,147,93,60,91,114,46,51,64,134,6,106,123,18,141,50,67,116,7,16,15,57,98,37,72,146,73,125,107,135,33,129,76,77,88,132,115,4,126,120,109,136,83,52,54,94,78,40,30,23,32,92,27,26,25,13,95",20100,200
6,6,76706.47935716851,1.0570064291720433,"56,3,112,70,12,10,144,90,139,29,55,122,20,137,2,14,103,59,68,142,39,71,80,138,36,43,69,106,11,74,24,117,62,119,34,140,143,44,22,104,81,98,53,131,75,148,66,54,125,97,21,5,127,101,30,23,94,85,52,124,141,50,72,37,130,82,9,67,31,61,47,45,87,35,65,145,19,89,79,42,113,84,41,38,8,28,108,96,121,58,86,25,26,27,92,40,78,32,17,99,110,111,105,18,133,48,102,118,49,109,136,16,7,63,114,46,51,64,134,6,116,115,83,15,57,126,120,100,146,73,88,77,76,129,33,135,107,128,132,123,4,91,60,93,147,13,95",20100,200
6,7,70904.239203986,1.4779715829473854,"56,3,112,70,12,10,144,139,9,29,90,68,20,141,50,14,103,59,122,142,39,71,80,138,143,44,22,69,43,36,140,34,119,62,117,24,74,11,17,118,49,81,104,63,48,133,124,105,111,94,23,30,101,127,128,102,82,125,148,66,54,75,131,53,35,97,55,31,61,45,47,67,87,130,65,145,19,89,79,42,113,84,41,38,8,28,108,96,121,58,86,147,93,60,91,114,46,51,64,134,6,106,123,83,136,109,120,126,4,115,132,88,77,76,129,33,135,107,100,73,146,5,116,7,16,15,57,98,72,110,18,37,85,40,78,32,21,2,137,52,99,92,27,26,25,13,95",20100,200
6,8,73406.55472205413,1.1934822998268553,"56,3,112,70,12,10,144,90,139,29,17,122,20,141,2,14,103,59,68,142,39,71,80,138,36,43,69,22,44,105,124,133,48,102,118,24,74,11,63,104,81,49,117,62,119,34,140,143,111,110,99,21,101,127,5,55,97,100,148,66,54,75,131,53,130,82,9,67,31,61,47,45,87,35,65,145,19,89,79,42,113,84,41,8,38,28,108,96,121,58,86,25,26,27,92,40,78,32,30,23,94,85,52,18,137,50,128,116,7,16,15,57,98,37,72,146,73,125,107,135,33,129,76,77,88,132,115,4,126,120,109,136,83,123,106,6,134,64,51,46,114,91,60,93,147,13,95",20100,200
6,9,75954.13360136043,1.1460109173492123,"56,3,112,70,12,10,144,90,139,29,55,14,2,137,20,122,103,59,68,142,39,71,80,138,36,43,69,106,11,74,24,117,62,119,34,140,143,44,22,104,81,98,37,72,50,141,124,52,85,94,23,30,101,127,5,21,97,125,54,66,148,75,131,53,130,82,9,67,31,61,47,45,87,35,65,145,19,89,79,42,113,84,41,38,8,28,108,96,121,58,86,25,26,27,92,40,78,32,17,99,110,111,105,18,133,48,102,118,49,109,136,16,7,63,114,46,51,64,134,6,116,115,83,15,57,126,120,100,146,73,88,77,76,129,33,135,107,128,132,123,4,91,60,93,147,13,95",20100,200
6,10,73375.2696359018,1.2101239605924676,"56,3,112,70,12,10,144,90,139,29,17,122,20,137,2,14,103,59,68,142,39,71,80,138,36,43,69,22,44,105,124,133,48,102,118,24,74,11,63,104,81,49,117,62,119,34,140,143,111,110,99,21,101,127,5,55,97,100,85,66,148,75,131,53,130,82,9,67,31,61,47,45,87,35,65,145,19,89,79,42,113,84,41,38,8,28,108,96,121,58,86,147,93,60,91,114,46,51,64,134,6,106,123,18,136,109,128,116,7,16,15,57,98,37,72,146,73,125,107,135,33,129,76,77,88,132,115,4,126,120,50,141,83,52,54,94,23,30,32,78,40,92,27,26,25,13,95",20100,200
6,11,69668.6576296021,1.6322989922192563,"56,3,112,70,12,10,144,139,9,29,90,68,20,141,50,14,103,59,122,142,39,71,80,138,143,44,22,69,43,36,140,34,119,62,117,24,74,11,17,118,49,81,104,63,48,133,124,105,111,94,23,125,82,102,128,127,101,30,148,66,54,75,131,53,35,97,55,31,61,45,47,67,87,130,65,145,19,89,79,42,113,84,41,38,8,28,108,96,121,58,86,147,93,60,91,114,46,51,64,134,6,106,123,83,136,109,120,126,4,115,132,88,77,76,129,33,135,107,100,73,146,5,116,7,16,15,57,98,37,72,2,137,18,52,85,110,99,21,32,78,40,92,27,26,25,13,95",20100,200
6,12,70016.20759563413,1.4914422550001727,"56,71,39,142,122,59,103,14,50,141,20,68,90,29,139,9,144,10,12,70,112,3,80,138,143,44,22,69,43,36,140,34,119,62,117,24,74,11,63,104,81,49,118,17,48,133,124,105,111,94,23,30,101,127,128,102,82,125,148,66,54,75,131,53,35,97,55,31,61,45,47,67,87,130,65,145,19,89,79,42,113,84,41,38,8,28,108,96,121,58,86,147,93,60,91,106,6,134,64,51,46,114,123,83,136,109,120,126,4,115,132,88,77,76,129,33,135,107,100,73,146,5,116,7,16,15,57,98,72,110,18,37,85,40,78,32,21,2,137,52,99,92,27,26,25,13,95",20100,200
7,0,68548.51446411328,1.3356381463471687,"109,117,47,52,66,123,143,138,141,53,15,42,139,98,145,88,30,137,81,103,17,87,33,83,65,116,38,121,58,27,16,61,31,40,13,25,64,59,133,122,43,80,119,90,21,32,46,60,26,6,28,34,37,93,104,68,36,78,2,51,14,23,124,130,129,71,136,91,140,76,126,120,134,8,45,54,11,48,144,72,44,106,118,115,82,29,132,75,125,85,57,5,9,95,49,131,135,92,50,67,35,97,114,56,146,112,4,127,69,89,110,73,77,55,22,62,108,12,79,101,74,148,10,41,99,100,102,7,107,24,147,86,19,3,105,18,63,94,84,96,113,128,111,20,39,142,70",20100,200
7,1,68534.47109688738,1.5359354260958025,"109,117,47,52,66,123,143,138,141,53,15,42,139,98,145,67,146,137,81,4,38,87,33,83,112,17,116,121,58,27,16,31,61,40,13,25,64,59,133,122,43,80,119,90,21,32,46,60,26,6,28,34,37,93,104,68,36,78,2,51,14,23,124,130,129,71,136,91,140,76,126,120,134,8,132,29,85,125,118,106,44,72,144,48,11,54,45,57,82,115,75,5,95,9,49,131,135,92,50,88,35,97,114,56,30,65,103,127,110,89,69,73,77,55,22,62,108,12,79,101,74,148,10,41,99,100,102,7,107,24,147,86,19,3,105,18,63,94,84,96,113,128,111,20,39,142,70",20100,200
7,2,71293.41160715971,1.179734035803241,"109,117,47,145,98,123,143,138,141,53,15,42,139,66,52,88,30,137,81,103,32,87,33,83,65,116,38,121,58,27,16,61,31,40,13,25,64,59,122,133,43,80,119,28,34,73,51,2,78,36,90,21,17,104,93,68,6,26,60,46,14,23,124,130,129,71,136,91,76,140,126,120,134,8,132,29,85,125,118,106,44,72,144,48,11,54,45,57,82,115,75,5,95,9,49,131,135,92,50,67,35,97,114,56,146,112,4,127,110,89,69,37,77,55,22,62,108,12,79,101,74,148,10,41,99,100,102,7,107,24,147,86,19,3,105,18,63,94,84,96,113,128,111,20,39,142,70",20100,200
7,3,69348.2540512107,1.2600995304360492,"109,117,47,52,66,123,143,138,141,53,15,42,139,98,145,88,30,137,81,103,38,87,33,83,65,32,116,121,58,27,16,31,61,40,13,25,64,59,122,133,43,80,119,28,34,37,93,60,26,6,90,21,17,104,46,68,36,78,2,51,14,23,124,130,129,71,136,91,140,76,126,120,134,8,45,54,11,48,144,72,44,106,118,125,85,29,132,57,82,115,75,5,95,9,49,131,135,92,50,67,35,97,114,56,146,112,4,127,69,89,110,73,77,55,22,62,108,12,79,101,74,148,10,41,99,100,102,7,107,24,147,86,19,3,105,18,63,94,84,96,113,128,111,20,39,142,70",20100,200
7,4,68430.4817045724,1.6679851786550797,"109,117,47,52,98,139,42,15,53,141,138,143,123,66,145,67,146,137,81,4,38,87,33,83,112,32,116,121,58,27,16,31,61,40,13,25,64,59,122,133,43,80,119,28,34,37,93,60,26,6,90,21,17,104,46,68,36,78,2,51,14,23,124,130,129,71,136,91,140,76,126,120,134,8,45,54,11,48,144,72,44,106,118,125,85,29,132,57,82,115,75,5,95,9,49,131,135,92,50,88,35,97,114,56,30,65,103,127,110,89,69,73,77,55,22,62,108,12,79,101,74,148,10,41,99,100,102,7,107,24,147,86,19,3,105,18,63,94,84,96,113,128,111,20,39,142,70",20100,200
7,5,68039.53891143066,1.6794749461288658,"109,117,47,145,66,123,143,138,141,53,15,42,139,98,52,67,146,137,81,4,17,87,33,83,112,38,116,121,58,27,16,31,61,40,13,25,64,59,133,122,43,80,119,90,21,32,46,60,26,6,28,34,37,93,104,68,36,78,2,51,14,23,124,130,129,71,136,91,140,76,126,120,134,8,132,29,85,125,118,106,44,72,144,48,11,54,45,57,82,115,75,5,95,9,49,131,135,92,50,88,35,97,114,56,30,65,103,127,69,89,110,73,77,55,22,62,108,12,79,101,74,148,10,41,99,100,102,7,107,24,147,86,19,3,105,18,63,94,84,96,113,128,111,20,39,142,70",20100,200
7,6,71640.74286289942,1.1112648874748827,"109,117,47,52,66,123,143,138,141,53,15,42,139,98,145,88,30,137,81,103,32,87,33,83,65,38,116,121,58,27,16,61,31,40,13,25,64,59,122,133,43,80,119,28,34,73,51,2,78,36,90,21,17,104,46,68,6,26,60,93,14,23,124,130,129,71,136,91,140,76,126,120,134,8,132,29,85,125,118,106,44,72,144,115,82,54,45,75,48,11,57,5,9,95,49,131,135,92,50,67,35,97,114,56,146,112,4,127,110,89,69,37,77,55,22,62,108,12,79,101,74,148,10,41,99,100,102,7,107,24,147,86,19,3,105,18,63,94,84,96,113,128,111,20,39,142,70",20100,200
7,7,70262.90951277797,1.1962391406015407,"109,117,47,52,66,123,143,138,141,53,15,42,139,98,145,88,30,137,81,103,32,87,33,83,65,38,116,121,58,27,16,31,61,40,13,25,64,59,122,133,43,80,119,28,34,37,93,60,26,6,90,104,21,73,46,68,36,78,2,51,14,23,124,130,129,71,136,91,140,76,126,120,134,8,132,29,85,125,118,106,44,72,144,115,82,54,45,75,48,11,57,5,9,95,49,131,135,92,50,67,35,97,114,56,146,112,4,127,110,89,69,17,77,55,22,62,108,12,79,101,74,148,10,41,99,100,102,7,107,24,147,86,19,3,105,18,63,94,84,96,113,128,111,20,39,142,70",20100,200
7,8,67743.78317372894,1.702221833838831,"109,117,47,52,98,139,42,15,53,141,138,143,123,66,145,67,146,137,81,4,17,87,33,83,112,38,116,121,58,27,16,31,61,40,13,25,64,59,133,122,43,80,119,90,21,32,46,60,26,6,28,34,37,93,104,68,36,78,2,51,14,23,124,130,129,71,136,91,76,140,126,120,134,8,45,54,11,48,118,106,44,72,144,125,85,29,132,57,82,115,75,5,95,9,49,131,135,92,50,88,35,97,114,56,30,65,103,127,110,89,69,73,77,55,22,62,108,12,79,101,74,148,10,41,99,100,102,7,107,24,147,86,19,3,105,18,63,94,84,96,113,128,111,20,39,142,70",20100,200
7,9,68039.53891143066,1.6794749461288658,"109,117,47,145,66,123,143,138,141,53,15,42,139,98,52,67,146,137,81,4,17,87,33,83,112,38,116,121,58,27,16,31,61,40,13,25,64,59,133,122,43,80,119,90,21,32,46,60,26,6,28,34,37,93,104,68,36,78,2,51,14,23,124,130,129,71,136,91,140,76,126,120,134,8,132,29,85,125,118,106,44,72,144,48,11,54,45,57,82,115,75,5,95,9,49,131,135,92,50,88,35,97,114,56,30,65,103,127,110,89,69,73,77,55,22,62,108,12,79,101,74,148,10,41,99,100,102,7,107,24,147,86,19,3,105,18,63,94,84,96,113,128,111,20,39,142,70",20100,200
7,10,68870.14089348722,1.3059471219879775,"109,117,47,145,98,139,42,15,53,141,138,143,123,66,52,88,30,137,81,103,32,87,33,83,65,116,38,121,58,27,16,31,61,40,13,25,64,59,133,122,43,80,119,90,21,17,46,60,26,6,28,34,37,93,104,68,36,78,2,51,14,23,124,130,129,71,136,91,140,76,126,120,134,8,45,54,11,48,118,106,44,72,144,125,85,29,132,57,82,115,75,5,9,95,49,131,135,92,50,67,35,97,114,56,146,112,4,127,69,89,110,73,77,55,22,62,108,12,79,101,74,148,10,41,99,100,102,7,107,24,147,86,19,3,105,18,63,94,84,96,113,128,111,20,39,142,70",20100,200
7,11,67743.78317372894,1.702221833838831,"109,117,47,145,66,123,143,138,141,53,15,42,139,98,52,67,146,137,81,4,17,87,33,83,112,38,116,121,58,27,16,31,61,40,13,25,64,59,133,122,43,80,119,90,21,32,46,60,26,6,28,34,37,93,104,68,36,78,2,51,14,23,124,130,129,71,136,91,140,76,126,120,134,8,45,54,11,48,118,106,44,72,144,125,85,29,132,57,82,115,75,5,95,9,49,131,135,92,50,88,35,97,114,56,30,65,103,127,69,89,110,73,77,55,22,62,108,12,79,101,74,148,10,41,99,100,102,7,107,24,147,86,19,3,105,18,63,94,84,96,113,128,111,20,39,142,70",20100,200
7,12,67611.99874785835,1.768708116780964,"109,117,47,145,98,139,42,15,53,141,138,143,123,66,52,88,146,137,81,4,17,87,33,83,112,38,116,121,58,27,16,31,61,40,13,25,64,59,133,122,43,80,119,90,21,32,46,60,26,6,28,34,37,93,104,68,36,78,2,51,14,23,124,130,129,71,136,91,76,140,126,120,134,8,45,54,11,48,118,106,44,72,144,125,85,29,132,57,82,115,75,5,95,9,49,131,135,92,50,67,35,97,114,56,30,65,103,127,69,89,110,73,77,55,22,62,108,12,79,101,74,148,10,41,99,100,102,7,107,24,147,86,19,3,105,18,63,94,84,96,113,128,111,20,39,142,70",20100,200
8,0,68668.49529125952,1.4483282598132854,"41,136,124,132,139,22,89,129,114,116,130,148,26,133,14,34,113,76,78,147,140,67,35,90,138,86,143,36,145,17,11,58,53,81,55,15,99,60,88,46,37,71,50,96,92,18,83,30,70,19,93,43,111,72,56,3,126,104,25,38,122,28,31,51,125,65,66,134,121,57,23,118,4,102,6,115,16,107,128,29,77,98,109,44,94,127,24,100,137,119,105,80,123,47,85,144,42,117,59,112,146,97,75,61,103,74,54,84,13,9,40,79,82,62,33,73,10,95,7,106,5,27,21,32,2,69,135,141,48,110,63,45,131,20,87,108,68,52,12,142,91,101,39,49,64,120,8",20100,200
8,1,69008.23700532615,1.320876062203866,"41,136,124,132,139,22,89,129,114,116,130,148,26,133,14,34,147,78,113,76,140,67,35,90,138,86,143,36,145,17,11,58,53,81,55,15,99,60,88,46,37,71,50,96,92,18,83,30,70,19,93,43,111,72,56,3,126,104,25,38,122,28,31,51,125,65,66,134,121,57,23,118,4,102,6,115,16,107,128,29,77,98,109,44,94,127,24,141,137,119,105,80,123,47,85,144,42,117,59,112,146,97,75,61,103,74,54,84,13,9,40,79,82,62,33,63,110,48,100,135,69,2,32,21,106,5,27,7,95,10,73,45,131,20,87,108,68,52,12,142,91,101,39,49,64,120,8",20100,200
8,2,68651.25959323891,1.4751563038277669,"41,136,124,132,139,22,89,129,143,86,138,90,35,67,140,113,76,78,147,34,14,133,26,148,130,116,114,36,145,17,11,58,53,81,55,15,99,60,88,46,37,71,50,96,92,18,83,30,70,19,93,43,111,72,56,3,126,104,25,38,122,28,31,51,125,65,134,66,121,4,118,57,23,102,6,115,16,107,128,29,98,77,109,44,94,127,24,100,137,119,105,80,123,47,85,144,42,117,59,112,146,97,75,61,103,74,54,84,13,9,40,79,82,62,33,73,10,95,7,106,5,32,21,27,2,69,135,141,48,110,63,45,131,20,87,108,68,52,12,142,91,101,39,49,64,120,8",20100,200
8,3,69747.56084068949,1.1460109173492123,"41,136,124,132,139,22,89,129,114,116,130,148,26,133,14,34,147,78,113,76,140,67,35,90,138,86,143,36,145,17,11,58,53,81,55,88,60,99,104,118,25,126,83,18,72,71,37,19,93,43,111,50,96,92,56,3,30,70,46,38,122,28,31,51,125,65,134,66,121,4,15,23,57,102,6,115,16,107,87,29,98,77,109,44,94,127,24,108,137,119,47,80,123,105,85,144,42,117,59,112,146,97,75,61,103,74,54,84,13,9,40,79,82,62,33,63,110,48,100,135,69,2,32,21,106,5,27,7,95,10,73,45,131,20,49,141,68,52,12,142,91,101,39,128,64,120,8",20100,200
8,4,69816.62380729846,1.128771605068569,"41,136,124,132,139,22,89,129,114,116,130,148,26,133,14,34,147,78,113,76,140,67,35,90,138,86,143,36,145,17,11,58,53,81,55,88,60,99,104,118,25,126,83,18,72,71,37,19,93,43,111,50,96,92,56,3,30,70,46,38,122,28,31,51,125,65,134,66,121,4,15,23,57,102,6,115,16,107,87,29,98,77,109,44,94,127,24,141,137,119,47,80,123,105,85,144,42,117,59,112,146,97,75,61,103,74,54,84,13,9,40,79,82,62,33,63,110,48,100,135,69,2,32,21,106,5,27,7,95,10,73,45,131,20,49,108,68,52,12,142,91,101,39,128,64,120,8",20100,200
8,5,70525.71713176522,1.0570064291720433,"41,136,124,132,139,22,89,129,114,116,130,148,26,133,14,34,147,78,113,76,140,67,35,90,138,86,143,141,145,17,11,58,53,81,55,88,60,99,104,118,25,126,83,18,72,71,37,19,93,43,111,50,96,92,56,3,30,70,46,38,122,28,31,51,125,65,134,66,121,4,15,23,57,102,6,115,16,107,128,29,77,98,109,146,112,59,24,36,137,119,47,80,123,105,85,144,42,117,2,69,44,97,75,61,103,74,54,84,13,9,40,79,82,62,33,63,110,48,100,135,94,127,32,21,106,5,27,7,95,10,73,45,131,20,87,108,68,52,12,142,91,101,39,49,64,120,8",20100,200
8,6,69110.00003505727,1.2755651739051446,"41,136,124,132,139,22,89,129,114,116,130,148,26,133,14,34,147,78,76,113,140,67,35,90,138,86,143,36,145,17,11,58,53,81,55,88,60,99,118,25,104,126,83,18,72,71,37,19,93,43,111,50,96,92,56,3,30,70,46,38,122,28,31,51,125,65,134,66,121,4,15,23,57,102,6,115,16,107,128,29,98,77,109,44,94,127,24,141,137,119,105,80,123,47,85,144,42,117,59,112,146,97,75,61,103,74,54,84,13,9,40,79,82,62,33,63,110,48,100,135,69,2,32,21,106,5,27,7,95,10,73,45,131,20,87,108,68,52,12,142,91,101,39,49,64,120,8",20100,200
8,7,68215.75006192004,1.6147627286206498,"41,136,124,132,139,22,89,129,114,116,130,148,26,133,14,34,147,78,76,113,140,67,35,90,138,86,143,36,145,17,11,58,53,81,55,88,60,99,15,46,70,30,83,18,92,71,37,19,96,50,93,43,111,72,56,3,126,38,25,104,122,28,31,51,125,65,134,66,121,4,118,57,23,102,6,115,16,107,128,29,98,77,109,44,94,127,24,100,137,119,105,80,123,47,85,144,42,117,59,112,146,97,75,61,103,74,54,84,13,9,40,79,82,62,33,73,10,95,7,27,5,106,21,32,2,69,135,141,48,110,63,45,131,20,87,108,68,52,12,142,91,101,39,49,64,120,8",20100,200
8,8,69429.74839731229,1.2125195948031613,"41,136,124,132,139,22,89,129,114,116,130,148,26,133,14,34,147,78,113,76,140,67,35,90,138,86,143,36,145,17,11,58,53,81,55,88,60,99,104,118,25,126,83,18,72,71,37,19,93,43,111,50,96,92,56,3,30,70,46,38,122,28,31,51,125,65,134,66,121,4,15,23,57,102,6,115,16,107,128,29,77,98,109,44,94,127,24,141,137,119,105,80,123,47,85,144,42,117,59,112,146,97,75,61,103,74,54,84,13,9,40,79,82,62,33,63,110,48,100,135,69,2,32,21,106,5,27,7,95,10,73,45,131,20,87,108,68,52,12,142,91,101,39,49,64,120,8",20100,200
8,9,69290.17750336118,1.2285843292408267,"41,136,124,132,139,22,89,129,114,116,130,148,26,133,14,34,147,78,113,76,140,67,35,90,138,86,143,36,145,17,11,58,53,81,55,88,60,99,118,25,104,126,83,18,72,71,37,19,93,43,111,50,96,92,56,3,30,70,46,38,122,28,31,51,125,65,134,66,121,4,15,23,57,102,6,115,16,107,128,29,98,77,109,44,94,127,24,100,137,119,105,80,123,47,85,144,42,117,59,112,146,97,75,61,103,74,54,84,13,9,40,79,82,62,33,63,110,48,108,135,69,2,32,21,106,5,27,7,95,10,73,45,131,20,87,141,68,52,12,142,91,101,39,49,64,120,8",20100,200
8,10,71411.4022017951,0.9597833921976797,"41,136,124,132,139,22,89,129,114,116,130,148,26,133,14,34,147,78,113,76,140,67,35,90,138,86,143,108,145,17,11,58,53,81,55,88,60,99,104,118,25,126,125,65,72,111,43,23,57,15,4,121,66,134,18,83,51,31,28,122,38,46,70,30,3,56,96,92,71,37,50,19,93,102,6,115,16,107,87,29,77,98,109,146,112,59,24,36,137,119,47,80,123,105,85,144,42,117,2,69,44,97,75,61,103,74,54,84,13,9,40,79,82,62,33,63,110,48,141,135,94,127,32,21,106,5,27,7,95,10,73,45,131,20,49,100,68,52,12,142,91,101,39,128,64,120,8",20100,200
8,11,69635.98396217948,1.162994715791131,"41,136,124,132,139,22,89,129,114,116,130,148,26,133,14,34,147,78,113,76,140,67,35,90,138,86,143,36,145,17,11,58,53,81,55,88,60,99,118,25,104,126,83,18,72,71,37,19,93,43,111,50,96,92,56,3,30,70,46,38,122,28,31,51,125,65,134,66,121,4,15,23,57,102,6,115,16,107,128,29,98,77,109,44,94,127,24,141,137,119,47,80,123,105,85,144,42,117,59,112,146,97,75,61,103,74,54,84,13,9,40,79,82,62,33,63,110,48,100,135,69,2,32,21,106,5,27,7,95,10,73,45,131,20,49,108,68,52,12,142,91,101,39,87,64,120,8",20100,200
8,12,68746.96485905464,1.3646833444161033,"41,136,124,132,139,22,89,129,114,116,130,148,26,133,14,34,147,78,113,76,140,67,35,90,138,86,143,36,145,17,11,58,53,81,55,15,99,60,88,46,37,71,50,96,92,18,83,30,70,19,93,43,111,72,56,3,126,104,25,38,122,28,31,51,125,65,134,66,121,4,118,23,57,102,6,115,16,107,128,29,98,77,109,44,94,127,24,100,137,119,105,80,123,47,85,144,42,117,59,112,146,97,75,61,103,74,54,84,13,9,40,79,82,62,33,63,110,48,141,135,69,2,32,21,27,5,106,7,95,10,73,45,131,20,87,108,68,52,12,142,91,101,39,49,64,120,8",20100,200
8,13,70875.68728409466,1.0192306994797666,"41,136,124,132,139,22,89,129,114,116,130,148,26,133,14,34,147,78,113,76,140,67,35,90,138,86,143,100,145,17,11,58,53,81,55,88,60,99,118,25,104,126,83,18,72,71,37,19,93,43,111,50,96,92,56,3,30,70,46,38,122,28,31,51,125,65,134,66,121,4,15,23,57,102,6,115,16,107,87,29,98,77,109,146,112,59,24,36,137,119,47,80,123,105,85,144,42,117,2,69,44,97,75,61,103,74,54,84,13,9,40,79,82,62,33,63,110,48,141,135,94,127,32,21,106,5,27,7,95,10,73,45,131,20,49,108,68,52,12,142,91,101,39,128,64,120,8",20100,200
8,14,69061.28323017742,1.3059471219879775,"41,136,124,132,139,22,89,129,143,86,138,90,35,67,140,113,76,78,147,34,14,133,26,148,130,116,114,36,145,17,11,58,53,81,55,88,60,99,118,25,104,126,83,18,72,71,37,19,93,43,111,50,96,92,56,3,30,70,46,38,122,28,31,51,125,65,134,66,121,4,15,23,57,102,6,115,16,107,128,29,98,77,109,44,94,127,24,100,137,119,47,80,123,105,85,144,42,117,59,112,146,97,75,61,103,74,54,84,13,9,40,79,82,62,33,63,110,48,141,135,69,2,32,21,27,5,106,7,95,10,73,45,131,20,87,108,68,52,12,142,91,101,39,49,64,120,8",20100,200
8,15,68732.64974391104,1.4071274602360122,"41,136,124,132,139,22,89,129,114,116,130,148,26,133,14,34,147,78,76,113,140,67,35,90,138,86,143,36,145,17,11,58,53,81,55,15,99,60,88,46,37,71,50,96,92,18,83,30,70,19,93,43,111,72,56,3,126,104,25,38,122,28,31,51,125,65,66,134,23,57,121,118,4,102,6,115,16,107,128,29,77,98,109,44,94,127,24,100,137,119,47,80,123,105,85,144,42,117,59,112,146,97,75,61,103,74,54,84,13,9,40,79,82,62,33,73,10,95,7,106,5,32,21,27,2,69,135,141,48,110,63,45,131,20,87,108,68,52,12,142,91,101,39,49,64,120,8",20100,200
8,16,68960.4993721067,1.3356381463471687,"41,136,124,132,139,22,89,129,114,116,130,148,26,133,14,34,147,78,113,76,140,67,35,90,138,86,143,36,145,17,11,58,53,81,55,15,99,60,88,46,37,71,50,96,92,18,83,30,70,19,93,43,111,72,56,3,126,104,25,38,122,28,31,51,125,65,134,66,121,4,118,23,57,102,6,115,16,107,128,29,77,98,109,44,94,127,24,108,137,119,105,80,123,47,85,144,42,117,59,112,146,97,75,61,103,74,54,84,13,9,40,79,82,62,33,63,110,48,100,135,69,2,32,21,106,5,27,7,95,10,73,45,131,20,87,141,68,52,12,142,91,101,39,49,64,120,8",20100,200
8,17,69147.15091765126,1.2600995304360492,"41,136,124,132,139,22,89,129,114,116,130,148,26,133,14,34,147,78,113,76,140,67,35,90,138,86,143,36,145,17,11,58,53,81,55,88,60,99,104,118,25,126,83,18,72,71,37,19,93,43,111,50,96,92,56,3,30,70,46,38,122,28,31,51,125,65,134,66,121,4,15,23,57,102,6,115,16,107,128,29,98,77,109,44,94,127,24,100,137,119,105,80,123,47,85,144,42,117,59,112,146,97,75,61,103,74,54,84,13,9,40,79,82,62,33,63,110,48,141,135,69,2,32,21,27,5,106,7,95,10,73,45,131,20,87,108,68,52,12,142,91,101,39,49,64,120,8",20100,200
9,0,70440.98534136599,1.1065260954898442,"96,87,66,95,57,45,112,89,127,145,25,103,92,143,18,107,85,27,121,58,82,9,7,144,17,106,125,78,42,6,2,24,63,47,111,70,3,113,37,146,34,133,46,94,43,19,138,44,21,74,148,142,79,115,5,16,136,10,147,118,75,64,90,77,20,141,98,88,60,12,39,40,69,68,8,35,86,83,80,128,23,130,52,72,32,123,140,41,139,73,51,13,48,11,49,33,50,137,55,117,109,84,56,124,71,126,132,30,99,101,116,14,59,38,53,29,54,28,36,135,31,120,62,102,131,67,93,26,134,65,15,105,114,100,22,4,91,81,104,61,119,76,108,110,122,97,129",20100,200
9,1,68697.67509300823,1.2745195173083856,"96,87,66,95,57,45,112,89,127,145,25,103,92,143,18,107,85,27,121,58,82,9,7,144,17,106,125,84,42,6,2,24,63,47,111,70,14,113,37,146,34,133,46,94,43,19,138,44,21,74,148,142,79,115,5,16,136,10,147,118,75,64,90,77,3,141,98,88,60,12,39,71,69,68,8,35,86,83,80,128,23,130,52,72,32,123,140,41,139,73,51,13,48,11,49,33,50,137,29,117,109,78,56,124,40,20,132,30,99,55,116,126,54,38,53,101,59,28,36,135,31,120,62,102,131,67,93,26,134,65,15,105,114,76,119,61,104,81,91,4,22,100,108,110,122,97,129",20100,200
9,2,70770.81485571821,1.050904372433572,"96,87,66,95,57,45,112,89,127,145,25,103,92,143,18,107,85,27,121,58,82,7,9,144,17,106,125,78,42,6,2,24,63,47,111,70,14,113,37,146,34,133,46,94,43,19,138,44,21,74,148,142,79,115,5,16,51,10,30,99,75,116,90,77,20,141,98,88,60,12,39,40,69,68,8,35,86,83,80,128,23,130,52,72,32,123,140,41,139,73,136,13,48,11,49,33,50,137,55,117,109,84,56,124,53,3,132,147,118,29,64,126,38,28,71,131,54,59,36,135,31,120,62,102,101,67,93,26,134,65,15,105,114,100,22,4,91,81,104,61,119,76,108,110,122,97,129",20100,200
9,3,68905.00185134068,1.1244554237496478,"96,87,66,95,57,45,112,89,127,145,25,103,92,143,18,107,85,27,121,58,82,9,7,29,144,106,125,78,42,6,2,24,63,47,111,70,3,113,37,146,34,133,46,94,43,19,138,44,21,74,148,142,79,115,5,16,136,10,147,118,75,64,90,77,14,141,98,88,60,12,39,71,69,68,8,35,86,83,128,80,23,130,52,72,32,123,140,41,139,73,51,13,48,11,49,33,50,137,55,117,109,84,56,124,40,20,132,30,99,101,116,126,54,38,53,17,59,28,36,135,31,120,62,102,131,67,93,26,134,65,15,105,114,100,22,4,91,81,104,61,119,76,108,110,122,97,129",20100,200
9,4,68210.55290313791,1.3207573584879244,"96,87,66,95,57,45,112,89,127,145,25,103,92,143,18,107,85,27,121,58,82,9,7,144,17,106,125,84,42,6,2,24,63,47,111,70,14,113,37,146,34,133,46,94,43,19,138,44,21,74,148,142,79,115,5,16,136,10,147,118,75,64,90,77,3,141,98,88,60,12,39,40,69,68,8,35,86,83,128,80,23,130,52,72,32,123,140,41,139,73,51,13,48,11,49,33,50,137,29,117,109,78,56,124,71,20,132,30,99,55,116,126,54,38,53,101,59,28,36,135,31,120,62,102,131,67,93,26,134,65,15,105,114,100,22,4,91,81,104,61,119,76,108,110,122,97,129",20100,200
9,5,71590.12048771564,1.0121264743103997,"96,87,66,95,57,45,112,89,127,145,25,103,92,143,18,107,85,27,121,58,82,9,7,144,42,117,109,84,55,6,2,24,63,47,111,70,3,113,37,146,34,133,46,94,43,19,138,44,21,74,148,142,79,115,5,16,51,10,30,99,75,116,90,77,20,141,98,88,60,12,39,40,69,68,8,35,86,83,80,128,23,130,52,72,32,123,140,41,139,73,136,13,48,11,49,33,50,137,17,106,125,78,56,124,53,14,132,147,118,29,64,126,38,28,71,131,54,59,36,135,31,120,62,102,101,67,93,26,134,65,15,105,114,76,119,61,104,81,91,4,22,100,108,110,122,97,129",20100,200
10,0,75529.43209880743,0.9921693403849969,"110,124,14,109,116,49,129,147,15,45,118,103,70,46,125,58,102,7,113,30,62,93,28,128,97,123,114,76,98,136,32,13,95,119,53,24,35,72,34,40,8,33,117,101,108,145,122,146,36,43,69,44,77,86,85,92,84,141,56,57,139,63,37,25,64,134,20,19,27,2,60,137,38,66,74,127,105,133,87,89,107,29,79,148,21,52,104,106,112,67,126,4,132,10,5,68,9,50,144,26,91,51,90,12,65,100,11,55,6,39,47,99,121,120,115,135,142,3,88,140,71,94,130,81,80,18,143,83,23,96,73,41,48,111,22,61,138,59,131,75,31,17,54,42,78,16,82",20100,200
10,1,71018.99769513539,1.2101239605924676,"110,124,14,147,129,49,116,109,15,45,118,103,70,46,125,58,102,7,113,93,62,30,28,128,97,123,114,76,86,136,32,13,95,119,53,24,35,72,34,40,8,33,117,101,108,145,122,146,36,43,69,44,77,98,85,92,84,141,56,57,139,63,37,25,64,134,20,19,27,143,83,111,138,80,18,71,140,5,3,142,148,115,120,121,99,67,39,6,55,11,100,65,12,90,132,91,26,144,50,9,17,21,52,131,106,112,104,126,4,51,10,88,89,79,29,135,107,87,133,105,127,74,66,38,137,60,2,94,22,68,41,78,48,59,75,130,47,73,96,23,31,61,54,42,81,16,82",20100,200
10,2,73475.52127438,1.0316976301223144,"110,124,14,147,129,49,116,109,15,45,118,103,70,46,125,58,102,7,113,30,62,93,28,128,97,123,114,76,98,136,32,13,95,119,53,24,35,72,34,40,8,33,117,101,108,145,122,146,36,43,69,44,77,86,85,92,84,141,56,57,139,63,37,25,64,134,20,19,27,2,60,137,38,66,74,127,105,133,87,89,107,29,79,81,21,52,104,106,132,4,126,67,112,100,130,68,47,50,144,26,5,73,138,80,18,71,140,88,3,142,148,12,135,91,94,143,83,111,96,51,9,99,121,120,115,65,10,11,23,6,39,41,48,55,22,61,90,59,131,75,31,17,54,42,78,16,82",20100,200
10,3,72116.9060670076,1.1065260954898442,"110,124,14,109,116,49,129,147,15,45,118,103,70,46,125,58,102,7,113,93,62,30,28,128,97,123,114,76,86,136,32,13,95,119,53,24,35,72,34,40,8,33,108,101,117,145,122,146,36,43,69,44,77,98,85,92,84,141,56,57,139,63,37,25,64,134,20,19,27,2,60,137,38,66,74,127,105,133,87,89,107,29,79,81,21,52,104,106,132,4,126,67,112,100,130,68,47,50,144,26,5,73,138,80,18,71,140,88,3,142,148,12,135,91,94,143,83,111,96,51,9,99,121,120,115,65,10,11,23,6,39,41,48,55,22,61,90,59,131,75,31,17,54,42,78,16,82",20100,200
10,4,70594.19290020409,1.393123111241695,"110,124,14,147,129,49,116,109,15,45,118,103,70,46,125,58,102,7,113,93,62,30,28,128,97,123,114,76,86,136,32,13,95,119,53,24,35,72,34,40,8,33,108,101,117,145,122,146,36,43,69,44,77,98,85,92,84,141,56,57,139,63,37,25,64,134,20,19,27,2,60,137,38,66,74,127,105,133,87,89,107,29,79,81,21,126,131,112,106,4,52,67,51,10,88,17,148,50,144,26,91,132,90,12,65,100,11,55,3,142,135,99,121,120,115,9,39,6,5,140,71,18,80,138,111,83,143,94,22,68,41,78,48,59,75,130,47,73,96,23,31,61,54,42,104,16,82",20100,200
10,5,72753.42755451048,1.0697663296253066,"110,124,14,147,129,49,116,109,15,45,118,103,70,46,125,58,102,7,113,30,62,93,28,128,97,123,114,76,86,136,32,13,95,119,53,24,35,72,34,40,8,33,117,101,108,145,122,146,36,43,69,44,77,98,85,92,84,141,56,57,139,63,37,25,64,134,20,19,27,2,60,137,38,66,74,127,105,133,87,89,107,29,79,81,21,52,104,106,132,4,126,67,112,100,130,68,47,50,144,26,5,73,138,80,18,71,140,88,3,142,148,12,135,91,94,143,83,111,96,51,9,99,121,120,115,65,10,11,23,6,39,41,48,55,22,61,90,59,131,75,31,17,54,42,78,16,82",20100,200
10,6,71655.51918263825,1.1766052864066183,"110,124,14,147,129,49,116,109,15,45,118,103,70,46,125,58,102,7,113,30,62,93,28,128,97,123,114,76,86,136,32,13,95,119,53,24,35,72,34,43,36,146,122,145,108,101,117,33,8,40,69,44,77,98,85,92,84,141,56,57,139,63,37,25,64,134,20,19,27,143,83,111,138,80,18,71,140,5,3,142,148,115,120,121,99,67,39,6,55,11,100,65,12,90,132,91,26,144,50,9,17,21,52,131,106,112,104,126,4,51,10,88,89,79,29,135,107,87,133,105,127,74,66,38,137,60,2,94,22,68,41,78,48,59,75,130,47,73,96,23,31,61,54,42,81,16,82",20100,200
10,7,70836.88748534652,1.3356381463471687,"110,124,14,147,129,49,116,109,15,45,118,103,70,46,125,58,102,7,113,93,62,30,28,128,97,123,114,76,86,136,32,13,95,119,53,24,35,72,34,40,8,33,108,101,117,145,122,146,36,43,69,44,77,98,85,92,84,141,56,57,139,63,37,25,64,134,20,19,27,2,60,137,38,66,74,127,105,133,87,89,107,29,79,81,21,126,131,112,106,4,52,67,51,10,88,17,9,50,144,104,91,132,90,12,65,100,11,55,6,39,26,99,121,120,115,148,142,3,5,140,71,18,80,138,111,83,143,94,22,68,41,78,48,59,75,130,47,73,96,23,31,61,54,42,135,16,82",20100,200
10,8,70785.8052778847,1.38,"110,124,14,113,7,102,58,125,46,70,103,118,45,15,109,116,49,129,147,93,62,30,28,128,97,123,114,76,86,136,32,13,95,119,53,24,35,72,34,40,8,33,117,101,108,145,122,146,36,43,69,44,77,98,85,92,84,141,56,57,139,63,37,25,64,134,20,19,27,2,60,137,38,66,74,127,105,133,87,107,67,29,79,89,88,10,51,4,126,104,112,106,131,52,21,17,9,50,144,26,91,132,90,12,65,100,11,55,6,39,135,99,121,120,115,148,142,3,5,140,71,18,80,138,111,83,143,94,22,68,41,78,48,59,75,130,47,73,96,23,31,61,54,42,81,16,82",20100,200
10,9,71018.99769513539,1.2101239605924676,"110,124,14,109,116,49,129,147,15,45,118,103,70,46,125,58,102,7,113,93,62,30,28,128,97,123,114,76,86,136,32,13,95,119,53,24,35,72,34,40,8,33,117,101,108,145,122,146,36,43,69,44,77,98,85,92,84,141,56,57,139,63,37,25,64,134,20,19,27,143,83,111,138,80,18,71,140,5,3,142,148,115,120,121,99,67,39,6,55,11,100,65,12,90,132,91,26,144,50,9,17,21,52,131,106,112,104,126,4,51,10,88,89,79,29,135,107,87,133,105,127,74,66,38,137,60,2,94,22,68,41,78,48,59,75,130,47,73,96,23,31,61,54,42,81,16,82",20100,200
10,10,75529.43209880743,0.9921693403849969,"110,124,14,147,129,49,116,109,15,45,118,103,70,46,125,58,102,7,113,30,62,93,28,128,97,123,114,76,98,136,32,13,95,119,53,24,35,72,34,40,8,33,117,101,108,145,122,146,36,43,69,44,77,86,85,92,84,141,56,57,139,63,37,25,64,134,20,19,27,2,60,137,38,66,74,127,105,133,87,89,107,29,79,148,21,52,104,106,112,67,126,4,132,10,5,68,9,50,144,26,91,51,90,12,65,100,11,55,6,39,47,99,121,120,115,135,142,3,88,140,71,94,130,81,80,18,143,83,23,96,73,41,48,111,22,61,138,59,131,75,31,17,54,42,78,16,82",20100,200
11,0,69242.28212928346,1.1112648874748827,"57,28,115,84,63,93,88,22,109,38,131,100,78,118,101,106,10,52,79,133,140,73,147,14,37,86,107,89,36,13,95,30,122,148,29,16,136,53,82,83,85,116,51,2,25,105,123,80,50,34,47,31,61,94,56,135,92,146,98,26,72,24,33,125,55,7,66,64,70,143,114,128,4,102,17,81,41,99,23,20,90,141,110,124,108,142,60,67,44,103,121,58,71,130,96,8,132,134,5,112,129,144,126,127,19,59,113,3,54,74,145,75,68,39,77,137,119,139,91,27,21,65,11,45,43,48,40,32,42,12,97,104,120,15,76,6,49,117,9,62,87,138,46,69,111,18,35",20100,200
11,1,72205.59640187876,0.9597833921976797,"57,28,115,84,63,93,106,101,118,78,131,100,38,109,22,88,10,52,79,133,140,73,147,14,37,86,107,2,51,13,95,30,122,148,29,16,136,53,82,83,85,116,31,47,25,105,123,80,50,34,89,36,61,94,56,135,92,146,98,26,72,24,33,125,5,7,66,64,70,143,114,128,4,102,17,81,41,99,23,20,90,141,137,124,108,142,60,67,44,103,121,58,71,130,96,8,132,19,127,126,144,129,112,55,3,59,119,139,54,74,145,75,68,39,77,110,113,134,91,27,21,65,11,45,43,48,40,32,42,12,97,104,120,15,76,6,49,117,9,62,87,138,46,69,111,18,35",20100,200
11,2,70143.67571470901,1.0382903760685276,"57,28,115,84,63,93,88,22,109,38,131,100,78,118,101,106,10,52,79,133,140,73,147,14,37,86,107,47,31,13,95,30,19,132,8,127,29,148,122,83,85,116,51,2,25,105,123,80,50,34,89,36,61,94,56,135,92,146,98,26,72,24,33,125,5,7,66,64,70,143,114,128,4,102,17,81,41,99,23,20,90,141,137,124,108,142,60,67,44,103,121,58,71,130,96,82,53,136,16,126,144,129,112,55,3,59,119,139,54,74,145,75,68,39,77,110,113,134,91,27,21,49,11,45,43,48,40,32,42,12,97,104,120,15,76,6,65,117,9,62,87,138,46,69,111,18,35",20100,200
11,3,70143.67571470901,1.0382903760685276,"57,28,115,84,63,93,106,101,118,78,100,131,38,109,22,88,10,52,79,133,140,73,147,14,37,86,107,47,31,13,95,30,19,132,8,127,29,148,122,83,85,116,51,2,25,105,123,80,50,34,89,36,61,94,56,135,92,146,98,26,72,24,33,125,5,7,66,64,70,143,114,128,4,102,17,81,41,99,23,20,90,141,137,124,108,142,60,67,44,103,121,58,71,130,96,82,53,136,16,126,144,129,112,55,3,59,119,139,54,74,145,75,68,39,77,110,113,134,91,27,21,49,11,45,43,48,40,32,42,12,97,104,120,15,76,6,65,117,9,62,87,138,46,69,111,18,35",20100,200
11,4,71826.6912617405,0.9799999215372391,"57,28,115,84,63,93,106,101,118,78,131,100,38,109,22,88,10,52,79,133,140,73,147,14,37,86,107,89,36,116,85,83,8,132,19,127,29,148,122,30,95,13,51,2,34,105,123,80,50,25,47,31,61,94,56,135,92,146,98,26,72,24,33,125,5,7,66,64,70,143,114,128,4,102,17,81,41,99,23,20,90,141,137,124,108,142,60,67,44,103,121,58,71,130,96,82,53,136,16,126,144,129,112,55,3,59,119,139,54,74,145,75,68,39,77,110,113,134,91,27,21,65,11,45,43,48,40,32,42,12,97,104,120,15,76,6,49,117,9,62,87,138,46,69,111,18,35",20100,200
11,5,70933.29517842348,0.9998077477632912,"57,28,115,84,63,93,106,101,118,78,131,100,38,109,22,88,10,52,79,133,140,73,147,14,37,86,107,47,31,13,95,30,19,132,8,127,29,148,122,83,85,116,51,2,25,105,123,80,50,34,89,36,61,94,56,135,92,146,98,26,72,24,33,125,5,7,66,64,70,143,114,128,4,102,17,81,41,99,23,20,90,141,137,124,108,142,60,67,44,103,121,58,71,130,96,82,53,136,16,126,144,129,112,55,3,59,119,139,54,74,145,75,68,39,77,110,113,134,91,27,21,49,11,45,43,48,40,32,42,12,97,104,120,15,76,6,65,117,9,62,87,138,46,69,111,18,35",20100,200
11,6,68171.01214772699,1.179734035803241,"57,28,115,84,63,93,88,22,109,38,131,100,78,118,101,106,10,52,79,133,140,73,147,14,37,86,107,89,36,13,95,30,29,148,122,16,136,53,82,83,85,116,51,2,25,105,123,80,50,34,47,31,61,94,56,135,92,146,98,26,72,24,33,125,55,7,66,64,70,143,114,128,4,102,17,81,41,99,23,20,90,141,110,124,108,142,60,67,44,103,121,58,71,6,96,8,132,134,5,112,129,144,126,127,19,59,113,3,54,74,145,75,68,39,77,137,119,139,91,27,21,49,11,45,43,48,40,32,42,12,97,104,120,15,76,130,65,117,9,62,87,138,46,69,111,18,35",20100,200
11,7,68776.97577641059,1.162994715791131,"57,28,115,84,63,93,106,101,118,78,100,131,38,109,22,88,10,52,79,133,140,73,147,14,37,86,107,89,36,13,95,30,122,148,29,127,8,132,19,83,85,116,51,2,25,105,80,123,50,34,47,31,61,94,56,135,92,146,98,26,72,24,33,125,55,7,66,64,70,143,114,128,4,102,17,81,41,99,23,20,90,141,110,124,108,142,60,67,44,103,121,58,71,6,96,82,53,136,16,126,144,129,112,5,134,59,113,3,54,74,145,75,68,39,77,137,119,139,91,27,21,49,11,45,43,48,40,32,42,12,97,104,120,15,76,130,65,117,9,62,87,138,46,69,111,18,35",20100,200
11,8,68953.0722097609,1.128771605068569,"57,28,115,84,63,93,88,22,109,38,131,100,78,118,101,106,10,52,79,133,140,73,147,14,37,86,107,89,36,13,95,30,122,148,29,16,136,53,82,83,85,116,51,2,25,105,123,80,50,34,47,31,61,94,56,135,92,146,98,26,72,24,33,125,55,7,66,64,70,143,114,128,4,102,17,81,41,99,23,20,90,127,126,144,129,112,5,134,132,8,96,130,71,58,121,103,44,67,60,142,108,124,110,141,19,59,113,3,54,74,145,75,68,39,77,137,119,139,91,27,21,65,11,45,43,48,40,32,42,12,97,104,120,15,76,6,49,117,9,62,87,138,46,69,111,18,35",20100,200
11,9,70066.62643122411,1.0753968000629088,"57,28,115,84,63,93,88,22,109,38,100,131,78,118,101,106,10,52,79,133,140,73,147,14,37,86,107,89,36,13,95,30,29,148,122,16,136,53,82,83,85,116,51,2,25,105,123,80,50,34,47,31,61,94,56,135,92,146,98,26,72,24,33,125,55,7,66,64,70,143,114,128,4,102,17,81,41,99,23,20,90,141,110,124,108,142,60,67,44,103,121,58,71,130,96,8,132,134,5,112,129,144,126,127,19,59,113,3,54,74,145,75,68,39,77,137,48,139,91,27,21,49,11,45,43,119,40,32,42,12,97,104,120,15,76,6,65,117,9,62,87,138,46,69,111,18,35",20100,200
11,10,69242.28212928346,1.1112648874748827,"57,28,115,84,63,93,88,22,109,38,131,100,78,118,101,106,10,52,79,133,140,73,147,14,37,86,107,47,31,13,95,30,122,148,29,16,136,53,82,83,85,116,51,2,25,105,123,80,50,34,89,36,61,94,56,135,92,146,98,26,72,24,33,125,55,7,66,64,70,143,114,128,4,102,17,81,41,99,23,20,90,141,110,124,108,142,60,67,44,103,121,58,71,130,96,8,132,134,5,112,129,144,126,127,19,59,113,3,54,74,145,75,68,39,77,137,119,139,91,27,21,65,11,45,43,48,40,32,42,12,97,104,120,15,76,6,49,117,9,62,87,138,46,69,111,18,35",20100,200
11,11,69686.97760186013,1.0934779210665635,"57,28,115,84,63,93,106,101,118,78,100,131,38,109,22,88,10,52,79,133,140,73,147,14,37,86,107,89,36,116,85,83,19,132,8,127,29,148,122,30,95,13,51,2,25,105,80,123,50,34,47,31,61,94,56,135,92,146,98,26,72,24,33,125,55,7,66,64,70,143,114,128,4,102,17,81,41,99,23,20,90,141,110,124,108,142,60,67,44,103,121,58,71,130,96,82,53,136,16,126,144,129,112,5,134,59,113,3,54,74,145,75,68,39,77,137,119,139,91,27,21,49,11,45,43,48,40,32,42,12,97,104,120,15,76,6,65,117,9,62,87,138,46,69,111,18,35",20100,200
12,0,72073.10642093545,1.3931633918471495,"33,124,116,64,29,8,48,139,52,54,50,36,86,105,76,73,28,96,65,140,144,23,26,12,122,22,85,94,61,20,58,35,146,110,102,7,103,95,38,67,46,132,77,78,44,111,114,18,40,119,123,115,75,59,55,91,25,118,69,63,147,49,126,72,70,31,79,136,106,68,27,98,133,127,92,37,30,57,32,84,135,134,10,120,43,24,97,125,15,101,9,90,66,16,4,21,2,128,107,130,108,89,121,53,131,142,17,5,60,42,45,99,62,56,148,145,47,74,14,93,34,3,112,129,6,83,143,71,141,88,81,82,41,117,51,13,11,80,138,100,87,113,19,137,104,109,39",20100,200
12,1,71640.71229878365,1.7529916451829333,"33,83,116,64,29,8,48,139,52,54,50,36,86,105,76,73,144,65,140,113,28,23,26,104,106,68,27,136,79,20,58,35,146,110,102,7,103,56,62,99,45,42,60,5,17,111,114,18,40,119,123,115,75,59,55,91,109,38,137,19,96,87,100,138,80,11,13,51,117,41,82,81,6,141,92,37,30,57,32,84,135,134,10,120,43,24,97,125,15,101,142,44,66,16,4,21,2,128,107,89,108,130,121,53,131,9,90,78,77,132,46,67,12,95,148,145,47,74,14,93,34,3,112,129,127,71,143,124,88,133,98,122,22,85,94,61,31,70,72,126,49,147,63,69,118,25,39",20100,200
12,2,71623.11237710196,1.7849894272098585,"33,124,116,64,29,8,48,139,52,54,50,36,86,105,76,73,144,65,140,113,28,23,26,104,117,41,122,51,13,20,58,35,146,110,102,7,103,95,12,67,46,132,77,78,44,142,114,18,40,119,123,115,75,59,55,91,109,38,137,19,96,87,100,138,80,31,79,136,106,68,27,98,133,127,92,37,30,57,32,84,135,134,10,120,43,24,97,125,15,101,9,90,66,16,4,21,2,128,107,130,108,89,121,53,131,111,17,5,60,42,45,99,62,56,148,145,47,74,14,93,34,3,112,129,6,83,143,71,141,88,81,82,22,85,94,61,11,70,72,126,49,147,63,69,118,25,39",20100,200
12,3,73687.00368254146,1.2654175575175257,"33,124,116,64,8,88,48,139,52,55,133,75,115,123,76,73,28,96,65,140,144,23,26,12,122,22,85,94,61,20,58,35,146,110,102,7,103,95,38,67,46,132,77,78,44,111,114,18,40,119,105,86,36,50,54,98,25,118,69,63,147,49,59,72,70,31,79,136,106,68,27,91,126,57,30,37,92,127,32,84,135,134,10,120,43,24,97,125,15,101,9,90,66,16,4,21,2,128,107,130,108,89,121,53,131,142,17,5,60,42,45,99,62,56,148,145,47,74,14,93,34,3,112,129,6,83,143,71,141,29,81,82,41,117,51,13,11,80,138,100,87,113,19,137,104,109,39",20100,200
12,4,72003.67427175806,1.4463221054140982,"124,33,116,64,29,8,48,139,52,54,50,36,86,105,76,73,28,96,65,140,144,23,26,12,122,22,85,94,61,20,58,35,146,110,102,7,103,95,38,67,46,132,77,78,44,111,114,18,40,119,123,115,75,59,55,91,25,118,69,63,147,49,126,72,70,31,79,136,106,68,27,98,133,127,92,37,30,57,32,84,135,134,10,120,43,24,97,125,15,101,9,90,66,16,4,21,2,128,107,130,108,89,121,53,131,142,17,5,60,42,45,99,62,56,148,145,47,74,14,93,34,3,112,129,6,83,143,71,141,88,81,82,41,117,51,13,11,80,138,113,87,100,19,137,104,109,39",20100,200
12,5,71867.34254640719,1.653286746626771,"33,124,116,64,88,8,48,139,52,54,50,36,86,105,76,73,144,65,140,113,28,23,26,104,106,68,27,136,79,20,58,35,146,110,102,7,103,56,62,99,45,42,60,5,17,111,114,18,40,119,123,115,75,59,55,91,109,38,137,19,96,87,100,138,80,11,13,51,117,41,82,81,6,141,92,37,30,57,32,84,135,134,10,120,43,24,97,125,15,101,142,44,66,16,4,21,2,128,107,89,108,130,121,53,131,9,90,78,77,132,46,67,12,95,148,145,47,74,14,93,34,3,112,129,133,83,143,71,127,29,98,85,22,122,94,61,31,70,72,126,49,147,63,69,118,25,39",20100,200
12,6,72073.10642093545,1.3931633918471495,"124,33,116,64,29,8,48,139,52,54,50,36,86,105,76,73,28,96,65,140,144,23,26,12,122,22,85,94,61,20,58,35,146,110,102,7,103,95,38,67,46,132,77,78,44,111,114,18,40,119,123,115,75,59,55,91,25,118,69,63,147,49,126,72,70,31,79,136,106,68,27,98,133,127,92,37,30,57,32,84,135,134,10,120,43,24,97,125,15,101,9,90,66,16,4,21,2,128,107,130,108,89,121,53,131,142,17,5,60,42,45,99,62,56,148,145,47,74,14,93,34,3,112,129,6,83,143,71,141,88,81,82,41,117,51,13,11,80,138,100,87,113,19,137,104,109,39",20100,200
12,7,71958.75868256639,1.6186875916624313,"33,124,116,64,29,8,48,139,52,54,50,36,86,105,76,73,28,147,65,140,144,23,26,12,122,22,85,94,61,20,58,35,146,110,102,7,103,95,118,67,46,132,77,78,44,111,114,18,40,119,123,115,75,59,55,91,109,38,137,19,96,87,100,138,80,11,13,51,117,41,82,81,6,141,92,37,30,57,32,84,135,134,10,120,43,24,97,125,15,101,9,90,66,16,4,21,2,128,107,130,108,89,121,53,131,142,17,5,60,42,45,99,62,56,148,145,47,74,14,93,34,3,112,129,133,83,143,71,127,88,98,27,68,106,136,79,31,70,72,126,49,113,63,69,104,25,39",20100,200
12,8,74382.27639987686,1.2198664056788389,"33,124,116,64,8,85,22,122,12,26,23,144,140,65,96,28,73,76,105,86,36,50,54,52,139,48,88,94,61,20,118,35,146,110,102,7,103,95,38,67,46,132,77,78,44,111,114,18,40,119,123,115,75,59,55,91,25,58,147,3,69,49,126,72,70,31,79,136,106,68,27,98,133,127,92,37,30,57,32,84,135,134,10,120,43,24,97,125,15,101,9,90,66,16,4,21,2,128,107,130,108,89,121,53,131,142,17,5,60,42,45,99,62,56,148,145,47,74,14,93,34,63,112,129,6,83,143,71,141,29,81,82,41,117,51,13,11,80,138,100,87,113,19,137,104,109,39",20100,200
12,9,71401.36977793342,1.790321613367258,"33,124,116,64,39,8,48,139,52,54,50,36,86,105,76,73,144,65,140,113,28,23,26,104,106,68,27,136,79,20,58,35,146,110,102,7,103,56,62,99,45,42,60,5,17,111,114,18,40,119,123,115,75,59,55,91,117,51,61,31,70,72,126,49,96,19,137,38,109,41,82,81,127,88,92,37,30,57,32,84,135,134,10,120,43,24,97,125,15,101,142,44,66,16,4,21,2,128,107,89,108,130,121,53,131,9,90,78,77,132,46,67,12,95,148,145,47,74,14,93,34,3,112,129,6,83,143,71,141,29,98,122,22,85,94,13,11,63,147,87,100,138,80,69,118,25,133",20100,200
12,10,74382.27639987686,1.2198664056788389,"33,124,116,64,8,85,22,122,12,26,23,144,140,65,96,28,73,76,105,86,36,50,54,52,139,48,88,94,61,20,118,35,146,110,102,7,103,95,38,67,46,132,77,78,44,111,114,18,40,119,123,115,75,59,55,91,25,58,147,3,69,49,126,72,70,31,79,136,106,68,27,98,133,127,92,37,30,57,32,84,135,134,10,120,43,24,97,125,15,101,9,90,66,16,4,21,2,128,107,130,108,89,121,53,131,142,17,5,60,42,45,99,62,56,148,145,47,74,14,93,34,63,112,129,6,83,143,71,141,29,81,82,41,117,51,13,11,80,138,100,87,113,137,19,104,109,39",20100,200
12,11,71640.71229878365,1.7529916451829333,"83,33,116,64,29,8,48,139,52,54,50,36,86,105,76,73,144,65,140,113,28,23,26,104,106,68,27,136,79,20,58,35,146,110,102,7,103,56,62,99,45,42,60,5,17,111,114,18,40,119,123,115,75,59,55,91,109,38,137,19,96,87,100,138,80,11,13,51,117,41,82,81,6,141,92,37,30,57,32,84,135,134,10,120,43,24,97,125,15,101,142,44,66,16,4,21,2,128,107,89,108,130,121,53,131,9,90,78,77,132,46,67,12,95,148,145,47,74,14,93,34,3,112,129,127,71,143,124,88,133,98,122,22,85,94,61,31,70,72,147,49,126,63,69,118,25,39",20100,200
12,12,75841.9611853939,1.1725470142105168,"33,124,116,64,8,88,48,139,52,54,50,36,86,105,76,73,28,96,65,140,144,23,26,12,122,22,85,94,61,20,58,35,146,110,102,7,103,56,62,99,75,42,60,5,44,142,114,18,40,119,123,115,45,133,55,98,25,118,69,63,147,49,59,72,70,31,79,136,106,68,27,91,126,57,30,37,92,127,32,84,135,134,10,120,43,24,97,125,15,101,9,90,66,16,4,21,2,128,107,130,108,89,121,53,131,111,17,78,77,132,46,67,38,95,148,145,47,74,14,93,34,3,112,129,6,83,143,71,141,29,81,82,41,117,51,13,11,80,138,100,87,113,19,137,104,109,39",20100,200
12,13,81251.86429146022,1.1460109173492123,"83,8,116,64,39,88,48,139,19,54,50,36,86,105,76,73,38,137,52,79,31,85,136,106,68,70,23,28,12,65,5,35,146,110,102,7,103,25,46,115,144,132,77,78,44,142,114,18,40,119,123,104,26,59,55,98,69,58,147,3,133,72,22,27,140,138,113,87,100,20,99,62,56,57,30,37,92,127,32,84,135,134,10,120,43,24,97,125,15,101,109,81,6,141,4,143,124,29,129,112,63,34,93,14,74,9,90,60,108,130,121,53,131,47,145,75,95,71,16,66,42,45,118,126,91,17,96,89,107,128,2,21,49,67,111,122,94,61,148,80,11,13,51,117,41,82,33",20100,200
12,14,75841.9611853939,1.1725470142105168,"33,124,116,64,8,88,48,139,52,54,50,36,86,105,76,73,28,96,65,140,144,23,26,12,122,22,85,94,61,20,58,35,146,110,102,7,103,56,62,99,75,42,60,5,44,142,114,18,40,119,123,115,45,133,55,98,25,118,69,63,147,49,59,72,70,31,79,136,106,68,27,91,126,57,30,37,92,127,32,84,135,134,10,120,43,24,97,125,15,101,9,90,66,16,4,21,2,128,107,130,108,89,121,53,131,111,17,78,77,132,46,67,38,95,148,145,47,74,14,93,34,3,112,129,6,83,143,71,141,29,81,82,41,117,51,13,11,80,138,100,87,113,137,19,104,109,39",20100,200
12,15,74380.59005658845,1.250418228360822,"33,124,116,64,8,29,48,139,52,54,50,36,86,105,76,73,28,96,65,140,144,23,26,12,122,22,85,94,61,20,58,35,146,110,102,7,103,56,38,67,75,115,123,78,44,111,114,18,40,119,77,132,46,133,55,98,25,118,69,63,147,49,59,72,70,31,79,136,106,68,27,91,126,127,92,37,30,57,32,84,135,134,10,120,43,24,97,125,15,101,9,90,66,16,4,21,2,128,107,130,108,89,121,53,131,142,17,5,60,42,45,99,62,95,148,145,47,74,14,93,34,3,112,129,6,83,143,71,141,88,81,82,41,117,51,13,11,80,138,100,87,113,19,137,104,109,39",20100,200
12,16,74712.0479573028,1.188529490416877,"33,124,116,64,8,88,48,139,52,55,133,45,115,123,76,73,28,96,65,140,144,23,26,12,122,22,85,94,61,20,58,35,146,110,102,7,103,95,38,67,46,132,77,78,44,111,114,18,40,119,105,86,36,50,54,98,25,118,69,63,147,49,59,72,70,31,79,136,106,68,27,91,126,57,30,37,92,127,32,84,135,134,10,120,43,24,97,125,15,101,9,90,66,16,4,21,2,128,107,130,108,89,121,53,131,142,17,5,60,42,75,99,62,56,148,145,47,74,14,93,34,3,112,129,6,83,143,71,141,29,81,82,41,117,51,13,11,80,138,100,87,113,137,19,104,109,39",20100,200
12,17,71826.29003785123,1.7203988377441308,"33,124,116,64,88,8,48,139,52,54,50,36,86,105,76,73,144,65,140,113,28,23,26,104,106,68,27,136,79,20,58,35,146,110,102,7,103,56,62,99,45,42,60,5,17,111,114,18,40,119,123,115,75,59,55,91,109,38,137,19,96,87,100,138,80,11,13,51,117,41,82,81,6,141,92,37,30,57,32,84,135,134,10,120,43,24,97,125,15,101,142,44,66,16,4,21,2,128,107,89,108,130,121,53,131,9,90,78,77,132,46,67,12,95,148,145,47,74,127,71,143,83,133,129,112,3,34,93,14,29,98,85,22,122,94,61,31,70,72,126,49,147,63,69,118,25,39",20100,200
12,18,72901.45324526531,1.2802411663160282,"33,124,116,64,8,88,48,139,52,54,50,36,86,105,76,73,28,96,65,140,144,23,26,12,122,22,85,94,61,20,58,35,146,110,102,7,103,95,38,67,46,132,77,78,44,111,114,18,40,119,123,115,75,59,55,91,25,118,147,3,69,49,126,72,70,31,79,136,106,68,27,98,133,127,92,37,30,57,32,84,135,134,10,120,43,24,97,125,15,101,9,90,66,16,4,21,2,128,107,130,108,89,121,53,131,142,17,5,60,42,45,99,62,56,148,145,47,74,14,93,34,63,112,129,6,83,143,71,141,29,81,82,41,117,51,13,11,80,138,100,87,113,19,137,104,109,39",20100,200
12,19,72238.9762407073,1.3378941812253462,"33,124,116,64,29,8,48,139,52,54,50,36,86,105,76,73,28,96,65,140,144,23,26,12,122,22,85,94,61,20,58,35,146,110,102,7,103,95,38,67,46,132,77,78,44,111,114,18,40,119,123,115,75,59,55,91,25,118,69,3,147,49,126,72,70,31,79,136,106,68,27,98,133,127,92,37,30,57,32,84,135,134,10,120,43,24,97,125,15,101,9,90,66,16,4,21,2,128,107,130,108,89,121,53,131,142,17,5,60,42,45,99,62,56,148,145,47,74,14,93,34,63,112,129,6,83,143,71,141,88,81,82,41,117,51,13,11,80,138,100,87,113,19,137,104,109,39",20100,200
12,20,74382.27639987686,1.2198664056788389,"33,124,116,64,8,88,48,139,52,54,50,36,86,105,76,73,28,96,65,140,144,23,26,12,122,22,85,94,61,20,118,35,146,110,102,7,103,95,38,67,46,132,77,78,44,111,114,18,40,119,123,115,75,59,55,91,25,58,147,3,69,49,126,72,70,31,79,136,106,68,27,98,133,127,92,37,30,57,32,84,135,134,10,120,43,24,97,125,15,101,9,90,66,16,4,21,2,128,107,130,108,89,121,53,131,142,17,5,60,42,45,99,62,56,148,145,47,74,14,93,34,63,112,129,6,83,143,71,141,29,81,82,41,117,51,13,11,80,138,100,87,113,137,19,104,109,39",20100,200
12,21,73687.00368254146,1.2654175575175257,"33,124,116,64,8,85,22,122,12,26,23,144,140,65,96,28,73,76,123,115,75,133,55,52,139,48,88,94,61,20,58,35,146,110,102,7,103,95,38,67,46,132,77,78,44,111,114,18,40,119,105,86,36,50,54,98,25,118,69,63,147,49,59,72,70,31,79,136,106,68,27,91,126,57,30,37,92,127,32,84,135,134,10,120,43,24,97,125,15,101,9,90,66,16,4,21,2,128,107,130,108,89,121,53,131,142,17,5,60,42,45,99,62,56,148,145,47,74,14,93,34,3,112,129,6,83,143,71,141,29,81,82,41,117,51,13,11,80,138,100,87,113,19,137,104,109,39",20100,200
12,22,76806.8524627453,1.1563436563052498,"33,124,116,64,8,88,48,139,52,54,50,36,86,105,76,73,28,96,65,140,144,23,26,12,122,22,85,94,61,20,58,35,146,110,102,7,103,56,62,99,75,42,78,5,44,142,114,18,40,119,123,115,45,133,55,98,25,118,69,63,147,49,59,72,70,31,79,136,106,68,27,91,126,57,30,37,92,127,32,84,135,134,10,120,43,24,97,125,15,101,111,17,66,16,4,21,2,128,107,130,108,89,121,53,131,9,90,60,77,132,46,67,38,95,148,145,47,74,14,93,34,3,112,129,6,83,143,71,141,29,81,82,41,117,51,13,11,80,138,100,87,113,19,137,104,109,39",20100,200
13,0,73462.93637296723,1.0697663296253066,"14,37,112,143,15,69,5,107,65,64,145,11,48,134,139,118,53,46,86,74,40,59,67,50,29,88,13,68,89,43,54,124,109,31,108,131,119,127,8,58,116,49,21,9,61,90,55,42,136,138,114,19,51,137,33,94,123,18,20,70,129,71,144,148,103,39,35,24,111,105,133,87,47,80,3,85,126,121,52,12,72,66,17,120,106,117,38,82,104,113,146,77,81,91,101,22,100,25,16,10,84,41,57,75,27,140,83,122,2,6,132,4,79,32,96,142,60,36,110,34,93,73,63,135,44,130,147,78,76,30,99,45,26,95,23,56,28,92,98,97,141,115,125,128,62,7,102",20100,200
13,1,70759.06573359946,1.4779715829473854,"14,37,112,143,15,69,5,107,65,64,145,134,31,127,51,43,40,74,68,9,21,49,116,58,8,59,67,50,29,88,13,86,46,53,131,48,11,139,118,109,124,89,108,54,61,90,55,42,136,138,114,19,119,137,33,94,123,18,20,70,129,71,144,148,103,39,35,24,111,105,133,87,3,80,47,85,126,121,52,12,72,66,17,120,106,117,38,82,104,113,146,77,81,91,101,22,100,25,16,10,84,41,57,75,27,140,83,76,78,147,44,130,135,63,73,93,34,36,110,60,142,96,2,6,4,132,79,32,122,30,99,45,26,95,23,56,28,92,98,97,141,115,125,128,62,7,102",20100,200
13,2,74960.678053812,1.0316976301223144,"112,37,14,56,15,69,5,107,64,65,145,134,48,11,139,118,53,46,86,74,40,127,119,131,108,31,109,116,49,21,9,68,13,88,29,50,67,59,8,58,90,61,43,54,89,124,55,42,136,138,114,19,51,137,33,94,123,18,20,70,129,71,144,148,103,39,35,24,111,105,133,87,47,80,3,85,126,121,52,12,72,66,17,120,106,117,38,82,104,113,146,77,81,91,101,22,100,25,16,10,84,41,57,75,27,140,83,122,2,6,132,4,79,32,96,142,60,36,110,34,93,73,63,135,44,130,147,78,76,30,99,45,26,95,23,143,28,92,98,97,141,115,125,128,62,7,102",20100,200
13,3,72302.9039835066,1.0883014288330233,"14,37,112,56,15,69,5,48,134,145,64,65,107,11,139,118,53,46,86,74,40,127,119,131,108,31,109,124,89,43,54,68,13,88,29,50,67,59,8,58,116,49,21,9,61,90,55,42,136,138,114,19,51,137,33,94,123,18,20,70,129,71,144,148,103,39,35,24,111,105,133,87,47,80,3,85,126,121,52,12,72,66,17,120,106,117,38,82,104,113,146,77,81,91,101,22,100,25,16,10,84,41,57,75,27,96,142,60,36,110,34,93,73,63,135,130,44,147,78,76,83,140,2,6,132,4,79,32,122,30,99,45,26,95,23,143,28,92,98,97,141,115,125,128,62,7,102",20100,200
13,4,71063.38402974783,1.258729518204765,"14,37,112,143,15,69,5,107,65,64,145,134,31,127,108,119,40,74,86,46,53,131,48,11,139,118,109,116,49,21,9,68,13,88,29,50,67,59,8,58,90,61,43,54,89,124,55,42,136,138,114,19,51,137,33,94,123,18,20,70,129,71,144,148,103,39,35,24,111,105,133,87,47,80,3,85,126,121,52,12,72,66,17,120,106,117,38,82,104,113,146,77,91,81,101,22,100,25,16,10,84,41,57,75,27,140,83,76,78,147,44,130,135,63,73,93,34,110,36,60,142,96,2,6,4,132,79,32,122,30,99,45,26,95,23,56,28,92,98,97,141,115,125,128,62,7,102",20100,200
13,5,71549.31031451609,1.1594826432508596,"112,37,14,56,15,69,5,48,65,64,145,134,107,11,139,118,53,46,86,74,40,127,119,131,108,31,109,124,89,43,54,68,13,88,29,50,67,59,8,58,116,49,21,9,61,90,55,42,136,138,114,19,51,137,33,94,123,18,20,70,129,71,144,148,103,39,35,24,111,105,133,87,47,80,3,85,126,121,52,12,72,66,17,120,106,117,38,82,104,113,146,77,81,91,101,22,100,25,16,10,84,41,57,75,27,140,83,76,78,147,44,130,135,63,73,93,34,110,36,60,142,96,2,6,132,4,79,32,122,30,99,45,26,95,23,143,28,92,98,97,141,115,125,128,62,7,102",20100,200
13,6,71959.2768070582,1.1244554237496478,"14,37,112,143,15,69,5,48,134,145,64,65,107,11,139,118,53,46,86,74,40,127,119,131,108,31,109,124,89,43,54,68,13,88,29,50,67,59,8,58,116,49,21,9,61,90,55,42,136,138,114,19,51,137,33,94,123,18,20,70,129,71,144,148,103,39,35,24,111,105,133,87,47,80,3,85,126,121,52,12,72,66,17,120,106,117,38,82,104,113,146,77,81,91,101,22,100,25,16,10,84,41,57,75,27,140,83,76,2,6,132,4,32,79,96,142,60,36,110,34,93,73,63,135,44,130,147,78,122,30,99,45,26,95,23,56,28,92,98,97,141,115,125,128,62,7,102",20100,200
13,7,71357.82818534905,1.226539848516957,"14,37,112,143,15,69,5,48,134,145,64,65,107,11,139,118,53,46,86,74,40,127,119,131,136,42,109,124,89,43,54,68,13,88,29,50,67,59,8,58,116,49,21,9,61,90,55,71,129,70,20,18,123,94,33,137,51,19,114,138,108,31,144,148,103,39,35,24,111,105,133,87,47,80,3,85,126,121,52,12,72,66,17,120,106,117,38,82,104,113,146,77,81,91,101,22,100,25,16,10,84,41,57,75,27,140,83,76,78,147,44,130,135,63,73,93,34,110,36,60,142,96,2,6,132,4,79,32,122,30,99,45,26,95,23,56,28,92,98,97,141,115,125,128,62,7,102",20100,200
14,0,69151.9899926521,1.0192306994797666,"43,91,107,130,82,148,26,25,92,80,124,54,99,116,140,100,115,20,56,108,52,46,15,98,145,5,16,81,21,32,24,23,72,146,102,104,101,126,129,60,71,42,134,144,141,111,90,31,9,8,61,132,30,76,114,17,106,22,142,40,53,136,7,64,12,33,57,41,51,87,143,112,50,97,105,19,48,4,75,14,2,93,79,117,109,138,69,58,29,65,103,6,78,133,36,88,147,110,47,74,119,62,121,66,95,139,59,63,122,85,123,44,70,39,73,89,27,127,28,137,84,10,13,94,118,38,34,67,35,77,125,135,83,18,3,113,55,49,120,86,96,37,128,131,68,11,45",20100,200
14,1,68081.20148209769,1.0753968000629088,"43,91,107,130,82,148,26,25,92,80,124,54,99,116,140,100,115,20,56,108,52,46,15,98,145,5,16,81,21,32,49,120,103,146,102,104,101,126,129,60,71,42,134,144,141,111,90,31,9,8,61,132,30,76,114,17,106,22,142,40,53,136,7,64,12,33,57,41,51,87,143,112,50,97,105,19,48,4,75,14,2,93,79,117,109,58,69,138,78,65,72,6,133,29,36,88,147,110,47,74,119,62,121,66,95,139,59,63,122,85,123,44,70,39,73,18,83,135,125,77,35,67,34,94,118,38,13,10,84,137,28,127,27,89,3,113,55,24,23,86,128,37,96,131,68,11,45",20100,200
14,2,68073.31565237619,1.0934779210665635,"43,91,107,130,82,148,26,25,92,80,124,54,99,116,140,100,115,20,56,108,52,46,15,98,145,5,16,81,21,32,49,120,103,146,102,104,101,126,129,60,71,42,134,144,141,111,90,31,9,8,61,132,30,76,114,17,106,22,142,40,53,136,7,64,12,33,57,41,51,87,143,112,50,97,105,19,48,4,75,14,2,93,79,117,109,58,69,138,78,65,72,6,133,29,36,88,147,110,47,74,119,62,121,66,95,139,59,63,122,85,23,24,55,113,3,18,83,135,125,77,128,37,96,131,118,38,34,67,35,137,28,127,27,89,73,39,70,44,123,86,84,10,13,94,68,11,45",20100,200
14,3,67640.39523202374,1.1112648874748827,"43,91,107,130,82,148,26,25,92,80,124,15,99,116,140,100,115,20,56,108,52,46,54,98,145,5,16,81,21,32,24,23,72,146,102,104,101,126,129,60,71,42,134,144,141,111,90,31,9,8,61,132,30,76,114,17,106,22,142,40,53,136,7,64,12,33,57,41,51,87,143,112,50,97,105,19,48,4,75,14,2,93,79,117,109,58,69,138,78,65,103,6,133,29,36,88,147,110,47,74,119,62,121,66,95,139,59,63,122,85,123,44,70,39,73,89,27,127,28,137,128,37,96,131,118,38,13,10,84,77,125,135,83,18,3,113,55,49,120,86,35,67,34,94,68,11,45",20100,200
14,4,68678.3922707992,1.0570064291720433,"43,91,107,130,82,148,26,25,92,80,124,15,99,116,140,100,115,20,56,108,52,46,54,98,145,5,16,81,21,32,24,23,72,146,102,104,101,126,129,60,71,42,134,144,141,111,90,31,9,8,61,132,30,114,76,17,106,22,142,40,53,136,7,64,12,33,57,41,51,87,143,112,50,97,105,19,48,4,75,14,2,93,79,117,109,138,69,58,29,65,103,6,133,78,88,36,147,110,47,74,119,62,121,66,95,139,59,63,122,85,123,44,70,39,73,89,27,127,28,137,84,10,13,38,118,131,96,37,128,77,125,135,83,18,3,113,55,49,120,86,35,67,34,94,68,11,45",20100,200
14,5,66932.20583086723,1.179734035803241,"43,91,107,130,82,148,26,25,92,80,124,15,99,116,140,100,115,20,56,108,52,46,54,98,145,5,16,81,21,32,49,120,103,146,102,104,101,126,129,60,71,42,134,144,141,90,111,31,40,142,22,106,17,114,33,12,64,7,136,53,9,8,61,132,30,76,57,41,51,87,143,112,50,97,105,19,48,4,75,14,2,93,79,117,109,58,69,138,78,65,72,6,133,29,36,88,147,110,47,74,119,62,121,66,95,139,59,63,122,85,123,44,70,39,73,89,27,127,28,137,84,10,13,38,118,131,96,37,128,77,125,135,83,18,3,113,55,24,23,86,35,67,34,94,68,11,45",20100,200
14,6,67222.99435550987,1.1460109173492123,"43,91,107,130,82,148,26,25,92,80,124,15,99,116,140,100,115,20,56,108,52,46,54,98,145,5,16,81,21,32,49,120,103,146,102,104,101,126,129,60,71,42,134,144,141,111,90,31,40,142,22,106,17,114,76,30,132,61,8,9,53,136,7,64,12,33,57,41,51,87,143,112,50,97,105,19,48,4,75,14,2,93,79,117,109,58,69,138,78,65,72,6,133,29,36,88,147,110,47,74,119,62,121,66,95,139,59,63,122,85,123,44,70,39,73,89,27,127,28,137,84,10,13,38,118,131,96,37,128,77,125,135,83,18,3,113,55,24,23,86,35,67,34,94,68,11,45",20100,200
14,7,67640.39523202374,1.1112648874748827,"43,91,107,130,82,148,26,25,92,80,124,15,99,116,140,100,115,20,56,108,52,46,54,98,145,5,16,81,21,32,24,23,72,146,102,104,101,126,129,60,71,42,134,144,141,111,90,31,9,8,61,132,30,76,114,17,106,22,142,40,53,136,7,64,12,33,57,41,51,87,143,112,50,97,105,19,48,4,75,14,2,93,79,117,109,58,69,138,78,65,103,6,133,29,36,88,147,110,47,74,119,62,121,66,95,139,59,63,122,85,123,44,70,39,73,89,27,127,28,137,84,10,13,38,118,131,96,37,128,77,125,135,83,18,3,113,55,49,120,86,35,67,34,68,94,11,45",20100,200
14,8,68081.20148209769,1.0753968000629088,"43,91,107,130,82,148,26,25,92,80,124,54,99,116,140,100,115,20,56,108,52,46,15,98,145,5,16,81,21,32,49,120,103,146,102,104,101,126,129,60,71,42,134,144,141,111,90,31,9,8,61,132,30,76,114,17,106,22,142,40,53,136,7,64,12,33,57,41,51,87,143,112,50,97,105,19,48,4,75,14,2,93,79,117,109,58,69,138,78,65,72,6,133,29,36,88,147,110,47,74,119,62,121,66,95,139,59,63,122,85,123,44,70,39,73,89,27,127,28,137,84,10,13,94,118,38,34,67,35,77,125,135,83,18,3,113,55,24,23,86,128,37,96,131,68,11,45",20100,200
14,9,66914.21451981322,1.1962391406015407,"43,91,107,130,82,148,26,25,92,80,124,15,99,116,140,100,115,20,56,108,52,46,54,98,145,5,16,81,21,32,49,120,103,146,102,104,101,126,129,60,71,42,134,144,141,90,111,31,40,142,22,106,17,114,33,12,64,7,136,53,9,8,61,132,30,76,57,41,51,87,143,112,50,97,105,19,48,4,75,14,2,93,79,117,109,58,69,138,78,65,72,6,133,29,36,88,147,110,47,74,119,62,121,66,95,139,59,63,122,85,23,24,55,113,3,18,83,135,125,77,128,37,96,94,118,38,13,10,84,137,28,127,27,89,73,39,70,44,123,86,35,67,34,68,131,11,45",20100,200
15,0,77340.3171228804,1.230017799457491,"126,21,125,146,72,13,95,26,134,47,145,120,112,104,49,115,8,24,114,23,6,58,127,100,27,144,32,29,77,66,25,16,44,107,118,76,18,43,117,102,81,65,142,61,4,106,99,31,79,64,87,33,63,90,88,130,140,124,36,54,131,110,48,20,40,83,96,74,86,129,133,91,136,57,73,132,105,12,103,7,147,82,148,69,89,53,116,113,14,11,97,123,45,80,3,75,101,98,42,62,59,108,15,22,50,30,56,119,5,109,55,35,17,94,143,121,41,84,70,10,85,93,141,78,52,135,128,71,34,19,9,46,38,68,122,51,39,67,137,139,28,111,37,92,138,60,2",20100,200
15,1,80647.9558110103,1.0934779210665635,"126,21,125,146,72,13,95,26,134,44,145,120,112,104,49,115,114,24,8,23,6,58,81,102,117,144,32,29,77,131,54,36,124,140,127,87,110,107,128,16,25,90,47,63,100,33,137,27,31,99,106,4,61,142,65,130,88,64,43,18,76,118,48,20,40,83,96,74,86,129,133,91,136,57,73,132,105,12,103,7,147,82,148,69,89,53,116,3,75,101,98,42,62,45,123,97,11,14,55,143,121,41,119,56,50,30,22,15,5,109,113,35,17,94,80,59,108,84,70,10,85,93,141,78,52,135,79,71,34,38,46,9,19,68,122,51,39,67,66,139,28,111,37,92,138,60,2",20100,200
15,2,74563.57346300512,1.3789765468640973,"126,21,125,146,23,114,24,127,115,49,104,112,120,145,77,134,26,95,13,72,6,40,99,31,144,64,87,32,29,66,25,16,128,107,110,131,54,36,124,140,130,88,90,47,63,100,27,117,102,81,4,58,61,142,65,8,33,44,43,52,79,37,34,20,48,118,5,17,55,11,14,113,80,121,41,94,109,129,133,91,136,57,73,132,105,12,103,7,147,82,148,69,89,53,116,3,75,101,98,42,62,45,123,97,111,59,108,15,22,30,50,56,119,35,86,18,76,84,70,10,85,93,141,78,74,135,96,71,106,38,46,9,19,68,122,51,39,67,137,139,28,143,83,92,138,60,2",20100,200
15,3,77750.45184510278,1.179734035803241,"126,21,125,146,72,13,95,26,134,64,145,120,112,104,49,115,8,24,25,66,31,29,32,144,79,87,127,58,6,23,114,99,44,107,54,131,110,36,124,16,140,90,47,63,100,33,117,27,102,81,106,4,61,142,65,130,88,77,43,18,76,118,48,20,40,83,96,74,86,129,133,91,136,57,73,132,105,12,103,7,147,82,148,69,89,53,116,3,75,101,98,42,62,45,123,97,11,14,113,80,121,41,94,109,35,119,56,50,30,22,15,108,59,111,55,17,5,84,70,10,85,93,141,78,52,135,37,71,34,38,46,9,19,68,122,51,39,67,137,139,28,143,128,92,138,60,2",20100,200
15,4,77624.64770920824,1.2125195948031613,"126,21,125,146,72,13,95,26,134,79,145,120,46,104,49,115,8,24,114,23,6,58,81,102,117,144,32,29,77,87,127,140,124,36,54,131,110,107,128,16,25,90,47,63,100,33,137,27,31,99,106,4,48,118,76,18,43,66,88,130,65,142,61,20,40,83,96,74,86,129,133,91,136,57,73,132,105,12,103,82,147,7,121,69,89,53,116,3,75,101,98,122,68,38,64,9,19,34,71,44,139,52,78,141,93,85,10,70,84,108,59,80,94,17,35,113,109,5,15,22,30,50,56,119,41,148,143,55,14,11,97,123,135,112,67,39,51,42,62,45,28,111,37,92,138,60,2",20100,200
15,5,82528.19462606862,1.0570064291720433,"126,21,125,146,72,13,95,26,134,64,145,120,112,104,49,115,8,24,114,23,6,34,99,31,144,128,87,27,117,33,100,63,47,90,140,16,124,36,110,131,54,107,44,127,25,66,29,32,102,81,106,4,61,142,65,130,88,77,43,18,76,118,48,20,40,83,96,74,86,129,133,91,136,57,73,132,105,12,103,7,147,82,148,69,89,53,116,3,75,101,98,42,62,45,123,97,11,14,55,143,121,41,119,56,50,30,22,15,5,109,113,35,17,94,80,59,108,84,70,10,85,93,141,78,52,135,79,71,58,38,46,9,19,68,122,51,39,67,137,139,28,111,37,92,138,60,2",20100,200
15,6,77624.64770920824,1.2125195948031613,"126,21,125,146,72,13,95,26,134,79,145,120,46,104,49,115,8,24,114,23,6,58,81,102,117,144,32,29,77,87,127,140,124,36,54,131,110,107,128,16,25,90,47,63,100,33,137,27,31,99,106,4,48,118,76,18,43,66,88,130,65,142,61,20,40,83,96,74,86,129,133,91,136,57,73,132,105,12,103,82,147,7,121,69,89,53,116,3,75,101,98,122,68,38,64,9,19,34,71,44,139,52,78,141,93,85,10,70,84,108,59,80,94,17,35,113,109,5,15,22,30,50,56,119,41,148,143,55,14,11,97,123,45,62,42,51,39,67,112,135,28,111,37,92,138,60,2",20100,200
15,7,74904.61283479119,1.320876062203866,"126,21,125,146,72,114,24,127,115,49,104,112,120,145,77,134,26,95,13,23,6,83,99,31,144,64,87,32,29,66,25,16,44,107,110,131,54,36,124,140,130,88,90,47,63,100,27,117,102,81,4,58,61,142,65,8,33,128,43,52,79,37,34,20,48,118,5,17,55,11,14,113,80,121,41,94,109,129,133,91,136,57,73,132,105,12,103,7,147,82,148,69,89,53,116,3,75,101,98,42,62,45,123,97,111,59,108,15,22,30,50,56,119,35,86,18,76,84,70,10,85,93,141,78,74,135,96,71,106,38,46,9,19,68,122,51,39,67,137,139,28,143,40,92,138,60,2",20100,200
15,8,75309.10510494487,1.290845536520219,"126,21,125,146,72,13,95,26,134,79,145,120,46,104,49,115,8,24,114,23,6,58,81,102,117,144,32,29,77,87,127,140,124,36,54,131,110,107,128,16,25,90,47,63,100,33,137,27,31,99,106,4,48,118,76,18,43,66,88,130,65,142,61,20,40,83,96,74,86,129,133,91,136,57,73,132,105,12,103,7,147,82,148,69,89,53,116,3,75,101,98,42,62,45,123,97,11,14,113,80,121,41,94,109,35,119,56,50,30,22,15,108,59,111,55,17,5,84,70,10,85,93,141,78,52,135,37,71,34,38,112,9,19,68,122,51,39,67,64,139,28,143,44,92,138,60,2",20100,200
15,9,73835.74674424493,1.4071274602360122,"126,21,125,146,23,114,24,127,115,49,104,112,120,145,77,134,26,95,13,72,6,128,99,31,144,64,87,32,29,66,25,16,40,107,110,131,54,36,124,140,130,88,90,47,63,100,27,117,102,81,4,58,61,142,65,8,33,44,43,52,79,37,34,20,48,118,5,17,55,11,14,113,80,121,41,132,105,12,103,7,147,82,148,69,89,53,116,3,75,101,98,42,62,45,123,97,111,59,108,15,22,30,50,56,119,35,109,94,73,57,136,91,133,129,86,18,76,84,70,10,85,93,141,78,74,135,96,71,106,38,46,9,19,68,122,51,39,67,137,139,28,143,83,92,138,60,2",20100,200
15,10,73835.74674424493,1.4071274602360122,"126,21,125,146,23,114,24,127,115,49,104,112,120,145,77,134,26,95,13,72,6,128,99,31,144,64,87,32,29,66,25,16,40,107,110,131,54,36,124,140,130,88,90,47,63,100,27,117,102,81,4,58,61,142,65,8,33,44,43,52,79,37,34,20,48,118,5,17,55,11,14,113,80,121,41,132,105,12,103,7,147,82,148,69,89,53,116,3,75,101,98,42,62,45,123,97,111,59,108,15,22,141,93,85,10,70,84,76,18,86,129,133,91,136,57,73,94,109,35,119,56,50,30,78,74,135,96,71,106,38,46,9,19,68,122,51,39,67,137,139,28,143,83,92,138,60,2",20100,200
15,11,73695.85222987006,1.4347261278373895,"126,21,125,146,23,114,24,127,115,49,104,112,120,145,77,134,26,95,13,72,6,128,99,31,144,64,87,32,29,66,25,16,40,107,110,131,54,36,124,140,130,88,90,47,63,100,27,117,102,81,4,58,61,142,65,8,33,44,43,52,79,37,34,20,48,118,5,17,55,11,14,113,80,148,41,132,105,12,103,82,147,7,121,69,89,53,116,3,75,101,98,42,62,45,123,97,111,59,108,15,22,30,50,56,119,35,109,94,73,57,136,91,133,129,86,18,76,84,70,10,85,93,141,78,74,135,96,71,106,38,46,9,19,68,122,51,39,67,137,139,28,143,83,92,138,60,2",20100,200
15,12,76231.85569044262,1.2755651739051446,"126,21,125,146,72,13,95,26,134,127,145,120,112,104,49,115,128,24,114,23,6,83,8,31,144,64,87,32,29,66,25,16,58,107,110,131,54,36,124,140,130,88,90,43,63,100,27,117,102,81,4,40,133,129,86,18,76,118,48,20,34,37,79,52,77,44,33,99,65,142,61,91,136,57,73,132,105,12,103,7,147,82,148,69,89,53,116,3,19,9,46,38,106,71,96,135,74,78,141,93,85,10,70,84,5,17,55,111,59,119,56,50,30,22,15,108,35,109,94,41,121,80,113,14,11,97,123,45,62,42,98,101,75,68,122,51,39,67,137,139,28,143,47,92,138,60,2",20100,200
15,13,78284.90086019303,1.1112648874748827,"126,21,125,146,72,13,95,26,134,79,145,120,46,104,49,115,128,24,114,23,6,58,99,31,117,144,32,29,77,131,54,36,124,140,127,87,110,107,8,16,25,90,47,63,100,33,137,27,102,81,106,4,61,142,65,130,88,66,43,18,76,118,48,20,40,83,96,74,86,129,133,91,136,57,73,132,105,12,103,7,147,82,148,69,89,53,116,3,75,101,98,122,68,38,64,9,19,34,71,44,139,52,78,141,93,85,10,70,84,108,59,80,94,17,35,113,109,5,15,22,30,50,56,119,41,121,143,55,14,11,97,123,45,62,42,51,39,67,112,135,28,111,37,92,138,60,2",20100,200
15,14,74769.49458206331,1.3493094880992116,"126,21,125,146,72,13,95,26,134,64,145,120,66,104,49,115,130,24,114,23,6,60,99,31,117,144,32,29,77,87,127,140,124,36,54,131,110,107,128,16,25,90,47,63,100,33,137,27,102,81,106,58,61,142,65,8,88,44,43,52,79,37,34,20,48,118,5,17,55,11,14,113,80,121,41,94,109,129,133,91,136,57,73,132,105,12,103,7,147,82,148,69,89,53,116,3,75,101,98,42,62,45,123,97,111,59,108,15,22,30,50,56,119,35,86,18,76,84,70,10,85,93,141,78,74,135,96,71,4,38,46,9,19,68,122,51,39,67,112,139,28,143,83,92,138,40,2",20100,200
15,15,77123.2713722374,1.2455542242085598,"126,21,13,72,146,125,95,26,134,47,145,120,112,104,49,115,8,24,114,23,6,58,127,100,27,144,32,29,77,66,25,16,44,107,110,131,54,36,124,140,130,88,90,63,33,87,64,79,31,99,106,4,61,142,65,81,102,117,43,18,76,118,48,20,40,83,96,52,86,129,133,91,136,57,73,132,105,12,103,7,147,82,148,69,89,53,116,3,75,101,98,42,62,45,123,97,11,14,113,80,121,41,94,109,35,108,15,22,30,50,56,119,59,111,55,17,5,84,70,10,85,93,141,78,74,135,128,71,34,19,9,46,38,68,122,51,39,67,137,139,28,143,37,92,138,60,2",20100,200
15,16,78100.20846459798,1.1460109173492123,"126,21,125,146,72,13,95,26,134,79,145,120,46,104,49,115,8,24,114,23,6,58,81,102,117,144,32,29,77,87,127,140,124,36,54,131,110,107,128,16,25,90,47,63,100,33,137,27,31,99,106,4,61,142,65,130,88,66,43,18,76,118,48,20,40,83,96,74,86,129,133,91,136,57,73,132,105,12,103,7,147,41,121,69,89,53,116,3,75,101,98,122,68,38,64,9,19,34,71,44,139,52,78,141,93,85,10,70,84,108,59,80,94,17,35,113,109,5,15,22,30,50,56,119,82,148,143,55,14,11,97,123,45,62,42,51,39,67,112,135,28,111,37,92,138,60,2",20100,200
15,17,73991.8190548461,1.393123111241695,"126,21,13,72,146,125,95,26,134,77,145,120,112,104,49,115,127,24,114,23,6,83,99,31,144,64,87,32,29,66,25,16,40,107,110,131,54,36,124,140,130,88,90,47,63,100,27,117,102,81,4,58,61,142,65,8,33,44,43,52,79,37,34,20,48,118,76,18,86,129,133,91,136,57,73,132,7,103,12,105,147,82,148,69,89,53,116,3,75,101,98,42,62,45,123,97,11,14,113,80,121,41,94,109,35,108,15,22,30,50,56,119,59,111,55,17,5,84,70,10,85,93,141,78,74,135,96,71,106,38,46,9,19,68,122,51,39,67,137,139,28,143,128,92,138,60,2",20100,200
15,18,81301.86866556782,1.0753968000629088,"126,21,125,13,72,146,95,26,134,127,145,120,112,104,49,115,128,24,114,23,6,58,99,31,117,144,32,29,77,87,9,140,124,36,54,131,110,107,8,16,25,90,47,63,100,33,137,27,102,81,106,4,61,142,65,130,88,64,43,18,76,118,48,20,40,83,96,74,86,129,133,91,136,57,73,132,105,12,103,7,147,82,148,69,89,53,116,3,75,101,98,42,62,45,123,97,11,14,55,143,121,41,119,56,50,30,22,15,5,109,113,35,17,94,80,59,108,84,70,10,85,93,141,78,52,135,79,71,34,38,46,44,19,68,122,51,39,67,66,139,28,111,37,92,138,60,2",20100,200
15,19,82528.19462606862,1.0570064291720433,"126,21,125,146,72,13,95,26,134,64,145,120,112,104,49,115,114,24,8,23,6,34,99,31,144,128,87,27,117,33,100,63,47,90,140,16,124,36,110,131,54,107,44,127,25,66,29,32,102,81,106,4,61,142,65,130,88,77,43,18,76,118,48,20,40,83,96,74,86,129,133,91,136,57,73,132,105,12,103,7,147,82,148,69,89,53,116,3,75,101,98,42,62,45,123,97,11,14,55,143,121,41,119,56,50,30,22,15,5,109,113,35,17,94,80,59,108,84,70,10,85,93,141,78,52,135,79,71,58,38,46,9,19,68,122,51,39,67,137,139,28,111,37,92,138,60,2",20100,200
15,20,80647.9558110103,1.0934779210665635,"126,21,125,146,72,13,95,26,134,44,145,120,112,104,49,115,8,24,114,23,6,58,81,102,117,144,32,29,77,131,54,36,124,140,127,87,110,107,128,16,25,90,47,63,100,33,137,27,31,99,106,4,61,142,65,130,88,64,43,18,76,118,48,20,40,83,96,74,86,129,133,91,136,57,73,132,105,12,103,7,147,82,148,69,89,53,116,3,75,101,98,42,62,45,123,97,11,14,55,143,121,41,119,56,50,30,22,15,5,109,113,35,17,94,80,59,108,84,70,10,85,93,141,78,52,135,79,71,34,38,46,9,19,68,122,51,39,67,66,139,28,111,37,92,138,60,2",20100,200
15,21,73442.32310550124,1.4483282598132854,"126,21,125,146,72,13,95,26,134,77,145,120,112,104,49,115,99,24,114,23,6,128,127,31,144,64,32,87,29,66,25,16,40,107,110,131,54,36,124,140,130,88,90,47,63,100,27,117,102,81,4,58,61,142,65,8,33,44,43,52,79,37,34,20,48,118,76,18,86,129,133,91,136,57,73,132,7,103,12,105,147,82,148,69,89,53,116,3,75,101,98,42,62,45,123,97,11,14,113,80,121,41,94,109,35,108,15,22,30,50,56,59,119,111,55,17,5,84,70,10,85,93,141,78,74,135,96,71,106,38,9,46,19,68,122,51,39,67,137,139,28,143,83,92,138,60,2",20100,200
16,0,69538.15146803544,1.2101239605924676,"6,72,146,65,95,11,69,24,12,42,108,13,132,125,55,37,26,96,148,134,66,81,43,54,105,67,113,128,8,106,53,52,117,119,92,124,50,35,59,18,83,63,5,131,16,19,76,98,31,142,75,79,56,137,86,114,118,57,20,46,45,85,71,112,60,23,34,110,88,40,91,104,9,30,32,126,136,103,21,22,111,3,143,135,73,94,10,145,28,77,44,36,33,47,41,58,61,39,109,121,139,133,49,62,99,97,90,7,120,101,68,74,147,87,14,144,80,122,4,25,64,17,129,140,123,51,70,127,130,48,2,89,100,93,78,15,115,27,102,38,84,107,138,141,29,116,82",20100,200
16,1,70392.40913654101,1.050904372433572,"6,72,146,65,95,11,69,24,12,42,108,13,132,125,55,37,26,96,148,134,66,81,43,54,105,67,113,128,8,106,53,52,117,119,92,124,50,35,59,18,83,63,5,131,16,19,76,110,31,142,75,79,56,137,86,114,118,101,144,46,45,85,71,112,60,23,34,98,88,40,91,104,9,30,32,126,136,103,21,22,111,135,3,143,94,73,10,145,28,77,44,36,33,47,41,58,61,39,109,121,139,133,49,62,20,57,90,7,120,68,99,97,14,87,147,140,80,122,4,25,64,17,129,74,123,51,70,127,130,48,2,89,100,93,78,15,115,27,102,38,84,141,138,107,29,116,82",20100,200
16,2,73040.33867275203,0.9921693403849969,"6,72,146,65,95,98,69,24,12,42,108,13,132,125,55,37,26,134,148,96,66,92,119,117,52,67,113,128,8,106,53,105,54,43,81,124,50,35,59,18,83,63,5,131,16,19,118,114,86,68,56,79,75,142,31,11,76,101,144,46,45,85,71,112,60,23,34,110,88,40,91,104,9,30,32,126,136,103,21,22,111,135,3,143,94,73,10,145,28,77,44,36,33,47,41,58,61,39,109,121,139,133,49,62,20,57,90,7,120,137,99,97,14,87,147,140,80,122,4,25,64,17,129,74,123,51,70,127,130,48,2,89,100,93,78,15,115,27,102,38,84,141,138,107,29,116,82",20100,200
16,3,71577.64764434636,1.0316976301223144,"6,72,146,24,95,69,11,65,12,42,108,13,132,125,55,37,26,134,148,96,66,92,119,117,52,67,113,128,8,106,53,105,54,43,81,124,50,35,59,18,83,63,5,131,16,19,76,98,31,142,75,79,56,68,86,114,118,101,144,46,45,85,71,112,60,23,34,110,88,40,91,126,32,30,9,104,136,103,21,22,111,3,143,135,73,94,10,145,28,77,44,36,33,47,41,58,61,39,109,121,139,133,49,62,20,57,90,7,120,137,99,97,14,87,147,140,80,122,4,25,64,17,129,74,123,51,70,127,130,48,2,89,100,93,78,15,115,27,102,38,84,141,138,107,29,116,82",20100,200
16,4,70002.20575977348,1.0883014288330233,"6,72,146,65,95,121,69,24,12,42,108,13,132,125,55,37,26,96,148,134,66,81,43,54,105,67,113,128,8,106,53,52,117,119,92,124,50,35,59,18,83,63,5,131,16,19,76,98,31,142,75,79,56,137,86,114,118,101,144,46,45,85,71,112,60,23,34,110,88,40,91,104,9,30,32,126,136,103,21,22,111,11,143,135,73,94,10,145,28,77,44,36,33,47,41,58,3,109,139,61,39,133,49,62,20,57,90,7,120,68,99,97,14,87,147,140,80,122,4,25,64,17,129,74,123,51,70,127,130,48,2,89,100,93,78,15,115,27,102,38,84,107,138,141,29,116,82",20100,200
16,5,69992.67144688194,1.1244554237496478,"6,72,146,65,95,11,69,24,12,42,108,13,132,125,55,37,26,134,148,96,66,81,43,54,105,67,113,128,8,106,53,52,117,119,92,124,50,35,59,18,83,63,5,131,16,19,76,110,31,142,75,79,56,137,86,114,118,101,144,46,45,85,71,112,60,23,34,98,88,40,91,104,9,30,32,126,136,103,21,22,111,3,143,135,73,94,10,145,28,77,44,36,33,47,41,58,61,39,109,121,139,133,49,62,20,57,90,7,120,68,99,97,14,87,147,74,80,122,4,25,64,17,129,140,123,51,70,127,130,48,2,89,100,93,78,15,115,27,102,38,84,107,138,141,29,116,82",20100,200
16,6,69568.07554155675,1.1421033228215387,"6,72,146,24,95,69,11,65,12,42,108,13,132,125,55,37,26,96,148,134,66,81,43,54,105,67,113,128,8,106,53,52,117,119,92,124,50,35,59,18,83,63,5,131,16,19,76,110,31,142,75,79,56,137,86,114,118,101,144,46,45,85,71,112,60,23,34,98,88,40,91,104,9,30,32,126,136,103,21,22,111,3,143,135,73,94,10,145,28,77,44,36,33,47,41,58,61,39,109,121,139,133,49,62,20,57,90,7,120,68,99,97,14,87,147,140,80,122,4,25,64,17,129,74,123,51,70,127,130,48,2,89,100,93,78,15,115,27,102,38,29,107,138,141,84,116,82",20100,200
17,0,72157.64206030406,0.9597833921976797,"79,77,12,10,145,110,18,87,100,102,92,34,75,58,48,119,130,113,80,97,3,106,116,74,115,33,146,56,57,62,93,83,6,26,50,88,29,25,64,72,20,49,136,118,125,114,43,41,117,54,127,126,7,120,32,82,11,108,140,105,67,94,98,40,24,42,148,101,133,46,103,53,13,68,61,95,143,17,2,138,141,15,84,111,134,31,131,16,121,27,38,66,91,132,44,35,78,96,139,60,28,122,39,70,142,21,5,128,51,52,73,135,71,81,65,23,45,76,107,137,104,30,14,37,147,90,109,99,47,112,69,9,144,129,89,63,19,86,36,124,123,55,8,22,85,59,4",20100,200
17,1,70993.43186561897,0.9799999215372391,"79,77,12,10,145,102,100,87,18,110,92,34,48,58,75,130,119,113,80,97,3,106,116,74,115,33,146,56,57,62,93,83,6,26,50,88,29,25,64,72,20,49,136,118,125,114,43,41,117,54,127,126,7,120,32,82,11,108,140,105,67,94,98,40,24,42,148,101,133,46,103,53,13,68,61,95,143,17,2,138,141,15,84,111,134,31,131,16,121,27,38,66,91,132,44,35,78,96,139,60,28,122,39,70,142,21,5,128,51,52,73,135,71,81,65,23,45,76,107,137,104,30,14,37,147,90,109,99,47,112,69,9,144,129,89,63,19,86,36,124,123,55,8,22,85,59,4",20100,200
17,2,70993.43186561897,0.9799999215372391,"79,77,12,10,145,102,100,87,18,110,92,34,48,58,75,130,119,113,80,97,3,106,116,74,115,33,146,56,57,62,93,83,6,26,50,88,29,25,64,72,20,49,136,118,125,114,43,41,117,120,7,126,127,54,32,82,11,108,140,105,67,94,98,40,24,42,148,101,133,46,103,53,13,68,61,95,143,17,2,138,141,15,84,111,134,31,131,16,121,27,38,66,91,132,44,35,78,96,139,60,28,122,39,70,142,21,5,128,51,52,73,135,71,81,65,23,45,76,107,137,104,30,14,37,147,90,109,99,47,112,69,9,144,129,89,63,19,86,36,124,123,55,8,22,85,59,4",20100,200
17,3,74771.10517784869,0.8515314019846456,"79,77,12,10,145,110,92,87,130,75,58,48,34,18,102,100,119,113,80,97,3,106,116,74,115,33,146,56,57,62,93,83,6,26,50,88,29,25,64,72,20,49,136,54,125,114,43,41,117,120,2,138,133,101,148,42,24,40,98,94,67,105,140,108,11,82,32,118,127,46,103,53,13,68,61,95,143,17,39,122,28,60,139,96,78,35,44,132,91,66,38,27,121,16,131,31,134,111,84,15,141,126,7,70,142,21,5,128,51,52,73,135,71,81,65,23,45,76,107,137,104,30,14,37,147,90,109,99,47,112,69,9,144,129,89,63,19,86,36,124,123,55,8,22,85,59,4",20100,200
17,4,72581.56407839095,0.9391317658688664,"79,77,12,10,145,110,92,87,130,75,58,48,34,18,102,100,119,113,80,97,3,106,116,74,115,33,146,56,57,62,93,83,6,26,50,88,29,25,64,72,20,49,136,118,125,114,43,41,117,120,7,126,127,54,143,82,11,108,140,105,67,94,98,40,24,42,148,101,133,46,103,53,13,68,32,95,61,17,39,122,28,60,139,96,78,35,44,132,91,66,38,27,121,16,131,31,134,111,84,15,141,138,2,70,52,21,5,128,51,142,73,135,71,81,65,23,45,76,107,137,104,30,14,37,147,90,109,99,47,112,69,9,144,129,89,63,19,86,36,124,123,55,8,22,85,59,4",20100,200
17,5,69679.00070624193,1.1460109173492123,"79,77,12,10,145,102,100,87,62,110,92,34,48,58,75,130,119,113,80,97,3,106,116,74,115,33,146,56,57,18,93,83,6,26,50,88,29,25,64,72,20,49,136,118,125,114,43,41,117,27,127,68,61,96,143,78,35,108,140,105,67,94,98,40,24,42,148,101,133,46,103,53,13,11,82,120,7,126,38,54,28,60,139,17,32,95,44,132,91,66,39,122,121,16,131,31,134,111,84,15,141,138,2,70,142,21,5,128,51,52,73,135,71,81,65,23,45,76,107,137,104,30,14,37,147,90,109,99,47,112,69,9,144,129,89,63,19,86,36,124,123,55,8,22,85,59,4",20100,200
17,6,69679.00070624193,1.1460109173492123,"79,77,12,10,145,102,100,87,62,110,92,34,48,58,75,130,119,113,80,97,3,106,116,74,115,33,146,56,57,18,93,83,6,26,50,88,29,25,64,72,20,49,136,118,125,114,43,41,117,27,127,68,61,96,143,78,35,108,140,105,67,94,98,40,24,42,148,101,133,46,103,53,13,11,82,120,7,126,38,54,28,60,139,17,32,95,44,132,91,66,39,122,121,16,131,31,134,111,84,15,141,138,2,70,142,21,5,128,51,52,73,135,71,81,65,23,45,76,107,137,104,30,14,37,147,90,109,99,47,112,69,9,144,129,89,63,19,86,36,124,8,55,123,22,85,59,4",20100,200
17,7,68948.00232847838,1.2444416982448965,"79,77,12,10,145,102,100,87,62,110,92,34,48,58,75,130,119,113,80,97,3,106,116,74,115,33,146,56,57,18,93,83,6,26,50,88,29,25,64,72,20,49,136,118,125,114,43,41,117,27,127,68,61,96,143,78,35,108,140,105,67,94,98,40,24,42,148,101,133,46,103,53,13,11,82,120,7,126,38,54,28,111,139,95,32,17,44,132,91,66,39,122,121,16,131,31,84,60,134,15,141,138,2,70,142,21,5,128,51,52,73,135,71,81,65,23,45,76,107,137,104,30,14,37,147,90,109,99,69,112,129,144,9,47,89,63,19,86,36,124,123,55,8,22,85,59,4",20100,200
17,8,69316.0574507046,1.2125195948031613,"79,77,12,10,145,102,100,87,62,110,92,34,48,58,75,130,119,113,80,97,3,106,116,74,115,33,146,56,57,18,93,83,6,26,50,88,29,25,64,72,20,49,136,118,125,114,43,41,117,27,127,68,61,96,143,78,35,108,140,105,67,94,98,40,24,42,148,101,133,46,103,53,13,11,82,120,7,126,38,54,28,111,139,95,32,17,44,132,91,66,39,122,121,16,131,31,84,60,134,15,141,138,2,70,52,21,5,128,51,142,73,135,71,81,65,23,45,76,107,137,104,30,14,37,147,90,109,99,47,112,69,9,144,129,89,63,19,86,36,124,8,55,123,22,85,59,4",20100,200
17,9,72665.55378854912,0.8964023098558792,"79,77,12,10,145,110,92,87,130,75,58,48,34,18,102,100,119,113,80,97,3,106,116,74,115,33,146,56,57,62,93,83,6,26,50,88,29,25,64,72,20,49,136,118,125,114,43,41,117,54,127,126,7,120,32,82,11,108,140,105,67,94,98,40,24,42,148,101,133,46,103,53,13,68,61,95,143,17,2,138,141,15,84,111,134,31,131,16,121,27,38,66,91,132,44,35,78,96,139,60,28,122,39,70,142,21,5,128,51,52,73,135,71,81,65,23,45,76,107,137,104,30,14,37,147,90,109,99,47,112,69,9,144,129,89,63,19,86,36,124,123,55,8,22,85,59,4",20100,200
17,10,69981.48442237129,1.0934779210665635,"79,77,12,10,145,102,100,87,18,110,92,34,75,58,48,119,130,113,80,97,3,106,116,74,115,33,146,56,57,62,93,83,6,26,50,88,29,25,64,72,20,49,136,118,125,114,43,41,117,27,127,68,61,96,143,78,35,108,140,105,67,94,98,40,24,42,148,101,133,46,103,53,13,11,82,120,7,126,38,54,28,60,139,95,32,17,44,132,91,66,39,122,121,16,131,31,134,111,84,15,141,138,2,70,52,21,5,128,51,142,73,135,71,81,65,23,45,76,107,137,104,30,14,37,147,90,109,99,47,112,69,9,144,129,89,63,19,86,36,124,8,55,123,22,85,59,4",20100,200
17,11,72665.55378854912,0.8964023098558792,"79,77,12,10,145,110,92,87,130,75,58,48,34,18,102,100,119,113,80,97,3,106,116,74,115,33,146,56,57,62,93,83,6,26,50,88,29,25,64,72,20,49,136,118,125,114,43,41,117,120,7,126,127,54,32,82,11,108,140,105,67,94,98,40,24,42,148,101,133,46,103,53,13,68,61,95,143,17,2,138,141,15,84,111,134,31,131,16,121,27,38,66,91,132,44,35,78,96,139,60,28,122,39,70,142,21,5,128,51,52,73,135,71,81,65,23,45,76,107,137,104,30,14,37,147,90,109,99,47,112,69,9,144,129,89,63,19,86,36,124,123,55,8,22,85,59,4",20100,200
17,12,70993.43186561897,0.9799999215372391,"79,77,12,10,145,102,100,87,18,110,92,34,48,58,75,130,119,113,80,97,3,106,116,74,115,33,146,56,57,62,93,83,6,26,50,88,29,25,64,72,20,49,136,118,125,114,43,41,117,54,127,126,7,120,32,82,11,108,140,105,67,94,98,40,24,42,148,101,133,46,103,53,13,68,61,95,143,17,2,138,141,15,84,111,134,31,131,16,121,27,38,66,91,132,44,35,78,96,139,60,28,122,39,70,142,21,5,128,51,52,73,135,71,81,65,23,45,76,107,137,104,30,14,37,147,90,109,99,47,112,69,9,144,129,89,63,19,86,36,124,8,55,123,22,85,59,4",20100,200
17,13,70521.6690684326,1.0192306994797666,"79,77,12,10,145,102,100,87,18,110,92,34,48,58,75,130,119,113,80,97,3,106,116,74,115,33,146,56,57,62,93,83,6,26,50,88,29,25,64,72,20,49,136,118,125,114,43,41,117,54,127,126,7,120,32,82,11,108,140,105,67,94,98,40,24,42,148,101,133,46,103,53,13,68,61,95,143,17,2,138,141,15,84,111,134,31,131,16,121,27,38,66,91,132,44,35,78,96,139,60,28,122,39,70,52,21,5,128,51,142,73,135,71,81,65,23,45,76,107,137,104,30,14,37,147,90,109,99,69,112,129,144,9,47,89,63,19,86,36,124,123,55,8,22,85,59,4",20100,200
17,14,69444.63693428913,1.162994715791131,"79,77,12,10,145,102,100,87,62,110,92,34,75,58,48,130,119,113,80,97,3,106,116,74,115,33,146,56,57,18,93,83,6,26,50,88,29,25,64,72,20,49,136,118,125,114,43,41,117,27,127,68,61,96,143,78,35,108,140,105,67,94,98,40,24,42,148,101,133,46,103,53,13,11,82,120,7,126,38,54,28,60,139,95,32,17,44,132,91,66,39,122,121,16,131,31,134,111,141,15,84,138,2,70,142,21,5,128,51,52,73,135,71,81,65,23,45,76,107,137,104,30,14,37,147,90,109,99,69,112,144,9,47,129,89,63,19,86,36,124,123,55,8,22,85,59,4",20100,200
17,15,70409.9211741192,1.0570064291720433,"79,77,12,10,145,75,130,87,18,110,92,34,48,58,102,100,119,113,80,97,3,106,116,74,115,33,146,56,57,62,93,83,6,26,50,88,29,25,64,72,20,49,136,118,125,114,43,41,117,54,127,126,7,120,32,82,11,108,140,105,67,94,98,40,24,42,148,101,133,46,103,53,13,68,61,95,143,17,39,122,28,60,139,96,78,35,91,132,44,66,38,27,121,16,131,31,134,111,84,15,141,138,2,70,142,21,5,128,51,52,73,135,71,81,65,23,45,76,107,137,104,30,14,37,147,90,109,99,69,112,129,144,9,47,89,63,19,86,36,124,123,55,8,22,85,59,4",20100,200
18,0,76567.43893183218,0.9509994742374992,"138,43,58,32,115,27,9,3,39,25,45,97,19,143,18,12,98,96,31,87,110,113,147,140,124,34,126,46,55,90,78,48,125,103,61,5,82,95,142,91,100,106,2,73,141,79,83,102,136,118,63,56,42,72,145,107,49,89,52,10,6,26,37,71,60,139,23,93,92,76,94,129,131,130,36,117,132,21,121,116,148,105,13,114,14,68,81,111,44,84,134,28,54,11,64,75,30,20,65,29,77,16,120,7,74,104,86,67,50,146,80,4,122,40,133,88,51,66,38,101,24,128,137,59,35,70,22,15,53,33,135,85,119,108,123,41,109,8,112,57,127,47,99,144,17,62,69",20100,200
18,1,74586.22345988796,1.0121264743103997,"138,68,58,32,126,134,9,3,39,25,45,97,19,143,18,12,98,96,31,88,110,113,147,140,124,34,142,46,55,105,78,48,125,103,61,5,82,95,54,91,100,106,2,73,141,79,83,102,136,118,63,56,42,115,145,107,49,89,52,10,6,26,37,71,60,139,23,93,92,76,94,16,77,29,65,20,87,59,64,133,122,40,4,80,146,50,67,86,72,27,28,75,30,119,35,43,14,114,13,116,148,90,121,21,132,117,111,44,84,129,137,128,24,104,11,130,51,66,38,101,74,7,120,131,81,70,22,15,99,33,135,85,36,108,123,41,109,8,112,57,127,47,53,144,17,62,69",20100,200
18,2,76054.38223727676,0.9718024490605074,"138,43,58,32,115,27,9,3,39,25,45,97,19,143,18,12,98,96,31,87,110,113,147,140,124,34,72,46,55,90,78,48,125,103,61,5,107,145,142,42,56,99,118,136,102,83,79,141,73,2,106,100,91,126,95,82,49,89,52,10,6,26,37,71,60,139,23,93,92,76,94,129,131,88,36,117,132,21,121,116,148,105,13,114,14,68,81,111,44,84,134,28,54,11,64,75,30,20,65,29,77,16,120,7,133,122,40,4,80,146,50,67,86,104,74,130,51,66,38,101,24,128,137,59,35,70,22,62,53,47,127,57,112,8,109,41,123,108,119,85,135,33,63,144,17,15,69",20100,200
18,3,73435.65238713521,1.050904372433572,"138,68,58,115,32,134,9,3,39,25,45,97,19,143,18,12,98,96,31,88,110,113,147,140,124,34,56,54,145,105,141,61,103,125,48,78,107,55,46,136,102,63,83,42,118,142,79,5,73,2,106,100,91,126,95,82,49,89,52,10,6,26,37,71,60,139,23,93,92,76,94,16,77,29,65,20,87,59,64,133,122,40,4,80,146,50,67,86,72,27,28,75,30,119,35,43,14,114,13,116,148,90,121,21,132,117,111,44,84,129,137,128,24,104,11,130,51,66,38,101,74,7,120,131,81,70,22,62,99,47,127,57,112,8,109,41,123,108,36,85,135,33,53,144,17,15,69",20100,200
18,4,75346.20652125079,0.9921693403849969,"138,43,58,32,115,27,9,3,39,25,45,143,19,97,18,12,98,96,31,87,110,113,147,140,124,34,72,46,55,90,78,48,125,103,61,5,107,145,142,42,56,63,118,136,102,83,79,141,73,2,106,100,91,126,95,82,49,89,52,10,6,26,37,71,60,139,23,93,92,76,94,129,131,130,36,117,132,21,121,116,148,105,13,114,14,68,81,111,44,84,134,28,54,11,64,75,30,20,65,29,77,16,120,7,74,104,86,67,50,146,80,4,122,40,133,88,51,66,38,101,24,128,137,59,35,70,22,15,53,33,135,85,119,108,123,41,109,8,112,57,127,47,99,144,17,62,69",20100,200
18,5,69663.45140081792,1.4368020044529448,"138,68,58,115,32,134,9,3,39,25,45,97,19,143,18,12,98,96,31,87,110,113,147,140,124,34,56,46,55,105,78,48,125,103,61,141,107,145,54,136,102,53,83,42,118,142,79,5,73,2,106,100,91,126,95,82,49,89,52,10,6,26,64,59,88,20,86,67,146,50,94,76,92,93,23,139,60,71,37,133,72,27,28,75,30,119,35,43,14,114,13,116,148,90,121,21,132,117,111,44,84,129,80,4,122,40,65,29,77,16,137,128,24,104,11,130,51,66,38,101,74,7,120,131,81,70,22,62,99,47,127,57,112,8,109,41,123,108,36,85,135,33,63,144,17,15,69",20100,200
18,6,71163.99639672255,1.1766052864066183,"138,68,58,32,115,134,9,3,39,25,45,97,19,143,18,12,98,96,31,60,110,113,147,140,124,34,142,46,55,105,78,48,125,103,61,5,107,145,54,136,102,53,83,42,118,56,79,141,73,2,106,100,91,126,95,82,49,89,52,10,6,26,64,59,88,20,65,29,77,16,94,76,92,93,23,139,87,71,37,133,72,27,28,75,30,119,35,43,14,114,13,116,148,90,121,21,132,117,111,44,84,129,80,4,122,40,86,67,146,50,137,128,24,104,11,130,51,66,38,101,74,7,120,131,81,70,22,62,99,47,127,57,112,108,123,41,109,8,36,85,135,33,63,144,17,15,69",20100,200
18,7,70132.47347001615,1.3944174410842687,"138,68,58,115,32,134,9,3,39,25,45,97,19,143,18,12,98,96,31,87,110,113,147,140,124,34,56,46,55,105,78,48,125,103,61,141,107,145,54,136,102,53,83,42,118,142,79,5,73,2,106,100,91,126,95,82,49,89,52,10,6,26,64,59,88,20,65,29,77,16,94,76,92,93,23,139,60,71,37,133,72,27,28,75,30,119,35,43,14,114,13,116,148,90,121,21,132,117,111,44,84,129,80,86,122,40,4,67,146,50,137,128,24,104,11,130,51,66,38,101,74,7,120,131,81,70,22,62,99,47,127,57,112,8,109,41,123,108,36,85,135,33,63,144,17,15,69",20100,200
18,8,73085.81522799327,1.0883014288330233,"138,68,58,32,126,134,9,3,39,25,45,97,19,143,18,12,98,96,31,88,110,113,147,140,124,34,142,46,55,105,78,48,125,103,61,5,82,95,54,91,100,106,2,73,141,79,83,102,136,118,63,56,42,115,145,107,49,89,52,10,6,26,64,71,60,139,86,67,146,50,94,76,92,93,23,20,87,59,37,133,72,27,28,75,30,119,35,43,14,114,13,116,148,90,121,21,132,117,111,44,84,129,80,4,122,40,65,29,77,16,137,128,24,104,11,130,51,66,38,101,74,7,120,131,81,70,22,15,99,33,135,85,36,108,123,41,109,8,112,57,127,47,53,144,17,62,69",20100,200
18,9,77097.8587408917,0.9079647570252933,"138,43,58,32,115,27,9,3,39,25,45,97,19,143,18,12,98,96,31,87,110,113,147,140,124,34,56,46,55,90,78,48,125,103,61,5,82,95,142,91,100,106,2,73,141,79,83,102,136,118,99,126,42,72,145,107,49,89,52,10,6,26,37,71,60,139,23,93,92,76,94,129,131,130,36,117,132,21,121,116,148,105,13,114,14,68,81,111,44,84,134,28,54,11,64,75,30,20,65,29,77,16,120,7,133,122,40,4,80,146,50,67,86,104,74,88,51,66,38,101,24,128,137,59,35,70,22,15,53,33,135,85,119,108,123,41,109,8,112,57,127,47,63,144,17,62,69",20100,200
18,10,71222.88687593634,1.1594826432508596,"138,68,58,32,115,134,9,3,39,25,45,97,19,143,18,12,98,96,31,87,110,113,147,140,124,34,56,54,145,105,141,61,103,125,48,78,107,55,46,136,102,63,83,42,118,142,79,5,73,2,106,100,91,126,95,82,49,89,52,10,6,26,64,59,88,20,65,29,77,16,94,76,92,93,23,139,60,71,37,133,72,27,28,75,30,119,35,43,14,114,13,116,148,90,121,21,132,117,111,44,84,129,80,4,122,40,86,67,146,50,137,128,24,104,11,130,51,66,38,101,74,7,120,131,81,53,47,127,57,112,8,109,41,123,108,36,85,135,33,99,15,22,70,144,17,62,69",20100,200
18,11,70427.53325679281,1.1934822998268553,"138,68,58,115,32,134,9,3,39,25,45,97,19,143,18,12,98,96,31,87,110,113,147,140,124,34,56,54,145,105,141,61,103,125,48,78,107,55,46,136,102,53,83,42,118,142,79,5,73,2,106,100,91,126,95,82,49,89,52,10,6,26,64,59,88,20,65,29,77,16,94,76,92,93,23,139,60,71,37,133,72,27,28,75,30,119,35,43,14,114,13,116,148,90,121,21,132,117,111,44,84,129,80,4,122,40,86,67,146,50,137,128,24,104,11,130,51,66,38,101,74,7,120,131,81,70,22,15,99,47,127,57,112,108,123,41,109,8,36,85,135,33,63,144,17,62,69",20100,200
18,12,72434.06599778529,1.1065260954898442,"138,68,58,115,32,134,9,3,39,25,45,97,19,143,18,12,98,96,31,60,110,113,147,140,124,34,142,46,55,105,78,48,125,103,61,5,107,145,54,136,102,53,83,42,118,56,79,141,73,2,106,100,91,126,95,82,49,89,52,10,6,26,37,71,88,139,23,93,92,76,94,16,77,29,65,20,87,59,64,133,72,27,28,75,30,119,35,43,14,114,4,80,146,50,67,86,122,40,13,116,148,90,121,21,132,117,111,44,84,129,137,128,24,104,11,130,51,66,38,101,74,7,120,131,81,70,22,15,99,47,127,57,112,108,123,41,109,8,36,85,135,33,63,144,17,62,69",20100,200
18,13,78629.3536004715,0.8856635930193811,"138,43,58,32,115,27,9,3,39,25,45,143,19,97,18,12,98,96,31,87,110,113,147,140,124,34,126,46,55,90,78,48,125,103,61,5,82,95,142,91,100,106,2,73,141,79,83,102,136,118,63,56,42,72,145,107,49,89,52,10,6,26,37,71,60,139,23,93,92,76,94,129,131,130,36,117,132,21,121,116,148,105,13,114,14,68,81,111,44,84,134,28,54,11,64,75,30,20,65,29,77,16,120,7,133,122,40,4,80,146,50,67,86,104,74,88,51,66,38,101,24,128,137,59,35,70,22,15,53,33,135,85,119,108,123,41,109,8,112,57,127,47,99,144,17,62,69",20100,200
19,0,78739.07920519816,1.2600995304360492,"99,118,54,10,29,102,132,115,16,92,8,41,5,90,93,146,17,134,12,32,56,106,136,147,86,23,103,72,127,116,75,94,111,105,11,133,110,119,43,123,37,45,143,61,128,88,98,30,79,81,113,50,97,65,148,25,48,47,95,71,18,35,39,142,144,70,42,6,129,22,76,40,107,68,141,84,137,104,7,3,135,96,51,57,13,139,140,55,62,131,49,2,4,117,20,52,19,78,73,34,145,21,101,53,59,121,114,14,80,69,27,64,138,108,87,44,15,58,28,66,91,124,74,130,112,82,126,120,36,83,33,26,109,9,38,46,122,60,125,24,31,63,100,67,77,85,89",20100,200
19,1,83072.64044465378,1.1065260954898442,"134,118,102,124,29,18,12,115,16,92,8,41,132,17,7,77,67,99,146,32,56,106,136,147,86,23,103,72,127,116,75,94,111,105,11,133,110,119,43,123,37,45,143,61,128,88,76,30,39,81,107,98,35,65,148,25,5,42,10,142,31,68,6,74,79,97,54,71,104,95,22,50,40,113,129,48,47,70,144,3,135,96,51,57,34,145,21,101,53,59,121,2,4,117,20,52,19,78,73,13,139,140,55,62,131,49,114,14,80,69,27,64,138,108,87,44,15,58,28,66,91,141,85,130,112,82,126,120,36,83,33,26,109,9,38,46,122,60,125,24,137,63,100,90,93,84,89",20100,200
19,2,75927.68141566064,1.4618038289894748,"134,67,54,20,29,52,12,115,16,92,8,41,5,17,132,77,118,99,147,32,56,86,90,136,106,23,103,72,127,116,75,94,111,105,11,133,110,119,43,123,37,45,143,61,128,88,98,30,79,81,113,50,97,65,148,25,48,47,95,71,18,35,39,142,7,104,137,84,141,68,107,40,76,22,129,6,42,70,144,3,135,96,51,57,64,27,69,80,14,114,49,131,62,55,146,139,13,73,78,10,2,60,46,4,102,121,59,117,101,21,145,34,138,108,87,44,15,58,28,66,91,53,74,130,112,82,126,120,36,83,33,26,109,9,38,31,122,124,125,24,85,63,100,140,93,19,89",20100,200
19,3,83763.53295778243,1.0697663296253066,"134,118,18,71,29,41,12,115,16,92,8,64,7,17,132,93,90,99,47,32,56,106,136,147,86,23,103,72,127,116,27,94,111,105,124,133,110,119,43,123,37,141,143,61,128,88,76,30,39,81,107,98,35,65,148,25,5,75,102,70,146,48,129,113,40,50,22,95,10,142,31,68,6,74,79,97,54,11,104,42,135,96,51,57,34,145,21,101,53,59,121,2,4,117,20,52,19,78,73,13,139,140,55,62,131,49,114,14,80,69,3,144,138,108,87,44,15,58,28,66,91,45,85,130,112,82,126,120,36,83,33,26,109,9,38,46,122,60,125,24,137,63,100,67,77,84,89",20100,200
19,4,74448.03694546004,1.6025738620943175,"134,118,54,20,29,52,12,115,16,92,8,41,132,17,5,77,67,99,140,78,56,106,136,147,86,23,103,72,127,116,27,94,111,105,11,133,110,119,43,123,37,45,143,61,128,88,98,30,79,81,74,50,97,65,148,25,48,47,95,71,18,35,39,142,7,104,137,84,124,68,107,40,76,22,129,6,42,70,144,3,135,96,51,57,64,75,69,80,14,114,49,131,62,55,146,139,10,32,73,13,2,60,46,4,102,121,59,117,101,21,145,34,138,108,87,44,15,58,28,66,91,53,113,130,112,82,126,120,36,83,33,26,109,9,38,31,122,141,125,24,85,63,100,90,93,19,89",20100,200
19,5,77195.23550901489,1.3059471219879775,"99,118,54,10,29,102,132,115,16,92,8,41,5,90,93,146,17,134,12,32,56,106,136,147,86,23,103,72,127,116,75,94,111,105,11,133,110,119,43,123,37,124,143,61,128,88,98,30,79,81,74,50,97,65,148,25,48,47,95,71,18,35,39,142,7,104,31,84,141,68,107,40,76,22,129,6,42,70,64,27,135,96,51,57,13,139,140,55,62,131,49,2,4,117,20,52,19,78,73,34,145,21,101,53,59,121,114,14,80,69,3,144,138,108,87,44,15,58,28,66,91,45,85,130,112,82,126,120,36,83,33,26,109,9,38,46,122,60,125,24,137,63,100,67,77,113,89",20100,200
19,6,80473.42806070508,1.128771605068569,"134,13,4,145,12,53,49,70,25,92,106,41,132,17,5,77,55,147,146,32,56,46,73,99,86,23,103,72,127,116,75,94,111,105,11,133,110,119,43,123,37,45,143,61,128,88,98,30,79,81,74,50,97,65,148,16,48,47,95,71,18,35,39,142,7,104,137,84,141,68,107,76,40,85,8,6,114,138,64,27,69,80,14,108,34,10,21,101,100,59,121,129,140,112,109,26,19,78,136,29,52,135,96,51,118,57,3,54,117,20,2,144,115,42,87,44,15,58,28,66,91,124,113,130,67,82,126,120,36,83,33,139,62,9,38,131,122,60,125,24,31,63,102,90,93,22,89",20100,200
19,7,70954.35629977108,2.1868183637908793,"78,108,4,145,12,53,142,39,35,18,71,95,42,5,127,124,94,21,81,102,99,20,27,50,86,23,48,72,116,136,75,65,15,119,43,19,47,74,59,66,57,10,143,111,128,88,98,73,46,56,32,146,147,67,77,103,17,132,41,106,92,25,70,49,7,61,121,84,141,68,107,40,76,69,52,6,87,133,109,148,79,117,125,28,96,144,85,105,45,80,110,44,97,22,123,129,54,134,16,13,30,26,2,112,135,101,118,104,8,115,31,64,138,29,34,37,140,89,3,14,91,11,113,130,55,82,126,120,36,83,33,63,137,24,51,60,122,139,38,9,62,131,100,90,93,114,58",20100,200
19,8,73291.80324646055,1.8327841207125555,"134,118,54,20,29,96,12,115,16,92,8,41,132,17,5,77,67,99,69,78,56,106,136,147,86,23,103,72,127,116,27,94,111,105,11,133,110,119,43,123,37,45,143,61,128,88,98,30,79,81,85,50,97,65,148,25,48,47,95,71,18,35,39,142,7,104,137,84,141,68,107,40,76,22,129,6,42,70,64,3,135,52,51,57,13,139,140,55,62,131,49,114,14,80,146,75,144,73,32,10,2,60,46,4,102,121,59,117,101,21,145,34,138,108,87,44,15,58,28,66,91,53,113,130,112,82,126,120,36,83,33,26,109,9,38,31,122,124,125,24,74,63,100,90,93,19,89",20100,200
19,9,80429.08976391116,1.1821840684079756,"104,13,54,10,29,12,146,115,16,92,8,41,5,17,132,77,55,99,42,32,56,86,108,136,106,23,103,72,127,116,75,94,111,105,11,133,110,119,43,123,37,45,143,61,128,88,98,30,79,81,74,50,97,65,148,25,48,47,95,71,18,35,39,142,7,134,31,84,141,68,107,109,112,140,129,6,100,70,64,27,135,96,51,57,34,145,21,101,53,147,118,46,22,76,40,26,19,78,73,49,52,69,80,14,59,121,3,4,117,20,2,144,138,114,87,44,15,58,28,66,91,124,113,130,67,82,126,120,36,83,33,131,62,9,38,139,122,60,125,24,137,63,102,90,93,85,89",20100,200
19,10,78784.39511045892,1.1962391406015407,"99,118,54,10,29,102,132,115,16,92,8,41,5,90,93,146,17,134,12,32,56,106,136,147,86,23,103,72,127,116,75,94,111,105,11,133,110,119,43,123,37,45,143,61,128,88,98,91,79,81,113,50,97,65,148,25,48,47,95,71,18,35,39,142,144,70,42,6,129,22,76,40,107,68,141,84,137,104,7,3,135,96,51,57,13,139,140,55,62,131,49,2,4,117,20,52,19,78,73,34,145,21,101,53,59,121,114,14,80,69,27,64,138,108,87,44,15,58,28,66,30,124,74,130,112,82,126,120,36,83,33,26,109,9,38,46,122,60,125,24,85,63,100,67,77,31,89",20100,200
19,11,75778.15835914605,1.5015050760060116,"134,118,54,20,29,96,12,115,16,92,8,41,132,17,5,77,67,99,140,78,56,106,136,147,86,23,103,72,127,116,75,94,111,105,11,133,110,119,43,123,37,45,143,61,128,88,98,30,79,81,74,50,97,65,148,25,48,47,95,71,18,35,39,142,7,104,137,84,141,68,107,40,76,22,129,6,42,70,46,4,102,121,59,117,101,21,145,34,57,51,52,135,3,144,60,2,10,32,73,13,139,146,55,62,131,49,114,14,80,69,27,64,138,108,87,44,15,58,28,66,91,53,113,130,112,82,126,120,36,83,33,26,109,9,38,31,122,124,125,24,85,63,100,90,93,19,89",20100,200
19,12,73793.65324747111,1.6268602755052188,"134,118,54,20,29,52,12,115,16,92,8,41,132,17,5,77,67,99,140,78,56,106,136,147,86,23,103,72,127,116,27,94,111,105,124,133,110,119,43,123,37,45,143,61,128,88,98,30,79,81,74,50,97,65,148,25,48,47,95,71,18,35,39,142,7,104,137,84,11,68,107,40,76,22,129,6,42,70,144,3,135,96,51,57,64,75,69,80,14,114,49,131,62,55,146,139,10,32,73,13,2,60,46,4,102,121,59,117,101,21,145,34,138,108,87,44,15,58,28,66,91,53,113,130,112,82,126,120,36,83,33,26,109,9,38,31,122,141,125,24,85,63,100,90,93,19,89",20100,200
19,13,77510.97978726699,1.2755651739051446,"99,118,54,10,29,102,132,115,16,92,8,41,5,90,93,146,17,134,12,32,56,106,136,147,86,23,103,72,127,116,75,94,111,105,11,133,110,119,43,123,37,45,143,61,128,88,98,30,79,81,74,50,97,65,148,25,48,47,95,71,18,35,39,142,7,104,137,84,141,68,107,40,76,22,129,6,42,70,64,27,135,96,51,57,13,139,140,55,62,131,49,2,4,117,20,52,19,78,73,34,145,21,101,53,59,121,114,14,80,69,3,144,138,108,87,44,15,58,28,66,91,124,113,130,112,82,126,120,36,83,33,26,109,9,38,46,122,60,125,24,31,63,100,67,77,85,89",20100,200
19,14,74787.59048657578,1.5273993799333683,"134,118,54,20,29,52,12,115,16,92,8,41,132,17,5,77,67,99,140,78,56,106,136,147,86,23,103,72,127,116,27,94,111,105,11,133,110,119,43,123,37,45,143,61,128,88,98,30,79,81,74,50,97,65,148,25,48,47,95,71,18,35,39,142,7,104,137,84,141,68,107,40,76,22,129,6,42,70,46,4,102,121,59,117,101,21,69,80,14,114,49,131,62,55,146,139,10,32,73,13,2,60,144,3,135,96,51,57,64,75,145,34,138,108,87,44,15,58,28,66,91,53,113,130,112,82,126,120,36,83,33,26,109,9,38,31,122,124,125,24,85,63,100,90,93,19,89",20100,200
19,15,71815.94759449901,2.078613984046715,"78,108,4,145,12,11,142,39,35,18,71,95,42,5,127,124,94,21,81,102,99,20,27,50,86,23,48,72,116,136,75,65,140,119,43,19,47,74,59,14,57,10,143,111,128,88,98,73,46,56,32,146,147,67,77,103,17,132,41,106,92,25,70,49,7,61,121,84,141,68,107,40,76,69,52,6,87,133,109,148,79,117,125,3,96,144,85,105,45,80,110,44,97,22,123,129,54,134,16,13,30,26,2,112,135,101,118,104,8,115,31,64,138,29,34,37,15,58,28,66,91,53,113,130,55,82,126,120,36,83,33,63,137,24,51,60,122,139,38,9,62,131,100,90,93,114,89",20100,200
19,16,76776.90202535712,1.3646833444161033,"99,118,54,10,29,102,132,115,16,92,8,41,5,90,77,146,17,134,12,32,56,106,136,147,86,23,103,72,127,116,75,94,111,105,11,133,110,119,43,123,37,45,143,61,128,88,98,30,79,81,74,50,97,65,148,25,48,47,95,71,18,35,39,142,64,70,42,6,129,22,76,40,107,68,141,84,137,104,7,27,135,96,51,57,13,139,140,55,62,131,49,2,4,117,20,52,19,78,73,34,145,21,101,53,59,121,114,14,80,69,3,144,138,108,87,44,15,58,28,66,91,124,113,130,112,82,126,120,36,83,33,46,109,9,38,26,122,60,125,24,31,63,100,67,93,85,89",20100,200
19,17,83723.31736062371,1.0883014288330233,"134,118,18,71,29,41,12,115,16,92,8,64,7,17,132,93,90,99,47,32,56,106,136,147,86,23,103,72,127,116,27,94,111,105,11,133,110,119,43,123,37,45,143,61,128,88,98,30,39,81,107,76,35,65,148,25,5,75,102,70,146,48,129,113,40,50,22,95,10,142,31,68,6,74,79,97,54,124,104,42,135,96,51,57,34,145,21,101,53,59,121,2,4,117,20,52,19,78,73,13,139,140,55,62,131,49,114,14,80,69,3,144,138,108,87,44,15,58,28,66,91,141,85,130,112,82,126,120,36,83,33,26,109,9,38,46,122,60,125,24,137,63,100,67,77,84,89",20100,200
20,0,69291.66137602153,1.5973119061234682,"76,141,108,71,128,75,20,68,67,34,28,48,123,133,132,115,82,22,95,70,41,35,146,37,100,86,8,53,49,117,39,80,107,24,124,50,92,145,16,56,3,88,60,26,89,4,21,43,90,54,45,74,144,19,119,58,101,13,38,99,42,79,52,77,59,14,55,69,31,97,137,36,112,64,120,102,91,142,84,143,106,136,110,33,11,5,46,65,12,122,113,127,15,78,83,81,7,121,109,30,134,129,85,72,6,114,140,131,66,32,73,63,18,23,93,148,2,25,47,111,130,147,135,87,138,105,44,40,17,9,139,116,126,61,10,103,118,62,104,27,125,51,57,96,29,94,98",20100,200
20,1,69269.01605219126,1.6093063300395378,"76,141,108,71,128,75,20,68,67,34,28,48,123,133,132,115,82,22,95,70,41,35,146,37,100,86,8,53,49,117,39,80,107,24,124,50,92,145,16,56,3,88,60,26,89,4,21,43,90,54,45,74,144,19,119,58,101,13,38,99,42,79,52,77,59,14,55,69,31,97,137,36,112,64,120,102,131,142,84,143,106,136,110,33,11,5,46,65,12,122,113,127,15,78,83,81,7,121,109,30,134,129,85,72,6,114,140,91,66,32,73,63,18,23,93,148,2,25,47,111,130,147,135,87,138,105,44,40,17,9,139,116,126,61,10,103,118,62,104,27,125,51,57,96,29,94,98",20100,200
20,2,70504.34847904892,1.179734035803241,"76,141,108,71,128,75,20,68,67,34,28,48,123,133,132,115,82,22,95,70,41,35,146,37,100,86,8,53,49,117,39,80,107,24,124,50,92,145,16,56,3,88,60,26,89,4,21,43,14,59,137,97,38,99,42,79,52,77,58,119,19,144,74,45,54,90,55,69,31,13,101,36,112,64,120,102,91,142,84,143,106,136,110,33,11,5,46,65,12,122,113,127,15,78,83,81,7,121,109,30,134,6,72,85,129,114,140,131,66,32,73,63,18,23,93,148,2,25,47,111,130,147,135,87,138,105,44,40,17,9,139,116,126,61,10,103,118,62,104,27,125,51,57,96,29,94,98",20100,200
20,3,70504.34847904892,1.179734035803241,"76,141,108,71,128,75,20,68,67,34,28,48,123,133,132,115,82,22,95,70,41,35,146,37,100,86,8,53,49,117,39,80,107,24,124,50,92,145,16,56,3,88,60,26,89,4,21,43,14,59,137,97,38,99,42,79,52,77,58,119,19,144,74,45,54,90,55,69,31,13,101,36,112,64,120,102,91,142,84,143,106,136,110,33,11,5,46,65,12,122,113,127,15,78,83,81,7,121,109,30,134,129,85,72,6,114,140,131,66,32,73,63,18,23,93,148,2,25,47,111,130,147,135,87,138,105,44,40,17,9,139,116,126,61,10,103,118,62,104,27,125,51,57,96,29,94,98",20100,200
20,4,72958.97130536762,1.0753968000629088,"124,50,92,24,53,49,117,39,80,107,75,20,68,67,34,28,48,123,133,132,115,82,22,95,70,41,35,146,37,100,86,8,128,71,108,141,76,145,16,56,26,60,88,3,89,4,21,43,14,59,137,97,38,99,42,79,52,77,58,119,19,144,74,45,54,90,69,55,31,13,101,36,112,102,120,64,131,142,84,143,106,136,110,33,11,5,46,78,15,127,113,122,12,65,83,81,7,121,109,30,134,129,85,72,6,93,23,18,63,73,32,66,91,140,114,148,2,25,47,111,130,147,135,87,138,105,44,40,17,9,139,116,126,61,10,103,118,62,104,27,125,51,57,96,29,94,98",20100,200
20,5,74676.1923213215,1.0192306994797666,"76,141,108,71,128,67,86,24,37,146,35,70,41,75,22,123,115,132,133,82,48,28,126,8,68,20,100,107,34,39,117,49,53,95,92,50,124,145,16,56,3,88,60,26,89,4,21,43,14,59,137,97,38,99,42,79,52,77,58,119,19,144,74,45,54,90,55,69,31,13,101,36,112,102,120,64,131,142,84,143,106,136,110,33,11,5,46,78,15,127,113,122,65,12,83,81,7,121,109,30,134,129,85,72,6,93,23,18,63,73,32,66,91,140,114,148,2,25,47,111,130,147,135,87,138,105,44,40,17,9,139,116,80,61,10,103,118,62,104,27,125,51,57,96,29,94,98",20100,200
20,6,70891.5125404684,1.1460109173492123,"76,141,108,71,128,68,20,75,67,34,28,48,123,133,132,115,82,22,95,70,41,35,146,37,100,86,8,53,49,117,39,80,107,24,124,50,92,145,16,56,3,88,60,26,89,4,21,43,14,59,137,97,38,99,42,79,52,77,58,119,19,144,74,45,54,90,55,69,31,13,101,36,112,64,120,102,91,142,84,143,106,136,110,33,11,5,46,65,15,127,113,122,12,78,83,81,7,121,109,30,134,6,72,85,129,114,140,131,66,32,73,63,18,23,93,148,2,25,47,111,130,147,135,87,138,105,44,40,17,9,139,116,126,61,10,103,118,62,104,27,125,51,57,96,29,94,98",20100,200
20,7,73775.73614363387,1.0382903760685276,"124,50,92,24,53,49,117,39,126,107,75,20,68,67,34,28,48,123,133,132,115,82,22,95,70,41,35,146,37,100,86,8,128,71,108,141,76,145,16,56,26,60,88,3,89,4,21,43,14,59,137,97,38,99,42,79,52,77,58,119,19,144,74,45,54,90,69,55,31,13,101,36,112,102,120,64,131,142,84,143,106,136,110,33,11,5,46,78,15,127,113,122,12,65,83,81,7,121,109,30,134,129,85,72,6,93,23,18,63,73,32,66,91,140,114,148,2,25,47,111,130,147,135,87,138,105,44,40,17,9,139,116,80,61,10,103,118,62,104,27,125,51,57,96,29,94,98",20100,200
20,8,69702.30570483772,1.5484053641077433,"76,141,108,71,128,75,20,68,67,34,28,48,123,133,132,115,82,22,95,70,41,35,146,37,100,86,8,53,49,117,39,80,107,24,124,50,92,145,16,56,3,88,60,26,89,4,21,43,90,54,13,101,38,119,19,144,74,45,58,99,42,79,52,77,59,14,55,69,31,97,137,36,112,64,120,102,91,142,84,143,106,136,110,33,11,5,46,78,15,127,113,122,65,12,83,81,7,121,109,30,134,6,72,85,129,114,140,131,66,32,73,63,18,23,93,148,2,25,47,111,130,147,135,87,138,105,44,40,17,9,139,116,126,61,10,103,118,62,104,27,125,51,57,96,29,94,98",20100,200
20,9,75112.44555669681,0.9998077477632912,"76,141,108,71,128,67,86,24,37,146,35,70,41,75,22,123,115,132,133,82,48,28,126,8,68,20,100,107,80,39,117,49,53,95,124,50,92,145,16,56,26,60,88,3,89,4,21,43,14,59,137,97,38,99,42,79,52,77,58,119,19,144,74,45,54,90,69,55,31,13,101,36,112,102,120,64,131,142,84,143,106,136,110,33,11,5,46,78,15,127,113,122,12,65,83,81,7,121,109,30,134,129,85,72,6,93,23,18,63,73,32,66,91,140,114,148,2,25,47,111,130,147,135,87,138,105,44,40,17,9,139,116,34,61,10,103,118,62,104,27,125,51,57,96,29,94,98",20100,200
20,10,71259.25924294398,1.128771605068569,"76,141,108,71,128,75,20,68,67,34,28,48,123,133,132,115,82,22,95,70,41,35,146,37,100,86,8,53,49,117,39,80,107,24,124,50,92,145,16,56,26,60,88,3,89,4,21,43,14,59,137,97,38,99,42,79,52,77,58,119,19,144,74,45,54,90,55,69,31,13,101,36,112,64,120,102,91,142,84,143,106,136,110,33,11,5,46,65,15,127,113,122,12,78,83,81,7,121,109,30,134,129,85,72,6,114,140,131,66,32,73,63,18,23,93,148,2,25,47,111,130,147,135,87,138,105,44,40,17,9,139,116,126,61,10,103,118,62,104,27,125,51,57,96,29,94,98",20100,200
20,11,73424.79074724755,1.0570064291720433,"76,141,108,71,128,8,86,100,37,146,35,41,70,95,22,82,115,132,133,123,48,28,34,67,68,20,75,107,126,39,117,49,53,24,92,50,124,145,16,56,3,88,60,26,89,4,21,43,14,59,137,97,38,99,42,79,52,77,58,119,19,144,74,45,54,90,55,69,31,13,101,36,112,102,120,64,131,142,84,143,106,136,110,33,11,5,46,78,15,127,113,122,12,65,83,81,7,121,109,30,134,129,85,72,6,93,23,18,63,73,32,66,91,140,114,148,2,25,47,111,130,147,135,87,138,105,44,40,17,9,139,116,80,61,10,103,118,62,104,27,125,51,57,96,29,94,98",20100,200
20,12,69291.66137602153,1.5973119061234682,"76,141,108,71,128,68,20,75,67,34,28,41,70,95,22,82,115,132,133,123,48,35,146,37,100,86,8,53,49,117,39,80,107,24,124,50,92,145,16,56,3,88,60,26,89,4,21,43,90,54,45,74,144,19,119,58,101,13,38,99,42,79,52,77,59,14,55,69,31,97,137,36,112,64,120,102,91,142,84,143,106,136,110,33,11,5,46,65,12,122,113,127,15,78,83,81,7,121,109,30,134,6,72,85,129,114,140,131,66,32,73,63,18,23,93,148,2,25,47,111,130,147,135,87,138,105,44,40,17,9,139,116,126,61,10,103,118,62,104,27,125,51,57,96,29,94,98",20100,200
20,13,72147.48343563017,1.0934779210665635,"76,141,108,71,128,75,20,68,67,34,28,48,123,133,132,115,82,22,95,70,41,35,146,37,100,86,8,53,49,117,39,80,107,24,124,50,92,145,16,56,3,88,60,26,89,4,21,43,14,59,137,97,38,99,42,79,52,77,58,119,19,144,74,45,54,90,55,69,31,13,101,36,112,102,120,64,131,142,84,143,106,136,110,33,11,5,46,78,15,127,113,122,12,65,83,81,7,121,109,30,134,129,85,72,6,93,23,18,63,73,32,66,91,140,114,148,2,25,47,111,130,147,135,87,138,105,44,40,17,9,139,116,126,61,10,103,118,62,104,27,125,51,57,96,29,94,98",20100,200
21,0,67794.85031586347,1.518025032731674,"131,17,88,148,39,64,54,5,99,24,33,114,110,141,46,145,13,103,9,63,86,108,129,36,78,76,123,40,127,69,91,4,82,120,95,142,134,2,146,67,6,60,128,93,98,90,35,14,43,45,59,94,92,125,65,105,66,84,19,138,55,15,58,7,136,38,116,21,8,140,68,139,29,109,12,71,89,62,52,124,137,37,97,34,80,135,53,57,32,101,77,144,18,100,121,126,41,75,83,113,87,115,104,117,51,61,48,107,130,74,11,10,133,3,119,73,72,26,30,28,112,85,70,22,56,106,132,118,50,81,25,16,27,47,147,143,42,79,20,122,102,49,96,23,44,31,111",20100,200
21,1,67961.72046727332,1.4914422550001727,"131,99,5,148,39,64,88,54,17,24,33,114,110,141,46,145,13,103,9,63,86,108,129,36,78,76,123,40,127,69,91,4,82,120,95,142,134,2,146,67,6,60,128,93,98,90,35,14,43,45,59,94,92,125,65,105,66,84,19,138,55,15,58,7,136,38,116,21,8,140,68,139,29,109,12,71,89,62,52,124,137,37,97,34,80,135,53,57,32,101,77,144,18,100,121,126,41,75,83,113,87,115,104,117,51,61,48,107,130,74,11,10,133,3,119,73,72,26,30,28,112,85,70,22,56,106,132,118,50,81,25,16,27,47,147,143,42,79,20,122,102,49,96,23,44,31,111",20100,200
21,2,69559.84179869297,1.1244554237496478,"131,99,88,148,39,64,5,54,17,24,114,110,33,141,46,145,13,103,9,63,86,108,129,36,78,28,123,40,127,69,91,4,82,120,95,142,134,93,128,60,6,67,146,2,98,90,35,14,43,45,59,94,92,125,65,105,66,84,19,138,15,55,58,7,136,38,116,21,8,140,68,139,29,109,12,71,89,62,83,75,41,135,80,34,97,37,53,50,118,132,106,56,22,70,85,112,137,124,52,113,87,115,104,117,51,61,48,107,130,74,11,10,133,3,119,73,72,26,30,76,126,121,100,18,144,77,101,32,57,81,25,16,27,47,147,143,42,79,20,122,102,49,96,23,44,31,111",20100,200
21,3,70331.60660886018,1.0316976301223144,"131,99,5,148,39,64,88,54,17,24,114,110,33,141,46,145,13,103,9,63,86,108,129,36,78,28,123,40,127,69,91,4,82,57,67,146,2,134,142,95,120,60,128,93,98,90,35,14,43,45,59,94,92,125,65,105,66,84,19,138,55,15,58,7,136,38,116,21,8,140,68,139,29,109,12,71,89,62,83,75,41,135,97,34,80,37,53,50,118,132,106,56,22,70,85,112,137,124,52,113,87,115,104,117,51,61,48,107,130,74,11,10,133,3,119,73,72,26,30,76,126,121,100,18,144,77,101,32,6,81,25,16,27,47,147,143,42,79,20,122,102,49,96,23,44,31,111",20100,200
21,4,68400.26158942768,1.1594826432508596,"131,99,5,88,64,39,148,54,17,24,114,110,33,141,46,145,13,103,9,63,86,108,129,36,78,28,123,40,127,69,136,7,58,15,55,138,19,84,66,105,65,125,92,94,59,45,43,14,35,90,98,93,128,60,6,67,146,2,134,142,95,120,82,4,91,38,116,21,8,140,68,139,29,109,12,71,89,62,83,75,41,135,97,34,80,37,53,57,32,101,77,144,18,100,121,126,76,30,26,72,73,119,3,133,81,50,118,132,106,56,22,70,85,112,137,124,52,113,47,27,16,25,10,11,74,130,107,48,61,51,117,104,115,87,147,143,42,79,20,122,102,49,96,23,44,31,111",20100,200
21,5,68859.002311288,1.1421033228215387,"131,99,5,148,39,64,88,54,17,24,114,110,33,141,46,145,13,103,9,63,86,108,129,36,78,28,123,40,127,69,136,7,58,15,55,138,19,84,66,105,65,125,92,94,59,45,43,14,35,90,98,93,128,60,6,67,146,2,134,142,95,120,82,4,91,38,116,21,8,140,68,139,29,109,12,71,89,62,83,75,41,135,97,34,80,37,53,50,118,132,106,56,22,70,121,126,137,124,52,113,87,115,104,117,51,61,48,107,130,74,11,10,133,3,119,73,72,26,30,76,112,85,100,18,144,143,147,47,27,16,25,81,57,32,101,77,42,79,20,122,102,49,96,23,44,31,111",20100,200
21,6,73657.44759611125,0.9718024490605074,"131,99,88,5,39,64,148,54,17,24,33,114,110,141,46,145,13,103,86,63,9,108,129,36,78,28,4,91,32,127,123,40,82,57,67,146,2,134,142,95,120,60,128,93,98,90,35,14,43,45,59,94,92,125,65,105,66,84,19,138,15,55,58,7,136,38,116,21,8,140,68,139,29,109,12,71,89,62,83,75,41,135,80,34,97,37,53,50,118,132,112,85,70,22,56,106,137,124,52,113,87,115,104,117,51,61,48,107,130,74,11,73,119,3,133,10,72,26,30,76,126,121,100,18,144,77,101,6,69,81,25,16,27,47,147,143,42,79,20,122,102,49,96,23,44,31,111",20100,200
21,7,68118.86649341632,1.2427389106324787,"131,99,5,88,64,39,148,54,17,24,114,110,33,141,46,145,13,103,9,63,86,108,129,36,78,76,123,40,127,69,136,7,58,15,55,138,19,84,66,105,65,125,92,94,59,45,43,14,35,90,98,93,128,60,6,95,142,134,2,146,67,120,82,91,4,38,116,21,8,140,68,139,29,109,12,71,89,62,83,75,41,135,97,34,80,37,53,57,32,101,77,144,18,100,121,126,137,118,132,106,56,22,70,85,112,28,30,26,72,73,119,3,133,10,11,74,130,107,113,87,51,61,48,115,117,104,52,124,50,81,25,16,27,47,147,143,42,79,20,122,102,49,96,23,44,31,111",20100,200
21,8,70750.29717399416,1.0121264743103997,"131,99,88,5,39,64,148,54,17,24,114,110,33,141,46,145,13,103,9,63,86,108,129,36,78,28,4,91,69,127,123,40,82,6,67,146,2,134,142,95,120,60,128,93,98,90,35,14,43,45,59,94,92,125,65,105,66,84,19,138,55,15,58,7,136,38,116,21,8,140,68,139,29,109,12,71,89,62,83,75,41,135,97,34,80,37,53,50,118,132,106,56,22,70,85,112,137,124,52,113,87,115,104,117,51,61,48,107,130,74,11,10,133,3,119,73,72,26,30,76,126,121,100,18,144,77,101,32,57,81,25,16,27,47,147,143,42,79,20,122,102,49,96,23,44,31,111",20100,200
21,9,68400.26158942768,1.1594826432508596,"131,99,5,148,39,64,88,54,17,24,114,110,33,141,46,145,13,103,9,63,86,108,129,36,78,28,123,40,127,69,136,7,58,15,55,138,19,84,66,105,65,125,92,94,59,45,43,14,35,90,98,93,128,60,6,67,146,2,134,142,95,120,82,4,91,38,116,21,8,140,68,139,29,109,12,71,89,62,83,75,41,135,97,34,80,37,53,57,32,101,77,144,18,100,121,126,76,30,26,72,73,119,3,133,81,50,118,132,106,56,22,70,85,112,137,124,52,113,47,27,16,25,10,11,74,130,107,48,61,51,117,104,115,87,147,143,42,79,20,122,102,49,96,23,44,31,111",20100,200
21,10,70817.05047711638,0.9921693403849969,"131,99,88,148,39,64,5,54,17,24,114,110,33,141,46,145,13,103,9,63,86,108,129,36,78,28,123,40,127,69,91,4,82,57,67,146,2,134,142,95,120,60,128,93,98,90,35,14,43,45,59,94,92,125,65,105,66,84,19,138,55,15,58,7,136,38,116,21,8,140,68,139,29,109,12,71,89,62,83,75,41,135,97,34,80,37,53,50,118,132,106,56,22,70,85,112,137,124,52,113,87,73,119,3,133,10,11,107,130,74,48,61,51,117,104,115,72,26,30,76,126,121,100,18,144,77,101,32,6,81,25,16,27,47,147,143,42,79,20,122,102,49,96,23,44,31,111",20100,200
21,11,70082.97941103445,1.050904372433572,"131,99,5,88,64,39,148,54,17,24,114,110,33,141,46,145,13,103,9,63,86,108,129,36,78,28,123,40,127,69,91,4,82,57,67,146,2,134,142,95,120,60,128,93,98,90,35,14,43,45,59,94,92,125,65,105,66,84,19,138,55,15,58,7,136,38,116,21,8,140,68,139,29,109,12,71,89,62,83,75,41,135,97,34,80,37,53,6,32,101,77,144,18,100,121,126,137,118,132,106,56,22,70,133,81,50,30,26,72,73,119,3,85,112,76,124,52,113,47,27,16,25,10,11,74,130,107,48,61,51,117,104,115,87,147,143,42,79,20,122,102,49,96,23,44,31,111",20100,200
22,0,70148.64498989846,1.5035706495015397,"4,75,13,139,26,5,130,111,137,127,81,121,66,38,25,39,6,98,116,101,92,140,14,108,43,48,45,135,42,68,90,55,21,41,105,37,83,35,69,82,103,56,71,107,67,80,146,57,102,15,126,142,148,125,20,47,54,51,120,136,117,113,97,29,17,53,60,12,49,91,118,85,123,31,72,33,50,87,93,59,131,110,19,86,84,78,106,9,32,122,44,112,28,40,62,99,8,58,18,138,11,36,23,52,46,61,95,10,73,128,76,143,114,119,70,96,65,133,129,79,145,16,22,77,74,7,132,109,94,124,27,104,134,2,64,115,89,24,3,63,147,34,88,141,144,100,30",20100,200
22,1,72971.66352566423,1.258729518204765,"4,75,13,139,26,5,130,111,137,127,81,121,66,38,25,39,6,98,116,101,92,140,14,108,43,48,45,36,11,138,18,55,21,41,126,15,144,57,146,44,122,32,71,107,67,80,112,28,40,62,99,142,148,125,20,47,54,51,120,136,117,113,97,29,17,53,60,12,49,91,118,85,123,31,72,33,50,87,93,59,131,102,19,86,94,134,141,64,56,103,82,69,35,83,37,106,8,58,90,68,42,135,23,52,46,10,95,61,73,128,76,143,114,119,70,96,65,133,129,79,145,16,104,109,132,7,74,77,22,27,124,84,78,105,89,115,9,24,3,63,147,34,88,2,110,100,30",20100,200
22,2,70160.6514715879,1.3153373913732258,"4,75,13,139,26,5,130,111,137,127,81,121,66,38,25,39,6,98,116,101,92,140,14,108,43,48,45,135,131,68,90,55,21,78,105,24,83,35,69,82,103,56,71,107,67,80,146,57,102,15,126,142,148,125,20,47,54,51,120,136,117,113,97,29,17,53,60,12,49,91,118,85,123,31,72,33,50,87,93,59,84,110,19,86,42,41,106,9,32,122,44,112,28,40,62,99,8,58,18,138,11,36,23,52,46,61,95,10,73,128,76,143,114,119,70,96,65,133,129,79,145,16,22,77,74,7,132,109,94,124,27,104,134,2,64,115,89,37,3,63,147,34,88,141,144,100,30",20100,200
22,3,70130.31880842887,1.7159254063041318,"4,75,13,139,26,5,130,111,137,127,81,121,66,38,25,39,6,98,116,101,92,140,14,108,43,48,45,135,94,68,90,55,21,78,105,24,83,35,69,82,103,56,71,107,67,80,146,57,102,15,126,142,148,125,20,47,54,51,120,136,117,113,97,29,17,53,60,12,49,91,118,85,123,31,72,33,50,87,93,59,131,110,19,86,84,41,106,9,32,122,44,28,112,40,62,99,8,58,18,138,11,36,23,52,46,10,95,61,73,128,76,143,114,119,70,96,65,133,129,79,145,16,22,77,74,7,132,109,42,124,27,104,134,2,64,115,63,37,3,89,147,34,88,141,144,100,30",20100,200
22,4,69937.49432320861,1.8396738841436,"4,75,13,139,26,5,130,111,137,127,81,121,66,38,25,39,6,98,116,101,92,140,14,108,43,48,45,135,42,68,90,55,21,41,58,24,83,35,69,82,103,56,71,107,67,80,146,57,102,15,126,142,148,125,20,47,54,51,120,136,117,113,97,29,17,53,60,12,49,91,118,85,123,31,72,33,50,87,93,59,131,110,19,86,84,78,106,9,32,122,44,28,112,40,62,99,8,105,18,138,11,36,23,52,46,10,95,61,73,128,76,143,114,119,70,96,65,133,129,79,145,16,22,77,74,7,132,109,94,124,27,104,134,2,64,115,89,37,3,63,147,34,88,141,144,100,30",20100,200
22,5,70155.07198252832,1.3760006392683732,"4,75,13,139,26,5,130,111,137,127,81,121,66,38,25,39,6,98,116,101,92,140,14,108,43,48,45,135,131,68,90,55,21,78,105,24,83,35,69,82,103,56,71,107,67,80,146,57,102,15,126,142,148,125,20,47,54,51,120,136,117,113,97,29,17,53,60,12,49,91,118,85,123,31,72,33,50,87,93,59,42,110,19,86,84,41,106,9,32,122,44,112,28,40,62,99,8,58,18,138,11,36,23,52,46,10,95,61,73,128,76,143,114,119,70,96,65,133,129,79,145,16,22,77,74,7,132,109,94,124,27,104,134,2,64,115,89,37,3,63,147,34,88,141,144,100,30",20100,200
22,6,70740.90879358172,1.2997292512727068,"4,75,13,64,2,134,104,27,124,84,109,132,7,74,77,22,16,145,79,129,133,65,96,70,119,114,143,76,128,68,90,55,21,78,105,24,83,35,69,82,103,56,71,107,67,80,146,57,102,15,126,142,148,125,20,47,54,51,120,136,117,113,97,29,17,53,60,12,49,91,118,85,123,31,72,33,50,87,93,59,131,110,19,86,42,41,106,9,32,122,44,112,28,40,62,99,8,58,18,138,11,36,37,52,46,10,95,61,73,94,135,45,48,43,108,14,140,92,101,116,98,6,39,25,38,66,121,81,127,137,111,130,5,26,139,115,89,23,3,63,147,34,88,141,144,100,30",20100,200
23,0,71418.70720780658,1.2745195173083856,"29,4,128,126,74,63,80,78,83,85,43,36,93,10,25,2,3,91,16,104,116,113,6,90,12,51,81,101,142,69,19,26,111,30,148,39,98,46,60,115,38,27,89,49,54,124,71,114,8,75,118,147,129,107,40,21,82,102,145,146,18,45,137,144,87,138,48,73,56,120,109,62,15,100,96,121,65,61,32,14,133,31,130,68,53,117,127,84,13,7,58,20,9,135,99,139,103,44,37,35,119,110,94,88,57,64,136,140,97,72,50,123,22,5,59,24,42,95,77,67,70,131,143,47,92,125,132,134,79,66,41,34,105,122,141,106,55,11,33,86,76,108,17,52,112,23,28",20100,200
23,1,70207.84886654081,1.4618038289894748,"29,4,128,126,74,63,80,78,83,85,43,36,93,10,25,2,3,32,16,27,89,96,100,15,62,109,120,56,73,123,138,87,144,137,45,18,146,145,102,82,21,40,107,129,147,118,75,8,114,71,124,54,49,121,65,38,115,116,30,148,39,98,46,60,6,19,69,142,101,81,127,117,90,104,91,26,111,61,113,14,133,31,130,68,53,12,51,84,13,7,58,20,9,135,99,139,103,44,37,35,119,110,94,88,57,64,136,140,97,72,50,48,22,5,59,24,42,95,77,67,70,106,143,47,92,125,132,134,79,66,41,34,86,122,141,131,55,11,33,105,76,108,17,52,112,23,28",20100,200
23,2,76728.64078814953,1.0439668883184587,"29,4,128,126,74,63,80,78,83,85,43,36,93,10,25,2,3,32,61,65,121,96,100,15,62,109,120,56,73,123,138,87,144,137,45,18,146,145,102,82,21,40,107,129,147,118,101,81,127,117,90,104,91,60,115,38,75,19,124,54,49,89,24,8,6,142,69,148,30,116,114,71,39,98,46,26,111,16,113,14,133,31,130,68,53,12,51,84,13,7,58,20,9,135,99,139,103,44,37,35,119,110,141,88,140,50,72,59,22,66,64,57,136,41,131,77,70,95,48,67,5,106,143,47,92,125,132,134,79,97,42,34,105,122,94,27,33,11,55,86,76,108,17,52,112,23,28",20100,200
23,3,72231.04709278427,1.179734035803241,"29,4,128,126,74,63,80,78,83,85,43,36,93,10,25,2,3,32,61,65,121,96,100,15,62,109,120,56,48,73,138,87,144,137,45,18,146,145,102,82,21,40,107,129,147,118,101,81,8,6,19,117,90,104,91,26,148,39,98,46,60,115,38,111,30,116,114,71,69,127,75,142,124,54,49,89,27,16,113,14,37,35,44,68,53,12,51,84,13,7,58,20,9,135,99,139,103,130,31,133,136,110,97,88,140,50,141,59,22,72,64,57,119,41,131,77,70,95,106,5,67,123,143,47,92,125,132,134,79,66,42,34,105,122,94,24,55,11,33,86,76,108,17,52,112,23,28",20100,200
23,4,75983.98897396449,1.0622280368954984,"29,4,128,126,74,63,80,78,83,85,43,36,93,10,25,2,3,32,61,65,62,15,100,96,121,109,120,56,73,48,138,87,144,137,45,18,146,145,102,82,21,40,107,129,147,118,101,81,127,117,90,104,91,60,115,38,75,19,124,54,49,89,24,8,6,142,69,148,30,116,114,71,39,98,46,26,111,16,113,14,133,31,130,68,53,12,51,84,13,7,58,20,9,135,99,139,103,44,37,35,119,110,141,88,140,50,72,59,22,66,64,57,136,41,131,77,70,95,123,67,5,106,143,47,92,125,132,134,79,97,42,34,105,122,94,27,55,11,33,86,76,108,17,52,112,23,28",20100,200
23,5,75983.98897396449,1.0622280368954984,"29,4,128,126,74,63,80,78,83,85,43,36,93,10,25,2,3,32,61,65,121,96,100,15,62,109,120,56,73,48,138,87,144,137,45,18,146,145,102,82,21,40,107,129,147,118,101,81,127,117,90,104,91,60,115,38,75,19,124,54,49,89,24,8,6,142,69,148,30,116,114,71,39,98,46,26,111,16,113,14,133,31,130,68,53,12,51,84,13,7,58,20,9,135,99,139,103,44,37,35,119,110,141,88,140,50,72,59,22,66,64,57,136,41,131,77,70,95,123,67,5,106,143,47,92,125,132,134,79,97,42,34,105,122,94,27,55,11,33,86,76,108,17,52,112,23,28",20100,200
23,6,72231.04709278427,1.179734035803241,"29,4,128,126,74,63,80,78,83,85,43,36,93,10,25,2,3,32,61,65,62,15,100,96,121,109,120,56,73,48,138,87,144,137,45,18,146,145,102,82,21,40,107,129,147,118,101,81,8,6,19,117,90,104,91,26,148,39,98,46,60,115,38,111,30,116,114,71,69,127,75,142,124,54,49,89,27,16,113,14,37,35,44,68,53,12,51,84,13,7,58,20,9,135,99,139,103,130,31,133,136,110,97,88,140,50,141,59,22,72,64,57,119,41,131,77,70,95,106,5,67,123,143,47,92,125,132,134,79,66,42,34,105,122,94,24,55,11,33,86,76,108,17,52,112,23,28",20100,200
23,7,72231.04709278427,1.179734035803241,"29,4,128,126,74,63,80,78,83,85,43,36,93,10,25,2,3,32,61,65,62,15,100,96,121,109,120,56,48,73,138,87,144,137,45,18,146,145,102,82,21,40,107,129,147,118,101,81,8,6,19,117,90,104,91,26,148,39,98,46,60,115,38,111,30,116,114,71,69,127,75,142,124,54,49,89,27,16,113,14,37,35,44,68,53,12,51,84,13,7,58,20,9,135,99,139,103,130,31,133,136,110,97,88,140,50,141,59,22,72,64,57,119,41,131,77,70,95,106,5,67,123,143,47,92,125,132,134,79,66,42,34,105,122,94,24,55,11,33,86,76,108,17,52,112,23,28",20100,200
23,8,71787.59864507227,1.1962391406015407,"29,4,128,126,74,63,80,78,83,85,43,36,93,10,25,2,3,32,61,65,62,15,100,96,121,109,120,56,48,73,138,87,144,137,45,18,146,145,102,82,21,40,107,129,147,118,75,8,114,71,124,54,49,26,111,38,115,60,46,98,39,148,30,116,6,142,69,19,101,81,127,117,90,104,91,89,27,16,113,14,37,35,44,68,53,12,51,84,13,7,58,20,9,135,99,139,103,130,31,133,136,110,97,88,140,50,141,59,22,72,64,57,119,41,131,77,70,95,106,5,67,123,143,47,92,125,132,134,79,66,42,34,105,122,94,24,55,11,33,86,76,108,17,52,112,23,28",20100,200
23,9,72654.21900773275,1.1460109173492123,"29,4,128,126,74,63,80,78,83,85,43,36,93,10,25,2,3,32,61,65,62,15,100,96,121,109,120,56,48,73,138,87,144,137,45,18,146,145,102,82,21,40,107,129,147,118,101,81,8,6,19,117,90,104,91,26,148,39,98,46,60,115,38,111,30,116,114,71,69,127,75,142,124,54,49,89,27,16,113,14,37,35,44,68,53,12,51,84,13,7,58,20,9,135,99,139,103,130,31,133,136,110,97,88,140,50,141,59,22,66,64,57,119,41,131,77,70,95,106,5,67,123,143,47,92,125,132,134,79,72,42,34,105,122,94,24,55,11,33,86,76,108,17,52,112,23,28",20100,200
23,10,71427.90255894003,1.2101239605924676,"29,4,128,126,74,63,80,78,83,85,43,36,93,10,25,2,3,113,16,27,62,15,100,96,89,109,120,56,73,123,138,87,144,137,45,18,146,145,102,82,21,40,107,129,147,118,75,8,114,71,124,54,49,26,111,38,115,60,46,98,39,148,30,116,6,142,69,19,101,81,127,117,90,104,91,121,65,61,32,14,133,31,130,68,53,12,51,84,13,7,58,20,9,135,99,139,103,44,37,35,119,110,94,88,57,64,136,140,97,72,50,48,22,5,59,24,42,95,77,67,70,106,143,47,92,125,132,134,79,66,41,34,86,122,141,131,55,11,33,105,76,108,17,52,112,23,28",20100,200
23,11,73114.0213343002,1.0883014288330233,"29,4,128,126,74,63,80,78,83,85,43,36,93,10,25,2,21,82,102,145,146,18,45,137,144,87,138,123,73,56,120,109,62,15,100,96,121,65,61,32,3,40,107,129,147,118,81,101,8,6,19,117,90,104,91,26,111,38,115,60,46,98,39,148,30,116,114,71,69,127,75,142,124,54,49,89,27,16,113,14,37,35,44,68,53,12,51,84,13,7,58,20,9,135,99,139,103,130,31,133,136,110,97,88,140,50,141,59,22,66,64,57,119,41,131,77,70,95,48,67,5,106,143,47,92,125,132,134,79,72,42,34,105,122,94,24,55,11,33,86,76,108,17,52,112,23,28",20100,200
23,12,72426.54721813678,1.162994715791131,"29,4,128,126,74,63,80,78,83,85,43,36,93,10,25,2,3,32,61,65,62,15,100,96,121,109,120,56,48,73,138,87,144,137,45,18,146,145,102,82,21,40,107,129,147,118,75,8,114,71,124,54,49,26,111,38,115,60,46,98,39,148,30,116,6,142,69,19,101,81,127,117,90,104,91,89,27,16,113,14,35,37,44,68,53,12,51,84,13,7,58,20,9,135,99,139,103,130,31,133,136,110,97,88,140,50,141,59,22,66,64,57,119,41,131,77,70,95,106,5,67,123,143,47,92,125,132,134,79,72,42,34,105,122,94,24,55,11,33,86,76,108,17,52,112,23,28",20100,200
23,13,75476.96203383655,1.0753968000629088,"29,4,128,126,74,63,80,78,83,85,43,36,93,10,25,2,3,32,61,65,121,96,100,15,62,109,120,56,73,123,138,87,144,137,45,18,146,145,102,82,21,40,107,129,147,19,101,81,8,118,24,117,90,104,91,26,111,38,115,60,46,98,39,148,30,116,114,71,69,127,75,142,124,54,49,89,27,16,113,14,35,37,44,68,53,12,51,84,13,7,58,20,9,135,99,139,103,130,31,133,136,110,97,88,140,50,141,59,22,66,64,57,119,41,131,77,70,95,48,67,5,106,143,47,92,125,132,134,79,72,42,34,105,122,94,6,55,11,33,86,76,108,17,52,112,23,28",20100,200
23,14,70986.11678367699,1.2755651739051446,"29,4,128,126,74,63,80,78,83,85,43,36,93,10,25,2,3,32,61,65,121,96,100,15,62,109,120,56,73,48,138,87,144,137,45,18,146,145,102,82,21,40,107,129,147,118,75,8,114,71,124,54,49,89,27,38,115,60,46,98,39,148,30,111,26,142,69,19,101,81,51,12,90,104,91,6,116,16,113,14,35,37,44,68,53,117,127,84,13,7,58,20,9,135,99,139,103,130,31,133,136,110,97,88,140,50,141,59,22,72,64,57,119,41,131,77,70,95,106,5,67,123,143,47,92,125,132,134,79,66,42,34,105,122,94,24,55,11,33,86,76,108,17,52,112,23,28",20100,200
23,15,72231.04709278427,1.179734035803241,"29,4,128,126,74,63,80,78,83,85,43,36,93,10,25,2,3,32,61,65,121,96,100,15,62,109,120,56,73,48,138,87,144,137,45,18,146,145,102,82,21,40,107,129,147,118,101,81,8,6,19,117,90,104,91,26,148,39,98,46,60,115,38,111,30,116,114,71,69,127,75,142,124,54,49,89,27,16,113,14,37,35,44,68,53,12,51,84,13,7,58,20,9,135,99,139,103,130,31,133,136,110,97,88,140,50,141,59,22,72,64,57,119,41,131,77,70,95,106,5,67,123,143,47,92,125,132,134,79,66,42,34,105,122,94,24,55,11,33,86,76,108,17,52,112,23,28",20100,200
23,16,70266.29866672144,1.4347261278373895,"29,4,128,74,126,63,80,78,83,85,43,36,93,10,25,2,3,32,16,27,89,96,100,15,62,109,120,56,73,123,138,87,144,137,45,18,146,145,102,82,21,40,107,129,147,118,75,8,114,71,124,54,49,121,65,38,115,116,30,148,39,98,46,60,6,19,69,142,101,81,127,117,90,104,91,26,111,61,113,14,133,31,130,68,53,12,51,84,13,7,58,20,9,135,99,139,103,44,37,35,119,110,94,88,57,64,136,140,97,72,50,48,22,5,59,24,42,95,77,67,70,106,143,47,92,125,132,134,79,66,41,34,105,122,141,131,55,11,33,86,76,108,17,52,112,23,28",20100,200
23,17,72654.21900773275,1.1460109173492123,"29,4,128,126,74,63,80,78,83,85,43,36,93,10,25,2,3,32,61,65,121,96,100,15,62,109,120,56,73,48,138,87,144,137,45,18,146,145,102,82,21,40,107,129,147,118,101,81,8,6,19,117,90,104,91,26,148,39,98,46,60,115,38,111,30,116,114,71,69,127,75,142,124,54,49,89,27,16,113,14,37,35,44,68,53,12,51,84,13,7,58,20,9,135,99,139,103,130,31,133,136,110,97,88,140,50,141,59,22,66,64,57,119,41,131,77,70,95,106,5,67,123,143,47,92,125,132,134,79,72,42,34,105,122,94,24,55,11,33,86,76,108,17,52,112,23,28",20100,200
23,18,75983.98897396449,1.0622280368954984,"29,4,128,126,74,63,80,78,83,85,43,36,93,10,25,2,3,32,61,65,62,15,100,96,121,109,120,56,48,73,138,87,144,137,45,18,146,145,102,82,21,40,107,129,147,118,101,81,127,117,90,104,91,60,115,38,75,19,124,54,49,89,24,8,6,142,69,148,30,116,114,71,39,98,46,26,111,16,113,14,133,31,130,68,53,12,51,84,13,7,58,20,9,135,99,139,103,44,37,35,119,110,141,88,140,50,72,59,22,66,64,57,136,41,131,77,70,95,123,67,5,106,143,47,92,125,132,134,79,97,42,34,105,122,94,27,55,11,33,86,76,108,17,52,112,23,28",20100,200
24,0,75725.94673725437,1.0978394597070835,"79,42,68,100,31,77,140,123,138,107,74,54,24,90,88,148,134,111,16,132,121,32,40,85,14,67,5,82,89,108,145,124,129,69,39,20,49,46,27,126,83,45,117,71,137,146,70,57,51,26,113,130,128,34,56,122,78,96,86,84,60,125,47,8,28,127,11,143,93,147,80,92,63,43,99,15,19,23,13,36,18,30,64,52,10,22,87,91,81,7,105,50,58,21,65,114,72,25,48,94,101,102,116,35,73,59,41,55,17,109,106,98,142,44,110,104,9,6,12,144,141,118,33,120,53,4,95,62,38,133,135,3,112,97,29,139,103,61,136,131,75,66,37,76,119,115,2",20100,200
24,1,71379.14734939777,1.391409612608441,"79,42,68,100,31,77,140,123,138,107,74,54,24,90,88,148,134,111,16,132,121,32,38,85,14,67,5,82,89,108,145,128,130,69,19,20,49,46,27,126,83,45,117,71,137,146,70,57,51,26,113,129,124,34,56,23,78,15,99,8,28,125,86,43,80,92,63,147,93,143,11,127,60,84,47,96,39,122,13,36,18,30,64,52,10,22,87,91,81,7,105,50,58,21,65,114,72,25,48,94,101,102,116,35,73,59,41,55,17,109,106,98,142,44,110,104,9,6,12,144,141,118,33,120,53,4,95,62,97,133,135,3,112,40,29,139,103,61,136,131,75,66,37,76,119,115,2",20100,200
24,2,71379.14734939777,1.391409612608441,"79,42,68,100,31,77,140,123,138,107,134,148,88,90,24,54,74,111,16,132,121,32,38,85,14,67,5,82,89,108,145,128,130,69,19,20,49,46,27,126,83,45,117,71,137,146,70,57,51,26,113,129,124,34,56,23,78,15,99,8,28,125,86,43,80,92,63,147,93,143,11,127,60,84,47,96,39,122,13,36,18,30,64,52,10,22,87,91,81,7,105,50,58,21,65,114,72,25,48,94,101,102,116,35,73,59,41,55,17,109,106,98,142,44,110,104,9,6,12,144,141,118,33,120,53,4,95,62,97,133,135,3,112,40,29,139,103,61,136,131,75,66,37,76,119,115,2",20100,200
24,3,74231.99639563166,1.1152188205690752,"79,42,68,100,31,77,140,123,138,107,74,54,24,90,88,148,134,111,16,132,121,32,40,85,14,67,5,82,89,97,34,128,130,69,19,20,49,46,27,126,83,45,117,71,137,146,70,57,51,26,113,129,124,145,108,122,78,96,86,84,28,15,99,8,60,127,11,147,93,143,63,92,80,43,47,125,39,23,13,36,18,30,64,52,10,22,87,91,81,7,105,50,58,21,65,114,72,25,48,94,101,102,116,35,73,59,41,55,17,109,106,98,142,44,110,104,9,6,12,144,141,118,33,120,53,4,95,62,38,133,135,3,112,56,29,139,103,61,136,131,75,66,37,76,119,115,2",20100,200
24,4,73822.95062512695,1.179734035803241,"79,42,77,31,100,68,140,123,138,107,74,54,24,90,88,148,134,111,16,132,121,32,40,85,14,67,5,82,89,56,34,128,130,69,19,20,49,46,27,126,83,45,117,71,137,146,70,57,51,26,113,129,124,145,108,13,23,28,125,47,43,63,92,80,147,93,143,11,127,60,8,99,15,39,84,86,96,78,122,36,18,30,64,52,10,22,87,91,81,7,105,50,58,21,65,114,72,25,48,94,101,102,116,35,73,59,41,55,17,109,106,98,142,44,110,104,9,6,12,144,141,118,33,120,53,4,95,62,38,133,135,3,112,97,29,139,103,61,136,131,75,66,37,76,119,115,2",20100,200
24,5,73157.41867182482,1.1821840684079756,"79,42,68,100,31,77,140,123,138,107,74,54,24,90,88,148,134,111,16,132,121,32,38,85,14,67,5,82,89,97,34,128,130,69,19,20,49,46,27,126,83,45,117,71,137,146,70,57,51,26,113,129,124,145,108,122,78,96,86,84,28,15,99,8,60,127,11,147,93,143,63,92,80,43,47,125,39,23,13,36,18,30,64,52,10,22,87,91,81,7,105,50,58,21,65,114,72,25,48,94,101,102,116,35,73,59,41,55,17,109,106,98,142,44,110,104,9,6,12,144,141,118,33,120,53,4,95,62,56,133,135,3,112,40,29,139,103,61,136,131,75,66,37,76,119,115,2",20100,200
24,6,72620.92802579846,1.2444416982448965,"79,42,68,100,31,77,140,123,138,107,74,54,24,90,88,148,134,111,16,132,121,32,40,85,14,67,5,82,89,108,145,128,130,69,19,20,49,46,27,126,83,45,117,71,137,146,70,57,51,26,113,129,124,34,97,23,78,15,99,8,28,125,86,43,80,92,63,147,93,143,11,127,60,84,47,96,39,122,13,36,22,10,52,64,30,18,87,91,81,7,105,50,58,21,65,114,72,25,48,94,101,102,116,35,73,59,41,55,17,109,106,98,142,44,110,104,9,6,12,144,141,118,33,120,53,4,95,62,38,133,135,3,112,56,29,139,103,61,136,131,75,66,37,76,119,115,2",20100,200
24,7,72764.38919217663,1.214282606529761,"79,42,68,100,31,77,140,123,138,107,74,54,24,90,88,148,134,111,16,132,121,32,38,85,14,67,5,82,89,108,145,128,130,69,19,20,49,46,27,126,83,45,117,71,137,146,70,57,51,26,113,129,124,34,97,122,78,96,86,84,28,15,99,8,60,127,11,147,93,143,63,92,80,43,47,125,39,23,13,36,18,30,64,52,10,22,87,91,81,7,105,50,58,21,65,114,72,25,48,94,101,102,116,35,73,59,41,55,17,109,106,98,142,44,110,104,9,6,12,144,141,118,33,120,53,4,95,62,56,133,135,3,112,40,29,139,103,61,136,131,75,66,37,76,119,115,2",20100,200
24,8,71001.36716669089,1.4322727831819562,"79,42,68,100,31,77,140,123,138,107,74,54,24,90,88,148,134,111,16,132,121,32,38,85,14,67,5,82,89,108,145,128,130,69,19,20,49,46,27,126,83,45,117,71,137,146,70,57,51,26,113,129,124,34,97,23,78,15,99,8,28,125,86,43,80,92,63,147,93,143,11,127,60,84,47,96,39,122,13,36,18,30,64,52,10,22,87,91,81,7,73,35,116,102,101,94,48,25,72,114,65,21,58,50,105,59,41,55,17,109,106,98,142,44,110,104,9,6,12,144,141,118,33,120,53,4,95,62,40,133,135,3,112,56,29,139,103,61,136,131,75,66,37,76,119,115,2",20100,200
24,9,72354.42227571679,1.290845536520219,"79,42,68,100,31,77,140,123,138,107,134,148,88,90,24,54,74,111,16,132,121,32,38,85,14,67,5,82,89,97,34,128,130,69,19,20,49,46,27,126,83,45,117,71,137,146,70,57,51,26,113,129,124,145,108,13,23,28,125,47,43,63,92,80,147,93,143,11,127,60,8,99,15,39,84,86,96,78,122,36,18,30,64,52,10,22,87,91,81,7,105,50,58,21,65,114,72,25,48,94,101,102,116,35,73,59,41,55,17,109,106,98,142,44,110,104,9,6,12,144,141,118,33,120,53,4,95,62,40,133,135,3,112,56,29,139,103,61,136,131,75,66,37,76,119,115,2",20100,200
24,10,79996.77761940038,0.9871586744392769,"79,42,68,100,31,43,51,57,70,107,134,148,147,90,24,99,15,111,16,132,121,32,38,85,14,67,5,82,89,108,145,124,129,113,39,20,49,46,27,126,83,45,117,71,137,146,63,92,80,26,69,130,128,34,97,122,84,86,96,78,60,127,11,143,93,125,47,8,28,88,140,123,138,77,13,36,18,52,64,30,10,19,54,74,23,22,87,91,81,7,105,50,58,21,65,114,72,25,48,94,101,102,116,35,73,59,41,55,17,109,106,98,142,44,110,104,9,6,12,144,141,118,33,120,53,4,95,62,56,133,135,3,112,40,29,139,103,61,136,131,75,66,37,76,119,115,2",20100,200
24,11,79683.94515142936,1.0064510852407327,"79,42,68,100,31,43,51,57,70,107,15,99,24,90,147,148,134,111,16,132,121,32,38,85,14,67,5,82,89,108,145,124,129,113,39,20,49,46,27,126,83,45,117,71,137,146,63,92,80,26,69,130,128,34,56,122,84,86,96,78,60,127,11,143,93,125,47,8,28,88,140,123,138,77,13,36,18,52,64,30,10,19,54,74,23,22,87,91,81,7,105,50,58,21,65,114,72,25,48,94,101,102,116,35,73,59,41,55,17,109,106,98,142,44,110,104,9,6,12,144,141,118,33,120,53,4,95,62,97,133,135,3,112,40,29,139,103,61,136,131,75,66,37,76,119,115,2",20100,200
24,12,71754.34204932941,1.3059471219879775,"79,42,68,100,31,77,140,123,138,107,74,54,24,90,88,148,134,111,16,132,121,32,56,85,14,67,5,82,89,108,145,128,130,69,19,20,49,46,27,126,83,45,117,71,137,146,70,57,51,26,113,129,124,34,97,23,78,15,99,8,28,125,86,43,80,92,63,147,93,143,11,127,60,84,47,96,39,122,13,36,22,10,52,64,30,18,87,91,81,7,105,50,58,21,65,114,72,25,48,94,101,102,116,35,73,59,41,55,17,109,106,98,142,44,110,104,9,6,12,144,141,118,33,120,53,4,95,62,38,133,135,3,112,40,29,139,103,61,136,131,75,66,37,76,119,115,2",20100,200
24,13,79364.47514777686,1.0439668883184587,"79,42,68,100,31,43,51,57,70,107,15,99,24,90,147,148,134,111,16,132,121,32,40,85,14,67,5,82,89,108,145,124,129,113,39,20,49,46,27,126,83,45,117,71,137,146,63,92,80,26,69,130,128,34,56,122,84,86,96,78,60,127,11,143,93,125,47,8,28,88,140,123,138,77,13,36,18,52,64,30,10,19,54,74,23,22,87,91,81,7,105,50,58,21,65,114,72,25,48,94,101,102,116,35,73,59,41,55,17,109,106,98,142,44,110,104,9,6,12,144,141,118,33,120,53,4,95,62,38,133,135,3,112,97,29,139,103,61,136,131,75,66,37,76,119,115,2",20100,200
24,14,72473.00038040409,1.2608992282911926,"79,42,68,100,31,77,140,123,138,107,134,148,88,90,24,54,74,111,16,132,121,32,38,85,14,67,5,82,89,108,145,128,130,69,19,20,49,46,126,27,83,45,117,71,137,146,70,57,51,26,113,129,124,34,97,122,78,96,86,84,28,15,99,8,60,127,11,147,93,143,63,92,80,43,47,125,39,23,13,36,18,30,64,52,10,22,87,91,81,7,65,21,58,50,105,114,72,25,48,94,101,102,116,35,73,59,41,55,17,109,106,98,142,44,110,104,9,6,12,144,141,118,33,120,53,4,95,62,40,133,135,3,112,56,29,139,103,61,136,131,75,66,37,76,119,115,2",20100,200
24,15,71001.36716669089,1.4322727831819562,"79,42,68,100,31,77,140,123,138,107,134,148,88,90,24,54,74,111,16,132,121,32,38,85,14,67,5,82,89,108,145,128,130,69,19,20,49,46,27,126,83,45,117,71,137,146,70,57,51,26,113,129,124,34,97,23,78,15,99,8,28,125,86,43,80,92,63,147,93,143,11,127,60,84,47,96,39,122,13,36,18,30,64,52,10,22,87,91,81,7,73,35,116,102,101,94,48,25,72,114,65,21,58,50,105,59,41,55,17,109,106,98,142,44,110,104,9,6,12,144,141,118,33,120,53,4,95,62,40,133,135,3,112,56,29,139,103,61,136,131,75,66,37,76,119,115,2",20100,200
24,16,73824.4213260395,1.1491893206406663,"79,42,68,100,31,77,140,123,138,107,134,148,88,90,24,54,74,111,16,132,121,32,40,85,14,67,5,82,89,108,145,128,130,69,19,20,49,46,27,126,83,45,117,71,137,146,70,57,51,26,113,129,124,34,56,122,78,96,86,84,28,15,99,8,60,127,11,147,93,143,63,92,80,43,47,125,39,10,13,36,18,30,64,52,23,22,87,91,81,7,105,50,58,21,65,114,72,25,48,94,101,102,116,35,73,59,41,55,17,109,106,98,142,44,110,104,9,6,12,144,141,118,33,120,53,4,95,62,38,133,135,3,112,97,29,139,103,61,136,131,75,66,37,76,119,115,2",20100,200
24,17,75983.2187411661,1.0622280368954984,"79,42,68,100,31,77,140,123,138,107,74,54,24,90,88,148,134,111,16,132,121,32,40,85,14,67,5,82,89,108,145,124,129,69,39,20,49,46,27,126,83,45,117,71,137,146,70,57,51,26,113,130,128,34,56,122,78,96,86,84,28,15,99,8,60,127,11,147,93,143,63,92,80,43,47,125,19,23,13,36,18,30,64,52,10,22,87,91,81,7,105,50,58,21,65,114,72,25,48,94,101,102,116,35,73,59,41,55,17,109,106,98,142,44,110,104,9,6,12,144,141,118,33,120,53,4,95,62,38,133,135,3,112,97,29,139,103,61,136,131,75,66,37,76,119,115,2",20100,200
24,18,72764.38919217663,1.214282606529761,"79,42,68,100,31,77,140,123,138,107,134,148,88,90,24,54,74,111,16,132,121,32,38,85,14,67,5,82,89,108,145,128,130,69,19,20,49,46,27,126,83,45,117,71,137,146,70,57,51,26,113,129,124,34,97,122,78,96,86,84,28,15,99,8,60,127,11,147,93,143,63,92,80,43,47,125,39,23,13,36,18,30,64,52,10,22,87,91,81,7,105,50,58,21,65,114,72,25,48,94,101,102,116,35,73,59,41,55,17,109,106,98,142,44,110,104,9,6,12,144,141,118,33,120,53,4,95,62,56,133,135,3,112,40,29,139,103,61,136,131,75,66,37,76,119,115,2",20100,200
24,19,71001.36716669089,1.4322727831819562,"79,42,68,100,31,77,140,123,138,107,74,54,24,90,88,148,134,111,16,132,121,32,38,85,14,67,5,82,89,108,145,128,130,69,19,20,49,46,27,126,83,45,117,71,137,146,70,57,51,26,113,129,124,34,97,23,78,15,99,8,28,125,86,43,80,92,63,147,93,143,11,127,60,84,47,96,39,122,13,36,18,30,64,52,10,22,87,91,81,7,105,50,58,21,65,114,72,25,48,94,101,102,116,35,73,59,41,55,17,109,106,98,142,44,110,104,9,6,12,144,141,118,33,120,53,4,95,62,40,133,135,3,112,56,29,139,103,61,136,131,75,66,37,76,119,115,2",20100,200
25,0,68975.22412262736,1.162994715791131,"18,100,15,111,92,97,35,50,72,109,132,46,51,99,3,14,27,81,12,39,25,103,120,52,79,134,91,110,107,40,6,10,76,83,86,104,121,17,22,77,146,34,101,60,138,19,89,127,90,62,142,145,123,71,67,106,144,48,124,4,53,41,7,8,147,113,87,93,38,75,118,24,55,69,11,33,143,23,139,82,122,5,44,129,108,63,119,61,126,137,45,84,2,133,59,58,105,36,112,114,37,128,115,31,68,80,130,117,20,32,141,74,73,85,94,78,54,125,102,21,131,57,42,148,66,65,16,9,136,116,29,26,49,43,140,56,135,88,64,70,13,98,96,95,30,28,47",20100,200
25,1,68457.89796175784,1.8010310984964917,"23,105,111,15,92,97,35,50,72,109,132,46,51,99,3,14,77,146,34,48,59,144,106,89,127,90,62,114,112,128,37,2,124,4,53,41,7,8,68,31,115,36,100,110,107,40,6,10,76,83,86,104,121,17,22,27,81,12,39,25,103,120,52,79,134,91,142,145,11,69,55,24,118,75,38,133,137,119,61,126,58,45,84,63,108,129,44,5,122,82,139,18,143,33,123,71,67,19,138,60,101,93,87,113,147,80,130,117,20,32,141,74,73,78,94,85,54,125,102,21,131,57,42,148,66,65,16,9,136,116,29,26,49,43,140,56,135,88,64,70,13,98,96,95,30,28,47",20100,200
25,2,74140.98080308062,0.9180156792721275,"18,84,15,111,92,97,35,50,72,109,132,46,51,99,3,14,27,81,12,39,25,79,52,120,103,134,91,110,107,40,6,8,7,41,53,4,124,48,144,106,67,71,123,145,142,62,90,127,89,19,138,101,60,34,146,77,22,17,121,104,86,83,76,10,147,75,38,93,87,113,118,24,55,69,11,33,143,23,139,82,122,5,44,129,108,63,43,49,26,29,116,136,9,16,65,66,148,42,57,131,37,128,115,31,68,80,130,117,20,32,141,74,73,85,94,78,114,112,36,100,54,125,102,21,2,59,133,137,119,61,126,58,45,105,140,98,96,95,70,56,13,30,64,88,135,28,47",20100,200
25,3,69397.31225343996,1.0934779210665635,"100,105,15,111,92,97,35,50,72,109,132,46,51,99,3,14,27,81,12,39,25,79,52,120,103,134,91,110,107,40,6,10,76,83,86,104,121,17,22,77,146,34,101,60,138,19,89,127,90,62,142,145,123,71,67,106,144,48,124,4,53,41,7,8,147,113,87,93,38,75,118,24,55,69,11,33,143,23,139,82,122,5,44,129,108,63,43,49,26,29,116,136,9,16,65,66,148,42,57,131,37,128,115,31,68,80,130,117,20,32,141,74,73,85,94,78,114,112,102,21,54,125,36,18,58,59,133,2,84,45,137,126,61,119,140,56,135,88,64,70,13,98,96,95,30,28,47",20100,200
25,4,68025.59998782713,1.9249029791888062,"2,62,15,111,92,97,35,50,72,109,132,46,51,99,3,14,146,77,112,124,60,138,19,89,127,90,114,54,125,128,37,34,101,4,53,41,7,8,147,113,87,93,38,75,118,24,55,69,11,33,143,18,139,82,122,5,44,129,108,63,84,45,58,126,61,119,137,133,59,48,144,106,67,71,123,145,142,91,134,79,52,120,103,25,39,12,81,27,22,17,121,104,86,83,76,10,6,40,107,110,100,36,115,31,68,80,130,117,74,141,32,20,73,85,94,78,23,105,102,21,131,57,42,148,66,65,16,9,136,116,29,26,49,43,140,56,135,95,64,70,13,98,96,88,30,28,47",20100,200
25,5,68589.2652928129,1.514507569986472,"59,23,15,111,92,97,35,50,72,109,51,46,132,99,3,14,77,146,34,62,90,105,48,89,127,144,106,114,112,128,37,2,124,4,53,41,7,8,68,31,115,36,100,110,107,40,6,10,76,83,86,104,121,17,22,27,81,12,39,25,103,120,52,79,134,91,142,145,11,69,55,24,118,75,38,133,137,119,61,126,58,45,84,63,108,129,44,5,122,82,139,18,143,33,123,71,67,19,138,60,101,93,87,113,147,80,130,117,20,32,141,74,73,78,94,85,54,125,102,21,131,57,42,148,66,65,16,9,136,116,29,26,49,43,140,56,135,88,64,70,13,98,96,95,30,28,47",20100,200
25,6,70359.91999851001,1.0382903760685276,"100,105,15,111,92,97,35,50,72,109,132,46,51,99,3,14,27,81,12,39,25,79,52,120,103,134,91,110,107,40,6,8,7,41,53,4,124,48,22,77,146,34,101,60,138,19,89,127,90,62,142,145,123,71,67,106,144,17,121,104,86,83,76,10,147,113,87,93,38,75,118,24,55,69,11,33,143,23,139,82,122,5,44,129,108,63,43,49,26,29,116,136,9,16,65,66,148,42,57,131,37,128,115,31,68,80,130,117,20,32,141,74,73,85,94,78,114,112,102,21,54,125,36,18,58,59,133,2,84,45,137,126,61,119,140,56,135,88,64,70,13,98,96,95,30,28,47",20100,200
25,7,72539.56254192781,0.9391317658688664,"18,84,15,111,92,97,35,50,72,109,51,46,132,99,3,23,27,81,12,39,25,103,120,52,79,134,91,110,107,40,6,8,7,41,53,4,124,48,144,106,67,71,123,145,142,62,90,127,89,19,138,101,60,34,146,77,22,17,121,104,86,83,76,10,147,113,87,93,38,75,118,24,55,69,11,33,143,14,139,82,122,5,44,129,108,63,43,49,26,29,116,136,9,16,65,66,148,42,57,131,37,128,115,31,68,80,130,117,20,32,141,74,73,85,94,78,114,112,36,100,54,125,102,21,2,59,133,137,119,61,126,58,45,105,140,98,96,95,70,64,13,56,135,88,30,28,47",20100,200
25,8,71217.2922302651,0.9998077477632912,"84,18,15,111,92,97,35,50,72,109,132,46,51,99,3,14,27,81,12,39,25,79,52,120,103,134,91,110,107,40,6,10,76,83,86,104,121,17,22,77,146,34,60,101,138,62,90,127,89,19,142,145,123,71,67,106,144,48,124,4,53,41,7,8,147,113,87,93,38,75,118,24,55,69,11,33,143,23,139,82,122,5,44,129,108,63,43,49,26,29,116,136,9,16,65,66,148,42,57,131,37,128,115,31,68,80,130,117,20,32,141,74,73,85,94,78,114,112,36,100,54,125,102,21,2,59,133,137,119,61,126,58,45,105,140,98,96,95,70,64,13,30,56,88,135,28,47",20100,200
25,9,68994.6268615388,1.1460109173492123,"18,100,15,111,92,97,35,50,72,109,132,46,51,99,3,14,27,81,12,39,25,103,120,52,79,134,91,110,107,40,6,10,76,83,86,104,121,17,22,77,146,34,101,60,138,19,89,127,90,62,142,145,123,71,67,106,144,48,124,4,53,41,7,8,147,113,87,93,38,75,118,24,55,69,11,33,143,23,139,82,122,5,44,129,108,63,119,61,126,137,45,84,2,133,59,58,105,36,112,114,37,128,115,31,68,80,130,117,20,32,141,74,73,78,94,85,54,125,102,21,131,57,42,148,66,65,16,9,136,116,29,26,49,43,140,56,135,88,64,70,13,98,96,95,30,28,47",20100,200
25,10,69195.1144382995,1.128771605068569,"100,105,15,111,92,97,35,50,72,109,132,46,51,99,3,23,27,81,12,39,25,103,120,10,6,40,107,110,91,134,79,52,76,83,86,104,121,17,22,77,146,34,101,60,138,19,89,127,90,62,142,145,123,71,67,106,144,48,124,4,53,41,7,8,147,113,87,93,38,75,118,24,55,69,11,33,143,14,139,82,122,5,44,129,108,63,43,49,26,29,116,136,9,16,65,66,148,42,57,131,37,128,115,31,68,80,130,117,20,32,141,74,73,85,94,78,114,112,102,21,54,125,36,18,58,59,133,2,84,45,137,126,61,119,140,56,135,88,64,70,13,98,96,95,30,28,47",20100,200
25,11,68478.47896549237,1.6212120164762116,"125,54,15,111,92,97,35,50,72,109,132,46,51,99,3,14,77,146,2,124,60,138,19,89,127,90,62,114,112,128,37,34,101,4,53,41,7,8,147,113,87,93,38,75,118,24,55,69,11,33,143,18,139,82,122,5,44,129,108,63,84,45,58,126,61,119,137,133,59,48,144,106,67,71,123,145,142,91,134,116,136,9,16,65,66,148,42,57,131,21,102,105,23,78,94,85,73,20,32,141,74,117,130,80,68,31,115,36,100,110,107,40,6,10,76,83,86,104,121,17,22,27,81,12,39,25,103,120,52,79,29,26,49,43,140,56,135,95,64,70,13,98,96,88,30,28,47",20100,200
25,12,69543.2850095945,1.0753968000629088,"100,18,15,111,92,97,35,50,72,109,132,46,51,99,3,14,27,81,12,39,25,79,52,120,103,134,91,145,142,40,6,10,76,83,86,104,121,17,22,77,146,34,101,60,138,19,89,127,90,62,107,110,123,71,67,106,144,48,124,4,53,41,7,8,147,113,87,93,38,75,118,24,55,69,11,33,143,23,139,82,122,5,44,129,108,63,43,49,26,29,116,136,9,16,65,66,148,42,57,131,37,128,115,31,68,80,130,117,20,32,141,74,73,85,94,78,114,112,102,21,54,125,36,105,58,59,133,2,84,45,137,126,61,119,140,56,135,88,64,70,13,98,96,95,30,28,47",20100,200
25,13,72008.22030386818,0.9597833921976797,"100,18,15,111,92,97,35,50,72,109,132,46,51,99,3,14,27,81,12,39,25,103,120,8,6,40,107,110,91,134,79,52,7,41,53,4,124,48,22,77,146,34,101,60,138,19,89,127,90,62,142,145,123,71,67,106,144,17,121,104,86,83,76,10,147,113,87,93,38,75,118,24,55,69,11,33,143,23,139,82,122,5,44,129,108,63,43,49,26,29,116,136,9,16,65,66,148,42,57,131,37,128,115,31,68,80,130,117,20,32,141,74,73,85,94,78,114,112,102,21,54,125,36,105,58,59,133,2,84,45,137,126,61,119,140,98,96,95,70,56,13,30,64,88,135,28,47",20100,200
26,0,75665.17131015492,1.3944174410842687,"35,140,97,14,67,89,108,96,58,73,114,115,74,78,24,47,40,31,46,93,136,142,61,123,125,143,41,10,135,134,51,20,27,45,119,28,148,132,90,80,107,116,118,101,100,22,54,69,84,88,145,26,65,85,79,8,7,17,121,102,36,138,44,133,146,127,3,112,92,60,131,105,95,6,56,66,42,34,144,9,16,4,48,64,99,62,25,2,12,39,87,128,137,76,19,68,15,109,75,91,110,49,38,18,63,71,23,86,50,52,29,83,55,33,129,98,147,11,104,82,124,59,72,113,13,117,32,43,122,81,111,5,77,53,130,94,57,37,120,70,141,106,126,103,21,30,139",20100,200
26,1,76512.93808531488,1.1318713978662895,"35,140,97,14,67,89,108,96,58,73,114,115,74,78,24,47,40,31,46,93,136,142,61,42,66,56,6,95,105,131,60,92,112,3,127,146,133,44,138,36,102,121,17,7,8,79,85,65,26,145,88,84,69,98,49,110,91,75,71,124,59,72,113,13,117,32,37,77,5,111,141,70,120,53,57,94,135,116,41,80,125,123,34,144,9,16,4,48,64,99,104,25,83,15,147,87,128,137,76,19,68,12,39,11,62,82,23,86,50,52,29,2,55,33,18,38,109,63,129,54,22,100,101,118,10,107,143,90,132,148,28,119,45,27,20,51,134,130,43,122,81,106,126,103,21,30,139",20100,200
26,2,73790.90055613774,1.4643770006388384,"35,140,97,14,67,89,108,96,58,73,114,115,74,78,5,47,40,31,46,120,136,142,84,88,125,116,41,145,135,94,57,53,75,70,98,141,61,77,37,32,117,13,113,72,80,124,71,93,110,24,123,91,69,49,59,111,26,65,85,79,8,7,17,121,102,36,138,44,133,146,127,3,112,92,60,131,105,95,6,56,66,42,34,144,9,16,4,48,64,39,87,128,137,76,19,68,15,147,11,104,82,25,2,12,99,62,23,86,50,52,29,83,55,33,18,38,109,63,129,54,22,100,101,118,10,107,143,90,132,148,28,119,45,27,20,51,134,21,103,126,106,81,122,43,130,30,139",20100,200
26,3,85254.31757145928,1.1244554237496478,"35,18,97,14,67,89,108,96,124,87,88,61,33,63,100,51,103,145,117,45,43,75,19,130,27,10,59,80,72,98,20,140,15,5,106,137,31,115,49,125,70,141,111,65,119,122,126,53,118,94,135,71,41,22,143,55,76,116,113,47,73,50,104,38,29,86,11,52,23,32,4,93,114,147,57,8,142,128,69,28,78,68,101,120,139,16,36,102,34,7,17,121,84,26,138,44,133,146,127,3,112,92,60,131,105,95,6,56,66,42,64,79,85,48,54,83,91,24,81,74,37,129,82,134,136,40,13,109,77,46,58,132,90,148,107,39,12,25,2,62,99,123,144,9,21,30,110",20100,200
26,4,73579.24761417779,1.4914422550001727,"35,140,97,14,67,89,108,96,58,73,114,115,74,78,5,47,40,31,46,120,136,142,84,88,125,116,41,145,135,94,57,53,75,70,98,141,61,77,37,32,117,13,113,72,80,124,71,93,110,24,123,81,106,126,103,21,134,51,20,27,45,119,28,148,132,90,143,107,10,118,101,100,22,54,129,63,109,38,18,33,55,83,29,52,50,86,23,62,99,12,2,25,82,104,11,147,15,68,19,76,137,128,87,39,64,48,4,16,9,144,34,42,66,56,6,95,105,131,60,92,112,3,127,146,133,44,138,36,102,121,17,7,8,79,85,65,26,111,59,49,69,91,122,43,130,30,139",20100,200
26,5,72150.07323961763,2.4284890717476233,"35,140,97,14,67,89,108,96,58,73,114,115,74,78,131,47,40,31,46,127,136,142,57,59,75,5,77,37,32,117,13,61,113,141,70,120,53,124,110,135,10,41,143,125,123,80,71,72,91,116,49,98,129,63,109,38,18,33,55,83,29,52,50,86,23,82,104,11,147,15,68,19,76,137,128,87,39,12,2,25,62,99,64,48,4,16,9,144,34,42,66,56,6,95,105,24,60,92,112,3,93,146,133,44,138,36,102,121,17,7,8,79,85,65,26,145,88,84,69,54,22,100,101,118,94,107,111,43,122,81,28,148,132,20,130,134,51,90,27,45,119,106,126,103,21,30,139",20100,200
26,6,75768.64245423613,1.3207573584879244,"35,140,97,14,67,89,108,96,58,73,114,115,74,78,24,47,40,31,46,123,136,142,61,93,125,80,41,116,135,94,57,53,120,70,119,28,148,132,90,143,107,10,118,101,100,22,54,69,84,88,145,26,65,85,79,8,7,17,121,102,36,138,44,133,146,127,3,112,92,60,131,105,95,6,56,66,42,34,144,9,16,4,48,64,99,62,25,2,12,39,87,128,137,76,19,68,15,147,11,104,82,29,52,50,86,23,83,55,33,18,38,109,63,129,98,49,110,91,75,71,124,59,72,113,13,117,32,37,77,5,111,141,45,27,134,51,20,130,43,122,81,106,126,103,21,30,139",20100,200
26,7,72580.61932335798,1.765577126978891,"35,140,97,14,67,89,108,96,58,73,114,115,74,78,129,47,40,31,46,75,136,142,90,123,125,80,41,116,135,94,57,93,71,124,59,72,5,77,37,32,117,13,113,111,141,70,120,53,91,110,49,98,24,63,109,38,18,33,55,83,29,52,50,86,23,82,104,11,147,15,68,19,76,137,128,87,39,12,2,25,62,99,64,48,4,16,9,144,34,42,66,56,6,95,105,131,60,92,112,3,127,146,133,44,138,36,102,121,17,7,8,79,139,30,21,103,126,106,81,122,43,130,134,51,10,107,143,61,132,148,28,119,45,27,101,118,20,100,22,54,69,84,88,145,26,65,85",20100,200
26,8,73018.45350054126,1.595117550527233,"35,140,97,14,67,89,108,96,58,73,114,115,74,78,24,47,40,31,46,93,136,142,61,123,100,22,54,129,84,88,145,18,33,55,83,29,52,50,86,23,82,104,11,147,15,68,19,76,137,128,87,39,12,2,25,62,99,64,48,4,16,9,144,34,42,66,56,6,95,105,131,60,92,112,3,127,146,133,44,138,36,102,121,17,7,8,79,85,65,26,38,109,63,69,98,49,110,91,75,71,124,59,72,113,13,117,32,37,77,5,111,141,70,120,53,57,94,135,116,41,80,125,101,118,10,107,143,43,122,81,28,148,132,20,130,134,51,90,27,45,119,106,126,103,21,30,139",20100,200
26,9,73211.27875752984,1.5825296205758677,"35,140,97,14,67,89,108,96,58,73,114,115,74,78,24,47,40,31,46,93,136,142,61,123,125,80,41,116,135,94,57,53,120,70,141,111,5,77,37,32,117,13,113,72,59,124,71,75,91,110,49,98,129,63,109,38,18,33,55,83,29,52,50,86,23,82,104,11,147,15,68,19,76,137,128,87,39,12,2,25,62,99,64,48,4,16,9,144,34,42,66,56,6,95,105,131,60,92,112,3,127,146,133,44,138,36,102,121,17,7,8,79,65,88,26,145,85,84,69,54,22,100,101,118,10,107,143,43,122,81,28,148,132,20,130,134,51,27,90,45,119,106,126,103,21,30,139",20100,200
26,10,74350.26127477396,1.422814112946593,"35,140,97,14,67,89,108,96,58,73,114,115,74,78,24,47,40,31,46,93,136,142,61,123,125,143,41,116,135,94,57,53,120,70,141,111,5,77,37,32,117,13,113,72,59,124,71,75,91,110,49,98,69,84,88,145,26,65,85,79,8,7,17,121,102,36,138,44,133,146,127,3,112,92,60,131,105,95,6,56,66,42,34,144,9,16,4,48,64,99,62,25,2,12,39,87,128,137,76,19,68,15,147,11,104,82,23,86,50,52,29,83,55,33,18,38,109,63,129,54,22,100,101,118,10,107,80,43,122,81,28,148,132,20,130,134,51,90,27,45,119,106,126,103,21,30,139",20100,200
27,0,74748.07985255132,1.1658034281713596,"6,46,132,13,61,39,70,56,82,79,123,135,104,108,71,143,60,98,43,93,35,111,50,14,122,78,33,80,90,9,23,112,37,67,147,26,139,109,53,127,101,110,38,117,3,2,25,4,94,107,83,125,22,11,31,103,58,99,88,114,85,97,105,84,32,102,64,91,136,96,86,138,36,74,47,100,137,133,44,41,126,5,8,19,115,7,145,20,62,95,17,24,68,75,144,72,148,29,106,21,76,124,146,129,119,120,116,40,121,113,128,63,92,51,134,73,54,42,16,140,59,45,18,55,141,77,66,118,49,48,89,87,52,15,30,57,131,142,28,10,12,34,69,130,65,81,27",20100,200
27,1,75528.8822592332,1.1323314692319637,"6,46,132,13,61,39,70,56,82,79,123,135,104,108,71,143,60,98,43,93,35,111,50,14,122,78,33,80,90,9,23,112,37,67,147,26,139,109,53,127,101,110,38,117,3,2,25,4,94,107,83,125,22,11,31,103,58,99,88,114,85,97,105,84,32,102,64,91,136,96,86,138,36,74,47,100,137,133,44,41,126,5,8,19,115,7,145,20,62,95,17,24,68,75,144,72,148,29,106,21,30,69,146,129,119,120,116,40,63,128,113,121,92,51,134,73,54,42,16,140,59,45,18,55,141,77,66,118,49,48,89,87,52,15,124,57,131,142,28,10,12,81,27,65,130,76,34",20100,200
27,2,75528.8822592332,1.1323314692319637,"6,46,132,13,61,39,70,56,82,79,123,135,104,108,71,143,60,98,43,93,35,111,50,14,122,78,33,80,90,9,23,112,37,67,147,26,139,109,53,127,101,110,38,117,3,2,25,4,94,107,83,125,22,11,31,103,58,99,105,97,85,114,88,84,32,102,64,91,136,96,86,138,36,74,47,100,137,133,44,41,126,5,8,19,115,7,145,20,62,95,17,24,68,75,144,72,148,29,106,21,30,69,146,129,119,120,116,40,63,128,113,121,92,51,134,73,54,42,16,140,59,45,18,55,141,77,66,118,49,48,89,87,52,15,124,57,131,142,28,10,12,81,27,65,130,76,34",20100,200
27,3,72714.61836633965,1.3204972615463764,"6,46,132,13,61,39,70,56,82,79,123,135,131,108,71,143,60,50,111,35,93,43,98,25,4,78,33,80,90,9,23,112,37,67,147,26,127,53,109,139,101,110,38,117,3,2,14,122,94,107,83,125,22,11,31,103,58,99,105,114,85,97,88,84,32,102,64,91,136,96,86,138,36,74,47,100,137,133,44,41,126,5,8,19,115,7,145,20,62,95,17,24,68,75,144,72,148,29,106,21,76,124,146,129,119,120,116,40,121,113,128,63,92,51,134,73,54,42,16,140,59,45,18,55,141,77,66,118,49,48,89,87,52,15,69,57,104,142,28,10,12,34,30,130,65,81,27",20100,200
27,4,71451.8687467839,1.6794749461288658,"61,46,132,13,6,39,70,56,82,79,123,135,131,108,71,143,60,50,111,35,93,43,98,25,4,78,33,80,90,9,23,112,37,67,147,26,127,53,109,139,101,110,38,117,3,2,14,122,94,125,107,83,22,11,31,103,58,99,88,97,85,114,105,84,32,102,64,91,136,96,86,138,36,74,47,100,137,133,44,41,126,5,8,19,115,7,145,20,62,95,17,24,68,106,21,30,124,144,75,29,148,72,146,129,119,120,116,40,121,113,128,63,92,51,134,73,54,42,16,140,59,45,18,55,141,77,66,118,49,48,89,87,52,15,69,57,104,142,28,10,12,34,76,130,65,81,27",20100,200
27,5,75810.15707035163,1.0978394597070835,"6,46,132,13,61,39,70,56,82,79,123,135,104,108,71,143,60,98,43,93,35,111,50,14,122,78,33,80,31,9,23,112,37,67,147,26,139,109,53,127,101,110,38,117,3,2,25,4,94,107,83,125,22,11,90,103,58,99,88,114,85,84,105,97,32,102,64,91,136,96,86,138,36,74,47,100,137,133,44,41,126,5,8,19,115,7,145,20,62,95,17,24,68,75,144,72,148,29,106,21,76,124,146,129,119,120,116,40,121,113,128,63,92,51,134,73,54,42,16,140,59,45,18,55,141,10,66,118,49,48,89,87,52,15,69,57,131,142,28,77,12,34,30,130,65,27,81",20100,200
27,6,73929.79321225538,1.230017799457491,"6,46,132,13,61,39,70,56,82,79,123,135,131,108,71,143,60,50,111,35,93,43,98,25,4,78,33,80,90,9,23,112,37,67,147,26,127,53,109,139,101,110,38,117,3,2,14,122,94,107,83,125,22,11,31,103,58,99,88,114,85,97,105,84,32,102,64,91,136,96,86,138,36,74,47,100,137,133,44,41,126,5,8,19,115,7,145,20,62,95,17,24,68,75,144,72,148,29,106,21,30,69,146,129,119,120,116,40,63,128,113,121,92,51,134,73,54,42,16,140,59,45,18,55,141,77,66,118,49,48,89,87,52,15,124,57,104,142,28,10,12,81,27,65,130,76,34",20100,200
27,7,72569.77673759656,1.3349811070622002,"6,46,132,13,61,39,70,56,82,79,123,135,131,108,71,143,60,50,111,35,93,43,98,25,4,78,33,80,90,110,101,127,53,109,139,26,147,67,37,112,23,9,38,117,3,2,14,122,94,107,83,125,22,11,31,103,58,99,88,97,85,114,105,84,32,102,64,91,136,96,86,138,36,74,47,100,137,133,44,41,126,5,8,19,115,7,145,20,62,95,17,24,68,75,144,72,148,29,106,21,76,124,146,129,119,120,116,40,121,113,128,63,92,51,134,73,54,42,16,140,59,45,18,55,141,77,66,118,49,48,89,87,52,15,69,57,104,142,28,10,12,34,30,130,65,81,27",20100,200
27,8,72714.61836633965,1.3204972615463764,"6,46,132,13,61,39,70,56,82,79,123,135,131,108,71,143,60,50,111,35,93,43,98,25,4,78,33,80,90,9,23,112,37,67,147,26,127,53,109,139,101,110,38,117,3,2,14,122,94,107,83,125,22,11,31,103,58,99,88,97,85,114,105,84,32,102,64,91,136,96,86,138,36,74,47,100,137,133,44,41,126,5,8,19,115,7,145,20,62,95,17,24,68,75,144,72,148,29,106,21,76,124,146,129,119,120,116,40,121,113,128,63,92,51,134,73,54,42,16,140,59,45,18,55,141,77,66,118,49,48,89,87,52,15,69,57,104,142,28,10,12,34,30,130,65,81,27",20100,200
27,9,73155.45466812991,1.2760597173983919,"6,46,132,13,61,39,70,56,82,79,123,135,131,108,71,143,60,50,111,35,93,43,98,25,4,78,33,80,90,110,101,127,53,109,139,26,147,67,37,112,23,9,38,117,3,2,14,122,94,107,83,125,22,11,31,103,58,99,88,114,85,97,105,84,32,102,64,91,136,96,86,138,36,74,47,100,137,133,44,41,126,5,8,19,115,7,145,20,62,95,17,24,68,75,144,72,148,29,106,21,76,124,146,129,119,120,116,40,121,113,128,63,92,51,134,73,54,42,16,140,59,45,18,55,141,77,66,118,49,48,89,87,52,15,30,57,104,142,28,10,12,34,69,130,65,81,27",20100,200
27,10,73300.296296873,1.2608992282911926,"6,46,132,13,61,39,70,56,82,79,123,135,131,108,71,143,60,50,111,35,93,43,98,25,4,78,33,80,90,9,23,112,37,67,147,26,127,53,109,139,101,110,38,117,3,2,14,122,94,107,83,125,22,11,31,103,58,99,88,114,85,97,105,84,32,102,64,91,136,96,86,138,36,74,47,100,137,133,44,41,126,5,8,19,115,7,145,20,62,95,17,24,68,75,144,72,148,29,106,21,76,124,146,129,119,120,116,40,121,113,128,63,92,51,134,73,54,42,16,140,59,45,18,55,141,77,66,118,49,48,89,87,52,15,30,57,104,142,28,10,12,34,69,130,65,81,27",20100,200
27,11,71540.56171013186,1.391409612608441,"6,46,132,13,61,39,70,56,82,79,123,135,131,108,71,143,60,50,111,35,93,43,98,25,4,78,33,80,90,110,101,127,53,109,139,26,147,67,37,112,23,9,38,117,3,2,14,122,94,107,83,125,22,11,31,103,58,99,105,114,85,97,88,84,32,102,64,91,136,96,86,138,36,74,47,100,137,133,44,41,126,5,8,19,115,7,145,20,62,95,17,24,68,75,144,72,124,21,106,29,148,30,146,129,119,120,116,40,121,113,128,63,92,51,134,73,54,16,42,140,59,45,55,18,141,77,66,118,49,48,89,87,52,15,69,57,104,142,28,10,12,34,76,130,65,27,81",20100,200
27,12,73017.55705380434,1.2910421917305424,"6,46,132,13,61,39,70,56,82,79,123,135,131,108,71,143,60,50,111,35,93,43,98,25,4,78,33,80,90,9,23,112,37,67,147,26,127,53,109,139,101,110,38,117,3,2,14,122,94,107,83,125,22,11,31,103,58,99,105,114,85,97,88,84,32,102,64,91,136,96,86,138,36,74,47,100,137,133,44,41,126,5,8,19,115,7,145,20,62,95,17,24,68,75,144,72,148,29,106,21,76,124,146,129,119,120,116,40,121,113,128,63,92,51,134,73,54,42,16,140,59,45,18,55,141,77,66,118,49,48,89,87,52,15,30,57,104,142,28,10,12,34,69,130,65,81,27",20100,200
27,13,73772.0286129101,1.2455542242085598,"6,46,132,13,61,39,70,56,82,79,123,135,131,108,71,143,60,50,111,35,93,43,98,25,4,78,33,80,90,110,101,127,53,109,139,26,147,67,37,112,23,9,117,38,3,2,14,122,94,107,83,125,22,11,31,103,58,99,88,114,85,97,105,84,32,102,64,91,136,96,86,138,36,74,47,100,137,133,44,41,126,5,8,19,115,7,145,20,62,95,17,24,68,75,144,72,148,29,106,21,30,69,146,129,119,120,116,40,63,128,113,121,92,51,134,73,54,42,16,140,59,45,18,55,141,77,66,118,49,48,89,87,52,15,124,57,104,142,28,10,12,81,27,65,130,76,34",20100,200
27,14,72725.60648177,1.3058527785665353,"6,46,132,13,61,39,70,56,82,79,123,135,131,108,71,143,60,50,111,35,93,43,98,25,4,78,33,80,90,110,101,127,53,109,139,26,147,67,37,112,23,9,117,38,3,2,14,122,94,107,83,125,22,11,31,103,58,99,88,97,85,114,105,84,32,102,64,91,136,96,86,138,36,74,47,100,137,133,44,41,126,5,8,19,115,7,145,20,62,95,17,24,68,75,144,72,148,29,106,21,76,124,146,129,119,120,116,40,63,128,113,121,92,51,134,73,54,42,16,140,59,45,18,55,141,77,66,118,49,48,89,87,52,15,30,57,104,142,28,10,12,34,69,130,65,81,27",20100,200
27,15,73017.55705380434,1.2910421917305424,"6,46,132,13,61,39,70,56,82,79,123,135,131,108,71,143,60,50,111,35,93,43,98,25,4,78,33,80,90,9,23,112,37,67,147,26,127,53,109,139,101,110,38,117,3,2,14,122,94,107,83,125,22,11,31,103,58,99,88,97,85,114,105,84,32,102,64,91,136,96,86,138,36,74,47,100,137,133,44,41,126,5,8,19,115,7,145,20,62,95,17,24,68,75,144,72,148,29,106,21,76,124,146,129,119,120,116,40,121,113,128,63,92,51,134,73,54,42,16,140,59,45,18,55,141,77,66,118,49,48,89,87,52,15,30,57,104,142,28,10,12,34,69,130,65,81,27",20100,200
27,16,72515.14876684794,1.3493094880992116,"6,46,132,13,61,39,70,56,82,79,123,135,131,108,71,143,60,50,111,35,93,43,98,25,4,78,33,80,90,110,101,127,53,109,139,26,147,67,37,112,23,9,38,117,3,2,14,122,94,107,83,125,22,11,31,103,58,99,88,114,85,97,105,84,32,102,64,91,136,96,86,138,36,74,47,100,137,133,44,41,126,5,8,19,115,7,145,20,62,95,17,24,68,75,144,72,148,29,106,21,30,124,146,129,119,120,116,40,121,113,128,63,92,51,134,73,54,42,16,140,59,45,18,55,141,77,66,118,49,48,89,87,52,15,69,57,104,142,28,10,12,34,76,130,65,27,81",20100,200
27,17,71512.43654532229,1.6093063300395378,"61,46,132,13,6,39,70,56,82,79,123,135,131,108,71,143,60,50,111,35,93,43,98,25,4,78,33,80,90,110,101,127,53,109,139,26,147,67,37,112,23,9,38,117,3,2,14,122,94,107,83,125,22,11,31,103,58,99,105,114,85,97,88,84,32,102,64,91,136,96,86,138,36,74,47,100,137,133,44,41,126,5,8,19,115,7,145,20,62,95,17,24,68,106,21,30,124,144,75,29,148,72,146,129,119,120,116,40,121,113,128,63,92,51,134,65,54,42,16,140,59,45,18,55,141,77,66,118,49,48,89,87,52,15,69,57,104,142,28,10,12,34,76,130,73,81,27",20100,200
27,18,75169.20316061383,1.1491893206406663,"6,46,132,13,61,39,70,56,82,79,123,135,104,108,71,143,60,98,43,93,35,111,50,14,122,78,33,80,31,9,23,112,37,67,147,26,139,109,53,127,101,110,38,117,3,2,25,4,94,107,83,125,22,11,90,103,58,99,88,114,85,84,105,97,32,102,64,91,136,96,86,138,36,74,47,100,137,133,44,41,126,5,8,19,115,7,145,20,62,95,17,24,68,75,144,72,148,29,106,21,76,124,146,129,119,120,116,40,121,113,128,63,92,51,134,73,54,42,16,140,59,45,18,55,141,77,66,118,49,48,89,87,52,15,69,57,131,142,28,10,12,34,30,130,65,27,81",20100,200
27,19,74465.34060948265,1.1983408154857997,"6,46,132,13,61,39,70,56,82,79,123,135,104,108,71,143,60,98,43,93,35,111,50,14,122,78,33,80,90,9,23,112,37,67,147,26,139,109,53,127,101,110,38,117,3,2,25,4,94,107,83,125,22,11,31,103,58,99,88,97,85,114,105,84,32,102,64,91,136,96,86,138,36,74,47,100,137,133,44,41,126,5,8,19,115,7,145,20,62,95,17,24,68,75,144,72,148,29,106,21,76,124,146,129,119,120,116,40,121,113,128,63,92,51,134,73,54,42,16,140,59,45,18,55,141,77,66,118,49,48,89,87,52,15,30,57,131,142,28,10,12,34,69,130,65,81,27",20100,200
27,20,74323.0949946918,1.214282606529761,"6,46,132,13,61,39,70,56,82,79,123,135,131,108,71,143,60,50,111,35,93,43,98,25,4,78,33,80,90,9,23,112,37,67,147,26,127,53,109,139,101,110,38,117,3,2,14,122,94,107,83,125,22,11,31,103,58,99,88,114,85,97,105,84,32,102,64,91,136,96,86,138,36,74,47,100,137,133,44,41,126,5,8,19,115,7,145,20,62,95,17,24,68,75,144,72,148,29,106,21,30,69,146,129,119,120,116,40,121,113,128,63,92,51,134,73,54,42,16,140,59,45,55,18,141,10,66,118,49,48,89,87,52,15,124,57,104,142,28,77,12,34,76,130,65,27,81",20100,200
28,0,81466.49618735627,1.1766052864066183,"68,101,117,141,72,67,123,100,113,129,127,126,119,95,147,6,44,143,148,132,71,137,122,9,82,22,40,8,108,18,88,76,144,42,20,21,91,128,28,60,13,104,102,7,52,48,3,27,118,133,61,12,74,111,19,62,51,46,131,63,29,26,45,75,106,79,92,43,84,125,98,31,30,66,23,38,115,103,50,107,89,2,97,145,142,41,87,80,69,47,70,57,4,114,15,85,73,55,59,130,138,53,93,33,135,49,24,56,34,37,96,5,134,112,110,105,54,139,109,32,58,64,10,146,39,25,140,17,83,35,77,90,65,86,121,78,124,14,11,136,120,99,94,116,16,81,36",20100,200
28,1,70169.2481015679,1.6743766306046426,"83,109,32,108,77,67,123,69,58,45,89,43,146,4,30,62,18,80,36,135,86,40,143,47,10,39,140,137,11,94,129,20,6,95,132,64,106,14,124,78,74,85,68,16,115,100,76,55,111,24,52,66,26,96,98,61,127,131,54,105,110,139,117,112,44,87,41,145,79,25,49,75,33,93,71,23,119,19,48,3,27,126,7,13,147,34,37,128,5,90,107,130,73,114,82,81,99,65,35,133,17,72,2,92,46,142,122,144,88,31,101,141,59,56,29,57,42,118,103,9,121,70,116,53,84,50,22,102,21,138,63,125,113,97,60,51,12,148,38,134,91,15,8,28,120,136,104",20100,200
28,2,72639.85939887163,1.4483282598132854,"98,109,32,108,77,67,28,69,58,45,43,106,137,11,94,40,143,117,139,110,105,54,74,85,68,16,115,100,76,55,121,9,103,118,42,57,83,61,95,131,39,146,10,64,21,132,84,6,20,129,86,135,36,80,31,88,30,4,124,41,87,44,112,47,14,89,78,145,79,25,49,75,33,93,71,23,119,19,48,3,27,126,7,13,147,34,37,128,5,90,107,130,73,114,82,81,99,65,35,133,17,72,2,92,46,142,122,144,62,18,101,141,59,56,29,96,26,66,52,24,111,70,116,53,127,50,22,102,140,138,63,125,113,97,60,51,12,148,38,134,91,15,8,123,120,136,104",20100,200
28,3,70782.53257185715,1.5015050760060116,"98,109,32,132,77,67,123,64,10,146,39,131,95,61,83,57,42,118,103,9,121,55,76,100,115,16,68,85,74,54,105,110,139,117,143,40,94,11,137,21,43,45,58,69,28,108,84,6,20,129,86,135,36,80,31,88,30,4,124,78,87,44,47,112,14,89,41,145,79,25,49,75,33,93,71,23,119,19,48,3,27,126,7,13,147,34,37,128,5,90,107,130,73,114,82,81,99,65,35,133,17,72,2,92,46,142,122,144,62,18,101,141,59,56,29,96,26,66,52,24,111,70,116,53,127,50,22,102,140,138,63,125,113,97,60,51,12,148,38,134,91,15,8,106,120,136,104",20100,200
28,4,76317.41114165884,1.305526713629407,"68,101,117,141,72,67,123,100,113,129,127,118,133,63,29,26,45,75,106,79,92,98,31,30,66,23,38,115,125,43,21,91,84,128,20,103,50,107,89,2,97,80,87,41,142,145,6,147,140,119,126,27,3,48,52,7,102,104,13,60,28,42,144,76,88,18,108,8,40,22,82,109,139,62,105,110,112,143,44,69,47,95,57,46,51,54,86,121,78,124,65,90,77,35,83,17,70,25,39,146,10,64,58,32,9,122,137,71,132,148,134,5,96,37,34,56,24,55,59,130,33,135,49,73,85,93,138,53,15,114,4,131,61,12,74,111,19,14,11,136,120,99,94,116,16,81,36",20100,200
28,5,76496.53952576639,1.2101239605924676,"68,101,117,141,72,67,123,100,113,129,127,118,133,51,17,121,90,124,78,83,86,98,31,30,66,23,38,115,125,43,21,91,84,128,20,103,50,107,89,2,97,80,87,41,142,145,6,147,140,119,126,27,3,48,52,7,102,104,13,60,28,42,144,76,18,143,148,65,46,131,63,29,26,45,75,106,79,92,62,132,71,137,122,9,82,22,40,8,69,47,70,57,4,134,5,85,73,55,59,130,138,53,93,33,135,49,24,56,34,37,96,15,114,112,110,105,54,139,109,32,58,64,10,146,39,25,44,88,108,35,77,95,61,12,74,111,19,14,11,136,120,99,94,116,16,81,36",20100,200
28,6,72757.3758572577,1.4347261278373895,"98,109,32,132,77,67,140,64,10,146,39,131,95,61,83,57,42,118,103,9,121,55,76,100,115,16,68,3,48,19,119,23,71,93,33,75,49,25,79,145,41,89,14,112,47,44,87,78,124,4,30,88,31,80,36,135,86,129,20,6,84,108,28,69,58,45,43,21,137,11,94,40,143,117,139,110,105,54,74,85,27,126,7,13,147,34,37,128,5,90,107,130,73,114,82,81,99,65,35,133,17,72,2,92,46,142,122,144,62,18,101,141,59,56,29,96,26,111,24,52,66,70,116,53,127,50,22,102,106,138,63,125,113,97,60,51,12,148,38,134,91,15,8,123,120,136,104",20100,200
28,7,78942.2492992061,1.1934822998268553,"68,101,117,141,72,67,136,133,100,113,127,129,118,83,14,124,78,11,121,51,86,90,77,35,17,95,38,115,103,50,107,89,2,97,145,142,41,87,80,6,147,140,119,126,27,3,48,52,7,102,104,13,60,44,108,18,88,76,144,42,20,21,91,128,28,143,148,65,46,131,63,29,26,45,75,106,79,92,62,132,71,137,122,9,82,22,40,8,69,47,70,57,4,134,5,96,37,34,56,24,49,135,33,93,53,138,130,59,55,73,85,15,114,112,110,105,54,139,109,32,58,64,10,146,39,25,23,66,30,31,98,125,84,43,19,111,74,12,61,123,120,99,94,116,16,81,36",20100,200
28,8,72875.99518581905,1.4071274602360122,"98,109,32,108,77,67,123,69,58,45,43,28,137,11,94,40,143,117,139,110,105,54,74,115,16,68,85,100,76,55,121,9,103,118,42,57,83,61,95,131,39,146,10,64,21,132,84,6,20,129,86,135,36,80,31,88,30,4,124,78,87,44,47,112,14,89,41,145,79,25,49,19,119,23,71,93,33,75,48,3,27,126,7,13,147,34,37,128,5,90,107,130,73,114,82,81,99,65,35,133,17,72,2,92,46,142,122,144,62,18,101,141,59,56,29,96,26,66,52,24,111,70,116,53,127,50,22,102,140,138,63,125,113,97,60,51,12,148,38,134,91,15,8,106,120,136,104",20100,200
28,9,73800.56885772705,1.3789765468640973,"98,109,32,132,77,67,140,64,10,146,39,131,95,61,83,57,42,118,103,9,121,55,76,100,115,16,68,85,74,54,105,110,139,117,143,40,94,11,137,21,43,45,58,69,28,108,84,6,20,129,86,135,36,80,31,88,30,4,124,41,87,44,112,47,14,89,78,145,79,25,29,19,119,23,71,93,33,75,48,3,27,126,7,13,147,34,37,128,5,90,107,130,73,114,82,81,99,65,35,133,17,72,2,92,46,142,122,144,62,18,101,141,59,56,49,96,26,66,52,24,111,70,116,53,127,50,22,102,106,138,97,113,125,63,60,51,12,148,38,134,91,15,8,123,120,136,104",20100,200
28,10,70665.16970068276,1.6025738620943175,"98,109,32,132,77,67,123,64,10,146,39,131,95,61,83,57,42,118,103,9,121,55,76,100,115,16,68,85,74,54,105,110,139,117,143,40,94,11,137,21,43,45,58,69,28,108,84,6,20,129,86,135,36,80,31,88,30,4,124,78,89,14,112,47,44,87,41,145,79,25,49,75,33,93,71,23,119,19,48,3,27,126,7,13,147,34,37,128,5,90,107,130,73,114,82,81,99,65,35,133,17,72,2,92,46,142,122,144,62,18,101,141,59,56,29,96,26,66,52,24,111,70,116,53,127,50,22,102,140,138,63,125,113,97,60,51,12,148,38,134,91,15,8,106,120,136,104",20100,200
28,11,69847.98482198163,1.6976361428951656,"58,109,32,108,77,67,123,83,69,43,89,45,146,4,30,62,18,80,36,135,86,40,143,47,10,39,140,137,11,94,129,20,6,95,132,64,106,14,124,78,74,85,68,16,115,100,76,55,111,24,52,66,26,96,98,61,127,131,54,105,110,139,117,112,44,87,41,145,79,25,49,75,33,93,71,23,119,19,48,3,27,126,7,13,147,34,37,128,5,90,107,130,73,114,82,81,99,65,35,133,17,72,2,92,46,142,122,144,88,31,101,141,59,56,29,57,42,118,103,9,121,70,116,53,84,50,22,102,21,138,63,125,113,97,60,51,12,148,38,134,91,15,8,28,120,136,104",20100,200
28,12,69783.20878679233,2.012810305379965,"98,109,32,132,77,67,123,69,58,45,43,28,137,11,94,40,143,47,14,89,78,124,74,85,68,16,115,100,76,55,111,129,86,135,36,80,83,62,95,4,39,146,10,64,140,108,30,6,20,24,52,66,26,96,18,61,127,131,54,105,110,139,117,112,44,87,41,145,79,25,49,75,33,93,71,23,119,19,48,3,27,126,7,13,147,34,37,128,5,90,107,130,73,114,82,81,99,65,35,133,17,72,2,92,46,142,122,144,88,31,101,141,59,56,29,57,42,118,103,9,121,70,116,53,84,50,22,102,21,138,63,125,113,97,60,51,12,148,38,134,91,15,8,106,120,136,104",20100,200
28,13,71405.84407828678,1.4618038289894748,"98,109,32,132,77,67,123,69,58,45,43,21,137,11,94,40,143,117,139,110,105,54,74,85,68,16,115,100,76,55,121,9,103,118,42,57,83,61,95,131,39,146,10,64,140,108,84,6,20,129,86,135,36,80,31,88,30,4,124,41,87,44,112,47,14,89,78,145,79,25,49,75,33,93,71,23,119,19,48,3,27,126,7,13,147,34,37,128,5,90,107,130,73,114,82,81,99,65,35,133,17,72,2,92,46,142,122,144,62,18,101,141,59,56,29,96,26,66,52,24,111,70,116,53,127,50,22,102,28,138,63,125,113,97,60,51,12,148,38,134,91,15,8,106,120,136,104",20100,200
28,14,72757.3758572577,1.4347261278373895,"98,109,32,132,77,67,140,64,10,146,39,131,95,61,83,57,42,118,103,9,121,55,76,100,115,16,68,3,48,19,119,23,71,93,33,75,49,25,79,145,41,89,14,112,47,44,87,78,124,4,30,88,31,80,36,135,86,129,20,6,84,108,28,69,58,45,43,21,137,11,94,40,13,7,126,27,85,74,54,105,110,139,117,143,147,34,37,128,5,90,107,130,73,114,82,81,99,65,35,133,17,72,2,92,46,142,122,144,62,18,101,141,59,56,29,96,26,111,24,52,66,70,116,53,127,50,22,102,106,138,63,125,113,97,60,51,12,148,38,134,91,15,8,123,120,136,104",20100,200
29,0,83843.63992686274,1.2101239605924676,"31,14,118,61,148,90,29,60,143,6,46,129,39,47,3,17,93,88,91,40,108,136,111,123,89,134,19,80,16,105,54,69,43,74,83,99,63,124,35,72,13,104,21,58,112,147,56,92,87,114,116,131,106,11,55,37,117,67,145,102,98,146,125,20,9,77,109,135,84,49,71,119,27,66,96,126,73,64,10,139,33,30,12,26,79,81,52,122,62,110,86,28,133,57,130,140,128,76,45,127,23,82,100,107,144,115,7,15,138,36,97,34,85,137,48,94,101,95,70,121,132,103,78,50,142,8,25,51,68,42,75,4,41,18,59,53,5,141,120,113,32,44,2,65,38,24,22",20100,200
29,1,83843.63992686274,1.2101239605924676,"31,14,118,61,148,90,29,60,143,6,46,129,39,47,3,17,93,88,91,40,108,136,111,123,89,134,19,80,16,105,54,69,43,74,83,99,63,124,35,72,13,104,21,58,112,147,56,92,87,114,116,131,106,11,55,37,117,67,145,102,98,146,125,20,9,77,109,135,84,49,71,119,27,66,96,126,73,64,10,139,33,30,12,26,79,81,52,122,62,110,36,138,15,7,115,144,107,100,82,23,127,45,76,128,140,130,57,133,28,86,97,34,85,137,48,94,101,95,70,121,132,103,78,50,142,8,25,51,68,42,75,4,41,18,59,53,5,141,120,113,32,44,2,65,38,24,22",20100,200
29,2,79639.79786802748,1.2125195948031613,"31,14,118,61,148,90,60,22,6,3,47,89,72,29,134,68,111,78,113,63,99,16,74,43,44,54,105,83,80,19,69,40,123,93,136,108,75,124,35,65,13,104,21,58,112,147,56,92,87,114,116,131,106,11,55,37,117,67,145,102,98,146,79,26,12,30,33,139,23,127,45,76,119,27,82,52,81,73,64,10,66,96,126,125,20,9,77,109,135,62,110,86,28,133,57,128,140,130,71,49,84,122,100,107,144,115,7,15,138,36,97,34,85,137,48,94,101,95,70,88,103,132,142,42,41,4,129,8,121,50,143,51,25,18,46,53,5,141,120,91,32,39,2,17,38,24,59",20100,200
29,3,70342.73682594742,1.4483282598132854,"71,138,68,21,120,55,87,130,107,91,116,114,73,128,105,97,129,104,117,38,103,4,95,118,111,63,33,30,75,48,92,56,147,112,58,36,76,41,9,44,49,134,29,144,42,47,3,137,15,110,37,80,67,145,23,98,146,140,64,10,139,14,35,34,113,135,119,106,121,82,7,53,43,19,122,86,69,61,102,12,26,79,81,52,99,78,74,96,6,108,22,83,70,25,142,46,60,2,39,109,27,136,8,132,72,126,51,115,11,89,127,50,84,88,123,32,5,24,13,17,57,31,125,54,20,141,100,131,65,101,93,94,40,90,45,85,77,133,66,16,148,62,143,124,18,28,59",20100,200
29,4,79368.59215045284,1.2444416982448965,"31,14,118,61,148,90,60,22,6,3,47,89,72,29,134,68,111,78,113,63,99,16,74,43,44,54,105,83,80,19,69,40,123,93,136,108,75,124,35,65,13,104,21,58,112,147,56,92,87,114,116,131,106,11,55,37,117,67,145,102,98,146,79,26,12,30,33,139,23,127,45,76,119,27,82,52,81,73,64,10,66,96,126,125,20,9,77,109,135,62,110,86,28,133,57,128,140,130,71,49,84,122,100,107,144,115,7,15,138,36,97,34,85,137,48,94,101,95,70,88,103,132,142,42,41,4,32,91,120,141,5,53,46,18,25,51,143,50,121,8,129,39,2,17,38,24,59",20100,200
29,5,70538.38196849723,1.4071274602360122,"71,62,68,21,120,55,87,130,107,91,116,114,73,128,105,97,129,104,117,38,103,4,95,118,111,63,33,81,75,48,92,56,147,112,58,36,76,41,9,44,82,121,106,119,135,113,34,35,14,139,10,64,140,146,98,23,145,67,80,37,110,15,137,3,47,42,144,29,134,49,7,53,43,19,122,52,30,79,26,12,78,61,69,86,99,102,74,96,6,108,22,83,70,25,142,46,60,2,39,109,27,136,8,132,72,126,51,115,11,89,127,50,84,88,123,32,5,24,13,17,57,31,125,54,20,141,100,131,65,101,93,94,40,90,45,85,77,133,66,16,148,143,28,59,18,124,138",20100,200
29,6,68650.95232542382,1.862848294355078,"71,138,68,21,120,55,87,130,107,91,58,114,73,128,105,97,129,104,117,38,103,4,95,118,111,33,63,81,75,48,92,56,147,112,116,106,121,82,44,9,41,76,36,119,135,113,34,35,14,139,10,64,98,146,140,23,145,67,80,37,110,15,137,3,47,42,144,29,134,49,7,53,43,19,122,52,30,79,26,12,78,61,69,86,99,102,74,96,6,108,22,83,70,25,142,46,60,2,39,109,27,136,8,132,72,126,51,115,11,89,24,5,32,123,88,84,50,127,13,17,57,31,125,54,20,141,100,131,65,101,93,94,40,90,45,85,77,133,66,16,148,62,143,124,18,28,59",20100,200
29,7,69716.90741495966,1.5273993799333683,"71,62,68,21,120,55,87,130,107,91,58,114,73,128,105,97,129,104,117,38,103,4,95,118,111,33,63,81,75,48,92,56,147,112,116,106,121,82,44,9,41,76,36,34,135,113,119,35,14,139,10,64,140,146,98,23,145,67,80,37,110,15,137,3,47,42,144,29,134,49,7,53,43,19,122,52,30,79,26,12,78,61,69,86,99,102,74,96,6,108,22,83,70,25,142,46,60,2,39,109,27,136,8,132,72,126,51,115,11,89,127,50,84,88,123,32,5,24,13,17,57,31,125,54,20,141,100,131,65,101,93,94,40,90,45,85,77,133,66,16,148,143,28,59,18,124,138",20100,200
29,8,70052.32025723626,1.4751563038277669,"71,62,21,68,120,55,87,107,130,91,58,114,73,128,105,97,129,104,117,38,103,4,95,118,111,63,33,30,75,48,92,56,147,112,116,106,121,82,44,9,41,76,36,119,135,113,34,35,14,139,10,64,140,146,98,23,145,67,80,37,110,15,137,3,47,42,144,29,134,49,7,53,43,19,122,86,69,61,102,12,26,79,81,52,99,78,74,96,6,108,22,83,70,25,142,46,60,2,39,109,27,136,8,132,72,126,51,115,11,89,24,5,32,123,88,84,50,127,125,31,57,17,13,54,20,141,100,131,65,101,93,94,40,90,45,85,77,133,66,16,148,143,28,59,18,124,138",20100,200
29,9,69269.3397676367,1.7091472025365413,"71,138,68,21,120,55,87,130,107,91,58,114,73,128,105,97,129,104,117,38,103,4,95,118,111,63,33,81,75,48,92,56,147,112,116,106,121,82,44,9,41,76,35,34,135,113,119,36,14,139,10,64,140,146,98,23,145,67,80,37,110,15,137,3,47,42,144,29,134,49,7,53,43,19,122,52,30,79,26,12,78,61,69,86,99,102,74,96,6,108,22,83,70,25,142,46,60,2,39,109,27,136,8,132,72,126,51,115,11,89,127,50,84,88,123,32,5,24,13,17,57,31,125,54,20,141,100,131,65,101,93,94,40,90,45,85,77,133,66,16,148,62,143,124,18,28,59",20100,200
29,10,70480.16517697777,1.4347261278373895,"71,58,21,68,120,55,87,130,107,91,116,114,73,128,105,97,129,104,117,38,103,4,95,118,111,63,33,81,75,48,92,56,147,112,62,36,76,41,9,44,82,121,106,119,135,113,34,35,14,139,10,64,140,146,98,23,145,67,80,37,110,15,137,3,47,42,144,29,134,49,7,53,43,19,122,52,30,79,26,12,78,61,69,86,99,102,74,96,6,108,22,83,70,25,142,46,60,2,39,109,27,136,8,132,72,126,51,115,11,89,127,50,84,88,123,32,5,24,13,17,57,31,125,54,20,141,100,131,65,101,93,94,40,90,45,85,77,133,66,16,148,143,28,59,18,124,138",20100,200
29,11,70314.22936357038,1.4618038289894748,"71,62,68,21,120,55,87,130,107,91,58,114,73,128,105,97,129,104,117,38,103,4,95,118,111,33,63,30,75,48,92,56,147,112,116,106,121,82,44,9,41,76,36,34,135,113,119,35,14,139,10,64,140,146,98,23,145,67,80,37,110,15,137,3,47,42,144,29,134,49,7,53,43,19,122,86,69,61,102,12,26,79,81,52,99,78,74,96,6,108,22,83,70,25,142,46,60,2,39,109,27,136,8,132,72,126,51,115,11,89,127,50,84,88,123,32,5,24,13,17,57,31,125,54,20,141,100,131,65,101,93,94,40,90,45,85,77,133,66,16,148,143,28,59,18,124,138",20100,200
29,12,70866.60638562399,1.2755651739051446,"71,62,68,21,120,55,87,130,107,91,116,114,73,128,105,97,129,104,117,38,103,4,95,118,111,63,33,30,75,48,92,56,147,112,58,36,76,41,9,44,49,134,29,144,42,47,3,137,15,110,37,80,67,145,23,98,146,140,64,10,139,14,35,34,113,135,119,106,121,82,7,53,43,19,122,86,69,61,102,12,26,79,81,52,99,78,74,96,6,108,22,83,70,25,142,46,60,2,39,109,27,136,8,132,72,126,51,115,11,89,127,50,84,88,123,32,5,24,13,17,57,31,125,54,20,141,100,131,65,101,93,94,40,90,45,85,77,133,66,16,148,143,28,59,18,124,138",20100,200
29,13,69687.59268922587,1.6743766306046426,"71,62,21,68,120,55,87,107,130,91,58,114,73,128,105,97,129,104,117,38,103,4,95,118,111,63,33,30,75,48,36,56,147,112,116,106,121,82,44,9,41,76,92,34,135,113,119,35,14,139,10,64,140,146,98,23,145,67,80,37,110,15,137,3,47,42,144,29,134,49,7,53,43,19,122,86,69,61,102,12,26,79,81,52,99,78,74,96,6,108,22,83,70,25,142,46,60,2,39,109,27,136,8,132,72,126,51,115,11,89,24,5,32,123,88,84,50,127,13,17,57,31,125,54,20,141,100,131,65,101,93,94,40,90,45,85,77,133,66,16,148,143,28,59,18,124,138",20100,200
29,14,68896.25556431431,1.8094544305975415,"71,138,68,21,120,55,87,130,107,91,57,114,73,128,105,97,129,104,117,38,103,4,95,118,111,33,63,81,75,48,92,56,147,112,116,106,121,82,44,9,41,76,35,34,135,113,119,36,14,139,10,64,140,146,98,23,145,67,80,37,110,15,137,3,47,42,144,29,134,49,7,53,43,19,122,52,30,79,26,12,78,61,69,86,99,102,74,96,6,108,22,83,70,25,142,46,60,2,39,109,27,136,8,132,72,126,51,115,11,89,127,20,54,125,31,58,17,13,24,5,32,123,88,84,50,141,100,131,65,101,93,94,40,90,45,85,77,133,66,16,148,62,143,124,18,28,59",20100,200
30,0,69920.66363721204,1.7205812524298278,"20,144,12,49,81,87,105,68,90,57,84,96,89,33,130,66,126,38,29,39,70,71,141,119,135,113,100,28,45,7,136,133,138,82,142,78,114,146,55,46,37,23,83,129,76,67,72,137,31,65,125,16,120,53,104,58,44,6,88,3,107,43,19,41,121,62,4,51,17,14,143,74,9,103,85,48,2,60,79,42,145,139,86,110,59,69,47,94,148,25,116,109,21,122,123,147,128,91,8,106,102,15,61,75,117,13,134,101,77,40,93,35,24,63,132,118,95,127,11,18,108,22,97,80,52,54,5,131,140,92,36,34,99,30,10,64,111,26,56,115,112,98,50,124,73,32,27",20100,200
30,1,72321.9039097067,1.2427389106324787,"20,144,12,49,81,87,105,68,90,57,84,96,89,33,130,66,126,58,44,6,88,3,141,71,70,39,29,38,62,121,41,19,43,107,119,135,113,100,28,104,53,120,16,125,65,31,137,72,67,76,129,83,23,37,46,55,146,114,78,142,82,138,133,136,7,45,4,51,17,14,143,74,9,103,85,48,2,60,79,42,145,139,86,110,25,148,94,47,69,59,116,109,21,122,123,147,128,91,8,106,102,15,92,11,127,63,134,132,77,40,108,35,118,95,101,115,13,117,27,18,93,22,112,80,52,54,5,131,111,61,36,34,99,30,10,64,140,26,56,24,97,98,50,124,73,32,75",20100,200
30,2,73283.80830120499,1.2101239605924676,"20,144,12,49,81,87,105,68,90,57,84,96,89,33,130,66,126,58,44,6,88,3,141,71,70,39,29,38,62,121,41,19,43,107,119,135,113,100,28,104,53,120,16,125,65,31,137,72,67,76,129,83,23,37,46,55,146,114,78,142,82,138,133,136,7,45,4,51,17,14,143,74,9,103,85,48,2,60,79,42,145,139,86,110,25,148,94,47,69,59,116,109,21,122,123,147,127,11,92,15,102,106,8,91,128,112,115,101,77,40,108,35,118,95,132,24,13,117,27,18,93,22,97,80,52,54,5,131,111,61,36,34,99,30,10,64,140,26,56,134,63,98,50,124,73,32,75",20100,200
30,3,71364.47832980812,1.2745195173083856,"20,144,12,49,81,87,105,68,90,57,84,96,89,33,130,66,126,58,44,6,88,3,141,71,70,39,29,38,62,121,41,19,43,107,119,135,113,100,28,104,53,120,16,125,65,31,137,72,67,76,129,83,23,37,46,55,146,114,78,142,82,138,133,136,7,45,4,51,17,14,143,74,9,103,85,48,2,60,79,42,145,139,86,47,69,59,110,94,148,25,116,109,21,122,123,147,128,91,8,106,102,15,92,11,127,63,134,132,77,40,108,35,118,95,101,115,13,117,27,18,93,22,112,80,52,54,5,131,111,61,36,34,99,30,10,64,140,26,56,24,97,98,50,124,73,32,75",20100,200
30,4,69920.66363721204,1.7205812524298278,"20,144,12,49,81,87,105,68,90,57,84,96,89,33,130,66,126,38,29,39,70,71,141,119,135,113,100,28,62,121,41,19,43,107,3,78,114,146,55,46,37,23,83,129,76,67,72,137,31,65,125,16,120,53,104,58,44,6,88,142,82,138,133,136,7,45,4,51,17,14,143,74,9,103,85,48,2,60,79,42,145,139,86,110,59,69,47,94,148,25,116,109,21,122,123,147,128,91,8,106,102,15,61,75,117,13,134,101,77,40,93,35,24,63,132,118,95,127,11,18,108,22,97,80,52,54,5,131,140,92,36,34,99,30,10,64,111,26,56,115,112,98,50,124,73,32,27",20100,200
30,5,70838.69408259331,1.3207573584879244,"20,144,12,49,81,87,105,68,90,57,84,96,89,33,130,66,126,38,29,39,70,71,141,119,135,113,100,28,62,121,41,19,43,107,3,78,114,146,55,46,37,23,83,129,76,67,72,137,31,65,125,16,120,53,104,58,44,6,88,142,82,138,133,136,7,45,4,51,17,14,143,74,9,103,85,48,2,60,79,42,145,139,86,47,69,59,110,94,148,25,116,109,21,122,123,147,127,11,92,15,102,106,8,91,128,63,134,132,77,40,108,35,118,95,101,115,13,117,27,18,93,22,112,80,52,54,5,131,111,61,36,34,99,30,10,64,140,26,56,24,97,98,50,124,73,32,75",20100,200
30,6,69920.66363721204,1.7205812524298278,"20,144,12,49,81,87,105,68,90,57,84,96,89,33,130,66,126,38,29,39,70,71,141,119,135,113,100,28,45,7,136,133,138,82,142,78,114,146,55,46,37,23,83,129,76,67,72,137,31,65,125,16,120,53,104,58,44,6,88,3,107,43,19,41,121,62,4,51,17,14,143,74,9,103,85,48,2,60,79,42,145,139,86,110,59,69,47,94,148,25,116,109,21,122,123,128,147,91,8,106,102,15,61,75,117,13,134,101,77,40,93,35,24,63,132,118,95,127,11,18,108,22,97,80,52,54,5,131,140,92,36,34,99,30,10,64,111,26,56,115,112,98,50,124,73,32,27",20100,200
30,7,71983.82569284405,1.258729518204765,"20,144,12,49,81,87,105,68,90,57,84,96,89,33,130,66,126,38,29,39,70,71,141,119,135,113,100,28,45,7,136,133,138,82,142,88,6,44,42,79,60,2,48,85,103,9,74,143,14,17,51,4,62,121,41,19,43,107,3,78,114,146,55,46,37,23,83,129,76,67,72,137,31,65,125,16,120,53,104,58,145,139,86,110,25,148,94,47,69,59,116,109,21,122,123,147,127,11,92,15,102,106,8,91,128,63,134,132,77,40,108,35,118,95,101,115,13,117,27,18,93,22,112,80,52,54,5,131,111,61,36,34,99,30,10,64,140,26,56,24,97,98,50,124,73,32,75",20100,200
30,8,70083.69612345232,1.6743766306046426,"20,144,12,49,81,87,105,68,90,57,84,96,89,33,130,66,126,38,29,39,70,71,141,119,135,113,100,28,62,121,41,19,43,107,3,78,114,146,55,46,37,23,83,129,76,67,72,137,31,65,125,16,120,53,104,58,44,6,88,142,82,138,133,136,7,45,4,51,17,14,143,74,9,103,85,48,2,60,79,42,145,139,86,110,59,69,47,94,148,25,116,109,21,122,123,147,128,91,8,106,102,15,61,75,117,13,134,101,77,40,93,35,24,63,132,118,112,127,11,18,108,22,97,80,52,54,5,131,140,92,36,34,99,30,10,64,111,26,56,115,95,98,50,124,73,32,27",20100,200
30,9,70171.98541885159,1.3507035203922435,"20,144,12,49,81,87,105,68,90,57,84,96,89,33,130,66,126,38,29,39,70,71,141,119,135,113,100,28,45,7,136,133,43,107,3,78,114,146,55,46,37,23,83,129,76,67,72,137,31,65,125,16,120,53,104,58,44,6,88,142,82,138,19,41,121,62,4,51,17,14,143,74,9,103,85,48,2,60,79,42,145,139,86,47,69,59,110,94,148,25,116,109,21,122,123,147,128,11,92,15,102,106,8,91,127,63,134,132,77,40,108,35,118,95,101,115,13,117,27,18,93,22,112,80,52,54,5,131,111,61,36,34,99,30,10,64,140,26,56,24,97,98,50,124,73,32,75",20100,200
