run,solution_idx,f1,f2,chromosome,n_evaluations,n_generations
0,0,93352.1773107268,18.773218902784805,"4,181,232,20,204,348,40,7,134,319,168,135,305,10,345,27,116,62,123,218,29,285,330,122,158,287,340,3,9,333,133,224,314,294,33,15,336,72,308,199,183,328,78,300,307,234,143,42,193,191,298,71,127,113,217,184,79,52,119,226,125,163,235,31,117,269,351,58,342,316,344,205,69,17,18,43,206,261,297,88,240,216,74,188,5,178,347,303,267,169,280,203,85,137,73,239,21,268,13,349,346,334,238,343,189,248,210,227,96,146,92,75,207,228,141,124,152,219,190,266,172,81,100,264,221,128,292,306,24,138,174,241,263,251,8,231,148,144,293,250,102,337,253,39,243,84,126,192,200,332,12,80,164,223,259,63,185,55,93,150,279,215,77,70,209,61,60,103,34,194,23,110,326,46,2,237,288,318,321,313,11,295,120,276,182,229,315,65,76,214,289,175,208,271,50,159,273,32,322,312,329,30,51,47,197,331,91,142,198,25,45,290,6,325,230,180,302,87,35,291,108,49,281,286,145,167,256,196,202,252,262,324,57,335,59,309,275,156,201,320,83,284,107,86,257,177,54,132,283,195,41,106,28,179,274,282,114,301,165,67,139,129,19,155,130,16,66,89,136,258,149,105,277,38,90,140,339,44,22,260,186,338,53,56,160,118,249,37,161,68,350,171,166,64,82,244,212,36,95,153,296,323,26,162,246,233,173,176,255,14,97,147,170,187,154,98,299,211,265,317,131,112,109,311,225,213,111,99,115,270,278,242,94,220,310,254,157,236,48,101,341,247,121,151,327,104,222,272,245,304",20100,200
0,1,96499.96062609795,13.913897321367264,"4,181,232,20,204,348,40,7,134,77,168,135,305,10,345,27,116,62,123,218,29,285,330,122,158,287,340,3,9,333,133,224,314,294,33,15,336,72,308,199,183,328,78,300,307,234,143,42,193,191,298,280,127,113,217,184,79,52,119,226,125,163,242,31,117,269,351,58,342,316,344,205,69,17,18,43,203,71,169,267,303,347,178,5,188,74,216,240,88,297,261,206,32,258,73,239,21,268,13,349,346,334,238,343,189,248,210,227,96,146,92,75,207,228,141,124,152,219,190,266,172,81,100,264,221,128,292,306,24,138,174,147,263,251,8,231,148,144,293,250,54,337,253,39,243,84,126,192,200,332,12,80,164,223,259,63,185,55,93,150,279,215,319,70,209,61,60,103,34,194,23,110,326,46,2,237,288,318,321,313,11,295,120,276,182,229,315,65,76,214,289,175,208,271,50,159,273,85,322,312,329,30,51,47,197,331,91,142,198,25,45,290,6,325,230,180,302,87,35,291,108,49,281,286,145,167,256,196,202,252,262,324,57,335,59,309,275,156,201,320,83,284,107,86,257,177,102,132,283,195,41,106,28,179,274,282,114,301,165,67,139,187,19,154,130,16,66,89,136,137,149,105,241,38,90,140,339,44,22,260,186,338,53,56,160,118,249,37,161,68,350,171,166,64,82,244,212,36,95,153,296,323,26,162,246,233,173,176,255,14,97,277,170,155,129,98,299,211,265,317,131,112,109,311,225,213,111,99,115,270,278,235,94,220,310,254,157,236,48,101,341,247,304,327,151,104,222,272,245,121",20100,200
0,2,101239.13887431208,11.919348206928285,"252,270,29,9,234,5,170,101,153,98,224,217,195,269,3,134,314,296,229,74,226,119,122,188,327,42,111,113,168,191,287,199,133,336,254,278,10,193,151,20,298,233,112,109,116,340,299,272,142,328,232,145,204,294,115,78,220,222,157,183,300,311,246,173,341,48,72,58,342,123,344,205,332,200,192,126,84,243,39,253,337,102,250,293,144,148,231,8,251,263,241,174,138,24,306,292,128,221,264,100,81,172,187,190,219,152,124,141,228,207,75,92,146,96,227,210,248,189,343,238,44,339,140,90,38,21,175,131,258,32,184,149,177,130,19,67,165,16,66,330,216,162,88,297,46,206,43,335,198,69,12,80,164,223,259,63,185,55,93,150,279,215,77,70,209,61,60,103,34,194,23,110,326,137,85,65,288,169,289,17,266,202,338,276,301,114,347,237,313,303,41,282,295,54,147,247,127,307,158,143,317,213,99,7,62,305,14,249,118,160,56,53,333,321,196,73,304,286,68,309,182,139,15,208,49,71,291,35,87,302,180,230,325,6,290,45,36,181,120,50,11,129,154,225,18,125,323,351,236,277,275,156,201,320,83,284,107,86,257,280,324,283,106,318,26,159,273,59,25,242,2,91,331,197,47,240,274,178,28,132,179,117,322,312,329,30,51,245,167,136,256,37,161,105,350,171,166,64,82,244,212,281,95,268,13,349,346,334,22,260,186,57,108,104,89,262,239,345,255,316,214,315,33,218,203,163,261,155,348,79,176,267,135,308,27,265,4,271,211,76,310,121,52,285,31,235,319,97,40,94",20100,200
0,3,93526.07206152183,17.54373350177148,"245,181,232,20,204,348,40,7,134,319,168,135,305,10,345,27,116,62,123,218,29,285,330,122,158,287,340,3,9,333,133,224,314,294,33,15,336,72,308,199,183,328,78,300,307,234,143,42,193,191,298,71,127,113,217,184,79,52,119,226,125,163,235,31,117,269,351,58,342,316,344,205,69,17,18,43,206,261,297,88,240,216,74,188,5,178,347,303,267,169,280,203,85,137,73,239,21,268,13,349,346,334,238,343,189,248,210,227,96,146,92,75,207,228,141,124,152,219,190,266,172,81,100,264,221,128,292,306,24,138,174,241,263,251,8,231,148,144,293,250,102,337,253,39,243,84,126,192,200,332,12,80,164,223,259,63,185,55,93,150,279,215,77,70,209,61,60,103,34,194,23,110,326,46,2,237,288,318,321,313,11,295,120,276,182,229,315,65,76,214,289,175,208,271,50,159,273,32,322,312,329,30,51,47,197,331,91,142,198,25,45,290,6,325,230,180,302,87,35,291,108,49,281,286,145,167,256,196,202,252,262,324,57,335,59,309,275,156,201,320,83,284,107,86,257,177,54,132,283,195,41,106,28,179,274,282,114,301,165,67,139,129,19,155,130,16,66,89,136,258,149,105,277,38,90,140,339,44,22,260,186,338,53,56,160,118,249,37,161,68,350,171,166,64,82,244,212,36,95,153,296,323,26,162,246,233,173,176,255,14,97,147,170,187,154,98,299,211,265,317,131,112,109,311,225,213,111,99,115,270,278,242,94,220,310,254,157,236,48,101,341,247,304,327,151,4,121,272,222,104",20100,200
0,4,100829.158095302,12.810873534838425,"252,270,29,9,234,5,170,101,72,98,224,10,193,151,20,298,78,115,294,300,183,157,222,220,272,299,340,116,109,112,233,142,328,232,145,204,311,246,314,134,3,48,341,217,278,254,336,133,199,287,191,168,113,111,42,327,188,122,119,226,74,229,296,31,195,269,153,58,342,123,344,205,69,198,335,43,206,46,297,88,162,216,330,66,16,165,67,19,130,177,149,184,32,258,131,175,21,38,90,140,339,44,238,343,189,248,210,227,96,146,92,75,207,228,141,124,152,219,190,187,172,81,100,264,221,128,292,306,24,138,174,241,263,251,8,231,148,144,293,250,102,337,253,39,243,84,126,192,200,332,12,80,164,223,259,63,185,55,93,150,279,215,77,70,209,61,60,103,34,194,23,110,326,137,85,65,288,169,289,17,266,202,338,276,301,114,347,237,313,303,41,282,295,54,147,247,127,307,158,143,317,213,99,7,62,305,14,249,118,160,56,53,333,321,196,73,304,286,68,309,182,139,15,208,49,71,291,35,87,302,180,230,325,6,290,45,36,181,120,50,11,129,154,225,18,125,323,351,236,277,275,156,201,320,83,284,107,86,257,280,324,283,106,318,26,159,273,59,25,242,2,91,331,197,47,240,274,178,28,132,179,117,322,312,329,30,51,245,167,136,256,37,161,105,350,171,166,64,82,244,212,281,95,268,13,349,346,334,22,260,186,57,108,104,89,262,239,345,255,316,214,315,33,218,203,163,261,155,348,79,176,267,135,308,27,265,4,271,211,76,310,121,52,285,173,235,319,97,40,94",20100,200
0,5,100878.60108958957,11.967193439602356,"252,270,29,9,234,5,170,101,153,98,224,217,195,269,3,134,314,296,229,74,226,119,122,188,327,42,111,113,168,191,287,199,133,336,254,278,10,193,151,20,298,233,112,109,116,340,299,272,142,328,232,145,204,294,115,78,220,222,157,183,300,311,246,173,341,48,72,58,342,123,344,205,332,200,192,126,84,243,39,253,337,102,250,293,144,148,231,8,251,263,241,174,138,24,306,292,128,221,264,100,81,172,187,190,219,152,124,141,228,207,75,92,146,280,227,210,248,189,343,238,44,339,140,90,38,21,175,131,258,32,184,149,177,130,19,67,165,16,66,330,216,162,88,297,46,206,43,335,198,69,12,80,164,223,259,63,185,55,93,150,279,215,77,70,209,61,60,103,34,194,23,110,326,137,85,65,288,169,289,17,266,202,338,276,301,114,347,237,313,303,41,282,295,54,147,247,127,307,158,143,317,213,99,7,62,305,14,249,118,160,56,53,333,321,196,73,304,286,68,309,182,139,15,208,49,71,291,35,87,302,180,230,325,6,290,45,36,181,120,50,11,129,154,225,18,125,323,351,236,277,275,156,201,320,83,284,107,86,257,96,318,283,106,324,26,159,273,59,25,242,2,91,331,197,47,240,274,178,28,132,179,117,322,312,329,30,51,245,167,136,256,37,161,105,350,171,166,64,82,244,212,281,95,268,13,349,346,334,22,260,186,57,108,104,89,262,239,345,255,316,214,315,33,218,203,163,261,155,348,79,176,267,135,308,27,265,4,271,211,76,310,121,52,285,31,235,319,97,40,94",20100,200
0,6,92668.27687374323,18.97896703807512,"245,181,232,20,204,348,40,7,134,319,168,135,305,10,345,27,116,62,123,218,29,285,330,122,158,287,340,127,9,333,133,224,314,294,33,15,300,78,328,183,199,308,72,336,307,234,143,42,193,191,298,71,3,113,217,184,79,52,119,226,125,163,235,31,117,269,351,58,342,316,344,205,69,17,18,43,206,261,297,88,240,216,74,188,5,178,347,303,267,169,280,203,85,258,73,239,21,268,13,349,346,334,238,343,189,248,210,227,96,146,92,75,207,228,141,124,152,219,190,266,172,81,100,264,221,128,292,306,24,138,174,241,263,251,8,231,148,144,293,250,102,337,253,39,243,84,126,192,200,332,12,80,164,223,259,63,185,55,93,150,279,215,77,70,209,61,60,103,34,194,23,110,326,46,2,237,288,318,321,313,11,295,120,276,182,54,315,65,76,214,289,175,208,271,50,159,273,32,322,312,329,30,51,47,197,331,91,142,198,25,45,290,6,325,230,180,302,87,35,291,108,49,281,286,145,167,256,196,202,252,262,324,57,335,59,309,275,156,201,320,83,284,107,86,257,177,229,132,283,195,41,106,28,179,274,282,114,301,165,67,139,129,19,155,130,16,66,89,136,137,149,105,277,38,90,140,339,44,22,260,186,338,53,56,160,118,249,37,161,68,350,171,166,64,82,244,212,36,95,153,296,323,26,162,246,233,173,176,255,14,97,147,170,187,154,98,299,211,265,317,131,112,109,311,225,213,111,99,115,270,278,242,94,220,310,254,157,236,48,101,341,247,304,327,151,4,121,272,222,104",20100,200
0,7,101918.41633606957,11.251429740340294,"252,270,29,9,234,5,170,101,153,98,224,217,195,269,3,134,314,296,229,74,226,119,122,188,327,42,111,113,168,191,287,199,133,336,254,278,10,193,151,20,298,233,112,109,116,340,299,272,142,328,232,145,204,294,115,78,220,222,157,183,300,311,246,173,341,48,72,58,342,123,344,205,332,200,192,126,84,243,39,253,337,102,250,293,144,148,231,8,251,263,241,174,138,24,306,292,128,221,264,100,81,172,187,190,219,152,124,141,228,207,75,92,146,96,227,210,248,189,343,238,44,339,140,90,38,21,175,131,258,32,184,149,177,130,19,67,165,16,66,330,216,162,88,297,46,206,43,335,198,69,12,80,164,223,259,63,185,55,93,150,279,215,77,70,209,61,60,103,34,41,303,313,237,347,114,301,276,338,202,266,17,289,169,288,65,85,137,326,110,23,194,282,295,54,147,247,127,307,158,143,317,213,99,7,62,305,14,249,118,160,56,53,333,321,196,73,304,286,68,309,182,139,15,208,49,71,291,35,87,302,180,230,325,6,290,45,36,181,120,50,11,129,154,225,18,125,323,351,236,277,275,156,201,320,83,284,107,86,257,280,324,283,106,318,26,159,273,59,25,242,2,91,331,197,47,240,274,329,312,322,117,179,132,28,178,30,51,245,167,136,256,37,161,105,350,171,166,64,82,244,212,281,95,268,13,349,346,334,22,260,186,57,108,104,89,262,239,345,255,316,214,315,33,218,203,163,261,155,348,79,176,267,135,308,27,265,4,271,211,76,310,121,52,285,31,235,319,97,40,94",20100,200
0,8,94529.51824010146,14.517552457877517,"4,181,232,305,204,348,40,7,134,319,168,135,20,10,345,27,116,62,123,218,29,285,330,122,158,287,340,3,71,298,191,193,42,143,234,307,336,72,308,199,183,328,78,300,15,33,294,314,224,133,333,9,127,113,217,203,79,52,119,226,125,163,235,31,117,269,351,58,342,316,344,205,69,17,18,43,184,280,169,267,303,347,178,5,188,74,216,240,88,297,261,206,32,258,131,175,21,38,90,140,339,44,238,343,189,248,210,227,96,146,92,75,207,228,141,124,152,219,190,187,172,81,100,264,221,128,292,306,223,164,80,12,332,200,192,126,84,243,39,253,337,102,250,293,144,148,231,8,251,263,241,174,138,24,259,63,185,55,93,150,279,215,77,70,209,61,60,103,34,194,23,110,326,46,2,237,288,318,321,313,11,295,120,276,182,229,315,65,76,214,289,239,208,271,50,159,273,85,322,312,329,30,51,47,197,331,91,142,198,25,45,290,6,325,230,180,302,87,35,291,108,49,281,286,145,167,256,196,202,252,262,324,57,335,59,309,275,156,201,320,83,284,107,86,257,177,54,132,283,195,41,106,28,179,274,282,114,301,165,67,139,129,19,155,130,16,66,89,136,137,149,105,277,268,13,349,346,334,22,260,186,338,53,56,160,118,249,37,161,68,350,171,166,64,82,244,212,36,95,153,296,323,26,162,246,233,173,176,255,14,97,147,170,154,266,98,299,211,265,317,73,112,109,311,225,213,111,99,115,270,278,242,94,220,310,254,157,236,48,101,341,247,304,327,151,104,222,272,245,121",20100,200
0,9,94044.60218101038,15.114024876646084,"245,181,232,20,204,348,40,7,134,319,168,135,305,10,345,27,116,62,123,218,29,285,330,122,158,287,340,3,9,333,133,224,314,294,33,15,336,72,308,199,183,328,78,300,307,234,143,42,193,191,298,71,127,113,217,203,79,52,119,226,125,163,235,31,117,269,351,58,342,316,344,205,69,17,18,43,184,280,169,267,303,347,178,5,188,74,216,240,88,297,261,206,32,258,131,175,21,38,90,140,339,44,238,343,189,248,210,227,96,146,92,75,207,228,141,124,152,219,190,266,172,81,100,264,221,128,292,306,223,164,80,12,332,200,192,126,84,243,39,253,337,102,250,293,144,148,231,8,251,263,241,174,138,24,259,63,185,55,93,150,279,215,77,70,209,61,60,103,34,194,23,110,326,46,2,237,288,318,321,313,11,295,120,276,182,229,315,65,76,214,289,239,208,271,50,159,273,85,322,312,329,30,51,47,197,331,91,142,198,25,45,290,6,325,230,180,302,87,35,291,108,49,281,286,145,167,256,196,202,252,262,324,57,335,59,309,275,156,201,320,83,284,107,86,257,177,54,132,283,195,41,106,28,179,274,282,114,301,165,67,139,129,19,155,130,16,66,89,136,137,149,105,277,268,13,349,346,334,22,260,186,338,53,56,160,118,249,37,161,68,350,171,166,64,82,244,212,36,95,153,296,323,26,162,246,233,173,176,255,14,97,147,170,187,154,98,299,211,265,317,73,112,109,311,225,213,111,99,115,270,278,242,94,220,310,254,157,236,48,101,341,247,304,327,151,4,121,272,222,104",20100,200
0,10,93767.3033956626,16.78222423570422,"245,181,232,20,204,348,40,7,134,77,168,135,305,10,345,27,116,62,123,218,29,285,330,122,158,287,340,3,9,333,133,224,314,294,33,15,336,72,308,199,183,328,78,300,307,234,143,42,193,191,298,71,127,113,217,203,79,52,119,226,125,163,235,31,117,269,351,58,342,316,344,312,322,85,273,159,50,271,208,239,289,214,76,65,315,229,182,276,120,295,11,313,321,318,288,237,2,46,326,110,23,194,34,103,60,61,209,70,319,215,279,150,93,55,185,63,259,223,164,80,12,332,200,192,126,84,243,39,253,337,54,250,293,144,148,231,8,251,263,147,174,138,24,306,292,128,221,264,100,81,172,266,190,219,152,124,141,228,207,75,92,146,96,227,210,248,189,343,238,334,346,349,13,268,21,175,73,258,32,206,261,297,88,240,216,74,188,5,178,347,303,267,169,280,184,43,18,17,69,205,329,30,51,47,197,331,91,142,198,25,45,290,6,325,230,180,302,87,35,291,108,49,281,286,145,167,256,196,202,252,262,324,57,335,59,309,275,156,201,320,83,284,107,86,257,177,102,132,283,195,41,106,28,179,274,282,114,301,165,67,139,129,19,155,130,16,66,89,136,137,149,105,277,38,90,140,339,44,22,260,186,338,53,56,160,118,249,37,161,68,350,171,166,64,82,244,212,36,95,153,296,323,26,162,246,233,173,176,255,14,97,241,170,187,154,98,299,211,265,317,131,112,109,311,225,213,111,99,115,270,278,242,94,220,310,254,157,236,48,101,341,247,304,327,151,4,121,272,222,104",20100,200
0,11,99084.94470456519,12.991733810092102,"252,270,29,9,234,5,170,101,341,98,224,217,48,72,3,134,314,246,340,299,272,142,328,220,78,115,294,204,145,232,222,157,183,300,311,116,109,112,233,298,20,151,193,10,278,254,336,133,199,287,191,168,113,111,42,327,188,122,119,226,74,229,296,31,195,269,153,58,342,123,344,205,69,198,335,43,206,46,297,88,162,216,330,66,16,165,67,19,130,177,149,184,32,258,131,175,21,38,90,140,339,44,238,343,189,248,210,227,96,146,92,75,207,228,141,124,152,219,190,187,172,81,100,264,221,128,292,306,24,138,174,241,263,251,8,231,148,144,293,250,102,337,253,39,243,84,126,192,200,332,12,80,164,223,259,63,185,55,93,150,279,215,77,70,209,61,60,103,34,194,23,110,326,137,85,65,315,169,289,17,266,202,338,276,301,114,347,237,313,303,41,282,295,54,147,247,155,261,163,203,218,33,288,214,345,239,316,255,262,89,104,108,57,321,196,73,304,286,68,309,182,139,15,208,49,71,291,35,87,302,180,230,325,6,86,107,284,83,320,201,156,275,277,225,18,125,323,351,236,154,129,11,50,120,181,36,159,273,45,280,318,283,106,324,26,257,290,59,25,242,2,91,331,197,47,240,274,178,28,132,179,117,322,312,329,30,51,245,167,136,256,37,161,105,350,171,166,64,82,244,212,281,95,268,13,349,346,334,22,260,186,56,249,14,160,118,99,7,62,305,213,307,158,143,317,53,333,127,348,79,176,267,135,308,27,265,4,271,211,76,310,121,52,285,173,235,319,97,40,94",20100,200
0,12,96063.85775943751,14.311039130515034,"4,181,232,20,204,348,40,7,134,77,168,135,305,10,345,27,116,62,123,218,29,285,330,122,158,287,340,3,9,333,133,224,314,294,33,15,336,72,308,199,183,328,78,300,307,234,143,42,193,191,298,280,127,113,217,184,79,52,119,226,125,163,242,31,117,269,351,58,342,316,344,205,69,17,18,43,203,71,169,267,303,347,178,5,188,74,216,240,88,297,261,206,32,258,73,239,21,268,13,349,346,334,238,343,189,248,210,227,96,146,92,75,207,228,141,124,152,219,190,266,172,81,100,264,221,128,292,306,24,138,174,147,263,251,8,231,148,144,293,250,54,337,253,39,243,84,126,192,200,332,12,80,164,223,259,63,185,55,93,150,279,215,319,70,209,61,60,103,34,194,23,110,326,46,2,237,288,318,321,313,11,295,120,276,182,229,315,65,76,214,289,175,208,271,50,159,273,85,322,312,329,30,51,47,197,331,91,142,198,25,45,290,6,325,230,180,302,87,35,291,108,49,281,286,145,19,129,139,67,165,301,114,282,274,179,28,106,41,195,283,132,102,177,257,86,107,284,83,320,201,156,275,309,59,335,57,324,262,252,202,196,256,167,155,130,16,66,89,136,137,149,105,277,38,90,140,339,44,22,260,186,338,53,56,160,118,249,37,161,68,350,171,166,64,82,244,212,36,95,153,296,323,26,162,246,233,173,176,255,14,97,241,170,154,187,98,299,211,265,317,131,112,109,311,225,213,111,99,115,270,278,235,94,220,310,254,157,236,48,101,341,247,304,327,151,104,222,272,245,121",20100,200
0,13,100775.45683755892,12.934796361601514,"97,270,29,9,234,5,170,101,72,98,224,10,193,151,20,298,78,115,294,300,183,157,222,220,272,299,340,116,109,112,233,142,328,232,145,204,311,246,314,134,3,48,341,217,278,254,336,133,199,287,191,168,113,111,42,327,188,122,119,226,74,229,296,31,195,269,153,58,342,123,344,205,69,198,335,43,206,46,297,88,162,216,330,66,16,165,67,19,130,177,149,184,32,258,131,175,21,38,90,140,339,44,238,343,189,248,210,227,280,146,92,75,207,228,141,124,152,219,190,187,172,81,100,264,221,128,292,306,24,138,174,241,263,251,8,231,148,144,293,250,102,337,253,39,243,84,126,192,200,332,12,80,164,223,259,63,185,55,93,150,279,215,77,70,209,61,60,103,34,194,23,110,326,137,85,65,288,169,289,17,266,202,338,276,301,114,347,237,313,303,41,282,295,54,147,247,127,307,158,143,317,213,99,7,62,305,14,249,118,160,56,53,333,321,196,73,304,286,68,309,182,139,15,208,49,71,291,35,87,302,180,230,325,6,290,45,36,181,120,50,11,129,154,225,18,125,323,351,236,277,275,156,201,320,83,284,59,96,159,273,318,283,106,324,26,257,86,107,25,242,2,91,331,197,47,240,274,178,28,132,179,117,322,312,329,30,51,245,167,136,256,37,161,105,350,171,166,64,82,244,212,281,95,268,13,349,346,334,22,260,186,57,108,104,89,262,255,316,239,345,214,315,33,218,203,163,261,155,348,79,176,267,135,308,27,265,4,271,211,76,310,121,52,285,252,235,319,173,40,94",20100,200
1,0,90504.31394674498,9.852454601671836,"306,176,112,344,40,195,156,275,181,168,273,121,132,21,30,264,27,82,248,215,263,84,193,189,232,159,300,95,320,220,243,259,24,163,119,36,86,162,282,194,77,29,274,271,8,32,169,96,336,88,230,136,164,171,9,350,347,192,341,152,49,212,318,226,76,198,294,138,33,154,208,47,25,98,276,250,310,254,213,10,103,143,219,207,80,334,85,165,57,170,83,3,314,203,74,238,340,321,22,345,66,135,113,285,106,287,144,302,146,247,115,20,69,17,316,330,199,307,279,110,202,89,210,43,257,235,51,65,227,299,223,284,323,206,343,173,68,291,182,349,101,304,141,145,342,137,205,97,78,272,188,79,133,120,15,331,130,322,292,183,319,127,180,167,249,172,211,333,237,301,90,93,178,283,148,295,174,217,53,201,233,351,311,39,293,14,335,251,44,102,262,12,328,142,117,166,190,147,60,214,62,253,252,123,338,240,153,23,185,54,129,124,134,225,244,261,37,305,42,104,26,296,2,91,139,160,228,277,288,11,111,107,92,75,149,59,329,155,216,63,186,72,38,35,34,286,58,324,346,46,256,151,270,317,41,161,315,4,339,45,55,326,105,100,229,303,231,187,5,140,191,200,67,278,204,313,99,48,108,19,131,234,128,258,209,298,337,6,218,221,81,197,236,73,268,242,281,260,18,241,245,290,289,332,94,312,56,122,150,16,7,255,309,179,13,116,325,246,125,64,118,87,327,50,158,52,114,222,126,280,109,269,196,70,175,157,61,266,297,224,28,184,265,71,239,308,177,267,31,348",20100,200
1,1,92994.04270032246,8.33377549847348,"306,176,112,344,40,195,156,275,181,168,273,121,132,21,30,264,27,82,248,215,263,84,193,189,232,159,300,95,320,220,243,259,24,163,119,36,86,162,282,194,77,29,274,271,8,32,169,96,336,88,230,136,164,171,9,350,347,192,341,212,49,152,318,226,76,198,294,138,33,154,85,334,80,207,219,143,103,10,213,254,316,330,199,307,25,47,208,165,57,188,83,3,314,203,74,238,340,321,22,345,66,135,113,285,106,287,144,302,146,247,115,20,69,17,310,250,322,130,331,15,120,133,79,43,272,78,97,205,137,342,223,284,323,206,343,173,68,291,182,349,101,304,141,145,299,227,65,51,235,257,170,210,89,202,110,279,98,276,292,183,319,127,180,167,249,172,211,333,237,301,90,93,178,283,148,295,174,217,251,335,14,351,311,39,293,233,201,53,44,102,262,12,328,142,117,166,190,147,60,214,62,253,252,123,338,240,153,23,185,54,129,124,134,225,244,261,37,305,42,104,26,296,2,91,139,160,228,277,288,11,111,107,92,75,149,59,329,155,216,63,186,72,38,35,34,286,58,324,346,46,256,151,270,317,41,161,315,4,339,45,55,326,105,100,229,303,231,187,5,140,191,200,67,278,204,313,99,48,108,19,131,234,128,258,209,298,337,6,218,221,81,197,236,73,268,242,281,260,18,241,245,290,289,332,94,312,56,122,150,16,7,255,309,179,13,116,325,246,125,64,118,87,327,50,158,52,114,222,126,280,109,269,196,70,175,157,61,266,297,224,28,184,265,71,239,308,177,267,31,348",20100,200
1,2,91827.59514916078,8.589828135200975,"306,176,112,344,40,195,156,275,181,168,273,121,132,21,30,264,27,82,248,215,263,84,193,189,232,159,300,95,320,220,243,259,24,163,119,36,86,162,282,194,77,29,274,271,8,32,169,96,336,88,230,136,164,171,9,350,347,192,341,212,49,152,318,226,76,198,294,138,33,154,85,334,80,207,219,143,103,10,213,254,316,330,199,307,25,47,208,165,57,293,178,3,314,203,74,238,340,321,22,345,66,135,113,285,106,287,144,302,146,247,115,20,69,17,310,250,43,210,89,202,110,279,98,276,257,235,83,65,227,299,223,284,323,206,343,173,68,291,182,349,101,304,141,145,342,137,205,97,78,272,188,79,133,120,15,331,130,322,292,183,319,127,180,167,249,172,211,333,237,301,90,117,51,328,12,262,102,44,53,201,233,351,311,39,170,14,335,251,217,174,295,148,283,142,93,166,190,147,60,214,62,253,252,123,338,240,153,23,185,54,129,124,134,225,244,261,37,305,42,104,26,296,2,91,139,160,228,277,288,11,111,107,92,75,149,59,329,155,216,63,186,72,38,35,34,286,58,324,346,46,256,151,270,317,41,161,315,4,339,45,55,326,105,100,229,303,231,187,5,140,191,200,67,278,204,313,99,48,108,19,131,234,128,258,209,298,242,268,73,236,197,81,221,218,6,337,281,260,18,241,245,290,289,332,94,312,56,122,150,16,7,255,309,179,13,116,325,246,125,64,118,87,327,50,158,52,114,222,126,280,109,269,196,70,175,157,61,266,297,224,28,184,265,71,239,308,177,267,31,348",20100,200
1,3,94029.96568684571,8.075501149827277,"306,176,112,344,40,195,156,275,181,168,273,121,132,21,30,264,27,82,248,215,263,84,193,189,232,159,300,95,320,220,243,259,24,163,119,36,86,162,282,194,77,29,274,271,8,32,169,96,336,88,230,136,164,171,9,350,347,192,341,212,49,152,318,226,76,198,294,138,33,154,85,334,80,207,219,143,103,10,213,254,316,330,199,307,25,47,208,165,57,188,83,3,314,203,74,238,340,321,22,345,66,135,113,285,106,287,144,302,146,247,115,20,69,17,310,250,322,130,331,15,120,133,79,43,272,78,97,205,137,342,134,225,244,261,343,173,68,291,182,349,101,304,141,145,299,227,65,51,235,257,170,210,89,202,110,279,98,276,292,183,319,127,180,167,249,172,211,333,237,301,90,93,178,283,148,295,174,217,251,335,14,351,311,39,293,233,201,53,44,102,262,12,328,142,117,166,190,147,60,214,62,253,252,123,338,240,153,23,185,54,129,124,223,284,323,206,37,305,42,104,26,296,2,91,139,160,228,277,288,11,111,107,92,75,149,59,329,155,216,63,186,72,38,35,34,286,58,324,346,46,256,151,270,317,41,161,315,4,339,45,55,326,105,100,229,303,231,187,5,140,191,200,67,278,204,313,99,48,108,19,131,234,128,258,209,298,337,6,218,221,81,197,236,73,268,242,281,260,18,241,245,290,289,332,94,312,56,122,150,16,7,255,309,179,13,116,325,246,125,64,118,87,327,50,158,52,114,222,126,280,109,269,196,70,175,157,61,266,297,224,28,184,265,71,239,308,177,267,31,348",20100,200
1,4,89078.71878700495,12.345209395200143,"306,31,112,344,40,195,156,275,181,168,273,121,132,21,30,264,27,82,248,215,263,84,193,189,232,159,300,95,320,220,243,259,24,163,119,36,86,162,282,194,77,29,274,271,8,32,169,96,336,88,230,136,164,171,9,350,347,192,341,152,49,212,318,226,76,198,294,138,33,154,208,47,25,98,276,250,310,254,213,10,103,143,219,207,80,334,85,165,57,293,83,3,314,203,74,238,340,321,22,345,66,135,113,285,106,287,144,302,146,247,115,20,69,17,316,330,199,307,279,110,202,89,210,43,257,235,178,65,227,299,223,284,323,206,343,173,68,291,182,349,101,304,141,145,342,137,205,97,78,272,188,79,133,120,15,331,130,322,292,183,319,127,180,167,249,172,211,333,237,301,90,117,51,328,12,262,102,44,53,201,233,351,311,39,170,14,335,251,217,174,295,148,283,142,93,166,190,147,60,214,62,253,252,123,338,240,153,23,185,54,129,124,134,225,244,261,37,305,42,104,26,296,2,91,139,160,228,277,288,11,111,107,92,75,149,59,329,155,216,63,186,72,38,35,34,286,58,324,346,46,256,151,270,317,41,161,315,4,339,45,55,326,105,100,229,303,231,187,5,140,191,200,67,278,204,313,99,48,108,19,131,298,209,258,128,234,337,6,218,221,81,197,242,268,73,236,281,260,18,241,245,290,289,332,94,312,56,122,150,16,7,255,309,179,13,116,325,246,125,87,118,64,327,50,158,52,114,222,126,280,109,269,196,70,175,157,61,266,297,224,28,184,265,71,239,308,177,267,176,348",20100,200
1,5,89260.25142484278,10.983728431158207,"306,132,112,344,40,195,156,275,181,168,273,121,31,21,30,264,27,82,248,215,263,84,193,189,232,159,300,95,320,220,243,259,24,163,119,36,86,162,282,194,77,29,274,271,8,32,169,96,336,88,230,136,164,171,9,350,347,192,341,152,49,212,318,226,76,198,294,138,33,154,208,47,25,98,276,250,310,254,213,10,103,143,219,207,80,334,85,165,57,170,83,3,314,203,74,238,340,321,22,345,66,135,113,285,106,287,144,302,146,247,115,20,69,17,316,330,199,307,279,110,202,89,210,43,257,235,178,65,227,299,223,284,323,206,343,173,68,291,182,349,101,304,141,145,342,137,205,97,78,272,188,79,133,120,15,331,130,322,292,183,319,127,180,167,249,172,211,333,237,301,39,311,351,233,201,53,44,102,262,12,328,51,117,90,293,14,335,251,217,174,295,148,283,142,93,166,190,147,60,214,62,253,252,123,338,240,153,23,185,54,129,124,134,225,244,261,37,305,42,104,26,296,2,91,139,160,228,277,288,11,111,107,92,75,149,59,329,155,216,63,186,72,38,35,34,286,58,324,346,46,256,151,270,317,41,161,315,4,339,45,55,326,105,100,229,303,231,187,5,140,191,200,67,278,204,313,99,48,108,19,131,234,128,258,209,298,242,268,73,236,197,81,221,218,6,337,281,260,18,241,245,290,289,332,94,312,56,122,150,16,7,255,309,179,13,116,325,246,125,87,118,64,327,50,158,52,114,222,126,280,109,269,196,70,175,157,61,266,297,224,28,184,265,71,239,308,177,267,176,348",20100,200
1,6,88395.38828369565,13.141153271195499,"306,31,112,344,40,195,156,275,181,168,273,121,132,21,30,8,271,274,29,77,194,282,162,86,36,119,163,24,259,243,220,320,95,300,159,232,85,193,84,263,215,248,82,27,264,284,223,96,336,33,154,136,164,171,9,350,334,80,341,152,49,212,318,226,76,198,294,138,88,230,189,347,192,207,219,143,103,10,213,254,316,330,199,307,25,47,208,165,57,293,83,3,314,203,74,238,340,321,22,345,66,135,113,285,343,206,323,32,169,299,227,65,51,235,257,43,210,89,202,110,279,98,276,250,310,17,69,20,115,247,146,302,144,287,106,173,68,291,182,349,101,304,141,145,342,137,205,97,78,272,188,79,133,120,15,331,130,322,292,183,319,127,180,167,249,172,211,333,237,301,90,93,178,283,148,295,174,44,53,201,233,351,311,39,170,14,335,251,217,102,262,12,328,142,117,166,190,147,60,214,62,253,252,123,338,240,153,23,185,54,129,124,134,225,244,261,37,305,42,104,26,296,2,91,139,160,228,277,288,11,111,107,92,75,149,59,329,155,216,63,186,72,38,35,34,286,58,324,346,46,256,151,270,317,41,161,315,4,339,45,55,326,105,100,229,303,231,187,5,140,191,200,67,278,204,313,99,48,108,19,131,234,128,258,209,298,337,6,218,221,81,197,236,73,268,242,281,260,18,241,245,290,289,332,94,312,56,122,150,16,7,255,309,179,13,116,325,246,125,87,118,64,327,50,158,52,114,222,126,280,109,269,196,70,175,157,61,266,224,297,28,184,176,71,239,308,177,267,265,348",20100,200
1,7,91103.68465254286,8.70273108539332,"306,176,112,344,40,195,156,275,181,168,273,121,132,21,30,264,27,82,248,215,263,84,193,189,232,159,300,95,320,220,243,259,24,163,119,36,86,162,282,194,77,29,274,271,8,32,169,96,336,88,230,136,164,171,9,350,347,192,341,212,49,152,318,226,76,198,294,138,33,154,208,47,25,98,276,250,310,254,213,10,103,143,219,207,80,334,85,165,57,170,83,3,314,203,74,238,340,321,316,17,69,20,115,247,146,302,144,287,106,285,113,135,66,345,22,330,43,210,89,202,110,279,199,307,257,235,178,65,227,299,223,284,323,206,343,173,68,291,182,349,101,304,141,145,342,137,205,97,78,272,188,79,133,120,15,331,130,322,292,183,319,127,180,167,249,172,211,333,237,301,90,93,51,283,148,295,174,217,53,201,233,351,311,39,293,14,335,251,44,102,262,12,328,142,117,166,190,147,60,214,62,253,252,123,338,240,153,23,185,54,129,124,134,225,244,261,37,305,42,104,26,296,2,91,139,160,228,277,288,11,111,107,92,75,149,59,329,155,216,63,186,72,38,35,34,286,58,324,346,46,256,151,270,317,41,161,315,4,339,45,55,326,105,100,229,303,231,187,5,140,191,200,67,278,204,313,99,48,108,19,131,234,128,258,209,298,242,268,73,236,197,81,221,218,6,337,281,260,18,241,245,290,289,332,94,312,56,122,150,16,7,255,309,179,13,116,325,246,125,64,118,87,327,50,158,52,114,222,126,280,109,269,196,70,175,157,61,266,297,224,28,184,265,71,239,308,177,267,31,348",20100,200
1,8,89101.93094373334,11.599441889771896,"306,176,112,344,40,195,156,275,181,168,273,121,132,21,30,8,271,274,29,77,194,282,162,86,36,119,163,24,259,243,220,320,95,300,159,232,85,193,84,263,215,248,82,27,264,284,223,96,336,33,154,136,164,171,9,350,334,80,341,152,49,212,318,226,76,198,294,138,88,230,189,347,192,207,219,143,103,10,213,254,316,330,199,307,25,47,208,165,57,293,83,3,314,203,74,238,340,321,22,345,66,135,113,285,343,206,323,32,169,299,227,65,51,235,257,43,210,89,202,110,279,98,276,250,310,17,69,20,115,247,146,302,144,287,106,173,68,291,182,349,101,304,141,145,342,137,205,97,78,272,188,79,133,120,15,331,130,322,292,183,319,127,180,167,249,172,211,333,237,301,90,93,178,283,148,295,174,44,53,201,233,351,311,39,170,14,335,251,217,102,262,12,328,142,117,166,190,147,60,214,62,253,252,123,338,240,153,23,185,54,129,124,134,225,244,261,37,305,42,104,26,296,2,91,139,160,228,277,288,11,111,107,92,75,149,59,329,155,216,63,186,72,38,35,34,286,58,324,346,46,256,151,270,317,41,161,315,4,339,45,55,326,105,100,229,303,231,187,5,140,191,200,67,278,204,313,99,48,108,19,131,234,128,258,209,298,337,6,218,221,81,197,236,73,268,242,281,260,18,241,245,290,289,332,94,312,56,122,150,16,7,255,309,179,13,116,325,246,125,64,118,87,327,50,158,52,114,222,126,280,109,269,196,70,175,157,61,266,297,224,28,184,265,71,239,308,177,267,31,348",20100,200
1,9,89950.54406031,9.92948494141635,"306,176,112,344,40,195,156,275,181,168,273,121,132,21,30,264,27,82,248,215,263,84,193,189,232,159,300,95,320,220,243,259,24,163,119,36,86,162,282,194,77,29,274,271,8,32,169,96,336,88,230,136,164,171,9,350,347,192,341,212,49,152,318,226,76,198,294,138,33,154,208,47,25,98,276,250,310,254,213,10,103,143,219,207,80,334,85,165,57,170,83,3,314,203,74,238,340,321,22,345,66,135,113,285,106,287,144,302,146,247,115,20,69,17,316,330,199,307,279,110,202,89,210,43,257,235,178,65,227,299,223,284,323,206,343,173,68,291,182,349,101,304,141,145,342,137,205,97,78,272,188,79,133,120,15,331,130,322,292,183,319,127,180,167,249,172,211,333,237,301,39,311,351,233,201,53,44,102,262,12,328,51,117,90,293,14,335,251,217,174,295,148,283,142,93,166,190,147,60,214,62,253,252,123,338,240,153,23,185,54,129,124,134,225,244,261,37,305,42,104,26,296,2,91,139,160,228,277,288,11,111,107,92,75,149,59,329,155,216,63,186,72,38,35,34,286,58,324,346,46,256,151,270,317,41,161,315,4,339,45,55,326,105,100,229,303,231,187,5,140,191,200,67,278,204,313,99,48,108,19,131,234,128,258,209,298,242,268,73,236,197,81,221,218,6,337,281,260,18,241,245,290,289,332,94,312,56,122,150,16,7,255,309,179,13,116,325,246,125,64,118,87,327,50,158,52,114,222,126,280,109,269,196,70,175,157,61,266,297,224,28,184,265,71,239,308,177,267,31,348",20100,200
1,10,92251.54099023399,8.52862992189667,"306,176,112,344,40,195,156,275,181,168,273,121,132,21,30,264,27,82,248,215,263,84,193,189,232,159,300,95,320,220,243,259,24,163,119,36,86,162,282,194,77,29,274,271,8,32,169,96,336,88,230,136,164,171,9,350,347,192,341,212,49,152,318,226,76,198,294,138,33,154,85,334,80,207,219,143,103,10,213,254,316,330,199,307,25,47,208,165,57,293,178,3,314,203,74,238,340,321,22,345,66,135,113,285,106,287,144,302,146,247,115,20,69,17,310,250,276,98,279,110,202,89,210,43,257,235,83,65,227,299,223,284,323,206,343,173,68,291,182,349,101,304,141,145,342,137,205,97,78,272,188,79,133,120,15,331,130,322,292,183,319,127,180,167,249,172,211,333,237,301,90,93,51,283,148,295,174,217,53,201,233,351,311,39,170,14,335,251,44,102,262,12,328,142,117,166,190,147,60,214,62,253,252,123,338,240,153,23,185,54,129,124,134,225,244,261,37,305,42,104,26,296,2,91,139,160,228,277,288,11,111,107,92,75,149,59,329,155,216,63,186,72,38,35,34,286,58,324,346,46,256,151,270,317,41,161,315,4,339,45,55,326,105,100,229,303,231,187,5,140,191,200,67,278,204,313,99,48,108,19,131,234,128,258,209,298,242,268,73,236,197,81,221,218,6,337,281,260,18,241,245,290,289,332,94,312,56,122,150,16,7,255,309,179,13,116,325,246,125,64,118,87,327,50,158,52,114,222,126,280,109,269,196,70,175,157,61,266,297,224,28,184,265,71,239,308,177,267,31,348",20100,200
1,11,90651.56520464098,9.6941025155899,"306,176,112,344,40,195,156,275,181,168,273,121,132,21,30,264,27,82,248,215,263,84,193,189,232,159,300,95,320,220,243,259,24,163,119,36,86,162,282,194,77,29,274,271,8,32,169,96,336,88,230,136,164,171,9,350,347,192,341,212,49,152,318,226,76,198,294,138,33,154,208,47,25,98,276,250,310,254,213,10,103,143,219,207,80,334,85,165,57,170,83,3,314,203,74,238,340,321,22,345,66,135,113,285,106,287,144,302,146,247,115,20,69,17,316,330,199,307,279,110,202,89,210,43,257,235,51,65,227,299,223,284,323,206,343,173,68,291,182,349,101,304,141,145,342,137,205,97,78,272,188,79,133,120,15,331,130,322,292,183,319,127,180,167,249,172,211,333,237,301,90,93,178,283,148,295,174,217,53,201,233,351,311,39,293,14,335,251,44,102,262,12,328,142,117,166,190,147,60,214,62,253,252,123,338,240,153,23,185,54,129,124,134,225,244,261,37,305,42,104,26,296,2,91,139,160,228,277,288,11,111,107,92,75,149,59,329,155,216,63,186,72,38,35,34,286,58,324,346,46,256,151,270,317,41,161,315,4,339,45,55,326,105,100,229,303,231,187,5,140,191,200,67,278,204,313,99,48,108,19,131,234,128,258,209,298,242,268,73,236,197,81,221,218,6,337,281,260,18,241,245,290,289,332,94,312,56,122,150,16,7,255,309,179,13,116,325,246,125,64,118,87,327,50,158,52,114,222,126,280,109,269,196,70,175,157,61,266,297,224,28,184,265,71,239,308,177,267,31,348",20100,200
1,12,89079.15045536832,11.774646077459531,"306,132,112,344,40,195,156,275,181,168,273,121,31,21,30,264,27,82,248,215,263,84,193,189,232,159,300,95,320,220,243,259,24,163,119,36,86,162,282,194,77,29,274,271,8,32,169,96,336,88,230,136,164,171,9,350,347,192,341,152,49,212,318,226,76,198,294,138,33,154,208,47,25,98,276,250,310,254,213,10,103,143,219,207,80,334,85,165,57,293,83,3,314,203,74,238,340,321,22,345,66,135,113,285,106,287,144,302,146,247,115,20,69,17,316,330,199,307,279,110,202,89,210,43,257,235,178,65,227,299,223,284,323,206,343,173,68,291,182,349,101,304,141,145,342,137,205,97,78,272,188,79,133,120,15,331,130,322,292,183,319,127,180,167,249,172,211,333,237,301,90,93,51,283,148,295,174,44,53,201,233,351,311,39,170,14,335,251,217,102,262,12,328,142,117,166,190,147,60,214,62,253,252,123,338,240,153,23,185,54,129,124,134,225,244,261,37,305,42,104,26,296,2,91,139,160,228,277,288,11,111,107,92,75,149,59,329,155,216,63,186,72,38,35,34,286,58,324,346,46,256,151,270,317,41,161,315,4,339,45,55,326,105,100,229,303,231,187,5,140,191,200,67,278,204,313,99,48,108,19,131,234,128,258,209,298,242,268,73,236,197,81,221,218,6,337,281,260,18,241,245,290,289,332,94,312,56,122,150,16,7,255,309,179,13,116,325,246,125,87,118,64,327,50,158,52,114,222,126,280,109,269,196,70,175,157,61,266,297,224,28,184,265,71,239,308,177,267,176,348",20100,200
1,13,88609.12709437705,12.489020121000944,"306,31,112,344,40,195,156,275,181,168,273,121,132,21,30,8,271,274,29,77,194,282,162,86,36,119,163,24,259,243,220,320,95,300,159,232,189,193,84,263,215,248,82,27,264,32,169,96,336,88,230,136,164,171,9,350,347,192,341,152,49,212,318,226,76,198,294,138,33,154,208,47,25,98,276,250,310,254,213,10,103,143,219,207,80,334,85,165,57,170,83,3,314,203,74,238,340,321,22,345,66,135,113,285,106,287,144,302,146,247,115,20,69,17,316,330,199,307,279,110,202,89,210,43,257,235,178,65,227,299,223,284,323,206,343,173,68,291,182,349,101,304,141,145,342,137,205,97,78,272,188,79,133,120,15,331,130,322,292,183,319,127,180,167,249,172,211,333,237,301,39,311,351,233,201,53,44,102,262,12,328,51,117,90,293,14,335,251,217,174,295,148,283,142,93,166,190,147,60,214,62,253,252,123,338,240,153,23,185,54,129,124,134,225,244,261,37,305,42,104,26,296,2,91,139,160,228,277,288,11,111,107,92,75,149,59,329,155,216,63,186,72,38,35,34,286,58,324,346,46,256,151,270,317,41,161,315,4,339,45,55,326,105,100,229,303,231,187,5,140,191,200,67,278,204,313,99,48,108,19,131,298,209,258,128,234,337,6,218,221,81,197,242,268,73,236,281,260,18,241,245,290,289,332,94,312,56,122,150,16,7,255,309,179,13,116,325,246,125,87,118,64,327,50,158,52,114,222,126,280,109,269,196,70,175,157,61,266,297,224,28,184,265,71,239,308,177,267,176,348",20100,200
1,14,89839.90732088628,10.631238997896036,"306,176,112,344,40,195,156,275,181,168,273,121,132,21,30,264,27,82,248,215,263,84,193,189,232,159,300,95,320,220,243,259,24,163,119,36,86,162,282,194,77,29,274,271,8,32,169,96,336,88,230,136,164,171,9,350,347,192,341,212,49,152,318,226,76,198,294,138,33,154,208,47,25,98,276,250,310,254,213,10,103,143,219,207,80,334,85,165,57,170,83,3,314,203,74,238,340,321,22,345,66,135,113,285,106,287,144,302,146,247,115,20,69,17,316,330,199,307,279,110,202,89,210,43,257,235,51,65,227,299,223,284,323,206,343,173,68,291,182,349,101,304,141,145,342,137,205,97,78,272,188,79,133,120,15,331,130,322,292,183,319,127,180,167,249,172,211,333,237,301,90,93,178,283,148,295,174,44,53,201,233,351,311,39,293,14,335,251,217,102,262,12,328,142,117,166,190,147,60,214,62,253,252,123,338,240,153,23,185,54,129,124,134,225,244,261,37,305,42,104,26,296,2,91,139,160,228,277,288,11,111,107,92,75,149,59,329,155,216,63,186,72,38,35,34,286,58,324,346,46,256,151,270,317,41,161,315,4,339,45,55,326,105,100,229,303,231,187,5,140,191,200,67,278,204,313,99,48,108,19,131,234,128,258,209,298,242,268,73,236,197,81,221,218,6,337,281,260,18,241,245,290,289,332,94,312,56,122,150,16,7,255,309,179,13,116,325,246,125,64,118,87,327,50,158,52,114,222,126,280,109,269,196,70,175,157,61,266,297,224,28,184,265,71,239,308,177,267,31,348",20100,200
1,15,93605.88034800904,8.24184472889094,"306,176,112,344,40,195,156,275,181,168,273,121,132,21,30,264,27,82,248,215,263,84,193,189,232,159,300,95,320,220,243,259,24,163,119,36,86,162,282,194,77,29,274,271,8,32,169,96,336,88,230,136,164,171,9,350,347,192,341,212,49,152,318,226,76,198,294,138,33,154,85,334,80,207,219,143,103,10,213,254,316,330,199,307,25,47,208,165,57,170,178,3,314,203,74,238,340,321,22,345,66,135,113,285,106,287,144,302,146,247,115,20,69,17,310,250,276,98,279,110,202,89,210,43,257,235,83,65,227,299,134,225,244,261,343,173,68,291,182,349,101,304,141,145,342,137,205,97,78,272,188,79,133,120,15,331,130,322,292,183,319,127,180,167,249,172,211,333,237,301,90,93,51,283,148,295,174,217,53,201,233,351,311,39,293,14,335,251,44,102,262,12,328,142,117,166,190,147,60,214,62,253,252,123,338,240,153,23,185,54,129,124,223,284,323,206,37,305,42,104,26,296,2,91,139,160,228,277,288,11,111,107,92,75,149,59,329,155,216,63,186,72,38,35,34,286,58,324,256,46,346,151,270,317,41,161,315,4,339,45,55,326,105,100,229,303,231,187,5,140,191,200,67,278,204,313,99,48,108,19,131,234,128,258,209,298,242,268,73,236,197,81,221,218,6,337,281,260,18,241,245,290,289,332,94,312,56,122,150,16,7,255,309,179,13,116,325,246,125,64,118,87,327,50,158,52,114,222,126,280,109,269,196,70,175,157,61,266,297,224,28,184,265,71,239,308,177,267,31,348",20100,200
1,16,90799.72404043883,8.878781810581296,"306,176,112,344,40,195,156,275,181,168,273,121,132,21,30,264,27,82,248,215,263,84,193,189,232,159,300,95,320,220,243,259,24,163,119,36,86,162,282,194,77,29,274,271,8,32,169,96,336,88,230,136,164,171,9,350,347,192,341,152,49,212,318,226,76,198,294,138,33,154,208,47,25,98,276,250,310,254,213,10,103,143,219,207,80,334,85,165,57,170,83,3,314,203,74,238,340,321,316,17,69,20,115,247,146,287,144,302,106,285,113,135,66,345,22,330,43,210,89,202,110,279,199,307,257,235,178,65,227,299,223,284,323,206,343,173,68,291,182,349,101,304,141,145,342,137,205,97,78,272,188,79,133,120,15,331,130,322,292,183,319,127,180,167,249,172,211,333,237,301,90,93,51,283,148,295,174,217,53,201,233,351,311,39,293,14,335,251,44,102,262,12,328,142,117,166,190,147,60,214,62,253,252,123,338,240,153,23,185,54,129,124,134,225,244,261,37,305,42,104,26,296,2,91,139,160,228,277,288,11,111,107,92,75,149,59,329,155,216,63,186,72,38,35,34,286,58,324,346,46,256,151,270,317,41,161,315,4,339,45,55,326,105,100,229,303,231,187,5,140,191,200,67,278,204,313,99,48,108,19,131,234,128,258,209,298,337,6,218,221,81,197,236,73,268,242,281,260,18,241,245,290,289,332,94,312,56,122,150,16,7,255,309,179,13,116,325,246,125,64,118,87,327,50,158,52,114,222,126,280,109,269,196,70,175,157,61,266,297,224,28,184,265,71,239,308,177,267,31,348",20100,200
1,17,89285.82298219421,10.742634453956715,"306,176,112,344,40,195,156,275,181,168,273,121,132,21,30,8,271,274,29,77,194,282,162,86,232,159,300,95,320,220,243,259,24,163,119,36,189,193,84,263,215,248,82,27,264,32,169,96,336,88,230,136,164,171,9,350,347,192,341,152,49,212,318,226,76,198,294,138,33,154,208,47,25,98,276,250,310,254,213,10,103,143,219,207,80,334,85,165,57,170,83,3,314,203,74,238,340,321,22,345,66,135,113,285,106,287,144,302,146,247,115,20,69,17,316,330,199,307,279,110,202,89,210,43,257,235,178,65,227,299,223,284,323,206,343,173,68,291,182,349,101,304,141,145,342,137,205,97,78,272,188,79,133,120,15,331,130,322,292,183,319,127,180,167,249,172,211,333,237,301,39,311,351,233,201,53,44,102,262,12,328,51,117,90,293,14,335,251,217,174,295,148,283,142,93,166,190,147,60,214,62,253,252,123,338,240,153,23,185,54,129,124,134,225,244,261,37,305,42,104,26,296,2,91,139,160,228,277,288,11,111,107,92,75,149,59,329,155,216,63,186,72,38,35,34,286,58,324,346,46,256,151,270,317,41,161,315,4,339,45,55,326,105,100,229,303,231,187,5,140,191,200,67,278,204,313,99,48,108,19,131,298,209,258,128,234,337,6,218,221,81,197,242,268,73,236,281,260,18,241,245,290,289,332,94,312,56,122,150,16,7,255,309,179,13,116,325,246,125,64,118,87,327,50,158,52,114,222,126,280,109,269,196,70,175,157,61,266,297,224,28,184,265,71,239,308,177,267,31,348",20100,200
2,0,94599.21519891001,13.242227001668518,"80,39,287,190,194,266,191,281,237,136,40,326,242,2,161,273,329,75,238,235,44,127,53,97,157,240,85,245,123,314,83,69,24,142,212,254,291,175,303,110,107,76,335,315,61,102,285,181,224,154,226,95,182,264,192,103,340,204,21,125,294,54,96,81,43,28,121,128,203,247,187,209,331,92,256,48,148,51,310,27,208,324,344,311,165,10,177,109,152,172,253,307,317,262,220,258,124,160,268,306,155,239,139,330,164,227,298,145,45,252,189,168,267,277,159,71,241,198,14,201,70,283,222,7,6,89,42,33,170,104,144,270,56,265,68,195,12,134,289,348,163,318,22,50,60,117,35,162,173,342,345,186,274,169,249,286,113,77,305,73,221,211,350,207,90,58,63,137,47,216,15,290,94,16,143,210,217,74,308,316,106,88,132,346,9,309,349,18,248,205,5,233,228,11,25,151,37,65,98,141,156,296,147,153,325,93,319,338,180,17,46,135,236,23,223,229,185,64,158,234,272,312,263,174,32,140,200,322,231,184,86,219,176,232,218,193,284,323,199,178,292,269,327,34,3,84,339,196,129,261,230,57,259,118,66,171,313,351,112,105,282,183,320,78,20,8,336,197,122,260,82,288,333,52,130,279,213,347,276,300,328,116,278,188,250,255,101,62,166,72,36,271,299,111,297,108,275,55,13,334,295,114,337,301,149,79,138,332,4,26,91,304,29,179,119,115,321,341,100,343,41,133,302,293,243,19,251,206,257,49,99,131,30,225,31,59,120,87,214,126,150,38,280,167,67,215,146,246,202,244",20100,200
2,1,94853.33673533158,12.37025636882217,"80,39,287,190,194,266,191,281,237,136,329,273,161,2,242,326,40,75,238,235,44,127,53,97,157,240,85,245,123,314,83,69,24,142,212,254,291,175,303,110,107,76,335,315,61,102,285,181,224,154,226,95,182,264,192,103,340,204,21,125,294,54,96,81,43,121,28,128,203,247,187,209,331,92,256,48,148,51,310,27,208,324,344,311,165,10,177,109,152,172,253,307,317,262,220,258,124,160,268,306,155,239,139,330,164,227,298,145,45,252,189,168,267,277,159,71,241,198,14,201,70,283,222,7,6,89,42,33,170,104,144,270,56,265,68,195,12,134,289,348,163,318,22,50,60,117,35,162,173,342,345,186,274,169,249,286,113,77,305,73,221,211,350,207,90,58,63,137,47,216,15,290,94,16,143,210,217,74,308,316,106,88,132,346,9,309,349,18,248,205,5,233,228,11,25,151,37,65,98,141,156,296,147,153,325,93,319,338,180,17,46,135,236,23,223,229,158,64,185,234,272,312,263,174,32,140,200,322,231,184,86,219,176,232,218,193,284,323,199,178,292,269,282,183,320,78,20,8,336,261,230,57,259,118,66,171,313,84,327,105,112,351,257,196,339,304,129,26,4,332,138,79,149,301,337,114,3,34,99,131,30,225,321,59,31,115,119,179,29,279,130,52,333,288,82,260,122,197,91,49,213,347,13,55,275,108,297,111,299,271,36,72,166,62,101,255,250,188,278,116,328,133,302,293,243,19,251,206,100,295,300,343,334,41,341,202,120,87,214,126,150,38,280,167,67,276,146,246,215,244",20100,200
2,2,92276.88576929667,52.81486999092134,"307,39,287,190,194,266,191,281,237,136,40,326,242,2,161,273,329,75,238,235,44,127,53,97,157,240,85,245,123,314,83,69,24,142,212,254,291,175,303,110,107,76,335,315,61,102,285,181,224,154,226,95,182,264,192,103,340,204,21,125,294,54,96,81,128,43,28,121,203,247,187,209,331,92,256,48,148,51,310,27,208,324,344,311,165,10,177,109,152,172,253,80,317,262,220,258,124,160,268,306,155,239,139,330,164,227,298,145,45,252,189,168,267,277,159,71,241,198,14,201,70,283,222,7,6,89,42,33,170,104,144,270,56,265,68,195,12,134,289,348,163,318,22,50,60,117,35,162,173,342,345,186,274,169,249,286,113,77,305,73,221,211,350,207,90,58,63,137,47,216,15,290,94,16,143,210,217,74,308,316,106,88,132,346,9,309,349,18,248,205,5,233,228,11,25,151,37,65,98,141,156,296,147,153,325,93,319,338,180,17,46,135,236,23,223,229,185,64,158,234,272,312,263,174,32,140,200,322,231,184,86,219,176,232,218,193,284,323,199,178,292,183,320,78,3,34,257,196,20,261,230,57,259,118,66,171,313,84,327,269,112,105,282,351,339,304,129,26,4,332,138,79,149,301,337,114,336,8,99,131,30,225,321,59,31,115,119,179,29,279,130,52,333,288,82,260,122,197,91,49,213,347,13,55,275,108,297,111,299,271,36,72,166,62,101,255,250,188,278,116,328,300,276,334,295,206,251,19,243,293,302,133,41,343,100,341,120,87,214,126,150,38,280,167,67,215,146,246,202,244",20100,200
2,3,94369.62412415611,13.256603197828289,"307,39,287,190,194,266,191,281,237,136,329,273,161,2,242,326,40,75,340,103,192,264,182,95,226,154,224,181,285,102,61,315,335,76,107,110,303,175,291,254,212,142,24,69,83,314,123,245,85,240,157,97,53,127,44,235,238,204,21,125,294,54,96,81,128,43,28,121,247,203,187,209,331,92,256,48,148,51,310,27,208,324,344,311,165,10,177,109,152,172,253,80,317,262,220,258,124,160,268,306,155,239,139,330,164,227,298,145,45,252,189,168,267,277,159,71,241,198,14,201,70,283,222,7,6,89,42,33,170,104,144,270,56,265,68,195,12,134,289,348,163,318,22,50,60,117,35,162,173,342,345,186,274,169,249,286,113,77,305,73,221,211,350,207,90,58,63,137,47,216,15,290,94,16,143,210,217,74,308,316,106,88,132,346,9,309,349,18,248,205,5,233,228,11,25,151,37,65,98,141,156,296,147,153,325,93,319,338,180,17,46,135,236,23,223,229,185,64,158,234,272,312,263,174,32,140,200,322,231,184,86,219,176,232,218,193,284,323,199,178,292,269,327,84,313,171,66,118,259,57,230,261,3,34,99,196,257,351,112,105,282,183,320,78,20,8,336,197,122,260,82,288,333,52,130,279,213,347,276,300,328,116,278,188,250,255,101,62,166,72,36,271,299,111,297,108,275,55,13,334,295,114,337,301,149,79,138,332,4,26,129,304,339,131,30,225,321,341,100,343,41,133,302,293,243,19,251,206,91,49,29,179,119,115,31,59,120,87,214,126,150,38,280,167,67,215,146,246,202,244",20100,200
2,4,93685.45570500822,13.646014759660114,"307,39,287,190,194,266,191,281,237,136,329,273,161,2,242,75,40,326,238,235,44,127,53,97,157,240,85,245,123,314,83,69,24,142,212,254,291,175,303,110,107,76,335,315,61,102,285,181,224,154,226,95,182,264,192,103,340,204,21,125,294,54,96,81,128,121,28,43,203,247,187,209,331,92,256,48,148,51,310,27,208,324,344,311,165,10,177,109,152,172,253,80,317,262,220,258,124,160,268,306,155,239,139,330,164,227,298,145,45,252,189,168,267,89,6,7,222,283,70,201,14,198,241,71,159,277,42,33,170,104,144,270,56,265,68,195,12,134,289,348,163,318,22,50,60,117,35,162,173,342,345,186,274,169,249,286,113,77,305,73,221,211,350,207,90,58,63,137,47,216,15,290,94,16,143,210,217,74,308,316,106,88,132,346,9,309,349,18,248,205,5,233,228,11,25,151,37,65,98,141,156,296,147,153,325,93,319,338,180,17,46,135,236,23,223,229,185,64,158,234,272,312,263,174,32,140,200,322,231,184,86,219,176,232,218,193,284,323,199,178,292,269,327,84,313,171,66,118,259,57,230,261,3,34,99,196,257,351,112,105,282,183,320,78,20,8,336,197,122,260,82,288,333,52,130,279,213,347,276,300,328,116,278,188,250,255,101,62,166,72,36,271,299,111,297,108,275,55,13,334,295,114,337,301,149,79,138,332,4,26,91,304,29,179,119,115,31,59,321,225,30,131,339,49,129,206,251,19,243,293,302,133,41,343,100,341,120,87,214,126,150,38,280,167,67,215,146,246,202,244",20100,200
2,5,100310.65739557771,12.203606210262087,"80,39,287,190,194,266,191,281,237,136,21,125,294,2,242,326,40,204,238,235,44,127,53,97,157,240,85,245,123,102,61,315,335,76,107,110,303,175,291,254,212,142,24,69,83,314,285,181,224,154,226,95,182,264,192,103,340,75,329,273,161,54,96,81,128,121,28,43,203,247,187,209,331,92,256,48,148,51,310,27,208,324,344,311,165,10,177,109,152,172,253,307,317,262,220,258,124,160,268,306,155,239,139,330,164,227,298,145,45,252,189,168,267,277,159,71,241,198,14,201,70,283,222,7,6,89,42,33,170,104,144,270,56,265,68,195,12,134,289,348,163,318,22,50,60,117,35,162,173,342,345,186,274,169,249,286,113,77,305,73,221,211,350,207,90,58,63,137,47,216,15,290,94,16,143,210,217,74,308,316,106,88,132,346,9,309,349,18,248,205,5,233,228,11,25,151,37,65,98,141,156,296,147,153,325,93,319,338,180,17,46,135,236,23,257,351,112,105,282,234,272,312,263,174,32,140,200,322,231,184,86,79,149,301,337,114,295,101,13,196,275,108,297,52,299,271,36,72,64,255,334,62,202,215,278,116,138,300,232,328,185,229,130,111,99,29,82,260,122,197,3,34,333,55,223,279,341,320,213,183,166,78,20,8,336,261,230,57,259,118,66,171,313,178,327,269,292,84,199,323,284,193,218,158,176,219,347,332,4,26,129,304,339,131,30,225,321,276,100,343,41,133,302,293,243,19,251,206,91,49,288,179,119,115,31,59,120,87,214,126,150,38,280,167,67,188,146,246,250,244",20100,200
2,6,94194.45669192699,13.315740945065723,"307,39,287,190,194,266,191,281,237,136,40,326,242,2,161,273,329,75,238,235,44,127,53,97,157,240,85,245,123,314,83,69,24,142,212,254,291,175,303,110,107,76,335,315,61,102,285,181,224,154,226,95,182,264,192,103,340,204,21,125,294,54,96,81,43,121,28,128,203,247,187,209,331,92,256,48,148,51,310,27,208,324,344,311,165,10,177,109,152,172,253,80,317,262,220,258,124,160,268,306,155,239,139,330,164,227,298,145,45,252,189,168,267,277,159,71,241,198,14,201,70,283,222,7,6,89,42,33,170,104,144,270,56,265,68,195,12,134,289,348,163,318,22,50,60,117,35,162,173,342,345,186,274,169,249,286,113,77,305,73,221,211,350,207,90,58,63,137,47,216,15,290,94,16,143,210,217,74,308,316,106,88,132,346,9,309,349,18,248,205,5,233,228,11,25,151,37,65,98,141,156,296,147,153,325,93,319,338,180,17,46,135,236,23,257,351,112,105,282,234,272,312,263,174,32,140,200,322,231,184,193,218,232,176,219,86,284,323,199,178,292,64,185,183,320,78,20,8,336,261,230,57,259,118,66,171,313,84,327,269,158,229,223,196,339,304,129,26,4,332,138,79,149,301,337,114,3,34,99,131,30,225,321,59,31,115,119,179,29,279,130,52,333,288,82,260,122,197,91,49,213,347,13,55,275,108,297,111,299,271,36,72,166,62,101,255,250,188,278,116,328,300,276,334,295,206,251,19,243,293,302,133,41,343,100,341,120,87,214,126,150,38,280,167,67,215,146,246,202,244",20100,200
2,7,94827.39794932512,12.978898799935104,"279,39,287,190,194,266,191,281,237,136,40,326,242,2,161,273,329,75,340,103,192,264,182,95,226,154,224,181,285,102,61,315,335,76,107,254,291,175,303,110,212,142,24,69,83,314,123,245,85,240,157,97,53,127,44,235,238,204,21,125,294,54,96,81,128,43,28,121,247,203,187,209,331,92,256,48,148,51,310,27,208,324,344,311,165,10,177,109,152,172,253,80,317,262,220,258,124,160,268,306,155,239,139,330,164,227,298,145,45,252,189,267,168,277,159,71,241,198,14,201,70,283,222,7,6,89,42,33,170,104,144,270,56,265,68,195,12,134,289,348,163,318,22,50,60,117,35,162,173,342,345,186,274,169,249,286,113,77,305,73,221,211,350,207,90,58,63,137,47,216,15,290,94,16,143,210,217,74,308,316,106,88,132,346,9,309,349,18,248,205,5,233,228,11,25,151,37,65,98,141,156,296,147,153,325,93,319,338,180,17,46,135,236,23,223,229,158,64,185,183,320,78,20,8,336,261,230,57,259,118,66,171,313,84,327,269,292,178,199,323,284,193,218,232,176,219,86,184,231,322,200,140,32,174,263,312,272,34,3,234,282,105,112,351,339,304,129,26,4,332,138,79,149,301,337,114,257,196,99,131,30,225,321,59,31,115,119,179,29,307,130,52,333,288,82,260,122,197,13,334,295,72,36,271,299,111,297,108,275,55,213,347,276,300,328,116,278,341,100,343,41,133,302,293,243,19,251,206,91,49,166,62,101,255,250,188,120,87,214,126,150,38,280,167,67,215,146,246,202,244",20100,200
2,8,93030.3799786825,13.784891825124545,"75,39,287,190,194,266,191,281,237,136,329,273,161,2,242,279,40,326,340,103,192,264,182,95,226,154,224,181,285,102,61,315,335,76,107,110,303,175,291,254,212,142,24,69,83,314,123,245,85,240,157,97,53,127,44,235,238,204,21,125,294,54,96,81,128,43,28,121,247,203,187,209,331,92,256,48,148,51,310,27,208,324,344,311,165,10,177,109,152,172,253,80,317,262,220,258,124,160,268,306,155,239,139,330,164,227,298,145,45,252,189,168,267,277,159,71,241,198,14,201,70,283,222,7,6,89,42,33,170,104,144,270,56,265,68,195,12,134,289,348,163,318,22,50,60,117,35,162,173,342,345,186,274,169,249,286,113,77,305,73,221,211,350,207,90,58,63,137,47,216,15,290,94,16,143,210,217,74,308,316,106,88,132,346,9,309,349,18,248,205,5,233,228,11,25,151,37,65,98,141,156,296,147,153,325,93,319,338,180,17,46,135,236,23,223,229,185,64,158,234,272,312,263,174,32,140,200,322,231,184,86,219,176,232,218,193,284,323,199,178,292,105,112,183,320,78,20,8,336,261,230,57,259,118,66,171,313,84,327,269,3,34,282,351,339,304,129,26,4,332,138,79,149,301,337,114,257,196,99,131,30,225,321,59,31,115,119,179,29,307,130,52,333,288,82,260,122,197,13,334,295,72,36,271,299,111,297,108,275,55,213,347,276,300,328,116,278,341,100,343,41,133,302,293,243,19,251,206,91,49,166,62,101,255,250,188,120,87,214,126,150,38,280,167,67,215,146,246,202,244",20100,200
2,9,93945.07164653837,13.435007744939188,"307,39,287,190,194,266,191,2,242,326,40,136,237,281,161,273,329,75,340,103,192,127,53,97,157,240,85,245,123,314,83,69,24,142,212,254,291,175,303,110,107,76,335,315,61,102,285,181,224,154,226,95,182,264,44,235,238,204,21,125,294,54,96,81,43,28,121,128,203,247,187,209,331,92,256,48,148,51,310,27,208,324,344,311,165,10,177,109,152,172,253,80,317,262,220,258,124,160,268,306,155,239,139,330,164,227,298,145,45,252,189,168,267,277,159,71,241,198,14,201,70,283,222,7,6,89,42,33,170,104,144,270,56,265,68,195,12,134,289,348,163,318,22,50,60,117,35,162,173,342,345,186,274,169,249,286,113,77,305,73,221,211,350,207,90,58,63,137,47,216,15,290,94,16,143,210,217,74,308,316,106,88,132,346,9,309,349,18,248,205,5,233,228,11,25,151,37,65,98,141,156,296,147,153,325,93,319,338,180,17,46,135,236,23,223,229,185,64,158,234,272,312,263,174,32,140,200,322,231,184,86,219,176,232,218,193,284,323,199,178,292,269,327,84,313,171,66,118,259,57,230,261,3,34,99,196,257,351,112,105,282,183,320,78,20,8,336,197,122,260,82,288,333,52,130,279,213,347,276,300,328,116,278,188,250,255,101,62,166,72,36,271,299,111,297,108,275,55,13,334,295,114,337,301,149,79,138,332,4,26,91,304,29,179,119,115,31,59,321,225,30,131,339,49,129,206,251,19,243,293,302,133,41,343,100,341,120,87,214,126,150,38,280,167,67,215,146,246,202,244",20100,200
2,10,93964.46175740616,13.340750487988538,"80,39,287,190,194,266,191,281,237,136,40,326,242,2,161,273,329,75,238,235,44,127,53,97,157,240,85,245,123,314,83,69,24,142,212,254,291,175,303,110,107,76,335,315,61,102,285,181,224,154,226,95,182,264,192,103,340,204,21,125,294,54,96,81,43,28,121,128,203,247,187,209,331,92,256,48,148,51,310,27,208,324,344,311,165,10,177,109,152,172,253,307,317,262,220,258,124,160,268,306,155,239,139,330,164,227,298,145,45,252,189,168,267,277,159,71,241,198,14,201,70,283,222,7,6,89,42,33,170,104,144,270,56,265,68,195,12,134,289,348,163,318,22,50,60,117,35,162,173,342,345,186,274,169,249,286,113,77,305,73,221,211,350,207,90,58,63,137,47,216,15,290,94,16,143,210,217,74,308,316,106,88,132,346,9,309,349,18,248,205,5,233,228,11,25,151,37,65,98,141,156,296,147,153,325,93,319,338,180,17,46,135,236,23,257,351,112,105,282,234,272,312,263,174,32,140,200,322,231,184,193,218,232,176,219,86,284,323,199,178,292,64,185,183,320,78,20,8,336,261,230,57,259,118,66,171,313,84,327,269,158,229,223,196,339,304,129,26,4,332,138,79,149,301,337,114,3,34,99,131,30,225,321,59,31,115,119,179,29,279,130,52,333,288,82,260,122,197,91,49,213,347,13,55,275,108,297,111,299,271,36,72,166,62,101,255,250,188,278,116,328,300,276,334,295,206,251,19,243,293,302,133,41,343,100,341,120,87,214,126,150,38,280,167,67,215,146,246,202,244",20100,200
2,11,92659.47906219412,40.97436838135454,"307,39,287,190,194,266,191,281,237,136,40,326,242,2,161,273,329,75,238,235,44,127,53,97,157,240,85,245,123,314,83,69,24,142,212,254,291,175,303,110,107,76,335,315,61,102,285,181,224,154,226,95,182,264,192,103,340,204,21,125,294,54,96,81,128,121,28,43,203,247,187,209,331,92,256,48,148,51,310,27,208,324,344,311,165,10,177,109,152,172,253,80,317,262,220,258,124,160,268,306,155,239,139,330,164,227,298,145,45,252,189,168,267,277,159,71,241,198,14,201,70,283,222,7,6,89,42,33,170,104,144,270,56,265,68,195,12,134,289,348,163,318,22,50,60,117,35,162,173,342,345,186,274,169,249,286,113,77,305,73,221,211,350,207,90,58,63,137,47,216,15,290,94,16,143,210,217,74,308,316,106,88,132,346,9,309,349,18,248,205,5,233,228,11,25,151,37,65,98,141,156,296,147,153,325,93,319,338,180,17,46,135,236,23,223,229,185,64,158,234,272,312,263,174,32,140,200,322,231,184,86,219,176,232,218,193,284,323,199,178,292,183,320,78,3,34,257,196,20,261,230,57,259,118,66,171,313,84,327,269,112,105,282,351,339,304,129,26,4,332,138,79,149,301,337,114,336,8,99,131,30,225,321,59,31,115,119,179,29,279,130,52,333,288,82,260,122,197,91,49,213,347,13,55,275,108,297,111,299,271,36,72,166,62,101,255,250,188,278,116,328,133,302,293,243,19,251,206,100,295,300,276,41,343,334,341,120,87,214,126,150,38,280,167,67,215,146,246,202,244",20100,200
2,12,93018.37192348944,14.418057618400903,"307,39,287,190,194,266,191,281,237,136,40,326,242,2,161,273,329,75,340,103,192,127,53,97,157,240,85,245,123,314,83,69,24,142,212,254,291,175,303,110,107,76,335,315,61,102,285,181,224,154,226,95,182,264,44,235,238,204,21,125,294,54,96,81,43,28,121,128,203,247,187,209,331,92,256,48,148,51,310,27,208,324,344,311,165,10,177,109,152,172,253,80,317,262,220,258,124,160,268,306,155,239,139,330,164,227,298,145,45,252,189,168,267,277,159,71,241,198,14,201,70,283,222,7,6,89,42,33,170,104,144,270,56,265,68,195,12,134,289,348,163,318,22,50,60,117,35,162,173,342,345,186,274,169,249,286,113,77,305,73,221,211,350,207,90,58,63,137,47,216,15,290,94,16,143,210,217,74,308,316,106,88,132,346,9,309,349,18,248,205,5,233,228,11,25,151,37,65,98,141,156,296,147,153,325,93,319,338,180,17,46,135,236,23,223,229,185,64,158,234,272,312,263,174,32,140,200,322,231,184,86,219,176,232,218,193,284,323,199,178,292,183,320,78,3,34,257,196,20,261,230,57,259,118,66,171,313,84,327,269,112,105,282,351,339,304,129,26,4,332,138,79,149,52,130,279,213,347,276,300,328,116,278,188,250,255,101,62,166,72,36,271,299,111,297,108,275,55,13,334,295,114,337,301,333,288,82,260,122,197,336,8,99,131,30,225,321,341,100,343,41,133,302,293,243,19,251,206,91,49,29,179,119,115,31,59,120,87,214,126,150,38,280,167,67,215,146,246,202,244",20100,200
2,13,101301.48608000114,11.963213645405801,"80,39,287,190,194,266,191,281,237,136,40,326,242,2,294,125,21,204,238,235,44,127,53,97,157,240,85,245,123,314,83,69,24,142,212,254,291,175,303,110,107,76,335,315,61,102,285,181,224,154,226,95,182,264,192,103,340,75,329,273,161,54,96,81,128,121,28,43,203,247,187,209,331,92,256,48,148,51,310,27,208,324,344,311,165,10,177,109,152,172,253,307,317,262,220,258,124,160,268,306,155,239,139,330,164,227,298,145,45,252,189,168,267,277,159,71,241,198,14,201,70,283,222,7,6,89,42,33,170,104,144,270,56,265,68,195,12,134,289,348,163,318,22,50,60,117,35,162,173,342,345,186,274,169,249,286,113,77,282,105,112,351,257,23,236,210,217,74,308,316,106,88,132,346,9,309,349,18,98,65,37,151,25,11,228,233,5,205,248,141,156,296,147,153,325,93,319,338,180,17,46,135,143,16,94,290,15,216,47,137,63,58,90,207,350,211,221,73,305,234,272,312,263,174,32,140,200,322,231,184,86,79,149,301,337,114,295,101,13,196,275,108,297,52,299,271,36,72,64,255,334,62,202,215,278,116,138,300,232,328,185,229,130,111,99,29,82,260,122,197,3,34,223,55,333,279,341,320,213,183,166,78,20,8,336,261,230,57,259,118,66,171,313,178,327,269,292,84,199,323,284,193,218,158,176,219,347,332,4,26,129,304,339,131,30,225,321,276,100,343,41,133,302,293,243,19,251,206,91,49,288,179,119,115,31,59,120,87,214,126,150,38,280,167,67,188,146,246,250,244",20100,200
2,14,100130.31920995336,12.219204430571565,"307,39,287,190,194,266,191,281,237,136,40,326,242,2,161,273,329,75,340,103,192,127,53,97,157,240,85,245,123,314,83,69,24,142,212,254,291,175,303,110,107,76,335,315,61,102,285,181,224,154,226,95,182,264,44,235,238,204,21,125,294,54,96,81,128,121,28,43,203,247,187,209,331,92,256,48,148,51,310,27,208,324,344,262,317,80,253,172,152,109,177,10,165,311,220,258,124,160,268,306,155,239,139,330,164,227,298,145,45,252,189,168,267,277,159,71,241,198,14,201,70,283,222,7,6,89,42,33,170,104,144,270,56,265,68,195,12,134,289,348,163,318,22,50,60,117,35,162,173,342,345,186,274,169,249,286,113,77,305,73,221,211,350,207,90,58,63,137,47,216,15,290,94,16,143,210,217,74,308,316,106,88,132,346,9,309,349,18,248,205,5,233,228,11,25,151,37,65,98,141,156,296,147,153,325,93,319,338,180,17,46,135,236,23,257,351,112,105,282,234,272,312,263,174,32,140,200,322,231,184,86,79,149,301,337,114,295,101,13,196,275,108,297,52,299,271,36,72,64,255,334,62,202,215,278,116,138,300,232,328,185,229,130,111,99,29,82,260,122,197,3,34,333,55,223,279,341,320,213,183,166,78,20,8,336,261,230,57,259,118,66,171,313,178,327,269,292,84,199,323,284,193,218,158,176,219,347,332,4,26,129,304,339,131,30,225,321,276,100,343,41,133,302,293,243,19,251,206,91,49,288,179,119,115,31,59,120,87,214,126,150,38,280,167,67,188,146,246,250,244",20100,200
2,15,95236.03327763743,12.343280599731937,"307,39,287,190,194,266,191,281,237,136,40,326,161,2,242,273,329,75,340,103,192,264,182,95,226,154,224,181,285,102,61,315,335,76,107,110,303,175,291,254,212,142,24,69,83,314,123,245,85,240,157,97,53,127,44,235,238,204,21,125,294,54,96,81,128,43,28,121,247,203,187,209,331,92,256,48,148,51,310,27,208,324,344,311,165,10,177,109,152,172,253,80,317,262,220,258,124,160,268,306,155,239,139,330,164,227,298,145,45,252,189,168,267,277,159,71,241,198,14,201,70,283,222,7,6,89,42,33,170,104,144,270,56,265,68,195,12,134,289,348,163,318,22,50,60,117,35,162,173,342,345,186,274,169,249,286,113,77,305,73,221,211,350,207,90,58,63,137,47,216,15,290,94,16,143,210,217,74,308,316,106,88,132,346,9,309,349,18,248,205,5,233,228,11,25,151,37,65,98,141,156,296,147,153,325,93,319,338,180,17,46,135,236,23,223,229,158,64,185,234,272,312,263,174,32,140,200,322,231,184,86,219,176,232,218,193,284,323,199,178,292,269,282,183,320,78,20,8,336,261,230,57,259,118,66,171,313,84,327,105,112,351,257,196,339,304,129,26,4,332,138,79,149,301,337,114,3,34,99,131,30,225,321,59,31,115,119,179,29,279,130,52,333,288,82,260,122,197,91,49,213,347,13,55,275,108,297,111,299,271,36,72,166,62,101,255,250,188,278,116,328,133,302,293,243,19,251,206,100,295,300,343,334,41,341,202,120,87,214,126,150,38,280,167,67,276,146,246,215,244",20100,200
3,0,103356.74425850448,11.440296564666859,"4,186,12,138,324,42,21,308,164,242,275,77,342,155,2,27,7,126,166,286,51,156,95,121,142,119,241,91,162,127,33,135,231,223,298,203,98,148,272,82,165,327,204,285,19,336,151,134,80,311,222,113,301,123,9,41,68,280,144,271,59,101,172,296,124,255,196,75,279,49,250,192,64,16,115,237,264,140,133,141,261,224,210,252,194,331,337,105,259,93,350,17,321,44,343,79,344,349,214,318,346,36,253,132,282,187,251,299,247,313,188,302,37,314,333,335,185,178,146,329,5,216,6,11,107,297,89,24,174,47,120,58,303,332,277,104,159,200,348,315,262,52,8,111,161,56,263,14,288,103,100,202,90,81,334,116,40,209,10,97,320,351,197,70,236,34,180,15,198,312,294,83,248,154,158,232,291,61,48,195,246,310,199,86,293,309,137,74,117,67,173,182,260,283,274,43,108,13,304,62,157,69,163,147,338,72,170,139,184,295,118,225,319,317,189,290,35,281,66,181,326,257,60,53,258,169,328,3,122,38,176,125,287,160,57,226,63,212,31,254,330,345,18,85,26,269,340,150,25,46,92,99,152,20,217,292,219,266,145,347,55,273,278,175,235,73,207,205,215,39,228,179,110,325,221,71,307,23,227,102,29,177,276,114,238,270,218,208,171,76,143,249,28,233,45,54,245,87,229,267,243,130,213,50,305,30,268,256,284,153,316,289,84,339,193,32,265,239,234,167,300,22,131,183,88,306,96,106,323,244,128,201,190,240,168,230,129,191,65,341,206,211,322,136,112,94,220,149,109,78",20100,200
3,1,94807.78917770207,14.113041274593805,"4,7,27,2,155,342,77,270,242,164,308,21,211,324,138,12,186,126,166,286,51,156,95,121,142,119,241,91,162,127,349,135,231,223,298,203,98,148,272,217,165,327,204,285,19,336,151,134,80,311,222,113,301,123,115,41,68,280,144,271,59,101,172,296,124,255,196,75,279,49,250,192,64,16,9,237,264,140,133,141,261,224,210,187,282,132,253,36,346,318,214,243,344,79,343,44,321,17,350,93,259,105,238,331,194,252,251,299,247,313,188,302,277,332,303,58,276,47,174,178,89,297,185,11,6,111,5,329,146,24,107,335,333,314,37,104,159,200,348,315,8,52,262,216,161,56,263,14,34,236,70,197,351,320,97,10,209,40,116,334,81,90,202,100,103,288,180,15,198,312,294,83,248,154,158,232,291,112,48,239,257,129,339,66,281,35,290,189,317,319,173,182,260,283,139,170,72,338,147,163,69,157,309,137,74,117,67,225,118,295,235,274,43,108,13,304,62,293,86,199,310,246,195,53,258,169,328,3,122,38,176,125,287,160,57,226,63,179,228,39,208,267,229,87,245,54,45,233,28,191,143,65,240,33,278,275,337,46,120,177,29,102,227,23,307,71,221,325,110,212,31,254,330,345,18,85,26,269,340,150,25,114,92,99,152,20,82,292,341,76,88,168,230,128,326,50,130,316,22,183,167,234,60,184,32,193,181,84,289,249,153,284,256,268,30,305,190,213,205,215,219,266,73,265,175,218,273,55,347,145,207,171,206,42,244,201,300,322,323,106,96,306,131,136,61,94,220,149,109,78",20100,200
3,2,99991.22186089726,12.402933783581581,"4,186,12,138,324,42,21,308,164,242,275,77,342,155,2,27,7,126,166,286,51,156,95,121,142,119,241,91,162,127,33,135,231,223,298,203,98,148,272,82,165,327,204,285,19,336,151,134,80,311,222,113,301,123,9,41,68,280,144,271,59,101,172,296,124,255,196,75,279,49,250,192,64,16,115,314,37,302,133,141,261,224,210,252,194,331,337,105,259,93,350,17,321,44,343,79,344,349,214,318,346,36,253,132,282,187,251,299,247,313,188,140,264,237,333,335,107,24,146,329,5,216,6,11,185,297,89,178,174,47,120,58,303,332,277,104,159,200,348,315,262,52,8,111,161,56,263,14,288,103,100,202,90,81,334,116,40,209,10,97,320,351,197,70,236,34,180,15,198,312,294,83,248,154,158,232,291,61,48,195,246,310,199,86,293,309,137,74,117,67,173,182,260,283,274,43,108,13,304,62,157,69,163,147,338,72,170,139,184,295,118,225,319,317,189,290,35,281,66,181,326,257,60,53,258,169,328,3,122,38,176,125,287,160,57,226,63,212,31,254,330,345,18,85,26,269,340,150,25,46,92,99,152,20,217,292,219,266,145,347,55,273,278,175,235,73,207,205,215,39,228,179,110,325,221,71,307,23,227,102,29,177,276,114,238,270,218,208,171,76,143,249,28,233,45,54,245,87,229,267,243,130,213,50,305,30,268,256,284,153,316,289,84,339,193,32,265,239,234,167,300,22,131,183,88,306,96,106,323,244,128,201,190,240,168,230,129,191,65,341,206,211,322,136,112,94,220,149,109,78",20100,200
3,3,93280.95960967749,14.784224120852524,"4,7,27,2,155,342,77,271,59,101,172,296,124,255,138,12,186,126,166,286,51,156,95,121,142,119,241,91,162,127,349,135,231,223,298,203,98,148,272,217,165,327,204,285,19,336,151,134,80,311,222,113,301,123,115,41,68,280,144,270,242,164,308,21,211,324,196,75,279,49,250,192,64,16,9,332,277,302,188,313,247,299,251,187,282,132,253,36,346,318,214,243,344,79,343,44,321,17,350,93,259,105,238,331,194,252,210,224,261,141,133,140,264,237,303,58,276,47,174,178,89,297,6,11,185,216,5,329,146,24,107,335,333,314,37,104,159,200,348,315,262,52,8,111,161,56,263,14,34,236,70,197,351,320,97,10,209,40,116,334,81,90,202,100,103,288,180,15,198,312,294,83,248,154,158,232,291,112,48,239,257,129,339,304,13,108,43,74,117,67,225,118,295,235,139,170,72,338,147,163,69,157,309,137,189,317,319,173,182,260,283,274,290,35,281,66,62,293,86,199,310,246,195,53,258,169,328,3,122,38,176,125,287,160,57,226,63,179,228,39,208,267,229,87,245,54,45,233,28,191,143,65,240,33,278,275,337,46,120,177,29,102,227,23,307,71,221,325,110,212,31,254,330,345,18,85,26,269,340,150,25,114,92,99,152,20,82,292,341,76,88,168,230,128,326,50,130,316,22,183,167,234,60,184,32,193,181,84,289,249,153,284,256,268,30,305,190,213,205,215,219,266,73,265,175,218,273,55,347,145,207,171,206,42,244,201,300,322,306,106,323,96,131,136,61,94,220,149,109,78",20100,200
3,4,97521.69439835328,12.864816959977983,"4,7,27,166,126,186,12,138,324,94,21,206,164,242,270,77,342,155,2,286,51,156,95,121,142,119,241,91,162,127,349,135,231,223,298,203,98,148,272,217,165,327,204,285,19,336,151,134,80,311,222,113,301,123,9,41,68,280,144,271,59,101,172,296,124,255,196,75,279,49,250,192,64,16,115,237,37,302,188,313,247,299,251,187,282,132,337,105,259,93,350,17,321,44,343,79,344,243,214,318,346,36,238,331,194,252,210,224,261,141,133,140,264,314,333,335,107,24,146,329,5,111,8,52,262,297,89,178,174,47,276,58,303,332,277,104,159,200,348,315,185,11,6,216,161,56,263,14,34,236,70,197,351,320,97,10,209,40,116,334,81,90,202,100,103,288,180,15,198,312,294,83,248,154,158,232,291,112,48,304,257,129,339,137,74,35,290,13,117,319,173,182,260,283,139,170,72,338,147,163,69,157,62,66,281,108,43,274,235,295,118,225,67,258,53,239,309,293,86,199,310,246,195,189,317,169,328,3,122,38,176,125,287,160,57,226,63,179,228,39,208,267,229,87,245,54,45,233,28,191,143,65,240,33,278,275,253,46,120,177,29,102,227,23,307,71,221,325,110,212,31,254,330,345,18,85,26,269,340,150,25,114,92,99,152,20,82,292,171,207,145,347,55,273,218,175,265,73,266,219,215,205,213,190,305,30,268,256,284,153,249,289,84,181,193,32,184,60,234,167,183,22,316,130,50,326,128,230,168,88,76,341,308,42,244,201,300,322,323,106,96,306,131,136,61,211,220,149,109,78",20100,200
3,5,92881.55538848463,14.861101998944745,"4,7,27,2,155,342,77,271,59,101,172,296,124,255,138,12,186,126,166,286,51,156,95,121,142,119,241,91,162,127,349,135,231,223,298,203,98,148,272,217,165,327,204,285,19,336,151,134,80,311,222,113,301,123,115,41,68,280,144,270,242,164,308,21,211,324,196,75,279,49,250,192,64,16,9,237,264,140,133,141,261,224,251,187,344,243,238,105,259,93,350,17,321,44,343,79,282,132,214,318,346,36,253,331,194,252,210,299,247,313,188,302,277,332,303,58,276,47,174,178,89,297,6,11,185,216,5,329,146,24,107,335,333,314,37,104,159,200,348,315,262,52,8,111,161,56,263,14,34,236,70,197,351,320,97,10,209,40,116,334,81,90,202,100,103,288,180,15,198,312,294,83,248,154,158,232,291,112,48,239,257,129,339,304,13,108,43,74,117,67,225,118,295,235,139,170,72,338,147,163,69,157,309,137,189,317,319,173,182,260,283,274,290,35,281,66,62,293,86,199,310,246,195,53,258,169,328,3,122,38,176,125,287,160,57,226,63,179,228,39,208,267,229,87,245,54,45,233,28,191,143,65,240,33,278,275,337,46,120,177,29,102,227,23,307,71,221,325,110,212,31,254,330,345,18,85,26,269,340,150,25,114,92,99,152,20,82,292,341,76,88,168,230,128,326,50,130,316,22,183,167,234,60,184,32,193,181,84,289,249,153,284,256,268,30,305,190,213,205,215,219,266,73,322,55,42,171,206,265,131,207,273,145,218,347,106,323,244,306,201,300,96,175,136,61,94,220,149,109,78",20100,200
3,6,101058.11404318143,11.869304338819877,"4,186,12,138,324,42,21,308,164,242,275,77,342,155,2,27,7,126,166,286,51,156,95,203,298,223,33,135,231,127,162,91,241,119,142,121,98,148,272,254,36,346,318,214,349,344,79,343,44,321,17,350,93,259,105,337,331,194,252,210,224,261,141,133,124,255,196,75,279,49,250,192,64,16,9,237,264,140,296,172,101,59,271,144,280,68,41,115,123,301,113,222,311,80,134,151,336,19,285,204,327,165,253,132,282,187,251,299,247,313,188,302,37,314,333,335,107,24,146,329,5,216,6,11,185,297,89,178,174,47,120,58,303,332,277,104,159,200,348,315,262,52,8,111,161,56,263,14,288,103,100,202,90,81,334,116,40,209,10,97,320,351,197,70,236,34,28,249,143,76,171,208,218,270,238,114,276,177,29,102,227,23,307,71,221,325,110,212,31,217,330,345,18,85,26,269,340,150,25,46,92,99,152,20,39,292,219,266,145,347,55,273,278,175,235,73,207,205,215,82,228,179,63,226,57,160,287,125,176,38,122,3,328,169,258,53,60,257,326,181,66,281,35,290,189,317,319,225,118,295,184,139,170,72,338,147,163,69,157,62,304,13,108,43,274,283,260,182,173,67,117,74,137,309,293,86,199,310,246,195,48,61,291,232,158,154,248,83,294,312,198,15,180,233,45,54,245,87,229,267,243,130,213,50,305,30,268,256,284,153,316,289,84,339,193,32,265,239,234,167,300,22,131,183,88,306,96,106,323,244,128,201,190,240,168,230,129,191,65,341,206,211,322,136,112,94,220,149,109,78",20100,200
3,7,95262.2392387103,13.669394742381225,"4,7,27,2,155,342,77,270,242,164,308,21,211,324,138,12,186,126,166,286,51,156,95,121,142,119,241,91,162,127,349,135,231,223,298,203,98,148,272,217,165,327,204,285,19,336,151,134,80,311,222,113,301,123,115,41,68,280,144,271,59,101,172,296,124,255,196,75,279,49,250,192,64,16,9,237,264,140,133,141,261,224,210,187,282,132,253,36,346,318,214,243,344,79,343,44,321,17,350,93,259,105,238,331,194,252,251,299,247,313,188,302,277,332,303,58,276,47,174,178,89,297,185,11,6,216,5,329,146,24,107,335,333,314,37,104,159,200,348,315,8,52,262,111,161,56,263,14,34,236,70,197,351,320,97,10,209,40,116,334,81,90,202,100,103,288,180,15,198,312,294,83,248,154,158,232,291,112,48,304,257,129,339,137,74,35,290,13,117,319,173,182,260,283,139,170,72,338,147,163,69,157,62,66,281,108,43,274,235,295,118,225,67,258,53,239,309,293,86,199,310,246,195,189,317,169,328,3,122,38,176,125,287,160,57,226,63,179,228,39,208,267,229,87,245,54,45,233,28,249,143,65,240,33,278,275,337,46,120,177,29,102,227,23,307,71,221,325,110,212,31,254,330,345,18,85,26,269,340,150,25,114,92,99,152,20,82,292,171,207,145,347,55,273,218,175,265,73,266,219,215,205,213,190,305,167,234,50,201,316,153,88,183,96,306,206,42,244,130,300,22,168,30,268,84,341,76,191,326,60,322,284,106,128,289,131,323,256,181,193,32,184,230,136,61,94,220,149,109,78",20100,200
3,8,92824.99943458136,16.27857142094356,"4,7,27,2,155,342,77,270,59,101,172,296,124,255,138,12,186,126,166,286,51,156,95,121,142,119,241,91,162,127,349,135,231,223,298,203,98,148,272,217,165,327,204,285,19,336,151,134,80,311,222,113,301,123,115,41,68,280,144,271,242,164,308,21,211,324,196,75,279,49,250,192,64,16,9,237,264,140,133,141,261,224,251,187,344,243,238,105,259,93,350,17,321,44,343,79,282,132,214,318,346,36,253,331,194,252,210,299,247,313,188,302,277,332,303,58,276,47,174,178,89,297,6,11,185,216,5,329,146,24,107,335,333,314,37,104,159,200,348,315,262,52,8,111,161,56,263,14,34,236,70,197,351,320,97,10,209,40,116,334,81,90,202,100,103,288,180,15,198,312,294,83,248,154,158,232,291,112,48,239,257,129,339,66,281,35,290,189,317,319,173,182,260,283,225,67,108,13,304,62,157,69,163,147,338,72,170,139,118,295,235,274,43,117,74,137,309,293,86,199,310,246,195,53,258,169,328,3,122,38,176,125,287,160,57,226,63,179,228,39,208,267,229,87,245,54,45,233,28,191,143,65,240,33,278,275,337,46,120,177,29,102,227,23,307,71,221,325,110,212,31,254,330,345,18,85,26,269,340,150,25,114,92,99,152,20,82,292,171,207,145,347,55,273,218,175,265,73,266,219,215,205,213,190,305,30,268,256,284,153,249,289,84,181,193,32,184,60,234,167,183,22,316,130,50,326,128,230,168,88,76,341,206,42,244,201,300,322,323,106,96,306,131,136,61,94,220,149,109,78",20100,200
3,9,96426.5472996534,13.553212236417059,"4,7,27,2,155,342,77,270,242,164,308,21,211,324,138,12,186,126,166,286,51,156,95,121,142,119,241,91,162,127,349,135,231,223,298,203,98,148,272,217,165,327,204,285,19,336,151,134,80,311,222,113,301,123,115,41,68,280,144,271,59,101,172,296,124,255,196,75,279,49,250,192,64,16,9,314,37,302,188,313,247,299,251,187,282,132,253,36,346,318,214,243,344,79,343,44,321,17,350,93,259,105,238,331,194,252,210,224,261,141,133,140,264,237,333,335,107,24,146,329,5,111,8,52,262,297,89,178,174,47,276,58,303,332,277,104,159,200,348,315,185,11,6,216,161,56,263,14,34,236,70,197,351,320,97,10,209,40,116,334,81,90,202,100,103,288,180,15,198,312,294,83,248,154,158,232,291,112,48,304,257,129,339,137,74,35,290,13,117,319,173,182,260,283,139,170,72,338,147,163,69,157,62,66,281,108,43,274,235,295,118,225,67,258,53,239,309,293,86,199,310,246,195,189,317,169,328,3,122,38,176,125,287,160,57,226,63,179,228,39,208,267,229,87,245,54,45,233,28,249,143,65,240,33,278,275,337,46,120,177,29,102,227,23,307,71,221,325,110,212,31,254,330,345,18,85,26,269,340,150,25,114,92,99,152,20,82,292,171,207,145,347,55,273,218,175,265,73,266,219,215,205,213,190,305,167,234,50,201,316,153,88,183,96,306,206,42,244,130,300,22,168,30,268,84,341,76,191,326,60,322,284,32,184,289,256,230,128,323,106,181,193,131,136,61,94,220,149,109,78",20100,200
3,10,101025.22898368063,11.951266311144995,"4,186,12,138,324,42,21,308,164,242,275,77,342,155,2,27,7,126,166,286,51,156,95,121,142,119,241,91,162,127,33,135,231,223,298,203,98,148,272,67,165,327,204,285,19,336,151,134,80,311,222,113,301,123,9,41,68,280,144,210,224,261,141,133,140,264,237,115,16,64,192,250,49,279,75,196,255,124,296,172,101,59,271,252,194,331,152,105,259,93,350,17,321,44,343,79,344,349,214,318,346,36,253,132,282,187,251,299,247,313,188,302,37,314,333,335,107,24,146,329,5,216,6,11,185,297,89,178,174,47,120,58,303,332,277,104,159,200,348,315,262,52,8,111,161,56,263,14,288,103,100,202,90,81,334,116,40,209,10,97,320,351,197,70,236,34,180,15,198,312,294,83,248,154,158,232,291,61,48,195,246,310,199,86,293,309,137,74,117,82,173,182,260,283,274,43,108,13,304,62,157,69,163,147,338,72,170,139,184,295,118,225,319,317,189,290,35,281,66,181,326,257,60,53,258,169,328,3,122,38,176,125,287,160,57,226,63,212,31,254,330,345,18,85,26,269,340,150,25,46,92,99,337,20,217,292,219,266,145,347,55,273,278,175,235,73,207,205,215,39,228,179,110,325,221,71,307,23,227,102,29,177,276,114,238,270,218,208,171,76,143,249,28,233,45,54,245,87,229,267,243,130,213,50,305,30,268,256,284,153,316,289,84,339,193,32,265,239,234,167,300,22,131,183,88,306,96,106,323,244,128,201,190,240,168,230,129,191,65,341,206,211,322,136,112,94,220,149,109,78",20100,200
4,0,90936.00179259216,18.552997569688348,"26,347,71,136,324,176,273,39,107,163,277,215,36,23,113,33,157,263,186,283,333,304,108,209,129,237,125,189,146,188,344,69,335,124,97,150,256,135,235,170,57,181,19,252,242,274,228,103,326,336,210,127,323,140,192,46,100,315,52,151,175,236,145,297,322,61,90,114,115,338,279,121,67,249,348,35,147,141,272,269,290,267,120,41,96,161,76,289,302,171,73,109,78,74,9,264,5,308,219,72,138,63,284,99,4,268,162,212,332,139,7,214,197,240,64,275,280,232,328,143,325,307,168,117,248,195,56,11,152,137,339,184,288,309,12,40,187,86,190,133,254,131,126,44,296,22,295,329,305,172,287,3,257,230,82,88,222,340,38,50,29,303,331,91,77,156,216,314,31,160,319,111,98,318,317,270,174,95,253,251,93,330,351,169,66,321,298,259,104,28,154,59,250,183,49,255,349,102,266,16,341,51,144,53,316,47,158,92,202,261,17,294,75,343,58,84,153,229,241,43,37,155,185,206,245,27,204,300,262,15,8,81,286,62,177,224,130,345,65,350,83,226,205,13,165,134,265,173,281,271,55,193,196,118,179,54,320,21,112,149,148,45,306,42,14,105,70,122,234,310,225,164,191,299,34,80,198,246,68,159,60,258,247,2,30,311,301,200,218,227,87,313,116,32,342,327,334,282,346,207,48,6,244,10,203,292,199,223,106,239,94,231,182,89,211,194,128,132,208,221,278,79,178,291,220,293,201,180,142,243,213,166,167,110,85,123,285,260,238,101,24,233,276,119,18,20,25,217,337,312",20100,200
4,1,90996.57607571165,16.749538863926823,"26,347,71,136,324,192,273,39,58,343,75,294,17,261,202,92,158,47,178,295,145,236,175,151,266,102,349,255,49,210,336,326,103,228,274,242,167,19,181,57,170,235,155,37,43,241,229,154,59,250,183,127,254,140,176,46,100,340,52,16,341,51,144,53,322,61,90,114,115,338,279,121,67,249,348,35,147,141,272,269,290,267,120,41,96,161,76,289,302,171,73,109,78,74,9,264,288,308,219,65,131,63,284,238,3,268,162,212,332,139,350,214,197,240,64,275,280,232,130,133,190,307,329,143,286,7,230,260,12,40,187,86,5,209,129,237,125,189,146,188,344,69,335,124,97,150,256,135,185,206,245,27,204,300,262,15,99,81,113,23,36,215,277,62,117,33,157,263,186,283,333,304,297,351,184,315,339,38,328,309,126,44,296,22,205,88,29,257,305,325,222,138,323,91,331,224,168,345,248,172,177,82,330,169,318,66,321,195,4,50,108,303,287,163,107,84,153,28,104,259,298,56,11,152,137,8,93,251,253,95,174,270,317,72,98,111,319,160,31,314,216,156,77,13,165,134,265,173,281,271,55,193,196,118,179,54,320,21,112,149,148,45,306,42,14,105,70,122,234,310,225,164,191,299,34,80,198,246,68,159,60,258,247,2,30,311,301,200,218,227,87,313,116,32,342,327,334,282,346,207,48,6,244,10,203,292,199,223,106,239,94,231,182,89,211,194,128,132,233,24,101,83,226,285,123,85,110,252,166,213,243,142,180,201,293,220,291,18,79,276,278,217,337,316,119,20,221,208,25,312",20100,200
4,2,89400.6034694954,23.08258739819114,"26,347,71,136,324,176,273,39,107,163,277,215,36,23,113,33,157,263,186,283,333,304,108,209,129,237,125,189,146,188,344,69,335,124,97,150,256,135,235,170,57,181,19,244,242,274,228,103,326,336,210,127,323,140,192,46,100,315,52,151,175,236,145,295,322,61,90,114,115,338,279,121,67,249,348,35,147,141,272,269,290,267,120,41,96,161,76,289,302,171,73,109,78,74,9,264,288,308,219,238,138,63,284,99,4,268,162,212,332,139,7,214,197,240,64,275,280,232,328,143,325,307,168,117,248,195,56,11,152,137,339,184,5,309,12,40,187,86,190,133,254,131,126,44,296,22,297,329,305,172,287,3,257,230,82,88,222,340,38,50,29,303,331,91,77,156,216,314,31,160,319,111,98,318,317,270,174,95,253,251,93,330,351,169,66,321,298,259,104,28,153,84,58,343,75,294,17,261,202,92,158,47,316,53,144,51,341,16,266,102,349,255,49,183,250,59,154,229,241,43,37,155,185,206,245,27,204,300,262,15,8,81,286,62,177,224,130,345,65,350,83,226,205,13,165,134,265,173,281,271,55,193,196,118,179,54,320,21,112,149,148,45,306,42,14,105,70,122,234,310,225,164,191,299,34,80,198,246,68,159,60,258,247,2,200,301,311,30,218,227,87,313,116,32,252,167,334,282,346,207,48,6,327,10,203,292,199,223,106,239,94,231,182,89,211,194,128,132,208,101,276,233,178,79,123,166,180,221,85,18,24,260,72,337,217,25,20,291,278,213,285,110,342,243,293,201,119,142,220,312",20100,200
4,3,91585.45344724147,11.923342642616735,"26,347,71,136,324,176,273,39,59,250,183,49,255,349,102,266,16,341,51,144,53,178,47,158,92,202,261,17,294,75,343,58,61,229,241,43,37,155,235,170,57,181,19,167,242,274,228,103,326,336,210,127,254,140,192,46,100,340,52,329,307,190,133,130,232,280,275,64,240,197,214,350,139,332,212,162,268,3,238,284,63,131,65,219,308,288,264,9,74,78,109,73,171,302,289,76,161,96,41,120,267,290,269,272,141,147,35,348,249,67,121,230,7,295,145,151,175,236,143,286,322,154,90,114,115,338,279,260,12,40,187,86,5,351,184,315,339,38,126,220,309,44,296,328,297,325,305,172,287,4,257,138,69,335,124,97,150,256,135,185,206,245,27,277,163,11,72,188,248,345,168,224,177,62,82,28,153,84,107,205,91,331,303,29,50,152,137,222,88,99,117,323,344,195,146,189,125,317,56,98,111,304,330,169,318,66,321,33,113,23,36,215,204,300,262,15,8,81,104,259,298,157,263,186,283,333,93,251,253,95,174,270,237,129,209,108,319,160,31,314,216,156,77,13,165,134,265,173,281,271,55,193,196,118,179,54,320,21,112,149,148,45,306,42,14,105,70,122,234,310,225,164,191,299,34,80,198,246,68,159,60,258,247,2,30,311,301,200,218,227,87,313,116,32,342,327,334,282,346,207,48,6,244,10,203,292,199,223,106,239,94,231,182,89,211,194,128,132,233,24,101,83,226,285,123,85,110,252,166,213,243,142,180,201,293,22,291,18,79,276,278,217,337,316,119,20,221,25,208,312",20100,200
4,4,91269.35902334673,12.267821041512464,"26,347,71,136,324,176,273,39,59,250,183,49,255,349,102,266,16,341,51,144,53,178,47,158,92,202,261,17,294,75,343,58,61,229,241,43,37,155,235,170,57,181,19,167,242,274,228,103,326,336,210,127,254,10,192,46,100,340,52,329,307,190,133,130,232,280,275,64,240,197,214,350,139,332,212,162,268,3,238,284,63,131,65,219,308,288,264,9,74,78,109,73,171,302,289,76,161,96,41,120,267,290,269,272,141,147,35,348,249,67,121,230,7,295,145,151,175,236,143,286,322,154,90,114,115,338,279,260,12,40,187,86,5,351,184,315,339,38,126,220,309,44,296,328,297,325,305,172,287,4,257,138,69,335,124,97,72,11,163,277,27,245,206,185,135,256,150,188,248,345,168,224,177,62,82,28,153,84,107,205,91,331,303,29,50,152,137,222,88,99,117,323,344,195,146,189,125,317,56,98,108,304,330,169,318,66,321,33,113,23,36,215,204,300,262,15,8,81,104,259,298,157,263,186,283,333,93,251,253,95,174,270,237,129,209,111,319,160,31,314,216,156,77,13,165,134,265,173,281,271,55,193,196,118,179,54,320,21,112,149,148,45,306,42,14,105,70,122,234,310,225,164,191,299,34,80,198,246,68,159,60,258,247,2,30,311,301,200,218,227,87,313,116,32,342,327,334,282,346,207,48,6,244,140,203,292,199,223,106,239,94,231,182,89,211,194,128,132,233,24,101,83,226,285,123,85,110,252,166,213,243,142,180,201,293,22,291,18,79,276,278,217,337,316,119,20,221,25,208,312",20100,200
4,5,91336.6132403635,12.052441158059255,"26,347,71,136,324,176,273,39,59,250,183,49,255,349,102,266,16,341,51,144,53,178,47,158,92,202,261,17,294,75,343,58,61,229,241,43,37,155,235,170,57,181,19,167,242,274,228,103,326,336,210,127,254,140,192,46,100,340,52,329,307,190,133,130,232,280,275,64,240,197,214,350,139,332,212,162,268,3,238,284,63,131,65,219,308,288,264,9,74,78,109,73,171,302,289,76,161,96,41,120,267,290,269,272,141,147,35,348,249,67,121,279,338,114,115,90,154,322,295,145,236,175,151,143,286,7,230,260,12,40,187,86,5,351,184,315,339,38,126,220,309,44,296,328,297,325,305,172,287,4,257,138,69,335,124,97,150,256,135,185,206,245,27,277,163,11,72,188,248,345,168,224,177,62,82,28,153,84,107,205,91,331,303,29,50,152,137,222,88,99,117,323,344,195,146,189,125,317,56,98,111,304,330,169,318,66,321,33,113,23,36,215,204,300,262,15,8,81,104,259,298,157,263,186,283,333,93,251,253,95,174,270,237,129,209,108,319,160,31,314,216,156,77,13,165,134,265,173,281,271,55,193,196,118,179,54,320,21,112,149,148,45,306,42,14,105,70,122,234,310,225,164,191,299,34,80,198,246,68,159,60,258,247,2,30,311,301,200,218,227,87,313,116,32,342,327,334,282,346,207,48,6,244,10,203,292,199,223,106,239,94,231,182,89,211,194,128,132,233,24,101,83,226,285,123,85,110,252,166,213,243,142,180,201,293,22,291,18,79,276,278,217,337,316,119,20,221,25,208,312",20100,200
4,6,90563.47871682215,20.903238406497053,"26,347,71,136,324,176,273,39,107,163,277,215,36,23,113,33,157,263,186,283,333,304,108,209,129,237,125,189,146,188,344,69,335,124,97,150,256,135,235,170,57,181,19,167,242,274,228,103,326,336,210,127,323,140,192,46,100,315,52,151,175,236,145,297,322,61,90,114,115,338,279,121,67,249,348,35,147,141,272,269,290,267,120,41,96,161,76,289,302,171,73,109,78,74,9,264,5,308,219,238,138,63,284,99,4,268,162,212,332,139,350,214,197,240,64,275,280,232,328,143,325,307,168,117,248,195,56,11,152,137,339,184,288,309,12,40,187,86,190,133,254,131,126,44,296,22,295,329,305,172,287,3,257,230,82,88,222,340,38,50,29,303,331,91,77,156,216,314,31,160,319,111,98,318,317,270,174,95,253,251,93,330,351,169,66,321,298,259,104,28,153,84,58,343,75,294,17,261,202,92,158,47,316,53,144,51,341,16,266,102,349,255,49,183,250,59,154,229,241,43,37,155,185,206,245,27,204,300,262,15,8,81,286,62,177,224,130,345,65,7,83,226,205,13,165,134,265,173,281,271,55,193,196,118,179,54,320,21,112,149,148,45,306,42,14,105,70,122,234,310,225,164,191,299,34,80,198,246,68,159,60,258,247,2,30,311,301,200,218,227,87,313,116,32,244,252,334,282,346,207,48,6,327,10,203,292,199,223,106,239,94,231,182,89,211,194,128,132,208,101,276,233,178,79,123,166,180,221,85,18,24,260,72,337,217,25,20,291,278,213,285,110,342,243,293,201,119,142,220,312",20100,200
4,7,91341.48204725854,11.995015026565342,"26,347,71,136,324,176,273,39,59,250,183,49,255,349,102,266,16,341,51,144,53,178,47,158,92,202,261,17,294,75,343,58,61,229,241,43,37,155,235,170,57,181,19,167,242,274,228,103,326,336,210,127,254,140,192,46,100,340,52,329,307,190,133,130,232,280,275,64,240,197,214,350,139,332,212,162,268,3,238,284,63,131,65,219,308,288,264,9,74,78,109,73,171,302,289,76,161,96,41,120,267,290,269,272,141,147,35,348,249,67,121,230,7,295,145,151,175,236,143,286,322,154,90,114,115,338,279,260,12,40,187,86,5,351,184,315,339,38,126,220,309,44,296,328,297,325,305,172,287,4,257,138,69,335,124,97,150,256,135,185,206,245,27,277,163,11,72,188,248,345,168,224,177,62,82,28,153,84,107,205,91,331,303,29,50,152,137,222,88,99,117,323,344,195,146,189,125,317,56,98,111,304,333,283,186,263,321,33,113,23,36,215,204,300,262,15,8,81,104,259,298,157,66,318,169,330,93,251,253,95,174,270,237,129,209,108,319,160,31,314,216,156,77,13,165,134,265,173,281,271,55,193,196,118,179,54,320,21,112,149,148,45,306,42,14,105,70,122,234,310,225,164,191,299,34,80,198,246,68,159,60,258,247,2,30,311,301,200,218,227,87,313,116,32,342,327,334,282,346,207,48,6,244,10,203,292,199,223,106,239,94,231,182,89,211,194,128,132,233,24,101,83,226,285,123,85,110,252,166,213,243,142,180,201,293,22,291,18,79,276,278,217,337,316,119,20,221,25,208,312",20100,200
4,8,90645.4376836505,19.27926111906398,"26,347,71,136,324,176,273,39,107,163,277,215,36,23,113,33,157,263,186,283,333,304,108,209,129,237,125,189,146,188,344,69,335,124,97,150,256,135,235,170,57,181,19,252,242,274,228,103,326,336,210,127,323,140,192,46,100,315,52,151,175,239,106,223,199,292,203,10,244,6,48,207,346,282,334,327,342,32,116,313,87,227,218,200,301,311,30,2,247,258,60,159,68,246,198,80,34,299,191,164,225,310,234,122,70,105,14,42,306,45,148,149,112,21,320,54,179,118,196,193,55,271,281,173,265,134,165,13,205,226,83,350,65,345,130,224,177,62,286,81,8,15,262,300,204,27,245,206,185,155,37,43,241,229,153,84,58,343,75,294,17,261,202,92,158,47,316,53,144,51,341,16,266,102,349,255,49,183,250,59,154,28,104,259,298,321,66,169,351,330,93,251,253,95,174,270,317,318,98,111,319,160,31,314,216,156,77,91,331,303,29,50,38,340,222,88,82,230,257,3,287,172,305,329,295,22,296,44,126,131,254,133,190,86,187,40,12,309,288,184,339,137,152,11,56,195,248,117,168,307,325,143,328,232,280,275,64,240,197,214,7,139,332,212,162,268,4,99,284,63,138,238,219,308,5,264,9,74,78,109,73,171,302,289,76,161,96,41,120,267,290,269,272,141,147,35,348,249,67,121,279,338,115,114,90,61,322,297,145,236,94,231,182,89,211,194,128,132,208,221,278,79,178,291,220,293,201,180,142,243,213,166,167,110,85,123,285,260,72,101,24,233,276,119,18,20,25,217,337,312",20100,200
4,9,88571.29198622167,25.760367595776874,"26,347,71,136,324,176,273,39,344,135,146,189,125,124,315,209,108,304,7,283,186,263,157,328,113,23,10,215,127,210,336,326,103,228,274,242,252,19,181,57,170,235,333,33,150,97,99,129,323,107,163,277,69,36,192,46,100,256,52,151,175,236,145,295,322,61,90,114,115,338,279,121,67,249,348,35,147,141,272,269,290,267,120,41,96,161,76,289,302,171,73,109,78,74,9,264,288,308,219,335,4,63,284,72,138,268,162,212,332,139,188,214,197,240,64,275,280,232,237,143,325,307,168,117,248,195,56,11,152,137,339,184,5,309,12,40,187,86,190,133,254,131,126,44,296,22,297,329,305,172,287,3,257,230,82,88,222,340,38,50,29,303,331,91,77,156,216,314,31,160,319,111,98,318,317,270,174,95,253,251,93,330,351,169,66,321,298,259,104,28,153,84,58,343,75,294,17,261,202,92,158,47,316,53,144,51,341,16,266,102,349,255,49,183,250,59,154,229,241,43,37,155,185,206,245,27,204,300,262,15,8,81,286,62,177,224,130,345,65,350,83,226,205,13,165,134,265,173,281,271,55,193,196,118,179,54,320,21,112,149,148,45,306,42,14,105,70,122,234,310,225,164,191,299,34,80,198,246,68,159,60,258,247,2,30,311,301,200,218,227,87,313,116,32,342,327,334,282,346,207,48,6,244,140,203,292,199,223,106,239,94,231,182,89,211,194,128,132,208,221,278,79,178,291,220,293,201,180,142,243,213,166,167,110,85,123,285,260,238,101,24,233,276,119,18,20,25,217,337,312",20100,200
4,10,89594.9361586238,21.343617946394286,"26,347,71,136,324,176,273,39,344,124,146,189,125,7,315,209,108,304,333,283,186,263,157,328,113,23,140,215,127,210,336,326,103,228,274,242,327,19,181,57,170,235,260,33,150,97,99,129,323,107,163,277,69,36,192,46,100,256,52,151,175,236,145,295,322,61,90,114,115,338,279,121,67,249,348,35,147,141,272,269,290,267,120,41,96,161,76,289,302,171,73,109,78,74,9,264,288,308,219,335,4,63,284,238,138,268,162,212,332,139,188,214,197,240,64,275,280,232,237,143,325,307,168,117,248,195,56,11,152,137,339,184,5,309,12,40,187,86,190,133,254,131,126,44,296,22,297,329,305,172,287,3,257,230,82,88,222,340,38,50,29,303,331,91,77,156,216,314,31,160,319,111,98,318,317,270,174,95,253,251,93,330,351,169,66,321,298,259,104,28,153,84,58,343,75,294,17,261,202,92,158,47,316,53,144,51,341,16,266,102,349,255,49,183,250,59,154,229,241,43,37,155,185,206,245,27,204,300,262,15,8,81,286,62,177,224,130,345,65,350,83,226,205,13,165,134,265,173,281,271,55,193,196,118,179,54,320,21,112,149,148,45,306,42,14,105,70,122,234,310,225,164,191,299,34,80,198,246,68,159,60,258,247,2,30,311,301,200,218,227,87,313,116,32,252,167,334,282,346,207,48,6,244,10,203,292,199,223,106,239,94,231,182,89,211,194,128,132,233,24,101,72,135,285,123,85,110,342,166,213,243,142,180,201,293,220,291,178,79,278,221,208,276,119,18,20,25,217,337,312",20100,200
4,11,93255.49904057937,9.676894659415959,"26,347,71,136,324,192,273,39,58,343,75,294,17,261,202,92,158,47,178,295,145,236,175,151,266,102,349,255,49,210,336,326,103,228,274,242,327,19,181,57,170,235,155,37,43,241,229,61,322,53,144,51,341,16,52,340,100,46,176,10,254,127,183,250,59,154,90,114,115,338,279,121,67,249,348,35,147,141,272,269,290,267,120,41,96,161,76,289,302,171,73,109,78,74,9,264,288,308,219,130,131,63,284,65,3,268,162,212,332,139,350,214,197,240,64,275,280,232,286,143,329,307,190,133,238,7,230,260,12,40,187,38,328,309,184,315,339,86,5,351,126,44,296,220,297,325,305,172,287,4,257,138,69,335,124,97,72,11,163,277,27,245,206,185,135,256,150,188,248,345,168,224,177,62,82,28,153,84,107,205,91,331,303,29,50,152,137,222,88,99,117,323,344,195,146,189,125,317,56,209,108,304,333,283,186,263,157,298,113,23,36,215,204,300,262,15,8,81,104,259,33,321,66,318,169,330,93,251,253,95,174,270,237,129,98,111,319,160,31,314,216,156,77,13,165,134,265,173,281,271,55,193,196,118,179,54,320,21,112,149,148,45,306,42,14,105,70,122,234,310,225,164,191,299,34,80,198,246,68,159,60,258,247,2,30,311,301,200,218,227,87,313,116,32,342,167,334,282,346,207,48,6,244,140,203,292,199,223,106,239,94,231,182,89,211,194,128,132,233,24,101,83,226,285,123,85,110,252,166,213,243,142,180,201,293,22,291,18,79,276,278,217,337,316,119,20,221,208,25,312",20100,200
4,12,91020.51881646877,12.393331723221728,"26,347,71,136,324,176,273,39,59,250,183,49,255,349,102,266,16,341,51,144,53,178,47,158,92,202,261,17,294,75,343,58,61,229,241,43,37,155,235,170,57,181,19,167,242,274,228,103,326,336,210,127,254,10,192,46,100,340,52,329,307,190,133,130,232,280,275,64,240,197,214,350,139,332,212,162,268,3,238,284,63,131,65,219,308,288,264,9,74,78,109,73,171,302,289,76,161,96,41,120,267,290,269,272,141,147,35,348,249,67,121,279,338,114,115,90,154,322,295,145,236,175,151,143,286,7,230,260,12,40,187,86,5,351,184,315,339,38,126,220,309,44,296,328,297,325,305,172,287,4,257,138,69,335,124,97,72,11,163,277,27,245,206,185,135,256,150,188,248,345,168,224,177,62,82,28,153,84,107,205,91,331,303,29,50,152,137,222,88,99,117,323,344,195,146,189,125,317,56,98,108,304,330,169,318,66,321,33,113,23,36,215,204,300,262,15,8,81,104,259,298,157,263,186,283,333,93,251,253,95,174,270,237,129,209,111,319,160,31,314,216,156,77,13,165,134,265,173,281,271,55,193,196,118,179,54,320,21,112,149,148,45,306,42,14,105,70,122,234,310,225,164,191,299,34,80,198,246,68,159,60,258,247,2,30,311,301,200,218,227,87,313,116,32,342,327,334,282,346,207,48,6,244,140,203,292,199,223,106,239,94,231,182,89,211,194,128,132,233,24,101,83,226,285,123,85,110,252,166,213,243,142,180,201,293,22,291,18,79,276,278,217,337,316,119,20,221,25,208,312",20100,200
4,13,92560.89924707988,10.595345103793491,"26,347,71,136,324,192,273,39,58,343,75,294,17,261,202,92,158,47,178,295,145,236,175,151,266,102,349,255,49,210,336,326,103,228,274,242,167,19,181,57,170,235,155,37,43,241,229,61,322,53,144,51,341,16,52,340,100,46,176,10,254,127,183,250,59,154,90,114,115,338,279,121,67,249,348,35,147,141,272,269,290,267,120,41,96,161,76,289,302,171,73,109,78,74,9,264,288,308,219,130,131,63,284,65,3,268,162,212,332,139,350,214,197,240,64,275,280,232,286,143,329,307,190,133,238,7,230,260,12,40,187,38,328,309,184,315,339,86,5,351,126,44,296,220,297,325,305,172,287,4,257,138,69,335,124,97,72,11,163,277,27,245,206,185,135,256,150,188,248,345,168,224,177,62,82,28,153,84,107,205,91,331,303,29,50,152,137,222,88,99,117,323,344,195,146,189,125,317,56,98,111,304,333,283,186,263,321,33,113,23,36,215,204,300,262,15,8,81,104,259,298,157,66,318,169,330,93,251,253,95,174,270,237,129,209,108,319,160,31,314,216,156,77,13,165,134,265,173,281,271,55,193,196,118,179,54,320,21,112,149,148,45,306,42,14,105,70,122,234,310,225,164,191,299,34,80,198,246,68,159,60,258,247,2,30,311,301,200,218,227,87,313,116,32,342,327,334,282,346,207,48,6,244,140,203,292,199,223,106,239,94,231,182,89,211,194,128,132,233,24,101,83,226,285,123,85,110,252,166,213,243,142,180,201,293,22,291,18,79,276,278,217,337,316,119,20,221,208,25,312",20100,200
4,14,88749.32395166358,23.75389865812029,"26,347,71,136,324,176,273,39,107,163,277,215,36,23,113,33,157,263,186,283,333,304,108,209,129,328,125,189,146,7,344,69,99,124,97,150,256,135,235,170,57,181,19,327,242,274,228,103,326,336,210,127,323,140,192,46,100,315,52,151,175,236,145,295,322,61,90,114,115,338,279,121,67,249,348,35,147,141,272,269,290,267,120,41,96,161,76,289,302,171,73,109,78,74,9,264,288,308,219,335,4,63,284,238,138,268,162,212,332,139,188,214,197,240,64,275,280,232,237,143,325,307,168,117,248,195,56,11,152,137,339,184,5,309,12,40,187,86,190,133,254,131,126,44,296,22,297,329,305,172,287,3,257,230,82,88,222,340,38,50,29,303,331,91,77,156,216,314,31,160,319,111,98,318,317,270,174,95,253,251,93,330,351,169,66,321,298,259,104,28,153,84,58,343,75,294,17,261,202,92,158,47,316,53,144,51,341,16,266,102,349,255,49,183,250,59,154,229,241,43,37,155,185,206,245,27,204,300,262,15,8,81,286,62,177,224,130,345,65,350,83,226,205,13,165,134,265,173,281,271,55,193,196,118,179,54,320,21,112,149,148,45,306,42,14,105,70,122,234,310,225,164,191,299,34,80,198,246,68,159,60,258,247,2,30,311,301,200,218,227,87,313,116,32,252,167,334,282,346,207,48,6,244,10,203,292,199,223,106,239,94,231,182,89,211,194,128,132,208,101,276,233,178,79,123,166,180,221,85,18,24,260,72,337,217,25,20,291,278,213,285,110,342,243,293,201,119,142,220,312",20100,200
4,15,92457.02882346009,11.016196075039641,"26,347,71,136,324,192,273,39,58,343,75,294,17,261,202,92,158,47,316,295,145,236,175,151,266,102,349,255,49,210,336,326,103,228,274,242,327,19,181,57,170,235,155,37,43,241,229,61,322,53,144,51,341,16,52,340,100,46,176,10,254,127,183,250,59,154,90,114,115,338,279,121,67,249,348,35,147,141,272,269,290,267,120,41,96,161,76,289,302,171,73,109,78,74,9,264,288,308,219,65,131,63,284,238,3,268,162,212,332,139,350,214,197,240,64,275,280,232,130,133,190,307,329,143,286,7,230,260,12,40,187,86,5,351,184,315,339,38,126,220,309,44,296,328,297,325,305,172,287,4,257,138,69,335,124,97,72,11,163,277,206,245,27,185,135,256,150,188,248,345,168,224,177,62,82,28,153,84,107,205,91,331,303,29,50,152,137,222,88,99,117,323,344,195,146,189,125,237,129,209,108,304,330,169,318,66,321,33,113,23,36,215,204,300,262,15,8,81,104,259,298,157,263,186,283,333,93,251,253,95,174,270,317,56,98,111,319,160,31,314,216,156,77,13,165,134,265,173,281,271,55,193,196,118,179,54,320,21,112,149,148,45,306,42,14,105,70,122,234,310,225,164,191,299,34,80,198,246,68,159,60,258,247,2,30,311,301,200,218,227,87,313,116,32,342,167,334,282,346,207,48,6,244,140,203,292,199,223,106,239,94,231,182,89,211,194,128,132,233,24,101,83,226,285,123,85,110,252,166,213,243,142,180,201,293,22,291,178,79,278,221,208,276,119,18,20,25,217,337,312",20100,200
4,16,93212.25508936994,9.774817244030448,"26,347,71,136,324,192,273,39,58,343,75,294,17,261,202,92,158,47,178,295,145,236,175,151,266,102,349,255,49,210,336,326,103,228,274,242,327,19,181,57,170,235,155,37,43,241,229,61,322,53,144,51,341,16,52,340,100,46,176,10,254,127,183,250,59,154,90,114,115,338,279,121,67,249,348,35,147,141,272,269,290,267,120,41,96,161,76,289,302,171,73,109,78,74,9,264,288,308,219,130,131,63,284,65,3,268,162,212,332,139,350,214,197,240,64,275,280,232,286,143,329,307,190,133,238,7,230,260,12,40,187,38,328,309,184,315,339,86,5,351,126,44,296,220,297,325,305,172,287,4,257,138,69,335,124,97,72,11,163,277,27,245,206,185,135,256,150,188,248,345,168,224,177,62,82,28,153,84,107,205,91,331,303,29,50,152,137,222,88,99,117,323,344,195,146,189,125,317,56,98,111,304,333,283,186,263,157,298,113,23,36,215,204,300,262,15,8,81,104,259,33,321,66,318,169,330,93,251,253,95,174,270,237,129,209,108,319,160,31,314,216,156,77,13,165,134,265,173,281,271,55,193,196,118,179,54,320,21,112,149,148,45,306,42,14,105,70,122,234,310,225,164,191,299,34,80,198,246,68,159,60,258,247,2,30,311,301,200,218,227,87,313,116,32,342,167,334,282,346,207,48,6,244,140,203,292,199,223,106,239,94,231,182,89,211,194,128,132,233,24,101,83,226,285,123,85,110,252,166,213,243,142,180,201,293,22,291,18,79,276,278,217,337,316,119,20,221,208,25,312",20100,200
4,17,95168.49762506923,9.32351889230388,"26,347,71,136,324,192,273,39,58,343,75,294,17,261,202,92,158,47,243,295,145,236,175,151,266,102,349,255,49,210,336,326,103,228,274,242,327,19,181,57,170,235,155,37,43,241,229,61,322,53,144,51,341,16,52,340,100,46,176,10,254,127,183,250,59,154,90,114,115,338,279,121,67,249,348,35,147,141,272,269,290,267,120,41,96,161,76,289,302,171,73,109,78,74,9,264,288,308,219,238,131,63,284,65,3,268,162,212,332,139,350,214,197,240,64,275,280,232,286,143,329,307,190,133,130,7,230,260,12,40,187,38,328,309,184,315,339,86,5,351,126,44,296,22,297,325,305,172,287,4,257,138,69,335,124,97,150,256,135,185,206,245,27,277,163,11,72,188,248,345,168,224,177,62,82,28,153,84,107,205,91,331,303,29,50,152,137,222,88,99,117,323,344,195,146,189,125,317,56,98,111,304,330,169,318,66,321,298,113,23,36,215,204,300,262,15,8,81,104,259,33,157,263,186,283,333,93,251,253,95,174,270,237,129,209,108,319,160,31,314,216,156,77,13,165,134,265,173,281,271,55,193,196,118,179,54,320,21,112,149,148,45,306,42,14,105,70,122,234,310,225,164,191,299,34,80,198,246,68,159,60,258,247,2,30,311,301,200,218,227,87,313,116,32,342,178,334,282,346,207,48,6,244,140,203,292,199,223,106,239,94,231,182,89,211,194,128,132,208,101,276,233,252,79,123,166,85,221,180,18,24,226,83,167,110,25,201,291,285,213,278,217,337,316,119,20,293,142,220,312",20100,200
4,18,92023.71922090434,11.230248471232663,"26,347,71,136,324,192,273,39,58,343,75,294,17,261,202,92,158,47,178,295,145,236,175,151,266,102,349,255,49,210,336,326,103,228,274,242,167,19,181,57,170,235,155,37,43,241,229,61,322,53,144,51,341,16,52,340,100,46,176,10,254,127,183,250,59,154,90,114,115,338,279,121,67,249,348,35,147,141,272,269,290,267,120,41,96,161,76,289,302,171,73,109,78,74,9,264,288,308,219,65,131,63,284,238,3,268,162,212,332,139,350,214,197,240,64,275,280,232,130,133,190,307,329,143,286,7,230,260,12,40,187,86,5,351,184,315,339,38,126,220,309,44,296,328,297,325,305,172,287,4,257,138,69,335,124,97,72,11,163,277,27,245,206,185,135,256,150,188,248,345,168,224,177,62,82,28,153,84,107,205,91,331,303,29,50,152,137,222,88,99,117,323,344,195,146,189,125,317,56,98,111,304,333,283,186,263,321,33,113,23,36,215,204,300,262,15,8,81,104,259,298,157,66,318,169,330,93,251,253,95,174,270,237,129,209,108,319,160,31,314,216,156,77,13,165,134,265,173,281,271,55,193,196,118,179,54,320,21,112,149,148,45,306,42,14,105,70,122,234,310,225,164,191,299,34,80,198,246,68,159,60,258,247,2,30,311,301,200,218,227,87,313,116,32,342,327,334,282,346,207,48,6,244,140,203,292,199,223,106,239,94,231,182,89,211,194,128,132,233,24,101,83,226,285,123,85,110,252,166,213,243,142,180,201,293,22,291,18,79,276,278,217,337,316,119,20,221,208,25,312",20100,200
5,0,93779.23623191322,15.398651912606622,"50,304,274,160,3,309,198,341,259,221,143,64,181,82,159,245,104,242,265,175,127,166,111,28,95,13,215,257,344,281,293,220,54,60,273,129,38,222,25,176,18,183,285,313,131,233,214,49,298,331,68,243,247,323,306,57,40,117,168,339,47,44,72,170,138,287,12,294,92,349,115,132,272,250,107,270,139,300,156,26,128,118,351,73,167,65,55,109,312,134,4,224,74,121,165,88,277,289,307,136,191,62,125,69,195,329,251,187,318,200,161,48,343,113,94,201,46,204,120,150,197,282,126,262,10,338,324,263,141,140,98,342,180,190,84,229,58,171,105,153,327,297,114,56,67,85,184,89,11,97,292,15,189,258,230,70,2,208,14,228,178,283,340,146,303,169,163,226,36,188,81,87,93,227,213,211,236,223,348,119,212,275,137,315,77,39,234,325,317,203,30,31,148,182,34,110,232,260,319,326,96,123,337,290,308,210,209,154,253,112,334,252,32,52,310,248,106,205,206,27,278,22,144,124,51,254,91,302,269,328,66,347,17,276,79,295,193,90,239,164,5,99,63,185,42,108,61,172,16,218,43,305,280,6,29,336,288,145,299,286,202,246,345,350,23,244,147,264,71,196,249,216,158,20,291,41,53,122,24,186,316,266,261,155,7,86,135,267,207,177,333,296,35,192,78,279,21,256,240,151,330,102,321,268,235,238,179,116,311,83,225,133,346,130,80,320,162,100,19,37,237,59,9,173,75,199,194,152,33,101,219,335,301,217,103,271,8,174,284,255,45,231,149,157,76,314,142,332,241,322",20100,200
5,1,92378.53854753975,15.834693819100867,"50,304,274,160,3,309,198,341,259,221,143,64,181,82,159,245,104,299,265,175,127,166,111,23,95,13,215,257,344,281,293,220,54,60,273,129,38,222,25,176,18,183,285,313,131,233,214,49,298,331,258,243,247,323,312,57,40,117,168,339,47,44,72,170,138,287,12,294,92,349,115,132,272,250,107,270,139,300,156,26,128,118,351,73,167,65,55,335,263,324,4,224,74,121,165,88,277,343,48,161,200,318,187,251,329,195,69,125,62,191,136,307,289,113,94,201,46,204,120,150,197,282,126,262,10,338,134,306,141,140,98,342,180,184,84,229,58,171,153,105,327,297,114,56,67,85,17,89,11,97,292,15,189,196,71,264,147,244,28,350,345,246,202,286,303,169,163,226,36,188,81,87,93,227,213,211,236,223,348,119,212,275,137,315,77,39,234,325,317,203,30,31,148,182,34,110,232,260,319,326,96,123,337,290,308,210,209,154,253,112,334,252,32,52,310,248,106,205,206,27,278,22,144,124,51,254,91,302,269,328,66,347,190,276,79,295,193,90,239,164,5,99,63,185,42,108,61,172,16,218,43,305,280,6,29,336,288,145,242,146,340,283,178,228,14,208,2,70,230,68,249,216,158,20,291,41,53,122,24,186,316,266,261,155,7,86,135,267,207,177,333,296,35,192,78,279,21,256,240,151,330,102,321,268,235,238,179,116,311,83,225,133,346,130,80,320,162,100,19,37,237,59,9,45,75,199,194,152,33,101,219,255,284,174,8,271,103,217,301,109,173,231,149,157,76,314,142,332,241,322",20100,200
5,2,95569.95497499373,13.597072680820984,"50,304,274,160,3,309,338,341,306,221,143,64,181,71,264,147,244,299,350,345,246,202,286,23,95,13,215,257,344,281,293,220,54,60,273,129,38,222,25,176,18,183,285,313,131,233,214,49,298,331,258,243,247,323,312,57,40,117,168,339,47,44,72,170,138,287,12,294,92,349,115,132,272,250,107,270,139,300,156,26,128,118,351,73,167,65,55,335,263,324,4,224,74,121,165,88,277,343,48,161,200,318,187,251,329,195,69,153,171,58,126,94,184,180,342,98,140,141,259,134,198,46,262,229,282,197,150,120,204,17,201,84,113,289,307,136,191,62,125,105,327,297,114,56,67,85,10,89,11,97,292,15,189,68,82,159,245,104,28,265,175,127,166,111,303,169,163,226,36,188,81,87,93,213,227,211,236,223,348,119,212,275,137,315,77,39,234,325,317,203,30,31,148,182,34,110,232,260,319,326,96,123,337,290,308,210,209,154,253,112,334,252,32,52,310,248,106,205,206,27,278,22,144,124,51,254,91,302,269,328,66,347,190,276,79,295,193,90,239,164,5,99,63,185,42,108,61,172,16,218,43,305,280,6,29,336,288,145,242,146,340,283,178,228,14,208,2,70,230,196,249,216,158,20,291,41,53,122,24,186,316,266,261,155,7,86,135,267,179,177,333,296,83,225,133,330,102,321,240,268,279,21,256,151,235,238,207,116,35,311,192,78,346,130,80,320,162,100,19,37,237,59,9,45,75,199,194,152,33,101,219,255,284,174,8,271,103,217,301,109,173,231,149,157,76,314,142,332,241,322",20100,200
5,3,93898.93653003703,15.141378334500486,"50,304,274,160,3,309,198,341,259,221,143,64,181,82,159,245,244,299,350,345,127,166,111,23,95,13,215,257,344,281,293,220,54,60,273,129,38,222,25,176,18,183,285,313,131,233,214,49,298,331,258,243,247,323,312,57,40,117,168,339,47,44,72,170,138,287,12,294,92,349,115,132,272,250,107,270,139,300,156,26,263,335,55,65,167,73,351,118,128,324,4,224,74,121,165,88,277,343,48,161,200,318,187,251,329,195,69,125,62,191,136,307,289,113,94,201,46,204,120,150,197,282,126,262,10,338,134,306,141,140,98,342,180,184,84,229,58,171,153,105,327,297,114,56,67,85,17,89,11,97,292,15,189,196,71,264,147,104,28,265,175,246,202,286,303,169,163,226,36,188,81,87,93,227,213,211,236,223,348,119,212,275,137,315,77,39,234,325,317,203,30,31,148,182,34,110,232,260,319,326,96,123,337,290,308,210,209,154,253,112,334,252,32,52,310,248,106,205,206,27,278,22,144,124,51,254,91,302,269,328,66,347,190,276,79,295,193,90,239,164,5,99,63,185,42,108,61,172,16,218,43,305,280,6,29,336,288,145,242,146,340,283,178,228,14,208,2,70,230,68,249,216,158,20,291,41,53,122,24,186,316,266,261,155,7,86,135,267,179,177,333,296,83,225,133,330,102,321,240,268,279,21,256,151,235,238,207,116,35,311,192,78,346,130,80,320,162,100,19,37,237,59,9,45,75,199,194,152,33,101,219,255,284,174,8,271,103,217,301,109,173,231,149,157,76,314,142,332,241,322",20100,200
5,4,96162.22514592057,12.217255742124772,"50,304,274,160,3,309,198,341,259,221,143,64,181,230,70,2,208,299,265,175,127,166,111,242,95,13,215,257,344,281,293,220,54,60,273,129,38,222,25,176,18,183,285,313,131,233,214,49,298,331,68,243,247,323,306,57,40,117,168,339,47,44,72,170,138,287,12,294,92,349,115,132,272,250,107,270,139,300,156,26,128,118,351,73,167,65,55,172,61,108,42,185,63,99,5,164,239,90,193,295,79,276,17,347,66,328,269,124,51,254,91,302,144,22,278,27,206,205,106,248,93,213,211,252,236,87,348,119,212,275,137,315,77,39,234,325,317,203,141,110,34,182,148,291,97,260,319,326,96,123,337,290,308,210,209,154,253,112,334,227,32,52,310,223,81,188,36,226,163,169,303,146,340,283,178,228,14,104,245,159,82,258,189,15,292,30,11,89,184,85,67,56,114,297,327,153,105,171,58,229,84,190,180,342,98,140,232,312,324,338,10,262,126,282,197,150,120,204,46,201,94,113,289,307,136,191,62,125,69,195,329,251,187,318,200,161,48,343,277,88,165,121,74,224,4,134,263,335,16,218,43,305,280,6,29,336,288,145,23,286,202,246,345,350,173,244,147,264,71,196,249,216,158,316,186,24,122,53,41,31,20,266,261,155,7,86,135,267,179,177,333,296,83,225,133,330,102,321,240,268,279,21,256,151,235,238,207,116,35,311,192,78,346,130,80,320,162,100,19,37,237,59,9,45,75,199,194,152,33,101,219,255,284,174,8,271,103,217,301,109,28,231,149,157,76,314,142,332,241,322",20100,200
5,5,90269.90079977916,22.259908252590286,"50,304,274,160,3,309,198,341,259,221,143,64,181,82,159,245,104,299,265,175,127,166,111,23,95,13,215,257,344,281,293,220,54,60,273,129,38,222,25,176,18,183,285,313,131,233,214,49,298,331,68,243,247,323,306,57,40,117,168,339,47,44,72,170,138,287,12,294,92,349,115,132,272,250,270,107,139,300,156,26,128,118,351,73,167,65,55,109,312,205,4,224,74,121,165,88,277,343,48,161,200,318,187,251,329,195,69,125,62,191,136,307,289,113,94,201,46,204,120,150,197,282,126,262,10,338,324,263,79,140,98,342,180,190,84,229,58,171,42,108,327,172,114,56,67,276,17,347,11,20,158,216,249,196,71,264,147,244,28,350,345,246,202,286,303,169,163,226,36,188,81,87,93,227,213,211,236,223,348,119,212,137,275,315,77,39,234,325,317,203,30,31,148,182,34,110,141,260,319,326,96,123,337,290,308,210,209,154,253,112,334,252,32,52,310,248,106,134,206,27,278,22,144,124,51,254,91,302,269,328,66,89,184,85,232,295,193,90,239,164,5,99,63,185,153,105,61,297,16,218,43,305,280,6,29,336,288,145,242,231,149,283,178,228,14,208,2,70,230,258,189,15,292,97,291,41,53,122,24,186,316,266,261,155,7,86,135,267,207,177,333,296,35,192,78,279,21,256,240,151,330,102,321,268,235,238,179,116,311,83,225,133,346,130,80,320,162,100,19,37,237,59,9,173,75,199,194,152,33,101,219,335,301,217,103,271,8,174,284,255,45,146,340,157,76,314,142,332,241,322",20100,200
5,6,95297.31126046882,13.846932091429899,"50,304,274,160,3,309,338,341,263,221,143,64,181,71,264,147,244,299,350,345,246,202,286,23,95,13,215,257,344,281,293,220,54,60,273,129,38,222,25,176,18,183,285,313,131,233,214,49,298,331,258,243,247,323,306,57,40,117,168,339,47,44,72,170,138,287,12,294,92,349,115,132,272,250,107,270,139,300,156,26,128,118,351,73,167,65,55,109,312,324,4,224,74,121,165,88,277,343,48,161,200,318,187,251,329,195,69,125,62,191,136,307,289,113,84,201,17,204,120,150,197,282,229,262,46,198,134,259,141,140,98,342,180,184,94,126,58,171,153,105,327,297,114,56,67,85,10,89,11,97,292,15,189,68,82,159,245,104,28,265,175,127,166,111,303,169,163,226,36,188,81,87,93,213,227,211,236,223,348,119,212,275,137,315,77,39,234,325,317,203,30,31,148,182,34,110,232,260,319,326,96,123,337,290,308,210,209,154,253,112,334,252,32,52,310,248,106,205,206,27,278,22,144,124,51,254,91,302,269,328,66,347,190,276,79,295,193,90,239,164,5,99,63,185,42,108,61,172,16,218,43,305,280,6,29,336,288,145,242,146,340,283,178,228,14,208,2,70,230,196,249,216,158,20,291,41,53,122,24,186,316,266,261,155,7,86,135,267,179,177,333,296,83,225,133,330,102,321,240,268,279,21,256,151,235,238,207,116,35,311,192,78,346,130,80,320,162,100,19,37,237,59,9,173,75,199,194,152,33,101,219,335,301,217,103,271,8,174,284,255,45,231,149,157,76,314,142,332,241,322",20100,200
5,7,90273.62144620967,20.629991242595114,"50,304,274,160,3,309,198,341,259,221,143,64,181,82,159,245,104,23,265,175,127,166,111,299,95,13,215,257,344,281,293,220,54,60,273,129,38,222,25,176,18,183,285,313,131,233,214,49,298,331,68,243,247,323,306,57,40,117,168,339,47,44,72,170,138,287,12,294,92,349,115,132,272,250,107,270,139,300,156,26,128,118,351,73,167,65,55,335,263,324,4,224,74,121,165,88,277,343,48,161,200,318,187,251,329,195,69,125,62,191,136,307,289,113,94,201,46,204,120,150,197,282,126,262,10,338,205,312,14,228,178,283,340,190,84,229,58,171,153,105,327,297,114,56,67,208,2,70,11,20,158,216,249,196,71,264,147,244,28,350,345,246,202,286,303,169,163,226,36,188,81,87,93,227,213,211,236,223,348,119,212,275,137,315,77,39,234,325,317,203,30,31,148,182,34,110,141,260,319,326,96,123,337,290,308,210,209,154,253,112,334,252,32,52,310,248,106,134,206,27,278,22,144,124,51,254,91,302,269,328,66,89,184,85,232,295,193,90,239,164,5,99,63,185,42,108,61,172,16,218,43,305,280,6,29,336,288,145,242,231,149,342,98,140,79,276,17,347,230,258,189,15,292,97,291,41,53,122,24,186,316,266,261,155,7,86,135,267,207,177,333,296,35,192,78,279,21,256,240,151,330,102,321,268,235,238,179,116,311,83,225,133,346,130,80,320,162,100,19,37,237,59,9,173,75,199,194,152,33,101,219,109,301,217,103,271,8,174,284,255,45,146,180,157,76,314,142,332,241,322",20100,200
5,8,94647.28029889126,14.00423081520808,"50,304,274,160,3,309,198,341,259,221,143,19,131,313,285,183,18,176,25,222,38,129,273,60,54,220,293,281,344,257,215,13,95,242,111,166,127,175,265,299,208,2,70,230,181,64,100,162,320,80,68,243,247,323,306,57,40,117,168,339,47,44,72,170,138,287,12,294,92,349,115,132,272,250,107,270,139,300,156,26,128,118,351,73,167,65,55,335,263,324,4,224,74,121,165,88,277,343,48,161,200,318,187,251,329,195,69,125,62,191,136,307,289,113,94,201,46,204,120,150,197,282,126,262,10,338,134,312,232,140,98,342,180,190,84,229,58,171,105,153,327,297,114,56,67,85,184,89,11,30,292,15,189,258,82,159,245,104,14,228,178,283,340,146,303,169,163,226,36,188,81,223,310,52,32,227,334,112,253,154,209,210,308,290,337,123,96,326,319,260,97,291,148,182,34,110,141,203,317,325,234,39,77,315,137,275,212,119,348,87,236,252,211,213,93,248,106,205,206,27,278,22,144,124,51,254,91,302,269,328,66,347,17,276,79,295,193,90,239,164,5,99,63,214,49,298,331,130,346,235,43,305,280,6,29,336,288,145,23,286,202,246,345,321,102,330,133,225,83,296,333,177,179,267,135,86,7,155,261,266,20,279,41,53,122,24,186,316,158,216,249,196,71,264,147,244,173,350,151,256,21,31,268,240,78,238,207,35,116,311,192,218,16,172,61,42,108,185,233,37,237,59,9,45,75,199,194,152,33,101,219,255,284,174,8,271,103,217,301,109,28,231,149,157,76,314,142,332,241,322",20100,200
5,9,90832.66853938808,20.078132940850885,"50,304,274,160,3,309,198,341,259,221,143,64,181,82,159,245,104,23,265,175,127,166,111,299,95,13,215,257,344,281,293,220,54,60,273,129,38,222,25,176,18,183,285,313,131,233,214,49,298,331,68,243,247,323,306,57,40,117,45,339,47,44,72,170,138,287,12,294,92,349,115,132,272,250,107,270,139,300,156,26,128,118,351,73,167,65,55,109,312,205,4,224,74,121,165,88,277,343,58,229,84,190,180,342,98,140,79,263,324,338,10,262,126,282,197,150,120,204,46,201,94,113,289,307,136,191,62,125,69,195,329,251,187,318,200,161,48,171,42,108,327,172,114,56,67,276,17,347,11,20,158,216,249,196,71,264,147,244,28,350,345,246,202,286,303,169,163,226,36,188,81,87,93,227,213,211,236,223,348,119,212,275,137,315,77,39,234,325,317,203,30,31,148,182,34,110,141,260,319,326,96,123,337,290,308,210,209,154,253,112,334,252,32,52,310,248,106,134,206,27,278,22,144,124,51,254,91,302,269,328,66,89,184,85,232,295,193,90,239,164,5,99,63,185,153,105,61,297,16,218,43,305,280,6,29,336,288,145,242,231,149,283,178,228,14,208,2,70,230,258,189,15,292,97,291,41,53,122,24,186,316,266,261,155,7,86,135,267,207,177,333,296,35,192,78,279,21,256,240,151,330,102,321,268,235,238,179,116,311,83,225,133,346,130,80,320,162,100,19,37,237,59,9,173,75,199,194,152,33,101,219,335,301,217,103,271,8,174,284,255,168,146,340,157,76,314,142,332,241,322",20100,200
5,10,90627.55504717966,20.364498956255186,"50,304,274,160,3,309,198,341,259,221,143,64,181,82,159,245,104,299,265,175,127,166,111,23,95,13,215,257,344,281,293,220,54,60,273,129,38,222,25,176,18,183,285,313,131,233,214,49,298,331,68,243,247,323,306,57,40,117,45,339,47,44,72,170,138,287,12,294,92,349,115,132,272,250,107,270,139,300,156,26,128,118,351,73,167,65,55,109,312,205,4,224,74,121,165,88,277,343,58,229,84,190,180,342,98,140,79,263,324,338,10,262,126,282,197,150,120,204,46,201,94,113,289,307,136,191,62,125,69,195,329,251,187,318,200,161,48,171,42,108,327,172,114,56,67,276,17,347,11,20,158,216,249,196,71,264,147,244,28,350,345,246,202,286,303,169,163,226,36,188,81,87,93,227,213,211,236,223,348,119,212,275,137,315,77,39,234,325,317,203,30,31,148,182,34,110,141,260,319,326,96,123,337,290,308,210,209,154,253,112,334,252,32,52,310,248,106,134,206,27,278,22,144,124,51,254,91,302,269,328,66,89,184,85,232,295,193,90,239,164,5,99,63,185,153,105,61,297,16,218,43,305,280,6,29,336,288,145,242,231,149,283,178,228,14,208,2,70,230,258,189,15,292,97,291,41,53,122,24,186,316,266,261,155,7,86,135,267,207,177,333,296,35,192,78,279,21,256,240,151,330,102,321,268,235,238,179,116,311,83,225,133,346,130,80,320,162,100,19,37,237,59,9,173,75,199,194,152,33,101,219,335,301,217,103,271,8,174,284,255,168,146,340,157,76,314,142,332,241,322",20100,200
5,11,90939.41903310774,20.035231272883355,"50,304,274,160,3,309,198,341,259,221,143,64,181,82,159,245,104,299,265,175,127,166,111,23,95,13,215,257,344,281,293,220,54,60,273,129,38,222,25,176,18,183,285,313,131,233,214,49,298,331,68,243,247,323,306,57,40,117,168,339,47,44,72,170,138,287,12,294,92,349,115,132,272,250,107,270,139,300,156,26,128,118,351,73,167,65,55,335,263,324,4,224,74,121,165,88,277,343,48,161,200,318,187,251,329,195,69,125,62,191,136,307,289,113,94,201,46,204,120,150,197,282,126,262,10,338,205,312,14,228,178,342,340,190,84,229,58,171,105,153,327,297,114,56,67,208,2,70,11,316,158,216,249,196,71,264,147,244,28,350,345,246,202,286,303,169,163,226,36,188,81,87,93,227,213,211,236,223,348,119,212,137,275,315,77,39,234,325,317,203,30,31,148,182,34,110,232,260,319,326,96,123,337,290,308,210,209,154,253,112,334,252,32,52,310,248,106,134,206,27,278,22,144,124,51,254,91,302,269,328,66,347,184,276,79,295,193,90,239,164,5,99,63,185,42,108,61,172,16,218,43,305,280,6,29,336,288,145,242,231,149,283,98,140,141,85,17,89,230,258,189,15,292,97,291,41,53,122,24,186,20,266,261,155,7,86,135,267,207,177,333,296,35,192,78,279,21,256,240,151,330,102,321,268,235,238,179,116,311,83,225,133,346,130,80,320,162,100,19,37,237,59,9,173,75,199,194,152,33,101,219,109,301,217,103,271,8,174,284,255,45,146,180,157,76,314,142,332,241,322",20100,200
5,12,94143.20953846438,15.094130198189934,"50,304,274,160,3,309,198,341,259,221,143,64,181,111,166,127,344,23,95,13,215,257,175,265,299,104,245,159,82,281,293,220,54,60,273,129,38,222,25,176,18,183,285,313,131,233,214,49,298,331,258,243,247,323,312,57,40,117,168,339,47,44,72,170,138,287,12,294,92,349,115,132,272,250,107,270,139,300,156,26,128,118,351,73,167,65,55,335,263,324,4,224,74,121,165,88,277,343,48,161,200,318,187,251,329,195,69,125,62,191,136,307,289,113,94,201,46,204,120,150,197,282,126,262,10,338,134,306,141,140,98,342,180,184,84,229,58,171,153,105,327,297,114,56,67,85,17,89,11,97,292,15,189,196,71,264,147,244,28,350,345,246,202,286,303,169,163,226,36,188,81,87,93,227,213,211,236,223,348,119,212,275,137,315,77,39,234,325,317,203,30,31,148,182,34,110,232,260,319,326,96,123,337,290,308,210,209,154,253,112,334,252,32,52,310,248,106,205,206,27,278,22,144,124,51,254,91,302,269,328,66,347,190,276,79,295,193,90,239,164,5,99,63,185,42,108,61,172,16,218,43,305,280,6,29,336,288,145,242,146,340,283,178,228,14,208,2,70,230,68,249,216,158,20,291,41,53,122,24,186,316,266,261,155,7,86,135,267,179,177,333,296,83,225,133,330,102,321,240,268,279,21,256,151,235,238,207,116,35,311,192,78,346,130,80,320,162,100,19,37,237,59,9,45,75,199,194,152,33,101,219,255,284,174,8,271,103,217,301,109,173,231,149,157,76,314,142,332,241,322",20100,200
5,13,90962.8938183358,19.34788682818004,"50,304,274,160,3,309,198,341,259,221,143,64,181,82,159,245,104,299,265,175,127,166,111,23,95,13,215,257,344,281,293,220,54,60,273,129,38,222,25,176,18,183,285,313,131,233,214,49,298,331,258,243,247,323,306,57,40,117,168,339,47,44,72,170,138,287,12,294,92,349,115,132,272,250,107,270,139,300,156,26,128,118,201,94,167,65,55,109,312,205,4,224,74,121,165,88,277,343,48,161,200,318,187,251,329,195,69,125,62,191,136,307,289,113,73,351,46,204,120,150,197,282,126,262,10,338,324,263,79,140,98,342,180,190,84,229,58,171,42,108,327,172,114,56,67,276,17,347,11,20,158,216,249,196,71,264,147,244,28,350,345,246,202,286,303,169,163,226,36,188,81,87,93,227,213,211,236,223,348,119,212,275,137,315,77,39,234,325,317,203,30,31,148,182,34,110,232,260,319,326,96,123,337,290,308,210,209,154,253,112,334,252,32,52,310,248,106,134,206,27,278,22,144,124,51,254,91,302,269,328,66,89,184,85,141,295,193,90,239,164,5,99,63,185,153,105,61,297,16,218,43,305,280,6,29,336,288,145,242,146,340,283,178,228,14,208,2,70,230,68,189,15,292,97,291,41,53,122,24,186,316,266,261,155,7,86,135,267,207,177,333,296,35,192,78,279,21,256,240,151,330,102,321,268,235,238,179,116,311,83,225,133,346,130,80,320,162,100,19,37,237,59,9,45,75,199,194,152,33,101,219,255,284,174,8,271,103,217,301,335,173,231,149,157,76,314,142,332,241,322",20100,200
5,14,94377.55237711413,14.191694578567349,"50,304,274,160,3,309,198,341,259,221,143,19,131,313,285,183,18,176,25,222,38,129,273,60,54,220,293,281,344,257,215,13,95,242,111,166,127,175,265,299,208,2,70,230,181,64,100,162,320,80,68,243,247,323,306,57,40,117,168,339,47,44,72,170,138,287,12,294,92,349,115,132,272,250,107,270,139,300,156,26,128,118,351,73,167,65,55,335,263,324,4,224,74,121,165,88,277,343,48,161,200,318,187,251,329,195,69,125,62,191,136,307,289,113,94,201,46,204,120,150,197,282,126,262,10,338,134,312,232,140,98,342,180,190,84,229,58,171,105,153,327,297,114,56,67,85,184,89,11,30,292,15,189,258,82,159,245,104,14,228,178,283,340,146,303,169,163,226,36,188,81,223,310,52,32,227,334,112,253,154,209,210,308,290,337,123,96,326,319,260,97,291,148,182,34,110,141,203,317,325,234,39,77,315,137,275,212,119,348,87,236,252,211,213,93,248,106,205,206,27,278,22,144,124,51,254,91,302,269,328,66,347,17,276,79,295,193,90,239,164,5,99,63,185,42,108,61,172,16,218,43,305,280,6,29,336,288,145,23,286,202,246,345,350,28,244,147,264,71,196,249,216,158,20,31,41,53,122,24,186,316,266,261,155,7,86,135,267,179,177,333,296,83,225,133,330,102,321,240,268,279,21,256,151,235,238,207,116,35,311,192,78,346,130,331,298,49,214,233,37,237,59,9,45,75,199,194,152,33,101,219,255,284,174,8,271,103,217,301,109,173,231,149,157,76,314,142,332,241,322",20100,200
5,15,94465.31162474297,14.056837169214633,"50,304,274,160,3,309,338,341,306,221,143,64,181,71,264,147,244,299,350,345,246,202,286,23,95,13,215,257,344,281,293,220,54,60,273,129,38,222,25,176,18,183,285,313,131,233,214,49,298,331,258,243,247,323,263,57,40,117,168,339,47,44,72,170,138,287,12,294,92,349,115,132,272,250,107,270,139,300,156,26,128,118,351,73,167,65,55,335,312,324,4,224,74,121,165,88,277,343,48,161,200,318,187,251,329,195,69,153,171,58,126,307,289,113,84,201,184,204,120,150,197,282,229,262,46,198,134,259,232,140,98,342,180,17,94,136,191,62,125,105,327,297,114,56,67,85,10,89,11,97,292,15,189,68,82,159,245,104,28,265,175,127,166,111,303,169,163,226,36,188,81,87,93,213,227,211,236,223,348,119,212,275,137,315,77,39,234,325,317,203,30,31,148,182,34,110,141,260,319,326,96,123,337,290,308,210,209,154,253,112,334,252,32,52,310,248,106,205,206,27,278,22,144,124,51,254,91,302,269,328,66,347,190,276,79,295,193,90,239,164,5,99,63,185,42,108,61,172,16,218,43,305,280,6,29,336,288,145,242,146,340,283,178,228,14,208,2,70,230,196,249,216,158,20,291,41,53,122,24,186,316,266,261,155,7,86,135,267,179,177,333,296,83,225,133,330,102,321,240,268,279,21,256,151,235,238,207,116,35,311,192,78,346,130,80,320,162,100,19,37,237,59,9,45,75,199,194,152,33,101,219,255,284,174,8,271,103,217,301,109,173,231,149,157,76,314,142,332,241,322",20100,200
5,16,92634.47570755637,15.454215167387483,"50,304,274,160,3,309,198,341,259,221,143,64,181,82,159,245,104,242,265,175,127,166,146,28,95,13,215,257,344,281,293,220,54,60,273,129,38,222,25,176,18,183,285,313,131,233,214,49,298,331,68,243,247,323,306,57,40,117,168,339,47,44,72,170,138,287,12,294,92,349,115,132,272,250,107,270,139,300,156,26,128,118,351,73,167,65,55,109,312,134,4,224,74,121,165,88,277,289,307,136,191,62,125,69,195,329,251,187,318,200,161,48,343,113,94,201,46,204,120,150,197,282,126,262,10,338,205,263,141,140,98,342,180,190,84,229,58,171,105,153,327,297,114,56,67,85,91,302,11,97,292,15,189,258,230,70,2,208,14,228,178,283,340,111,303,169,163,226,36,188,81,87,93,213,227,211,236,223,348,119,212,275,137,315,77,39,234,325,317,203,30,31,148,182,34,110,232,260,319,326,96,123,337,290,308,210,209,154,253,112,334,252,32,52,310,248,106,324,206,27,278,22,144,124,51,254,184,89,66,328,269,347,17,276,79,295,193,90,239,164,5,99,63,185,42,108,61,172,16,218,43,305,280,6,29,336,288,145,299,286,202,246,345,350,23,244,147,264,71,196,249,216,158,20,291,41,53,122,24,186,316,266,261,155,7,86,135,267,207,177,333,296,35,192,78,279,21,256,240,151,330,102,321,268,235,238,179,116,83,311,225,133,346,130,80,320,162,100,19,37,237,59,9,173,75,199,194,152,33,101,219,335,301,217,103,271,8,174,284,255,45,231,149,157,76,314,142,332,241,322",20100,200
5,17,89832.81322400633,24.20198490936791,"50,304,274,160,3,309,198,341,259,221,143,64,181,82,159,245,104,23,265,175,127,166,111,299,95,13,195,69,125,62,338,10,262,126,282,197,150,120,204,46,201,94,113,289,307,136,191,324,263,79,140,98,342,180,190,84,229,58,343,277,88,165,121,74,224,4,205,312,109,55,65,167,73,351,118,128,26,156,300,139,107,270,250,272,132,115,349,92,294,12,287,138,170,72,44,47,339,168,117,40,57,306,323,247,243,68,331,298,49,214,233,131,313,285,183,18,176,25,222,38,129,273,60,54,220,293,281,344,257,215,329,251,187,318,200,161,48,171,42,108,327,172,114,56,67,276,17,347,11,20,158,216,249,196,71,264,147,244,28,350,345,246,202,286,303,169,163,226,36,188,81,87,93,227,213,211,236,223,348,119,212,275,137,315,77,39,234,325,317,203,30,31,148,182,34,110,141,260,319,326,96,123,337,290,308,210,209,154,253,112,334,252,32,52,310,248,106,134,206,27,278,22,144,124,51,254,91,302,269,328,66,89,184,85,232,295,193,90,239,164,5,99,63,185,153,105,61,297,16,218,43,305,280,6,29,336,288,145,242,231,149,283,178,228,14,208,2,70,230,258,189,15,292,97,291,41,53,122,24,186,316,266,261,155,7,86,135,267,207,177,333,296,35,192,78,279,21,256,240,151,330,102,321,268,235,238,179,116,311,83,225,133,346,130,80,320,162,100,19,37,237,59,9,173,75,199,194,152,33,101,219,335,301,217,103,271,8,174,284,255,45,146,340,157,76,314,142,332,241,322",20100,200
5,18,91118.43179977992,18.45462768130524,"50,304,274,160,3,309,198,341,259,221,143,64,181,82,159,245,104,299,265,175,127,166,111,23,95,13,215,257,344,281,293,220,54,60,273,129,38,222,25,176,18,183,285,313,131,233,214,49,298,331,68,243,247,323,312,57,40,117,168,339,47,44,72,170,138,287,12,294,92,349,115,132,272,250,107,270,139,300,156,26,128,118,351,73,167,65,55,335,263,324,4,224,74,121,165,88,277,343,58,229,84,190,180,342,98,140,79,306,205,338,10,307,289,113,94,201,46,204,120,150,197,282,126,262,136,191,62,125,69,195,329,251,187,318,200,161,48,171,42,108,327,172,114,56,67,276,17,347,11,20,158,216,249,196,71,264,147,244,28,350,345,246,202,286,303,169,163,226,36,188,81,87,93,227,213,211,236,223,348,119,212,275,137,315,77,39,234,325,317,203,30,31,148,182,34,110,141,260,319,326,96,123,337,290,308,210,209,154,253,112,334,252,32,52,310,248,106,134,206,27,278,22,144,124,51,254,91,302,269,328,66,89,184,85,232,295,193,90,239,164,5,99,63,185,153,105,61,297,16,218,43,305,280,6,29,336,288,145,242,231,149,283,178,228,14,208,2,70,230,258,189,15,292,97,291,41,53,122,24,186,316,266,261,155,7,86,135,267,207,177,333,296,35,192,78,279,21,256,240,151,330,102,321,268,235,238,179,116,311,83,225,133,346,130,80,320,162,100,19,37,237,59,9,173,75,199,194,152,33,101,219,109,301,217,103,271,8,174,284,255,45,146,340,157,76,314,142,332,241,322",20100,200
5,19,92536.15030888408,15.573922182744944,"50,304,274,160,3,309,198,341,259,221,143,64,181,82,159,245,104,28,265,175,127,166,146,242,95,13,215,257,344,281,293,220,54,60,273,129,38,222,25,176,18,183,285,313,131,233,214,49,298,331,68,243,247,323,306,57,40,117,168,339,47,44,72,170,138,287,12,294,92,349,115,132,272,250,270,107,139,300,156,26,128,118,351,73,167,65,55,109,312,134,4,224,74,121,165,88,277,289,307,136,191,62,125,69,195,329,251,187,318,200,161,48,343,113,94,201,46,204,120,150,197,282,126,262,10,338,205,263,141,140,98,342,180,190,84,229,58,171,105,153,327,297,114,56,67,85,91,302,11,97,292,15,189,258,230,70,2,208,14,228,178,283,340,111,303,169,163,226,36,188,81,87,93,213,227,211,236,223,348,119,212,275,137,315,77,39,234,325,317,203,30,31,148,182,34,110,232,260,319,326,96,123,337,290,308,210,209,154,253,112,334,252,32,52,310,248,106,324,206,27,278,22,144,124,51,254,184,89,66,328,269,347,17,276,79,295,193,90,239,164,5,99,63,185,42,108,61,172,16,218,43,305,280,6,29,336,288,145,299,286,202,246,345,350,23,244,147,264,71,196,249,216,158,20,291,41,53,122,24,186,316,266,261,155,7,86,135,267,207,177,333,296,35,192,78,279,21,256,240,151,330,102,321,268,235,238,179,116,311,83,225,133,346,130,80,320,162,100,19,37,237,59,9,173,75,199,194,152,33,101,219,255,284,174,8,271,103,217,301,335,45,231,149,157,76,314,142,332,241,322",20100,200
6,0,93062.25204176888,9.958217700635121,"203,63,325,249,258,221,185,191,299,128,216,247,171,141,19,206,29,295,126,36,27,96,119,187,228,324,155,306,108,62,335,289,204,202,230,64,264,196,276,101,166,66,343,308,16,224,286,284,345,351,265,151,272,149,270,339,84,188,344,217,131,321,56,314,197,100,32,91,165,133,88,156,234,73,145,89,237,33,346,157,162,95,82,61,246,192,313,37,255,186,142,30,98,342,326,242,317,67,297,211,285,193,120,42,267,266,199,118,154,122,273,50,127,179,38,281,159,319,139,340,303,305,161,200,97,160,291,181,115,243,69,174,205,40,168,41,235,236,13,347,240,54,280,349,135,138,231,14,250,287,184,261,227,172,330,320,34,212,296,105,269,102,116,129,220,144,223,28,312,12,90,275,334,48,169,47,262,46,279,233,44,79,316,294,17,148,121,112,65,58,43,257,77,117,53,309,195,125,183,21,74,298,252,153,75,109,123,86,140,136,81,4,158,52,6,304,307,180,150,209,194,104,213,337,59,336,232,278,333,207,208,310,83,245,315,214,152,132,87,114,25,45,253,103,229,331,164,277,241,113,15,282,10,7,163,283,80,178,85,177,3,107,173,222,260,170,60,332,143,110,134,24,311,341,111,22,248,350,8,76,51,301,292,176,35,31,219,256,175,251,318,39,210,201,215,137,322,18,189,323,57,348,72,263,226,130,327,190,244,259,70,5,26,329,146,239,218,182,268,147,254,93,78,71,271,2,11,99,288,300,238,167,20,23,68,94,124,49,290,55,302,92,328,225,274,9,106,198,293,338",20100,200
6,1,90800.11263469978,11.07439796329503,"203,63,325,249,98,30,142,186,255,37,313,192,246,61,82,95,162,212,346,33,237,89,145,73,234,156,88,133,165,91,32,100,197,314,56,321,154,345,284,286,224,16,308,317,340,166,101,276,196,264,27,230,202,204,289,335,62,265,151,272,149,270,339,84,188,344,217,131,108,96,119,233,179,38,281,159,191,36,126,295,29,206,64,141,351,247,216,128,299,55,185,221,258,342,326,242,34,67,297,211,285,193,120,42,267,266,199,118,171,122,273,50,306,155,324,228,187,319,139,66,303,305,161,200,97,160,291,181,115,243,69,174,205,40,168,41,235,236,13,347,240,54,280,349,135,138,231,14,250,287,184,261,227,172,330,320,343,157,296,105,269,102,116,129,220,144,223,28,312,12,90,275,334,48,169,47,262,46,279,127,44,79,316,294,17,148,121,112,65,58,43,257,77,117,53,309,195,125,183,21,74,298,252,153,75,109,123,86,140,136,81,4,158,52,6,304,307,180,150,209,194,104,213,337,59,336,232,278,333,207,208,310,83,245,315,214,152,132,87,114,25,45,253,103,229,331,164,277,241,113,15,282,10,7,163,283,80,178,85,177,3,107,173,222,260,170,60,332,143,110,134,24,311,341,111,22,248,350,8,76,51,301,292,176,35,31,219,256,175,251,318,39,210,201,215,137,322,18,189,323,57,348,72,263,226,130,327,190,244,259,70,5,26,329,146,239,218,182,268,147,254,93,78,71,271,2,11,99,288,300,238,167,20,23,68,94,124,49,290,19,302,92,328,225,274,9,106,198,293,338",20100,200
6,2,89854.9316742522,12.582088734232476,"203,63,325,249,98,30,142,186,255,37,313,192,289,61,82,95,162,212,346,33,237,89,281,38,179,127,119,96,108,154,335,284,286,224,16,308,296,66,166,101,276,196,264,27,230,202,204,62,345,246,265,151,272,149,270,339,84,188,344,217,131,321,56,314,197,100,32,91,165,133,88,156,234,73,145,159,191,36,126,295,29,206,64,141,351,247,216,128,299,55,185,221,258,342,326,242,34,67,297,211,285,193,120,42,267,266,199,118,171,122,273,50,306,155,324,228,187,319,139,340,303,305,161,200,97,160,291,181,115,243,69,174,205,40,168,41,235,236,13,347,240,54,280,349,135,138,231,14,250,287,184,261,227,172,330,320,317,157,343,105,269,102,116,129,220,144,223,28,312,12,90,275,334,48,169,47,262,46,279,233,44,79,316,294,17,148,121,112,65,58,43,257,77,117,53,309,195,125,183,21,74,298,252,153,75,109,123,86,140,136,81,4,158,52,6,304,307,180,150,209,194,104,213,337,59,336,232,278,333,207,208,310,83,245,315,214,152,132,87,114,25,45,253,103,229,331,164,277,241,113,15,282,10,7,163,283,80,178,85,177,3,107,173,222,260,170,60,332,143,110,134,24,311,341,111,22,248,350,8,76,51,301,292,176,35,31,215,201,210,39,318,251,175,256,219,137,322,18,189,323,57,348,72,263,226,130,327,190,244,259,70,5,26,329,146,239,218,182,268,147,254,93,78,71,271,2,11,99,288,300,238,167,20,23,68,94,124,49,290,19,302,92,328,225,274,9,106,198,293,338",20100,200
6,3,94885.40046909814,9.796714938323277,"203,63,325,249,258,221,185,326,299,128,216,247,171,141,183,161,305,303,340,139,319,159,281,38,179,233,50,273,122,154,118,199,266,267,42,120,193,285,211,297,67,34,242,27,342,98,286,284,345,351,265,151,272,149,270,339,17,188,344,217,131,321,56,314,197,100,32,91,165,133,88,320,234,73,145,172,237,33,346,212,162,95,82,61,246,192,313,37,255,186,142,30,335,289,257,202,230,64,275,196,276,101,166,66,296,308,16,58,62,108,306,155,324,228,187,119,96,191,36,126,295,29,206,200,97,160,291,181,115,243,69,174,205,40,168,41,235,236,13,347,240,54,280,349,135,138,231,14,250,287,184,261,227,89,330,156,317,157,343,105,269,102,116,129,220,144,223,28,312,12,90,264,204,48,169,47,262,46,279,127,44,79,316,294,84,148,121,112,65,224,43,334,77,117,53,309,195,125,238,21,74,298,252,153,194,209,150,180,307,136,81,4,158,52,6,304,140,86,123,109,75,104,213,337,59,336,232,278,333,207,208,310,83,245,315,214,152,132,87,114,25,45,253,103,229,331,164,277,241,113,15,282,10,7,163,283,80,178,85,177,3,107,173,222,260,170,60,332,143,110,134,24,311,341,111,22,248,350,8,76,51,301,292,176,35,31,215,201,210,251,318,39,175,256,219,137,322,18,189,323,57,348,72,263,226,130,327,190,244,259,70,5,26,329,146,239,218,182,268,147,254,93,78,71,271,2,11,99,288,300,19,167,20,23,68,94,124,49,290,55,302,92,328,225,274,9,106,198,293,338",20100,200
6,4,89801.95681419183,13.395962602924694,"203,63,325,249,98,30,142,186,255,37,313,192,289,61,82,95,162,212,346,33,237,89,281,38,179,233,119,96,108,154,335,284,286,224,16,308,317,66,166,101,276,196,264,27,230,202,204,62,345,246,265,151,272,149,270,339,84,188,344,217,131,321,56,314,197,100,32,91,165,133,88,156,234,73,145,159,191,36,126,295,29,206,64,141,351,247,216,128,299,55,185,221,258,342,326,242,34,67,297,211,285,193,120,42,267,266,199,118,171,122,273,50,306,155,324,228,187,319,139,340,303,305,161,200,97,160,291,181,115,243,69,174,205,40,168,41,235,236,13,347,240,54,280,349,135,138,231,14,250,287,184,261,227,172,330,320,343,157,296,105,269,102,116,129,220,144,223,28,312,12,90,275,334,48,169,47,262,46,279,127,44,79,316,294,17,148,121,112,65,58,43,257,77,117,53,309,195,125,183,21,74,298,252,153,75,109,123,86,140,136,81,4,158,52,6,304,307,180,150,209,194,104,213,337,59,336,232,278,333,207,208,310,83,245,315,214,152,132,87,114,25,45,253,103,229,331,164,277,241,113,15,282,10,7,163,283,80,178,85,177,3,107,173,222,260,170,60,332,143,110,134,24,311,341,111,22,248,350,8,76,51,301,292,176,35,31,219,256,175,251,318,39,210,201,215,137,322,18,189,323,57,348,72,263,226,130,327,190,244,259,70,5,26,329,146,239,218,182,268,147,254,93,78,71,271,2,11,99,288,300,238,167,20,23,68,94,124,49,290,19,302,92,328,225,274,9,106,198,293,338",20100,200
6,5,95067.6311253044,9.757751729822894,"203,63,325,249,258,221,185,326,299,128,216,247,171,141,183,161,305,303,340,139,319,159,281,38,179,233,50,273,122,154,118,199,266,267,42,120,193,285,211,297,67,34,242,27,342,98,286,284,345,351,265,151,272,149,270,339,17,188,344,217,131,321,56,314,197,100,32,91,165,133,88,320,234,73,145,172,237,33,346,212,162,95,82,61,246,192,313,37,255,186,142,30,335,289,257,202,230,64,275,196,276,101,166,66,296,308,16,58,62,108,306,155,324,228,187,119,96,191,36,126,295,29,206,200,97,160,291,181,115,243,69,174,205,40,168,41,235,236,13,347,240,54,280,349,135,138,231,14,250,287,184,261,227,89,330,156,317,157,343,105,269,102,116,129,220,144,223,28,312,12,90,264,204,48,169,47,262,46,279,127,44,79,316,294,84,148,121,112,65,224,43,334,77,117,53,309,195,125,238,21,74,298,252,153,75,109,123,86,140,136,81,4,158,52,6,304,307,180,150,209,194,104,213,337,59,336,232,278,333,207,208,310,83,245,315,214,152,132,87,114,25,45,253,103,229,331,164,277,241,113,15,282,10,7,163,283,80,178,85,177,3,107,173,222,260,170,60,332,143,110,134,24,311,341,111,22,248,350,8,76,51,301,292,176,35,31,219,256,175,251,318,39,210,201,215,137,322,18,189,323,57,348,72,263,226,130,327,190,244,259,70,5,26,329,146,239,218,182,19,300,288,99,11,2,271,71,78,93,254,147,268,167,20,23,68,94,124,49,290,55,302,92,328,225,274,9,106,198,293,338",20100,200
6,6,92912.0835277398,10.131253143093064,"203,63,325,249,258,221,185,191,299,128,216,247,171,141,19,206,29,295,126,36,326,96,119,187,228,324,155,306,108,62,335,289,204,202,230,64,264,196,276,101,166,66,343,308,16,224,286,284,345,351,265,151,272,149,270,339,84,188,344,217,131,321,56,314,197,100,32,91,165,133,88,156,234,73,145,89,237,33,346,157,162,95,82,61,246,192,313,37,255,186,142,30,98,342,27,242,317,67,297,211,285,193,120,42,267,266,199,118,154,122,273,50,127,179,38,281,159,319,139,340,303,305,161,200,97,160,291,181,115,243,69,174,205,40,168,41,235,236,13,347,240,54,280,349,135,138,231,14,250,287,184,261,227,172,330,320,296,212,34,105,269,102,116,129,220,144,223,28,312,12,90,275,334,48,169,47,262,46,279,233,44,79,316,294,17,148,121,112,65,58,43,257,77,117,53,309,195,125,183,21,74,298,252,153,75,109,123,86,140,136,81,4,158,52,6,304,307,180,150,209,194,104,213,337,59,336,232,278,333,207,208,310,83,245,315,214,152,132,87,114,25,45,253,103,229,331,164,277,241,113,15,282,10,7,163,283,80,178,85,177,3,107,173,222,260,170,60,332,143,110,134,24,311,341,111,22,248,350,8,76,51,301,292,176,35,31,219,256,175,251,318,39,210,201,215,137,322,18,189,323,57,348,72,263,226,130,327,190,244,259,70,26,329,5,146,239,218,182,268,147,254,93,78,71,271,2,11,99,288,300,238,167,20,23,68,94,124,49,290,55,302,92,328,225,274,9,106,198,293,338",20100,200
6,7,89718.69497832231,14.002530545512284,"203,63,325,249,258,221,185,191,299,128,216,247,171,141,55,206,29,295,126,36,326,96,119,187,228,324,155,306,108,62,335,289,257,202,230,64,275,196,276,101,166,66,296,308,16,58,286,284,345,351,265,151,272,149,270,339,17,188,344,217,131,321,56,314,197,100,32,91,165,133,88,156,234,73,145,89,237,33,346,212,162,95,82,61,246,192,313,37,255,186,142,30,98,342,27,242,34,67,297,211,285,193,120,42,267,266,199,118,154,122,273,50,233,179,38,281,159,319,139,340,303,305,161,200,97,160,291,181,115,243,69,174,205,40,168,41,235,236,13,347,240,54,280,349,135,138,231,14,250,287,184,261,227,172,330,320,317,157,343,105,269,102,116,129,220,144,223,28,312,12,90,264,204,48,169,47,262,46,279,127,44,79,316,294,84,148,121,112,65,224,43,334,77,117,53,309,195,125,183,21,74,298,81,136,140,180,150,209,194,153,252,4,158,52,6,304,307,109,123,86,75,104,213,337,59,336,256,164,331,229,208,210,201,215,31,35,176,292,301,51,76,8,350,248,22,111,341,311,24,134,110,143,10,7,163,283,80,178,85,177,3,107,173,222,260,170,60,332,282,15,113,241,232,278,333,207,103,253,45,25,114,87,132,152,214,315,219,277,175,70,259,244,190,327,130,226,263,72,348,57,323,189,18,322,137,245,83,310,39,318,251,5,26,329,146,239,218,182,268,147,254,93,78,71,271,2,11,99,290,300,238,167,20,23,68,94,124,49,288,19,302,92,328,225,274,9,106,198,293,338",20100,200
6,8,92162.49700658362,10.268973369278786,"203,63,325,249,258,221,185,191,299,128,216,247,171,141,19,206,29,295,126,36,326,96,119,187,228,324,155,306,108,284,345,351,286,224,16,64,131,217,344,188,84,339,270,149,272,151,265,62,335,289,204,202,230,27,264,196,276,101,166,66,343,321,56,314,197,100,32,91,165,133,88,156,234,73,145,89,237,33,346,157,162,95,82,61,246,192,313,37,255,186,142,30,98,342,308,242,317,67,297,211,285,193,120,42,267,266,199,118,154,122,273,50,127,179,38,281,159,319,139,340,303,305,161,200,97,160,291,181,115,243,69,174,205,40,168,41,235,236,13,347,240,54,280,349,135,138,231,14,250,287,184,261,227,172,330,320,34,212,296,105,269,102,116,129,220,144,223,28,312,12,90,275,334,48,169,47,262,46,279,233,44,79,316,294,17,148,121,112,65,58,43,257,77,117,53,309,195,125,183,21,74,298,252,153,75,109,123,86,140,136,81,4,158,52,6,304,307,180,150,209,194,104,213,337,59,336,232,278,333,207,208,310,83,245,315,214,152,132,87,114,25,45,253,103,229,331,164,277,241,113,15,282,10,7,163,283,80,178,85,177,3,107,173,222,260,170,60,332,143,110,134,24,311,341,111,22,248,350,8,76,51,301,292,176,35,31,215,201,210,39,318,251,175,256,219,137,322,18,189,323,57,348,72,263,226,130,327,190,70,259,244,5,26,329,146,239,218,182,268,147,254,93,78,71,271,2,11,99,288,300,238,167,20,23,68,94,124,49,290,55,302,92,328,225,274,9,106,198,293,338",20100,200
6,9,92837.19511440406,10.145343983086399,"203,63,325,249,20,221,185,191,299,128,216,247,171,141,19,206,29,295,126,36,326,96,119,187,228,324,155,306,108,62,335,289,204,202,230,64,264,196,276,101,166,66,343,308,16,224,286,284,345,351,265,151,272,149,270,339,84,188,344,217,131,321,56,314,197,100,32,91,165,133,88,156,234,73,145,89,237,33,346,157,162,95,82,61,246,192,313,37,255,186,142,30,98,342,27,242,317,67,297,211,285,193,120,42,267,266,199,118,154,122,273,50,127,179,38,281,159,319,139,340,303,305,161,200,97,160,291,181,115,243,69,174,205,40,168,41,235,236,13,347,240,54,280,349,135,138,231,14,250,287,184,261,227,172,330,320,296,212,34,105,269,102,116,129,220,144,223,28,312,12,90,275,334,48,169,47,262,46,279,233,44,79,316,294,17,148,121,112,65,58,43,257,77,117,53,309,195,125,183,21,74,298,252,153,75,109,123,86,140,136,81,4,158,52,6,304,307,180,150,209,194,104,213,337,59,336,232,278,333,207,208,310,83,245,315,214,152,132,87,114,25,45,253,103,229,331,164,277,241,113,15,282,10,7,163,283,80,178,85,177,3,107,173,222,260,170,60,332,143,110,134,24,311,341,111,22,248,350,8,76,51,301,292,176,35,31,219,256,175,251,318,39,210,201,215,137,322,18,189,323,57,348,72,263,226,130,327,190,244,259,70,26,329,5,146,239,218,182,268,147,254,93,78,2,271,71,11,99,288,300,238,167,258,23,68,94,124,49,290,55,302,92,328,225,274,9,106,198,293,338",20100,200
6,10,88440.75780050347,15.1476669510178,"203,63,325,249,98,30,142,186,255,37,313,192,289,61,82,95,162,212,346,33,237,89,281,38,179,233,119,96,108,154,335,62,286,58,16,308,296,66,166,101,276,196,275,27,230,202,257,284,345,246,265,151,272,149,270,339,17,188,344,217,131,321,56,314,197,100,32,91,165,133,88,156,234,73,145,159,191,36,126,295,29,206,64,141,351,247,216,128,299,55,185,221,258,342,326,242,34,67,297,211,285,193,120,42,267,266,199,118,171,122,273,50,306,155,324,228,187,319,139,340,303,305,161,200,97,160,291,181,115,243,69,174,205,40,168,41,235,236,13,347,240,54,280,349,135,138,231,14,250,287,184,261,227,172,330,320,317,157,343,105,269,102,116,129,220,144,223,28,312,12,90,264,204,48,169,47,262,46,279,127,44,79,316,294,84,148,121,112,65,224,43,334,77,117,53,309,195,125,183,21,74,298,81,136,140,180,150,209,194,153,252,4,158,52,6,304,307,109,123,86,75,104,213,337,59,336,256,164,331,229,208,210,201,215,31,35,176,292,301,51,76,8,350,248,22,111,341,311,24,134,110,143,10,7,163,283,80,178,85,177,3,107,173,222,260,170,60,332,282,15,113,241,232,278,333,207,103,253,45,25,114,87,132,152,214,315,219,277,175,70,259,244,190,327,130,226,263,72,348,57,323,189,18,322,137,245,83,310,39,318,251,5,26,329,146,239,218,182,268,147,254,93,78,71,271,2,11,99,290,300,238,167,20,23,68,94,124,49,288,19,302,92,328,225,274,9,106,198,293,338",20100,200
6,11,90391.29770482297,12.521387598516798,"203,63,325,249,258,221,185,191,299,128,216,247,171,141,55,206,29,295,126,36,326,96,119,187,228,324,155,306,108,62,335,289,257,202,230,64,275,196,276,101,166,66,296,308,16,58,286,284,345,351,265,151,272,149,270,339,17,188,344,217,131,321,56,314,197,100,32,91,165,133,88,156,234,73,145,89,237,33,346,212,162,95,82,61,246,192,313,37,255,186,142,30,98,342,27,242,34,67,297,211,285,193,120,42,267,266,199,118,154,122,273,50,233,179,38,281,159,319,139,340,303,305,161,200,97,160,291,181,115,243,69,174,205,40,168,41,235,236,13,347,240,54,280,349,135,138,231,14,250,287,184,261,227,172,330,320,317,157,343,105,269,102,116,129,220,144,223,28,312,12,90,264,204,48,169,47,262,46,279,127,44,79,316,294,84,148,121,112,65,224,43,334,77,117,53,309,195,125,183,21,74,298,252,136,140,109,123,86,75,153,81,4,158,52,6,304,307,180,150,209,194,104,213,337,59,336,232,278,333,207,103,253,45,25,114,87,132,152,214,315,245,83,310,208,229,331,164,277,241,113,15,282,10,7,163,283,80,178,85,177,3,107,173,222,260,170,60,332,143,110,134,24,311,341,111,22,248,350,8,76,51,301,292,176,35,31,219,256,175,251,318,39,210,201,215,137,322,18,189,57,323,348,72,263,226,130,327,190,244,259,70,5,26,329,146,239,218,182,268,147,254,93,78,71,271,2,11,99,290,300,238,167,20,23,68,94,124,49,288,19,302,92,328,225,274,9,106,198,293,338",20100,200
6,12,89266.44118063977,14.179945757230687,"203,63,325,249,98,30,142,186,255,37,313,192,246,61,82,95,162,212,346,33,237,89,145,73,234,156,88,133,165,91,32,100,197,314,56,321,154,345,284,286,224,16,308,317,340,166,101,276,196,264,27,230,202,204,289,335,62,265,151,272,149,270,339,84,188,344,217,131,108,96,119,127,179,38,281,159,191,36,126,295,29,206,64,141,351,247,216,128,299,55,185,221,258,342,326,242,34,67,297,211,285,193,120,42,267,266,199,118,171,122,273,50,306,155,324,228,187,319,139,66,303,305,161,200,97,160,291,181,115,243,69,174,205,40,168,41,235,236,13,347,240,54,280,349,135,138,231,14,250,287,184,261,227,172,330,320,343,157,296,105,269,102,116,129,220,144,223,28,312,12,90,275,334,48,169,47,262,46,279,233,44,79,316,294,17,148,121,112,65,58,43,257,77,117,53,309,195,125,183,21,74,298,81,136,140,180,150,209,194,153,252,4,158,52,6,304,307,109,123,86,75,104,213,337,59,336,256,164,331,229,208,210,201,215,31,35,176,292,301,51,76,8,350,248,22,111,341,311,24,134,110,143,10,7,163,283,80,178,85,177,3,107,173,222,260,170,60,332,282,15,113,241,232,278,333,207,103,253,45,25,114,87,132,152,214,315,219,277,175,251,318,39,310,83,245,137,322,18,189,323,57,348,72,263,226,130,327,190,244,259,70,5,26,329,146,239,218,182,268,147,254,93,78,71,271,2,11,99,288,300,238,167,20,23,68,94,124,49,290,19,302,92,328,225,274,9,106,198,293,338",20100,200
7,0,103601.00316302356,13.67216166285154,"323,126,153,164,258,33,188,182,9,243,99,80,55,232,155,213,201,295,145,172,346,110,297,60,51,234,308,160,56,90,195,162,158,252,115,125,277,186,316,105,216,21,190,219,248,206,304,17,237,100,303,240,42,225,15,288,239,299,137,102,283,307,210,170,287,322,336,317,57,178,179,146,98,342,310,300,101,94,68,18,197,220,171,339,12,48,349,43,75,292,327,54,263,270,157,163,306,315,64,200,242,2,120,328,134,269,191,266,49,275,79,26,13,104,221,278,129,106,37,32,223,83,282,260,187,59,340,124,92,24,268,128,215,324,194,321,36,113,293,217,207,259,174,238,14,95,185,86,27,329,208,135,173,291,111,108,180,175,224,89,313,103,204,247,82,167,159,107,154,131,138,199,261,31,251,338,314,69,312,136,214,343,331,193,265,152,183,255,332,96,29,144,222,351,10,109,66,254,257,285,294,311,229,256,334,39,196,70,241,320,53,119,309,330,35,91,40,3,97,341,231,52,45,130,34,150,244,161,19,61,151,116,30,112,6,123,325,139,148,246,72,23,38,20,333,274,140,7,28,272,301,344,202,16,156,121,273,76,249,177,132,211,141,230,5,41,226,235,46,271,11,143,284,147,345,117,189,192,168,84,198,245,281,50,25,8,58,47,236,264,87,209,81,286,184,176,77,276,22,93,205,149,203,85,228,127,337,73,302,326,298,279,65,114,262,133,165,67,305,122,318,44,88,71,290,233,74,166,289,227,348,253,4,218,296,212,78,319,267,347,350,335,142,181,118,62,250,63,169,280",20100,200
7,1,111241.22933907977,11.572726754535742,"26,36,289,133,136,277,95,151,131,238,62,108,16,117,174,215,209,253,232,257,87,304,316,163,6,227,88,165,258,67,83,340,76,168,190,169,251,225,56,77,113,245,58,166,42,194,243,160,14,321,271,52,331,9,206,114,237,249,134,195,145,60,260,259,137,236,306,139,82,182,203,141,12,105,78,59,337,269,99,302,292,214,85,267,254,336,106,313,315,53,295,347,80,101,183,330,143,317,138,307,241,201,132,280,122,127,91,13,333,69,119,319,196,71,135,153,193,20,121,152,68,328,15,208,63,226,186,222,204,345,326,200,97,128,228,303,10,221,38,148,41,325,98,125,29,310,147,72,279,93,110,223,130,104,19,2,224,244,23,184,65,11,314,8,161,146,84,266,242,171,24,21,179,261,213,18,281,64,339,246,47,212,159,344,32,51,335,338,248,188,144,81,4,285,197,287,235,155,156,230,178,167,205,207,216,218,210,322,247,149,33,3,154,73,142,124,318,44,28,283,102,103,327,191,35,311,198,57,268,250,341,158,45,92,120,7,90,173,229,100,185,74,89,275,263,30,351,332,262,343,17,175,172,180,123,140,49,334,170,293,181,176,296,211,22,217,252,350,66,86,312,264,309,346,272,231,177,255,270,286,43,126,305,129,349,187,234,240,162,220,274,256,107,329,290,34,282,291,55,116,324,323,342,112,297,301,61,27,115,25,199,70,150,348,75,278,5,294,109,288,94,54,299,308,273,192,233,96,219,284,48,320,37,157,202,46,239,111,40,189,39,300,79,265,118,298,50,31,276,164",20100,200
7,2,96277.01075832538,14.663670844314035,"323,21,49,164,33,266,188,163,328,243,79,104,258,15,155,213,201,295,120,172,292,110,297,60,278,13,308,80,157,179,239,162,158,252,327,232,51,275,7,137,153,206,57,263,190,346,56,306,237,55,202,6,123,325,139,148,246,72,142,38,20,333,274,140,223,303,283,301,344,112,30,116,151,61,19,161,244,150,34,130,45,52,231,341,97,3,40,91,35,330,309,119,254,222,144,310,129,221,98,234,17,197,43,76,282,12,242,68,94,287,178,134,342,219,146,269,48,26,102,336,54,64,170,210,216,215,37,182,126,106,114,32,300,349,240,28,16,156,121,273,272,171,128,268,24,92,124,340,59,187,260,18,316,115,317,125,270,339,322,186,160,9,101,220,75,83,100,307,277,304,299,145,42,191,200,248,195,225,105,2,315,90,99,294,311,229,256,334,39,196,70,241,320,53,66,109,10,351,257,285,29,96,332,255,183,152,265,193,331,343,214,136,312,69,314,338,251,31,261,199,138,131,154,107,159,167,82,247,204,103,313,89,224,175,180,108,111,291,173,135,208,329,27,86,185,95,14,238,174,259,207,217,293,113,36,321,194,324,249,177,132,211,141,230,5,41,226,235,46,271,11,143,284,147,345,117,189,192,168,84,198,245,279,65,67,298,326,302,73,337,127,228,85,203,149,205,93,22,276,77,176,184,286,81,209,87,264,236,47,58,8,25,50,281,165,133,262,288,305,122,318,44,88,71,290,233,74,166,289,227,348,253,4,218,296,212,78,319,267,347,350,335,23,181,118,62,250,63,169,280",20100,200
7,3,107152.19463801188,12.894236614413462,"26,36,289,133,136,277,95,151,131,238,62,108,16,117,174,215,209,253,232,257,87,304,316,163,6,227,88,165,258,67,83,340,76,168,190,169,251,225,56,77,113,245,58,166,42,194,243,160,14,321,271,52,331,9,206,114,237,249,134,195,145,60,260,259,137,236,306,139,82,182,203,141,12,105,78,59,337,269,99,302,292,214,85,267,254,336,106,313,315,53,295,347,80,101,183,330,143,317,138,307,241,201,132,280,122,127,91,13,333,69,119,319,196,71,135,153,193,20,121,152,68,328,15,208,63,226,186,222,204,345,326,200,97,128,228,303,10,221,102,148,41,325,98,125,29,310,147,72,279,93,110,223,130,104,19,2,224,244,23,184,65,11,314,8,161,146,84,266,242,171,24,21,261,179,213,18,281,64,339,246,322,38,159,344,32,51,335,338,248,247,149,124,142,73,154,3,33,318,156,28,283,44,103,327,191,218,210,47,188,144,235,287,197,285,4,81,155,167,230,178,212,205,207,216,35,311,198,57,70,150,348,75,278,5,294,109,288,94,54,299,308,273,192,233,282,34,290,329,107,256,274,220,162,240,234,187,349,129,305,126,43,286,270,255,177,231,272,346,309,264,312,86,66,350,252,217,22,211,296,176,181,293,170,334,49,140,123,180,172,175,17,343,262,332,351,30,263,291,55,116,324,323,342,112,297,301,61,27,115,25,199,268,250,341,158,45,92,120,7,90,173,229,100,185,74,89,275,96,219,284,48,320,37,157,202,46,239,111,40,189,39,300,79,265,118,298,50,31,276,164",20100,200
7,4,93310.06969806396,15.185343960602738,"149,79,300,44,319,296,321,65,93,283,327,223,206,110,252,94,170,262,55,201,102,326,126,60,298,263,258,71,68,250,190,7,162,104,188,15,54,133,127,302,88,13,346,33,233,278,348,51,328,287,37,120,158,219,205,22,169,342,240,157,203,178,21,64,308,155,280,331,193,265,152,183,255,332,96,29,285,257,351,10,109,66,53,320,241,70,196,39,334,256,229,311,294,144,222,254,119,309,330,35,19,161,244,150,34,130,45,52,231,341,97,3,40,91,61,151,116,30,112,6,123,325,139,148,246,72,142,38,20,333,274,303,213,56,306,216,49,242,179,43,197,17,234,215,128,268,24,92,124,340,59,187,260,282,266,115,317,125,270,339,322,186,160,9,101,220,75,83,100,307,277,304,299,145,42,191,200,248,195,225,105,2,315,90,99,310,129,221,98,76,273,121,156,16,202,344,301,276,28,323,62,134,239,32,172,297,181,295,146,343,214,136,312,69,314,27,329,208,135,173,291,111,108,180,175,224,89,313,103,204,247,82,167,159,107,154,131,138,199,261,31,251,338,86,185,95,14,238,168,192,189,117,345,147,284,143,11,271,46,235,226,41,5,230,141,211,132,177,249,324,194,171,36,113,293,217,207,259,174,84,198,316,18,122,106,272,228,163,290,349,137,232,73,210,288,164,227,67,275,74,63,337,140,245,212,318,78,114,12,218,85,153,335,57,25,26,80,166,305,336,182,209,269,77,184,286,176,292,289,81,48,4,58,23,8,50,264,253,281,347,267,243,118,237,47,236,279,350,165,87",20100,200
7,5,95666.86581418557,14.980126668734744,"165,44,236,321,79,350,149,279,93,283,327,223,206,110,252,94,170,262,55,201,102,326,126,60,298,263,258,71,68,250,190,7,162,104,188,15,54,133,127,302,88,13,346,33,233,278,348,51,328,287,37,120,158,219,205,22,169,342,240,157,203,178,21,64,308,155,280,331,193,265,152,183,255,332,96,29,285,257,351,10,109,66,53,320,241,70,196,39,334,256,229,311,294,144,222,254,119,309,330,35,19,161,244,150,34,130,45,52,231,341,97,3,40,91,61,151,116,30,112,6,123,325,139,148,246,72,142,38,20,333,274,303,213,56,306,216,49,242,179,43,197,17,234,215,128,268,24,92,124,340,59,187,260,282,266,115,317,125,270,339,322,186,160,9,101,220,75,83,100,307,277,304,299,145,42,191,200,248,195,225,105,2,315,90,99,310,129,221,98,76,273,121,156,16,202,344,301,276,28,323,62,134,239,32,172,297,181,295,146,343,214,136,312,69,314,27,329,208,135,173,291,111,108,180,175,224,89,313,103,204,247,82,167,159,107,154,131,138,199,261,31,251,338,86,185,95,14,238,168,192,189,117,345,147,284,143,11,271,46,235,226,41,5,230,141,211,132,177,249,324,194,171,36,113,293,217,207,259,174,84,198,316,18,122,106,272,228,163,290,349,137,232,73,210,288,164,227,67,275,74,63,337,140,245,212,318,78,114,12,218,85,153,335,57,25,26,80,166,305,336,182,209,269,77,184,286,176,292,289,81,48,4,58,23,8,50,264,253,281,347,267,243,118,65,319,87,296,300,237,47",20100,200
7,6,96182.15444591436,14.717155676346366,"323,21,49,164,33,266,188,163,328,243,79,104,258,15,155,213,201,295,120,172,292,110,297,60,278,13,308,80,157,179,239,162,158,252,327,232,51,275,7,137,153,206,57,263,190,346,56,306,237,55,202,6,123,325,139,148,246,72,142,38,20,333,274,140,223,303,283,301,344,112,30,116,151,61,19,161,244,150,34,130,45,52,231,341,97,3,40,91,221,129,310,99,90,315,2,105,225,195,248,200,191,42,145,299,304,277,307,100,83,75,220,134,342,219,146,269,48,26,102,336,54,64,170,210,216,215,37,182,126,106,114,32,300,349,240,28,16,156,121,273,272,171,128,268,24,92,124,340,59,187,260,18,316,115,317,125,270,339,322,186,160,9,101,178,287,94,68,242,12,282,76,43,197,17,234,98,35,330,309,144,222,254,119,294,311,229,256,334,39,196,70,241,320,53,66,109,10,351,257,285,29,96,332,255,183,152,265,193,331,343,214,136,312,69,314,338,251,31,261,199,138,131,154,107,159,167,82,247,204,103,313,89,224,175,180,108,111,291,173,135,208,329,27,86,185,95,14,238,174,259,207,217,345,147,284,143,11,271,46,235,226,41,141,230,5,211,132,177,249,324,194,321,36,113,293,117,189,192,168,84,198,245,279,65,67,298,326,302,73,337,127,228,85,203,149,205,93,22,276,77,176,184,286,81,209,87,264,236,47,58,8,25,50,281,165,133,262,288,305,122,318,44,88,71,290,233,74,166,289,227,348,253,4,218,296,212,78,319,267,347,350,335,23,181,118,62,250,63,169,280",20100,200
7,7,102108.68891451212,14.011029830676252,"323,126,153,164,258,33,188,182,80,99,243,9,55,232,155,213,201,295,145,172,346,110,297,60,51,234,308,160,56,90,195,162,158,252,115,125,277,186,316,105,216,21,190,219,248,206,304,17,237,100,303,240,42,225,15,288,239,299,137,102,283,307,210,170,287,322,336,317,57,178,179,146,98,342,310,300,101,94,68,18,197,220,171,339,12,48,349,343,214,136,312,69,314,338,251,31,261,199,138,131,154,107,89,313,103,204,247,82,167,159,224,175,180,108,111,291,173,135,208,329,27,86,185,95,14,238,174,259,207,217,293,113,36,321,194,324,215,128,268,24,92,124,340,59,187,260,282,83,223,32,37,106,129,278,221,104,13,26,79,275,49,266,191,269,134,328,120,2,242,200,64,315,306,163,157,270,263,54,327,292,75,43,331,193,265,152,183,255,332,96,29,285,257,351,10,109,66,254,222,144,294,311,229,256,334,39,196,70,241,320,53,119,309,330,35,91,40,3,97,341,231,52,45,130,34,150,244,161,19,61,151,116,30,112,6,123,325,139,148,246,72,23,38,20,333,274,140,7,28,272,301,344,202,16,156,121,273,76,249,177,132,211,141,230,5,41,226,235,46,271,11,143,284,147,345,117,189,192,168,84,198,245,281,50,25,8,58,47,236,264,87,209,81,286,184,176,77,276,22,93,205,149,203,85,228,127,337,73,302,326,298,279,65,114,262,133,165,67,305,122,318,44,88,71,290,233,74,166,289,227,348,253,4,218,296,212,78,319,267,347,350,335,142,181,118,62,250,63,169,280",20100,200
7,8,102414.69459178681,13.776253024400003,"323,126,153,164,258,33,188,182,9,243,99,80,55,232,155,213,201,295,145,172,346,110,297,60,51,234,308,160,56,90,195,162,158,252,115,125,277,186,316,105,216,21,190,219,248,206,304,17,237,100,303,240,42,225,15,288,239,299,137,102,283,307,210,170,287,322,336,317,57,178,179,146,98,342,310,300,101,94,68,18,197,220,171,339,12,48,349,43,75,292,327,54,263,270,157,163,306,315,64,200,242,2,120,328,134,269,191,266,49,275,79,26,13,104,221,278,129,106,37,32,223,83,282,260,187,59,340,124,92,24,268,128,215,324,194,321,36,113,293,217,207,259,174,238,14,95,185,86,27,329,208,135,173,291,111,108,180,175,224,89,313,103,204,247,82,167,159,107,154,131,138,199,261,31,251,338,314,69,312,136,214,343,331,193,265,152,183,255,332,96,29,285,257,351,10,109,66,254,222,144,294,311,229,256,334,39,196,70,241,320,53,150,34,130,45,52,231,341,97,3,40,91,35,330,309,119,244,161,19,61,151,116,30,112,6,123,325,139,148,246,72,23,38,20,333,274,140,7,28,272,301,344,202,16,156,121,273,76,249,177,132,211,141,230,5,41,226,235,46,271,11,143,284,147,345,117,189,192,168,84,198,245,281,50,25,8,58,47,236,264,87,209,81,286,184,176,77,276,22,93,205,149,203,85,228,127,337,73,302,326,298,279,65,114,262,133,165,67,305,122,318,44,88,71,290,233,74,166,289,227,348,253,4,218,296,212,78,319,267,347,350,335,142,181,118,62,250,63,169,280",20100,200
7,9,91879.53735393971,16.89813753507158,"323,116,300,328,236,120,140,118,93,209,327,281,206,289,110,245,286,57,170,201,292,262,126,60,298,263,258,71,68,250,190,7,79,104,188,12,54,133,3,302,88,13,346,33,233,278,348,51,44,318,162,80,158,219,296,182,169,342,85,91,336,151,37,64,308,155,337,146,295,181,297,172,32,239,134,62,350,267,325,123,6,202,16,156,121,273,276,98,221,129,310,241,320,53,119,309,330,195,248,200,191,42,145,299,304,277,307,100,83,75,220,101,9,160,186,322,339,270,125,317,115,266,282,260,187,59,340,124,92,24,268,128,215,234,17,197,43,179,242,49,216,306,56,213,303,274,333,20,38,142,72,246,148,139,319,301,344,112,30,21,178,61,157,40,127,97,341,231,52,45,130,34,150,244,161,19,35,225,105,2,315,90,99,70,196,39,334,256,41,226,235,46,271,11,143,284,147,345,117,189,192,168,238,14,95,185,86,338,251,31,261,199,138,131,154,107,159,167,82,247,204,103,313,89,224,175,180,108,111,291,173,135,208,329,27,314,69,312,136,214,343,331,193,265,152,183,255,332,96,29,285,257,351,10,109,66,218,15,114,78,287,212,94,205,280,63,74,275,67,227,164,288,210,73,232,137,349,290,163,228,272,106,122,18,316,198,84,174,259,207,217,293,113,36,321,194,324,249,177,132,211,141,230,5,229,311,294,144,222,254,240,153,335,326,25,26,149,166,305,203,22,283,269,77,184,55,176,102,252,81,48,4,58,65,8,50,264,253,28,347,76,243,23,237,47,223,279,171,165,87",20100,200
7,10,97813.73032994948,14.20846175655649,"323,21,49,164,33,266,188,163,328,243,79,104,258,15,155,213,201,295,120,172,292,110,297,60,278,13,308,80,157,179,239,162,158,252,327,232,51,275,7,137,153,206,57,263,190,346,56,306,237,55,202,6,123,325,139,148,246,72,142,38,20,333,274,140,223,303,283,301,344,112,30,116,151,61,19,161,244,150,34,130,45,52,231,341,97,3,40,91,35,330,309,119,254,222,144,310,129,221,98,234,17,197,43,76,282,12,242,68,94,287,178,134,342,219,146,269,48,26,102,82,247,204,103,313,89,224,175,180,108,111,291,173,135,208,329,27,314,69,312,136,214,343,331,193,265,152,183,255,332,96,29,285,257,351,10,109,66,53,320,241,70,196,39,334,256,229,311,294,99,90,315,2,105,225,195,248,200,191,42,145,299,304,277,307,100,83,75,220,101,9,160,186,322,339,270,125,317,115,316,18,260,187,59,340,124,92,24,268,128,107,159,167,336,54,64,170,210,216,215,37,182,126,106,114,32,300,349,240,28,16,156,121,273,272,171,154,131,138,199,261,31,251,338,86,185,95,14,238,174,259,207,217,345,147,284,143,11,271,46,235,226,41,141,230,5,211,132,177,249,324,194,321,36,113,293,117,189,192,168,84,198,245,67,65,279,298,326,302,73,337,127,228,85,203,149,205,93,22,276,77,176,184,286,81,209,87,264,236,47,58,8,25,50,281,165,133,262,288,305,122,318,44,88,71,290,233,74,166,289,227,348,253,4,218,296,212,78,319,267,347,350,335,23,181,118,62,250,63,169,280",20100,200
7,11,89969.89701870343,18.065341844640496,"323,116,300,328,223,120,140,118,93,237,327,171,206,289,155,350,201,295,145,172,346,110,297,60,51,276,308,160,74,318,195,162,158,252,115,125,277,186,316,149,123,13,292,33,233,278,240,126,44,250,28,80,79,219,65,182,169,342,85,91,336,151,37,64,279,253,298,146,57,181,337,263,32,239,176,77,4,26,325,88,6,202,16,156,121,273,286,98,221,129,310,241,320,53,119,309,330,190,248,200,191,42,23,299,304,205,307,100,83,75,220,101,9,258,133,322,339,270,12,317,188,102,282,260,187,59,340,124,92,24,268,128,215,234,17,197,43,179,242,49,216,306,56,213,303,274,333,20,38,142,72,246,148,139,319,301,344,112,30,21,178,203,157,40,127,97,341,231,52,45,130,34,150,244,161,19,35,225,105,2,315,90,99,70,196,39,334,256,41,226,235,46,271,11,143,284,147,345,117,189,192,168,238,14,95,185,86,338,251,31,261,199,138,131,154,107,159,167,82,247,204,103,313,89,224,175,180,108,111,291,173,135,208,329,27,314,69,312,136,214,343,331,193,265,152,183,255,332,96,29,285,257,351,10,109,66,254,222,144,294,311,229,5,230,141,211,132,177,249,324,194,321,36,113,293,217,207,259,174,84,198,3,18,122,106,272,228,163,290,349,137,232,275,67,227,164,288,210,73,267,63,280,54,94,212,287,78,114,15,7,348,243,335,326,25,68,302,166,305,61,22,283,269,62,184,55,134,266,104,81,48,245,58,296,8,50,264,262,218,347,76,153,170,209,47,236,71,281,165,87",20100,200
7,12,108994.97998001373,11.935317928692008,"108,265,277,67,331,276,165,300,117,114,271,131,206,289,215,16,238,145,168,42,316,76,40,60,134,306,225,6,26,253,190,195,79,245,58,227,50,163,137,52,113,232,237,194,258,304,298,189,83,95,164,36,82,249,174,182,169,260,236,259,9,77,209,257,151,14,88,136,166,251,203,141,12,105,78,59,337,269,99,302,292,214,85,267,254,336,106,313,315,53,295,347,80,101,183,330,143,317,138,307,241,201,132,280,122,127,91,13,333,69,119,319,196,71,135,153,193,20,121,152,68,328,15,208,63,226,186,222,204,345,326,200,97,128,228,303,10,221,210,148,41,325,98,125,29,310,147,72,279,93,110,223,130,104,19,2,224,244,23,184,65,11,314,8,161,146,84,266,242,171,24,21,179,261,213,18,281,64,318,44,322,102,218,156,191,327,103,283,28,247,149,124,142,73,154,3,33,339,246,248,338,335,51,32,344,159,212,47,188,144,235,287,197,285,4,81,155,167,230,178,38,205,207,216,35,311,198,57,268,250,341,158,45,92,120,7,90,173,229,100,185,74,89,275,263,30,351,332,262,343,17,175,172,180,123,140,49,334,170,293,181,176,296,211,22,217,252,350,66,86,312,264,309,346,272,231,177,255,270,286,43,126,305,129,349,187,234,240,162,220,274,256,107,329,290,34,282,291,55,116,324,323,342,112,297,301,61,27,115,25,199,70,150,348,75,278,5,294,109,288,94,54,299,308,273,192,48,284,219,96,233,320,37,157,202,46,239,111,118,31,62,39,87,56,243,133,321,160,340,139",20100,200
7,13,111222.68766981128,11.837165231829095,"133,160,277,67,331,276,165,300,117,114,271,131,206,289,215,16,238,145,168,42,316,76,40,60,134,306,225,6,26,253,190,195,79,245,58,227,50,163,137,52,113,232,237,194,258,304,298,189,83,95,164,36,82,249,174,182,169,260,236,259,9,77,209,257,151,14,88,136,166,251,203,141,12,105,78,59,337,269,99,302,292,214,85,267,254,336,106,313,315,53,295,347,80,101,183,330,143,317,138,307,241,201,132,280,122,127,91,13,333,69,119,319,196,71,135,153,193,20,121,152,68,328,15,208,63,226,186,222,204,345,326,200,97,128,228,303,10,221,38,148,41,325,98,125,29,310,147,72,279,93,110,223,130,104,19,2,224,244,23,184,65,11,314,8,161,146,84,266,242,171,24,21,179,261,213,18,281,64,339,246,47,212,159,344,32,51,335,338,248,188,144,81,4,285,197,287,235,155,156,230,178,167,205,207,216,218,210,322,247,149,33,3,154,73,142,124,318,44,28,283,102,103,327,191,35,311,198,57,268,250,341,158,45,92,120,7,90,173,229,100,185,74,89,275,263,30,351,332,262,343,17,175,172,180,123,140,49,334,170,293,181,176,296,211,22,217,252,350,66,86,312,264,309,346,272,231,177,255,270,286,43,126,305,129,349,187,234,240,162,220,274,256,107,329,290,34,282,291,55,116,324,323,342,112,297,301,61,27,115,25,348,150,70,199,75,278,5,294,109,288,94,54,299,308,273,192,233,96,219,284,48,320,37,157,202,46,87,108,118,31,62,56,243,239,39,321,340,111,265,139",20100,200
7,14,107971.03348443095,12.189941394519256,"26,36,289,133,136,277,95,151,131,238,62,108,16,117,174,215,209,253,232,257,87,304,316,163,6,227,88,165,258,67,83,340,76,168,190,169,251,225,56,77,113,245,58,166,42,194,243,160,14,321,271,52,331,9,206,114,237,249,134,195,145,60,260,259,137,236,306,139,82,182,203,141,12,105,78,59,337,269,99,302,292,214,85,267,254,336,106,313,315,53,295,347,80,101,183,330,143,317,138,307,241,201,132,280,122,127,91,13,333,69,119,319,196,71,135,153,193,20,121,152,68,328,15,208,63,226,186,222,204,345,326,200,97,128,228,303,10,221,210,148,41,325,98,125,29,310,147,72,279,93,110,223,130,104,19,2,224,244,23,184,65,11,314,8,161,146,84,266,242,171,24,21,179,261,213,18,281,64,318,44,322,102,218,156,191,327,103,283,28,247,149,124,142,73,154,3,33,339,246,248,338,335,51,32,344,159,212,47,188,144,235,287,197,285,4,81,155,167,230,178,38,205,207,216,35,311,198,57,70,150,348,75,278,5,294,109,288,94,54,299,308,273,192,233,282,34,290,329,107,256,274,220,162,240,234,187,349,129,305,126,43,286,270,255,177,231,272,346,309,264,312,86,66,350,252,217,22,211,296,176,181,293,170,334,49,140,123,180,172,175,17,343,262,332,351,30,263,291,55,116,324,323,342,112,297,301,61,27,115,25,199,268,250,341,158,45,92,120,7,90,173,229,100,185,74,89,275,96,219,284,48,320,37,157,202,46,239,111,40,189,39,300,79,265,118,298,50,31,276,164",20100,200
7,15,107848.70727300536,12.822019927115145,"108,265,277,67,331,276,165,300,117,114,271,131,206,289,215,16,238,145,168,42,316,76,40,60,134,306,225,6,26,253,190,195,79,245,58,227,50,163,137,52,113,232,237,194,258,304,298,189,83,95,164,36,82,249,174,182,169,260,236,259,9,77,209,257,151,14,88,136,166,251,203,141,12,105,78,59,337,269,99,302,292,214,85,267,254,336,106,313,315,53,295,347,80,101,183,330,143,317,138,307,241,201,132,280,122,127,91,13,333,69,119,319,196,71,135,153,193,20,121,152,68,328,15,208,63,226,186,222,204,345,326,200,97,128,228,303,10,221,212,148,41,325,98,125,29,310,147,72,279,93,110,223,130,104,19,2,224,244,23,184,65,11,314,161,8,146,84,266,242,171,24,21,261,179,213,18,281,64,339,246,47,102,159,344,32,51,335,338,248,247,149,124,142,73,154,3,33,318,156,28,283,44,103,327,191,218,210,322,188,144,235,287,197,285,4,81,155,167,230,178,38,205,207,216,35,311,198,57,70,150,348,75,278,5,294,109,288,94,54,299,308,273,192,233,282,34,290,329,107,256,274,220,162,240,234,187,349,129,305,126,43,286,270,255,177,231,272,346,309,264,312,86,66,350,252,217,22,211,296,176,181,293,170,334,49,140,123,180,172,175,17,343,262,332,351,30,263,275,89,74,185,100,229,173,90,7,120,92,45,158,341,250,268,199,25,115,27,61,301,297,112,342,323,324,116,55,48,284,219,96,291,320,37,157,202,46,239,111,118,31,62,39,87,56,243,133,321,160,340,139",20100,200
8,0,91618.19626200429,15.526909246935604,"37,326,98,250,317,278,303,186,133,215,13,343,325,204,245,114,68,289,283,337,158,45,23,128,269,119,83,314,300,115,340,198,311,157,333,349,34,9,76,161,212,312,146,344,31,95,56,243,231,38,324,140,234,334,143,156,67,261,123,132,244,350,284,122,113,14,62,329,265,301,270,101,291,206,304,288,176,131,54,7,251,173,296,24,53,264,164,271,86,138,293,12,97,96,32,253,85,61,29,336,313,168,202,42,16,237,172,152,111,218,49,299,199,142,187,201,110,170,248,163,78,208,48,59,332,118,75,105,71,20,259,126,28,22,241,2,175,160,181,147,17,41,225,255,323,167,275,258,87,286,229,66,262,89,338,174,254,182,274,6,81,64,19,93,35,33,257,120,55,82,239,216,339,292,151,43,99,203,8,328,57,127,226,112,220,277,246,316,260,307,210,27,213,58,200,165,276,272,310,230,36,144,72,25,308,46,84,315,290,60,346,322,193,11,171,197,137,179,15,154,139,319,341,309,148,348,94,335,21,302,287,321,228,106,224,242,282,273,318,102,3,44,80,162,5,116,50,194,4,214,52,180,40,18,184,153,263,240,145,330,108,150,69,306,103,51,249,320,149,345,268,191,159,177,107,205,223,104,305,166,70,121,135,252,211,65,192,281,124,189,183,222,256,141,134,351,227,10,195,88,219,217,117,207,190,347,327,297,169,109,77,233,74,90,129,188,279,185,221,298,196,26,342,267,235,125,266,294,285,238,39,247,91,331,209,130,73,280,232,30,63,155,136,295,100,47,236,79,92,178",20100,200
8,1,94394.13692526093,13.920581352126751,"37,178,115,92,317,278,303,186,133,215,13,343,325,204,245,114,68,289,283,337,158,45,23,128,269,119,83,314,300,250,340,198,311,157,333,349,34,9,76,161,212,312,146,344,31,95,56,243,231,38,324,140,234,334,143,156,67,261,123,132,244,350,284,122,113,14,62,329,265,301,270,101,291,206,304,288,176,131,54,7,251,173,296,24,53,264,164,271,86,138,293,12,49,218,21,321,59,258,335,42,202,168,48,336,29,61,85,253,32,96,97,299,199,142,187,201,110,170,248,163,78,208,313,18,332,118,75,105,71,50,259,126,28,22,241,2,175,160,181,147,17,41,225,255,323,172,237,16,214,213,221,222,183,189,124,281,192,65,211,252,135,121,70,93,35,33,257,120,55,82,239,216,339,292,151,43,99,203,8,328,57,127,226,112,220,277,246,316,260,307,210,27,162,58,200,165,276,272,310,230,36,144,72,25,308,46,84,315,290,11,193,322,346,60,15,179,137,197,171,154,139,319,242,282,273,318,102,3,44,80,52,180,167,152,111,64,81,6,274,330,108,150,69,19,166,305,104,223,205,107,177,159,191,268,345,149,320,249,51,103,306,153,263,240,145,182,254,174,338,89,262,66,229,286,87,302,287,40,194,94,348,148,224,106,5,116,20,275,4,341,309,228,184,185,279,188,129,90,74,233,77,109,169,297,190,347,327,207,117,217,219,88,195,10,227,30,63,266,125,235,267,342,26,196,298,256,141,134,351,232,280,73,130,209,331,91,247,39,79,236,47,100,295,136,155,294,285,238,98,326",20100,200
8,2,91487.75070018109,15.813337881314649,"37,178,250,92,317,278,303,186,133,215,13,343,325,204,245,114,68,289,283,337,158,45,23,128,269,119,83,314,300,115,340,198,311,157,333,349,34,9,76,161,212,312,146,344,31,95,56,243,231,38,324,140,234,334,143,156,67,261,123,132,244,350,284,122,113,14,62,329,265,301,270,101,291,206,304,288,176,131,54,7,251,173,296,24,53,264,164,271,86,138,293,12,97,96,32,253,85,61,29,336,313,168,202,42,16,237,172,152,111,218,49,299,199,142,187,201,110,170,248,163,78,208,48,59,332,118,75,105,71,20,259,126,28,22,241,2,175,160,181,147,17,41,225,255,323,167,275,258,87,286,229,66,262,89,338,174,254,182,274,6,81,64,19,93,35,33,257,120,55,82,239,216,339,292,151,43,99,203,8,328,57,127,226,112,220,277,246,316,260,307,210,27,213,58,200,165,276,272,310,230,36,144,72,25,308,46,84,315,290,11,193,322,346,60,15,179,137,197,171,154,139,319,341,309,148,348,94,335,21,302,287,321,228,106,224,242,282,273,318,102,3,44,80,162,5,116,50,194,4,214,52,180,40,18,184,153,263,240,145,330,108,150,69,306,103,51,249,320,149,345,268,191,159,177,107,205,223,104,305,73,280,232,285,294,266,125,235,267,342,26,196,298,256,141,134,351,129,90,74,233,77,109,169,297,190,347,327,207,117,217,219,88,195,10,227,188,279,185,221,222,183,189,124,281,192,65,211,63,30,121,70,166,130,209,331,91,247,39,79,236,47,100,295,136,155,252,135,238,98,326",20100,200
8,3,94592.61394176252,13.496469101377398,"37,178,250,92,317,278,303,186,133,215,13,343,325,204,245,114,68,289,283,337,158,45,23,128,269,119,83,314,300,340,31,344,146,312,161,212,76,9,34,349,333,157,311,198,115,95,56,243,231,38,324,140,20,143,122,156,67,261,105,132,244,350,206,291,101,270,301,265,329,62,14,71,334,234,259,288,176,131,54,7,251,113,296,24,53,264,164,271,86,138,293,12,49,218,21,18,321,258,335,42,202,168,313,336,29,61,85,253,32,96,97,299,199,142,187,201,110,170,248,163,78,208,48,59,332,118,75,123,173,284,304,126,28,22,241,2,175,160,181,147,17,41,225,255,323,172,237,16,58,213,184,228,309,189,124,281,192,65,211,252,135,121,70,166,305,104,223,205,107,177,159,191,268,345,149,320,249,51,103,306,150,69,108,330,274,6,81,64,111,152,167,180,52,214,200,165,276,272,310,230,36,144,72,25,308,46,84,315,290,11,193,322,346,60,15,179,137,197,171,154,139,319,242,282,273,318,102,3,44,80,162,27,210,307,260,316,246,277,220,112,226,127,57,328,8,203,99,43,151,292,339,216,239,82,55,120,257,33,35,93,19,153,263,240,145,182,254,174,338,89,262,66,229,286,87,302,287,40,194,94,348,148,224,106,5,116,50,275,4,341,183,222,256,141,134,351,227,10,195,88,219,217,117,207,190,347,327,297,169,109,77,233,74,90,129,188,279,185,221,298,196,26,342,267,235,125,266,63,30,232,280,73,130,209,331,91,247,39,79,236,47,100,295,136,155,294,285,238,98,326",20100,200
8,4,95918.72642983927,12.799574087018911,"317,326,98,250,278,37,303,186,133,215,13,343,325,204,245,114,68,289,283,337,158,45,23,128,269,119,83,314,300,340,115,198,311,157,333,349,34,9,76,161,212,312,146,344,31,95,56,243,231,38,324,140,234,334,143,156,67,261,105,132,244,350,20,122,71,14,62,329,265,301,270,101,291,206,259,288,176,131,54,7,251,113,296,24,53,264,164,271,86,138,293,12,49,218,21,321,59,258,335,42,202,168,48,336,29,61,85,253,32,96,97,299,199,142,187,201,110,170,248,163,78,208,313,18,332,118,75,123,173,284,304,126,28,22,241,2,175,160,181,147,17,41,225,255,323,172,237,16,58,213,221,222,183,189,124,281,192,65,211,252,135,121,70,166,305,104,223,205,107,177,159,191,268,345,149,320,249,51,103,306,150,69,108,330,274,6,81,64,111,152,167,180,52,214,200,165,276,272,310,230,36,144,72,25,308,46,84,315,290,11,193,322,346,60,15,179,137,197,171,154,139,319,242,282,273,318,102,3,44,80,162,27,210,307,260,316,246,277,220,112,226,127,57,328,8,203,99,43,151,292,339,216,239,82,55,120,257,33,35,93,19,153,263,240,145,182,254,174,338,89,262,66,229,286,87,302,287,40,194,94,348,148,224,106,5,116,50,275,4,341,309,228,184,185,279,188,129,90,74,233,77,109,169,297,190,347,327,207,117,217,219,88,195,10,227,351,134,141,256,298,196,26,342,267,235,125,266,294,285,238,39,247,91,331,209,130,73,280,232,30,63,155,136,295,100,47,236,79,92,178",20100,200
8,5,91140.74743340941,15.939311620914527,"37,178,250,92,317,278,303,186,133,215,13,343,325,204,245,114,68,289,283,337,158,45,23,128,269,119,83,314,300,115,340,198,311,157,333,349,34,9,76,161,212,312,146,344,31,95,56,243,231,38,324,140,234,334,143,156,67,261,123,132,244,350,284,122,113,14,62,329,265,301,270,101,291,206,304,288,176,131,54,7,251,173,296,24,53,264,164,271,86,138,293,12,97,96,32,253,85,61,29,336,313,168,202,42,16,237,172,152,111,218,49,299,199,142,187,201,110,170,248,163,78,208,48,59,332,118,75,105,71,20,259,126,28,22,241,2,175,160,181,147,17,41,225,255,323,167,275,258,87,286,229,66,262,89,338,174,254,182,274,6,81,64,19,93,35,33,257,120,55,82,239,216,339,292,151,43,99,203,8,328,57,127,226,112,220,277,246,316,260,307,210,27,213,58,200,165,276,272,310,230,36,144,72,25,308,46,84,315,290,60,346,322,193,11,171,197,137,179,15,154,139,319,341,309,148,348,94,335,21,302,287,321,228,106,224,242,282,273,318,102,3,44,80,162,5,116,50,194,4,214,52,180,40,18,184,153,263,240,145,330,108,150,69,306,103,51,249,320,149,345,268,191,159,177,107,205,223,104,305,166,70,121,135,252,211,65,192,281,124,189,183,222,256,141,134,351,227,10,195,88,219,217,117,207,190,347,327,297,169,109,77,233,74,90,129,188,279,185,221,298,196,26,342,267,235,125,266,63,30,232,280,73,130,209,331,91,247,39,79,236,47,100,295,136,155,294,285,238,98,326",20100,200
8,6,93301.06691137968,14.34836605460681,"37,178,250,92,317,278,303,186,133,215,13,343,325,204,245,114,68,289,283,337,158,45,23,128,269,119,83,314,300,340,115,198,311,157,333,349,34,9,76,161,212,312,146,344,31,95,56,243,231,38,324,140,234,334,143,156,67,261,123,132,244,350,284,122,113,14,62,329,265,301,270,101,291,206,304,288,176,131,54,7,251,173,296,24,53,264,164,271,86,138,293,12,97,96,32,253,85,61,29,336,313,168,202,42,258,18,321,21,294,218,49,299,199,142,187,201,110,170,248,163,78,208,48,59,332,118,75,105,71,20,259,126,28,22,241,2,175,160,181,147,17,41,225,255,323,172,237,16,58,213,221,222,183,189,124,281,192,65,211,252,135,121,70,166,305,104,223,205,107,177,159,191,268,345,149,320,249,51,103,306,150,69,108,330,274,6,81,64,111,152,167,180,52,214,200,165,276,272,310,230,36,144,72,25,308,46,84,315,290,11,193,322,346,60,15,179,137,197,171,154,139,319,242,282,273,318,102,3,44,80,162,27,210,307,260,316,246,277,220,112,226,127,57,328,8,203,99,43,151,292,339,216,239,82,55,120,257,33,35,93,19,153,263,240,145,182,254,174,338,89,262,66,229,286,87,302,287,40,194,94,348,148,224,106,5,116,50,275,4,341,309,228,184,185,279,188,129,90,74,233,77,109,169,297,190,347,327,207,117,217,219,88,195,10,227,351,134,141,256,298,196,26,342,267,235,125,266,63,30,232,280,73,130,209,331,91,247,39,79,236,47,100,295,136,155,335,285,238,98,326",20100,200
8,7,89216.32379521285,17.77681476870122,"37,178,250,92,317,278,303,186,133,215,13,343,325,204,245,114,68,289,283,337,158,45,23,128,269,119,83,314,300,340,31,344,146,312,161,206,350,244,334,349,333,157,311,198,115,95,56,243,231,38,324,234,34,140,143,156,67,261,123,132,9,76,212,291,101,270,301,265,329,62,14,173,122,284,304,288,176,131,54,7,251,113,296,24,53,264,164,271,86,138,293,12,97,96,32,253,85,61,29,336,313,168,202,42,16,237,172,152,111,218,49,299,199,142,187,201,110,170,248,163,78,208,48,59,332,118,75,105,71,20,259,126,28,22,241,145,240,225,41,147,17,181,160,175,2,182,275,258,87,286,229,66,262,89,338,174,254,167,323,255,263,153,19,93,35,33,257,120,55,82,239,216,339,292,151,43,99,203,8,328,57,127,226,112,220,277,246,316,260,307,210,27,162,302,21,335,94,348,148,309,341,144,72,25,308,46,84,315,290,11,193,322,346,60,15,179,137,197,171,154,139,319,242,282,273,318,102,3,44,80,287,321,228,106,224,36,230,310,272,276,5,213,58,200,165,116,50,194,4,214,52,180,40,18,184,64,81,6,274,330,108,150,69,306,103,51,249,320,149,345,268,191,159,177,107,205,223,104,305,166,70,121,135,252,211,65,192,281,124,189,183,222,256,141,134,351,227,10,195,88,219,217,117,207,190,347,327,297,169,109,77,233,74,90,129,188,279,185,221,298,196,26,342,267,235,125,266,63,30,232,280,73,130,209,331,91,247,39,79,236,47,100,295,136,155,294,285,238,98,326",20100,200
8,8,94649.14509865709,13.364871659821675,"37,178,250,92,317,278,303,186,133,215,13,343,325,204,245,114,68,289,283,337,158,45,23,128,269,119,83,314,300,340,31,344,146,157,349,333,34,9,76,161,212,312,311,198,115,95,56,292,339,216,239,259,288,176,131,54,7,251,113,296,24,53,264,164,271,86,138,293,12,49,218,111,152,172,237,16,42,202,168,313,336,29,61,85,253,32,96,97,299,199,142,187,201,110,170,248,163,78,208,48,59,71,118,75,105,173,284,304,126,28,22,241,2,175,160,181,147,17,41,225,255,323,167,275,258,87,286,229,66,262,89,338,174,254,182,120,257,33,35,93,19,153,263,240,145,55,82,20,122,143,14,62,329,265,301,270,101,291,206,350,244,132,123,261,67,156,332,334,234,140,324,38,231,243,151,43,99,203,8,328,57,127,226,112,220,277,246,316,260,307,210,27,162,80,44,3,102,318,273,282,242,319,139,154,15,179,137,197,171,60,18,322,193,4,290,315,84,46,308,25,72,144,341,309,148,348,94,335,21,302,287,321,228,106,224,36,230,310,272,52,69,184,180,40,150,108,330,11,194,50,116,5,213,58,200,165,276,233,6,214,346,64,81,306,103,51,249,320,149,345,268,191,159,177,107,205,223,104,305,73,280,232,285,294,266,125,235,267,342,26,196,298,256,141,134,351,129,90,74,274,77,109,169,297,190,347,327,207,117,217,219,88,195,10,227,188,279,185,221,222,183,189,124,281,192,65,211,63,30,121,70,166,130,209,331,91,247,39,79,236,47,100,295,136,155,252,135,238,98,326",20100,200
8,9,92007.38577474846,15.268641799141186,"37,178,250,92,317,278,303,186,133,215,13,343,325,204,245,114,68,289,283,337,158,45,23,128,269,119,83,314,300,115,340,198,311,157,333,349,34,9,76,161,212,312,146,344,31,95,56,243,231,38,324,140,234,334,143,156,67,261,123,132,244,350,284,122,113,14,62,329,265,301,270,101,291,206,304,288,176,131,54,7,251,173,296,24,53,164,264,271,86,138,293,12,97,96,32,253,85,61,29,336,313,168,202,42,16,237,172,152,111,218,49,299,199,142,187,201,110,170,248,163,78,55,120,257,332,118,75,105,71,20,259,126,28,82,208,48,59,33,35,93,19,153,263,240,145,182,275,258,87,286,229,66,262,89,338,174,254,167,323,255,225,41,17,147,181,160,175,2,241,22,239,216,339,292,151,43,99,203,8,328,57,127,226,112,220,277,246,316,260,307,210,27,213,58,200,165,276,272,310,230,36,144,72,25,308,46,84,315,290,60,346,322,193,11,171,197,137,179,15,154,139,319,341,309,148,348,94,335,21,302,287,321,228,106,224,242,282,273,318,102,3,44,80,162,5,116,50,194,4,214,52,180,40,18,184,64,81,6,274,330,108,150,69,306,103,51,249,320,149,345,268,191,159,177,107,205,223,104,305,166,70,121,135,252,211,65,192,281,124,189,183,222,256,141,134,351,227,10,195,88,219,217,117,207,190,347,327,297,169,109,77,233,74,90,129,188,279,185,221,298,196,26,342,267,235,125,266,63,30,232,280,73,130,209,331,91,247,39,79,236,47,100,295,136,155,294,285,238,98,326",20100,200
8,10,90728.49465669409,16.698872794983483,"37,178,250,92,317,278,303,186,133,215,13,343,325,204,245,114,68,289,283,337,158,45,23,128,269,119,83,314,300,340,31,344,146,312,161,206,76,9,34,333,231,243,56,95,115,198,311,157,349,38,324,140,234,334,143,156,67,261,105,132,244,350,20,122,113,14,62,329,265,301,270,101,291,284,304,288,176,131,54,7,251,173,296,24,53,264,164,271,86,138,293,12,97,96,32,253,85,61,29,336,313,168,202,42,16,237,172,152,111,218,49,299,199,142,187,201,110,170,248,163,78,208,48,59,332,118,75,123,71,212,259,126,28,22,241,145,240,225,41,147,17,181,160,175,2,182,275,258,87,286,229,66,262,89,338,174,254,167,323,255,263,153,19,93,35,33,257,120,55,82,239,216,339,292,151,43,99,203,8,328,57,127,226,112,220,277,246,316,260,307,210,27,162,302,21,335,94,348,148,309,341,144,72,25,308,46,84,315,290,11,193,322,346,60,15,179,137,197,171,154,139,319,242,282,273,318,102,3,44,80,287,321,228,106,224,36,230,310,272,276,5,213,58,200,165,116,50,194,4,214,52,180,40,18,184,64,81,6,274,330,108,150,69,306,103,51,249,320,149,345,268,191,159,177,107,205,223,104,305,166,70,121,135,252,211,65,192,281,124,189,183,222,256,141,134,351,227,10,195,88,219,217,117,207,190,347,327,297,169,109,77,233,74,90,129,188,279,185,221,298,196,26,342,267,235,125,266,63,30,232,280,73,130,209,331,91,247,39,79,236,47,100,295,136,155,294,285,238,98,326",20100,200
8,11,96336.66882240403,11.905296029636224,"317,326,98,250,278,37,303,186,133,215,13,343,325,204,245,114,68,289,283,337,158,45,23,128,269,119,83,314,300,340,115,198,311,157,333,349,228,9,76,161,212,312,146,344,31,95,56,243,231,38,324,140,234,334,143,156,67,261,105,132,244,350,50,224,113,14,62,329,265,301,270,101,291,206,259,288,176,131,54,7,251,71,296,24,53,264,164,271,86,138,293,61,29,336,48,168,202,42,335,258,59,321,21,218,49,12,85,253,32,96,97,299,199,142,187,201,110,170,248,163,78,208,313,18,332,118,75,123,173,284,304,126,28,22,241,2,175,160,181,147,17,41,225,255,323,172,237,16,58,213,221,222,183,189,124,281,192,65,211,252,135,121,70,166,305,104,223,205,107,177,159,191,268,345,149,320,249,51,103,306,69,150,108,330,274,6,81,64,111,152,167,180,52,214,200,165,276,272,310,230,36,144,72,25,308,46,84,315,290,11,193,322,346,60,15,179,137,197,171,154,139,319,242,282,273,318,102,3,44,80,162,27,210,307,260,316,246,277,220,112,226,127,57,328,8,203,99,43,151,292,339,216,239,82,55,120,257,33,35,93,19,153,263,240,145,182,254,174,338,89,262,66,229,286,87,302,287,40,194,94,348,148,122,106,5,116,20,275,4,341,309,34,184,185,279,188,129,90,74,233,77,109,169,297,190,347,327,207,117,217,219,88,195,10,227,351,134,141,256,298,196,26,342,267,235,125,266,294,285,238,39,247,91,331,209,130,73,280,232,30,63,155,136,295,100,47,236,79,92,178",20100,200
8,12,94641.96011572247,13.380523126345523,"37,178,250,92,317,278,303,186,133,215,13,343,325,204,245,114,68,289,283,337,158,45,23,128,269,119,83,314,300,340,31,344,146,312,161,212,76,9,228,349,333,157,311,198,115,95,56,243,231,38,324,140,50,224,143,156,67,261,105,132,244,350,206,291,101,270,301,265,329,233,14,71,334,234,259,288,176,131,54,7,251,113,296,24,53,264,164,271,86,138,293,12,49,218,21,321,59,258,335,42,202,168,48,336,29,61,85,253,32,96,97,299,199,142,187,201,110,170,248,163,78,208,313,18,332,118,75,123,173,284,304,126,28,22,241,2,175,160,181,147,17,41,225,255,323,172,237,16,58,213,221,222,183,189,124,281,192,65,211,252,135,121,70,166,305,104,223,205,107,177,159,191,268,345,149,320,249,51,103,306,69,150,108,330,274,6,81,64,111,152,167,180,52,214,200,165,276,272,310,230,36,144,72,25,308,46,84,315,290,11,193,322,346,60,15,179,137,197,171,154,139,319,242,282,273,44,3,102,318,80,162,27,210,307,260,316,246,277,220,112,226,127,57,328,8,203,99,43,151,292,339,216,239,82,55,120,257,33,35,93,19,153,263,240,145,182,254,174,338,89,262,66,229,286,87,302,287,40,194,94,348,148,122,106,5,116,20,275,4,341,309,34,184,185,279,188,129,90,74,62,77,109,169,297,190,347,327,207,117,217,219,88,195,10,227,30,63,266,125,235,267,342,26,196,298,256,141,134,351,232,280,73,130,209,331,91,247,39,79,236,47,100,295,136,155,294,285,238,98,326",20100,200
8,13,93008.47916254216,15.134014640361208,"37,178,115,92,317,278,303,186,133,215,13,343,325,204,245,114,68,289,283,337,158,45,23,128,269,119,83,314,300,250,340,198,311,157,333,349,34,9,76,161,212,312,146,344,31,95,56,243,231,38,324,140,234,334,143,156,67,261,123,132,244,350,206,291,101,270,301,265,329,62,14,71,224,50,259,288,176,131,54,7,251,113,296,24,53,264,164,271,86,138,293,12,49,218,21,321,59,258,335,42,202,168,48,336,29,61,85,253,32,96,97,299,199,142,187,201,110,170,248,163,78,208,313,18,332,118,75,105,173,284,304,126,28,22,241,2,175,160,181,147,17,41,225,255,323,172,237,16,58,213,221,222,183,189,124,281,192,65,211,252,135,121,70,93,35,33,257,120,55,82,239,216,339,292,151,43,99,203,8,328,69,150,108,330,274,6,81,64,111,152,167,180,52,214,200,165,276,272,310,230,36,144,72,25,308,46,84,315,290,11,193,322,346,60,15,179,137,197,171,154,139,319,242,282,273,318,102,3,44,80,162,27,210,307,260,316,246,277,220,112,226,127,57,19,166,305,104,223,205,107,177,159,191,268,345,149,320,249,51,103,306,153,263,240,145,182,254,174,338,89,262,66,229,286,87,302,287,40,194,94,348,148,122,106,5,116,20,275,4,341,309,228,184,185,279,188,129,90,74,233,77,109,169,297,190,347,327,207,117,217,219,88,195,10,227,30,63,266,125,235,26,256,342,267,141,298,294,134,351,280,73,196,130,209,331,91,247,39,79,236,47,100,295,136,155,285,232,238,98,326",20100,200
8,14,94199.38538308644,13.94728544297028,"37,178,115,92,317,278,303,186,133,215,13,343,325,204,245,114,68,289,283,337,158,45,23,128,269,119,83,314,300,250,340,198,311,157,333,349,228,9,76,161,212,312,146,344,31,95,56,243,231,38,324,140,234,334,143,156,67,261,123,132,244,350,284,224,113,14,62,329,265,301,270,101,291,206,304,288,176,131,54,7,251,173,296,24,53,264,164,271,86,138,293,12,49,218,21,321,59,258,335,42,202,168,48,336,29,61,85,253,32,96,97,299,199,142,187,201,110,170,248,163,78,208,313,18,332,118,75,105,71,50,259,126,28,22,241,2,175,160,181,147,17,41,225,255,323,172,237,16,214,213,221,222,183,189,124,281,192,65,211,252,135,121,70,93,35,33,257,120,55,82,239,216,339,292,151,43,99,203,8,328,57,127,226,112,220,277,246,316,260,307,210,27,162,58,200,165,276,272,310,230,36,144,72,25,308,46,84,315,290,11,193,322,346,60,15,179,137,197,171,154,139,319,242,282,273,318,102,3,44,80,52,180,167,152,111,64,81,6,274,330,108,150,69,19,166,305,104,223,205,107,177,159,191,268,345,149,320,249,51,103,306,153,263,240,145,182,254,174,338,89,262,66,229,286,87,302,287,40,194,94,348,148,122,106,5,116,20,275,4,341,309,34,184,185,279,188,129,90,74,233,77,109,169,297,190,347,327,207,117,217,219,88,195,10,227,30,63,266,125,235,267,342,26,196,298,256,141,134,351,232,280,73,130,209,331,91,247,39,79,236,47,100,295,136,155,285,294,238,98,326",20100,200
8,15,95446.63603661321,13.067491318811944,"37,178,250,92,317,278,303,186,133,215,13,343,325,204,245,114,68,289,283,337,158,45,23,128,269,119,83,314,300,340,115,198,311,157,333,349,34,9,76,161,212,312,146,344,31,95,56,243,231,38,324,140,234,334,143,156,67,261,105,132,244,350,20,122,71,14,62,329,265,301,270,101,291,206,259,288,176,131,54,7,251,113,296,24,53,264,164,271,86,138,293,12,49,218,21,321,59,258,335,42,202,168,48,336,29,61,85,253,32,96,97,299,199,142,187,201,110,170,248,163,78,208,313,18,332,118,75,123,173,284,304,126,28,22,241,2,175,160,181,147,17,41,225,255,323,172,237,16,214,52,180,167,152,111,64,81,6,274,330,108,150,69,19,93,35,33,257,120,55,82,239,216,339,292,151,43,99,203,8,328,57,127,226,112,220,277,246,316,260,307,210,27,162,58,200,165,276,272,310,230,36,144,72,25,308,46,84,315,290,11,193,322,346,60,15,179,137,197,171,154,139,319,242,282,273,318,102,3,44,80,213,221,222,183,189,124,281,192,65,211,252,135,121,70,166,305,104,223,205,107,177,159,191,268,345,149,320,249,51,103,306,153,263,240,145,182,254,174,338,89,262,66,229,286,87,302,287,40,194,94,348,148,224,106,5,116,50,275,4,341,309,228,184,185,279,188,129,90,74,233,77,109,169,297,190,347,327,207,117,217,219,88,195,10,227,351,134,141,256,298,196,26,342,267,235,125,266,63,30,232,280,73,130,209,331,91,247,39,79,236,47,100,295,136,155,294,285,238,98,326",20100,200
8,16,94682.11672212716,13.223174831447986,"37,178,250,92,317,278,303,186,133,215,13,343,325,204,245,114,68,289,283,337,158,45,23,128,269,119,83,314,300,340,31,344,146,312,161,212,76,9,228,349,333,157,311,198,115,95,56,243,231,38,324,140,50,224,143,156,67,261,105,132,244,350,206,291,101,270,301,265,329,233,14,71,334,234,259,288,176,131,54,7,251,113,296,24,53,264,164,271,86,138,293,12,49,218,21,321,59,258,335,42,202,168,48,336,29,61,85,253,32,96,97,299,199,142,187,201,110,170,248,163,78,208,313,18,332,118,75,123,173,284,304,126,28,22,241,2,175,160,181,147,17,41,225,255,323,172,237,16,58,213,221,222,183,189,124,281,192,65,211,252,135,121,70,166,305,104,223,205,107,177,159,191,268,345,149,320,249,51,103,306,69,150,108,330,274,6,81,64,111,152,167,180,52,214,200,165,276,272,310,230,36,144,72,25,308,46,84,315,290,11,193,322,346,60,15,179,137,197,171,154,139,319,242,282,273,318,102,3,44,80,162,27,210,307,260,316,246,277,220,112,226,127,57,328,8,203,99,43,151,292,339,216,239,82,55,120,257,33,35,93,19,153,263,240,145,182,254,174,338,89,262,66,229,286,87,302,287,40,194,94,348,148,122,106,5,116,20,275,4,341,309,34,184,185,279,188,129,90,74,62,77,109,169,297,190,347,327,207,117,217,219,88,195,10,227,351,134,141,256,298,196,26,342,267,235,125,266,63,30,232,280,73,130,209,331,91,247,39,79,236,47,100,295,136,155,294,285,238,98,326",20100,200
9,0,96216.1560980299,11.70569274457456,"52,258,93,105,23,4,263,123,12,160,251,48,291,141,284,300,173,54,174,92,135,61,176,225,45,2,97,10,150,327,21,277,299,87,242,136,304,265,184,253,247,46,221,16,53,122,83,276,244,132,328,80,181,64,152,81,197,62,111,157,59,232,310,78,165,231,72,137,115,324,98,112,18,201,109,274,345,248,163,172,223,104,42,155,211,124,14,208,19,29,252,296,36,114,120,207,171,245,102,106,336,348,79,56,311,148,235,228,238,297,103,84,154,212,341,205,292,180,347,279,8,13,337,119,26,77,229,307,40,138,71,206,187,191,82,308,39,293,5,290,101,116,218,91,214,280,43,118,295,275,153,99,237,25,162,117,113,121,203,31,125,168,9,73,270,287,70,302,190,34,65,294,260,344,90,325,332,226,177,198,317,278,144,134,340,75,268,24,314,233,262,68,183,243,309,186,189,108,320,301,86,306,330,57,349,271,264,331,158,318,142,159,326,58,266,161,166,346,94,283,213,145,185,151,74,224,88,312,17,35,15,179,96,246,322,202,289,335,343,32,273,285,143,47,44,66,126,261,193,140,55,204,329,169,196,139,286,149,20,305,49,339,230,250,3,41,338,321,107,147,195,269,222,76,188,227,298,334,333,37,164,192,288,89,63,215,199,175,131,38,6,240,200,315,146,219,33,178,60,22,249,95,130,129,313,50,85,210,217,28,182,342,194,281,209,267,156,316,127,69,351,241,51,350,254,27,259,110,216,282,128,133,30,7,319,220,236,323,234,167,100,256,239,257,67,303,272,255,170,11",20100,200
9,1,89728.32367959149,19.182508482802945,"54,263,251,308,259,2,7,135,236,152,248,53,220,242,4,67,284,256,201,132,72,261,93,345,276,215,244,172,64,327,137,150,310,78,80,81,197,277,128,274,350,133,105,142,21,51,146,273,177,115,59,149,319,335,165,290,245,293,39,346,174,157,123,282,265,231,176,232,52,27,254,112,300,173,266,193,48,234,136,10,223,104,42,155,211,221,16,82,191,187,206,71,138,40,307,229,77,26,119,337,13,8,279,347,180,292,205,341,212,299,84,103,297,238,228,235,108,320,56,79,348,336,106,143,247,171,343,120,114,36,296,252,29,19,208,14,124,46,5,163,101,159,88,224,74,151,185,166,289,202,322,246,96,179,15,35,17,312,318,83,158,331,264,271,349,57,330,306,86,301,311,148,317,189,154,226,332,325,90,344,260,294,65,34,190,302,144,278,186,198,309,243,183,68,262,233,314,24,268,75,340,134,70,287,270,73,9,168,125,31,203,121,113,117,162,25,237,99,153,275,295,118,43,280,214,91,218,116,326,58,109,47,145,100,227,216,182,351,207,181,62,285,102,161,44,253,126,239,92,140,55,204,329,169,196,139,286,66,20,305,49,339,230,250,3,41,338,321,107,147,195,269,222,76,188,94,298,334,333,37,199,192,131,89,6,184,164,175,288,38,63,240,200,315,32,219,33,178,22,60,249,95,130,129,313,50,85,210,217,28,213,342,194,281,209,267,156,316,127,69,303,241,12,141,98,324,87,110,283,272,258,167,111,304,11,61,18,225,160,23,257,323,328,30,122,97,45,255,170,291",20100,200
9,2,90956.57154689365,17.49594714716891,"54,263,251,308,259,2,7,135,236,152,248,174,220,242,4,32,284,256,201,132,72,261,93,345,276,215,244,172,64,327,137,150,310,78,80,81,197,277,128,274,350,133,105,142,21,51,146,273,177,115,59,149,319,335,165,290,245,293,39,100,328,285,123,282,265,49,176,232,52,27,254,112,300,173,266,193,48,234,136,10,223,104,42,155,211,221,16,82,191,187,206,71,138,40,307,229,77,26,119,337,13,8,279,347,180,292,205,341,212,299,84,103,297,238,228,235,108,320,56,79,348,336,106,143,247,171,343,120,114,36,296,252,29,19,208,14,124,46,5,163,101,159,88,224,74,151,185,166,289,202,322,246,96,179,15,35,17,312,318,83,158,331,264,271,349,57,330,306,86,301,311,148,317,189,154,226,332,325,90,344,260,294,144,134,63,38,288,175,164,184,6,89,131,192,199,37,333,334,298,94,188,76,222,269,195,147,107,321,338,41,3,250,145,346,227,216,182,351,126,181,316,157,102,161,44,253,207,239,92,140,55,204,329,169,196,139,286,66,20,305,231,339,230,47,109,58,326,116,218,91,214,280,43,118,295,275,153,99,237,25,162,117,113,121,203,31,125,168,9,73,270,287,70,302,190,75,268,24,186,233,262,68,183,243,309,198,314,278,65,34,340,240,200,315,67,219,33,178,22,60,249,95,130,129,313,50,85,210,217,28,213,342,194,281,209,267,156,62,127,69,303,241,12,141,98,324,87,110,283,272,258,167,111,304,11,61,18,225,160,97,122,30,53,323,257,23,45,255,170,291",20100,200
9,3,89324.65097357781,19.52735181488031,"54,263,251,308,259,2,7,135,236,152,248,53,220,242,4,67,284,256,201,132,72,261,93,345,276,215,244,172,64,327,137,150,310,78,80,81,197,277,128,274,141,133,105,142,21,12,146,62,177,115,59,149,319,335,165,290,245,293,39,346,174,157,123,282,265,231,176,232,52,27,254,112,300,173,266,193,48,234,136,10,223,104,42,155,211,221,16,82,191,187,206,71,138,40,307,229,77,26,119,337,13,8,279,347,180,292,205,341,212,299,84,103,297,238,228,235,108,320,56,79,348,336,106,143,247,171,343,120,114,36,296,252,29,19,208,14,124,46,5,163,101,159,88,224,74,151,185,166,289,202,322,246,96,179,15,35,17,312,318,83,158,331,264,271,349,57,330,306,86,301,311,148,317,189,154,226,332,325,90,344,260,294,65,34,190,302,144,278,186,198,309,243,183,68,262,233,314,24,268,75,340,134,70,287,270,73,9,168,125,31,203,121,113,117,162,25,237,99,153,275,295,145,43,280,214,91,218,116,326,58,109,161,118,100,94,216,182,351,207,181,273,285,102,47,44,253,126,239,92,140,55,204,329,169,196,139,286,66,20,305,49,339,230,250,3,41,338,321,107,147,195,269,222,76,188,227,298,334,333,37,199,192,131,89,6,184,164,175,288,38,63,240,200,315,32,219,33,178,60,22,249,95,130,129,313,50,85,210,217,28,213,342,194,281,209,267,156,316,127,69,303,241,51,350,98,324,87,110,283,272,258,167,111,304,11,61,18,225,160,23,257,323,328,30,122,97,45,255,170,291",20100,200
9,4,93303.20489221679,15.769905177173772,"251,263,105,319,259,2,7,135,236,265,234,21,220,242,4,67,284,256,173,52,176,239,93,48,133,128,299,10,303,327,100,150,123,282,92,136,350,277,215,253,247,46,221,16,53,122,83,276,244,132,328,80,181,64,152,81,197,62,111,157,59,232,310,78,165,231,72,137,115,324,98,112,18,201,109,274,345,248,163,172,223,104,42,155,211,124,14,208,19,29,252,296,36,114,120,207,171,245,102,106,336,348,79,56,311,31,125,168,9,73,270,287,70,302,190,34,65,101,290,5,293,39,308,82,191,187,206,71,138,40,307,229,77,26,119,337,13,8,279,347,180,292,205,341,212,177,84,103,297,238,228,235,148,203,121,113,117,162,25,237,99,153,275,295,118,43,280,214,91,218,116,294,260,344,90,325,332,226,154,198,317,278,144,134,340,75,268,24,314,233,262,68,183,243,309,186,189,108,320,301,86,306,330,57,349,271,264,331,158,142,318,312,17,35,15,179,96,246,322,202,289,145,185,151,74,224,88,159,326,58,266,161,166,346,94,283,213,335,343,146,273,285,143,47,44,66,126,261,193,140,55,204,329,169,196,139,286,149,20,305,49,339,230,250,3,41,338,321,107,147,195,269,222,76,188,227,298,334,333,37,199,192,131,89,6,184,164,175,288,38,63,240,200,315,32,219,33,178,22,60,249,95,130,129,313,50,85,210,217,28,182,342,194,281,209,267,156,316,127,69,351,241,12,141,254,27,87,110,216,272,258,167,291,304,11,61,300,225,160,23,97,51,30,174,323,257,45,255,170,54",20100,200
9,5,89953.45766388785,19.11449660676462,"54,263,251,308,259,2,7,135,236,152,248,53,220,242,4,67,284,256,201,132,72,261,93,345,276,215,244,172,64,327,137,150,310,78,80,81,197,277,128,274,350,133,105,142,21,51,146,273,177,115,59,149,319,335,165,290,245,293,39,346,174,157,123,282,265,231,176,232,52,27,254,112,300,173,266,193,48,234,136,10,223,104,42,155,211,221,16,82,191,187,206,71,138,40,307,229,77,26,119,337,13,8,279,347,180,292,205,341,212,299,84,103,297,238,228,235,108,320,56,79,348,336,106,143,247,171,343,120,114,36,296,252,29,19,208,14,124,46,5,163,101,159,88,224,74,151,185,166,289,202,322,246,96,179,15,35,17,312,318,83,158,331,264,271,349,57,330,306,86,301,311,148,317,189,154,226,332,325,90,344,260,294,65,34,190,302,144,278,186,198,309,243,183,68,262,233,314,24,268,75,340,134,70,287,270,73,9,168,125,31,203,121,113,117,162,25,237,99,153,275,295,145,43,280,214,91,218,116,326,58,109,161,118,100,227,216,182,351,207,181,62,285,102,47,44,253,126,239,92,140,55,204,329,169,196,139,286,66,20,305,49,339,230,250,3,41,338,321,107,147,195,269,222,76,188,94,298,334,333,37,199,192,131,89,6,184,164,175,288,38,63,240,200,315,32,219,33,178,22,60,249,95,130,129,313,50,85,210,217,28,213,342,194,281,209,267,156,316,127,69,303,241,12,141,98,324,87,110,283,272,258,167,111,304,11,61,18,225,160,23,257,323,328,30,122,97,45,255,170,291",20100,200
9,6,93374.10152690383,15.19788220716184,"251,263,105,319,259,2,7,135,236,265,234,21,220,242,4,67,284,256,173,52,176,239,93,48,133,128,299,10,303,327,100,150,123,282,92,136,350,277,215,253,247,46,221,16,53,122,83,276,244,132,328,80,181,64,152,81,197,62,111,157,59,232,310,78,165,231,72,137,115,324,98,112,18,201,109,274,345,248,163,172,223,104,42,155,211,124,14,208,19,29,252,296,36,114,120,207,171,245,102,106,336,348,79,56,311,31,125,168,9,73,270,287,70,302,190,34,65,101,290,5,293,39,308,82,191,187,206,71,138,40,307,229,77,26,119,337,13,8,279,347,180,292,205,341,212,177,84,103,297,238,228,235,148,203,121,113,117,162,25,237,99,153,275,295,118,43,280,214,91,218,116,294,260,344,90,325,332,226,154,198,317,278,144,134,340,75,268,24,314,233,262,68,183,243,309,186,189,108,320,301,86,306,330,57,349,271,264,331,158,142,318,312,17,35,15,179,96,246,322,202,289,145,185,151,74,224,88,159,326,58,266,161,166,346,94,283,213,335,343,146,273,285,143,47,44,66,126,261,193,140,55,204,329,169,196,139,286,149,20,305,49,339,230,250,3,41,338,321,107,147,195,269,222,76,188,227,298,334,333,192,164,37,131,89,6,184,199,175,288,38,63,240,200,315,32,219,33,178,60,22,249,95,130,129,313,50,85,210,217,28,182,342,194,281,209,267,156,316,127,69,351,241,12,141,254,27,87,110,216,272,258,167,291,304,11,61,300,225,160,23,97,51,30,174,323,257,45,255,170,54",20100,200
9,7,93930.8454133896,13.26019481153687,"54,263,251,61,105,12,160,135,23,258,225,174,291,92,4,300,284,11,173,52,176,141,93,48,45,2,97,10,150,327,21,265,299,87,242,136,304,277,215,253,247,46,221,16,313,122,83,276,244,132,328,80,181,64,152,81,197,62,219,157,59,232,310,78,165,231,72,137,115,324,98,22,18,201,109,274,345,248,163,172,129,104,42,155,211,124,14,208,19,29,252,296,36,114,120,207,171,245,102,106,336,348,79,56,311,31,125,168,9,73,270,287,70,302,190,34,65,101,290,5,293,39,337,119,26,77,229,307,40,138,71,206,187,191,82,308,13,8,279,347,180,292,205,341,212,177,84,103,297,238,228,235,148,203,121,113,117,162,25,237,99,153,275,295,118,43,280,214,91,218,116,294,260,344,90,325,332,226,154,198,317,278,144,134,340,75,268,233,314,24,262,68,183,243,309,186,189,108,320,301,86,306,330,57,349,271,264,331,158,142,318,312,17,35,15,179,96,246,322,202,289,145,185,151,74,224,88,159,326,58,266,161,166,346,94,283,213,335,343,146,273,285,143,47,44,66,126,261,193,140,55,204,329,169,196,139,286,149,20,305,49,339,230,250,3,41,338,321,107,147,195,269,222,76,188,227,298,334,333,192,164,37,131,89,6,184,199,175,288,38,63,240,200,315,32,111,33,178,60,112,249,95,130,223,53,50,85,210,217,28,182,342,194,281,209,267,156,316,127,69,351,241,51,350,254,27,259,110,216,272,303,67,257,239,256,100,167,234,323,236,220,319,7,30,133,128,282,255,170,123",20100,200
9,8,90275.3535883729,18.31802464900744,"54,263,251,308,259,2,7,135,236,152,248,53,220,242,4,67,284,256,201,132,72,261,93,345,276,215,244,172,64,327,137,150,310,78,80,81,197,277,128,274,350,133,105,142,21,51,146,273,177,115,59,149,319,335,165,290,245,293,39,100,328,285,123,282,265,49,176,232,52,27,254,112,300,173,266,193,48,234,136,10,223,104,42,155,211,221,16,82,191,187,206,71,138,40,307,229,77,26,119,337,13,8,279,347,180,292,205,341,238,297,103,84,299,212,228,235,108,320,56,79,348,336,106,143,247,171,343,120,114,36,296,252,29,19,208,14,124,46,5,163,101,159,88,224,74,151,185,166,289,202,322,246,96,179,15,35,17,312,318,83,158,331,264,271,349,57,330,306,86,301,311,148,317,189,154,226,332,325,90,344,260,294,144,134,63,38,288,175,164,184,6,89,131,192,199,37,333,334,298,94,188,76,222,269,195,147,107,321,338,41,3,250,145,346,227,216,182,351,126,181,316,157,102,161,44,253,207,239,92,140,55,204,329,169,196,139,286,66,20,305,231,339,230,47,109,58,326,116,218,91,214,280,43,118,295,275,153,99,237,25,162,117,113,121,203,31,125,168,9,73,270,287,70,302,190,75,268,24,186,233,262,68,183,243,309,198,314,278,65,34,340,240,200,315,32,219,33,178,22,60,249,95,130,129,313,50,85,210,217,28,213,342,194,281,209,267,156,62,127,69,303,241,12,141,98,324,87,110,283,272,258,167,111,304,11,61,18,225,160,23,257,323,174,30,122,97,45,255,170,291",20100,200
9,9,94690.80840903589,12.439354016373647,"54,263,251,61,105,12,160,135,23,258,225,174,291,92,4,300,284,11,173,52,176,141,93,48,45,2,97,10,150,327,21,265,299,87,242,136,304,277,215,253,247,46,221,16,53,122,83,276,244,132,328,80,181,64,152,81,197,62,111,157,59,232,310,78,165,231,72,137,115,324,98,112,18,201,109,274,345,248,163,172,223,104,42,155,211,124,14,208,19,29,252,296,36,114,120,207,171,245,102,106,336,348,79,56,311,31,125,168,9,73,270,287,70,302,190,34,65,101,290,5,293,39,308,82,191,187,206,71,138,40,307,229,77,26,119,337,13,8,279,347,180,292,205,341,212,177,84,103,297,238,228,235,148,203,121,113,117,162,25,237,99,153,275,295,118,43,280,214,91,218,116,294,260,344,90,325,332,226,154,198,317,278,144,134,340,75,268,24,314,233,262,68,183,243,309,186,189,108,320,301,86,306,330,57,349,271,264,331,158,318,142,159,326,58,266,161,166,346,94,283,213,145,185,151,74,224,88,312,17,35,15,179,96,246,322,202,289,335,343,32,273,285,143,47,95,66,126,261,193,140,55,204,329,169,196,139,286,149,20,305,49,339,230,250,3,41,338,321,107,147,195,269,222,76,188,227,298,334,333,192,164,37,288,89,6,184,199,175,131,38,63,240,200,315,146,219,33,178,60,22,249,44,130,129,313,50,85,210,217,28,182,342,194,281,209,267,156,316,127,69,351,241,51,350,254,27,259,110,216,272,303,67,257,239,256,100,167,234,323,236,220,319,7,30,133,128,282,255,170,123",20100,200
9,10,93676.9908367213,14.080530454087329,"251,263,105,319,259,2,7,135,236,265,234,21,220,242,4,67,284,256,173,52,176,239,93,48,133,128,299,10,303,327,100,150,123,282,92,136,350,277,215,253,247,46,221,16,53,122,83,276,244,132,328,80,181,64,152,81,197,62,111,157,59,232,310,78,165,231,72,137,115,324,98,112,18,201,109,274,345,248,163,172,223,104,42,155,211,124,14,208,19,29,252,296,36,114,120,207,171,245,102,106,336,348,79,56,311,31,125,168,9,73,270,287,70,302,190,34,65,101,290,5,293,39,308,82,191,187,206,71,138,40,307,229,77,26,119,337,13,8,279,347,180,292,205,341,212,177,84,103,297,238,228,235,148,203,121,113,117,162,25,237,99,153,275,295,118,43,280,214,91,218,116,294,260,344,90,325,332,226,154,198,317,278,144,134,340,75,268,24,314,233,262,68,183,243,309,186,189,108,320,301,86,306,330,57,349,271,264,331,158,142,318,312,17,35,15,179,96,246,322,202,289,145,185,151,74,224,88,159,326,58,266,161,166,346,94,283,213,335,343,32,273,285,143,47,44,66,126,261,193,140,55,204,329,169,196,139,286,149,20,305,49,339,230,250,3,41,338,321,107,147,195,269,222,76,188,227,298,334,333,192,164,37,131,89,6,184,199,175,288,38,63,240,200,315,146,219,33,178,60,22,249,95,130,129,313,50,85,210,217,28,182,342,194,281,209,267,156,316,127,69,351,241,12,141,254,27,87,110,216,272,258,167,291,304,11,61,300,225,160,23,97,51,30,174,323,257,45,255,170,54",20100,200
9,11,93077.07251017146,15.803040009861142,"54,263,251,308,259,2,7,135,236,152,248,53,220,242,4,67,284,11,201,132,72,261,93,345,276,215,244,172,64,327,137,150,310,78,80,81,197,277,128,274,141,133,105,142,21,12,146,273,177,115,59,149,319,335,165,290,245,293,39,346,174,285,291,282,265,49,176,232,52,27,254,112,300,173,266,193,48,234,136,10,223,104,42,155,211,221,16,82,191,187,206,71,36,114,120,229,77,26,119,337,13,8,279,347,33,178,205,341,212,299,84,103,297,238,228,235,108,320,56,79,348,336,106,143,247,171,343,307,40,138,296,252,29,19,208,14,124,46,5,163,101,159,88,224,74,151,185,166,289,202,322,246,96,179,15,35,17,312,318,83,158,331,264,271,349,57,330,306,86,301,311,148,317,189,154,226,332,325,90,344,260,294,65,34,190,302,144,278,186,198,309,243,183,68,262,233,314,24,268,75,340,134,70,287,270,73,9,168,125,31,203,121,113,117,162,25,237,99,153,275,295,118,43,280,214,91,218,116,326,58,109,47,145,100,227,216,182,351,207,181,62,157,102,161,44,253,126,239,92,140,55,204,329,169,196,139,286,66,20,305,231,339,230,250,3,41,338,321,107,147,195,269,222,76,188,94,298,334,333,37,199,192,131,89,6,184,164,175,288,38,63,240,200,315,32,219,180,292,22,60,249,95,130,129,313,50,85,210,217,28,213,342,194,281,209,267,156,316,127,69,303,241,51,350,98,324,87,110,283,272,258,167,111,304,256,61,18,225,160,23,257,323,328,30,122,97,45,255,170,123",20100,200
9,12,91731.24899605881,16.971008906977627,"54,263,251,308,259,2,7,135,236,152,248,53,220,242,4,67,284,256,201,132,72,261,93,345,276,215,244,172,64,327,137,150,310,78,80,81,197,277,128,274,350,133,105,142,21,51,146,273,177,115,59,149,319,335,165,290,245,293,39,100,328,285,123,282,265,49,176,232,52,27,254,112,300,173,266,193,48,234,136,10,223,104,42,155,211,221,16,82,191,187,206,71,138,40,307,229,77,26,119,337,13,8,279,347,180,292,205,341,238,299,84,103,297,212,228,235,108,320,56,79,348,336,106,143,247,171,343,120,114,36,296,252,29,19,208,14,124,46,5,163,101,159,88,224,74,151,185,166,289,202,322,246,96,179,15,35,17,312,318,83,158,331,264,271,349,57,330,306,86,301,311,148,317,189,154,226,332,325,90,344,260,294,65,34,190,302,144,278,186,198,309,243,183,68,262,233,314,24,268,75,340,134,70,287,270,73,9,168,125,31,203,121,113,117,162,25,237,99,153,275,295,118,43,280,214,91,218,116,326,58,109,161,145,346,94,216,182,351,126,181,316,157,102,47,44,253,207,239,92,140,55,204,329,169,196,139,286,66,20,305,231,339,230,250,3,41,338,321,107,147,195,269,222,76,188,227,298,334,333,192,164,37,288,89,63,184,199,175,131,38,6,240,200,315,32,219,33,178,60,22,141,12,241,303,69,127,62,156,267,209,281,194,342,213,28,217,210,85,50,313,129,130,95,249,98,324,87,110,283,272,258,167,111,304,11,61,18,225,160,23,257,323,174,30,122,97,45,255,170,291",20100,200
9,13,90268.62999588075,18.740983049090442,"54,263,251,346,259,2,7,135,236,152,248,53,220,242,4,67,284,256,201,132,72,261,93,345,276,215,244,172,64,327,137,150,310,78,80,81,197,277,128,274,350,133,105,142,21,51,146,273,177,115,59,149,319,335,165,290,245,293,39,308,328,157,123,282,265,231,176,232,52,27,254,112,300,173,266,193,48,234,136,10,223,104,42,155,211,221,16,82,191,187,206,71,138,40,307,229,77,26,119,337,13,8,279,347,180,292,205,341,212,299,84,103,297,238,228,235,108,320,56,79,348,336,106,143,247,171,343,120,114,36,296,252,29,19,208,14,124,46,5,163,101,159,88,224,74,151,185,166,289,202,322,246,96,179,15,35,17,312,318,83,158,331,264,271,349,57,330,306,86,301,311,148,317,189,154,226,332,325,90,344,260,294,65,34,190,302,144,278,186,198,309,243,183,68,262,233,314,24,268,75,340,134,70,287,270,73,9,168,125,31,203,121,113,117,162,25,237,99,153,275,295,145,43,280,214,91,218,116,326,58,109,161,118,100,94,216,182,351,126,181,62,285,102,47,44,253,207,239,92,140,55,204,329,169,196,139,286,66,20,305,49,339,230,250,3,41,338,321,107,147,222,269,195,76,188,227,298,334,333,37,199,192,131,89,6,184,164,175,288,38,63,240,200,315,32,219,33,178,22,60,249,95,130,129,313,50,85,210,217,28,213,342,194,281,209,267,156,316,127,69,303,241,12,141,98,324,87,110,283,272,258,167,111,304,11,61,18,225,160,23,257,323,174,30,122,97,45,255,170,291",20100,200
9,14,93774.50789333438,13.609324701132739,"54,263,251,61,87,2,160,135,23,265,225,174,291,242,4,300,284,11,173,52,176,239,93,48,133,128,299,10,303,327,100,150,123,282,92,136,350,277,215,253,247,46,221,16,53,122,83,276,244,132,328,80,181,64,152,81,197,62,111,157,59,232,310,78,165,231,72,137,115,324,98,112,18,201,109,274,345,248,163,172,223,104,42,155,211,124,14,208,19,29,252,296,36,114,120,207,171,245,102,106,336,348,79,56,311,31,125,168,9,73,270,287,70,302,190,34,65,101,290,5,293,39,308,82,191,187,206,71,138,40,307,229,77,26,119,337,13,8,279,347,180,292,205,341,212,177,84,103,297,238,228,235,148,203,121,113,117,162,25,237,99,153,275,295,118,43,280,214,91,218,116,294,260,344,90,325,332,226,154,198,317,278,144,134,340,75,268,24,314,233,262,68,183,243,309,186,189,108,320,301,86,306,330,57,349,271,264,331,158,142,318,312,17,35,15,179,96,246,322,202,289,145,185,151,74,224,88,159,326,58,266,161,166,346,94,283,213,335,343,32,273,285,143,47,95,66,126,261,193,140,55,204,329,169,196,139,286,149,20,305,49,339,230,250,3,41,338,321,107,147,195,269,222,76,188,227,298,334,333,192,164,257,67,258,272,216,110,259,27,254,141,12,241,351,69,127,316,156,267,209,281,194,342,182,28,217,210,85,50,313,129,130,44,249,22,60,178,33,219,146,315,200,240,63,38,131,175,199,184,6,89,288,37,304,256,21,167,234,323,236,220,319,7,30,105,51,45,255,170,97",20100,200
9,15,96485.03324554328,11.49842244922588,"54,263,251,61,87,2,160,135,23,265,225,174,291,242,4,300,284,11,173,21,176,304,93,48,105,51,299,10,258,327,52,150,97,45,92,136,350,277,215,253,247,46,221,16,313,122,83,276,244,132,328,80,181,64,152,81,197,62,219,157,59,232,310,78,165,231,72,137,115,324,98,112,18,201,109,274,345,248,163,172,223,104,42,155,211,124,14,208,19,29,252,296,36,114,120,207,171,245,102,106,336,348,79,56,311,148,235,228,238,297,103,84,154,212,341,205,292,180,347,279,8,13,337,119,26,77,229,307,40,138,71,206,187,191,82,308,39,293,5,290,101,116,295,118,43,280,214,91,218,275,153,99,237,25,162,117,113,121,203,31,125,168,9,73,270,287,70,302,190,34,65,294,260,344,90,325,332,226,177,198,317,278,144,134,340,75,268,24,314,233,262,68,183,243,309,186,189,108,320,301,86,306,330,57,349,271,264,331,158,318,142,159,326,58,266,161,166,346,94,283,213,145,185,151,74,224,88,312,17,35,15,179,96,246,322,202,289,335,343,32,273,285,143,47,95,66,126,261,193,140,55,204,329,169,196,139,286,149,20,305,49,339,230,250,3,41,338,321,107,147,195,269,222,76,188,227,298,334,333,192,164,37,288,89,6,184,199,175,131,38,63,240,200,315,146,111,33,178,60,22,249,44,130,129,53,50,85,210,217,28,182,342,194,281,209,267,156,316,127,69,351,241,12,141,254,27,259,110,216,272,303,67,257,239,256,100,167,234,323,236,220,319,7,30,133,128,282,170,255,123",20100,200
9,16,94379.40534662253,12.816447942721132,"54,263,251,61,105,12,160,135,23,258,225,174,291,92,4,300,284,11,173,52,176,141,93,48,45,2,97,10,150,327,21,277,299,87,242,136,304,265,215,253,247,46,221,16,313,122,83,276,244,132,328,80,181,64,152,81,197,62,219,157,59,232,310,78,165,231,72,137,115,14,124,211,155,42,104,129,172,163,248,345,274,109,201,18,22,98,324,301,19,29,252,296,36,114,120,207,171,245,102,106,336,348,79,56,311,31,125,168,9,73,270,287,70,302,190,34,65,101,290,5,293,39,337,119,26,77,229,307,40,138,71,206,187,191,82,308,13,8,279,347,180,292,205,341,212,177,84,103,297,238,228,235,148,203,121,113,117,162,25,237,99,153,275,295,118,43,280,214,91,218,116,294,260,344,90,325,332,226,154,198,317,278,144,134,340,75,268,233,314,24,262,68,183,243,309,186,189,108,320,208,86,306,330,57,349,271,264,331,158,142,318,312,17,35,15,179,96,246,322,202,289,145,185,151,74,224,88,159,326,58,266,161,166,346,94,283,213,335,343,146,273,285,143,47,44,66,126,261,193,140,55,204,329,169,196,139,286,149,20,305,49,339,230,250,3,41,338,321,107,147,195,269,222,76,188,227,298,334,333,192,164,37,131,89,6,184,199,175,288,38,63,240,200,315,32,111,33,178,60,112,249,95,130,223,53,50,85,210,217,28,182,342,194,281,209,267,156,316,127,69,351,241,51,350,254,27,259,110,216,272,303,67,257,239,256,100,167,234,323,236,220,319,7,30,133,128,282,255,170,123",20100,200
9,17,90928.83420824981,17.862947986336813,"54,263,251,308,259,2,7,135,236,152,248,53,220,242,4,67,284,256,201,132,72,261,93,345,276,215,244,172,64,327,137,150,310,78,80,81,197,277,128,274,350,133,105,142,21,51,146,273,177,115,59,149,319,335,165,290,245,293,39,346,174,157,123,282,265,231,176,232,52,27,254,112,300,173,266,193,48,234,136,10,223,104,42,155,211,221,16,82,191,187,206,71,138,40,307,229,77,26,119,337,13,8,279,347,180,292,205,341,212,299,84,103,297,238,228,235,108,320,56,79,348,336,106,143,247,171,343,120,114,36,296,252,29,19,208,14,124,46,5,163,101,159,88,224,74,151,185,166,289,202,322,246,96,179,15,35,17,312,318,83,158,331,264,271,349,57,330,306,86,301,311,148,317,189,154,226,332,325,90,344,260,294,65,34,190,302,144,278,186,198,309,243,183,68,262,233,314,24,268,75,340,134,70,287,270,73,9,168,125,31,203,121,113,117,162,25,237,99,153,275,295,145,43,280,214,91,218,116,326,58,109,161,118,100,227,216,182,351,207,181,62,285,102,47,44,253,126,239,92,140,55,204,329,169,196,139,286,66,20,305,49,339,230,250,3,41,338,321,107,147,195,269,222,76,188,94,298,334,333,37,199,45,97,122,30,328,323,257,23,160,225,18,61,11,304,111,167,258,272,283,110,87,324,98,141,12,241,303,69,127,316,156,267,209,281,194,342,213,28,217,210,85,50,313,129,130,95,249,60,22,178,33,219,32,315,200,240,63,38,288,175,164,184,6,89,131,192,255,170,291",20100,200
9,18,93633.4017311532,14.906834634517876,"54,263,251,61,87,2,160,135,23,265,225,174,291,242,4,300,284,11,173,21,176,304,93,48,105,12,299,10,258,327,52,150,123,282,92,136,141,277,215,253,247,46,221,16,53,122,83,276,244,132,328,80,181,64,152,81,197,62,111,157,59,232,310,78,165,231,72,137,115,324,98,112,18,201,109,274,345,248,163,172,223,104,42,155,211,124,14,208,19,29,252,296,36,114,120,207,171,245,102,106,336,348,79,56,311,31,125,168,9,73,270,287,70,302,190,34,65,101,290,5,293,39,308,82,191,187,206,71,138,40,307,229,77,26,119,337,13,8,279,347,180,292,205,341,212,177,84,103,297,238,228,235,148,203,121,113,117,162,25,237,99,153,275,295,118,43,280,214,91,218,116,294,260,344,90,325,332,226,154,198,317,278,144,134,340,75,268,24,314,233,262,68,183,243,309,186,189,108,320,301,86,306,330,57,349,271,264,331,158,142,318,312,17,35,15,179,96,246,322,202,289,145,185,151,74,224,88,159,326,58,266,161,166,346,94,283,213,335,343,146,273,285,143,47,44,66,126,261,193,140,55,204,329,169,196,139,286,149,20,305,49,339,230,250,3,41,338,321,107,147,195,269,222,76,188,227,298,334,333,37,199,192,131,89,6,184,164,175,288,38,63,240,200,315,32,219,33,178,60,22,249,95,130,129,313,50,85,210,217,28,182,342,194,281,209,267,156,316,127,69,351,241,51,350,254,27,259,110,216,272,303,67,257,239,256,100,167,234,323,236,220,319,7,30,133,128,45,170,255,97",20100,200
9,19,90572.08265508109,18.053313271111758,"54,263,251,346,259,2,7,135,236,152,248,53,220,242,4,67,284,256,201,132,72,261,93,345,276,215,244,172,64,327,137,150,310,78,80,81,197,277,128,274,350,133,105,142,21,51,146,273,177,115,59,149,319,335,165,290,245,293,39,308,328,285,123,282,265,49,176,232,52,27,254,112,300,173,266,193,48,234,136,10,223,104,42,155,211,221,16,82,191,187,206,71,138,40,307,229,77,26,119,337,13,8,279,347,180,292,205,341,212,299,84,103,297,238,228,235,108,320,56,79,348,336,106,143,247,171,343,120,114,36,296,252,29,19,208,14,124,46,5,163,101,159,88,224,74,151,185,166,289,202,322,246,96,179,15,35,17,90,325,332,226,154,189,317,148,311,301,86,306,330,57,349,271,264,331,158,83,318,312,344,260,294,65,34,190,302,144,278,186,198,309,243,183,68,262,233,314,24,268,75,340,134,70,287,270,73,9,168,125,31,203,121,113,117,162,25,237,99,153,275,295,118,43,280,214,91,218,116,326,58,109,161,145,100,94,216,182,351,207,181,62,157,102,47,44,253,126,239,92,140,55,204,329,169,196,139,286,66,20,305,231,339,230,250,3,41,338,321,107,147,222,269,195,76,188,227,298,334,333,37,199,192,131,89,6,184,164,175,288,38,63,240,200,315,32,219,33,178,60,22,249,95,130,129,313,50,85,210,217,28,213,342,194,281,209,267,156,316,127,69,303,241,12,141,98,324,87,110,283,272,258,167,111,304,11,61,18,225,160,23,257,323,174,30,122,97,45,255,170,291",20100,200
9,20,94675.94150176272,12.693245476458083,"54,263,251,61,87,2,160,135,23,265,225,174,291,242,4,300,284,11,173,21,176,304,93,48,105,12,299,10,258,327,52,150,123,282,92,136,141,277,215,253,247,46,221,16,53,122,83,276,244,132,328,80,181,64,152,81,197,62,111,157,59,232,310,78,165,231,72,137,115,324,98,112,18,201,109,274,345,248,163,172,223,104,42,155,211,124,14,208,19,29,252,296,36,114,120,207,171,245,102,106,336,348,79,56,311,31,125,168,9,73,270,287,70,302,190,34,65,101,290,5,293,39,308,82,191,187,206,71,138,40,307,229,77,26,119,337,13,8,279,347,180,292,205,341,212,177,84,103,297,238,228,235,148,203,121,113,117,162,25,237,99,153,275,295,118,43,280,214,91,218,116,294,260,344,90,325,332,226,154,198,317,278,144,134,340,75,268,24,314,233,262,68,183,243,309,186,189,108,320,301,86,306,330,57,349,271,264,331,158,142,318,159,326,58,266,161,166,346,94,283,213,145,185,151,74,224,88,312,17,35,15,179,96,246,322,202,289,335,343,32,273,285,143,47,95,66,126,261,193,140,55,204,329,169,196,139,286,149,20,305,49,339,230,250,3,41,338,321,107,147,195,269,222,76,188,227,298,334,333,192,164,37,288,89,6,184,199,175,131,38,63,240,200,315,146,219,33,178,60,22,249,44,130,129,313,50,85,210,217,28,182,342,194,281,209,267,156,316,127,69,351,241,51,350,254,27,259,110,216,272,303,67,257,239,256,100,167,234,323,236,220,319,7,30,133,128,45,170,255,97",20100,200
9,21,97229.86100850331,11.095876744341728,"54,263,251,61,105,12,160,135,23,258,225,174,291,92,4,300,284,11,173,52,176,141,93,48,45,2,97,99,237,25,162,117,113,121,203,148,235,228,238,297,103,84,177,212,341,205,292,180,347,279,8,13,337,119,26,77,229,307,40,138,71,206,187,191,82,308,39,293,5,290,101,65,34,190,302,70,287,270,73,9,168,125,31,311,56,79,348,336,106,102,245,171,207,120,114,36,296,252,29,19,301,14,124,211,155,42,104,129,172,163,248,345,274,109,201,18,22,98,324,115,137,72,231,165,78,310,232,59,157,219,62,197,81,152,64,181,80,328,132,244,276,83,122,313,16,221,46,247,253,215,277,304,136,242,87,299,265,21,327,150,10,153,275,295,118,43,280,214,91,218,116,294,260,344,90,325,332,226,154,198,317,278,144,134,340,75,268,24,314,233,262,68,183,243,309,186,189,108,320,208,86,306,330,57,349,271,264,331,158,318,142,159,326,58,266,161,166,346,94,283,213,145,185,151,74,224,88,312,17,35,15,179,96,246,322,202,289,335,343,32,273,285,143,47,95,66,126,261,193,140,55,204,329,169,196,139,286,149,20,305,49,339,230,250,3,41,338,321,107,147,195,269,222,76,188,227,298,334,333,192,164,37,200,240,63,38,131,175,199,184,6,89,288,315,146,111,33,178,60,112,249,44,130,223,53,50,85,210,217,28,182,342,194,281,209,267,156,316,127,69,351,241,51,350,254,27,259,110,216,272,303,67,257,239,256,100,167,234,323,236,220,319,7,30,133,128,282,255,170,123",20100,200
9,22,91114.40901705911,17.028465335807773,"54,263,251,308,259,2,7,135,236,152,248,174,220,242,4,32,284,256,201,132,72,261,93,345,276,215,244,172,64,327,137,150,310,78,80,81,197,277,128,274,350,133,105,142,21,51,146,273,177,115,59,149,319,335,165,290,245,293,39,346,328,157,123,282,265,49,176,232,52,27,254,112,300,173,266,193,48,234,136,10,223,104,42,155,211,221,16,82,191,187,206,71,138,40,307,229,77,26,119,337,13,8,279,347,180,292,205,341,212,299,84,103,297,238,228,235,108,320,56,79,348,336,106,143,247,171,343,120,114,36,296,252,29,19,208,14,124,46,5,163,101,159,88,224,74,151,185,166,289,202,322,246,96,179,15,35,17,312,318,83,158,331,264,271,349,57,330,306,86,301,311,148,317,189,154,226,332,325,90,344,260,294,65,34,190,302,144,278,186,198,309,243,183,68,262,233,314,24,268,75,340,134,70,287,270,73,9,168,125,31,203,121,113,117,162,25,237,99,153,275,295,145,43,280,214,91,218,116,326,58,109,161,118,100,94,216,182,351,126,181,62,285,102,47,44,253,207,239,92,140,55,204,329,169,196,139,286,66,20,305,231,339,230,250,3,41,338,321,107,147,195,269,222,76,188,227,298,334,333,37,199,61,11,304,111,167,258,272,283,110,87,324,98,141,12,241,303,69,127,22,249,95,130,129,313,50,85,210,217,28,213,342,194,281,209,267,156,316,60,178,33,219,67,315,200,240,63,38,288,175,164,184,6,89,131,192,18,225,160,23,257,323,53,30,122,97,45,255,170,291",20100,200
9,23,95655.6569751931,11.746302549430883,"54,263,251,61,105,12,160,135,23,258,225,174,291,92,4,300,284,11,173,52,176,141,93,48,45,2,97,10,150,327,21,265,299,87,242,136,350,277,215,253,247,46,221,16,313,122,83,276,244,132,328,80,181,64,152,81,197,62,219,157,59,232,310,78,165,231,72,137,115,324,98,112,18,201,109,274,345,248,163,172,223,104,42,155,211,124,14,301,19,29,252,296,36,114,120,207,171,245,102,106,336,348,79,56,311,31,125,168,9,73,270,287,70,302,190,34,65,101,290,5,293,39,337,119,26,77,229,307,40,138,71,206,187,191,82,308,13,8,279,347,180,292,205,341,212,177,84,103,297,238,228,235,148,203,121,113,117,162,25,237,99,153,275,295,118,43,280,214,91,218,116,294,260,344,90,325,332,226,154,198,317,278,144,134,68,262,233,314,24,268,75,340,183,243,309,186,189,108,320,208,86,306,330,57,349,271,264,331,158,318,142,159,326,58,266,161,166,346,94,283,213,145,185,151,74,224,88,312,17,35,15,179,96,246,322,202,289,335,343,32,273,285,143,47,95,66,126,261,193,140,55,204,329,169,196,139,286,149,20,305,49,339,230,250,3,41,338,321,107,147,195,269,222,76,188,227,298,334,333,192,164,37,288,89,63,184,199,175,131,38,6,240,200,315,146,111,33,178,60,22,249,44,130,129,53,50,85,210,217,28,182,342,194,281,209,267,156,316,127,69,351,241,51,304,254,27,259,110,216,272,303,67,257,239,256,100,167,234,323,236,220,319,7,30,133,128,282,255,170,123",20100,200
9,24,95088.68403245084,12.287213825060848,"54,263,251,61,105,12,160,135,23,258,225,174,291,92,4,300,284,11,173,52,176,141,93,48,45,2,97,10,150,327,21,265,299,87,242,136,304,277,215,253,247,46,221,16,313,122,83,276,244,132,328,80,181,64,152,81,197,62,219,157,59,232,310,78,165,231,72,137,115,324,98,112,18,201,109,274,345,248,163,172,223,104,42,155,211,124,14,208,19,29,252,296,36,114,120,207,171,245,102,106,336,348,79,56,311,31,125,168,9,73,270,287,70,302,190,34,65,101,290,5,293,39,308,82,191,187,206,71,138,40,307,229,77,26,119,337,13,8,279,347,180,292,205,341,212,177,84,103,297,238,228,235,148,203,121,113,117,162,25,237,99,153,275,295,118,43,280,214,91,218,116,294,260,344,90,325,332,226,154,198,317,278,144,134,340,75,268,24,314,233,262,68,183,243,309,186,189,108,320,301,86,306,330,57,349,271,264,331,158,318,142,159,326,58,266,161,166,346,94,283,213,145,185,151,74,224,88,312,17,35,15,179,96,246,322,202,289,335,343,146,273,285,143,47,44,66,126,261,193,140,55,204,329,169,196,139,286,149,20,305,49,339,230,250,3,41,338,321,107,147,195,269,222,76,188,227,298,334,333,192,164,37,131,89,6,184,199,175,288,38,63,240,200,315,32,111,33,178,60,22,249,95,130,129,53,50,85,210,217,28,182,342,194,281,209,267,156,316,127,69,351,241,51,350,254,27,259,110,216,272,303,67,257,239,256,100,167,234,323,236,220,319,7,30,133,128,282,170,255,123",20100,200
9,25,95257.40325031994,11.919348206928285,"54,263,251,61,105,12,160,135,23,258,225,174,291,92,4,300,284,11,173,52,176,141,93,48,45,2,97,10,150,327,21,265,299,87,242,136,304,277,215,253,247,46,221,16,313,122,83,276,244,132,328,80,181,64,152,81,197,62,219,157,59,232,310,78,165,231,72,137,115,324,98,112,18,201,109,274,345,248,163,172,223,104,42,155,211,124,14,208,19,29,252,296,36,114,120,207,171,245,102,106,336,348,79,56,311,31,125,168,9,73,270,287,70,302,190,34,65,101,290,5,293,39,308,82,191,187,206,71,138,40,307,229,77,26,119,337,13,8,279,347,180,292,205,341,212,177,84,103,297,238,228,235,148,203,121,113,117,162,25,237,99,153,275,295,118,43,280,214,91,218,116,294,260,344,90,325,332,226,154,198,317,278,144,134,340,75,268,24,314,233,262,68,183,243,309,186,189,108,320,301,86,306,330,57,349,271,264,331,158,318,142,159,326,58,266,161,166,346,94,283,213,145,185,151,74,224,88,312,17,35,15,179,96,246,322,202,289,335,343,32,273,285,143,47,95,66,126,261,193,140,55,204,329,169,196,139,286,149,20,305,49,339,230,250,3,41,338,321,107,147,195,269,222,76,188,227,298,334,333,192,164,37,131,89,6,184,199,175,288,38,63,240,200,315,146,111,33,178,60,22,249,44,130,129,53,50,85,210,217,28,182,342,194,281,209,267,156,316,127,69,351,241,51,350,254,27,259,110,216,272,303,67,257,239,256,100,167,234,323,236,220,319,7,30,133,128,282,255,170,123",20100,200
9,26,92212.24315543773,16.30283978885823,"54,263,251,308,259,2,7,135,236,152,248,53,220,242,4,67,284,256,201,132,72,261,93,345,276,215,244,172,64,327,137,150,310,78,80,81,197,277,128,274,141,133,105,142,21,12,146,273,177,115,59,149,319,335,165,290,245,293,39,346,174,285,291,282,265,49,176,232,52,27,254,112,300,173,266,193,48,234,136,10,223,104,42,155,211,221,16,82,191,187,206,71,138,40,307,229,77,26,119,337,13,8,279,347,33,178,205,341,238,297,103,84,299,212,228,235,108,320,56,79,348,336,106,143,247,171,343,120,114,36,296,252,29,19,208,14,124,46,5,163,101,159,88,224,74,151,185,166,289,202,322,246,96,179,15,35,17,90,325,332,226,154,189,317,148,311,301,86,306,330,57,349,271,264,331,158,83,318,312,344,260,294,65,34,190,302,144,278,186,198,309,243,183,68,262,233,314,24,268,75,340,134,70,287,270,73,9,168,125,31,203,121,113,117,162,25,237,99,153,275,295,118,43,280,214,91,218,116,326,58,109,161,145,100,94,216,182,351,207,181,62,157,102,47,44,253,126,239,92,140,55,204,329,169,196,139,286,66,20,305,231,339,230,250,3,41,338,321,107,147,222,269,195,76,188,227,298,334,333,37,199,192,131,89,6,184,164,175,288,38,63,240,200,315,32,219,180,292,60,22,249,95,130,129,313,50,85,210,217,28,213,342,194,281,209,267,156,316,127,69,303,241,51,350,98,324,87,110,283,272,258,167,111,304,11,61,18,225,160,23,257,323,328,30,122,97,45,255,170,123",20100,200
10,0,89766.6438163447,11.249313408123848,"306,172,94,189,84,252,282,97,246,157,220,18,153,19,259,2,10,156,197,251,40,243,190,147,319,100,344,183,296,121,127,205,320,68,74,274,109,49,232,169,279,36,303,240,113,192,62,231,326,111,158,80,116,125,309,72,124,3,237,134,117,92,119,41,112,210,166,230,248,314,155,213,136,286,175,85,11,81,65,211,87,295,293,300,201,73,273,209,102,76,315,35,278,350,331,70,204,63,177,66,5,6,200,165,244,46,184,206,176,24,21,170,145,261,118,29,224,13,31,59,318,317,298,168,222,270,32,260,225,235,44,33,262,60,199,216,308,284,294,304,196,207,61,47,250,8,349,329,142,174,292,305,37,28,88,285,289,132,20,14,247,195,162,339,126,141,122,186,341,212,96,328,269,79,161,150,264,241,228,101,310,137,135,311,330,53,173,249,188,151,302,148,86,242,337,335,288,164,27,336,185,256,89,290,283,75,215,159,57,191,105,265,108,52,64,257,267,16,55,234,90,179,203,229,342,245,93,181,38,299,91,297,193,48,45,221,123,106,30,313,103,227,99,217,43,180,208,77,194,42,114,133,340,263,115,268,238,338,236,218,271,7,54,82,325,140,253,202,71,67,98,69,4,178,258,182,146,266,50,280,129,321,332,255,214,143,323,327,154,23,152,347,272,160,95,163,301,139,226,324,39,83,345,291,348,78,12,144,312,187,351,287,56,239,26,198,343,219,149,277,307,322,22,276,233,281,275,25,17,107,346,223,15,171,120,254,334,131,167,316,138,128,333,34,130,9,58,104,110,51",20100,200
10,1,89091.09941872435,12.215306742806817,"306,172,94,189,84,252,282,97,246,157,220,18,153,19,259,2,10,156,197,251,40,243,190,147,319,100,344,183,296,121,127,205,320,68,74,274,109,49,232,169,279,36,303,240,113,192,62,231,326,111,158,80,116,125,309,72,124,3,237,134,117,92,119,41,112,210,166,230,248,314,213,155,136,286,175,85,11,81,65,211,87,295,293,300,201,73,273,209,102,76,315,35,278,350,331,70,204,63,177,66,5,6,200,145,170,21,24,176,206,184,46,244,165,261,118,29,224,13,31,59,318,317,298,168,222,270,32,260,225,235,44,33,262,60,199,216,308,284,294,304,196,207,61,47,250,8,349,329,142,174,292,305,37,28,88,285,289,132,20,14,247,195,162,339,126,141,122,186,341,212,96,328,269,79,161,150,264,241,228,101,310,137,135,311,330,53,173,249,188,151,302,148,86,242,337,335,288,164,27,336,185,256,89,290,283,75,215,159,57,191,105,265,108,52,64,257,267,16,55,234,90,179,203,229,342,245,93,181,38,299,91,297,193,48,45,221,123,106,30,313,103,227,99,217,43,180,208,77,194,42,114,133,340,263,115,268,238,338,236,54,271,7,218,82,325,140,253,202,71,67,98,69,4,178,258,129,280,50,266,146,182,321,332,255,214,143,323,327,154,348,291,345,83,39,324,226,139,301,163,95,160,272,347,152,23,78,12,144,312,187,351,287,56,239,26,198,343,219,149,277,307,322,22,276,233,281,275,25,17,107,346,223,15,171,120,254,334,131,167,316,138,128,333,34,130,9,58,104,110,51",20100,200
10,2,91321.64244343652,10.046293074320864,"306,172,94,189,84,252,282,97,246,157,220,18,153,19,259,2,10,156,197,251,40,243,190,147,319,100,344,183,296,121,127,205,320,68,74,274,109,49,232,169,279,36,303,240,113,206,176,231,326,111,158,80,116,125,309,72,124,3,318,134,117,92,119,41,112,210,166,230,248,314,155,213,136,286,175,85,11,81,65,211,87,295,293,300,201,73,229,209,102,76,315,35,278,350,331,237,59,31,13,224,29,118,261,145,170,21,24,192,62,184,46,244,165,200,6,5,66,177,63,204,70,317,298,168,222,270,32,260,225,235,44,33,23,60,199,216,308,284,294,304,196,207,61,47,250,8,349,329,142,174,292,305,37,28,88,285,289,132,20,14,247,195,162,339,126,141,122,186,341,212,96,328,269,79,161,150,264,241,228,101,310,137,135,311,330,53,173,249,188,151,302,148,86,242,337,335,288,164,27,336,185,256,89,290,283,75,342,273,203,179,90,234,55,16,267,257,64,52,108,265,105,191,57,159,215,245,93,181,38,299,91,297,193,48,45,221,123,106,30,313,103,227,99,217,43,180,208,77,194,42,114,133,340,263,115,268,238,338,236,54,271,7,218,82,325,140,253,202,71,67,98,69,4,178,258,182,146,266,50,280,129,321,332,255,214,143,323,327,154,348,291,345,83,39,324,226,139,301,163,95,160,272,347,152,26,78,12,277,312,187,351,239,56,144,262,198,343,219,149,287,307,322,22,276,233,281,275,25,17,107,346,223,15,171,120,254,334,131,167,316,138,128,333,34,130,9,58,104,110,51",20100,200
10,3,89288.6517170144,11.728045538545414,"306,172,94,189,84,252,282,97,246,157,220,18,153,19,259,2,10,156,197,251,40,243,190,147,319,100,303,36,279,169,232,49,109,274,74,68,320,205,127,121,296,183,344,240,113,192,62,231,326,111,158,80,116,125,309,72,124,3,237,134,117,92,119,41,112,210,166,230,248,314,213,155,136,286,175,85,11,81,65,211,87,295,293,300,201,73,273,209,102,76,315,35,278,350,331,70,204,63,177,66,5,6,200,165,244,46,184,61,207,196,304,294,284,308,216,199,60,262,33,44,235,225,260,32,270,222,168,298,317,318,59,31,13,224,29,118,261,145,170,21,24,176,206,47,250,8,349,329,142,174,292,37,305,28,88,285,289,132,20,14,247,195,162,339,126,141,122,186,341,212,96,328,269,79,161,150,264,241,228,101,310,137,135,311,330,53,173,249,188,151,302,148,86,242,337,335,288,164,27,336,185,256,89,290,283,75,215,159,57,191,105,265,108,52,64,257,267,16,55,234,90,179,203,229,342,245,93,181,38,299,91,297,193,48,45,221,123,106,30,313,103,227,99,217,43,180,208,77,194,42,114,133,340,263,115,268,238,338,236,218,271,7,54,82,325,140,253,202,71,67,98,69,4,178,258,182,146,266,50,280,129,321,332,255,214,143,323,327,154,348,291,345,83,39,324,226,139,301,163,95,160,272,347,152,23,78,12,144,312,187,351,287,56,239,26,198,343,219,149,277,307,322,22,276,233,281,275,25,17,107,346,223,15,171,120,254,334,131,167,316,138,128,333,34,130,9,58,104,110,51",20100,200
10,4,94475.70352354232,9.684273198970082,"306,172,94,189,84,252,282,97,246,157,220,18,153,19,259,2,10,156,197,251,40,243,190,147,319,100,344,183,296,121,127,205,320,68,74,274,109,49,232,169,279,36,303,240,113,170,21,24,176,206,145,261,118,29,224,13,31,59,237,331,350,33,119,41,112,210,209,273,73,201,300,293,295,286,175,85,11,81,65,211,26,278,44,235,225,260,32,270,222,168,298,317,70,204,63,177,66,5,6,200,165,244,46,184,62,192,231,326,111,158,80,116,125,309,72,124,3,67,134,117,136,35,315,76,102,166,230,248,314,155,213,92,23,60,199,216,308,284,294,304,196,207,61,47,250,8,349,329,142,174,292,37,305,28,88,285,289,132,20,14,247,195,162,339,126,141,122,186,341,212,96,328,269,79,161,150,264,241,228,101,310,137,135,311,330,53,173,249,188,151,302,148,86,242,337,335,288,164,27,336,185,256,89,290,283,75,342,229,203,179,90,234,55,16,267,257,64,52,108,265,105,191,57,159,215,245,93,181,38,299,91,297,193,48,45,221,123,106,30,313,103,227,99,217,43,180,208,77,194,42,114,133,340,263,115,268,238,338,236,54,271,7,218,82,325,140,253,202,71,318,98,69,4,178,258,182,146,266,50,280,129,321,332,255,214,143,323,327,154,348,291,345,83,39,324,226,139,301,163,95,160,272,347,152,87,78,12,144,312,187,351,287,56,239,262,198,343,219,149,277,307,322,22,276,233,281,275,25,17,107,346,223,15,171,120,254,334,131,167,316,138,128,333,34,130,9,58,104,110,51",20100,200
10,5,89463.61817746332,11.293673102856971,"306,172,94,189,84,252,282,97,246,157,220,18,153,19,259,2,10,156,197,251,40,243,190,147,319,100,344,183,296,121,127,205,320,68,74,274,109,49,232,169,279,36,303,240,113,192,62,231,326,111,158,80,116,125,309,72,124,3,237,134,117,92,119,41,112,210,166,230,248,314,155,213,136,286,175,85,11,81,65,211,87,295,293,300,201,73,273,209,102,76,315,35,278,350,331,70,204,63,177,66,5,6,200,145,170,21,24,176,206,184,46,244,165,261,118,29,224,13,31,59,318,317,298,168,222,270,32,260,225,235,44,33,262,60,199,216,308,284,294,304,196,207,61,47,250,8,349,329,142,174,292,305,37,28,88,285,289,132,20,14,247,195,162,339,126,141,122,186,341,212,96,328,269,79,161,150,264,241,228,101,310,137,135,311,330,53,173,249,188,151,302,148,86,242,337,335,288,164,27,336,185,256,89,290,283,75,215,159,57,191,105,265,55,16,267,257,64,52,108,234,90,179,203,229,342,245,93,181,38,299,91,297,193,48,45,221,123,106,30,313,103,227,99,217,43,180,208,77,194,42,114,133,340,263,115,268,238,338,236,218,271,7,54,82,325,140,253,202,71,67,98,69,4,178,258,182,146,266,50,280,129,321,332,255,214,143,323,327,154,23,152,347,272,160,95,163,301,139,226,324,39,83,345,291,348,78,12,144,312,187,351,287,56,239,26,198,343,219,149,277,307,322,22,276,233,281,275,25,17,107,346,223,15,171,120,254,334,131,167,316,138,128,333,34,130,9,58,104,110,51",20100,200
10,6,89177.66020740094,12.018810842132298,"306,172,94,189,84,252,282,97,246,157,220,18,153,19,259,2,10,156,197,251,40,243,190,147,319,100,344,183,296,121,127,205,320,68,74,274,109,49,232,169,279,36,303,240,113,192,62,231,326,111,158,80,116,125,309,72,124,3,237,134,117,92,119,41,112,210,166,230,248,314,155,213,136,286,175,85,11,81,65,211,87,295,293,300,201,73,273,209,102,76,315,35,278,350,331,70,204,63,177,66,5,6,200,165,244,46,184,61,207,196,304,294,284,308,216,199,60,262,33,44,235,225,260,32,270,222,168,298,317,318,59,31,13,224,29,118,261,145,170,21,24,176,206,47,250,8,349,329,142,174,292,37,305,28,88,285,289,132,20,14,247,195,162,339,126,141,122,186,341,212,96,328,269,79,161,150,264,241,228,101,310,137,135,311,263,340,133,114,42,194,77,208,180,43,217,99,227,103,313,30,106,123,221,45,48,193,297,91,299,38,181,93,245,342,229,203,179,90,234,55,16,267,257,64,52,108,265,105,191,57,159,215,75,283,290,89,256,185,336,27,164,288,335,337,242,86,148,302,151,188,249,173,53,330,115,268,238,338,236,218,271,7,54,82,325,140,253,202,71,67,98,69,4,178,258,182,146,266,50,280,129,321,332,255,214,143,323,327,154,23,152,347,272,160,95,163,301,139,226,324,39,83,345,291,348,78,12,144,312,187,351,287,56,239,26,198,343,219,149,277,307,322,22,276,233,281,275,25,17,107,346,223,15,171,120,254,334,131,167,316,138,128,333,34,130,9,58,104,110,51",20100,200
10,7,90194.59215980757,10.436857981938212,"306,172,94,189,84,252,282,97,246,157,220,18,153,19,259,2,10,156,197,251,40,243,190,147,319,100,344,183,296,121,127,205,320,68,74,274,109,49,232,169,279,36,303,240,113,192,62,231,326,111,158,80,116,125,309,72,124,3,237,134,117,92,119,41,112,210,166,230,248,314,213,155,136,286,175,85,11,81,65,211,87,295,293,300,201,73,273,209,102,76,315,35,278,350,331,70,204,63,177,66,5,6,200,165,244,46,184,206,176,24,21,170,284,308,216,199,60,13,31,59,318,317,298,168,222,270,32,260,225,235,44,33,262,224,29,118,261,145,294,304,196,207,61,47,250,8,349,329,142,174,292,305,37,28,88,285,289,132,20,14,247,195,162,339,126,141,122,186,341,212,96,328,269,79,161,150,264,241,228,101,310,137,135,311,330,53,173,249,188,151,302,148,86,242,337,335,288,164,27,336,185,256,89,290,283,75,342,229,203,179,90,234,55,16,267,257,64,52,108,265,105,191,57,159,215,245,93,181,38,299,91,297,193,48,45,221,123,106,30,313,103,227,99,217,43,180,208,77,194,42,114,133,340,263,115,268,238,338,236,218,7,271,54,82,325,140,253,202,71,67,98,69,4,178,258,182,146,266,50,280,129,321,332,255,214,143,323,327,154,23,152,347,272,160,95,163,301,139,226,324,39,83,345,291,348,78,12,144,312,187,351,287,56,239,26,198,343,219,149,277,307,322,22,276,233,281,275,25,17,107,346,223,15,171,120,254,334,131,167,316,138,128,333,34,130,9,58,104,110,51",20100,200
10,8,89822.3436611818,10.622276895275762,"306,172,94,189,84,252,282,97,246,157,220,18,153,19,259,2,10,156,197,251,40,243,190,147,319,100,344,183,296,121,127,205,320,68,74,274,109,49,232,169,279,36,303,240,113,62,192,231,326,111,158,80,116,125,309,72,124,3,237,134,117,92,119,41,112,210,166,230,248,314,155,213,136,286,175,85,11,81,65,211,87,295,293,300,201,73,273,209,102,76,315,35,278,350,331,70,204,63,177,66,5,6,200,165,244,46,184,206,176,24,21,170,284,308,216,199,60,262,33,44,235,225,260,32,270,222,168,298,317,318,59,31,13,224,29,118,261,145,294,304,196,207,61,47,250,8,349,329,142,174,292,305,37,28,88,285,289,132,20,14,247,195,162,339,126,141,122,186,341,212,96,328,269,79,161,150,264,241,228,101,310,137,135,311,330,53,173,249,188,151,302,148,86,242,337,335,288,164,27,336,185,256,89,290,283,75,215,159,57,191,105,265,55,16,267,257,64,52,108,234,90,179,203,229,342,245,93,181,38,299,91,297,193,48,45,221,123,106,30,313,103,227,99,217,43,180,208,77,194,42,114,133,340,263,115,268,238,338,236,218,271,7,54,82,325,140,253,202,71,67,98,69,4,178,258,182,146,266,50,280,129,321,332,255,214,143,323,327,154,23,152,347,272,160,95,163,301,139,226,324,39,83,345,291,348,78,12,144,312,187,351,287,56,239,26,198,343,219,149,277,307,322,22,276,233,281,275,25,17,107,346,223,15,171,120,254,334,131,167,316,138,128,333,34,130,9,58,104,110,51",20100,200
10,9,89276.66456016836,11.837165231829095,"306,172,94,189,84,252,282,97,246,157,220,18,153,19,259,2,10,156,197,251,40,243,190,147,319,100,344,183,296,121,127,205,320,68,74,274,109,49,232,169,279,36,303,240,113,62,192,231,326,111,158,80,116,125,309,72,124,3,237,134,117,92,119,41,112,210,166,230,248,314,155,213,136,286,175,85,11,81,65,211,87,295,293,300,201,73,273,209,102,76,315,35,278,350,331,70,204,63,177,66,5,6,200,165,244,46,184,61,207,196,304,294,284,308,216,199,60,262,33,44,235,225,260,32,270,222,168,298,317,318,59,31,13,224,29,118,261,145,170,21,24,176,206,47,250,8,349,329,142,174,292,305,37,28,88,285,289,132,20,14,247,195,162,339,126,141,122,186,341,212,96,328,269,79,161,150,264,241,228,101,310,137,135,311,330,53,173,249,188,151,302,148,86,242,337,335,288,164,27,336,185,256,89,290,283,75,215,159,57,191,105,265,108,52,64,257,267,16,55,234,90,179,203,229,342,245,93,181,38,299,91,297,193,48,45,221,123,106,30,313,103,227,99,217,43,180,208,77,194,42,69,98,67,71,202,253,140,325,82,54,7,271,218,236,338,238,268,115,263,340,133,114,4,178,258,182,146,266,50,280,129,321,332,255,214,143,323,327,154,23,152,347,272,160,95,163,301,139,226,324,39,83,345,291,348,78,12,144,312,187,351,287,56,239,26,198,343,219,149,277,307,322,22,276,233,281,275,25,17,107,346,223,15,171,120,254,334,131,167,316,138,128,333,34,130,9,58,104,110,51",20100,200
10,10,91174.34481940829,10.126551839308137,"306,172,94,189,84,252,282,97,246,157,220,18,153,19,259,2,10,156,197,251,40,243,190,147,319,100,344,183,296,121,127,205,320,68,74,274,109,49,232,169,279,36,303,240,113,62,192,231,326,111,158,80,116,125,309,72,124,3,237,134,117,92,119,41,112,210,166,230,248,314,155,213,136,286,175,85,11,81,65,211,87,295,293,300,201,73,273,209,102,76,315,35,278,350,331,70,204,63,13,224,29,118,261,145,170,21,24,176,206,184,46,244,165,200,6,5,66,177,31,59,318,317,298,168,222,270,32,260,225,235,44,33,23,60,199,216,308,284,294,304,196,207,61,47,250,8,349,329,142,174,292,305,37,28,88,285,289,132,20,14,247,195,162,339,126,141,122,186,341,212,96,328,269,79,161,150,264,241,228,101,310,137,135,311,330,53,173,249,188,151,302,148,86,242,337,335,288,164,27,336,185,256,89,290,283,75,215,159,57,191,105,265,108,52,64,257,267,16,55,234,90,179,203,229,342,245,93,181,38,299,91,297,193,48,45,221,123,106,30,313,103,227,99,217,43,180,208,77,194,42,114,133,340,263,115,268,238,338,236,218,271,7,54,82,325,140,253,202,71,67,98,69,4,178,258,182,146,266,50,280,129,321,332,255,214,143,323,327,154,348,291,345,83,39,324,226,139,301,163,95,160,272,347,152,26,78,12,277,312,187,351,239,56,144,262,198,343,219,149,287,307,322,22,276,233,281,275,25,17,107,346,223,15,171,120,254,334,131,167,316,138,128,333,34,130,9,58,104,110,51",20100,200
10,11,92012.90814780614,9.816138546481444,"306,172,94,189,84,252,282,97,246,157,220,18,153,19,259,2,10,156,197,251,40,243,190,147,319,100,303,36,279,169,232,49,109,274,74,68,320,205,127,121,296,183,344,240,113,192,62,231,326,111,158,80,116,125,309,72,124,3,237,134,117,92,119,41,112,210,166,230,248,314,213,155,136,286,175,85,11,81,65,211,87,295,293,300,201,73,273,209,102,76,315,35,278,350,331,70,204,63,13,224,29,118,261,145,170,21,24,176,206,184,46,244,165,200,6,5,66,177,31,59,67,317,298,168,222,270,32,260,225,235,44,33,23,60,199,216,308,284,294,304,196,207,61,47,250,8,349,329,142,174,292,305,37,28,88,285,289,132,20,14,247,195,162,339,126,141,122,186,341,212,96,328,269,79,161,150,264,241,228,101,310,137,135,311,330,53,173,249,188,151,302,148,86,242,337,335,288,164,27,336,185,256,89,290,283,75,215,159,57,191,105,265,108,52,64,257,267,16,55,234,90,179,203,229,342,245,93,181,38,299,91,297,193,48,45,221,123,106,30,313,103,227,99,217,43,180,208,77,194,42,114,133,340,263,115,268,238,338,236,54,271,7,218,82,325,140,253,202,71,318,98,69,4,178,258,182,146,266,50,280,129,321,332,255,214,143,323,327,154,348,291,345,83,39,324,226,139,301,163,95,160,272,347,152,26,78,12,277,312,187,351,239,56,144,262,198,343,219,149,287,307,322,22,276,233,281,275,25,17,107,346,223,15,171,120,254,334,131,167,316,138,128,333,34,130,9,58,104,110,51",20100,200
10,12,93442.02819473349,9.801574448934444,"306,172,94,189,84,252,282,97,246,157,220,18,153,19,259,2,10,156,197,251,40,243,190,147,319,100,344,183,296,121,127,205,320,68,74,274,109,49,232,169,279,36,303,240,113,170,21,24,176,206,145,261,118,29,224,13,31,59,237,331,350,33,119,41,112,210,209,273,73,201,300,293,295,286,175,85,11,81,65,211,26,278,44,235,225,260,32,270,222,168,298,317,70,204,63,177,66,5,6,200,165,244,46,184,62,192,231,326,111,158,80,116,125,309,72,124,3,318,134,117,136,35,315,76,102,166,230,248,314,155,213,92,23,60,199,216,308,284,294,304,196,207,61,47,250,8,349,329,142,174,292,37,305,28,88,285,289,132,20,14,247,195,162,339,126,141,122,186,341,212,96,328,269,79,161,150,264,241,228,101,310,137,135,311,330,53,173,249,188,151,302,148,86,242,337,335,288,164,27,336,185,256,89,290,283,75,342,229,203,179,90,234,55,16,267,257,64,52,108,265,105,191,57,159,215,245,93,181,38,299,91,297,193,48,45,221,123,106,30,313,103,227,99,217,43,180,208,77,194,42,114,133,340,263,115,268,238,338,236,54,271,7,218,82,325,140,253,202,71,67,98,69,4,178,258,182,146,266,50,280,129,321,332,255,214,143,323,327,154,348,291,345,83,39,324,226,301,139,163,95,160,272,347,152,87,78,12,144,312,187,351,287,56,239,262,198,343,219,149,277,307,322,22,276,233,281,275,25,17,107,346,223,15,171,120,254,334,131,167,316,138,128,333,34,130,9,58,104,110,51",20100,200
11,0,91478.97709742069,21.89969266153183,"111,227,294,138,277,301,309,16,49,156,195,133,270,235,205,148,323,260,312,186,26,93,302,265,281,218,23,229,219,30,24,248,262,348,162,100,282,151,192,244,90,306,194,259,55,217,126,121,264,273,221,339,71,283,261,321,69,212,180,28,286,190,76,254,73,139,9,52,197,284,63,278,78,119,238,169,13,54,191,315,220,8,287,276,215,153,230,298,246,112,94,142,117,31,51,44,203,146,85,39,241,159,120,125,304,11,60,157,181,106,36,214,6,324,58,275,258,341,234,56,346,289,216,249,116,123,204,211,251,79,314,17,167,174,114,34,240,145,25,161,136,172,128,333,99,336,332,80,113,329,232,233,257,41,189,18,37,334,33,279,295,77,252,15,226,176,185,207,280,331,256,59,101,105,47,10,347,72,183,92,134,325,330,222,255,296,268,338,124,198,291,95,165,179,285,202,118,193,127,149,12,74,293,213,57,344,310,345,225,154,160,98,135,64,299,108,48,29,335,200,20,342,166,303,313,269,38,288,130,84,250,4,152,236,168,107,317,320,173,75,147,208,307,247,177,137,131,82,132,182,199,223,104,81,184,163,318,70,326,50,164,201,22,187,115,239,290,196,27,210,178,311,40,271,88,67,242,66,19,62,337,68,327,103,129,237,175,150,61,87,43,53,263,97,308,141,224,170,35,45,86,143,351,231,253,158,21,340,122,319,322,274,65,272,267,102,83,292,316,349,14,109,350,245,266,91,228,209,5,3,96,328,243,144,300,46,188,140,171,206,155,2,343,89,7,305,42,110,297,32",20100,200
11,1,93825.1193600935,15.936393308801303,"111,227,294,55,259,194,306,90,244,192,151,302,157,162,348,262,248,24,161,219,229,23,218,281,265,214,93,26,186,312,260,323,148,205,235,270,133,195,156,49,16,309,301,277,138,217,126,121,264,273,221,339,71,283,261,321,69,212,180,28,286,190,76,254,73,139,9,52,197,284,63,278,78,119,238,169,13,196,89,343,276,228,60,233,215,153,230,298,246,112,94,142,117,211,51,44,203,181,11,220,241,34,114,174,167,17,314,79,251,31,100,282,6,324,58,275,258,341,234,56,346,289,216,249,116,123,204,106,36,30,97,8,304,287,120,159,240,39,85,146,136,172,128,333,347,10,47,80,113,329,315,125,279,336,257,145,37,232,191,54,25,332,105,101,59,256,331,280,207,185,176,226,15,252,77,295,99,72,183,92,134,325,330,222,255,296,268,338,124,198,291,95,165,103,84,130,288,38,269,313,303,166,342,20,200,344,310,345,225,154,160,98,135,64,299,108,48,29,129,147,208,307,247,43,87,61,292,316,349,22,109,327,68,337,62,19,66,242,67,223,104,81,184,163,177,137,131,82,132,182,199,14,271,40,311,178,187,115,239,50,164,201,88,318,70,326,290,2,27,210,237,175,150,350,102,266,91,155,206,4,152,236,168,75,317,320,173,245,57,250,170,53,263,209,308,141,224,328,35,45,86,143,351,231,253,158,21,340,122,319,322,274,65,272,267,335,83,213,293,74,12,149,127,193,118,202,285,179,5,3,96,107,243,144,300,46,188,140,171,18,41,189,334,33,7,305,42,110,297,32",20100,200
11,2,93849.99668491064,15.889627421679329,"111,227,294,55,259,194,306,90,244,192,151,302,161,162,348,260,312,186,26,93,214,265,281,218,23,229,219,157,24,248,262,323,148,205,235,270,133,195,156,49,16,309,301,277,138,217,126,121,264,273,221,339,71,283,261,321,69,212,180,28,286,190,76,254,73,139,9,52,197,284,63,278,78,119,238,169,13,196,89,343,276,228,60,233,215,153,230,298,246,112,94,142,117,211,51,44,203,181,11,220,241,34,114,174,167,17,314,79,251,31,100,282,6,324,58,275,258,341,234,56,346,289,216,249,116,123,204,106,36,30,97,8,304,287,120,159,240,39,85,146,136,172,128,333,347,10,47,80,113,329,315,125,279,336,257,145,37,232,191,54,25,332,105,101,59,256,331,280,207,185,176,226,15,252,77,295,99,72,183,92,134,325,330,222,255,296,268,338,124,198,291,95,165,103,84,130,288,38,269,313,303,166,342,20,200,344,310,345,225,154,160,98,135,64,299,108,48,29,129,147,208,307,247,43,87,61,292,316,349,22,109,327,68,337,62,19,66,242,67,223,104,81,184,163,177,137,131,82,132,182,199,14,271,40,311,178,187,115,239,50,164,201,88,318,70,326,290,2,27,210,237,175,150,350,102,266,91,155,206,4,152,236,168,75,317,320,173,245,57,250,170,53,263,209,308,141,224,328,35,45,86,143,351,231,253,158,21,340,122,319,322,274,65,272,267,335,83,213,293,74,12,149,127,193,118,202,285,179,5,3,96,107,243,144,300,46,188,140,171,41,18,189,334,33,7,305,42,110,297,32",20100,200
11,3,101140.11653867431,12.807155914971345,"111,227,294,55,259,194,306,90,244,123,216,214,217,162,24,262,248,348,212,69,321,261,283,71,339,221,273,264,121,126,100,138,277,301,309,16,49,156,195,133,270,235,205,148,323,260,312,5,26,93,302,265,245,218,23,56,219,186,229,28,286,190,76,254,73,139,9,52,197,284,63,278,78,167,238,169,336,341,191,315,145,31,314,196,257,233,232,234,39,114,328,151,141,308,209,263,34,203,87,61,292,174,349,22,282,99,68,199,181,311,45,143,110,7,224,325,202,134,226,160,258,53,119,338,275,109,157,106,36,329,287,316,304,29,43,206,274,327,11,177,103,44,51,211,117,142,94,112,246,59,101,105,332,25,54,89,343,276,228,60,113,215,153,230,298,256,331,280,207,185,176,30,15,252,77,295,279,33,334,37,18,189,41,140,188,46,300,144,107,198,291,281,165,136,84,130,288,38,269,313,303,166,342,20,200,335,173,320,317,75,168,236,3,146,179,285,346,118,193,159,240,6,85,4,58,57,95,310,345,225,154,220,98,135,64,299,108,48,79,129,147,208,307,247,14,271,40,96,178,210,27,2,290,239,115,187,161,182,132,50,164,201,88,318,70,326,82,131,137,124,163,184,81,104,223,67,242,66,19,62,337,80,155,91,266,102,350,150,175,237,170,250,172,128,333,347,10,47,35,17,86,192,351,231,253,158,21,340,122,319,322,241,65,272,267,344,83,213,293,74,12,149,127,120,125,171,13,97,324,289,8,204,243,152,268,296,255,222,330,249,180,92,183,72,251,305,42,116,297,32",20100,200
11,4,93394.63005985762,16.009191518879266,"111,227,294,55,259,194,306,90,244,192,151,214,157,162,348,262,248,24,161,219,180,23,218,281,265,302,93,26,186,312,260,323,148,205,235,270,133,195,156,49,16,309,301,277,138,217,126,121,264,273,221,339,71,283,261,321,69,212,229,28,286,190,76,254,73,139,9,52,197,284,63,278,78,119,238,169,13,54,89,343,276,228,60,233,215,153,230,298,246,112,94,142,117,211,51,44,203,181,11,220,241,34,114,174,167,17,314,79,251,31,100,282,6,324,58,275,258,341,234,56,346,289,216,249,116,123,204,106,36,30,97,8,304,287,120,159,240,39,85,146,136,172,128,333,347,10,47,80,113,329,315,125,279,295,257,145,37,232,191,196,25,332,105,101,59,256,331,280,207,185,176,226,15,252,77,336,99,72,183,92,134,325,330,222,255,296,268,338,124,198,291,95,165,103,84,130,288,38,269,313,303,166,342,20,200,344,310,345,225,154,160,98,135,64,299,108,48,29,129,147,208,307,247,43,87,61,292,316,349,22,109,327,68,337,62,19,66,242,67,223,104,81,184,163,177,137,131,82,132,182,199,14,271,40,311,178,187,115,239,50,164,201,88,318,70,326,290,2,27,210,237,175,150,350,102,266,91,155,206,4,152,236,168,75,317,320,173,245,57,250,170,53,263,209,308,141,224,328,35,45,86,143,351,231,253,158,21,340,122,319,322,274,65,272,267,335,83,213,293,74,12,149,127,193,118,202,285,179,5,3,96,107,243,144,300,46,188,140,171,41,18,189,334,33,7,305,42,110,297,32",20100,200
11,5,94101.43555975126,15.432260955687434,"111,227,294,55,259,194,306,90,244,192,151,302,157,162,348,262,248,24,161,219,229,23,218,281,265,214,93,26,186,312,260,323,148,205,235,270,133,195,156,49,16,309,301,277,138,217,126,121,264,273,221,339,71,283,261,321,69,212,180,28,286,190,76,254,73,139,9,52,197,284,63,278,78,119,238,169,13,54,89,343,276,228,60,113,215,153,230,298,246,112,94,142,117,211,51,44,203,181,11,220,241,34,114,174,167,17,314,79,251,31,100,282,6,324,58,275,258,341,234,56,346,289,216,249,116,123,204,106,36,30,97,8,304,287,120,159,240,39,85,146,136,172,128,333,347,10,47,80,233,329,315,125,279,295,257,145,37,232,191,196,25,332,105,101,59,256,331,280,207,185,176,226,15,252,77,336,99,72,183,92,134,325,330,222,255,296,268,338,124,198,291,95,165,103,84,130,288,38,269,313,303,166,342,20,200,344,310,345,225,154,160,98,208,147,129,29,48,108,299,64,135,307,247,43,87,61,292,316,349,22,109,327,68,337,62,19,66,242,67,223,104,81,184,163,177,137,131,82,132,182,199,14,271,40,311,178,187,115,239,50,164,201,88,318,70,326,290,2,27,210,237,175,150,350,102,266,91,155,206,4,152,236,168,75,317,320,173,245,57,250,170,53,263,209,308,141,224,328,35,45,86,143,351,231,253,158,21,340,122,319,322,274,65,272,267,335,83,213,293,74,12,149,127,193,118,202,285,179,5,3,96,107,243,144,300,46,188,140,171,18,41,189,334,33,7,305,42,110,297,32",20100,200
11,6,102232.75745780705,12.26976169916087,"111,227,294,55,259,194,306,90,244,192,216,154,157,162,24,262,248,348,186,219,56,23,218,245,265,302,93,26,5,312,260,323,148,205,235,270,133,195,156,49,16,309,301,277,138,100,126,121,264,282,221,339,71,283,261,321,69,212,229,28,141,151,328,254,73,139,9,52,258,284,63,278,78,167,238,341,336,169,191,315,145,31,314,196,257,233,232,329,304,206,234,190,286,308,209,263,34,43,87,61,292,174,349,22,109,327,68,199,177,311,45,143,110,7,224,36,202,134,226,99,197,114,203,76,39,273,217,8,325,29,287,338,275,316,119,53,274,160,11,181,103,44,51,211,117,142,94,112,246,59,101,105,332,25,54,89,343,276,228,60,113,215,153,230,298,256,331,280,207,185,176,30,15,252,77,295,279,33,334,37,18,189,41,140,188,46,300,144,107,198,291,281,165,136,84,130,288,38,269,313,303,166,342,20,200,335,173,320,317,75,168,236,3,146,179,285,346,118,193,159,240,6,85,4,58,57,95,310,345,225,214,220,98,135,64,299,108,48,79,129,147,208,307,247,14,271,40,96,178,210,27,2,290,239,115,187,161,182,132,50,164,201,88,318,70,326,82,131,137,124,163,184,81,104,223,67,242,66,150,350,102,266,91,155,80,337,62,19,175,237,170,250,172,128,333,347,10,47,35,17,86,123,351,231,253,158,21,340,122,319,322,241,65,272,267,344,83,213,293,74,12,149,127,120,171,125,13,97,324,289,106,204,243,152,268,296,255,222,330,249,180,92,183,72,251,305,42,116,297,32",20100,200
11,7,94241.40050808126,14.954699940067607,"111,227,294,55,259,194,306,90,244,192,151,302,157,162,348,262,248,24,161,219,229,23,218,281,265,214,93,26,186,312,260,323,148,205,235,270,133,195,156,49,16,309,301,277,138,217,126,121,264,273,221,339,71,283,261,321,69,212,180,28,286,190,76,254,73,139,9,52,197,284,63,278,78,119,238,169,13,54,89,343,276,228,60,113,215,153,230,298,246,112,94,142,117,211,51,44,203,181,11,220,241,34,114,174,204,123,116,249,216,289,346,56,234,341,258,275,58,324,6,282,100,31,251,79,314,17,167,106,36,30,97,8,304,287,120,159,240,39,85,146,136,172,128,333,347,10,47,80,233,329,315,125,279,295,257,145,37,232,191,196,25,332,105,101,59,256,331,280,207,185,176,226,15,252,77,336,99,72,183,92,134,325,330,222,255,296,268,338,124,198,291,95,165,103,84,130,288,38,269,313,303,166,342,20,200,344,310,345,225,154,160,98,208,147,129,29,48,108,299,64,135,307,247,43,87,61,292,316,349,22,109,327,68,337,62,19,66,242,67,223,104,81,184,163,177,137,131,82,132,182,199,14,271,40,311,178,187,115,239,50,164,201,88,318,70,326,290,2,27,210,237,175,150,350,102,266,91,155,206,4,152,236,168,75,317,320,173,245,57,250,170,53,263,209,308,141,224,328,35,45,86,143,351,231,253,158,21,340,122,319,322,274,65,272,267,335,83,213,293,74,12,149,127,193,118,202,285,179,5,3,96,107,243,144,300,46,188,140,171,18,41,189,334,33,7,305,42,110,297,32",20100,200
11,8,93120.45049472849,16.754486495841004,"111,227,294,55,259,194,306,90,216,192,151,282,204,162,348,262,248,24,161,219,229,23,218,281,265,123,93,26,186,312,260,323,148,205,235,270,133,195,156,49,16,309,301,277,138,217,126,121,264,273,221,339,71,283,261,321,69,212,56,28,286,190,76,254,73,139,9,52,197,284,63,278,78,119,238,169,8,54,89,343,276,228,60,113,215,153,230,298,246,112,94,142,117,31,51,44,203,100,85,39,240,34,114,174,167,17,314,79,181,211,251,302,6,324,58,275,258,341,234,180,346,289,244,249,116,214,157,106,36,30,287,13,304,97,120,159,241,220,11,146,136,172,128,333,347,10,47,80,233,329,315,125,279,295,257,145,37,232,191,196,25,332,105,101,59,256,331,280,207,185,176,226,15,252,77,336,99,72,183,92,134,325,330,222,255,296,268,338,124,198,291,95,165,103,84,130,288,38,269,313,303,166,342,20,200,344,310,345,225,154,160,98,208,147,129,29,48,108,299,64,135,307,247,43,87,61,292,316,349,22,109,327,68,337,62,19,66,242,67,223,104,81,184,163,177,137,131,82,132,182,199,14,271,40,311,178,187,115,239,50,164,201,88,318,70,326,290,2,27,210,237,175,150,350,102,266,91,155,206,4,152,236,168,75,317,320,173,245,57,250,170,53,263,209,308,141,224,328,35,45,86,143,351,231,253,158,21,340,122,319,322,274,65,272,267,335,83,213,293,74,12,149,127,193,118,202,285,179,5,3,96,107,243,144,300,46,188,140,171,18,41,189,334,33,7,305,42,110,297,32",20100,200
11,9,91509.44124183906,18.072625555892664,"111,227,294,301,309,16,49,156,195,133,270,235,205,148,323,260,312,186,26,93,123,265,281,218,23,229,219,204,24,248,262,348,162,161,282,151,192,216,90,306,194,259,55,277,138,217,126,121,264,273,221,339,71,283,261,321,69,212,56,28,286,190,76,254,73,139,9,52,197,284,63,278,78,119,238,169,8,54,89,343,276,228,60,113,215,153,230,298,246,112,94,142,117,31,51,44,203,100,85,39,240,34,114,174,167,17,314,79,181,211,251,302,6,324,58,275,258,341,234,180,346,289,244,249,116,214,157,106,36,30,287,13,304,125,120,159,241,220,11,146,136,172,128,333,347,10,47,80,233,329,315,97,279,295,257,145,37,232,191,196,25,332,105,101,59,256,331,280,207,185,176,226,15,252,77,336,99,72,183,92,134,325,330,222,255,296,268,338,124,198,291,95,165,103,84,130,288,38,269,313,303,166,342,20,200,344,310,345,225,154,160,98,135,64,299,108,48,29,129,147,208,307,247,43,87,61,292,316,349,22,109,327,68,337,62,19,66,242,67,223,104,81,184,163,177,137,131,82,132,182,199,14,271,40,311,178,187,115,239,50,164,201,88,318,70,326,290,2,27,210,237,175,150,350,102,266,91,155,206,4,152,236,168,75,317,320,173,245,57,250,170,53,263,209,308,141,224,328,35,45,86,143,351,231,253,158,21,340,122,319,322,274,65,272,267,335,83,213,293,74,12,149,127,193,118,202,285,179,5,3,96,107,243,144,300,46,188,140,171,41,18,189,334,33,7,305,42,110,297,32",20100,200
11,10,101701.75152504073,12.374105249496772,"111,227,294,55,259,194,306,90,244,192,216,154,157,162,24,262,248,348,186,219,56,23,218,245,265,302,93,26,5,312,260,323,148,205,235,270,133,195,156,49,16,309,301,277,138,100,126,121,264,282,221,339,71,283,261,321,69,212,229,28,141,151,328,254,73,139,9,52,258,284,63,278,78,167,238,341,336,169,191,315,145,31,314,196,257,233,232,329,304,206,234,190,286,308,209,263,34,43,87,61,292,174,349,22,109,327,68,199,177,311,45,143,110,7,224,36,202,134,30,99,197,114,103,76,39,273,217,8,325,29,287,338,275,316,119,53,274,160,11,181,203,44,51,211,117,142,94,112,246,59,101,105,332,25,54,89,343,276,228,60,113,215,153,230,298,256,331,280,207,185,176,226,15,252,77,295,279,33,334,37,18,189,41,140,188,46,300,144,152,198,291,281,165,136,84,130,288,38,269,313,303,166,342,20,200,335,173,320,317,75,168,236,3,146,179,285,346,118,193,159,240,6,85,4,58,57,95,310,345,225,214,220,98,135,64,299,108,48,79,129,147,208,307,247,14,271,40,96,178,210,27,2,290,239,115,187,161,182,132,50,164,201,88,318,70,326,82,131,137,124,163,184,81,104,223,67,242,66,19,62,337,80,155,91,266,102,350,150,175,237,170,250,172,128,333,347,10,47,35,17,86,123,351,231,253,158,21,340,122,319,322,241,65,272,267,344,83,213,293,74,12,149,127,120,171,125,13,97,324,289,106,204,243,107,255,92,268,222,72,330,180,116,251,183,296,305,42,249,297,32",20100,200
11,11,97735.86092936076,13.456257342887158,"111,227,294,55,259,194,306,90,216,143,151,192,116,162,348,262,248,24,100,219,229,23,218,292,265,186,26,93,282,312,260,323,148,205,235,270,133,195,156,49,16,309,301,277,138,217,126,121,264,273,221,339,71,283,261,321,69,212,56,28,286,190,76,254,73,139,9,52,197,284,63,278,78,119,238,169,45,325,191,315,145,8,314,183,257,233,232,226,336,68,328,224,141,31,209,263,203,154,53,39,245,34,114,174,167,330,99,204,181,308,251,302,61,5,87,275,258,341,234,180,349,244,152,249,22,109,157,106,36,329,287,316,304,29,43,206,274,327,11,177,103,44,51,211,117,142,94,112,246,59,101,105,332,25,54,89,343,276,228,60,113,215,153,230,298,256,331,280,207,185,176,30,15,252,77,295,279,33,334,37,18,189,41,140,188,46,300,144,107,198,291,281,165,136,84,130,288,38,269,313,303,166,342,20,200,335,173,320,317,75,168,236,3,146,179,285,346,118,193,159,240,6,85,4,58,57,95,310,345,225,214,220,98,135,64,299,108,48,79,129,147,208,307,247,14,271,40,96,178,210,27,2,290,239,115,187,161,182,132,50,164,201,88,318,70,326,82,131,137,124,163,184,81,104,223,67,242,66,150,350,102,266,91,155,80,337,62,19,175,237,170,250,172,128,333,347,10,47,35,17,86,123,351,231,253,158,21,340,122,319,322,241,65,272,267,344,83,213,293,74,12,149,127,120,171,125,13,97,324,289,199,311,243,338,268,296,255,222,202,160,72,196,92,134,7,305,42,110,297,32",20100,200
11,12,91223.3749645288,23.194150807753385,"111,227,294,301,309,16,49,156,195,133,270,235,205,148,323,38,269,313,303,166,342,20,200,344,310,345,225,154,160,98,135,64,299,108,48,29,129,147,208,307,247,43,87,61,292,316,349,22,109,327,68,337,62,19,66,242,67,223,104,81,184,163,177,137,131,82,132,182,199,14,271,40,311,178,187,115,239,50,164,201,88,318,70,326,290,2,27,210,237,175,150,350,102,266,91,155,206,4,152,236,168,75,317,320,173,245,57,250,170,53,263,209,308,141,224,328,35,45,86,143,351,231,253,158,21,340,122,319,322,274,65,272,267,335,83,213,293,74,12,149,127,92,183,72,99,336,77,252,15,226,176,185,207,280,331,256,59,101,105,332,25,196,191,232,37,145,257,295,279,97,315,329,233,80,47,10,347,333,128,172,136,146,11,220,241,159,120,125,304,13,287,174,167,17,314,79,181,211,251,302,6,324,58,275,258,341,234,180,346,289,244,249,116,214,157,106,36,30,114,34,240,39,85,100,203,44,51,31,117,142,94,112,246,298,230,153,215,113,60,228,276,343,89,54,8,169,238,119,78,278,63,284,197,52,9,139,73,254,76,190,286,28,56,212,69,321,261,283,71,339,221,273,264,121,126,217,138,277,55,259,194,306,90,216,192,151,282,161,162,348,262,248,24,204,219,229,23,218,281,265,123,93,26,186,312,260,288,130,84,103,165,95,291,198,124,338,268,296,255,222,330,325,134,193,118,202,285,179,5,3,96,107,243,144,300,46,188,140,171,18,41,189,334,33,7,305,42,110,297,32",20100,200
11,13,102426.50391680663,11.646557012672591,"111,227,294,55,259,194,306,90,244,192,216,154,157,162,24,262,248,348,186,219,56,23,218,245,265,302,93,26,5,312,260,323,148,205,235,270,133,195,156,49,16,309,301,277,138,100,126,121,264,282,221,339,71,283,261,321,69,212,229,28,141,151,328,254,73,139,9,52,258,284,63,278,78,167,238,341,336,169,191,315,145,31,314,196,257,233,232,329,304,206,234,190,286,308,209,263,34,43,87,61,292,174,349,22,109,327,68,199,177,311,45,143,110,7,224,36,202,134,30,99,197,114,103,76,39,273,217,8,325,29,287,338,275,316,119,53,274,160,11,181,203,44,51,211,117,142,94,112,246,59,101,105,332,25,54,89,343,276,228,60,113,215,153,230,298,256,331,280,207,185,176,226,15,252,77,295,279,33,334,37,18,189,41,140,188,46,300,144,152,165,281,291,198,136,84,130,288,38,269,313,303,166,342,20,200,335,173,320,317,75,168,236,3,146,179,285,346,118,193,159,240,6,85,4,58,57,95,310,345,225,214,220,98,135,64,299,108,48,79,129,147,208,307,247,14,271,40,96,178,210,27,2,290,239,115,187,161,182,132,50,164,201,88,318,70,326,82,131,137,124,163,184,81,104,223,67,242,66,19,62,337,80,155,91,266,102,350,150,175,237,170,250,172,128,333,347,10,47,35,17,86,123,351,231,253,158,21,340,122,319,322,241,65,272,267,344,83,213,293,74,12,149,127,330,204,289,183,324,120,296,72,107,243,106,255,92,268,222,171,97,180,116,251,13,125,305,42,249,297,32",20100,200
11,14,91423.81508399383,23.159031169633646,"111,227,294,138,277,301,309,16,49,156,195,133,270,235,205,148,323,260,312,186,26,93,302,265,281,218,23,229,219,30,24,248,262,348,162,100,282,151,192,244,90,306,194,259,55,217,126,121,264,273,221,339,71,283,261,321,69,212,180,28,286,190,76,254,73,139,9,52,197,284,63,278,78,119,238,169,13,54,191,315,327,8,287,276,215,153,230,298,246,112,94,142,117,31,51,44,203,62,163,39,241,104,120,125,304,11,60,157,181,106,36,109,184,324,87,275,258,341,234,56,242,289,216,249,116,123,204,211,251,67,314,17,167,174,114,34,81,145,25,161,136,172,128,333,99,336,332,80,113,329,232,233,257,41,189,18,37,334,33,279,295,77,252,15,226,176,185,207,280,331,256,59,101,105,47,10,347,72,183,92,134,325,330,222,255,296,268,338,124,198,291,292,165,103,84,130,288,38,269,313,303,166,342,20,200,344,173,320,317,75,168,236,3,146,179,285,346,118,193,159,240,6,85,4,58,57,95,310,345,225,214,220,98,135,64,299,108,48,79,129,147,208,307,247,14,271,131,82,132,182,199,177,137,40,311,178,187,115,239,50,164,201,88,318,70,326,290,2,27,210,237,175,150,350,102,266,91,155,206,43,152,68,160,154,22,349,316,245,61,250,170,53,263,209,308,141,224,328,35,45,86,143,351,231,253,158,21,340,122,319,322,274,65,272,267,335,83,213,293,74,12,149,127,223,29,202,66,19,5,337,96,107,243,144,300,46,188,140,171,228,97,196,343,89,7,305,42,110,297,32",20100,200
11,15,92140.8743836299,17.627047901997617,"111,227,294,55,259,194,306,90,216,192,270,235,205,148,323,260,312,186,26,93,123,265,281,218,23,229,219,204,24,248,262,348,162,161,282,151,133,195,156,49,16,309,301,277,138,217,126,121,264,273,221,339,71,283,261,321,69,212,56,28,286,190,76,254,73,139,9,52,197,284,63,278,78,119,238,169,8,54,89,343,276,228,60,113,215,153,230,298,246,112,94,142,117,31,51,44,203,100,85,39,240,34,114,174,167,17,314,79,181,211,251,302,6,324,58,275,258,341,234,180,346,289,244,249,116,214,157,106,36,30,287,13,304,125,120,159,241,220,11,146,136,172,128,333,347,10,47,80,233,329,315,97,279,295,257,145,37,232,191,196,25,332,105,101,59,256,331,280,207,185,176,226,15,252,77,336,99,72,183,92,134,325,330,222,255,296,268,338,124,198,291,95,165,103,84,130,288,38,269,313,303,166,342,20,200,344,310,345,225,154,160,98,135,64,299,108,48,29,129,147,208,307,247,43,87,61,292,316,349,22,109,327,68,337,62,19,66,242,67,223,104,81,184,163,177,137,131,82,132,182,199,14,271,40,311,178,187,115,239,50,164,201,88,318,70,326,290,2,27,210,237,175,150,350,102,266,91,155,206,4,152,236,168,75,317,320,173,245,57,250,170,53,263,209,308,141,224,328,35,45,86,143,351,231,253,158,21,340,122,319,322,274,65,272,267,335,83,213,293,74,12,149,127,193,118,202,285,179,5,3,96,107,243,144,300,46,188,140,171,41,18,189,334,33,7,305,42,110,297,32",20100,200
11,16,93313.29167223728,16.135077462350864,"111,227,294,55,259,194,306,90,244,192,151,214,157,162,348,262,248,24,161,219,229,23,218,281,265,302,93,26,186,312,260,323,148,205,235,270,133,195,156,49,16,309,301,277,138,217,126,121,264,273,221,339,71,283,261,321,69,212,180,28,286,190,76,254,73,139,9,52,197,284,63,278,78,119,238,169,13,196,89,343,276,228,60,233,215,153,230,298,246,112,94,142,117,211,51,44,203,181,11,220,241,34,114,174,167,17,314,79,251,31,100,282,6,324,58,275,258,341,234,56,346,289,216,249,116,123,204,106,36,30,97,8,304,287,120,147,208,39,85,146,136,172,128,333,347,10,47,80,113,329,315,125,279,295,257,145,37,232,191,54,25,332,105,101,59,256,331,280,207,185,176,226,15,252,77,336,99,72,183,92,134,325,330,222,255,296,268,338,124,198,291,95,165,103,84,130,288,38,269,313,303,166,342,20,200,344,310,345,225,154,160,98,135,64,299,108,48,29,193,159,240,307,247,43,87,61,292,316,349,22,109,327,68,337,62,19,66,242,67,223,104,81,184,163,177,137,131,82,132,182,199,14,271,40,311,178,187,115,239,50,164,201,88,318,70,326,290,2,27,210,237,175,150,350,102,266,91,155,206,4,152,236,168,75,317,320,173,245,57,250,170,53,263,209,308,141,224,328,35,45,86,143,351,231,253,158,21,340,122,319,322,274,65,272,267,335,83,213,293,74,12,149,127,129,118,202,285,179,5,3,96,107,243,144,300,46,188,140,171,41,18,189,334,33,7,305,42,110,297,32",20100,200
11,17,91173.99380167798,24.449592740599567,"111,227,294,138,277,301,309,16,49,156,195,133,270,235,205,148,323,260,312,186,26,93,302,265,281,218,23,229,219,30,24,248,262,348,162,100,282,151,192,244,90,306,194,259,55,217,126,121,264,273,221,339,71,283,261,321,69,212,180,28,286,190,76,254,73,139,9,52,197,284,63,278,78,119,238,169,13,54,191,315,327,8,287,276,215,153,230,298,246,112,94,142,117,31,51,44,203,62,163,39,241,104,120,125,304,11,60,157,181,106,36,109,184,324,87,275,258,341,234,56,242,289,216,249,116,123,204,211,251,67,314,17,167,174,114,34,81,145,25,161,136,172,128,333,99,336,332,80,113,329,232,233,257,41,189,18,37,334,33,279,295,77,252,15,226,176,185,207,280,331,256,59,101,105,47,10,347,72,183,92,134,325,330,222,255,296,268,338,124,198,291,292,165,103,84,130,288,38,269,313,303,166,342,20,200,344,173,320,22,154,168,236,3,146,179,285,346,118,193,159,240,6,85,4,58,57,95,310,345,225,214,220,98,135,64,299,108,48,79,129,147,208,307,247,14,271,131,82,132,182,199,177,137,40,311,178,187,115,239,50,164,201,88,318,70,326,290,2,27,210,237,175,150,350,102,266,91,155,206,43,152,68,160,75,317,349,316,245,61,250,170,53,263,209,308,141,224,328,35,45,86,143,351,231,253,158,21,340,122,319,322,274,65,272,267,335,83,213,293,74,12,149,127,223,29,202,66,19,5,337,96,107,243,144,300,46,188,140,171,228,97,196,343,89,7,305,42,110,297,32",20100,200
12,0,101683.51674531691,12.217255742124772,"188,318,323,348,351,195,82,333,73,118,229,285,158,327,62,96,307,336,111,93,171,293,264,277,28,17,81,94,272,219,211,147,79,12,52,321,10,308,2,325,80,258,301,268,330,230,88,274,238,162,83,249,303,174,252,54,224,29,70,123,122,289,337,128,191,130,34,196,315,145,106,3,119,276,170,314,151,43,208,143,204,233,269,124,149,329,291,282,310,251,214,33,216,261,290,5,98,61,176,309,23,209,223,257,26,331,132,298,280,140,247,349,311,180,167,109,101,24,306,227,313,99,6,55,271,279,7,215,15,141,239,153,334,281,338,248,283,69,57,181,165,179,347,231,105,117,163,22,270,287,41,84,32,76,222,260,37,11,49,138,184,350,242,259,292,150,67,178,217,234,47,45,244,286,97,312,154,100,194,113,164,250,190,148,340,30,156,342,172,14,89,297,273,324,120,64,42,116,102,189,169,131,278,48,59,243,296,284,302,201,316,253,335,304,213,177,221,266,207,85,155,20,205,344,341,226,133,18,139,328,103,13,35,183,31,53,168,121,107,187,75,115,262,21,71,16,50,90,9,245,218,339,110,161,51,267,232,317,77,198,142,294,78,108,38,220,235,255,192,8,295,206,346,126,236,63,159,104,152,91,74,19,256,175,4,95,112,225,68,203,137,136,185,228,199,200,263,92,56,173,186,322,326,305,44,127,146,135,275,241,125,39,345,320,182,240,129,197,157,210,300,27,265,246,87,202,288,237,65,36,72,212,160,144,114,166,343,134,40,299,66,58,25,60,193,319,254,46,86,332",20100,200
12,1,90758.08163529818,22.965419485781734,"73,123,114,83,351,299,28,152,52,96,229,327,158,230,336,305,254,288,237,330,126,111,63,346,258,307,166,185,200,136,211,219,272,94,303,17,301,277,264,293,337,12,343,86,4,100,154,312,97,286,244,45,87,265,188,46,67,150,292,259,89,297,273,324,120,64,42,116,102,189,169,131,278,48,59,243,296,284,302,201,316,253,335,262,21,71,16,50,90,9,245,218,339,110,161,51,267,232,317,77,198,142,294,78,108,38,220,235,255,192,8,295,206,155,85,207,133,323,144,344,205,20,257,223,209,177,221,266,18,139,328,103,13,35,165,179,347,231,105,117,163,22,270,287,41,49,11,37,306,227,313,99,6,180,247,153,334,57,181,183,31,53,338,248,283,69,164,304,213,23,106,3,119,276,113,26,331,132,298,280,140,168,121,107,187,75,115,281,271,279,7,215,15,141,239,350,242,55,340,148,190,250,14,172,342,156,30,24,260,222,76,32,84,184,349,36,143,238,134,319,93,320,315,196,34,130,191,61,98,5,290,261,216,33,214,251,310,282,291,329,149,124,269,233,204,62,208,43,151,314,170,101,109,167,138,311,234,217,348,160,159,65,145,58,2,285,193,79,29,321,60,309,27,325,252,289,268,195,47,326,300,186,129,104,194,19,236,40,157,10,68,147,112,228,318,72,263,92,56,212,95,322,203,88,44,127,146,135,275,241,125,39,345,80,182,240,256,197,137,210,74,274,341,246,226,202,178,54,308,171,82,25,224,333,66,128,225,249,122,162,70,175,81,199,118,176,91,174,173,332",20100,200
12,2,91139.24857665492,19.52835312983967,"54,199,2,171,351,175,82,152,52,96,229,327,158,230,336,305,254,115,75,187,107,121,168,140,280,298,132,331,26,7,279,271,164,262,21,71,16,50,90,9,245,218,339,110,161,51,267,232,317,77,198,142,294,78,108,38,220,235,255,192,8,295,206,155,85,207,266,323,144,344,205,20,257,223,209,177,221,133,18,139,328,103,13,35,165,179,347,231,105,117,163,22,270,287,41,49,11,37,306,227,313,99,6,180,247,153,334,57,181,183,31,53,338,248,283,69,335,304,349,311,138,167,109,101,113,215,15,141,239,350,242,55,340,148,190,250,14,172,342,156,324,273,297,89,259,292,150,67,46,64,42,116,102,189,169,131,278,48,59,243,296,284,302,201,316,253,281,264,293,337,12,343,86,4,258,307,166,185,200,136,211,219,272,94,303,17,301,277,288,237,330,126,111,63,346,100,154,312,97,286,244,45,87,265,188,120,30,24,260,222,76,32,84,184,213,23,106,3,119,276,170,314,151,43,208,62,204,233,269,124,149,329,291,282,310,251,214,33,216,261,290,5,98,61,191,130,34,196,315,320,93,319,134,238,162,83,27,81,174,118,91,224,29,70,123,122,289,285,128,65,309,145,333,348,60,114,73,195,47,326,300,186,129,104,194,19,236,40,157,10,68,147,112,228,318,72,263,92,56,212,95,322,203,88,44,127,146,135,275,241,125,39,345,80,182,240,256,197,137,210,74,274,341,246,226,202,178,217,234,36,143,173,160,325,308,176,159,268,225,299,66,58,25,252,193,28,321,249,79,332",20100,200
12,3,91284.09171629319,19.477078219376715,"54,199,2,171,351,175,82,152,52,96,229,327,158,230,336,305,254,115,75,187,107,121,168,140,280,298,132,331,26,7,279,271,164,262,21,71,16,50,90,9,245,218,339,110,161,51,267,232,317,77,198,142,294,78,108,38,220,235,255,192,8,295,206,155,85,207,266,323,144,344,205,20,257,223,209,177,221,133,18,139,328,103,13,35,165,179,347,231,105,117,163,22,270,287,41,49,11,37,306,227,313,99,6,180,247,153,334,57,181,183,31,53,338,248,283,69,335,304,349,311,138,167,109,101,113,215,15,141,239,350,242,55,340,148,190,250,14,172,342,156,324,273,297,89,259,292,150,67,46,64,42,116,102,189,169,131,278,48,59,243,296,284,302,201,316,253,281,264,293,337,12,343,86,4,258,307,166,185,200,136,211,219,272,94,303,17,301,277,288,237,330,126,111,63,346,100,154,312,97,286,244,222,260,24,30,120,188,265,87,45,76,32,84,184,213,23,106,3,119,276,170,314,151,43,208,62,204,233,269,124,149,329,291,282,310,251,214,33,216,261,290,5,98,61,191,130,34,196,315,320,93,319,134,238,162,83,27,81,174,118,91,224,29,70,123,122,289,285,128,65,309,145,333,348,60,114,73,195,47,326,300,186,129,104,194,19,236,40,157,10,68,147,112,228,318,72,263,92,56,212,95,322,203,88,44,127,146,135,275,241,125,39,345,80,182,240,256,197,137,210,74,274,341,246,226,202,178,217,234,36,143,173,160,325,308,176,159,268,225,299,66,58,25,252,193,28,321,249,79,332",20100,200
12,4,91554.74968346527,16.197424979413206,"54,199,2,171,351,175,82,152,52,96,229,327,158,230,336,305,254,115,75,187,107,121,168,140,280,298,132,331,26,7,279,271,164,262,21,71,16,50,264,293,337,12,343,86,4,100,154,312,97,286,244,45,87,265,188,46,67,150,292,259,89,297,273,324,120,64,266,323,144,344,205,20,257,223,209,177,221,133,18,139,316,253,335,35,165,179,347,231,105,117,163,22,270,287,41,49,11,37,306,227,313,99,6,180,247,153,334,57,181,183,31,53,338,248,283,69,13,304,349,311,138,167,109,101,113,215,15,141,239,350,242,55,340,148,190,250,14,172,342,156,155,206,295,8,192,255,235,220,38,207,42,116,102,189,169,131,278,48,59,243,296,284,302,201,328,103,281,90,9,245,218,339,110,161,258,307,166,185,200,136,211,219,272,94,303,17,301,277,288,237,330,126,111,63,346,51,267,232,317,77,198,142,294,78,108,85,30,24,260,222,76,32,84,184,213,23,106,3,119,276,170,314,151,43,208,62,204,233,269,124,149,329,291,282,310,251,214,33,216,261,290,5,98,61,191,130,34,196,315,320,93,319,134,238,162,83,27,81,174,118,91,224,29,70,123,122,289,285,128,65,309,145,333,348,60,114,73,195,47,326,300,186,129,104,194,19,236,40,157,10,68,147,112,228,318,72,263,92,56,212,95,322,203,88,44,127,146,135,275,241,125,39,345,80,182,240,256,197,137,210,74,274,341,246,226,202,178,217,234,36,143,173,160,325,308,176,159,268,225,299,66,58,25,252,193,28,321,249,79,332",20100,200
12,5,90185.8760041078,24.554946057339517,"199,54,160,178,28,175,82,152,52,200,307,327,158,258,346,63,111,126,330,237,288,254,305,336,230,185,166,229,96,136,211,219,272,94,303,17,301,277,264,293,337,12,343,86,4,100,154,312,97,286,244,45,87,265,188,46,67,150,292,259,89,297,273,324,120,64,42,116,102,189,169,131,278,48,59,243,296,284,302,201,316,253,335,262,21,71,16,50,90,9,245,218,339,110,161,51,267,232,317,77,198,142,294,112,147,68,220,235,255,192,8,295,206,155,85,207,133,323,144,344,205,20,257,223,209,177,221,266,18,139,328,103,13,35,165,179,347,231,105,117,163,22,270,287,41,49,11,37,306,227,313,99,6,180,247,153,334,57,181,183,31,53,338,248,283,69,164,304,213,23,106,3,119,276,113,26,331,132,298,280,140,168,121,107,187,75,115,281,271,279,7,215,15,141,239,350,242,55,340,148,190,250,14,172,342,156,30,24,260,222,76,32,84,184,349,311,138,167,109,101,170,314,151,43,208,62,204,233,269,124,149,329,291,282,310,251,214,33,216,261,290,5,98,61,191,130,34,196,315,320,93,319,134,238,162,83,27,81,263,72,318,228,78,108,38,122,289,285,128,65,309,145,333,348,60,114,73,195,47,326,300,186,129,104,194,19,236,40,157,10,123,70,29,224,91,118,174,92,56,212,95,322,203,88,44,127,146,135,275,241,125,39,345,80,182,240,256,197,137,210,74,274,341,246,226,202,143,308,36,351,225,79,234,176,299,193,159,25,321,173,268,2,325,217,249,58,252,332,66,171",20100,200
12,6,90443.289685815,23.553329475197884,"73,123,114,83,351,299,28,152,52,96,229,327,158,230,336,305,254,288,237,330,126,111,63,346,258,307,166,185,200,136,211,219,272,94,303,17,301,277,264,293,337,12,343,86,4,100,154,312,97,286,244,45,87,265,188,46,67,150,292,259,89,297,273,324,120,64,42,116,102,189,169,131,278,48,59,243,296,284,302,201,316,253,335,262,21,71,16,50,90,9,245,218,339,110,161,51,267,232,317,77,198,142,294,112,147,68,220,235,255,192,8,295,206,155,85,207,133,323,144,344,205,20,257,223,209,177,221,266,18,139,328,103,13,35,165,179,347,231,105,117,163,22,270,287,41,49,11,37,306,227,313,99,6,180,247,153,334,57,181,183,31,53,338,248,283,69,164,304,213,23,106,3,119,276,113,26,331,132,298,280,140,168,121,107,187,75,115,281,271,279,7,215,15,141,239,350,242,55,340,148,190,250,14,172,342,156,30,24,260,222,76,32,84,184,349,36,143,238,134,319,93,320,315,196,34,130,191,61,98,5,290,261,216,33,214,251,310,282,291,329,149,124,269,233,204,62,208,43,151,314,170,101,109,167,138,311,234,217,348,160,159,65,145,58,2,285,193,79,29,321,60,309,27,325,252,289,268,195,47,326,300,186,129,104,194,19,236,40,157,10,38,108,78,228,318,72,263,92,56,212,95,322,203,88,44,127,146,135,275,241,125,39,345,80,182,240,256,197,137,210,74,274,341,246,226,202,178,54,308,171,82,25,224,333,66,128,225,249,122,162,70,175,81,199,118,176,91,174,173,332",20100,200
12,7,92301.50880501093,15.803086038640402,"173,28,36,123,351,73,143,152,52,96,229,327,158,230,336,305,254,115,75,187,107,121,168,140,280,298,132,331,26,7,279,271,164,262,21,71,16,50,90,9,245,218,339,110,161,51,267,232,317,77,198,142,294,78,108,38,220,235,255,192,8,295,206,155,85,207,266,323,144,344,205,20,257,223,209,177,221,231,347,179,165,35,13,103,328,139,18,133,105,117,163,22,270,287,41,49,11,37,306,227,313,99,6,180,247,153,334,292,42,116,102,189,169,131,278,48,299,83,349,184,84,32,76,222,260,24,30,120,64,259,89,297,273,324,156,342,172,14,250,190,148,340,55,242,350,239,141,15,215,113,276,119,3,106,23,213,304,335,69,283,248,338,53,31,183,181,57,150,67,46,188,265,87,45,244,286,97,312,154,100,4,86,343,12,337,293,264,277,301,17,303,94,272,219,211,136,200,185,166,307,258,346,63,111,126,330,237,288,281,253,316,201,302,284,296,243,59,238,134,319,93,320,315,196,34,130,191,61,98,5,290,261,216,33,214,251,310,282,291,329,149,124,269,233,204,62,208,43,151,314,170,101,109,167,138,311,234,217,348,160,159,65,145,58,2,285,193,79,29,321,60,309,27,325,252,289,268,195,47,326,300,186,129,104,194,19,236,40,157,10,68,147,112,228,318,72,263,92,56,212,95,322,203,88,44,127,146,135,275,241,125,39,345,80,182,240,256,197,137,210,74,274,341,246,226,202,178,54,308,171,82,25,224,333,66,128,225,249,122,162,70,175,81,199,118,176,91,174,114,332",20100,200
12,8,94346.8894155041,14.937151024396305,"258,199,2,171,351,63,82,346,52,96,229,34,158,230,336,305,254,288,237,330,126,111,175,152,54,321,166,185,79,136,211,219,272,94,303,17,301,277,264,293,337,12,343,86,4,100,154,312,97,286,244,45,87,265,188,46,67,150,292,259,89,297,273,324,120,64,42,116,102,189,169,131,278,48,59,243,296,284,302,201,316,253,335,262,21,71,16,50,90,9,245,218,339,110,161,51,267,232,317,77,198,142,294,78,108,38,220,235,255,192,8,295,206,155,85,207,266,323,144,344,205,20,257,223,209,177,221,133,18,139,328,103,13,35,165,179,347,231,105,117,163,22,270,287,41,49,11,37,260,222,76,32,84,138,184,350,242,14,172,342,156,30,340,148,190,250,164,113,26,331,132,298,280,140,247,349,311,180,167,109,101,24,306,227,313,99,6,55,271,279,7,215,15,141,239,153,334,281,338,248,283,69,57,181,183,31,53,168,121,107,187,75,115,304,213,23,106,3,119,276,308,327,160,173,143,36,234,217,178,202,226,246,341,274,74,210,137,197,256,240,182,80,345,39,125,241,275,135,146,127,44,88,203,322,95,212,56,92,263,72,318,228,112,147,68,10,157,40,236,300,326,251,104,98,128,73,70,29,289,124,149,122,269,174,309,145,81,191,285,5,65,196,315,320,93,261,290,47,114,19,130,208,43,118,91,224,27,186,129,123,348,60,170,314,151,333,33,216,83,162,238,134,319,195,214,329,291,282,310,194,233,204,62,325,61,176,159,268,225,299,66,58,25,252,193,28,307,249,200,332",20100,200
12,9,92513.08045805061,15.458836423960454,"54,199,2,171,351,175,82,152,52,96,229,327,158,230,336,305,254,115,75,187,107,121,168,140,280,298,132,331,26,7,279,271,164,262,21,71,16,50,264,293,337,12,343,86,4,100,154,312,97,286,244,45,87,265,188,46,67,150,292,259,89,297,273,324,120,64,266,323,144,344,205,20,257,223,209,177,221,133,18,139,316,253,335,35,165,179,347,231,105,117,163,22,270,287,41,49,11,37,306,227,313,99,6,180,247,153,334,57,181,183,31,53,338,248,283,69,13,304,349,311,138,167,109,101,113,215,15,141,239,350,242,55,340,148,190,250,14,172,342,156,155,206,295,8,192,255,235,220,38,207,42,116,102,189,169,131,278,48,59,243,296,284,302,201,328,103,281,90,9,245,218,339,110,161,258,307,166,185,200,136,211,219,272,94,303,17,301,277,288,237,330,126,111,63,346,51,267,232,317,77,198,142,294,78,108,85,30,24,260,222,76,32,84,184,213,23,106,3,119,276,170,314,151,43,208,62,204,233,178,202,226,246,341,274,74,210,137,197,256,240,182,80,345,39,125,241,275,135,146,127,44,88,203,322,95,212,56,92,263,72,318,228,112,147,68,10,157,40,236,300,326,251,104,98,128,73,70,29,289,124,149,122,269,174,309,145,81,285,47,186,123,114,195,224,91,118,333,60,27,83,162,238,134,319,93,320,315,196,34,130,191,61,348,5,290,261,216,33,214,19,310,282,291,329,65,194,129,217,234,36,143,173,160,325,308,176,159,268,225,299,66,58,25,252,193,28,321,249,79,332",20100,200
12,10,90797.55229276906,19.54297839468558,"199,54,160,178,28,175,82,152,52,96,229,327,158,230,336,305,254,115,75,187,107,121,168,140,280,298,132,331,26,7,279,271,164,262,21,71,16,50,90,9,245,218,339,110,161,51,267,232,317,77,198,142,294,78,108,38,220,235,255,192,8,295,206,155,85,207,266,323,144,344,205,20,257,223,209,177,221,133,18,139,328,103,13,35,165,179,347,231,105,117,163,22,270,287,41,49,11,37,306,227,313,99,6,180,247,153,334,57,181,183,31,53,338,248,283,69,335,304,349,311,138,167,109,101,113,215,15,141,239,350,242,55,340,148,190,250,14,172,342,156,324,273,297,89,259,292,150,67,46,64,42,116,102,189,169,131,278,48,59,243,296,284,302,201,316,253,281,264,293,337,12,343,86,4,258,307,166,185,200,136,211,219,272,94,303,17,301,277,288,237,330,126,111,63,346,100,154,312,97,286,244,45,87,265,188,120,30,24,260,222,76,32,84,184,213,23,106,3,119,276,170,314,151,43,208,62,204,233,269,124,149,329,291,282,310,251,214,33,216,261,290,5,98,61,191,130,34,196,315,320,93,319,134,238,162,83,27,81,174,118,91,224,29,70,123,122,289,285,128,65,309,145,333,348,60,114,73,195,47,326,300,186,129,104,194,19,236,40,157,10,68,147,112,228,318,72,263,92,56,212,95,322,203,88,44,127,146,135,275,241,125,39,345,80,182,240,256,197,137,210,74,274,341,246,226,202,171,217,234,36,143,173,2,325,308,176,159,268,225,299,66,58,25,252,193,351,321,249,79,332",20100,200
12,11,91382.1157511611,18.839533023277074,"54,199,2,171,351,175,82,152,52,96,229,327,158,230,336,305,254,115,75,187,107,121,168,140,280,298,132,331,26,7,279,271,164,262,303,17,301,277,264,293,337,12,343,86,4,100,154,312,317,77,198,142,294,78,108,38,220,235,255,192,8,295,206,155,120,64,266,323,144,344,205,20,257,223,209,177,221,133,18,139,328,103,13,35,165,179,347,231,105,117,163,22,270,287,41,49,11,37,306,227,313,99,6,180,247,153,334,57,181,183,31,53,338,248,283,69,335,304,213,23,106,3,119,276,113,215,15,141,239,350,242,55,340,148,190,250,14,172,342,156,324,273,297,89,259,292,150,67,46,188,265,87,45,244,286,97,232,267,51,161,110,339,218,245,9,90,50,16,71,21,94,272,219,211,136,200,185,166,307,258,346,63,111,126,330,237,288,281,253,316,201,302,284,296,243,59,48,278,131,169,189,102,116,42,207,85,30,24,260,222,76,32,84,184,349,311,138,167,109,101,170,314,151,43,208,62,204,233,269,124,149,329,291,282,310,251,214,33,216,261,290,5,98,61,191,130,34,196,315,320,93,319,134,238,162,83,27,81,174,118,91,224,29,70,123,122,289,285,128,65,309,145,333,348,60,114,73,195,47,326,300,186,129,104,194,19,236,40,157,10,68,147,112,228,318,72,263,92,56,212,95,322,203,88,44,127,146,135,275,241,125,39,345,80,182,240,256,197,137,210,74,274,341,246,226,202,143,217,234,36,178,173,160,325,308,176,159,268,225,299,66,58,25,252,193,28,321,249,79,332",20100,200
12,12,93907.941012081,15.271336510628718,"258,199,2,171,351,63,82,346,52,96,229,34,158,230,336,305,254,288,237,330,126,111,175,152,54,307,166,185,200,136,211,219,272,94,303,17,301,277,264,293,337,12,343,86,4,100,154,312,97,286,244,45,87,265,188,46,67,150,292,259,89,297,273,324,120,64,42,116,102,189,169,131,278,48,59,243,296,284,302,201,316,253,335,262,21,71,16,50,90,9,245,218,339,110,161,51,267,232,317,77,198,142,294,78,108,38,220,235,255,192,8,295,206,155,85,207,266,323,144,344,205,20,257,223,209,177,221,133,18,139,328,103,13,35,165,179,347,231,105,117,163,22,270,287,41,49,11,37,260,222,76,32,84,138,184,350,242,14,172,342,156,30,340,148,190,250,164,113,26,331,132,298,280,140,247,349,311,180,167,109,101,24,306,227,313,99,6,55,271,279,7,215,15,141,239,153,334,281,338,248,283,69,57,181,183,31,53,168,121,107,187,75,115,304,213,23,106,3,119,276,308,321,160,173,143,36,234,217,178,202,226,246,341,274,74,210,137,197,256,240,182,80,345,39,125,241,275,135,146,127,44,88,203,322,95,212,56,92,263,72,318,228,112,147,68,10,157,40,236,300,326,251,104,98,128,73,70,29,289,124,149,122,269,174,309,145,81,191,285,5,65,196,315,320,93,319,134,238,162,83,216,33,333,118,91,224,27,186,129,123,348,60,170,314,151,43,208,130,19,114,47,290,261,195,214,329,291,282,310,194,233,204,62,325,61,176,159,268,225,299,66,58,25,252,193,28,327,249,79,332",20100,200
12,13,94569.6006804941,14.728475974626411,"258,199,2,171,351,63,82,346,52,96,229,327,158,230,336,305,254,288,237,330,126,111,175,152,54,321,166,185,79,136,211,219,272,94,303,17,301,277,264,293,337,12,343,86,4,100,154,312,97,286,244,45,87,265,188,46,67,150,292,259,89,297,273,324,120,64,42,116,102,189,169,131,278,48,59,243,296,284,302,201,316,253,335,262,21,71,16,3,69,283,248,338,53,31,183,51,267,232,317,77,198,142,294,78,108,38,220,235,255,192,8,295,206,155,85,207,133,323,144,344,205,20,257,223,209,177,221,266,18,139,328,103,13,35,165,179,347,231,105,117,163,22,270,287,41,49,11,37,260,222,76,32,84,138,184,350,242,14,172,342,156,30,340,148,190,250,164,113,26,331,132,298,280,140,247,349,311,180,167,109,101,24,306,227,313,99,6,55,271,279,7,215,181,57,90,9,245,281,218,334,153,239,141,15,161,304,339,168,121,107,187,75,115,110,213,23,106,50,119,276,308,34,160,173,143,36,234,217,178,202,226,246,341,274,74,210,137,197,256,240,182,80,345,39,125,241,275,135,146,127,44,88,203,322,95,212,56,92,263,72,318,228,112,147,68,10,157,40,236,300,326,251,104,98,128,73,70,29,289,124,149,122,269,174,309,145,81,191,285,5,65,196,315,320,93,261,290,47,114,19,130,208,43,118,91,224,27,186,129,123,348,60,170,314,151,333,33,216,83,162,238,134,319,195,214,329,291,282,310,194,233,204,62,325,61,176,159,268,225,299,66,58,25,252,193,28,307,249,200,332",20100,200
12,14,95481.6856231086,13.413724484092679,"258,199,2,171,351,63,82,346,52,96,229,327,158,230,336,305,254,288,237,330,126,111,175,152,54,321,166,185,79,136,211,219,272,94,303,17,301,277,264,293,337,12,343,86,4,100,154,312,97,286,244,45,87,265,188,46,67,150,292,259,89,297,273,324,120,64,42,116,102,189,169,192,255,235,220,38,108,78,294,142,198,77,317,232,267,51,161,110,339,218,245,9,90,50,16,71,21,262,335,253,316,201,302,284,296,243,59,48,278,131,8,295,206,155,85,207,133,323,144,344,205,20,257,223,209,177,221,266,18,139,328,103,13,35,165,179,347,231,105,117,163,22,270,287,41,49,11,37,260,222,76,32,84,138,184,350,242,14,172,342,156,30,340,148,190,250,164,113,26,331,132,298,180,311,349,247,140,280,167,109,101,24,306,227,313,99,6,55,271,279,7,215,15,141,239,153,334,281,338,248,283,69,57,181,183,31,53,168,121,107,187,75,115,304,213,23,106,3,119,276,308,34,160,173,143,36,234,217,178,202,226,246,341,274,74,210,137,197,256,240,182,80,345,39,125,241,275,135,146,127,44,88,203,322,95,212,56,92,263,72,318,228,112,147,68,10,157,40,236,300,326,251,104,98,128,73,70,29,289,124,149,122,269,174,309,145,81,191,285,5,65,196,315,320,93,319,134,238,162,83,216,33,214,47,114,19,27,186,129,123,348,60,170,314,151,43,208,130,224,91,118,290,261,195,333,329,291,282,310,194,233,204,62,325,61,176,159,268,225,299,66,58,25,252,193,28,307,249,200,332",20100,200
12,15,100508.98135202698,13.371056330458348,"66,318,351,288,27,195,82,333,73,118,229,285,158,327,62,96,307,336,111,93,171,293,264,277,28,17,81,94,272,219,211,147,79,12,52,321,10,308,2,325,80,258,301,268,330,230,88,274,238,162,83,249,303,174,252,54,224,29,70,123,122,289,337,128,191,130,34,196,315,145,309,176,61,98,5,290,261,216,33,214,251,310,282,291,329,149,124,269,233,204,143,208,43,151,314,170,276,119,3,106,23,209,223,257,26,331,132,298,280,140,247,349,311,180,167,109,101,24,306,227,313,99,6,55,271,279,7,215,15,141,239,153,334,281,338,248,283,69,57,181,165,179,347,231,105,117,163,22,270,287,41,84,32,76,222,260,37,11,49,138,184,350,242,259,292,150,67,178,217,234,47,45,244,286,97,312,154,100,194,113,164,250,190,148,340,30,156,342,172,14,89,297,273,324,120,64,42,116,102,189,169,131,278,48,59,31,53,284,302,201,95,4,175,256,19,74,91,152,104,159,63,236,126,346,206,295,8,192,255,235,220,38,108,78,294,142,198,77,317,232,267,51,161,110,339,218,245,9,90,50,16,71,21,262,115,75,187,107,121,168,296,243,183,35,13,103,328,139,18,133,226,341,344,205,20,155,85,207,266,221,177,213,304,335,253,316,112,225,68,203,137,136,185,228,199,200,263,92,56,173,186,322,326,319,44,134,146,197,305,241,125,39,345,129,182,240,193,36,157,210,166,265,212,246,275,160,188,87,46,254,144,60,300,127,86,348,58,65,40,299,135,72,25,237,343,320,332,323,202,114",20100,200
12,16,95089.38342139512,14.196726811282769,"54,199,2,303,94,272,219,211,136,200,185,166,307,258,346,63,111,126,330,237,288,254,305,336,230,158,327,229,96,52,152,82,175,351,171,17,301,277,264,293,337,12,343,86,4,100,154,312,97,286,244,45,87,265,188,46,67,150,292,259,89,297,273,324,120,64,42,116,102,189,169,192,255,235,220,38,108,78,294,142,198,77,317,232,267,51,161,110,339,218,245,9,90,50,16,71,21,262,335,253,316,201,302,284,296,243,59,48,278,131,8,295,206,155,85,207,133,323,144,344,205,20,257,223,209,177,221,266,18,139,328,103,13,35,165,179,347,231,105,117,163,22,270,287,41,49,11,37,260,222,76,32,84,138,184,350,242,14,172,342,156,30,340,148,190,250,164,113,26,331,132,298,180,311,349,247,140,280,167,109,101,24,306,227,313,99,6,55,271,279,7,215,15,141,239,153,334,281,338,248,283,69,57,181,183,31,53,168,121,107,187,75,115,304,213,23,106,3,119,276,308,34,160,173,143,36,234,217,178,202,226,246,341,274,74,210,137,197,256,240,182,80,345,39,125,241,275,135,146,127,44,88,203,322,95,212,56,92,263,72,228,318,112,147,68,10,157,40,236,300,326,251,104,98,128,73,70,29,289,124,149,122,269,174,309,145,81,191,285,5,65,196,315,320,93,319,134,238,162,83,216,33,214,47,114,19,27,186,129,123,348,60,170,314,151,43,208,130,224,91,118,290,261,195,333,329,291,282,310,194,233,204,62,325,61,176,159,268,225,299,66,58,25,252,193,28,321,249,79,332",20100,200
12,17,90156.67775214132,26.911850576655794,"54,199,2,171,351,175,82,152,52,200,185,166,307,258,346,63,111,126,330,237,288,254,305,336,230,158,327,229,96,136,211,219,272,94,303,17,301,277,264,293,337,12,343,86,4,100,154,312,97,286,244,45,87,265,188,46,67,150,292,259,89,297,273,324,120,64,42,116,102,189,169,131,278,48,59,243,296,284,302,201,316,253,335,262,21,71,16,50,90,9,245,218,339,110,161,51,267,232,317,77,198,142,294,112,147,68,220,235,255,192,8,295,206,155,85,207,266,323,144,344,205,20,257,223,209,177,221,133,18,139,328,103,13,35,165,179,347,231,105,117,163,22,270,287,41,49,11,37,306,227,313,99,6,180,247,153,334,57,181,183,31,53,338,248,283,69,164,304,213,23,106,3,119,276,113,26,331,132,298,280,140,168,121,107,187,75,115,281,271,279,7,215,15,141,239,350,242,55,340,148,190,250,14,172,342,156,30,24,260,222,76,32,84,184,349,311,138,167,109,101,170,314,151,43,208,62,204,233,269,124,149,329,291,282,310,251,214,33,216,261,290,5,98,61,191,130,34,196,315,320,93,319,134,238,162,83,27,81,263,72,318,228,78,108,38,10,157,40,236,19,194,104,129,186,300,326,47,195,73,114,60,348,333,145,309,65,128,285,289,122,123,70,29,224,91,118,174,92,56,212,95,322,203,88,44,127,146,135,275,241,125,39,345,80,182,240,256,197,137,210,74,274,341,246,226,202,178,217,234,36,143,173,160,325,308,176,159,268,225,299,66,58,25,252,193,28,321,249,79,332",20100,200
13,0,97831.70490839034,13.951426100920045,"115,282,247,284,311,225,268,36,257,207,308,295,344,75,105,109,254,214,244,144,277,204,7,342,14,198,252,249,251,234,322,27,85,347,132,217,53,121,49,110,229,253,127,219,13,185,298,168,196,89,20,232,218,181,286,258,297,345,60,199,136,26,337,176,334,213,138,312,97,12,51,117,294,159,165,329,335,331,10,55,67,37,221,45,256,348,323,151,52,157,80,279,261,125,24,56,3,212,215,290,95,177,8,34,156,203,46,339,48,170,71,283,242,340,309,140,120,25,145,208,41,287,226,142,346,92,233,9,175,76,191,289,96,330,183,4,99,166,139,278,230,273,100,149,15,220,310,43,155,325,288,327,236,179,171,224,35,270,255,186,11,70,262,243,18,302,106,61,267,64,350,169,180,73,260,134,113,21,47,133,239,16,276,303,160,59,305,74,326,167,275,146,301,187,194,158,328,31,205,66,19,154,190,281,210,119,101,42,88,116,341,245,163,206,90,87,227,182,304,351,318,265,274,343,128,30,193,266,98,338,102,272,324,299,240,280,271,202,172,129,50,122,141,108,118,62,81,235,107,314,124,248,29,269,320,83,316,69,336,223,130,259,23,84,291,333,313,32,292,152,114,54,77,44,162,174,112,250,178,315,93,137,211,38,200,164,222,79,195,40,319,111,28,68,78,241,263,231,131,58,5,332,264,349,293,192,104,306,91,189,72,246,22,135,17,209,238,33,126,317,188,296,228,237,94,57,2,184,123,321,39,148,173,143,65,6,150,307,216,86,147,300,197,63,153,103,201,161,285,82",20100,200
13,1,93673.61420063167,16.92910721809671,"115,282,247,244,311,225,268,189,257,207,308,295,344,75,160,62,309,190,284,238,329,65,293,111,25,145,249,41,294,212,3,56,24,125,51,279,80,157,52,151,323,348,256,45,221,37,67,55,10,331,335,277,165,30,39,153,261,297,304,138,252,182,14,97,94,26,136,199,60,345,12,258,184,181,218,232,20,89,50,128,248,185,13,116,123,253,229,110,324,121,303,217,132,347,197,321,322,234,305,290,95,177,8,34,156,203,46,339,48,274,71,283,242,289,191,76,175,9,233,92,346,142,226,287,312,208,213,334,120,140,337,340,96,330,183,159,118,166,139,278,230,273,100,149,15,220,310,43,155,325,288,28,342,319,40,195,105,222,164,150,227,82,103,265,299,129,104,90,276,6,57,86,147,271,16,109,351,317,119,101,42,87,219,270,328,31,205,66,19,154,214,280,210,216,266,63,122,201,99,224,117,251,215,228,7,36,198,196,168,298,204,202,172,163,254,170,127,49,286,53,314,240,176,85,27,235,272,269,320,83,316,69,336,223,130,259,23,84,291,333,313,32,292,152,114,262,70,11,186,255,158,35,4,171,179,236,327,68,78,241,263,231,131,58,5,332,264,349,318,192,143,306,91,173,72,300,22,135,17,209,124,33,126,148,188,296,98,237,343,144,2,200,38,167,275,146,307,59,187,194,301,79,108,141,193,281,74,341,245,206,29,81,161,102,239,133,47,21,113,134,260,73,180,169,350,64,267,61,106,302,18,243,54,77,44,162,174,112,250,178,315,93,137,211,326,88,338,107,246,285",20100,200
13,2,94493.28557489061,15.378538067923621,"115,282,247,244,311,225,268,189,257,207,308,295,344,75,160,62,309,190,284,238,329,65,293,111,25,145,249,41,294,212,3,56,24,125,51,279,80,157,52,151,323,348,256,45,221,37,67,55,10,331,335,277,165,30,39,153,261,297,304,138,252,182,14,97,94,26,136,199,60,345,12,258,184,181,218,232,20,89,50,128,248,185,13,116,123,253,229,110,324,121,303,217,132,347,197,321,322,234,305,290,95,177,8,34,156,203,46,339,48,274,71,283,242,289,191,76,175,9,233,92,346,142,226,287,312,208,213,334,120,140,337,340,96,330,183,159,118,166,139,278,230,273,100,149,15,220,310,43,155,325,288,28,342,319,40,195,105,222,164,150,227,82,103,265,299,129,104,90,276,6,57,86,147,271,223,336,87,219,270,328,31,205,66,19,154,214,280,210,216,266,63,122,201,99,224,194,187,59,146,275,167,326,88,307,119,101,42,113,21,47,133,239,102,161,81,29,206,245,341,74,281,193,141,108,79,301,117,269,320,83,316,69,109,16,130,259,23,84,291,333,313,32,292,152,114,262,70,11,186,255,158,35,4,171,179,236,327,68,78,241,263,231,131,58,5,332,264,349,318,192,143,306,91,173,72,300,22,135,17,209,124,33,126,148,188,296,98,237,343,144,2,200,38,272,36,7,228,317,351,198,235,27,85,176,240,314,53,286,49,127,170,254,163,172,202,204,298,168,196,134,260,73,180,169,350,64,267,61,106,302,18,243,54,77,44,162,174,112,250,178,315,93,137,211,251,215,338,107,246,285",20100,200
13,3,92753.24388482589,18.951678019986584,"115,282,247,244,311,225,268,189,257,207,308,295,344,75,160,62,309,190,284,238,329,65,293,111,25,145,249,41,294,212,3,56,24,125,51,279,80,157,52,151,323,348,256,45,221,37,67,55,10,331,335,277,165,30,39,153,261,297,304,138,252,182,14,97,94,26,136,199,60,345,12,258,184,181,218,232,20,89,50,128,248,185,13,116,123,253,229,110,324,121,303,217,132,347,197,321,322,234,305,290,95,177,8,34,156,203,46,339,48,274,71,283,242,289,191,76,175,9,233,92,346,142,226,287,312,208,213,334,120,140,337,340,96,330,183,159,118,166,139,278,230,273,100,149,15,220,310,43,155,325,288,327,236,179,171,4,35,158,255,186,11,70,262,114,152,292,32,90,276,6,57,86,147,271,223,336,87,219,270,328,31,205,66,19,154,214,280,210,216,266,63,122,201,99,224,194,187,59,146,275,167,326,88,307,119,101,42,113,21,47,133,239,102,161,81,29,206,245,341,74,281,193,141,108,79,301,117,269,320,83,316,69,109,16,130,259,23,84,291,333,313,104,129,299,265,103,82,227,150,164,222,105,195,40,319,342,28,68,78,241,263,231,131,58,5,332,264,349,318,192,143,306,91,173,72,300,22,135,17,209,124,33,126,148,188,296,98,237,343,144,2,200,38,272,36,7,228,317,351,198,235,27,85,176,240,314,53,286,49,127,170,254,163,172,202,204,298,168,196,134,260,73,180,169,350,64,267,61,106,302,18,243,54,77,44,162,174,112,250,178,315,93,137,211,251,215,338,107,246,285",20100,200
13,4,91787.95702580434,20.5271522752187,"115,282,247,284,272,269,341,180,257,207,308,295,344,75,105,109,274,71,283,144,277,187,7,342,334,21,138,312,251,234,322,27,85,347,132,217,53,121,49,110,229,175,9,233,92,346,142,226,287,41,208,145,25,120,140,309,340,242,244,276,170,48,339,46,203,156,34,8,177,95,290,215,212,3,56,24,125,51,279,80,157,52,151,323,348,256,45,221,37,67,55,10,331,335,329,165,30,39,153,261,297,304,249,252,182,14,294,94,26,136,199,60,345,12,258,286,193,218,232,20,89,196,168,298,185,13,219,127,253,76,191,289,96,330,183,4,99,166,139,278,230,273,100,149,15,220,310,43,155,325,288,327,236,179,171,224,35,158,255,186,11,314,202,141,18,302,106,61,267,64,350,169,129,73,260,214,113,318,47,133,239,102,161,81,29,206,245,320,74,281,111,243,108,79,301,194,134,59,146,275,137,93,315,178,250,112,174,162,44,77,54,114,152,292,32,313,333,291,84,23,259,130,223,336,69,316,83,268,225,311,235,321,197,176,240,70,303,184,324,123,254,293,271,116,262,163,248,128,50,213,189,337,228,97,305,104,159,118,201,122,63,266,216,210,280,190,154,19,188,148,126,33,204,209,17,135,22,246,72,36,91,306,98,192,198,349,264,332,5,58,131,231,263,241,78,68,28,181,319,40,195,160,222,164,200,38,211,167,326,88,307,119,101,42,87,172,270,328,31,205,66,296,124,237,343,238,2,150,299,82,103,265,62,173,117,227,143,6,57,86,147,65,16,90,351,317,338,107,300,285",20100,200
13,5,102083.15479529969,13.831448113487603,"70,80,247,284,45,251,290,95,177,186,170,220,203,335,339,327,155,43,283,329,338,123,221,100,188,278,48,165,295,274,240,175,103,136,104,121,215,300,340,36,198,196,168,298,204,202,172,254,13,229,110,49,286,53,314,345,96,85,27,92,272,269,320,20,257,207,308,294,94,75,105,109,56,185,261,342,166,149,282,3,253,181,265,285,89,330,52,232,297,4,99,147,214,179,325,288,296,236,218,322,224,35,226,287,41,249,145,25,304,140,309,7,58,98,11,299,34,242,55,124,163,151,10,323,208,234,318,293,143,244,144,277,271,337,176,334,213,138,312,97,12,51,117,26,159,183,230,273,289,191,76,60,9,233,279,346,142,270,255,8,276,115,262,243,18,302,106,61,267,64,350,169,180,73,260,134,113,21,47,133,239,102,161,81,29,206,245,341,74,281,193,141,108,79,301,194,187,59,146,275,167,326,88,307,119,101,42,87,219,158,328,31,205,66,19,154,190,280,210,216,266,63,122,201,252,332,112,305,153,139,306,50,311,189,148,248,67,37,116,127,348,344,263,324,184,303,39,71,347,197,321,235,258,225,268,83,316,69,336,223,130,259,23,84,291,333,313,32,292,152,114,54,77,44,162,174,132,250,178,315,93,137,211,38,200,164,222,160,195,40,319,111,28,68,78,241,46,231,131,212,5,310,264,349,199,192,217,156,91,173,72,157,22,135,17,14,15,33,126,128,125,256,182,237,343,238,2,150,227,82,118,120,228,129,209,90,24,6,57,86,171,65,16,62,351,317,30,107,246,331",20100,200
13,6,97426.90746516788,15.177502296613854,"115,282,247,284,311,225,268,189,257,207,308,295,344,75,105,109,254,214,244,144,277,57,7,342,14,293,252,249,251,234,322,27,85,347,132,217,53,121,49,110,229,253,127,219,13,185,298,168,196,89,20,232,218,111,286,258,297,345,60,199,136,26,337,176,334,213,138,312,97,12,51,117,294,159,165,329,335,331,10,55,67,37,221,45,256,348,323,151,52,157,80,279,261,125,24,56,3,212,215,290,95,177,8,34,156,203,46,339,48,170,71,283,242,340,309,140,120,25,145,208,41,287,226,142,346,92,233,9,175,76,191,289,96,330,183,4,99,166,139,278,230,273,100,149,15,220,310,43,155,325,288,327,236,179,171,224,35,270,255,186,11,70,262,243,18,302,106,61,267,64,350,169,180,73,260,134,113,21,47,133,239,16,276,303,79,59,194,187,301,146,275,137,93,74,305,158,328,31,205,66,19,154,190,281,210,119,101,42,88,116,341,245,163,206,90,87,227,182,304,351,318,265,274,94,128,30,193,266,104,338,102,272,324,299,240,280,271,202,172,129,50,122,141,108,118,62,81,235,107,314,228,248,29,269,320,83,316,69,336,223,130,259,23,84,291,333,313,32,292,152,114,54,77,44,162,174,112,250,178,315,326,167,211,38,200,164,222,160,195,40,319,181,28,68,78,241,263,231,131,58,5,332,264,349,198,192,98,306,91,36,72,246,22,135,17,209,204,33,126,148,188,296,124,237,343,238,2,184,123,321,39,317,173,143,65,6,150,307,216,86,147,300,197,63,153,103,201,161,285,82",20100,200
13,7,97305.26479121142,15.307153782336538,"159,294,117,51,12,97,312,138,213,334,176,337,26,136,199,60,345,297,258,286,181,218,232,20,89,196,168,298,185,13,219,127,253,229,110,49,121,53,217,132,347,85,27,322,234,251,249,252,198,14,342,7,57,277,144,244,214,254,109,105,75,344,295,308,207,257,189,268,225,311,284,247,282,115,165,329,335,331,10,55,67,37,221,45,256,348,323,151,52,157,80,279,261,125,24,56,3,212,215,290,95,177,8,34,156,203,46,339,48,170,71,283,242,340,309,140,120,25,145,208,41,287,226,142,346,92,233,9,175,76,191,289,96,330,183,4,99,166,139,278,230,273,100,149,15,220,310,43,155,325,288,327,236,179,171,224,35,270,255,186,11,70,262,243,18,302,106,61,267,64,350,169,180,73,260,134,113,21,47,133,239,16,276,303,79,59,194,187,301,146,275,137,93,74,305,158,328,31,205,66,19,154,190,281,210,119,101,42,88,116,341,245,163,206,90,87,227,182,304,351,318,265,274,94,128,30,193,266,104,338,102,272,324,299,240,280,271,202,172,129,50,122,141,108,118,62,81,235,107,314,228,248,29,269,320,83,316,69,336,223,130,259,23,84,291,333,313,32,292,152,114,54,77,44,162,174,112,250,178,315,326,167,211,38,200,164,222,160,195,40,319,111,28,68,78,241,263,231,131,58,5,332,264,349,293,192,98,306,91,36,72,246,22,135,17,209,204,33,126,148,188,296,124,237,343,238,2,184,123,321,39,317,173,143,65,6,150,307,216,86,147,300,197,63,153,103,201,161,285,82",20100,200
13,8,93212.33352527404,17.216393205643797,"115,282,247,244,311,225,268,189,257,207,308,295,344,75,160,62,309,190,284,238,329,65,293,111,25,145,138,41,97,212,3,56,24,125,51,279,80,157,52,151,323,348,256,219,13,185,298,168,196,89,20,232,218,181,286,258,12,345,60,199,136,26,94,294,14,182,252,249,304,297,261,153,184,30,165,277,335,331,50,128,248,37,221,116,123,253,229,110,324,121,303,217,132,347,197,321,322,234,305,290,95,177,8,34,156,203,46,339,48,274,71,283,242,289,191,76,175,9,233,92,346,142,226,287,312,208,213,334,120,140,337,340,96,330,183,159,118,166,139,278,230,273,100,149,15,220,310,43,155,325,288,327,236,179,171,4,35,158,255,186,11,70,262,114,152,292,32,90,276,6,57,86,147,271,223,336,87,45,270,328,31,205,66,19,154,214,280,210,216,266,63,122,201,99,224,194,187,59,146,275,167,326,88,307,119,101,42,113,21,47,133,239,102,161,81,29,206,245,341,74,281,193,141,108,79,301,117,269,320,83,316,69,109,16,130,259,23,84,291,333,313,104,129,299,265,103,82,227,150,164,222,105,195,40,319,342,28,68,78,241,263,231,131,58,5,332,264,349,318,192,143,306,91,173,72,300,22,135,17,209,124,33,126,148,188,296,98,237,343,144,2,200,38,272,36,7,228,317,351,198,235,27,85,176,240,314,53,39,49,127,170,254,163,172,202,204,67,55,10,134,260,73,180,169,350,64,267,61,106,302,18,243,54,77,44,162,174,112,250,178,315,93,137,211,251,215,338,107,246,285",20100,200
13,9,92234.47169402188,20.08160743750864,"115,282,247,284,272,269,320,36,257,207,308,295,344,75,105,109,274,71,283,144,277,204,7,342,334,198,138,312,251,234,322,27,85,347,132,217,53,67,37,221,45,256,348,323,151,52,157,55,10,331,335,329,165,30,39,237,261,297,304,249,252,26,94,294,14,182,136,199,60,345,12,258,286,181,218,232,20,89,196,168,298,185,13,219,127,253,229,110,49,121,80,279,51,125,24,56,3,212,215,290,95,177,8,34,156,203,46,339,48,170,214,244,327,288,325,155,43,310,220,15,149,100,273,230,278,139,166,99,4,183,330,96,289,191,76,175,9,233,92,346,142,226,287,41,208,145,25,120,140,309,340,242,236,179,171,224,35,158,255,186,11,314,202,243,18,302,106,61,267,28,68,78,241,263,231,131,58,5,332,264,349,318,192,143,306,91,173,72,300,22,135,17,209,124,301,194,187,59,146,275,167,326,88,307,119,101,42,87,172,270,328,31,205,66,19,154,190,280,210,216,266,63,122,201,118,159,104,305,97,228,337,189,213,50,128,248,163,262,116,271,293,254,123,324,184,303,70,240,176,197,321,235,311,225,268,83,316,69,336,223,130,259,23,84,291,333,313,32,292,152,114,54,77,44,162,174,112,250,178,315,93,137,211,38,200,164,222,160,195,40,319,238,2,150,350,64,111,343,117,148,33,126,98,188,296,79,108,141,193,281,74,341,245,206,29,81,161,102,239,133,47,21,113,134,260,73,180,169,227,82,103,265,299,129,153,90,276,6,57,86,147,65,16,62,351,317,338,107,246,285",20100,200
13,10,90667.22718577847,22.507182916917827,"115,282,247,284,272,269,78,36,257,207,308,295,344,75,105,109,274,71,283,144,277,187,7,342,334,318,138,312,251,234,322,27,85,347,132,217,53,121,49,110,229,175,9,233,92,346,142,226,287,41,208,145,25,120,140,309,340,242,244,276,170,48,339,46,203,156,34,8,177,95,290,215,212,3,56,24,125,51,279,80,157,52,151,323,348,256,45,221,37,67,55,10,331,335,329,165,30,39,153,261,297,304,249,252,182,14,294,94,26,136,199,60,345,12,258,286,193,218,232,20,89,196,168,298,185,13,219,127,253,76,191,289,96,330,183,4,99,166,139,278,230,273,100,149,15,220,310,43,155,325,288,327,236,179,171,224,35,158,255,186,11,314,202,319,18,302,106,61,267,64,350,169,180,73,260,134,113,21,47,133,332,5,58,214,306,91,173,72,300,22,135,17,209,124,301,194,204,59,146,275,167,326,88,307,119,101,42,87,172,270,328,31,205,66,19,154,190,280,210,216,266,63,122,201,118,159,104,305,97,228,337,189,213,50,128,248,163,262,116,271,293,254,123,324,184,303,70,240,176,197,321,235,311,225,268,83,316,69,336,223,130,259,23,84,291,44,77,54,114,152,292,32,313,333,162,174,112,250,178,315,93,137,211,38,200,164,222,160,195,40,243,111,28,68,320,241,263,231,131,192,198,349,264,285,74,107,338,317,351,90,16,65,147,86,57,6,81,227,117,245,62,265,103,82,299,150,2,238,343,237,79,296,188,148,126,33,143,108,141,181,281,246,341,129,206,29,98,161,102,239",20100,200
13,11,90990.13891330254,21.106954195566377,"115,282,247,284,272,269,108,36,257,207,308,295,344,75,105,109,274,71,283,144,277,204,7,342,334,198,138,312,251,234,322,27,85,347,132,217,53,121,49,110,229,175,9,233,92,346,142,226,287,41,208,145,25,120,140,309,340,242,244,61,170,48,339,46,203,156,34,8,177,95,290,215,212,3,56,24,125,51,279,275,146,59,187,194,301,124,349,17,135,22,300,72,173,91,306,143,192,318,153,264,332,5,58,131,231,263,241,78,68,28,267,214,202,11,18,320,302,106,314,243,186,35,158,224,171,179,236,327,288,325,155,43,310,220,15,149,100,273,139,278,230,166,99,4,183,330,96,289,191,76,253,127,219,13,185,298,168,196,89,20,232,218,181,286,258,12,345,60,199,136,26,94,294,14,182,252,249,304,297,261,209,39,30,165,329,335,331,10,55,67,37,221,45,256,348,323,151,52,157,80,167,326,88,307,119,101,42,87,172,270,328,31,205,66,19,154,190,291,84,23,259,130,223,336,69,316,83,268,225,311,235,321,197,176,240,70,303,184,324,123,254,293,271,116,262,163,248,128,50,213,189,337,228,97,305,104,159,118,201,122,63,266,216,210,280,333,313,32,292,152,114,54,77,44,162,174,112,250,178,315,93,137,211,38,200,164,222,160,195,40,319,111,64,350,169,180,73,260,134,113,21,47,133,239,102,161,81,29,206,245,341,74,281,193,141,117,79,33,126,148,188,296,98,237,343,238,2,150,227,82,103,265,299,129,255,90,276,6,57,86,147,65,16,62,351,317,338,107,246,285",20100,200
13,12,90583.37653054707,24.584288404262786,"115,282,247,284,272,269,78,36,257,207,308,295,344,75,105,109,274,71,283,144,277,187,7,342,334,318,138,312,251,234,322,27,85,347,132,217,53,121,49,110,229,175,9,233,92,346,142,226,287,41,208,145,25,120,140,309,340,242,244,276,170,48,339,46,203,156,34,8,177,95,290,215,212,3,56,24,125,51,279,80,157,52,151,323,348,256,45,221,37,67,55,10,331,335,329,165,30,39,153,261,297,304,249,252,182,14,294,94,26,136,199,60,345,12,258,286,193,218,232,20,89,196,168,298,185,13,219,127,253,76,191,289,96,330,183,4,99,166,139,278,230,273,100,149,15,220,310,43,155,325,288,327,236,179,171,224,35,158,255,186,11,314,202,319,18,302,106,61,267,64,350,169,180,73,260,134,113,21,47,133,332,5,58,214,306,91,173,72,300,22,135,17,209,124,301,194,204,59,146,275,167,326,88,307,119,101,42,87,172,270,328,31,205,66,19,154,190,280,210,216,266,63,122,201,118,159,104,305,97,228,337,189,213,50,128,248,163,262,116,271,293,254,123,324,184,303,70,240,176,197,321,235,311,225,268,83,316,69,336,223,130,259,23,84,291,44,77,54,114,152,292,32,313,333,162,174,112,250,178,315,93,33,126,148,188,296,79,237,343,238,2,150,299,82,103,265,62,245,117,227,81,6,57,86,147,65,16,90,351,317,338,107,74,285,264,349,198,192,131,231,263,241,320,68,28,111,243,40,195,160,222,164,200,38,211,137,143,108,141,181,281,246,341,129,206,29,98,161,102,239",20100,200
13,13,90366.57441152066,24.711663361890707,"115,282,247,284,272,269,341,129,257,207,308,295,344,75,105,109,274,71,283,144,277,187,7,342,334,318,138,312,251,234,322,27,85,347,132,217,53,121,49,110,229,175,9,233,92,346,142,226,287,41,208,145,25,120,140,309,340,242,244,276,170,48,339,46,203,156,34,8,177,95,290,215,212,3,56,24,125,51,279,80,157,52,151,323,348,256,45,221,37,67,55,10,331,335,329,165,30,39,153,261,297,304,249,252,182,14,294,94,26,136,199,60,345,12,258,286,193,218,232,20,89,196,168,298,185,13,219,127,253,76,191,289,96,330,183,4,99,166,139,278,230,273,100,149,15,220,310,43,155,325,288,327,236,179,171,224,35,158,255,186,11,314,202,319,18,302,106,61,267,64,350,169,180,73,260,134,113,21,47,133,332,5,58,131,231,263,241,320,68,28,111,243,40,195,160,222,98,200,38,211,137,93,315,178,250,112,174,162,44,77,54,114,152,292,32,313,333,291,84,23,259,130,223,336,69,316,83,268,225,311,235,321,197,176,240,70,303,184,324,123,254,293,271,116,262,163,248,128,50,213,189,337,228,97,305,104,159,118,201,122,63,74,78,245,206,29,81,161,102,239,264,349,198,192,214,306,91,36,72,246,22,135,17,209,204,33,126,148,188,19,154,190,280,210,216,266,281,181,141,108,79,301,194,164,59,146,275,167,326,88,307,119,101,42,87,172,270,328,31,205,66,296,124,237,343,238,2,150,299,82,103,265,62,173,117,227,143,6,57,86,147,65,16,90,351,317,338,107,300,285",20100,200
13,14,89718.70675162281,25.546424299371225,"115,282,247,284,272,269,78,36,257,207,308,295,344,75,105,109,274,71,283,144,277,204,7,342,334,198,138,312,251,234,322,27,85,347,132,217,53,121,49,110,229,175,9,233,92,346,142,226,287,41,208,145,25,120,140,309,340,242,244,143,170,48,339,46,203,156,34,8,177,95,290,215,212,3,56,24,125,51,279,80,157,52,151,323,348,256,45,221,37,67,55,10,331,335,329,165,30,39,153,261,297,304,249,252,182,14,294,94,26,196,89,20,232,218,181,286,258,12,345,60,199,136,168,298,185,13,219,127,253,76,191,289,96,330,183,4,99,166,139,278,230,273,100,149,15,220,310,43,155,325,288,327,236,179,171,222,160,195,40,243,111,28,68,320,241,263,231,131,58,5,332,133,47,21,113,134,260,73,180,169,350,64,267,61,106,302,18,319,202,314,11,186,255,158,35,224,98,200,38,211,137,93,315,178,250,112,174,162,44,77,54,114,152,292,32,313,333,291,91,173,72,239,102,161,81,29,206,245,341,74,281,193,141,108,79,301,194,187,59,146,275,167,326,88,307,119,101,42,87,172,270,328,31,205,66,19,154,276,6,190,280,210,216,266,63,122,201,118,159,104,305,97,228,337,189,213,50,128,248,163,262,116,271,293,254,123,324,184,303,70,240,176,197,321,235,311,225,268,83,316,69,336,223,130,259,23,84,306,214,192,318,349,264,135,17,117,124,33,126,148,188,296,164,237,343,238,2,150,227,82,103,265,299,129,209,90,22,300,57,86,147,65,16,62,351,317,338,107,246,285",20100,200
13,15,93744.0826132323,16.82046386206835,"115,282,247,244,311,225,268,189,257,207,308,295,344,75,160,62,309,190,284,238,329,65,293,111,25,145,249,41,97,212,3,56,24,125,51,279,80,157,52,151,323,348,256,45,221,37,67,55,10,331,335,277,165,30,39,153,261,297,304,138,252,182,14,294,94,26,136,199,60,345,12,258,184,181,218,232,20,89,50,128,248,185,13,116,123,253,229,110,324,121,303,217,132,347,197,321,322,234,305,290,95,177,8,34,156,203,46,339,48,274,71,283,242,289,191,76,175,9,233,92,346,142,226,287,312,208,213,334,120,140,337,340,96,330,183,159,118,166,139,278,230,273,100,149,15,220,310,43,155,325,288,28,342,319,40,195,105,222,164,150,227,82,103,265,299,129,104,90,276,6,57,86,147,271,16,109,351,317,119,101,42,87,219,270,328,31,205,66,19,154,214,280,210,216,266,63,122,201,99,224,117,251,215,228,7,36,198,196,168,298,204,202,172,163,254,170,127,49,286,53,314,240,176,85,27,235,272,269,320,83,316,69,336,223,130,259,23,84,291,333,313,32,292,152,114,262,70,11,186,255,158,35,4,171,179,236,327,68,78,241,263,231,131,58,5,332,264,349,318,192,143,306,91,173,72,300,22,135,17,209,124,33,126,148,188,296,98,237,343,144,2,200,38,167,275,146,307,59,187,194,301,79,108,141,193,281,74,341,245,206,29,81,161,102,239,133,47,21,113,134,260,73,180,169,350,64,267,61,106,302,18,243,54,77,44,162,174,112,250,178,315,93,137,211,326,88,338,107,246,285",20100,200
14,0,98831.54498132392,15.1602363583128,"4,285,66,121,344,208,170,317,116,301,6,112,135,179,350,156,114,244,67,266,305,310,49,185,38,94,62,72,105,28,181,29,265,299,232,130,26,138,102,251,197,241,119,96,202,237,267,264,80,316,132,189,341,88,224,278,286,153,14,144,125,345,95,338,215,152,325,198,270,321,154,256,13,332,284,98,76,134,27,151,210,31,346,16,273,131,167,297,324,176,268,337,8,255,103,193,331,45,113,225,248,100,111,163,158,51,209,308,343,182,7,84,97,108,302,168,222,311,309,3,117,250,296,334,351,123,137,340,318,162,243,313,348,136,19,18,171,91,42,172,79,20,227,33,272,68,220,21,147,319,314,216,25,23,295,238,254,149,260,303,218,39,173,300,53,145,221,282,312,291,240,275,46,326,52,327,333,104,71,5,24,159,85,139,228,83,57,106,142,201,140,65,347,10,157,233,124,277,320,40,205,294,231,17,60,43,342,236,235,63,330,306,196,245,93,339,150,184,322,229,127,41,90,175,155,329,212,148,64,213,246,146,118,279,195,242,307,226,335,219,141,207,281,252,109,44,48,261,70,82,304,349,35,214,323,253,199,283,290,247,177,86,180,87,271,99,32,160,34,56,187,12,336,292,78,276,269,194,110,69,165,58,223,188,54,115,263,288,11,36,37,234,174,293,211,47,217,166,81,133,59,126,204,50,206,262,120,249,89,190,30,74,77,143,9,186,75,203,101,169,191,298,164,274,92,258,128,73,122,287,22,183,15,230,259,280,61,257,178,328,129,192,107,315,2,55,200,161,239,289",20100,200
14,1,96737.58898032109,15.32270039491376,"190,95,217,334,283,269,271,8,96,162,197,163,285,44,222,220,142,186,144,350,82,248,301,295,51,86,124,341,270,41,176,184,48,167,66,181,175,323,165,201,59,343,116,253,19,251,120,257,37,303,340,84,206,132,207,76,293,275,296,4,229,247,12,318,266,115,38,49,351,233,260,195,237,85,309,174,215,91,178,105,196,286,36,230,128,89,191,102,204,138,292,94,147,65,139,161,125,187,322,150,155,315,302,194,280,109,310,287,319,18,45,119,27,26,149,338,205,69,103,75,331,47,145,297,171,208,299,74,93,57,272,31,300,53,5,152,101,121,298,198,282,306,21,232,246,92,202,328,77,15,80,97,14,3,20,203,129,200,35,134,88,13,106,250,154,333,87,11,158,279,223,199,274,111,153,50,54,146,216,100,166,130,259,305,304,346,221,126,9,289,311,317,83,56,339,231,118,113,242,2,234,335,316,320,40,225,294,160,17,267,211,70,25,16,228,254,213,52,212,238,255,148,39,72,241,277,345,42,99,278,64,110,104,71,325,288,284,131,245,236,342,43,141,169,308,60,264,261,336,327,235,63,330,68,193,182,62,313,290,10,157,226,81,123,177,337,188,249,348,326,218,185,61,140,117,321,55,98,291,276,127,78,159,307,135,258,168,273,136,112,22,281,239,252,192,34,329,151,227,244,344,28,6,209,314,268,243,312,240,347,224,29,24,179,156,30,263,262,137,67,143,90,7,324,265,79,189,133,349,73,46,23,172,332,256,183,114,122,164,180,33,108,107,170,32,219,214,58,210,173",20100,200
14,2,93542.64669486154,27.42459054528486,"190,95,217,195,283,269,271,8,329,10,197,163,285,44,222,220,142,186,144,350,82,248,301,55,51,86,124,341,270,41,176,184,48,167,66,181,175,323,165,201,59,343,116,253,85,251,120,257,37,303,233,84,206,132,207,76,293,275,62,4,229,247,12,157,266,115,38,49,177,128,61,204,279,158,11,174,333,43,130,166,100,276,288,231,118,113,242,2,234,335,316,320,40,225,294,193,331,45,154,342,236,245,131,284,146,54,50,153,111,274,199,223,249,188,326,87,185,215,312,290,268,314,209,6,28,344,244,227,151,96,34,192,252,239,281,22,112,237,273,168,258,135,17,47,145,129,200,35,134,322,187,125,161,240,347,224,29,24,179,156,30,263,90,143,67,81,262,7,324,328,77,15,80,97,14,307,159,78,127,216,25,23,295,238,254,149,260,91,171,18,19,136,348,334,351,123,137,340,318,162,243,313,296,250,117,3,309,311,235,327,336,261,264,60,308,169,267,211,70,291,16,228,160,213,52,212,321,255,148,39,72,241,277,345,42,99,278,64,110,104,71,325,339,56,83,317,63,289,9,126,221,346,304,305,259,182,106,13,88,150,155,315,302,194,280,109,94,75,138,337,102,191,89,272,57,93,74,299,208,218,297,203,20,68,292,103,69,205,338,140,26,27,119,141,330,319,287,310,147,65,139,178,105,196,286,36,230,226,31,300,53,5,152,101,121,298,122,114,183,170,332,246,92,202,265,79,189,133,349,73,46,98,172,232,256,306,282,198,164,180,33,108,107,21,32,219,214,58,210,173",20100,200
14,3,96587.12206079443,15.836197377915264,"190,95,217,334,283,269,271,8,96,162,197,163,285,44,222,220,142,186,144,350,82,248,301,295,51,86,124,341,270,41,176,184,48,167,66,181,175,323,165,201,59,343,116,253,19,251,120,257,37,303,340,84,206,132,207,76,293,275,296,4,229,247,12,318,266,115,38,49,351,233,260,195,237,85,309,174,215,91,178,105,196,286,36,230,128,89,191,102,204,138,292,94,147,65,139,161,125,187,322,150,155,315,302,194,280,109,310,287,319,18,45,119,27,26,149,338,205,69,103,75,331,47,145,297,171,208,299,74,93,57,272,31,300,53,5,152,101,121,298,202,92,246,232,21,306,282,198,328,77,15,80,97,14,3,20,203,129,214,35,134,88,13,106,250,154,333,87,11,158,279,223,199,274,111,153,50,54,146,216,100,166,130,259,305,304,346,221,126,9,289,311,317,83,56,339,231,118,113,242,2,234,335,316,320,40,225,294,160,17,141,43,342,236,245,131,284,288,325,71,104,110,64,278,99,42,345,277,241,72,39,148,255,238,212,52,213,254,228,16,25,70,211,267,169,308,60,264,261,336,327,235,63,330,68,193,182,62,313,290,10,157,226,81,123,177,337,188,249,348,326,218,185,61,140,117,321,55,98,291,276,127,78,159,307,135,258,168,273,136,112,22,281,239,252,192,34,329,151,227,244,344,28,6,209,314,268,243,312,240,347,224,29,24,179,156,30,263,90,143,67,137,262,7,324,265,79,189,133,349,73,46,23,172,332,256,183,114,122,164,180,33,108,107,170,32,219,200,58,210,173",20100,200
14,4,95416.17563779981,21.523730096667776,"190,95,217,195,283,269,271,8,329,10,197,163,285,44,222,220,142,186,144,350,82,248,184,176,41,270,341,124,86,51,55,301,48,167,66,181,175,323,165,201,59,343,116,253,85,251,120,257,37,303,233,84,206,132,207,76,293,275,62,4,229,247,12,157,266,115,38,49,177,128,61,204,279,158,11,174,333,15,77,328,145,23,331,135,258,168,273,237,112,22,281,239,252,192,34,96,151,227,244,344,28,6,209,314,268,290,312,215,185,87,326,188,249,223,199,274,111,153,50,54,146,169,308,60,264,261,336,327,235,311,309,3,117,250,296,313,243,162,267,340,137,123,288,276,100,166,130,43,80,97,14,307,159,240,347,224,29,24,179,156,30,263,90,143,67,81,92,246,198,129,200,35,134,322,187,125,161,91,216,13,106,47,259,305,304,346,221,126,9,289,18,317,83,56,339,231,118,113,242,2,234,335,316,320,40,225,294,160,17,141,154,342,236,245,131,284,318,155,315,291,16,228,193,213,52,212,321,255,148,39,72,241,277,345,42,99,278,64,110,104,71,325,351,334,348,136,63,19,171,78,260,149,254,238,295,182,25,127,88,150,211,70,302,194,280,109,94,75,138,337,102,191,89,272,57,93,74,299,208,218,297,203,20,68,292,103,69,205,338,140,26,27,119,45,330,319,287,310,147,65,139,178,105,196,286,36,230,226,31,300,53,5,152,101,121,298,122,114,183,170,332,7,262,202,265,79,189,133,349,73,46,98,172,232,256,306,282,324,164,180,33,108,107,21,32,219,214,58,210,173",20100,200
14,5,96411.24584444743,16.63399859615998,"190,95,217,195,283,269,271,8,329,10,197,163,285,44,222,220,142,186,144,350,82,248,301,295,51,86,124,341,270,41,176,184,48,167,66,181,175,323,165,201,59,343,116,253,19,251,120,257,37,303,340,84,206,132,207,76,293,275,296,4,229,247,12,318,266,115,38,49,351,233,260,334,237,85,309,174,215,91,178,105,196,286,36,230,128,89,191,102,204,138,292,94,147,65,139,161,125,187,322,150,155,315,302,194,280,109,310,287,319,18,45,119,27,26,149,338,205,69,103,75,331,47,145,297,171,208,299,74,93,57,272,31,300,53,5,152,101,121,298,198,282,306,21,232,246,92,202,328,77,15,80,97,14,3,20,203,129,200,35,134,88,13,106,250,154,333,87,11,158,279,223,199,274,111,153,50,54,146,216,100,166,130,259,305,304,346,221,126,9,289,311,317,83,56,339,231,118,113,242,2,234,335,316,320,40,225,294,160,17,141,43,342,236,245,131,284,288,325,71,104,110,64,278,99,42,345,277,241,72,39,148,255,238,212,52,213,254,228,16,25,70,211,267,169,308,60,264,261,336,327,235,63,330,68,193,182,62,313,290,162,157,226,81,123,177,337,188,249,348,326,218,185,61,140,117,321,55,98,291,276,127,78,159,307,135,258,168,273,136,112,22,281,239,252,192,34,96,151,227,244,344,28,6,209,314,268,243,312,240,347,224,29,24,179,156,30,263,90,143,67,137,262,7,324,265,79,189,133,349,73,46,23,172,332,256,183,114,122,164,180,33,108,107,170,32,219,214,58,210,173",20100,200
14,6,96166.08081738043,17.031466809350405,"190,95,217,334,283,269,271,8,329,10,197,163,285,44,222,220,142,186,144,350,82,248,301,295,51,86,124,341,270,41,176,184,48,167,66,313,175,323,165,201,59,343,116,253,19,251,120,257,37,123,340,84,206,132,207,76,293,275,296,4,229,247,12,318,266,115,38,49,351,233,260,195,237,85,309,174,215,91,178,105,196,286,36,230,128,89,191,102,204,138,292,94,147,65,139,161,125,187,322,150,155,315,302,194,280,109,310,287,319,18,45,119,27,26,149,338,205,69,103,75,331,47,145,297,171,208,299,74,93,57,272,31,300,53,5,152,101,121,298,198,282,306,21,232,246,92,202,328,77,15,80,97,14,3,20,203,129,200,35,134,88,13,106,250,154,333,87,11,158,279,223,199,274,111,153,50,54,146,216,100,166,130,259,305,304,346,221,126,9,289,311,317,83,56,339,231,118,113,242,2,234,335,316,320,40,225,294,160,17,141,43,342,236,245,131,284,288,325,71,104,110,64,278,99,42,345,277,241,72,39,148,255,238,212,52,213,254,228,16,25,70,211,267,169,308,60,264,261,336,327,235,63,330,68,193,182,62,181,290,162,157,226,81,303,177,337,188,249,348,326,218,185,61,140,117,321,55,98,291,276,127,78,159,307,135,258,168,273,136,112,22,281,239,252,192,34,96,151,227,244,344,28,6,209,314,268,243,312,240,347,224,29,24,179,156,30,263,262,137,67,143,90,7,324,265,79,189,133,349,73,46,23,172,332,256,183,114,122,164,180,33,108,107,170,32,219,214,58,210,173",20100,200
14,7,95558.04299978082,20.93769892667219,"190,95,217,195,283,269,271,8,329,10,197,163,285,44,222,220,142,186,144,350,82,248,301,55,51,86,124,341,270,41,176,184,48,167,66,181,175,323,165,201,59,343,116,253,85,251,120,257,37,303,233,84,206,132,207,76,293,275,62,4,229,247,12,157,266,115,38,49,177,128,61,204,279,158,11,174,333,43,130,166,100,276,288,231,118,113,242,2,234,335,316,320,40,225,294,160,17,141,154,342,236,245,131,284,146,54,50,153,111,274,199,223,249,188,326,87,185,215,312,290,268,314,209,6,28,344,244,227,151,96,34,192,252,239,281,22,112,237,273,168,258,135,331,47,145,129,200,35,134,322,187,125,161,240,347,224,29,24,179,156,30,263,90,143,67,81,262,7,324,328,77,15,80,97,14,307,159,78,127,216,25,23,295,238,254,149,260,91,171,18,19,136,348,334,351,123,137,340,318,162,243,313,296,250,117,3,309,311,235,327,336,261,264,60,308,169,267,211,70,291,16,228,193,213,52,212,68,241,321,69,98,203,277,345,42,99,278,64,110,104,71,325,339,56,83,317,63,289,9,126,221,346,304,305,259,182,106,13,88,150,155,315,302,194,280,109,94,75,138,337,102,191,89,272,57,93,74,299,208,218,297,148,255,39,72,140,205,292,202,20,26,27,119,45,330,319,287,310,147,65,139,178,105,196,286,36,230,226,31,300,53,5,152,101,121,298,122,114,183,170,332,246,92,338,265,79,189,133,349,73,46,103,172,232,256,306,282,198,164,180,33,108,107,21,32,219,214,58,210,173",20100,200
14,8,98876.5494890939,15.01822400133235,"4,285,66,121,344,208,170,317,116,301,6,112,135,179,350,156,114,244,67,266,305,310,49,185,38,94,62,72,105,28,181,29,265,299,232,130,26,138,102,251,197,241,119,96,202,237,267,264,80,316,132,189,341,88,224,278,286,153,14,144,125,345,95,338,215,152,325,198,270,321,154,256,13,332,284,98,76,134,27,151,210,31,346,16,273,131,167,297,324,176,268,337,8,255,103,193,331,45,113,225,248,100,111,163,158,51,209,308,343,182,7,84,97,108,302,168,222,311,309,3,117,250,296,334,351,123,137,340,318,162,243,313,348,136,19,18,171,91,42,172,79,20,227,33,272,68,220,21,147,319,314,216,25,23,295,238,254,149,260,303,218,39,173,300,53,145,221,282,312,291,213,347,65,110,140,64,69,148,10,157,233,212,292,262,120,249,89,190,30,74,77,143,9,180,86,177,247,290,283,199,253,323,214,35,349,304,82,70,191,169,101,203,59,126,204,50,206,231,294,205,40,320,277,335,226,307,242,195,279,118,339,150,184,322,187,12,336,85,159,24,57,106,142,115,54,188,223,58,165,201,263,288,11,36,37,234,174,293,211,47,217,166,81,133,75,186,326,52,327,333,104,71,5,83,228,139,17,60,43,342,236,235,63,330,306,196,245,93,146,246,194,269,276,78,329,155,175,90,41,127,229,56,34,160,32,99,271,87,46,275,240,124,219,141,207,281,252,109,44,48,261,298,164,274,92,258,128,257,280,73,61,178,259,230,15,183,22,287,122,328,129,192,107,315,2,55,200,161,239,289",20100,200
14,9,94642.59166348819,22.25677381225806,"190,95,217,195,283,269,271,8,329,10,197,163,285,44,222,220,142,186,144,350,82,248,301,295,51,86,124,341,270,41,176,184,48,167,66,313,175,323,165,201,59,343,116,253,85,251,120,257,37,303,233,84,206,132,207,76,293,275,62,4,229,247,12,157,266,115,38,49,177,128,16,204,279,158,11,174,333,43,130,166,100,60,288,325,71,104,110,64,278,99,42,345,277,267,23,25,216,98,172,232,256,319,330,45,119,27,26,308,202,250,70,3,309,311,235,327,297,218,208,299,74,93,57,272,89,191,102,337,138,75,94,109,280,194,302,315,155,150,88,13,106,182,259,305,304,346,221,126,9,289,63,317,83,56,339,231,118,113,242,2,234,335,316,320,40,225,294,160,17,141,154,342,236,245,131,284,146,54,50,153,111,274,199,223,249,348,326,87,185,91,312,243,268,314,209,6,28,344,244,227,151,96,34,192,252,239,281,22,112,136,273,168,258,135,331,47,145,129,200,35,134,322,187,125,161,240,347,224,29,24,179,156,30,263,90,143,67,137,262,7,324,328,77,15,80,97,14,307,159,78,127,276,291,65,55,321,117,140,61,215,193,213,52,212,211,255,148,39,72,241,238,254,149,260,68,171,18,19,237,188,334,351,123,81,340,318,162,103,181,296,205,69,290,292,228,20,203,336,261,264,46,73,349,133,189,79,265,338,92,246,332,170,183,114,122,298,121,101,152,5,53,300,31,226,230,36,286,196,105,178,139,169,147,310,287,306,282,198,164,180,33,108,107,21,32,219,214,58,210,173",20100,200
14,10,100872.31819333743,13.862398774138718,"4,285,66,121,344,208,170,317,116,301,6,112,135,179,350,156,114,244,67,266,94,38,49,185,310,305,62,72,105,28,181,29,265,299,232,130,26,138,102,251,197,241,119,96,202,237,267,264,80,316,132,189,341,88,224,278,286,153,14,144,125,345,95,338,215,152,325,198,270,321,154,256,13,332,284,98,76,134,27,151,210,31,346,16,273,131,167,297,324,176,268,337,8,255,103,193,331,45,113,225,248,100,111,163,158,51,209,308,343,182,7,84,97,108,302,168,222,311,309,3,117,250,296,313,243,162,318,340,137,123,351,334,348,136,19,18,171,91,42,172,79,20,227,33,272,68,220,21,147,314,319,216,25,23,295,238,254,149,260,303,218,39,173,300,53,145,221,282,312,291,233,157,10,347,65,140,74,30,190,89,249,120,262,292,212,148,5,71,104,333,327,52,326,46,275,240,124,219,141,207,281,252,109,44,48,304,82,70,261,349,35,214,323,253,199,283,247,290,177,86,180,242,307,226,69,110,213,64,229,127,41,90,175,155,329,78,276,269,194,246,146,93,245,196,306,330,63,235,236,342,43,60,17,231,294,205,40,320,277,335,118,279,9,87,271,99,32,160,34,322,83,228,139,336,12,187,56,184,150,339,165,58,223,188,54,115,263,288,11,36,37,234,174,293,211,47,217,166,81,133,75,186,195,143,77,22,183,15,230,259,280,191,206,50,204,126,59,203,101,169,85,298,164,274,92,258,128,257,159,73,61,178,24,57,106,142,201,287,122,328,129,192,107,315,55,289,200,161,239,2",20100,200
14,11,101175.51304345283,13.765879307424425,"4,285,167,131,273,16,346,31,125,151,27,134,76,98,284,332,13,256,154,321,270,198,325,152,215,338,95,345,210,144,14,153,286,278,224,88,341,189,132,316,80,264,267,237,202,96,119,241,197,251,102,138,26,130,232,299,265,29,181,28,105,72,62,94,38,185,49,310,305,266,67,244,114,156,350,179,135,112,6,301,116,317,170,208,344,121,66,297,324,176,268,337,8,255,103,193,331,45,113,225,248,100,111,163,158,51,209,308,343,182,7,84,97,108,302,168,222,311,309,3,117,250,296,313,243,162,318,340,137,123,351,334,348,136,19,18,171,91,42,172,79,20,227,33,272,68,220,21,147,319,314,216,25,23,295,238,254,149,260,303,218,39,173,300,53,145,221,282,312,291,233,157,10,347,65,140,74,30,190,89,249,120,262,292,212,148,5,71,104,69,77,143,9,180,86,177,247,290,283,199,253,323,214,35,349,304,82,70,191,169,101,203,59,126,204,50,206,231,294,205,40,320,277,335,226,307,242,195,279,118,339,150,184,322,187,12,336,85,159,24,57,106,142,115,54,188,223,58,165,201,263,288,11,36,37,234,174,293,211,47,217,166,81,133,75,186,326,52,327,333,110,213,64,83,228,139,17,60,43,342,236,235,63,330,306,196,245,93,146,246,194,269,276,78,329,155,175,90,41,127,229,56,34,160,32,99,271,87,46,275,240,124,219,141,207,281,252,109,44,48,261,298,164,274,92,258,128,257,280,73,61,178,259,230,15,183,22,287,122,328,129,192,107,315,2,55,200,161,239,289",20100,200
14,12,101864.13097619652,13.32825158261327,"4,285,167,131,273,16,346,31,125,151,27,134,154,256,13,332,284,98,76,321,270,198,325,152,215,338,95,345,210,144,14,153,286,278,297,88,341,344,208,316,80,264,267,237,202,96,119,241,197,251,102,138,26,130,232,299,265,29,181,28,105,72,62,94,38,185,49,310,305,266,67,244,114,156,350,179,135,112,6,301,116,317,170,132,189,121,66,224,324,176,268,337,8,255,103,193,331,45,113,225,248,100,111,163,158,51,209,308,343,182,7,84,97,108,302,168,222,311,309,3,117,250,296,313,243,162,318,340,137,123,351,334,348,136,19,18,171,91,42,172,79,20,227,33,272,68,220,319,147,21,314,216,25,23,295,238,254,149,260,303,218,39,173,300,53,145,221,282,312,291,233,157,10,347,65,140,74,30,190,89,249,120,262,292,212,148,5,71,104,333,327,52,326,46,275,240,124,219,141,207,281,252,109,44,48,304,82,70,261,349,35,214,323,253,199,283,247,290,177,86,180,242,307,226,69,110,213,64,229,127,41,90,175,155,329,78,276,269,194,246,146,93,245,196,306,330,63,235,236,342,43,60,17,231,294,205,40,320,277,335,118,279,9,87,271,99,32,160,34,322,83,228,139,336,12,187,56,184,150,339,165,58,223,188,54,115,263,288,11,36,37,234,174,293,211,47,217,166,81,133,75,186,195,143,77,22,183,15,230,259,280,191,101,169,257,128,258,92,274,164,298,61,178,73,203,59,126,159,50,206,201,122,106,57,24,328,85,142,287,204,129,192,107,315,2,55,200,161,239,289",20100,200
14,13,101543.24917626673,13.381736123463373,"4,285,167,131,273,16,346,31,125,151,27,134,76,98,284,332,13,256,154,321,270,198,325,152,215,338,95,345,210,144,14,153,286,278,224,66,121,344,208,316,80,264,267,237,202,96,119,241,197,251,102,138,26,130,232,299,265,29,181,28,105,72,62,94,38,185,49,310,305,266,67,244,114,156,350,179,135,112,6,301,116,317,170,132,189,341,88,297,324,176,268,337,8,255,103,193,331,45,113,225,248,100,111,163,158,51,209,308,343,182,7,84,97,108,302,168,222,311,309,3,117,250,296,334,351,123,137,340,318,162,243,313,348,136,19,18,171,91,42,172,79,20,227,33,272,68,220,21,147,319,314,216,25,23,295,238,254,149,260,303,218,39,173,300,53,145,221,282,312,291,233,157,10,347,65,140,74,30,190,89,249,120,262,292,212,148,5,71,104,333,327,52,326,46,328,122,287,22,183,15,230,259,178,61,73,280,257,128,258,92,274,164,298,191,169,101,203,59,126,204,50,206,85,159,24,57,106,142,201,77,143,195,186,75,133,81,166,217,47,211,293,174,234,37,36,11,288,263,115,54,188,223,58,165,339,150,184,56,187,12,336,139,228,83,271,99,32,160,34,322,87,9,279,118,335,277,320,40,205,294,231,17,60,43,342,196,245,93,146,246,194,269,276,78,329,155,175,90,330,306,236,235,63,41,127,219,141,207,281,252,304,253,283,199,82,70,261,349,35,214,323,44,109,48,290,247,177,226,180,242,229,240,213,110,69,275,307,64,124,86,129,192,107,315,2,55,200,161,239,289",20100,200
14,14,101072.15095470156,13.846932091429899,"4,285,167,131,273,16,346,31,125,151,27,134,76,98,284,332,13,256,154,210,345,95,338,215,152,325,198,270,321,144,14,153,286,278,297,88,341,344,208,316,80,264,267,237,202,96,119,241,197,251,102,138,26,130,232,299,265,29,181,28,105,72,62,94,38,185,49,310,305,266,67,244,114,156,350,179,135,112,6,301,116,317,170,132,189,121,66,224,324,176,268,337,8,255,103,193,331,45,113,225,248,100,111,163,158,51,209,308,343,182,7,84,97,108,302,168,222,311,309,3,117,250,296,313,243,162,318,340,137,123,351,334,348,136,19,18,171,91,42,172,79,20,227,33,272,68,220,21,147,314,319,216,25,23,295,238,254,149,260,303,218,39,173,300,53,145,221,282,312,291,233,157,10,347,65,140,74,30,190,89,249,120,262,292,212,148,5,71,104,333,327,52,326,46,328,122,287,22,183,15,230,259,178,61,73,280,257,128,258,92,274,164,298,191,169,101,203,59,126,204,50,206,85,159,24,57,106,142,201,77,143,195,186,75,133,81,166,217,47,211,293,174,234,37,36,11,288,263,115,54,188,223,58,165,339,150,184,56,187,12,336,139,228,83,271,99,32,160,34,322,87,9,279,118,335,277,320,40,205,294,231,17,60,43,342,236,235,63,330,306,196,245,93,146,246,194,269,276,78,329,155,175,90,41,127,219,141,207,281,252,304,253,283,199,82,70,261,349,35,214,323,44,109,48,290,247,177,226,180,242,229,240,213,110,69,275,307,64,124,86,129,192,107,315,2,55,200,161,239,289",20100,200
14,15,96551.29055951364,16.039368374985365,"190,95,217,334,283,269,271,8,96,162,197,163,285,44,222,220,142,186,144,350,82,248,301,295,51,86,124,341,270,41,176,184,48,167,66,313,175,323,165,201,59,343,116,253,19,251,120,257,37,303,340,84,206,132,207,76,293,275,296,4,229,247,12,318,266,115,38,49,351,233,260,195,237,85,309,174,215,91,178,105,196,286,36,230,128,89,191,102,204,138,292,94,147,65,139,161,125,187,322,150,155,315,302,194,280,109,310,287,319,18,45,119,27,26,149,338,205,69,103,75,331,47,145,297,171,208,299,74,93,57,272,31,300,53,5,152,101,121,298,202,92,246,232,21,306,282,198,328,77,15,80,97,14,3,20,203,129,214,35,134,88,13,106,250,154,333,87,11,158,279,223,199,274,111,153,50,54,146,216,100,166,130,259,305,304,346,221,126,9,289,311,317,83,56,339,231,118,113,242,2,234,335,316,320,40,225,294,160,17,141,43,342,236,245,131,284,288,325,71,104,110,64,278,99,42,345,277,241,72,39,148,255,238,212,52,213,254,228,16,25,70,211,267,169,308,60,264,261,336,327,235,63,330,68,193,182,62,181,290,10,157,226,81,123,177,337,188,249,348,326,218,185,61,140,117,321,55,98,291,276,127,78,159,307,135,258,168,273,136,112,22,281,239,252,192,34,329,151,227,244,344,28,6,209,314,268,243,312,240,347,224,29,24,179,156,30,263,90,143,67,137,262,7,324,265,79,189,133,349,73,46,23,172,332,256,183,114,122,164,180,33,108,107,170,32,219,200,58,210,173",20100,200
14,16,99051.8435057213,14.681520771166555,"4,285,66,121,344,208,170,317,116,301,6,112,135,179,350,156,114,244,67,266,94,38,49,185,310,305,62,72,105,28,181,29,265,299,232,130,26,138,102,251,197,241,119,96,202,237,267,264,80,316,132,189,341,88,224,278,286,153,14,144,125,345,95,338,215,152,325,198,270,321,154,256,13,332,284,98,76,134,27,151,210,31,346,16,273,131,167,297,324,176,268,337,8,255,103,193,331,45,113,225,248,100,111,163,158,51,209,308,343,182,7,84,97,108,302,168,222,311,309,3,117,250,296,313,243,162,318,340,137,123,351,334,348,136,19,18,171,91,42,172,79,20,227,33,272,68,220,21,147,314,319,216,25,23,295,238,254,149,260,303,218,39,173,300,53,145,221,282,312,291,240,275,46,326,52,327,333,104,71,5,24,159,85,139,228,83,57,106,142,201,140,65,347,10,157,233,124,277,320,40,205,294,231,17,60,43,342,236,235,63,330,306,196,245,93,339,150,184,322,229,127,41,90,175,155,329,212,148,64,213,246,146,118,279,195,242,307,226,335,219,141,207,281,252,109,44,48,261,70,82,304,349,35,214,323,253,199,283,290,247,177,86,180,87,271,99,32,160,34,56,187,12,336,292,78,276,269,194,110,69,165,58,223,188,54,115,263,288,11,36,37,234,174,293,211,47,217,166,81,133,75,186,328,122,287,22,183,15,230,259,280,191,101,169,257,128,258,92,274,164,298,61,178,73,203,59,126,9,50,206,74,143,190,89,249,120,262,30,77,204,129,192,107,315,2,55,200,161,239,289",20100,200
14,17,99640.93836528932,14.288670329083901,"4,285,66,121,344,208,170,317,116,301,6,112,135,179,350,156,114,244,67,266,305,310,49,185,38,94,62,72,105,28,181,29,265,299,232,130,26,138,102,251,197,241,119,96,202,237,267,264,80,316,132,189,341,88,224,278,286,153,14,144,125,345,95,338,215,152,325,198,270,321,154,256,13,332,284,98,76,134,27,151,210,31,346,16,273,131,167,297,324,176,268,337,8,255,103,193,331,45,113,225,248,100,111,163,158,51,209,308,343,182,7,84,97,108,302,168,222,311,309,3,117,250,296,313,243,162,318,340,137,123,351,334,348,136,19,18,171,91,42,172,79,20,227,33,272,68,220,21,147,314,319,216,25,23,295,238,254,149,260,303,218,39,173,300,53,145,221,282,312,291,233,157,10,347,65,140,74,30,190,89,249,120,262,292,212,148,5,71,104,333,327,52,326,46,275,240,124,219,141,207,281,252,109,44,48,304,82,70,261,349,35,214,323,253,199,283,247,290,177,86,180,242,307,226,69,110,213,64,229,127,41,11,288,263,115,54,188,223,58,165,339,150,184,56,187,12,336,139,228,83,322,34,160,32,99,271,87,9,279,118,335,277,320,40,205,294,231,17,60,43,342,236,235,63,330,306,196,245,93,146,246,194,269,276,78,329,155,175,90,36,37,234,174,293,211,47,217,166,81,133,75,186,195,143,274,92,258,128,257,169,101,191,280,259,230,15,183,22,77,164,298,61,178,73,203,59,126,159,50,206,201,122,106,57,24,328,85,142,287,204,129,192,107,315,2,55,200,161,239,289",20100,200
14,18,101892.77912084322,12.509973345558175,"4,285,167,131,273,16,346,31,125,151,27,134,76,98,284,332,13,256,154,321,270,198,325,152,215,338,95,345,210,144,14,153,286,278,297,88,341,344,208,316,80,264,38,94,62,72,105,28,181,29,265,299,232,130,26,138,102,251,197,241,119,96,202,237,267,185,49,310,305,266,67,244,114,156,350,179,135,112,6,301,116,317,170,132,189,121,66,224,324,176,268,337,8,255,103,193,331,45,113,225,248,100,111,163,158,51,209,308,343,182,7,84,97,108,302,168,222,311,309,3,117,250,296,313,243,162,318,340,137,123,351,334,348,136,19,18,171,91,42,172,79,20,227,33,272,68,220,21,147,314,319,216,25,23,295,238,254,149,260,303,218,39,173,300,53,145,221,282,312,291,233,157,10,347,65,140,74,30,190,89,249,120,262,292,212,148,5,71,104,333,327,52,326,46,275,240,124,219,141,207,281,252,109,44,48,304,82,70,261,349,35,214,323,253,199,283,247,290,177,86,180,242,307,226,69,110,213,64,229,127,41,90,175,155,329,78,276,269,194,246,146,93,245,196,306,330,63,235,236,342,43,60,17,231,294,205,40,320,277,335,118,279,9,87,271,99,32,160,34,322,83,228,139,336,12,187,56,184,150,339,165,58,223,188,54,115,263,288,11,36,37,234,174,293,211,47,217,166,81,133,75,186,195,143,274,92,258,128,257,169,101,191,280,259,230,15,183,22,77,164,298,61,178,73,203,59,126,159,50,206,201,122,106,57,24,328,85,142,287,204,129,192,107,315,2,55,200,161,239,289",20100,200
14,19,93058.32870351976,27.704693231321734,"190,95,217,195,283,269,271,8,96,162,197,163,285,44,222,220,142,186,144,350,82,248,301,295,51,86,124,341,270,41,176,184,48,167,66,313,175,323,165,201,59,343,116,253,85,251,120,257,37,303,233,84,206,132,207,76,293,275,62,4,229,130,43,333,174,11,158,279,204,61,128,177,49,38,115,266,157,12,247,166,100,276,288,325,71,104,110,64,278,99,42,345,277,55,23,25,216,127,78,159,203,185,215,312,290,268,314,209,6,28,10,318,340,137,123,351,334,348,136,19,18,171,91,260,149,254,238,241,72,39,148,255,321,212,52,213,193,228,16,291,70,211,267,169,308,60,264,261,336,327,235,311,309,3,117,250,296,181,243,344,244,227,151,329,34,192,252,239,281,22,112,237,273,168,258,135,331,47,145,129,200,35,134,322,187,125,161,240,347,224,29,24,179,156,30,263,90,143,67,81,262,7,324,205,69,103,292,68,20,87,326,188,111,274,199,223,249,153,50,54,146,284,131,245,236,342,154,141,17,160,294,225,40,320,316,335,234,2,242,113,118,231,339,56,83,317,63,289,9,126,221,346,304,305,259,182,106,13,88,150,155,315,302,194,280,109,94,75,138,337,102,191,89,272,57,93,74,299,208,218,297,307,14,328,338,15,97,80,77,140,26,27,119,45,330,319,287,310,147,65,139,178,105,196,286,36,230,226,31,300,53,5,152,101,121,298,122,114,183,170,332,246,92,202,265,79,189,133,349,73,46,98,172,232,256,306,282,198,164,180,33,108,107,21,32,219,214,58,210,173",20100,200
14,20,94043.92605485112,22.294358011269743,"190,95,217,195,283,269,271,8,329,10,197,163,285,44,222,220,142,186,144,350,82,248,301,55,51,86,124,341,270,41,176,184,48,167,66,181,175,323,165,201,59,343,116,253,85,251,120,257,37,303,233,84,206,132,207,76,293,275,62,4,229,247,12,157,266,115,38,49,177,128,61,204,279,158,11,174,333,43,130,166,100,276,288,96,151,227,244,344,34,313,296,250,117,3,309,311,235,327,336,261,264,60,308,169,146,54,50,153,111,274,199,223,249,188,326,87,185,215,312,290,268,314,209,6,28,123,137,340,267,162,243,192,252,239,22,281,112,240,273,168,258,135,331,23,145,200,129,237,159,307,14,97,80,15,77,328,198,246,92,81,67,143,90,263,30,156,179,24,29,224,347,35,134,322,187,125,161,91,216,13,106,47,259,305,304,346,221,126,9,289,18,317,83,56,339,231,118,113,242,2,234,335,316,320,40,225,294,160,17,141,154,342,236,245,131,284,318,155,315,291,16,228,193,213,52,212,321,255,148,39,72,241,277,345,42,99,278,64,110,104,71,325,351,334,348,136,63,19,171,78,260,149,254,238,295,182,25,127,88,150,211,70,302,194,280,109,94,75,138,337,102,191,89,272,57,93,74,299,208,218,297,203,20,68,292,103,69,205,338,140,26,27,119,45,330,319,287,310,147,65,139,178,105,196,286,36,230,226,31,300,53,5,152,101,121,298,122,114,183,170,332,7,262,202,265,79,189,133,349,73,46,98,172,232,256,306,282,324,164,180,33,108,107,21,32,219,214,58,210,173",20100,200
14,21,100362.17698325471,14.01442810147235,"4,285,167,131,273,16,346,31,210,151,27,134,76,98,284,332,13,256,154,321,270,198,152,325,215,338,95,345,125,144,14,153,286,278,297,88,341,344,208,316,80,264,267,237,202,96,119,241,197,251,102,138,26,130,232,299,265,29,181,28,105,72,62,94,38,185,49,310,305,266,67,244,114,156,350,179,135,112,6,301,116,317,170,132,189,121,66,224,324,176,268,337,8,255,103,193,331,45,113,225,248,100,111,163,158,51,209,308,343,182,7,84,97,108,302,168,222,311,309,3,117,250,296,334,351,123,137,340,318,162,243,313,348,136,19,18,171,91,42,172,79,20,227,33,272,68,220,21,147,314,319,216,25,23,295,238,254,149,260,303,218,39,173,300,53,145,221,282,312,291,233,157,10,347,65,140,74,30,190,89,249,120,262,292,212,148,64,213,110,69,77,143,9,180,86,177,247,290,283,199,253,323,214,35,349,304,82,70,191,169,101,203,59,126,204,50,206,231,294,205,40,320,277,335,226,307,242,195,279,118,339,150,184,322,187,12,336,85,159,24,57,106,142,115,54,188,223,58,165,201,263,288,11,36,37,234,174,293,211,47,217,166,81,133,75,186,326,52,327,333,104,71,5,83,228,139,17,60,43,342,236,235,63,330,306,196,245,93,146,246,194,269,276,78,329,155,175,90,41,127,229,56,34,160,32,99,271,87,46,275,240,124,219,141,207,281,252,109,44,48,261,298,164,274,92,258,128,257,280,73,61,178,259,230,15,183,22,287,122,328,129,192,107,315,2,55,200,161,239,289",20100,200
14,22,99542.37983308721,14.413102661976401,"4,285,66,121,344,208,170,317,116,301,6,112,135,179,350,156,114,244,67,266,94,38,49,185,310,305,62,72,105,28,181,29,265,299,232,130,26,138,102,251,197,241,119,96,202,237,267,264,80,316,132,189,341,88,224,278,286,153,14,144,125,345,95,338,215,152,325,198,270,321,154,256,13,332,284,98,76,134,27,151,210,31,346,16,273,131,167,297,324,176,268,337,8,255,103,193,331,45,113,225,248,100,111,163,158,51,209,308,343,182,7,84,97,108,302,168,222,311,309,3,117,250,296,313,243,162,318,340,137,123,351,334,348,136,19,18,171,91,42,172,79,20,227,33,272,68,220,21,147,314,319,216,25,23,295,238,254,149,260,303,218,39,173,300,53,145,221,282,312,291,240,275,46,326,52,327,333,104,71,5,24,159,85,139,228,83,57,106,142,201,140,65,347,10,157,233,124,277,320,40,205,294,231,17,60,43,342,236,235,63,330,306,196,245,93,339,150,184,322,229,127,41,90,175,155,329,212,148,64,213,246,146,118,279,195,242,307,226,335,219,141,207,281,252,109,44,48,261,70,82,304,349,35,214,323,253,199,283,290,247,177,86,180,87,271,99,32,160,34,56,187,12,336,292,78,276,269,194,110,69,165,58,223,188,54,115,263,288,11,36,37,234,174,293,211,47,217,166,81,133,59,126,204,50,206,262,120,249,89,190,30,74,77,143,9,186,75,203,101,169,191,298,164,274,92,258,128,73,122,287,22,183,15,230,259,280,61,257,178,328,129,192,107,315,2,55,200,161,239,289",20100,200
14,23,95958.21893467141,19.79467344537631,"190,95,217,334,283,269,271,8,329,162,197,163,285,44,222,220,142,186,144,350,82,248,301,295,51,86,124,341,270,41,176,184,48,167,66,313,175,323,165,201,59,343,116,253,19,251,120,257,37,226,89,191,102,337,138,292,94,147,65,139,178,105,196,286,266,115,38,49,351,128,260,204,129,198,282,174,333,154,250,106,13,88,318,12,247,229,4,296,275,293,76,207,132,206,84,340,123,230,322,150,155,315,302,194,280,109,310,287,319,18,45,119,27,26,149,338,205,69,103,75,331,47,145,297,171,208,299,74,93,57,272,31,300,53,5,152,101,121,298,203,347,240,312,243,268,314,209,6,28,344,244,227,151,96,34,192,252,239,281,22,112,136,273,168,232,135,306,11,158,279,200,35,134,36,187,125,161,91,185,87,326,348,249,223,199,274,111,153,50,54,146,216,100,17,141,43,342,236,245,278,64,110,104,71,325,288,284,131,99,42,345,277,241,72,39,148,255,238,212,52,213,254,228,16,25,70,211,267,169,308,60,311,289,242,2,234,335,316,320,40,225,294,160,166,130,259,305,304,346,221,126,9,113,118,231,339,56,83,317,264,261,336,327,235,63,330,68,193,182,62,181,290,10,157,233,81,303,177,195,188,237,85,309,3,202,258,77,15,122,114,183,170,263,20,218,215,159,73,349,133,189,79,265,324,7,262,137,67,29,224,90,143,24,179,156,30,80,97,14,307,291,78,127,276,55,98,117,321,172,23,46,140,61,328,256,92,246,332,164,180,33,108,107,21,32,219,214,58,210,173",20100,200
14,24,99883.99520170492,14.235248162551754,"4,285,167,131,344,208,346,31,210,151,27,134,76,98,284,332,13,244,67,266,305,310,49,185,38,94,62,72,105,28,181,29,265,299,232,130,26,138,102,251,197,241,119,96,202,237,267,264,80,316,16,273,341,88,297,278,286,153,14,144,125,345,95,338,215,152,325,198,270,321,154,256,114,156,350,179,135,112,6,301,116,317,170,132,189,121,66,224,324,176,268,337,8,255,103,193,331,45,113,225,248,100,111,163,158,51,209,308,343,182,7,84,97,108,302,168,222,311,309,3,117,250,296,334,351,123,137,340,318,162,243,313,348,136,19,18,171,91,42,172,79,20,227,33,272,68,220,21,147,319,314,216,25,23,295,238,254,149,260,303,218,39,173,300,53,145,221,282,312,291,213,347,65,110,140,64,69,148,10,157,233,212,292,262,120,249,89,190,30,74,77,143,9,180,86,177,247,290,283,199,253,323,214,35,349,304,82,70,191,169,101,203,59,126,204,50,206,231,294,205,40,320,277,335,226,307,242,195,279,118,339,150,184,322,187,12,336,85,159,24,57,106,142,115,54,188,223,58,165,201,263,288,11,36,37,234,174,293,211,47,217,166,81,133,75,186,326,52,327,333,104,71,5,83,228,139,17,60,43,342,236,235,63,330,306,196,245,93,146,246,194,269,276,78,329,155,175,90,41,127,229,56,34,160,32,99,271,87,46,275,240,124,219,141,207,281,252,109,44,48,261,298,164,274,92,258,128,257,280,73,61,178,259,230,15,183,22,287,122,328,129,192,107,315,2,55,200,161,239,289",20100,200
15,0,90599.52584926195,15.908642643625333,"252,62,222,341,300,195,103,298,244,11,333,67,309,231,48,277,80,78,332,53,301,196,247,106,109,39,311,229,331,269,138,344,319,295,202,193,238,142,113,154,336,95,236,264,164,167,38,71,285,197,6,201,241,14,83,24,187,316,216,340,219,147,299,19,31,75,287,119,179,262,251,128,194,165,5,45,86,283,68,291,314,97,30,115,186,134,125,148,297,325,23,8,322,21,213,13,313,60,282,249,20,120,243,351,271,85,214,220,112,162,69,15,52,143,146,191,101,286,90,349,54,56,328,346,161,151,211,185,160,144,232,2,156,263,183,47,240,70,155,171,256,141,224,281,4,18,303,350,324,149,212,272,99,199,81,227,10,9,84,104,82,29,223,121,337,323,280,258,127,137,76,342,312,250,276,326,177,27,302,284,36,209,259,304,105,198,64,50,131,107,226,205,320,44,268,42,61,329,239,34,200,234,12,22,215,257,126,343,170,315,172,181,88,233,265,43,218,129,152,230,66,208,25,94,57,124,335,221,166,176,49,63,188,267,261,92,204,339,306,228,248,59,40,254,317,266,26,310,35,7,207,292,307,91,210,246,189,217,327,348,58,192,279,275,180,133,235,79,139,159,28,77,330,114,278,203,174,270,274,206,289,37,110,73,305,184,308,169,55,16,347,87,132,158,150,293,245,74,175,153,89,46,117,168,72,318,260,190,140,321,182,253,33,32,135,178,65,116,296,98,145,288,111,100,102,225,3,122,96,290,130,345,123,108,255,157,273,93,41,338,294,118,136,334,17,51,173,163,237,242",20100,200
15,1,97993.84646882337,11.995015026565342,"252,62,222,341,300,195,103,298,244,11,333,67,309,231,48,277,80,78,196,53,301,332,106,247,109,39,311,229,331,269,138,344,319,137,202,193,238,142,113,154,336,95,236,264,164,167,38,71,285,197,6,201,241,14,83,24,187,316,216,340,250,147,158,224,295,192,274,92,204,339,306,228,248,166,221,342,15,101,191,87,35,7,207,292,307,91,210,246,189,217,327,348,58,150,139,124,57,94,25,208,66,230,152,129,218,43,265,233,88,16,55,188,127,184,114,278,203,169,267,258,280,323,337,121,223,29,82,104,84,9,10,227,81,199,99,272,115,186,322,8,23,325,297,148,125,134,21,213,30,97,312,291,68,283,86,45,5,165,194,128,251,262,179,119,287,180,31,19,279,314,22,12,234,200,34,239,329,61,42,268,44,320,205,226,107,131,50,64,198,105,304,259,209,36,284,302,27,177,326,276,219,215,257,126,343,170,315,172,181,79,235,143,52,159,28,77,330,176,49,63,349,90,286,161,346,328,56,144,156,263,183,47,240,70,155,171,256,141,76,281,4,18,303,350,324,149,212,13,313,60,282,249,20,120,243,351,271,85,214,245,293,75,299,275,65,133,146,347,335,151,211,185,160,2,232,54,174,270,261,289,206,254,266,73,37,317,220,112,26,310,40,59,132,69,305,308,110,74,175,153,89,46,117,168,162,318,260,190,140,321,182,253,33,32,135,178,72,116,296,98,145,288,111,100,102,225,3,122,96,290,130,345,123,108,255,157,273,93,41,338,294,118,136,334,237,51,173,17,163,242",20100,200
15,2,97337.73584472983,12.339422104315936,"252,62,222,341,300,195,103,298,244,11,333,67,309,231,48,277,80,78,332,53,301,196,247,106,109,39,311,229,331,269,138,344,319,101,202,193,238,142,113,154,336,95,236,264,164,167,38,71,285,197,6,201,241,14,83,24,187,316,216,340,250,147,158,224,295,192,274,92,204,339,306,228,248,166,221,342,15,72,225,87,35,7,207,292,307,91,210,246,189,217,327,348,58,150,139,124,57,94,25,208,66,230,152,129,218,43,265,233,88,16,55,188,127,184,114,278,203,169,267,258,280,323,337,121,223,29,82,104,84,9,10,227,81,199,99,272,115,186,322,8,23,325,297,148,125,134,21,213,30,97,312,291,68,283,86,45,5,165,194,128,251,262,179,119,287,180,31,19,279,314,22,12,234,200,34,239,329,61,42,268,44,320,205,226,107,131,50,64,198,105,304,259,209,36,284,302,27,177,326,276,219,215,257,126,343,170,315,172,181,79,235,143,52,159,28,77,330,176,49,63,349,90,286,161,346,328,56,144,156,263,183,47,240,70,155,171,256,141,76,281,4,18,303,350,324,149,212,13,313,60,282,249,20,120,243,351,271,85,214,245,293,75,299,275,65,133,146,347,335,151,211,185,160,2,232,54,174,270,261,289,206,254,266,73,37,317,220,112,26,310,40,59,132,69,305,308,110,74,175,153,89,46,117,168,162,318,260,190,140,321,182,253,33,32,135,178,137,116,296,98,145,288,111,100,102,191,3,122,96,290,130,345,123,108,255,157,273,93,41,338,294,118,136,334,237,51,173,17,163,242",20100,200
15,3,90078.7827056677,16.714185009446805,"345,62,222,341,300,294,103,298,244,11,333,67,309,231,48,277,80,78,332,53,301,196,247,106,109,39,311,229,331,269,138,344,319,31,202,193,238,142,113,154,336,95,236,264,164,167,38,71,285,197,6,201,241,14,83,24,187,316,216,340,219,147,289,19,295,75,287,119,179,262,251,128,194,165,5,45,86,283,68,291,314,97,30,115,186,134,125,148,297,325,23,8,322,21,213,13,313,60,282,249,20,120,143,52,15,69,162,112,220,214,85,271,351,243,146,191,101,286,90,349,54,56,328,346,161,151,211,185,160,2,232,144,156,263,183,47,240,70,155,171,256,141,224,281,4,18,303,350,324,149,212,272,99,199,81,227,10,9,84,104,82,29,223,121,337,323,280,258,127,137,76,342,312,250,276,326,177,27,302,284,36,209,259,304,105,198,64,50,131,107,226,205,320,44,268,42,61,329,239,34,200,234,12,22,215,257,126,343,170,315,172,181,88,233,265,43,218,129,152,230,66,208,25,94,57,124,139,150,58,299,221,166,176,49,63,188,267,261,92,204,339,306,228,248,59,40,254,317,266,26,310,35,7,207,292,307,91,210,246,189,217,192,279,275,65,133,235,79,335,159,28,77,330,114,278,203,174,270,274,206,180,37,110,73,305,184,348,169,55,16,347,87,132,158,308,293,245,74,175,153,89,46,117,168,72,318,260,3,225,102,100,111,288,145,98,296,116,195,178,135,32,33,253,182,321,140,190,122,96,290,130,108,273,157,163,123,93,252,41,338,255,118,136,334,17,51,173,327,237,242",20100,200
15,4,96189.06900734254,13.491598964925746,"252,62,222,341,300,195,103,298,244,11,333,67,309,231,48,277,80,78,332,53,301,196,247,106,109,39,311,229,331,269,138,344,319,101,202,193,238,142,113,154,336,95,236,264,164,167,38,71,285,197,6,201,241,14,83,24,187,316,216,340,250,147,158,224,295,192,274,92,204,339,306,228,248,166,221,342,15,72,225,87,35,7,207,292,307,91,210,246,189,217,327,348,58,150,139,124,57,94,25,208,66,230,152,129,218,43,265,233,88,16,55,188,127,184,114,278,203,169,267,258,280,323,337,121,223,29,82,104,84,9,10,227,81,199,99,272,115,186,322,8,23,325,297,148,125,134,21,213,30,97,312,291,68,283,86,45,5,165,194,128,251,262,179,119,287,180,137,19,279,314,22,12,234,200,34,239,329,61,42,268,44,320,205,226,107,131,50,64,198,105,304,259,209,36,284,302,27,177,326,276,219,215,257,126,343,170,315,172,181,79,235,143,52,159,28,77,330,176,49,63,349,90,286,161,346,328,56,144,156,263,183,47,240,70,155,171,256,141,76,281,4,18,303,350,324,149,212,13,313,60,282,249,20,120,243,351,271,85,214,245,293,75,299,275,65,133,146,347,335,151,211,185,160,2,232,54,174,270,261,289,206,254,266,73,37,317,220,112,26,310,40,59,132,69,305,308,110,74,175,153,89,46,117,168,162,318,260,190,140,321,182,253,33,32,135,178,31,116,296,98,145,288,111,100,102,191,3,122,96,290,130,345,123,108,255,157,273,93,41,338,294,118,136,334,237,51,173,17,163,242",20100,200
15,5,89531.79738530591,18.9532172901145,"345,62,222,341,300,294,103,298,244,11,333,67,309,231,48,277,80,78,332,53,301,196,247,106,109,39,311,229,331,269,138,344,319,31,202,193,238,142,113,154,336,95,236,264,164,167,38,71,285,197,6,201,241,14,83,24,187,316,216,340,219,147,299,19,295,75,287,119,179,262,251,128,194,165,5,45,86,283,68,291,314,97,30,213,21,322,8,23,297,325,148,125,134,186,115,13,313,60,282,249,20,120,243,351,271,85,214,220,112,162,69,15,266,26,310,143,52,286,90,349,54,232,2,160,185,211,151,161,346,328,56,144,156,263,183,47,240,70,155,171,256,141,224,281,4,18,303,350,324,149,212,272,99,199,81,227,10,9,84,104,82,29,223,121,337,323,280,258,127,137,76,342,312,250,276,326,177,27,302,284,36,209,259,304,105,198,64,50,131,107,226,205,320,44,268,42,61,329,239,34,200,234,12,22,215,257,126,343,170,315,172,181,88,233,265,43,218,129,152,230,66,208,25,94,57,124,139,150,58,348,327,217,189,246,210,91,307,292,207,7,35,146,191,101,317,254,40,59,248,228,235,133,195,275,279,192,166,176,49,63,188,267,261,92,204,339,306,79,335,159,28,77,330,114,278,203,174,270,274,206,289,37,110,73,305,184,308,169,55,16,347,87,132,158,180,293,245,74,175,153,89,46,117,168,72,318,260,190,140,321,182,253,33,32,135,178,65,116,296,98,145,288,111,100,102,225,3,122,96,290,130,108,273,157,163,123,93,252,41,338,255,118,136,334,17,51,173,221,237,242",20100,200
15,6,91408.87385467908,14.33214890230782,"252,62,222,341,300,195,103,298,244,11,333,67,309,231,48,277,80,78,293,53,301,332,106,247,109,39,311,229,331,269,138,344,319,295,202,193,238,142,113,95,336,154,236,264,164,167,38,71,285,197,6,201,241,14,83,24,187,316,216,340,219,147,180,19,31,75,287,119,179,262,251,128,194,165,5,45,86,283,68,291,314,97,30,213,21,322,8,23,297,325,148,125,134,186,115,13,313,60,282,249,20,120,243,351,271,85,214,220,112,162,69,15,52,143,146,191,101,286,90,349,54,56,328,346,161,151,211,185,160,2,232,144,156,263,183,47,240,70,155,171,256,141,224,281,4,18,303,350,324,149,212,272,99,199,81,227,10,9,84,104,82,29,223,121,337,323,280,258,127,137,76,342,312,250,276,326,177,27,302,284,36,209,259,304,105,198,64,50,131,107,226,205,320,44,268,42,61,329,239,34,200,234,12,22,215,257,126,343,170,315,172,181,88,233,265,43,218,129,152,230,66,208,25,94,57,124,299,221,166,176,49,63,188,267,261,158,279,275,92,204,339,306,26,266,317,254,40,59,248,228,310,35,7,207,210,246,189,217,327,348,292,192,307,58,139,133,235,79,335,159,28,77,330,114,278,203,174,270,274,206,289,37,110,73,305,184,308,169,55,16,347,87,132,91,150,196,245,74,175,153,89,46,117,168,72,318,260,190,140,321,182,253,33,32,135,178,65,116,296,98,145,288,111,100,102,225,3,122,96,290,130,345,123,108,255,157,273,93,41,338,294,118,136,334,237,51,173,17,163,242",20100,200
15,7,89489.12065742466,20.285549423511732,"345,62,222,341,300,294,103,298,244,11,333,67,309,231,48,277,80,78,332,53,301,196,247,106,109,39,311,229,331,269,138,344,319,31,202,193,238,142,113,154,336,95,236,264,164,167,38,71,285,197,6,201,241,14,83,24,187,316,216,340,219,147,348,19,295,75,287,119,179,262,251,128,194,165,5,45,86,283,68,291,314,97,30,213,21,322,8,23,297,325,148,125,134,186,115,13,313,60,282,249,20,120,243,351,271,85,214,220,112,162,69,15,101,191,146,143,52,286,90,349,54,56,328,346,161,151,211,185,160,2,232,144,156,263,183,47,240,70,155,171,256,141,224,281,4,18,303,350,324,149,212,272,99,199,81,227,10,9,84,104,82,29,223,121,337,323,280,258,127,137,76,342,312,250,276,326,177,27,302,284,36,209,259,304,105,198,64,50,131,107,226,205,320,44,268,42,61,329,239,34,200,234,12,22,215,257,126,343,170,315,172,181,88,233,265,43,218,129,152,230,66,208,25,94,57,124,139,150,58,289,327,217,189,246,210,91,307,292,207,7,35,310,26,266,317,254,40,59,248,228,235,133,65,275,279,192,166,176,49,63,188,267,261,92,204,339,306,79,335,159,28,77,330,114,278,203,174,270,274,206,299,37,110,73,305,184,308,169,55,16,347,87,132,158,180,293,245,74,175,153,89,46,117,168,72,318,260,190,140,321,182,253,33,32,135,178,195,116,296,98,145,288,111,100,102,225,3,122,96,290,130,108,273,157,163,123,93,252,41,338,255,118,136,334,17,51,173,221,237,242",20100,200
15,8,91242.65024212108,15.738156242881981,"252,62,222,341,300,195,103,298,244,11,333,67,309,231,48,277,80,78,332,53,301,196,247,106,109,39,311,229,331,269,138,344,319,295,202,193,238,142,113,154,336,95,236,264,164,167,38,71,285,197,6,201,241,14,83,24,187,316,216,340,219,147,335,19,31,75,287,119,179,262,251,128,194,165,5,45,86,283,68,291,314,97,30,213,21,322,8,23,297,325,148,125,134,186,115,13,313,60,282,249,20,120,243,351,271,85,214,220,112,162,69,15,52,143,146,191,101,286,90,349,54,56,328,346,161,151,211,185,160,2,232,144,156,263,183,47,240,70,155,171,256,141,224,281,4,18,303,350,324,149,212,272,99,199,81,227,10,9,84,104,82,29,223,121,337,323,280,258,127,137,76,342,312,250,276,326,177,27,302,284,36,209,259,304,105,198,64,50,131,107,226,205,320,44,268,42,61,329,239,34,200,234,12,22,215,257,126,343,170,315,172,181,88,233,265,43,218,129,152,230,66,208,25,94,57,124,299,221,166,176,49,63,188,267,261,92,204,339,306,228,248,59,40,254,317,266,26,310,35,7,207,292,307,91,210,246,189,217,327,348,58,192,279,275,180,133,235,79,139,159,278,114,330,77,28,203,174,270,274,206,289,37,110,73,305,184,308,169,55,16,347,87,132,158,150,293,245,74,175,153,89,46,117,168,72,318,260,190,140,321,182,253,33,32,135,178,65,116,296,98,145,288,111,100,102,225,3,122,96,290,130,345,123,108,255,157,273,93,41,338,294,118,136,334,17,51,173,163,237,242",20100,200
15,9,91846.08267715671,13.796402600535501,"252,62,222,341,300,195,103,298,244,11,333,67,309,231,48,277,80,78,293,53,301,332,106,247,109,39,311,229,331,269,138,344,319,295,202,193,238,142,113,95,336,154,236,264,164,167,38,71,285,197,6,201,241,14,83,24,187,316,216,340,219,147,180,19,31,75,287,119,179,262,251,128,194,165,5,45,86,283,68,291,314,97,30,213,21,322,8,23,297,325,148,125,134,186,115,13,313,60,282,249,20,120,243,351,271,85,214,220,112,162,69,15,52,143,146,191,101,286,90,349,54,56,328,346,161,151,211,185,160,2,232,144,156,263,183,47,240,70,155,171,256,141,224,281,4,18,303,350,324,149,212,272,99,199,81,227,10,9,84,104,82,29,223,121,337,323,280,258,127,137,76,342,312,250,276,326,177,27,302,284,36,209,259,304,105,198,64,50,131,107,226,205,320,44,268,42,61,329,239,34,200,234,12,22,215,257,126,343,170,315,172,181,88,233,265,43,218,129,152,230,66,208,25,94,57,124,139,221,166,176,49,63,188,267,261,158,279,275,92,204,339,306,26,266,317,254,40,59,248,228,310,35,7,207,210,246,189,217,327,348,292,192,307,58,299,133,235,79,335,159,28,77,330,114,278,203,174,270,274,206,289,37,110,73,305,184,308,169,55,16,347,87,132,91,150,196,245,74,175,153,89,46,117,168,72,318,260,190,140,321,182,253,33,32,135,178,65,116,296,98,145,288,111,100,102,225,3,122,96,290,130,345,123,108,255,157,273,93,41,338,294,118,136,334,237,51,173,17,163,242",20100,200
15,10,96208.49963885505,13.079406013959677,"252,62,222,341,300,195,103,298,244,11,333,67,309,231,48,277,80,78,332,53,301,196,247,279,109,39,311,229,331,269,138,344,319,31,202,193,238,142,113,154,336,95,236,264,164,167,38,71,285,197,6,201,241,14,83,24,187,316,216,340,250,147,158,224,295,192,274,92,204,339,306,228,248,166,221,342,15,72,225,87,35,7,207,292,307,91,210,246,189,217,327,348,58,150,139,124,57,94,25,208,66,230,152,129,218,43,265,233,88,16,55,188,127,184,114,278,203,169,267,258,280,323,337,121,223,29,82,104,84,9,10,227,81,199,99,272,115,186,322,8,23,325,297,148,125,134,21,213,30,97,312,291,68,283,86,45,5,165,194,128,251,262,179,119,287,180,137,19,106,314,22,12,234,200,34,239,329,61,42,268,44,320,205,226,107,131,50,64,198,105,304,259,209,36,284,302,27,177,326,276,219,215,257,126,343,170,315,172,181,79,235,143,52,159,28,77,330,176,49,63,349,90,286,161,346,328,56,144,156,263,183,47,240,70,155,171,256,141,76,281,4,18,303,350,324,149,212,13,313,60,282,249,20,120,243,351,271,85,214,245,293,75,299,275,65,133,146,347,335,151,211,185,160,2,232,54,174,270,261,289,206,254,266,73,37,317,220,112,26,310,40,59,132,69,305,308,110,74,175,153,89,46,117,168,162,318,260,190,140,321,182,253,33,32,135,178,101,116,296,98,145,288,111,100,102,191,122,3,96,290,130,345,123,108,255,157,273,93,41,338,294,118,136,334,237,51,173,17,163,242",20100,200
15,11,89585.7547700385,17.80295975052613,"345,62,222,341,300,294,103,298,244,11,333,67,309,231,48,277,80,78,332,53,301,196,247,106,109,39,311,229,331,269,138,344,319,31,202,193,238,142,113,154,336,95,236,264,164,167,38,71,285,197,6,201,241,14,83,24,187,316,216,340,219,147,348,19,295,75,287,119,179,262,251,128,194,165,5,45,86,283,68,291,314,97,30,115,186,134,125,148,297,325,23,8,322,21,213,13,313,60,282,249,20,120,143,52,15,69,162,112,220,214,85,271,351,243,146,191,101,286,90,349,54,56,328,346,161,151,211,185,160,2,232,144,156,263,183,47,240,70,155,171,256,141,224,281,4,18,308,184,305,73,110,37,299,206,274,270,174,203,278,114,330,77,28,159,335,79,306,339,204,92,261,267,188,63,49,176,166,192,279,275,65,133,235,228,248,59,40,254,317,266,26,310,35,7,207,292,307,91,210,246,189,217,327,289,58,150,139,124,57,94,25,208,66,230,152,129,218,43,265,233,88,181,172,315,170,343,126,257,215,22,12,234,200,34,239,329,61,42,268,44,320,205,226,107,131,50,64,198,105,304,259,209,36,284,302,27,177,326,276,250,312,342,76,137,127,258,280,323,337,121,223,29,82,104,84,9,10,227,81,199,99,272,212,149,324,350,303,169,55,16,347,87,132,158,180,293,245,74,175,153,89,46,117,168,72,318,260,190,140,321,182,253,33,32,135,178,195,116,296,98,145,288,111,100,102,225,3,122,96,290,130,108,273,157,163,123,93,252,41,338,255,118,136,334,17,51,173,221,237,242",20100,200
15,12,91385.10356265811,15.511924267591839,"252,62,222,341,300,195,103,298,244,11,333,67,309,231,48,277,80,78,332,53,301,196,247,106,109,39,311,229,331,269,138,344,319,31,202,193,238,142,113,154,336,95,236,264,164,167,38,71,285,197,6,201,241,14,83,24,187,316,216,340,219,147,335,19,295,75,287,119,179,262,251,128,194,165,5,45,86,283,68,291,314,97,30,213,21,322,8,23,297,325,148,125,134,186,115,13,313,60,282,249,20,120,243,351,271,85,214,220,112,162,69,15,52,143,146,191,101,286,90,349,54,56,328,346,161,151,211,185,160,2,232,144,156,263,183,47,240,70,155,171,256,141,224,281,4,18,303,350,324,149,212,272,99,199,81,227,10,9,84,104,82,29,223,121,337,323,280,258,127,137,76,342,312,250,276,326,177,27,302,284,36,209,259,304,105,198,64,50,131,107,226,205,320,44,268,42,61,329,239,34,200,234,12,22,215,257,126,343,170,315,172,181,88,233,265,43,218,129,152,230,66,208,25,94,57,124,299,221,166,176,49,63,188,267,261,92,204,339,306,228,248,59,40,254,317,266,26,310,35,7,207,292,307,91,210,246,189,217,327,348,58,192,279,275,180,133,235,79,139,159,278,114,330,77,28,203,174,270,274,206,289,37,110,73,305,184,308,169,55,16,347,87,132,158,150,293,245,74,175,153,89,46,117,168,72,318,260,190,140,321,182,253,33,32,135,178,65,116,296,98,145,288,111,100,102,225,3,122,96,290,130,345,123,108,255,157,273,93,41,338,294,118,136,334,17,51,173,163,237,242",20100,200
15,13,91368.73960608382,15.729287719344548,"252,62,222,341,300,195,103,298,244,11,333,67,309,231,48,277,80,78,332,53,301,196,247,106,109,39,311,229,331,269,138,344,319,31,202,193,238,142,113,154,336,95,236,264,164,167,38,71,285,197,6,201,241,14,83,24,187,316,216,340,219,147,335,19,295,75,287,119,179,262,251,128,194,165,5,45,86,283,68,291,314,97,30,115,186,134,125,148,297,325,23,8,322,21,213,13,313,60,282,249,20,120,243,351,271,85,214,220,112,162,69,15,52,143,146,191,101,286,90,349,54,56,328,346,161,151,211,185,160,2,232,144,156,263,183,47,240,70,155,171,256,141,224,281,4,18,303,350,324,149,212,272,99,199,81,227,10,9,84,104,82,29,223,121,337,323,280,258,127,137,76,342,312,250,276,326,177,27,302,284,36,209,259,304,105,198,64,50,131,107,226,205,320,44,268,42,61,329,239,34,200,234,12,22,215,257,126,343,170,315,172,181,88,233,265,43,218,129,152,230,66,208,25,94,57,124,299,221,166,176,49,63,188,267,261,92,204,339,306,228,248,59,40,254,317,266,26,310,35,7,207,292,307,91,210,246,189,217,327,348,58,192,279,275,180,133,235,79,139,159,28,77,330,114,278,203,174,270,274,206,289,37,110,73,305,184,308,169,55,16,347,87,132,158,150,293,245,74,175,153,89,46,117,168,72,318,260,190,140,321,182,253,33,32,135,178,65,116,296,98,145,288,111,100,102,225,3,122,96,290,130,345,123,108,255,157,273,93,41,338,294,118,136,334,17,51,173,163,237,242",20100,200
16,0,89388.80807311689,55.465189410511975,"60,170,9,102,258,264,85,332,57,328,344,190,36,96,269,345,168,64,279,84,50,322,11,121,191,255,107,68,260,109,287,144,142,234,186,282,242,47,299,203,291,173,82,324,337,293,119,277,316,300,342,194,88,69,127,39,97,90,335,7,99,91,331,19,249,192,42,165,63,298,280,61,171,290,313,151,128,3,274,199,219,339,252,166,232,215,126,229,288,43,259,40,276,187,55,62,147,67,118,251,26,217,336,34,271,266,202,245,248,35,213,256,323,12,305,73,164,175,237,176,14,133,309,263,220,156,86,41,138,225,243,89,207,221,29,16,196,111,233,70,137,302,45,185,23,158,239,87,247,161,281,54,210,59,150,116,338,123,184,321,31,178,341,349,320,18,231,146,304,71,129,223,212,204,15,226,162,112,108,253,343,134,76,308,155,306,315,6,152,283,115,193,58,286,122,179,347,285,177,66,268,139,208,136,292,101,51,114,330,135,311,183,172,325,141,216,197,211,201,93,113,8,327,230,206,289,236,244,100,153,106,262,5,79,188,329,303,49,218,180,20,143,181,275,56,25,30,17,148,250,295,267,4,22,117,246,228,312,351,307,350,74,205,227,130,2,37,145,65,167,333,169,131,120,273,75,319,254,301,21,189,27,83,314,149,124,257,346,52,240,53,340,195,72,125,270,174,238,46,103,272,157,163,105,154,33,261,159,110,334,104,32,132,224,140,200,265,80,44,284,241,24,10,98,296,160,317,222,92,326,310,318,95,182,81,209,198,348,28,297,13,77,78,294,278,94,38,235,48,214",20100,200
16,1,93187.09414337516,13.18637120240168,"60,170,9,102,258,264,85,108,57,328,344,190,36,96,269,345,168,64,279,84,50,322,11,121,191,255,107,68,260,109,287,144,142,234,186,282,242,47,299,203,291,173,82,324,337,293,119,277,316,300,342,194,88,69,127,39,97,90,335,7,99,91,331,19,249,192,42,165,63,298,280,61,171,290,313,151,128,3,274,199,219,339,252,166,259,215,126,229,288,43,232,40,276,187,55,62,147,67,118,251,26,217,336,34,271,266,202,245,248,35,213,256,169,333,167,65,145,37,2,130,227,205,74,350,307,351,312,228,246,117,22,4,267,295,250,148,17,30,25,56,275,181,143,20,180,218,49,303,329,188,79,5,262,106,153,100,244,236,289,206,230,327,8,113,93,201,211,197,216,158,239,87,247,254,319,208,273,120,131,51,349,330,135,311,183,172,325,141,23,162,226,15,204,212,320,152,6,315,306,155,308,76,134,343,253,332,112,122,286,58,193,115,223,116,338,123,184,321,31,178,104,114,283,18,231,146,304,71,129,150,59,210,54,281,161,66,177,285,347,179,185,263,302,137,70,103,46,238,174,270,220,72,195,340,53,240,52,346,257,124,149,314,83,27,189,21,301,268,139,284,136,292,28,348,198,209,81,182,95,318,310,326,92,222,317,160,296,98,10,24,241,75,44,80,265,200,140,224,132,32,341,334,110,159,261,33,154,105,163,157,272,233,111,196,16,29,221,207,89,243,225,138,41,86,156,125,45,309,133,14,176,237,175,164,73,305,12,323,101,297,13,77,78,294,278,94,38,235,48,214",20100,200
16,2,94581.48260239417,12.704495071089518,"60,170,9,102,258,264,85,108,57,328,344,190,36,96,269,345,168,64,279,84,50,322,11,121,191,255,107,68,260,217,287,144,142,234,186,282,242,47,299,203,291,173,82,324,337,293,119,277,316,300,342,194,30,69,127,39,97,90,335,7,99,91,331,19,249,192,42,165,63,298,280,61,171,56,313,151,128,3,274,199,219,339,252,166,232,215,126,229,288,43,259,40,276,187,55,62,147,67,118,251,26,109,336,34,271,266,202,245,248,35,213,256,169,333,167,65,145,37,2,130,227,205,74,350,307,351,312,228,246,117,22,4,267,295,250,148,20,143,25,290,275,181,88,17,180,218,49,303,329,188,79,5,262,106,153,100,244,236,289,206,230,327,8,113,93,201,211,197,216,158,239,87,247,254,319,208,273,120,131,51,349,330,135,311,183,172,325,141,23,162,226,15,204,212,320,152,6,315,306,155,308,76,134,343,253,332,112,122,286,58,193,115,223,116,338,123,184,321,31,178,104,114,283,18,231,146,304,71,129,150,59,210,54,281,161,66,177,285,347,179,185,263,302,137,70,103,46,238,174,270,220,72,195,340,53,240,52,346,257,124,149,314,83,27,189,21,301,268,139,284,136,292,28,348,198,209,81,182,95,318,310,326,92,222,317,160,296,98,10,24,241,75,44,80,265,200,140,224,132,32,341,334,110,159,261,33,154,105,163,157,272,233,111,196,16,29,221,207,89,243,225,138,41,86,156,125,45,309,133,14,176,237,175,164,73,305,12,323,101,297,13,77,78,294,278,94,38,235,48,214",20100,200
16,3,91681.2681829839,13.684346453831134,"60,170,9,102,258,264,85,332,57,328,344,190,36,96,269,345,168,64,279,84,50,322,11,121,191,255,107,68,260,109,287,144,142,234,186,282,242,47,299,203,291,173,82,324,337,293,119,277,316,300,342,194,30,69,127,39,97,90,335,7,99,91,331,19,249,192,42,165,63,298,280,61,171,56,313,151,128,3,274,199,219,339,252,166,208,215,126,229,288,43,259,153,276,76,55,62,147,67,201,315,77,217,336,226,271,266,162,112,248,35,330,256,169,333,167,65,145,37,2,130,227,205,74,350,307,351,312,228,246,117,22,4,267,295,250,148,20,143,25,290,275,181,88,17,180,218,49,303,51,188,79,5,262,106,40,100,244,236,289,206,230,152,320,212,204,15,34,202,23,141,325,172,183,311,135,213,114,329,101,292,136,232,139,268,66,177,285,347,179,122,286,58,93,113,8,327,6,251,306,155,308,187,134,343,253,108,245,197,211,118,193,115,223,129,71,304,146,231,18,283,349,341,178,31,321,184,123,338,116,150,59,210,54,281,161,247,87,239,158,216,185,45,302,137,70,233,111,196,16,29,221,207,89,243,225,138,41,86,156,220,263,309,133,14,176,237,175,164,73,305,12,323,131,120,273,75,319,254,301,21,189,27,83,314,149,124,257,346,52,240,53,340,195,72,125,270,174,238,46,103,272,157,163,105,154,33,261,159,110,334,104,32,132,224,140,200,265,80,44,284,241,24,10,98,296,160,317,222,92,326,310,318,95,182,81,209,198,348,28,297,13,26,78,294,278,94,38,235,48,214",20100,200
16,4,91201.44876253082,16.09863658119043,"60,170,9,102,258,264,85,332,57,328,344,190,36,96,269,345,168,64,279,84,50,322,11,121,191,255,107,68,260,217,287,144,142,234,186,282,242,47,299,203,291,173,82,324,337,293,119,277,316,300,342,194,30,69,127,39,97,90,335,7,99,91,331,19,249,192,42,165,63,298,280,61,171,56,313,151,128,3,274,199,219,339,252,166,232,215,126,229,288,43,259,153,276,76,55,62,147,67,201,315,77,109,336,226,271,266,162,112,248,35,330,256,169,333,167,65,145,37,2,130,227,205,74,350,307,351,312,228,246,117,22,4,267,295,250,148,20,143,25,290,275,181,88,17,180,218,49,303,51,188,79,5,262,106,40,100,244,236,289,206,230,152,320,212,204,15,34,202,23,141,325,172,183,311,135,213,114,329,101,292,136,208,139,268,66,177,285,347,179,197,211,118,93,113,8,327,6,251,306,155,308,187,134,343,253,108,245,122,286,58,193,115,223,129,71,304,146,231,18,283,349,341,178,31,321,184,123,338,116,150,59,210,54,281,161,247,87,239,158,216,176,14,133,309,263,220,156,86,41,138,225,243,89,207,221,29,16,196,111,233,70,137,302,45,185,237,175,164,73,305,12,323,131,120,273,284,319,254,301,21,189,27,83,314,149,124,257,346,52,240,53,340,195,72,125,270,174,238,46,103,272,157,163,105,154,33,261,159,110,334,104,32,132,224,140,200,265,80,44,75,241,24,10,98,296,160,317,222,92,326,310,318,95,182,81,209,198,348,28,297,13,26,78,94,278,294,38,235,48,214",20100,200
16,5,90986.88991863893,16.107508002759364,"60,170,9,102,258,264,85,103,57,328,344,190,36,96,269,345,168,64,279,84,50,322,11,121,191,255,107,68,260,217,287,144,142,234,186,282,242,47,299,203,291,173,82,324,337,293,119,277,316,300,342,194,30,69,127,39,97,90,335,7,99,91,331,19,249,192,42,165,63,298,280,61,171,56,313,151,128,3,274,199,219,339,252,166,232,215,126,229,288,43,259,153,276,76,55,62,147,67,201,315,77,109,336,226,271,266,162,112,248,35,330,256,169,333,167,65,145,37,2,130,227,205,74,350,307,351,312,228,246,117,22,4,267,295,250,148,20,143,25,290,275,181,88,17,180,218,49,303,51,188,79,5,262,106,40,100,244,236,289,206,230,152,320,212,204,15,34,202,23,141,325,172,183,311,135,213,114,329,101,292,136,208,139,268,66,177,285,347,179,197,211,118,93,113,8,327,6,251,306,155,308,187,134,343,253,108,245,122,286,58,193,115,223,129,71,304,146,231,18,283,349,341,178,31,321,184,123,338,116,150,59,210,54,281,161,247,87,239,158,216,176,14,133,309,263,220,156,86,41,138,225,243,89,207,221,29,16,196,111,233,70,137,302,45,185,237,175,164,73,305,12,323,131,120,273,284,319,254,301,21,189,27,83,314,149,124,257,346,52,240,53,340,195,72,125,270,174,238,46,332,272,157,163,105,154,33,261,159,110,334,104,32,132,224,140,200,265,80,44,75,241,24,10,98,296,160,317,222,92,326,310,318,95,182,81,209,198,348,28,297,13,26,78,94,278,294,38,235,48,214",20100,200
16,6,89717.75936647506,16.6297039105991,"60,170,9,102,258,264,85,332,57,328,344,190,36,96,269,345,168,64,279,84,50,322,11,121,191,255,107,68,260,109,287,144,142,234,186,282,242,47,299,203,291,173,82,324,337,293,119,277,316,300,342,194,136,69,127,39,97,90,335,7,99,91,331,19,249,192,42,165,63,298,280,61,171,290,313,151,128,3,274,199,219,339,252,166,232,215,126,229,288,43,259,40,276,187,55,62,147,67,118,251,197,217,336,34,271,266,202,245,248,35,213,256,169,333,167,65,145,37,2,130,227,93,15,211,77,179,347,285,177,183,268,139,330,30,51,101,292,114,208,135,311,247,172,325,141,23,162,226,201,204,212,320,152,230,206,289,236,244,100,153,106,262,5,79,188,329,303,49,218,180,20,143,181,275,56,25,88,17,148,250,295,267,4,22,117,246,228,312,351,307,350,74,205,113,8,327,6,315,306,155,308,76,134,343,253,108,112,122,286,58,193,115,223,129,71,304,146,231,18,283,349,341,178,31,321,184,123,338,116,150,59,210,54,281,161,66,87,239,158,216,185,45,302,137,70,233,111,196,16,29,221,207,89,243,225,138,41,86,156,220,263,309,133,14,176,237,175,164,73,305,12,323,131,120,273,75,319,254,301,21,189,27,83,314,149,124,257,346,52,240,53,340,195,72,125,270,174,238,46,103,272,157,163,105,154,33,261,159,110,334,104,32,132,224,140,200,265,80,44,284,241,24,10,98,296,160,317,222,92,326,310,318,95,182,81,209,198,348,28,297,13,26,78,294,278,94,38,235,48,214",20100,200
17,0,92698.72740139591,18.226730886828324,"171,233,269,36,334,61,321,75,293,308,25,55,151,204,71,81,200,85,21,235,304,298,100,44,113,172,180,216,56,323,328,32,110,149,79,241,309,17,262,199,346,192,238,337,96,142,119,101,183,186,167,292,258,279,157,318,141,282,120,236,176,261,191,281,270,31,187,169,133,177,153,50,253,63,22,83,190,221,224,286,90,178,35,33,219,252,246,41,174,59,257,162,228,251,250,165,69,226,107,194,324,272,57,140,48,299,273,158,229,62,179,29,223,213,215,325,289,156,351,11,114,198,115,242,78,160,12,284,152,266,218,301,112,39,268,88,54,210,283,161,102,60,144,80,51,94,276,320,5,136,64,271,52,135,134,15,248,125,260,128,336,278,267,196,345,254,23,70,73,37,123,84,19,300,211,202,42,159,275,47,231,26,98,350,214,27,277,138,263,341,335,76,24,137,280,89,259,189,67,6,116,285,99,168,313,53,4,295,130,77,103,10,87,193,182,290,195,314,311,347,185,38,344,217,131,106,104,126,108,255,45,239,330,287,127,124,117,332,222,317,105,14,175,166,132,28,232,209,20,13,306,207,30,173,326,43,256,109,147,343,65,265,312,296,329,212,40,340,302,148,122,95,188,331,93,163,139,342,146,348,143,240,121,274,74,220,197,205,294,310,18,86,203,154,319,3,97,291,181,66,92,338,243,170,225,34,2,315,72,339,111,9,247,16,8,82,264,49,303,91,307,316,245,201,68,145,227,244,150,184,129,297,164,206,249,230,333,237,305,58,208,322,327,118,349,46,7,155,288,234",20100,200
17,1,93059.5605158194,15.401744018807145,"171,233,269,36,334,61,321,75,293,308,25,55,151,204,71,249,180,81,85,288,155,298,216,44,145,227,200,206,349,84,173,172,110,149,79,241,309,234,262,235,46,118,254,21,201,142,119,345,196,333,167,292,258,279,157,318,141,282,120,236,176,113,191,281,270,31,187,169,133,177,153,50,253,63,22,83,190,221,224,286,90,178,35,33,219,252,246,332,117,124,127,287,330,239,45,255,108,126,104,106,131,217,351,156,139,209,19,137,32,100,2,189,16,8,264,82,344,17,247,9,111,346,37,7,164,62,70,13,273,305,48,140,57,272,324,194,107,226,56,12,326,160,228,162,69,261,174,41,222,317,105,14,175,166,297,29,251,165,299,244,95,122,148,328,294,205,212,220,74,59,213,179,58,208,38,186,96,337,327,192,322,199,257,68,150,129,230,304,323,132,28,232,266,20,158,306,207,30,302,340,40,316,329,296,312,265,65,343,147,109,256,307,91,278,49,114,11,198,115,289,325,215,339,72,315,78,34,225,170,195,314,311,347,336,301,112,39,268,88,54,210,283,161,102,60,144,80,51,94,276,320,5,136,64,271,52,135,134,15,248,125,267,128,185,303,73,183,101,238,259,229,260,223,89,237,202,300,211,152,42,159,275,47,231,26,98,350,214,27,277,138,263,341,335,76,24,284,280,123,23,242,67,6,116,285,99,168,313,53,4,295,130,77,103,10,87,193,182,290,243,338,92,66,181,291,97,3,319,154,203,86,18,310,250,43,331,342,143,274,121,245,184,146,218,93,163,240,348,197,188",20100,200
17,2,105435.19993975543,10.903228214044148,"171,233,269,36,334,61,321,75,293,308,25,55,151,273,121,44,27,257,339,34,181,275,135,116,113,203,311,83,56,125,72,52,195,136,5,170,276,94,51,186,38,208,58,343,65,265,312,296,329,212,40,340,302,148,122,95,244,299,165,251,29,297,323,304,59,213,179,147,109,256,43,250,173,30,207,108,126,104,106,37,28,91,8,286,14,105,317,303,332,331,168,289,177,64,271,274,328,142,11,114,198,115,138,134,16,264,197,205,23,218,300,97,13,111,234,163,237,333,46,118,70,21,201,214,76,24,32,280,19,209,139,156,351,224,211,57,262,154,305,12,160,7,291,349,145,261,346,164,9,247,17,326,48,252,246,41,174,84,254,204,71,249,180,89,172,74,220,284,176,348,93,117,124,127,287,330,239,45,133,350,202,185,86,18,310,294,278,267,88,54,210,283,161,102,60,144,80,96,337,327,268,196,345,69,219,281,336,255,306,158,20,266,131,217,49,314,248,307,316,245,184,123,315,325,225,200,82,110,149,79,215,292,129,150,199,322,192,39,112,235,141,153,230,120,100,67,206,132,279,15,232,295,318,47,301,222,169,231,277,166,175,236,270,128,191,309,240,178,119,227,282,167,73,183,101,238,259,229,260,223,241,42,137,68,344,290,157,98,2,189,258,31,187,33,50,253,342,63,22,347,190,221,272,162,228,285,35,99,62,226,107,194,324,146,298,155,288,85,81,335,341,263,152,320,78,242,140,26,319,313,10,53,216,66,92,338,243,143,182,193,87,90,103,77,159,130,6,3,4,188",20100,200
17,3,92797.22469404865,15.942587612217869,"171,233,269,36,334,61,321,75,293,308,25,55,151,204,71,249,180,81,85,288,155,298,216,44,145,227,200,206,349,84,173,172,110,149,79,241,309,234,262,235,46,118,254,21,201,142,119,345,196,333,167,292,258,279,157,318,141,282,120,236,176,113,191,281,270,31,187,73,303,185,128,267,125,248,15,134,135,52,271,64,221,224,286,90,178,35,33,219,252,246,332,117,124,127,287,330,239,45,255,108,126,104,106,131,217,351,156,139,209,19,137,32,100,2,189,16,8,264,82,344,17,247,9,111,346,37,7,164,62,70,13,273,305,48,140,57,272,324,194,107,226,56,12,326,160,228,162,69,261,174,41,222,317,105,14,175,166,297,29,251,165,299,244,95,122,148,328,294,205,212,220,74,59,213,179,58,208,38,186,96,337,327,192,322,199,257,68,150,129,230,304,323,132,28,232,266,20,158,306,207,30,302,340,40,316,329,296,312,265,65,343,147,109,256,307,91,278,49,114,11,198,115,289,325,215,339,72,315,78,34,225,170,195,314,311,347,336,301,112,39,268,88,54,210,283,161,102,60,144,80,51,94,276,320,5,136,190,83,22,63,253,50,153,177,133,169,183,101,238,259,229,260,223,89,237,202,300,211,152,42,159,275,47,231,26,98,350,214,27,277,138,263,341,335,76,24,284,280,123,23,242,67,6,116,285,99,168,313,53,4,295,130,77,103,10,87,193,182,290,243,338,92,66,181,291,97,3,319,154,203,86,18,310,250,43,197,245,184,274,121,240,143,348,146,342,218,163,93,331,188",20100,200
17,4,97992.94189854964,13.279931323757621,"171,233,269,36,334,61,321,75,293,308,25,55,110,204,71,249,180,231,47,32,57,130,48,333,273,246,256,109,147,343,254,290,151,227,84,278,224,19,41,219,283,174,105,14,44,65,265,312,296,329,118,40,340,302,163,234,111,13,97,300,113,291,149,136,5,157,94,276,170,21,344,197,46,250,173,30,207,306,158,20,189,232,270,236,175,317,279,211,119,17,73,183,101,238,31,229,260,223,241,349,144,116,82,18,201,237,252,280,258,316,310,195,24,76,214,289,259,11,166,114,198,115,16,218,275,159,134,135,52,72,125,56,83,311,203,181,23,202,267,88,54,160,86,12,102,60,137,80,51,69,89,172,304,323,297,29,251,165,299,244,95,122,148,328,294,205,212,220,74,59,213,179,7,37,191,309,318,178,187,169,194,298,277,138,155,98,350,133,336,281,345,196,268,39,112,145,141,153,230,301,100,67,292,326,274,68,215,261,129,150,339,34,264,284,176,225,93,331,168,120,177,64,271,128,15,200,132,206,235,222,348,143,240,121,2,247,9,164,346,209,139,42,79,28,210,161,27,257,199,322,192,327,337,96,186,38,208,58,91,8,286,305,154,70,303,332,117,124,127,287,330,239,45,255,108,126,104,106,131,217,49,314,248,307,43,245,184,123,315,325,266,156,351,33,50,253,342,63,22,347,190,221,272,162,228,285,35,99,62,226,107,282,324,146,262,167,288,85,81,335,341,263,152,320,78,242,140,26,319,3,90,6,216,66,92,338,243,142,182,193,87,10,103,77,185,295,4,53,313,188",20100,200
17,5,102675.17576624657,11.740220033709303,"171,233,269,36,334,61,321,75,293,308,25,55,151,204,71,249,180,76,24,32,57,130,48,252,246,41,174,84,254,219,273,110,44,27,257,199,322,192,327,337,43,256,109,147,343,65,265,312,296,329,212,40,340,302,148,122,95,244,299,165,251,29,297,323,304,59,213,179,58,208,38,186,96,250,173,30,207,306,158,20,266,232,270,236,175,282,279,258,119,167,245,184,124,127,287,330,239,45,255,108,126,104,106,131,217,49,314,248,128,15,56,125,72,307,315,316,332,117,301,268,39,112,139,141,153,230,123,100,67,206,132,200,83,311,203,181,23,278,267,88,54,210,283,161,102,60,144,80,51,94,276,170,5,136,195,116,113,300,97,13,111,234,163,237,326,292,235,344,348,143,240,89,172,74,220,197,205,349,291,7,160,12,305,154,185,86,18,310,294,145,261,346,164,9,247,17,333,46,118,70,21,201,214,121,274,320,215,339,150,129,209,34,264,284,176,225,93,331,168,120,177,64,271,52,135,134,159,275,218,16,115,198,114,11,351,156,289,325,196,345,281,336,133,350,98,155,138,277,298,194,169,187,178,318,309,191,37,28,91,8,286,14,105,317,303,73,183,101,238,259,229,260,223,241,42,137,68,82,290,157,202,262,280,211,224,221,347,231,222,189,79,50,328,33,81,190,342,69,31,22,227,166,272,162,228,285,35,99,62,226,107,63,149,146,324,2,288,85,47,335,341,263,152,253,78,242,140,26,319,3,90,6,216,66,92,338,243,142,182,193,87,10,103,77,19,295,4,53,313,188",20100,200
17,6,97766.2873569236,13.413724484092679,"171,233,269,36,334,61,321,75,293,308,25,55,110,204,71,249,180,231,47,32,57,185,48,333,273,246,256,109,147,343,254,290,151,227,84,278,224,19,41,219,283,174,105,14,44,65,265,312,296,329,118,40,340,302,163,234,111,13,97,300,113,291,149,136,5,157,94,276,170,21,344,197,46,250,173,30,207,306,158,20,189,232,270,236,175,317,279,211,119,17,73,183,101,238,31,229,260,223,241,349,144,116,82,18,201,237,252,280,258,316,310,195,24,76,214,289,259,11,166,114,198,115,16,218,275,159,134,135,52,72,125,56,83,311,203,181,23,202,267,88,54,160,86,12,102,60,137,80,51,69,89,172,304,323,297,29,251,165,299,244,95,122,148,328,294,205,212,220,74,59,213,179,7,37,191,309,318,178,187,169,194,298,277,138,155,98,350,133,336,281,345,196,268,39,112,145,141,153,230,301,100,67,292,326,274,68,215,261,129,150,339,34,264,284,176,225,93,331,168,120,177,64,271,128,15,200,132,206,235,222,348,143,240,121,2,247,9,164,346,209,139,42,79,28,210,161,27,257,199,322,192,327,337,96,186,38,208,58,91,8,286,305,154,70,303,332,117,124,127,287,330,239,45,255,108,126,104,106,131,217,49,314,248,307,43,245,184,123,315,325,266,156,351,33,50,253,342,63,22,347,190,221,272,162,228,285,35,99,62,226,107,282,324,146,262,167,288,85,81,335,341,263,152,320,78,242,140,26,319,3,90,6,216,66,53,4,295,130,77,103,10,87,193,182,142,243,338,92,313,188",20100,200
17,7,97958.41955382515,13.351454522578457,"171,233,269,36,334,61,321,75,293,308,25,55,110,204,71,249,180,231,47,32,57,130,48,333,273,246,256,109,147,343,254,290,151,227,84,278,224,185,41,219,283,174,105,14,44,65,265,312,296,329,118,40,340,302,163,234,111,13,97,300,113,291,149,136,5,157,94,276,170,21,344,197,46,250,173,30,207,306,158,20,189,232,270,236,175,317,279,211,119,17,73,183,101,238,31,229,260,223,241,349,144,116,82,18,201,237,252,280,258,316,310,195,24,76,214,289,259,11,166,114,198,115,16,218,275,159,134,135,52,72,125,56,83,311,203,181,23,202,267,88,54,160,86,12,102,60,137,80,51,69,89,172,304,323,297,29,251,165,299,244,95,122,148,328,294,205,212,220,74,59,213,179,7,37,191,309,318,178,187,169,194,298,277,138,155,98,350,133,336,281,345,196,268,39,112,145,141,153,230,301,100,67,292,326,274,68,215,261,129,150,339,34,264,284,176,225,93,331,168,120,177,64,271,128,15,200,132,206,235,222,348,143,240,121,2,247,9,164,346,209,139,42,79,28,210,161,27,257,199,322,192,327,337,96,186,38,208,58,91,8,286,305,154,70,303,332,117,124,127,287,330,239,45,255,108,126,104,106,131,217,49,314,248,307,43,245,184,123,315,325,266,156,351,33,50,253,342,63,22,347,190,221,272,162,228,285,35,99,62,226,107,282,324,146,262,167,288,85,81,335,341,263,152,320,78,242,140,26,319,3,90,6,216,66,92,338,243,142,182,193,87,10,103,77,19,295,4,53,313,188",20100,200
17,8,91451.47647410684,39.71252838541729,"171,233,269,36,334,61,321,75,293,308,25,55,151,204,71,249,180,81,85,288,155,298,216,44,145,227,200,206,349,84,173,268,39,112,301,336,347,311,314,195,170,225,34,78,315,72,339,215,325,289,115,198,11,114,49,278,91,307,256,109,147,343,65,265,312,296,329,316,40,340,302,30,207,306,158,20,266,232,28,132,323,304,230,129,150,68,257,199,322,192,327,337,96,186,38,208,58,179,213,59,74,220,212,205,294,328,148,122,95,244,299,165,251,29,297,166,175,14,105,317,222,41,174,261,69,162,228,160,326,12,56,226,107,194,324,272,57,140,48,305,273,13,70,62,164,7,37,346,111,9,247,17,344,82,264,8,16,189,2,100,32,137,19,209,139,156,351,217,131,106,104,126,108,255,45,239,330,287,127,124,117,332,246,252,219,33,35,178,90,286,224,221,190,83,22,63,253,50,153,177,133,169,187,31,270,281,191,113,176,236,120,282,141,318,157,279,258,292,167,333,196,345,119,142,201,21,254,118,46,235,262,234,309,241,79,149,110,172,88,54,210,283,161,102,60,144,80,51,94,276,320,5,136,64,271,52,135,134,15,248,125,267,128,185,303,73,183,101,238,259,229,260,223,89,237,202,300,211,152,42,159,275,47,231,26,98,350,214,27,277,138,263,341,335,76,24,284,280,123,23,242,67,6,116,285,99,168,313,53,4,295,130,77,103,10,87,193,182,290,243,338,92,66,181,291,97,3,319,154,203,86,18,310,250,43,197,245,184,274,121,240,143,348,146,342,218,163,93,331,188",20100,200
17,9,99243.32488853317,12.820162868065243,"171,233,269,36,334,61,321,75,293,308,25,55,110,204,71,249,180,231,47,32,57,130,48,333,273,246,256,109,147,343,254,290,151,227,84,278,224,185,41,219,283,174,105,14,44,65,265,312,296,329,118,40,340,302,163,234,111,13,97,300,113,291,149,136,5,157,94,276,170,21,344,197,46,250,173,30,207,306,158,20,189,232,270,236,175,317,279,211,119,17,73,183,101,238,31,229,260,223,241,349,144,116,82,18,201,237,252,280,258,316,310,195,24,76,214,289,259,11,166,114,198,115,16,218,275,159,134,135,52,72,125,56,83,311,29,297,323,304,172,89,69,51,80,137,60,102,12,86,160,54,88,267,202,23,181,203,251,165,299,244,95,122,148,328,294,205,212,220,74,59,213,179,7,37,191,309,318,178,187,169,194,298,277,138,155,98,350,133,336,281,345,196,268,39,112,145,141,153,230,301,100,67,292,326,274,68,215,261,129,150,339,34,264,284,176,225,93,331,168,120,177,64,271,128,15,200,132,206,235,222,348,143,240,121,2,247,9,164,346,209,139,42,79,28,210,161,27,257,199,322,192,327,337,96,186,38,208,58,91,8,286,305,154,70,303,332,117,124,127,287,330,239,45,255,108,126,104,106,131,217,49,314,248,307,43,245,184,123,315,325,266,156,351,33,50,253,342,63,22,347,190,221,272,162,228,285,35,99,62,226,107,282,324,146,262,167,288,85,81,335,341,263,152,320,78,242,140,26,319,3,90,6,216,66,92,338,243,142,182,193,87,10,103,77,19,295,4,53,313,188",20100,200
17,10,105462.15275196088,10.557074123968105,"171,233,269,36,334,61,321,75,293,308,25,55,151,273,121,44,27,257,339,34,181,275,135,116,113,203,311,83,56,125,72,52,195,136,5,170,276,94,51,186,38,208,58,343,65,265,312,296,329,212,40,340,302,148,122,95,244,299,165,251,29,297,323,304,59,213,179,147,109,256,43,250,173,30,207,108,126,104,106,37,28,91,8,286,14,105,317,303,332,331,168,289,177,64,271,274,328,142,11,114,198,115,138,134,16,264,197,205,23,218,300,97,13,111,234,163,237,333,46,118,70,21,201,214,76,24,32,280,19,209,139,156,351,224,211,57,262,154,305,12,160,7,291,349,145,261,346,164,9,247,17,326,48,252,246,41,174,84,254,204,71,249,180,89,172,74,220,284,176,348,93,117,124,127,287,330,239,45,133,350,202,185,86,18,310,294,278,267,88,54,210,283,161,102,60,144,80,96,337,327,268,196,345,69,219,281,336,255,266,20,158,306,131,217,49,314,248,307,316,245,184,123,315,325,225,200,82,110,149,79,215,292,129,150,199,322,192,39,112,235,141,153,230,120,100,67,206,132,279,15,232,295,318,47,301,222,169,231,277,166,175,236,270,128,191,309,240,178,119,227,282,167,73,183,101,238,259,229,260,223,241,42,137,68,344,290,157,98,2,189,258,31,187,33,50,253,342,63,22,347,190,221,272,162,228,285,35,99,62,226,107,194,324,146,298,155,288,85,81,335,341,263,152,320,78,242,140,26,319,3,90,6,216,66,92,338,243,159,182,193,87,10,103,77,143,130,4,53,313,188",20100,200
17,11,106416.81395401854,10.157071417157734,"36,269,233,171,334,61,321,75,293,308,25,55,151,273,121,44,27,257,339,34,181,275,135,116,113,203,311,83,56,125,72,52,195,136,5,170,276,94,51,80,144,60,102,9,164,346,261,145,349,291,7,160,12,305,154,185,86,18,310,294,278,267,88,54,210,283,161,247,17,326,48,252,246,41,174,84,254,204,71,249,180,89,172,74,220,284,176,348,93,331,168,289,177,64,271,274,328,142,11,114,198,115,138,134,16,264,197,205,23,218,300,97,13,111,234,163,237,333,46,118,70,21,201,214,76,24,32,280,19,209,139,156,351,224,211,57,262,202,350,133,45,239,330,287,127,124,117,332,303,317,105,14,286,8,91,28,37,266,20,158,306,207,30,173,250,43,256,109,147,343,65,265,312,296,329,212,40,340,302,148,122,95,244,299,165,251,29,297,323,304,59,213,179,58,208,38,186,96,337,327,268,196,345,69,219,281,336,255,106,104,126,108,131,217,49,314,248,307,316,245,184,123,315,325,225,200,82,110,149,79,215,292,129,150,199,322,192,39,112,235,141,153,230,120,100,67,206,132,279,15,232,295,318,47,301,222,169,231,277,166,175,236,270,128,191,309,240,178,119,227,282,167,73,183,101,238,259,229,260,223,241,42,137,68,344,290,157,98,2,189,258,31,187,33,50,253,342,63,22,347,190,221,272,162,228,285,35,99,62,226,107,194,324,146,298,155,288,85,81,335,341,263,152,320,78,242,140,26,319,3,90,6,216,66,92,338,243,159,182,193,87,10,103,77,130,143,4,53,313,188",20100,200
17,12,102654.98118874113,11.951266311144995,"171,233,269,36,334,61,321,75,293,308,25,55,151,204,71,249,180,76,24,32,57,130,48,252,246,41,174,84,254,219,273,110,44,27,257,199,322,192,327,337,43,256,109,147,343,65,265,312,296,329,212,40,340,302,148,122,95,244,299,165,251,29,297,323,304,59,213,179,58,208,38,186,96,250,173,30,207,306,158,20,266,232,270,236,175,282,279,258,119,167,245,184,124,127,287,330,239,45,255,108,126,104,106,131,217,49,314,248,128,15,56,125,72,307,315,316,332,117,301,268,39,112,139,141,153,230,123,100,67,206,132,200,83,311,203,181,23,278,267,88,54,210,283,161,102,60,144,80,51,94,276,170,5,136,195,116,113,300,97,197,220,74,172,89,240,292,235,344,348,143,326,237,163,234,111,13,205,294,310,18,86,185,154,305,12,160,7,291,349,145,261,346,164,9,247,17,333,46,118,70,21,201,214,121,274,320,215,339,150,129,209,34,264,284,176,225,93,331,168,120,177,64,271,52,135,134,159,275,218,16,115,198,114,11,351,156,289,325,196,345,281,336,133,350,98,155,138,277,298,194,169,187,178,318,309,191,37,28,91,8,286,14,105,317,303,73,183,101,238,259,229,260,223,241,42,137,68,82,290,157,202,262,280,211,224,221,347,231,222,189,79,50,328,33,81,190,342,69,31,22,227,166,272,162,228,285,35,99,62,226,107,63,149,146,324,2,288,85,47,335,341,263,152,253,78,242,140,26,319,3,90,6,216,66,92,338,243,142,182,193,87,10,103,77,19,295,4,53,313,188",20100,200
17,13,96757.54553957251,13.941182731881783,"171,233,75,5,185,246,57,32,94,334,231,136,293,157,170,276,46,197,21,227,151,25,55,308,204,71,249,180,61,333,36,269,321,241,48,149,47,19,31,189,283,317,105,14,44,110,273,290,254,84,174,41,113,300,97,13,111,234,163,250,119,256,109,147,343,65,265,312,296,329,118,18,340,302,173,30,207,306,158,20,219,232,270,236,175,344,279,211,224,144,40,116,82,278,17,237,260,223,291,349,73,183,101,238,201,229,252,280,258,316,198,114,166,11,259,289,214,76,24,195,310,115,16,218,275,159,134,135,52,72,125,56,83,311,203,181,23,202,267,88,54,160,86,12,102,60,137,80,51,69,89,172,304,323,297,29,251,165,299,244,95,122,148,328,294,205,212,220,74,59,213,179,7,37,191,309,318,178,187,169,194,298,277,138,155,98,350,133,336,281,345,196,268,39,112,145,141,153,230,301,100,67,292,326,274,68,215,261,129,150,339,34,264,284,176,225,93,331,168,120,177,64,271,128,15,200,132,206,235,222,348,143,240,121,2,247,9,164,346,209,139,42,79,28,210,161,27,257,199,322,192,327,337,96,186,38,208,58,91,8,286,305,154,70,303,332,117,124,127,287,330,239,45,255,108,126,104,106,131,217,49,314,248,307,43,245,184,123,315,325,266,156,351,33,50,253,342,63,22,347,190,221,272,162,228,285,35,99,62,226,107,282,324,146,262,167,288,85,81,335,341,263,152,320,78,242,140,26,319,3,90,6,216,66,53,4,295,130,77,103,10,87,193,182,142,243,338,92,313,188",20100,200
17,14,96277.3117227277,14.041584660330994,"171,233,269,36,334,61,321,75,293,291,223,260,237,17,278,82,116,40,144,224,211,279,344,175,236,270,232,219,20,158,306,207,30,173,302,340,18,118,329,296,312,265,65,343,147,109,256,119,250,163,234,111,13,97,300,113,41,174,84,254,290,273,110,44,14,105,317,283,189,31,19,46,197,21,227,151,276,170,5,136,149,241,246,94,333,48,130,57,32,47,231,180,249,71,204,157,55,25,308,349,73,183,101,238,201,229,252,280,258,316,198,114,166,11,259,289,214,76,24,195,310,115,16,218,275,159,134,135,52,72,125,56,83,311,203,181,23,202,267,88,54,160,86,12,102,60,137,80,51,69,89,172,304,323,297,29,251,165,299,244,95,122,148,328,294,205,212,220,74,59,169,187,178,318,309,191,37,7,179,213,194,298,277,138,155,98,350,133,336,281,345,196,268,39,112,145,141,153,230,301,100,67,292,326,274,68,215,261,129,150,339,34,264,284,176,225,93,331,168,120,177,64,271,128,15,200,132,206,235,222,348,143,240,121,2,247,9,164,346,209,139,42,79,28,210,161,27,257,199,322,192,327,337,96,186,38,208,58,91,8,286,305,154,70,303,332,117,124,127,287,330,239,45,255,108,126,104,106,131,217,49,314,248,307,43,245,184,123,315,325,266,156,351,33,50,253,342,63,22,347,190,221,272,162,228,285,35,99,62,226,107,282,324,146,262,167,288,85,81,335,341,263,152,320,78,242,140,26,319,3,90,6,216,66,92,338,243,142,182,193,87,10,103,77,185,295,4,53,313,188",20100,200
17,15,95765.72724070745,14.174907567075964,"171,233,269,36,334,61,321,75,293,308,25,55,151,204,71,249,180,81,85,288,155,298,216,44,145,227,240,121,274,74,243,338,92,66,310,53,10,203,154,319,3,97,291,181,294,205,197,220,303,182,193,87,86,103,77,130,295,4,163,250,78,34,225,170,195,314,311,347,185,301,112,39,268,88,54,210,283,161,102,60,144,80,51,94,276,320,5,136,64,271,52,135,134,15,248,125,260,128,336,290,267,196,345,254,23,229,73,223,123,84,152,300,211,202,42,159,275,47,231,26,98,350,214,27,277,138,263,341,335,76,24,284,280,89,259,242,67,6,116,285,99,168,313,72,339,215,325,289,115,198,11,114,49,278,91,307,316,245,184,230,129,150,68,69,235,322,192,327,337,96,186,38,208,58,179,213,59,304,323,297,29,251,165,299,244,95,122,148,302,340,40,212,329,296,312,265,65,343,147,109,256,43,315,173,30,207,306,158,20,266,232,28,132,166,175,14,105,317,222,41,174,261,257,162,228,160,326,12,56,226,107,194,324,272,57,140,48,305,273,13,70,62,164,7,37,346,111,9,247,17,344,82,264,8,16,189,2,100,32,137,19,209,139,156,351,217,131,106,104,126,108,255,45,239,330,287,127,124,117,332,246,252,219,33,35,178,90,286,224,221,190,83,22,63,253,50,153,177,133,169,187,31,270,281,191,113,176,236,120,282,141,318,157,279,258,292,348,143,200,206,349,237,328,172,110,149,79,241,309,234,262,199,46,118,238,21,201,142,119,101,183,333,167,146,342,218,18,93,331,188",20100,200
17,16,106465.3729687517,10.008301542881421,"171,233,269,36,334,61,321,75,293,308,25,55,151,273,121,44,27,257,339,34,181,275,135,116,113,203,311,83,56,125,72,52,195,136,5,170,276,94,51,80,144,60,102,9,164,346,261,145,349,291,7,160,12,305,154,185,86,18,310,294,278,267,88,54,210,283,161,247,17,326,48,252,246,41,174,84,254,204,71,249,180,89,172,74,220,284,176,348,93,331,168,289,177,64,271,274,328,142,11,114,198,115,138,134,16,264,197,205,23,218,300,97,13,111,234,163,237,333,46,118,70,21,201,214,76,24,32,280,19,209,139,156,351,224,211,57,262,202,350,133,45,239,330,287,127,124,117,332,303,317,105,14,286,8,91,28,37,266,20,158,306,207,30,173,250,43,256,109,147,343,65,265,312,296,329,212,40,340,302,148,122,95,244,299,165,251,29,297,323,304,59,213,179,58,208,38,186,96,337,327,192,322,345,69,219,281,336,255,108,126,104,106,131,217,49,314,248,307,316,245,184,123,315,325,225,200,82,110,149,79,215,292,129,150,199,196,268,39,112,235,141,153,230,120,100,67,206,132,279,15,232,295,318,47,301,222,169,231,277,166,175,236,270,128,191,309,240,178,119,227,282,167,73,183,101,238,259,229,260,223,241,42,137,68,344,290,157,98,2,189,258,31,187,33,50,253,342,63,22,347,190,221,272,162,228,285,35,99,62,226,107,194,324,146,298,155,288,85,320,335,341,263,152,81,78,242,140,26,319,3,90,6,216,66,92,338,243,159,182,193,87,10,103,77,143,130,4,53,313,188",20100,200
17,17,103290.05494031461,11.599441889771896,"171,233,269,36,334,61,321,75,293,308,25,55,151,204,71,249,180,76,24,32,57,130,48,252,246,41,174,84,254,219,273,110,44,27,257,199,322,192,327,337,43,256,109,147,343,65,265,312,296,329,212,40,340,302,148,122,95,244,299,165,251,29,297,323,304,59,213,179,58,208,38,108,126,250,173,30,207,104,106,20,266,232,270,236,175,282,279,258,332,117,124,127,287,330,119,167,239,45,255,186,96,306,158,131,301,230,153,141,139,112,39,268,315,123,184,245,316,307,248,314,49,217,100,67,206,132,200,15,128,125,56,72,83,311,203,181,23,278,267,88,54,210,283,161,102,60,144,80,51,94,276,170,5,136,195,116,113,300,97,197,220,74,172,89,240,292,235,344,348,143,326,237,163,234,111,13,205,294,310,18,86,185,154,305,12,160,7,291,349,145,261,346,164,9,247,17,333,46,118,70,21,201,214,121,274,320,215,339,150,129,209,34,264,284,176,225,93,331,168,120,177,64,271,52,135,134,159,275,218,16,115,198,114,11,351,156,289,325,196,345,281,336,133,350,98,155,138,277,298,194,169,187,178,318,309,191,37,28,91,8,286,14,105,317,303,73,183,101,238,259,229,260,223,241,42,137,68,82,290,157,202,262,280,211,224,221,347,231,222,189,79,50,328,33,81,190,342,69,31,22,227,166,272,162,228,285,35,99,62,226,107,63,149,146,324,2,288,85,47,335,341,263,152,253,78,242,140,26,319,3,90,6,216,66,92,338,243,142,182,193,87,10,103,77,19,295,4,53,313,188",20100,200
17,18,105469.16793567929,10.509605799408316,"171,233,269,36,334,61,321,75,293,308,25,55,151,273,121,44,27,257,339,34,181,275,135,116,113,203,311,83,56,125,72,52,195,136,5,170,276,94,51,186,38,208,58,343,65,265,312,296,329,212,40,340,302,148,122,95,244,299,165,251,29,297,323,304,59,213,179,147,109,256,43,250,173,30,207,108,126,104,106,37,28,91,8,286,14,105,317,303,332,331,168,289,177,64,271,274,12,305,154,262,57,211,224,351,156,139,209,19,23,218,300,97,13,111,234,163,237,333,46,118,70,21,201,214,76,24,32,280,205,197,264,16,134,138,115,198,114,11,142,328,160,7,291,349,145,261,346,164,9,247,17,326,48,252,246,41,174,84,254,204,71,249,180,89,172,74,220,284,176,348,93,117,124,127,287,330,239,45,133,350,202,185,86,18,310,294,278,267,88,54,210,283,161,102,60,144,80,96,337,327,268,196,345,69,219,281,336,255,306,158,20,266,131,217,49,314,248,307,316,245,184,123,315,325,225,200,82,110,149,79,215,292,129,150,199,322,192,39,112,235,141,153,230,120,100,67,206,132,279,15,232,295,318,47,301,222,169,231,277,166,175,236,270,128,191,309,240,178,119,227,282,167,73,183,101,238,259,229,260,223,241,42,137,68,344,290,157,98,2,189,258,31,187,33,50,253,342,63,22,347,190,221,272,162,228,285,35,99,62,226,107,194,324,146,298,155,288,85,81,335,341,263,152,320,78,242,140,26,319,313,10,53,216,66,92,338,243,143,182,193,87,90,103,77,159,130,6,3,4,188",20100,200
17,19,103920.59978473306,11.130156579650096,"171,233,269,36,334,61,321,75,293,308,25,55,151,204,71,249,180,76,24,32,57,130,48,252,246,41,174,84,254,219,273,110,44,27,257,199,322,192,327,337,43,256,109,147,343,65,265,312,296,329,212,40,340,302,148,122,95,244,299,165,251,29,297,323,304,59,213,179,58,208,38,108,126,250,173,30,207,104,106,20,266,232,270,236,175,282,279,258,316,307,124,127,287,330,119,167,239,45,255,186,96,306,158,131,248,56,125,128,15,217,49,314,315,72,184,245,332,117,301,268,39,112,139,141,153,230,123,100,67,206,132,200,83,311,203,181,23,278,267,88,54,210,283,161,102,60,144,80,51,94,276,170,5,136,195,116,113,300,97,13,111,234,163,237,326,292,235,344,348,143,240,89,172,74,220,197,205,349,291,7,160,12,305,154,185,86,18,310,294,145,261,346,164,9,247,17,333,46,118,70,21,201,214,121,274,320,215,339,150,129,209,34,264,284,176,225,93,331,168,120,177,64,271,52,135,134,159,275,218,16,115,198,114,11,351,156,289,325,196,345,281,336,133,350,98,155,138,277,298,194,169,187,178,318,309,191,37,28,91,8,286,14,105,317,303,73,183,101,238,259,229,260,223,241,42,137,68,82,290,157,202,262,280,211,224,221,347,231,222,189,79,50,328,33,81,190,342,69,31,22,227,166,272,162,228,285,35,99,62,226,107,63,149,146,324,2,288,85,47,335,341,263,152,253,78,242,140,26,319,3,90,6,216,66,92,338,243,142,182,193,87,10,103,77,19,295,4,53,313,188",20100,200
17,20,103520.56700383734,11.454855687474273,"171,233,269,36,334,61,321,75,293,308,25,55,151,204,71,249,180,76,24,32,57,130,48,252,246,41,174,84,254,219,273,110,44,27,257,199,322,192,327,337,43,256,109,147,343,65,265,312,296,329,212,40,340,302,148,122,95,244,299,165,251,29,297,323,304,59,213,179,58,208,38,108,126,250,173,30,207,104,106,20,266,232,270,236,175,282,279,258,316,307,124,127,287,330,119,167,239,45,255,186,96,306,158,131,248,56,125,128,15,217,49,314,315,72,184,245,332,117,301,268,39,112,139,141,153,230,123,100,67,206,132,200,83,311,203,181,23,278,267,88,54,210,283,161,102,60,144,80,51,94,276,170,5,136,195,116,113,300,97,13,111,234,163,237,326,292,235,344,348,143,240,89,172,74,220,197,205,349,291,7,160,12,305,154,185,86,18,310,294,145,261,346,164,9,247,17,333,46,118,70,21,201,214,121,274,253,215,339,150,129,209,34,264,284,176,225,93,331,168,120,177,64,271,52,135,134,159,275,218,16,115,198,114,11,351,156,289,325,196,345,281,336,133,350,98,155,138,277,298,194,169,187,178,318,309,191,37,28,91,8,286,14,105,317,303,73,183,101,238,259,229,260,223,241,42,137,68,82,290,157,202,262,280,211,224,221,347,231,222,189,79,50,328,33,47,190,342,69,31,22,227,166,272,162,228,285,35,99,62,226,107,63,149,146,324,2,288,85,81,335,341,263,152,320,78,242,140,26,319,3,90,6,216,66,92,338,243,142,182,193,87,10,103,77,19,295,4,53,313,188",20100,200
17,21,92292.5944683445,18.490007720050535,"171,233,269,36,334,61,321,75,293,308,25,55,151,204,71,304,180,288,56,44,328,235,100,118,216,200,298,81,46,349,234,32,110,149,79,241,309,17,262,199,346,127,124,117,332,222,317,105,14,175,166,132,28,232,209,20,13,306,207,30,173,326,43,256,109,147,343,65,265,312,296,329,212,40,340,302,148,122,95,188,331,93,163,139,342,146,348,143,240,121,274,74,220,197,205,294,310,18,86,66,181,291,97,3,319,154,203,92,338,243,290,182,193,87,10,103,77,130,295,4,53,313,168,99,285,116,6,67,189,259,89,135,52,271,64,136,5,320,276,94,51,80,144,60,102,161,283,210,54,88,268,39,112,301,218,266,152,284,12,160,78,242,115,198,114,11,351,156,289,325,215,213,27,277,138,263,341,335,76,24,137,280,134,15,248,125,260,128,336,278,267,196,345,254,23,70,73,37,123,84,19,300,211,202,42,159,275,47,231,26,98,350,214,223,29,179,62,229,158,273,299,48,140,57,272,324,194,107,226,69,165,250,251,228,162,257,59,174,41,246,252,219,33,35,178,90,286,224,221,190,83,22,63,253,50,153,177,133,169,187,31,270,281,191,261,176,236,120,282,141,318,157,279,258,292,167,186,183,101,119,142,96,337,238,192,287,330,239,45,255,108,126,104,106,131,217,344,38,185,347,311,314,195,170,225,34,2,315,72,339,111,9,247,16,8,82,264,49,303,91,307,316,245,201,68,145,227,244,150,184,129,297,164,206,249,230,333,237,305,58,208,322,113,7,21,172,327,85,323,155",20100,200
17,22,105982.35408678338,10.414020071949011,"171,233,269,36,334,61,321,75,293,308,25,55,151,273,121,44,27,257,339,34,181,275,135,116,113,203,311,83,56,125,72,52,195,136,5,170,276,94,51,80,144,60,102,9,164,346,261,145,349,291,7,160,12,305,154,185,86,18,310,294,278,267,88,54,210,283,161,247,17,326,48,252,246,41,174,84,254,204,71,249,180,89,172,74,220,284,176,348,93,331,168,289,177,64,271,274,328,142,11,114,198,115,138,134,16,264,197,205,23,218,300,97,13,111,234,163,237,333,46,118,70,21,201,214,76,24,32,280,19,209,139,156,351,224,211,57,262,202,350,133,45,239,330,287,127,124,117,332,303,317,105,14,286,8,91,28,37,266,20,158,306,207,30,173,250,43,256,109,147,343,65,265,312,296,329,212,40,340,302,148,122,95,244,299,165,251,29,297,323,304,59,213,179,58,208,38,186,96,337,327,192,322,199,150,129,292,336,255,108,126,104,106,131,217,49,314,248,307,316,245,184,123,315,325,225,200,82,110,149,79,215,281,219,69,345,196,206,67,100,120,230,153,141,235,112,39,268,132,279,15,232,295,318,47,301,222,169,231,277,166,175,236,270,128,191,309,240,178,119,227,282,167,73,183,101,238,259,229,260,223,241,42,137,68,344,290,157,98,2,189,258,31,187,33,50,253,342,63,22,347,190,221,272,162,228,285,35,99,62,226,107,194,324,146,298,155,288,85,81,335,341,263,152,320,78,242,140,26,319,3,90,6,216,66,92,338,243,159,182,193,87,10,103,77,143,130,4,53,313,188",20100,200
17,23,100517.93162827498,12.258113144708721,"171,233,269,36,334,61,321,75,293,174,57,55,47,24,25,249,180,252,254,204,219,273,308,44,32,79,246,48,41,130,76,71,110,27,257,199,322,192,327,337,43,256,109,147,343,65,265,312,296,329,212,40,340,302,148,122,95,244,299,165,251,29,297,323,304,59,213,179,58,208,38,186,96,250,173,30,207,306,158,20,266,232,270,236,175,282,279,258,119,167,245,184,124,127,287,330,239,45,255,108,126,104,106,131,217,49,314,248,128,15,56,125,72,307,315,316,332,117,301,268,39,112,139,141,153,230,123,100,67,206,132,200,83,311,203,181,23,278,267,88,54,210,283,161,102,60,144,80,51,94,276,170,5,136,195,116,113,300,97,13,111,234,163,237,326,292,235,344,348,143,240,89,172,74,220,197,205,349,291,7,160,12,305,154,185,86,18,310,294,145,261,346,164,9,247,17,333,46,118,70,21,201,214,121,274,320,215,339,150,129,209,34,264,284,176,225,93,331,168,120,177,64,271,52,135,134,159,275,218,16,115,198,114,11,351,156,289,325,196,345,281,336,133,350,98,155,138,277,298,194,169,187,178,318,309,191,37,28,91,8,286,14,105,317,303,73,183,101,238,259,229,260,223,241,42,253,50,33,290,157,22,63,342,137,68,82,227,81,231,69,189,31,149,328,224,211,280,262,202,347,190,221,272,162,228,285,35,99,62,226,107,222,166,146,324,2,288,85,84,335,341,263,152,151,78,242,140,26,319,3,90,6,216,66,92,338,243,142,182,193,87,10,103,77,19,295,4,53,313,188",20100,200
18,0,91163.01699217464,12.864658297311125,"271,84,264,93,108,275,194,94,238,52,336,255,306,286,175,148,30,167,99,140,65,55,145,48,197,5,303,122,17,323,332,46,200,186,222,75,225,314,340,78,320,154,3,117,134,73,74,34,213,69,250,300,92,253,273,226,41,235,160,125,182,292,161,57,86,168,230,158,325,23,19,207,190,302,29,270,243,118,13,331,66,141,77,215,311,87,129,237,42,44,88,139,263,262,278,150,232,172,164,131,103,102,312,337,32,177,71,6,196,277,179,82,295,153,233,342,157,155,85,62,301,291,174,96,282,113,310,59,40,70,274,90,229,313,193,240,343,24,265,241,49,206,64,189,173,97,322,143,132,109,22,8,67,54,100,245,120,299,211,297,239,335,12,183,228,110,224,261,234,334,269,349,219,166,203,201,252,89,210,91,204,257,324,81,107,341,205,127,191,289,151,307,137,95,330,119,53,248,136,184,281,304,348,15,328,115,326,76,11,327,25,50,181,7,285,149,220,221,170,10,350,242,208,294,345,36,165,318,236,45,308,43,104,227,298,28,339,319,276,105,212,51,18,209,178,114,284,268,287,33,162,126,35,296,260,223,142,279,280,247,316,321,144,256,333,133,21,216,47,187,272,283,83,124,112,267,61,68,72,138,2,305,217,27,101,180,123,39,147,315,176,214,20,130,60,80,14,338,121,251,63,344,198,146,346,79,192,351,231,26,37,249,98,58,259,152,195,135,288,244,156,329,38,116,266,309,9,218,293,169,159,128,290,258,163,171,106,188,246,111,202,16,185,254,56,4,347,199,317,31",20100,200
18,1,89848.98072628681,14.681520771166555,"271,84,264,93,108,275,194,94,238,52,336,255,306,286,175,148,30,167,99,140,65,55,145,48,197,5,303,122,17,323,332,46,200,186,222,75,225,314,340,78,320,154,3,117,134,73,74,34,213,69,250,300,92,253,273,226,41,235,160,125,182,292,161,57,86,168,230,158,325,23,19,207,190,302,29,270,243,118,13,331,66,141,77,215,311,87,129,237,42,44,88,139,263,262,278,150,232,172,164,131,103,102,312,337,32,177,71,6,196,277,179,82,295,153,233,342,157,155,85,62,301,291,174,96,282,113,310,59,40,70,274,90,229,313,193,240,343,24,265,241,49,206,64,189,173,97,322,143,54,67,8,22,109,132,100,245,120,299,211,297,239,335,12,183,228,110,224,261,234,334,269,349,219,35,247,280,279,142,223,91,204,257,324,81,107,318,18,209,236,45,308,43,104,227,298,28,339,319,276,105,212,51,348,15,178,114,284,268,287,33,162,126,166,203,201,252,89,210,267,296,316,321,144,256,333,133,21,216,220,187,272,283,83,124,112,260,61,68,72,138,2,305,217,27,101,180,123,106,36,345,294,208,242,350,10,170,221,137,328,115,326,76,11,327,25,50,181,7,285,149,47,95,304,281,184,136,248,53,119,330,147,39,307,151,289,191,127,205,341,329,38,214,20,130,60,80,14,338,121,251,63,344,198,146,346,79,192,351,231,26,37,249,98,58,259,152,195,135,288,4,347,315,176,116,266,309,9,218,293,169,159,128,290,258,163,171,165,188,246,111,202,16,185,254,56,244,156,199,317,31",20100,200
18,2,88855.56089781642,20.361072733419466,"271,84,264,93,108,275,194,94,238,52,336,255,306,286,175,148,30,167,99,140,65,55,145,48,197,5,303,122,17,323,332,46,200,186,222,75,225,314,340,78,320,154,3,117,134,73,74,34,213,69,250,300,92,253,273,226,41,235,160,125,182,292,161,57,86,168,230,281,304,95,47,149,285,7,181,50,25,327,11,76,326,115,328,137,221,208,242,350,10,170,294,345,36,106,123,180,101,27,333,256,144,321,316,296,267,223,142,279,280,247,35,219,349,269,195,152,217,305,2,138,72,68,61,260,112,124,83,283,272,187,220,216,21,62,301,291,174,228,183,12,335,239,297,211,299,120,245,100,54,67,8,22,109,132,143,322,97,173,189,64,206,49,241,265,24,343,224,261,313,229,90,274,70,40,59,310,113,282,96,91,204,257,324,81,107,318,18,209,236,45,308,43,104,227,298,28,339,319,276,105,212,51,348,15,178,114,284,268,287,33,162,126,166,203,201,252,89,210,110,240,193,234,85,155,157,342,233,153,295,82,179,277,196,6,71,177,32,337,312,102,103,131,164,172,232,150,278,262,263,139,88,44,42,237,288,135,334,133,259,58,98,249,37,26,231,351,192,79,346,146,198,344,63,251,121,338,14,80,60,130,20,214,38,329,341,205,127,191,289,151,307,39,147,330,119,53,248,136,184,158,325,23,19,207,190,302,29,270,243,118,13,331,66,141,77,215,311,87,129,4,347,315,176,116,266,309,9,218,293,169,159,128,290,258,163,171,165,188,246,111,202,16,185,254,56,244,156,199,317,31",20100,200
18,3,91177.8708770485,12.754995464407354,"271,84,264,93,108,275,194,94,238,52,336,255,306,286,175,148,30,167,99,140,65,55,145,48,197,5,303,122,17,323,332,46,200,186,222,75,225,314,340,78,320,154,3,117,134,73,74,34,213,69,250,300,92,253,273,226,41,235,57,161,292,182,125,160,86,168,230,158,325,23,19,207,190,302,29,270,243,118,13,331,66,141,77,215,311,87,129,237,42,44,88,139,263,262,278,150,232,172,164,131,103,102,312,337,32,177,71,6,196,277,179,82,295,153,233,342,157,155,85,62,301,291,174,96,282,113,310,59,40,70,274,90,229,313,193,240,343,24,265,241,49,206,64,189,173,97,322,143,132,109,22,8,67,54,100,245,120,299,211,297,239,335,12,183,228,110,224,261,234,334,269,349,219,166,203,201,252,89,210,91,204,257,324,81,107,341,205,127,191,289,151,307,137,95,330,119,53,248,136,184,281,304,348,15,328,115,326,76,11,327,25,50,181,7,285,149,220,221,170,10,350,242,208,294,345,36,165,318,236,45,308,43,104,227,298,28,339,319,276,105,212,51,18,209,178,114,284,268,287,33,162,126,35,247,280,279,142,223,260,112,124,83,283,272,187,47,216,21,133,333,256,144,321,316,296,267,61,68,72,138,2,305,217,27,101,180,123,39,147,315,176,214,20,130,60,80,14,338,121,251,63,344,198,146,346,79,192,351,231,26,37,249,98,58,259,106,152,195,288,244,156,329,38,116,266,309,9,218,293,169,159,128,290,258,163,171,135,188,246,111,202,16,185,254,56,4,347,199,317,31",20100,200
18,4,91049.43445745322,12.866508934213469,"271,84,264,93,108,275,194,94,238,52,336,255,306,286,175,148,30,167,99,140,65,55,145,48,197,5,303,122,17,323,332,46,200,186,222,75,225,314,340,78,320,154,3,117,134,73,74,34,213,69,250,300,92,253,273,226,41,235,160,125,182,292,161,57,86,168,230,158,325,23,19,207,190,302,29,270,243,118,13,331,66,141,77,215,311,87,129,237,42,44,88,139,263,262,278,150,232,172,164,131,103,102,312,337,32,177,71,6,196,277,179,82,295,153,233,342,157,155,85,62,301,291,174,96,282,113,310,59,40,70,274,90,229,313,193,240,343,24,265,241,49,206,64,189,173,97,322,143,54,67,8,22,109,132,100,245,120,299,211,297,239,335,12,183,228,110,224,261,234,334,269,349,219,166,203,201,252,89,204,91,210,257,324,81,107,341,205,127,191,289,151,307,137,95,330,119,53,248,136,184,281,304,348,15,328,115,326,76,11,327,25,50,181,7,285,149,220,221,170,10,350,242,208,294,345,36,165,318,236,45,308,43,104,227,298,28,339,319,276,105,212,51,18,209,178,114,284,268,287,33,162,126,35,247,280,279,142,223,260,112,124,83,283,272,187,47,216,21,133,333,256,144,321,316,296,267,61,68,72,138,2,305,217,27,101,180,123,39,147,315,176,214,20,130,60,80,14,338,121,251,63,344,198,146,346,79,192,351,231,26,37,249,98,58,259,106,152,195,288,244,156,329,38,116,266,309,9,218,293,169,159,128,290,258,163,171,135,188,246,111,202,16,185,254,56,4,347,199,317,31",20100,200
18,5,91346.32422333158,12.70449507108952,"271,84,264,93,108,275,194,94,238,52,336,255,306,286,175,148,30,167,180,140,65,55,145,48,197,5,303,122,17,323,332,46,200,186,222,75,225,314,340,78,320,154,3,117,134,73,74,34,213,69,250,300,92,253,273,226,41,235,57,161,292,182,125,160,86,168,230,158,325,23,19,207,190,302,29,270,243,118,13,331,66,141,77,215,311,87,129,237,42,44,88,139,263,262,278,150,232,172,164,131,103,102,312,337,32,177,71,6,196,277,179,82,295,153,233,342,157,155,85,62,301,291,174,96,282,113,310,59,40,70,274,90,229,313,193,240,343,24,265,241,49,206,64,189,173,97,322,143,132,109,22,8,67,54,100,245,120,299,211,297,239,335,12,183,228,110,224,261,234,334,269,349,219,166,203,201,252,89,210,91,204,257,324,81,107,341,205,127,191,289,151,307,137,95,330,119,53,248,136,184,281,304,348,15,328,115,326,76,11,327,25,50,181,7,285,149,220,221,170,10,350,242,208,294,345,36,165,318,236,45,308,43,104,227,298,28,339,319,276,105,212,51,18,209,178,114,284,268,287,33,162,126,35,247,280,279,142,223,260,112,124,83,283,272,187,47,216,21,133,333,256,144,321,316,296,267,61,68,72,138,2,305,217,27,101,99,123,39,147,315,176,214,20,130,60,80,14,338,121,251,63,344,198,146,346,79,192,351,231,26,37,249,98,58,259,106,152,195,288,244,156,329,38,116,266,309,9,218,293,169,159,128,290,258,163,171,135,188,246,111,202,16,185,254,56,4,347,199,317,31",20100,200
18,6,89609.7094340517,15.007122269804483,"271,84,264,93,108,275,194,94,238,52,336,255,306,286,175,148,30,167,99,140,65,55,145,48,197,5,303,122,17,323,332,46,200,186,222,75,225,314,340,78,320,154,3,117,134,73,74,34,213,69,250,300,92,253,273,226,41,235,160,125,182,292,161,57,86,168,230,158,325,23,19,207,190,302,29,270,243,118,13,331,66,141,77,215,311,87,129,237,42,44,88,139,263,262,278,150,232,172,164,131,103,102,312,337,32,177,71,6,196,277,179,82,295,153,233,342,157,155,85,62,301,291,174,96,282,113,310,59,40,70,274,90,229,313,193,240,343,24,265,241,49,206,64,189,173,97,322,143,54,67,8,22,109,132,100,245,120,299,211,297,239,335,12,183,228,110,224,261,234,334,269,349,219,35,247,280,279,142,223,91,204,257,324,81,107,318,18,209,236,45,308,43,104,227,298,28,339,319,276,105,212,51,348,15,178,114,284,268,287,33,162,126,166,203,201,252,89,210,267,296,316,321,144,256,333,133,21,216,220,187,272,283,83,124,112,260,61,68,72,138,2,305,217,27,231,351,192,79,346,63,344,123,242,350,10,170,221,137,328,115,326,76,11,327,25,50,181,7,285,149,47,95,304,281,184,136,248,53,119,330,147,39,307,151,289,191,127,205,341,329,38,214,20,130,60,80,14,338,121,251,345,294,198,146,36,106,208,180,101,26,37,249,98,58,259,152,195,135,288,4,347,315,176,116,266,309,9,218,293,169,159,128,290,258,163,171,165,188,246,111,202,16,185,254,56,244,156,199,317,31",20100,200
18,7,92182.46146581585,11.806955365856936,"271,84,264,93,108,75,222,186,200,46,332,323,303,122,17,5,197,48,145,55,65,140,180,167,30,38,306,286,175,255,336,52,154,320,78,340,314,225,275,194,94,238,3,117,134,73,74,34,213,69,250,300,92,253,273,226,41,235,160,125,182,292,161,57,86,168,230,158,325,23,19,207,190,302,29,270,243,118,13,331,66,141,77,215,311,87,129,237,42,44,88,139,263,262,278,150,232,172,164,131,103,102,312,337,32,177,71,6,196,277,179,82,295,153,233,342,157,155,85,62,301,291,174,96,282,113,310,59,40,70,274,90,229,313,193,240,343,24,265,241,49,206,64,189,173,97,322,143,132,109,22,8,67,54,100,245,120,299,211,297,239,335,12,183,228,110,224,261,234,334,269,349,219,166,203,201,252,89,210,91,204,257,324,81,107,341,205,127,191,289,151,307,137,95,330,119,53,248,136,184,281,304,348,15,328,115,326,76,11,327,25,50,181,7,285,149,220,221,170,10,350,242,208,294,345,36,165,318,236,45,308,43,104,227,298,28,339,319,276,105,212,51,18,209,178,114,284,268,287,33,162,126,35,296,260,223,142,279,280,247,316,321,144,256,333,133,21,216,47,187,272,283,83,124,112,267,61,68,72,138,2,305,217,27,101,99,123,39,147,315,176,214,20,130,60,80,14,338,121,251,63,344,198,146,346,79,192,351,231,26,37,249,98,58,259,152,195,135,288,244,156,329,148,116,266,309,9,218,293,169,159,128,290,258,163,171,106,188,246,111,202,16,185,254,56,4,347,199,317,31",20100,200
18,8,91727.75450378885,12.091886487263338,"271,84,264,93,108,275,194,94,238,52,336,255,306,286,175,38,30,167,135,140,65,55,145,48,197,5,303,122,17,323,332,46,200,186,222,75,225,314,340,78,320,154,3,117,134,73,74,34,213,69,250,300,92,253,273,226,41,235,57,161,292,182,125,160,86,168,230,158,325,23,19,207,190,302,29,270,243,118,13,331,66,141,77,215,311,87,129,237,42,44,88,139,263,262,278,150,232,172,164,131,103,102,312,337,32,177,71,6,196,277,179,82,295,153,233,342,157,155,85,62,301,291,174,96,282,113,310,59,40,70,274,90,229,313,193,240,343,24,265,241,49,206,64,189,173,97,322,143,132,109,22,8,67,54,100,245,120,299,211,297,239,335,12,183,228,110,224,261,234,334,269,349,219,166,203,201,252,89,210,91,204,257,324,81,107,341,205,127,191,289,151,307,137,95,330,119,53,248,136,184,281,304,348,15,328,115,326,76,11,327,25,50,181,7,285,149,220,221,170,10,350,242,208,294,345,36,165,318,236,45,308,43,104,227,298,28,339,319,276,105,212,51,18,209,178,114,284,268,287,33,162,126,35,296,260,223,142,279,280,247,316,321,144,256,333,133,21,216,47,187,272,283,83,124,112,267,61,68,72,138,2,305,217,27,101,180,123,39,147,315,176,214,20,130,60,80,14,338,121,251,63,344,198,146,346,79,192,351,231,26,37,249,98,58,259,152,195,106,288,244,156,329,148,116,266,309,9,218,293,169,159,128,290,258,163,171,99,188,246,111,202,16,185,254,56,4,347,199,317,31",20100,200
18,9,90625.01577322152,13.09759719010304,"271,84,264,93,108,275,194,94,238,52,336,255,306,286,175,148,30,167,99,140,65,55,145,48,197,5,303,122,17,323,332,46,200,186,222,75,225,314,340,78,320,154,3,117,134,73,74,34,213,69,250,300,92,253,273,226,41,235,57,161,292,182,125,160,86,168,230,158,325,23,19,207,190,302,29,270,243,118,13,331,66,141,77,215,311,87,129,237,42,44,88,139,263,262,278,150,232,172,164,131,103,102,312,337,32,177,71,6,196,277,179,82,295,153,233,342,157,155,85,62,301,291,174,96,282,113,310,59,40,70,274,90,229,313,193,240,343,24,265,241,49,206,64,189,173,97,322,143,132,109,22,8,67,54,100,245,120,299,211,297,239,335,12,183,228,110,224,261,234,334,269,349,219,166,203,201,252,89,210,91,204,257,324,81,107,341,205,127,191,289,151,307,137,95,330,119,53,248,136,184,281,304,348,15,328,115,326,76,11,327,25,50,181,7,285,149,220,221,170,10,350,242,208,294,345,36,165,318,236,45,308,43,104,227,298,28,339,319,276,105,212,51,18,209,178,114,284,268,287,33,162,126,35,247,280,279,142,223,260,112,124,83,283,272,187,47,216,21,133,333,256,144,321,316,296,267,61,68,72,138,2,305,217,27,101,180,123,39,147,315,176,214,20,130,60,80,14,338,121,251,63,344,198,146,346,79,192,351,231,26,37,249,98,58,259,152,195,135,288,244,156,329,38,116,266,309,9,218,293,169,159,128,290,258,163,171,106,188,246,111,202,16,185,254,56,4,347,199,317,31",20100,200
18,10,90570.88949671261,14.569191393776139,"271,84,264,93,108,275,194,94,238,52,336,255,306,286,175,148,30,167,99,166,65,55,257,48,197,5,303,122,17,323,332,46,200,186,222,75,225,314,340,78,320,154,3,117,134,73,74,34,213,69,250,300,92,253,273,226,41,235,57,161,292,182,125,160,86,168,230,158,325,23,19,207,190,302,29,270,243,118,13,331,66,141,77,215,311,87,129,237,42,44,88,139,263,262,278,150,232,172,164,131,103,102,312,337,32,177,71,6,196,277,179,82,295,153,233,342,274,70,40,59,310,113,282,96,174,291,301,62,85,155,157,90,229,313,261,224,343,24,265,241,49,206,64,189,173,97,322,143,132,109,22,8,67,54,100,245,120,299,211,297,239,335,12,183,228,110,240,193,234,334,269,349,219,140,203,201,252,89,210,91,204,145,324,81,107,318,18,209,236,45,308,43,104,227,298,28,339,319,276,105,212,51,348,15,178,114,284,268,287,33,162,126,35,247,280,279,142,223,267,296,316,321,144,256,333,133,21,216,220,187,272,283,83,124,112,260,61,68,72,138,2,305,217,27,101,180,123,106,36,345,294,208,242,350,10,170,221,137,328,115,326,76,11,327,25,50,181,7,285,149,47,95,304,281,184,136,248,53,119,330,147,39,307,151,289,191,127,205,341,329,38,214,20,130,60,80,14,338,121,251,63,344,198,146,346,79,192,351,231,26,37,249,98,58,259,165,152,195,288,244,156,315,176,116,266,309,9,218,293,169,159,128,290,258,163,171,135,188,246,111,202,16,185,254,56,4,347,199,317,31",20100,200
18,11,88064.95145266484,23.650876950549133,"271,84,264,93,108,275,194,94,238,52,336,255,306,286,175,148,30,167,99,140,65,55,145,48,197,5,303,122,17,323,332,46,200,186,222,75,225,314,340,78,320,154,3,117,134,73,74,34,213,69,250,300,92,253,273,226,41,235,160,125,182,292,161,57,86,168,230,281,304,95,47,149,285,7,181,50,25,327,11,76,326,115,328,137,221,208,242,350,10,170,294,345,36,106,123,180,101,27,333,256,144,321,316,296,267,223,142,279,280,247,35,219,349,269,195,152,217,305,2,138,72,68,61,260,112,124,83,283,272,187,220,216,21,62,301,291,174,228,183,12,335,239,297,211,299,120,245,100,54,67,8,22,109,132,143,322,97,173,189,64,206,49,241,265,24,343,224,261,313,229,90,274,70,40,59,310,113,282,96,91,204,257,324,81,107,318,18,209,236,45,308,43,104,227,298,28,339,319,276,105,212,51,348,15,178,114,284,268,287,33,162,126,166,203,201,252,89,210,32,337,312,102,103,131,164,133,334,153,295,82,179,277,196,6,71,177,110,240,193,234,85,155,157,172,232,150,278,262,263,139,88,87,129,237,42,44,311,215,77,141,66,331,13,118,243,270,29,302,190,207,19,23,325,158,184,136,248,53,119,330,147,39,307,151,289,191,127,205,341,329,38,214,20,130,60,80,14,338,121,251,63,344,198,146,346,79,192,351,231,26,37,249,98,58,259,342,233,135,288,4,347,315,176,116,266,309,9,218,293,169,159,128,290,258,163,171,165,188,246,111,202,16,185,254,56,244,156,199,317,31",20100,200
18,12,89597.68437967582,15.718487894132965,"271,84,264,93,108,275,194,94,238,52,336,255,306,286,175,148,30,167,99,166,65,55,257,48,197,5,303,122,17,323,332,46,200,186,222,75,225,314,340,78,320,154,3,117,134,73,74,34,213,69,250,300,92,253,273,226,41,235,160,125,182,292,161,57,86,168,230,158,325,23,19,207,190,302,29,270,243,118,13,331,66,141,77,215,311,87,129,237,42,44,88,139,263,262,278,150,232,172,164,131,103,102,312,337,32,177,71,6,196,277,179,82,295,153,233,342,157,155,85,62,301,291,174,96,282,113,310,59,40,70,274,90,229,313,193,240,343,24,265,241,49,206,64,189,173,97,322,143,54,67,8,22,109,132,100,245,120,299,211,297,239,335,12,183,228,110,224,261,234,334,269,349,219,140,203,201,252,89,210,91,204,145,324,81,107,318,18,209,236,45,308,43,104,227,298,28,339,319,276,105,212,51,348,15,178,114,284,268,287,33,162,126,35,247,280,279,142,223,267,296,316,321,144,256,333,133,21,216,220,187,272,283,83,124,112,260,61,68,72,138,2,305,217,27,231,351,192,79,346,63,344,123,242,350,10,170,221,137,328,115,326,76,11,327,25,50,181,7,285,149,47,95,304,281,184,136,248,53,119,330,147,39,307,151,289,191,127,205,341,329,38,214,20,130,60,80,14,338,121,251,345,294,198,146,36,106,208,180,101,26,37,249,98,58,259,152,195,135,288,244,156,315,176,116,266,309,9,218,293,169,159,128,290,258,163,171,165,188,246,111,202,16,185,254,56,4,347,199,317,31",20100,200
19,0,95150.7795494748,19.30147797849157,"59,113,213,193,303,183,294,308,197,159,325,132,164,342,241,208,231,180,143,10,238,148,21,187,284,264,57,94,222,299,286,217,351,242,151,138,188,102,319,287,350,40,97,326,205,329,82,237,339,111,30,18,169,54,266,298,118,311,68,333,85,103,305,309,69,198,243,12,235,28,322,346,99,11,133,195,349,117,254,72,121,52,89,7,215,146,267,140,192,306,170,53,307,240,63,245,348,158,144,153,179,293,31,139,80,142,248,50,209,8,175,49,191,228,210,181,58,202,20,110,300,160,301,345,24,25,206,214,236,171,285,131,172,101,122,167,227,230,258,260,332,147,324,70,61,249,185,155,136,288,277,186,190,79,312,318,88,137,274,250,83,41,321,296,15,327,279,259,104,105,211,323,128,283,220,257,34,154,226,225,199,216,77,92,27,106,313,76,340,268,282,78,317,14,152,304,157,207,46,108,184,182,278,109,129,204,100,344,292,201,60,289,150,81,67,310,47,45,134,96,35,316,341,135,297,232,145,196,84,295,2,42,91,262,177,221,90,168,261,19,173,65,280,273,64,218,62,336,223,247,119,234,5,123,244,271,328,162,253,125,233,56,55,48,95,302,219,276,127,246,174,270,124,263,112,37,71,315,200,17,149,347,6,66,141,337,189,338,75,44,163,87,161,165,335,126,39,252,166,212,86,224,23,281,320,115,51,43,114,256,32,272,314,3,265,26,22,255,4,203,331,251,275,73,290,269,16,334,74,291,33,120,194,98,116,176,107,343,130,38,9,239,178,13,156,36,93,330,29,229",20100,200
19,1,100732.43884473448,13.693192301787672,"193,334,280,174,127,69,222,133,349,308,72,283,254,171,110,121,299,82,237,339,111,30,18,266,151,309,223,258,11,38,333,85,103,305,327,45,197,177,329,238,28,114,176,322,201,284,99,279,294,93,36,48,350,122,68,20,274,67,41,159,179,50,209,88,102,319,287,229,40,97,326,205,95,200,214,8,58,194,165,346,148,124,343,137,62,166,202,169,336,217,10,17,139,31,293,248,142,80,94,315,71,37,112,263,187,270,188,246,21,42,195,83,12,98,330,178,236,342,134,154,226,225,199,216,77,239,27,106,313,76,340,268,282,78,317,14,211,304,206,25,24,345,301,160,278,109,129,204,288,344,292,296,60,289,150,224,86,310,130,302,219,276,149,26,39,75,297,232,145,196,84,215,7,89,52,182,184,108,46,207,157,337,92,135,126,44,163,104,161,175,3,314,272,264,49,212,153,144,158,348,245,63,210,267,146,131,152,107,338,74,286,213,323,173,247,351,100,128,257,189,311,235,285,22,57,275,43,341,180,321,269,47,16,136,5,123,244,271,328,162,34,9,19,141,66,6,347,256,172,251,331,168,90,221,143,262,91,307,53,170,306,181,132,59,233,295,2,29,240,120,113,325,183,125,243,4,281,320,115,140,192,56,55,164,156,259,208,234,138,54,203,32,242,261,218,167,260,255,105,119,116,186,101,23,185,65,191,228,51,64,273,73,290,298,335,35,220,291,316,227,230,118,96,332,13,33,155,253,249,61,70,324,147,277,265,190,79,312,318,250,252,15,198,303,231,117,87,300,241,81",20100,200
19,2,101666.60512546788,12.19097184327421,"193,334,280,174,127,69,222,133,12,308,72,283,254,171,110,121,299,82,237,339,111,30,18,266,151,309,223,258,11,38,333,85,103,305,327,45,197,177,329,238,28,114,176,322,201,284,99,279,294,93,36,48,350,122,68,20,274,67,41,159,179,50,209,88,102,319,287,229,40,97,326,205,95,200,214,8,58,194,165,346,148,124,343,137,62,166,202,169,336,217,10,17,139,31,293,248,142,80,94,315,71,37,112,263,187,270,188,246,21,42,195,83,349,98,330,178,236,342,134,154,226,225,199,216,77,239,27,106,313,76,340,268,282,78,317,14,211,304,206,25,24,345,301,160,278,109,129,204,288,344,292,296,60,289,150,224,86,310,130,302,219,276,149,26,39,75,297,232,145,196,84,215,7,89,52,182,184,108,46,207,157,337,92,135,126,44,163,104,161,175,3,314,272,264,49,212,153,144,158,348,245,63,210,267,146,131,152,107,338,74,286,213,323,173,247,351,100,128,257,189,311,235,285,22,57,275,43,341,180,321,269,47,16,136,5,123,244,271,328,162,34,9,19,141,66,6,347,256,172,251,331,168,90,221,143,262,91,307,53,170,306,181,132,59,252,250,318,312,79,118,265,332,147,324,70,61,249,253,155,33,13,277,96,190,230,227,316,291,220,35,335,298,290,73,273,64,51,228,191,65,185,23,101,116,186,242,255,105,119,167,218,261,260,32,203,54,138,234,208,259,156,120,55,325,192,140,115,320,281,4,243,125,183,56,113,164,240,29,2,295,233,15,198,303,231,117,87,300,241,81",20100,200
19,3,100367.36490913175,14.3548477856305,"193,334,280,174,127,69,222,133,12,308,72,283,254,171,110,121,299,82,237,339,111,30,18,266,151,309,223,258,11,38,333,85,103,305,327,45,197,177,329,238,28,114,176,322,201,284,99,279,294,93,36,48,350,122,68,20,274,67,41,159,179,50,209,88,102,319,287,229,40,97,326,205,95,200,214,8,58,194,165,346,148,124,343,137,62,166,202,169,336,217,10,17,139,31,293,248,142,80,94,315,71,37,112,263,187,270,188,246,21,42,195,83,349,98,330,178,236,342,134,154,226,225,199,216,77,239,27,106,313,76,340,268,282,78,317,14,211,304,206,25,24,345,301,160,278,109,129,204,288,344,292,296,60,289,150,224,86,310,130,302,219,276,149,26,39,75,297,232,145,196,84,215,7,89,52,182,184,108,46,207,157,337,92,135,126,44,163,104,161,175,3,314,272,264,49,212,153,144,158,348,245,63,210,267,146,131,152,107,338,74,286,213,323,173,247,351,100,128,257,189,311,235,285,22,57,275,43,341,180,321,269,47,16,136,5,123,244,271,328,162,34,9,19,141,66,6,347,256,172,251,331,168,90,221,143,262,91,307,53,170,306,181,132,15,233,295,2,29,240,120,113,325,183,125,243,4,281,320,115,140,192,56,55,164,156,259,208,234,138,54,203,32,242,261,218,167,260,255,105,119,116,186,101,23,185,65,191,228,51,64,273,73,290,298,335,35,220,291,316,227,230,118,96,332,13,33,155,253,249,61,70,324,147,277,265,190,79,312,318,250,252,59,198,303,231,117,87,300,241,81",20100,200
19,4,95774.6916456567,19.038914349294807,"36,116,294,193,303,169,130,308,197,329,229,176,93,122,241,30,231,180,143,10,238,148,21,187,284,139,283,200,222,299,286,217,351,242,151,138,188,175,210,195,349,117,254,72,121,300,111,20,202,58,181,297,228,191,133,11,99,346,322,28,235,12,243,198,69,309,305,103,85,147,154,134,350,287,319,102,8,209,50,248,142,80,219,302,95,48,153,115,320,348,245,63,240,307,53,170,306,192,140,267,146,295,2,54,18,262,177,221,90,168,261,214,266,171,237,29,172,118,311,68,333,324,341,316,35,96,253,125,233,310,67,81,150,289,60,201,292,344,100,204,129,109,278,160,301,345,24,25,206,304,211,14,317,78,282,268,340,76,313,106,27,239,77,216,199,225,226,332,260,258,230,227,167,291,74,334,16,269,290,73,275,343,98,203,4,255,22,26,265,3,314,272,107,56,159,43,51,144,158,281,23,224,86,212,166,252,205,326,97,40,174,179,178,135,113,101,234,156,164,55,32,194,45,208,13,47,285,38,342,33,9,213,259,104,105,173,323,128,57,220,152,65,280,273,64,218,62,336,298,247,119,132,5,123,244,271,328,162,34,257,19,141,66,6,347,256,114,251,331,183,325,236,131,110,91,42,82,223,39,126,335,165,161,87,163,44,75,338,189,337,339,120,31,293,149,276,246,92,270,124,263,112,37,71,315,94,127,17,330,59,157,207,46,108,184,182,52,89,7,215,84,196,145,232,49,264,70,61,249,185,155,136,288,277,186,190,79,312,318,88,137,274,250,83,41,321,296,15,327,279",20100,200
19,5,96878.2484286786,15.294705114357303,"193,36,140,93,238,69,222,133,190,308,72,255,54,171,136,197,299,200,122,100,252,286,180,346,148,187,79,143,195,41,21,217,176,191,202,264,68,83,174,20,242,329,169,121,137,245,262,29,48,228,144,294,279,99,284,201,322,49,327,58,15,28,172,8,175,138,305,103,85,333,235,11,258,223,309,151,266,18,30,111,214,237,261,203,205,326,97,40,229,287,319,102,88,209,50,248,142,80,94,315,71,37,112,263,134,270,283,246,127,17,139,31,293,179,289,60,296,292,344,288,204,129,109,278,160,301,345,24,25,206,304,211,14,317,78,282,268,340,76,313,106,27,239,77,216,199,225,226,154,43,45,47,178,330,150,224,86,310,130,302,219,276,149,26,39,75,297,232,145,196,84,215,7,89,52,182,184,108,46,207,157,320,281,23,81,67,12,233,125,253,96,35,316,341,124,335,265,4,10,22,56,95,82,339,183,325,107,131,126,51,115,337,92,135,113,101,234,156,164,55,32,194,342,208,13,236,285,38,98,33,9,213,259,104,105,173,323,128,57,220,152,65,280,273,64,218,62,336,298,247,119,132,5,123,244,271,328,162,34,257,19,141,66,6,347,256,114,251,331,168,291,74,334,16,269,290,73,275,343,159,59,189,338,120,44,163,87,161,192,3,314,272,243,166,212,153,254,158,348,188,63,240,307,53,170,306,181,210,267,146,295,2,42,91,110,177,221,90,167,227,230,118,260,332,147,324,70,61,249,185,155,274,349,277,186,165,311,312,318,250,116,321,198,303,231,117,350,300,241,351",20100,200
19,6,93314.39713378722,20.459063586967943,"36,116,294,193,303,2,130,308,197,298,229,176,93,122,241,208,231,180,143,267,238,148,21,187,284,135,283,39,222,299,286,146,351,242,151,138,188,175,210,191,228,297,181,58,42,20,154,147,121,72,254,117,349,195,133,11,99,346,322,28,235,12,243,198,69,309,305,103,85,333,68,311,118,172,131,285,171,236,214,261,168,90,221,177,262,91,202,169,336,217,10,140,192,306,170,53,307,240,63,245,348,320,115,153,48,95,302,219,80,142,248,50,209,8,102,319,287,350,134,110,300,160,301,316,97,40,174,179,178,139,113,101,234,156,164,55,32,194,293,31,120,339,237,38,57,33,9,213,54,18,105,173,323,128,223,82,259,104,281,29,266,325,183,98,343,114,256,45,30,13,47,205,257,34,162,328,271,244,123,5,132,119,247,329,295,62,218,64,273,280,65,326,220,342,200,126,335,165,161,87,163,44,75,338,189,337,141,66,6,347,149,276,246,92,270,124,263,112,37,71,315,94,127,17,152,19,157,207,46,108,184,182,52,89,7,215,84,196,145,232,49,264,70,61,249,185,155,136,288,331,251,275,73,290,269,16,334,74,291,167,227,230,258,260,332,226,225,199,216,77,239,27,106,313,76,340,268,282,78,317,14,211,304,206,25,24,345,341,324,278,109,129,204,100,344,292,201,60,289,150,81,67,310,233,125,253,96,35,330,59,252,166,212,86,224,23,111,158,144,51,43,159,56,107,272,314,3,265,26,22,255,4,203,277,186,190,79,312,318,88,137,274,250,83,41,321,296,15,327,279",20100,200
19,7,100883.33886329131,12.54448008209253,"193,334,280,174,127,69,222,133,293,308,72,283,254,171,110,121,299,82,237,339,111,30,18,266,151,309,223,258,11,38,333,85,103,305,327,45,197,177,329,238,28,114,176,322,201,284,99,279,294,93,36,48,350,122,68,20,274,67,41,159,179,50,209,88,102,319,287,229,40,97,326,205,137,200,214,8,58,194,165,346,148,124,343,95,62,166,202,217,336,169,21,42,195,83,12,248,142,80,94,315,71,37,112,263,187,270,188,246,10,17,139,31,349,98,330,178,236,342,134,154,226,225,199,216,77,239,27,106,313,76,340,268,282,78,317,14,211,304,206,25,24,345,301,160,278,109,129,204,288,344,292,296,60,289,150,224,86,310,130,302,219,276,149,26,39,75,297,232,145,196,84,215,7,89,52,182,184,108,46,207,157,337,92,135,126,44,163,104,161,175,3,314,272,264,49,212,153,144,158,348,245,63,210,267,146,131,152,107,338,74,286,213,323,173,247,351,100,128,257,189,311,235,285,22,57,275,43,341,180,321,269,47,16,136,5,123,244,271,328,162,34,9,19,141,66,6,347,256,172,251,331,168,90,221,143,262,91,307,53,170,306,181,132,59,252,250,318,312,79,118,265,332,147,324,70,61,249,253,155,33,13,277,96,190,230,227,316,291,220,35,335,298,290,73,273,64,51,228,191,65,185,23,101,116,186,242,255,105,119,167,218,261,260,32,203,54,138,234,208,259,156,120,55,325,192,140,115,320,281,4,243,125,183,56,113,164,240,29,2,295,233,15,198,303,231,117,87,300,241,81",20100,200
19,8,102008.15609448623,11.755900213609412,"193,334,280,174,127,69,222,133,12,308,72,283,254,171,110,121,299,82,237,339,111,30,18,266,151,309,223,258,11,38,333,85,103,305,327,45,197,177,329,238,28,114,176,322,201,284,99,279,294,93,36,48,350,122,68,20,274,67,41,159,179,50,209,88,102,319,287,229,40,97,326,205,95,200,214,8,58,194,165,346,148,124,343,137,62,166,202,169,336,217,10,17,139,31,293,248,142,80,94,315,71,37,112,263,187,270,188,246,21,42,195,83,349,98,330,178,236,342,134,154,226,225,199,216,77,239,27,106,313,76,340,268,282,78,317,14,211,304,206,25,24,345,301,160,278,109,129,204,288,344,292,296,60,289,150,224,86,310,130,302,219,276,149,26,39,75,297,232,145,196,84,215,7,89,52,182,184,108,46,207,157,337,92,135,126,44,163,104,161,175,3,314,272,264,49,212,153,144,158,348,245,63,210,267,146,131,152,107,338,74,286,213,323,173,247,351,100,128,257,189,311,235,285,22,57,275,43,341,180,321,269,47,16,136,5,123,244,271,328,162,34,9,19,141,66,6,347,256,172,251,331,168,90,221,143,262,91,307,53,170,306,181,132,59,252,250,318,312,79,118,265,332,147,324,70,61,249,253,155,33,13,277,96,190,230,227,316,291,220,35,335,298,290,73,273,64,51,228,191,65,185,23,101,116,186,242,255,105,119,167,218,261,260,32,203,54,138,234,208,259,156,164,55,56,192,140,115,320,281,4,243,125,183,325,113,120,240,29,2,295,233,15,198,303,231,117,87,300,241,81",20100,200
19,9,96222.2158467338,18.192735461792612,"193,36,140,93,238,69,222,133,190,308,72,255,54,171,136,197,299,200,122,100,252,286,180,346,148,187,79,143,195,41,21,217,176,191,202,264,68,83,174,20,242,329,169,121,137,245,262,29,48,228,144,294,279,99,284,201,322,49,327,58,15,28,172,8,175,138,305,103,85,333,235,11,258,223,309,151,266,18,30,111,214,237,261,203,205,326,97,40,229,287,319,102,88,209,50,248,142,80,94,315,71,37,112,263,134,270,283,246,127,17,139,31,293,179,239,77,216,199,225,226,154,126,131,236,325,183,339,82,95,56,22,10,4,265,335,124,341,316,35,96,253,125,233,12,67,81,23,281,320,115,51,43,98,107,178,330,27,106,313,76,340,268,282,78,317,14,211,304,206,25,24,345,301,160,278,109,129,204,288,344,292,296,60,289,150,224,86,310,130,302,219,276,149,26,39,75,13,47,285,38,342,215,7,89,52,182,184,108,46,207,157,337,92,135,113,101,234,156,164,55,32,194,45,208,297,232,145,196,84,295,2,213,259,104,105,173,323,128,57,220,152,65,280,273,64,218,62,336,298,247,119,132,5,123,244,271,328,162,34,257,19,141,66,6,347,256,114,251,331,168,90,221,177,110,91,42,9,158,348,188,63,240,307,53,170,306,181,210,267,146,33,254,153,212,166,243,272,314,3,192,161,87,163,44,120,338,189,59,159,343,275,73,290,269,16,334,74,291,167,227,230,118,260,332,147,324,70,61,249,185,155,274,349,277,186,165,311,312,318,250,116,321,198,303,231,117,350,300,241,351",20100,200
19,10,100766.66991878065,13.30382980599047,"193,334,280,174,127,69,222,133,12,308,72,283,254,171,110,121,299,82,237,339,111,30,18,266,151,309,223,258,11,38,333,85,103,305,327,45,197,177,329,238,28,114,176,322,201,284,99,279,294,93,36,48,350,122,68,20,274,67,41,159,179,50,209,88,102,319,287,229,40,97,326,205,95,200,214,8,346,165,194,58,148,124,343,137,62,166,202,169,336,217,10,17,139,31,293,248,142,80,94,315,71,37,112,263,187,270,188,246,21,42,195,83,349,98,330,178,236,342,134,154,226,225,199,216,77,239,27,106,313,76,340,268,282,78,317,14,211,304,206,25,24,345,301,160,278,109,129,204,288,344,292,296,60,289,150,224,86,310,130,302,219,276,149,26,39,75,297,232,145,196,84,215,7,89,52,182,184,108,46,207,157,337,92,135,126,44,163,104,161,175,3,314,272,264,49,212,153,144,158,348,245,63,210,267,146,131,152,107,338,74,286,213,323,173,247,351,100,128,257,189,311,235,285,22,57,275,43,341,180,321,269,47,16,136,5,123,244,271,328,162,34,9,19,141,66,6,347,256,172,251,331,168,90,221,143,262,91,307,53,170,306,181,132,59,233,295,2,29,240,120,113,325,183,125,243,4,281,320,115,140,192,56,55,164,156,259,208,234,138,54,203,32,242,255,105,119,260,261,218,167,186,116,101,332,147,324,70,61,249,253,155,33,13,277,96,190,230,227,316,291,220,35,335,298,290,73,273,64,51,228,191,65,185,23,265,118,79,312,318,250,252,15,198,303,231,117,87,300,241,81",20100,200
19,11,90716.39333749081,24.514187236758502,"36,116,294,193,303,169,130,308,197,329,229,176,93,122,241,30,231,180,143,10,238,148,21,187,284,139,283,13,222,299,286,217,351,242,151,138,188,175,210,191,228,297,181,58,202,20,111,326,18,72,254,117,349,195,133,11,266,171,237,29,235,12,243,198,69,309,103,305,85,333,68,311,118,172,131,285,346,99,214,261,168,90,221,177,262,91,42,2,295,146,267,140,192,306,170,53,307,240,63,245,348,320,115,153,48,95,302,219,80,142,248,50,209,8,102,319,287,350,134,154,147,324,341,316,35,96,253,125,233,310,67,81,150,289,60,201,292,344,100,204,129,109,278,160,301,345,24,25,206,304,211,14,317,78,282,268,340,76,313,106,27,239,77,216,199,225,226,332,260,258,230,227,167,291,74,334,16,269,290,73,275,251,331,288,136,155,185,249,61,70,264,49,232,145,196,84,215,7,89,52,182,184,108,46,207,157,19,152,17,127,94,315,71,37,112,263,124,270,92,246,276,149,347,6,66,141,337,189,338,75,44,163,87,161,165,335,126,200,342,38,54,158,281,23,224,86,212,166,252,33,9,213,259,104,105,173,323,128,57,220,257,34,162,328,271,244,123,5,234,119,247,223,336,62,218,64,273,280,39,208,45,256,114,343,132,183,325,47,205,322,339,120,31,293,194,32,55,164,156,98,101,113,135,178,179,174,40,97,330,59,298,28,110,121,300,82,236,65,144,51,43,159,56,107,272,314,3,265,26,22,255,4,203,277,186,190,79,312,318,88,137,274,250,83,41,321,296,15,327,279",20100,200
19,12,101657.63493989906,12.263247381667293,"193,334,280,174,127,69,222,133,12,308,72,283,254,171,110,121,299,82,237,339,111,30,18,266,151,309,223,258,11,38,333,85,103,305,327,45,197,177,329,238,28,114,176,322,201,284,99,279,294,93,36,48,350,122,68,20,274,67,41,159,179,50,209,88,102,319,287,229,40,97,326,205,95,343,124,148,346,165,194,58,8,214,200,137,62,166,202,169,336,217,10,17,139,31,293,248,142,80,94,315,71,37,112,263,187,270,188,246,21,42,195,83,349,98,330,178,236,342,134,154,226,225,199,216,77,239,27,106,313,76,340,268,282,78,317,14,211,304,206,25,24,345,301,160,278,109,129,204,288,344,292,296,60,289,150,224,86,310,130,302,219,276,149,26,39,75,297,232,145,196,84,215,7,89,52,182,184,108,46,207,157,337,92,135,126,44,163,104,161,175,3,314,272,264,49,212,153,144,158,348,245,63,210,267,146,131,152,107,338,74,286,213,323,173,247,351,100,128,257,189,311,235,285,22,57,275,43,341,180,321,269,47,16,136,5,123,244,271,328,162,34,9,19,141,66,6,347,256,172,251,331,168,90,221,143,262,91,307,53,170,306,181,132,59,252,250,318,312,79,118,265,332,147,324,70,61,249,253,155,33,13,277,96,190,230,227,316,291,220,35,335,298,290,73,273,64,51,228,191,65,185,23,101,116,186,242,255,105,119,167,218,261,260,32,203,54,138,234,208,259,156,120,55,325,192,140,115,320,281,4,243,125,183,56,113,164,240,29,2,295,233,15,198,303,231,117,87,300,241,81",20100,200
19,13,99777.94610987425,14.763760757097325,"193,334,280,174,127,69,222,133,293,308,72,283,254,171,110,121,299,82,237,339,111,30,18,266,151,309,223,258,11,38,333,85,103,305,327,45,197,177,329,238,28,114,176,322,201,284,99,279,294,93,36,48,350,122,68,20,274,67,41,159,179,50,209,88,102,319,287,229,40,97,326,205,137,200,214,8,58,194,165,346,148,124,343,95,62,166,202,217,336,169,21,42,195,83,12,248,142,80,94,315,71,37,112,263,187,270,188,246,10,17,139,31,349,98,330,178,236,342,134,154,226,225,199,216,77,239,27,106,313,76,340,268,282,78,317,14,211,304,206,25,24,345,301,160,278,109,129,204,288,344,292,296,60,289,150,224,86,310,130,302,219,276,149,26,39,75,297,232,145,196,84,215,7,89,52,182,184,108,46,207,157,337,92,135,126,44,163,104,161,175,3,314,272,264,49,212,153,144,158,348,245,63,210,267,146,131,152,107,338,74,286,213,323,173,247,351,100,128,257,189,311,235,47,22,57,275,43,341,180,321,269,285,16,136,5,123,244,271,328,162,34,9,19,141,66,6,347,256,172,251,331,168,90,221,143,262,91,307,53,170,306,181,132,59,233,295,2,29,240,120,113,325,183,125,243,4,281,320,115,140,192,56,55,164,156,259,208,234,138,54,203,32,242,255,105,119,260,261,218,167,186,116,101,332,147,324,70,61,249,253,155,33,13,277,96,190,230,227,316,291,220,35,335,298,290,73,273,64,51,228,191,65,185,23,265,118,79,312,318,250,252,15,198,303,231,117,87,300,241,81",20100,200
19,14,96443.9697351392,15.840707198075073,"193,36,140,93,238,69,222,133,190,308,72,255,54,171,136,197,299,200,122,100,252,286,180,346,148,187,79,143,195,41,21,217,176,191,202,264,68,83,174,20,242,329,169,121,137,245,262,29,48,228,144,294,279,99,284,201,322,49,327,58,15,28,172,8,175,138,305,103,85,333,235,11,258,223,309,151,266,18,30,111,214,237,261,203,205,326,97,40,229,287,319,102,88,209,50,248,142,80,94,315,71,37,112,263,134,270,283,246,127,17,139,31,293,179,330,178,107,98,43,51,115,320,281,23,81,67,12,233,125,76,340,268,282,78,317,14,211,304,206,25,24,345,301,160,278,109,129,204,288,344,292,296,60,289,150,224,86,310,130,302,96,35,316,341,124,335,265,4,10,22,56,95,82,339,183,325,47,131,126,154,226,225,199,216,77,239,27,106,313,253,219,276,149,26,39,75,297,232,145,196,84,215,7,89,52,182,184,108,46,207,157,337,92,135,113,101,234,156,164,55,32,194,342,208,13,236,285,38,45,33,9,213,259,104,105,173,323,128,57,220,152,65,280,273,64,218,62,336,298,247,119,132,5,123,244,271,328,162,34,257,19,141,66,6,347,256,114,251,331,168,291,74,334,16,269,290,73,275,343,159,59,189,338,120,44,163,87,161,192,3,314,272,243,166,212,153,254,158,348,188,63,240,307,53,170,306,181,210,267,146,295,2,42,91,110,177,221,90,167,227,230,118,260,332,147,324,70,61,249,185,155,274,349,277,186,165,311,312,318,250,116,321,198,303,231,117,350,300,241,351",20100,200
19,15,101547.41231759018,12.270830569101573,"193,334,280,174,127,69,222,133,12,308,72,283,254,171,110,121,299,82,237,339,111,30,18,266,151,309,223,258,11,38,333,85,103,305,327,45,197,177,329,238,28,114,176,322,201,284,99,279,294,93,36,48,350,122,68,20,274,67,41,159,179,50,209,88,102,319,287,229,40,97,326,205,95,200,214,8,58,194,165,346,148,124,343,137,62,166,202,169,336,217,10,17,139,31,293,248,142,80,94,315,71,37,112,263,187,270,188,246,21,42,195,83,349,98,330,178,236,342,134,154,226,225,199,216,77,239,27,106,313,76,340,268,282,78,317,14,211,304,206,25,24,345,301,160,278,109,129,204,288,344,292,296,60,289,150,224,86,310,130,302,219,276,149,26,39,75,297,232,145,196,84,215,7,89,52,182,184,108,46,207,157,337,92,135,126,44,163,104,161,175,3,314,272,264,49,212,153,144,158,348,245,63,210,267,146,131,152,107,338,74,286,213,323,173,247,351,100,128,257,189,311,235,285,22,57,275,43,341,180,321,269,47,16,136,5,123,244,271,328,162,34,9,19,141,66,6,347,256,172,251,331,168,90,221,143,262,91,307,53,170,306,181,132,59,252,250,318,312,79,118,265,332,147,324,70,61,249,253,155,33,13,277,96,190,230,227,316,291,220,35,335,298,290,73,218,167,260,255,105,119,116,186,101,23,185,65,191,228,51,64,273,261,242,32,203,54,138,234,208,259,156,120,55,325,192,140,115,320,281,4,243,125,183,56,113,164,240,29,2,295,233,15,198,303,231,117,87,300,241,81",20100,200
19,16,94111.86585998492,19.80524429185989,"36,116,294,193,303,169,130,308,197,329,229,176,93,122,241,30,231,287,319,102,8,209,50,248,142,80,219,302,95,48,153,115,320,348,245,63,240,307,53,170,306,192,140,267,146,295,2,54,18,262,177,221,90,168,261,214,266,171,237,29,172,118,311,68,333,85,103,305,309,69,198,243,12,235,28,322,346,99,11,133,195,349,117,254,72,121,300,111,20,202,58,181,297,228,191,210,175,188,138,151,242,351,217,286,299,222,200,283,139,284,187,21,148,238,10,143,180,350,134,154,147,324,341,316,77,239,27,106,313,76,340,268,282,78,317,14,211,304,206,25,24,345,301,160,278,109,129,204,100,344,292,201,60,289,150,81,67,310,233,125,253,96,35,216,199,225,226,332,260,258,230,227,167,291,74,334,16,269,290,73,275,251,331,203,4,255,22,26,265,3,314,272,107,56,159,43,51,144,158,281,23,224,86,212,166,252,205,326,97,40,174,179,178,135,113,101,234,156,164,55,32,194,45,208,13,47,285,38,342,141,19,257,34,162,328,271,244,123,5,132,119,247,298,336,62,218,64,273,280,65,152,220,57,128,323,173,105,104,259,213,9,33,66,6,347,256,114,343,98,183,325,236,131,110,91,42,82,223,39,126,335,165,161,87,163,44,75,338,189,337,339,120,31,293,149,276,246,92,270,124,263,112,37,71,315,94,127,17,330,59,157,207,46,108,184,182,52,89,7,215,84,196,145,232,49,264,70,61,249,185,155,136,288,277,186,190,79,312,318,88,137,274,250,83,41,321,296,15,327,279",20100,200
19,17,98699.83167349058,14.898846384293197,"36,193,300,93,238,69,222,133,190,308,72,255,54,171,136,197,299,200,122,100,252,286,180,346,148,187,79,143,195,41,21,217,176,191,202,264,68,83,174,20,242,329,169,121,137,245,262,29,48,228,144,294,279,99,284,201,322,49,327,58,15,28,172,8,175,138,305,103,85,333,235,11,258,223,309,151,266,18,30,111,214,237,261,203,205,326,97,40,229,287,319,102,88,209,50,248,142,80,94,315,71,37,112,263,134,270,283,246,127,17,139,31,293,179,289,60,296,292,344,288,204,129,109,278,160,301,345,24,25,206,304,211,14,317,78,282,268,340,76,313,106,27,239,77,216,199,225,226,154,126,131,236,325,183,339,82,95,56,22,10,4,265,335,124,341,316,35,96,253,125,233,12,67,81,23,281,320,115,51,43,98,107,178,330,150,224,86,310,130,302,219,276,149,26,39,75,297,232,145,196,84,215,7,89,52,182,184,108,46,207,157,337,92,135,113,101,234,156,164,55,32,194,45,208,13,47,285,38,342,33,65,213,259,104,105,123,244,271,328,162,34,9,19,141,64,218,62,336,298,247,119,132,5,173,323,128,57,220,152,257,280,273,66,6,347,256,114,251,331,168,90,221,177,110,91,42,2,295,146,267,210,181,306,170,53,163,87,161,192,3,314,272,243,166,212,153,254,158,348,188,63,240,307,44,120,338,189,59,159,343,275,73,290,269,16,334,74,291,167,227,230,118,260,332,147,324,70,61,249,185,155,274,349,277,186,165,311,312,318,250,116,321,198,303,231,117,241,351,350,140",20100,200
19,18,93557.95587671072,20.406708406106965,"36,116,294,193,303,169,130,308,197,329,229,176,93,122,241,30,231,180,143,10,238,148,21,187,284,139,283,200,222,299,286,217,351,242,151,138,188,175,210,195,349,117,254,72,121,300,111,20,202,58,181,297,228,191,133,11,99,346,322,28,235,12,243,186,277,288,136,155,185,249,61,70,264,49,232,145,196,84,215,7,89,52,182,184,108,46,207,157,59,330,17,127,94,315,71,37,112,263,124,270,92,246,276,149,293,31,120,339,337,189,338,75,44,163,87,161,165,335,126,39,223,82,42,91,110,131,236,325,183,331,251,114,256,347,6,66,141,19,257,34,162,328,271,244,123,5,132,119,247,298,336,62,218,64,273,280,65,152,220,57,128,323,173,105,104,259,213,9,33,342,38,285,47,13,208,45,194,32,55,164,156,234,101,113,135,178,179,174,40,97,326,205,252,166,212,86,224,23,281,158,144,51,43,159,56,107,272,314,3,265,26,22,255,4,203,98,343,275,73,290,269,16,334,74,291,167,227,230,258,260,332,226,225,199,216,77,239,27,106,313,76,340,268,282,78,317,14,211,304,206,25,24,345,301,160,278,109,129,204,100,344,292,201,60,289,150,81,67,310,233,125,253,96,35,316,341,324,333,68,311,118,172,29,237,171,266,214,261,168,90,221,177,262,18,54,2,295,146,267,140,192,306,170,53,307,240,63,245,348,320,115,153,48,95,302,219,80,142,248,50,209,8,102,319,287,350,134,154,147,85,103,305,309,69,198,190,79,312,318,88,137,274,250,83,41,321,296,15,327,279",20100,200
19,19,100543.39340673192,13.772783376114106,"193,334,280,174,127,69,222,133,349,308,72,283,254,171,110,121,299,82,237,339,111,30,18,266,151,309,223,258,11,38,333,85,103,305,327,45,197,177,329,238,28,114,176,322,201,284,99,279,294,93,36,48,350,122,68,20,274,67,41,159,179,50,209,88,102,319,287,229,40,97,326,205,95,200,214,8,58,194,165,346,148,124,343,137,62,166,202,169,336,217,10,17,139,31,293,248,142,80,94,315,71,37,112,263,187,270,188,246,21,42,195,83,12,98,330,178,236,342,134,154,226,225,199,216,77,239,27,106,313,76,340,268,282,78,317,14,211,304,206,25,24,345,301,160,278,109,129,204,288,344,292,296,60,289,150,224,86,310,130,302,219,276,149,26,39,75,297,232,145,196,84,215,7,89,52,182,184,108,46,207,157,337,92,135,126,44,163,104,161,175,3,314,272,264,49,212,153,144,158,348,245,63,210,267,146,131,152,107,338,74,286,213,323,173,247,351,100,128,257,189,311,235,285,22,57,275,43,341,180,321,269,47,16,136,5,123,244,271,328,162,34,9,19,141,66,6,347,256,172,251,331,168,90,221,143,262,91,307,53,170,306,181,132,59,233,295,2,29,240,120,113,325,183,125,243,4,281,320,115,140,192,56,55,164,156,259,208,234,138,54,203,32,242,255,105,119,260,261,218,167,186,116,101,332,147,324,70,61,249,253,155,33,13,277,96,190,230,227,316,291,220,35,335,298,290,73,273,64,51,228,191,65,185,23,265,118,79,312,318,250,252,15,198,303,231,117,87,300,241,81",20100,200
19,20,101869.66755934013,12.064411591190186,"193,334,280,174,127,69,222,133,12,308,72,283,254,171,110,121,299,82,237,339,111,30,18,266,151,309,223,258,11,38,333,85,103,305,327,45,197,177,329,238,28,114,176,322,201,284,99,279,294,93,36,48,350,122,68,20,274,67,41,159,179,50,209,88,102,319,287,229,40,97,326,205,95,200,214,8,58,194,165,346,148,124,343,137,62,166,202,169,336,217,10,17,139,31,293,248,142,80,94,315,71,37,112,263,187,270,188,246,21,42,195,83,349,98,330,178,236,342,134,154,226,225,199,216,77,239,27,106,313,76,340,268,282,78,317,14,211,304,206,25,24,345,301,160,278,109,129,204,288,344,292,296,60,289,150,224,86,310,130,302,219,276,149,26,39,75,297,232,145,196,84,215,7,89,52,182,184,108,46,207,157,337,92,135,126,44,163,104,161,175,3,314,272,264,49,212,153,144,158,348,245,63,210,267,146,131,152,107,338,74,286,213,323,173,247,351,100,128,257,189,311,235,285,22,57,275,43,341,180,321,269,47,16,136,5,123,244,271,328,162,34,9,19,141,66,6,347,256,172,251,331,168,90,221,143,262,91,307,53,170,306,181,132,59,252,250,318,312,79,118,265,332,147,324,70,61,208,234,138,54,203,32,260,261,218,167,119,105,255,242,186,116,101,23,185,65,191,228,51,64,273,73,290,298,335,35,220,291,316,227,230,190,96,277,13,33,155,253,249,259,156,120,55,325,192,140,115,320,281,4,243,125,183,56,113,164,240,29,2,295,233,15,198,303,231,117,87,300,241,81",20100,200
19,21,101984.61145115347,11.988998021238974,"193,334,280,174,127,69,222,133,12,308,72,283,254,171,110,121,299,82,237,339,111,30,18,266,151,309,223,258,11,38,333,85,103,305,327,45,197,177,329,238,28,114,176,322,201,284,99,279,294,93,36,48,350,122,68,20,274,67,41,159,179,50,209,88,102,319,287,229,40,97,326,205,95,343,124,148,346,165,194,58,8,214,200,137,62,166,202,169,336,217,10,17,139,31,293,248,142,80,94,315,71,37,112,263,187,270,188,246,21,42,195,83,349,98,330,178,236,342,134,154,226,225,199,216,77,239,27,106,313,76,340,268,282,78,317,14,211,304,206,25,24,345,301,160,278,109,129,204,288,344,292,296,60,289,150,224,86,310,130,302,219,276,149,26,39,75,297,232,145,196,84,215,7,89,52,182,184,108,46,207,157,337,92,135,126,44,163,104,161,175,3,314,272,264,49,212,153,144,158,348,245,63,210,267,146,131,152,107,338,74,286,213,323,173,247,351,100,128,257,189,311,235,285,22,57,275,43,341,180,321,269,47,16,136,5,123,244,271,328,162,34,9,19,141,66,6,347,256,172,251,331,168,90,221,143,262,91,307,53,170,306,303,198,15,233,295,2,29,240,164,113,56,183,125,243,4,281,320,115,140,192,325,55,120,156,259,208,234,138,54,203,32,260,261,218,167,119,105,255,242,186,116,101,23,185,65,191,228,51,64,273,73,290,298,335,35,220,291,316,227,230,190,96,277,13,33,155,253,249,61,70,324,147,332,265,118,79,312,318,250,252,59,132,181,231,117,87,300,241,81",20100,200
19,22,103374.32995300158,11.674511256928735,"127,110,18,193,339,111,254,308,258,309,72,223,121,299,283,30,237,82,85,333,38,11,266,171,280,69,174,133,12,151,222,334,103,305,327,45,197,177,329,238,28,114,176,322,201,284,99,279,294,93,36,48,350,122,68,20,274,67,41,159,179,50,209,88,102,319,287,229,40,97,326,205,95,200,214,8,58,194,165,346,148,124,343,137,62,166,202,169,336,217,10,17,139,31,293,248,142,80,94,315,71,37,112,263,187,270,188,246,21,42,195,83,349,98,330,178,236,342,134,154,226,225,199,216,77,239,27,106,313,76,340,268,282,78,317,14,211,304,206,25,24,345,301,160,278,109,129,204,288,344,292,296,60,289,150,224,86,310,130,302,219,276,149,26,39,75,297,232,145,196,84,215,7,89,52,182,184,108,46,207,157,337,92,135,126,44,163,104,161,175,3,314,272,264,49,212,153,144,158,348,245,63,210,267,146,131,152,107,338,74,286,213,323,173,247,351,100,128,257,189,311,235,285,22,57,275,43,341,180,321,269,47,16,136,5,123,244,271,328,162,34,9,19,141,66,6,347,256,172,251,331,168,90,221,143,262,91,307,53,170,306,181,132,59,252,250,318,312,79,140,192,325,55,120,156,259,208,234,138,54,203,32,260,261,218,167,119,105,255,242,186,116,101,23,185,65,191,228,51,64,273,73,290,298,335,35,220,291,316,227,230,190,96,277,13,33,155,253,249,61,70,324,147,332,265,118,115,320,281,4,243,125,183,56,113,164,240,29,2,295,233,15,198,303,231,117,87,300,241,81",20100,200
19,23,99979.5087422726,14.462984962254103,"193,334,280,174,127,69,222,133,293,308,72,283,254,171,110,121,299,82,237,339,111,30,18,266,151,309,223,258,11,38,333,85,103,305,327,45,197,177,329,238,28,114,176,322,201,284,99,279,294,93,36,48,350,122,68,20,274,67,41,159,179,50,209,88,102,319,287,229,40,97,326,205,137,200,214,8,58,194,165,346,148,124,343,95,62,166,202,217,336,169,10,17,139,31,12,248,142,80,94,315,71,37,112,263,187,270,188,246,21,42,195,83,349,98,330,178,236,342,134,154,226,225,199,216,77,239,27,106,313,76,340,268,282,78,317,14,211,304,206,25,24,345,301,160,278,109,129,204,288,344,292,296,60,289,150,224,86,310,130,302,219,276,149,26,39,75,297,232,145,196,84,215,7,89,52,182,184,108,46,207,157,337,92,135,126,44,163,104,161,175,3,314,272,264,49,212,153,144,158,348,245,63,210,267,146,131,152,107,338,74,286,213,323,173,247,351,100,128,257,189,311,235,285,22,57,275,43,341,180,321,269,47,16,136,5,123,244,271,328,162,34,9,19,141,66,6,347,256,172,251,331,168,90,221,143,262,91,307,53,170,306,181,132,59,233,295,2,29,240,120,113,325,183,125,243,4,281,320,115,140,192,56,55,164,156,259,208,234,138,54,203,32,242,255,105,119,260,261,218,167,186,116,101,332,147,324,70,61,249,253,155,33,13,277,96,190,230,227,316,291,220,35,335,298,290,73,273,64,51,228,191,65,185,23,265,118,79,312,318,250,252,15,198,303,231,117,87,300,241,81",20100,200
19,24,92614.56446397619,21.89119561938761,"51,224,86,212,166,252,33,9,213,259,104,105,173,323,128,57,220,257,34,162,328,271,244,123,5,234,119,247,223,336,62,218,64,273,280,242,151,138,188,175,210,191,228,297,181,58,202,20,110,300,121,72,254,117,349,195,133,11,236,171,322,28,235,12,243,198,69,309,305,103,85,333,68,311,118,172,131,285,346,99,214,261,168,90,221,177,262,91,42,2,295,146,267,140,192,306,170,53,307,240,63,245,348,320,115,153,48,95,302,219,80,142,248,50,209,8,102,319,287,350,134,154,147,324,341,316,35,96,253,125,233,310,67,81,150,289,60,201,292,344,100,204,129,109,278,160,301,345,24,25,206,304,211,14,317,78,282,268,340,76,313,106,27,239,77,216,199,225,226,332,260,258,230,227,167,291,74,334,16,269,290,73,275,251,331,288,136,155,185,249,61,70,264,49,232,145,196,84,215,7,89,52,182,184,108,46,207,157,19,152,17,127,94,315,71,37,112,263,124,270,92,246,276,149,347,6,66,141,337,189,338,75,44,163,87,161,165,335,126,200,342,38,54,18,13,29,266,194,56,55,164,156,183,325,113,120,132,59,159,343,98,107,101,174,30,111,339,237,82,329,205,326,97,40,45,47,178,330,179,293,31,139,65,351,217,286,299,222,39,283,135,284,187,21,148,238,10,143,180,231,208,241,122,93,176,229,298,197,308,130,169,303,193,294,116,36,144,158,281,23,43,114,256,32,272,314,3,265,26,22,255,4,203,277,186,190,79,312,318,88,137,274,250,83,41,321,296,15,327,279",20100,200
20,0,89572.4579076429,17.12651362368037,"344,112,24,286,280,211,333,202,40,97,2,294,313,274,175,130,28,164,298,102,91,347,314,33,4,122,65,145,156,262,224,37,336,166,106,315,34,180,120,92,75,301,78,46,230,177,152,285,192,289,20,62,312,330,269,276,250,341,279,89,29,42,206,125,77,137,263,193,88,59,85,240,21,139,142,256,84,18,338,311,38,133,111,87,14,22,270,232,196,220,216,95,128,332,248,151,110,172,27,266,217,265,12,186,116,349,26,234,282,199,66,82,67,109,317,318,80,83,212,331,207,134,69,117,345,231,64,49,342,153,213,167,159,10,72,79,323,223,272,138,127,3,170,291,277,198,39,307,155,104,90,58,17,149,107,260,346,143,86,251,132,201,283,259,185,71,108,131,203,57,140,32,136,25,339,150,13,233,98,5,118,227,191,258,236,168,197,287,268,205,183,147,94,337,35,281,184,124,96,238,135,241,309,187,162,190,351,73,335,148,209,188,100,200,121,50,245,247,81,181,334,194,6,11,16,222,226,320,329,43,70,324,210,254,53,60,288,76,316,189,105,52,129,275,7,165,41,195,144,68,292,30,243,215,246,44,296,229,204,304,219,179,235,158,171,299,319,9,273,326,119,302,214,101,295,327,161,160,157,239,55,19,54,103,23,61,306,154,253,113,176,303,15,178,56,163,249,99,126,141,350,169,290,343,174,31,173,300,51,271,321,348,63,208,267,48,237,257,218,114,93,74,123,293,310,255,36,278,242,45,182,146,308,325,47,225,252,297,115,228,328,261,264,305,244,221,284,8,340,322",20100,200
20,1,96713.43759492168,10.434576440255174,"344,112,24,286,280,294,333,107,40,97,2,211,313,274,175,202,237,164,298,102,91,347,314,33,4,94,65,145,156,236,224,37,336,279,106,315,34,180,120,92,75,301,78,46,230,177,152,285,192,289,20,62,312,330,269,276,250,341,166,89,29,42,206,125,77,137,263,193,88,59,85,240,21,139,332,248,151,110,172,27,266,217,109,67,82,66,199,282,234,26,349,116,186,12,265,317,318,80,83,212,331,207,134,130,117,345,231,64,49,342,153,213,84,18,338,311,38,133,159,167,256,142,69,95,216,220,196,232,270,22,14,198,277,10,72,3,71,168,132,223,323,79,170,291,111,87,149,17,58,90,104,155,307,39,122,128,127,262,28,251,191,287,296,15,203,57,140,32,136,25,339,150,13,233,98,5,118,260,346,143,208,138,272,243,268,205,183,121,200,100,188,209,148,335,73,351,190,162,187,309,241,135,238,96,124,184,281,35,337,131,258,30,227,259,147,50,245,247,81,181,334,194,6,11,16,222,226,320,329,43,70,324,210,254,53,60,288,76,316,189,105,52,129,275,7,165,41,195,86,68,292,197,201,215,246,44,283,229,204,304,219,179,235,158,171,299,319,302,119,326,273,9,214,101,295,327,161,160,157,239,55,19,54,103,23,61,306,154,253,113,176,303,144,178,56,163,249,99,126,141,350,169,290,343,174,31,173,300,51,271,297,348,63,293,267,48,108,257,218,114,225,47,325,308,146,182,45,278,242,36,255,310,185,123,74,93,252,321,115,228,328,261,264,305,244,221,284,8,340,322",20100,200
20,2,91244.31942103506,16.01790507075122,"344,112,40,286,280,294,333,130,24,97,2,211,313,274,175,202,262,164,298,102,91,347,314,33,4,28,250,276,269,330,312,62,20,289,192,285,152,177,230,46,75,301,78,92,120,180,338,18,84,256,142,139,21,240,85,59,88,193,263,137,77,125,206,42,29,89,166,341,65,145,156,128,224,37,336,279,106,315,34,311,38,133,111,87,14,22,270,232,196,220,216,95,122,332,248,151,110,172,27,266,217,265,12,186,116,349,26,234,282,199,66,82,67,109,317,318,80,83,212,331,207,134,69,117,345,231,64,49,342,153,213,167,159,10,72,79,323,223,272,138,127,3,170,291,277,198,39,307,155,104,90,58,17,149,107,260,346,143,86,251,132,201,283,259,185,71,108,131,203,57,140,32,136,25,339,150,13,233,98,5,118,227,191,258,236,168,197,287,268,205,183,147,94,337,35,281,184,124,96,238,135,241,309,187,162,190,351,73,335,148,209,188,100,200,121,50,245,247,81,181,334,194,6,11,16,222,226,320,329,43,70,324,210,254,53,60,288,76,316,189,105,52,129,275,7,165,41,195,144,68,292,30,243,215,246,44,296,229,204,304,219,179,235,158,171,299,319,9,273,326,119,302,214,101,295,327,161,160,157,239,55,19,54,103,23,61,306,154,253,113,176,303,15,178,56,163,249,99,126,141,350,169,290,343,174,31,173,300,51,271,321,348,63,208,267,48,237,257,218,114,93,74,123,293,310,255,36,278,242,45,182,146,308,325,47,225,252,297,115,228,328,261,264,305,244,221,284,8,340,322",20100,200
20,3,94886.63921429438,10.76035070953964,"344,112,40,286,280,294,333,107,24,97,2,211,313,274,175,202,237,164,298,102,91,347,314,33,4,236,250,276,269,330,312,62,20,289,192,285,152,177,230,46,75,301,78,92,120,180,34,315,106,279,336,37,224,108,156,145,65,341,166,89,29,42,206,125,77,137,263,193,88,59,85,240,21,139,332,248,151,110,172,27,266,217,109,67,82,66,199,26,234,282,265,317,318,80,12,186,116,349,83,212,331,207,134,130,117,345,231,64,49,342,153,213,84,18,338,311,38,133,159,167,256,142,69,95,216,220,196,232,270,22,14,198,277,10,72,3,71,168,132,223,323,79,170,291,111,87,149,17,58,90,104,155,307,39,122,128,127,262,28,251,191,287,296,144,203,57,140,32,136,25,339,150,13,233,98,5,118,260,346,143,208,138,272,243,268,205,183,121,200,100,188,209,148,335,73,351,190,162,187,309,241,135,238,96,124,184,281,35,337,131,258,30,227,259,147,50,245,247,81,181,334,194,6,11,16,222,226,320,329,43,70,324,210,254,53,60,288,76,316,189,105,52,129,275,7,165,41,195,86,68,292,197,201,215,246,44,283,229,204,304,219,179,235,158,171,299,319,302,119,326,273,9,214,101,295,327,161,160,157,239,55,19,54,103,23,61,306,154,253,113,176,303,15,178,56,163,249,99,126,141,350,169,290,343,174,31,173,300,51,271,321,348,63,293,267,48,185,257,218,114,93,74,123,94,310,255,36,278,242,45,182,146,308,325,47,225,252,297,115,228,328,261,264,305,244,221,284,8,340,322",20100,200
20,4,97590.58999048139,10.294446249447633,"344,112,24,286,280,211,333,107,40,97,2,294,313,274,175,202,237,164,298,102,91,347,314,33,4,94,65,145,156,236,224,37,336,279,106,315,34,180,120,92,75,301,78,46,230,177,152,285,192,289,20,62,312,330,269,276,250,341,166,89,59,88,193,263,137,77,125,206,42,29,85,240,21,139,142,256,209,148,335,73,66,190,162,187,309,241,135,238,96,124,184,281,35,337,131,258,30,227,259,147,183,205,268,287,191,168,28,143,346,260,118,5,98,233,13,150,339,25,136,32,140,57,203,15,296,243,272,138,208,262,127,128,122,149,17,58,90,104,155,307,39,87,111,291,170,79,323,223,132,251,71,3,72,10,277,198,14,22,270,232,196,220,216,95,69,332,248,151,110,172,27,266,217,109,167,213,153,342,49,64,231,345,117,130,134,207,331,212,83,80,318,317,265,12,186,116,349,26,234,282,199,351,82,67,159,133,38,311,338,18,84,188,100,200,121,50,245,247,81,181,334,194,6,11,16,222,226,320,329,43,70,324,210,254,53,60,288,76,316,189,105,52,129,275,7,165,41,195,86,68,292,197,201,215,246,44,283,229,204,304,219,179,235,158,171,299,319,302,119,326,273,9,214,101,295,327,161,160,157,239,55,19,54,103,23,61,306,154,253,113,176,303,144,178,249,163,56,99,126,290,350,169,141,343,174,31,173,300,51,271,297,348,63,293,267,48,108,257,218,114,225,47,325,308,146,182,45,278,242,36,255,310,185,123,74,93,252,321,115,228,328,261,264,305,244,221,284,8,340,322",20100,200
20,5,93223.14629366244,11.91335404221445,"344,112,40,286,280,294,333,107,24,97,2,211,313,274,175,202,237,164,298,102,91,347,314,33,4,108,65,145,156,236,224,37,336,279,106,315,34,180,120,92,75,301,78,46,230,177,152,285,192,289,20,62,312,330,269,276,250,341,166,89,29,42,206,125,77,137,263,212,83,80,318,317,265,12,186,116,349,26,234,282,199,66,82,67,109,217,266,27,172,110,151,248,332,139,21,240,85,59,88,193,331,207,134,130,117,345,231,64,49,342,153,213,84,18,338,311,38,133,159,167,256,142,69,95,216,220,196,232,270,22,14,198,277,10,72,79,323,223,132,251,71,3,170,291,104,155,307,39,87,111,90,58,17,149,122,128,127,262,28,168,191,287,296,15,203,57,140,32,136,25,339,150,13,233,98,5,118,260,346,143,208,138,272,243,268,205,183,147,259,227,30,258,131,337,35,281,184,124,96,238,135,241,309,187,162,190,351,73,335,148,209,188,100,200,121,50,245,247,81,181,334,194,6,11,16,222,226,320,329,43,70,324,210,254,53,60,288,76,316,189,105,52,129,275,7,165,41,195,86,68,292,197,201,215,246,44,283,229,204,304,219,179,235,158,171,299,319,302,119,326,273,9,214,101,295,327,161,160,157,239,55,19,54,103,23,61,306,154,253,113,176,303,144,178,56,163,249,99,126,141,350,169,290,343,174,31,173,300,51,271,321,348,63,293,267,48,185,257,218,114,93,74,123,94,310,255,36,278,242,45,182,146,308,325,47,225,252,297,115,228,328,261,264,305,244,221,284,8,340,322",20100,200
20,6,95169.65384328878,10.753710534017229,"344,112,40,286,280,294,333,107,24,97,2,211,313,274,175,202,237,164,298,102,91,347,314,33,4,236,250,276,269,330,312,62,20,289,192,285,152,177,230,46,75,301,78,92,120,180,34,315,106,279,336,37,224,262,156,145,65,341,166,89,29,42,206,125,77,137,263,193,88,59,85,240,21,139,332,248,151,110,172,27,266,217,109,67,82,66,199,26,234,282,265,317,318,80,12,186,116,349,83,212,331,207,134,130,117,345,231,64,49,342,153,213,84,18,338,311,38,133,159,167,256,142,69,95,216,220,196,232,270,22,14,198,277,10,72,3,71,251,132,223,323,79,170,291,111,87,149,17,58,104,90,155,307,39,122,128,127,108,185,138,272,243,296,144,203,57,140,32,136,25,339,150,13,233,98,5,118,260,346,143,28,168,191,287,268,205,183,147,259,227,30,258,131,337,35,281,184,124,96,238,135,241,309,187,162,190,351,73,335,148,209,188,100,200,121,50,245,247,81,181,334,194,6,11,16,222,226,320,329,43,70,324,210,254,53,60,288,76,316,189,105,52,129,275,7,165,41,195,86,68,292,197,201,215,246,44,283,229,204,304,219,179,235,158,171,299,319,302,119,326,273,9,214,101,295,327,161,160,157,239,55,19,54,103,23,61,306,154,253,113,176,303,15,178,56,163,249,99,126,141,350,169,290,343,174,31,173,300,51,271,321,348,63,293,267,48,208,257,218,114,93,74,123,94,310,255,36,278,242,45,182,146,308,325,47,225,252,297,115,228,328,261,264,305,244,221,284,8,340,322",20100,200
20,7,93519.47872542181,11.554195476387612,"344,112,24,286,280,211,333,107,40,97,2,294,313,274,175,202,237,164,298,102,91,347,314,33,4,108,65,145,156,236,224,37,336,279,106,315,34,180,120,92,75,301,78,46,230,177,152,285,192,289,20,62,312,330,269,276,250,341,166,89,59,88,193,263,137,77,125,206,42,29,85,240,21,139,332,248,151,110,172,27,266,217,109,67,82,351,199,282,234,26,349,116,186,12,265,317,318,80,83,212,331,207,134,130,117,345,231,64,49,342,153,213,167,159,133,38,311,338,18,84,256,142,69,95,216,220,196,232,270,22,14,198,277,10,72,3,71,223,132,251,323,79,170,291,104,155,307,39,87,111,90,58,17,149,122,128,127,262,28,168,191,287,296,15,203,57,140,32,136,25,339,150,13,233,98,5,118,260,346,143,208,138,272,243,268,205,183,147,259,227,30,258,131,337,35,281,184,124,96,238,135,241,309,187,162,190,66,73,335,148,209,188,100,200,121,50,245,247,81,181,334,194,6,11,16,222,226,320,329,43,70,324,210,254,53,60,288,76,316,189,105,52,129,275,7,165,41,195,86,68,292,197,201,215,246,44,283,229,204,304,219,179,235,158,171,299,319,302,119,326,273,9,214,101,295,327,161,160,157,239,55,19,54,103,23,61,306,154,253,113,176,303,144,178,56,163,249,99,126,141,350,169,290,343,174,31,173,300,51,271,321,348,63,293,267,48,185,257,218,114,93,74,123,94,310,255,36,278,242,45,182,146,308,325,47,225,252,297,115,228,328,261,264,305,244,221,284,8,340,322",20100,200
20,8,89407.99721635068,18.29388712415739,"344,112,24,286,280,211,333,202,40,97,2,294,313,274,175,130,28,164,298,102,91,347,314,33,4,122,65,145,156,262,224,37,336,166,106,315,34,180,120,92,75,301,78,46,230,177,152,285,192,289,20,62,312,330,269,276,250,341,279,89,29,42,206,125,77,137,263,193,88,59,85,240,21,139,142,256,84,18,338,311,38,133,111,87,14,22,270,232,196,220,216,95,128,332,248,151,110,172,27,266,217,265,12,186,116,349,26,234,282,199,66,82,67,109,317,318,80,83,212,331,207,134,69,117,345,231,64,49,342,153,213,167,159,10,72,79,323,223,272,138,127,3,170,291,277,198,39,307,155,104,90,58,17,149,107,260,346,143,86,251,132,201,283,259,185,71,108,131,203,57,140,32,136,25,339,150,13,233,98,5,118,227,191,258,236,168,197,287,268,205,183,147,94,337,35,281,184,124,96,238,135,241,309,187,162,190,351,73,335,148,209,188,100,200,121,50,245,247,81,181,334,194,6,11,16,222,226,320,329,43,70,324,210,254,53,60,101,214,302,119,326,273,9,319,299,171,158,235,179,219,304,204,229,296,44,246,215,243,30,292,68,144,195,41,165,7,275,129,52,105,189,316,76,288,295,327,161,160,157,239,55,19,54,103,23,61,306,154,253,113,176,303,15,178,56,163,249,99,126,141,350,169,290,343,174,31,173,300,51,271,321,348,63,208,267,48,237,257,218,114,93,74,123,293,310,255,36,278,242,45,182,146,308,325,47,225,252,297,115,228,328,261,264,305,244,221,284,8,340,322",20100,200
20,9,93642.00529593852,11.10660055839404,"344,112,40,286,280,211,333,107,24,97,2,294,313,274,175,202,237,164,298,102,91,347,314,33,4,208,250,276,269,330,312,62,20,289,192,285,34,180,120,92,75,301,78,46,230,177,152,315,106,279,336,37,224,236,156,145,65,341,166,89,29,42,206,125,77,137,263,193,88,59,85,240,21,139,332,248,151,110,172,27,266,217,109,67,82,66,199,282,234,26,349,116,186,12,265,317,318,80,83,212,331,207,134,130,117,345,231,64,49,342,153,213,84,18,338,311,38,133,159,167,256,142,69,95,216,220,196,232,270,22,14,198,277,10,72,3,71,168,132,251,323,79,170,291,104,155,307,39,87,111,90,58,17,149,122,128,127,262,28,223,191,287,296,15,203,57,140,32,136,25,339,150,13,233,98,5,118,260,346,143,94,138,272,243,268,205,183,147,259,227,30,258,131,337,35,281,184,124,96,238,135,241,309,187,162,190,351,73,335,148,209,188,100,200,121,50,245,247,81,181,334,194,6,11,16,222,226,320,329,43,288,60,53,254,210,324,70,76,316,189,105,52,129,275,7,165,41,195,86,68,292,197,201,215,246,44,283,229,204,304,219,179,235,158,171,299,319,302,119,326,273,9,214,101,295,327,161,160,157,239,55,19,54,103,23,61,306,154,253,113,176,303,144,178,56,163,249,99,126,141,169,350,290,343,174,31,173,300,51,271,297,348,63,293,267,48,108,257,218,114,225,47,325,308,146,182,45,242,278,36,255,310,185,123,74,93,252,321,115,228,328,261,264,305,244,221,284,8,340,322",20100,200
20,10,88975.44790913728,18.502451856877315,"344,112,40,286,280,294,333,122,24,97,2,211,313,274,175,202,237,164,298,102,91,347,314,33,4,262,250,276,269,330,312,62,20,289,192,285,152,177,230,46,75,301,78,92,120,180,34,315,106,279,336,37,224,128,156,145,65,341,166,89,29,42,206,125,77,137,263,193,88,59,85,240,21,139,332,248,133,38,311,338,18,84,111,87,14,22,270,232,196,220,216,95,208,142,256,151,110,172,27,266,217,265,12,186,116,349,26,234,282,199,66,82,67,109,317,318,80,83,212,331,207,134,69,117,345,231,64,49,342,153,213,167,159,10,72,79,323,223,272,138,127,3,170,291,277,198,39,307,155,104,90,58,17,149,107,260,346,143,86,251,132,201,283,259,185,71,108,131,203,57,140,32,136,25,339,150,13,233,98,5,118,227,191,258,236,168,197,287,268,205,183,147,94,337,35,281,184,124,96,238,135,241,309,187,162,190,351,73,335,148,209,188,100,200,121,50,245,247,81,181,334,194,6,11,16,222,226,320,329,43,70,324,210,254,53,60,288,76,316,189,105,52,129,275,7,165,41,195,144,68,292,30,243,215,246,44,296,229,204,304,219,179,235,158,171,299,319,9,273,326,119,302,214,101,295,327,161,160,157,239,55,19,54,103,23,61,306,154,253,113,176,303,15,178,56,163,249,99,126,141,169,350,290,343,174,31,173,300,51,271,321,348,63,130,267,48,28,257,218,114,93,74,123,293,310,255,36,278,242,45,182,146,308,325,47,225,252,297,115,228,328,261,264,305,244,221,284,8,340,322",20100,200
20,11,91797.23073656751,11.996999813917954,"344,112,24,286,280,211,333,107,40,97,2,294,313,274,175,202,185,164,298,102,91,347,314,33,4,293,250,276,269,330,312,37,336,279,106,315,34,180,120,92,75,301,78,46,230,177,152,285,192,289,20,62,224,236,156,145,65,341,166,89,29,42,206,125,77,137,263,193,88,59,85,240,21,139,332,248,151,110,172,27,266,217,109,67,82,66,199,282,234,26,349,116,186,12,265,317,318,80,83,212,331,207,134,130,117,345,231,64,49,342,153,213,84,18,338,311,38,133,159,167,256,142,69,95,216,220,196,232,270,22,14,198,277,10,72,3,71,223,132,251,323,79,170,291,104,155,307,39,87,111,90,58,17,149,122,128,127,262,28,168,191,287,296,144,203,57,140,32,136,25,339,150,13,233,98,5,118,260,346,143,108,138,272,243,268,205,183,147,259,227,30,258,131,337,35,281,184,124,96,238,135,241,309,187,162,190,351,73,335,148,209,188,100,200,121,50,245,247,81,181,334,194,6,11,16,222,226,320,329,43,70,324,210,254,53,60,288,76,316,189,105,52,129,275,7,165,41,195,86,68,292,197,201,215,246,44,283,229,204,304,219,179,235,158,171,299,319,302,119,326,273,9,214,101,295,327,161,160,157,239,55,19,54,103,23,61,306,154,253,113,176,303,15,178,56,163,249,99,126,141,350,169,290,343,174,31,173,300,51,271,321,348,63,208,267,48,237,257,218,114,93,74,123,94,310,255,36,278,242,45,182,146,308,325,47,225,252,297,115,228,328,261,264,305,244,221,284,8,340,322",20100,200
20,12,90076.9193433002,16.025162744731567,"344,112,40,286,280,211,333,122,24,97,2,294,313,274,175,202,237,164,298,102,91,347,314,33,4,208,65,77,125,15,42,29,89,166,106,315,34,180,120,92,75,301,78,46,230,177,152,285,192,289,20,62,312,330,269,276,250,341,279,336,37,224,206,156,145,137,263,193,88,59,85,240,21,139,142,256,84,18,338,311,38,133,111,87,14,22,270,232,196,220,216,95,128,66,207,331,212,83,80,318,317,265,12,186,116,349,26,234,282,199,332,248,151,110,172,27,266,217,109,67,82,134,69,117,345,231,64,49,342,153,213,167,159,10,72,79,323,223,272,138,127,3,170,291,277,198,39,307,155,104,90,58,17,149,107,260,346,143,86,251,132,201,283,259,185,71,108,131,203,57,140,32,136,25,339,150,13,233,98,5,118,227,191,258,236,168,197,287,268,205,183,147,94,337,35,281,184,124,96,238,135,241,309,187,162,190,351,73,335,148,209,188,100,200,121,50,245,247,81,181,334,194,6,11,16,222,226,320,329,43,70,324,210,254,53,60,288,76,316,189,105,52,129,275,7,165,41,195,144,68,292,30,243,215,246,44,296,229,204,304,219,179,235,158,171,299,319,302,119,326,273,9,214,101,295,327,161,160,157,239,55,19,54,103,23,61,306,154,253,113,176,303,28,178,56,163,249,99,126,141,350,169,290,343,174,31,173,300,51,271,321,348,63,130,267,48,262,257,218,114,93,74,123,293,310,255,36,278,242,45,182,146,308,325,47,225,252,297,115,228,328,261,264,305,244,221,284,8,340,322",20100,200
21,0,92063.22845949262,11.291745454699958,"217,95,14,341,340,64,177,71,314,279,126,294,122,238,88,39,348,332,97,189,270,269,187,254,83,220,195,258,86,257,67,264,72,34,259,267,90,20,208,38,233,17,141,68,277,165,15,178,142,48,16,37,164,212,297,128,207,54,161,289,272,112,344,46,319,202,194,13,105,92,107,40,116,66,61,27,323,216,155,84,85,308,210,305,237,28,29,235,300,213,228,30,56,283,69,301,328,349,309,123,335,265,320,154,291,108,184,334,98,134,192,147,241,296,204,200,44,109,321,18,53,6,129,81,343,119,197,65,93,221,239,4,137,169,8,214,206,242,215,302,5,253,3,248,285,130,133,243,78,10,262,25,275,70,62,180,101,287,322,345,24,312,330,156,162,102,201,318,144,205,260,222,26,274,57,350,196,58,331,106,121,60,273,191,230,12,59,117,79,124,127,110,281,103,271,174,304,185,145,288,276,77,45,337,139,149,244,148,113,100,245,167,342,32,203,325,96,246,76,118,131,218,249,7,179,333,153,223,175,188,261,290,115,338,75,80,193,229,346,231,114,284,63,190,347,104,327,255,22,225,266,176,11,171,234,50,42,136,224,172,159,19,43,313,49,219,329,73,140,170,182,91,158,324,299,209,278,292,247,315,280,132,152,326,339,143,35,166,181,52,138,268,51,186,163,9,316,263,55,307,310,198,23,303,41,317,31,351,336,33,74,199,251,311,94,160,226,99,211,236,293,306,232,295,36,89,2,252,87,120,111,282,256,168,82,183,125,135,173,227,298,146,157,250,21,151,240,47,150,286",20100,200
21,1,92353.57175441472,11.236000242980095,"21,95,14,341,340,64,177,71,314,279,126,294,122,238,88,39,348,332,220,83,254,187,269,270,189,97,195,258,86,257,67,264,15,165,277,68,141,17,233,38,208,20,90,267,146,34,72,178,142,48,16,37,164,212,297,128,207,54,161,289,272,112,344,46,319,202,194,13,105,92,107,40,116,66,61,27,323,216,155,84,85,308,210,147,192,28,29,235,300,213,228,30,56,283,69,301,328,349,309,123,335,265,320,154,291,108,184,334,98,134,237,305,241,296,204,200,109,44,321,18,53,6,129,81,343,119,197,65,93,221,239,4,137,169,8,214,206,242,215,302,5,253,3,248,285,130,133,243,78,10,262,25,275,70,62,180,101,287,322,345,24,312,330,156,162,102,201,318,144,205,260,222,26,274,57,350,196,58,331,106,121,60,273,103,281,110,127,124,79,117,59,12,230,191,271,174,304,185,145,288,276,77,45,337,139,149,244,148,113,100,245,167,342,32,203,325,96,246,76,118,131,218,249,7,179,333,153,223,175,188,261,290,115,338,75,80,193,229,346,231,114,284,63,190,255,327,104,347,22,225,266,176,11,171,234,50,42,136,224,172,159,19,43,313,49,219,329,73,140,170,182,91,278,209,299,324,158,292,247,315,280,132,152,326,339,143,35,166,181,52,138,268,186,51,163,9,316,263,55,307,310,198,23,303,41,317,31,351,336,33,74,199,251,311,94,160,226,99,211,236,293,306,232,295,36,89,2,252,87,120,111,282,256,168,82,183,125,135,173,227,298,259,157,250,217,151,240,47,150,286",20100,200
21,2,91681.16695673317,11.336964815491429,"217,95,14,257,67,264,72,34,259,267,90,20,208,38,233,17,141,68,277,165,15,178,142,48,16,37,164,212,189,270,269,187,254,83,220,332,348,39,88,238,122,294,126,279,314,177,71,64,340,341,86,258,195,97,297,128,207,54,161,289,272,112,344,46,319,202,194,13,105,92,107,40,116,66,61,27,323,216,155,84,85,308,210,147,192,28,29,235,300,213,228,30,56,283,69,301,328,349,309,123,335,265,320,154,291,108,184,334,98,134,237,305,241,296,204,200,109,44,321,18,53,6,129,81,343,119,197,65,93,221,239,4,137,169,8,214,206,242,215,302,5,253,3,248,285,130,133,243,78,10,262,25,275,70,62,180,101,287,322,345,24,312,330,156,162,102,201,318,144,205,260,222,26,274,57,350,196,58,331,106,121,60,273,191,230,12,59,117,79,124,127,110,281,103,271,174,304,185,145,288,276,77,45,337,139,149,244,148,113,100,245,167,342,32,203,325,96,246,76,118,131,218,249,7,179,333,153,223,175,188,261,290,115,338,75,80,193,229,346,231,114,284,63,190,347,327,104,255,22,225,266,176,11,171,234,50,42,136,224,172,159,19,43,313,49,219,329,73,140,170,182,91,278,209,299,324,158,292,247,315,280,132,152,326,339,143,35,166,181,52,138,268,186,51,163,9,316,263,55,307,310,198,23,303,41,317,31,351,336,33,74,199,94,311,251,160,226,99,211,236,293,306,232,295,36,89,2,252,87,120,111,282,256,168,82,183,125,135,173,227,298,146,157,250,21,151,240,47,150,286",20100,200
21,3,93620.85474692618,10.818428681405972,"217,95,14,341,340,64,177,71,314,279,126,294,122,238,88,39,348,332,220,83,254,187,269,37,164,212,189,270,16,48,142,178,15,165,277,68,141,17,233,38,208,20,90,267,146,34,72,264,67,257,86,258,195,97,297,128,207,54,161,289,272,112,344,46,319,202,194,13,105,92,107,40,61,66,116,155,323,27,216,85,84,210,308,305,237,28,29,235,300,213,228,30,56,283,69,301,328,349,309,123,335,265,320,154,291,108,184,334,98,134,192,147,241,296,204,200,44,109,321,18,53,6,129,81,343,119,197,65,93,221,239,4,137,169,8,214,206,242,215,302,5,253,3,248,285,130,133,243,78,10,262,25,275,70,62,180,101,287,322,345,24,312,330,156,162,102,201,318,144,205,260,222,26,274,57,350,196,58,331,106,121,60,273,191,230,12,59,117,79,124,127,110,281,103,271,174,304,185,145,288,276,77,45,337,139,149,244,148,113,100,245,167,342,32,203,325,96,246,76,118,131,218,249,7,179,333,153,223,175,188,261,290,115,338,75,80,193,229,346,231,114,284,63,190,347,104,327,255,22,225,266,176,11,171,234,50,42,136,224,172,159,19,43,313,49,219,329,73,140,170,182,91,278,209,299,324,158,292,247,315,280,132,152,326,339,143,35,166,181,52,138,268,186,51,163,9,316,263,55,307,310,198,23,303,41,317,31,351,336,33,74,199,251,311,94,160,226,99,211,236,293,306,232,295,36,89,2,252,87,120,111,282,256,168,82,183,125,135,173,227,298,259,157,250,21,151,240,47,150,286",20100,200
21,4,92411.9537751598,10.993286707033501,"217,95,14,341,340,64,71,177,314,279,126,294,122,238,88,39,348,332,220,83,254,187,269,270,189,97,195,258,86,257,67,264,72,34,259,267,90,20,208,38,233,17,141,68,277,165,15,178,142,48,16,37,164,212,297,128,207,54,161,289,272,112,344,46,319,202,194,13,105,92,107,40,116,66,61,27,323,216,155,84,85,308,210,147,192,28,29,235,300,213,228,30,56,283,69,301,328,349,309,123,335,265,320,154,291,108,184,334,98,134,237,305,241,296,204,200,109,44,321,18,53,6,129,81,343,119,197,65,93,221,239,4,137,169,8,214,206,242,330,312,24,345,322,287,101,180,62,70,275,25,262,10,78,243,133,130,285,248,3,253,5,302,215,156,162,102,201,318,144,205,260,222,26,274,57,350,196,58,331,106,121,60,273,103,281,110,127,124,79,117,59,12,230,191,271,174,304,185,145,288,276,77,45,337,139,149,244,148,113,100,245,167,342,32,203,325,96,246,76,118,131,218,249,7,179,333,153,223,175,188,261,290,115,338,75,80,193,229,346,231,114,284,63,190,255,327,104,347,22,225,266,176,11,171,234,50,42,136,224,172,159,19,43,313,49,219,329,73,140,170,182,91,278,209,299,324,158,292,247,315,280,132,152,326,339,143,35,166,181,52,138,268,186,51,163,9,316,263,55,307,310,198,23,303,41,317,31,351,336,33,74,199,251,311,94,160,226,99,211,236,293,306,232,295,36,89,2,252,87,120,111,282,256,168,82,183,125,135,173,227,298,146,157,250,21,151,240,47,150,286",20100,200
21,5,88650.5556380401,13.766027582920831,"217,95,14,341,340,64,71,177,314,279,126,294,122,238,88,39,348,332,220,83,254,187,269,270,189,97,195,258,86,257,67,264,72,34,259,267,90,20,208,38,233,17,141,68,277,165,15,178,142,48,16,37,164,212,297,128,207,54,161,289,272,112,344,46,319,202,66,116,107,40,105,92,155,13,323,194,61,27,216,85,84,210,308,147,192,134,98,334,184,108,291,154,320,265,335,123,309,349,328,301,69,283,56,30,228,213,300,235,29,28,237,305,241,296,204,200,109,44,321,18,53,6,129,81,343,119,197,65,93,221,239,4,137,169,8,214,206,242,215,302,5,253,3,248,285,130,133,243,78,10,262,25,275,70,62,180,101,287,322,345,24,312,330,156,162,102,201,318,144,205,260,222,276,77,57,350,196,58,331,106,121,60,273,191,230,12,59,117,174,271,103,281,110,127,124,79,304,185,145,288,26,274,45,337,139,149,244,148,113,100,245,167,342,32,203,325,96,246,76,118,131,218,249,7,179,333,153,223,175,188,261,290,115,338,75,80,193,229,346,231,114,284,63,190,347,104,327,255,22,225,266,176,11,171,234,50,42,136,224,172,159,19,43,313,49,219,329,73,140,170,182,91,158,324,299,209,278,292,247,315,280,132,152,326,339,143,35,166,181,52,138,268,186,51,163,9,316,263,55,307,310,198,23,303,41,317,31,351,336,33,74,199,251,311,94,160,226,99,211,236,293,306,232,295,36,89,2,252,87,120,111,282,256,168,82,183,125,135,173,227,298,146,157,250,21,151,240,47,150,286",20100,200
21,6,94076.01612566484,10.658167697571244,"217,95,14,341,340,64,71,177,314,279,126,294,122,238,88,39,348,332,220,83,254,187,269,270,189,97,195,258,86,257,67,264,72,34,259,267,90,20,208,38,233,17,141,68,277,165,15,178,142,48,16,37,164,212,297,128,207,54,161,289,272,112,344,46,319,202,194,13,105,92,107,40,116,66,61,27,323,216,155,84,85,308,210,305,237,28,29,235,300,213,228,30,56,283,69,301,328,349,309,123,335,265,320,154,291,108,184,334,98,134,192,147,241,296,204,200,44,109,321,18,53,6,129,81,343,119,197,65,93,221,239,4,137,169,8,214,206,242,215,302,5,253,3,248,285,130,133,243,78,10,262,25,275,70,62,180,101,287,322,145,185,304,174,271,191,230,12,59,188,175,223,153,333,179,45,77,276,288,345,24,121,60,273,103,281,110,127,124,79,117,261,290,115,338,156,325,203,32,162,102,201,318,144,205,260,222,26,274,57,350,196,58,331,106,312,330,96,246,76,118,131,218,249,167,337,139,149,244,148,113,100,245,7,342,182,80,193,229,346,231,114,284,63,190,140,327,104,255,22,225,266,176,11,171,234,50,42,136,224,172,159,19,43,313,49,219,329,73,347,170,75,91,278,209,299,324,158,292,247,315,280,132,152,326,339,143,35,166,181,52,138,268,186,51,163,9,316,263,55,307,310,198,23,303,41,317,31,351,336,33,74,199,251,311,94,160,226,99,211,236,293,306,232,295,36,89,2,252,87,120,111,282,256,168,82,183,125,135,173,227,298,146,157,250,21,151,240,47,150,286",20100,200
21,7,88443.72318256134,14.083349200955814,"217,95,14,341,340,64,71,177,314,279,126,294,122,238,88,39,348,332,220,83,254,187,269,270,189,97,195,258,86,257,67,264,72,34,259,267,90,20,208,38,233,17,141,68,277,165,15,178,142,48,16,37,164,212,297,128,207,54,161,289,272,112,344,46,319,202,66,116,107,40,105,92,155,13,323,194,61,27,216,85,84,210,308,147,192,134,98,334,184,108,291,154,320,265,335,123,309,349,328,301,69,283,56,30,228,213,300,235,29,28,237,305,241,296,204,200,109,44,321,18,53,6,129,81,343,119,197,65,93,221,239,4,137,169,8,214,206,242,215,302,5,253,3,248,285,130,133,243,78,10,262,25,275,70,62,180,101,287,322,345,24,312,330,156,338,102,201,318,144,205,260,222,276,77,57,350,196,58,331,106,121,60,273,191,230,12,59,117,174,271,103,281,110,127,124,79,304,185,145,288,26,274,45,337,139,149,244,148,113,100,245,167,342,32,203,325,96,246,76,118,131,218,249,7,179,333,153,223,175,188,261,290,115,162,75,80,193,229,346,231,114,284,63,190,347,104,327,255,22,225,266,176,11,171,234,50,42,136,224,172,159,19,43,313,49,219,329,73,140,170,182,91,158,324,299,209,278,292,247,315,280,132,152,326,339,143,35,166,181,52,138,268,186,51,163,9,316,263,55,307,310,198,23,303,41,317,31,351,336,33,74,199,251,311,94,160,226,99,211,236,293,306,232,295,36,89,2,252,87,120,111,282,256,168,82,183,125,135,173,227,298,146,157,250,21,151,240,47,150,286",20100,200
21,8,94527.27196421445,10.410919092182482,"21,95,14,341,340,64,177,71,314,279,126,294,122,238,88,39,348,332,220,83,254,187,269,270,189,97,195,258,86,257,67,264,72,34,259,267,90,20,208,38,233,17,141,68,277,165,15,178,142,48,16,37,164,212,297,128,207,54,161,289,272,112,344,46,319,202,194,13,105,92,107,40,116,66,61,27,323,216,155,84,85,308,210,305,237,28,29,235,300,213,228,30,56,283,69,301,328,349,309,123,335,265,320,154,291,108,184,334,98,134,192,147,241,296,204,200,44,109,321,18,53,6,129,81,343,119,197,65,93,221,239,4,137,169,8,214,206,242,215,302,5,253,3,248,285,130,133,243,78,10,262,25,275,70,62,180,101,287,322,145,185,304,174,271,191,230,12,59,188,175,223,153,333,179,45,77,276,288,345,24,121,60,273,103,281,110,127,124,79,117,261,290,115,338,156,325,203,32,162,102,201,318,144,205,260,222,26,274,57,350,196,58,331,106,312,330,96,246,76,118,131,218,249,167,337,139,149,244,148,113,100,245,7,342,182,80,193,229,346,231,114,284,63,190,140,327,104,255,22,225,266,176,11,171,234,50,42,136,224,172,159,19,43,313,49,219,329,73,347,170,75,91,278,209,299,324,158,292,247,315,280,132,152,326,339,143,35,166,181,52,138,268,186,51,163,9,316,263,55,307,310,198,23,303,41,317,31,351,336,33,74,199,94,311,251,160,226,99,211,236,293,306,232,295,36,89,2,252,87,120,111,282,256,168,82,183,125,135,173,227,298,146,157,250,217,151,240,47,150,286",20100,200
21,9,90395.0300952905,12.27272563383964,"217,95,14,341,340,64,71,177,314,279,126,294,122,238,88,39,348,332,220,83,254,187,269,270,189,97,195,258,86,257,67,264,72,34,259,267,90,20,208,38,233,17,141,68,277,165,15,178,142,48,16,37,164,212,297,128,207,54,161,289,272,112,344,46,319,202,66,116,107,40,105,92,155,13,323,194,61,27,216,85,84,210,308,147,192,134,98,334,184,108,291,154,320,265,335,123,309,349,328,301,69,283,56,30,228,213,300,235,29,28,237,305,241,296,204,200,109,44,321,18,53,6,129,81,343,119,197,65,93,221,239,4,137,169,8,214,206,242,215,302,5,253,3,248,285,130,133,243,78,10,262,25,275,70,62,180,101,287,322,345,24,312,330,156,162,102,201,318,144,205,260,222,26,274,57,350,196,58,331,106,121,60,273,103,281,110,127,124,79,117,59,12,230,191,271,174,304,185,145,288,276,77,45,337,139,149,244,148,113,100,245,167,342,32,203,325,96,246,76,118,131,218,249,7,179,333,153,223,175,188,261,290,115,338,75,80,193,229,346,231,114,284,63,190,347,327,104,255,22,225,266,176,11,171,234,50,42,136,224,172,159,19,43,313,49,219,329,73,140,170,182,91,278,209,299,324,158,292,247,315,280,132,152,326,339,143,35,166,181,52,138,268,186,51,163,9,316,263,55,307,310,198,23,303,41,317,31,351,336,33,74,199,251,311,94,160,226,99,211,236,293,306,232,295,36,89,2,252,87,120,111,282,256,168,82,183,125,135,173,227,298,146,157,250,21,151,240,47,150,286",20100,200
21,10,92654.8469581779,10.899809218290589,"217,95,14,341,340,64,71,177,314,279,126,294,122,238,88,39,348,332,97,189,270,269,187,254,83,220,195,258,86,257,67,264,72,34,259,267,90,20,208,38,233,17,141,68,277,165,15,178,142,48,16,37,164,212,297,128,207,54,161,289,272,112,344,46,319,202,194,13,105,92,107,40,116,66,61,27,323,216,155,84,85,308,210,305,237,28,29,235,300,213,228,30,56,283,69,301,328,349,309,123,335,265,320,154,291,108,184,334,98,134,192,147,241,296,204,200,44,109,321,18,53,6,129,81,343,119,197,65,93,221,239,4,137,169,8,214,206,242,215,302,5,253,3,248,285,130,133,243,78,10,262,25,275,70,62,180,101,287,322,345,24,312,330,156,162,102,201,318,144,205,260,222,26,274,57,350,196,58,331,106,121,60,273,191,230,12,59,117,79,124,127,110,281,103,271,174,304,185,145,288,276,77,45,337,139,149,244,148,113,100,245,167,342,32,203,325,96,246,76,118,131,218,249,7,179,333,153,223,175,188,261,290,115,338,75,80,193,229,346,231,114,284,63,190,255,327,104,347,22,225,266,176,11,171,234,50,42,136,224,172,159,19,43,313,49,219,329,73,140,170,182,91,278,209,299,324,158,292,247,315,280,132,152,326,339,143,35,166,181,52,138,268,186,51,163,9,316,263,55,307,310,198,23,303,41,317,31,351,336,33,74,199,251,311,94,160,226,99,211,236,293,306,232,295,36,89,2,252,87,120,111,282,256,168,82,183,125,135,173,227,298,146,157,250,21,151,240,47,150,286",20100,200
21,11,91251.49826511451,11.347216811501644,"217,95,14,341,340,64,71,177,314,279,126,294,122,238,88,39,348,332,220,83,254,187,269,270,189,97,195,258,86,257,67,264,72,34,259,267,90,20,208,38,233,17,141,68,277,165,15,178,142,48,16,37,164,212,297,128,207,54,161,289,272,112,344,46,319,202,194,13,105,92,107,40,116,66,61,27,323,216,155,84,85,308,210,147,192,28,29,235,300,213,228,30,56,283,69,301,328,349,309,123,335,265,320,154,291,108,184,334,98,134,237,305,241,296,204,200,109,44,321,18,53,6,129,81,343,119,197,65,93,221,239,4,137,169,8,214,206,242,215,302,5,253,3,248,285,130,133,243,78,10,262,25,275,70,62,180,101,287,322,345,24,312,330,156,162,102,201,318,144,205,260,222,26,274,57,350,196,58,331,106,121,60,273,103,281,110,127,124,79,117,59,12,230,191,271,174,304,185,145,288,276,77,45,337,139,149,244,148,113,100,245,167,342,32,203,325,96,246,76,118,131,218,249,7,179,333,153,223,175,188,261,290,115,338,75,80,193,229,346,231,114,284,63,190,347,327,104,255,22,225,266,176,11,171,234,50,42,136,224,172,159,19,43,313,49,219,329,73,140,170,182,91,278,209,299,324,158,292,247,315,280,132,152,326,339,143,35,166,181,52,138,268,186,51,163,9,316,263,55,307,310,198,23,303,41,317,31,351,336,33,74,199,251,311,94,160,226,99,211,236,293,306,232,295,36,89,2,252,87,120,111,282,256,168,82,183,125,135,173,227,298,146,157,250,21,151,240,47,150,286",20100,200
21,12,88195.48920735021,14.560739793043275,"217,95,14,341,340,64,71,177,314,279,126,294,122,238,88,39,348,332,220,83,254,187,269,270,189,212,164,37,16,48,142,178,15,165,277,68,141,17,233,38,208,20,90,267,259,34,72,264,67,257,86,258,195,97,297,128,207,54,161,289,272,112,344,46,319,202,66,116,107,40,105,92,155,13,323,194,61,27,216,85,84,210,308,147,192,134,98,334,184,108,291,154,320,265,335,123,309,349,328,301,69,283,56,30,228,213,300,235,29,28,237,305,241,296,204,200,109,44,321,18,53,6,129,81,343,119,197,65,93,221,239,4,137,169,8,214,206,242,215,302,5,253,3,248,285,130,133,243,78,10,262,25,275,70,62,180,101,287,322,345,24,312,330,156,162,102,201,318,144,205,260,222,276,77,57,350,196,58,331,106,121,60,273,191,230,12,59,117,174,271,103,281,110,127,124,79,304,185,145,288,26,274,45,337,139,149,244,148,113,100,245,167,342,32,203,325,96,246,76,118,131,218,249,7,179,333,153,223,175,188,261,290,115,338,75,80,193,229,346,231,114,284,63,190,347,104,327,255,22,225,266,176,11,171,234,50,42,136,224,172,159,19,43,313,49,219,329,73,140,170,182,91,158,324,299,209,278,292,247,315,280,132,152,326,339,143,35,166,181,52,138,268,186,51,163,9,316,263,55,307,310,198,23,303,41,317,31,351,336,33,74,199,251,311,94,160,226,99,211,236,293,306,232,295,36,89,2,252,87,120,111,282,256,168,82,183,125,135,173,227,298,146,157,250,21,151,240,47,150,286",20100,200
21,13,86984.394643303,17.434696203054614,"217,95,14,341,340,64,71,177,314,279,126,294,122,238,88,39,348,332,220,83,254,187,269,270,189,212,164,37,16,48,142,178,15,165,277,68,141,17,233,38,208,20,90,267,259,34,72,264,67,257,86,258,195,97,297,128,207,54,161,289,272,112,344,46,319,202,66,116,107,40,105,92,155,13,323,194,61,27,216,85,84,210,308,147,192,134,98,334,184,108,291,154,320,265,335,123,309,349,328,301,69,283,56,30,228,213,300,235,29,28,237,305,241,296,204,200,109,44,321,18,53,6,129,81,343,119,197,65,93,221,239,4,137,169,8,214,206,242,215,302,5,253,3,248,285,130,133,243,78,10,262,25,275,70,62,180,101,287,322,345,24,312,330,156,338,102,201,318,144,205,260,222,276,77,57,350,196,58,331,106,121,60,273,281,103,110,127,124,79,117,59,12,230,191,271,174,304,185,145,288,26,274,45,236,100,113,148,244,149,293,337,139,342,32,203,325,96,246,76,118,131,218,249,7,179,333,153,223,175,188,261,290,115,162,75,80,193,229,346,231,114,284,63,190,347,104,327,255,22,225,266,176,11,171,234,50,42,136,224,172,159,19,43,313,49,219,329,73,140,170,182,91,158,324,299,209,278,292,247,315,280,132,152,326,339,143,35,166,181,52,138,268,186,51,163,9,316,263,55,307,310,198,23,303,41,317,31,351,336,33,74,199,251,311,94,160,226,99,211,245,167,306,232,295,36,89,2,252,87,120,111,282,256,168,82,183,125,135,173,227,298,146,157,250,21,151,240,47,150,286",20100,200
21,14,90645.85674423995,11.846549063590745,"217,95,14,341,340,64,177,71,314,279,126,294,122,238,88,39,348,332,220,83,254,187,269,270,189,97,195,258,86,257,67,264,72,34,259,267,90,20,208,38,233,17,141,68,277,165,15,178,142,48,16,37,164,212,297,128,207,54,161,289,272,112,344,46,319,202,194,13,105,92,107,40,116,66,323,155,61,27,216,85,84,210,308,147,192,134,98,334,184,108,291,154,320,265,335,123,309,349,328,301,69,283,56,30,228,213,300,235,29,28,237,305,241,296,204,200,109,44,321,18,53,6,129,81,343,119,197,65,93,221,239,4,137,169,8,214,206,242,215,302,5,253,3,248,285,130,133,243,78,10,262,25,275,70,62,180,101,287,322,345,24,312,330,156,162,102,201,318,144,205,260,222,26,274,57,350,196,58,331,106,121,60,273,191,230,12,59,117,79,124,127,110,281,103,271,174,304,185,145,288,276,77,45,337,139,149,244,148,113,100,245,167,342,32,203,325,96,246,76,118,131,218,249,7,179,333,153,223,175,188,261,290,115,338,75,80,193,229,346,231,114,284,63,190,347,104,327,255,22,225,266,176,11,171,234,50,42,136,224,172,159,19,43,313,49,219,329,73,140,170,182,91,158,324,299,209,278,292,247,315,280,132,152,326,339,143,35,166,181,52,138,268,186,51,163,9,316,263,55,307,310,198,23,303,41,317,31,351,336,33,74,199,251,311,94,160,226,99,211,236,293,306,232,295,36,89,2,252,87,120,111,282,256,168,82,183,125,135,173,227,298,146,157,250,21,151,240,47,150,286",20100,200
21,15,90012.40424409539,12.316231644677892,"217,95,14,341,340,64,71,177,314,279,126,294,122,238,88,39,348,332,220,83,254,187,269,270,189,97,195,258,86,257,67,264,72,34,259,267,90,20,208,38,233,17,141,68,277,165,15,178,142,48,16,37,164,212,297,128,207,54,161,289,272,112,344,46,319,202,194,13,105,92,107,40,116,66,61,27,323,216,155,84,85,308,210,147,192,134,98,334,184,108,291,154,320,265,335,123,309,349,328,301,69,283,56,30,228,213,300,235,29,28,237,305,241,296,204,200,109,44,321,18,53,6,129,81,343,119,197,65,93,221,239,4,137,169,8,214,206,242,215,302,5,253,3,248,285,130,133,243,78,10,262,25,275,70,62,180,101,287,322,345,24,312,330,156,338,102,201,318,144,205,260,222,276,77,57,350,45,274,26,288,145,185,304,174,271,103,281,110,127,124,79,117,59,12,230,191,273,60,121,106,331,58,196,337,139,149,244,148,113,100,245,167,342,32,203,325,96,246,76,118,131,218,249,7,179,333,153,223,175,188,261,290,115,162,75,80,193,229,346,231,114,284,63,190,347,327,104,255,22,225,266,176,11,171,234,50,42,136,224,172,159,19,43,313,49,219,329,73,140,170,182,91,278,209,299,324,158,292,247,315,280,132,152,326,339,143,35,166,181,52,138,268,186,51,163,9,316,263,55,307,310,198,23,303,41,317,31,351,336,33,74,199,251,311,94,160,226,99,211,236,293,306,232,295,36,89,2,252,87,120,111,282,256,168,82,183,125,135,173,227,298,146,157,250,21,151,240,47,150,286",20100,200
21,16,87439.46107399288,16.77668035654939,"217,95,14,341,340,64,71,177,314,279,126,294,122,238,88,39,348,332,220,83,254,187,269,270,189,97,195,258,86,257,67,264,72,34,259,267,90,20,208,38,233,17,141,68,277,165,15,178,142,48,16,37,164,212,297,128,207,54,161,289,272,112,344,46,319,202,66,116,107,40,105,92,155,13,323,194,61,27,216,85,84,210,308,147,192,134,98,334,184,108,291,154,320,265,335,123,309,349,328,301,69,283,56,30,228,213,300,235,29,28,237,305,241,296,204,200,109,44,321,18,53,6,129,81,343,119,197,65,93,221,239,4,137,169,8,214,206,242,215,302,5,253,3,248,285,130,133,243,78,10,262,25,275,70,62,180,101,287,322,345,24,312,330,156,338,102,201,318,144,205,260,222,276,77,57,350,196,58,331,106,121,60,273,281,103,110,127,124,79,117,59,12,230,191,271,174,304,185,145,288,26,274,45,236,100,113,148,244,149,293,337,139,342,32,203,325,96,246,76,118,131,218,249,7,179,333,153,223,175,188,261,290,115,162,75,80,193,229,346,231,114,284,63,190,347,104,327,255,22,225,266,176,11,171,234,50,42,136,224,172,159,19,43,313,49,219,329,73,140,170,182,91,158,324,299,209,278,292,247,315,280,132,152,326,339,143,35,166,181,52,138,268,186,51,163,9,316,263,55,307,310,198,23,303,41,317,31,351,336,33,74,199,251,311,94,160,226,99,211,245,167,306,232,295,36,89,2,252,87,120,111,282,256,168,82,183,125,135,173,227,298,146,157,250,21,151,240,47,150,286",20100,200
21,17,91140.66424963874,11.408535322487054,"217,95,14,341,340,64,71,177,314,279,126,294,122,238,88,39,348,332,220,83,254,187,269,270,189,97,195,258,86,257,67,264,72,34,259,267,90,20,208,38,233,17,141,68,277,165,15,178,142,48,16,37,164,212,297,128,207,54,161,289,272,112,344,46,319,202,194,13,105,92,107,40,61,66,116,155,323,27,216,85,84,210,308,305,237,28,29,235,300,213,228,30,56,283,69,301,328,349,309,123,335,265,320,154,291,108,184,334,98,134,192,147,241,296,204,200,109,44,321,18,53,6,129,81,343,119,197,65,93,221,239,4,137,169,8,214,206,242,215,302,5,253,3,248,285,130,133,243,78,10,262,25,275,70,62,180,101,287,322,345,24,312,330,156,162,102,201,318,144,205,260,222,26,274,57,350,196,58,331,106,121,60,273,103,281,110,127,124,79,117,59,12,230,191,271,174,304,185,145,288,276,77,45,337,139,149,244,148,113,100,245,167,342,32,203,325,96,246,76,118,131,218,249,7,179,333,153,223,175,188,261,290,115,338,75,80,193,229,346,231,114,284,63,190,347,327,104,255,22,225,266,176,11,171,234,50,42,136,224,172,159,19,43,313,49,219,329,73,140,170,182,91,158,324,299,209,278,292,247,315,280,132,152,326,339,143,35,166,181,52,138,268,186,51,163,9,316,263,55,307,310,198,23,303,41,317,31,351,336,33,74,199,251,311,94,160,226,99,211,236,293,306,232,295,36,89,2,252,87,120,111,282,256,168,82,183,125,135,173,227,298,146,157,250,21,151,240,47,150,286",20100,200
21,18,89524.76448511593,12.473834160736269,"217,95,14,341,340,64,71,177,314,279,126,294,122,238,88,39,348,332,220,83,254,187,269,270,189,97,195,258,86,257,67,264,72,34,259,267,90,20,208,38,233,17,141,68,277,165,15,178,142,48,16,37,164,212,297,128,207,54,161,289,272,112,344,46,319,202,66,116,107,40,105,92,155,13,323,194,61,27,216,85,84,210,308,147,192,134,98,334,184,108,291,154,320,265,335,123,309,349,328,301,69,283,56,30,228,213,300,235,29,28,237,305,241,296,204,200,109,44,321,18,53,6,129,81,343,119,197,65,93,221,239,4,137,169,8,214,206,242,215,302,5,253,3,248,285,130,133,243,78,10,262,25,275,70,62,180,101,287,322,345,24,312,330,156,162,102,201,318,144,205,260,222,276,77,57,350,45,274,26,288,145,185,304,174,271,103,281,110,127,124,79,117,59,12,230,191,273,60,121,106,331,58,196,337,139,149,244,148,113,100,245,167,342,32,203,325,96,246,76,118,131,218,249,7,179,333,153,223,175,188,261,290,115,338,75,80,193,229,346,231,114,284,63,190,347,327,104,255,22,225,266,176,11,171,234,50,42,136,224,172,159,19,43,313,49,219,329,73,140,170,182,91,278,209,299,324,158,292,247,315,280,132,152,326,339,143,35,166,181,52,138,268,186,51,163,9,316,263,55,307,310,198,23,303,41,317,31,351,336,33,74,199,251,311,94,160,226,99,211,236,293,306,232,295,36,89,2,252,87,120,111,282,256,168,82,183,125,135,173,227,298,146,157,250,21,151,240,47,150,286",20100,200
21,19,89211.31755960512,13.333513609742145,"217,95,14,341,340,64,71,177,314,279,126,294,122,238,88,39,348,332,220,83,254,187,269,270,189,97,195,258,86,257,67,264,72,165,277,68,141,17,233,38,208,20,90,267,259,34,15,178,142,48,16,37,164,212,297,128,207,54,161,289,272,112,344,46,319,202,194,13,105,92,107,40,61,66,116,155,323,27,216,85,84,210,308,147,192,28,29,235,300,213,228,30,56,283,69,301,328,349,309,123,335,265,320,154,291,108,184,334,98,134,237,305,241,296,204,200,109,44,321,18,53,6,129,81,343,119,197,65,93,221,239,4,137,169,8,214,206,242,215,302,5,253,3,248,285,130,133,243,78,10,262,25,275,70,62,180,101,287,322,345,24,312,330,156,338,102,201,318,144,205,260,222,276,77,57,350,196,58,331,106,121,60,273,191,230,12,59,117,174,271,103,281,110,127,124,79,304,185,145,288,26,274,45,337,139,149,244,148,113,100,245,167,342,32,203,325,96,246,76,118,131,218,249,7,179,333,153,223,175,188,261,290,115,162,75,80,193,229,346,231,114,284,63,190,347,104,327,255,22,225,266,176,11,171,234,50,42,136,224,172,159,19,43,313,49,219,329,73,140,170,182,91,158,324,299,209,278,292,247,315,280,132,152,326,339,143,35,166,181,52,138,268,51,186,163,9,316,263,55,307,310,198,23,303,41,317,31,351,336,33,74,199,251,311,94,160,226,99,211,236,293,306,232,295,36,89,2,252,87,120,111,282,256,168,82,183,125,135,173,227,298,146,157,250,21,151,240,47,150,286",20100,200
21,20,95967.20459404636,10.162231904173526,"21,95,14,341,340,64,177,71,314,279,126,294,122,238,88,39,348,332,220,83,254,187,269,37,164,212,189,270,16,48,142,178,15,165,277,68,141,17,233,38,208,20,90,267,146,34,72,264,67,257,86,258,195,97,297,128,207,54,161,289,272,112,344,46,319,202,194,13,105,92,107,40,61,66,116,155,323,27,216,85,84,210,308,305,237,28,29,235,300,213,228,30,56,283,69,301,328,349,309,123,335,265,320,154,291,108,184,334,98,134,192,147,241,296,204,200,44,109,321,18,53,6,129,81,343,119,197,65,93,221,239,4,137,169,8,214,206,242,215,302,5,253,3,248,285,130,133,243,78,10,262,25,275,70,62,180,101,287,322,145,185,304,174,271,191,230,12,59,188,175,223,153,333,179,45,77,276,288,345,24,121,60,273,103,281,110,127,124,79,117,261,290,115,338,156,325,203,32,162,102,201,318,144,205,260,222,26,274,57,350,196,58,331,106,312,330,96,246,76,118,131,218,249,167,337,139,149,244,148,113,100,245,7,342,182,80,193,229,346,231,114,284,63,190,140,327,104,255,22,225,266,176,11,171,234,50,42,136,224,172,159,19,43,313,49,219,329,73,347,170,75,91,278,209,299,324,158,292,247,315,280,132,152,326,339,143,35,166,181,52,138,268,186,51,163,9,316,263,55,307,310,198,23,303,41,317,31,351,336,33,74,199,251,311,94,160,226,99,211,236,293,306,232,295,36,89,2,252,87,120,111,282,256,168,82,183,125,135,173,227,298,259,157,250,217,151,240,47,150,286",20100,200
21,21,87667.4745246219,16.457592552467677,"217,95,14,341,340,64,71,177,314,279,126,294,122,238,88,39,348,332,220,83,254,187,269,270,189,97,195,258,86,257,67,264,72,34,259,267,90,20,208,38,233,17,141,68,277,165,15,178,142,48,16,37,164,212,297,128,207,54,161,289,272,112,344,46,319,202,155,13,105,92,107,40,116,66,323,194,61,27,216,85,84,210,308,147,192,134,98,334,184,108,291,154,320,265,335,123,309,349,328,301,69,283,56,30,228,213,300,235,29,28,237,305,241,296,204,200,109,44,321,18,53,6,129,81,343,119,197,65,93,221,239,4,137,169,8,214,206,242,215,302,5,253,3,248,285,130,133,243,78,10,262,25,275,70,62,180,101,287,322,345,24,312,330,156,338,102,201,318,144,205,260,222,276,77,57,350,196,58,331,106,121,60,273,281,103,110,127,124,79,117,59,12,230,191,271,174,304,185,145,288,26,274,45,236,100,113,148,244,149,293,337,139,342,32,203,325,96,246,76,118,131,218,249,7,179,333,153,223,175,188,261,290,115,162,75,80,193,229,346,231,114,284,63,190,347,104,327,255,22,225,266,176,11,171,234,50,42,136,224,172,159,19,43,313,49,219,329,73,140,170,182,91,158,324,299,209,278,292,247,315,280,132,152,326,339,143,35,166,181,52,138,268,186,51,163,9,316,263,55,307,310,198,23,303,41,317,31,351,336,33,74,199,251,311,94,160,226,99,211,245,167,306,232,295,36,89,2,252,87,120,111,282,256,168,82,183,125,135,173,227,298,146,157,250,21,151,240,47,150,286",20100,200
21,22,87917.99172180385,15.962638910754466,"217,95,14,341,340,64,71,177,314,279,126,294,122,238,88,39,348,332,220,83,254,187,269,270,189,97,195,258,86,257,67,264,72,34,259,267,90,17,233,38,208,20,141,68,277,165,15,178,142,48,16,37,164,212,297,128,207,54,161,289,272,112,344,46,319,202,66,116,107,40,105,92,155,13,323,194,61,27,216,85,84,210,308,147,192,134,98,334,184,108,291,154,320,265,335,123,309,349,328,301,69,283,56,30,228,213,300,235,29,28,237,305,241,296,204,200,109,44,321,18,53,6,129,81,343,119,197,65,93,221,239,4,137,169,8,214,206,242,215,302,5,253,3,248,285,130,133,243,78,10,262,25,275,70,62,180,101,287,322,345,24,312,330,156,338,102,201,318,144,205,260,222,276,77,57,350,196,58,331,106,121,60,273,191,230,12,59,117,79,124,127,110,281,103,271,174,304,185,145,288,26,274,45,337,139,113,148,244,149,293,236,100,342,32,203,325,96,246,76,118,131,218,249,7,179,333,153,223,175,188,261,290,115,162,75,80,193,229,346,231,114,284,63,190,347,327,104,255,22,225,266,176,11,171,234,50,42,136,224,172,159,19,43,313,49,219,329,73,140,170,182,91,158,324,299,209,278,292,247,315,280,132,152,326,339,143,35,166,181,52,138,268,51,186,163,9,316,263,55,307,310,198,23,303,41,317,31,351,336,33,74,199,94,311,251,160,226,99,211,245,167,306,232,295,36,89,2,252,87,120,111,282,256,168,82,183,125,135,173,227,298,146,157,250,21,151,240,47,150,286",20100,200
21,23,89277.1622845513,13.25128441584253,"21,95,14,341,340,64,177,71,314,279,126,294,122,238,88,39,348,332,220,83,254,187,269,270,189,97,195,258,86,257,67,264,72,34,259,267,90,20,208,38,233,17,141,68,277,165,15,178,142,48,16,37,164,212,297,128,207,54,161,289,272,112,344,46,319,202,66,116,107,40,105,92,155,13,323,194,61,27,216,85,84,210,308,147,192,134,98,334,184,108,291,154,320,265,335,123,309,349,328,301,69,283,56,30,228,213,300,235,29,28,237,305,241,296,204,200,109,44,321,18,53,6,129,81,343,119,197,65,93,221,239,4,137,169,8,214,206,242,215,302,5,253,3,248,285,130,133,243,78,10,262,25,275,70,62,180,101,287,322,345,24,312,330,156,162,102,201,318,144,205,260,222,276,77,57,350,196,58,331,106,121,60,273,191,230,12,59,117,174,271,103,281,110,127,124,79,304,185,145,288,26,274,45,337,139,149,244,148,113,100,245,167,342,32,203,325,96,246,76,118,131,218,249,7,179,333,153,223,175,188,261,290,115,338,75,80,193,229,346,231,114,284,63,190,347,327,104,255,22,225,266,176,11,171,234,50,42,136,224,172,159,19,43,313,49,219,329,73,140,170,182,91,278,209,299,324,158,292,247,315,280,132,152,326,339,143,35,166,181,52,138,268,186,51,163,9,316,263,55,307,310,198,23,303,41,317,31,351,336,33,74,199,94,311,251,160,226,99,211,236,293,306,232,295,36,89,2,252,87,120,111,282,256,168,82,183,125,135,173,227,298,146,157,250,217,151,240,47,150,286",20100,200
21,24,87191.22709878176,17.179389465009557,"217,95,14,341,340,64,71,177,314,279,126,294,122,238,88,39,348,332,220,83,254,187,269,270,189,212,164,37,16,48,142,178,15,165,277,68,141,17,233,38,208,20,90,267,259,34,72,264,67,257,86,258,195,97,297,128,207,54,161,289,272,112,344,46,319,202,66,116,107,40,105,92,155,13,323,194,61,27,216,85,84,210,308,147,192,134,98,334,184,108,291,154,320,265,335,123,309,349,328,301,69,283,56,30,228,213,300,235,29,28,237,305,241,296,204,200,109,44,321,18,53,6,129,81,343,119,197,65,93,221,239,4,137,169,8,214,206,242,215,302,5,253,3,248,285,130,133,243,78,10,262,25,275,70,62,180,101,287,322,345,24,312,330,156,162,102,201,318,144,205,260,222,276,77,57,350,196,58,331,106,121,60,273,281,103,110,127,124,79,117,59,12,230,191,271,174,304,185,145,288,26,274,45,236,100,113,148,244,149,293,337,139,342,32,203,325,96,246,76,118,131,218,249,7,179,333,153,223,175,188,261,290,115,338,75,80,193,229,346,231,114,284,63,190,347,104,327,255,22,225,266,176,11,171,234,50,42,136,224,172,159,19,43,313,49,219,329,73,140,170,182,91,158,324,299,209,278,292,247,315,280,132,152,326,339,143,35,166,181,52,138,268,186,51,163,9,316,263,55,307,310,198,23,303,41,317,31,351,336,33,74,199,251,311,94,160,226,99,211,245,167,306,232,295,36,89,2,252,87,120,111,282,256,168,82,183,125,135,173,227,298,146,157,250,21,151,240,47,150,286",20100,200
21,25,87988.65675187147,14.861101998944745,"217,95,14,341,340,64,71,177,314,279,126,294,122,238,88,39,348,332,220,83,254,187,269,270,189,212,164,37,16,48,142,178,15,165,277,68,141,17,233,38,208,20,90,267,259,34,72,264,67,257,86,258,195,97,297,128,207,54,161,289,272,112,344,46,319,202,66,116,107,40,105,92,155,13,323,194,61,27,216,85,84,210,308,147,192,134,98,334,184,108,291,154,320,265,335,123,309,349,328,301,69,283,56,30,228,213,300,235,29,28,237,305,241,296,204,200,109,44,321,18,53,6,129,81,343,119,197,65,93,221,239,4,137,169,8,214,206,242,215,302,5,253,3,248,285,130,133,243,78,10,262,25,275,70,62,180,101,287,322,345,24,312,330,156,338,102,201,318,144,205,260,222,276,77,57,350,196,58,331,106,121,60,273,191,230,12,59,117,174,271,103,281,110,127,124,79,304,185,145,288,26,274,45,337,139,149,244,148,113,100,245,167,342,32,203,325,96,246,76,118,131,218,249,7,179,333,153,223,175,188,261,290,115,162,75,80,193,229,346,231,114,284,63,190,347,104,327,255,22,225,266,176,11,171,234,50,42,136,224,172,159,19,43,313,49,219,329,73,140,170,182,91,158,324,299,209,278,292,247,315,280,132,152,326,339,143,35,166,181,52,138,268,186,51,163,9,316,263,55,307,310,198,23,303,41,317,31,351,336,33,74,199,251,311,94,160,226,99,211,236,293,306,232,295,36,89,2,252,87,120,111,282,256,168,82,183,125,135,173,227,298,146,157,250,21,151,240,47,150,286",20100,200
21,26,89022.620869582,13.446406248330165,"217,95,14,341,340,64,177,71,314,279,126,294,122,238,88,39,348,332,220,83,254,187,269,270,189,97,195,258,86,257,67,264,72,34,259,267,90,20,208,38,233,17,141,68,277,165,15,178,142,48,16,37,164,212,297,128,207,54,161,289,272,112,344,46,319,202,66,116,107,40,105,92,155,13,323,194,61,27,216,85,84,210,308,147,192,134,98,334,184,108,291,154,320,265,335,123,309,349,328,301,69,283,56,30,228,213,300,235,29,28,237,305,241,296,204,200,109,44,321,18,53,6,129,81,343,119,197,65,93,221,239,4,137,169,8,214,206,242,215,302,5,253,3,248,285,130,133,243,78,10,262,25,275,70,62,180,101,287,322,345,24,312,330,156,162,102,201,318,144,205,260,222,276,77,57,350,196,58,331,106,121,60,273,191,230,12,59,117,174,271,103,281,110,127,124,79,304,185,145,288,26,274,45,337,139,149,244,148,113,100,245,167,342,32,203,325,96,246,76,118,131,218,249,7,179,333,153,223,175,188,261,290,115,338,75,80,193,229,346,231,114,284,63,190,347,104,327,255,22,225,266,176,11,171,234,50,42,136,224,172,159,19,43,313,49,219,329,73,140,170,182,91,278,209,299,324,158,292,247,315,280,132,152,326,339,143,35,166,181,52,138,268,186,51,163,9,316,263,55,307,310,198,23,303,41,317,31,351,336,33,74,199,251,311,94,160,226,99,211,236,293,306,232,295,36,89,2,252,87,120,111,282,256,168,82,183,125,135,173,227,298,146,157,250,21,151,240,47,150,286",20100,200
22,0,93415.96731445969,17.79381337666282,"272,263,189,248,106,246,91,107,268,148,270,300,311,83,116,334,44,30,253,289,280,336,115,332,344,18,38,218,274,307,257,109,342,36,64,48,85,114,43,325,161,168,208,251,130,197,122,127,96,149,75,98,112,242,292,9,77,193,56,172,86,237,252,221,16,182,99,157,303,231,27,322,326,89,41,287,162,335,17,158,156,309,117,57,104,13,26,143,244,290,310,105,198,330,147,5,275,65,216,55,267,67,186,7,102,58,54,42,46,81,49,120,185,180,327,215,269,284,78,219,139,217,113,135,101,238,92,214,261,321,293,4,126,315,69,25,176,181,146,195,40,337,121,349,123,190,211,350,318,225,236,166,196,207,194,177,20,37,131,88,230,308,234,241,187,205,62,163,320,298,203,73,296,276,264,71,331,178,285,281,159,31,95,133,170,333,266,295,134,174,254,3,243,341,233,63,100,50,45,202,164,171,345,314,19,347,34,179,153,299,306,265,165,154,210,232,239,118,128,283,212,348,343,240,152,150,226,160,138,52,250,68,24,167,245,206,6,273,324,328,222,70,278,35,271,262,199,61,76,151,184,329,291,137,110,346,132,220,235,259,8,108,33,229,103,155,192,227,28,191,14,51,140,201,47,94,11,84,258,282,188,286,21,213,338,119,15,141,82,129,23,316,323,80,59,294,2,313,256,223,90,302,72,22,136,209,111,200,260,79,144,39,183,124,249,10,32,60,305,93,29,247,53,66,288,204,145,169,297,279,142,277,340,87,317,312,304,175,339,351,255,228,97,12,319,173,301,125,224,74",20100,200
22,1,98570.62046931904,13.481006206684693,"47,110,175,339,106,24,348,137,254,148,198,109,311,190,81,70,44,49,253,289,280,336,279,179,174,217,220,165,324,331,232,239,118,128,283,212,245,233,63,100,50,45,264,164,171,345,301,293,321,219,139,55,243,316,214,78,261,91,71,343,273,17,210,306,202,206,96,30,269,215,89,274,176,42,185,68,349,315,126,27,231,303,157,99,182,16,221,252,237,86,172,56,193,77,9,292,242,112,197,57,127,69,40,75,98,13,97,186,143,67,325,43,114,85,48,64,36,342,267,257,307,84,218,38,329,328,222,272,201,140,51,14,191,28,227,285,281,159,31,95,133,170,333,266,295,134,211,350,318,225,236,166,196,207,194,177,20,37,131,88,230,308,234,241,187,205,62,163,320,298,203,73,296,276,268,304,270,74,351,248,189,228,263,317,87,340,277,142,115,297,145,302,162,288,66,53,247,29,93,305,60,32,10,154,124,344,39,144,79,107,200,111,209,136,22,291,160,90,223,256,313,2,72,59,80,323,240,23,129,258,141,312,119,338,213,21,188,334,282,82,183,11,184,156,294,54,15,249,347,19,314,167,6,146,195,149,337,121,102,123,7,284,161,4,327,101,94,122,58,173,135,341,168,152,251,208,180,346,130,8,52,169,138,226,250,181,300,3,12,246,83,319,46,299,153,332,326,132,265,235,259,192,155,103,229,33,108,150,151,76,61,199,262,271,35,278,25,116,286,18,322,34,125,41,287,204,335,178,158,260,309,117,113,26,238,104,120,244,290,310,105,92,330,147,5,275,65,216,224,255",20100,200
22,2,99244.51447986555,12.995398627496131,"47,110,175,339,106,24,348,137,254,148,198,109,311,190,81,70,44,49,253,289,280,336,279,179,174,217,220,165,324,331,232,239,118,128,283,212,245,233,63,100,50,45,264,164,171,345,301,293,321,219,139,55,243,316,214,78,261,91,71,343,273,17,210,306,202,206,96,30,269,215,89,274,176,42,185,68,349,315,126,27,231,303,157,99,182,16,221,252,237,86,172,56,193,77,9,292,242,112,197,57,127,69,40,75,98,13,97,186,143,67,325,43,114,85,48,64,36,342,267,257,307,84,218,38,329,328,222,272,201,140,51,14,191,28,227,285,281,159,31,95,133,170,333,266,295,134,211,350,318,225,236,166,196,207,194,177,20,37,131,88,230,308,234,241,187,205,62,163,320,298,203,73,296,276,268,304,270,74,351,248,189,228,263,317,87,340,277,142,115,297,145,302,162,288,66,53,247,29,93,305,60,32,10,154,124,344,39,144,79,107,200,2,313,256,223,90,160,291,22,136,209,111,72,59,80,323,240,23,129,258,141,312,119,338,213,21,188,334,282,82,183,11,184,156,294,54,15,249,347,19,314,167,6,146,195,149,337,121,102,123,7,284,161,4,327,101,94,122,58,173,135,341,168,152,251,208,180,346,130,8,52,169,138,226,250,181,300,3,12,246,83,319,46,299,153,332,326,132,265,235,259,192,155,103,229,33,108,150,151,76,61,199,262,271,35,278,25,116,286,18,322,34,125,41,287,204,335,178,158,260,309,117,113,26,238,104,120,244,290,310,105,92,330,147,5,275,65,216,224,255",20100,200
22,3,101009.8246811113,12.080066412696057,"106,216,339,65,290,272,12,348,147,148,198,300,311,83,116,286,44,30,218,289,38,336,279,24,179,319,206,264,172,4,315,18,70,96,242,303,181,122,195,149,337,346,126,257,171,226,150,121,109,260,91,204,267,269,208,78,58,306,84,332,173,316,125,349,193,292,135,5,99,85,25,26,77,55,321,261,214,92,112,101,42,17,27,274,120,185,180,137,215,161,284,7,164,202,45,50,100,197,233,75,212,283,128,118,239,232,210,335,86,265,102,301,345,160,168,52,250,68,243,3,254,174,190,273,324,328,222,47,201,140,51,14,191,28,227,285,281,159,31,95,133,170,333,266,295,134,211,350,318,225,236,166,196,207,194,177,20,37,131,88,230,308,234,241,187,205,62,163,320,298,203,73,296,276,268,304,270,74,351,248,189,228,263,317,87,340,277,142,115,297,145,302,162,288,66,53,247,29,93,305,60,32,10,154,124,344,39,144,79,107,200,111,209,136,22,291,169,90,223,256,313,2,72,59,80,323,240,23,129,258,141,312,119,338,213,21,188,334,282,82,183,11,184,156,294,54,15,249,347,19,314,278,35,271,262,199,61,76,151,8,108,33,229,103,155,192,259,235,220,81,34,224,153,299,69,280,253,127,307,165,252,342,36,64,138,113,114,43,123,331,275,9,67,329,143,343,327,152,98,293,237,238,63,146,182,176,219,217,231,94,71,132,49,6,56,245,167,221,46,325,322,326,89,41,287,97,13,40,158,186,309,117,48,178,130,104,16,244,110,310,105,251,330,255,157,246,175,57,139,341",20100,200
22,4,98640.65109427409,13.390629444357714,"267,110,175,339,106,24,348,137,307,148,97,109,311,218,81,70,44,49,253,289,280,336,279,179,329,217,220,165,84,331,232,239,118,128,283,212,245,233,63,100,50,45,264,164,171,345,301,293,321,219,139,55,272,67,214,78,261,91,71,143,38,17,210,306,202,206,96,127,269,292,89,274,99,42,27,342,349,58,346,185,286,116,25,176,181,146,195,149,337,121,102,123,7,284,161,215,242,112,197,57,30,69,40,341,98,13,198,186,343,316,290,150,226,191,14,51,140,201,47,222,328,324,273,190,174,254,3,243,68,250,52,138,160,28,227,285,281,159,31,95,133,170,333,266,295,134,211,350,318,225,236,166,196,207,194,177,20,37,131,88,230,308,234,241,187,205,62,163,320,298,203,73,296,276,268,304,74,270,351,248,189,228,263,317,87,340,277,142,115,297,145,302,162,288,66,53,247,29,93,305,60,32,10,154,124,344,39,144,79,107,200,111,209,136,22,291,169,90,223,256,313,2,72,59,80,323,240,23,129,258,141,312,119,338,213,21,188,334,282,82,183,11,184,156,294,54,15,249,347,19,314,167,6,16,221,252,237,86,172,56,193,77,9,4,327,101,94,122,315,173,135,75,168,152,251,208,180,126,130,8,64,85,48,114,36,182,300,257,12,246,83,319,46,299,153,332,326,132,265,235,259,192,155,103,229,33,108,43,151,76,61,199,262,271,35,278,157,303,231,18,322,34,125,41,287,204,335,178,158,260,309,117,113,26,238,104,120,244,325,310,105,92,330,147,5,275,65,216,224,255",20100,200
22,5,96611.47134051059,14.496712668892725,"47,233,255,65,106,246,279,290,147,148,198,300,311,83,116,239,44,30,253,289,280,336,216,332,251,324,265,165,274,210,232,118,286,128,283,212,341,339,63,100,50,45,202,164,171,190,174,293,3,243,68,250,238,138,273,46,81,49,120,185,180,327,215,269,284,78,219,139,217,113,135,178,331,71,264,319,173,315,126,150,231,303,157,99,182,16,221,252,237,86,172,56,193,64,161,109,254,137,343,316,152,27,17,42,101,112,92,214,261,321,55,301,345,160,18,299,153,179,34,58,5,235,259,192,155,103,229,33,108,8,151,76,61,199,262,271,35,278,314,19,347,102,15,266,295,134,211,350,318,225,236,166,267,257,307,84,20,37,131,88,230,308,234,241,187,205,62,163,320,298,203,73,296,276,268,48,270,74,342,248,189,228,263,317,87,340,277,142,115,297,145,302,162,288,66,53,247,29,93,305,60,32,10,154,124,344,39,144,79,107,200,111,209,136,22,291,169,90,223,256,313,2,72,59,80,323,240,23,129,258,141,312,119,338,213,21,188,334,282,82,183,11,184,156,294,54,333,170,133,95,31,159,281,285,227,28,191,14,51,140,201,272,222,328,329,38,218,177,194,207,196,351,36,175,304,85,114,43,325,67,143,186,97,13,98,75,40,69,127,57,197,52,242,292,9,77,7,123,349,121,337,149,195,146,181,176,25,96,70,309,91,158,226,335,204,287,41,89,326,322,4,125,24,167,245,206,6,346,132,249,94,117,168,26,130,104,122,244,110,310,105,306,330,12,220,260,275,348,224,208",20100,200
22,6,102255.30025155297,11.26200543597406,"311,98,172,63,67,251,57,242,279,161,238,44,343,244,327,26,123,86,117,176,181,175,257,289,152,147,233,137,109,272,157,267,179,153,341,48,49,290,36,331,185,25,283,186,325,246,168,319,46,125,70,45,195,106,149,237,261,91,71,143,38,17,210,306,202,206,96,127,269,292,89,274,99,42,27,342,349,58,346,197,286,116,113,18,110,92,330,221,94,299,208,120,104,322,253,329,198,64,193,13,81,77,43,171,12,83,7,239,50,69,316,150,226,169,335,255,250,68,243,3,254,174,190,273,324,328,222,47,201,140,51,14,191,28,227,285,281,159,31,95,133,170,333,266,295,134,211,350,318,225,236,166,196,207,194,177,20,37,131,88,230,308,234,241,187,205,62,163,320,298,203,73,296,276,268,304,270,74,351,248,189,228,263,317,87,340,277,142,115,297,145,302,162,288,66,53,247,29,93,305,60,32,10,154,124,344,39,144,79,107,200,111,209,136,22,291,160,90,223,256,313,2,72,59,80,323,240,23,129,258,141,312,119,338,213,21,188,334,282,82,183,11,184,156,294,54,15,102,347,19,314,278,35,271,262,199,61,76,151,8,108,33,229,103,155,192,259,303,214,287,178,224,128,307,321,300,216,40,231,100,265,56,164,78,252,180,9,218,130,65,84,5,235,173,284,337,4,212,41,309,182,146,34,101,126,167,158,85,138,326,332,165,280,52,220,204,336,30,148,260,55,249,114,24,97,135,315,121,217,16,339,293,310,301,215,219,348,6,132,112,275,232,118,139,245,105,345,75,122,264",20100,200
22,7,99993.95985715496,12.92743132743793,"272,110,175,339,106,24,348,137,254,148,198,109,311,190,81,70,44,49,253,289,280,336,279,179,174,217,220,165,324,331,232,239,118,128,283,212,245,233,63,100,50,45,264,164,171,345,301,293,321,219,139,55,243,316,214,78,261,91,71,343,273,17,210,306,202,206,96,30,269,215,89,274,176,42,185,68,349,315,126,27,231,303,157,99,182,16,221,252,237,86,172,56,193,77,9,292,242,112,197,57,127,69,40,75,98,13,97,186,143,67,325,43,114,85,48,64,36,342,267,257,307,84,218,38,329,328,222,47,201,140,51,14,191,28,227,285,281,159,31,95,133,170,333,266,295,134,211,350,318,225,236,166,196,207,194,177,20,37,131,88,230,308,234,241,187,205,62,163,320,298,203,73,296,276,268,304,270,74,351,248,189,228,263,317,87,340,277,142,115,297,145,302,162,288,66,53,247,29,93,305,60,32,10,154,124,344,39,144,79,107,200,111,209,136,22,291,169,90,223,256,313,2,72,59,80,323,240,23,129,258,141,312,119,338,213,21,188,334,282,82,183,11,184,156,294,54,15,249,347,19,314,167,6,146,195,149,337,121,102,123,7,284,161,4,327,101,94,122,58,173,135,341,168,152,251,208,180,346,130,8,52,160,138,226,250,181,300,3,12,246,83,319,46,299,153,332,326,132,265,235,259,192,155,103,229,33,108,150,151,76,61,199,262,271,35,278,25,116,286,18,322,34,125,41,287,204,335,178,158,260,309,117,113,26,238,104,120,244,290,310,105,92,330,147,5,275,65,216,224,255",20100,200
22,8,101395.26743885293,11.70976006268376,"311,98,172,63,67,251,57,242,279,161,238,44,343,244,327,26,123,86,117,176,181,175,257,289,152,147,233,137,109,272,157,267,179,153,341,48,49,290,36,331,185,25,283,186,325,246,168,319,46,125,70,45,195,106,149,237,261,91,71,143,38,17,210,306,202,206,96,127,269,292,89,274,99,42,27,342,349,58,346,197,286,116,113,18,110,92,330,221,94,299,208,120,104,322,253,329,198,64,193,13,81,77,43,171,12,83,7,239,50,69,316,150,226,169,335,255,250,68,243,3,254,174,190,273,324,328,222,47,201,140,51,14,191,28,227,285,281,159,31,95,133,170,333,266,295,134,211,350,318,225,236,166,196,194,207,177,20,37,131,88,230,308,234,241,187,205,62,163,320,298,203,73,296,276,268,304,270,74,351,248,189,228,263,317,87,340,277,142,115,297,145,302,162,288,66,53,247,29,93,305,60,32,10,154,124,344,39,144,79,107,200,111,209,136,22,291,160,90,223,256,313,2,72,59,80,323,240,23,129,258,141,312,119,338,213,21,188,334,282,82,183,11,184,156,294,54,15,102,347,19,314,278,35,271,262,199,61,76,151,8,108,33,229,103,155,192,259,303,214,287,178,224,128,307,321,300,216,40,231,100,265,56,164,78,252,180,9,218,130,65,84,220,235,173,284,337,4,212,41,309,182,146,34,101,126,16,217,121,315,135,97,24,114,249,55,260,148,30,336,204,5,52,280,165,332,326,138,85,158,167,339,293,310,301,215,219,348,6,132,112,275,232,118,139,245,105,345,75,122,264",20100,200
22,9,102792.23226773622,11.003220513922482,"311,98,172,63,67,251,57,242,279,161,238,44,343,244,327,26,123,86,117,176,181,175,257,289,152,147,233,137,109,272,157,267,179,153,341,48,49,290,36,331,185,25,283,186,325,246,168,319,46,125,70,45,195,106,149,237,261,91,71,143,38,17,210,306,202,206,96,127,269,292,89,274,99,42,27,342,349,58,346,69,50,239,7,83,12,171,43,77,81,13,193,64,198,329,253,322,104,120,208,299,94,221,330,92,110,18,113,116,286,197,316,150,226,169,335,255,250,68,243,3,254,174,190,273,324,328,222,47,201,140,51,14,191,28,227,285,281,159,31,95,133,170,333,266,295,134,211,350,318,225,236,166,196,207,194,177,20,37,131,88,230,308,234,241,187,205,62,163,320,298,203,73,296,276,268,304,270,74,351,248,189,228,263,317,87,340,277,142,115,297,145,302,162,288,66,53,247,29,93,305,60,32,10,154,124,344,39,144,79,107,200,111,209,136,22,291,160,90,223,256,313,2,72,59,80,323,240,23,129,258,141,312,119,338,213,21,188,334,282,82,183,11,184,156,294,54,15,102,347,19,314,278,35,271,262,199,61,76,151,8,108,33,229,103,155,192,259,303,214,287,178,224,128,307,321,300,216,40,231,100,265,56,164,78,252,180,9,218,130,65,84,5,235,173,284,337,4,212,41,309,182,146,34,101,126,167,158,85,138,326,332,165,280,52,220,204,336,30,148,260,55,249,114,24,97,135,315,121,217,16,339,293,310,301,215,219,348,6,132,112,275,232,118,139,245,105,345,75,122,264",20100,200
22,10,101259.86497966594,11.90335705996641,"326,57,264,75,63,242,251,122,98,161,238,44,343,244,327,26,123,86,117,176,181,175,257,289,152,147,233,137,109,272,157,267,179,186,283,25,185,331,36,290,49,80,341,153,325,246,168,319,46,125,70,45,195,106,149,237,261,91,71,143,38,17,210,306,202,206,96,127,269,292,89,274,99,42,27,342,349,58,346,197,286,116,113,18,110,92,330,221,94,299,208,120,104,322,253,329,198,64,193,13,81,77,43,171,12,83,7,239,50,69,316,150,226,169,335,255,250,68,243,3,254,174,190,273,324,328,222,47,201,140,51,14,191,28,227,285,281,159,31,95,133,170,333,266,295,134,211,350,318,225,236,166,196,207,194,177,20,37,131,88,230,308,234,241,187,205,62,163,320,298,203,73,296,276,268,304,74,270,351,248,189,228,263,317,87,340,277,142,115,297,145,302,162,288,66,53,247,29,93,305,60,32,10,154,124,344,39,144,79,107,200,111,209,136,22,291,160,90,223,256,313,2,72,59,48,323,240,23,129,258,141,312,119,338,213,21,188,334,282,82,183,11,184,156,294,54,15,102,347,19,314,278,35,271,262,199,61,76,151,8,108,33,229,103,155,192,259,303,214,287,178,224,128,307,321,300,216,40,231,100,265,56,164,78,252,180,9,218,130,65,84,5,235,173,284,337,4,212,41,309,182,146,34,101,126,16,217,121,315,135,97,24,114,249,55,260,148,30,6,232,280,67,172,112,158,204,215,345,165,279,301,220,219,138,167,85,132,336,339,118,332,275,52,245,139,105,311,348,293,310",20100,200
22,11,95228.333201896,15.164716670376897,"272,263,189,248,106,246,91,107,268,148,270,300,311,83,116,334,44,30,253,289,280,336,115,332,344,18,38,218,274,307,257,109,342,36,64,48,85,114,43,325,161,168,208,251,130,197,122,127,96,149,75,98,112,242,292,9,77,193,56,172,86,237,252,221,16,182,99,157,303,231,27,322,326,89,41,287,162,335,17,158,156,309,117,57,104,13,26,143,244,290,310,105,198,330,147,5,275,65,216,55,267,67,186,7,163,320,298,203,47,201,140,51,14,191,28,227,192,155,103,229,33,108,8,259,235,220,132,346,179,153,299,121,337,40,195,146,266,295,181,285,281,159,348,343,240,152,150,226,160,138,52,250,68,234,241,187,205,62,273,324,328,222,73,278,35,271,262,199,61,76,151,333,170,133,137,110,34,347,19,314,88,349,123,190,174,254,3,243,31,95,225,318,350,211,134,176,25,69,315,126,4,293,321,261,214,92,238,101,42,46,81,49,120,185,180,327,215,269,284,78,10,249,124,183,39,144,79,260,200,111,209,136,22,72,302,90,223,256,313,2,294,59,80,323,316,23,129,82,141,15,119,338,213,21,286,188,282,258,84,11,184,329,291,236,166,196,207,194,177,20,37,131,306,265,165,154,210,232,239,118,128,283,212,341,233,63,100,50,45,202,164,171,345,301,125,24,167,245,206,6,102,58,54,94,70,173,319,264,71,331,178,135,113,217,139,219,32,60,305,93,29,247,53,66,288,204,145,169,297,279,142,277,340,87,317,312,304,175,339,351,255,228,97,12,276,296,230,308,224,74",20100,200
22,12,101988.72613867848,11.285237080527764,"311,98,172,63,67,251,57,242,279,161,238,44,343,244,327,26,123,86,117,176,181,175,257,289,152,147,233,137,109,272,157,267,179,153,341,80,49,290,36,331,185,25,283,186,325,246,168,319,46,125,70,45,195,106,149,237,261,91,71,143,38,17,210,306,202,206,96,127,269,292,89,274,99,42,27,342,349,58,346,197,286,116,113,18,110,92,330,221,94,299,208,120,104,322,253,329,198,64,193,13,81,77,43,171,12,83,7,239,50,69,316,150,226,169,335,255,250,68,243,3,254,174,190,273,324,328,222,47,201,140,51,14,191,28,227,285,281,159,31,95,133,170,333,266,295,134,211,350,318,225,236,166,196,194,207,177,20,37,131,88,230,308,234,241,187,205,62,163,320,298,203,73,296,276,268,304,74,270,351,248,189,228,263,317,87,340,277,142,115,297,145,302,162,288,66,53,247,29,93,305,60,32,10,154,124,344,39,144,79,107,200,111,209,136,22,291,160,90,223,256,313,2,72,59,48,323,240,23,129,258,141,312,119,338,213,21,188,334,282,82,183,11,184,156,294,54,15,102,347,19,314,278,35,271,262,199,61,76,151,8,108,33,229,103,155,192,259,303,214,287,178,224,218,9,180,252,78,164,56,265,100,231,40,216,300,321,307,128,130,65,84,5,235,173,284,337,4,212,41,309,182,146,34,132,6,348,219,215,301,310,293,339,167,158,85,138,326,332,165,280,52,220,204,336,30,148,260,55,249,114,24,97,135,315,121,217,16,126,101,112,275,232,118,139,245,105,345,75,122,264",20100,200
22,13,100228.34164506402,12.84428369286378,"106,216,339,65,290,272,12,348,147,148,198,300,311,83,116,286,44,30,218,289,38,336,279,24,179,319,206,264,172,4,315,18,70,96,242,303,181,122,195,149,337,346,126,257,171,226,150,121,109,260,91,204,267,269,208,78,58,306,84,332,173,316,125,349,193,292,135,5,99,85,25,26,77,55,321,261,214,92,112,101,42,17,27,274,120,185,180,137,215,161,284,7,164,202,45,50,100,197,233,75,212,283,128,118,239,232,210,335,86,265,102,301,345,160,168,52,250,68,243,3,254,174,190,273,324,328,222,47,201,140,51,14,191,28,227,285,281,159,31,95,133,170,333,266,295,134,211,350,318,225,236,166,196,207,194,177,20,37,131,88,230,308,234,241,187,205,62,163,320,298,203,73,296,276,268,304,74,270,351,248,189,228,263,317,87,340,277,142,115,297,145,302,162,288,66,53,247,29,93,6,60,32,10,154,124,344,39,144,79,107,200,111,209,136,22,291,169,90,223,256,313,2,72,59,48,323,240,23,129,258,141,312,119,338,213,21,188,334,282,82,183,11,184,156,294,54,15,249,347,19,314,278,35,271,262,199,61,76,151,8,108,33,229,103,155,192,259,235,220,81,34,224,153,299,69,280,253,127,307,165,252,342,36,64,138,113,114,43,123,331,275,9,67,329,143,343,327,152,98,293,237,238,63,146,182,176,219,217,231,94,71,132,49,305,56,245,167,221,46,325,322,326,89,41,287,97,13,40,158,186,309,117,80,178,130,104,16,244,110,310,105,251,330,255,157,246,175,57,139,341",20100,200
22,14,101532.2052873635,11.312631152069198,"326,57,264,75,63,242,251,122,98,161,238,44,343,244,327,26,123,86,117,176,181,175,257,289,152,147,233,137,109,272,157,267,179,153,341,80,49,290,36,331,185,25,283,186,325,246,168,319,46,125,70,45,195,106,149,237,261,91,71,143,38,17,210,306,202,206,96,127,269,292,89,274,99,42,27,342,349,58,346,197,286,116,113,18,110,92,330,221,94,299,208,120,104,322,253,329,198,64,193,13,81,77,43,171,12,83,7,239,50,69,316,150,226,169,335,255,250,68,243,3,254,174,190,273,324,328,222,47,201,140,51,14,191,28,227,285,281,159,31,95,133,170,333,266,295,134,211,350,318,225,236,166,196,207,194,177,20,37,131,88,230,308,234,241,187,205,62,163,320,298,203,73,296,276,268,304,74,270,351,248,189,228,263,317,87,340,277,142,115,297,145,302,162,288,66,53,247,29,93,305,60,32,10,154,124,344,39,144,79,107,200,111,209,136,22,291,160,90,223,256,313,2,72,59,48,323,240,23,129,258,141,312,119,338,213,21,188,334,282,82,183,11,184,156,294,54,15,102,347,19,314,278,35,271,262,199,61,76,151,8,108,33,229,103,155,192,259,303,214,287,178,224,128,307,321,300,216,40,231,100,265,56,164,78,252,180,9,218,130,65,84,5,235,173,284,337,4,212,41,309,182,146,34,101,126,16,217,121,315,135,97,24,114,249,55,260,148,30,6,232,280,67,172,112,158,204,215,345,165,279,301,220,219,138,167,85,132,336,339,118,332,275,52,245,139,105,311,348,293,310",20100,200
22,15,98131.52747754243,13.872700316050835,"47,110,175,339,106,24,348,137,307,148,97,109,311,218,81,70,44,49,253,289,280,336,279,179,84,217,220,165,329,331,232,239,118,128,283,212,245,233,63,100,50,45,264,164,171,345,301,293,321,219,139,55,267,67,214,78,261,91,71,143,38,17,210,306,202,206,96,127,269,292,89,274,99,42,27,342,349,58,346,185,286,116,25,176,181,146,195,149,337,121,102,123,7,284,161,215,242,112,197,57,30,69,40,341,98,13,198,186,343,316,290,150,226,160,138,52,250,68,243,3,254,174,190,273,324,328,222,272,201,140,51,14,191,28,227,285,281,159,31,95,133,170,333,266,295,134,211,350,318,225,236,166,196,207,194,177,20,37,131,88,230,308,234,241,187,205,62,163,320,298,203,73,296,276,268,304,74,270,351,248,189,228,263,317,87,340,277,142,115,297,145,302,162,288,66,53,247,29,93,305,60,32,10,154,124,344,39,144,79,107,200,111,209,136,22,291,169,90,223,256,313,2,72,59,80,323,240,23,129,258,141,312,119,338,213,21,188,334,282,82,183,11,184,156,294,54,15,249,347,19,314,167,6,16,221,252,237,86,172,56,193,77,9,4,327,101,94,122,315,173,135,75,168,152,251,208,180,126,130,8,64,85,48,114,36,182,300,257,12,246,83,319,46,299,153,332,326,132,265,235,259,192,155,103,229,33,108,43,151,76,61,199,262,271,35,278,157,303,231,18,322,34,125,41,287,204,335,178,158,260,309,117,113,26,238,104,120,244,325,310,105,92,330,147,5,275,65,216,224,255",20100,200
22,16,94215.17041664227,16.057057538947976,"47,233,255,65,106,246,279,290,147,148,198,300,311,83,116,239,44,30,253,289,280,336,216,332,251,324,265,165,274,210,232,118,286,128,283,212,341,339,63,100,50,45,202,164,171,345,301,293,321,261,214,92,238,101,42,46,81,49,120,185,180,327,215,269,284,78,219,139,217,113,135,178,331,71,264,319,173,315,126,27,231,303,157,99,182,16,221,252,237,86,172,56,193,175,161,109,55,137,343,316,152,150,226,160,138,112,250,68,243,3,254,174,190,273,18,299,153,179,34,58,5,235,259,192,155,103,229,33,108,8,151,76,61,199,262,271,35,278,314,19,347,102,333,266,295,134,211,350,318,225,236,166,267,257,307,84,20,37,131,88,230,308,234,241,187,205,62,163,320,298,203,73,296,276,268,80,270,74,342,248,189,228,263,317,87,340,277,142,115,297,145,302,162,288,66,53,247,29,93,6,60,32,10,154,124,344,39,144,79,107,200,111,209,136,22,291,169,90,223,256,313,2,72,59,48,323,240,23,129,258,141,312,119,338,213,21,188,334,282,82,183,11,184,156,294,54,15,170,133,95,31,159,281,285,227,28,191,14,51,140,201,272,222,328,329,38,218,177,194,207,196,351,36,64,304,85,114,43,325,67,143,186,97,13,98,75,40,69,127,57,197,52,242,292,9,77,7,123,349,121,337,149,195,146,181,176,25,96,70,309,91,158,17,335,204,287,41,89,326,322,4,125,24,167,245,206,305,346,132,249,94,117,168,26,130,104,122,244,110,310,105,306,330,12,220,260,275,348,224,208",20100,200
22,17,96912.24104598293,13.951426100920045,"267,110,175,339,106,24,348,137,307,148,97,109,311,218,81,70,44,49,253,289,280,336,279,179,329,217,220,165,84,331,232,239,118,128,283,212,245,233,63,100,50,45,264,164,171,345,301,293,321,219,139,55,272,67,214,78,261,91,71,143,38,17,210,306,202,206,96,127,269,292,89,274,99,42,27,342,349,58,346,185,286,116,25,176,181,146,195,149,337,121,102,123,7,284,161,215,242,112,197,57,30,69,40,341,98,13,198,186,343,316,290,150,226,191,14,51,140,201,47,222,328,324,273,190,174,254,3,243,68,250,52,138,160,28,227,285,281,159,31,95,133,170,333,266,295,134,211,350,318,225,236,166,196,207,194,177,20,37,131,88,230,308,234,241,187,205,62,163,320,298,203,73,296,276,268,304,74,270,351,248,189,228,263,317,87,340,277,142,115,297,145,302,162,288,66,53,247,29,93,305,60,32,10,154,124,344,39,144,79,107,200,111,209,136,22,291,169,90,223,256,313,2,72,59,80,323,240,23,129,258,141,312,119,338,213,21,188,334,282,82,183,11,184,156,294,54,15,249,347,19,314,167,6,16,221,252,237,86,172,132,326,332,153,299,46,319,83,246,12,257,300,75,168,152,251,208,180,126,130,8,64,85,48,114,36,182,135,173,315,122,94,101,327,4,9,77,193,56,265,235,259,192,155,103,229,33,108,43,151,76,61,199,262,271,35,278,157,303,231,18,322,34,125,41,287,204,335,178,158,260,309,117,113,26,238,104,120,244,325,310,105,92,330,147,5,275,65,216,224,255",20100,200
22,18,98533.63742444722,13.588314474188222,"267,110,175,339,106,24,348,137,307,148,97,109,311,38,81,70,44,49,253,289,280,336,279,179,84,217,220,165,329,331,232,239,118,128,283,212,245,233,63,100,50,45,264,164,171,345,301,293,321,219,139,55,272,67,214,78,261,91,71,143,218,17,210,306,202,206,96,127,269,292,89,274,99,42,27,342,349,58,346,185,286,116,25,176,181,146,195,149,337,121,102,123,7,284,161,215,242,112,197,57,30,69,40,341,98,13,198,186,343,316,290,150,226,191,14,51,140,201,47,222,328,324,273,190,174,254,3,243,68,250,52,138,160,28,227,285,281,159,31,95,133,170,333,266,295,134,211,350,318,225,236,166,196,207,194,177,20,37,131,88,230,308,234,241,187,205,62,163,320,298,203,73,296,276,268,304,74,270,351,248,189,228,263,317,87,340,277,142,115,297,145,302,162,288,66,53,247,29,93,305,60,32,10,154,124,344,39,144,79,107,200,111,209,136,22,291,169,90,223,256,313,2,72,59,48,323,240,23,129,258,141,312,119,338,213,21,188,334,282,82,183,11,184,156,294,54,15,249,347,19,314,167,6,16,221,252,237,86,172,132,326,332,153,299,46,319,83,246,12,257,300,182,36,114,80,85,64,8,130,126,180,208,251,152,168,75,135,173,315,122,94,101,327,4,9,77,193,56,265,235,259,192,155,103,229,33,108,43,151,76,61,199,262,271,35,278,157,303,231,18,322,34,125,41,287,204,335,178,158,260,309,117,113,26,238,104,120,244,325,310,105,92,330,147,5,275,65,216,224,255",20100,200
22,19,93909.24289518212,16.52246614482113,"47,233,255,65,106,246,279,290,147,148,198,300,311,83,116,239,44,30,253,289,280,336,216,332,251,324,265,165,274,210,232,118,286,128,283,212,341,36,63,100,50,45,202,164,171,345,301,293,321,261,214,92,238,101,42,46,81,49,120,185,180,327,215,269,284,78,219,139,217,113,135,178,331,71,264,319,173,315,126,27,231,303,157,99,182,16,221,252,237,86,172,56,193,175,161,109,55,137,343,316,152,150,226,160,138,112,250,68,243,3,254,174,190,273,18,299,153,179,34,58,5,235,259,192,155,103,229,33,108,8,151,76,61,199,262,271,35,278,314,19,347,102,333,266,295,134,211,350,318,225,236,166,267,257,307,84,20,37,131,88,230,308,234,241,187,205,62,163,320,298,203,73,296,276,268,80,270,74,342,248,189,228,263,317,87,340,277,142,115,297,145,302,162,288,66,53,247,29,93,6,60,32,10,154,124,344,39,144,79,107,200,111,209,136,22,291,169,90,223,256,313,2,72,59,48,323,240,23,129,258,141,312,119,338,213,21,188,334,282,82,183,11,184,156,294,54,15,170,133,95,31,159,281,285,227,28,191,14,51,140,201,272,222,328,329,38,218,177,194,207,196,351,339,64,304,85,114,43,325,67,143,186,97,13,98,75,40,69,127,57,197,52,242,292,9,77,7,123,349,121,337,149,195,146,181,176,25,96,70,309,91,158,17,335,204,287,41,89,326,322,4,125,24,167,245,206,305,346,132,249,94,117,168,26,130,104,122,244,110,310,105,306,330,12,220,260,275,348,224,208",20100,200
23,0,93545.73907784511,12.59443506011701,"84,291,138,76,292,90,345,244,74,281,280,26,269,75,335,29,298,331,106,160,115,3,187,68,289,14,117,317,139,213,55,339,237,8,54,196,305,131,168,271,59,12,32,316,35,248,71,221,313,232,18,239,112,283,53,295,334,255,287,39,31,69,341,153,208,143,163,273,263,56,46,203,132,66,129,253,33,49,233,124,127,326,323,140,254,172,158,190,267,179,110,167,262,340,144,243,162,293,312,314,4,5,23,193,103,34,264,159,257,81,259,204,288,52,60,148,231,246,311,43,170,278,332,16,134,161,304,209,24,351,217,156,93,73,268,346,319,294,149,277,200,65,285,137,270,328,227,325,99,207,206,45,89,308,141,249,157,122,192,20,94,95,70,201,98,215,13,266,113,101,78,220,183,175,185,7,315,136,252,21,100,275,150,247,197,333,72,125,123,310,184,97,105,188,349,111,57,350,242,348,91,61,337,174,109,347,135,236,195,114,121,48,85,166,177,299,19,58,199,79,119,296,62,38,102,250,6,169,330,147,241,165,284,80,218,28,191,92,198,189,40,226,51,44,276,260,36,318,272,41,307,286,229,230,152,261,324,302,108,282,87,180,22,186,320,240,155,116,297,126,343,145,219,118,194,27,151,17,238,251,63,225,15,37,42,216,86,154,30,322,178,309,67,342,107,210,327,130,104,202,234,290,222,321,301,212,77,336,306,11,329,211,303,88,279,176,128,25,9,47,120,214,274,223,96,245,50,258,182,64,224,256,228,164,235,10,171,82,133,300,265,83,205,142,173,344,338,181,2,146",20100,200
23,1,90207.26045954268,13.628502249083427,"138,291,84,76,292,90,345,244,280,281,74,26,269,75,335,29,298,331,106,160,115,3,187,68,289,14,117,317,139,213,131,305,196,54,8,237,339,55,168,271,59,12,32,316,35,248,71,221,313,232,18,239,112,283,53,295,334,255,287,39,31,69,341,153,208,143,163,273,263,56,46,203,132,66,129,253,33,49,233,124,127,326,323,140,254,172,158,190,267,179,110,167,262,340,144,243,162,293,312,314,4,5,23,193,103,34,264,159,257,81,259,204,288,52,60,148,231,246,311,43,170,278,332,16,134,161,304,209,24,351,217,156,93,73,268,346,319,294,149,277,200,65,285,137,270,328,227,325,99,207,206,45,89,308,141,249,157,122,192,20,94,95,70,201,98,215,13,266,113,101,78,220,183,175,185,7,315,136,252,21,100,275,150,247,197,333,72,125,123,310,184,97,105,188,349,111,57,350,242,348,91,61,337,174,109,347,135,236,195,114,121,48,85,166,177,299,19,58,199,79,119,296,284,228,191,290,234,202,104,130,327,210,301,212,107,321,222,92,238,17,198,189,40,226,51,44,276,260,36,318,272,41,307,286,229,230,152,261,324,302,108,240,87,180,22,186,320,282,155,38,62,80,86,154,30,169,330,147,67,342,102,116,297,126,343,250,15,225,303,88,279,176,128,25,9,211,218,47,120,145,219,118,194,27,151,251,77,336,306,11,329,165,241,309,178,322,6,216,63,37,42,214,274,223,96,245,50,258,182,64,224,256,28,164,235,10,171,82,133,300,265,83,205,142,173,344,338,181,2,146",20100,200
23,2,88947.79109030271,36.75331061272076,"84,291,138,76,292,90,345,244,74,281,280,26,269,75,335,29,298,331,106,160,115,3,187,68,289,14,117,317,139,213,131,305,196,54,8,237,339,55,168,271,59,12,32,316,35,248,71,221,313,232,18,239,112,283,53,295,334,255,287,39,31,69,341,153,208,143,163,273,263,56,46,203,132,66,129,253,33,49,233,124,127,326,323,140,254,172,158,190,267,179,110,167,262,340,144,243,162,293,312,164,28,256,224,64,103,34,264,159,257,81,259,204,288,52,60,148,231,246,311,223,274,214,120,47,9,25,128,176,279,88,303,211,329,11,306,336,77,342,93,116,102,250,6,169,330,147,241,165,218,346,268,45,89,308,141,249,157,122,192,20,94,95,70,201,98,215,13,266,113,101,78,220,183,175,185,7,315,136,252,21,100,275,150,247,197,333,270,137,285,65,200,277,149,188,349,111,57,350,242,348,91,61,337,174,109,347,135,236,195,114,121,48,85,166,177,299,19,58,199,79,119,296,284,228,191,290,234,202,104,130,327,210,301,212,107,321,222,92,238,17,198,189,40,226,51,44,276,260,36,318,272,41,15,37,42,216,86,154,30,322,178,309,324,261,67,251,63,225,307,286,229,230,184,310,123,125,72,328,227,325,99,207,206,73,297,302,108,240,87,180,22,186,320,282,155,38,62,80,319,294,105,97,152,126,151,27,16,118,209,278,194,304,161,134,170,217,5,23,43,156,145,96,245,50,258,182,193,219,343,351,24,332,4,314,235,10,171,82,133,300,265,83,205,142,173,344,338,181,2,146",20100,200
23,3,91013.96799029976,12.658898113984833,"84,291,138,76,292,90,345,244,74,281,280,26,269,75,335,29,298,331,106,160,115,3,187,68,289,14,117,317,139,213,131,305,237,8,54,196,339,158,168,271,59,12,32,316,35,248,71,221,313,232,18,239,112,283,53,295,334,255,287,39,31,69,341,153,208,143,163,273,263,56,46,203,132,66,129,253,33,49,233,124,127,326,323,140,254,172,55,190,267,179,110,167,262,340,144,243,162,293,312,314,4,5,23,193,103,34,264,159,257,81,259,204,288,52,60,148,231,246,311,43,170,278,332,16,134,161,304,209,24,351,217,156,93,73,268,346,319,294,149,277,200,65,285,137,270,328,227,325,99,207,206,45,89,308,141,249,157,122,192,20,94,95,70,201,98,215,13,266,113,101,78,220,183,175,185,7,315,136,252,21,100,275,150,247,197,333,72,125,123,310,184,97,105,188,349,111,57,350,242,348,91,61,337,174,109,347,135,236,195,114,121,48,85,166,177,299,19,58,199,79,119,296,343,228,191,290,234,202,104,130,327,210,301,212,107,321,222,92,238,17,198,189,40,226,51,44,276,260,36,318,272,41,307,286,229,230,152,261,324,302,108,240,87,180,22,186,320,282,155,38,62,80,86,322,30,169,330,147,241,165,218,336,306,11,297,154,178,309,6,250,67,251,63,225,15,37,42,216,77,342,329,116,102,126,151,27,47,120,214,118,194,128,25,9,274,303,176,279,88,96,211,223,219,284,182,258,50,245,145,64,224,256,28,164,235,10,171,82,133,300,265,83,205,142,173,344,338,181,2,146",20100,200
23,4,90319.89054986018,13.456779360700478,"138,291,84,76,292,90,345,244,74,281,280,26,269,75,335,29,298,331,106,160,115,3,187,68,289,14,117,317,139,213,55,339,237,8,54,196,305,131,168,271,59,12,32,316,35,248,71,221,313,232,18,239,112,283,53,295,334,255,287,39,31,69,341,153,208,143,163,273,263,56,46,203,132,66,129,253,33,49,233,124,127,326,323,140,254,172,158,190,267,179,110,167,262,340,144,243,162,293,312,314,4,5,23,193,103,34,264,159,257,81,259,204,288,52,60,148,231,246,311,43,170,278,332,16,134,161,304,209,24,351,217,156,93,73,268,346,319,294,149,277,200,65,285,137,270,328,227,325,99,207,206,45,89,308,141,249,157,122,192,20,94,95,70,201,98,215,13,266,113,101,78,220,183,175,185,7,315,136,252,21,100,275,150,247,197,333,72,125,123,310,184,97,105,188,349,111,57,350,242,348,91,61,337,174,109,347,135,236,195,114,121,48,85,166,177,299,19,58,199,79,119,296,284,228,191,290,234,202,104,130,327,210,301,212,107,321,222,92,238,17,198,189,40,226,51,44,276,260,36,318,272,41,307,286,229,230,152,261,324,302,108,240,87,180,22,186,320,282,155,38,62,80,86,154,30,169,330,147,67,342,102,116,297,126,343,250,15,225,303,88,279,176,128,25,9,211,218,47,120,145,219,118,194,27,151,251,77,336,306,11,329,165,241,309,178,322,6,216,63,37,42,214,274,223,96,245,50,258,182,64,224,256,28,164,235,10,171,82,133,300,265,83,205,142,173,344,338,181,2,146",20100,200
23,5,89231.1858664532,14.002201789312311,"138,291,84,76,292,90,345,244,280,281,74,26,269,75,335,29,298,331,106,160,115,3,187,68,289,14,117,317,139,213,158,339,237,8,54,196,305,131,168,271,59,12,32,316,35,248,71,221,313,232,18,239,112,283,53,295,334,255,287,39,31,69,341,153,208,143,163,273,263,56,46,203,132,66,129,253,33,49,233,124,127,326,323,140,254,172,55,190,267,179,110,167,262,340,144,243,162,293,312,314,4,5,23,193,103,34,264,159,257,81,259,204,288,52,60,148,231,246,311,43,170,278,332,16,134,161,304,209,24,351,217,156,93,73,268,346,319,294,149,277,200,65,285,137,270,180,227,325,99,207,206,45,89,308,141,249,157,122,192,20,94,95,70,201,98,215,13,266,113,101,78,220,183,175,185,7,315,136,252,21,100,275,150,247,197,333,87,240,108,302,152,97,105,188,349,111,57,350,242,348,91,61,337,174,109,347,135,236,195,114,121,48,85,166,177,299,19,58,199,79,119,296,284,228,191,290,234,202,104,130,327,210,301,212,107,321,222,92,238,17,198,189,40,226,51,44,276,260,36,318,272,41,307,286,229,230,184,261,324,310,123,125,72,328,22,186,320,282,155,38,62,80,86,154,30,309,178,322,67,342,102,116,297,126,343,250,15,225,303,88,279,176,128,25,9,211,218,47,120,145,219,118,194,27,151,251,77,336,306,11,329,165,241,147,330,169,6,216,63,37,42,214,274,223,96,245,50,258,182,64,224,256,28,164,235,10,171,82,133,300,265,83,205,142,173,344,338,181,2,146",20100,200
23,6,90897.1084387248,12.790486256180845,"84,291,138,76,292,90,345,244,74,281,280,26,269,75,335,29,298,331,106,160,115,3,187,68,289,14,117,317,139,213,158,339,237,8,54,196,305,131,168,271,59,12,32,316,35,248,71,221,313,232,18,239,112,283,53,295,334,255,287,39,31,69,341,153,208,143,163,273,263,56,46,203,132,66,129,253,33,49,233,124,127,326,323,140,254,172,55,190,267,179,110,167,262,340,144,243,162,293,312,314,4,5,23,193,103,34,264,159,257,81,259,204,288,52,60,148,231,246,311,43,170,278,332,16,134,161,304,209,24,351,217,156,93,73,268,346,319,294,149,277,200,65,285,137,270,328,227,325,99,207,206,45,89,308,141,249,157,122,192,20,94,95,70,201,98,215,13,266,113,101,78,220,183,175,185,7,315,136,252,21,100,275,150,247,197,333,72,125,123,310,184,97,105,188,349,111,57,350,242,348,91,61,337,174,109,347,135,236,195,114,121,48,85,166,177,299,19,58,199,79,119,296,343,126,191,290,234,202,104,130,327,210,301,212,107,321,222,92,238,17,198,189,40,226,51,44,276,260,36,318,272,41,307,286,229,230,152,261,324,302,108,240,87,180,22,186,320,282,155,38,62,80,86,154,30,322,178,309,67,342,102,116,297,228,284,250,15,225,63,251,329,11,306,336,77,37,6,169,330,147,241,165,218,216,151,145,194,27,219,118,42,211,303,88,279,176,128,25,9,47,120,214,274,223,96,245,50,258,182,64,224,256,28,164,235,10,171,82,133,300,265,83,205,142,173,344,338,181,2,146",20100,200
23,7,93581.6711496339,12.147017207596445,"138,291,84,76,292,90,345,244,74,281,280,26,269,75,335,29,298,331,106,160,115,3,187,68,289,14,117,317,139,213,131,305,196,54,8,237,339,55,168,271,59,12,32,316,35,248,71,221,313,232,18,239,112,283,53,295,334,255,287,39,31,69,341,153,208,143,163,273,263,56,46,203,132,66,129,253,33,49,233,124,127,326,323,140,254,172,158,190,267,179,110,167,262,340,144,243,162,293,312,314,4,5,23,193,103,34,264,159,257,81,259,204,288,52,60,148,231,246,311,43,170,278,332,16,134,161,304,209,24,351,217,156,93,73,268,346,319,294,149,277,200,65,285,137,270,328,227,325,99,207,206,45,89,308,141,249,157,122,192,20,94,95,70,201,98,215,13,266,113,101,78,220,183,175,185,7,315,136,252,21,100,275,150,247,197,333,123,125,184,350,242,97,105,188,120,228,57,310,72,348,91,61,337,174,109,347,135,236,195,114,121,48,85,166,177,299,19,58,199,79,119,296,62,38,102,250,6,169,330,147,241,165,284,80,218,28,191,92,198,189,40,226,51,44,276,260,36,318,272,41,307,286,229,230,152,261,324,302,108,282,87,180,22,186,320,240,155,116,297,126,343,145,219,118,194,27,151,17,238,251,63,225,15,37,42,216,86,154,30,322,178,309,67,342,107,210,327,130,104,202,234,290,222,321,301,212,77,336,306,11,329,211,303,88,279,176,128,25,9,111,349,214,274,223,96,245,50,258,182,64,224,256,47,164,235,10,171,82,133,300,265,83,205,142,173,344,338,181,2,146",20100,200
23,8,90079.66536468887,13.942282321914506,"138,291,84,76,292,90,269,26,280,281,74,244,345,75,335,29,298,331,106,160,115,3,187,68,289,14,117,317,139,213,55,339,237,8,54,196,305,131,168,271,59,12,32,316,35,248,71,221,313,232,18,239,112,283,53,295,334,255,287,39,31,69,341,153,208,143,163,273,263,56,46,203,132,66,129,253,33,49,233,124,127,326,323,140,254,172,158,190,267,179,110,167,262,340,144,243,162,293,312,314,4,5,23,193,103,34,264,159,257,81,259,204,288,52,60,148,231,246,311,43,170,278,332,16,134,161,304,209,24,351,217,156,93,73,268,346,319,294,149,277,200,65,285,137,270,180,227,325,99,207,206,45,89,308,141,249,157,122,192,20,94,95,70,201,98,215,13,266,113,101,78,220,183,175,185,7,315,136,252,21,100,275,150,247,197,333,87,240,108,302,152,97,105,188,349,111,9,25,128,348,91,61,337,174,109,347,135,236,195,114,121,48,85,166,177,299,19,58,199,79,119,296,284,228,191,290,234,202,104,130,327,210,301,212,107,321,222,92,238,17,198,189,40,226,51,44,276,260,36,318,272,41,307,286,229,230,184,261,324,310,123,125,72,328,22,186,320,282,155,38,62,80,86,154,30,322,178,309,67,342,102,116,297,126,343,250,15,225,63,251,329,11,306,336,77,37,6,169,219,165,241,147,330,216,42,145,218,118,194,27,151,211,303,88,279,176,57,350,242,47,120,214,274,223,96,245,50,258,182,64,224,256,28,164,235,10,171,82,133,300,265,83,205,142,173,344,338,181,2,146",20100,200
23,9,90507.4501569257,13.370090851120853,"138,291,84,76,292,90,345,244,74,281,280,26,269,75,335,29,298,331,106,160,115,3,187,68,289,14,117,317,139,213,131,305,196,54,8,237,339,55,168,271,59,12,32,316,35,248,71,221,313,232,18,239,112,283,53,295,334,255,287,39,31,69,341,153,208,143,163,273,263,56,46,203,132,66,129,253,33,49,233,124,127,326,323,140,254,172,158,190,267,179,110,167,262,340,144,243,162,293,312,314,4,5,23,193,103,34,264,159,257,81,259,204,288,52,60,148,231,246,311,43,170,278,332,16,134,161,304,209,24,351,217,156,93,73,268,346,319,294,149,277,200,65,285,137,270,180,227,325,99,207,206,45,89,308,141,249,157,122,192,20,94,95,70,201,98,215,13,266,113,101,78,220,183,175,185,7,315,136,252,21,100,275,150,247,197,333,87,240,108,302,152,97,105,188,349,111,9,25,128,348,91,61,337,174,109,347,135,236,195,114,121,48,85,166,177,299,19,58,199,79,119,296,284,228,191,290,234,202,104,130,327,210,301,212,107,321,222,92,238,17,198,189,40,226,51,44,276,260,36,318,272,41,307,286,229,230,184,261,324,310,123,125,72,328,22,186,320,282,155,38,62,80,86,154,30,169,330,147,67,342,102,116,297,126,343,250,15,225,303,88,279,176,242,350,57,211,218,47,120,145,219,118,194,27,151,251,77,336,306,11,329,165,241,309,178,322,6,216,63,37,42,214,274,223,96,245,50,258,182,64,224,256,28,164,235,10,171,82,133,300,265,83,205,142,173,344,338,181,2,146",20100,200
24,0,91232.74144718179,14.694288688633415,"9,236,17,10,33,151,29,138,82,88,305,102,326,263,172,85,330,349,58,309,312,268,119,267,282,100,61,185,137,243,340,124,117,53,142,270,333,279,262,13,329,3,277,332,131,249,84,143,40,93,226,45,253,71,232,307,176,280,289,206,108,168,129,339,51,8,193,46,313,334,128,240,251,215,109,59,83,275,98,28,258,75,310,30,300,302,223,202,164,306,174,233,158,118,162,163,222,77,304,110,179,104,264,94,335,90,274,114,154,157,348,286,43,299,27,25,208,200,213,252,34,74,145,327,127,107,343,18,287,320,36,79,115,113,234,324,292,199,23,241,122,44,186,245,347,322,35,120,19,194,136,111,175,169,235,214,50,16,285,4,73,188,12,318,316,315,134,346,190,123,161,159,211,64,209,67,95,338,149,341,62,78,183,228,189,152,184,125,31,197,278,76,331,153,273,96,103,261,210,160,203,86,60,105,148,269,321,291,295,297,266,219,350,239,242,181,196,54,66,173,290,311,6,140,11,132,38,244,48,319,284,26,296,192,288,182,328,314,301,344,272,14,92,201,80,283,52,167,180,325,146,32,178,351,212,255,112,65,254,293,63,342,191,147,231,298,106,204,171,294,156,230,42,227,303,116,221,259,68,205,139,89,224,237,250,256,317,187,49,155,166,81,216,336,323,97,238,37,207,24,345,225,198,220,265,281,47,337,260,195,150,308,39,130,20,70,55,5,144,57,246,276,247,229,56,135,141,248,177,165,101,121,7,99,126,170,87,21,257,271,218,2,217,72,69,133,22,91,15,41",20100,200
24,1,90371.11836512985,15.055441079935573,"9,236,17,10,33,151,29,138,82,88,305,102,326,263,172,85,330,349,58,309,312,268,119,267,282,100,61,185,137,243,340,124,117,53,142,270,333,279,262,13,329,3,277,332,131,249,84,143,40,93,226,45,253,71,232,307,176,280,289,206,108,168,129,339,51,8,193,46,313,334,128,240,251,215,109,59,83,275,98,28,258,75,310,30,300,302,223,202,164,306,174,233,158,118,162,163,222,77,304,110,179,104,264,94,335,90,274,114,154,157,348,286,43,299,27,25,208,200,213,252,34,74,145,327,127,107,343,18,287,320,36,79,115,113,234,324,292,199,23,241,122,44,186,245,347,322,35,120,19,194,136,111,175,169,235,214,50,16,285,4,73,188,12,318,316,315,134,346,190,123,161,159,211,64,209,67,95,338,149,341,62,78,183,228,189,152,184,125,31,197,278,76,331,153,273,96,103,261,210,160,203,86,60,105,148,269,321,291,295,297,266,219,350,239,242,181,196,54,66,173,290,311,6,140,11,132,38,244,48,319,284,26,296,192,288,182,328,314,301,344,272,14,92,201,80,283,52,167,180,325,146,32,178,351,212,255,112,65,254,293,63,342,191,147,231,298,106,204,171,294,156,230,42,227,303,116,221,259,68,205,139,89,224,237,250,256,317,187,49,155,166,81,216,336,323,97,238,37,207,24,345,225,198,220,265,281,47,337,260,195,150,308,39,130,20,70,55,5,144,57,257,217,87,2,218,126,170,21,72,246,276,247,229,56,135,141,248,177,165,22,133,69,101,121,7,99,271,91,15,41",20100,200
24,2,91148.55532565196,14.864231425770168,"9,82,138,29,151,33,10,17,236,88,305,102,326,263,172,85,330,349,58,309,312,268,119,267,282,100,61,185,137,243,340,124,117,53,142,270,333,279,262,13,329,3,277,332,131,249,84,143,40,93,226,45,253,71,232,307,176,280,289,206,108,168,129,339,51,8,193,46,313,334,128,240,251,215,109,59,83,275,98,28,258,75,310,30,300,302,223,202,164,306,174,233,158,118,162,163,222,77,304,110,179,104,264,94,335,90,274,114,154,157,348,286,43,299,27,25,208,200,213,252,34,74,145,327,127,107,343,18,287,320,36,79,115,113,234,324,292,199,23,241,122,44,186,245,347,322,35,120,19,194,136,111,175,169,235,214,50,16,285,4,73,188,12,318,316,315,134,346,190,123,161,159,211,64,209,67,95,338,149,341,62,78,183,228,189,152,184,125,31,197,278,76,331,153,273,96,103,261,210,160,203,86,60,105,148,269,321,291,295,297,266,219,350,239,242,181,196,54,66,173,290,311,6,140,11,132,38,244,48,319,284,26,296,192,288,182,328,314,301,344,272,14,92,201,80,283,52,167,180,325,146,32,178,351,212,255,112,65,254,293,63,342,191,147,231,298,106,204,171,294,156,230,42,227,303,116,221,259,68,205,139,89,224,237,250,256,317,187,49,155,166,81,216,336,323,97,238,37,207,24,345,225,198,220,265,281,47,337,260,195,150,308,39,130,20,70,55,5,144,57,246,276,247,229,56,135,141,248,177,165,101,121,7,99,126,170,87,21,257,271,218,2,217,72,69,22,133,91,15,41",20100,200
24,3,91253.3771678906,14.684789760070046,"9,236,17,10,33,151,29,138,82,88,305,102,326,263,172,85,330,349,58,309,205,312,119,267,282,100,61,185,137,243,340,124,117,53,142,270,333,279,262,13,329,3,277,332,131,249,84,143,40,93,226,45,253,71,232,307,176,280,289,206,108,168,129,339,51,8,193,46,313,334,128,240,251,215,109,59,83,275,98,28,258,75,310,30,300,302,223,202,164,306,174,233,158,118,162,163,222,77,304,110,179,104,264,94,335,90,274,114,154,157,348,286,43,299,27,25,208,200,213,252,34,74,145,327,127,107,343,18,287,320,36,79,115,113,234,324,292,199,23,241,122,44,186,245,347,322,35,120,19,194,136,111,175,169,235,214,50,16,285,4,73,188,12,318,316,315,134,346,190,123,161,159,211,64,209,67,95,338,149,341,62,78,183,228,189,152,184,125,31,197,278,76,331,153,273,96,103,261,210,160,203,86,60,105,148,269,321,291,295,297,266,219,350,239,242,181,196,54,66,173,290,311,6,140,11,132,38,244,48,319,284,26,296,192,288,182,328,314,301,344,272,14,92,201,80,283,52,167,180,325,146,32,178,351,212,255,112,65,254,293,63,342,191,147,231,298,106,204,171,294,156,230,42,227,303,116,221,259,68,268,139,89,224,237,250,256,317,187,49,155,166,81,216,336,323,97,238,37,207,24,345,225,198,220,265,281,47,337,260,195,150,308,39,130,20,70,55,5,144,57,246,276,247,229,56,135,141,248,177,165,101,121,7,99,126,170,87,21,257,271,218,2,217,72,69,133,22,91,15,41",20100,200
24,4,90573.48371628276,14.985769344801675,"9,82,138,29,151,33,10,17,236,88,305,102,326,263,172,85,330,349,58,309,312,268,119,267,282,100,61,185,137,243,340,124,117,53,142,270,333,279,262,13,329,3,277,332,131,249,84,143,40,93,226,45,253,71,232,307,176,280,289,206,108,168,129,339,51,8,193,46,313,334,128,240,251,215,109,59,83,275,98,28,258,75,310,30,300,302,223,202,164,306,174,233,158,118,162,163,222,77,304,110,179,104,264,94,335,90,274,114,154,157,348,286,43,299,27,25,208,200,213,252,34,74,145,327,127,107,343,18,287,320,36,79,115,113,234,324,292,199,23,241,122,44,186,245,347,322,35,120,19,194,136,111,175,169,235,214,50,16,285,4,73,188,12,318,316,315,134,346,190,123,161,159,211,64,209,67,95,338,149,341,62,78,183,228,189,152,184,125,31,197,278,76,331,153,273,96,103,261,210,160,203,86,60,105,148,269,321,291,295,297,266,219,350,239,242,181,196,54,66,173,290,311,6,140,11,132,38,244,48,319,284,26,296,192,288,182,328,314,301,344,272,14,92,201,80,283,52,167,180,325,146,32,178,351,212,255,112,65,254,293,63,342,191,147,231,298,106,204,171,294,156,230,42,227,303,116,221,259,68,205,139,89,224,237,250,256,317,187,49,155,166,81,216,336,323,97,238,37,207,24,345,225,198,220,265,281,47,337,260,195,150,308,39,130,20,70,55,5,144,57,257,271,218,2,217,87,170,21,72,246,276,247,229,56,135,141,248,177,165,22,133,69,101,121,7,99,126,91,15,41",20100,200
24,5,90011.09868733336,16.966897431086007,"9,236,17,10,33,151,29,138,82,88,305,102,326,263,172,85,330,349,58,309,312,268,119,267,282,100,61,185,137,243,340,124,117,53,142,270,333,279,262,13,329,3,277,332,131,249,84,143,40,93,226,45,253,71,232,307,176,280,289,206,108,168,129,339,51,8,193,46,313,334,128,240,251,215,109,59,83,275,98,28,258,75,310,30,300,302,223,202,164,306,174,233,158,118,162,163,222,77,304,110,179,104,264,94,335,90,274,114,154,157,348,286,43,299,27,25,208,200,213,252,34,74,145,327,127,107,343,18,287,320,36,79,115,113,234,324,292,199,23,241,122,44,186,245,347,322,35,120,19,194,136,111,175,169,235,214,50,16,285,4,73,188,12,318,316,315,134,346,190,123,161,159,211,64,209,67,95,338,149,341,62,78,183,228,189,152,184,125,31,197,278,76,331,153,273,96,103,261,210,160,203,86,60,105,148,269,321,291,295,297,266,219,350,239,242,181,196,54,66,173,290,311,6,140,11,132,38,244,48,319,284,26,296,192,288,281,328,314,301,344,272,14,92,201,80,283,52,167,180,325,146,32,178,351,212,255,112,65,254,293,63,342,191,147,231,298,106,204,171,294,156,230,42,227,303,20,221,259,68,205,139,89,224,237,250,256,317,187,49,155,166,81,216,336,323,97,238,37,207,5,345,225,198,220,265,182,47,337,260,195,150,308,39,130,116,70,55,24,144,57,257,271,218,2,217,87,170,21,72,246,276,247,229,56,135,141,248,177,165,22,133,69,101,121,7,99,126,91,15,41",20100,200
24,6,90100.87846449242,16.16531685127481,"9,82,138,29,151,33,10,17,236,88,305,102,326,263,250,237,224,89,58,267,312,205,119,259,282,100,61,185,137,243,340,124,117,53,142,270,333,279,262,13,329,3,277,332,131,249,84,143,40,93,226,45,253,71,232,307,176,280,289,206,108,168,129,339,51,8,193,46,313,334,128,240,251,215,109,59,83,275,98,28,258,75,310,30,300,302,223,202,164,306,174,233,158,118,162,163,222,77,304,110,179,104,264,94,335,90,274,114,154,157,348,286,43,299,27,25,208,200,213,252,34,74,145,327,127,107,343,18,287,320,36,79,115,113,234,324,292,199,23,241,122,44,186,245,347,322,35,120,19,194,136,111,175,169,235,214,50,16,285,4,73,188,12,318,316,315,134,346,190,123,161,159,211,64,209,67,95,338,149,341,62,78,183,228,189,152,184,125,31,197,278,76,331,153,273,96,103,261,210,160,203,86,60,105,148,269,321,291,295,297,266,219,350,239,242,181,196,54,66,173,290,311,6,140,11,132,38,244,48,319,284,26,296,192,288,182,328,314,301,344,272,14,92,201,80,283,52,167,180,325,146,32,178,351,212,255,112,65,254,293,63,342,191,147,231,298,106,204,171,294,156,230,42,227,303,116,221,309,68,268,139,349,330,85,172,256,317,187,49,155,166,81,216,336,323,97,238,37,207,5,345,225,198,220,20,281,47,337,260,195,150,308,39,130,265,70,55,24,144,57,257,271,218,2,217,87,170,21,72,246,276,247,229,56,135,141,248,177,165,22,133,69,101,121,7,99,126,91,15,41",20100,200
24,7,91930.6816328055,11.02915637070366,"9,82,138,29,151,33,10,17,236,88,305,102,326,263,250,237,224,89,58,259,205,312,119,267,282,31,125,184,152,189,228,183,78,62,341,76,153,331,262,13,329,3,277,332,131,249,84,143,162,335,90,274,114,233,158,118,154,26,296,149,265,289,206,108,168,129,339,51,8,193,273,104,216,96,179,234,98,275,83,59,109,215,251,240,208,334,313,46,128,115,113,36,222,163,231,106,38,244,48,319,284,280,176,307,232,71,253,45,226,93,40,94,264,210,261,203,317,286,348,157,336,81,123,190,207,37,238,97,323,268,345,225,198,220,20,281,175,111,293,254,49,187,79,63,112,256,65,191,245,186,44,122,241,23,199,292,324,28,258,75,310,30,300,302,223,202,164,306,269,148,105,60,86,299,27,110,279,333,270,142,53,117,124,340,243,137,185,61,100,197,278,320,287,18,343,107,127,327,145,147,298,103,77,304,160,174,321,291,295,297,266,219,350,239,242,181,196,54,66,173,290,311,6,140,11,132,347,322,35,120,19,194,136,192,288,182,328,214,50,16,285,4,316,318,12,188,73,315,134,346,166,235,161,159,211,64,209,43,95,338,25,342,200,213,252,34,74,204,171,294,156,230,42,227,303,68,5,221,67,309,139,349,330,85,172,255,212,351,178,32,146,325,180,167,52,283,80,201,92,14,272,344,301,314,155,169,47,337,260,195,150,308,39,130,116,70,55,24,144,57,257,271,218,2,217,87,170,21,72,246,276,247,229,56,135,141,248,177,165,22,133,69,101,121,7,99,126,91,15,41",20100,200
24,8,92038.97128121172,10.091222247077374,"9,82,138,29,151,33,10,17,236,88,305,102,326,263,250,237,224,89,58,259,205,312,119,267,282,31,125,184,152,189,228,183,78,62,341,76,153,331,262,13,329,3,277,235,131,249,84,143,162,335,90,274,114,233,158,118,154,26,296,149,79,289,206,108,168,129,339,51,8,193,273,104,216,96,179,234,98,275,83,59,109,215,251,240,208,334,313,46,128,115,113,36,222,163,231,106,38,244,48,319,284,280,176,307,232,71,253,45,226,93,40,94,264,210,261,203,317,286,348,157,336,81,123,190,207,37,238,97,323,268,345,225,198,220,20,281,175,111,293,254,49,187,342,63,112,256,65,191,245,186,44,122,241,23,199,292,324,28,258,75,310,30,300,105,148,269,306,164,202,223,302,60,86,299,27,110,279,333,270,142,53,117,124,340,243,137,185,61,100,197,278,320,287,18,343,107,127,327,145,147,298,103,77,304,160,174,321,291,295,297,266,219,350,239,242,181,196,54,66,173,290,311,6,140,11,132,347,322,35,120,19,194,136,192,288,182,328,214,50,16,285,4,316,318,12,188,73,315,134,346,166,332,161,159,211,64,209,43,95,338,25,265,200,213,252,34,74,204,171,294,156,230,42,227,303,68,5,221,67,309,139,349,330,85,172,255,212,351,178,32,146,325,180,167,52,283,80,201,92,14,272,344,301,314,155,169,47,337,260,195,150,308,39,130,116,70,55,24,144,57,257,271,218,2,217,87,170,21,72,246,276,247,229,56,135,141,248,177,165,22,133,69,101,121,7,99,126,91,15,41",20100,200
24,9,94131.55408864409,9.303066814453985,"9,236,17,10,33,151,29,138,82,88,305,102,326,263,250,237,224,89,58,267,312,259,119,205,282,31,125,184,152,189,228,183,78,62,341,149,296,26,262,13,329,3,277,155,131,249,84,143,233,118,158,162,335,90,274,114,154,235,289,206,108,168,129,339,76,153,331,51,8,193,273,104,216,96,179,234,98,275,83,59,109,215,251,240,208,334,313,46,128,115,113,36,222,163,231,106,38,244,48,319,284,280,176,307,232,71,253,45,226,93,40,94,264,210,261,203,317,286,348,157,336,81,123,190,207,37,238,97,323,268,345,225,198,220,20,281,175,111,293,254,49,187,342,63,112,256,65,191,245,186,44,122,241,23,199,292,324,28,258,75,310,30,300,302,223,202,164,306,269,148,105,60,86,299,27,265,279,333,270,142,53,117,124,340,243,137,185,61,100,197,278,320,287,18,343,107,127,327,145,147,298,103,77,304,160,174,321,291,295,297,266,219,350,239,242,181,196,54,66,173,290,311,6,140,11,132,347,322,35,120,19,194,136,192,288,182,328,214,50,16,285,4,316,318,12,188,73,315,134,346,166,332,161,159,211,64,209,43,95,338,25,110,200,213,252,34,74,204,171,294,156,230,42,227,303,68,5,221,67,309,139,349,330,85,172,255,212,351,178,32,146,325,180,167,52,283,80,201,92,14,272,344,301,314,79,169,47,337,260,195,150,308,39,130,116,70,55,24,144,57,257,271,218,2,217,87,170,21,72,246,276,247,229,56,135,141,248,177,165,22,133,69,101,121,7,99,126,91,15,41",20100,200
24,10,91751.11900461397,12.982567240503514,"9,82,138,29,151,33,10,17,236,88,305,102,326,263,250,237,224,89,58,259,205,312,119,267,282,31,125,184,152,189,228,183,78,62,341,76,153,331,262,13,329,3,277,332,131,249,84,143,162,335,90,274,114,233,158,118,154,26,296,149,265,289,206,108,168,129,339,51,8,193,273,104,216,96,179,234,98,275,83,59,109,215,251,240,208,334,313,46,128,115,113,36,222,163,231,106,38,244,48,319,284,280,176,307,232,71,253,45,226,93,40,94,264,210,261,203,86,60,105,148,269,306,164,202,223,302,300,30,310,75,258,28,324,292,199,23,241,122,44,186,245,191,79,63,112,256,65,348,157,336,81,123,190,207,37,238,97,323,268,345,225,198,220,20,281,175,111,293,254,49,187,286,317,299,27,110,242,239,350,219,266,297,295,291,321,174,160,304,77,103,298,147,145,327,127,107,343,18,287,320,278,197,100,61,185,137,243,340,124,117,53,142,270,333,279,181,196,54,66,173,290,311,6,140,11,132,347,322,35,120,19,194,136,192,288,182,328,214,50,16,285,4,316,318,12,188,73,315,134,346,166,235,161,159,211,64,209,43,95,338,25,342,200,213,252,34,74,204,171,294,156,309,67,221,5,68,303,227,42,230,139,349,330,85,172,255,212,351,178,32,146,325,180,167,52,283,80,201,92,14,272,344,301,314,155,169,47,337,260,195,150,308,39,130,116,70,55,24,144,57,257,271,218,2,217,87,170,21,72,246,276,247,229,56,135,141,248,177,165,22,133,69,101,121,7,99,126,91,15,41",20100,200
24,11,93061.28140726911,9.445301415034974,"9,82,138,29,151,33,10,17,236,88,305,102,326,263,250,237,224,89,58,259,205,312,119,267,282,31,125,184,152,189,228,183,78,62,341,329,262,13,3,277,155,131,153,76,331,249,84,143,162,335,90,274,114,233,158,118,154,26,296,149,79,289,206,108,168,129,339,51,8,193,273,104,216,96,179,234,98,275,83,59,109,215,251,240,208,334,313,46,128,115,113,36,222,163,231,106,38,244,48,319,284,280,176,307,232,71,253,45,226,93,40,94,264,210,261,203,317,286,348,157,336,81,123,190,207,37,238,97,323,268,345,225,198,220,20,281,175,111,293,254,49,187,342,63,112,256,65,191,245,186,24,55,70,116,130,39,308,150,47,337,260,195,169,235,314,301,344,272,14,92,201,80,283,52,167,180,325,146,32,178,351,212,255,172,85,330,349,139,309,67,221,5,68,303,227,42,230,156,294,171,204,74,34,252,213,200,265,25,338,95,43,209,64,211,159,161,332,166,346,134,315,73,188,12,318,316,4,285,16,50,214,328,182,288,192,136,194,19,120,35,322,347,132,11,140,6,311,290,173,66,54,196,181,242,239,350,219,266,297,295,291,321,174,160,304,77,103,298,147,145,327,127,107,343,18,287,320,278,197,100,61,185,137,243,340,124,117,53,142,270,333,279,110,27,299,86,60,105,148,269,306,164,202,223,302,300,30,310,75,258,28,324,292,199,23,241,122,44,144,57,257,271,218,2,217,87,170,21,72,246,276,247,229,56,135,141,248,177,165,22,133,69,101,121,7,99,126,91,15,41",20100,200
24,12,91306.71957393699,14.147603267141571,"9,82,138,29,151,33,10,17,236,88,305,102,326,263,172,85,330,349,58,309,312,268,119,267,282,100,61,185,137,243,340,124,117,53,142,270,333,279,262,13,329,3,277,332,131,249,84,143,40,93,226,45,253,71,232,307,176,280,289,206,108,168,129,339,51,8,193,46,313,334,128,240,251,215,109,59,83,275,98,28,258,75,310,30,300,302,223,202,164,306,174,233,158,118,162,163,222,77,304,110,179,104,264,94,335,90,274,114,154,157,348,286,43,299,27,25,208,200,213,252,34,74,145,327,127,107,343,18,287,320,36,79,115,113,234,324,292,199,23,241,122,44,186,245,347,322,35,120,19,194,136,111,175,169,235,214,50,16,285,4,73,188,12,318,316,315,134,346,190,123,161,159,211,64,209,67,95,338,149,341,62,78,183,228,189,152,184,125,31,197,278,76,331,153,273,96,103,261,210,160,203,86,60,105,148,269,321,291,295,297,266,219,350,239,242,181,196,54,66,173,290,311,6,140,11,132,38,244,48,319,284,26,296,192,288,182,328,314,301,344,272,14,92,201,80,283,52,167,180,325,146,32,178,351,212,255,112,65,254,293,63,342,191,147,231,298,106,204,171,294,156,230,42,227,303,116,221,259,68,205,139,89,224,237,250,256,317,187,49,155,166,81,216,336,323,97,238,37,207,24,220,20,281,345,198,5,47,337,260,195,150,308,39,130,225,70,55,265,144,57,257,271,218,2,217,87,170,21,72,246,276,247,229,56,135,141,248,177,165,22,133,69,101,121,7,99,126,91,15,41",20100,200
25,0,92054.7030023341,14.640379937558409,"269,79,212,340,296,72,328,248,226,75,299,151,42,280,24,12,57,35,37,282,100,88,207,4,239,43,141,316,330,173,65,336,346,135,13,344,180,252,152,106,293,146,335,162,348,69,51,168,109,142,284,306,249,156,139,183,59,217,262,318,253,85,145,334,188,192,329,102,144,187,163,161,254,41,243,312,83,209,118,276,179,319,277,281,68,196,171,47,331,58,246,52,120,273,236,274,32,20,159,337,184,213,111,133,215,148,138,147,197,123,174,3,263,119,314,238,278,194,206,66,172,130,302,298,29,112,264,140,181,230,191,323,292,84,131,121,7,46,153,342,307,266,27,235,6,343,23,257,286,332,53,49,347,303,126,271,113,221,80,76,304,287,198,190,175,63,87,224,218,90,91,98,101,78,157,272,115,104,34,222,220,301,294,105,127,324,95,311,300,128,11,116,351,225,149,30,82,154,15,97,310,200,5,317,178,169,261,19,203,223,305,202,275,251,94,92,199,177,297,150,10,48,182,247,45,74,231,160,339,320,18,189,165,333,137,245,327,67,122,36,241,256,201,55,265,77,129,70,322,33,229,28,285,143,60,242,8,240,267,295,164,107,44,195,309,250,291,260,234,167,325,136,54,341,283,270,315,308,259,16,9,26,326,176,204,228,338,40,71,193,216,64,237,210,89,227,108,232,289,214,258,134,313,124,31,155,349,244,114,321,14,25,62,186,170,110,96,56,350,38,93,61,288,17,21,233,290,166,86,345,22,39,268,219,103,158,73,81,2,185,208,99,279,211,255,117,205,50,132,125",20100,200
25,1,91914.10343944126,14.710106605459043,"269,79,212,340,296,72,328,248,226,75,299,151,42,280,24,12,57,35,37,282,100,88,207,4,239,43,141,316,330,173,65,336,346,135,13,344,180,252,152,106,293,146,335,162,348,69,51,168,109,142,284,306,249,156,139,183,59,217,262,318,253,85,145,334,188,192,329,102,144,187,163,161,254,41,243,312,83,209,118,276,179,319,277,281,68,196,171,47,331,58,246,52,120,273,236,274,32,20,159,337,184,213,111,133,215,148,138,147,197,123,174,3,263,119,314,238,66,206,194,278,172,130,350,298,29,112,264,140,181,230,191,323,292,84,131,121,7,46,153,342,307,266,6,235,27,343,23,257,286,332,53,303,347,49,126,271,113,221,80,76,304,287,198,190,175,63,87,224,218,90,91,98,101,78,157,272,115,104,34,222,220,301,294,105,127,324,95,311,300,128,11,116,351,225,149,30,82,154,15,97,310,200,5,317,178,169,261,19,203,223,305,202,275,251,94,92,199,177,297,150,10,48,182,247,45,74,231,160,339,320,18,189,165,333,137,245,327,67,122,36,241,256,201,55,265,77,129,70,322,33,229,28,285,143,60,242,8,240,267,295,164,107,44,195,309,250,291,260,234,167,325,136,54,341,283,270,315,308,259,16,9,26,326,176,204,228,338,40,71,193,216,64,237,210,89,227,108,232,289,214,258,134,313,124,31,155,349,244,14,321,96,114,62,186,170,110,25,56,302,38,93,61,288,17,21,233,290,166,86,345,22,39,268,219,103,158,73,81,2,185,208,99,279,211,255,117,205,50,132,125",20100,200
25,2,91461.13018844022,14.973349319118345,"269,79,212,340,296,72,328,248,226,75,299,151,42,280,24,12,57,35,37,282,100,88,207,4,239,43,141,316,330,173,65,336,346,135,13,344,180,252,152,106,293,146,335,162,348,69,51,168,109,142,284,306,249,156,139,183,59,217,262,318,253,85,145,334,188,192,281,118,144,187,163,161,254,41,243,312,124,319,329,58,102,276,277,83,68,196,171,47,331,179,246,52,120,273,236,274,32,20,159,337,184,213,111,133,215,148,138,147,197,123,174,3,263,119,314,238,278,194,206,66,172,130,209,298,29,112,264,140,181,230,191,323,292,84,131,121,7,46,153,342,307,266,27,235,6,343,23,257,286,332,53,49,347,303,126,271,113,221,80,76,304,287,198,190,175,63,87,224,218,90,91,98,101,78,157,272,115,104,34,222,220,301,294,105,127,324,95,311,300,128,11,116,351,225,149,30,82,154,15,97,310,200,5,317,178,169,261,19,203,223,305,202,275,251,94,92,199,177,297,150,10,48,302,247,45,74,62,160,339,320,18,189,165,333,137,245,327,67,122,36,241,256,201,55,265,77,129,70,322,33,229,28,285,143,60,242,8,240,267,295,164,107,44,195,309,250,291,260,234,167,325,136,54,341,283,270,315,308,259,16,9,26,326,176,204,228,338,96,71,193,216,64,237,210,89,227,108,232,31,349,14,114,134,321,214,289,258,40,155,182,244,313,231,186,170,110,25,56,350,38,205,117,255,211,279,99,208,185,2,81,73,158,103,219,268,39,22,345,86,166,290,233,21,17,288,61,93,50,132,125",20100,200
25,3,90647.04726791465,15.365811614637474,"269,79,212,340,296,72,328,248,226,75,299,151,42,280,24,12,57,35,37,282,100,88,207,4,239,43,141,316,330,173,65,336,346,135,13,344,180,252,152,106,293,146,335,162,348,69,51,168,109,142,284,306,249,156,139,183,59,217,262,318,253,85,145,334,188,192,329,102,144,187,163,161,254,41,243,312,124,319,281,58,118,276,277,83,68,196,171,47,331,179,246,52,120,273,236,274,32,20,159,337,184,213,111,133,215,148,138,147,197,123,174,3,263,119,314,238,278,194,206,66,172,130,209,298,29,112,264,140,181,230,191,323,292,84,131,121,7,46,153,342,307,266,27,235,6,343,23,257,286,332,53,49,347,303,126,271,113,221,80,76,304,287,198,190,175,63,87,224,218,90,91,98,101,78,157,272,115,104,34,222,220,301,294,105,127,324,95,311,300,128,11,116,351,225,149,30,82,154,15,97,310,200,5,317,178,169,261,19,203,223,305,202,275,251,94,92,199,177,297,150,10,48,302,247,45,74,62,160,339,320,18,189,165,333,137,245,327,67,122,36,241,256,201,55,265,77,129,70,322,33,229,28,285,143,60,242,8,240,267,295,164,107,44,195,309,250,291,260,234,167,325,136,54,341,283,270,315,308,259,16,9,26,326,176,204,228,338,40,71,193,216,64,237,210,89,227,108,232,31,349,14,114,134,321,214,289,258,96,155,182,244,313,231,186,170,110,25,56,350,38,93,61,288,17,21,233,290,166,86,345,22,39,268,219,103,158,73,81,2,185,208,99,279,211,255,117,205,50,132,125",20100,200
25,4,95034.84687879244,11.854398813423254,"269,79,212,340,296,72,328,248,226,75,299,151,42,280,24,12,57,35,37,282,100,88,207,4,239,43,141,316,330,173,65,336,346,135,13,344,180,252,152,106,293,146,335,162,348,69,51,168,109,142,284,306,249,156,139,183,59,217,262,318,253,85,145,334,188,192,124,102,144,187,163,161,254,41,243,312,83,209,118,276,179,319,277,281,68,196,171,47,331,58,246,52,120,273,236,274,32,20,159,337,184,213,111,133,215,148,138,147,197,123,174,3,263,119,314,238,66,206,194,278,172,130,350,298,29,112,264,140,181,230,191,323,292,84,131,121,7,46,153,342,307,266,6,235,27,343,23,257,286,332,53,303,347,49,268,39,22,345,86,166,290,233,21,17,288,61,93,244,56,182,338,96,71,193,216,64,237,210,89,227,108,232,31,77,256,241,231,160,10,150,297,177,199,92,94,30,82,154,15,97,310,200,165,240,8,242,60,143,285,28,203,19,275,251,149,311,300,289,258,40,201,247,327,48,36,225,351,55,129,265,333,67,122,137,329,245,74,45,70,322,33,229,223,305,202,261,169,178,317,5,189,18,320,339,234,260,291,250,309,195,44,107,164,295,267,95,324,127,105,167,325,136,54,341,283,270,315,308,259,16,9,26,326,176,204,228,91,98,101,78,157,272,115,104,34,222,220,301,294,349,14,114,134,321,214,128,11,116,155,90,224,313,62,186,170,25,302,218,38,110,87,63,175,190,198,287,304,76,80,221,113,271,126,219,103,158,73,81,2,185,208,99,279,211,255,117,205,50,132,125",20100,200
25,5,89718.29439131948,19.09258419459479,"269,79,212,340,296,72,328,248,226,75,299,151,42,280,24,12,57,35,37,282,100,88,207,4,239,43,141,316,330,173,65,336,346,135,13,344,180,252,152,106,293,146,335,162,348,69,51,168,192,142,284,306,318,262,217,59,183,139,156,249,253,85,145,334,188,109,178,18,144,187,163,161,254,41,243,312,189,231,5,339,320,160,277,241,36,196,171,47,331,58,246,52,120,273,236,274,32,20,159,337,184,213,111,133,215,148,138,147,197,123,174,3,263,119,314,238,66,206,194,278,172,130,350,298,29,112,264,140,181,230,191,323,292,84,131,121,7,46,153,342,307,266,6,235,27,257,23,343,53,332,286,49,347,303,126,271,113,221,80,76,304,287,198,190,175,63,87,224,218,90,91,98,101,78,157,272,115,104,34,222,220,301,294,319,102,281,68,225,351,116,11,128,300,311,149,30,82,154,15,97,310,200,165,240,8,242,60,143,285,28,203,19,275,251,94,92,199,177,297,150,10,77,256,48,327,247,201,55,129,265,333,67,122,137,329,245,74,45,70,322,33,229,223,305,202,261,169,124,317,83,209,118,276,179,105,127,324,95,267,295,164,107,44,195,309,250,291,260,234,167,325,136,54,341,283,270,315,308,259,16,9,26,326,176,204,228,338,96,71,193,216,64,237,210,89,227,108,232,31,349,14,114,134,321,214,40,258,289,155,182,244,313,62,186,170,110,25,56,302,38,93,61,288,17,21,233,290,166,86,345,22,39,268,219,103,158,73,81,2,185,208,99,279,211,255,117,205,50,132,125",20100,200
25,6,91116.4115823257,15.209124527799398,"269,79,212,340,296,72,328,248,226,75,299,151,42,280,24,12,57,35,37,282,100,88,207,4,239,43,141,316,330,173,65,336,346,135,13,344,180,252,152,106,293,146,335,162,348,69,51,168,109,142,284,306,249,156,139,183,59,217,262,318,253,85,145,334,188,192,329,102,144,187,163,161,254,41,243,312,124,319,281,58,118,276,277,83,68,196,171,47,331,179,246,52,120,273,236,274,32,20,159,337,184,213,111,133,215,148,138,147,197,123,174,3,263,119,314,238,278,194,206,66,172,130,209,298,29,112,264,140,181,230,191,323,292,84,131,121,7,46,153,342,307,266,27,235,6,343,23,257,286,332,53,49,347,303,126,271,113,221,80,76,304,287,198,190,175,63,87,224,218,90,91,98,101,78,157,272,115,104,34,222,220,301,294,105,127,324,95,311,300,128,11,116,351,225,149,30,82,154,15,97,310,200,5,317,178,169,261,19,203,223,305,202,275,251,94,92,199,177,297,150,10,48,302,247,45,74,62,160,339,320,18,189,165,333,137,245,327,67,122,36,241,256,201,55,265,77,129,70,322,33,229,28,285,143,60,242,8,240,267,295,164,107,44,195,309,250,291,260,234,167,325,136,54,341,283,270,315,308,259,16,9,26,326,176,204,228,338,96,71,193,216,64,237,210,89,227,108,232,289,214,258,134,313,350,31,155,349,244,114,321,14,25,231,186,170,110,40,56,182,38,93,61,288,17,21,233,290,166,86,345,22,39,268,219,103,158,73,81,2,185,208,99,279,211,255,117,205,50,132,125",20100,200
25,7,89704.52064109464,19.50828754287771,"269,79,212,340,296,72,328,248,226,75,299,151,42,280,24,12,57,35,37,282,100,88,207,4,239,43,141,316,330,173,65,336,346,135,13,344,180,252,152,106,293,146,335,162,348,69,51,168,192,142,284,306,249,156,139,183,59,217,262,318,253,85,145,334,188,109,178,18,144,187,163,161,254,41,243,312,189,62,5,339,320,160,277,241,36,267,171,47,331,265,246,52,120,273,236,274,32,20,159,337,184,213,10,92,215,148,138,147,197,123,174,3,263,119,314,238,66,206,194,278,172,130,350,298,29,112,264,140,181,230,191,323,292,84,131,121,7,46,153,342,307,266,6,235,27,343,23,257,286,332,53,303,347,49,126,271,113,221,80,76,304,287,198,190,175,63,87,224,218,90,91,98,101,78,157,272,115,104,34,222,220,301,294,319,102,281,68,225,351,116,11,128,300,311,149,30,82,154,15,97,310,200,165,240,8,242,60,143,285,28,203,19,275,251,94,133,199,177,297,150,111,77,256,48,327,247,201,55,129,58,333,67,122,137,329,245,74,45,70,322,33,229,223,305,202,261,169,124,317,83,209,118,276,179,105,127,324,95,196,295,164,107,44,195,309,250,291,260,234,167,325,136,54,341,283,270,315,308,259,16,9,26,326,176,204,228,231,25,38,170,302,313,110,186,155,40,258,289,214,321,134,114,14,349,31,232,108,227,89,210,237,64,216,193,71,96,338,56,182,244,93,61,288,17,21,233,290,166,86,345,22,39,268,219,103,158,73,81,2,185,208,99,279,211,255,117,205,50,132,125",20100,200
25,8,89326.864179764,19.731129438076,"269,79,212,340,296,72,328,248,226,75,299,151,42,280,24,12,57,35,37,282,100,88,207,4,239,43,141,316,330,173,65,336,346,135,13,344,180,252,152,106,293,146,335,162,348,69,51,168,192,142,284,306,249,156,139,183,59,217,262,318,253,85,145,334,188,109,178,18,144,187,163,161,254,41,243,312,189,231,5,339,320,160,277,241,36,267,171,47,331,265,246,52,120,273,236,274,32,20,159,337,184,213,10,92,215,148,138,147,197,123,174,3,263,119,314,238,66,206,194,278,172,130,350,298,29,112,264,140,181,230,191,323,292,84,131,121,7,46,153,342,307,266,6,235,27,343,23,257,286,332,53,49,347,303,126,271,113,221,80,76,304,287,198,190,175,63,87,224,218,90,91,98,101,78,157,272,115,104,34,222,220,301,294,319,102,281,68,225,351,116,11,128,300,311,149,30,82,154,15,97,310,200,165,240,8,242,60,143,285,28,203,19,275,251,94,133,199,177,297,150,111,77,256,48,327,247,201,55,129,58,333,67,122,137,329,245,74,45,70,322,33,229,223,305,202,261,169,124,317,83,209,118,276,179,105,127,324,95,196,295,164,107,44,195,309,250,291,260,234,167,325,136,54,341,283,270,315,308,259,16,9,26,326,176,204,228,338,96,71,193,216,170,31,302,313,134,62,214,289,232,108,227,89,210,237,64,349,38,114,321,14,25,258,40,155,186,244,56,182,110,93,61,288,17,21,233,290,166,86,345,22,39,268,219,103,158,73,81,2,185,208,99,279,211,255,117,205,50,132,125",20100,200
25,9,88001.2648685969,21.10254650278277,"269,79,212,340,296,72,328,248,226,75,299,151,42,280,24,12,57,35,37,282,100,88,207,4,239,43,141,316,330,173,65,336,346,135,13,344,180,252,152,106,293,146,335,162,348,69,51,168,192,142,284,306,249,156,139,183,59,217,262,318,253,85,145,334,188,109,178,18,144,187,163,161,254,41,243,312,189,62,5,339,320,160,277,241,36,267,171,47,331,265,246,52,120,273,236,274,32,20,159,337,184,213,10,92,215,148,138,147,197,123,174,3,263,119,314,238,66,206,194,278,172,130,350,298,29,112,264,140,181,230,191,323,292,84,131,121,7,46,153,342,307,266,6,235,27,343,23,257,286,332,53,303,347,49,126,271,113,221,80,76,304,287,198,190,175,63,87,224,218,90,91,98,101,78,157,272,115,104,34,222,220,301,294,319,102,281,68,225,351,116,11,128,300,311,149,30,82,154,15,97,310,200,165,240,8,242,60,143,285,28,203,19,275,251,94,133,199,177,297,150,111,77,256,48,327,247,201,55,129,58,333,67,122,137,329,245,74,45,70,322,33,229,223,305,202,261,169,124,317,83,209,118,196,105,127,276,302,95,179,295,164,107,44,195,309,250,291,260,234,167,325,136,54,341,283,270,315,308,259,16,9,26,326,176,204,228,338,96,71,193,216,64,237,210,89,227,108,232,289,214,324,134,313,231,31,170,349,38,114,321,14,25,258,40,182,110,155,56,186,244,93,61,288,17,21,233,290,166,86,345,22,39,268,219,103,158,73,81,2,185,208,99,279,211,255,117,205,50,132,125",20100,200
25,10,90186.36943007694,17.83297909270108,"269,79,212,340,296,72,328,248,226,75,299,151,42,280,24,12,57,35,37,282,100,88,207,4,239,43,141,316,330,173,65,336,346,135,13,344,180,252,152,106,293,146,335,162,348,69,51,168,192,142,284,306,249,156,139,183,59,217,262,318,253,85,145,334,188,109,178,18,144,187,163,161,254,41,243,312,189,62,5,339,320,160,277,241,36,267,171,47,331,265,246,52,120,273,236,274,32,20,159,337,184,213,10,92,215,148,138,147,197,123,174,3,263,119,314,238,66,206,194,278,172,130,350,298,29,112,264,140,181,230,191,323,292,84,131,121,7,46,153,342,307,266,6,235,27,343,23,257,286,332,53,303,347,49,126,271,113,221,80,76,304,287,198,190,175,63,87,224,218,90,91,98,101,78,157,272,115,104,34,222,220,301,294,319,102,281,68,83,317,124,169,261,202,305,223,229,33,322,70,45,74,245,329,137,122,67,333,58,129,55,351,225,118,302,231,276,111,150,297,177,199,133,94,251,275,19,203,28,285,143,60,242,8,240,165,200,310,97,15,154,82,30,149,311,300,289,258,40,201,247,327,48,256,77,31,232,108,227,89,210,237,64,216,193,196,95,324,127,105,167,325,136,54,341,283,270,315,308,259,16,9,26,326,176,204,228,338,96,71,295,164,107,44,195,309,250,291,260,234,349,14,114,134,321,214,128,11,116,155,182,244,313,209,186,170,110,25,56,179,38,93,61,288,17,21,233,290,166,86,345,22,39,268,219,103,158,73,81,2,185,208,99,279,211,255,117,205,50,132,125",20100,200
25,11,94933.7593352394,12.056698575066735,"269,79,212,340,296,72,328,248,226,75,299,151,42,280,24,192,57,35,37,282,100,88,207,4,239,43,141,316,330,173,65,336,346,135,13,344,180,252,152,106,293,146,335,162,348,69,51,168,109,142,284,306,249,156,139,183,59,217,262,318,253,85,145,334,188,12,124,102,144,187,163,161,254,41,243,312,83,209,118,276,179,319,277,281,68,196,171,47,331,58,246,52,120,273,236,274,32,20,159,337,184,213,111,133,215,148,138,147,197,123,174,3,263,119,314,238,66,206,194,278,172,130,350,298,29,112,264,140,181,230,191,323,292,84,131,121,7,46,153,342,307,266,27,235,6,343,23,257,286,332,53,49,347,303,268,39,22,345,86,166,290,233,21,17,288,61,93,244,56,182,338,96,71,193,216,64,237,210,89,227,108,232,31,77,256,241,231,160,10,150,297,177,82,30,94,92,199,154,15,97,310,200,165,240,8,242,60,143,285,28,203,19,275,251,149,311,300,289,258,40,201,247,327,48,36,225,351,55,129,265,333,67,122,137,329,245,74,45,70,322,33,229,223,305,202,261,169,178,317,5,189,18,320,339,234,260,291,250,309,195,44,107,164,295,267,95,324,127,105,167,325,136,54,341,283,270,315,308,259,16,9,26,326,176,204,228,91,98,101,78,157,272,115,104,34,222,220,301,294,349,14,114,134,321,214,128,11,116,155,90,224,313,62,186,170,25,302,218,38,110,87,63,175,190,198,287,304,76,80,221,113,271,126,219,103,158,73,81,2,185,208,99,279,211,255,117,205,50,132,125",20100,200
25,12,93517.8953641116,13.850238149905076,"269,79,212,340,296,72,328,248,226,75,299,151,42,280,24,12,57,35,37,282,100,88,207,4,239,43,141,316,330,173,65,336,346,135,13,344,180,252,152,106,293,146,335,162,348,69,51,168,109,142,284,306,249,156,139,183,59,217,262,318,253,85,145,334,188,192,124,102,144,187,163,161,254,41,243,312,83,350,118,276,179,319,277,281,68,196,171,47,331,58,246,52,120,273,236,274,32,20,159,337,184,213,111,133,215,148,138,147,197,123,174,3,263,119,314,238,278,194,206,66,172,130,209,298,29,112,264,140,181,230,191,323,292,84,131,121,7,46,153,342,129,55,351,225,36,241,231,160,10,150,297,177,199,92,94,251,275,19,203,28,285,143,60,242,6,343,23,257,286,332,53,49,347,303,268,39,22,345,86,166,290,233,21,17,288,61,93,244,56,182,338,96,71,193,216,64,237,210,89,227,108,232,31,77,256,48,327,247,201,40,258,289,300,311,149,30,82,154,15,97,310,200,165,240,8,235,27,266,307,265,333,67,122,137,329,245,74,45,70,322,33,229,223,305,202,261,169,178,317,5,189,18,320,339,234,260,291,250,309,195,44,107,164,295,267,95,324,127,105,167,325,136,54,341,283,270,315,308,259,16,9,26,326,176,204,228,91,98,101,78,157,272,115,104,34,222,220,301,294,349,14,114,134,321,214,128,11,116,155,90,224,313,62,186,170,25,302,218,38,110,87,63,175,190,198,287,304,76,80,221,113,271,126,219,103,158,73,81,2,185,208,99,279,211,255,117,205,50,132,125",20100,200
25,13,94617.27894468672,12.457043550473296,"280,42,151,299,296,72,12,248,226,75,340,212,79,269,24,35,57,328,37,282,100,88,207,4,239,43,141,316,330,173,65,336,346,135,13,344,180,252,152,106,293,146,335,162,348,69,51,168,109,142,284,306,249,156,139,183,59,217,262,318,253,85,145,334,188,192,124,102,144,187,163,161,254,41,243,312,83,209,118,276,179,319,277,281,68,196,171,47,331,58,246,52,120,273,236,274,32,20,159,337,184,213,111,133,215,148,138,147,197,123,174,3,263,119,314,238,66,206,194,278,172,130,350,298,29,112,264,140,181,230,191,323,292,84,131,121,7,46,153,342,307,266,6,235,27,343,23,257,286,332,53,303,347,49,268,39,22,345,86,166,290,233,21,17,288,61,93,244,56,182,338,96,71,295,164,107,44,195,309,250,291,260,234,339,320,18,189,5,317,178,169,261,202,305,223,229,33,322,70,45,74,245,329,137,122,67,333,265,129,55,351,225,36,241,231,160,10,150,297,177,199,92,94,251,275,19,203,28,285,143,60,242,8,240,165,200,310,97,15,154,82,30,149,311,300,289,258,40,201,247,327,48,256,77,31,232,108,227,89,210,237,64,216,193,267,95,324,127,105,167,325,136,54,341,283,270,315,308,259,16,9,26,326,176,204,228,91,98,101,78,157,272,115,104,34,222,220,301,294,349,14,114,134,321,214,128,11,116,155,90,224,313,62,186,170,110,25,218,302,38,87,63,175,190,198,287,304,76,80,221,113,271,126,219,103,158,73,81,2,185,208,99,279,211,255,117,205,50,132,125",20100,200
25,14,88649.63491738887,20.380480380256405,"269,79,212,340,296,72,328,248,226,75,299,151,42,280,24,12,57,35,37,282,100,88,207,4,239,43,141,316,330,173,65,336,346,135,13,344,180,252,152,106,293,146,335,162,348,69,51,168,192,142,284,306,249,156,139,183,59,217,262,318,253,85,145,334,188,109,178,18,144,187,163,161,254,41,243,312,189,62,5,339,320,160,277,241,36,267,171,47,331,265,246,52,120,273,236,274,32,20,159,337,184,213,10,92,215,148,138,147,197,123,174,3,263,119,314,238,66,206,194,278,172,130,350,298,29,112,264,140,181,230,191,323,292,84,131,121,7,46,153,342,307,266,6,235,27,343,23,257,286,332,53,303,347,49,126,271,113,221,80,76,304,287,198,190,175,63,87,224,218,90,91,98,101,78,157,272,115,104,34,222,220,301,294,319,102,281,68,225,351,116,11,128,300,311,149,30,82,154,15,97,310,200,165,240,8,242,60,143,285,28,203,19,275,251,94,133,199,177,297,150,111,77,256,48,327,247,201,55,129,58,333,67,122,137,329,245,74,45,70,322,33,229,223,305,202,261,169,124,317,83,209,118,196,105,127,276,302,95,179,295,164,107,44,195,309,250,291,260,234,167,325,136,54,341,283,270,315,308,259,16,9,26,326,176,204,228,338,96,71,193,216,64,237,210,89,227,108,232,289,214,324,134,313,231,31,170,349,38,114,321,14,25,258,40,182,110,155,56,186,244,93,61,288,17,21,233,211,255,22,86,268,345,290,219,103,158,73,81,2,185,208,99,205,117,39,279,166,50,132,125",20100,200
25,15,90365.57017125492,16.51542701134989,"269,79,212,340,296,72,328,248,226,75,299,151,42,280,24,12,57,35,37,282,100,88,207,4,239,43,141,316,330,173,65,336,346,135,13,344,180,252,152,106,293,146,335,162,348,69,51,168,109,163,187,144,118,281,192,188,334,145,85,253,318,262,217,59,183,139,156,249,306,284,142,161,254,41,243,312,124,319,329,58,102,276,277,83,68,196,171,47,331,179,246,52,120,273,236,274,32,20,159,337,184,213,111,133,215,148,138,147,197,123,174,3,263,119,314,238,278,194,206,66,172,130,209,298,29,112,264,140,181,230,191,323,292,84,131,121,7,46,153,342,307,266,27,235,6,343,23,257,286,332,53,49,347,303,126,271,113,221,80,76,304,287,198,190,175,63,87,224,218,90,91,98,101,78,157,272,115,104,34,222,220,301,294,105,127,324,95,311,300,128,11,116,351,225,149,30,82,154,15,97,310,200,5,317,178,169,261,19,203,223,305,202,275,251,94,92,199,177,297,150,10,48,302,247,45,74,62,160,339,320,18,189,165,333,137,245,327,67,122,36,241,256,201,55,265,77,129,70,322,33,229,28,285,143,60,242,8,240,267,295,164,107,44,195,309,250,291,260,234,167,325,136,54,341,283,270,315,308,259,16,9,26,326,176,204,228,338,96,71,193,216,64,237,210,89,227,108,232,31,349,14,114,134,321,214,289,258,40,155,182,244,313,231,186,170,110,25,56,350,38,93,61,288,17,21,233,290,166,86,345,22,39,268,219,103,158,73,81,2,185,208,99,279,211,255,117,205,50,132,125",20100,200
25,16,90325.98803919602,16.675180807074355,"269,79,212,340,296,72,328,248,226,75,299,151,42,280,24,12,57,35,37,282,100,88,207,4,239,43,141,316,330,173,65,336,346,135,13,344,180,252,152,106,293,146,335,162,348,69,51,168,192,142,284,306,249,156,139,183,59,217,262,318,253,85,145,334,188,109,124,102,144,187,163,161,254,41,243,312,118,209,83,276,179,319,277,281,68,196,171,47,331,58,246,52,120,273,236,274,32,20,159,337,184,213,111,133,215,148,138,147,197,123,174,3,263,119,314,238,66,206,194,278,172,130,350,298,29,112,264,140,181,230,191,323,292,84,131,121,7,46,153,342,307,266,27,235,6,343,23,257,286,332,53,49,347,303,126,271,113,221,80,76,304,287,198,190,175,63,87,224,218,90,91,98,101,78,157,272,115,104,34,222,220,301,294,105,127,324,95,311,300,128,11,116,351,225,149,30,82,154,15,97,310,200,5,317,178,169,261,19,203,223,305,202,275,251,94,92,199,177,297,150,10,48,182,247,45,74,231,160,339,320,18,189,165,333,137,245,327,67,122,36,241,256,201,55,265,77,129,70,322,33,229,28,285,143,60,242,8,240,267,295,164,107,44,195,309,250,291,260,234,167,325,136,54,341,283,270,315,308,259,16,9,26,326,176,204,228,338,40,71,193,216,64,237,210,89,227,108,232,289,214,258,134,313,329,31,170,349,38,114,321,14,25,62,96,302,110,155,56,186,244,93,61,288,17,21,233,290,166,86,345,22,39,268,219,103,158,73,81,2,185,208,99,279,211,255,117,205,50,132,125",20100,200
25,17,92341.26539398865,13.858631063298455,"269,79,212,340,296,72,328,248,226,75,299,151,42,280,24,12,57,35,37,282,100,88,207,4,239,43,141,316,330,173,65,336,346,135,13,344,180,252,152,106,293,146,335,162,348,69,51,168,109,142,284,306,249,156,139,183,59,217,262,318,253,85,145,334,188,192,329,102,144,187,163,161,254,41,243,312,83,209,118,276,179,319,277,281,68,196,171,47,331,58,246,52,120,273,236,274,32,20,159,337,184,213,111,133,215,148,138,147,197,123,174,3,263,119,314,238,66,206,194,278,172,130,350,298,29,112,264,140,181,230,191,323,292,84,131,121,7,46,153,342,307,266,6,235,27,343,23,257,286,332,53,303,347,49,126,271,113,221,80,76,304,287,198,190,175,63,87,224,218,90,91,98,101,78,157,272,115,104,34,222,220,301,294,105,127,324,95,311,300,128,11,116,351,225,149,30,82,154,15,97,310,200,5,317,178,169,261,19,203,223,305,202,275,251,94,92,199,177,297,150,10,48,302,247,45,74,231,160,339,320,18,189,165,333,137,245,327,67,122,36,241,256,201,55,265,77,129,70,322,33,229,28,285,143,60,242,8,240,267,295,164,107,44,195,309,250,291,260,234,167,325,136,54,341,283,270,315,308,259,16,9,26,326,176,204,228,338,96,71,193,216,64,237,210,89,227,108,232,31,349,14,114,134,321,214,289,258,40,155,182,244,313,62,186,170,110,25,56,124,38,205,117,255,211,279,99,208,185,2,81,73,158,103,219,268,39,22,345,86,166,290,233,21,17,288,61,93,50,132,125",20100,200
25,18,90058.55814519845,18.532593013009006,"269,79,212,340,296,72,328,248,226,75,299,151,42,280,24,12,57,35,37,282,100,88,207,4,239,43,141,316,330,173,65,336,346,135,13,344,180,252,152,106,293,146,335,162,348,69,51,168,192,142,284,306,249,156,139,183,59,217,262,318,253,85,145,334,188,109,178,18,144,187,163,161,254,41,243,312,83,209,118,276,179,319,277,281,68,196,171,47,331,58,246,52,120,273,236,274,32,20,159,337,184,213,111,133,215,148,138,147,197,123,174,3,263,119,314,238,66,206,194,278,172,130,350,298,29,112,264,140,181,230,191,323,292,84,131,121,7,46,153,342,307,266,6,235,27,343,23,257,286,332,53,303,347,49,126,271,113,221,80,76,304,287,198,190,175,63,87,224,218,90,91,98,101,78,157,272,115,104,34,222,220,301,294,160,102,241,36,189,317,124,169,261,202,305,223,229,33,322,70,45,74,245,329,137,122,67,333,265,129,55,351,225,5,302,231,339,10,150,297,177,199,92,94,251,275,19,203,28,285,143,60,242,8,240,165,200,310,97,15,154,82,30,149,311,300,289,258,40,201,247,327,48,256,77,31,232,108,227,89,210,237,64,216,193,267,95,324,127,105,167,325,136,54,341,283,270,315,308,259,16,9,26,326,176,204,228,338,96,71,295,164,107,44,195,309,250,291,260,234,349,14,114,134,321,214,128,11,116,155,182,244,313,62,186,170,110,25,56,320,38,93,61,288,17,21,233,290,166,86,345,22,39,268,219,103,158,73,81,2,185,208,99,279,211,255,117,205,50,132,125",20100,200
25,19,93569.1469114423,12.590741488398951,"269,79,212,340,296,72,328,248,226,75,299,151,42,280,24,192,57,35,37,282,100,88,207,4,239,43,141,316,330,173,65,336,346,135,13,344,180,252,152,106,293,146,335,162,348,69,51,168,109,142,284,306,249,156,139,183,59,217,262,318,253,85,145,334,188,12,124,102,144,187,163,161,254,41,243,312,83,209,118,276,179,319,277,281,68,196,171,47,331,58,246,52,120,273,236,274,32,20,159,337,184,213,111,133,215,148,138,147,197,123,174,3,263,119,314,238,66,206,194,278,172,130,350,298,29,112,264,140,181,230,191,323,292,84,131,121,7,46,153,342,307,266,6,235,27,343,23,257,286,332,53,49,347,303,268,39,22,345,86,166,290,233,21,17,288,61,93,244,56,182,338,96,71,295,164,107,44,195,309,250,291,260,234,339,320,18,189,5,317,178,169,261,202,305,223,229,33,322,70,45,74,245,329,137,122,67,333,265,129,55,351,225,36,241,231,160,10,150,297,177,199,92,94,251,275,19,203,28,285,143,60,242,8,240,165,200,310,97,15,154,82,48,327,247,201,40,258,289,300,311,149,30,256,77,31,232,108,227,89,210,237,64,216,193,267,95,324,127,105,167,325,136,54,341,283,270,315,308,259,16,9,26,326,176,204,228,91,98,101,78,157,272,115,104,34,222,220,301,294,349,14,114,134,321,214,128,11,116,155,90,224,313,62,186,170,25,302,218,38,110,87,63,175,190,198,287,304,76,80,221,113,271,126,219,103,158,73,81,2,185,208,99,279,211,255,117,205,50,132,125",20100,200
26,0,113555.40880682557,12.606665083801799,"299,139,227,296,187,207,319,61,39,284,340,246,166,289,326,239,34,194,147,172,136,259,179,204,176,220,148,265,221,20,6,171,232,4,193,108,324,249,208,142,318,333,273,305,160,58,146,206,238,52,351,182,170,261,226,80,121,349,262,231,242,152,280,114,290,91,339,330,301,28,278,120,328,236,272,16,270,329,150,60,163,211,30,27,50,245,48,17,143,110,46,92,19,115,332,66,294,192,320,35,90,13,174,216,74,281,56,165,317,321,85,189,119,228,331,307,76,64,218,252,168,10,224,209,45,200,87,63,7,98,345,149,235,173,322,22,350,25,203,59,263,325,250,135,313,336,337,260,202,199,185,2,247,8,88,123,47,96,3,264,315,130,347,156,162,286,140,302,73,158,84,134,70,36,15,118,323,217,113,78,268,338,214,138,77,94,271,116,223,43,184,131,248,117,314,295,256,237,244,177,254,49,274,309,188,348,82,267,277,104,55,154,303,141,68,44,32,186,243,112,161,343,230,24,287,308,240,21,97,83,222,103,291,219,233,18,183,341,53,95,304,269,180,144,33,197,306,31,167,335,311,29,128,26,258,266,81,346,282,75,23,195,122,257,153,344,62,225,100,157,342,57,109,292,69,312,205,212,106,14,137,215,101,327,169,288,190,155,293,40,133,102,65,181,334,276,196,151,11,99,129,145,71,38,42,127,54,234,107,159,283,86,213,191,279,111,105,285,175,298,251,253,67,297,164,93,255,37,124,89,5,275,201,132,72,126,310,79,51,178,125,12,41,9,300,316,210,229,241,198",20100,200
26,1,109663.76731124282,13.106683310139536,"61,284,349,182,290,170,319,221,238,333,340,246,166,6,179,265,305,30,310,79,12,232,259,236,120,226,148,34,28,20,211,171,147,4,193,176,324,249,208,108,9,58,273,227,272,296,231,72,136,206,163,142,239,261,27,299,160,326,262,210,242,207,280,152,330,178,339,114,289,80,278,91,126,52,121,220,172,329,150,60,146,316,39,16,50,245,48,17,143,110,22,322,173,235,149,345,98,192,320,35,90,13,174,216,74,281,56,165,317,321,85,189,119,228,331,307,76,64,218,252,168,10,224,209,45,200,87,63,7,294,66,332,115,19,92,46,350,25,203,59,263,325,250,135,313,336,337,260,202,199,185,2,247,8,88,123,47,96,3,264,315,130,347,156,162,286,140,302,73,158,84,134,70,36,15,118,323,217,113,78,268,338,214,138,77,94,271,116,223,43,184,131,248,117,314,295,256,237,244,177,254,49,274,309,188,348,82,267,277,104,55,154,303,141,68,44,32,186,243,112,161,343,230,24,287,308,240,21,97,83,222,103,291,219,233,18,183,341,53,95,304,269,180,144,33,197,306,31,167,335,311,29,128,26,258,266,81,346,282,75,23,195,122,257,153,344,62,225,100,157,342,57,109,292,69,312,205,212,106,14,137,215,101,327,169,288,190,155,293,40,133,102,65,181,334,276,196,151,11,99,129,145,71,38,42,127,54,234,107,159,283,86,213,191,279,111,105,285,175,298,251,253,67,297,164,93,255,37,124,89,5,275,201,132,187,328,204,194,51,139,125,41,301,318,300,270,351,229,241,198",20100,200
26,2,110004.17425256502,12.914532410904014,"61,284,349,182,290,170,319,221,238,333,340,246,166,6,179,265,305,30,310,79,12,80,210,236,121,226,148,34,28,20,172,171,147,4,193,176,324,249,208,108,9,58,273,227,272,296,231,72,114,206,261,239,142,163,27,220,160,326,262,317,242,207,280,152,330,178,339,146,289,232,278,91,126,52,120,299,211,329,150,60,136,316,39,16,50,245,48,17,143,110,22,322,173,235,149,345,98,192,320,35,200,45,209,224,10,168,252,218,259,321,85,189,119,228,331,24,76,64,165,56,281,74,216,174,13,90,87,63,7,294,66,332,115,19,92,46,350,25,203,59,263,325,250,135,313,336,337,260,202,199,185,2,247,8,88,123,47,96,3,264,315,130,347,156,162,286,140,302,73,158,84,134,70,36,15,118,323,217,113,78,268,338,214,138,77,94,271,116,223,43,184,131,248,117,314,295,256,237,244,177,254,49,274,309,188,348,82,267,104,277,55,154,303,141,68,44,32,186,243,112,161,343,230,307,287,308,240,21,97,83,222,103,291,219,233,18,183,341,53,95,304,269,180,144,33,197,306,31,167,335,311,29,128,26,258,266,81,346,282,75,23,195,122,257,153,344,62,225,100,157,342,57,109,292,69,312,205,212,106,14,137,215,101,327,169,288,190,155,293,40,133,102,65,181,334,276,196,151,11,99,129,145,71,38,42,127,54,234,107,159,283,86,213,191,279,111,105,285,175,298,251,253,67,297,164,93,255,37,124,89,5,275,201,132,187,328,204,194,51,139,125,41,301,318,300,270,351,229,241,198",20100,200
26,3,94420.4445603875,18.484846819093878,"335,97,317,341,87,281,274,73,137,26,340,246,166,34,102,190,133,194,239,314,12,277,248,219,54,21,147,47,221,323,19,171,346,4,113,188,324,249,208,222,56,333,273,230,15,337,186,250,238,294,149,242,24,261,192,143,32,262,128,234,58,111,280,161,290,91,339,330,327,271,342,155,318,18,90,225,198,329,150,84,232,129,46,53,127,174,268,132,305,275,5,89,38,122,44,255,42,203,175,62,43,336,125,213,193,311,116,176,177,61,196,50,85,322,146,236,284,80,187,316,141,197,88,303,325,106,212,241,135,181,151,256,98,180,278,304,95,244,120,191,48,71,130,184,77,326,245,107,39,20,70,37,185,82,254,349,119,157,36,139,195,148,75,308,347,123,134,33,292,6,165,112,162,3,45,299,216,267,257,302,210,313,51,319,348,164,144,124,189,52,217,310,264,237,211,63,35,169,68,260,78,79,266,103,226,183,276,214,167,258,332,243,287,105,138,344,121,96,17,29,279,7,159,307,145,227,286,86,49,315,252,156,115,16,202,27,57,269,321,92,94,140,293,10,168,136,218,64,76,110,235,228,142,41,65,30,99,31,296,251,298,343,72,114,67,240,233,320,283,170,289,23,81,207,178,205,220,83,60,101,231,109,40,334,295,350,13,11,259,8,201,247,351,152,154,199,204,172,285,179,263,200,209,312,163,59,74,338,328,301,265,215,66,108,9,270,55,2,93,182,173,345,28,100,291,282,153,223,160,118,297,158,104,224,253,126,25,331,309,14,288,206,117,22,300,131,306,229,272,69",20100,200
26,4,112525.25373941736,12.738184245349913,"299,139,227,296,187,207,319,61,39,284,340,246,166,289,326,239,34,194,147,172,136,259,179,204,176,220,148,270,221,20,6,171,232,4,193,108,324,249,208,142,318,333,273,305,160,58,146,206,238,52,351,182,170,261,226,80,121,349,262,231,242,152,280,114,290,91,339,330,301,28,278,120,236,328,272,334,265,93,288,60,163,211,30,27,50,245,48,17,143,110,22,322,173,235,149,345,98,192,320,35,90,13,209,224,10,168,252,218,317,321,85,189,119,228,331,307,76,64,165,56,281,74,216,174,45,200,87,63,7,294,66,332,115,19,92,46,350,25,203,59,263,325,250,135,313,336,337,260,202,199,185,2,247,8,88,123,47,96,3,264,315,130,347,156,162,286,140,302,73,158,84,134,70,36,15,118,323,217,113,78,268,338,214,138,77,94,271,116,223,43,184,131,248,117,314,295,256,237,244,177,254,49,274,309,188,348,82,267,277,104,55,154,303,141,68,44,32,186,243,112,161,343,230,24,287,308,240,21,97,83,222,103,291,219,233,18,183,341,53,95,304,269,180,144,33,197,306,31,167,335,311,29,128,26,258,266,81,346,282,75,23,195,122,257,153,344,62,225,100,157,342,57,109,292,69,312,205,212,106,14,137,215,101,327,169,150,190,155,293,40,133,102,65,181,16,276,196,151,11,99,129,145,71,38,42,127,54,234,107,159,283,86,213,191,279,111,105,285,175,298,251,253,67,297,164,329,255,37,124,89,5,275,201,132,72,126,310,79,51,178,125,12,41,9,300,316,210,229,241,198",20100,200
26,5,109296.88064928644,13.199004463248796,"61,284,349,182,290,170,319,221,238,333,340,246,166,6,179,265,305,30,310,79,12,80,210,236,121,226,148,34,28,20,172,171,147,4,193,176,324,249,208,108,9,58,273,227,272,296,231,72,114,206,261,239,142,163,27,220,160,326,262,317,242,207,280,152,330,178,339,146,289,232,278,91,126,52,120,299,211,329,150,60,136,316,39,16,50,245,48,17,143,110,22,322,173,235,149,345,98,192,320,35,200,45,209,224,10,168,252,218,259,321,85,189,119,228,331,307,76,64,165,56,281,74,216,174,13,90,87,63,7,294,66,332,115,19,92,46,350,25,203,59,263,325,250,135,313,336,337,260,202,199,185,2,247,8,88,123,47,96,3,264,315,130,347,156,162,286,140,302,73,158,84,134,70,36,15,118,323,217,113,78,268,338,214,138,77,94,271,116,223,43,184,131,248,117,314,295,256,237,244,177,254,49,274,309,188,348,82,267,277,104,55,154,303,141,68,44,32,186,243,112,161,343,230,24,287,308,240,21,97,83,222,103,291,219,233,18,183,341,53,95,304,269,180,144,33,197,306,31,167,335,311,29,128,26,258,266,81,346,282,75,23,195,122,257,153,344,62,225,100,157,342,57,109,292,69,312,205,212,106,14,137,215,101,327,169,288,190,155,293,40,133,102,65,181,334,276,196,151,11,99,129,145,71,38,42,127,54,234,107,159,283,86,213,191,279,111,105,285,175,298,251,253,67,297,164,93,255,37,124,89,5,275,201,132,187,328,204,194,51,139,125,41,301,318,300,270,351,229,241,198",20100,200
26,6,94837.26948446929,13.879563762936971,"335,97,317,341,87,281,274,73,150,329,198,225,90,18,318,155,342,271,327,330,339,91,290,161,280,111,58,234,128,262,32,143,192,4,113,188,324,249,208,222,56,333,273,213,15,337,186,250,238,294,149,242,24,261,346,171,19,323,221,47,147,21,54,219,248,277,12,314,239,194,133,190,102,34,166,246,340,26,137,84,232,129,46,53,127,174,268,132,305,275,5,89,38,122,44,255,42,203,98,62,43,336,135,230,193,81,207,176,177,61,196,50,85,322,146,236,284,80,187,316,141,197,88,303,325,106,212,195,139,75,151,36,349,254,278,304,95,244,120,191,48,71,130,184,77,326,245,107,39,20,70,37,185,82,180,175,119,157,256,125,241,148,181,308,347,123,134,33,292,6,165,112,162,164,348,319,51,313,210,302,257,267,216,299,45,3,144,124,189,52,217,310,264,237,211,63,35,169,68,260,78,79,266,103,226,183,276,214,167,258,332,243,287,105,138,344,121,96,17,29,279,7,159,307,145,227,286,86,49,315,252,156,115,16,202,27,57,269,321,92,94,140,293,10,168,136,218,64,76,110,235,228,142,41,65,30,99,31,296,251,298,343,72,114,67,240,233,320,283,170,289,23,311,116,178,205,220,83,60,101,231,109,40,334,295,350,13,11,259,8,201,247,351,152,154,199,204,172,285,179,263,200,209,312,163,59,74,338,328,301,265,215,66,108,9,270,55,2,93,182,173,345,28,100,291,282,153,223,160,118,297,158,104,224,253,126,25,331,309,14,288,206,117,22,300,131,306,229,272,69",20100,200
26,7,109965.65841968008,12.953190625953523,"61,284,349,182,290,170,319,221,238,333,340,246,166,6,179,265,305,30,310,79,12,232,259,236,120,226,148,34,28,20,211,171,147,4,193,176,324,249,208,108,9,58,273,227,272,296,231,72,136,206,261,239,142,163,27,299,160,326,262,210,242,207,280,152,330,178,339,114,289,80,278,91,126,52,121,220,172,329,150,60,146,316,39,16,50,245,48,17,143,110,22,322,173,235,149,345,98,192,320,35,90,13,174,216,74,281,56,165,317,321,85,189,119,228,331,307,76,64,218,252,168,10,224,209,45,200,87,63,7,294,66,332,115,19,92,46,350,25,203,59,263,325,250,135,313,336,337,260,202,199,185,2,247,8,88,123,47,96,3,264,315,130,347,156,162,286,140,302,73,158,84,134,70,36,15,118,323,217,113,78,268,338,214,138,77,94,271,116,223,43,184,131,248,117,314,295,256,237,244,177,254,49,274,309,188,348,82,267,277,104,55,154,303,141,197,33,144,180,269,304,95,53,341,183,18,233,219,291,103,222,83,97,21,240,308,287,24,230,343,161,112,243,186,32,44,68,306,31,167,335,311,29,128,26,258,266,81,346,282,75,23,195,122,257,153,344,62,225,100,157,342,57,109,292,69,312,205,212,106,14,137,215,101,327,169,288,190,155,293,40,133,102,65,181,334,276,196,151,11,99,129,145,71,38,42,127,54,234,107,159,283,86,213,191,279,111,105,285,175,298,251,253,67,297,164,93,255,37,124,89,5,275,201,132,187,328,204,194,51,139,125,41,301,318,300,270,351,229,241,198",20100,200
26,8,91424.45728209733,22.89137705164794,"147,104,288,25,87,281,274,73,137,253,340,246,158,341,335,107,309,125,101,26,126,97,317,14,331,21,224,47,221,323,19,171,346,214,169,35,63,211,237,264,310,334,295,168,13,11,259,8,201,247,351,82,185,199,70,20,285,179,263,200,209,312,163,59,78,338,328,301,265,215,66,254,349,42,203,106,139,195,343,52,217,28,88,197,183,182,93,161,318,236,146,322,208,222,56,333,273,230,15,337,186,250,238,294,149,68,24,261,192,143,32,155,262,234,242,111,280,175,290,91,339,330,327,113,278,180,98,256,151,225,198,329,150,84,232,304,46,53,127,174,268,132,305,275,297,118,160,206,117,255,36,55,119,345,251,336,135,213,38,62,43,129,114,258,325,271,212,326,77,207,5,140,293,191,65,30,72,31,296,270,298,130,184,122,283,170,109,83,152,154,71,48,41,142,228,235,110,76,64,218,136,350,10,120,244,95,92,321,269,57,27,202,16,115,156,252,315,49,86,286,227,145,307,159,7,279,29,17,96,121,344,240,233,141,316,187,80,284,112,276,173,311,51,319,348,74,162,37,165,6,292,33,134,123,347,308,75,189,124,144,3,45,299,216,267,257,302,210,313,103,266,79,164,260,4,157,188,324,249,85,50,196,61,177,176,116,226,193,23,81,241,44,18,172,108,320,178,138,105,287,243,332,303,167,342,231,94,289,148,205,220,39,60,128,181,58,90,2,89,99,245,54,219,248,277,12,314,239,194,133,190,102,34,166,204,223,153,282,291,100,67,9,40,22,300,131,306,229,272,69",20100,200
26,9,92263.7793162532,18.651423764340162,"147,104,288,25,87,281,274,73,137,253,340,246,158,341,335,107,309,125,101,26,126,350,295,334,310,264,237,211,63,35,169,214,346,171,19,323,221,47,224,21,331,14,317,97,13,11,259,8,201,247,351,82,185,199,70,20,285,179,263,200,209,312,163,59,78,338,328,301,265,215,66,254,349,42,203,106,139,195,343,52,217,28,88,197,183,182,93,161,318,236,146,322,208,222,56,333,273,230,15,337,186,250,238,294,149,68,24,261,192,143,32,155,262,234,242,111,280,175,290,91,339,330,327,113,278,180,98,256,151,225,198,329,150,84,232,304,46,53,127,174,268,132,305,275,297,118,160,206,117,255,36,55,119,345,251,336,135,213,193,226,116,176,177,61,196,50,85,249,324,188,157,4,260,164,79,266,103,313,210,302,257,267,216,299,45,3,144,124,189,75,308,347,123,134,33,292,6,165,37,162,74,348,319,51,311,173,276,112,284,80,187,316,141,233,240,344,121,96,17,29,279,7,159,307,145,227,286,86,49,315,252,156,115,16,202,27,57,269,321,92,94,140,293,10,168,136,218,64,76,110,235,228,142,41,48,71,154,152,83,109,170,283,122,184,130,298,270,296,31,72,30,65,191,120,244,5,207,77,326,212,271,325,258,114,129,43,62,38,23,81,241,44,18,172,108,320,178,138,105,287,243,332,303,167,342,231,95,289,148,205,220,39,60,128,181,58,90,2,89,99,245,54,219,248,277,12,314,239,194,133,190,102,34,166,204,223,153,282,291,100,67,9,40,22,300,131,306,229,272,69",20100,200
26,10,109624.08277334616,13.179146759067983,"61,284,349,182,290,170,319,221,238,333,340,246,166,6,179,265,305,30,310,79,12,232,259,236,34,226,148,120,28,20,211,171,147,4,193,176,324,249,208,108,9,58,273,227,272,296,231,72,136,206,163,142,239,261,27,299,160,326,262,210,242,207,280,152,330,178,339,114,289,80,278,91,126,52,121,220,172,329,150,60,146,316,39,16,50,245,48,17,143,110,22,322,173,235,149,345,98,192,320,35,90,13,174,216,74,281,56,165,317,321,85,189,119,228,331,307,76,64,218,252,168,10,224,209,45,200,87,63,7,294,66,332,115,19,92,46,350,25,203,59,263,325,250,135,313,336,337,260,202,199,185,2,247,8,88,123,47,96,3,264,315,130,347,156,162,286,140,302,73,158,84,134,70,36,15,118,323,217,113,78,268,338,214,138,77,94,271,116,223,43,184,131,248,117,314,295,256,237,244,177,254,49,274,309,188,348,82,267,277,104,55,154,303,141,68,44,32,186,243,112,161,343,230,183,18,233,219,291,103,222,83,97,21,240,308,287,24,341,53,95,304,269,180,144,33,197,306,31,167,335,311,29,128,26,258,266,81,346,282,75,23,195,122,257,153,344,62,225,100,157,342,57,109,292,69,312,205,212,106,14,137,215,101,327,169,288,190,155,293,40,133,102,65,181,334,276,196,151,11,99,129,145,71,38,42,127,54,234,107,159,283,86,213,191,279,111,105,285,175,298,251,253,67,297,164,93,255,37,124,89,5,275,201,132,187,328,204,194,51,139,125,41,301,318,300,270,351,229,241,198",20100,200
26,11,108335.78925876829,13.49512803665173,"61,284,349,182,290,170,319,221,246,340,333,238,166,6,179,265,305,30,310,79,12,80,210,236,121,226,148,34,4,147,171,172,20,28,193,176,324,249,208,108,9,58,273,227,272,296,231,72,114,206,261,239,142,163,27,220,160,326,262,259,242,207,280,152,330,178,339,146,289,232,278,91,126,52,120,299,211,329,150,60,136,316,39,16,50,245,48,17,143,110,22,322,173,235,149,345,98,192,320,35,90,13,174,216,74,281,56,165,317,321,85,189,119,228,331,307,76,64,218,252,168,10,224,209,45,200,87,63,7,294,66,332,115,19,92,46,350,25,203,59,263,325,250,135,313,336,337,260,202,199,185,2,247,8,88,123,47,96,3,264,315,130,347,156,162,286,140,302,73,158,84,134,70,36,15,118,323,217,113,78,268,338,214,138,77,94,271,116,223,43,184,131,248,117,314,295,256,237,244,177,254,49,274,309,188,348,82,267,277,104,55,154,303,141,197,33,144,180,269,304,95,53,341,183,18,233,219,291,103,222,83,97,21,240,308,287,24,230,343,161,112,243,186,32,44,68,306,31,167,335,311,29,128,26,258,266,81,346,282,75,23,195,122,257,153,344,62,225,100,157,342,57,109,292,69,312,205,212,106,14,137,215,101,327,169,288,190,155,293,40,133,102,65,181,334,276,196,151,11,99,129,145,71,38,42,127,54,234,107,159,283,86,213,191,279,111,105,285,175,298,251,253,67,297,164,93,255,37,124,89,5,275,201,132,187,328,204,194,51,139,125,41,301,318,300,270,351,229,241,198",20100,200
27,0,97670.68631003873,10.844107671994689,"149,163,83,53,51,173,254,18,92,146,35,167,237,107,328,116,100,85,49,132,152,6,242,286,113,91,296,75,87,13,314,344,169,50,76,158,2,285,319,34,192,144,250,272,331,63,197,90,288,207,103,77,343,337,154,170,23,190,341,193,7,82,215,46,184,26,32,183,161,15,188,72,3,205,160,201,148,178,97,262,52,303,98,58,336,33,292,290,153,89,280,115,238,239,67,234,36,156,20,271,251,300,94,109,78,114,139,326,81,219,196,70,181,11,17,10,143,213,128,307,150,228,295,305,66,48,45,129,253,266,111,155,141,117,182,227,110,165,229,321,320,317,140,224,5,57,80,151,216,138,299,264,191,69,312,330,248,79,30,135,133,47,246,275,233,273,252,62,323,329,64,348,218,202,71,145,42,95,247,304,29,84,177,121,245,244,108,14,126,99,157,104,308,180,54,44,309,316,208,137,281,232,39,179,185,61,211,274,119,106,339,206,124,338,43,130,214,340,267,19,236,120,164,269,333,311,74,306,175,335,243,31,112,342,221,118,325,123,21,162,220,222,249,176,68,37,297,88,105,283,101,277,204,350,125,189,287,278,174,59,294,313,235,270,258,159,268,276,279,171,223,27,284,324,186,240,60,225,28,73,261,9,131,187,195,203,166,255,332,65,96,127,56,265,263,24,16,257,260,226,12,198,22,142,102,302,231,194,259,301,349,41,38,209,351,334,217,93,147,322,282,8,256,4,298,345,318,134,172,315,327,25,200,199,136,241,347,210,230,289,212,346,310,291,168,122,40,293,55,86",20100,200
27,1,96051.82387582753,13.322891319326146,"149,163,83,53,51,173,254,18,92,146,35,167,237,107,328,116,100,85,49,132,152,6,242,286,113,91,296,75,74,314,344,76,87,169,50,158,2,285,319,34,192,144,250,272,331,63,197,90,288,207,103,77,343,337,154,170,23,190,341,193,7,82,215,46,184,26,32,183,161,15,188,72,3,205,160,201,148,178,97,262,52,303,98,58,336,33,292,290,153,89,280,115,238,239,67,234,36,156,20,271,251,300,94,109,78,114,139,326,81,219,196,70,181,11,17,10,143,213,128,307,150,228,295,305,66,48,45,129,253,266,111,155,141,117,182,227,110,165,229,321,320,317,140,224,5,57,80,151,216,138,299,264,191,69,312,330,248,79,30,135,133,47,246,275,233,273,252,62,323,329,64,348,218,202,71,145,42,95,247,304,29,84,177,121,245,244,108,14,126,99,157,104,308,180,54,44,309,316,208,137,281,232,39,179,185,61,211,274,119,106,339,206,124,338,43,130,214,340,267,19,236,120,164,269,333,311,13,306,175,335,243,31,112,342,221,118,325,123,21,162,220,222,249,176,68,37,297,88,105,283,101,277,204,350,125,189,287,278,174,59,345,93,147,322,282,8,195,240,298,217,334,27,9,210,186,28,199,225,241,347,324,261,276,187,268,203,255,122,332,65,96,127,56,265,263,24,16,257,260,226,12,198,22,142,102,302,231,194,259,301,349,41,38,209,351,223,171,279,131,284,256,4,73,60,136,200,25,327,315,172,134,318,294,313,235,270,258,159,230,289,212,346,310,291,168,166,40,293,55,86",20100,200
27,2,96988.65191974535,11.339959047625086,"149,163,83,53,51,173,254,18,92,146,35,167,237,107,328,116,100,85,49,132,152,6,242,91,113,286,296,75,87,13,314,344,169,50,76,158,2,285,319,34,192,144,250,272,331,63,197,90,288,207,103,77,343,337,154,170,23,190,341,193,7,82,215,46,184,26,32,183,161,15,188,72,3,205,160,201,148,178,97,262,52,303,98,58,336,33,292,290,153,89,280,115,238,239,67,234,36,156,20,271,251,300,94,109,78,114,139,326,81,219,196,70,181,11,17,10,143,213,128,307,150,228,295,305,66,48,45,129,253,266,111,155,141,117,182,227,110,165,229,321,320,317,140,224,5,57,80,151,216,138,299,264,191,69,312,330,248,79,30,135,133,47,246,275,233,273,252,62,323,329,64,348,218,202,71,145,42,95,247,304,29,84,177,121,245,244,108,14,126,99,157,104,308,180,54,44,309,316,208,137,281,232,39,179,185,61,211,274,119,106,339,206,124,338,43,130,214,340,267,19,236,120,164,269,333,311,74,306,175,335,243,31,112,342,221,118,325,123,21,162,220,222,249,176,68,37,297,88,105,283,101,277,204,350,125,189,287,278,174,59,294,313,235,270,258,159,268,276,279,171,223,27,284,210,186,28,199,225,241,347,324,261,240,187,195,203,255,122,332,65,96,127,56,265,263,24,16,257,260,226,12,198,22,142,102,302,231,194,259,301,349,41,38,209,351,334,217,298,131,9,256,4,73,60,136,200,25,327,315,172,134,318,345,93,147,322,282,8,230,289,212,346,310,291,168,166,40,293,55,86",20100,200
27,3,94175.50879709433,16.55199781575647,"149,163,78,53,51,173,254,300,92,146,35,167,237,130,328,116,5,42,145,132,152,6,242,286,113,157,296,75,13,233,275,87,47,133,76,348,2,285,319,34,192,144,250,272,331,63,197,90,288,207,103,77,343,337,154,252,23,323,329,64,135,218,202,71,184,26,32,62,161,15,188,72,3,205,160,201,148,178,97,246,52,303,98,289,336,33,290,292,271,89,224,115,238,239,67,234,36,156,20,153,83,18,94,109,251,114,139,326,81,219,273,306,74,314,344,262,28,50,158,193,341,190,247,95,304,29,82,215,46,49,85,183,170,175,335,243,31,169,84,7,30,79,248,330,312,69,317,264,299,138,261,151,80,57,225,280,266,111,253,129,229,165,121,245,244,108,141,155,140,191,320,321,45,48,66,305,295,228,150,307,128,213,143,10,17,11,181,70,196,311,91,269,164,120,236,19,267,340,214,107,43,338,124,182,117,14,126,99,333,61,185,179,39,232,281,137,208,316,309,44,54,180,308,104,211,274,119,106,339,206,227,110,112,342,221,118,325,123,21,162,220,222,249,176,68,37,297,88,105,283,101,277,136,200,25,327,315,172,134,318,345,313,235,270,258,159,268,276,279,171,223,27,284,324,186,240,60,100,177,73,216,9,131,187,195,203,166,255,332,65,96,127,56,265,263,24,16,257,260,226,12,198,22,142,102,302,231,194,259,301,349,41,38,209,351,334,217,93,147,322,282,8,256,4,298,294,59,174,278,287,189,125,350,199,204,241,347,210,230,58,212,346,310,291,168,122,40,293,55,86",20100,200
27,4,94932.22269569452,14.84074463968196,"149,163,78,53,51,173,254,300,92,146,35,167,237,130,328,116,5,42,145,71,202,218,348,64,329,323,23,252,154,337,343,77,103,207,288,2,285,319,34,192,144,250,272,331,63,197,90,135,133,47,87,275,233,13,76,75,296,157,113,286,242,6,152,132,184,26,32,62,161,15,188,72,3,205,160,201,148,178,97,246,52,303,98,58,336,33,290,292,271,89,224,115,238,239,67,234,36,156,20,153,83,18,94,109,251,324,139,326,81,219,273,306,74,314,344,262,28,50,158,193,341,190,85,49,46,215,82,29,304,95,247,183,170,175,335,243,31,169,84,7,30,79,248,330,312,69,317,264,299,138,261,151,80,57,100,280,266,111,253,129,229,165,121,245,244,108,141,155,140,191,320,321,45,48,66,305,295,228,150,307,128,213,143,10,17,11,181,70,196,311,91,269,164,120,236,19,267,340,214,107,43,338,124,182,117,14,126,99,333,61,185,179,39,232,281,137,208,316,309,44,54,180,308,104,211,274,119,106,339,206,227,110,112,342,221,118,325,123,21,162,220,222,249,176,68,37,297,88,105,283,101,277,136,200,25,327,315,172,134,318,345,313,235,270,258,159,268,276,279,171,223,27,284,114,186,240,60,225,177,73,216,9,131,187,195,203,166,255,332,65,96,127,56,265,263,24,16,257,260,226,12,198,22,142,102,302,231,194,259,301,349,41,38,209,351,334,217,93,147,322,282,8,256,4,298,294,59,174,278,287,189,125,350,199,204,241,347,210,230,289,212,346,310,291,168,122,40,293,55,86",20100,200
27,5,97062.47000171652,10.846303068300882,"149,163,83,53,51,173,254,18,92,146,35,167,237,107,328,116,100,85,49,132,152,6,242,286,113,91,296,75,74,314,344,76,87,169,50,158,2,285,319,34,192,144,250,272,331,63,197,90,288,207,103,77,343,337,154,170,23,190,341,193,7,82,215,46,184,26,32,183,161,15,188,72,3,205,160,201,148,178,97,262,52,303,98,58,336,33,292,290,153,89,280,115,238,239,67,234,36,156,20,271,251,300,94,109,78,114,139,326,81,219,196,70,181,11,17,10,143,213,128,307,150,228,295,305,66,48,45,129,253,266,111,155,141,117,182,227,110,165,229,321,320,317,140,224,5,57,80,151,216,138,299,264,191,69,312,330,248,79,30,135,133,47,246,275,233,273,252,62,323,329,64,348,218,202,71,145,42,95,247,304,29,84,177,121,245,244,108,14,126,99,157,104,308,180,54,44,309,316,208,137,281,232,39,179,185,61,211,274,119,106,339,206,124,338,43,130,214,340,267,19,236,120,164,269,13,311,333,306,175,335,243,31,112,342,221,118,325,123,21,162,220,222,249,176,68,37,297,88,105,283,101,277,204,350,125,189,287,278,174,59,294,313,235,270,258,159,268,276,279,171,223,27,284,324,186,240,60,225,28,73,261,9,131,187,195,203,166,255,332,65,96,127,56,265,263,24,16,257,260,226,12,198,22,142,102,302,231,194,259,301,349,41,38,209,351,334,217,93,147,322,282,8,256,4,298,345,318,134,172,315,327,25,200,199,136,241,347,210,230,289,212,346,310,291,168,122,40,293,55,86",20100,200
27,6,94416.08324921296,16.33419238882451,"149,163,78,53,51,173,254,300,92,146,35,167,237,130,328,116,5,42,145,132,152,6,242,286,113,157,296,75,13,233,275,87,47,133,76,348,2,285,319,34,192,144,250,272,331,63,197,90,288,207,103,77,343,337,154,252,23,323,329,64,135,218,202,71,184,26,32,62,161,15,188,72,3,205,160,201,148,178,97,246,52,303,98,289,336,33,290,292,271,89,224,115,238,239,67,234,36,156,20,153,83,18,94,109,251,114,139,326,81,219,273,306,74,314,344,262,28,50,158,193,341,190,85,49,46,215,82,29,304,95,247,183,170,175,335,243,31,169,84,7,30,79,248,330,312,69,317,264,299,138,261,151,80,57,100,280,266,111,253,129,229,165,121,245,244,108,141,155,140,191,320,321,45,48,66,305,295,228,150,307,128,213,143,10,17,11,181,70,196,311,91,269,164,120,236,19,267,340,214,107,43,338,124,182,117,14,126,99,333,61,185,179,39,232,281,137,208,316,309,44,54,180,308,104,211,274,119,106,339,206,227,110,112,342,221,118,325,123,21,162,220,222,249,176,68,37,297,88,105,283,101,277,136,200,25,327,315,172,134,318,345,313,235,270,258,159,268,276,279,171,223,27,284,324,186,240,60,225,177,73,216,9,131,187,195,203,166,255,332,65,96,127,56,265,263,24,16,257,260,226,12,198,22,142,102,302,231,194,259,301,349,41,38,209,351,334,217,93,147,322,282,8,256,4,298,294,59,174,278,287,189,125,350,199,204,241,347,210,230,58,212,346,310,291,168,122,40,293,55,86",20100,200
27,7,93416.71850794154,19.561858452391775,"149,163,78,53,51,173,254,300,92,146,35,167,237,130,328,116,100,42,145,71,202,218,348,64,113,157,296,75,76,13,233,275,87,47,133,135,2,285,319,34,192,144,250,272,331,63,197,90,288,207,103,77,343,337,154,252,23,323,329,286,242,6,152,132,184,26,32,62,161,15,188,72,3,205,160,201,148,178,97,246,52,303,98,289,336,33,290,292,271,89,224,115,238,239,67,234,36,156,20,153,83,18,94,109,251,324,139,326,81,219,273,306,74,314,344,262,28,50,158,193,341,190,85,49,46,215,82,29,304,95,247,183,170,175,335,243,31,169,84,7,30,79,248,330,312,69,317,264,299,138,261,151,80,57,225,280,266,111,253,129,229,165,121,245,244,108,141,155,140,191,320,321,45,48,66,305,295,228,150,307,128,213,143,10,17,11,181,70,196,311,91,269,164,120,236,19,267,340,214,107,43,338,124,206,339,106,119,274,211,61,185,179,39,44,309,316,208,137,281,232,54,180,308,104,333,99,126,14,117,182,227,110,112,342,221,118,325,123,21,162,220,222,249,176,68,37,297,88,105,283,101,277,136,200,25,327,315,172,134,318,345,313,235,270,258,159,268,276,279,171,223,27,284,114,186,240,60,5,177,73,216,9,131,187,195,203,166,255,332,65,96,127,56,265,263,24,16,257,260,226,12,198,22,142,102,302,231,194,259,301,349,41,38,209,351,334,217,93,147,322,282,8,256,4,298,294,59,174,278,287,189,125,350,199,204,241,347,210,230,58,212,346,310,291,168,122,40,293,55,86",20100,200
27,8,93817.15707295512,17.398644135084737,"149,163,78,53,51,173,254,300,92,146,35,167,237,130,193,341,33,85,49,46,215,82,29,304,329,323,23,252,154,337,343,77,103,207,288,2,285,319,34,192,144,250,272,331,63,197,90,135,133,47,87,275,233,273,76,75,296,157,113,286,242,6,152,132,184,26,32,62,161,15,188,72,3,205,160,201,148,178,97,246,52,303,98,58,336,5,290,292,271,89,224,115,238,239,67,234,36,156,20,153,83,18,94,109,251,324,139,326,81,219,13,306,74,314,344,262,28,50,158,328,116,190,42,145,71,202,218,348,64,95,247,183,170,175,335,243,31,169,84,7,30,79,248,330,312,69,317,264,299,138,261,151,80,57,100,280,266,111,253,129,229,165,121,245,244,108,141,155,140,191,320,321,45,48,66,305,295,228,150,307,128,213,143,10,17,11,181,70,196,311,91,269,164,120,236,19,267,340,214,107,43,338,124,182,117,14,126,99,333,61,185,179,39,232,281,137,208,316,309,44,54,180,308,104,211,274,119,106,339,206,227,110,112,342,221,118,325,123,21,162,220,222,249,176,68,37,297,88,105,283,101,277,136,200,25,327,315,172,134,318,345,313,235,270,258,159,268,276,279,171,223,27,284,114,186,240,60,225,177,73,216,9,131,187,195,203,166,255,332,65,96,127,56,265,263,24,16,257,260,226,12,198,22,142,102,302,231,194,259,301,349,41,38,209,351,334,217,93,147,322,282,8,256,4,298,294,59,174,278,287,189,125,350,199,204,241,347,210,230,289,212,346,310,291,168,122,40,293,55,86",20100,200
27,9,94889.7592779734,15.702652096241502,"149,163,78,53,51,173,254,300,92,146,35,167,237,130,328,116,33,42,145,71,202,218,348,64,329,323,23,252,154,337,343,77,103,207,288,2,285,319,34,192,144,250,272,331,63,197,90,135,133,47,87,275,233,13,76,75,296,157,113,286,242,6,152,132,184,26,32,62,161,15,188,72,3,205,160,201,148,178,97,246,52,303,98,58,336,100,290,292,271,89,224,115,238,239,67,234,261,156,20,153,83,18,94,109,251,324,139,326,81,219,273,306,74,314,344,262,28,50,158,193,341,190,85,49,46,215,82,29,304,95,247,183,170,175,335,243,31,169,84,7,30,79,248,330,312,69,317,264,299,138,36,151,80,57,5,280,266,111,253,129,229,165,121,245,244,108,141,155,140,191,320,321,45,48,66,305,295,228,150,307,128,213,143,10,17,11,181,70,196,311,91,269,164,120,236,19,267,340,214,107,43,338,124,182,117,14,126,99,333,61,185,179,39,232,281,137,208,316,309,44,54,180,308,104,211,274,119,106,339,206,227,110,112,342,221,118,325,123,21,162,220,222,249,176,68,37,297,88,105,283,101,277,136,200,25,327,315,172,134,318,345,313,235,270,258,159,268,276,279,171,223,27,284,114,186,240,60,225,177,73,216,9,131,187,195,203,166,255,332,65,96,127,56,265,263,24,16,257,260,226,12,198,22,142,102,302,231,194,259,301,349,41,38,209,351,334,217,93,147,322,282,8,256,4,298,294,59,174,278,287,189,125,350,199,204,241,347,210,230,289,212,346,310,291,168,122,40,293,55,86",20100,200
27,10,94878.83675331553,15.911566045439661,"149,163,78,53,51,173,254,300,92,146,35,167,237,130,328,116,5,42,145,71,273,233,275,87,47,133,135,90,197,63,331,272,250,144,192,34,319,285,2,288,207,103,77,343,337,154,252,23,323,329,64,348,218,202,76,75,296,157,113,286,242,6,152,132,184,26,32,62,161,15,188,72,3,205,160,201,148,178,97,246,52,303,98,58,336,33,290,292,271,89,224,115,238,239,67,234,36,156,20,153,83,18,94,109,251,324,139,326,81,219,13,306,74,314,344,262,28,50,158,193,341,190,85,49,46,215,82,29,304,95,247,183,170,175,335,243,31,169,84,7,30,79,248,330,312,69,317,264,299,138,261,151,80,57,100,280,266,111,253,129,229,165,121,245,244,108,141,155,140,191,320,321,45,48,66,305,295,228,150,307,128,213,143,10,17,11,181,70,196,311,91,269,164,120,236,19,267,340,214,107,43,338,124,182,117,14,126,99,333,61,185,179,39,232,281,137,208,316,309,44,54,180,308,104,211,274,119,106,339,206,227,110,112,342,221,118,325,123,21,162,220,222,249,176,68,37,297,88,105,283,101,277,204,350,125,189,287,278,174,59,294,313,235,270,258,159,268,276,279,171,223,27,284,114,186,240,60,225,177,73,216,9,131,187,195,203,166,255,332,65,96,127,56,265,263,24,16,257,260,226,12,198,22,142,102,302,231,194,259,301,349,41,38,209,351,334,217,93,147,322,282,8,256,4,298,345,318,134,172,315,327,25,200,199,136,241,347,210,230,289,212,346,310,291,168,122,40,293,55,86",20100,200
27,11,93938.95279487305,17.178035707337855,"149,163,78,53,51,173,254,300,92,146,35,167,237,130,328,116,100,42,145,71,202,218,348,64,113,157,296,75,76,13,233,275,87,47,133,135,2,285,319,34,192,144,250,272,331,63,197,90,288,207,103,77,343,337,154,252,23,323,329,286,242,6,152,132,184,26,32,62,161,15,188,72,3,205,160,201,148,178,97,246,52,303,98,289,336,33,290,292,271,89,224,115,238,239,67,234,36,156,20,153,83,18,94,109,251,324,139,326,81,219,273,306,74,314,344,262,28,50,158,193,341,190,85,49,46,215,82,29,304,95,247,183,170,175,335,243,31,169,84,7,30,79,248,330,312,69,317,264,299,138,261,151,80,57,5,280,266,111,253,129,229,165,121,245,244,108,141,155,140,191,320,321,45,48,66,305,295,228,150,307,128,213,143,10,17,11,181,70,196,311,91,269,164,120,236,19,267,340,214,107,43,338,124,182,117,14,126,99,333,61,185,179,39,232,281,137,208,316,309,44,54,180,308,104,211,274,119,106,339,206,227,110,112,342,221,118,325,123,21,162,220,222,249,176,68,37,297,88,105,283,101,277,136,200,25,327,315,172,134,318,345,313,235,270,258,159,268,276,279,171,223,27,284,114,186,240,60,225,177,73,216,9,131,187,195,203,166,255,332,65,96,127,56,265,263,24,16,257,260,226,12,198,22,142,102,302,231,194,259,301,349,41,38,209,351,334,217,93,147,322,282,8,256,4,298,294,59,174,278,287,189,125,350,199,204,241,347,210,230,58,212,346,310,291,168,122,40,293,55,86",20100,200
27,12,93631.11820807247,18.88807373363482,"149,163,246,97,178,148,201,160,205,3,72,188,15,161,328,116,26,42,145,71,6,242,286,113,157,296,75,76,13,233,275,87,47,133,135,2,285,319,34,192,144,250,272,331,63,197,90,288,207,103,77,343,337,154,252,23,323,329,64,348,218,202,46,49,85,33,341,193,130,237,167,35,146,92,300,254,173,51,53,78,52,303,98,58,336,5,290,292,271,89,224,115,238,239,67,234,36,156,20,153,83,18,94,109,251,324,139,326,81,219,273,306,74,314,344,262,28,50,158,62,32,190,184,132,152,215,82,29,304,95,247,183,170,175,335,243,31,169,84,7,30,79,248,330,312,69,317,264,299,138,261,151,80,57,225,280,266,111,253,129,229,165,121,245,244,108,141,155,140,191,320,321,45,48,66,305,295,228,150,307,128,213,143,10,17,11,181,70,196,311,91,269,164,120,236,19,267,340,214,107,43,338,124,182,117,14,126,99,333,61,185,179,39,232,281,137,208,316,309,44,54,180,308,104,211,274,119,106,339,206,227,110,112,342,221,118,325,123,21,162,220,222,249,176,68,37,297,88,105,283,101,277,204,350,125,189,287,278,174,59,294,313,235,270,258,159,268,276,279,171,223,27,284,114,186,240,60,100,177,73,241,136,199,200,25,327,315,172,134,318,345,298,4,256,8,282,322,147,93,217,334,351,209,38,41,349,301,259,194,231,302,102,142,22,198,12,226,260,257,16,24,263,265,56,127,96,65,332,255,166,203,195,187,131,9,216,347,210,230,289,212,346,310,291,168,122,40,293,55,86",20100,200
27,13,94831.15005799365,16.311396474508886,"149,163,78,53,51,173,254,300,92,146,35,167,237,130,328,116,33,42,145,132,152,6,242,286,113,157,296,75,13,233,275,87,47,133,76,348,2,285,319,34,192,144,250,272,331,63,197,90,288,207,103,77,343,337,154,252,23,323,329,64,135,218,202,71,184,26,32,62,161,15,188,72,3,205,160,201,148,178,97,246,52,303,98,58,336,5,290,292,271,89,224,115,238,239,67,234,36,156,20,153,83,18,94,109,251,324,139,326,81,219,273,306,74,314,344,262,28,50,158,193,341,190,85,49,46,215,82,29,304,95,247,183,170,175,335,243,31,169,84,7,30,79,248,330,312,69,317,264,299,138,261,151,80,57,100,280,266,111,253,129,229,165,121,245,244,108,141,155,140,191,320,321,45,48,66,305,295,228,150,307,128,213,143,10,17,11,181,70,196,311,91,269,164,120,236,19,267,340,214,107,43,338,124,182,117,14,126,99,333,61,185,179,54,44,309,316,208,137,281,232,39,180,308,104,211,274,119,106,339,206,227,110,112,342,221,118,325,123,21,162,220,222,249,176,68,37,297,88,105,283,101,277,204,350,125,189,287,278,174,59,294,313,235,270,258,159,268,276,279,171,223,27,284,114,186,240,60,225,177,73,216,9,131,187,195,203,166,255,332,65,96,127,56,265,263,24,16,257,260,226,12,198,22,142,102,302,231,194,259,301,349,41,38,209,351,334,217,93,147,25,327,315,172,134,318,345,298,4,256,8,282,322,200,199,136,241,347,210,230,289,212,346,310,291,168,122,40,293,55,86",20100,200
27,14,94926.22924025748,15.192295448520362,"252,23,323,329,304,29,82,215,46,49,85,5,341,193,130,237,167,35,146,92,300,254,173,51,53,78,163,149,154,337,343,77,103,207,288,2,285,319,34,192,144,250,272,331,63,197,90,135,133,47,87,275,233,13,76,75,296,157,113,286,242,6,152,132,184,26,32,62,161,15,188,72,3,205,160,201,148,178,97,246,52,303,98,58,336,33,290,292,271,89,224,115,238,239,67,234,36,156,20,153,83,18,94,109,251,324,139,326,81,219,273,306,74,314,344,262,28,50,158,328,116,190,42,145,71,202,218,348,64,95,247,183,170,175,335,243,31,169,84,7,30,79,248,330,312,69,111,264,299,138,261,151,80,57,225,280,266,317,253,129,229,165,121,245,244,108,141,155,140,191,320,321,45,48,66,305,295,228,150,307,128,213,143,10,17,11,181,70,196,311,91,269,164,120,236,19,267,340,214,107,43,338,124,182,117,14,126,99,333,61,185,179,39,232,281,137,208,316,309,44,54,180,308,104,211,274,119,106,339,206,227,110,112,342,221,118,325,123,21,162,220,222,249,176,68,37,297,88,105,283,101,277,136,200,25,327,315,172,134,318,345,313,235,270,258,159,268,276,279,171,223,27,284,114,186,240,60,100,177,73,216,9,131,187,195,203,166,255,332,65,96,127,56,265,263,24,16,257,260,226,12,198,22,142,102,302,231,194,259,301,349,41,38,209,351,334,217,93,147,322,282,8,256,4,298,294,59,174,278,287,189,125,350,199,204,241,347,210,230,289,212,346,310,291,168,122,40,293,55,86",20100,200
27,15,95186.18993464,14.595834992718553,"149,163,78,53,51,173,254,300,92,146,35,167,237,130,328,116,5,42,145,71,202,218,348,64,329,323,23,252,273,337,343,77,103,207,288,2,285,319,34,192,144,250,272,331,63,197,90,135,133,47,87,275,233,154,76,75,296,157,113,286,242,6,152,132,184,26,32,62,161,15,188,72,3,205,160,201,148,178,97,246,52,303,98,58,336,33,290,292,271,89,224,115,238,239,67,234,36,156,20,153,83,18,94,109,251,324,139,326,81,219,13,306,74,314,344,262,28,50,158,193,341,190,85,49,46,215,82,29,304,95,247,183,170,175,335,243,31,169,84,7,30,79,248,330,312,69,317,264,299,138,261,151,80,57,100,280,266,111,253,129,229,165,121,245,244,108,141,155,140,191,320,321,45,48,66,305,295,228,150,307,128,213,143,10,17,11,181,70,196,311,91,269,164,120,236,19,267,340,214,107,43,338,124,182,117,14,126,99,333,61,185,179,39,232,281,137,208,316,309,44,54,180,308,104,211,274,119,106,339,206,227,110,112,342,221,118,325,123,21,162,220,222,249,176,68,37,297,88,105,283,101,277,136,200,25,327,315,172,134,318,345,313,235,270,258,159,268,276,279,171,223,27,284,114,186,240,60,225,177,73,216,9,131,187,195,203,166,255,332,65,96,127,56,265,263,24,16,257,260,226,12,198,22,142,102,302,231,194,259,301,349,41,38,209,351,334,217,93,147,322,282,8,256,4,298,294,59,174,278,287,189,125,350,199,204,241,347,210,230,289,212,346,310,291,168,122,40,293,55,86",20100,200
27,16,95015.94813312766,14.741691521060575,"149,163,78,53,51,173,254,300,92,146,35,167,237,130,328,116,33,42,145,132,152,6,242,286,113,157,296,75,13,233,275,87,47,133,76,348,2,285,319,34,192,144,250,272,331,63,197,90,288,207,103,77,343,337,154,252,23,323,329,64,135,218,202,71,184,26,32,62,161,15,188,72,3,205,160,201,148,178,97,246,302,303,98,58,336,5,290,292,271,89,224,115,238,239,67,234,36,156,20,153,83,18,94,109,251,324,139,326,81,219,273,306,74,314,344,262,28,50,158,193,341,190,85,49,46,215,82,29,304,95,247,183,170,175,335,243,31,169,84,7,30,79,248,330,312,69,317,264,299,138,261,151,80,57,100,280,266,111,253,129,229,165,121,245,244,108,141,155,140,191,320,321,45,48,66,305,295,228,150,307,128,213,143,10,17,11,181,70,196,311,91,269,164,120,236,19,267,340,214,107,43,338,124,182,117,14,126,99,333,61,185,179,54,44,309,316,208,137,281,232,39,180,308,104,211,274,119,106,339,206,227,110,112,342,221,118,325,123,21,162,220,222,249,176,68,37,297,88,105,283,101,277,204,350,125,189,287,278,174,59,294,313,235,270,258,159,268,276,279,171,223,27,284,114,186,240,60,225,177,73,216,9,131,187,195,203,166,255,332,65,96,127,56,265,263,24,16,257,260,226,12,198,22,142,102,52,231,194,259,301,349,41,38,209,351,334,217,93,147,322,282,8,256,4,298,345,318,134,172,315,327,25,200,199,136,241,347,210,230,289,212,346,310,291,168,122,40,293,55,86",20100,200
28,0,115255.62593516662,12.894236614413462,"243,237,281,276,140,261,3,329,127,333,348,96,263,72,155,28,274,77,300,84,60,309,68,152,340,145,56,99,33,170,211,279,30,338,70,10,239,124,254,48,185,13,343,47,42,215,228,181,316,34,141,284,236,83,294,175,91,36,209,297,248,133,342,31,299,306,6,291,53,184,246,199,194,176,154,298,344,101,73,49,235,205,129,288,159,20,122,130,118,148,302,8,206,321,121,105,255,125,187,150,319,163,258,51,23,201,86,259,95,222,233,240,286,174,304,275,224,214,94,100,331,14,173,98,149,165,336,207,167,90,295,231,285,114,230,38,81,62,112,106,11,337,109,172,134,332,32,19,347,213,66,250,221,27,252,5,223,147,269,351,158,260,88,156,317,128,186,93,78,161,182,226,262,80,87,326,323,103,308,63,138,35,303,164,126,267,17,4,202,264,180,61,82,12,195,123,212,191,216,139,200,339,268,278,271,57,335,257,75,169,179,102,115,290,153,203,315,287,307,41,22,44,190,208,320,39,334,296,142,7,26,18,40,328,116,168,272,92,166,227,280,37,245,350,58,76,346,341,253,322,349,325,234,104,120,210,85,218,54,313,273,131,178,270,293,136,69,143,249,330,247,225,193,232,108,43,256,45,277,314,144,119,137,74,15,64,65,318,135,59,251,305,107,219,241,292,110,132,9,160,192,171,183,21,24,71,25,113,188,97,55,2,29,79,217,244,242,198,89,151,311,50,324,111,238,189,220,16,289,117,67,265,301,162,310,266,327,196,157,345,197,312,146,283,46,282,229,204,177,52",20100,200
28,1,95132.113394519,17.75194136962156,"243,97,18,307,182,60,230,87,288,292,213,58,96,238,319,189,21,122,195,212,144,228,40,264,50,191,190,266,171,57,99,33,117,79,272,146,346,197,4,339,2,163,200,154,15,66,175,322,39,198,185,129,35,34,70,145,232,309,170,248,101,313,19,77,156,289,210,67,237,187,241,47,218,327,84,168,284,157,298,227,130,121,178,80,100,258,250,260,226,256,205,173,278,217,132,89,150,43,299,51,24,231,90,131,104,261,14,310,44,251,181,180,11,55,304,209,56,192,203,337,263,283,246,27,73,140,308,105,332,329,29,152,199,202,216,188,41,301,267,184,111,245,54,6,108,169,321,318,314,37,141,112,348,196,64,194,345,128,201,158,242,102,8,7,179,120,26,296,349,340,225,68,186,167,207,336,165,149,98,291,142,331,160,94,214,224,275,118,174,286,215,5,138,351,83,302,134,276,344,164,285,81,46,281,124,148,274,9,82,153,103,305,347,233,71,143,20,136,49,335,115,240,294,316,287,338,280,95,303,52,17,74,311,16,48,135,127,36,239,59,293,306,176,236,32,93,69,92,78,317,88,334,23,328,113,330,65,234,268,28,119,220,300,269,125,12,270,53,312,254,62,325,106,279,137,252,343,139,133,183,277,166,315,45,30,107,13,172,211,22,109,3,255,147,75,324,297,326,114,85,155,323,259,63,282,265,271,72,320,38,333,208,25,91,342,151,86,31,219,262,161,126,206,162,76,273,10,247,290,222,295,257,159,42,221,235,123,341,244,193,350,253,116,249,110,223,229,204,177,61",20100,200
28,2,118860.40951727555,12.429780090837326,"96,42,254,129,300,284,185,329,291,146,297,239,199,343,211,196,83,309,162,49,301,333,36,215,28,246,243,276,274,235,70,53,67,181,6,306,13,266,205,117,30,177,228,48,282,281,197,47,312,279,283,294,73,265,124,91,261,348,31,327,52,155,10,237,248,3,340,33,344,141,60,99,316,209,140,157,34,133,68,263,184,56,77,288,159,20,122,130,118,148,302,8,206,321,121,105,255,125,187,150,319,163,258,51,23,201,86,259,95,222,233,240,286,174,304,275,224,214,94,100,331,14,173,98,149,165,336,207,167,90,295,231,285,114,230,38,81,62,112,106,11,337,109,172,134,332,32,19,347,213,66,250,221,27,252,5,223,147,269,351,158,260,88,156,317,128,186,93,78,161,182,226,262,80,87,326,323,103,308,63,138,35,303,164,126,267,17,4,202,264,180,61,82,12,195,123,212,191,216,139,200,339,268,278,271,57,335,257,75,169,179,102,115,290,153,203,315,198,242,244,217,79,29,2,55,97,188,113,25,71,24,21,183,171,192,160,9,132,110,292,241,219,107,305,251,59,135,318,65,64,15,74,137,119,144,314,277,45,256,43,108,232,193,225,247,330,249,143,69,136,293,270,85,218,54,313,273,131,178,210,120,104,234,325,349,322,253,341,346,76,58,350,245,37,280,227,18,40,328,116,168,272,92,166,26,7,142,296,334,39,320,208,190,44,22,41,307,287,89,151,311,50,324,111,238,189,220,16,236,310,145,154,176,152,342,289,298,299,127,338,229,72,84,101,194,46,170,204,175,345",20100,200
28,3,96078.83281029011,15.390918929275417,"243,97,18,307,182,60,230,87,288,292,213,58,96,238,319,189,149,122,195,212,144,228,40,264,50,191,190,235,171,57,99,33,117,79,272,146,346,197,4,339,2,145,70,34,35,129,185,198,39,322,175,66,15,332,69,56,209,304,55,11,180,225,251,44,128,345,194,64,193,348,112,24,51,299,43,315,179,314,217,278,224,108,6,215,109,138,351,83,302,134,276,147,160,233,37,38,93,118,280,338,287,316,174,291,115,335,49,245,111,184,53,336,5,127,13,107,8,102,242,30,201,239,157,22,135,48,237,67,210,289,156,77,183,277,166,7,45,309,232,163,200,154,105,178,121,130,227,142,192,196,158,267,331,168,181,172,240,186,21,169,141,254,262,311,68,72,340,349,296,26,120,92,78,317,88,334,23,328,113,330,65,234,36,294,119,220,300,269,125,12,270,312,170,248,101,313,19,133,139,343,252,137,279,106,325,62,207,3,301,41,188,216,202,199,152,29,329,211,284,308,140,73,187,241,136,20,236,203,75,165,143,32,255,153,54,47,218,344,164,74,17,52,303,95,327,84,71,28,268,337,263,283,246,27,16,98,285,81,46,281,124,148,274,9,82,286,103,347,305,80,231,90,131,104,261,14,310,59,293,306,176,298,150,89,132,318,321,173,205,256,226,260,250,258,100,324,297,326,114,85,155,323,259,63,282,265,271,94,320,214,333,208,25,42,159,257,295,222,290,247,10,273,76,162,206,126,161,167,219,31,86,151,342,91,221,266,123,341,244,275,350,253,116,249,110,223,229,204,177,61",20100,200
28,4,93970.2346761387,19.575845290072703,"243,97,18,307,182,60,230,87,288,292,213,58,96,238,319,189,149,122,195,212,144,228,40,264,50,191,190,235,171,57,99,33,117,79,272,146,346,197,4,339,2,145,70,34,35,129,185,198,39,322,175,66,15,154,200,163,232,309,45,7,166,277,183,77,156,289,210,67,237,48,135,22,157,239,201,30,242,102,8,107,13,127,5,336,53,184,111,245,49,335,115,291,174,316,287,338,280,118,93,38,37,233,160,147,276,134,302,83,351,138,109,215,6,108,224,278,217,314,179,315,43,299,51,24,112,348,193,64,194,345,128,44,251,225,180,11,55,304,209,56,69,332,105,178,121,130,227,142,192,196,158,267,331,168,181,172,240,186,21,169,141,254,262,311,68,72,340,349,296,26,120,92,78,317,88,334,23,328,113,330,65,234,36,294,119,220,300,269,125,12,270,312,170,248,101,313,19,133,139,343,252,137,279,106,325,62,207,3,301,41,188,216,202,199,152,29,329,211,284,308,140,73,187,241,136,20,236,203,75,165,143,32,255,153,54,47,218,344,164,74,17,52,303,95,327,84,71,28,268,337,263,283,246,27,16,98,285,81,46,281,124,148,274,9,82,286,103,347,305,80,231,90,131,104,261,14,310,59,293,306,176,298,150,89,132,63,259,323,155,85,114,326,297,324,100,258,250,260,226,256,205,173,321,318,282,265,271,94,320,214,333,208,25,42,159,257,295,222,290,247,10,273,76,162,206,126,161,167,219,31,86,151,342,91,221,266,123,341,244,275,350,253,116,249,110,223,229,204,177,61",20100,200
28,5,93552.46757291947,19.918271218774766,"243,97,18,8,102,53,30,184,239,292,22,245,48,237,67,210,289,156,77,183,277,166,7,45,309,232,145,70,34,35,129,185,198,39,322,175,66,15,154,200,111,2,339,37,197,346,146,272,79,117,33,99,57,171,266,190,191,50,264,40,228,144,212,195,122,149,189,319,238,96,58,213,135,288,87,230,60,182,307,107,13,49,5,336,335,201,163,115,127,242,157,291,174,316,287,338,280,118,93,38,4,233,160,147,276,134,302,83,351,138,109,215,6,108,224,278,217,314,179,315,43,299,51,24,112,348,193,64,194,345,128,44,251,225,180,11,55,304,209,56,69,332,105,178,121,130,227,142,192,196,158,267,331,168,181,172,240,186,21,169,141,254,262,311,68,72,340,349,296,26,120,92,78,317,88,334,23,328,113,330,65,234,36,294,119,220,300,269,125,12,270,312,170,248,101,313,19,133,139,343,252,137,279,106,325,62,207,3,301,41,188,216,202,199,152,29,329,211,284,308,140,73,187,241,136,20,236,203,75,165,143,32,255,153,54,47,218,344,164,74,17,52,303,95,327,84,71,28,268,337,263,283,246,27,16,98,285,81,46,281,124,148,274,9,82,286,103,347,305,80,231,90,131,104,261,14,310,59,293,306,176,298,150,89,132,318,321,173,205,256,226,260,250,258,100,324,297,326,114,85,155,323,259,63,282,265,271,94,320,214,333,208,25,42,159,257,295,222,290,247,10,273,76,162,206,126,161,167,219,31,86,151,342,91,221,235,123,341,244,275,350,253,116,249,110,223,229,204,177,61",20100,200
28,6,93975.87858049557,18.10220730455411,"243,97,18,307,182,60,230,87,288,292,213,58,96,238,319,189,149,122,195,212,144,228,40,264,50,191,190,235,171,57,99,33,117,79,272,146,346,197,4,339,2,145,70,34,166,129,185,198,39,183,175,66,15,154,200,163,232,309,45,277,35,7,322,77,156,289,210,67,237,48,135,22,157,239,201,30,242,102,8,107,13,127,5,336,53,184,111,245,49,335,115,291,174,316,287,338,280,118,93,38,37,233,160,147,276,134,302,83,351,138,109,215,6,108,224,278,217,314,179,315,43,299,51,24,112,348,193,64,194,345,128,44,251,225,180,11,55,304,209,56,69,332,105,178,121,130,227,142,192,196,158,267,331,168,181,172,240,186,21,169,141,254,262,311,68,72,340,349,296,26,120,92,78,317,88,334,23,328,113,330,65,234,36,294,119,220,300,269,125,12,270,312,170,248,101,313,19,133,139,343,252,137,279,106,325,62,207,3,301,41,188,216,202,199,152,29,329,211,284,308,140,73,187,241,136,20,236,203,75,165,143,32,255,153,54,47,218,344,164,74,17,52,303,95,327,84,71,28,268,337,263,283,246,27,16,98,285,81,46,281,124,148,274,9,82,286,103,347,305,80,231,90,131,104,261,14,310,59,293,306,176,298,150,89,132,318,321,173,205,256,226,260,250,258,100,324,297,326,114,85,155,323,259,63,282,265,271,94,320,214,333,208,25,42,159,257,295,222,290,247,10,273,76,162,206,126,161,167,219,31,86,151,342,91,221,266,123,249,244,275,350,341,116,253,110,223,229,204,177,61",20100,200
28,7,95270.04802377838,16.420788356514226,"243,97,18,307,182,60,230,87,288,292,213,58,96,238,2,175,149,122,195,212,144,228,40,264,50,191,190,235,171,57,99,33,117,79,272,146,346,197,4,66,154,200,45,70,129,198,145,163,183,277,39,309,15,166,185,34,339,232,319,189,35,7,322,77,156,289,210,237,13,53,49,245,107,8,336,135,239,111,184,30,102,67,48,5,335,201,22,115,127,242,157,291,174,316,287,338,280,118,93,38,37,233,160,147,276,134,302,83,351,138,109,215,6,108,224,278,217,314,179,315,43,299,51,24,112,348,193,64,194,345,128,44,251,225,180,11,55,304,209,56,69,332,105,178,121,130,227,142,192,196,158,267,331,168,181,172,240,186,21,169,141,254,262,311,68,72,340,349,296,26,120,92,78,317,88,334,23,328,113,330,65,234,36,294,119,220,300,269,125,12,270,312,170,248,101,313,19,133,139,343,252,137,279,106,325,62,207,3,301,41,188,216,202,199,152,29,329,211,284,308,140,73,187,241,136,20,236,203,75,165,143,32,255,153,54,47,218,344,164,74,17,52,303,95,327,84,71,28,268,337,263,283,246,27,16,98,285,81,46,281,124,148,274,9,82,286,103,347,305,80,231,90,131,104,261,14,310,59,293,306,176,298,150,89,132,318,321,173,205,256,226,260,250,258,100,324,297,326,114,85,155,323,259,63,282,265,271,94,320,214,333,208,25,42,159,257,295,222,290,247,10,273,76,162,206,126,161,167,219,31,86,151,342,91,221,266,123,341,244,275,350,253,116,249,110,223,229,204,177,61",20100,200
28,8,96699.44207616195,14.93555695908273,"243,97,18,307,182,60,230,87,288,292,213,58,96,238,319,189,149,122,195,212,144,228,40,264,50,191,190,235,171,57,99,240,172,181,168,331,267,158,196,192,142,227,130,121,178,105,332,69,56,209,304,55,11,180,225,251,44,128,345,194,64,193,348,112,24,51,299,43,315,179,314,217,278,224,108,6,215,109,138,351,83,302,134,276,147,160,233,37,38,93,118,280,338,287,316,174,291,115,335,49,245,111,184,53,336,5,127,13,107,8,102,242,30,201,239,157,22,135,48,237,67,210,289,156,77,322,7,35,277,45,309,232,163,200,154,15,66,175,183,39,198,185,129,166,34,70,145,2,339,4,197,346,146,272,79,117,33,186,21,169,141,254,262,311,68,72,324,100,258,250,260,226,256,205,173,321,318,132,89,150,298,176,306,293,59,310,14,261,104,131,90,231,80,305,347,103,286,82,9,274,148,124,281,46,81,285,98,16,27,246,283,263,337,268,28,71,84,327,95,303,52,17,74,164,344,218,47,54,153,255,32,143,165,75,203,236,20,136,241,187,73,140,308,284,211,329,29,152,199,202,216,188,41,301,3,207,62,325,106,279,137,252,343,139,133,19,313,101,248,170,312,270,12,125,269,300,220,119,294,36,234,65,330,113,328,23,334,88,317,78,92,120,26,296,349,340,297,326,114,85,155,323,259,63,282,265,271,94,320,214,333,208,25,42,159,257,295,222,290,247,10,273,76,162,206,126,161,167,219,31,86,151,342,91,221,266,123,341,244,275,350,253,116,249,110,223,229,204,177,61",20100,200
28,9,95213.66547937221,17.432165255283934,"243,97,18,307,182,60,230,87,288,292,213,58,96,238,319,189,149,122,195,212,144,228,40,264,50,191,190,235,171,57,99,240,172,181,168,331,267,158,196,192,142,227,130,121,178,105,332,69,56,209,304,55,11,180,225,251,44,128,345,194,64,193,348,112,24,51,299,43,315,179,314,217,278,224,108,6,215,109,138,351,83,302,134,276,147,160,233,37,38,93,118,280,338,287,316,174,291,115,335,49,245,111,184,53,336,5,127,13,107,8,102,242,30,201,239,157,22,135,48,237,67,210,289,156,77,322,7,244,341,123,266,221,91,342,151,86,31,219,167,161,126,206,162,76,273,10,247,290,222,295,257,159,42,25,208,333,214,320,94,271,265,282,63,259,323,155,85,114,326,297,340,349,296,26,120,92,78,317,88,334,23,328,113,330,65,234,36,294,119,220,300,269,125,12,270,312,170,248,101,313,19,133,139,343,252,137,279,106,325,62,207,3,301,41,188,216,202,199,152,29,329,211,284,308,140,73,187,241,136,20,236,203,75,165,143,32,255,153,54,47,218,344,164,74,17,52,303,95,327,84,71,28,268,337,263,283,246,27,16,98,285,81,46,281,124,148,274,9,82,286,103,347,305,80,231,90,131,104,261,14,310,59,293,306,176,298,150,89,132,318,321,173,205,256,226,260,250,258,100,324,72,68,311,262,254,141,169,21,186,33,117,79,272,146,346,197,4,339,2,145,70,34,166,129,185,198,39,183,175,66,15,154,200,163,232,309,45,277,35,275,350,253,116,249,110,223,229,204,177,61",20100,200
28,10,93506.68378846307,25.26908726542553,"243,97,18,307,182,60,230,87,288,126,213,58,96,238,319,189,149,122,195,212,144,228,40,264,50,191,190,266,171,57,99,33,117,79,272,146,346,197,17,339,2,201,28,154,15,66,175,265,281,242,46,81,35,284,70,145,232,167,161,181,206,162,76,273,10,247,290,222,295,257,285,42,25,135,333,214,293,94,271,322,39,198,185,129,155,128,64,196,297,324,75,331,255,3,105,22,211,172,13,107,30,45,315,8,102,112,338,287,316,137,74,208,52,303,335,327,84,71,142,36,239,59,165,306,176,298,136,49,336,286,282,100,323,259,63,246,27,73,158,147,178,121,32,262,254,291,157,141,263,283,226,256,274,9,278,217,103,89,150,43,299,51,24,231,90,193,104,261,14,310,44,251,225,180,215,5,138,351,83,302,134,109,337,203,320,56,200,304,55,20,143,160,233,37,148,93,118,236,127,21,186,240,311,68,72,340,349,296,26,120,194,78,317,88,334,23,328,113,330,65,234,268,294,119,220,300,269,125,12,270,312,53,305,111,245,54,6,108,224,321,318,314,179,347,166,48,183,133,139,343,252,174,279,106,325,62,207,82,38,41,188,216,202,199,152,29,348,159,98,308,267,130,153,11,95,192,209,227,69,332,276,344,164,92,163,277,131,345,4,258,250,260,80,292,205,173,301,115,132,184,7,16,280,329,326,114,85,168,34,244,140,123,218,47,241,187,237,67,210,289,156,77,19,313,101,248,170,309,219,31,86,151,342,91,221,235,124,341,169,275,350,253,116,249,110,223,229,204,177,61",20100,200
28,11,99305.07552306024,13.179146759067985,"243,97,18,307,182,60,230,87,288,291,213,58,96,238,319,189,196,122,195,212,144,228,40,264,50,191,190,266,171,57,99,33,117,79,272,146,346,197,37,339,2,163,200,154,15,66,175,322,39,198,185,51,35,284,70,145,232,309,170,248,101,313,19,77,156,289,210,67,237,187,241,47,218,327,140,244,34,168,85,114,326,329,280,5,7,184,132,115,301,173,205,292,80,260,250,258,4,233,303,52,17,74,164,344,276,134,302,83,351,138,95,215,153,56,209,304,55,11,180,181,279,28,268,337,263,283,246,27,73,84,308,105,332,69,29,152,199,202,216,188,41,267,49,207,62,325,106,119,220,300,269,125,12,270,312,75,147,255,3,109,22,211,172,13,107,30,45,315,8,102,242,158,201,128,345,194,64,341,348,112,336,178,121,294,32,193,165,214,94,71,225,127,240,186,21,169,141,254,167,311,68,331,340,349,296,26,120,92,78,317,88,334,23,328,113,330,65,234,203,192,130,227,298,176,306,293,59,239,36,142,135,48,16,98,285,81,46,281,124,148,274,9,82,286,103,305,347,174,100,338,287,316,226,256,136,335,278,217,20,89,150,43,299,129,24,231,90,131,104,261,14,310,44,251,137,252,343,139,133,183,277,166,160,179,314,318,321,224,108,6,54,245,111,143,53,324,297,93,118,236,155,323,259,63,282,265,271,72,320,38,333,208,25,42,159,257,295,222,290,247,10,273,76,162,206,126,161,262,219,31,86,151,342,91,221,235,123,149,157,275,350,253,116,249,110,223,229,204,177,61",20100,200
28,12,93065.97310296538,25.34352408581245,"243,97,18,307,182,60,230,87,288,58,213,292,96,238,319,189,149,122,195,212,144,228,40,264,50,191,190,235,171,57,99,33,117,79,272,146,346,197,37,339,2,163,200,154,15,66,175,322,39,198,185,129,35,34,70,145,232,309,45,7,166,277,183,77,156,289,210,67,237,48,135,22,157,239,201,30,242,102,8,107,13,127,5,336,53,184,111,245,49,335,115,291,174,316,287,338,280,118,93,38,4,233,160,147,276,134,302,83,308,284,211,329,29,152,199,202,216,188,41,301,3,207,62,325,106,279,137,252,343,139,128,44,251,225,180,11,55,304,209,56,69,332,105,178,121,130,227,142,192,196,158,267,331,168,181,172,240,186,21,169,141,254,262,311,68,72,340,349,296,26,120,92,78,317,88,334,23,328,113,330,65,234,36,294,119,220,300,269,125,12,270,312,170,248,101,313,19,133,345,194,64,193,348,112,24,51,299,43,315,179,314,255,32,143,165,75,215,109,138,351,140,73,187,241,136,20,236,203,6,108,224,278,217,153,54,47,218,344,164,74,17,52,303,95,327,84,71,28,268,337,263,283,246,27,16,98,285,81,46,281,124,148,274,9,82,286,103,347,305,80,231,90,131,104,261,14,310,59,293,306,176,298,150,89,132,63,259,323,155,85,114,326,297,324,100,258,250,260,226,256,205,173,321,318,282,265,271,94,320,214,333,208,25,42,159,257,295,222,290,247,10,273,76,162,206,126,161,167,219,31,86,151,342,91,221,266,123,341,244,275,350,253,116,249,110,223,229,204,177,61",20100,200
28,13,115764.28910704012,12.827589491178575,"243,237,281,276,140,261,3,329,127,333,348,96,263,72,155,28,274,77,300,84,60,309,68,152,340,145,56,99,33,170,211,279,30,338,70,10,239,124,254,48,185,13,343,47,42,215,228,181,316,34,141,284,236,83,294,175,91,36,209,297,248,133,342,31,299,306,6,291,53,184,246,199,194,176,154,298,344,101,73,49,235,205,129,288,159,20,122,130,118,148,302,8,206,321,121,105,255,125,187,150,319,163,258,51,23,201,86,259,95,222,216,240,286,174,304,275,224,214,94,100,331,14,173,98,149,165,336,207,167,90,295,231,285,114,230,38,81,62,112,106,11,337,109,172,134,332,32,19,347,213,66,250,221,27,252,5,223,147,269,351,158,260,88,156,317,128,186,93,78,161,182,226,262,80,87,326,323,103,308,63,138,35,303,164,126,267,17,4,202,264,180,61,82,12,195,123,212,191,233,139,200,339,268,278,271,57,335,257,75,169,179,102,115,290,153,203,315,287,307,41,22,44,190,208,320,39,334,296,142,7,26,18,40,328,116,168,272,92,166,227,280,37,245,350,58,76,346,341,253,322,349,325,234,104,120,210,178,131,273,313,54,218,85,270,293,136,69,143,249,330,247,225,193,232,108,43,256,45,277,314,144,119,137,74,15,64,65,318,135,59,251,305,107,219,241,292,110,132,9,160,192,171,183,21,24,71,25,113,188,97,55,2,29,79,217,244,242,198,89,151,311,50,324,111,238,189,220,16,289,117,67,265,301,162,310,266,327,196,157,345,197,312,146,283,46,282,229,204,177,52",20100,200
28,14,94496.51449179799,17.793107407134205,"243,97,18,307,182,60,230,87,288,292,213,58,96,238,319,189,149,122,195,212,144,228,40,264,50,191,190,235,171,57,99,33,117,79,272,146,346,197,37,339,2,145,70,53,184,129,185,198,39,183,175,66,15,154,200,13,209,304,107,336,35,239,322,77,156,289,210,49,237,48,30,22,245,8,166,135,34,111,11,55,102,67,277,5,335,201,163,115,127,242,157,291,174,316,287,338,280,118,93,38,4,233,160,147,276,134,302,83,351,138,109,215,6,108,224,278,217,314,179,315,43,299,51,24,112,348,193,64,194,345,128,44,251,225,180,7,45,309,232,56,69,332,105,178,121,130,227,142,192,196,158,267,331,168,181,172,240,186,21,169,141,254,262,311,68,72,340,349,296,26,120,92,78,317,88,334,23,328,113,330,65,234,36,294,119,220,300,269,125,12,270,312,170,248,101,313,19,133,139,343,252,137,279,106,325,62,207,3,301,41,188,216,202,199,152,29,329,211,284,308,140,73,187,241,136,20,236,203,75,165,143,32,255,153,54,47,218,344,164,74,17,52,303,95,327,84,71,28,268,337,263,283,246,27,16,98,285,81,46,281,124,148,274,9,82,286,103,347,305,80,231,90,131,104,261,14,310,59,293,306,176,298,150,89,132,318,321,173,205,256,226,260,250,258,100,324,297,326,114,85,155,323,259,63,282,265,271,94,320,214,333,208,25,42,159,257,295,222,290,247,10,273,76,162,206,126,161,167,219,31,86,151,342,91,221,266,123,341,244,275,350,253,116,249,110,223,229,204,177,61",20100,200
28,15,92840.73501422141,25.45065958974879,"243,97,18,307,182,60,230,87,288,292,213,58,96,238,319,189,149,122,195,212,144,228,40,264,50,191,190,235,171,57,99,33,117,79,272,146,346,197,37,339,2,145,70,34,39,198,185,129,35,322,175,66,15,154,200,163,232,309,45,7,166,277,183,77,156,289,210,67,237,48,135,22,157,239,201,30,242,102,8,107,13,127,5,336,53,184,111,245,49,335,115,291,174,316,287,338,280,118,93,38,4,233,160,147,276,134,302,83,308,284,211,329,29,152,199,202,216,188,41,301,3,207,62,325,106,279,137,252,343,139,128,44,251,225,180,11,55,304,209,56,69,332,105,178,121,130,227,142,192,196,158,267,331,168,181,172,240,186,21,169,141,254,262,311,68,72,340,349,296,26,120,92,78,317,88,334,23,328,113,330,65,234,36,294,119,220,300,269,125,12,270,312,170,248,101,313,19,133,345,194,64,193,348,112,24,51,299,43,315,179,314,255,32,143,165,75,215,109,138,351,140,73,187,241,136,20,236,203,6,108,224,278,217,153,54,47,218,344,164,74,17,52,303,95,327,84,71,28,268,337,263,283,246,27,16,98,285,81,46,281,124,148,274,9,82,286,103,347,305,80,231,90,131,104,261,14,310,59,293,306,176,298,150,89,132,63,259,323,155,85,114,326,297,324,100,258,250,260,226,256,205,173,321,318,282,265,271,94,320,214,333,208,25,42,159,257,295,222,290,247,10,273,76,162,206,126,161,167,219,31,86,151,342,91,221,266,123,249,244,275,350,341,116,253,110,223,229,204,177,61",20100,200
28,16,95290.33986647995,16.217991325388773,"243,97,18,307,182,60,230,87,288,292,213,58,96,238,189,319,149,122,195,212,144,228,78,92,120,26,296,349,340,72,68,311,262,254,141,169,21,186,37,172,181,183,200,154,105,178,121,130,227,142,192,196,158,336,331,168,232,309,30,239,48,184,22,77,156,53,210,237,13,289,49,245,107,8,166,135,267,111,7,45,102,67,277,5,335,201,163,115,127,242,157,291,174,316,287,338,280,118,93,38,240,233,160,147,276,134,302,83,351,138,109,215,6,108,224,278,217,314,179,315,43,299,51,24,112,348,193,64,194,345,128,44,251,225,180,11,55,304,209,56,69,332,15,66,175,322,39,198,185,129,35,34,70,145,2,339,4,197,346,146,272,79,117,33,99,57,171,235,190,191,50,264,40,317,88,334,23,328,113,330,65,234,36,294,119,220,300,269,125,12,270,312,170,248,101,313,19,133,139,343,252,137,279,106,325,62,207,3,301,41,188,216,202,199,152,29,329,211,284,308,140,73,187,241,136,20,236,203,75,165,143,32,255,153,54,47,218,344,164,74,17,52,303,95,327,84,71,28,268,337,263,283,246,27,16,98,285,81,46,281,124,148,274,9,82,286,103,347,305,80,231,90,131,104,261,14,310,59,293,306,176,298,150,89,132,318,321,173,205,256,226,260,250,258,100,324,297,326,114,85,155,323,259,63,282,265,271,94,320,214,333,208,25,42,159,257,295,222,290,247,10,273,76,162,206,126,161,167,219,31,86,151,342,91,221,266,123,249,244,275,350,341,116,253,110,223,229,204,177,61",20100,200
28,17,92489.2404786789,57.98930357718762,"243,97,18,307,182,60,230,87,288,292,213,58,96,238,319,189,321,122,195,212,144,228,40,264,50,191,190,235,171,57,99,33,117,79,272,146,346,197,37,339,2,145,70,154,15,66,175,322,39,198,185,129,35,34,200,163,232,309,45,7,166,277,183,77,156,289,210,67,237,48,135,22,157,239,201,30,242,102,8,107,13,127,5,336,53,184,111,245,49,335,115,291,174,316,287,338,280,118,93,38,4,233,160,147,276,134,302,83,351,138,109,215,6,108,224,193,348,112,24,51,299,43,315,179,314,217,278,64,194,345,128,44,251,225,180,11,55,304,209,56,69,332,105,178,121,130,227,142,192,196,158,267,331,168,181,172,240,186,21,169,141,254,262,311,68,72,340,349,296,26,120,92,78,317,88,334,23,328,113,330,65,234,36,294,119,220,300,269,125,12,270,312,170,248,101,313,19,133,139,343,252,137,279,106,325,62,207,3,301,41,188,216,202,199,152,29,329,211,284,308,140,73,187,241,136,20,236,203,75,165,143,32,255,153,54,47,218,344,164,74,17,52,303,95,327,84,71,28,268,337,263,283,246,27,16,98,285,81,46,281,124,148,274,9,82,286,103,347,305,80,231,90,131,104,261,14,310,59,293,306,176,298,150,89,132,100,258,149,173,205,318,250,260,226,256,324,297,326,114,85,155,323,259,63,282,265,271,94,320,214,333,208,25,42,159,257,295,222,290,247,10,273,76,162,206,126,161,167,219,31,86,151,342,91,221,266,123,249,244,275,350,341,116,253,110,223,229,204,177,61",20100,200
28,18,92579.01152054708,57.76952024123196,"243,97,18,307,182,60,230,87,288,292,213,58,96,238,319,189,321,122,195,212,144,228,40,264,50,191,190,235,171,57,99,33,117,79,272,146,346,197,4,339,2,145,70,34,166,129,185,198,39,183,175,66,15,154,200,163,232,309,45,277,35,7,322,77,156,289,210,67,237,48,135,22,157,239,201,30,242,102,8,107,13,127,5,336,53,184,111,245,49,335,115,291,174,316,287,338,280,118,93,38,37,233,160,147,276,134,302,83,351,284,211,329,6,108,224,278,217,188,41,301,3,207,62,325,106,279,137,252,343,139,128,44,251,225,180,11,55,304,209,56,69,332,105,178,121,130,227,142,192,196,158,267,331,168,181,172,240,186,21,169,141,254,262,311,68,72,340,349,296,26,120,92,78,317,88,334,23,328,113,330,65,234,36,294,119,220,300,269,125,12,270,312,170,248,101,313,19,133,345,194,64,193,348,112,24,51,299,43,315,179,314,255,32,143,165,75,215,109,138,308,140,73,187,241,136,20,236,203,29,152,199,202,216,153,54,47,218,344,164,74,17,52,303,95,327,84,71,28,268,337,263,283,246,27,16,98,285,81,46,281,124,148,274,9,82,286,103,347,305,80,231,90,131,104,261,14,310,59,293,306,176,298,150,89,132,100,258,149,173,205,318,250,260,226,256,324,297,326,114,85,155,323,259,63,282,265,271,94,320,214,333,208,25,42,159,257,295,222,290,247,10,273,76,162,206,126,161,167,219,31,86,151,342,91,221,266,123,249,244,275,350,253,116,341,110,223,229,204,177,61",20100,200
28,19,115152.80637354129,12.956866345205864,"243,237,281,276,140,261,3,329,127,333,348,96,263,72,155,28,274,77,300,84,60,309,68,152,340,145,56,99,33,170,211,279,30,338,70,10,239,124,254,48,185,13,343,47,42,215,228,181,316,34,141,284,236,83,294,175,91,36,209,297,248,133,342,31,299,306,6,291,53,184,246,199,194,176,154,298,344,101,73,49,235,205,129,288,159,20,122,130,118,148,302,8,206,321,121,105,255,125,187,150,319,163,258,51,23,201,86,259,95,222,216,240,286,174,304,275,339,214,94,100,331,14,173,98,149,165,336,207,167,90,295,231,285,114,230,38,81,62,112,106,11,337,109,172,134,332,32,19,347,213,66,250,221,27,252,5,223,147,269,351,158,260,88,156,317,128,186,93,78,161,182,226,262,80,87,326,323,103,308,63,138,35,303,164,126,267,17,4,202,264,180,61,82,12,195,123,212,191,233,139,200,224,268,278,271,57,335,257,75,169,179,102,115,290,153,203,315,287,307,41,22,44,190,208,320,39,334,296,142,7,26,18,40,328,116,168,272,92,166,227,280,37,245,350,58,76,346,341,253,322,349,325,234,104,120,210,85,218,54,313,273,131,178,270,293,136,69,143,249,330,247,225,193,232,108,43,256,45,277,314,144,119,137,74,15,64,65,318,135,59,251,305,107,219,241,292,110,132,9,160,192,171,183,21,24,71,25,113,188,97,55,2,29,79,217,244,242,198,89,151,311,50,324,111,238,189,220,16,289,117,67,265,301,162,310,266,327,196,157,345,197,312,146,283,46,282,229,204,177,52",20100,200
29,0,99405.72485810546,13.563761409829002,"160,186,134,135,339,204,13,342,93,270,86,29,80,116,234,315,98,50,202,91,104,52,232,335,26,158,182,302,251,15,337,14,119,65,262,9,282,320,294,296,288,102,222,148,349,347,152,62,170,161,203,230,128,78,165,247,31,167,307,172,266,60,108,69,125,178,263,124,126,164,181,66,248,82,211,308,72,39,68,157,132,99,207,88,143,350,24,316,215,87,224,103,188,113,295,61,64,221,19,187,290,218,240,274,197,219,4,286,20,169,101,301,51,147,189,77,28,312,117,318,41,141,329,138,297,30,292,43,73,271,156,216,71,300,36,10,168,74,235,47,96,284,309,341,185,122,179,226,243,163,58,76,338,237,249,272,205,250,133,268,291,196,280,275,332,59,242,233,195,283,176,49,2,208,209,236,198,331,159,33,85,106,257,150,54,225,11,343,241,149,48,258,220,324,192,7,27,229,16,348,75,56,210,37,63,264,153,281,90,118,259,180,175,330,319,322,252,327,173,303,313,12,23,190,239,131,285,306,193,214,89,42,17,137,95,45,155,278,174,112,277,79,105,57,166,184,53,92,310,201,206,287,83,55,111,227,273,38,265,162,328,326,334,260,344,228,340,107,5,346,212,345,183,325,194,321,311,145,200,130,177,136,223,110,34,44,293,276,94,144,246,109,139,35,304,46,97,351,289,22,154,84,115,317,253,18,314,269,142,120,254,238,171,255,121,6,40,323,8,299,151,67,305,70,140,231,217,261,32,279,267,3,244,146,81,21,127,256,123,191,100,298,129,114,333,213,245,25,199,336",20100,200
29,1,98570.63824273409,14.817120238231011,"160,186,134,135,339,204,13,342,93,270,86,29,80,116,234,315,98,50,202,91,104,52,232,335,26,158,182,302,251,15,337,14,119,65,262,9,282,320,294,296,288,102,222,148,349,347,152,62,170,161,203,230,128,78,165,247,31,167,307,172,266,60,108,69,125,178,263,124,126,164,181,66,248,82,211,308,72,39,68,157,132,99,207,88,143,350,24,316,215,87,281,103,188,113,295,61,64,221,19,187,290,218,240,274,197,219,4,286,20,169,101,301,51,147,189,77,28,312,117,318,41,141,329,138,297,30,292,43,73,271,156,216,71,300,36,10,168,74,235,47,96,284,309,341,185,122,179,226,243,163,58,76,338,237,249,272,205,250,133,268,291,90,224,153,264,63,37,210,56,75,348,16,229,27,7,192,265,162,328,326,49,176,283,195,233,242,59,332,275,280,196,118,259,180,175,330,319,322,252,327,173,303,313,12,23,190,239,131,285,306,193,214,89,42,17,137,95,45,155,278,174,112,277,79,105,57,166,184,53,92,310,201,206,287,83,55,111,227,273,38,324,220,258,48,149,241,343,11,225,54,150,257,106,85,33,159,331,198,236,209,208,2,334,107,344,228,340,260,5,346,212,345,183,325,194,321,311,145,200,130,177,136,223,110,34,44,293,276,94,144,246,109,139,35,304,46,97,351,289,22,154,84,115,317,253,18,314,269,142,120,254,238,171,255,121,6,40,323,8,299,151,67,305,70,140,231,217,261,32,279,267,3,244,146,81,21,127,256,123,191,100,298,129,114,333,213,245,25,199,336",20100,200
29,2,98813.66715979876,13.7052094635547,"160,186,134,135,339,204,13,342,93,270,86,29,80,116,234,315,98,50,202,91,104,52,232,335,26,158,182,302,251,15,337,14,119,65,262,9,282,320,294,296,288,102,222,148,349,347,152,62,170,161,203,230,128,301,101,169,20,286,4,219,197,274,240,218,290,187,19,221,64,61,295,113,188,103,281,87,215,316,24,350,143,88,207,99,132,157,68,39,72,308,211,82,248,66,181,164,126,124,263,178,125,69,108,60,266,172,307,167,31,247,165,78,51,147,189,77,28,312,117,318,41,141,329,138,297,30,292,43,73,271,156,216,71,300,36,10,168,74,235,47,96,284,309,341,185,122,179,226,243,260,58,76,338,237,249,272,205,250,133,268,291,196,280,275,332,59,242,233,195,127,21,81,146,244,3,267,279,289,22,154,84,115,317,253,18,314,269,142,40,254,114,129,255,298,6,171,323,8,299,140,67,305,70,151,231,217,261,32,351,97,120,304,35,139,109,246,144,94,276,293,44,34,110,223,136,177,130,200,145,311,321,194,325,183,345,212,346,5,163,340,228,344,107,334,326,328,162,265,192,7,27,229,16,348,75,56,210,37,63,264,153,224,90,118,259,180,175,330,319,322,252,327,173,303,313,12,23,190,239,131,285,306,193,214,89,42,17,137,95,45,155,278,174,112,277,79,105,57,166,184,53,92,310,201,206,287,83,55,111,227,273,38,324,220,258,48,149,241,343,11,225,54,150,257,106,85,33,159,331,198,236,209,208,2,49,176,283,256,123,191,100,121,46,238,333,213,245,25,199,336",20100,200
29,3,100867.0626133325,11.556255974760814,"160,186,134,135,339,204,13,342,255,270,86,29,80,6,234,315,98,50,202,91,104,52,232,335,26,158,182,129,120,171,337,14,119,65,262,9,282,320,294,296,288,102,222,148,349,347,152,62,170,161,203,230,128,301,101,169,20,286,4,219,197,274,240,218,290,187,19,221,64,61,295,113,188,103,281,87,215,316,24,350,143,99,207,88,132,157,68,39,72,308,211,82,248,66,181,164,126,124,263,178,125,69,108,60,266,172,307,167,31,247,165,78,235,10,168,77,28,312,117,318,41,141,74,138,224,30,84,58,73,107,292,260,156,225,328,94,329,136,201,46,346,47,96,284,163,341,185,122,300,226,243,76,338,237,249,272,140,250,133,268,291,196,242,195,49,112,174,278,155,45,95,137,17,42,209,236,198,331,324,220,258,48,149,241,343,11,216,54,150,257,106,85,33,159,38,273,227,89,208,2,277,176,283,79,233,105,59,332,275,280,57,166,184,53,92,310,179,206,287,83,55,111,214,193,306,285,131,239,190,23,12,313,303,173,327,252,322,319,330,175,180,259,118,90,297,153,264,63,37,210,56,75,348,16,229,27,7,192,265,162,183,326,334,271,151,51,212,205,344,228,340,43,5,325,194,321,311,145,200,130,177,36,223,110,34,44,293,276,189,144,246,109,139,35,304,15,97,351,289,22,154,309,115,317,253,18,314,269,142,251,254,238,40,93,121,116,71,323,8,299,147,67,305,70,345,231,217,261,32,279,267,3,244,146,81,21,127,256,123,191,100,298,302,114,333,213,245,25,199,336",20100,200
29,4,101251.93178304916,11.093730737583481,"160,186,134,135,339,204,13,342,255,270,86,29,80,6,234,315,98,50,202,91,104,52,232,335,26,158,182,129,120,171,337,14,119,65,262,9,282,320,294,296,288,102,222,148,349,347,152,62,170,161,203,230,128,301,101,169,20,286,4,219,197,274,240,218,290,187,19,221,64,61,295,113,188,103,281,87,215,316,24,350,143,88,207,99,132,157,68,39,72,308,211,82,248,66,181,164,126,124,263,178,125,69,108,60,266,172,307,167,31,247,165,78,235,10,168,77,28,312,117,318,41,141,74,138,224,30,84,58,73,107,292,260,156,225,328,94,329,136,201,46,346,47,96,284,163,341,185,122,300,226,243,76,338,237,249,272,140,250,133,268,291,196,105,275,332,59,280,278,155,45,95,137,17,42,209,236,198,331,324,220,258,48,149,241,343,11,216,54,150,257,106,85,33,159,38,273,227,89,208,2,277,176,283,79,233,242,112,49,195,174,57,166,184,53,92,310,179,206,287,83,55,111,214,193,306,285,131,239,190,23,12,313,303,173,327,252,322,319,330,175,180,259,118,90,297,153,264,63,37,210,56,75,348,16,229,27,7,192,265,162,183,326,334,271,151,51,212,205,344,228,340,43,5,325,194,321,311,145,200,130,177,36,223,110,34,44,293,276,189,144,246,109,139,35,304,15,97,351,289,22,154,309,115,317,253,18,314,269,142,251,254,238,40,93,121,116,71,323,8,299,147,67,305,70,345,231,217,261,32,279,267,3,244,146,81,21,127,256,123,191,100,298,302,114,333,213,245,25,199,336",20100,200
29,5,96530.1585173485,15.103591649856785,"160,186,53,135,339,204,13,342,93,270,86,29,80,116,234,315,98,50,202,91,104,52,232,335,26,158,182,302,251,15,337,14,119,65,262,9,282,320,294,296,288,102,222,148,349,347,152,62,170,161,203,230,128,301,101,169,20,286,4,219,197,274,240,218,290,187,19,221,64,61,295,113,188,103,281,87,215,316,24,350,143,88,207,99,132,157,68,39,72,308,211,82,248,66,181,164,126,124,263,178,125,69,108,60,266,172,307,167,31,247,165,78,51,147,10,77,28,312,117,318,41,141,74,138,63,264,71,224,153,58,90,118,259,180,151,201,136,329,183,46,346,47,96,284,189,341,185,122,300,226,243,76,338,237,249,272,205,250,133,268,291,196,280,275,332,59,242,233,195,283,176,49,2,208,209,236,198,331,159,33,85,106,257,150,54,225,11,343,241,149,48,258,220,324,310,273,227,89,42,17,137,95,45,155,278,174,112,277,79,105,57,166,184,134,127,38,179,206,287,83,55,111,214,193,306,285,131,239,190,23,12,313,303,173,327,252,322,319,330,175,216,156,271,292,43,73,30,297,37,210,56,75,348,16,229,27,7,192,265,162,328,326,334,260,344,228,340,107,5,309,212,345,235,325,194,321,311,145,200,130,177,168,223,110,34,44,293,276,94,144,246,109,139,35,304,120,97,351,32,261,217,231,36,70,305,67,140,299,8,323,171,6,298,255,129,114,254,40,142,269,314,18,253,317,115,84,154,22,289,279,267,3,244,146,81,21,92,256,123,191,100,163,121,238,333,213,245,25,199,336",20100,200
29,6,108486.99604821627,10.988062993297373,"234,42,175,119,303,43,192,264,22,80,268,334,195,149,265,184,327,206,177,19,141,335,204,183,200,250,225,101,77,15,88,325,117,91,48,190,344,196,7,138,253,319,345,189,87,198,169,59,74,254,266,70,349,104,161,172,47,178,272,60,305,143,118,321,3,160,187,339,310,309,21,262,179,162,222,220,63,13,28,337,279,243,323,336,281,261,150,188,171,135,62,289,121,224,205,271,40,168,32,317,276,139,110,288,120,218,233,34,267,182,298,154,269,235,291,20,167,86,284,165,249,140,324,14,191,223,236,181,203,320,341,332,72,83,133,31,219,221,202,65,45,260,69,314,166,109,273,116,23,16,137,136,318,78,343,252,239,251,290,186,115,312,231,94,328,113,163,274,263,85,229,29,151,210,30,33,176,275,144,157,230,245,10,242,194,174,44,208,73,180,209,52,107,142,159,155,293,259,37,54,270,211,207,228,4,283,90,277,79,105,66,215,99,134,127,38,216,50,76,9,240,112,148,296,237,17,25,53,351,106,197,56,301,213,232,122,67,244,108,89,316,338,93,46,128,256,173,92,329,307,57,147,294,12,152,41,304,153,313,68,217,164,102,326,302,278,286,126,111,315,257,146,61,282,26,24,333,97,55,39,64,82,292,5,248,348,75,342,350,241,145,36,214,246,124,158,322,100,280,49,131,2,308,103,340,51,130,287,125,132,347,11,295,58,185,84,300,123,71,201,35,247,6,306,346,95,18,170,311,96,297,81,98,258,226,8,285,331,212,156,255,199,227,330,114,193,27,238,129,299",20100,200
29,7,95372.87590794987,17.297795201148084,"160,186,53,135,339,204,13,342,93,270,86,29,80,116,234,315,98,50,202,91,104,52,232,335,26,158,182,302,251,15,337,14,119,65,262,9,282,320,294,296,288,102,222,148,349,347,152,62,170,161,203,230,128,301,101,169,20,286,4,219,197,274,240,218,290,187,19,221,64,61,295,113,188,103,281,87,215,316,24,350,143,88,207,99,132,157,68,39,72,308,211,82,248,66,181,164,126,124,263,178,125,69,108,60,266,172,307,167,31,247,165,78,51,147,10,77,28,312,117,318,41,141,74,138,63,264,71,224,153,58,90,118,259,180,151,201,136,329,183,46,346,47,96,284,189,341,185,122,300,226,243,76,338,237,249,272,205,250,133,268,291,196,280,275,332,59,242,233,195,283,176,49,2,208,209,236,198,331,159,33,85,106,257,150,54,225,11,343,241,149,48,258,220,324,38,273,227,89,42,17,137,95,45,155,278,174,112,277,79,105,57,166,184,134,127,310,179,206,287,83,55,111,214,193,306,285,131,239,190,23,12,313,303,173,327,252,322,319,330,175,216,156,271,292,43,73,30,297,37,210,56,75,348,16,229,27,7,192,265,162,328,326,334,260,344,228,340,107,5,309,212,345,235,325,194,321,311,145,200,130,177,168,223,110,34,44,293,276,94,144,246,109,139,35,304,120,97,351,32,261,217,231,36,70,305,67,140,299,8,323,171,6,298,255,129,114,254,40,142,269,314,18,253,317,115,84,154,22,289,279,267,3,244,146,81,21,92,256,123,191,100,163,121,238,333,213,245,25,199,336",20100,200
29,8,98578.93481203658,14.60183956975496,"160,186,134,135,339,204,13,342,93,270,86,29,80,116,234,315,98,50,202,91,104,52,306,285,131,239,190,23,12,313,303,173,327,252,322,319,330,175,180,259,118,90,224,153,264,63,37,210,56,75,348,16,229,27,7,192,265,162,328,326,334,107,344,228,340,163,5,346,212,345,183,325,194,321,311,145,200,130,177,136,223,110,34,44,293,276,94,144,246,109,139,35,304,120,97,351,32,261,217,231,151,70,305,67,140,299,8,323,171,6,298,255,129,114,254,40,142,269,314,18,253,317,115,84,154,22,289,279,267,3,244,146,81,21,127,195,233,242,59,332,275,280,196,291,268,133,250,205,272,249,237,338,76,58,260,243,226,179,122,185,341,309,284,96,47,235,74,168,10,36,300,71,216,156,271,73,43,292,30,297,138,329,141,41,318,117,312,28,77,189,147,51,78,165,247,31,167,307,172,266,60,108,69,125,178,263,124,126,164,181,66,248,82,211,308,72,39,68,157,132,88,207,99,143,350,24,316,215,87,281,103,188,113,295,61,64,221,19,187,290,218,240,274,197,219,4,286,20,169,101,301,128,230,203,161,170,62,152,347,349,148,222,102,288,296,294,320,282,9,262,65,119,14,337,15,251,302,182,158,26,335,232,193,214,89,42,17,137,95,45,155,278,174,112,277,79,105,57,166,184,53,92,310,201,206,287,83,55,111,227,273,38,324,220,258,48,149,241,343,11,225,54,150,257,106,85,33,159,331,198,236,209,208,2,49,176,283,256,123,191,100,121,46,238,333,213,245,25,199,336",20100,200
29,9,95354.58541824862,18.61449524178875,"160,186,134,135,339,204,13,342,93,270,86,29,80,116,234,315,98,50,202,91,104,52,232,335,26,158,182,302,251,15,337,14,119,65,262,9,282,320,294,296,288,102,222,148,349,347,152,62,170,161,203,230,128,301,101,169,20,286,4,219,197,274,240,218,290,187,19,221,64,61,295,113,188,103,281,87,215,316,24,350,143,88,207,99,132,157,68,39,72,308,211,82,248,66,181,164,126,124,263,178,125,69,108,60,266,172,307,167,31,247,165,78,51,147,10,77,28,312,117,318,41,141,74,138,63,264,71,224,153,58,90,118,259,180,151,201,136,329,183,46,346,47,338,76,243,226,300,122,185,341,189,284,96,237,249,272,205,250,133,268,291,196,280,275,332,59,242,233,195,283,176,49,2,208,209,236,198,331,159,33,85,106,257,150,54,225,11,343,241,149,48,258,220,324,38,273,227,89,42,17,137,95,45,155,278,174,112,277,79,105,57,166,184,53,92,310,179,206,287,83,55,111,214,193,306,285,131,239,190,23,12,313,303,173,327,252,322,319,330,175,216,156,271,292,43,73,30,297,37,210,56,75,348,16,229,27,7,192,265,162,328,326,334,260,344,228,340,107,5,309,212,345,235,325,194,321,311,145,200,130,177,168,223,110,34,44,293,276,94,144,246,109,139,35,304,120,97,351,32,261,217,231,36,70,305,67,140,299,8,323,171,6,298,255,129,114,254,40,142,269,314,18,253,317,115,84,154,22,289,279,267,3,244,146,81,21,127,256,123,191,100,163,121,238,333,213,245,25,199,336",20100,200
29,10,96488.62824975417,15.141378334500486,"160,186,53,135,339,204,13,342,93,270,86,29,80,116,234,315,98,50,202,91,104,52,232,335,26,158,182,302,251,15,337,14,119,65,262,9,282,320,294,296,288,102,222,148,349,347,152,62,170,161,203,230,128,301,101,169,20,286,4,219,197,274,240,218,290,187,19,221,64,61,295,113,188,103,281,87,215,316,24,350,143,99,207,88,132,157,68,39,72,308,211,82,248,66,181,164,126,124,263,178,125,69,108,60,266,172,307,167,31,247,165,78,51,147,10,77,28,312,117,318,41,141,74,138,63,264,71,224,153,58,90,118,259,180,151,201,136,329,183,46,346,47,338,76,243,226,300,122,185,341,189,284,96,237,249,272,205,250,133,268,291,196,280,275,332,59,242,233,195,283,176,49,2,208,209,236,198,331,159,33,85,106,257,150,54,225,11,343,241,149,48,258,220,324,310,273,227,89,42,17,137,95,45,155,278,174,112,277,79,105,57,166,184,134,127,38,179,206,287,83,55,111,214,193,306,285,131,239,190,23,12,313,303,173,327,252,322,319,330,175,216,156,271,292,43,73,30,297,37,210,56,75,348,16,229,27,7,192,265,162,328,326,334,260,344,228,340,107,5,309,212,345,235,325,194,321,311,145,200,130,177,168,223,110,34,44,293,276,94,144,246,109,139,35,304,120,97,351,32,261,217,231,36,70,305,67,140,299,8,323,171,6,298,255,129,114,254,40,142,269,314,18,253,317,115,84,154,22,289,279,267,3,244,146,81,21,92,256,123,191,100,163,121,238,333,213,245,25,199,336",20100,200
29,11,108953.47010174359,10.370489484792655,"234,42,175,119,303,43,192,264,22,80,268,334,195,149,265,184,327,206,177,19,141,335,204,183,200,250,225,101,77,15,88,325,117,91,48,190,344,196,7,138,253,319,345,189,87,198,169,59,74,254,266,70,349,104,161,172,47,178,272,60,305,143,118,321,3,160,187,339,310,309,21,262,179,162,222,220,63,13,28,337,279,243,323,336,281,261,150,188,171,135,62,289,121,224,205,271,40,168,32,317,276,139,110,288,120,218,233,34,267,182,298,154,269,235,291,20,167,86,284,165,249,140,324,14,191,223,236,181,203,320,341,332,72,83,133,31,219,221,202,65,45,260,69,314,166,109,273,116,23,16,137,136,318,78,343,252,239,186,290,251,115,312,231,94,328,113,163,274,263,85,229,29,151,210,30,33,176,275,144,157,230,245,10,242,194,174,44,208,73,180,209,52,107,142,159,155,293,259,37,54,270,211,207,228,4,90,283,277,79,105,66,215,99,134,127,38,216,50,76,9,240,112,148,296,237,17,25,53,351,106,197,56,301,213,232,122,67,244,108,89,316,338,18,258,128,256,173,92,329,307,57,147,294,12,152,41,304,153,313,68,217,164,102,326,302,278,286,126,111,315,257,146,61,282,26,24,333,97,55,39,64,82,292,5,248,348,75,342,350,241,145,36,214,246,124,158,322,100,280,49,131,2,308,103,340,51,130,287,125,170,347,11,295,58,185,84,300,123,71,201,35,247,6,306,346,95,93,132,311,96,297,81,98,46,226,8,285,331,212,156,255,199,227,330,114,193,27,238,129,299",20100,200
29,12,94711.76254235626,19.524969798857445,"160,186,134,135,339,204,13,342,93,270,86,29,80,116,234,315,98,50,202,91,104,52,232,335,26,158,182,302,120,255,337,14,119,65,282,9,262,320,294,296,288,102,222,148,349,347,152,62,170,161,203,230,128,301,101,169,20,286,4,219,197,274,240,218,290,187,19,221,64,61,295,113,188,103,281,87,215,316,24,350,143,88,207,99,132,157,68,39,72,308,211,82,248,178,126,66,181,31,260,124,125,69,108,60,266,172,307,167,164,247,165,78,51,147,189,77,28,312,117,318,41,141,329,138,63,264,183,58,153,224,90,118,259,180,151,201,136,74,168,46,346,47,96,284,140,341,185,122,300,226,243,76,338,237,249,272,205,250,133,268,291,196,280,275,332,59,242,233,195,283,176,49,2,208,209,236,198,331,159,33,85,106,257,150,54,225,11,343,241,149,48,258,220,324,38,273,227,89,42,17,137,95,45,155,278,174,112,277,79,105,57,166,184,53,92,310,179,206,287,83,55,111,214,193,306,285,131,239,190,23,12,313,303,173,327,252,322,319,330,175,216,156,271,292,43,73,30,297,37,210,56,75,348,16,229,27,7,192,265,162,328,326,334,107,309,235,212,263,344,228,340,84,5,325,194,321,311,145,200,130,177,36,223,110,34,44,293,276,163,144,246,109,139,35,304,15,97,351,289,22,154,94,115,317,253,18,314,269,142,251,254,238,40,171,121,298,71,323,8,299,10,67,305,70,345,231,217,261,32,279,267,3,244,146,81,21,127,256,123,191,100,6,129,114,333,213,245,25,199,336",20100,200
29,13,98546.40913004623,14.862045131391856,"160,186,134,135,339,204,13,342,93,270,86,29,80,116,234,315,98,50,202,91,104,52,306,285,131,239,190,23,12,313,303,173,327,252,322,319,330,175,180,259,118,90,224,153,264,63,37,210,56,75,348,16,229,27,7,192,265,162,328,326,334,107,344,228,340,163,5,346,212,345,183,325,194,321,311,145,200,130,177,136,223,110,34,44,293,276,94,144,246,109,139,35,304,120,97,351,32,261,217,231,151,70,305,67,140,299,8,323,171,6,298,255,129,114,254,40,142,269,314,18,253,317,115,84,154,22,289,279,267,3,244,146,81,21,127,195,233,242,59,332,275,280,196,291,268,133,250,205,272,249,237,338,76,58,260,243,226,179,122,185,341,309,284,96,47,235,74,168,10,36,300,71,216,156,271,73,43,292,30,297,138,329,141,41,318,117,312,28,77,189,147,51,78,165,247,31,167,307,172,266,60,108,69,125,178,263,124,126,164,181,66,248,82,211,308,72,39,68,157,132,88,207,99,143,350,24,316,215,87,281,103,188,113,295,61,64,221,19,187,290,218,240,274,197,219,4,286,20,169,101,301,128,230,203,161,170,62,152,347,349,148,222,102,288,296,294,320,282,9,262,65,119,14,337,15,251,302,182,158,26,335,232,193,214,89,42,17,137,95,45,155,278,174,112,277,79,105,57,166,184,53,92,310,201,206,287,83,55,111,227,273,38,324,220,258,48,149,241,343,11,225,54,150,257,106,85,33,159,331,198,236,209,46,2,49,121,283,256,123,191,100,238,176,208,333,213,245,25,199,336",20100,200
29,14,99958.12884901166,12.26976169916087,"160,186,134,135,339,204,13,342,255,270,86,29,80,6,234,315,98,50,202,91,104,52,232,335,26,158,182,129,120,171,337,14,119,65,262,9,282,320,294,296,288,102,222,148,349,347,152,62,170,161,203,230,128,301,101,169,20,286,4,219,197,274,240,218,290,187,19,221,64,61,295,113,188,103,281,87,215,316,24,350,143,88,207,99,132,157,68,39,72,308,211,82,248,66,181,164,126,124,263,178,125,69,108,60,266,172,307,167,31,247,165,78,235,10,168,77,28,312,117,318,41,141,74,138,224,30,84,58,73,107,292,260,156,225,328,94,329,136,201,46,346,47,96,284,163,341,185,122,300,226,243,76,338,237,249,272,140,250,133,268,291,196,242,195,49,112,174,278,155,45,95,137,17,42,209,236,198,331,324,220,258,48,149,241,343,11,216,54,150,257,106,85,33,159,38,273,227,89,208,2,277,176,283,79,233,105,59,332,275,280,57,166,184,53,92,310,179,206,287,83,55,111,214,193,306,285,131,239,190,23,12,313,303,173,327,252,322,319,330,175,180,259,118,90,297,153,264,63,37,210,56,75,348,16,229,27,7,192,265,162,183,326,334,271,151,51,212,205,344,228,340,43,5,325,194,321,311,145,200,130,177,36,223,110,34,44,293,276,189,144,246,109,139,35,304,15,97,351,289,22,154,309,115,317,253,18,314,269,142,251,254,238,147,93,121,116,40,323,8,299,71,67,305,70,345,231,217,261,32,279,267,3,244,146,81,21,127,256,123,191,100,298,302,114,333,213,245,25,199,336",20100,200
29,15,99526.91719808592,12.425948455202038,"160,186,134,135,339,204,13,342,255,270,86,29,80,6,234,315,98,50,202,91,104,52,232,335,26,158,182,129,120,171,337,14,119,65,262,9,282,320,294,296,288,102,222,148,349,347,152,62,170,161,203,230,128,301,101,169,20,286,4,219,197,274,240,218,290,187,19,221,64,61,295,113,188,103,281,87,215,316,24,350,143,99,207,88,132,157,68,205,72,308,211,82,248,66,181,164,126,124,263,178,125,69,108,60,266,172,307,167,31,247,165,78,235,74,168,77,28,312,117,318,41,141,10,138,224,30,73,58,292,107,156,225,183,201,84,260,136,329,94,46,346,47,96,284,163,341,185,122,300,226,243,76,338,237,249,272,140,250,133,268,291,196,242,195,49,112,174,233,79,283,176,277,2,208,89,227,273,38,324,220,258,48,149,241,343,11,216,54,150,257,106,85,33,159,331,198,236,209,42,17,137,95,45,155,278,105,59,332,275,280,57,166,184,53,92,310,179,206,287,83,55,111,214,193,306,285,131,239,190,23,12,313,303,173,330,319,322,252,327,175,180,259,118,90,297,153,264,63,37,210,56,75,348,16,229,27,7,192,265,162,328,326,334,147,309,51,212,39,344,228,340,43,5,325,194,321,311,145,200,130,177,36,223,110,34,44,293,276,189,144,246,109,139,35,304,15,97,351,289,22,154,151,115,317,253,18,314,269,142,251,254,238,40,93,121,116,71,323,8,299,271,67,305,70,345,231,217,261,32,279,267,3,244,146,81,21,127,256,123,191,100,298,302,114,333,213,245,25,199,336",20100,200
29,16,108765.53020382249,10.69821546141958,"234,42,175,119,303,43,192,264,22,80,268,334,195,149,265,184,327,206,177,19,141,335,204,183,200,250,225,101,77,15,88,325,117,91,48,190,344,196,7,138,253,319,345,189,87,198,169,59,74,254,266,70,349,104,161,172,47,178,272,60,305,143,118,321,3,160,187,339,310,309,21,262,179,162,222,220,63,13,28,337,279,243,323,336,281,261,150,188,171,135,62,289,121,224,205,271,40,168,32,317,276,139,110,288,120,218,233,34,267,182,298,154,269,235,291,20,167,86,284,165,249,140,324,14,191,223,236,181,203,320,341,332,72,83,133,31,219,221,202,65,45,260,69,314,166,109,273,116,23,16,137,136,318,78,343,252,239,251,290,186,115,312,231,94,328,113,163,274,263,85,229,29,151,210,30,33,176,275,144,157,230,245,10,242,194,174,44,208,73,180,209,52,107,142,159,155,293,259,37,54,270,211,207,228,4,283,90,277,79,105,66,215,99,134,127,38,216,50,76,9,240,112,148,296,237,17,25,53,351,106,197,56,301,213,232,122,67,244,108,89,316,338,18,258,128,256,173,92,329,307,57,147,294,12,152,41,304,153,313,68,217,164,102,326,302,278,286,126,111,315,257,146,61,282,26,24,333,97,55,39,64,82,292,5,248,348,75,342,350,241,145,36,214,246,124,158,322,100,280,49,131,2,308,103,340,51,130,287,125,132,347,11,295,58,185,84,300,123,71,201,35,247,6,306,346,95,93,170,311,96,297,81,98,46,226,8,285,331,212,156,255,199,227,330,114,193,27,238,129,299",20100,200
29,17,109198.51677985102,10.159415279476555,"234,42,175,119,303,43,192,264,22,80,268,334,195,149,265,184,327,206,177,19,141,335,204,183,200,250,225,101,77,15,88,325,117,91,48,190,344,196,7,138,253,319,345,189,87,198,169,59,74,254,266,70,349,104,223,191,14,324,140,249,165,284,86,167,20,291,235,269,154,298,182,267,34,233,218,120,288,110,139,276,317,32,168,40,271,205,224,121,289,62,135,171,188,150,261,281,336,323,243,279,337,28,13,63,220,222,162,179,262,21,309,310,339,187,160,3,321,118,143,305,60,272,178,47,172,161,236,181,203,320,341,332,72,83,133,31,219,221,202,65,45,260,69,314,166,109,273,116,23,16,137,136,318,78,343,252,239,186,290,251,115,312,231,94,328,113,163,274,263,85,229,29,151,210,30,33,176,275,144,157,230,245,10,242,194,174,44,208,73,180,209,52,107,142,159,155,293,259,37,54,270,211,207,228,4,90,283,277,79,105,66,215,99,134,127,38,216,50,76,9,240,112,148,296,237,17,25,53,351,106,197,56,301,213,232,122,67,244,108,89,316,338,18,258,128,256,173,92,329,307,57,147,294,12,152,41,304,153,313,68,217,164,102,326,302,278,286,126,111,315,257,146,61,282,26,24,333,97,55,39,64,82,292,5,248,348,75,342,350,241,145,36,214,246,124,158,322,100,280,49,131,2,308,103,340,51,130,287,125,170,347,11,295,58,185,84,300,123,71,201,35,247,6,306,346,95,93,132,311,96,297,81,98,46,226,8,285,331,212,156,255,199,227,330,114,193,27,238,129,299",20100,200
29,18,94495.41614735182,19.59867767418322,"160,186,134,135,339,204,13,342,255,270,86,29,80,6,234,315,98,50,202,91,104,52,232,335,26,158,182,129,120,171,337,14,119,65,262,9,282,320,294,296,288,102,222,148,349,347,152,62,170,161,203,230,128,301,101,169,20,286,4,219,197,274,240,218,290,187,19,221,64,61,295,113,188,103,281,87,215,316,24,350,143,99,207,88,132,157,68,39,72,308,211,82,248,178,126,66,181,31,260,124,125,69,108,60,266,172,307,167,164,247,165,78,51,147,189,77,28,312,117,318,41,141,329,138,297,30,292,43,73,271,90,118,259,180,151,201,136,74,168,46,346,47,96,284,140,341,185,122,300,226,243,76,338,237,249,272,205,250,133,268,291,196,280,275,332,59,242,233,195,283,176,49,2,208,209,236,198,331,159,33,85,106,257,150,54,225,11,343,241,149,48,258,220,324,38,273,227,89,42,17,137,95,45,155,278,174,112,277,79,105,57,166,184,53,92,310,179,206,287,83,55,111,214,193,306,285,131,239,190,23,12,313,303,173,327,252,322,319,330,175,216,156,224,10,58,153,264,63,37,210,56,75,348,16,229,27,7,192,265,162,328,326,334,107,309,235,212,263,344,228,340,84,5,325,194,321,311,145,200,130,177,36,223,110,34,44,293,276,163,144,246,109,139,35,304,15,97,351,289,22,154,94,115,317,253,18,314,269,142,251,254,238,183,93,121,116,40,323,8,299,71,67,305,70,345,231,217,261,32,279,267,3,244,146,81,21,127,256,123,191,100,298,302,114,333,213,245,25,199,336",20100,200
29,19,95314.37036268365,18.687260869931198,"160,186,134,135,339,204,13,342,93,270,86,29,80,116,234,315,98,50,202,91,104,52,232,335,26,158,182,302,251,15,337,183,329,65,262,9,282,320,294,296,288,102,222,148,349,347,152,62,170,161,203,230,128,301,101,169,20,286,4,219,197,274,240,218,290,187,19,221,64,61,295,113,188,103,281,87,215,316,24,350,143,88,207,99,132,157,68,39,72,308,211,82,248,66,181,164,126,124,263,178,125,69,108,60,266,172,307,167,31,247,165,78,51,147,10,77,28,312,117,318,41,141,74,138,63,264,71,224,153,58,90,118,259,180,151,201,43,119,14,46,346,47,338,76,243,226,300,122,185,341,189,284,96,237,249,272,205,250,133,268,291,196,280,275,332,59,242,233,195,283,176,49,2,208,209,236,198,331,159,33,85,106,257,150,54,225,11,343,241,149,48,258,220,324,38,273,227,89,42,17,137,95,45,155,278,174,112,277,79,105,57,166,184,53,92,310,179,206,287,83,55,111,214,193,306,285,131,239,190,23,12,313,303,173,327,252,322,319,330,175,216,156,271,292,136,73,30,297,37,210,56,75,348,16,229,27,7,192,265,162,328,326,334,260,344,228,340,107,5,309,212,345,235,325,194,321,311,145,200,130,177,168,223,110,34,44,293,276,94,144,246,109,139,35,304,120,97,351,32,261,217,231,36,70,305,67,140,299,8,323,171,6,298,255,129,114,254,40,142,269,314,18,253,317,115,84,154,22,289,279,267,3,244,146,81,21,127,256,123,191,100,163,121,238,333,213,245,25,199,336",20100,200
29,20,109644.3707973754,10.135952266297982,"234,42,175,119,303,43,192,264,22,80,268,334,195,149,265,184,327,206,177,19,141,335,204,183,200,250,225,101,77,310,88,325,117,91,48,190,344,196,7,138,253,319,345,189,87,198,169,59,74,254,266,70,349,104,223,191,14,324,140,249,165,284,86,167,20,291,235,269,154,298,182,267,34,233,218,120,288,110,139,276,317,32,168,40,271,205,224,121,289,62,135,171,188,150,261,281,336,323,243,279,337,28,13,63,220,222,162,179,262,21,309,15,339,187,160,3,321,118,143,305,60,272,178,47,172,161,236,181,203,320,341,332,72,83,133,31,219,221,202,65,45,260,69,314,166,109,273,116,23,16,137,136,318,78,343,252,239,186,290,251,115,312,231,94,328,113,163,274,263,85,229,29,151,210,30,33,176,275,144,157,230,245,10,242,194,174,44,208,73,180,209,52,107,142,159,155,293,259,37,54,270,211,207,228,4,90,283,277,79,105,66,215,99,134,127,38,216,50,76,9,240,112,148,296,237,17,25,53,351,106,197,56,301,213,232,122,67,244,108,89,316,338,18,258,128,256,173,92,329,307,57,147,294,12,152,41,304,153,313,68,217,164,102,326,302,278,286,126,111,315,257,146,61,282,26,24,333,97,55,39,64,82,292,5,248,348,75,342,350,241,145,36,214,246,124,158,322,100,280,49,131,2,308,103,340,51,130,287,125,170,347,11,295,58,185,84,300,123,71,201,35,247,6,306,346,95,93,132,311,96,297,81,98,46,226,8,285,331,212,156,255,199,227,330,114,193,27,238,129,299",20100,200
29,21,95583.35123502319,16.984706638614153,"160,186,134,135,339,204,13,342,251,270,86,29,80,6,234,315,98,50,202,91,104,52,232,335,26,158,182,129,120,171,337,14,119,65,262,9,282,320,294,296,288,102,222,148,349,347,152,62,170,161,203,230,128,301,101,169,20,286,4,219,197,274,240,218,290,187,19,221,64,61,295,113,188,103,281,87,215,316,24,350,143,99,207,88,132,157,68,39,72,308,211,82,248,66,181,164,126,124,263,178,125,69,108,60,168,172,307,167,31,247,165,78,235,107,140,77,28,312,117,318,41,141,74,138,63,264,10,58,153,224,90,118,259,180,151,201,136,329,183,46,346,47,96,284,189,341,185,122,300,226,243,76,338,237,249,272,205,250,133,268,291,196,280,275,332,59,242,233,195,283,176,49,2,208,209,236,198,331,159,33,85,106,257,150,54,225,11,343,241,149,48,258,220,324,38,273,227,89,42,17,137,95,45,155,278,174,112,277,79,105,57,166,184,53,92,310,179,206,287,83,55,111,214,193,306,285,131,239,190,23,12,313,303,173,327,252,322,319,330,175,216,156,271,292,43,73,30,297,37,210,56,75,348,16,229,27,7,192,265,162,328,326,334,147,309,51,212,260,344,228,340,84,5,325,194,321,311,145,200,130,177,36,223,110,34,44,293,276,163,144,246,109,139,35,304,15,97,351,289,22,154,94,115,317,253,18,314,269,142,255,254,238,40,93,266,116,121,323,8,299,71,67,305,70,345,231,217,261,32,279,267,3,244,146,81,21,127,256,123,191,100,298,302,114,333,213,245,25,199,336",20100,200
29,22,94720.81989642516,19.38151310650069,"160,186,134,135,339,204,13,342,171,235,86,29,80,6,234,315,98,50,202,91,104,52,232,335,26,158,182,302,251,107,337,14,119,65,262,9,282,320,294,296,288,102,222,148,349,347,152,62,170,161,203,230,128,247,31,167,307,286,4,219,197,274,240,218,290,125,19,221,266,61,295,113,188,103,281,87,215,316,24,350,143,88,207,99,132,157,68,345,72,172,211,82,108,66,181,164,126,124,60,178,187,116,248,263,71,264,63,138,74,141,41,318,117,312,28,77,10,120,270,78,165,301,101,169,20,308,64,224,153,58,90,118,259,180,151,201,136,329,183,46,346,47,96,284,189,341,185,122,300,226,243,76,338,237,249,272,205,250,133,268,291,196,280,275,332,59,242,233,195,283,176,49,2,208,209,236,198,331,159,33,85,106,257,150,54,225,11,343,241,149,48,258,220,324,38,273,227,89,42,17,137,95,45,155,278,174,112,277,79,105,57,166,184,53,92,310,179,206,287,83,55,111,214,193,306,285,131,239,190,23,12,313,303,173,327,252,322,319,330,175,216,156,271,292,43,73,30,297,37,210,56,75,348,16,229,27,7,192,265,162,328,326,334,147,309,51,212,260,344,228,340,84,5,325,194,321,311,145,200,130,177,36,223,110,34,44,293,276,163,144,246,109,139,35,304,15,97,351,289,22,154,94,115,317,253,18,314,269,142,255,254,238,40,93,121,69,39,323,8,299,168,67,305,70,140,231,217,261,32,279,267,3,244,146,81,21,127,256,123,191,100,298,129,114,333,213,245,25,199,336",20100,200
29,23,94341.74898085847,24.322757628804162,"160,186,139,135,339,204,13,342,93,270,86,29,80,116,234,315,98,50,202,91,104,52,232,335,26,158,182,302,251,15,337,14,119,65,282,9,262,320,294,296,288,102,222,148,349,347,152,62,170,161,203,230,128,301,101,169,20,286,4,219,197,274,240,218,290,187,19,221,64,61,295,113,188,103,281,87,215,316,24,350,143,88,207,99,132,157,68,39,72,308,211,82,248,178,126,66,181,31,260,124,125,69,108,60,266,172,307,167,164,247,165,78,51,147,140,77,28,312,117,318,41,141,329,138,63,264,183,58,153,224,90,118,259,180,151,201,136,74,168,46,346,47,96,284,189,341,185,122,300,226,243,76,338,237,249,272,205,250,133,268,291,196,280,275,332,59,242,233,195,283,176,49,2,208,209,236,198,331,159,33,85,106,257,150,54,225,11,343,241,149,48,258,220,324,38,273,227,89,42,17,137,95,45,155,278,174,112,277,79,105,57,166,184,134,127,310,179,206,287,83,55,111,214,193,306,285,131,239,190,23,12,313,303,173,327,252,322,319,330,175,216,156,271,292,43,73,30,297,37,210,56,75,348,16,229,27,7,192,265,162,328,326,334,263,344,228,340,107,5,309,212,345,235,325,194,321,311,145,200,130,177,71,223,110,8,299,10,67,305,70,36,231,217,261,32,351,97,120,304,35,53,92,246,144,94,276,293,44,34,323,171,6,298,255,129,114,254,40,142,269,314,18,253,317,115,84,154,22,289,279,267,3,244,146,81,21,109,256,123,191,100,121,163,238,333,213,245,25,199,336",20100,200
29,24,94088.00936956338,24.447690318828997,"160,186,139,135,339,204,13,342,93,270,86,29,80,116,234,315,98,50,202,91,104,52,232,335,26,158,182,302,251,15,337,14,119,65,282,9,262,320,294,296,288,102,222,148,349,347,152,62,170,161,203,230,128,301,101,169,20,286,4,219,197,274,240,218,290,187,19,221,64,61,295,113,188,103,281,87,215,316,24,350,143,88,207,99,132,157,68,39,72,308,211,82,248,178,126,66,181,31,260,124,125,69,108,60,266,172,307,167,164,247,165,78,51,147,189,77,28,312,117,318,41,141,329,138,63,264,183,58,153,224,90,118,259,180,151,201,136,74,168,46,346,47,96,284,140,341,185,122,300,226,243,76,338,237,249,272,205,250,133,268,291,196,280,275,332,59,242,233,195,283,176,49,2,208,209,236,198,331,159,33,85,106,257,150,54,225,11,343,241,149,48,258,220,324,38,273,227,89,42,17,137,95,45,155,278,174,112,277,79,105,57,166,184,53,92,310,179,206,287,83,55,111,214,193,306,285,131,239,190,23,12,313,303,173,327,252,322,319,330,175,216,156,271,292,43,73,30,297,37,210,56,75,348,16,229,27,7,192,265,162,328,326,334,263,344,228,340,107,5,309,212,345,235,325,194,321,311,145,200,130,177,71,223,110,8,299,10,67,305,70,36,231,217,261,32,351,97,120,304,35,134,127,246,144,94,276,293,44,34,323,171,6,298,255,129,114,254,40,142,269,314,18,253,317,115,84,154,22,289,279,267,3,244,146,81,21,109,256,123,191,100,121,163,238,333,213,245,25,199,336",20100,200
29,25,96050.89615765639,16.113443154628936,"160,186,134,135,339,204,13,342,255,270,86,29,80,6,234,315,98,50,202,91,104,52,232,335,26,158,182,129,120,168,337,14,119,65,262,9,282,320,294,296,288,102,222,148,349,347,152,62,170,161,203,230,128,301,101,169,20,286,4,219,197,274,240,218,290,187,19,221,64,61,295,113,188,103,281,87,215,316,24,350,143,99,207,88,132,157,68,39,72,308,211,82,248,178,126,66,181,31,263,124,125,69,108,60,345,172,307,167,164,247,165,78,235,107,140,77,28,312,117,318,41,141,74,138,63,264,10,58,153,224,90,118,259,180,151,201,136,329,183,46,346,47,96,284,189,341,185,122,300,226,243,76,338,237,249,272,205,250,133,268,291,196,280,275,332,59,242,233,195,283,176,49,2,208,209,236,198,331,159,33,85,106,257,150,54,225,11,343,241,149,48,258,220,324,38,273,227,89,42,17,137,95,45,155,278,174,112,277,79,105,57,166,184,53,92,310,179,206,287,83,55,111,214,193,306,285,131,239,190,23,12,313,303,173,327,252,322,319,330,175,216,156,271,292,43,73,30,297,37,210,56,75,348,16,229,27,7,192,265,162,328,326,334,147,309,51,212,260,344,228,340,84,5,325,194,321,311,145,200,130,177,36,223,110,34,44,293,276,163,144,246,109,139,35,304,15,97,351,289,22,154,94,115,317,253,18,314,269,142,251,254,238,40,93,121,116,71,323,8,299,266,67,305,70,171,231,217,261,32,279,267,3,244,146,81,21,127,256,123,191,100,298,302,114,333,213,245,25,199,336",20100,200
29,26,96057.00683764802,15.19161437742185,"160,186,53,135,339,204,13,342,93,270,86,29,80,116,234,315,98,50,202,91,104,52,232,335,26,158,182,302,251,15,337,14,119,65,262,9,282,320,294,296,288,102,222,148,349,347,152,62,170,161,203,230,128,301,101,169,20,286,4,219,197,274,240,218,290,187,19,221,64,61,295,113,188,103,281,87,215,316,24,350,143,88,207,99,132,157,68,39,72,308,211,82,248,66,181,164,126,124,263,178,125,69,108,60,266,172,307,167,31,247,165,78,51,147,10,77,28,312,117,318,41,141,74,138,63,264,71,224,153,58,90,118,259,180,151,201,136,329,183,46,346,47,96,284,189,341,185,122,300,226,243,76,338,237,249,272,205,250,133,268,291,196,280,275,332,59,242,233,195,283,176,49,2,208,209,236,198,331,159,33,85,106,257,150,54,225,11,343,241,149,48,258,220,324,310,273,227,89,42,17,137,95,45,155,278,174,112,277,79,105,57,166,184,12,23,190,239,131,285,306,193,214,111,55,83,287,206,179,38,127,134,313,303,173,327,252,322,319,330,175,216,156,271,292,43,73,30,297,37,210,56,75,348,16,229,27,7,192,265,162,328,326,334,260,344,228,340,107,5,309,212,345,235,325,194,321,311,145,200,130,177,168,223,110,34,44,293,276,94,144,246,109,139,35,304,120,97,351,32,261,217,231,36,70,305,67,140,299,8,323,171,6,298,255,129,114,254,40,142,269,314,18,253,317,115,84,154,22,289,279,267,3,244,146,81,21,92,256,123,191,100,163,121,238,333,213,245,25,199,336",20100,200
29,27,108535.98717514552,10.966373049850198,"234,42,175,119,303,43,192,264,22,80,268,334,195,149,265,184,327,206,177,19,141,335,204,183,200,250,225,101,77,310,88,325,117,91,48,190,344,196,7,138,253,319,345,189,87,198,169,59,74,254,266,70,349,104,161,172,47,178,272,60,305,143,118,321,3,160,187,339,15,309,21,262,179,162,222,220,63,13,28,337,279,243,323,336,281,261,150,188,171,135,62,289,121,224,205,271,40,168,32,317,276,139,110,288,120,218,233,34,267,182,298,154,269,235,291,20,167,86,284,165,249,140,324,14,191,223,236,181,203,320,341,332,72,83,133,31,219,221,202,65,45,260,69,314,166,109,273,116,23,16,137,136,318,78,343,252,239,186,290,251,115,312,231,94,328,113,163,274,263,85,229,29,151,210,30,33,176,275,144,157,230,245,10,242,194,174,44,208,73,180,209,52,107,142,159,155,293,259,37,54,270,211,207,228,4,90,283,277,79,105,66,215,99,134,127,38,216,50,76,9,240,112,148,296,237,17,25,53,351,106,197,56,301,213,232,122,67,244,108,89,316,338,93,46,128,256,173,92,329,307,57,147,294,12,152,41,304,153,313,68,217,164,102,326,302,278,286,126,111,315,257,146,61,282,26,24,333,97,55,39,64,82,292,5,248,75,348,342,350,241,145,36,214,246,124,158,322,100,280,49,131,2,308,103,340,51,130,287,125,132,347,11,295,58,185,84,300,123,71,201,35,247,6,306,346,95,18,170,311,96,297,81,98,258,226,8,285,331,212,156,255,199,227,330,114,193,27,238,129,299",20100,200
29,28,100216.50229589477,12.127277587241274,"160,186,134,135,339,204,13,342,171,270,86,29,80,121,234,315,98,50,202,91,104,52,232,335,26,158,182,302,120,255,337,14,119,65,262,9,282,320,294,296,288,102,222,148,349,347,152,62,170,161,203,230,128,301,101,169,20,286,4,219,197,274,240,218,290,187,19,221,64,61,295,113,188,103,281,87,215,316,24,350,143,99,207,88,132,157,68,39,72,308,211,82,248,66,181,164,126,124,263,178,125,69,108,60,266,172,307,167,31,247,165,78,235,10,168,77,28,312,117,318,41,141,74,138,224,30,84,58,73,107,292,260,156,225,328,94,329,136,201,46,346,47,96,284,163,341,185,122,300,226,243,76,338,237,249,272,140,250,133,268,291,196,242,195,49,112,174,278,155,45,95,137,17,42,209,236,198,331,324,220,258,48,149,241,343,11,216,54,150,257,106,85,33,159,38,273,227,89,208,2,277,176,283,79,233,105,59,332,275,280,57,166,184,53,92,310,179,206,287,83,55,111,214,193,306,285,131,239,190,23,12,313,303,173,327,252,322,319,330,175,180,259,118,90,297,153,264,63,37,210,56,75,348,16,229,27,7,192,265,162,183,326,334,271,151,51,212,205,344,228,340,43,5,325,194,321,311,145,200,130,177,36,223,110,34,44,293,276,189,144,246,109,139,35,304,15,97,351,289,22,154,309,115,317,253,18,314,269,142,251,254,114,147,93,298,116,40,323,8,299,129,67,305,70,345,231,217,261,32,279,267,3,244,146,81,21,127,256,123,191,100,71,238,6,333,213,245,25,199,336",20100,200
30,0,92890.94653382951,10.336941163760171,"254,309,346,174,66,241,301,337,296,56,236,253,295,4,65,10,91,221,306,19,271,177,101,191,303,219,189,173,321,7,100,316,270,157,344,123,158,347,64,339,237,2,109,57,35,145,144,266,108,46,255,133,47,154,312,276,335,275,119,18,136,140,193,229,289,103,106,52,170,345,21,95,242,273,155,130,48,213,50,32,102,348,168,239,217,256,180,294,263,228,186,200,166,318,328,269,44,113,38,298,264,188,259,87,190,85,261,311,225,53,59,194,332,283,314,131,110,96,341,329,17,112,69,248,160,231,247,70,120,132,182,202,81,143,15,285,6,146,334,178,235,234,196,216,288,185,319,171,333,201,243,226,24,122,115,148,125,302,88,245,322,67,265,291,9,14,240,175,71,304,326,13,214,33,63,83,338,94,134,179,282,224,62,74,278,277,98,107,39,209,135,11,336,172,152,342,227,128,260,79,343,315,325,97,142,232,210,305,162,250,127,300,80,187,60,257,280,93,99,203,72,244,230,223,40,195,258,281,68,183,12,205,268,163,31,167,73,331,284,78,138,220,105,61,169,164,29,141,51,82,84,27,267,75,286,36,139,350,313,274,156,249,150,129,42,49,58,233,279,55,198,147,212,251,204,351,290,121,92,199,8,349,222,114,181,116,161,23,126,323,307,159,54,310,292,20,111,330,149,197,246,317,41,5,324,30,118,76,43,3,90,26,287,77,165,22,184,208,211,206,104,299,153,37,137,207,340,45,151,308,25,86,89,320,272,215,176,192,218,34,124,117,262,252,327,293,238,28,297,16",20100,200
30,1,92446.75676759916,10.53747593756054,"254,309,346,174,66,241,301,337,296,56,236,253,295,4,65,10,91,221,306,19,271,177,101,191,303,219,189,173,321,7,100,316,270,102,32,50,213,48,130,155,273,242,95,21,345,170,52,106,103,289,255,133,47,154,312,276,80,275,119,18,136,140,193,229,46,109,57,35,145,144,266,108,2,237,339,64,347,158,123,344,157,348,168,239,217,256,180,294,263,228,186,200,166,318,328,269,44,113,38,298,264,188,259,87,190,85,261,311,225,53,59,194,332,283,314,131,110,96,341,329,17,112,69,248,160,231,247,70,120,132,182,202,81,143,146,6,285,15,334,178,235,234,196,216,288,185,319,171,333,201,243,226,24,122,115,148,125,302,88,245,322,67,265,291,9,14,240,175,71,304,326,13,214,33,63,83,338,94,134,179,282,224,62,74,278,277,98,107,39,209,135,11,336,172,152,342,227,128,260,79,343,315,325,97,142,232,210,305,162,250,127,300,335,187,60,257,280,93,99,203,72,244,230,223,40,195,258,281,68,183,12,205,268,163,31,167,73,331,284,78,138,220,105,61,169,164,29,141,51,82,84,27,267,75,286,36,139,350,313,274,156,249,150,129,42,49,58,233,279,55,198,147,212,251,204,351,290,121,92,199,8,349,222,114,181,116,161,23,126,323,307,159,54,310,292,20,111,330,149,197,246,317,41,5,324,30,118,76,43,3,90,26,287,77,165,22,184,208,211,206,104,299,153,37,137,207,340,45,151,308,25,86,89,320,272,215,176,192,218,34,124,117,262,252,327,293,238,28,297,16",20100,200
30,2,90457.41509261314,11.129941978150333,"254,309,346,174,66,241,301,337,296,56,236,253,295,4,65,10,91,221,306,19,271,177,101,191,303,219,189,173,321,7,100,316,270,102,32,50,213,48,130,155,273,242,95,21,345,170,52,106,109,46,255,133,47,154,312,276,80,275,119,18,136,140,193,229,289,103,57,35,145,144,266,108,2,237,339,64,347,158,123,344,157,348,168,239,217,256,180,294,263,228,186,200,166,318,328,269,44,113,38,298,264,188,259,87,190,85,261,311,225,53,59,194,332,283,314,131,110,96,341,329,17,112,69,248,160,231,247,70,120,132,182,202,81,143,15,285,6,146,334,178,235,234,196,216,288,185,319,171,333,201,243,226,24,122,115,148,125,302,88,245,322,67,265,291,9,14,240,175,71,304,326,13,214,33,63,83,338,94,134,179,282,224,62,74,278,277,98,107,39,209,135,11,336,172,152,342,227,128,260,79,343,315,325,97,142,232,210,305,162,250,127,300,335,187,60,257,280,93,99,203,72,244,230,223,40,195,258,281,68,183,12,205,268,163,31,167,73,331,284,78,138,220,105,61,169,164,29,141,51,82,84,27,267,75,286,36,139,350,161,116,181,114,222,212,147,199,92,121,290,351,198,8,349,251,204,55,279,233,58,49,42,129,150,249,156,274,313,23,126,252,262,117,124,34,218,192,176,215,272,320,246,86,25,308,151,45,118,76,43,3,90,26,287,77,165,22,184,208,30,340,207,137,37,153,299,104,206,211,324,5,41,317,89,197,149,330,111,20,292,310,54,159,307,323,327,293,238,28,297,16",20100,200
30,3,90076.5051645131,11.215283553311481,"254,309,346,174,66,241,301,337,296,56,236,253,295,4,65,10,91,221,306,19,271,177,101,191,303,219,189,173,321,7,100,316,270,102,32,50,213,48,130,155,273,242,95,21,345,170,52,106,103,289,255,133,47,154,312,276,80,275,119,18,136,140,193,229,46,109,57,35,145,144,266,108,2,237,339,64,347,158,123,344,157,348,168,239,217,256,180,294,263,228,186,200,166,318,328,269,44,113,38,298,264,188,259,87,190,85,261,311,225,53,59,194,332,283,314,131,110,96,341,329,17,112,69,248,160,231,247,70,120,132,182,202,81,143,146,6,285,15,334,178,235,234,196,216,288,185,319,171,333,201,243,226,24,122,115,148,125,302,88,245,322,67,265,291,9,14,240,175,71,304,326,13,214,33,63,83,338,94,134,179,282,224,62,74,278,277,98,107,39,209,135,11,336,172,152,342,227,128,260,79,343,315,325,97,142,232,210,305,162,250,127,300,335,187,60,257,280,93,99,203,72,244,230,223,40,195,258,281,68,183,12,205,268,163,31,167,73,331,284,78,138,220,105,61,169,164,29,141,51,82,84,27,267,75,286,36,139,350,161,116,181,114,222,349,8,198,92,121,290,351,199,147,212,251,204,55,279,233,58,49,42,129,150,249,156,274,313,23,126,252,262,117,124,34,218,192,176,215,272,320,246,86,25,308,151,45,118,76,43,3,90,26,287,77,165,22,184,208,30,340,207,137,37,153,299,104,206,211,324,5,41,317,89,197,149,330,111,20,292,310,54,159,307,323,327,293,238,28,297,16",20100,200
30,4,87897.6121519548,16.52105855806018,"254,309,346,174,66,241,301,337,296,56,236,253,295,4,65,10,91,221,306,19,271,177,101,191,303,219,189,173,321,7,100,316,270,102,32,50,213,48,130,155,273,242,109,57,35,170,345,21,95,46,255,133,47,154,312,276,80,275,119,18,136,140,193,229,289,103,106,52,145,144,266,108,2,237,339,64,347,158,123,344,157,348,168,239,217,256,180,294,263,228,186,200,166,318,328,269,44,113,38,298,264,188,259,87,190,85,261,311,225,53,59,194,332,283,314,131,110,96,341,329,17,112,69,248,160,231,247,70,120,132,182,202,81,143,15,285,6,146,334,178,235,234,196,216,288,185,319,171,333,201,243,226,24,122,115,148,125,302,88,245,322,67,265,291,9,14,240,175,71,304,326,13,214,33,63,83,338,94,134,179,282,224,62,74,278,277,98,107,39,209,135,11,336,172,152,342,227,128,260,79,343,315,325,97,142,232,210,305,162,250,127,300,335,187,60,257,280,93,99,203,72,244,230,223,40,195,258,281,68,183,12,205,268,163,31,167,73,331,284,78,138,220,105,61,169,164,42,141,51,82,84,27,267,75,286,36,139,350,161,116,181,114,222,212,147,198,92,124,117,262,252,126,34,121,290,351,199,8,349,251,204,55,279,233,58,49,29,129,150,249,156,274,313,23,218,192,176,215,272,320,246,86,25,308,151,45,118,76,43,3,90,26,287,77,165,22,184,208,211,206,104,299,153,37,137,207,340,30,324,5,41,317,89,197,149,330,111,20,292,310,54,159,307,323,327,293,238,28,297,16",20100,200
30,5,87923.12003737899,16.49852083770972,"254,309,346,174,66,241,301,337,296,56,236,253,295,4,65,10,91,221,306,19,271,177,101,191,303,219,189,173,321,7,100,316,270,102,32,50,213,48,130,155,273,242,109,57,35,170,345,21,95,46,255,133,47,154,312,276,80,275,119,18,136,140,193,229,289,103,106,52,145,144,266,108,2,237,339,64,347,158,123,344,157,348,168,239,217,256,180,294,263,228,186,200,166,318,328,269,44,113,38,298,264,188,259,87,190,85,261,311,225,53,59,194,332,283,314,131,110,96,341,329,17,112,69,248,160,231,247,70,120,132,182,202,81,143,146,6,285,15,334,178,235,234,196,216,288,185,319,171,333,201,243,226,24,122,115,148,125,302,88,245,322,67,265,291,9,14,240,175,71,304,326,13,214,33,63,83,338,94,134,179,282,224,62,74,278,277,98,107,39,209,135,11,336,172,152,342,227,128,260,79,343,315,325,97,142,232,210,305,162,250,127,300,335,187,60,257,280,93,99,203,72,244,230,223,40,195,258,281,68,183,12,205,268,163,31,167,73,331,284,78,138,220,105,61,169,164,42,141,51,82,84,27,267,75,286,36,139,350,161,116,181,114,222,212,147,198,92,124,117,262,252,126,34,121,290,351,199,8,349,251,204,55,279,233,58,49,29,129,150,249,156,274,313,23,218,192,176,215,272,320,246,86,25,308,151,45,118,76,43,3,90,26,287,77,165,22,184,208,211,206,104,299,153,37,137,207,340,30,324,5,41,317,89,197,149,330,111,20,292,310,54,159,307,323,327,293,238,28,297,16",20100,200
30,6,88783.6297137303,11.96569822527663,"254,309,346,174,66,241,301,337,296,56,236,253,295,4,65,10,91,221,306,19,271,177,101,191,303,219,189,173,321,7,100,316,270,102,32,50,213,48,130,155,273,242,103,106,52,170,345,21,95,289,255,133,47,154,312,276,80,275,119,18,136,140,193,229,46,109,57,35,145,144,266,108,2,237,339,64,347,158,123,344,157,348,168,239,217,256,180,294,263,228,186,200,166,318,328,269,44,113,38,298,264,188,259,87,190,85,261,311,225,53,59,194,332,283,314,131,110,96,341,329,17,112,69,248,160,231,247,70,120,132,182,202,81,143,15,285,6,146,334,178,235,234,196,216,288,185,319,171,333,201,243,226,24,122,115,148,125,302,88,245,322,67,265,291,9,14,240,175,71,304,326,13,214,33,63,83,338,94,134,179,282,224,62,74,278,277,98,107,39,209,135,11,336,172,152,342,227,128,260,79,343,315,325,97,142,232,210,305,162,250,127,300,335,187,60,257,280,93,99,203,72,244,230,223,40,195,258,281,68,183,12,205,268,163,31,167,73,331,284,78,138,220,105,61,169,164,29,141,51,82,84,27,267,75,286,36,139,350,161,116,181,114,222,212,147,198,92,124,117,262,252,126,34,121,290,351,199,8,349,251,204,55,279,233,58,49,42,129,150,249,156,274,313,23,218,192,176,215,272,320,246,86,25,308,151,45,118,76,43,3,90,26,287,77,165,22,184,208,211,206,104,299,153,37,137,207,340,30,324,5,41,317,89,197,149,330,111,20,292,310,54,159,307,323,327,293,238,28,297,16",20100,200
30,7,90482.92297803733,11.096459903522444,"254,309,346,174,66,241,301,337,296,56,236,253,295,4,65,10,91,221,306,19,271,177,101,191,303,219,189,173,321,7,100,316,270,102,32,50,213,48,130,155,273,242,95,21,345,170,52,106,109,46,255,133,47,154,312,276,80,275,119,18,136,140,193,229,289,103,57,35,145,144,266,108,2,237,339,64,347,158,123,344,157,348,168,239,217,256,180,294,263,228,186,200,166,318,328,269,44,113,38,298,264,188,259,87,190,85,261,311,225,53,59,194,332,283,314,131,110,96,341,329,17,112,69,248,160,231,247,70,120,132,182,202,81,143,146,6,285,15,334,178,235,234,196,216,288,185,319,171,333,201,243,226,24,122,115,148,125,302,88,245,322,67,265,291,9,14,240,175,71,304,326,13,214,33,63,83,338,94,134,179,282,224,62,74,278,277,98,107,39,209,135,11,336,172,152,342,227,128,260,79,343,315,325,97,142,232,210,305,162,250,127,300,335,187,60,257,280,93,99,203,72,244,230,223,40,195,258,281,68,183,12,205,268,163,31,167,73,331,284,78,138,220,105,61,169,164,29,141,51,82,84,27,267,75,286,36,139,350,161,116,181,114,222,212,147,199,92,121,290,351,198,8,349,251,204,55,279,233,58,49,42,129,150,249,156,274,313,23,126,252,262,117,124,34,218,192,176,215,272,320,246,86,25,308,151,45,118,76,43,3,90,26,287,77,165,22,184,208,30,340,207,137,37,153,299,104,206,211,324,5,41,317,89,197,149,330,111,20,292,310,54,159,307,323,327,293,238,28,297,16",20100,200
30,8,89866.22250235909,11.252546133364866,"254,309,346,174,66,241,301,337,296,56,236,253,295,4,65,10,91,221,306,19,271,177,101,191,303,219,189,173,321,7,100,316,270,102,32,50,213,48,130,155,273,242,95,21,345,170,212,106,103,289,255,133,47,154,312,276,80,275,119,18,136,140,193,229,46,109,57,35,145,144,266,108,2,237,339,64,347,158,123,344,157,348,168,239,217,256,180,294,263,228,186,200,166,318,328,269,44,113,38,298,264,188,259,87,190,85,261,311,225,53,59,194,332,283,314,131,110,96,341,329,17,112,69,248,160,231,247,70,120,132,182,202,81,143,146,6,285,15,334,178,235,234,196,216,288,185,319,171,333,201,243,226,24,122,115,148,125,302,88,245,322,67,265,291,9,14,240,175,71,304,326,13,214,33,63,83,338,94,134,179,282,224,62,74,278,277,98,107,39,209,135,11,336,172,152,342,227,128,260,79,343,315,325,97,142,232,210,305,162,250,127,300,335,187,60,257,280,93,99,203,72,244,230,223,40,195,258,281,68,183,12,205,268,163,31,167,73,331,284,78,138,220,105,61,169,164,29,141,51,82,84,27,267,75,286,36,139,350,161,116,181,114,222,349,8,198,92,121,290,351,199,147,52,251,204,55,279,233,58,49,42,129,150,249,156,274,313,23,126,252,262,117,124,34,218,192,176,215,272,320,246,86,25,308,151,45,118,76,43,3,90,26,287,77,165,22,184,208,30,340,207,137,37,153,299,104,206,211,324,5,41,317,89,197,149,330,111,20,292,310,54,159,307,323,327,293,238,28,297,16",20100,200
30,9,93156.64213110377,9.935432438465805,"254,309,346,174,66,241,301,337,296,56,236,253,295,4,65,10,91,221,306,19,271,177,101,191,303,219,189,173,321,7,100,316,270,157,344,123,158,347,64,339,237,2,109,57,35,145,144,266,108,46,255,133,47,154,312,276,335,275,119,18,136,140,193,229,289,103,106,52,170,345,21,95,242,273,155,130,48,213,50,32,102,348,168,239,217,256,180,294,263,228,186,200,166,318,328,269,44,113,38,298,264,188,259,87,190,85,261,311,225,53,59,194,332,283,314,131,110,96,341,329,17,112,69,248,160,231,247,70,120,132,182,202,81,143,15,285,6,146,334,178,235,234,196,216,288,185,319,171,333,201,243,226,24,122,115,148,125,302,88,245,322,67,265,291,9,14,240,175,71,304,326,13,214,33,63,83,338,94,134,179,282,224,62,74,278,277,98,107,39,209,135,11,336,172,152,342,227,128,260,79,343,315,325,97,142,232,210,305,162,250,127,300,80,187,60,257,280,93,99,203,72,244,230,223,40,195,258,281,68,183,12,205,268,163,31,167,73,331,284,78,220,105,61,169,164,42,141,138,161,116,27,84,267,75,286,36,139,350,51,82,181,114,222,349,8,199,92,121,290,351,198,147,212,251,204,246,279,233,5,49,29,129,58,41,317,55,197,149,330,111,20,292,310,54,159,307,323,126,23,313,274,156,249,150,324,26,118,3,43,76,90,30,287,77,165,22,184,208,211,206,104,299,153,37,137,207,340,45,151,308,25,86,89,320,272,215,176,192,218,34,124,117,262,252,327,293,238,28,297,16",20100,200
30,10,92243.73156699899,10.60786365050431,"254,309,346,174,66,241,301,337,296,56,236,253,295,4,65,10,91,221,306,19,271,177,101,191,303,219,189,173,321,7,100,316,270,157,344,123,158,347,64,339,237,2,109,57,35,145,144,266,108,46,255,133,47,154,312,276,335,275,119,18,136,140,193,229,289,103,106,52,170,345,21,95,242,273,155,130,48,213,50,32,102,348,168,239,217,256,180,294,263,228,186,200,166,318,328,269,44,113,38,298,264,188,259,87,190,85,261,311,225,53,59,194,332,283,314,131,110,96,341,329,17,112,69,248,160,231,247,70,120,132,182,202,81,143,15,285,6,146,334,178,235,234,196,216,288,185,319,171,333,201,243,226,24,122,115,148,125,302,88,245,322,67,265,291,9,14,240,175,71,304,326,13,214,33,63,83,338,94,134,179,282,224,62,74,278,277,98,107,39,209,135,11,336,172,152,342,227,128,260,79,343,315,325,97,142,232,210,305,162,250,127,300,80,187,60,257,280,93,99,203,72,244,230,223,40,195,258,281,68,183,12,205,268,163,31,167,73,331,284,78,138,220,105,61,169,164,29,141,51,82,84,27,267,75,286,36,139,350,313,274,156,249,150,129,42,49,58,233,279,55,198,147,212,251,204,351,290,121,92,199,8,349,222,114,181,116,161,23,126,323,307,159,54,310,292,20,111,330,149,197,246,86,25,308,151,45,118,76,43,3,90,26,287,77,165,22,184,208,211,206,104,299,153,37,137,207,340,30,324,5,41,317,89,320,272,215,176,192,218,34,124,117,262,252,327,293,238,28,297,16",20100,200
30,11,93182.15001652796,9.897910471044225,"254,309,346,174,66,241,301,337,296,56,236,253,295,4,65,10,91,221,306,19,271,177,101,191,303,219,189,173,321,7,100,316,270,157,344,123,158,347,64,339,237,2,109,57,35,145,144,266,108,46,255,133,47,154,312,276,335,275,119,18,136,140,193,229,289,103,106,52,170,345,21,95,242,273,155,130,48,213,50,32,102,348,168,239,217,256,180,294,263,228,186,200,166,318,328,269,44,113,38,298,264,188,259,87,190,85,261,311,225,53,59,194,332,283,314,131,110,96,341,329,17,112,69,248,160,231,247,70,120,132,182,202,81,143,146,6,285,15,334,178,235,234,196,216,288,185,319,171,333,201,243,226,24,122,115,148,125,302,88,245,322,67,265,291,9,14,240,175,71,304,326,13,214,33,63,83,338,94,134,179,282,224,62,74,278,277,98,107,39,209,135,11,336,172,152,342,227,128,260,79,343,315,325,97,142,232,210,305,162,250,127,300,80,187,60,257,280,93,99,203,72,244,230,223,40,195,258,281,68,183,12,205,268,163,31,167,73,331,284,78,220,105,61,169,164,42,141,138,161,116,27,84,267,75,286,36,139,350,51,82,181,114,222,349,8,199,92,121,290,351,198,147,212,251,204,246,279,233,5,49,29,129,58,41,317,55,197,149,330,111,20,292,310,54,159,307,323,126,23,313,274,156,249,150,324,26,118,3,43,76,90,30,287,77,165,22,184,208,211,206,104,299,153,37,137,207,340,45,151,308,25,86,89,320,272,215,176,192,218,34,124,117,262,252,327,293,238,28,297,16",20100,200
30,12,92839.82174576193,10.34818393548232,"254,309,346,174,66,241,301,337,296,56,236,253,295,4,65,10,91,221,306,19,271,177,101,191,303,219,189,173,321,7,100,316,270,157,344,123,158,347,64,339,237,2,109,57,35,145,144,266,108,46,255,133,47,154,312,276,80,275,119,18,136,140,193,229,289,103,106,52,170,345,21,95,242,273,155,130,48,213,50,32,102,348,168,239,217,256,180,294,263,228,186,200,166,318,328,269,44,113,38,298,264,188,259,87,190,85,261,311,225,53,59,194,332,283,314,131,110,96,341,329,17,112,69,248,160,231,247,70,120,132,182,202,81,143,146,6,285,15,334,178,235,234,196,216,288,185,319,171,333,201,243,226,24,122,115,148,125,302,88,245,322,67,265,291,9,14,240,175,71,304,326,13,214,33,63,83,338,94,134,179,282,224,62,74,278,277,98,107,39,209,135,11,336,172,152,342,227,128,260,79,343,315,325,97,142,232,210,305,162,250,127,300,335,187,60,257,280,93,99,203,72,244,230,223,40,195,258,281,68,183,12,205,268,163,31,167,73,331,284,78,138,220,105,61,169,164,29,141,51,82,84,27,267,75,286,36,139,350,313,274,156,249,150,129,42,49,58,233,279,55,198,147,212,251,204,351,290,121,92,199,8,349,222,114,181,116,161,23,126,323,307,159,54,310,292,20,111,330,149,197,246,317,41,5,324,30,118,76,43,3,90,26,287,77,165,22,184,208,211,206,104,299,153,37,137,207,340,45,151,308,25,86,89,320,272,215,176,192,218,34,124,117,262,252,327,293,238,28,297,16",20100,200
30,13,88503.2243998115,13.64725985171561,"254,309,346,174,66,241,301,337,296,56,236,253,295,4,65,10,91,221,306,19,271,177,101,191,303,219,189,173,321,7,100,316,270,102,32,50,213,48,130,155,273,242,95,21,345,170,52,106,103,289,255,133,47,154,312,276,80,275,119,18,136,140,193,229,46,109,57,35,145,144,266,108,2,237,339,64,347,158,123,344,157,348,168,239,217,256,180,294,263,228,186,200,166,318,328,269,44,113,38,298,264,188,259,87,190,85,261,311,225,53,59,194,332,283,314,131,110,96,341,329,17,112,69,248,160,231,247,70,120,132,182,202,81,143,146,6,285,15,334,178,235,234,196,216,288,185,319,171,333,201,243,226,24,122,115,148,125,302,88,245,322,67,265,291,9,14,240,175,71,304,326,13,214,33,63,83,338,94,134,179,282,224,62,74,278,277,98,107,39,209,135,11,336,172,152,342,227,128,260,79,343,315,325,97,142,232,210,305,162,250,127,300,335,187,60,257,280,93,99,203,72,244,230,223,40,195,258,281,68,183,12,205,268,163,31,167,73,331,284,78,138,220,105,61,169,164,42,141,51,82,84,27,267,75,286,36,139,350,161,116,181,114,222,212,147,198,92,124,117,262,252,126,34,121,290,351,199,8,349,251,204,55,279,233,58,49,29,129,150,249,156,274,313,23,218,192,176,215,272,320,246,86,25,308,151,45,118,76,43,3,90,26,287,77,165,22,184,208,211,206,104,299,153,37,137,207,340,30,324,5,41,317,89,197,149,330,111,20,292,310,54,159,307,323,327,293,238,28,297,16",20100,200
30,14,88020.53443198492,14.007183508198278,"254,309,346,174,66,241,301,337,296,56,236,253,295,4,65,10,91,221,306,19,271,177,101,191,303,219,189,173,321,7,100,316,270,102,32,50,213,48,130,155,273,242,95,21,345,170,52,106,103,289,255,133,47,154,312,276,80,275,119,18,136,140,193,229,46,109,57,35,145,144,266,108,2,237,339,64,347,158,123,344,157,348,168,239,217,256,180,294,263,228,186,200,166,318,328,269,44,113,38,298,264,188,259,87,190,85,261,311,225,53,59,194,332,283,314,131,110,96,341,329,17,112,69,248,160,231,247,70,120,132,182,202,81,143,15,285,6,146,334,178,235,234,196,216,288,185,319,171,333,201,243,226,24,122,115,148,125,302,88,245,322,67,265,291,9,14,240,175,71,304,326,13,214,33,63,83,338,94,134,179,282,224,62,74,278,277,98,107,39,209,135,11,336,172,152,342,227,128,260,79,343,315,325,97,142,232,210,305,162,250,127,300,335,187,60,257,280,93,99,203,72,244,230,223,40,195,258,281,68,183,12,205,268,163,31,167,73,331,284,78,138,220,105,61,169,164,42,141,51,82,84,27,267,75,286,36,139,350,161,116,181,114,222,212,147,198,92,124,117,262,252,126,34,121,290,351,199,8,349,251,204,55,279,233,156,274,313,23,249,150,129,29,49,58,218,192,176,215,272,320,246,86,25,308,151,45,118,76,43,3,90,26,287,77,317,41,5,324,30,340,207,137,37,153,299,104,206,211,208,184,22,165,89,197,149,330,111,20,292,310,54,159,307,323,327,293,238,28,297,16",20100,200
30,15,88558.62276295597,13.397892200407389,"254,309,346,174,66,241,301,337,296,56,236,253,295,4,65,10,91,221,306,19,271,177,101,191,303,219,189,173,321,7,100,316,270,102,32,50,213,48,130,155,273,242,95,21,345,170,52,106,109,46,255,133,47,154,312,276,80,275,119,18,136,140,193,229,289,103,57,35,145,144,266,108,2,237,339,64,347,158,123,344,157,348,168,239,217,256,180,294,263,228,186,200,166,318,328,269,44,113,38,298,264,188,259,87,190,85,261,311,225,53,59,194,332,283,314,131,110,96,341,329,17,112,69,248,160,231,247,70,120,132,182,202,81,143,15,285,6,146,334,178,235,234,196,216,288,185,319,171,333,201,243,226,24,122,115,148,125,302,88,245,322,67,265,291,9,14,240,175,71,304,326,13,214,33,63,83,338,94,134,179,282,224,62,74,278,277,98,107,39,209,135,11,336,172,152,342,227,128,260,79,343,315,325,97,142,232,210,305,162,250,127,300,335,187,60,257,280,93,99,203,72,244,230,223,40,195,258,281,68,183,12,205,268,163,31,167,73,331,284,78,138,220,105,61,169,164,42,141,51,82,84,27,267,75,286,36,139,350,161,116,181,114,222,212,147,198,92,124,117,262,252,126,34,121,290,351,199,8,349,251,204,58,233,279,55,49,29,129,150,249,156,274,313,23,218,192,176,215,272,320,246,86,25,308,151,45,118,76,43,3,90,26,287,77,165,22,184,208,30,340,207,137,37,153,299,104,206,211,324,5,41,317,89,197,149,330,111,20,292,310,54,159,307,323,327,293,238,28,297,16",20100,200
30,16,90378.30028436224,11.16540667022082,"254,309,346,174,66,241,301,337,296,56,236,253,295,4,65,10,91,221,306,19,271,177,101,191,303,219,189,173,321,7,100,316,270,102,32,50,213,48,130,155,273,242,95,21,345,170,52,106,103,289,255,133,47,154,312,276,80,275,119,18,136,140,193,229,46,109,57,35,145,144,266,108,2,237,339,64,347,158,123,344,157,348,168,239,217,256,180,294,263,228,186,200,166,318,328,269,44,113,38,298,264,188,259,87,190,85,261,311,225,53,59,194,332,283,314,131,110,96,341,329,17,112,69,248,160,231,247,70,120,132,182,202,81,143,146,6,285,15,334,178,235,234,196,216,288,185,319,171,333,201,243,226,24,122,115,148,125,302,88,245,322,67,265,291,9,14,240,175,71,304,326,13,214,33,63,83,338,94,134,179,282,224,62,74,278,277,98,107,39,209,135,11,336,172,152,342,227,128,260,79,343,315,325,97,142,232,210,305,162,250,127,300,335,187,60,257,280,93,99,203,72,244,230,223,40,195,258,281,68,183,12,205,268,163,31,167,73,331,284,78,138,220,105,61,169,164,29,141,51,82,84,27,267,75,286,36,139,350,161,116,181,114,222,349,8,199,92,121,290,351,198,147,212,251,204,55,279,233,58,49,42,129,150,249,156,274,313,23,126,252,262,117,124,34,218,192,176,215,272,320,246,86,25,308,151,45,118,76,43,3,90,26,287,77,165,22,184,208,30,340,207,137,37,153,299,104,206,211,324,5,41,317,89,197,149,330,111,20,292,310,54,159,307,323,327,293,238,28,297,16",20100,200
30,17,92766.2515011607,10.41315264326211,"254,309,346,174,66,241,301,337,296,56,236,253,295,4,65,10,91,221,306,19,271,177,101,191,303,219,189,173,321,7,100,316,270,102,32,50,213,48,130,155,273,242,95,21,345,170,52,106,109,46,255,133,47,154,312,276,80,275,119,18,136,140,193,229,289,103,57,35,145,144,266,108,2,237,339,64,347,158,123,344,157,348,168,239,217,256,180,294,263,228,186,200,166,318,328,269,44,113,38,298,264,188,259,87,190,85,261,311,225,53,59,194,332,283,314,131,110,96,341,329,17,112,69,248,160,231,247,70,120,132,182,202,81,143,15,285,6,146,334,178,235,234,196,216,288,185,319,171,333,201,243,226,24,122,115,148,125,302,88,245,322,67,265,291,9,14,240,175,71,304,326,13,214,33,63,83,338,94,134,179,282,224,62,74,278,277,98,107,39,209,135,11,336,172,152,342,227,128,260,79,343,315,325,97,142,232,210,305,162,250,127,300,335,187,60,257,280,93,99,203,72,244,230,223,40,195,258,281,68,183,12,205,268,163,31,167,73,331,284,78,138,220,105,61,169,164,29,141,51,82,84,27,267,75,286,36,139,350,313,274,156,249,150,129,42,49,58,233,279,55,198,147,212,251,204,351,290,121,92,199,8,349,222,114,181,116,161,23,126,323,307,159,54,310,292,20,111,330,149,197,246,317,41,5,324,30,118,76,43,3,90,26,287,77,165,22,184,208,211,206,104,299,153,37,137,207,340,45,151,308,25,86,89,320,272,215,176,192,218,34,124,117,262,252,327,293,238,28,297,16",20100,200
30,18,92059.53725827466,10.651619772871644,"254,309,346,174,66,241,301,337,296,56,236,253,295,4,65,10,91,221,306,19,271,177,101,191,303,219,189,173,321,7,100,316,270,157,344,123,158,347,64,339,237,2,109,57,35,145,144,266,108,46,255,133,47,154,312,276,335,275,119,18,136,140,193,229,289,103,106,212,170,345,21,95,242,273,155,130,48,213,50,32,102,348,168,239,217,256,180,294,263,228,186,200,166,318,328,269,44,113,38,298,264,188,259,87,190,85,261,311,225,53,59,194,332,283,314,131,110,96,341,329,17,112,69,248,160,231,247,70,120,132,182,202,81,143,146,6,285,15,334,178,235,234,196,216,288,185,319,171,333,201,243,226,24,122,115,148,125,302,88,245,322,67,265,291,9,14,240,175,71,304,326,13,214,33,63,83,338,94,134,179,282,224,62,74,278,277,98,107,39,209,135,11,336,172,152,342,227,128,260,79,343,315,325,97,142,232,210,305,162,250,127,300,80,187,60,257,280,93,99,203,72,244,230,223,40,195,258,281,68,183,12,205,268,163,31,167,73,331,284,78,138,220,105,61,169,164,29,141,51,82,84,27,267,75,286,36,139,350,313,274,156,249,150,129,42,49,58,233,279,55,198,147,52,251,204,351,290,121,92,199,8,349,222,114,181,116,161,23,126,323,307,159,54,310,292,20,111,330,149,197,246,86,25,308,151,45,118,76,43,3,90,26,287,77,165,22,184,208,211,206,104,299,153,37,137,207,340,30,324,5,41,317,89,320,272,215,176,192,218,34,124,117,262,252,327,293,238,28,297,16",20100,200
30,19,88636.72851130954,12.079822849069432,"254,309,4,295,253,236,56,296,337,301,241,66,174,346,65,10,91,221,306,19,271,177,101,191,303,219,189,173,321,7,100,316,270,102,32,50,213,48,130,155,273,242,95,21,345,170,52,106,103,289,255,133,47,154,312,276,335,275,119,18,136,140,193,229,46,109,57,35,145,144,266,108,2,237,339,64,347,158,123,344,157,348,168,239,217,256,180,294,263,228,186,200,166,318,328,269,44,113,38,298,264,188,259,87,190,85,261,311,225,53,59,194,332,283,314,131,110,96,341,329,17,112,69,248,160,231,247,70,120,132,182,202,81,143,146,6,285,15,334,178,235,234,196,216,288,185,319,171,333,201,243,226,24,122,115,148,125,302,88,245,322,67,265,291,9,14,240,175,71,304,326,13,214,33,63,83,338,94,134,179,282,224,62,74,278,277,98,107,39,209,135,11,336,172,152,342,227,128,260,79,343,315,325,97,142,232,210,305,162,250,127,300,80,187,60,257,280,93,99,203,72,244,230,223,40,195,258,281,68,183,12,205,268,163,31,167,73,331,284,78,138,220,105,61,169,164,29,141,51,82,84,27,267,75,286,36,139,350,161,116,181,114,222,212,262,252,126,23,313,274,156,249,150,129,42,49,58,233,279,55,204,251,349,8,199,351,290,121,92,198,147,117,124,34,218,192,176,215,272,320,246,86,25,308,151,45,118,76,43,3,90,26,287,77,165,22,5,324,30,340,207,137,37,153,299,104,206,211,208,184,41,317,89,197,149,330,111,20,292,310,54,159,307,323,327,293,238,28,297,16",20100,200
30,20,92986.47143658744,10.2056199323919,"254,309,346,174,66,241,301,337,296,56,236,253,295,4,65,10,91,221,306,19,271,177,101,191,303,219,189,173,321,7,100,316,270,102,32,50,213,48,130,155,273,242,95,21,345,170,52,106,103,289,255,133,47,154,312,276,80,275,119,18,136,140,193,229,46,109,57,35,145,144,266,108,2,237,339,64,347,158,123,344,157,348,168,239,217,256,180,294,263,228,186,200,166,318,328,269,44,113,38,298,264,188,259,87,190,85,261,311,225,53,59,194,332,283,314,131,110,96,341,329,17,112,69,248,160,231,247,70,120,132,182,202,81,143,15,285,6,146,334,178,235,234,196,216,288,185,319,171,333,201,243,226,24,122,115,148,125,302,88,245,322,67,265,291,9,14,240,175,71,304,326,13,214,33,63,83,338,94,134,179,282,224,62,74,278,277,98,107,39,209,135,11,336,172,152,342,227,128,260,79,343,315,325,97,142,232,210,305,162,250,127,300,335,187,60,257,280,93,99,203,72,244,230,223,40,195,258,281,68,183,12,205,268,163,31,167,73,331,284,78,220,105,61,169,164,42,141,138,161,116,27,84,267,75,286,36,139,350,51,82,181,114,222,349,8,199,92,121,290,351,198,147,212,251,204,246,279,233,5,49,29,129,150,249,156,274,313,23,126,323,307,159,54,310,292,20,111,330,149,197,55,317,41,58,324,26,118,3,43,76,90,30,287,77,165,22,184,208,211,206,104,299,153,37,137,207,340,45,151,308,25,86,89,320,272,215,176,192,218,34,124,117,262,252,327,293,238,28,297,16",20100,200
30,21,88879.59057137932,11.69640290837882,"254,309,4,295,253,236,56,296,337,301,241,66,174,346,65,10,91,221,306,19,271,177,101,191,303,219,189,173,321,7,100,316,270,102,32,50,213,48,130,155,273,242,95,21,345,170,52,106,109,46,255,133,47,154,312,276,80,275,119,18,136,140,193,229,289,103,57,35,145,144,266,108,2,237,339,64,347,158,123,344,157,348,168,239,217,256,180,294,263,228,186,200,166,318,328,269,44,113,38,298,264,188,259,87,190,85,261,311,225,53,59,194,332,283,314,131,110,96,341,329,17,112,69,248,160,231,247,70,120,132,182,202,81,143,15,285,6,146,334,178,235,234,196,216,288,185,319,171,333,201,243,226,24,122,115,148,125,302,88,245,322,67,265,291,9,14,240,175,71,304,326,13,214,33,63,83,338,94,134,179,282,224,62,74,278,277,98,107,39,209,135,11,336,172,152,342,227,128,260,79,343,315,325,97,142,232,210,305,162,250,127,300,335,187,60,257,280,93,99,203,72,244,230,223,40,195,258,281,68,183,12,205,268,163,31,167,73,331,284,78,138,220,105,61,169,164,29,141,51,82,84,27,267,75,286,36,139,350,161,116,181,114,222,212,262,252,126,23,313,274,156,249,150,129,42,49,58,233,279,55,204,251,349,8,199,351,290,121,92,198,147,117,124,34,218,192,176,215,272,320,246,86,25,308,151,45,118,76,43,3,90,26,287,77,165,22,5,324,30,340,207,137,37,153,299,104,206,211,208,184,41,317,89,197,149,330,111,20,292,310,54,159,307,323,327,293,238,28,297,16",20100,200
30,22,88241.37946887374,13.927262175058203,"254,309,4,295,253,236,56,296,337,301,241,66,174,346,65,10,91,221,306,19,271,177,101,191,303,219,189,173,321,7,100,316,270,102,32,50,213,48,130,155,273,242,95,21,345,170,52,106,103,289,255,133,47,154,312,276,80,275,119,18,136,140,193,229,46,109,57,35,145,144,266,108,2,237,339,64,347,158,123,344,157,348,168,239,217,256,180,294,263,228,186,200,166,318,328,269,44,113,38,298,264,188,259,87,190,85,261,311,225,53,59,194,332,283,314,131,110,96,341,329,17,112,69,248,160,231,247,70,120,132,182,202,81,143,15,285,6,146,334,178,235,234,196,216,288,185,319,171,333,201,243,226,24,122,115,148,125,302,88,245,322,67,265,291,9,14,240,175,71,304,326,13,214,33,63,83,338,94,134,179,282,224,62,74,278,277,98,107,39,209,135,11,336,172,152,342,227,128,260,79,343,315,325,97,142,232,210,305,162,250,127,300,335,187,60,257,280,93,99,203,72,244,230,223,40,195,258,281,68,183,12,205,268,163,31,167,73,331,284,78,138,220,105,61,169,164,42,141,51,82,84,27,267,75,286,36,139,350,161,116,181,114,222,212,147,198,92,124,117,262,252,126,34,121,290,351,199,8,349,251,204,55,279,233,58,49,29,129,150,249,156,274,313,23,218,192,176,215,272,320,246,86,25,308,151,45,118,76,43,3,90,26,287,77,165,22,184,208,211,206,104,299,153,37,137,207,340,30,324,5,41,317,89,197,149,330,111,20,292,310,54,159,307,323,327,293,238,28,297,16",20100,200
30,23,92269.23945242318,10.572728369781332,"254,309,346,174,66,241,301,337,296,56,236,253,295,4,65,10,91,221,306,19,271,177,101,191,303,219,189,173,321,7,100,316,270,157,344,123,158,347,64,339,237,2,109,57,35,145,144,266,108,46,255,133,47,154,312,276,335,275,119,18,136,140,193,229,289,103,106,52,170,345,21,95,242,273,155,130,48,213,50,32,102,348,168,239,217,256,180,294,263,228,186,200,166,318,328,269,44,113,38,298,264,188,259,87,190,85,261,311,225,53,59,194,332,283,314,131,110,96,341,329,17,112,69,248,160,231,247,70,120,132,182,202,81,143,146,6,285,15,334,178,235,234,196,216,288,185,319,171,333,201,243,226,24,122,115,148,125,302,88,245,322,67,265,291,9,14,240,175,71,304,326,13,214,33,63,83,338,94,134,179,282,224,62,74,278,277,98,107,39,209,135,11,336,172,152,342,227,128,260,79,343,315,325,97,142,232,210,305,162,250,127,300,80,187,60,257,280,93,99,203,72,244,230,223,40,195,258,281,68,183,12,205,268,163,31,167,73,331,284,78,138,220,105,61,169,164,29,141,51,82,84,27,267,75,286,36,139,350,313,274,156,249,150,129,42,49,58,233,279,55,198,147,212,251,204,351,290,121,92,199,8,349,222,114,181,116,161,23,126,323,307,159,54,310,292,20,111,330,149,197,246,86,25,308,151,45,118,76,43,3,90,26,287,77,165,22,184,208,211,206,104,299,153,37,137,207,340,30,324,5,41,317,89,320,272,215,176,192,218,34,124,117,262,252,327,293,238,28,297,16",20100,200
30,24,90187.71687947298,11.194528525226476,"254,309,346,174,66,241,301,337,296,56,236,253,295,4,65,10,91,221,306,19,271,177,101,191,303,219,189,173,321,7,100,316,270,102,32,50,213,48,130,155,273,242,95,21,345,170,212,106,103,289,255,133,47,154,312,276,80,275,119,18,136,140,193,229,46,109,57,35,145,144,266,108,2,237,339,64,347,158,123,344,157,348,168,239,217,256,180,294,263,228,186,200,166,318,328,269,44,113,38,298,264,188,259,87,190,85,261,311,225,53,59,194,332,283,314,131,110,96,341,329,17,112,69,248,160,231,247,70,120,132,182,202,81,143,146,6,285,15,334,178,235,234,196,216,288,185,319,171,333,201,243,226,24,122,115,148,125,302,88,245,322,67,265,291,9,14,240,175,71,304,326,13,214,33,63,83,338,94,134,179,282,224,62,74,278,277,98,107,39,209,135,11,336,172,152,342,227,128,260,79,343,315,325,97,142,232,210,305,162,250,127,300,335,187,60,257,280,93,99,203,72,244,230,223,40,195,258,281,68,183,12,205,268,163,31,167,73,331,284,78,138,220,105,61,169,164,29,141,51,82,84,27,267,75,286,36,139,350,161,116,181,114,222,349,8,199,92,121,290,351,204,251,52,147,198,55,279,233,58,49,42,129,150,249,156,274,313,23,126,252,262,117,124,34,218,192,176,215,272,320,246,86,25,308,151,45,118,76,43,3,90,26,287,77,165,22,184,208,30,340,207,137,37,153,299,104,206,211,324,5,41,317,89,197,149,330,111,20,292,310,54,159,307,323,327,293,238,28,297,16",20100,200
30,25,88477.71651438731,13.674497705830383,"254,309,346,174,66,241,301,337,296,56,236,253,295,4,65,10,91,221,306,19,271,177,101,191,303,219,189,173,321,7,100,316,270,102,32,50,213,48,130,155,273,242,95,21,345,170,52,106,103,289,255,133,47,154,312,276,80,275,119,18,136,140,193,229,46,109,57,35,145,144,266,108,2,237,339,64,347,158,123,344,157,348,168,239,217,256,180,294,263,228,186,200,166,318,328,269,44,113,38,298,264,188,259,87,190,85,261,311,225,53,59,194,332,283,314,131,110,96,341,329,17,112,69,248,160,231,247,70,120,132,182,202,81,143,15,285,6,146,334,178,235,234,196,216,288,185,319,171,333,201,243,226,24,122,115,148,125,302,88,245,322,67,265,291,9,14,240,175,71,304,326,13,214,33,63,83,338,94,134,179,282,224,62,74,278,277,98,107,39,209,135,11,336,172,152,342,227,128,260,79,343,315,325,97,142,232,210,305,162,250,127,300,335,187,60,257,280,93,99,203,72,244,230,223,40,195,258,281,68,183,12,205,268,163,31,167,73,331,284,78,138,220,105,61,169,164,42,141,51,82,84,27,267,75,286,36,139,350,161,116,181,114,222,212,147,198,92,124,117,262,252,126,34,121,290,351,199,8,349,251,204,55,279,233,58,49,29,129,150,249,156,274,313,23,218,192,176,215,272,320,246,86,25,308,151,45,118,76,43,3,90,26,287,77,165,22,184,208,211,206,104,299,153,37,137,207,340,30,324,5,41,317,89,197,149,330,111,20,292,310,54,159,307,323,327,293,238,28,297,16",20100,200
30,26,90604.17944676724,10.792602077339073,"254,309,346,174,66,241,301,337,296,56,236,253,295,4,65,10,91,221,306,19,271,177,101,191,303,219,189,173,321,7,100,316,270,102,32,50,213,48,130,155,273,242,95,21,345,170,52,106,103,289,255,133,47,154,312,276,80,275,119,18,136,140,193,229,46,109,57,35,145,144,266,108,2,237,339,64,347,158,123,344,157,348,168,239,217,256,180,294,263,228,186,200,166,318,328,269,44,113,38,298,264,188,259,87,190,85,261,311,225,53,59,194,332,283,314,131,110,96,341,329,17,112,69,248,160,231,247,70,120,132,182,202,81,143,15,285,6,146,334,178,235,234,196,216,288,185,319,171,333,201,243,226,24,122,115,148,125,302,88,245,322,67,265,291,9,14,240,175,71,304,326,13,214,33,63,83,338,94,134,179,282,224,62,74,278,277,98,107,39,209,135,11,336,172,152,342,227,128,260,79,343,315,325,97,142,232,210,305,162,250,127,300,335,187,60,257,280,93,99,203,72,244,230,223,40,195,258,281,68,183,12,205,268,163,31,167,73,331,284,78,138,220,105,61,169,164,29,141,51,82,84,27,267,75,286,36,139,350,313,274,156,249,150,129,42,49,58,233,279,55,198,147,212,251,204,351,290,121,92,199,8,349,222,114,181,116,161,23,126,252,262,117,124,34,218,192,176,215,272,320,246,86,25,308,151,45,118,76,43,3,90,26,287,77,165,22,184,208,30,340,207,137,37,153,299,104,206,211,324,5,41,317,89,197,149,330,111,20,292,310,54,159,307,323,327,293,238,28,297,16",20100,200
30,27,87661.27510644123,16.73087326067889,"254,309,4,295,253,236,56,296,337,301,241,66,174,346,65,10,91,221,306,19,271,177,101,191,303,219,189,173,321,7,100,316,270,102,32,50,213,48,130,155,273,242,109,57,35,170,345,21,95,46,255,133,47,154,312,276,80,275,119,18,136,140,193,229,289,103,106,52,145,144,266,108,2,237,339,64,347,158,123,344,157,348,168,239,217,256,180,294,263,228,186,200,166,318,328,269,44,113,38,298,264,188,259,87,190,85,261,311,225,53,59,194,332,283,314,131,110,96,341,329,17,112,69,248,160,231,247,70,120,132,182,202,81,143,15,285,6,146,334,178,235,234,196,216,288,185,319,171,333,201,243,226,24,122,115,148,125,302,88,245,322,67,265,291,9,14,240,175,71,304,326,13,214,33,63,83,338,94,134,179,282,224,62,74,278,277,98,107,39,209,135,11,336,172,152,342,227,128,260,79,343,315,325,97,142,232,210,305,162,250,127,300,335,187,60,257,280,93,99,203,72,244,230,223,40,195,258,281,68,183,12,205,268,163,31,167,73,331,284,78,138,220,105,61,169,164,42,141,51,82,84,27,267,75,286,36,139,350,161,116,181,114,222,212,147,198,92,124,117,262,252,126,34,121,290,351,199,8,349,251,204,55,279,233,58,49,29,129,150,249,156,274,313,23,218,192,176,215,272,320,246,86,25,308,151,45,118,76,43,3,90,26,287,77,165,22,184,208,211,206,104,299,153,37,137,207,340,30,324,5,41,317,89,197,149,330,111,20,292,310,54,159,307,323,327,293,238,28,297,16",20100,200
30,28,93011.97932201163,10.169094952743986,"254,309,346,174,66,241,301,337,296,56,236,253,295,4,65,10,91,221,306,19,271,177,101,191,303,219,189,173,321,7,100,316,270,102,32,50,213,48,130,155,273,242,95,21,345,170,52,106,103,289,255,133,47,154,312,276,80,275,119,18,136,140,193,229,46,109,57,35,145,144,266,108,2,237,339,64,347,158,123,344,157,348,168,239,217,256,180,294,263,228,186,200,166,318,328,269,44,113,38,298,264,188,259,87,190,85,261,311,225,53,59,194,332,283,314,131,110,96,341,329,17,112,69,248,160,231,247,70,120,132,182,202,81,143,146,6,285,15,334,178,235,234,196,216,288,185,319,171,333,201,243,226,24,122,115,148,125,302,88,245,322,67,265,291,9,14,240,175,71,304,326,13,214,33,63,83,338,94,134,179,282,224,62,74,278,277,98,107,39,209,135,11,336,172,152,342,227,128,260,79,343,315,325,97,142,232,210,305,162,250,127,300,335,187,60,257,280,93,99,203,72,244,230,223,40,195,258,281,68,183,12,205,268,163,31,167,73,331,284,78,220,105,61,169,164,42,141,138,161,116,27,84,267,75,286,36,139,350,51,82,181,114,222,349,8,199,92,121,290,351,198,147,212,251,204,246,279,233,5,49,29,129,150,249,156,274,313,23,126,323,307,159,54,310,292,20,111,330,149,197,55,317,41,58,324,26,118,3,43,76,90,30,287,77,165,22,184,208,211,206,104,299,153,37,137,207,340,45,151,308,25,86,89,320,272,215,176,192,218,34,124,117,262,252,327,293,238,28,297,16",20100,200
30,29,89843.0030560559,11.594556825160533,"254,309,346,174,66,241,301,337,296,56,236,253,295,4,65,10,91,221,306,19,271,177,101,191,303,219,189,173,321,7,100,316,270,102,32,50,213,48,130,155,273,242,95,21,345,170,212,106,103,289,255,133,47,154,312,276,80,275,119,18,136,140,193,229,46,109,57,35,145,144,266,108,2,237,339,64,347,158,123,344,157,348,168,239,217,256,180,294,263,228,186,200,166,318,328,269,44,113,38,298,264,188,259,87,190,85,261,311,225,53,59,194,332,283,314,131,110,96,341,329,17,112,69,248,160,231,247,70,120,132,182,202,81,143,15,285,6,146,334,178,235,234,196,216,288,185,319,171,333,201,243,226,24,122,115,148,125,302,88,245,322,67,265,291,9,14,240,175,71,304,326,13,214,33,63,83,338,94,134,179,282,224,62,74,278,277,98,107,39,209,135,11,336,172,152,342,227,128,260,79,343,315,325,97,142,232,210,305,162,250,127,300,335,187,60,257,280,93,99,203,72,244,230,223,40,195,258,281,68,183,12,205,268,163,31,167,73,331,284,78,138,220,105,61,169,164,29,141,51,82,84,27,267,75,286,36,139,350,161,116,181,114,222,349,8,198,92,121,290,351,199,251,52,147,204,55,279,233,58,49,42,129,150,249,156,274,313,23,126,252,262,117,124,34,218,192,176,215,272,320,246,86,25,308,151,45,118,76,43,3,90,26,287,77,165,22,184,208,211,206,104,137,37,153,299,207,340,30,324,5,41,317,89,197,149,330,111,20,292,310,54,159,307,323,327,293,238,28,297,16",20100,200
