run,solution_idx,f1,f2,chromosome,n_evaluations,n_generations
0,0,317719.0008240367,23.957926632342584,"4,12,22,19,3,8,11,9,2,21,10,25,24,18,7,2,18,23,10,26,13,16,20,1,12,5,22,6,13,5,19,17,25,14,26,15,24,20,15,21,3,2,23,6,20,7,9,8,12,15,7,17,17,20,1,20,8,9,2,15,3,8,6,1,4,5,26,14,20,19,4,8,11,4,26,15,19,14,25,25,15,22,18,6,25,17,5,24,10,15,3,3,1,12,6,18,2,5,6,4,7,17,24,15,10,7,16,3,9,1,26,24,18,2,15,16,21,12,3,13,15,15,5,1,11,20,22,1,23,23,19,8,12,21,9,8,7,25,6,16,15,13,10,19,4,20,13,5,7,7,25,17,25,20,20,23,22,21,6,15,11,19,1,13,14,11,14,26,1,13,9,6,20,11,21",5000,100
0,1,318332.1067744132,23.754787745387294,"4,12,22,19,3,8,11,9,2,21,10,25,24,18,7,2,18,23,10,26,13,16,20,1,12,5,22,6,13,5,19,17,25,14,26,15,24,20,15,21,3,2,23,6,20,7,9,8,12,15,7,17,17,20,1,20,8,9,2,15,3,8,6,1,4,5,26,14,20,19,4,8,11,4,26,15,19,14,25,25,15,22,18,6,25,17,5,24,10,15,3,3,1,12,6,18,2,5,6,4,7,17,24,15,10,7,16,3,9,1,26,24,18,2,15,16,21,12,3,13,15,15,5,1,11,20,22,1,23,23,19,8,12,21,9,8,7,25,6,16,21,13,10,19,4,20,13,5,7,7,25,17,25,20,20,23,22,21,6,15,11,19,1,13,14,11,14,26,1,13,9,6,20,11,21",5000,100
0,2,318332.1067744132,23.754787745387294,"4,12,22,19,3,8,11,9,2,21,10,25,24,18,7,2,18,23,10,26,13,16,20,1,12,5,22,6,13,5,19,17,25,14,26,15,24,20,15,21,3,2,23,6,20,7,9,8,12,15,7,17,17,20,1,20,8,9,2,15,3,8,6,1,4,5,26,14,20,19,4,8,11,4,26,15,19,14,25,25,15,22,18,6,25,17,5,24,10,15,3,3,1,12,6,18,2,5,6,4,7,17,24,15,10,7,16,3,9,1,26,24,18,2,15,16,21,12,3,13,15,15,5,1,11,20,22,1,23,23,19,8,12,21,9,8,7,25,6,16,21,13,10,19,4,20,13,5,7,7,25,17,25,20,20,23,22,21,6,15,11,19,1,13,14,11,14,26,1,13,9,6,20,11,21",5000,100
0,3,318332.1067744132,23.754787745387294,"4,12,22,19,3,8,11,9,2,21,10,25,24,18,7,2,18,23,10,26,13,16,20,1,12,5,22,6,13,5,19,17,25,14,26,15,24,20,15,21,3,2,23,6,20,7,9,8,12,15,7,17,17,20,1,20,8,9,2,15,3,8,6,1,4,5,26,14,20,19,4,8,11,4,26,15,19,14,25,25,15,22,18,6,25,17,5,24,10,15,3,3,1,12,6,18,2,5,6,4,7,17,24,15,10,7,16,3,9,1,26,24,18,2,15,16,21,12,3,13,15,15,5,1,11,20,22,1,23,23,19,8,12,21,9,8,7,25,6,16,21,13,10,19,4,20,13,5,7,7,25,17,25,20,20,23,22,21,6,15,11,19,1,13,14,11,14,26,1,13,9,6,20,11,21",5000,100
0,4,318332.1067744132,23.754787745387294,"4,12,22,19,3,8,11,9,2,21,10,25,24,18,7,2,18,23,10,26,13,16,20,1,12,5,22,6,13,5,19,17,25,14,26,15,24,20,15,21,3,2,23,6,20,7,9,8,12,15,7,17,17,20,1,20,8,9,2,15,3,8,6,1,4,5,26,14,20,19,4,8,11,4,26,15,19,14,25,25,15,22,18,6,25,17,5,24,10,15,3,3,1,12,6,18,2,5,6,4,7,17,24,15,10,7,16,3,9,1,26,24,18,2,15,16,21,12,3,13,15,15,5,1,11,20,22,1,23,23,19,8,12,21,9,8,7,25,6,16,21,13,10,19,4,20,13,5,7,7,25,17,25,20,20,23,22,21,6,15,11,19,1,13,14,11,14,26,1,13,9,6,20,11,21",5000,100
0,5,318332.1067744132,23.754787745387294,"4,12,22,19,3,8,11,9,2,21,10,25,24,18,7,2,18,23,10,26,13,16,20,1,12,5,22,6,13,5,19,17,25,14,26,15,24,20,15,21,3,2,23,6,20,7,9,8,12,15,7,17,17,20,1,20,8,9,2,15,3,8,6,1,4,5,26,14,20,19,4,8,11,4,26,15,19,14,25,25,15,22,18,6,25,17,5,24,10,15,3,3,1,12,6,18,2,5,6,4,7,17,24,15,10,7,16,3,9,1,26,24,18,2,15,16,21,12,3,13,15,15,5,1,11,20,22,1,23,23,19,8,12,21,9,8,7,25,6,16,21,13,10,19,4,20,13,5,7,7,25,17,25,20,20,23,22,21,6,15,11,19,1,13,14,11,14,26,1,13,9,6,20,11,21",5000,100
0,6,318332.1067744132,23.754787745387294,"4,12,22,19,3,8,11,9,2,21,10,25,24,18,7,2,18,23,10,26,13,16,20,1,12,5,22,6,13,5,19,17,25,14,26,15,24,20,15,21,3,2,23,6,20,7,9,8,12,15,7,17,17,20,1,20,8,9,2,15,3,8,6,1,4,5,26,14,20,19,4,8,11,4,26,15,19,14,25,25,15,22,18,6,25,17,5,24,10,15,3,3,1,12,6,18,2,5,6,4,7,17,24,15,10,7,16,3,9,1,26,24,18,2,15,16,21,12,3,13,15,15,5,1,11,20,22,1,23,23,19,8,12,21,9,8,7,25,6,16,21,13,10,19,4,20,13,5,7,7,25,17,25,20,20,23,22,21,6,15,11,19,1,13,14,11,14,26,1,13,9,6,20,11,21",5000,100
0,7,318332.1067744132,23.754787745387294,"4,12,22,19,3,8,11,9,2,21,10,25,24,18,7,2,18,23,10,26,13,16,20,1,12,5,22,6,13,5,19,17,25,14,26,15,24,20,15,21,3,2,23,6,20,7,9,8,12,15,7,17,17,20,1,20,8,9,2,15,3,8,6,1,4,5,26,14,20,19,4,8,11,4,26,15,19,14,25,25,15,22,18,6,25,17,5,24,10,15,3,3,1,12,6,18,2,5,6,4,7,17,24,15,10,7,16,3,9,1,26,24,18,2,15,16,21,12,3,13,15,15,5,1,11,20,22,1,23,23,19,8,12,21,9,8,7,25,6,16,21,13,10,19,4,20,13,5,7,7,25,17,25,20,20,23,22,21,6,15,11,19,1,13,14,11,14,26,1,13,9,6,20,11,21",5000,100
0,8,318332.1067744132,23.754787745387294,"4,12,22,19,3,8,11,9,2,21,10,25,24,18,7,2,18,23,10,26,13,16,20,1,12,5,22,6,13,5,19,17,25,14,26,15,24,20,15,21,3,2,23,6,20,7,9,8,12,15,7,17,17,20,1,20,8,9,2,15,3,8,6,1,4,5,26,14,20,19,4,8,11,4,26,15,19,14,25,25,15,22,18,6,25,17,5,24,10,15,3,3,1,12,6,18,2,5,6,4,7,17,24,15,10,7,16,3,9,1,26,24,18,2,15,16,21,12,3,13,15,15,5,1,11,20,22,1,23,23,19,8,12,21,9,8,7,25,6,16,21,13,10,19,4,20,13,5,7,7,25,17,25,20,20,23,22,21,6,15,11,19,1,13,14,11,14,26,1,13,9,6,20,11,21",5000,100
0,9,318332.1067744132,23.754787745387294,"4,12,22,19,3,8,11,9,2,21,10,25,24,18,7,2,18,23,10,26,13,16,20,1,12,5,22,6,13,5,19,17,25,14,26,15,24,20,15,21,3,2,23,6,20,7,9,8,12,15,7,17,17,20,1,20,8,9,2,15,3,8,6,1,4,5,26,14,20,19,4,8,11,4,26,15,19,14,25,25,15,22,18,6,25,17,5,24,10,15,3,3,1,12,6,18,2,5,6,4,7,17,24,15,10,7,16,3,9,1,26,24,18,2,15,16,21,12,3,13,15,15,5,1,11,20,22,1,23,23,19,8,12,21,9,8,7,25,6,16,21,13,10,19,4,20,13,5,7,7,25,17,25,20,20,23,22,21,6,15,11,19,1,13,14,11,14,26,1,13,9,6,20,11,21",5000,100
0,10,318332.1067744132,23.754787745387294,"4,12,22,19,3,8,11,9,2,21,10,25,24,18,7,2,18,23,10,26,13,16,20,1,12,5,22,6,13,5,19,17,25,14,26,15,24,20,15,21,3,2,23,6,20,7,9,8,12,15,7,17,17,20,1,20,8,9,2,15,3,8,6,1,4,5,26,14,20,19,4,8,11,4,26,15,19,14,25,25,15,22,18,6,25,17,5,24,10,15,3,3,1,12,6,18,2,5,6,4,7,17,24,15,10,7,16,3,9,1,26,24,18,2,15,16,21,12,3,13,15,15,5,1,11,20,22,1,23,23,19,8,12,21,9,8,7,25,6,16,21,13,10,19,4,20,13,5,7,7,25,17,25,20,20,23,22,21,6,15,11,19,1,13,14,11,14,26,1,13,9,6,20,11,21",5000,100
0,11,318332.1067744132,23.754787745387294,"4,12,22,19,3,8,11,9,2,21,10,25,24,18,7,2,18,23,10,26,13,16,20,1,12,5,22,6,13,5,19,17,25,14,26,15,24,20,15,21,3,2,23,6,20,7,9,8,12,15,7,17,17,20,1,20,8,9,2,15,3,8,6,1,4,5,26,14,20,19,4,8,11,4,26,15,19,14,25,25,15,22,18,6,25,17,5,24,10,15,3,3,1,12,6,18,2,5,6,4,7,17,24,15,10,7,16,3,9,1,26,24,18,2,15,16,21,12,3,13,15,15,5,1,11,20,22,1,23,23,19,8,12,21,9,8,7,25,6,16,21,13,10,19,4,20,13,5,7,7,25,17,25,20,20,23,22,21,6,15,11,19,1,13,14,11,14,26,1,13,9,6,20,11,21",5000,100
0,12,318332.1067744132,23.754787745387294,"4,12,22,19,3,8,11,9,2,21,10,25,24,18,7,2,18,23,10,26,13,16,20,1,12,5,22,6,13,5,19,17,25,14,26,15,24,20,15,21,3,2,23,6,20,7,9,8,12,15,7,17,17,20,1,20,8,9,2,15,3,8,6,1,4,5,26,14,20,19,4,8,11,4,26,15,19,14,25,25,15,22,18,6,25,17,5,24,10,15,3,3,1,12,6,18,2,5,6,4,7,17,24,15,10,7,16,3,9,1,26,24,18,2,15,16,21,12,3,13,15,15,5,1,11,20,22,1,23,23,19,8,12,21,9,8,7,25,6,16,21,13,10,19,4,20,13,5,7,7,25,17,25,20,20,23,22,21,6,15,11,19,1,13,14,11,14,26,1,13,9,6,20,11,21",5000,100
0,13,318332.1067744132,23.754787745387294,"4,12,22,19,3,8,11,9,2,21,10,25,24,18,7,2,18,23,10,26,13,16,20,1,12,5,22,6,13,5,19,17,25,14,26,15,24,20,15,21,3,2,23,6,20,7,9,8,12,15,7,17,17,20,1,20,8,9,2,15,3,8,6,1,4,5,26,14,20,19,4,8,11,4,26,15,19,14,25,25,15,22,18,6,25,17,5,24,10,15,3,3,1,12,6,18,2,5,6,4,7,17,24,15,10,7,16,3,9,1,26,24,18,2,15,16,21,12,3,13,15,15,5,1,11,20,22,1,23,23,19,8,12,21,9,8,7,25,6,16,21,13,10,19,4,20,13,5,7,7,25,17,25,20,20,23,22,21,6,15,11,19,1,13,14,11,14,26,1,13,9,6,20,11,21",5000,100
0,14,318332.1067744132,23.754787745387294,"4,12,22,19,3,8,11,9,2,21,10,25,24,18,7,2,18,23,10,26,13,16,20,1,12,5,22,6,13,5,19,17,25,14,26,15,24,20,15,21,3,2,23,6,20,7,9,8,12,15,7,17,17,20,1,20,8,9,2,15,3,8,6,1,4,5,26,14,20,19,4,8,11,4,26,15,19,14,25,25,15,22,18,6,25,17,5,24,10,15,3,3,1,12,6,18,2,5,6,4,7,17,24,15,10,7,16,3,9,1,26,24,18,2,15,16,21,12,3,13,15,15,5,1,11,20,22,1,23,23,19,8,12,21,9,8,7,25,6,16,21,13,10,19,4,20,13,5,7,7,25,17,25,20,20,23,22,21,6,15,11,19,1,13,14,11,14,26,1,13,9,6,20,11,21",5000,100
0,15,318332.1067744132,23.754787745387294,"4,12,22,19,3,8,11,9,2,21,10,25,24,18,7,2,18,23,10,26,13,16,20,1,12,5,22,6,13,5,19,17,25,14,26,15,24,20,15,21,3,2,23,6,20,7,9,8,12,15,7,17,17,20,1,20,8,9,2,15,3,8,6,1,4,5,26,14,20,19,4,8,11,4,26,15,19,14,25,25,15,22,18,6,25,17,5,24,10,15,3,3,1,12,6,18,2,5,6,4,7,17,24,15,10,7,16,3,9,1,26,24,18,2,15,16,21,12,3,13,15,15,5,1,11,20,22,1,23,23,19,8,12,21,9,8,7,25,6,16,21,13,10,19,4,20,13,5,7,7,25,17,25,20,20,23,22,21,6,15,11,19,1,13,14,11,14,26,1,13,9,6,20,11,21",5000,100
0,16,318332.1067744132,23.754787745387294,"4,12,22,19,3,8,11,9,2,21,10,25,24,18,7,2,18,23,10,26,13,16,20,1,12,5,22,6,13,5,19,17,25,14,26,15,24,20,15,21,3,2,23,6,20,7,9,8,12,15,7,17,17,20,1,20,8,9,2,15,3,8,6,1,4,5,26,14,20,19,4,8,11,4,26,15,19,14,25,25,15,22,18,6,25,17,5,24,10,15,3,3,1,12,6,18,2,5,6,4,7,17,24,15,10,7,16,3,9,1,26,24,18,2,15,16,21,12,3,13,15,15,5,1,11,20,22,1,23,23,19,8,12,21,9,8,7,25,6,16,21,13,10,19,4,20,13,5,7,7,25,17,25,20,20,23,22,21,6,15,11,19,1,13,14,11,14,26,1,13,9,6,20,11,21",5000,100
0,17,318332.1067744132,23.754787745387294,"4,12,22,19,3,8,11,9,2,21,10,25,24,18,7,2,18,23,10,26,13,16,20,1,12,5,22,6,13,5,19,17,25,14,26,15,24,20,15,21,3,2,23,6,20,7,9,8,12,15,7,17,17,20,1,20,8,9,2,15,3,8,6,1,4,5,26,14,20,19,4,8,11,4,26,15,19,14,25,25,15,22,18,6,25,17,5,24,10,15,3,3,1,12,6,18,2,5,6,4,7,17,24,15,10,7,16,3,9,1,26,24,18,2,15,16,21,12,3,13,15,15,5,1,11,20,22,1,23,23,19,8,12,21,9,8,7,25,6,16,21,13,10,19,4,20,13,5,7,7,25,17,25,20,20,23,22,21,6,15,11,19,1,13,14,11,14,26,1,13,9,6,20,11,21",5000,100
0,18,318332.1067744132,23.754787745387294,"4,12,22,19,3,8,11,9,2,21,10,25,24,18,7,2,18,23,10,26,13,16,20,1,12,5,22,6,13,5,19,17,25,14,26,15,24,20,15,21,3,2,23,6,20,7,9,8,12,15,7,17,17,20,1,20,8,9,2,15,3,8,6,1,4,5,26,14,20,19,4,8,11,4,26,15,19,14,25,25,15,22,18,6,25,17,5,24,10,15,3,3,1,12,6,18,2,5,6,4,7,17,24,15,10,7,16,3,9,1,26,24,18,2,15,16,21,12,3,13,15,15,5,1,11,20,22,1,23,23,19,8,12,21,9,8,7,25,6,16,21,13,10,19,4,20,13,5,7,7,25,17,25,20,20,23,22,21,6,15,11,19,1,13,14,11,14,26,1,13,9,6,20,11,21",5000,100
0,19,318332.1067744132,23.754787745387294,"4,12,22,19,3,8,11,9,2,21,10,25,24,18,7,2,18,23,10,26,13,16,20,1,12,5,22,6,13,5,19,17,25,14,26,15,24,20,15,21,3,2,23,6,20,7,9,8,12,15,7,17,17,20,1,20,8,9,2,15,3,8,6,1,4,5,26,14,20,19,4,8,11,4,26,15,19,14,25,25,15,22,18,6,25,17,5,24,10,15,3,3,1,12,6,18,2,5,6,4,7,17,24,15,10,7,16,3,9,1,26,24,18,2,15,16,21,12,3,13,15,15,5,1,11,20,22,1,23,23,19,8,12,21,9,8,7,25,6,16,21,13,10,19,4,20,13,5,7,7,25,17,25,20,20,23,22,21,6,15,11,19,1,13,14,11,14,26,1,13,9,6,20,11,21",5000,100
0,20,318332.1067744132,23.754787745387294,"4,12,22,19,3,8,11,9,2,21,10,25,24,18,7,2,18,23,10,26,13,16,20,1,12,5,22,6,13,5,19,17,25,14,26,15,24,20,15,21,3,2,23,6,20,7,9,8,12,15,7,17,17,20,1,20,8,9,2,15,3,8,6,1,4,5,26,14,20,19,4,8,11,4,26,15,19,14,25,25,15,22,18,6,25,17,5,24,10,15,3,3,1,12,6,18,2,5,6,4,7,17,24,15,10,7,16,3,9,1,26,24,18,2,15,16,21,12,3,13,15,15,5,1,11,20,22,1,23,23,19,8,12,21,9,8,7,25,6,16,21,13,10,19,4,20,13,5,7,7,25,17,25,20,20,23,22,21,6,15,11,19,1,13,14,11,14,26,1,13,9,6,20,11,21",5000,100
0,21,318332.1067744132,23.754787745387294,"4,12,22,19,3,8,11,9,2,21,10,25,24,18,7,2,18,23,10,26,13,16,20,1,12,5,22,6,13,5,19,17,25,14,26,15,24,20,15,21,3,2,23,6,20,7,9,8,12,15,7,17,17,20,1,20,8,9,2,15,3,8,6,1,4,5,26,14,20,19,4,8,11,4,26,15,19,14,25,25,15,22,18,6,25,17,5,24,10,15,3,3,1,12,6,18,2,5,6,4,7,17,24,15,10,7,16,3,9,1,26,24,18,2,15,16,21,12,3,13,15,15,5,1,11,20,22,1,23,23,19,8,12,21,9,8,7,25,6,16,21,13,10,19,4,20,13,5,7,7,25,17,25,20,20,23,22,21,6,15,11,19,1,13,14,11,14,26,1,13,9,6,20,11,21",5000,100
0,22,318332.1067744132,23.754787745387294,"4,12,22,19,3,8,11,9,2,21,10,25,24,18,7,2,18,23,10,26,13,16,20,1,12,5,22,6,13,5,19,17,25,14,26,15,24,20,15,21,3,2,23,6,20,7,9,8,12,15,7,17,17,20,1,20,8,9,2,15,3,8,6,1,4,5,26,14,20,19,4,8,11,4,26,15,19,14,25,25,15,22,18,6,25,17,5,24,10,15,3,3,1,12,6,18,2,5,6,4,7,17,24,15,10,7,16,3,9,1,26,24,18,2,15,16,21,12,3,13,15,15,5,1,11,20,22,1,23,23,19,8,12,21,9,8,7,25,6,16,21,13,10,19,4,20,13,5,7,7,25,17,25,20,20,23,22,21,6,15,11,19,1,13,14,11,14,26,1,13,9,6,20,11,21",5000,100
0,23,318332.1067744132,23.754787745387294,"4,12,22,19,3,8,11,9,2,21,10,25,24,18,7,2,18,23,10,26,13,16,20,1,12,5,22,6,13,5,19,17,25,14,26,15,24,20,15,21,3,2,23,6,20,7,9,8,12,15,7,17,17,20,1,20,8,9,2,15,3,8,6,1,4,5,26,14,20,19,4,8,11,4,26,15,19,14,25,25,15,22,18,6,25,17,5,24,10,15,3,3,1,12,6,18,2,5,6,4,7,17,24,15,10,7,16,3,9,1,26,24,18,2,15,16,21,12,3,13,15,15,5,1,11,20,22,1,23,23,19,8,12,21,9,8,7,25,6,16,21,13,10,19,4,20,13,5,7,7,25,17,25,20,20,23,22,21,6,15,11,19,1,13,14,11,14,26,1,13,9,6,20,11,21",5000,100
0,24,318332.1067744132,23.754787745387294,"4,12,22,19,3,8,11,9,2,21,10,25,24,18,7,2,18,23,10,26,13,16,20,1,12,5,22,6,13,5,19,17,25,14,26,15,24,20,15,21,3,2,23,6,20,7,9,8,12,15,7,17,17,20,1,20,8,9,2,15,3,8,6,1,4,5,26,14,20,19,4,8,11,4,26,15,19,14,25,25,15,22,18,6,25,17,5,24,10,15,3,3,1,12,6,18,2,5,6,4,7,17,24,15,10,7,16,3,9,1,26,24,18,2,15,16,21,12,3,13,15,15,5,1,11,20,22,1,23,23,19,8,12,21,9,8,7,25,6,16,21,13,10,19,4,20,13,5,7,7,25,17,25,20,20,23,22,21,6,15,11,19,1,13,14,11,14,26,1,13,9,6,20,11,21",5000,100
0,25,318332.1067744132,23.754787745387294,"4,12,22,19,3,8,11,9,2,21,10,25,24,18,7,2,18,23,10,26,13,16,20,1,12,5,22,6,13,5,19,17,25,14,26,15,24,20,15,21,3,2,23,6,20,7,9,8,12,15,7,17,17,20,1,20,8,9,2,15,3,8,6,1,4,5,26,14,20,19,4,8,11,4,26,15,19,14,25,25,15,22,18,6,25,17,5,24,10,15,3,3,1,12,6,18,2,5,6,4,7,17,24,15,10,7,16,3,9,1,26,24,18,2,15,16,21,12,3,13,15,15,5,1,11,20,22,1,23,23,19,8,12,21,9,8,7,25,6,16,21,13,10,19,4,20,13,5,7,7,25,17,25,20,20,23,22,21,6,15,11,19,1,13,14,11,14,26,1,13,9,6,20,11,21",5000,100
0,26,318332.1067744132,23.754787745387294,"4,12,22,19,3,8,11,9,2,21,10,25,24,18,7,2,18,23,10,26,13,16,20,1,12,5,22,6,13,5,19,17,25,14,26,15,24,20,15,21,3,2,23,6,20,7,9,8,12,15,7,17,17,20,1,20,8,9,2,15,3,8,6,1,4,5,26,14,20,19,4,8,11,4,26,15,19,14,25,25,15,22,18,6,25,17,5,24,10,15,3,3,1,12,6,18,2,5,6,4,7,17,24,15,10,7,16,3,9,1,26,24,18,2,15,16,21,12,3,13,15,15,5,1,11,20,22,1,23,23,19,8,12,21,9,8,7,25,6,16,21,13,10,19,4,20,13,5,7,7,25,17,25,20,20,23,22,21,6,15,11,19,1,13,14,11,14,26,1,13,9,6,20,11,21",5000,100
0,27,318332.1067744132,23.754787745387294,"4,12,22,19,3,8,11,9,2,21,10,25,24,18,7,2,18,23,10,26,13,16,20,1,12,5,22,6,13,5,19,17,25,14,26,15,24,20,15,21,3,2,23,6,20,7,9,8,12,15,7,17,17,20,1,20,8,9,2,15,3,8,6,1,4,5,26,14,20,19,4,8,11,4,26,15,19,14,25,25,15,22,18,6,25,17,5,24,10,15,3,3,1,12,6,18,2,5,6,4,7,17,24,15,10,7,16,3,9,1,26,24,18,2,15,16,21,12,3,13,15,15,5,1,11,20,22,1,23,23,19,8,12,21,9,8,7,25,6,16,21,13,10,19,4,20,13,5,7,7,25,17,25,20,20,23,22,21,6,15,11,19,1,13,14,11,14,26,1,13,9,6,20,11,21",5000,100
0,28,318332.1067744132,23.754787745387294,"4,12,22,19,3,8,11,9,2,21,10,25,24,18,7,2,18,23,10,26,13,16,20,1,12,5,22,6,13,5,19,17,25,14,26,15,24,20,15,21,3,2,23,6,20,7,9,8,12,15,7,17,17,20,1,20,8,9,2,15,3,8,6,1,4,5,26,14,20,19,4,8,11,4,26,15,19,14,25,25,15,22,18,6,25,17,5,24,10,15,3,3,1,12,6,18,2,5,6,4,7,17,24,15,10,7,16,3,9,1,26,24,18,2,15,16,21,12,3,13,15,15,5,1,11,20,22,1,23,23,19,8,12,21,9,8,7,25,6,16,21,13,10,19,4,20,13,5,7,7,25,17,25,20,20,23,22,21,6,15,11,19,1,13,14,11,14,26,1,13,9,6,20,11,21",5000,100
0,29,318332.1067744132,23.754787745387294,"4,12,22,19,3,8,11,9,2,21,10,25,24,18,7,2,18,23,10,26,13,16,20,1,12,5,22,6,13,5,19,17,25,14,26,15,24,20,15,21,3,2,23,6,20,7,9,8,12,15,7,17,17,20,1,20,8,9,2,15,3,8,6,1,4,5,26,14,20,19,4,8,11,4,26,15,19,14,25,25,15,22,18,6,25,17,5,24,10,15,3,3,1,12,6,18,2,5,6,4,7,17,24,15,10,7,16,3,9,1,26,24,18,2,15,16,21,12,3,13,15,15,5,1,11,20,22,1,23,23,19,8,12,21,9,8,7,25,6,16,21,13,10,19,4,20,13,5,7,7,25,17,25,20,20,23,22,21,6,15,11,19,1,13,14,11,14,26,1,13,9,6,20,11,21",5000,100
0,30,318332.1067744132,23.754787745387294,"4,12,22,19,3,8,11,9,2,21,10,25,24,18,7,2,18,23,10,26,13,16,20,1,12,5,22,6,13,5,19,17,25,14,26,15,24,20,15,21,3,2,23,6,20,7,9,8,12,15,7,17,17,20,1,20,8,9,2,15,3,8,6,1,4,5,26,14,20,19,4,8,11,4,26,15,19,14,25,25,15,22,18,6,25,17,5,24,10,15,3,3,1,12,6,18,2,5,6,4,7,17,24,15,10,7,16,3,9,1,26,24,18,2,15,16,21,12,3,13,15,15,5,1,11,20,22,1,23,23,19,8,12,21,9,8,7,25,6,16,21,13,10,19,4,20,13,5,7,7,25,17,25,20,20,23,22,21,6,15,11,19,1,13,14,11,14,26,1,13,9,6,20,11,21",5000,100
0,31,318332.1067744132,23.754787745387294,"4,12,22,19,3,8,11,9,2,21,10,25,24,18,7,2,18,23,10,26,13,16,20,1,12,5,22,6,13,5,19,17,25,14,26,15,24,20,15,21,3,2,23,6,20,7,9,8,12,15,7,17,17,20,1,20,8,9,2,15,3,8,6,1,4,5,26,14,20,19,4,8,11,4,26,15,19,14,25,25,15,22,18,6,25,17,5,24,10,15,3,3,1,12,6,18,2,5,6,4,7,17,24,15,10,7,16,3,9,1,26,24,18,2,15,16,21,12,3,13,15,15,5,1,11,20,22,1,23,23,19,8,12,21,9,8,7,25,6,16,21,13,10,19,4,20,13,5,7,7,25,17,25,20,20,23,22,21,6,15,11,19,1,13,14,11,14,26,1,13,9,6,20,11,21",5000,100
0,32,318332.1067744132,23.754787745387294,"4,12,22,19,3,8,11,9,2,21,10,25,24,18,7,2,18,23,10,26,13,16,20,1,12,5,22,6,13,5,19,17,25,14,26,15,24,20,15,21,3,2,23,6,20,7,9,8,12,15,7,17,17,20,1,20,8,9,2,15,3,8,6,1,4,5,26,14,20,19,4,8,11,4,26,15,19,14,25,25,15,22,18,6,25,17,5,24,10,15,3,3,1,12,6,18,2,5,6,4,7,17,24,15,10,7,16,3,9,1,26,24,18,2,15,16,21,12,3,13,15,15,5,1,11,20,22,1,23,23,19,8,12,21,9,8,7,25,6,16,21,13,10,19,4,20,13,5,7,7,25,17,25,20,20,23,22,21,6,15,11,19,1,13,14,11,14,26,1,13,9,6,20,11,21",5000,100
0,33,318332.1067744132,23.754787745387294,"4,12,22,19,3,8,11,9,2,21,10,25,24,18,7,2,18,23,10,26,13,16,20,1,12,5,22,6,13,5,19,17,25,14,26,15,24,20,15,21,3,2,23,6,20,7,9,8,12,15,7,17,17,20,1,20,8,9,2,15,3,8,6,1,4,5,26,14,20,19,4,8,11,4,26,15,19,14,25,25,15,22,18,6,25,17,5,24,10,15,3,3,1,12,6,18,2,5,6,4,7,17,24,15,10,7,16,3,9,1,26,24,18,2,15,16,21,12,3,13,15,15,5,1,11,20,22,1,23,23,19,8,12,21,9,8,7,25,6,16,21,13,10,19,4,20,13,5,7,7,25,17,25,20,20,23,22,21,6,15,11,19,1,13,14,11,14,26,1,13,9,6,20,11,21",5000,100
0,34,318332.1067744132,23.754787745387294,"4,12,22,19,3,8,11,9,2,21,10,25,24,18,7,2,18,23,10,26,13,16,20,1,12,5,22,6,13,5,19,17,25,14,26,15,24,20,15,21,3,2,23,6,20,7,9,8,12,15,7,17,17,20,1,20,8,9,2,15,3,8,6,1,4,5,26,14,20,19,4,8,11,4,26,15,19,14,25,25,15,22,18,6,25,17,5,24,10,15,3,3,1,12,6,18,2,5,6,4,7,17,24,15,10,7,16,3,9,1,26,24,18,2,15,16,21,12,3,13,15,15,5,1,11,20,22,1,23,23,19,8,12,21,9,8,7,25,6,16,21,13,10,19,4,20,13,5,7,7,25,17,25,20,20,23,22,21,6,15,11,19,1,13,14,11,14,26,1,13,9,6,20,11,21",5000,100
0,35,318332.1067744132,23.754787745387294,"4,12,22,19,3,8,11,9,2,21,10,25,24,18,7,2,18,23,10,26,13,16,20,1,12,5,22,6,13,5,19,17,25,14,26,15,24,20,15,21,3,2,23,6,20,7,9,8,12,15,7,17,17,20,1,20,8,9,2,15,3,8,6,1,4,5,26,14,20,19,4,8,11,4,26,15,19,14,25,25,15,22,18,6,25,17,5,24,10,15,3,3,1,12,6,18,2,5,6,4,7,17,24,15,10,7,16,3,9,1,26,24,18,2,15,16,21,12,3,13,15,15,5,1,11,20,22,1,23,23,19,8,12,21,9,8,7,25,6,16,21,13,10,19,4,20,13,5,7,7,25,17,25,20,20,23,22,21,6,15,11,19,1,13,14,11,14,26,1,13,9,6,20,11,21",5000,100
0,36,318332.1067744132,23.754787745387294,"4,12,22,19,3,8,11,9,2,21,10,25,24,18,7,2,18,23,10,26,13,16,20,1,12,5,22,6,13,5,19,17,25,14,26,15,24,20,15,21,3,2,23,6,20,7,9,8,12,15,7,17,17,20,1,20,8,9,2,15,3,8,6,1,4,5,26,14,20,19,4,8,11,4,26,15,19,14,25,25,15,22,18,6,25,17,5,24,10,15,3,3,1,12,6,18,2,5,6,4,7,17,24,15,10,7,16,3,9,1,26,24,18,2,15,16,21,12,3,13,15,15,5,1,11,20,22,1,23,23,19,8,12,21,9,8,7,25,6,16,21,13,10,19,4,20,13,5,7,7,25,17,25,20,20,23,22,21,6,15,11,19,1,13,14,11,14,26,1,13,9,6,20,11,21",5000,100
0,37,318332.1067744132,23.754787745387294,"4,12,22,19,3,8,11,9,2,21,10,25,24,18,7,2,18,23,10,26,13,16,20,1,12,5,22,6,13,5,19,17,25,14,26,15,24,20,15,21,3,2,23,6,20,7,9,8,12,15,7,17,17,20,1,20,8,9,2,15,3,8,6,1,4,5,26,14,20,19,4,8,11,4,26,15,19,14,25,25,15,22,18,6,25,17,5,24,10,15,3,3,1,12,6,18,2,5,6,4,7,17,24,15,10,7,16,3,9,1,26,24,18,2,15,16,21,12,3,13,15,15,5,1,11,20,22,1,23,23,19,8,12,21,9,8,7,25,6,16,21,13,10,19,4,20,13,5,7,7,25,17,25,20,20,23,22,21,6,15,11,19,1,13,14,11,14,26,1,13,9,6,20,11,21",5000,100
0,38,318332.1067744132,23.754787745387294,"4,12,22,19,3,8,11,9,2,21,10,25,24,18,7,2,18,23,10,26,13,16,20,1,12,5,22,6,13,5,19,17,25,14,26,15,24,20,15,21,3,2,23,6,20,7,9,8,12,15,7,17,17,20,1,20,8,9,2,15,3,8,6,1,4,5,26,14,20,19,4,8,11,4,26,15,19,14,25,25,15,22,18,6,25,17,5,24,10,15,3,3,1,12,6,18,2,5,6,4,7,17,24,15,10,7,16,3,9,1,26,24,18,2,15,16,21,12,3,13,15,15,5,1,11,20,22,1,23,23,19,8,12,21,9,8,7,25,6,16,21,13,10,19,4,20,13,5,7,7,25,17,25,20,20,23,22,21,6,15,11,19,1,13,14,11,14,26,1,13,9,6,20,11,21",5000,100
0,39,318332.1067744132,23.754787745387294,"4,12,22,19,3,8,11,9,2,21,10,25,24,18,7,2,18,23,10,26,13,16,20,1,12,5,22,6,13,5,19,17,25,14,26,15,24,20,15,21,3,2,23,6,20,7,9,8,12,15,7,17,17,20,1,20,8,9,2,15,3,8,6,1,4,5,26,14,20,19,4,8,11,4,26,15,19,14,25,25,15,22,18,6,25,17,5,24,10,15,3,3,1,12,6,18,2,5,6,4,7,17,24,15,10,7,16,3,9,1,26,24,18,2,15,16,21,12,3,13,15,15,5,1,11,20,22,1,23,23,19,8,12,21,9,8,7,25,6,16,21,13,10,19,4,20,13,5,7,7,25,17,25,20,20,23,22,21,6,15,11,19,1,13,14,11,14,26,1,13,9,6,20,11,21",5000,100
0,40,318332.1067744132,23.754787745387294,"4,12,22,19,3,8,11,9,2,21,10,25,24,18,7,2,18,23,10,26,13,16,20,1,12,5,22,6,13,5,19,17,25,14,26,15,24,20,15,21,3,2,23,6,20,7,9,8,12,15,7,17,17,20,1,20,8,9,2,15,3,8,6,1,4,5,26,14,20,19,4,8,11,4,26,15,19,14,25,25,15,22,18,6,25,17,5,24,10,15,3,3,1,12,6,18,2,5,6,4,7,17,24,15,10,7,16,3,9,1,26,24,18,2,15,16,21,12,3,13,15,15,5,1,11,20,22,1,23,23,19,8,12,21,9,8,7,25,6,16,21,13,10,19,4,20,13,5,7,7,25,17,25,20,20,23,22,21,6,15,11,19,1,13,14,11,14,26,1,13,9,6,20,11,21",5000,100
0,41,318332.1067744132,23.754787745387294,"4,12,22,19,3,8,11,9,2,21,10,25,24,18,7,2,18,23,10,26,13,16,20,1,12,5,22,6,13,5,19,17,25,14,26,15,24,20,15,21,3,2,23,6,20,7,9,8,12,15,7,17,17,20,1,20,8,9,2,15,3,8,6,1,4,5,26,14,20,19,4,8,11,4,26,15,19,14,25,25,15,22,18,6,25,17,5,24,10,15,3,3,1,12,6,18,2,5,6,4,7,17,24,15,10,7,16,3,9,1,26,24,18,2,15,16,21,12,3,13,15,15,5,1,11,20,22,1,23,23,19,8,12,21,9,8,7,25,6,16,21,13,10,19,4,20,13,5,7,7,25,17,25,20,20,23,22,21,6,15,11,19,1,13,14,11,14,26,1,13,9,6,20,11,21",5000,100
0,42,318332.1067744132,23.754787745387294,"4,12,22,19,3,8,11,9,2,21,10,25,24,18,7,2,18,23,10,26,13,16,20,1,12,5,22,6,13,5,19,17,25,14,26,15,24,20,15,21,3,2,23,6,20,7,9,8,12,15,7,17,17,20,1,20,8,9,2,15,3,8,6,1,4,5,26,14,20,19,4,8,11,4,26,15,19,14,25,25,15,22,18,6,25,17,5,24,10,15,3,3,1,12,6,18,2,5,6,4,7,17,24,15,10,7,16,3,9,1,26,24,18,2,15,16,21,12,3,13,15,15,5,1,11,20,22,1,23,23,19,8,12,21,9,8,7,25,6,16,21,13,10,19,4,20,13,5,7,7,25,17,25,20,20,23,22,21,6,15,11,19,1,13,14,11,14,26,1,13,9,6,20,11,21",5000,100
0,43,318332.1067744132,23.754787745387294,"4,12,22,19,3,8,11,9,2,21,10,25,24,18,7,2,18,23,10,26,13,16,20,1,12,5,22,6,13,5,19,17,25,14,26,15,24,20,15,21,3,2,23,6,20,7,9,8,12,15,7,17,17,20,1,20,8,9,2,15,3,8,6,1,4,5,26,14,20,19,4,8,11,4,26,15,19,14,25,25,15,22,18,6,25,17,5,24,10,15,3,3,1,12,6,18,2,5,6,4,7,17,24,15,10,7,16,3,9,1,26,24,18,2,15,16,21,12,3,13,15,15,5,1,11,20,22,1,23,23,19,8,12,21,9,8,7,25,6,16,21,13,10,19,4,20,13,5,7,7,25,17,25,20,20,23,22,21,6,15,11,19,1,13,14,11,14,26,1,13,9,6,20,11,21",5000,100
0,44,318332.1067744132,23.754787745387294,"4,12,22,19,3,8,11,9,2,21,10,25,24,18,7,2,18,23,10,26,13,16,20,1,12,5,22,6,13,5,19,17,25,14,26,15,24,20,15,21,3,2,23,6,20,7,9,8,12,15,7,17,17,20,1,20,8,9,2,15,3,8,6,1,4,5,26,14,20,19,4,8,11,4,26,15,19,14,25,25,15,22,18,6,25,17,5,24,10,15,3,3,1,12,6,18,2,5,6,4,7,17,24,15,10,7,16,3,9,1,26,24,18,2,15,16,21,12,3,13,15,15,5,1,11,20,22,1,23,23,19,8,12,21,9,8,7,25,6,16,21,13,10,19,4,20,13,5,7,7,25,17,25,20,20,23,22,21,6,15,11,19,1,13,14,11,14,26,1,13,9,6,20,11,21",5000,100
0,45,318332.1067744132,23.754787745387294,"4,12,22,19,3,8,11,9,2,21,10,25,24,18,7,2,18,23,10,26,13,16,20,1,12,5,22,6,13,5,19,17,25,14,26,15,24,20,15,21,3,2,23,6,20,7,9,8,12,15,7,17,17,20,1,20,8,9,2,15,3,8,6,1,4,5,26,14,20,19,4,8,11,4,26,15,19,14,25,25,15,22,18,6,25,17,5,24,10,15,3,3,1,12,6,18,2,5,6,4,7,17,24,15,10,7,16,3,9,1,26,24,18,2,15,16,21,12,3,13,15,15,5,1,11,20,22,1,23,23,19,8,12,21,9,8,7,25,6,16,21,13,10,19,4,20,13,5,7,7,25,17,25,20,20,23,22,21,6,15,11,19,1,13,14,11,14,26,1,13,9,6,20,11,21",5000,100
0,46,318332.1067744132,23.754787745387294,"4,12,22,19,3,8,11,9,2,21,10,25,24,18,7,2,18,23,10,26,13,16,20,1,12,5,22,6,13,5,19,17,25,14,26,15,24,20,15,21,3,2,23,6,20,7,9,8,12,15,7,17,17,20,1,20,8,9,2,15,3,8,6,1,4,5,26,14,20,19,4,8,11,4,26,15,19,14,25,25,15,22,18,6,25,17,5,24,10,15,3,3,1,12,6,18,2,5,6,4,7,17,24,15,10,7,16,3,9,1,26,24,18,2,15,16,21,12,3,13,15,15,5,1,11,20,22,1,23,23,19,8,12,21,9,8,7,25,6,16,21,13,10,19,4,20,13,5,7,7,25,17,25,20,20,23,22,21,6,15,11,19,1,13,14,11,14,26,1,13,9,6,20,11,21",5000,100
0,47,318332.1067744132,23.754787745387294,"4,12,22,19,3,8,11,9,2,21,10,25,24,18,7,2,18,23,10,26,13,16,20,1,12,5,22,6,13,5,19,17,25,14,26,15,24,20,15,21,3,2,23,6,20,7,9,8,12,15,7,17,17,20,1,20,8,9,2,15,3,8,6,1,4,5,26,14,20,19,4,8,11,4,26,15,19,14,25,25,15,22,18,6,25,17,5,24,10,15,3,3,1,12,6,18,2,5,6,4,7,17,24,15,10,7,16,3,9,1,26,24,18,2,15,16,21,12,3,13,15,15,5,1,11,20,22,1,23,23,19,8,12,21,9,8,7,25,6,16,21,13,10,19,4,20,13,5,7,7,25,17,25,20,20,23,22,21,6,15,11,19,1,13,14,11,14,26,1,13,9,6,20,11,21",5000,100
0,48,318332.1067744132,23.754787745387294,"4,12,22,19,3,8,11,9,2,21,10,25,24,18,7,2,18,23,10,26,13,16,20,1,12,5,22,6,13,5,19,17,25,14,26,15,24,20,15,21,3,2,23,6,20,7,9,8,12,15,7,17,17,20,1,20,8,9,2,15,3,8,6,1,4,5,26,14,20,19,4,8,11,4,26,15,19,14,25,25,15,22,18,6,25,17,5,24,10,15,3,3,1,12,6,18,2,5,6,4,7,17,24,15,10,7,16,3,9,1,26,24,18,2,15,16,21,12,3,13,15,15,5,1,11,20,22,1,23,23,19,8,12,21,9,8,7,25,6,16,21,13,10,19,4,20,13,5,7,7,25,17,25,20,20,23,22,21,6,15,11,19,1,13,14,11,14,26,1,13,9,6,20,11,21",5000,100
0,49,318332.1067744132,23.754787745387294,"4,12,22,19,3,8,11,9,2,21,10,25,24,18,7,2,18,23,10,26,13,16,20,1,12,5,22,6,13,5,19,17,25,14,26,15,24,20,15,21,3,2,23,6,20,7,9,8,12,15,7,17,17,20,1,20,8,9,2,15,3,8,6,1,4,5,26,14,20,19,4,8,11,4,26,15,19,14,25,25,15,22,18,6,25,17,5,24,10,15,3,3,1,12,6,18,2,5,6,4,7,17,24,15,10,7,16,3,9,1,26,24,18,2,15,16,21,12,3,13,15,15,5,1,11,20,22,1,23,23,19,8,12,21,9,8,7,25,6,16,21,13,10,19,4,20,13,5,7,7,25,17,25,20,20,23,22,21,6,15,11,19,1,13,14,11,14,26,1,13,9,6,20,11,21",5000,100
0,50,318332.1067744132,23.754787745387294,"4,12,22,19,3,8,11,9,2,21,10,25,24,18,7,2,18,23,10,26,13,16,20,1,12,5,22,6,13,5,19,17,25,14,26,15,24,20,15,21,3,2,23,6,20,7,9,8,12,15,7,17,17,20,1,20,8,9,2,15,3,8,6,1,4,5,26,14,20,19,4,8,11,4,26,15,19,14,25,25,15,22,18,6,25,17,5,24,10,15,3,3,1,12,6,18,2,5,6,4,7,17,24,15,10,7,16,3,9,1,26,24,18,2,15,16,21,12,3,13,15,15,5,1,11,20,22,1,23,23,19,8,12,21,9,8,7,25,6,16,21,13,10,19,4,20,13,5,7,7,25,17,25,20,20,23,22,21,6,15,11,19,1,13,14,11,14,26,1,13,9,6,20,11,21",5000,100
0,51,318332.1067744132,23.754787745387294,"4,12,22,19,3,8,11,9,2,21,10,25,24,18,7,2,18,23,10,26,13,16,20,1,12,5,22,6,13,5,19,17,25,14,26,15,24,20,15,21,3,2,23,6,20,7,9,8,12,15,7,17,17,20,1,20,8,9,2,15,3,8,6,1,4,5,26,14,20,19,4,8,11,4,26,15,19,14,25,25,15,22,18,6,25,17,5,24,10,15,3,3,1,12,6,18,2,5,6,4,7,17,24,15,10,7,16,3,9,1,26,24,18,2,15,16,21,12,3,13,15,15,5,1,11,20,22,1,23,23,19,8,12,21,9,8,7,25,6,16,21,13,10,19,4,20,13,5,7,7,25,17,25,20,20,23,22,21,6,15,11,19,1,13,14,11,14,26,1,13,9,6,20,11,21",5000,100
0,52,318332.1067744132,23.754787745387294,"4,12,22,19,3,8,11,9,2,21,10,25,24,18,7,2,18,23,10,26,13,16,20,1,12,5,22,6,13,5,19,17,25,14,26,15,24,20,15,21,3,2,23,6,20,7,9,8,12,15,7,17,17,20,1,20,8,9,2,15,3,8,6,1,4,5,26,14,20,19,4,8,11,4,26,15,19,14,25,25,15,22,18,6,25,17,5,24,10,15,3,3,1,12,6,18,2,5,6,4,7,17,24,15,10,7,16,3,9,1,26,24,18,2,15,16,21,12,3,13,15,15,5,1,11,20,22,1,23,23,19,8,12,21,9,8,7,25,6,16,21,13,10,19,4,20,13,5,7,7,25,17,25,20,20,23,22,21,6,15,11,19,1,13,14,11,14,26,1,13,9,6,20,11,21",5000,100
0,53,318332.1067744132,23.754787745387294,"4,12,22,19,3,8,11,9,2,21,10,25,24,18,7,2,18,23,10,26,13,16,20,1,12,5,22,6,13,5,19,17,25,14,26,15,24,20,15,21,3,2,23,6,20,7,9,8,12,15,7,17,17,20,1,20,8,9,2,15,3,8,6,1,4,5,26,14,20,19,4,8,11,4,26,15,19,14,25,25,15,22,18,6,25,17,5,24,10,15,3,3,1,12,6,18,2,5,6,4,7,17,24,15,10,7,16,3,9,1,26,24,18,2,15,16,21,12,3,13,15,15,5,1,11,20,22,1,23,23,19,8,12,21,9,8,7,25,6,16,21,13,10,19,4,20,13,5,7,7,25,17,25,20,20,23,22,21,6,15,11,19,1,13,14,11,14,26,1,13,9,6,20,11,21",5000,100
0,54,318332.1067744132,23.754787745387294,"4,12,22,19,3,8,11,9,2,21,10,25,24,18,7,2,18,23,10,26,13,16,20,1,12,5,22,6,13,5,19,17,25,14,26,15,24,20,15,21,3,2,23,6,20,7,9,8,12,15,7,17,17,20,1,20,8,9,2,15,3,8,6,1,4,5,26,14,20,19,4,8,11,4,26,15,19,14,25,25,15,22,18,6,25,17,5,24,10,15,3,3,1,12,6,18,2,5,6,4,7,17,24,15,10,7,16,3,9,1,26,24,18,2,15,16,21,12,3,13,15,15,5,1,11,20,22,1,23,23,19,8,12,21,9,8,7,25,6,16,21,13,10,19,4,20,13,5,7,7,25,17,25,20,20,23,22,21,6,15,11,19,1,13,14,11,14,26,1,13,9,6,20,11,21",5000,100
0,55,318332.1067744132,23.754787745387294,"4,12,22,19,3,8,11,9,2,21,10,25,24,18,7,2,18,23,10,26,13,16,20,1,12,5,22,6,13,5,19,17,25,14,26,15,24,20,15,21,3,2,23,6,20,7,9,8,12,15,7,17,17,20,1,20,8,9,2,15,3,8,6,1,4,5,26,14,20,19,4,8,11,4,26,15,19,14,25,25,15,22,18,6,25,17,5,24,10,15,3,3,1,12,6,18,2,5,6,4,7,17,24,15,10,7,16,3,9,1,26,24,18,2,15,16,21,12,3,13,15,15,5,1,11,20,22,1,23,23,19,8,12,21,9,8,7,25,6,16,21,13,10,19,4,20,13,5,7,7,25,17,25,20,20,23,22,21,6,15,11,19,1,13,14,11,14,26,1,13,9,6,20,11,21",5000,100
0,56,318332.1067744132,23.754787745387294,"4,12,22,19,3,8,11,9,2,21,10,25,24,18,7,2,18,23,10,26,13,16,20,1,12,5,22,6,13,5,19,17,25,14,26,15,24,20,15,21,3,2,23,6,20,7,9,8,12,15,7,17,17,20,1,20,8,9,2,15,3,8,6,1,4,5,26,14,20,19,4,8,11,4,26,15,19,14,25,25,15,22,18,6,25,17,5,24,10,15,3,3,1,12,6,18,2,5,6,4,7,17,24,15,10,7,16,3,9,1,26,24,18,2,15,16,21,12,3,13,15,15,5,1,11,20,22,1,23,23,19,8,12,21,9,8,7,25,6,16,21,13,10,19,4,20,13,5,7,7,25,17,25,20,20,23,22,21,6,15,11,19,1,13,14,11,14,26,1,13,9,6,20,11,21",5000,100
0,57,318332.1067744132,23.754787745387294,"4,12,22,19,3,8,11,9,2,21,10,25,24,18,7,2,18,23,10,26,13,16,20,1,12,5,22,6,13,5,19,17,25,14,26,15,24,20,15,21,3,2,23,6,20,7,9,8,12,15,7,17,17,20,1,20,8,9,2,15,3,8,6,1,4,5,26,14,20,19,4,8,11,4,26,15,19,14,25,25,15,22,18,6,25,17,5,24,10,15,3,3,1,12,6,18,2,5,6,4,7,17,24,15,10,7,16,3,9,1,26,24,18,2,15,16,21,12,3,13,15,15,5,1,11,20,22,1,23,23,19,8,12,21,9,8,7,25,6,16,21,13,10,19,4,20,13,5,7,7,25,17,25,20,20,23,22,21,6,15,11,19,1,13,14,11,14,26,1,13,9,6,20,11,21",5000,100
0,58,318332.1067744132,23.754787745387294,"4,12,22,19,3,8,11,9,2,21,10,25,24,18,7,2,18,23,10,26,13,16,20,1,12,5,22,6,13,5,19,17,25,14,26,15,24,20,15,21,3,2,23,6,20,7,9,8,12,15,7,17,17,20,1,20,8,9,2,15,3,8,6,1,4,5,26,14,20,19,4,8,11,4,26,15,19,14,25,25,15,22,18,6,25,17,5,24,10,15,3,3,1,12,6,18,2,5,6,4,7,17,24,15,10,7,16,3,9,1,26,24,18,2,15,16,21,12,3,13,15,15,5,1,11,20,22,1,23,23,19,8,12,21,9,8,7,25,6,16,21,13,10,19,4,20,13,5,7,7,25,17,25,20,20,23,22,21,6,15,11,19,1,13,14,11,14,26,1,13,9,6,20,11,21",5000,100
0,59,318332.1067744132,23.754787745387294,"4,12,22,19,3,8,11,9,2,21,10,25,24,18,7,2,18,23,10,26,13,16,20,1,12,5,22,6,13,5,19,17,25,14,26,15,24,20,15,21,3,2,23,6,20,7,9,8,12,15,7,17,17,20,1,20,8,9,2,15,3,8,6,1,4,5,26,14,20,19,4,8,11,4,26,15,19,14,25,25,15,22,18,6,25,17,5,24,10,15,3,3,1,12,6,18,2,5,6,4,7,17,24,15,10,7,16,3,9,1,26,24,18,2,15,16,21,12,3,13,15,15,5,1,11,20,22,1,23,23,19,8,12,21,9,8,7,25,6,16,21,13,10,19,4,20,13,5,7,7,25,17,25,20,20,23,22,21,6,15,11,19,1,13,14,11,14,26,1,13,9,6,20,11,21",5000,100
0,60,318332.1067744132,23.754787745387294,"4,12,22,19,3,8,11,9,2,21,10,25,24,18,7,2,18,23,10,26,13,16,20,1,12,5,22,6,13,5,19,17,25,14,26,15,24,20,15,21,3,2,23,6,20,7,9,8,12,15,7,17,17,20,1,20,8,9,2,15,3,8,6,1,4,5,26,14,20,19,4,8,11,4,26,15,19,14,25,25,15,22,18,6,25,17,5,24,10,15,3,3,1,12,6,18,2,5,6,4,7,17,24,15,10,7,16,3,9,1,26,24,18,2,15,16,21,12,3,13,15,15,5,1,11,20,22,1,23,23,19,8,12,21,9,8,7,25,6,16,21,13,10,19,4,20,13,5,7,7,25,17,25,20,20,23,22,21,6,15,11,19,1,13,14,11,14,26,1,13,9,6,20,11,21",5000,100
0,61,318332.1067744132,23.754787745387294,"4,12,22,19,3,8,11,9,2,21,10,25,24,18,7,2,18,23,10,26,13,16,20,1,12,5,22,6,13,5,19,17,25,14,26,15,24,20,15,21,3,2,23,6,20,7,9,8,12,15,7,17,17,20,1,20,8,9,2,15,3,8,6,1,4,5,26,14,20,19,4,8,11,4,26,15,19,14,25,25,15,22,18,6,25,17,5,24,10,15,3,3,1,12,6,18,2,5,6,4,7,17,24,15,10,7,16,3,9,1,26,24,18,2,15,16,21,12,3,13,15,15,5,1,11,20,22,1,23,23,19,8,12,21,9,8,7,25,6,16,21,13,10,19,4,20,13,5,7,7,25,17,25,20,20,23,22,21,6,15,11,19,1,13,14,11,14,26,1,13,9,6,20,11,21",5000,100
0,62,318332.1067744132,23.754787745387294,"4,12,22,19,3,8,11,9,2,21,10,25,24,18,7,2,18,23,10,26,13,16,20,1,12,5,22,6,13,5,19,17,25,14,26,15,24,20,15,21,3,2,23,6,20,7,9,8,12,15,7,17,17,20,1,20,8,9,2,15,3,8,6,1,4,5,26,14,20,19,4,8,11,4,26,15,19,14,25,25,15,22,18,6,25,17,5,24,10,15,3,3,1,12,6,18,2,5,6,4,7,17,24,15,10,7,16,3,9,1,26,24,18,2,15,16,21,12,3,13,15,15,5,1,11,20,22,1,23,23,19,8,12,21,9,8,7,25,6,16,21,13,10,19,4,20,13,5,7,7,25,17,25,20,20,23,22,21,6,15,11,19,1,13,14,11,14,26,1,13,9,6,20,11,21",5000,100
0,63,318332.1067744132,23.754787745387294,"4,12,22,19,3,8,11,9,2,21,10,25,24,18,7,2,18,23,10,26,13,16,20,1,12,5,22,6,13,5,19,17,25,14,26,15,24,20,15,21,3,2,23,6,20,7,9,8,12,15,7,17,17,20,1,20,8,9,2,15,3,8,6,1,4,5,26,14,20,19,4,8,11,4,26,15,19,14,25,25,15,22,18,6,25,17,5,24,10,15,3,3,1,12,6,18,2,5,6,4,7,17,24,15,10,7,16,3,9,1,26,24,18,2,15,16,21,12,3,13,15,15,5,1,11,20,22,1,23,23,19,8,12,21,9,8,7,25,6,16,21,13,10,19,4,20,13,5,7,7,25,17,25,20,20,23,22,21,6,15,11,19,1,13,14,11,14,26,1,13,9,6,20,11,21",5000,100
0,64,318332.1067744132,23.754787745387294,"4,12,22,19,3,8,11,9,2,21,10,25,24,18,7,2,18,23,10,26,13,16,20,1,12,5,22,6,13,5,19,17,25,14,26,15,24,20,15,21,3,2,23,6,20,7,9,8,12,15,7,17,17,20,1,20,8,9,2,15,3,8,6,1,4,5,26,14,20,19,4,8,11,4,26,15,19,14,25,25,15,22,18,6,25,17,5,24,10,15,3,3,1,12,6,18,2,5,6,4,7,17,24,15,10,7,16,3,9,1,26,24,18,2,15,16,21,12,3,13,15,15,5,1,11,20,22,1,23,23,19,8,12,21,9,8,7,25,6,16,21,13,10,19,4,20,13,5,7,7,25,17,25,20,20,23,22,21,6,15,11,19,1,13,14,11,14,26,1,13,9,6,20,11,21",5000,100
0,65,318332.1067744132,23.754787745387294,"4,12,22,19,3,8,11,9,2,21,10,25,24,18,7,2,18,23,10,26,13,16,20,1,12,5,22,6,13,5,19,17,25,14,26,15,24,20,15,21,3,2,23,6,20,7,9,8,12,15,7,17,17,20,1,20,8,9,2,15,3,8,6,1,4,5,26,14,20,19,4,8,11,4,26,15,19,14,25,25,15,22,18,6,25,17,5,24,10,15,3,3,1,12,6,18,2,5,6,4,7,17,24,15,10,7,16,3,9,1,26,24,18,2,15,16,21,12,3,13,15,15,5,1,11,20,22,1,23,23,19,8,12,21,9,8,7,25,6,16,21,13,10,19,4,20,13,5,7,7,25,17,25,20,20,23,22,21,6,15,11,19,1,13,14,11,14,26,1,13,9,6,20,11,21",5000,100
0,66,318332.1067744132,23.754787745387294,"4,12,22,19,3,8,11,9,2,21,10,25,24,18,7,2,18,23,10,26,13,16,20,1,12,5,22,6,13,5,19,17,25,14,26,15,24,20,15,21,3,2,23,6,20,7,9,8,12,15,7,17,17,20,1,20,8,9,2,15,3,8,6,1,4,5,26,14,20,19,4,8,11,4,26,15,19,14,25,25,15,22,18,6,25,17,5,24,10,15,3,3,1,12,6,18,2,5,6,4,7,17,24,15,10,7,16,3,9,1,26,24,18,2,15,16,21,12,3,13,15,15,5,1,11,20,22,1,23,23,19,8,12,21,9,8,7,25,6,16,21,13,10,19,4,20,13,5,7,7,25,17,25,20,20,23,22,21,6,15,11,19,1,13,14,11,14,26,1,13,9,6,20,11,21",5000,100
0,67,318332.1067744132,23.754787745387294,"4,12,22,19,3,8,11,9,2,21,10,25,24,18,7,2,18,23,10,26,13,16,20,1,12,5,22,6,13,5,19,17,25,14,26,15,24,20,15,21,3,2,23,6,20,7,9,8,12,15,7,17,17,20,1,20,8,9,2,15,3,8,6,1,4,5,26,14,20,19,4,8,11,4,26,15,19,14,25,25,15,22,18,6,25,17,5,24,10,15,3,3,1,12,6,18,2,5,6,4,7,17,24,15,10,7,16,3,9,1,26,24,18,2,15,16,21,12,3,13,15,15,5,1,11,20,22,1,23,23,19,8,12,21,9,8,7,25,6,16,21,13,10,19,4,20,13,5,7,7,25,17,25,20,20,23,22,21,6,15,11,19,1,13,14,11,14,26,1,13,9,6,20,11,21",5000,100
0,68,318332.1067744132,23.754787745387294,"4,12,22,19,3,8,11,9,2,21,10,25,24,18,7,2,18,23,10,26,13,16,20,1,12,5,22,6,13,5,19,17,25,14,26,15,24,20,15,21,3,2,23,6,20,7,9,8,12,15,7,17,17,20,1,20,8,9,2,15,3,8,6,1,4,5,26,14,20,19,4,8,11,4,26,15,19,14,25,25,15,22,18,6,25,17,5,24,10,15,3,3,1,12,6,18,2,5,6,4,7,17,24,15,10,7,16,3,9,1,26,24,18,2,15,16,21,12,3,13,15,15,5,1,11,20,22,1,23,23,19,8,12,21,9,8,7,25,6,16,21,13,10,19,4,20,13,5,7,7,25,17,25,20,20,23,22,21,6,15,11,19,1,13,14,11,14,26,1,13,9,6,20,11,21",5000,100
0,69,318332.1067744132,23.754787745387294,"4,12,22,19,3,8,11,9,2,21,10,25,24,18,7,2,18,23,10,26,13,16,20,1,12,5,22,6,13,5,19,17,25,14,26,15,24,20,15,21,3,2,23,6,20,7,9,8,12,15,7,17,17,20,1,20,8,9,2,15,3,8,6,1,4,5,26,14,20,19,4,8,11,4,26,15,19,14,25,25,15,22,18,6,25,17,5,24,10,15,3,3,1,12,6,18,2,5,6,4,7,17,24,15,10,7,16,3,9,1,26,24,18,2,15,16,21,12,3,13,15,15,5,1,11,20,22,1,23,23,19,8,12,21,9,8,7,25,6,16,21,13,10,19,4,20,13,5,7,7,25,17,25,20,20,23,22,21,6,15,11,19,1,13,14,11,14,26,1,13,9,6,20,11,21",5000,100
0,70,318332.1067744132,23.754787745387294,"4,12,22,19,3,8,11,9,2,21,10,25,24,18,7,2,18,23,10,26,13,16,20,1,12,5,22,6,13,5,19,17,25,14,26,15,24,20,15,21,3,2,23,6,20,7,9,8,12,15,7,17,17,20,1,20,8,9,2,15,3,8,6,1,4,5,26,14,20,19,4,8,11,4,26,15,19,14,25,25,15,22,18,6,25,17,5,24,10,15,3,3,1,12,6,18,2,5,6,4,7,17,24,15,10,7,16,3,9,1,26,24,18,2,15,16,21,12,3,13,15,15,5,1,11,20,22,1,23,23,19,8,12,21,9,8,7,25,6,16,21,13,10,19,4,20,13,5,7,7,25,17,25,20,20,23,22,21,6,15,11,19,1,13,14,11,14,26,1,13,9,6,20,11,21",5000,100
0,71,318332.1067744132,23.754787745387294,"4,12,22,19,3,8,11,9,2,21,10,25,24,18,7,2,18,23,10,26,13,16,20,1,12,5,22,6,13,5,19,17,25,14,26,15,24,20,15,21,3,2,23,6,20,7,9,8,12,15,7,17,17,20,1,20,8,9,2,15,3,8,6,1,4,5,26,14,20,19,4,8,11,4,26,15,19,14,25,25,15,22,18,6,25,17,5,24,10,15,3,3,1,12,6,18,2,5,6,4,7,17,24,15,10,7,16,3,9,1,26,24,18,2,15,16,21,12,3,13,15,15,5,1,11,20,22,1,23,23,19,8,12,21,9,8,7,25,6,16,21,13,10,19,4,20,13,5,7,7,25,17,25,20,20,23,22,21,6,15,11,19,1,13,14,11,14,26,1,13,9,6,20,11,21",5000,100
0,72,318332.1067744132,23.754787745387294,"4,12,22,19,3,8,11,9,2,21,10,25,24,18,7,2,18,23,10,26,13,16,20,1,12,5,22,6,13,5,19,17,25,14,26,15,24,20,15,21,3,2,23,6,20,7,9,8,12,15,7,17,17,20,1,20,8,9,2,15,3,8,6,1,4,5,26,14,20,19,4,8,11,4,26,15,19,14,25,25,15,22,18,6,25,17,5,24,10,15,3,3,1,12,6,18,2,5,6,4,7,17,24,15,10,7,16,3,9,1,26,24,18,2,15,16,21,12,3,13,15,15,5,1,11,20,22,1,23,23,19,8,12,21,9,8,7,25,6,16,21,13,10,19,4,20,13,5,7,7,25,17,25,20,20,23,22,21,6,15,11,19,1,13,14,11,14,26,1,13,9,6,20,11,21",5000,100
0,73,318332.1067744132,23.754787745387294,"4,12,22,19,3,8,11,9,2,21,10,25,24,18,7,2,18,23,10,26,13,16,20,1,12,5,22,6,13,5,19,17,25,14,26,15,24,20,15,21,3,2,23,6,20,7,9,8,12,15,7,17,17,20,1,20,8,9,2,15,3,8,6,1,4,5,26,14,20,19,4,8,11,4,26,15,19,14,25,25,15,22,18,6,25,17,5,24,10,15,3,3,1,12,6,18,2,5,6,4,7,17,24,15,10,7,16,3,9,1,26,24,18,2,15,16,21,12,3,13,15,15,5,1,11,20,22,1,23,23,19,8,12,21,9,8,7,25,6,16,21,13,10,19,4,20,13,5,7,7,25,17,25,20,20,23,22,21,6,15,11,19,1,13,14,11,14,26,1,13,9,6,20,11,21",5000,100
0,74,318332.1067744132,23.754787745387294,"4,12,22,19,3,8,11,9,2,21,10,25,24,18,7,2,18,23,10,26,13,16,20,1,12,5,22,6,13,5,19,17,25,14,26,15,24,20,15,21,3,2,23,6,20,7,9,8,12,15,7,17,17,20,1,20,8,9,2,15,3,8,6,1,4,5,26,14,20,19,4,8,11,4,26,15,19,14,25,25,15,22,18,6,25,17,5,24,10,15,3,3,1,12,6,18,2,5,6,4,7,17,24,15,10,7,16,3,9,1,26,24,18,2,15,16,21,12,3,13,15,15,5,1,11,20,22,1,23,23,19,8,12,21,9,8,7,25,6,16,21,13,10,19,4,20,13,5,7,7,25,17,25,20,20,23,22,21,6,15,11,19,1,13,14,11,14,26,1,13,9,6,20,11,21",5000,100
0,75,318332.1067744132,23.754787745387294,"4,12,22,19,3,8,11,9,2,21,10,25,24,18,7,2,18,23,10,26,13,16,20,1,12,5,22,6,13,5,19,17,25,14,26,15,24,20,15,21,3,2,23,6,20,7,9,8,12,15,7,17,17,20,1,20,8,9,2,15,3,8,6,1,4,5,26,14,20,19,4,8,11,4,26,15,19,14,25,25,15,22,18,6,25,17,5,24,10,15,3,3,1,12,6,18,2,5,6,4,7,17,24,15,10,7,16,3,9,1,26,24,18,2,15,16,21,12,3,13,15,15,5,1,11,20,22,1,23,23,19,8,12,21,9,8,7,25,6,16,21,13,10,19,4,20,13,5,7,7,25,17,25,20,20,23,22,21,6,15,11,19,1,13,14,11,14,26,1,13,9,6,20,11,21",5000,100
0,76,318332.1067744132,23.754787745387294,"4,12,22,19,3,8,11,9,2,21,10,25,24,18,7,2,18,23,10,26,13,16,20,1,12,5,22,6,13,5,19,17,25,14,26,15,24,20,15,21,3,2,23,6,20,7,9,8,12,15,7,17,17,20,1,20,8,9,2,15,3,8,6,1,4,5,26,14,20,19,4,8,11,4,26,15,19,14,25,25,15,22,18,6,25,17,5,24,10,15,3,3,1,12,6,18,2,5,6,4,7,17,24,15,10,7,16,3,9,1,26,24,18,2,15,16,21,12,3,13,15,15,5,1,11,20,22,1,23,23,19,8,12,21,9,8,7,25,6,16,21,13,10,19,4,20,13,5,7,7,25,17,25,20,20,23,22,21,6,15,11,19,1,13,14,11,14,26,1,13,9,6,20,11,21",5000,100
0,77,318332.1067744132,23.754787745387294,"4,12,22,19,3,8,11,9,2,21,10,25,24,18,7,2,18,23,10,26,13,16,20,1,12,5,22,6,13,5,19,17,25,14,26,15,24,20,15,21,3,2,23,6,20,7,9,8,12,15,7,17,17,20,1,20,8,9,2,15,3,8,6,1,4,5,26,14,20,19,4,8,11,4,26,15,19,14,25,25,15,22,18,6,25,17,5,24,10,15,3,3,1,12,6,18,2,5,6,4,7,17,24,15,10,7,16,3,9,1,26,24,18,2,15,16,21,12,3,13,15,15,5,1,11,20,22,1,23,23,19,8,12,21,9,8,7,25,6,16,21,13,10,19,4,20,13,5,7,7,25,17,25,20,20,23,22,21,6,15,11,19,1,13,14,11,14,26,1,13,9,6,20,11,21",5000,100
0,78,318332.1067744132,23.754787745387294,"4,12,22,19,3,8,11,9,2,21,10,25,24,18,7,2,18,23,10,26,13,16,20,1,12,5,22,6,13,5,19,17,25,14,26,15,24,20,15,21,3,2,23,6,20,7,9,8,12,15,7,17,17,20,1,20,8,9,2,15,3,8,6,1,4,5,26,14,20,19,4,8,11,4,26,15,19,14,25,25,15,22,18,6,25,17,5,24,10,15,3,3,1,12,6,18,2,5,6,4,7,17,24,15,10,7,16,3,9,1,26,24,18,2,15,16,21,12,3,13,15,15,5,1,11,20,22,1,23,23,19,8,12,21,9,8,7,25,6,16,21,13,10,19,4,20,13,5,7,7,25,17,25,20,20,23,22,21,6,15,11,19,1,13,14,11,14,26,1,13,9,6,20,11,21",5000,100
0,79,318332.1067744132,23.754787745387294,"4,12,22,19,3,8,11,9,2,21,10,25,24,18,7,2,18,23,10,26,13,16,20,1,12,5,22,6,13,5,19,17,25,14,26,15,24,20,15,21,3,2,23,6,20,7,9,8,12,15,7,17,17,20,1,20,8,9,2,15,3,8,6,1,4,5,26,14,20,19,4,8,11,4,26,15,19,14,25,25,15,22,18,6,25,17,5,24,10,15,3,3,1,12,6,18,2,5,6,4,7,17,24,15,10,7,16,3,9,1,26,24,18,2,15,16,21,12,3,13,15,15,5,1,11,20,22,1,23,23,19,8,12,21,9,8,7,25,6,16,21,13,10,19,4,20,13,5,7,7,25,17,25,20,20,23,22,21,6,15,11,19,1,13,14,11,14,26,1,13,9,6,20,11,21",5000,100
0,80,318332.1067744132,23.754787745387294,"4,12,22,19,3,8,11,9,2,21,10,25,24,18,7,2,18,23,10,26,13,16,20,1,12,5,22,6,13,5,19,17,25,14,26,15,24,20,15,21,3,2,23,6,20,7,9,8,12,15,7,17,17,20,1,20,8,9,2,15,3,8,6,1,4,5,26,14,20,19,4,8,11,4,26,15,19,14,25,25,15,22,18,6,25,17,5,24,10,15,3,3,1,12,6,18,2,5,6,4,7,17,24,15,10,7,16,3,9,1,26,24,18,2,15,16,21,12,3,13,15,15,5,1,11,20,22,1,23,23,19,8,12,21,9,8,7,25,6,16,21,13,10,19,4,20,13,5,7,7,25,17,25,20,20,23,22,21,6,15,11,19,1,13,14,11,14,26,1,13,9,6,20,11,21",5000,100
0,81,318332.1067744132,23.754787745387294,"4,12,22,19,3,8,11,9,2,21,10,25,24,18,7,2,18,23,10,26,13,16,20,1,12,5,22,6,13,5,19,17,25,14,26,15,24,20,15,21,3,2,23,6,20,7,9,8,12,15,7,17,17,20,1,20,8,9,2,15,3,8,6,1,4,5,26,14,20,19,4,8,11,4,26,15,19,14,25,25,15,22,18,6,25,17,5,24,10,15,3,3,1,12,6,18,2,5,6,4,7,17,24,15,10,7,16,3,9,1,26,24,18,2,15,16,21,12,3,13,15,15,5,1,11,20,22,1,23,23,19,8,12,21,9,8,7,25,6,16,21,13,10,19,4,20,13,5,7,7,25,17,25,20,20,23,22,21,6,15,11,19,1,13,14,11,14,26,1,13,9,6,20,11,21",5000,100
0,82,318332.1067744132,23.754787745387294,"4,12,22,19,3,8,11,9,2,21,10,25,24,18,7,2,18,23,10,26,13,16,20,1,12,5,22,6,13,5,19,17,25,14,26,15,24,20,15,21,3,2,23,6,20,7,9,8,12,15,7,17,17,20,1,20,8,9,2,15,3,8,6,1,4,5,26,14,20,19,4,8,11,4,26,15,19,14,25,25,15,22,18,6,25,17,5,24,10,15,3,3,1,12,6,18,2,5,6,4,7,17,24,15,10,7,16,3,9,1,26,24,18,2,15,16,21,12,3,13,15,15,5,1,11,20,22,1,23,23,19,8,12,21,9,8,7,25,6,16,21,13,10,19,4,20,13,5,7,7,25,17,25,20,20,23,22,21,6,15,11,19,1,13,14,11,14,26,1,13,9,6,20,11,21",5000,100
0,83,318332.1067744132,23.754787745387294,"4,12,22,19,3,8,11,9,2,21,10,25,24,18,7,2,18,23,10,26,13,16,20,1,12,5,22,6,13,5,19,17,25,14,26,15,24,20,15,21,3,2,23,6,20,7,9,8,12,15,7,17,17,20,1,20,8,9,2,15,3,8,6,1,4,5,26,14,20,19,4,8,11,4,26,15,19,14,25,25,15,22,18,6,25,17,5,24,10,15,3,3,1,12,6,18,2,5,6,4,7,17,24,15,10,7,16,3,9,1,26,24,18,2,15,16,21,12,3,13,15,15,5,1,11,20,22,1,23,23,19,8,12,21,9,8,7,25,6,16,21,13,10,19,4,20,13,5,7,7,25,17,25,20,20,23,22,21,6,15,11,19,1,13,14,11,14,26,1,13,9,6,20,11,21",5000,100
0,84,318332.1067744132,23.754787745387294,"4,12,22,19,3,8,11,9,2,21,10,25,24,18,7,2,18,23,10,26,13,16,20,1,12,5,22,6,13,5,19,17,25,14,26,15,24,20,15,21,3,2,23,6,20,7,9,8,12,15,7,17,17,20,1,20,8,9,2,15,3,8,6,1,4,5,26,14,20,19,4,8,11,4,26,15,19,14,25,25,15,22,18,6,25,17,5,24,10,15,3,3,1,12,6,18,2,5,6,4,7,17,24,15,10,7,16,3,9,1,26,24,18,2,15,16,21,12,3,13,15,15,5,1,11,20,22,1,23,23,19,8,12,21,9,8,7,25,6,16,21,13,10,19,4,20,13,5,7,7,25,17,25,20,20,23,22,21,6,15,11,19,1,13,14,11,14,26,1,13,9,6,20,11,21",5000,100
0,85,318332.1067744132,23.754787745387294,"4,12,22,19,3,8,11,9,2,21,10,25,24,18,7,2,18,23,10,26,13,16,20,1,12,5,22,6,13,5,19,17,25,14,26,15,24,20,15,21,3,2,23,6,20,7,9,8,12,15,7,17,17,20,1,20,8,9,2,15,3,8,6,1,4,5,26,14,20,19,4,8,11,4,26,15,19,14,25,25,15,22,18,6,25,17,5,24,10,15,3,3,1,12,6,18,2,5,6,4,7,17,24,15,10,7,16,3,9,1,26,24,18,2,15,16,21,12,3,13,15,15,5,1,11,20,22,1,23,23,19,8,12,21,9,8,7,25,6,16,21,13,10,19,4,20,13,5,7,7,25,17,25,20,20,23,22,21,6,15,11,19,1,13,14,11,14,26,1,13,9,6,20,11,21",5000,100
0,86,318332.1067744132,23.754787745387294,"4,12,22,19,3,8,11,9,2,21,10,25,24,18,7,2,18,23,10,26,13,16,20,1,12,5,22,6,13,5,19,17,25,14,26,15,24,20,15,21,3,2,23,6,20,7,9,8,12,15,7,17,17,20,1,20,8,9,2,15,3,8,6,1,4,5,26,14,20,19,4,8,11,4,26,15,19,14,25,25,15,22,18,6,25,17,5,24,10,15,3,3,1,12,6,18,2,5,6,4,7,17,24,15,10,7,16,3,9,1,26,24,18,2,15,16,21,12,3,13,15,15,5,1,11,20,22,1,23,23,19,8,12,21,9,8,7,25,6,16,21,13,10,19,4,20,13,5,7,7,25,17,25,20,20,23,22,21,6,15,11,19,1,13,14,11,14,26,1,13,9,6,20,11,21",5000,100
0,87,318332.1067744132,23.754787745387294,"4,12,22,19,3,8,11,9,2,21,10,25,24,18,7,2,18,23,10,26,13,16,20,1,12,5,22,6,13,5,19,17,25,14,26,15,24,20,15,21,3,2,23,6,20,7,9,8,12,15,7,17,17,20,1,20,8,9,2,15,3,8,6,1,4,5,26,14,20,19,4,8,11,4,26,15,19,14,25,25,15,22,18,6,25,17,5,24,10,15,3,3,1,12,6,18,2,5,6,4,7,17,24,15,10,7,16,3,9,1,26,24,18,2,15,16,21,12,3,13,15,15,5,1,11,20,22,1,23,23,19,8,12,21,9,8,7,25,6,16,21,13,10,19,4,20,13,5,7,7,25,17,25,20,20,23,22,21,6,15,11,19,1,13,14,11,14,26,1,13,9,6,20,11,21",5000,100
0,88,318332.1067744132,23.754787745387294,"4,12,22,19,3,8,11,9,2,21,10,25,24,18,7,2,18,23,10,26,13,16,20,1,12,5,22,6,13,5,19,17,25,14,26,15,24,20,15,21,3,2,23,6,20,7,9,8,12,15,7,17,17,20,1,20,8,9,2,15,3,8,6,1,4,5,26,14,20,19,4,8,11,4,26,15,19,14,25,25,15,22,18,6,25,17,5,24,10,15,3,3,1,12,6,18,2,5,6,4,7,17,24,15,10,7,16,3,9,1,26,24,18,2,15,16,21,12,3,13,15,15,5,1,11,20,22,1,23,23,19,8,12,21,9,8,7,25,6,16,21,13,10,19,4,20,13,5,7,7,25,17,25,20,20,23,22,21,6,15,11,19,1,13,14,11,14,26,1,13,9,6,20,11,21",5000,100
0,89,318332.1067744132,23.754787745387294,"4,12,22,19,3,8,11,9,2,21,10,25,24,18,7,2,18,23,10,26,13,16,20,1,12,5,22,6,13,5,19,17,25,14,26,15,24,20,15,21,3,2,23,6,20,7,9,8,12,15,7,17,17,20,1,20,8,9,2,15,3,8,6,1,4,5,26,14,20,19,4,8,11,4,26,15,19,14,25,25,15,22,18,6,25,17,5,24,10,15,3,3,1,12,6,18,2,5,6,4,7,17,24,15,10,7,16,3,9,1,26,24,18,2,15,16,21,12,3,13,15,15,5,1,11,20,22,1,23,23,19,8,12,21,9,8,7,25,6,16,21,13,10,19,4,20,13,5,7,7,25,17,25,20,20,23,22,21,6,15,11,19,1,13,14,11,14,26,1,13,9,6,20,11,21",5000,100
0,90,318332.1067744132,23.754787745387294,"4,12,22,19,3,8,11,9,2,21,10,25,24,18,7,2,18,23,10,26,13,16,20,1,12,5,22,6,13,5,19,17,25,14,26,15,24,20,15,21,3,2,23,6,20,7,9,8,12,15,7,17,17,20,1,20,8,9,2,15,3,8,6,1,4,5,26,14,20,19,4,8,11,4,26,15,19,14,25,25,15,22,18,6,25,17,5,24,10,15,3,3,1,12,6,18,2,5,6,4,7,17,24,15,10,7,16,3,9,1,26,24,18,2,15,16,21,12,3,13,15,15,5,1,11,20,22,1,23,23,19,8,12,21,9,8,7,25,6,16,21,13,10,19,4,20,13,5,7,7,25,17,25,20,20,23,22,21,6,15,11,19,1,13,14,11,14,26,1,13,9,6,20,11,21",5000,100
0,91,318332.1067744132,23.754787745387294,"4,12,22,19,3,8,11,9,2,21,10,25,24,18,7,2,18,23,10,26,13,16,20,1,12,5,22,6,13,5,19,17,25,14,26,15,24,20,15,21,3,2,23,6,20,7,9,8,12,15,7,17,17,20,1,20,8,9,2,15,3,8,6,1,4,5,26,14,20,19,4,8,11,4,26,15,19,14,25,25,15,22,18,6,25,17,5,24,10,15,3,3,1,12,6,18,2,5,6,4,7,17,24,15,10,7,16,3,9,1,26,24,18,2,15,16,21,12,3,13,15,15,5,1,11,20,22,1,23,23,19,8,12,21,9,8,7,25,6,16,21,13,10,19,4,20,13,5,7,7,25,17,25,20,20,23,22,21,6,15,11,19,1,13,14,11,14,26,1,13,9,6,20,11,21",5000,100
0,92,318332.1067744132,23.754787745387294,"4,12,22,19,3,8,11,9,2,21,10,25,24,18,7,2,18,23,10,26,13,16,20,1,12,5,22,6,13,5,19,17,25,14,26,15,24,20,15,21,3,2,23,6,20,7,9,8,12,15,7,17,17,20,1,20,8,9,2,15,3,8,6,1,4,5,26,14,20,19,4,8,11,4,26,15,19,14,25,25,15,22,18,6,25,17,5,24,10,15,3,3,1,12,6,18,2,5,6,4,7,17,24,15,10,7,16,3,9,1,26,24,18,2,15,16,21,12,3,13,15,15,5,1,11,20,22,1,23,23,19,8,12,21,9,8,7,25,6,16,21,13,10,19,4,20,13,5,7,7,25,17,25,20,20,23,22,21,6,15,11,19,1,13,14,11,14,26,1,13,9,6,20,11,21",5000,100
0,93,318332.1067744132,23.754787745387294,"4,12,22,19,3,8,11,9,2,21,10,25,24,18,7,2,18,23,10,26,13,16,20,1,12,5,22,6,13,5,19,17,25,14,26,15,24,20,15,21,3,2,23,6,20,7,9,8,12,15,7,17,17,20,1,20,8,9,2,15,3,8,6,1,4,5,26,14,20,19,4,8,11,4,26,15,19,14,25,25,15,22,18,6,25,17,5,24,10,15,3,3,1,12,6,18,2,5,6,4,7,17,24,15,10,7,16,3,9,1,26,24,18,2,15,16,21,12,3,13,15,15,5,1,11,20,22,1,23,23,19,8,12,21,9,8,7,25,6,16,21,13,10,19,4,20,13,5,7,7,25,17,25,20,20,23,22,21,6,15,11,19,1,13,14,11,14,26,1,13,9,6,20,11,21",5000,100
0,94,318332.1067744132,23.754787745387294,"4,12,22,19,3,8,11,9,2,21,10,25,24,18,7,2,18,23,10,26,13,16,20,1,12,5,22,6,13,5,19,17,25,14,26,15,24,20,15,21,3,2,23,6,20,7,9,8,12,15,7,17,17,20,1,20,8,9,2,15,3,8,6,1,4,5,26,14,20,19,4,8,11,4,26,15,19,14,25,25,15,22,18,6,25,17,5,24,10,15,3,3,1,12,6,18,2,5,6,4,7,17,24,15,10,7,16,3,9,1,26,24,18,2,15,16,21,12,3,13,15,15,5,1,11,20,22,1,23,23,19,8,12,21,9,8,7,25,6,16,21,13,10,19,4,20,13,5,7,7,25,17,25,20,20,23,22,21,6,15,11,19,1,13,14,11,14,26,1,13,9,6,20,11,21",5000,100
0,95,318332.1067744132,23.754787745387294,"4,12,22,19,3,8,11,9,2,21,10,25,24,18,7,2,18,23,10,26,13,16,20,1,12,5,22,6,13,5,19,17,25,14,26,15,24,20,15,21,3,2,23,6,20,7,9,8,12,15,7,17,17,20,1,20,8,9,2,15,3,8,6,1,4,5,26,14,20,19,4,8,11,4,26,15,19,14,25,25,15,22,18,6,25,17,5,24,10,15,3,3,1,12,6,18,2,5,6,4,7,17,24,15,10,7,16,3,9,1,26,24,18,2,15,16,21,12,3,13,15,15,5,1,11,20,22,1,23,23,19,8,12,21,9,8,7,25,6,16,21,13,10,19,4,20,13,5,7,7,25,17,25,20,20,23,22,21,6,15,11,19,1,13,14,11,14,26,1,13,9,6,20,11,21",5000,100
0,96,318332.1067744132,23.754787745387294,"4,12,22,19,3,8,11,9,2,21,10,25,24,18,7,2,18,23,10,26,13,16,20,1,12,5,22,6,13,5,19,17,25,14,26,15,24,20,15,21,3,2,23,6,20,7,9,8,12,15,7,17,17,20,1,20,8,9,2,15,3,8,6,1,4,5,26,14,20,19,4,8,11,4,26,15,19,14,25,25,15,22,18,6,25,17,5,24,10,15,3,3,1,12,6,18,2,5,6,4,7,17,24,15,10,7,16,3,9,1,26,24,18,2,15,16,21,12,3,13,15,15,5,1,11,20,22,1,23,23,19,8,12,21,9,8,7,25,6,16,21,13,10,19,4,20,13,5,7,7,25,17,25,20,20,23,22,21,6,15,11,19,1,13,14,11,14,26,1,13,9,6,20,11,21",5000,100
0,97,318332.1067744132,23.754787745387294,"4,12,22,19,3,8,11,9,2,21,10,25,24,18,7,2,18,23,10,26,13,16,20,1,12,5,22,6,13,5,19,17,25,14,26,15,24,20,15,21,3,2,23,6,20,7,9,8,12,15,7,17,17,20,1,20,8,9,2,15,3,8,6,1,4,5,26,14,20,19,4,8,11,4,26,15,19,14,25,25,15,22,18,6,25,17,5,24,10,15,3,3,1,12,6,18,2,5,6,4,7,17,24,15,10,7,16,3,9,1,26,24,18,2,15,16,21,12,3,13,15,15,5,1,11,20,22,1,23,23,19,8,12,21,9,8,7,25,6,16,21,13,10,19,4,20,13,5,7,7,25,17,25,20,20,23,22,21,6,15,11,19,1,13,14,11,14,26,1,13,9,6,20,11,21",5000,100
0,98,318332.1067744132,23.754787745387294,"4,12,22,19,3,8,11,9,2,21,10,25,24,18,7,2,18,23,10,26,13,16,20,1,12,5,22,6,13,5,19,17,25,14,26,15,24,20,15,21,3,2,23,6,20,7,9,8,12,15,7,17,17,20,1,20,8,9,2,15,3,8,6,1,4,5,26,14,20,19,4,8,11,4,26,15,19,14,25,25,15,22,18,6,25,17,5,24,10,15,3,3,1,12,6,18,2,5,6,4,7,17,24,15,10,7,16,3,9,1,26,24,18,2,15,16,21,12,3,13,15,15,5,1,11,20,22,1,23,23,19,8,12,21,9,8,7,25,6,16,21,13,10,19,4,20,13,5,7,7,25,17,25,20,20,23,22,21,6,15,11,19,1,13,14,11,14,26,1,13,9,6,20,11,21",5000,100
0,99,318741.4624069528,23.712653601577415,"4,12,22,19,3,8,11,9,2,21,10,25,24,18,7,2,18,23,10,26,13,16,20,1,12,5,22,6,13,5,19,17,25,14,26,15,24,20,15,21,3,2,23,6,20,7,9,8,12,15,7,17,17,20,1,20,8,9,2,15,3,8,6,1,4,5,26,14,20,19,4,8,11,4,26,15,19,14,25,25,15,22,18,6,25,17,5,24,10,15,3,3,1,12,6,18,2,5,6,4,7,17,24,15,10,7,16,3,9,1,26,24,18,2,21,16,21,12,3,13,15,15,5,1,11,20,22,1,23,23,19,8,12,21,9,8,7,25,6,16,21,13,10,19,4,20,13,5,7,7,25,17,25,20,20,23,22,21,6,15,11,19,1,13,14,11,14,26,1,13,9,6,20,11,21",5000,100
1,0,265379.31960075453,20.382438200133187,"12,10,1,12,25,21,16,2,11,17,20,13,6,4,9,26,23,8,24,22,3,5,24,14,25,20,22,7,10,21,18,1,19,11,4,16,15,3,18,6,19,15,2,17,20,26,21,4,1,15,5,8,19,6,3,26,8,17,22,24,1,9,26,26,8,18,7,11,17,13,8,13,5,26,23,6,18,15,8,15,11,3,15,15,7,10,19,13,7,19,3,7,14,23,9,15,5,3,14,3,13,24,2,10,19,23,13,26,23,2,24,22,8,11,21,22,13,19,26,10,2,15,14,10,13,19,15,23,5,6,3,20,24,18,6,10,12,19,23,13,8,9,5,17,15,13,13,9,13,23,9,7,6,23,3,15,10,10,22,13,9,19,17,2,5,5,18,20,3,5,17,11,16,14,23",5000,100
2,0,301573.82001465536,23.31682989201186,"1,7,14,21,19,17,6,11,2,12,22,7,24,21,8,16,26,18,26,14,23,15,20,4,5,10,24,3,18,5,2,20,9,23,25,13,10,16,19,9,10,25,6,1,10,13,15,13,20,10,21,25,6,4,5,1,9,11,9,3,2,21,12,8,9,2,21,5,1,21,8,11,17,14,9,4,6,23,17,9,1,4,5,4,26,5,3,17,22,16,25,14,11,5,26,25,25,5,19,7,22,18,8,14,22,15,17,23,3,7,7,19,9,17,3,15,24,8,13,14,6,9,2,4,18,12,21,25,4,15,4,8,25,4,10,16,26,5,6,22,19,6,19,22,9,9,7,13,2,5,21,20,6,22,13,9,22,7,14,11,12,11,3,24,14,20,13,8,7,9,6,3,22,16,6",5000,100
2,1,301875.8993301409,22.803119271729255,"1,7,14,21,19,17,6,11,2,12,22,7,24,21,8,16,26,18,26,14,23,15,20,4,5,10,24,3,18,5,2,20,9,23,25,13,10,16,19,9,10,25,6,1,10,13,15,13,20,10,21,25,6,4,5,1,9,11,9,3,2,21,12,8,9,2,21,5,1,21,8,11,17,14,9,4,6,23,17,9,1,4,5,4,4,6,3,17,22,16,25,14,11,5,26,25,10,8,19,7,22,18,8,14,22,15,17,23,3,7,7,19,9,17,3,15,24,8,13,14,6,9,2,4,18,12,9,25,4,15,4,8,25,4,10,16,26,5,6,22,19,6,19,22,9,9,7,13,2,5,21,20,6,22,13,9,22,7,14,11,12,11,3,24,14,20,13,8,7,9,6,3,22,16,6",5000,100
2,2,301875.8993301409,22.803119271729255,"1,7,14,21,19,17,6,11,2,12,22,7,24,21,8,16,26,18,26,14,23,15,20,4,5,10,24,3,18,5,2,20,9,23,25,13,10,16,19,9,10,25,6,1,10,13,15,13,20,10,21,25,6,4,5,1,9,11,9,3,2,21,12,8,9,2,21,5,1,21,8,11,17,14,9,4,6,23,17,9,1,4,5,4,4,6,3,17,22,16,25,14,11,5,26,25,10,8,19,7,22,18,8,14,22,15,17,23,3,7,7,19,9,17,3,15,24,8,13,14,6,9,2,4,18,12,9,25,4,15,4,8,25,4,10,16,26,5,6,22,19,6,19,22,9,9,7,13,2,5,21,20,6,22,13,9,22,7,14,11,12,11,3,24,14,20,13,8,7,9,6,3,22,16,6",5000,100
2,3,301875.8993301409,22.803119271729255,"1,7,14,21,19,17,6,11,2,12,22,7,24,21,8,16,26,18,26,14,23,15,20,4,5,10,24,3,18,5,2,20,9,23,25,13,10,16,19,9,10,25,6,1,10,13,15,13,20,10,21,25,6,4,5,1,9,11,9,3,2,21,12,8,9,2,21,5,1,21,8,11,17,14,9,4,6,23,17,9,1,4,5,4,4,6,3,17,22,16,25,14,11,5,26,25,10,8,19,7,22,18,8,14,22,15,17,23,3,7,7,19,9,17,3,15,24,8,13,14,6,9,2,4,18,12,9,25,4,15,4,8,25,4,10,16,26,5,6,22,19,6,19,22,9,9,7,13,2,5,21,20,6,22,13,9,22,7,14,11,12,11,3,24,14,20,13,8,7,9,6,3,22,16,6",5000,100
2,4,301875.8993301409,22.803119271729255,"1,7,14,21,19,17,6,11,2,12,22,7,24,21,8,16,26,18,26,14,23,15,20,4,5,10,24,3,18,5,2,20,9,23,25,13,10,16,19,9,10,25,6,1,10,13,15,13,20,10,21,25,6,4,5,1,9,11,9,3,2,21,12,8,9,2,21,5,1,21,8,11,17,14,9,4,6,23,17,9,1,4,5,4,4,6,3,17,22,16,25,14,11,5,26,25,10,8,19,7,22,18,8,14,22,15,17,23,3,7,7,19,9,17,3,15,24,8,13,14,6,9,2,4,18,12,9,25,4,15,4,8,25,4,10,16,26,5,6,22,19,6,19,22,9,9,7,13,2,5,21,20,6,22,13,9,22,7,14,11,12,11,3,24,14,20,13,8,7,9,6,3,22,16,6",5000,100
2,5,301875.8993301409,22.803119271729255,"1,7,14,21,19,17,6,11,2,12,22,7,24,21,8,16,26,18,26,14,23,15,20,4,5,10,24,3,18,5,2,20,9,23,25,13,10,16,19,9,10,25,6,1,10,13,15,13,20,10,21,25,6,4,5,1,9,11,9,3,2,21,12,8,9,2,21,5,1,21,8,11,17,14,9,4,6,23,17,9,1,4,5,4,4,6,3,17,22,16,25,14,11,5,26,25,10,8,19,7,22,18,8,14,22,15,17,23,3,7,7,19,9,17,3,15,24,8,13,14,6,9,2,4,18,12,9,25,4,15,4,8,25,4,10,16,26,5,6,22,19,6,19,22,9,9,7,13,2,5,21,20,6,22,13,9,22,7,14,11,12,11,3,24,14,20,13,8,7,9,6,3,22,16,6",5000,100
2,6,301875.8993301409,22.803119271729255,"1,7,14,21,19,17,6,11,2,12,22,7,24,21,8,16,26,18,26,14,23,15,20,4,5,10,24,3,18,5,2,20,9,23,25,13,10,16,19,9,10,25,6,1,10,13,15,13,20,10,21,25,6,4,5,1,9,11,9,3,2,21,12,8,9,2,21,5,1,21,8,11,17,14,9,4,6,23,17,9,1,4,5,4,4,6,3,17,22,16,25,14,11,5,26,25,10,8,19,7,22,18,8,14,22,15,17,23,3,7,7,19,9,17,3,15,24,8,13,14,6,9,2,4,18,12,9,25,4,15,4,8,25,4,10,16,26,5,6,22,19,6,19,22,9,9,7,13,2,5,21,20,6,22,13,9,22,7,14,11,12,11,3,24,14,20,13,8,7,9,6,3,22,16,6",5000,100
2,7,301875.8993301409,22.803119271729255,"1,7,14,21,19,17,6,11,2,12,22,7,24,21,8,16,26,18,26,14,23,15,20,4,5,10,24,3,18,5,2,20,9,23,25,13,10,16,19,9,10,25,6,1,10,13,15,13,20,10,21,25,6,4,5,1,9,11,9,3,2,21,12,8,9,2,21,5,1,21,8,11,17,14,9,4,6,23,17,9,1,4,5,4,4,6,3,17,22,16,25,14,11,5,26,25,10,8,19,7,22,18,8,14,22,15,17,23,3,7,7,19,9,17,3,15,24,8,13,14,6,9,2,4,18,12,9,25,4,15,4,8,25,4,10,16,26,5,6,22,19,6,19,22,9,9,7,13,2,5,21,20,6,22,13,9,22,7,14,11,12,11,3,24,14,20,13,8,7,9,6,3,22,16,6",5000,100
2,8,301875.8993301409,22.803119271729255,"1,7,14,21,19,17,6,11,2,12,22,7,24,21,8,16,26,18,26,14,23,15,20,4,5,10,24,3,18,5,2,20,9,23,25,13,10,16,19,9,10,25,6,1,10,13,15,13,20,10,21,25,6,4,5,1,9,11,9,3,2,21,12,8,9,2,21,5,1,21,8,11,17,14,9,4,6,23,17,9,1,4,5,4,4,6,3,17,22,16,25,14,11,5,26,25,10,8,19,7,22,18,8,14,22,15,17,23,3,7,7,19,9,17,3,15,24,8,13,14,6,9,2,4,18,12,9,25,4,15,4,8,25,4,10,16,26,5,6,22,19,6,19,22,9,9,7,13,2,5,21,20,6,22,13,9,22,7,14,11,12,11,3,24,14,20,13,8,7,9,6,3,22,16,6",5000,100
2,9,301875.8993301409,22.803119271729255,"1,7,14,21,19,17,6,11,2,12,22,7,24,21,8,16,26,18,26,14,23,15,20,4,5,10,24,3,18,5,2,20,9,23,25,13,10,16,19,9,10,25,6,1,10,13,15,13,20,10,21,25,6,4,5,1,9,11,9,3,2,21,12,8,9,2,21,5,1,21,8,11,17,14,9,4,6,23,17,9,1,4,5,4,4,6,3,17,22,16,25,14,11,5,26,25,10,8,19,7,22,18,8,14,22,15,17,23,3,7,7,19,9,17,3,15,24,8,13,14,6,9,2,4,18,12,9,25,4,15,4,8,25,4,10,16,26,5,6,22,19,6,19,22,9,9,7,13,2,5,21,20,6,22,13,9,22,7,14,11,12,11,3,24,14,20,13,8,7,9,6,3,22,16,6",5000,100
2,10,301875.8993301409,22.803119271729255,"1,7,14,21,19,17,6,11,2,12,22,7,24,21,8,16,26,18,26,14,23,15,20,4,5,10,24,3,18,5,2,20,9,23,25,13,10,16,19,9,10,25,6,1,10,13,15,13,20,10,21,25,6,4,5,1,9,11,9,3,2,21,12,8,9,2,21,5,1,21,8,11,17,14,9,4,6,23,17,9,1,4,5,4,4,6,3,17,22,16,25,14,11,5,26,25,10,8,19,7,22,18,8,14,22,15,17,23,3,7,7,19,9,17,3,15,24,8,13,14,6,9,2,4,18,12,9,25,4,15,4,8,25,4,10,16,26,5,6,22,19,6,19,22,9,9,7,13,2,5,21,20,6,22,13,9,22,7,14,11,12,11,3,24,14,20,13,8,7,9,6,3,22,16,6",5000,100
2,11,301875.8993301409,22.803119271729255,"1,7,14,21,19,17,6,11,2,12,22,7,24,21,8,16,26,18,26,14,23,15,20,4,5,10,24,3,18,5,2,20,9,23,25,13,10,16,19,9,10,25,6,1,10,13,15,13,20,10,21,25,6,4,5,1,9,11,9,3,2,21,12,8,9,2,21,5,1,21,8,11,17,14,9,4,6,23,17,9,1,4,5,4,4,6,3,17,22,16,25,14,11,5,26,25,10,8,19,7,22,18,8,14,22,15,17,23,3,7,7,19,9,17,3,15,24,8,13,14,6,9,2,4,18,12,9,25,4,15,4,8,25,4,10,16,26,5,6,22,19,6,19,22,9,9,7,13,2,5,21,20,6,22,13,9,22,7,14,11,12,11,3,24,14,20,13,8,7,9,6,3,22,16,6",5000,100
2,12,301875.8993301409,22.803119271729255,"1,7,14,21,19,17,6,11,2,12,22,7,24,21,8,16,26,18,26,14,23,15,20,4,5,10,24,3,18,5,2,20,9,23,25,13,10,16,19,9,10,25,6,1,10,13,15,13,20,10,21,25,6,4,5,1,9,11,9,3,2,21,12,8,9,2,21,5,1,21,8,11,17,14,9,4,6,23,17,9,1,4,5,4,4,6,3,17,22,16,25,14,11,5,26,25,10,8,19,7,22,18,8,14,22,15,17,23,3,7,7,19,9,17,3,15,24,8,13,14,6,9,2,4,18,12,9,25,4,15,4,8,25,4,10,16,26,5,6,22,19,6,19,22,9,9,7,13,2,5,21,20,6,22,13,9,22,7,14,11,12,11,3,24,14,20,13,8,7,9,6,3,22,16,6",5000,100
2,13,301875.8993301409,22.803119271729255,"1,7,14,21,19,17,6,11,2,12,22,7,24,21,8,16,26,18,26,14,23,15,20,4,5,10,24,3,18,5,2,20,9,23,25,13,10,16,19,9,10,25,6,1,10,13,15,13,20,10,21,25,6,4,5,1,9,11,9,3,2,21,12,8,9,2,21,5,1,21,8,11,17,14,9,4,6,23,17,9,1,4,5,4,4,6,3,17,22,16,25,14,11,5,26,25,10,8,19,7,22,18,8,14,22,15,17,23,3,7,7,19,9,17,3,15,24,8,13,14,6,9,2,4,18,12,9,25,4,15,4,8,25,4,10,16,26,5,6,22,19,6,19,22,9,9,7,13,2,5,21,20,6,22,13,9,22,7,14,11,12,11,3,24,14,20,13,8,7,9,6,3,22,16,6",5000,100
2,14,301875.8993301409,22.803119271729255,"1,7,14,21,19,17,6,11,2,12,22,7,24,21,8,16,26,18,26,14,23,15,20,4,5,10,24,3,18,5,2,20,9,23,25,13,10,16,19,9,10,25,6,1,10,13,15,13,20,10,21,25,6,4,5,1,9,11,9,3,2,21,12,8,9,2,21,5,1,21,8,11,17,14,9,4,6,23,17,9,1,4,5,4,4,6,3,17,22,16,25,14,11,5,26,25,10,8,19,7,22,18,8,14,22,15,17,23,3,7,7,19,9,17,3,15,24,8,13,14,6,9,2,4,18,12,9,25,4,15,4,8,25,4,10,16,26,5,6,22,19,6,19,22,9,9,7,13,2,5,21,20,6,22,13,9,22,7,14,11,12,11,3,24,14,20,13,8,7,9,6,3,22,16,6",5000,100
2,15,301875.8993301409,22.803119271729255,"1,7,14,21,19,17,6,11,2,12,22,7,24,21,8,16,26,18,26,14,23,15,20,4,5,10,24,3,18,5,2,20,9,23,25,13,10,16,19,9,10,25,6,1,10,13,15,13,20,10,21,25,6,4,5,1,9,11,9,3,2,21,12,8,9,2,21,5,1,21,8,11,17,14,9,4,6,23,17,9,1,4,5,4,4,6,3,17,22,16,25,14,11,5,26,25,10,8,19,7,22,18,8,14,22,15,17,23,3,7,7,19,9,17,3,15,24,8,13,14,6,9,2,4,18,12,9,25,4,15,4,8,25,4,10,16,26,5,6,22,19,6,19,22,9,9,7,13,2,5,21,20,6,22,13,9,22,7,14,11,12,11,3,24,14,20,13,8,7,9,6,3,22,16,6",5000,100
2,16,301875.8993301409,22.803119271729255,"1,7,14,21,19,17,6,11,2,12,22,7,24,21,8,16,26,18,26,14,23,15,20,4,5,10,24,3,18,5,2,20,9,23,25,13,10,16,19,9,10,25,6,1,10,13,15,13,20,10,21,25,6,4,5,1,9,11,9,3,2,21,12,8,9,2,21,5,1,21,8,11,17,14,9,4,6,23,17,9,1,4,5,4,4,6,3,17,22,16,25,14,11,5,26,25,10,8,19,7,22,18,8,14,22,15,17,23,3,7,7,19,9,17,3,15,24,8,13,14,6,9,2,4,18,12,9,25,4,15,4,8,25,4,10,16,26,5,6,22,19,6,19,22,9,9,7,13,2,5,21,20,6,22,13,9,22,7,14,11,12,11,3,24,14,20,13,8,7,9,6,3,22,16,6",5000,100
2,17,301875.8993301409,22.803119271729255,"1,7,14,21,19,17,6,11,2,12,22,7,24,21,8,16,26,18,26,14,23,15,20,4,5,10,24,3,18,5,2,20,9,23,25,13,10,16,19,9,10,25,6,1,10,13,15,13,20,10,21,25,6,4,5,1,9,11,9,3,2,21,12,8,9,2,21,5,1,21,8,11,17,14,9,4,6,23,17,9,1,4,5,4,4,6,3,17,22,16,25,14,11,5,26,25,10,8,19,7,22,18,8,14,22,15,17,23,3,7,7,19,9,17,3,15,24,8,13,14,6,9,2,4,18,12,9,25,4,15,4,8,25,4,10,16,26,5,6,22,19,6,19,22,9,9,7,13,2,5,21,20,6,22,13,9,22,7,14,11,12,11,3,24,14,20,13,8,7,9,6,3,22,16,6",5000,100
2,18,301875.8993301409,22.803119271729255,"1,7,14,21,19,17,6,11,2,12,22,7,24,21,8,16,26,18,26,14,23,15,20,4,5,10,24,3,18,5,2,20,9,23,25,13,10,16,19,9,10,25,6,1,10,13,15,13,20,10,21,25,6,4,5,1,9,11,9,3,2,21,12,8,9,2,21,5,1,21,8,11,17,14,9,4,6,23,17,9,1,4,5,4,4,6,3,17,22,16,25,14,11,5,26,25,10,8,19,7,22,18,8,14,22,15,17,23,3,7,7,19,9,17,3,15,24,8,13,14,6,9,2,4,18,12,9,25,4,15,4,8,25,4,10,16,26,5,6,22,19,6,19,22,9,9,7,13,2,5,21,20,6,22,13,9,22,7,14,11,12,11,3,24,14,20,13,8,7,9,6,3,22,16,6",5000,100
2,19,301875.8993301409,22.803119271729255,"1,7,14,21,19,17,6,11,2,12,22,7,24,21,8,16,26,18,26,14,23,15,20,4,5,10,24,3,18,5,2,20,9,23,25,13,10,16,19,9,10,25,6,1,10,13,15,13,20,10,21,25,6,4,5,1,9,11,9,3,2,21,12,8,9,2,21,5,1,21,8,11,17,14,9,4,6,23,17,9,1,4,5,4,4,6,3,17,22,16,25,14,11,5,26,25,10,8,19,7,22,18,8,14,22,15,17,23,3,7,7,19,9,17,3,15,24,8,13,14,6,9,2,4,18,12,9,25,4,15,4,8,25,4,10,16,26,5,6,22,19,6,19,22,9,9,7,13,2,5,21,20,6,22,13,9,22,7,14,11,12,11,3,24,14,20,13,8,7,9,6,3,22,16,6",5000,100
2,20,301875.8993301409,22.803119271729255,"1,7,14,21,19,17,6,11,2,12,22,7,24,21,8,16,26,18,26,14,23,15,20,4,5,10,24,3,18,5,2,20,9,23,25,13,10,16,19,9,10,25,6,1,10,13,15,13,20,10,21,25,6,4,5,1,9,11,9,3,2,21,12,8,9,2,21,5,1,21,8,11,17,14,9,4,6,23,17,9,1,4,5,4,4,6,3,17,22,16,25,14,11,5,26,25,10,8,19,7,22,18,8,14,22,15,17,23,3,7,7,19,9,17,3,15,24,8,13,14,6,9,2,4,18,12,9,25,4,15,4,8,25,4,10,16,26,5,6,22,19,6,19,22,9,9,7,13,2,5,21,20,6,22,13,9,22,7,14,11,12,11,3,24,14,20,13,8,7,9,6,3,22,16,6",5000,100
2,21,301875.8993301409,22.803119271729255,"1,7,14,21,19,17,6,11,2,12,22,7,24,21,8,16,26,18,26,14,23,15,20,4,5,10,24,3,18,5,2,20,9,23,25,13,10,16,19,9,10,25,6,1,10,13,15,13,20,10,21,25,6,4,5,1,9,11,9,3,2,21,12,8,9,2,21,5,1,21,8,11,17,14,9,4,6,23,17,9,1,4,5,4,4,6,3,17,22,16,25,14,11,5,26,25,10,8,19,7,22,18,8,14,22,15,17,23,3,7,7,19,9,17,3,15,24,8,13,14,6,9,2,4,18,12,9,25,4,15,4,8,25,4,10,16,26,5,6,22,19,6,19,22,9,9,7,13,2,5,21,20,6,22,13,9,22,7,14,11,12,11,3,24,14,20,13,8,7,9,6,3,22,16,6",5000,100
2,22,301875.8993301409,22.803119271729255,"1,7,14,21,19,17,6,11,2,12,22,7,24,21,8,16,26,18,26,14,23,15,20,4,5,10,24,3,18,5,2,20,9,23,25,13,10,16,19,9,10,25,6,1,10,13,15,13,20,10,21,25,6,4,5,1,9,11,9,3,2,21,12,8,9,2,21,5,1,21,8,11,17,14,9,4,6,23,17,9,1,4,5,4,4,6,3,17,22,16,25,14,11,5,26,25,10,8,19,7,22,18,8,14,22,15,17,23,3,7,7,19,9,17,3,15,24,8,13,14,6,9,2,4,18,12,9,25,4,15,4,8,25,4,10,16,26,5,6,22,19,6,19,22,9,9,7,13,2,5,21,20,6,22,13,9,22,7,14,11,12,11,3,24,14,20,13,8,7,9,6,3,22,16,6",5000,100
2,23,301875.8993301409,22.803119271729255,"1,7,14,21,19,17,6,11,2,12,22,7,24,21,8,16,26,18,26,14,23,15,20,4,5,10,24,3,18,5,2,20,9,23,25,13,10,16,19,9,10,25,6,1,10,13,15,13,20,10,21,25,6,4,5,1,9,11,9,3,2,21,12,8,9,2,21,5,1,21,8,11,17,14,9,4,6,23,17,9,1,4,5,4,4,6,3,17,22,16,25,14,11,5,26,25,10,8,19,7,22,18,8,14,22,15,17,23,3,7,7,19,9,17,3,15,24,8,13,14,6,9,2,4,18,12,9,25,4,15,4,8,25,4,10,16,26,5,6,22,19,6,19,22,9,9,7,13,2,5,21,20,6,22,13,9,22,7,14,11,12,11,3,24,14,20,13,8,7,9,6,3,22,16,6",5000,100
2,24,301875.8993301409,22.803119271729255,"1,7,14,21,19,17,6,11,2,12,22,7,24,21,8,16,26,18,26,14,23,15,20,4,5,10,24,3,18,5,2,20,9,23,25,13,10,16,19,9,10,25,6,1,10,13,15,13,20,10,21,25,6,4,5,1,9,11,9,3,2,21,12,8,9,2,21,5,1,21,8,11,17,14,9,4,6,23,17,9,1,4,5,4,4,6,3,17,22,16,25,14,11,5,26,25,10,8,19,7,22,18,8,14,22,15,17,23,3,7,7,19,9,17,3,15,24,8,13,14,6,9,2,4,18,12,9,25,4,15,4,8,25,4,10,16,26,5,6,22,19,6,19,22,9,9,7,13,2,5,21,20,6,22,13,9,22,7,14,11,12,11,3,24,14,20,13,8,7,9,6,3,22,16,6",5000,100
2,25,301875.8993301409,22.803119271729255,"1,7,14,21,19,17,6,11,2,12,22,7,24,21,8,16,26,18,26,14,23,15,20,4,5,10,24,3,18,5,2,20,9,23,25,13,10,16,19,9,10,25,6,1,10,13,15,13,20,10,21,25,6,4,5,1,9,11,9,3,2,21,12,8,9,2,21,5,1,21,8,11,17,14,9,4,6,23,17,9,1,4,5,4,4,6,3,17,22,16,25,14,11,5,26,25,10,8,19,7,22,18,8,14,22,15,17,23,3,7,7,19,9,17,3,15,24,8,13,14,6,9,2,4,18,12,9,25,4,15,4,8,25,4,10,16,26,5,6,22,19,6,19,22,9,9,7,13,2,5,21,20,6,22,13,9,22,7,14,11,12,11,3,24,14,20,13,8,7,9,6,3,22,16,6",5000,100
2,26,301875.8993301409,22.803119271729255,"1,7,14,21,19,17,6,11,2,12,22,7,24,21,8,16,26,18,26,14,23,15,20,4,5,10,24,3,18,5,2,20,9,23,25,13,10,16,19,9,10,25,6,1,10,13,15,13,20,10,21,25,6,4,5,1,9,11,9,3,2,21,12,8,9,2,21,5,1,21,8,11,17,14,9,4,6,23,17,9,1,4,5,4,4,6,3,17,22,16,25,14,11,5,26,25,10,8,19,7,22,18,8,14,22,15,17,23,3,7,7,19,9,17,3,15,24,8,13,14,6,9,2,4,18,12,9,25,4,15,4,8,25,4,10,16,26,5,6,22,19,6,19,22,9,9,7,13,2,5,21,20,6,22,13,9,22,7,14,11,12,11,3,24,14,20,13,8,7,9,6,3,22,16,6",5000,100
2,27,301875.8993301409,22.803119271729255,"1,7,14,21,19,17,6,11,2,12,22,7,24,21,8,16,26,18,26,14,23,15,20,4,5,10,24,3,18,5,2,20,9,23,25,13,10,16,19,9,10,25,6,1,10,13,15,13,20,10,21,25,6,4,5,1,9,11,9,3,2,21,12,8,9,2,21,5,1,21,8,11,17,14,9,4,6,23,17,9,1,4,5,4,4,6,3,17,22,16,25,14,11,5,26,25,10,8,19,7,22,18,8,14,22,15,17,23,3,7,7,19,9,17,3,15,24,8,13,14,6,9,2,4,18,12,9,25,4,15,4,8,25,4,10,16,26,5,6,22,19,6,19,22,9,9,7,13,2,5,21,20,6,22,13,9,22,7,14,11,12,11,3,24,14,20,13,8,7,9,6,3,22,16,6",5000,100
2,28,301875.8993301409,22.803119271729255,"1,7,14,21,19,17,6,11,2,12,22,7,24,21,8,16,26,18,26,14,23,15,20,4,5,10,24,3,18,5,2,20,9,23,25,13,10,16,19,9,10,25,6,1,10,13,15,13,20,10,21,25,6,4,5,1,9,11,9,3,2,21,12,8,9,2,21,5,1,21,8,11,17,14,9,4,6,23,17,9,1,4,5,4,4,6,3,17,22,16,25,14,11,5,26,25,10,8,19,7,22,18,8,14,22,15,17,23,3,7,7,19,9,17,3,15,24,8,13,14,6,9,2,4,18,12,9,25,4,15,4,8,25,4,10,16,26,5,6,22,19,6,19,22,9,9,7,13,2,5,21,20,6,22,13,9,22,7,14,11,12,11,3,24,14,20,13,8,7,9,6,3,22,16,6",5000,100
2,29,301875.8993301409,22.803119271729255,"1,7,14,21,19,17,6,11,2,12,22,7,24,21,8,16,26,18,26,14,23,15,20,4,5,10,24,3,18,5,2,20,9,23,25,13,10,16,19,9,10,25,6,1,10,13,15,13,20,10,21,25,6,4,5,1,9,11,9,3,2,21,12,8,9,2,21,5,1,21,8,11,17,14,9,4,6,23,17,9,1,4,5,4,4,6,3,17,22,16,25,14,11,5,26,25,10,8,19,7,22,18,8,14,22,15,17,23,3,7,7,19,9,17,3,15,24,8,13,14,6,9,2,4,18,12,9,25,4,15,4,8,25,4,10,16,26,5,6,22,19,6,19,22,9,9,7,13,2,5,21,20,6,22,13,9,22,7,14,11,12,11,3,24,14,20,13,8,7,9,6,3,22,16,6",5000,100
2,30,301875.8993301409,22.803119271729255,"1,7,14,21,19,17,6,11,2,12,22,7,24,21,8,16,26,18,26,14,23,15,20,4,5,10,24,3,18,5,2,20,9,23,25,13,10,16,19,9,10,25,6,1,10,13,15,13,20,10,21,25,6,4,5,1,9,11,9,3,2,21,12,8,9,2,21,5,1,21,8,11,17,14,9,4,6,23,17,9,1,4,5,4,4,6,3,17,22,16,25,14,11,5,26,25,10,8,19,7,22,18,8,14,22,15,17,23,3,7,7,19,9,17,3,15,24,8,13,14,6,9,2,4,18,12,9,25,4,15,4,8,25,4,10,16,26,5,6,22,19,6,19,22,9,9,7,13,2,5,21,20,6,22,13,9,22,7,14,11,12,11,3,24,14,20,13,8,7,9,6,3,22,16,6",5000,100
2,31,301875.8993301409,22.803119271729255,"1,7,14,21,19,17,6,11,2,12,22,7,24,21,8,16,26,18,26,14,23,15,20,4,5,10,24,3,18,5,2,20,9,23,25,13,10,16,19,9,10,25,6,1,10,13,15,13,20,10,21,25,6,4,5,1,9,11,9,3,2,21,12,8,9,2,21,5,1,21,8,11,17,14,9,4,6,23,17,9,1,4,5,4,4,6,3,17,22,16,25,14,11,5,26,25,10,8,19,7,22,18,8,14,22,15,17,23,3,7,7,19,9,17,3,15,24,8,13,14,6,9,2,4,18,12,9,25,4,15,4,8,25,4,10,16,26,5,6,22,19,6,19,22,9,9,7,13,2,5,21,20,6,22,13,9,22,7,14,11,12,11,3,24,14,20,13,8,7,9,6,3,22,16,6",5000,100
2,32,301875.8993301409,22.803119271729255,"1,7,14,21,19,17,6,11,2,12,22,7,24,21,8,16,26,18,26,14,23,15,20,4,5,10,24,3,18,5,2,20,9,23,25,13,10,16,19,9,10,25,6,1,10,13,15,13,20,10,21,25,6,4,5,1,9,11,9,3,2,21,12,8,9,2,21,5,1,21,8,11,17,14,9,4,6,23,17,9,1,4,5,4,4,6,3,17,22,16,25,14,11,5,26,25,10,8,19,7,22,18,8,14,22,15,17,23,3,7,7,19,9,17,3,15,24,8,13,14,6,9,2,4,18,12,9,25,4,15,4,8,25,4,10,16,26,5,6,22,19,6,19,22,9,9,7,13,2,5,21,20,6,22,13,9,22,7,14,11,12,11,3,24,14,20,13,8,7,9,6,3,22,16,6",5000,100
2,33,301875.8993301409,22.803119271729255,"1,7,14,21,19,17,6,11,2,12,22,7,24,21,8,16,26,18,26,14,23,15,20,4,5,10,24,3,18,5,2,20,9,23,25,13,10,16,19,9,10,25,6,1,10,13,15,13,20,10,21,25,6,4,5,1,9,11,9,3,2,21,12,8,9,2,21,5,1,21,8,11,17,14,9,4,6,23,17,9,1,4,5,4,4,6,3,17,22,16,25,14,11,5,26,25,10,8,19,7,22,18,8,14,22,15,17,23,3,7,7,19,9,17,3,15,24,8,13,14,6,9,2,4,18,12,9,25,4,15,4,8,25,4,10,16,26,5,6,22,19,6,19,22,9,9,7,13,2,5,21,20,6,22,13,9,22,7,14,11,12,11,3,24,14,20,13,8,7,9,6,3,22,16,6",5000,100
2,34,301875.8993301409,22.803119271729255,"1,7,14,21,19,17,6,11,2,12,22,7,24,21,8,16,26,18,26,14,23,15,20,4,5,10,24,3,18,5,2,20,9,23,25,13,10,16,19,9,10,25,6,1,10,13,15,13,20,10,21,25,6,4,5,1,9,11,9,3,2,21,12,8,9,2,21,5,1,21,8,11,17,14,9,4,6,23,17,9,1,4,5,4,4,6,3,17,22,16,25,14,11,5,26,25,10,8,19,7,22,18,8,14,22,15,17,23,3,7,7,19,9,17,3,15,24,8,13,14,6,9,2,4,18,12,9,25,4,15,4,8,25,4,10,16,26,5,6,22,19,6,19,22,9,9,7,13,2,5,21,20,6,22,13,9,22,7,14,11,12,11,3,24,14,20,13,8,7,9,6,3,22,16,6",5000,100
2,35,301875.8993301409,22.803119271729255,"1,7,14,21,19,17,6,11,2,12,22,7,24,21,8,16,26,18,26,14,23,15,20,4,5,10,24,3,18,5,2,20,9,23,25,13,10,16,19,9,10,25,6,1,10,13,15,13,20,10,21,25,6,4,5,1,9,11,9,3,2,21,12,8,9,2,21,5,1,21,8,11,17,14,9,4,6,23,17,9,1,4,5,4,4,6,3,17,22,16,25,14,11,5,26,25,10,8,19,7,22,18,8,14,22,15,17,23,3,7,7,19,9,17,3,15,24,8,13,14,6,9,2,4,18,12,9,25,4,15,4,8,25,4,10,16,26,5,6,22,19,6,19,22,9,9,7,13,2,5,21,20,6,22,13,9,22,7,14,11,12,11,3,24,14,20,13,8,7,9,6,3,22,16,6",5000,100
2,36,301875.8993301409,22.803119271729255,"1,7,14,21,19,17,6,11,2,12,22,7,24,21,8,16,26,18,26,14,23,15,20,4,5,10,24,3,18,5,2,20,9,23,25,13,10,16,19,9,10,25,6,1,10,13,15,13,20,10,21,25,6,4,5,1,9,11,9,3,2,21,12,8,9,2,21,5,1,21,8,11,17,14,9,4,6,23,17,9,1,4,5,4,4,6,3,17,22,16,25,14,11,5,26,25,10,8,19,7,22,18,8,14,22,15,17,23,3,7,7,19,9,17,3,15,24,8,13,14,6,9,2,4,18,12,9,25,4,15,4,8,25,4,10,16,26,5,6,22,19,6,19,22,9,9,7,13,2,5,21,20,6,22,13,9,22,7,14,11,12,11,3,24,14,20,13,8,7,9,6,3,22,16,6",5000,100
2,37,301875.8993301409,22.803119271729255,"1,7,14,21,19,17,6,11,2,12,22,7,24,21,8,16,26,18,26,14,23,15,20,4,5,10,24,3,18,5,2,20,9,23,25,13,10,16,19,9,10,25,6,1,10,13,15,13,20,10,21,25,6,4,5,1,9,11,9,3,2,21,12,8,9,2,21,5,1,21,8,11,17,14,9,4,6,23,17,9,1,4,5,4,4,6,3,17,22,16,25,14,11,5,26,25,10,8,19,7,22,18,8,14,22,15,17,23,3,7,7,19,9,17,3,15,24,8,13,14,6,9,2,4,18,12,9,25,4,15,4,8,25,4,10,16,26,5,6,22,19,6,19,22,9,9,7,13,2,5,21,20,6,22,13,9,22,7,14,11,12,11,3,24,14,20,13,8,7,9,6,3,22,16,6",5000,100
2,38,301875.8993301409,22.803119271729255,"1,7,14,21,19,17,6,11,2,12,22,7,24,21,8,16,26,18,26,14,23,15,20,4,5,10,24,3,18,5,2,20,9,23,25,13,10,16,19,9,10,25,6,1,10,13,15,13,20,10,21,25,6,4,5,1,9,11,9,3,2,21,12,8,9,2,21,5,1,21,8,11,17,14,9,4,6,23,17,9,1,4,5,4,4,6,3,17,22,16,25,14,11,5,26,25,10,8,19,7,22,18,8,14,22,15,17,23,3,7,7,19,9,17,3,15,24,8,13,14,6,9,2,4,18,12,9,25,4,15,4,8,25,4,10,16,26,5,6,22,19,6,19,22,9,9,7,13,2,5,21,20,6,22,13,9,22,7,14,11,12,11,3,24,14,20,13,8,7,9,6,3,22,16,6",5000,100
2,39,301875.8993301409,22.803119271729255,"1,7,14,21,19,17,6,11,2,12,22,7,24,21,8,16,26,18,26,14,23,15,20,4,5,10,24,3,18,5,2,20,9,23,25,13,10,16,19,9,10,25,6,1,10,13,15,13,20,10,21,25,6,4,5,1,9,11,9,3,2,21,12,8,9,2,21,5,1,21,8,11,17,14,9,4,6,23,17,9,1,4,5,4,4,6,3,17,22,16,25,14,11,5,26,25,10,8,19,7,22,18,8,14,22,15,17,23,3,7,7,19,9,17,3,15,24,8,13,14,6,9,2,4,18,12,9,25,4,15,4,8,25,4,10,16,26,5,6,22,19,6,19,22,9,9,7,13,2,5,21,20,6,22,13,9,22,7,14,11,12,11,3,24,14,20,13,8,7,9,6,3,22,16,6",5000,100
2,40,301875.8993301409,22.803119271729255,"1,7,14,21,19,17,6,11,2,12,22,7,24,21,8,16,26,18,26,14,23,15,20,4,5,10,24,3,18,5,2,20,9,23,25,13,10,16,19,9,10,25,6,1,10,13,15,13,20,10,21,25,6,4,5,1,9,11,9,3,2,21,12,8,9,2,21,5,1,21,8,11,17,14,9,4,6,23,17,9,1,4,5,4,4,6,3,17,22,16,25,14,11,5,26,25,10,8,19,7,22,18,8,14,22,15,17,23,3,7,7,19,9,17,3,15,24,8,13,14,6,9,2,4,18,12,9,25,4,15,4,8,25,4,10,16,26,5,6,22,19,6,19,22,9,9,7,13,2,5,21,20,6,22,13,9,22,7,14,11,12,11,3,24,14,20,13,8,7,9,6,3,22,16,6",5000,100
2,41,301875.8993301409,22.803119271729255,"1,7,14,21,19,17,6,11,2,12,22,7,24,21,8,16,26,18,26,14,23,15,20,4,5,10,24,3,18,5,2,20,9,23,25,13,10,16,19,9,10,25,6,1,10,13,15,13,20,10,21,25,6,4,5,1,9,11,9,3,2,21,12,8,9,2,21,5,1,21,8,11,17,14,9,4,6,23,17,9,1,4,5,4,4,6,3,17,22,16,25,14,11,5,26,25,10,8,19,7,22,18,8,14,22,15,17,23,3,7,7,19,9,17,3,15,24,8,13,14,6,9,2,4,18,12,9,25,4,15,4,8,25,4,10,16,26,5,6,22,19,6,19,22,9,9,7,13,2,5,21,20,6,22,13,9,22,7,14,11,12,11,3,24,14,20,13,8,7,9,6,3,22,16,6",5000,100
2,42,301875.8993301409,22.803119271729255,"1,7,14,21,19,17,6,11,2,12,22,7,24,21,8,16,26,18,26,14,23,15,20,4,5,10,24,3,18,5,2,20,9,23,25,13,10,16,19,9,10,25,6,1,10,13,15,13,20,10,21,25,6,4,5,1,9,11,9,3,2,21,12,8,9,2,21,5,1,21,8,11,17,14,9,4,6,23,17,9,1,4,5,4,4,6,3,17,22,16,25,14,11,5,26,25,10,8,19,7,22,18,8,14,22,15,17,23,3,7,7,19,9,17,3,15,24,8,13,14,6,9,2,4,18,12,9,25,4,15,4,8,25,4,10,16,26,5,6,22,19,6,19,22,9,9,7,13,2,5,21,20,6,22,13,9,22,7,14,11,12,11,3,24,14,20,13,8,7,9,6,3,22,16,6",5000,100
2,43,301875.8993301409,22.803119271729255,"1,7,14,21,19,17,6,11,2,12,22,7,24,21,8,16,26,18,26,14,23,15,20,4,5,10,24,3,18,5,2,20,9,23,25,13,10,16,19,9,10,25,6,1,10,13,15,13,20,10,21,25,6,4,5,1,9,11,9,3,2,21,12,8,9,2,21,5,1,21,8,11,17,14,9,4,6,23,17,9,1,4,5,4,4,6,3,17,22,16,25,14,11,5,26,25,10,8,19,7,22,18,8,14,22,15,17,23,3,7,7,19,9,17,3,15,24,8,13,14,6,9,2,4,18,12,9,25,4,15,4,8,25,4,10,16,26,5,6,22,19,6,19,22,9,9,7,13,2,5,21,20,6,22,13,9,22,7,14,11,12,11,3,24,14,20,13,8,7,9,6,3,22,16,6",5000,100
2,44,301875.8993301409,22.803119271729255,"1,7,14,21,19,17,6,11,2,12,22,7,24,21,8,16,26,18,26,14,23,15,20,4,5,10,24,3,18,5,2,20,9,23,25,13,10,16,19,9,10,25,6,1,10,13,15,13,20,10,21,25,6,4,5,1,9,11,9,3,2,21,12,8,9,2,21,5,1,21,8,11,17,14,9,4,6,23,17,9,1,4,5,4,4,6,3,17,22,16,25,14,11,5,26,25,10,8,19,7,22,18,8,14,22,15,17,23,3,7,7,19,9,17,3,15,24,8,13,14,6,9,2,4,18,12,9,25,4,15,4,8,25,4,10,16,26,5,6,22,19,6,19,22,9,9,7,13,2,5,21,20,6,22,13,9,22,7,14,11,12,11,3,24,14,20,13,8,7,9,6,3,22,16,6",5000,100
2,45,301875.8993301409,22.803119271729255,"1,7,14,21,19,17,6,11,2,12,22,7,24,21,8,16,26,18,26,14,23,15,20,4,5,10,24,3,18,5,2,20,9,23,25,13,10,16,19,9,10,25,6,1,10,13,15,13,20,10,21,25,6,4,5,1,9,11,9,3,2,21,12,8,9,2,21,5,1,21,8,11,17,14,9,4,6,23,17,9,1,4,5,4,4,6,3,17,22,16,25,14,11,5,26,25,10,8,19,7,22,18,8,14,22,15,17,23,3,7,7,19,9,17,3,15,24,8,13,14,6,9,2,4,18,12,9,25,4,15,4,8,25,4,10,16,26,5,6,22,19,6,19,22,9,9,7,13,2,5,21,20,6,22,13,9,22,7,14,11,12,11,3,24,14,20,13,8,7,9,6,3,22,16,6",5000,100
2,46,301875.8993301409,22.803119271729255,"1,7,14,21,19,17,6,11,2,12,22,7,24,21,8,16,26,18,26,14,23,15,20,4,5,10,24,3,18,5,2,20,9,23,25,13,10,16,19,9,10,25,6,1,10,13,15,13,20,10,21,25,6,4,5,1,9,11,9,3,2,21,12,8,9,2,21,5,1,21,8,11,17,14,9,4,6,23,17,9,1,4,5,4,4,6,3,17,22,16,25,14,11,5,26,25,10,8,19,7,22,18,8,14,22,15,17,23,3,7,7,19,9,17,3,15,24,8,13,14,6,9,2,4,18,12,9,25,4,15,4,8,25,4,10,16,26,5,6,22,19,6,19,22,9,9,7,13,2,5,21,20,6,22,13,9,22,7,14,11,12,11,3,24,14,20,13,8,7,9,6,3,22,16,6",5000,100
2,47,301875.8993301409,22.803119271729255,"1,7,14,21,19,17,6,11,2,12,22,7,24,21,8,16,26,18,26,14,23,15,20,4,5,10,24,3,18,5,2,20,9,23,25,13,10,16,19,9,10,25,6,1,10,13,15,13,20,10,21,25,6,4,5,1,9,11,9,3,2,21,12,8,9,2,21,5,1,21,8,11,17,14,9,4,6,23,17,9,1,4,5,4,4,6,3,17,22,16,25,14,11,5,26,25,10,8,19,7,22,18,8,14,22,15,17,23,3,7,7,19,9,17,3,15,24,8,13,14,6,9,2,4,18,12,9,25,4,15,4,8,25,4,10,16,26,5,6,22,19,6,19,22,9,9,7,13,2,5,21,20,6,22,13,9,22,7,14,11,12,11,3,24,14,20,13,8,7,9,6,3,22,16,6",5000,100
2,48,301875.8993301409,22.803119271729255,"1,7,14,21,19,17,6,11,2,12,22,7,24,21,8,16,26,18,26,14,23,15,20,4,5,10,24,3,18,5,2,20,9,23,25,13,10,16,19,9,10,25,6,1,10,13,15,13,20,10,21,25,6,4,5,1,9,11,9,3,2,21,12,8,9,2,21,5,1,21,8,11,17,14,9,4,6,23,17,9,1,4,5,4,4,6,3,17,22,16,25,14,11,5,26,25,10,8,19,7,22,18,8,14,22,15,17,23,3,7,7,19,9,17,3,15,24,8,13,14,6,9,2,4,18,12,9,25,4,15,4,8,25,4,10,16,26,5,6,22,19,6,19,22,9,9,7,13,2,5,21,20,6,22,13,9,22,7,14,11,12,11,3,24,14,20,13,8,7,9,6,3,22,16,6",5000,100
2,49,301875.8993301409,22.803119271729255,"1,7,14,21,19,17,6,11,2,12,22,7,24,21,8,16,26,18,26,14,23,15,20,4,5,10,24,3,18,5,2,20,9,23,25,13,10,16,19,9,10,25,6,1,10,13,15,13,20,10,21,25,6,4,5,1,9,11,9,3,2,21,12,8,9,2,21,5,1,21,8,11,17,14,9,4,6,23,17,9,1,4,5,4,4,6,3,17,22,16,25,14,11,5,26,25,10,8,19,7,22,18,8,14,22,15,17,23,3,7,7,19,9,17,3,15,24,8,13,14,6,9,2,4,18,12,9,25,4,15,4,8,25,4,10,16,26,5,6,22,19,6,19,22,9,9,7,13,2,5,21,20,6,22,13,9,22,7,14,11,12,11,3,24,14,20,13,8,7,9,6,3,22,16,6",5000,100
2,50,301875.8993301409,22.803119271729255,"1,7,14,21,19,17,6,11,2,12,22,7,24,21,8,16,26,18,26,14,23,15,20,4,5,10,24,3,18,5,2,20,9,23,25,13,10,16,19,9,10,25,6,1,10,13,15,13,20,10,21,25,6,4,5,1,9,11,9,3,2,21,12,8,9,2,21,5,1,21,8,11,17,14,9,4,6,23,17,9,1,4,5,4,4,6,3,17,22,16,25,14,11,5,26,25,10,8,19,7,22,18,8,14,22,15,17,23,3,7,7,19,9,17,3,15,24,8,13,14,6,9,2,4,18,12,9,25,4,15,4,8,25,4,10,16,26,5,6,22,19,6,19,22,9,9,7,13,2,5,21,20,6,22,13,9,22,7,14,11,12,11,3,24,14,20,13,8,7,9,6,3,22,16,6",5000,100
2,51,301875.8993301409,22.803119271729255,"1,7,14,21,19,17,6,11,2,12,22,7,24,21,8,16,26,18,26,14,23,15,20,4,5,10,24,3,18,5,2,20,9,23,25,13,10,16,19,9,10,25,6,1,10,13,15,13,20,10,21,25,6,4,5,1,9,11,9,3,2,21,12,8,9,2,21,5,1,21,8,11,17,14,9,4,6,23,17,9,1,4,5,4,4,6,3,17,22,16,25,14,11,5,26,25,10,8,19,7,22,18,8,14,22,15,17,23,3,7,7,19,9,17,3,15,24,8,13,14,6,9,2,4,18,12,9,25,4,15,4,8,25,4,10,16,26,5,6,22,19,6,19,22,9,9,7,13,2,5,21,20,6,22,13,9,22,7,14,11,12,11,3,24,14,20,13,8,7,9,6,3,22,16,6",5000,100
2,52,301875.8993301409,22.803119271729255,"1,7,14,21,19,17,6,11,2,12,22,7,24,21,8,16,26,18,26,14,23,15,20,4,5,10,24,3,18,5,2,20,9,23,25,13,10,16,19,9,10,25,6,1,10,13,15,13,20,10,21,25,6,4,5,1,9,11,9,3,2,21,12,8,9,2,21,5,1,21,8,11,17,14,9,4,6,23,17,9,1,4,5,4,4,6,3,17,22,16,25,14,11,5,26,25,10,8,19,7,22,18,8,14,22,15,17,23,3,7,7,19,9,17,3,15,24,8,13,14,6,9,2,4,18,12,9,25,4,15,4,8,25,4,10,16,26,5,6,22,19,6,19,22,9,9,7,13,2,5,21,20,6,22,13,9,22,7,14,11,12,11,3,24,14,20,13,8,7,9,6,3,22,16,6",5000,100
2,53,301875.8993301409,22.803119271729255,"1,7,14,21,19,17,6,11,2,12,22,7,24,21,8,16,26,18,26,14,23,15,20,4,5,10,24,3,18,5,2,20,9,23,25,13,10,16,19,9,10,25,6,1,10,13,15,13,20,10,21,25,6,4,5,1,9,11,9,3,2,21,12,8,9,2,21,5,1,21,8,11,17,14,9,4,6,23,17,9,1,4,5,4,4,6,3,17,22,16,25,14,11,5,26,25,10,8,19,7,22,18,8,14,22,15,17,23,3,7,7,19,9,17,3,15,24,8,13,14,6,9,2,4,18,12,9,25,4,15,4,8,25,4,10,16,26,5,6,22,19,6,19,22,9,9,7,13,2,5,21,20,6,22,13,9,22,7,14,11,12,11,3,24,14,20,13,8,7,9,6,3,22,16,6",5000,100
2,54,301875.8993301409,22.803119271729255,"1,7,14,21,19,17,6,11,2,12,22,7,24,21,8,16,26,18,26,14,23,15,20,4,5,10,24,3,18,5,2,20,9,23,25,13,10,16,19,9,10,25,6,1,10,13,15,13,20,10,21,25,6,4,5,1,9,11,9,3,2,21,12,8,9,2,21,5,1,21,8,11,17,14,9,4,6,23,17,9,1,4,5,4,4,6,3,17,22,16,25,14,11,5,26,25,10,8,19,7,22,18,8,14,22,15,17,23,3,7,7,19,9,17,3,15,24,8,13,14,6,9,2,4,18,12,9,25,4,15,4,8,25,4,10,16,26,5,6,22,19,6,19,22,9,9,7,13,2,5,21,20,6,22,13,9,22,7,14,11,12,11,3,24,14,20,13,8,7,9,6,3,22,16,6",5000,100
2,55,301875.8993301409,22.803119271729255,"1,7,14,21,19,17,6,11,2,12,22,7,24,21,8,16,26,18,26,14,23,15,20,4,5,10,24,3,18,5,2,20,9,23,25,13,10,16,19,9,10,25,6,1,10,13,15,13,20,10,21,25,6,4,5,1,9,11,9,3,2,21,12,8,9,2,21,5,1,21,8,11,17,14,9,4,6,23,17,9,1,4,5,4,4,6,3,17,22,16,25,14,11,5,26,25,10,8,19,7,22,18,8,14,22,15,17,23,3,7,7,19,9,17,3,15,24,8,13,14,6,9,2,4,18,12,9,25,4,15,4,8,25,4,10,16,26,5,6,22,19,6,19,22,9,9,7,13,2,5,21,20,6,22,13,9,22,7,14,11,12,11,3,24,14,20,13,8,7,9,6,3,22,16,6",5000,100
2,56,301875.8993301409,22.803119271729255,"1,7,14,21,19,17,6,11,2,12,22,7,24,21,8,16,26,18,26,14,23,15,20,4,5,10,24,3,18,5,2,20,9,23,25,13,10,16,19,9,10,25,6,1,10,13,15,13,20,10,21,25,6,4,5,1,9,11,9,3,2,21,12,8,9,2,21,5,1,21,8,11,17,14,9,4,6,23,17,9,1,4,5,4,4,6,3,17,22,16,25,14,11,5,26,25,10,8,19,7,22,18,8,14,22,15,17,23,3,7,7,19,9,17,3,15,24,8,13,14,6,9,2,4,18,12,9,25,4,15,4,8,25,4,10,16,26,5,6,22,19,6,19,22,9,9,7,13,2,5,21,20,6,22,13,9,22,7,14,11,12,11,3,24,14,20,13,8,7,9,6,3,22,16,6",5000,100
2,57,301875.8993301409,22.803119271729255,"1,7,14,21,19,17,6,11,2,12,22,7,24,21,8,16,26,18,26,14,23,15,20,4,5,10,24,3,18,5,2,20,9,23,25,13,10,16,19,9,10,25,6,1,10,13,15,13,20,10,21,25,6,4,5,1,9,11,9,3,2,21,12,8,9,2,21,5,1,21,8,11,17,14,9,4,6,23,17,9,1,4,5,4,4,6,3,17,22,16,25,14,11,5,26,25,10,8,19,7,22,18,8,14,22,15,17,23,3,7,7,19,9,17,3,15,24,8,13,14,6,9,2,4,18,12,9,25,4,15,4,8,25,4,10,16,26,5,6,22,19,6,19,22,9,9,7,13,2,5,21,20,6,22,13,9,22,7,14,11,12,11,3,24,14,20,13,8,7,9,6,3,22,16,6",5000,100
2,58,301875.8993301409,22.803119271729255,"1,7,14,21,19,17,6,11,2,12,22,7,24,21,8,16,26,18,26,14,23,15,20,4,5,10,24,3,18,5,2,20,9,23,25,13,10,16,19,9,10,25,6,1,10,13,15,13,20,10,21,25,6,4,5,1,9,11,9,3,2,21,12,8,9,2,21,5,1,21,8,11,17,14,9,4,6,23,17,9,1,4,5,4,4,6,3,17,22,16,25,14,11,5,26,25,10,8,19,7,22,18,8,14,22,15,17,23,3,7,7,19,9,17,3,15,24,8,13,14,6,9,2,4,18,12,9,25,4,15,4,8,25,4,10,16,26,5,6,22,19,6,19,22,9,9,7,13,2,5,21,20,6,22,13,9,22,7,14,11,12,11,3,24,14,20,13,8,7,9,6,3,22,16,6",5000,100
2,59,301875.8993301409,22.803119271729255,"1,7,14,21,19,17,6,11,2,12,22,7,24,21,8,16,26,18,26,14,23,15,20,4,5,10,24,3,18,5,2,20,9,23,25,13,10,16,19,9,10,25,6,1,10,13,15,13,20,10,21,25,6,4,5,1,9,11,9,3,2,21,12,8,9,2,21,5,1,21,8,11,17,14,9,4,6,23,17,9,1,4,5,4,4,6,3,17,22,16,25,14,11,5,26,25,10,8,19,7,22,18,8,14,22,15,17,23,3,7,7,19,9,17,3,15,24,8,13,14,6,9,2,4,18,12,9,25,4,15,4,8,25,4,10,16,26,5,6,22,19,6,19,22,9,9,7,13,2,5,21,20,6,22,13,9,22,7,14,11,12,11,3,24,14,20,13,8,7,9,6,3,22,16,6",5000,100
2,60,301875.8993301409,22.803119271729255,"1,7,14,21,19,17,6,11,2,12,22,7,24,21,8,16,26,18,26,14,23,15,20,4,5,10,24,3,18,5,2,20,9,23,25,13,10,16,19,9,10,25,6,1,10,13,15,13,20,10,21,25,6,4,5,1,9,11,9,3,2,21,12,8,9,2,21,5,1,21,8,11,17,14,9,4,6,23,17,9,1,4,5,4,4,6,3,17,22,16,25,14,11,5,26,25,10,8,19,7,22,18,8,14,22,15,17,23,3,7,7,19,9,17,3,15,24,8,13,14,6,9,2,4,18,12,9,25,4,15,4,8,25,4,10,16,26,5,6,22,19,6,19,22,9,9,7,13,2,5,21,20,6,22,13,9,22,7,14,11,12,11,3,24,14,20,13,8,7,9,6,3,22,16,6",5000,100
2,61,301875.8993301409,22.803119271729255,"1,7,14,21,19,17,6,11,2,12,22,7,24,21,8,16,26,18,26,14,23,15,20,4,5,10,24,3,18,5,2,20,9,23,25,13,10,16,19,9,10,25,6,1,10,13,15,13,20,10,21,25,6,4,5,1,9,11,9,3,2,21,12,8,9,2,21,5,1,21,8,11,17,14,9,4,6,23,17,9,1,4,5,4,4,6,3,17,22,16,25,14,11,5,26,25,10,8,19,7,22,18,8,14,22,15,17,23,3,7,7,19,9,17,3,15,24,8,13,14,6,9,2,4,18,12,9,25,4,15,4,8,25,4,10,16,26,5,6,22,19,6,19,22,9,9,7,13,2,5,21,20,6,22,13,9,22,7,14,11,12,11,3,24,14,20,13,8,7,9,6,3,22,16,6",5000,100
2,62,301875.8993301409,22.803119271729255,"1,7,14,21,19,17,6,11,2,12,22,7,24,21,8,16,26,18,26,14,23,15,20,4,5,10,24,3,18,5,2,20,9,23,25,13,10,16,19,9,10,25,6,1,10,13,15,13,20,10,21,25,6,4,5,1,9,11,9,3,2,21,12,8,9,2,21,5,1,21,8,11,17,14,9,4,6,23,17,9,1,4,5,4,4,6,3,17,22,16,25,14,11,5,26,25,10,8,19,7,22,18,8,14,22,15,17,23,3,7,7,19,9,17,3,15,24,8,13,14,6,9,2,4,18,12,9,25,4,15,4,8,25,4,10,16,26,5,6,22,19,6,19,22,9,9,7,13,2,5,21,20,6,22,13,9,22,7,14,11,12,11,3,24,14,20,13,8,7,9,6,3,22,16,6",5000,100
2,63,301875.8993301409,22.803119271729255,"1,7,14,21,19,17,6,11,2,12,22,7,24,21,8,16,26,18,26,14,23,15,20,4,5,10,24,3,18,5,2,20,9,23,25,13,10,16,19,9,10,25,6,1,10,13,15,13,20,10,21,25,6,4,5,1,9,11,9,3,2,21,12,8,9,2,21,5,1,21,8,11,17,14,9,4,6,23,17,9,1,4,5,4,4,6,3,17,22,16,25,14,11,5,26,25,10,8,19,7,22,18,8,14,22,15,17,23,3,7,7,19,9,17,3,15,24,8,13,14,6,9,2,4,18,12,9,25,4,15,4,8,25,4,10,16,26,5,6,22,19,6,19,22,9,9,7,13,2,5,21,20,6,22,13,9,22,7,14,11,12,11,3,24,14,20,13,8,7,9,6,3,22,16,6",5000,100
2,64,301875.8993301409,22.803119271729255,"1,7,14,21,19,17,6,11,2,12,22,7,24,21,8,16,26,18,26,14,23,15,20,4,5,10,24,3,18,5,2,20,9,23,25,13,10,16,19,9,10,25,6,1,10,13,15,13,20,10,21,25,6,4,5,1,9,11,9,3,2,21,12,8,9,2,21,5,1,21,8,11,17,14,9,4,6,23,17,9,1,4,5,4,4,6,3,17,22,16,25,14,11,5,26,25,10,8,19,7,22,18,8,14,22,15,17,23,3,7,7,19,9,17,3,15,24,8,13,14,6,9,2,4,18,12,9,25,4,15,4,8,25,4,10,16,26,5,6,22,19,6,19,22,9,9,7,13,2,5,21,20,6,22,13,9,22,7,14,11,12,11,3,24,14,20,13,8,7,9,6,3,22,16,6",5000,100
2,65,301875.8993301409,22.803119271729255,"1,7,14,21,19,17,6,11,2,12,22,7,24,21,8,16,26,18,26,14,23,15,20,4,5,10,24,3,18,5,2,20,9,23,25,13,10,16,19,9,10,25,6,1,10,13,15,13,20,10,21,25,6,4,5,1,9,11,9,3,2,21,12,8,9,2,21,5,1,21,8,11,17,14,9,4,6,23,17,9,1,4,5,4,4,6,3,17,22,16,25,14,11,5,26,25,10,8,19,7,22,18,8,14,22,15,17,23,3,7,7,19,9,17,3,15,24,8,13,14,6,9,2,4,18,12,9,25,4,15,4,8,25,4,10,16,26,5,6,22,19,6,19,22,9,9,7,13,2,5,21,20,6,22,13,9,22,7,14,11,12,11,3,24,14,20,13,8,7,9,6,3,22,16,6",5000,100
2,66,301875.8993301409,22.803119271729255,"1,7,14,21,19,17,6,11,2,12,22,7,24,21,8,16,26,18,26,14,23,15,20,4,5,10,24,3,18,5,2,20,9,23,25,13,10,16,19,9,10,25,6,1,10,13,15,13,20,10,21,25,6,4,5,1,9,11,9,3,2,21,12,8,9,2,21,5,1,21,8,11,17,14,9,4,6,23,17,9,1,4,5,4,4,6,3,17,22,16,25,14,11,5,26,25,10,8,19,7,22,18,8,14,22,15,17,23,3,7,7,19,9,17,3,15,24,8,13,14,6,9,2,4,18,12,9,25,4,15,4,8,25,4,10,16,26,5,6,22,19,6,19,22,9,9,7,13,2,5,21,20,6,22,13,9,22,7,14,11,12,11,3,24,14,20,13,8,7,9,6,3,22,16,6",5000,100
2,67,301875.8993301409,22.803119271729255,"1,7,14,21,19,17,6,11,2,12,22,7,24,21,8,16,26,18,26,14,23,15,20,4,5,10,24,3,18,5,2,20,9,23,25,13,10,16,19,9,10,25,6,1,10,13,15,13,20,10,21,25,6,4,5,1,9,11,9,3,2,21,12,8,9,2,21,5,1,21,8,11,17,14,9,4,6,23,17,9,1,4,5,4,4,6,3,17,22,16,25,14,11,5,26,25,10,8,19,7,22,18,8,14,22,15,17,23,3,7,7,19,9,17,3,15,24,8,13,14,6,9,2,4,18,12,9,25,4,15,4,8,25,4,10,16,26,5,6,22,19,6,19,22,9,9,7,13,2,5,21,20,6,22,13,9,22,7,14,11,12,11,3,24,14,20,13,8,7,9,6,3,22,16,6",5000,100
2,68,301875.8993301409,22.803119271729255,"1,7,14,21,19,17,6,11,2,12,22,7,24,21,8,16,26,18,26,14,23,15,20,4,5,10,24,3,18,5,2,20,9,23,25,13,10,16,19,9,10,25,6,1,10,13,15,13,20,10,21,25,6,4,5,1,9,11,9,3,2,21,12,8,9,2,21,5,1,21,8,11,17,14,9,4,6,23,17,9,1,4,5,4,4,6,3,17,22,16,25,14,11,5,26,25,10,8,19,7,22,18,8,14,22,15,17,23,3,7,7,19,9,17,3,15,24,8,13,14,6,9,2,4,18,12,9,25,4,15,4,8,25,4,10,16,26,5,6,22,19,6,19,22,9,9,7,13,2,5,21,20,6,22,13,9,22,7,14,11,12,11,3,24,14,20,13,8,7,9,6,3,22,16,6",5000,100
2,69,301875.8993301409,22.803119271729255,"1,7,14,21,19,17,6,11,2,12,22,7,24,21,8,16,26,18,26,14,23,15,20,4,5,10,24,3,18,5,2,20,9,23,25,13,10,16,19,9,10,25,6,1,10,13,15,13,20,10,21,25,6,4,5,1,9,11,9,3,2,21,12,8,9,2,21,5,1,21,8,11,17,14,9,4,6,23,17,9,1,4,5,4,4,6,3,17,22,16,25,14,11,5,26,25,10,8,19,7,22,18,8,14,22,15,17,23,3,7,7,19,9,17,3,15,24,8,13,14,6,9,2,4,18,12,9,25,4,15,4,8,25,4,10,16,26,5,6,22,19,6,19,22,9,9,7,13,2,5,21,20,6,22,13,9,22,7,14,11,12,11,3,24,14,20,13,8,7,9,6,3,22,16,6",5000,100
2,70,301875.8993301409,22.803119271729255,"1,7,14,21,19,17,6,11,2,12,22,7,24,21,8,16,26,18,26,14,23,15,20,4,5,10,24,3,18,5,2,20,9,23,25,13,10,16,19,9,10,25,6,1,10,13,15,13,20,10,21,25,6,4,5,1,9,11,9,3,2,21,12,8,9,2,21,5,1,21,8,11,17,14,9,4,6,23,17,9,1,4,5,4,4,6,3,17,22,16,25,14,11,5,26,25,10,8,19,7,22,18,8,14,22,15,17,23,3,7,7,19,9,17,3,15,24,8,13,14,6,9,2,4,18,12,9,25,4,15,4,8,25,4,10,16,26,5,6,22,19,6,19,22,9,9,7,13,2,5,21,20,6,22,13,9,22,7,14,11,12,11,3,24,14,20,13,8,7,9,6,3,22,16,6",5000,100
2,71,301875.8993301409,22.803119271729255,"1,7,14,21,19,17,6,11,2,12,22,7,24,21,8,16,26,18,26,14,23,15,20,4,5,10,24,3,18,5,2,20,9,23,25,13,10,16,19,9,10,25,6,1,10,13,15,13,20,10,21,25,6,4,5,1,9,11,9,3,2,21,12,8,9,2,21,5,1,21,8,11,17,14,9,4,6,23,17,9,1,4,5,4,4,6,3,17,22,16,25,14,11,5,26,25,10,8,19,7,22,18,8,14,22,15,17,23,3,7,7,19,9,17,3,15,24,8,13,14,6,9,2,4,18,12,9,25,4,15,4,8,25,4,10,16,26,5,6,22,19,6,19,22,9,9,7,13,2,5,21,20,6,22,13,9,22,7,14,11,12,11,3,24,14,20,13,8,7,9,6,3,22,16,6",5000,100
2,72,301875.8993301409,22.803119271729255,"1,7,14,21,19,17,6,11,2,12,22,7,24,21,8,16,26,18,26,14,23,15,20,4,5,10,24,3,18,5,2,20,9,23,25,13,10,16,19,9,10,25,6,1,10,13,15,13,20,10,21,25,6,4,5,1,9,11,9,3,2,21,12,8,9,2,21,5,1,21,8,11,17,14,9,4,6,23,17,9,1,4,5,4,4,6,3,17,22,16,25,14,11,5,26,25,10,8,19,7,22,18,8,14,22,15,17,23,3,7,7,19,9,17,3,15,24,8,13,14,6,9,2,4,18,12,9,25,4,15,4,8,25,4,10,16,26,5,6,22,19,6,19,22,9,9,7,13,2,5,21,20,6,22,13,9,22,7,14,11,12,11,3,24,14,20,13,8,7,9,6,3,22,16,6",5000,100
2,73,301875.8993301409,22.803119271729255,"1,7,14,21,19,17,6,11,2,12,22,7,24,21,8,16,26,18,26,14,23,15,20,4,5,10,24,3,18,5,2,20,9,23,25,13,10,16,19,9,10,25,6,1,10,13,15,13,20,10,21,25,6,4,5,1,9,11,9,3,2,21,12,8,9,2,21,5,1,21,8,11,17,14,9,4,6,23,17,9,1,4,5,4,4,6,3,17,22,16,25,14,11,5,26,25,10,8,19,7,22,18,8,14,22,15,17,23,3,7,7,19,9,17,3,15,24,8,13,14,6,9,2,4,18,12,9,25,4,15,4,8,25,4,10,16,26,5,6,22,19,6,19,22,9,9,7,13,2,5,21,20,6,22,13,9,22,7,14,11,12,11,3,24,14,20,13,8,7,9,6,3,22,16,6",5000,100
2,74,301875.8993301409,22.803119271729255,"1,7,14,21,19,17,6,11,2,12,22,7,24,21,8,16,26,18,26,14,23,15,20,4,5,10,24,3,18,5,2,20,9,23,25,13,10,16,19,9,10,25,6,1,10,13,15,13,20,10,21,25,6,4,5,1,9,11,9,3,2,21,12,8,9,2,21,5,1,21,8,11,17,14,9,4,6,23,17,9,1,4,5,4,4,6,3,17,22,16,25,14,11,5,26,25,10,8,19,7,22,18,8,14,22,15,17,23,3,7,7,19,9,17,3,15,24,8,13,14,6,9,2,4,18,12,9,25,4,15,4,8,25,4,10,16,26,5,6,22,19,6,19,22,9,9,7,13,2,5,21,20,6,22,13,9,22,7,14,11,12,11,3,24,14,20,13,8,7,9,6,3,22,16,6",5000,100
2,75,301875.8993301409,22.803119271729255,"1,7,14,21,19,17,6,11,2,12,22,7,24,21,8,16,26,18,26,14,23,15,20,4,5,10,24,3,18,5,2,20,9,23,25,13,10,16,19,9,10,25,6,1,10,13,15,13,20,10,21,25,6,4,5,1,9,11,9,3,2,21,12,8,9,2,21,5,1,21,8,11,17,14,9,4,6,23,17,9,1,4,5,4,4,6,3,17,22,16,25,14,11,5,26,25,10,8,19,7,22,18,8,14,22,15,17,23,3,7,7,19,9,17,3,15,24,8,13,14,6,9,2,4,18,12,9,25,4,15,4,8,25,4,10,16,26,5,6,22,19,6,19,22,9,9,7,13,2,5,21,20,6,22,13,9,22,7,14,11,12,11,3,24,14,20,13,8,7,9,6,3,22,16,6",5000,100
2,76,301875.8993301409,22.803119271729255,"1,7,14,21,19,17,6,11,2,12,22,7,24,21,8,16,26,18,26,14,23,15,20,4,5,10,24,3,18,5,2,20,9,23,25,13,10,16,19,9,10,25,6,1,10,13,15,13,20,10,21,25,6,4,5,1,9,11,9,3,2,21,12,8,9,2,21,5,1,21,8,11,17,14,9,4,6,23,17,9,1,4,5,4,4,6,3,17,22,16,25,14,11,5,26,25,10,8,19,7,22,18,8,14,22,15,17,23,3,7,7,19,9,17,3,15,24,8,13,14,6,9,2,4,18,12,9,25,4,15,4,8,25,4,10,16,26,5,6,22,19,6,19,22,9,9,7,13,2,5,21,20,6,22,13,9,22,7,14,11,12,11,3,24,14,20,13,8,7,9,6,3,22,16,6",5000,100
2,77,301875.8993301409,22.803119271729255,"1,7,14,21,19,17,6,11,2,12,22,7,24,21,8,16,26,18,26,14,23,15,20,4,5,10,24,3,18,5,2,20,9,23,25,13,10,16,19,9,10,25,6,1,10,13,15,13,20,10,21,25,6,4,5,1,9,11,9,3,2,21,12,8,9,2,21,5,1,21,8,11,17,14,9,4,6,23,17,9,1,4,5,4,4,6,3,17,22,16,25,14,11,5,26,25,10,8,19,7,22,18,8,14,22,15,17,23,3,7,7,19,9,17,3,15,24,8,13,14,6,9,2,4,18,12,9,25,4,15,4,8,25,4,10,16,26,5,6,22,19,6,19,22,9,9,7,13,2,5,21,20,6,22,13,9,22,7,14,11,12,11,3,24,14,20,13,8,7,9,6,3,22,16,6",5000,100
2,78,301875.8993301409,22.803119271729255,"1,7,14,21,19,17,6,11,2,12,22,7,24,21,8,16,26,18,26,14,23,15,20,4,5,10,24,3,18,5,2,20,9,23,25,13,10,16,19,9,10,25,6,1,10,13,15,13,20,10,21,25,6,4,5,1,9,11,9,3,2,21,12,8,9,2,21,5,1,21,8,11,17,14,9,4,6,23,17,9,1,4,5,4,4,6,3,17,22,16,25,14,11,5,26,25,10,8,19,7,22,18,8,14,22,15,17,23,3,7,7,19,9,17,3,15,24,8,13,14,6,9,2,4,18,12,9,25,4,15,4,8,25,4,10,16,26,5,6,22,19,6,19,22,9,9,7,13,2,5,21,20,6,22,13,9,22,7,14,11,12,11,3,24,14,20,13,8,7,9,6,3,22,16,6",5000,100
2,79,301875.8993301409,22.803119271729255,"1,7,14,21,19,17,6,11,2,12,22,7,24,21,8,16,26,18,26,14,23,15,20,4,5,10,24,3,18,5,2,20,9,23,25,13,10,16,19,9,10,25,6,1,10,13,15,13,20,10,21,25,6,4,5,1,9,11,9,3,2,21,12,8,9,2,21,5,1,21,8,11,17,14,9,4,6,23,17,9,1,4,5,4,4,6,3,17,22,16,25,14,11,5,26,25,10,8,19,7,22,18,8,14,22,15,17,23,3,7,7,19,9,17,3,15,24,8,13,14,6,9,2,4,18,12,9,25,4,15,4,8,25,4,10,16,26,5,6,22,19,6,19,22,9,9,7,13,2,5,21,20,6,22,13,9,22,7,14,11,12,11,3,24,14,20,13,8,7,9,6,3,22,16,6",5000,100
2,80,301875.8993301409,22.803119271729255,"1,7,14,21,19,17,6,11,2,12,22,7,24,21,8,16,26,18,26,14,23,15,20,4,5,10,24,3,18,5,2,20,9,23,25,13,10,16,19,9,10,25,6,1,10,13,15,13,20,10,21,25,6,4,5,1,9,11,9,3,2,21,12,8,9,2,21,5,1,21,8,11,17,14,9,4,6,23,17,9,1,4,5,4,4,6,3,17,22,16,25,14,11,5,26,25,10,8,19,7,22,18,8,14,22,15,17,23,3,7,7,19,9,17,3,15,24,8,13,14,6,9,2,4,18,12,9,25,4,15,4,8,25,4,10,16,26,5,6,22,19,6,19,22,9,9,7,13,2,5,21,20,6,22,13,9,22,7,14,11,12,11,3,24,14,20,13,8,7,9,6,3,22,16,6",5000,100
2,81,301875.8993301409,22.803119271729255,"1,7,14,21,19,17,6,11,2,12,22,7,24,21,8,16,26,18,26,14,23,15,20,4,5,10,24,3,18,5,2,20,9,23,25,13,10,16,19,9,10,25,6,1,10,13,15,13,20,10,21,25,6,4,5,1,9,11,9,3,2,21,12,8,9,2,21,5,1,21,8,11,17,14,9,4,6,23,17,9,1,4,5,4,4,6,3,17,22,16,25,14,11,5,26,25,10,8,19,7,22,18,8,14,22,15,17,23,3,7,7,19,9,17,3,15,24,8,13,14,6,9,2,4,18,12,9,25,4,15,4,8,25,4,10,16,26,5,6,22,19,6,19,22,9,9,7,13,2,5,21,20,6,22,13,9,22,7,14,11,12,11,3,24,14,20,13,8,7,9,6,3,22,16,6",5000,100
2,82,301875.8993301409,22.803119271729255,"1,7,14,21,19,17,6,11,2,12,22,7,24,21,8,16,26,18,26,14,23,15,20,4,5,10,24,3,18,5,2,20,9,23,25,13,10,16,19,9,10,25,6,1,10,13,15,13,20,10,21,25,6,4,5,1,9,11,9,3,2,21,12,8,9,2,21,5,1,21,8,11,17,14,9,4,6,23,17,9,1,4,5,4,4,6,3,17,22,16,25,14,11,5,26,25,10,8,19,7,22,18,8,14,22,15,17,23,3,7,7,19,9,17,3,15,24,8,13,14,6,9,2,4,18,12,9,25,4,15,4,8,25,4,10,16,26,5,6,22,19,6,19,22,9,9,7,13,2,5,21,20,6,22,13,9,22,7,14,11,12,11,3,24,14,20,13,8,7,9,6,3,22,16,6",5000,100
2,83,301875.8993301409,22.803119271729255,"1,7,14,21,19,17,6,11,2,12,22,7,24,21,8,16,26,18,26,14,23,15,20,4,5,10,24,3,18,5,2,20,9,23,25,13,10,16,19,9,10,25,6,1,10,13,15,13,20,10,21,25,6,4,5,1,9,11,9,3,2,21,12,8,9,2,21,5,1,21,8,11,17,14,9,4,6,23,17,9,1,4,5,4,4,6,3,17,22,16,25,14,11,5,26,25,10,8,19,7,22,18,8,14,22,15,17,23,3,7,7,19,9,17,3,15,24,8,13,14,6,9,2,4,18,12,9,25,4,15,4,8,25,4,10,16,26,5,6,22,19,6,19,22,9,9,7,13,2,5,21,20,6,22,13,9,22,7,14,11,12,11,3,24,14,20,13,8,7,9,6,3,22,16,6",5000,100
2,84,301875.8993301409,22.803119271729255,"1,7,14,21,19,17,6,11,2,12,22,7,24,21,8,16,26,18,26,14,23,15,20,4,5,10,24,3,18,5,2,20,9,23,25,13,10,16,19,9,10,25,6,1,10,13,15,13,20,10,21,25,6,4,5,1,9,11,9,3,2,21,12,8,9,2,21,5,1,21,8,11,17,14,9,4,6,23,17,9,1,4,5,4,4,6,3,17,22,16,25,14,11,5,26,25,10,8,19,7,22,18,8,14,22,15,17,23,3,7,7,19,9,17,3,15,24,8,13,14,6,9,2,4,18,12,9,25,4,15,4,8,25,4,10,16,26,5,6,22,19,6,19,22,9,9,7,13,2,5,21,20,6,22,13,9,22,7,14,11,12,11,3,24,14,20,13,8,7,9,6,3,22,16,6",5000,100
2,85,301875.8993301409,22.803119271729255,"1,7,14,21,19,17,6,11,2,12,22,7,24,21,8,16,26,18,26,14,23,15,20,4,5,10,24,3,18,5,2,20,9,23,25,13,10,16,19,9,10,25,6,1,10,13,15,13,20,10,21,25,6,4,5,1,9,11,9,3,2,21,12,8,9,2,21,5,1,21,8,11,17,14,9,4,6,23,17,9,1,4,5,4,4,6,3,17,22,16,25,14,11,5,26,25,10,8,19,7,22,18,8,14,22,15,17,23,3,7,7,19,9,17,3,15,24,8,13,14,6,9,2,4,18,12,9,25,4,15,4,8,25,4,10,16,26,5,6,22,19,6,19,22,9,9,7,13,2,5,21,20,6,22,13,9,22,7,14,11,12,11,3,24,14,20,13,8,7,9,6,3,22,16,6",5000,100
2,86,301875.8993301409,22.803119271729255,"1,7,14,21,19,17,6,11,2,12,22,7,24,21,8,16,26,18,26,14,23,15,20,4,5,10,24,3,18,5,2,20,9,23,25,13,10,16,19,9,10,25,6,1,10,13,15,13,20,10,21,25,6,4,5,1,9,11,9,3,2,21,12,8,9,2,21,5,1,21,8,11,17,14,9,4,6,23,17,9,1,4,5,4,4,6,3,17,22,16,25,14,11,5,26,25,10,8,19,7,22,18,8,14,22,15,17,23,3,7,7,19,9,17,3,15,24,8,13,14,6,9,2,4,18,12,9,25,4,15,4,8,25,4,10,16,26,5,6,22,19,6,19,22,9,9,7,13,2,5,21,20,6,22,13,9,22,7,14,11,12,11,3,24,14,20,13,8,7,9,6,3,22,16,6",5000,100
2,87,301875.8993301409,22.803119271729255,"1,7,14,21,19,17,6,11,2,12,22,7,24,21,8,16,26,18,26,14,23,15,20,4,5,10,24,3,18,5,2,20,9,23,25,13,10,16,19,9,10,25,6,1,10,13,15,13,20,10,21,25,6,4,5,1,9,11,9,3,2,21,12,8,9,2,21,5,1,21,8,11,17,14,9,4,6,23,17,9,1,4,5,4,4,6,3,17,22,16,25,14,11,5,26,25,10,8,19,7,22,18,8,14,22,15,17,23,3,7,7,19,9,17,3,15,24,8,13,14,6,9,2,4,18,12,9,25,4,15,4,8,25,4,10,16,26,5,6,22,19,6,19,22,9,9,7,13,2,5,21,20,6,22,13,9,22,7,14,11,12,11,3,24,14,20,13,8,7,9,6,3,22,16,6",5000,100
2,88,301875.8993301409,22.803119271729255,"1,7,14,21,19,17,6,11,2,12,22,7,24,21,8,16,26,18,26,14,23,15,20,4,5,10,24,3,18,5,2,20,9,23,25,13,10,16,19,9,10,25,6,1,10,13,15,13,20,10,21,25,6,4,5,1,9,11,9,3,2,21,12,8,9,2,21,5,1,21,8,11,17,14,9,4,6,23,17,9,1,4,5,4,4,6,3,17,22,16,25,14,11,5,26,25,10,8,19,7,22,18,8,14,22,15,17,23,3,7,7,19,9,17,3,15,24,8,13,14,6,9,2,4,18,12,9,25,4,15,4,8,25,4,10,16,26,5,6,22,19,6,19,22,9,9,7,13,2,5,21,20,6,22,13,9,22,7,14,11,12,11,3,24,14,20,13,8,7,9,6,3,22,16,6",5000,100
2,89,301875.8993301409,22.803119271729255,"1,7,14,21,19,17,6,11,2,12,22,7,24,21,8,16,26,18,26,14,23,15,20,4,5,10,24,3,18,5,2,20,9,23,25,13,10,16,19,9,10,25,6,1,10,13,15,13,20,10,21,25,6,4,5,1,9,11,9,3,2,21,12,8,9,2,21,5,1,21,8,11,17,14,9,4,6,23,17,9,1,4,5,4,4,6,3,17,22,16,25,14,11,5,26,25,10,8,19,7,22,18,8,14,22,15,17,23,3,7,7,19,9,17,3,15,24,8,13,14,6,9,2,4,18,12,9,25,4,15,4,8,25,4,10,16,26,5,6,22,19,6,19,22,9,9,7,13,2,5,21,20,6,22,13,9,22,7,14,11,12,11,3,24,14,20,13,8,7,9,6,3,22,16,6",5000,100
2,90,301875.8993301409,22.803119271729255,"1,7,14,21,19,17,6,11,2,12,22,7,24,21,8,16,26,18,26,14,23,15,20,4,5,10,24,3,18,5,2,20,9,23,25,13,10,16,19,9,10,25,6,1,10,13,15,13,20,10,21,25,6,4,5,1,9,11,9,3,2,21,12,8,9,2,21,5,1,21,8,11,17,14,9,4,6,23,17,9,1,4,5,4,4,6,3,17,22,16,25,14,11,5,26,25,10,8,19,7,22,18,8,14,22,15,17,23,3,7,7,19,9,17,3,15,24,8,13,14,6,9,2,4,18,12,9,25,4,15,4,8,25,4,10,16,26,5,6,22,19,6,19,22,9,9,7,13,2,5,21,20,6,22,13,9,22,7,14,11,12,11,3,24,14,20,13,8,7,9,6,3,22,16,6",5000,100
2,91,301875.8993301409,22.803119271729255,"1,7,14,21,19,17,6,11,2,12,22,7,24,21,8,16,26,18,26,14,23,15,20,4,5,10,24,3,18,5,2,20,9,23,25,13,10,16,19,9,10,25,6,1,10,13,15,13,20,10,21,25,6,4,5,1,9,11,9,3,2,21,12,8,9,2,21,5,1,21,8,11,17,14,9,4,6,23,17,9,1,4,5,4,4,6,3,17,22,16,25,14,11,5,26,25,10,8,19,7,22,18,8,14,22,15,17,23,3,7,7,19,9,17,3,15,24,8,13,14,6,9,2,4,18,12,9,25,4,15,4,8,25,4,10,16,26,5,6,22,19,6,19,22,9,9,7,13,2,5,21,20,6,22,13,9,22,7,14,11,12,11,3,24,14,20,13,8,7,9,6,3,22,16,6",5000,100
2,92,301875.8993301409,22.803119271729255,"1,7,14,21,19,17,6,11,2,12,22,7,24,21,8,16,26,18,26,14,23,15,20,4,5,10,24,3,18,5,2,20,9,23,25,13,10,16,19,9,10,25,6,1,10,13,15,13,20,10,21,25,6,4,5,1,9,11,9,3,2,21,12,8,9,2,21,5,1,21,8,11,17,14,9,4,6,23,17,9,1,4,5,4,4,6,3,17,22,16,25,14,11,5,26,25,10,8,19,7,22,18,8,14,22,15,17,23,3,7,7,19,9,17,3,15,24,8,13,14,6,9,2,4,18,12,9,25,4,15,4,8,25,4,10,16,26,5,6,22,19,6,19,22,9,9,7,13,2,5,21,20,6,22,13,9,22,7,14,11,12,11,3,24,14,20,13,8,7,9,6,3,22,16,6",5000,100
2,93,301875.8993301409,22.803119271729255,"1,7,14,21,19,17,6,11,2,12,22,7,24,21,8,16,26,18,26,14,23,15,20,4,5,10,24,3,18,5,2,20,9,23,25,13,10,16,19,9,10,25,6,1,10,13,15,13,20,10,21,25,6,4,5,1,9,11,9,3,2,21,12,8,9,2,21,5,1,21,8,11,17,14,9,4,6,23,17,9,1,4,5,4,4,6,3,17,22,16,25,14,11,5,26,25,10,8,19,7,22,18,8,14,22,15,17,23,3,7,7,19,9,17,3,15,24,8,13,14,6,9,2,4,18,12,9,25,4,15,4,8,25,4,10,16,26,5,6,22,19,6,19,22,9,9,7,13,2,5,21,20,6,22,13,9,22,7,14,11,12,11,3,24,14,20,13,8,7,9,6,3,22,16,6",5000,100
2,94,301875.8993301409,22.803119271729255,"1,7,14,21,19,17,6,11,2,12,22,7,24,21,8,16,26,18,26,14,23,15,20,4,5,10,24,3,18,5,2,20,9,23,25,13,10,16,19,9,10,25,6,1,10,13,15,13,20,10,21,25,6,4,5,1,9,11,9,3,2,21,12,8,9,2,21,5,1,21,8,11,17,14,9,4,6,23,17,9,1,4,5,4,4,6,3,17,22,16,25,14,11,5,26,25,10,8,19,7,22,18,8,14,22,15,17,23,3,7,7,19,9,17,3,15,24,8,13,14,6,9,2,4,18,12,9,25,4,15,4,8,25,4,10,16,26,5,6,22,19,6,19,22,9,9,7,13,2,5,21,20,6,22,13,9,22,7,14,11,12,11,3,24,14,20,13,8,7,9,6,3,22,16,6",5000,100
2,95,301875.8993301409,22.803119271729255,"1,7,14,21,19,17,6,11,2,12,22,7,24,21,8,16,26,18,26,14,23,15,20,4,5,10,24,3,18,5,2,20,9,23,25,13,10,16,19,9,10,25,6,1,10,13,15,13,20,10,21,25,6,4,5,1,9,11,9,3,2,21,12,8,9,2,21,5,1,21,8,11,17,14,9,4,6,23,17,9,1,4,5,4,4,6,3,17,22,16,25,14,11,5,26,25,10,8,19,7,22,18,8,14,22,15,17,23,3,7,7,19,9,17,3,15,24,8,13,14,6,9,2,4,18,12,9,25,4,15,4,8,25,4,10,16,26,5,6,22,19,6,19,22,9,9,7,13,2,5,21,20,6,22,13,9,22,7,14,11,12,11,3,24,14,20,13,8,7,9,6,3,22,16,6",5000,100
2,96,301875.8993301409,22.803119271729255,"1,7,14,21,19,17,6,11,2,12,22,7,24,21,8,16,26,18,26,14,23,15,20,4,5,10,24,3,18,5,2,20,9,23,25,13,10,16,19,9,10,25,6,1,10,13,15,13,20,10,21,25,6,4,5,1,9,11,9,3,2,21,12,8,9,2,21,5,1,21,8,11,17,14,9,4,6,23,17,9,1,4,5,4,4,6,3,17,22,16,25,14,11,5,26,25,10,8,19,7,22,18,8,14,22,15,17,23,3,7,7,19,9,17,3,15,24,8,13,14,6,9,2,4,18,12,9,25,4,15,4,8,25,4,10,16,26,5,6,22,19,6,19,22,9,9,7,13,2,5,21,20,6,22,13,9,22,7,14,11,12,11,3,24,14,20,13,8,7,9,6,3,22,16,6",5000,100
2,97,301875.8993301409,22.803119271729255,"1,7,14,21,19,17,6,11,2,12,22,7,24,21,8,16,26,18,26,14,23,15,20,4,5,10,24,3,18,5,2,20,9,23,25,13,10,16,19,9,10,25,6,1,10,13,15,13,20,10,21,25,6,4,5,1,9,11,9,3,2,21,12,8,9,2,21,5,1,21,8,11,17,14,9,4,6,23,17,9,1,4,5,4,4,6,3,17,22,16,25,14,11,5,26,25,10,8,19,7,22,18,8,14,22,15,17,23,3,7,7,19,9,17,3,15,24,8,13,14,6,9,2,4,18,12,9,25,4,15,4,8,25,4,10,16,26,5,6,22,19,6,19,22,9,9,7,13,2,5,21,20,6,22,13,9,22,7,14,11,12,11,3,24,14,20,13,8,7,9,6,3,22,16,6",5000,100
2,98,301875.8993301409,22.803119271729255,"1,7,14,21,19,17,6,11,2,12,22,7,24,21,8,16,26,18,26,14,23,15,20,4,5,10,24,3,18,5,2,20,9,23,25,13,10,16,19,9,10,25,6,1,10,13,15,13,20,10,21,25,6,4,5,1,9,11,9,3,2,21,12,8,9,2,21,5,1,21,8,11,17,14,9,4,6,23,17,9,1,4,5,4,4,6,3,17,22,16,25,14,11,5,26,25,10,8,19,7,22,18,8,14,22,15,17,23,3,7,7,19,9,17,3,15,24,8,13,14,6,9,2,4,18,12,9,25,4,15,4,8,25,4,10,16,26,5,6,22,19,6,19,22,9,9,7,13,2,5,21,20,6,22,13,9,22,7,14,11,12,11,3,24,14,20,13,8,7,9,6,3,22,16,6",5000,100
2,99,306151.45915249025,22.677961566869328,"1,7,14,21,19,17,6,11,2,12,22,7,24,21,8,16,26,18,26,14,23,15,20,4,5,10,24,3,18,5,2,20,9,23,25,13,10,16,19,9,10,25,6,1,10,13,15,13,20,10,21,25,6,4,5,1,9,11,9,3,2,21,12,8,9,2,21,5,1,21,8,11,17,14,9,4,6,23,17,9,1,4,5,4,4,6,3,17,22,16,25,14,11,5,26,25,10,5,19,7,22,18,8,14,22,15,17,23,3,7,7,19,9,17,3,15,24,8,13,14,6,9,2,4,18,12,9,25,4,15,4,8,25,4,10,16,26,5,6,22,19,6,19,22,9,9,7,13,2,5,21,20,6,22,13,9,22,7,14,11,12,11,3,24,14,20,13,3,7,9,6,3,22,16,6",5000,100
3,0,350074.5681085475,28.821425298083675,"1,19,3,11,12,16,18,14,18,13,22,19,4,1,6,26,17,10,25,10,20,7,2,21,2,4,8,5,23,6,15,14,20,5,9,3,24,22,25,25,18,9,15,12,23,12,12,16,13,20,22,14,16,1,25,22,25,10,9,24,11,26,17,19,9,1,22,9,2,3,26,19,9,20,5,24,18,17,8,20,13,23,3,25,26,6,9,23,24,15,21,13,21,16,9,11,19,10,26,19,11,21,21,14,26,5,2,16,4,9,19,4,3,9,1,22,26,26,3,26,2,22,1,19,25,2,5,4,15,18,12,22,8,4,11,2,19,13,17,23,8,16,25,15,17,12,3,14,12,25,11,13,24,7,11,16,12,25,4,3,17,5,6,10,7,8,12,26,8,25,24,7,1,17,21",5000,100
3,1,353856.4955577303,28.749273209233856,"1,19,3,11,12,16,18,14,18,13,22,19,4,1,6,26,17,10,25,10,20,7,2,21,2,4,8,5,23,6,15,14,20,5,9,3,24,22,25,25,18,9,15,12,23,12,12,16,13,20,22,14,16,1,25,22,25,10,9,24,24,26,17,19,9,1,22,9,2,3,26,19,9,20,5,24,18,17,8,20,13,23,3,25,26,6,9,23,24,15,21,13,21,16,9,11,19,10,26,19,11,21,21,14,6,5,2,16,4,9,19,4,3,9,1,22,26,26,3,26,2,22,1,19,25,2,5,4,15,18,12,22,8,4,11,2,2,13,17,23,8,16,25,15,17,12,3,14,12,25,11,13,24,7,11,16,12,25,4,3,17,5,6,10,7,8,12,26,8,25,24,7,1,17,21",5000,100
3,2,353856.4955577303,28.749273209233856,"1,19,3,11,12,16,18,14,18,13,22,19,4,1,6,26,17,10,25,10,20,7,2,21,2,4,8,5,23,6,15,14,20,5,9,3,24,22,25,25,18,9,15,12,23,12,12,16,13,20,22,14,16,1,25,22,25,10,9,24,24,26,17,19,9,1,22,9,2,3,26,19,9,20,5,24,18,17,8,20,13,23,3,25,26,6,9,23,24,15,21,13,21,16,9,11,19,10,26,19,11,21,21,14,6,5,2,16,4,9,19,4,3,9,1,22,26,26,3,26,2,22,1,19,25,2,5,4,15,18,12,22,8,4,11,2,2,13,17,23,8,16,25,15,17,12,3,14,12,25,11,13,24,7,11,16,12,25,4,3,17,5,6,10,7,8,12,26,8,25,24,7,1,17,21",5000,100
3,3,353856.4955577303,28.749273209233856,"1,19,3,11,12,16,18,14,18,13,22,19,4,1,6,26,17,10,25,10,20,7,2,21,2,4,8,5,23,6,15,14,20,5,9,3,24,22,25,25,18,9,15,12,23,12,12,16,13,20,22,14,16,1,25,22,25,10,9,24,24,26,17,19,9,1,22,9,2,3,26,19,9,20,5,24,18,17,8,20,13,23,3,25,26,6,9,23,24,15,21,13,21,16,9,11,19,10,26,19,11,21,21,14,6,5,2,16,4,9,19,4,3,9,1,22,26,26,3,26,2,22,1,19,25,2,5,4,15,18,12,22,8,4,11,2,2,13,17,23,8,16,25,15,17,12,3,14,12,25,11,13,24,7,11,16,12,25,4,3,17,5,6,10,7,8,12,26,8,25,24,7,1,17,21",5000,100
3,4,353856.4955577303,28.749273209233856,"1,19,3,11,12,16,18,14,18,13,22,19,4,1,6,26,17,10,25,10,20,7,2,21,2,4,8,5,23,6,15,14,20,5,9,3,24,22,25,25,18,9,15,12,23,12,12,16,13,20,22,14,16,1,25,22,25,10,9,24,24,26,17,19,9,1,22,9,2,3,26,19,9,20,5,24,18,17,8,20,13,23,3,25,26,6,9,23,24,15,21,13,21,16,9,11,19,10,26,19,11,21,21,14,6,5,2,16,4,9,19,4,3,9,1,22,26,26,3,26,2,22,1,19,25,2,5,4,15,18,12,22,8,4,11,2,2,13,17,23,8,16,25,15,17,12,3,14,12,25,11,13,24,7,11,16,12,25,4,3,17,5,6,10,7,8,12,26,8,25,24,7,1,17,21",5000,100
3,5,353856.4955577303,28.749273209233856,"1,19,3,11,12,16,18,14,18,13,22,19,4,1,6,26,17,10,25,10,20,7,2,21,2,4,8,5,23,6,15,14,20,5,9,3,24,22,25,25,18,9,15,12,23,12,12,16,13,20,22,14,16,1,25,22,25,10,9,24,24,26,17,19,9,1,22,9,2,3,26,19,9,20,5,24,18,17,8,20,13,23,3,25,26,6,9,23,24,15,21,13,21,16,9,11,19,10,26,19,11,21,21,14,6,5,2,16,4,9,19,4,3,9,1,22,26,26,3,26,2,22,1,19,25,2,5,4,15,18,12,22,8,4,11,2,2,13,17,23,8,16,25,15,17,12,3,14,12,25,11,13,24,7,11,16,12,25,4,3,17,5,6,10,7,8,12,26,8,25,24,7,1,17,21",5000,100
3,6,353856.4955577303,28.749273209233856,"1,19,3,11,12,16,18,14,18,13,22,19,4,1,6,26,17,10,25,10,20,7,2,21,2,4,8,5,23,6,15,14,20,5,9,3,24,22,25,25,18,9,15,12,23,12,12,16,13,20,22,14,16,1,25,22,25,10,9,24,24,26,17,19,9,1,22,9,2,3,26,19,9,20,5,24,18,17,8,20,13,23,3,25,26,6,9,23,24,15,21,13,21,16,9,11,19,10,26,19,11,21,21,14,6,5,2,16,4,9,19,4,3,9,1,22,26,26,3,26,2,22,1,19,25,2,5,4,15,18,12,22,8,4,11,2,2,13,17,23,8,16,25,15,17,12,3,14,12,25,11,13,24,7,11,16,12,25,4,3,17,5,6,10,7,8,12,26,8,25,24,7,1,17,21",5000,100
3,7,353856.4955577303,28.749273209233856,"1,19,3,11,12,16,18,14,18,13,22,19,4,1,6,26,17,10,25,10,20,7,2,21,2,4,8,5,23,6,15,14,20,5,9,3,24,22,25,25,18,9,15,12,23,12,12,16,13,20,22,14,16,1,25,22,25,10,9,24,24,26,17,19,9,1,22,9,2,3,26,19,9,20,5,24,18,17,8,20,13,23,3,25,26,6,9,23,24,15,21,13,21,16,9,11,19,10,26,19,11,21,21,14,6,5,2,16,4,9,19,4,3,9,1,22,26,26,3,26,2,22,1,19,25,2,5,4,15,18,12,22,8,4,11,2,2,13,17,23,8,16,25,15,17,12,3,14,12,25,11,13,24,7,11,16,12,25,4,3,17,5,6,10,7,8,12,26,8,25,24,7,1,17,21",5000,100
3,8,353856.4955577303,28.749273209233856,"1,19,3,11,12,16,18,14,18,13,22,19,4,1,6,26,17,10,25,10,20,7,2,21,2,4,8,5,23,6,15,14,20,5,9,3,24,22,25,25,18,9,15,12,23,12,12,16,13,20,22,14,16,1,25,22,25,10,9,24,24,26,17,19,9,1,22,9,2,3,26,19,9,20,5,24,18,17,8,20,13,23,3,25,26,6,9,23,24,15,21,13,21,16,9,11,19,10,26,19,11,21,21,14,6,5,2,16,4,9,19,4,3,9,1,22,26,26,3,26,2,22,1,19,25,2,5,4,15,18,12,22,8,4,11,2,2,13,17,23,8,16,25,15,17,12,3,14,12,25,11,13,24,7,11,16,12,25,4,3,17,5,6,10,7,8,12,26,8,25,24,7,1,17,21",5000,100
3,9,353856.4955577303,28.749273209233856,"1,19,3,11,12,16,18,14,18,13,22,19,4,1,6,26,17,10,25,10,20,7,2,21,2,4,8,5,23,6,15,14,20,5,9,3,24,22,25,25,18,9,15,12,23,12,12,16,13,20,22,14,16,1,25,22,25,10,9,24,24,26,17,19,9,1,22,9,2,3,26,19,9,20,5,24,18,17,8,20,13,23,3,25,26,6,9,23,24,15,21,13,21,16,9,11,19,10,26,19,11,21,21,14,6,5,2,16,4,9,19,4,3,9,1,22,26,26,3,26,2,22,1,19,25,2,5,4,15,18,12,22,8,4,11,2,2,13,17,23,8,16,25,15,17,12,3,14,12,25,11,13,24,7,11,16,12,25,4,3,17,5,6,10,7,8,12,26,8,25,24,7,1,17,21",5000,100
3,10,353856.4955577303,28.749273209233856,"1,19,3,11,12,16,18,14,18,13,22,19,4,1,6,26,17,10,25,10,20,7,2,21,2,4,8,5,23,6,15,14,20,5,9,3,24,22,25,25,18,9,15,12,23,12,12,16,13,20,22,14,16,1,25,22,25,10,9,24,24,26,17,19,9,1,22,9,2,3,26,19,9,20,5,24,18,17,8,20,13,23,3,25,26,6,9,23,24,15,21,13,21,16,9,11,19,10,26,19,11,21,21,14,6,5,2,16,4,9,19,4,3,9,1,22,26,26,3,26,2,22,1,19,25,2,5,4,15,18,12,22,8,4,11,2,2,13,17,23,8,16,25,15,17,12,3,14,12,25,11,13,24,7,11,16,12,25,4,3,17,5,6,10,7,8,12,26,8,25,24,7,1,17,21",5000,100
3,11,353856.4955577303,28.749273209233856,"1,19,3,11,12,16,18,14,18,13,22,19,4,1,6,26,17,10,25,10,20,7,2,21,2,4,8,5,23,6,15,14,20,5,9,3,24,22,25,25,18,9,15,12,23,12,12,16,13,20,22,14,16,1,25,22,25,10,9,24,24,26,17,19,9,1,22,9,2,3,26,19,9,20,5,24,18,17,8,20,13,23,3,25,26,6,9,23,24,15,21,13,21,16,9,11,19,10,26,19,11,21,21,14,6,5,2,16,4,9,19,4,3,9,1,22,26,26,3,26,2,22,1,19,25,2,5,4,15,18,12,22,8,4,11,2,2,13,17,23,8,16,25,15,17,12,3,14,12,25,11,13,24,7,11,16,12,25,4,3,17,5,6,10,7,8,12,26,8,25,24,7,1,17,21",5000,100
3,12,353856.4955577303,28.749273209233856,"1,19,3,11,12,16,18,14,18,13,22,19,4,1,6,26,17,10,25,10,20,7,2,21,2,4,8,5,23,6,15,14,20,5,9,3,24,22,25,25,18,9,15,12,23,12,12,16,13,20,22,14,16,1,25,22,25,10,9,24,24,26,17,19,9,1,22,9,2,3,26,19,9,20,5,24,18,17,8,20,13,23,3,25,26,6,9,23,24,15,21,13,21,16,9,11,19,10,26,19,11,21,21,14,6,5,2,16,4,9,19,4,3,9,1,22,26,26,3,26,2,22,1,19,25,2,5,4,15,18,12,22,8,4,11,2,2,13,17,23,8,16,25,15,17,12,3,14,12,25,11,13,24,7,11,16,12,25,4,3,17,5,6,10,7,8,12,26,8,25,24,7,1,17,21",5000,100
3,13,353856.4955577303,28.749273209233856,"1,19,3,11,12,16,18,14,18,13,22,19,4,1,6,26,17,10,25,10,20,7,2,21,2,4,8,5,23,6,15,14,20,5,9,3,24,22,25,25,18,9,15,12,23,12,12,16,13,20,22,14,16,1,25,22,25,10,9,24,24,26,17,19,9,1,22,9,2,3,26,19,9,20,5,24,18,17,8,20,13,23,3,25,26,6,9,23,24,15,21,13,21,16,9,11,19,10,26,19,11,21,21,14,6,5,2,16,4,9,19,4,3,9,1,22,26,26,3,26,2,22,1,19,25,2,5,4,15,18,12,22,8,4,11,2,2,13,17,23,8,16,25,15,17,12,3,14,12,25,11,13,24,7,11,16,12,25,4,3,17,5,6,10,7,8,12,26,8,25,24,7,1,17,21",5000,100
3,14,353856.4955577303,28.749273209233856,"1,19,3,11,12,16,18,14,18,13,22,19,4,1,6,26,17,10,25,10,20,7,2,21,2,4,8,5,23,6,15,14,20,5,9,3,24,22,25,25,18,9,15,12,23,12,12,16,13,20,22,14,16,1,25,22,25,10,9,24,24,26,17,19,9,1,22,9,2,3,26,19,9,20,5,24,18,17,8,20,13,23,3,25,26,6,9,23,24,15,21,13,21,16,9,11,19,10,26,19,11,21,21,14,6,5,2,16,4,9,19,4,3,9,1,22,26,26,3,26,2,22,1,19,25,2,5,4,15,18,12,22,8,4,11,2,2,13,17,23,8,16,25,15,17,12,3,14,12,25,11,13,24,7,11,16,12,25,4,3,17,5,6,10,7,8,12,26,8,25,24,7,1,17,21",5000,100
3,15,353856.4955577303,28.749273209233856,"1,19,3,11,12,16,18,14,18,13,22,19,4,1,6,26,17,10,25,10,20,7,2,21,2,4,8,5,23,6,15,14,20,5,9,3,24,22,25,25,18,9,15,12,23,12,12,16,13,20,22,14,16,1,25,22,25,10,9,24,24,26,17,19,9,1,22,9,2,3,26,19,9,20,5,24,18,17,8,20,13,23,3,25,26,6,9,23,24,15,21,13,21,16,9,11,19,10,26,19,11,21,21,14,6,5,2,16,4,9,19,4,3,9,1,22,26,26,3,26,2,22,1,19,25,2,5,4,15,18,12,22,8,4,11,2,2,13,17,23,8,16,25,15,17,12,3,14,12,25,11,13,24,7,11,16,12,25,4,3,17,5,6,10,7,8,12,26,8,25,24,7,1,17,21",5000,100
3,16,353856.4955577303,28.749273209233856,"1,19,3,11,12,16,18,14,18,13,22,19,4,1,6,26,17,10,25,10,20,7,2,21,2,4,8,5,23,6,15,14,20,5,9,3,24,22,25,25,18,9,15,12,23,12,12,16,13,20,22,14,16,1,25,22,25,10,9,24,24,26,17,19,9,1,22,9,2,3,26,19,9,20,5,24,18,17,8,20,13,23,3,25,26,6,9,23,24,15,21,13,21,16,9,11,19,10,26,19,11,21,21,14,6,5,2,16,4,9,19,4,3,9,1,22,26,26,3,26,2,22,1,19,25,2,5,4,15,18,12,22,8,4,11,2,2,13,17,23,8,16,25,15,17,12,3,14,12,25,11,13,24,7,11,16,12,25,4,3,17,5,6,10,7,8,12,26,8,25,24,7,1,17,21",5000,100
3,17,353856.4955577303,28.749273209233856,"1,19,3,11,12,16,18,14,18,13,22,19,4,1,6,26,17,10,25,10,20,7,2,21,2,4,8,5,23,6,15,14,20,5,9,3,24,22,25,25,18,9,15,12,23,12,12,16,13,20,22,14,16,1,25,22,25,10,9,24,24,26,17,19,9,1,22,9,2,3,26,19,9,20,5,24,18,17,8,20,13,23,3,25,26,6,9,23,24,15,21,13,21,16,9,11,19,10,26,19,11,21,21,14,6,5,2,16,4,9,19,4,3,9,1,22,26,26,3,26,2,22,1,19,25,2,5,4,15,18,12,22,8,4,11,2,2,13,17,23,8,16,25,15,17,12,3,14,12,25,11,13,24,7,11,16,12,25,4,3,17,5,6,10,7,8,12,26,8,25,24,7,1,17,21",5000,100
3,18,353856.4955577303,28.749273209233856,"1,19,3,11,12,16,18,14,18,13,22,19,4,1,6,26,17,10,25,10,20,7,2,21,2,4,8,5,23,6,15,14,20,5,9,3,24,22,25,25,18,9,15,12,23,12,12,16,13,20,22,14,16,1,25,22,25,10,9,24,24,26,17,19,9,1,22,9,2,3,26,19,9,20,5,24,18,17,8,20,13,23,3,25,26,6,9,23,24,15,21,13,21,16,9,11,19,10,26,19,11,21,21,14,6,5,2,16,4,9,19,4,3,9,1,22,26,26,3,26,2,22,1,19,25,2,5,4,15,18,12,22,8,4,11,2,2,13,17,23,8,16,25,15,17,12,3,14,12,25,11,13,24,7,11,16,12,25,4,3,17,5,6,10,7,8,12,26,8,25,24,7,1,17,21",5000,100
3,19,353856.4955577303,28.749273209233856,"1,19,3,11,12,16,18,14,18,13,22,19,4,1,6,26,17,10,25,10,20,7,2,21,2,4,8,5,23,6,15,14,20,5,9,3,24,22,25,25,18,9,15,12,23,12,12,16,13,20,22,14,16,1,25,22,25,10,9,24,24,26,17,19,9,1,22,9,2,3,26,19,9,20,5,24,18,17,8,20,13,23,3,25,26,6,9,23,24,15,21,13,21,16,9,11,19,10,26,19,11,21,21,14,6,5,2,16,4,9,19,4,3,9,1,22,26,26,3,26,2,22,1,19,25,2,5,4,15,18,12,22,8,4,11,2,2,13,17,23,8,16,25,15,17,12,3,14,12,25,11,13,24,7,11,16,12,25,4,3,17,5,6,10,7,8,12,26,8,25,24,7,1,17,21",5000,100
3,20,353856.4955577303,28.749273209233856,"1,19,3,11,12,16,18,14,18,13,22,19,4,1,6,26,17,10,25,10,20,7,2,21,2,4,8,5,23,6,15,14,20,5,9,3,24,22,25,25,18,9,15,12,23,12,12,16,13,20,22,14,16,1,25,22,25,10,9,24,24,26,17,19,9,1,22,9,2,3,26,19,9,20,5,24,18,17,8,20,13,23,3,25,26,6,9,23,24,15,21,13,21,16,9,11,19,10,26,19,11,21,21,14,6,5,2,16,4,9,19,4,3,9,1,22,26,26,3,26,2,22,1,19,25,2,5,4,15,18,12,22,8,4,11,2,2,13,17,23,8,16,25,15,17,12,3,14,12,25,11,13,24,7,11,16,12,25,4,3,17,5,6,10,7,8,12,26,8,25,24,7,1,17,21",5000,100
3,21,353856.4955577303,28.749273209233856,"1,19,3,11,12,16,18,14,18,13,22,19,4,1,6,26,17,10,25,10,20,7,2,21,2,4,8,5,23,6,15,14,20,5,9,3,24,22,25,25,18,9,15,12,23,12,12,16,13,20,22,14,16,1,25,22,25,10,9,24,24,26,17,19,9,1,22,9,2,3,26,19,9,20,5,24,18,17,8,20,13,23,3,25,26,6,9,23,24,15,21,13,21,16,9,11,19,10,26,19,11,21,21,14,6,5,2,16,4,9,19,4,3,9,1,22,26,26,3,26,2,22,1,19,25,2,5,4,15,18,12,22,8,4,11,2,2,13,17,23,8,16,25,15,17,12,3,14,12,25,11,13,24,7,11,16,12,25,4,3,17,5,6,10,7,8,12,26,8,25,24,7,1,17,21",5000,100
3,22,353856.4955577303,28.749273209233856,"1,19,3,11,12,16,18,14,18,13,22,19,4,1,6,26,17,10,25,10,20,7,2,21,2,4,8,5,23,6,15,14,20,5,9,3,24,22,25,25,18,9,15,12,23,12,12,16,13,20,22,14,16,1,25,22,25,10,9,24,24,26,17,19,9,1,22,9,2,3,26,19,9,20,5,24,18,17,8,20,13,23,3,25,26,6,9,23,24,15,21,13,21,16,9,11,19,10,26,19,11,21,21,14,6,5,2,16,4,9,19,4,3,9,1,22,26,26,3,26,2,22,1,19,25,2,5,4,15,18,12,22,8,4,11,2,2,13,17,23,8,16,25,15,17,12,3,14,12,25,11,13,24,7,11,16,12,25,4,3,17,5,6,10,7,8,12,26,8,25,24,7,1,17,21",5000,100
3,23,353856.4955577303,28.749273209233856,"1,19,3,11,12,16,18,14,18,13,22,19,4,1,6,26,17,10,25,10,20,7,2,21,2,4,8,5,23,6,15,14,20,5,9,3,24,22,25,25,18,9,15,12,23,12,12,16,13,20,22,14,16,1,25,22,25,10,9,24,24,26,17,19,9,1,22,9,2,3,26,19,9,20,5,24,18,17,8,20,13,23,3,25,26,6,9,23,24,15,21,13,21,16,9,11,19,10,26,19,11,21,21,14,6,5,2,16,4,9,19,4,3,9,1,22,26,26,3,26,2,22,1,19,25,2,5,4,15,18,12,22,8,4,11,2,2,13,17,23,8,16,25,15,17,12,3,14,12,25,11,13,24,7,11,16,12,25,4,3,17,5,6,10,7,8,12,26,8,25,24,7,1,17,21",5000,100
3,24,353856.4955577303,28.749273209233856,"1,19,3,11,12,16,18,14,18,13,22,19,4,1,6,26,17,10,25,10,20,7,2,21,2,4,8,5,23,6,15,14,20,5,9,3,24,22,25,25,18,9,15,12,23,12,12,16,13,20,22,14,16,1,25,22,25,10,9,24,24,26,17,19,9,1,22,9,2,3,26,19,9,20,5,24,18,17,8,20,13,23,3,25,26,6,9,23,24,15,21,13,21,16,9,11,19,10,26,19,11,21,21,14,6,5,2,16,4,9,19,4,3,9,1,22,26,26,3,26,2,22,1,19,25,2,5,4,15,18,12,22,8,4,11,2,2,13,17,23,8,16,25,15,17,12,3,14,12,25,11,13,24,7,11,16,12,25,4,3,17,5,6,10,7,8,12,26,8,25,24,7,1,17,21",5000,100
3,25,353856.4955577303,28.749273209233856,"1,19,3,11,12,16,18,14,18,13,22,19,4,1,6,26,17,10,25,10,20,7,2,21,2,4,8,5,23,6,15,14,20,5,9,3,24,22,25,25,18,9,15,12,23,12,12,16,13,20,22,14,16,1,25,22,25,10,9,24,24,26,17,19,9,1,22,9,2,3,26,19,9,20,5,24,18,17,8,20,13,23,3,25,26,6,9,23,24,15,21,13,21,16,9,11,19,10,26,19,11,21,21,14,6,5,2,16,4,9,19,4,3,9,1,22,26,26,3,26,2,22,1,19,25,2,5,4,15,18,12,22,8,4,11,2,2,13,17,23,8,16,25,15,17,12,3,14,12,25,11,13,24,7,11,16,12,25,4,3,17,5,6,10,7,8,12,26,8,25,24,7,1,17,21",5000,100
3,26,353856.4955577303,28.749273209233856,"1,19,3,11,12,16,18,14,18,13,22,19,4,1,6,26,17,10,25,10,20,7,2,21,2,4,8,5,23,6,15,14,20,5,9,3,24,22,25,25,18,9,15,12,23,12,12,16,13,20,22,14,16,1,25,22,25,10,9,24,24,26,17,19,9,1,22,9,2,3,26,19,9,20,5,24,18,17,8,20,13,23,3,25,26,6,9,23,24,15,21,13,21,16,9,11,19,10,26,19,11,21,21,14,6,5,2,16,4,9,19,4,3,9,1,22,26,26,3,26,2,22,1,19,25,2,5,4,15,18,12,22,8,4,11,2,2,13,17,23,8,16,25,15,17,12,3,14,12,25,11,13,24,7,11,16,12,25,4,3,17,5,6,10,7,8,12,26,8,25,24,7,1,17,21",5000,100
3,27,353856.4955577303,28.749273209233856,"1,19,3,11,12,16,18,14,18,13,22,19,4,1,6,26,17,10,25,10,20,7,2,21,2,4,8,5,23,6,15,14,20,5,9,3,24,22,25,25,18,9,15,12,23,12,12,16,13,20,22,14,16,1,25,22,25,10,9,24,24,26,17,19,9,1,22,9,2,3,26,19,9,20,5,24,18,17,8,20,13,23,3,25,26,6,9,23,24,15,21,13,21,16,9,11,19,10,26,19,11,21,21,14,6,5,2,16,4,9,19,4,3,9,1,22,26,26,3,26,2,22,1,19,25,2,5,4,15,18,12,22,8,4,11,2,2,13,17,23,8,16,25,15,17,12,3,14,12,25,11,13,24,7,11,16,12,25,4,3,17,5,6,10,7,8,12,26,8,25,24,7,1,17,21",5000,100
3,28,353856.4955577303,28.749273209233856,"1,19,3,11,12,16,18,14,18,13,22,19,4,1,6,26,17,10,25,10,20,7,2,21,2,4,8,5,23,6,15,14,20,5,9,3,24,22,25,25,18,9,15,12,23,12,12,16,13,20,22,14,16,1,25,22,25,10,9,24,24,26,17,19,9,1,22,9,2,3,26,19,9,20,5,24,18,17,8,20,13,23,3,25,26,6,9,23,24,15,21,13,21,16,9,11,19,10,26,19,11,21,21,14,6,5,2,16,4,9,19,4,3,9,1,22,26,26,3,26,2,22,1,19,25,2,5,4,15,18,12,22,8,4,11,2,2,13,17,23,8,16,25,15,17,12,3,14,12,25,11,13,24,7,11,16,12,25,4,3,17,5,6,10,7,8,12,26,8,25,24,7,1,17,21",5000,100
3,29,353856.4955577303,28.749273209233856,"1,19,3,11,12,16,18,14,18,13,22,19,4,1,6,26,17,10,25,10,20,7,2,21,2,4,8,5,23,6,15,14,20,5,9,3,24,22,25,25,18,9,15,12,23,12,12,16,13,20,22,14,16,1,25,22,25,10,9,24,24,26,17,19,9,1,22,9,2,3,26,19,9,20,5,24,18,17,8,20,13,23,3,25,26,6,9,23,24,15,21,13,21,16,9,11,19,10,26,19,11,21,21,14,6,5,2,16,4,9,19,4,3,9,1,22,26,26,3,26,2,22,1,19,25,2,5,4,15,18,12,22,8,4,11,2,2,13,17,23,8,16,25,15,17,12,3,14,12,25,11,13,24,7,11,16,12,25,4,3,17,5,6,10,7,8,12,26,8,25,24,7,1,17,21",5000,100
3,30,353856.4955577303,28.749273209233856,"1,19,3,11,12,16,18,14,18,13,22,19,4,1,6,26,17,10,25,10,20,7,2,21,2,4,8,5,23,6,15,14,20,5,9,3,24,22,25,25,18,9,15,12,23,12,12,16,13,20,22,14,16,1,25,22,25,10,9,24,24,26,17,19,9,1,22,9,2,3,26,19,9,20,5,24,18,17,8,20,13,23,3,25,26,6,9,23,24,15,21,13,21,16,9,11,19,10,26,19,11,21,21,14,6,5,2,16,4,9,19,4,3,9,1,22,26,26,3,26,2,22,1,19,25,2,5,4,15,18,12,22,8,4,11,2,2,13,17,23,8,16,25,15,17,12,3,14,12,25,11,13,24,7,11,16,12,25,4,3,17,5,6,10,7,8,12,26,8,25,24,7,1,17,21",5000,100
3,31,353856.4955577303,28.749273209233856,"1,19,3,11,12,16,18,14,18,13,22,19,4,1,6,26,17,10,25,10,20,7,2,21,2,4,8,5,23,6,15,14,20,5,9,3,24,22,25,25,18,9,15,12,23,12,12,16,13,20,22,14,16,1,25,22,25,10,9,24,24,26,17,19,9,1,22,9,2,3,26,19,9,20,5,24,18,17,8,20,13,23,3,25,26,6,9,23,24,15,21,13,21,16,9,11,19,10,26,19,11,21,21,14,6,5,2,16,4,9,19,4,3,9,1,22,26,26,3,26,2,22,1,19,25,2,5,4,15,18,12,22,8,4,11,2,2,13,17,23,8,16,25,15,17,12,3,14,12,25,11,13,24,7,11,16,12,25,4,3,17,5,6,10,7,8,12,26,8,25,24,7,1,17,21",5000,100
3,32,353856.4955577303,28.749273209233856,"1,19,3,11,12,16,18,14,18,13,22,19,4,1,6,26,17,10,25,10,20,7,2,21,2,4,8,5,23,6,15,14,20,5,9,3,24,22,25,25,18,9,15,12,23,12,12,16,13,20,22,14,16,1,25,22,25,10,9,24,24,26,17,19,9,1,22,9,2,3,26,19,9,20,5,24,18,17,8,20,13,23,3,25,26,6,9,23,24,15,21,13,21,16,9,11,19,10,26,19,11,21,21,14,6,5,2,16,4,9,19,4,3,9,1,22,26,26,3,26,2,22,1,19,25,2,5,4,15,18,12,22,8,4,11,2,2,13,17,23,8,16,25,15,17,12,3,14,12,25,11,13,24,7,11,16,12,25,4,3,17,5,6,10,7,8,12,26,8,25,24,7,1,17,21",5000,100
3,33,353856.4955577303,28.749273209233856,"1,19,3,11,12,16,18,14,18,13,22,19,4,1,6,26,17,10,25,10,20,7,2,21,2,4,8,5,23,6,15,14,20,5,9,3,24,22,25,25,18,9,15,12,23,12,12,16,13,20,22,14,16,1,25,22,25,10,9,24,24,26,17,19,9,1,22,9,2,3,26,19,9,20,5,24,18,17,8,20,13,23,3,25,26,6,9,23,24,15,21,13,21,16,9,11,19,10,26,19,11,21,21,14,6,5,2,16,4,9,19,4,3,9,1,22,26,26,3,26,2,22,1,19,25,2,5,4,15,18,12,22,8,4,11,2,2,13,17,23,8,16,25,15,17,12,3,14,12,25,11,13,24,7,11,16,12,25,4,3,17,5,6,10,7,8,12,26,8,25,24,7,1,17,21",5000,100
3,34,353856.4955577303,28.749273209233856,"1,19,3,11,12,16,18,14,18,13,22,19,4,1,6,26,17,10,25,10,20,7,2,21,2,4,8,5,23,6,15,14,20,5,9,3,24,22,25,25,18,9,15,12,23,12,12,16,13,20,22,14,16,1,25,22,25,10,9,24,24,26,17,19,9,1,22,9,2,3,26,19,9,20,5,24,18,17,8,20,13,23,3,25,26,6,9,23,24,15,21,13,21,16,9,11,19,10,26,19,11,21,21,14,6,5,2,16,4,9,19,4,3,9,1,22,26,26,3,26,2,22,1,19,25,2,5,4,15,18,12,22,8,4,11,2,2,13,17,23,8,16,25,15,17,12,3,14,12,25,11,13,24,7,11,16,12,25,4,3,17,5,6,10,7,8,12,26,8,25,24,7,1,17,21",5000,100
3,35,353856.4955577303,28.749273209233856,"1,19,3,11,12,16,18,14,18,13,22,19,4,1,6,26,17,10,25,10,20,7,2,21,2,4,8,5,23,6,15,14,20,5,9,3,24,22,25,25,18,9,15,12,23,12,12,16,13,20,22,14,16,1,25,22,25,10,9,24,24,26,17,19,9,1,22,9,2,3,26,19,9,20,5,24,18,17,8,20,13,23,3,25,26,6,9,23,24,15,21,13,21,16,9,11,19,10,26,19,11,21,21,14,6,5,2,16,4,9,19,4,3,9,1,22,26,26,3,26,2,22,1,19,25,2,5,4,15,18,12,22,8,4,11,2,2,13,17,23,8,16,25,15,17,12,3,14,12,25,11,13,24,7,11,16,12,25,4,3,17,5,6,10,7,8,12,26,8,25,24,7,1,17,21",5000,100
3,36,353856.4955577303,28.749273209233856,"1,19,3,11,12,16,18,14,18,13,22,19,4,1,6,26,17,10,25,10,20,7,2,21,2,4,8,5,23,6,15,14,20,5,9,3,24,22,25,25,18,9,15,12,23,12,12,16,13,20,22,14,16,1,25,22,25,10,9,24,24,26,17,19,9,1,22,9,2,3,26,19,9,20,5,24,18,17,8,20,13,23,3,25,26,6,9,23,24,15,21,13,21,16,9,11,19,10,26,19,11,21,21,14,6,5,2,16,4,9,19,4,3,9,1,22,26,26,3,26,2,22,1,19,25,2,5,4,15,18,12,22,8,4,11,2,2,13,17,23,8,16,25,15,17,12,3,14,12,25,11,13,24,7,11,16,12,25,4,3,17,5,6,10,7,8,12,26,8,25,24,7,1,17,21",5000,100
3,37,353856.4955577303,28.749273209233856,"1,19,3,11,12,16,18,14,18,13,22,19,4,1,6,26,17,10,25,10,20,7,2,21,2,4,8,5,23,6,15,14,20,5,9,3,24,22,25,25,18,9,15,12,23,12,12,16,13,20,22,14,16,1,25,22,25,10,9,24,24,26,17,19,9,1,22,9,2,3,26,19,9,20,5,24,18,17,8,20,13,23,3,25,26,6,9,23,24,15,21,13,21,16,9,11,19,10,26,19,11,21,21,14,6,5,2,16,4,9,19,4,3,9,1,22,26,26,3,26,2,22,1,19,25,2,5,4,15,18,12,22,8,4,11,2,2,13,17,23,8,16,25,15,17,12,3,14,12,25,11,13,24,7,11,16,12,25,4,3,17,5,6,10,7,8,12,26,8,25,24,7,1,17,21",5000,100
3,38,353856.4955577303,28.749273209233856,"1,19,3,11,12,16,18,14,18,13,22,19,4,1,6,26,17,10,25,10,20,7,2,21,2,4,8,5,23,6,15,14,20,5,9,3,24,22,25,25,18,9,15,12,23,12,12,16,13,20,22,14,16,1,25,22,25,10,9,24,24,26,17,19,9,1,22,9,2,3,26,19,9,20,5,24,18,17,8,20,13,23,3,25,26,6,9,23,24,15,21,13,21,16,9,11,19,10,26,19,11,21,21,14,6,5,2,16,4,9,19,4,3,9,1,22,26,26,3,26,2,22,1,19,25,2,5,4,15,18,12,22,8,4,11,2,2,13,17,23,8,16,25,15,17,12,3,14,12,25,11,13,24,7,11,16,12,25,4,3,17,5,6,10,7,8,12,26,8,25,24,7,1,17,21",5000,100
3,39,353856.4955577303,28.749273209233856,"1,19,3,11,12,16,18,14,18,13,22,19,4,1,6,26,17,10,25,10,20,7,2,21,2,4,8,5,23,6,15,14,20,5,9,3,24,22,25,25,18,9,15,12,23,12,12,16,13,20,22,14,16,1,25,22,25,10,9,24,24,26,17,19,9,1,22,9,2,3,26,19,9,20,5,24,18,17,8,20,13,23,3,25,26,6,9,23,24,15,21,13,21,16,9,11,19,10,26,19,11,21,21,14,6,5,2,16,4,9,19,4,3,9,1,22,26,26,3,26,2,22,1,19,25,2,5,4,15,18,12,22,8,4,11,2,2,13,17,23,8,16,25,15,17,12,3,14,12,25,11,13,24,7,11,16,12,25,4,3,17,5,6,10,7,8,12,26,8,25,24,7,1,17,21",5000,100
3,40,353856.4955577303,28.749273209233856,"1,19,3,11,12,16,18,14,18,13,22,19,4,1,6,26,17,10,25,10,20,7,2,21,2,4,8,5,23,6,15,14,20,5,9,3,24,22,25,25,18,9,15,12,23,12,12,16,13,20,22,14,16,1,25,22,25,10,9,24,24,26,17,19,9,1,22,9,2,3,26,19,9,20,5,24,18,17,8,20,13,23,3,25,26,6,9,23,24,15,21,13,21,16,9,11,19,10,26,19,11,21,21,14,6,5,2,16,4,9,19,4,3,9,1,22,26,26,3,26,2,22,1,19,25,2,5,4,15,18,12,22,8,4,11,2,2,13,17,23,8,16,25,15,17,12,3,14,12,25,11,13,24,7,11,16,12,25,4,3,17,5,6,10,7,8,12,26,8,25,24,7,1,17,21",5000,100
3,41,353856.4955577303,28.749273209233856,"1,19,3,11,12,16,18,14,18,13,22,19,4,1,6,26,17,10,25,10,20,7,2,21,2,4,8,5,23,6,15,14,20,5,9,3,24,22,25,25,18,9,15,12,23,12,12,16,13,20,22,14,16,1,25,22,25,10,9,24,24,26,17,19,9,1,22,9,2,3,26,19,9,20,5,24,18,17,8,20,13,23,3,25,26,6,9,23,24,15,21,13,21,16,9,11,19,10,26,19,11,21,21,14,6,5,2,16,4,9,19,4,3,9,1,22,26,26,3,26,2,22,1,19,25,2,5,4,15,18,12,22,8,4,11,2,2,13,17,23,8,16,25,15,17,12,3,14,12,25,11,13,24,7,11,16,12,25,4,3,17,5,6,10,7,8,12,26,8,25,24,7,1,17,21",5000,100
3,42,353856.4955577303,28.749273209233856,"1,19,3,11,12,16,18,14,18,13,22,19,4,1,6,26,17,10,25,10,20,7,2,21,2,4,8,5,23,6,15,14,20,5,9,3,24,22,25,25,18,9,15,12,23,12,12,16,13,20,22,14,16,1,25,22,25,10,9,24,24,26,17,19,9,1,22,9,2,3,26,19,9,20,5,24,18,17,8,20,13,23,3,25,26,6,9,23,24,15,21,13,21,16,9,11,19,10,26,19,11,21,21,14,6,5,2,16,4,9,19,4,3,9,1,22,26,26,3,26,2,22,1,19,25,2,5,4,15,18,12,22,8,4,11,2,2,13,17,23,8,16,25,15,17,12,3,14,12,25,11,13,24,7,11,16,12,25,4,3,17,5,6,10,7,8,12,26,8,25,24,7,1,17,21",5000,100
3,43,353856.4955577303,28.749273209233856,"1,19,3,11,12,16,18,14,18,13,22,19,4,1,6,26,17,10,25,10,20,7,2,21,2,4,8,5,23,6,15,14,20,5,9,3,24,22,25,25,18,9,15,12,23,12,12,16,13,20,22,14,16,1,25,22,25,10,9,24,24,26,17,19,9,1,22,9,2,3,26,19,9,20,5,24,18,17,8,20,13,23,3,25,26,6,9,23,24,15,21,13,21,16,9,11,19,10,26,19,11,21,21,14,6,5,2,16,4,9,19,4,3,9,1,22,26,26,3,26,2,22,1,19,25,2,5,4,15,18,12,22,8,4,11,2,2,13,17,23,8,16,25,15,17,12,3,14,12,25,11,13,24,7,11,16,12,25,4,3,17,5,6,10,7,8,12,26,8,25,24,7,1,17,21",5000,100
3,44,353856.4955577303,28.749273209233856,"1,19,3,11,12,16,18,14,18,13,22,19,4,1,6,26,17,10,25,10,20,7,2,21,2,4,8,5,23,6,15,14,20,5,9,3,24,22,25,25,18,9,15,12,23,12,12,16,13,20,22,14,16,1,25,22,25,10,9,24,24,26,17,19,9,1,22,9,2,3,26,19,9,20,5,24,18,17,8,20,13,23,3,25,26,6,9,23,24,15,21,13,21,16,9,11,19,10,26,19,11,21,21,14,6,5,2,16,4,9,19,4,3,9,1,22,26,26,3,26,2,22,1,19,25,2,5,4,15,18,12,22,8,4,11,2,2,13,17,23,8,16,25,15,17,12,3,14,12,25,11,13,24,7,11,16,12,25,4,3,17,5,6,10,7,8,12,26,8,25,24,7,1,17,21",5000,100
3,45,353856.4955577303,28.749273209233856,"1,19,3,11,12,16,18,14,18,13,22,19,4,1,6,26,17,10,25,10,20,7,2,21,2,4,8,5,23,6,15,14,20,5,9,3,24,22,25,25,18,9,15,12,23,12,12,16,13,20,22,14,16,1,25,22,25,10,9,24,24,26,17,19,9,1,22,9,2,3,26,19,9,20,5,24,18,17,8,20,13,23,3,25,26,6,9,23,24,15,21,13,21,16,9,11,19,10,26,19,11,21,21,14,6,5,2,16,4,9,19,4,3,9,1,22,26,26,3,26,2,22,1,19,25,2,5,4,15,18,12,22,8,4,11,2,2,13,17,23,8,16,25,15,17,12,3,14,12,25,11,13,24,7,11,16,12,25,4,3,17,5,6,10,7,8,12,26,8,25,24,7,1,17,21",5000,100
3,46,353856.4955577303,28.749273209233856,"1,19,3,11,12,16,18,14,18,13,22,19,4,1,6,26,17,10,25,10,20,7,2,21,2,4,8,5,23,6,15,14,20,5,9,3,24,22,25,25,18,9,15,12,23,12,12,16,13,20,22,14,16,1,25,22,25,10,9,24,24,26,17,19,9,1,22,9,2,3,26,19,9,20,5,24,18,17,8,20,13,23,3,25,26,6,9,23,24,15,21,13,21,16,9,11,19,10,26,19,11,21,21,14,6,5,2,16,4,9,19,4,3,9,1,22,26,26,3,26,2,22,1,19,25,2,5,4,15,18,12,22,8,4,11,2,2,13,17,23,8,16,25,15,17,12,3,14,12,25,11,13,24,7,11,16,12,25,4,3,17,5,6,10,7,8,12,26,8,25,24,7,1,17,21",5000,100
3,47,353856.4955577303,28.749273209233856,"1,19,3,11,12,16,18,14,18,13,22,19,4,1,6,26,17,10,25,10,20,7,2,21,2,4,8,5,23,6,15,14,20,5,9,3,24,22,25,25,18,9,15,12,23,12,12,16,13,20,22,14,16,1,25,22,25,10,9,24,24,26,17,19,9,1,22,9,2,3,26,19,9,20,5,24,18,17,8,20,13,23,3,25,26,6,9,23,24,15,21,13,21,16,9,11,19,10,26,19,11,21,21,14,6,5,2,16,4,9,19,4,3,9,1,22,26,26,3,26,2,22,1,19,25,2,5,4,15,18,12,22,8,4,11,2,2,13,17,23,8,16,25,15,17,12,3,14,12,25,11,13,24,7,11,16,12,25,4,3,17,5,6,10,7,8,12,26,8,25,24,7,1,17,21",5000,100
3,48,353856.4955577303,28.749273209233856,"1,19,3,11,12,16,18,14,18,13,22,19,4,1,6,26,17,10,25,10,20,7,2,21,2,4,8,5,23,6,15,14,20,5,9,3,24,22,25,25,18,9,15,12,23,12,12,16,13,20,22,14,16,1,25,22,25,10,9,24,24,26,17,19,9,1,22,9,2,3,26,19,9,20,5,24,18,17,8,20,13,23,3,25,26,6,9,23,24,15,21,13,21,16,9,11,19,10,26,19,11,21,21,14,6,5,2,16,4,9,19,4,3,9,1,22,26,26,3,26,2,22,1,19,25,2,5,4,15,18,12,22,8,4,11,2,2,13,17,23,8,16,25,15,17,12,3,14,12,25,11,13,24,7,11,16,12,25,4,3,17,5,6,10,7,8,12,26,8,25,24,7,1,17,21",5000,100
3,49,353856.4955577303,28.749273209233856,"1,19,3,11,12,16,18,14,18,13,22,19,4,1,6,26,17,10,25,10,20,7,2,21,2,4,8,5,23,6,15,14,20,5,9,3,24,22,25,25,18,9,15,12,23,12,12,16,13,20,22,14,16,1,25,22,25,10,9,24,24,26,17,19,9,1,22,9,2,3,26,19,9,20,5,24,18,17,8,20,13,23,3,25,26,6,9,23,24,15,21,13,21,16,9,11,19,10,26,19,11,21,21,14,6,5,2,16,4,9,19,4,3,9,1,22,26,26,3,26,2,22,1,19,25,2,5,4,15,18,12,22,8,4,11,2,2,13,17,23,8,16,25,15,17,12,3,14,12,25,11,13,24,7,11,16,12,25,4,3,17,5,6,10,7,8,12,26,8,25,24,7,1,17,21",5000,100
3,50,353856.4955577303,28.749273209233856,"1,19,3,11,12,16,18,14,18,13,22,19,4,1,6,26,17,10,25,10,20,7,2,21,2,4,8,5,23,6,15,14,20,5,9,3,24,22,25,25,18,9,15,12,23,12,12,16,13,20,22,14,16,1,25,22,25,10,9,24,24,26,17,19,9,1,22,9,2,3,26,19,9,20,5,24,18,17,8,20,13,23,3,25,26,6,9,23,24,15,21,13,21,16,9,11,19,10,26,19,11,21,21,14,6,5,2,16,4,9,19,4,3,9,1,22,26,26,3,26,2,22,1,19,25,2,5,4,15,18,12,22,8,4,11,2,2,13,17,23,8,16,25,15,17,12,3,14,12,25,11,13,24,7,11,16,12,25,4,3,17,5,6,10,7,8,12,26,8,25,24,7,1,17,21",5000,100
3,51,353856.4955577303,28.749273209233856,"1,19,3,11,12,16,18,14,18,13,22,19,4,1,6,26,17,10,25,10,20,7,2,21,2,4,8,5,23,6,15,14,20,5,9,3,24,22,25,25,18,9,15,12,23,12,12,16,13,20,22,14,16,1,25,22,25,10,9,24,24,26,17,19,9,1,22,9,2,3,26,19,9,20,5,24,18,17,8,20,13,23,3,25,26,6,9,23,24,15,21,13,21,16,9,11,19,10,26,19,11,21,21,14,6,5,2,16,4,9,19,4,3,9,1,22,26,26,3,26,2,22,1,19,25,2,5,4,15,18,12,22,8,4,11,2,2,13,17,23,8,16,25,15,17,12,3,14,12,25,11,13,24,7,11,16,12,25,4,3,17,5,6,10,7,8,12,26,8,25,24,7,1,17,21",5000,100
3,52,353856.4955577303,28.749273209233856,"1,19,3,11,12,16,18,14,18,13,22,19,4,1,6,26,17,10,25,10,20,7,2,21,2,4,8,5,23,6,15,14,20,5,9,3,24,22,25,25,18,9,15,12,23,12,12,16,13,20,22,14,16,1,25,22,25,10,9,24,24,26,17,19,9,1,22,9,2,3,26,19,9,20,5,24,18,17,8,20,13,23,3,25,26,6,9,23,24,15,21,13,21,16,9,11,19,10,26,19,11,21,21,14,6,5,2,16,4,9,19,4,3,9,1,22,26,26,3,26,2,22,1,19,25,2,5,4,15,18,12,22,8,4,11,2,2,13,17,23,8,16,25,15,17,12,3,14,12,25,11,13,24,7,11,16,12,25,4,3,17,5,6,10,7,8,12,26,8,25,24,7,1,17,21",5000,100
3,53,353856.4955577303,28.749273209233856,"1,19,3,11,12,16,18,14,18,13,22,19,4,1,6,26,17,10,25,10,20,7,2,21,2,4,8,5,23,6,15,14,20,5,9,3,24,22,25,25,18,9,15,12,23,12,12,16,13,20,22,14,16,1,25,22,25,10,9,24,24,26,17,19,9,1,22,9,2,3,26,19,9,20,5,24,18,17,8,20,13,23,3,25,26,6,9,23,24,15,21,13,21,16,9,11,19,10,26,19,11,21,21,14,6,5,2,16,4,9,19,4,3,9,1,22,26,26,3,26,2,22,1,19,25,2,5,4,15,18,12,22,8,4,11,2,2,13,17,23,8,16,25,15,17,12,3,14,12,25,11,13,24,7,11,16,12,25,4,3,17,5,6,10,7,8,12,26,8,25,24,7,1,17,21",5000,100
3,54,353856.4955577303,28.749273209233856,"1,19,3,11,12,16,18,14,18,13,22,19,4,1,6,26,17,10,25,10,20,7,2,21,2,4,8,5,23,6,15,14,20,5,9,3,24,22,25,25,18,9,15,12,23,12,12,16,13,20,22,14,16,1,25,22,25,10,9,24,24,26,17,19,9,1,22,9,2,3,26,19,9,20,5,24,18,17,8,20,13,23,3,25,26,6,9,23,24,15,21,13,21,16,9,11,19,10,26,19,11,21,21,14,6,5,2,16,4,9,19,4,3,9,1,22,26,26,3,26,2,22,1,19,25,2,5,4,15,18,12,22,8,4,11,2,2,13,17,23,8,16,25,15,17,12,3,14,12,25,11,13,24,7,11,16,12,25,4,3,17,5,6,10,7,8,12,26,8,25,24,7,1,17,21",5000,100
3,55,353856.4955577303,28.749273209233856,"1,19,3,11,12,16,18,14,18,13,22,19,4,1,6,26,17,10,25,10,20,7,2,21,2,4,8,5,23,6,15,14,20,5,9,3,24,22,25,25,18,9,15,12,23,12,12,16,13,20,22,14,16,1,25,22,25,10,9,24,24,26,17,19,9,1,22,9,2,3,26,19,9,20,5,24,18,17,8,20,13,23,3,25,26,6,9,23,24,15,21,13,21,16,9,11,19,10,26,19,11,21,21,14,6,5,2,16,4,9,19,4,3,9,1,22,26,26,3,26,2,22,1,19,25,2,5,4,15,18,12,22,8,4,11,2,2,13,17,23,8,16,25,15,17,12,3,14,12,25,11,13,24,7,11,16,12,25,4,3,17,5,6,10,7,8,12,26,8,25,24,7,1,17,21",5000,100
3,56,353856.4955577303,28.749273209233856,"1,19,3,11,12,16,18,14,18,13,22,19,4,1,6,26,17,10,25,10,20,7,2,21,2,4,8,5,23,6,15,14,20,5,9,3,24,22,25,25,18,9,15,12,23,12,12,16,13,20,22,14,16,1,25,22,25,10,9,24,24,26,17,19,9,1,22,9,2,3,26,19,9,20,5,24,18,17,8,20,13,23,3,25,26,6,9,23,24,15,21,13,21,16,9,11,19,10,26,19,11,21,21,14,6,5,2,16,4,9,19,4,3,9,1,22,26,26,3,26,2,22,1,19,25,2,5,4,15,18,12,22,8,4,11,2,2,13,17,23,8,16,25,15,17,12,3,14,12,25,11,13,24,7,11,16,12,25,4,3,17,5,6,10,7,8,12,26,8,25,24,7,1,17,21",5000,100
3,57,353856.4955577303,28.749273209233856,"1,19,3,11,12,16,18,14,18,13,22,19,4,1,6,26,17,10,25,10,20,7,2,21,2,4,8,5,23,6,15,14,20,5,9,3,24,22,25,25,18,9,15,12,23,12,12,16,13,20,22,14,16,1,25,22,25,10,9,24,24,26,17,19,9,1,22,9,2,3,26,19,9,20,5,24,18,17,8,20,13,23,3,25,26,6,9,23,24,15,21,13,21,16,9,11,19,10,26,19,11,21,21,14,6,5,2,16,4,9,19,4,3,9,1,22,26,26,3,26,2,22,1,19,25,2,5,4,15,18,12,22,8,4,11,2,2,13,17,23,8,16,25,15,17,12,3,14,12,25,11,13,24,7,11,16,12,25,4,3,17,5,6,10,7,8,12,26,8,25,24,7,1,17,21",5000,100
3,58,353856.4955577303,28.749273209233856,"1,19,3,11,12,16,18,14,18,13,22,19,4,1,6,26,17,10,25,10,20,7,2,21,2,4,8,5,23,6,15,14,20,5,9,3,24,22,25,25,18,9,15,12,23,12,12,16,13,20,22,14,16,1,25,22,25,10,9,24,24,26,17,19,9,1,22,9,2,3,26,19,9,20,5,24,18,17,8,20,13,23,3,25,26,6,9,23,24,15,21,13,21,16,9,11,19,10,26,19,11,21,21,14,6,5,2,16,4,9,19,4,3,9,1,22,26,26,3,26,2,22,1,19,25,2,5,4,15,18,12,22,8,4,11,2,2,13,17,23,8,16,25,15,17,12,3,14,12,25,11,13,24,7,11,16,12,25,4,3,17,5,6,10,7,8,12,26,8,25,24,7,1,17,21",5000,100
3,59,353856.4955577303,28.749273209233856,"1,19,3,11,12,16,18,14,18,13,22,19,4,1,6,26,17,10,25,10,20,7,2,21,2,4,8,5,23,6,15,14,20,5,9,3,24,22,25,25,18,9,15,12,23,12,12,16,13,20,22,14,16,1,25,22,25,10,9,24,24,26,17,19,9,1,22,9,2,3,26,19,9,20,5,24,18,17,8,20,13,23,3,25,26,6,9,23,24,15,21,13,21,16,9,11,19,10,26,19,11,21,21,14,6,5,2,16,4,9,19,4,3,9,1,22,26,26,3,26,2,22,1,19,25,2,5,4,15,18,12,22,8,4,11,2,2,13,17,23,8,16,25,15,17,12,3,14,12,25,11,13,24,7,11,16,12,25,4,3,17,5,6,10,7,8,12,26,8,25,24,7,1,17,21",5000,100
3,60,353856.4955577303,28.749273209233856,"1,19,3,11,12,16,18,14,18,13,22,19,4,1,6,26,17,10,25,10,20,7,2,21,2,4,8,5,23,6,15,14,20,5,9,3,24,22,25,25,18,9,15,12,23,12,12,16,13,20,22,14,16,1,25,22,25,10,9,24,24,26,17,19,9,1,22,9,2,3,26,19,9,20,5,24,18,17,8,20,13,23,3,25,26,6,9,23,24,15,21,13,21,16,9,11,19,10,26,19,11,21,21,14,6,5,2,16,4,9,19,4,3,9,1,22,26,26,3,26,2,22,1,19,25,2,5,4,15,18,12,22,8,4,11,2,2,13,17,23,8,16,25,15,17,12,3,14,12,25,11,13,24,7,11,16,12,25,4,3,17,5,6,10,7,8,12,26,8,25,24,7,1,17,21",5000,100
3,61,353856.4955577303,28.749273209233856,"1,19,3,11,12,16,18,14,18,13,22,19,4,1,6,26,17,10,25,10,20,7,2,21,2,4,8,5,23,6,15,14,20,5,9,3,24,22,25,25,18,9,15,12,23,12,12,16,13,20,22,14,16,1,25,22,25,10,9,24,24,26,17,19,9,1,22,9,2,3,26,19,9,20,5,24,18,17,8,20,13,23,3,25,26,6,9,23,24,15,21,13,21,16,9,11,19,10,26,19,11,21,21,14,6,5,2,16,4,9,19,4,3,9,1,22,26,26,3,26,2,22,1,19,25,2,5,4,15,18,12,22,8,4,11,2,2,13,17,23,8,16,25,15,17,12,3,14,12,25,11,13,24,7,11,16,12,25,4,3,17,5,6,10,7,8,12,26,8,25,24,7,1,17,21",5000,100
3,62,353856.4955577303,28.749273209233856,"1,19,3,11,12,16,18,14,18,13,22,19,4,1,6,26,17,10,25,10,20,7,2,21,2,4,8,5,23,6,15,14,20,5,9,3,24,22,25,25,18,9,15,12,23,12,12,16,13,20,22,14,16,1,25,22,25,10,9,24,24,26,17,19,9,1,22,9,2,3,26,19,9,20,5,24,18,17,8,20,13,23,3,25,26,6,9,23,24,15,21,13,21,16,9,11,19,10,26,19,11,21,21,14,6,5,2,16,4,9,19,4,3,9,1,22,26,26,3,26,2,22,1,19,25,2,5,4,15,18,12,22,8,4,11,2,2,13,17,23,8,16,25,15,17,12,3,14,12,25,11,13,24,7,11,16,12,25,4,3,17,5,6,10,7,8,12,26,8,25,24,7,1,17,21",5000,100
3,63,353856.4955577303,28.749273209233856,"1,19,3,11,12,16,18,14,18,13,22,19,4,1,6,26,17,10,25,10,20,7,2,21,2,4,8,5,23,6,15,14,20,5,9,3,24,22,25,25,18,9,15,12,23,12,12,16,13,20,22,14,16,1,25,22,25,10,9,24,24,26,17,19,9,1,22,9,2,3,26,19,9,20,5,24,18,17,8,20,13,23,3,25,26,6,9,23,24,15,21,13,21,16,9,11,19,10,26,19,11,21,21,14,6,5,2,16,4,9,19,4,3,9,1,22,26,26,3,26,2,22,1,19,25,2,5,4,15,18,12,22,8,4,11,2,2,13,17,23,8,16,25,15,17,12,3,14,12,25,11,13,24,7,11,16,12,25,4,3,17,5,6,10,7,8,12,26,8,25,24,7,1,17,21",5000,100
3,64,353856.4955577303,28.749273209233856,"1,19,3,11,12,16,18,14,18,13,22,19,4,1,6,26,17,10,25,10,20,7,2,21,2,4,8,5,23,6,15,14,20,5,9,3,24,22,25,25,18,9,15,12,23,12,12,16,13,20,22,14,16,1,25,22,25,10,9,24,24,26,17,19,9,1,22,9,2,3,26,19,9,20,5,24,18,17,8,20,13,23,3,25,26,6,9,23,24,15,21,13,21,16,9,11,19,10,26,19,11,21,21,14,6,5,2,16,4,9,19,4,3,9,1,22,26,26,3,26,2,22,1,19,25,2,5,4,15,18,12,22,8,4,11,2,2,13,17,23,8,16,25,15,17,12,3,14,12,25,11,13,24,7,11,16,12,25,4,3,17,5,6,10,7,8,12,26,8,25,24,7,1,17,21",5000,100
3,65,353856.4955577303,28.749273209233856,"1,19,3,11,12,16,18,14,18,13,22,19,4,1,6,26,17,10,25,10,20,7,2,21,2,4,8,5,23,6,15,14,20,5,9,3,24,22,25,25,18,9,15,12,23,12,12,16,13,20,22,14,16,1,25,22,25,10,9,24,24,26,17,19,9,1,22,9,2,3,26,19,9,20,5,24,18,17,8,20,13,23,3,25,26,6,9,23,24,15,21,13,21,16,9,11,19,10,26,19,11,21,21,14,6,5,2,16,4,9,19,4,3,9,1,22,26,26,3,26,2,22,1,19,25,2,5,4,15,18,12,22,8,4,11,2,2,13,17,23,8,16,25,15,17,12,3,14,12,25,11,13,24,7,11,16,12,25,4,3,17,5,6,10,7,8,12,26,8,25,24,7,1,17,21",5000,100
3,66,353856.4955577303,28.749273209233856,"1,19,3,11,12,16,18,14,18,13,22,19,4,1,6,26,17,10,25,10,20,7,2,21,2,4,8,5,23,6,15,14,20,5,9,3,24,22,25,25,18,9,15,12,23,12,12,16,13,20,22,14,16,1,25,22,25,10,9,24,24,26,17,19,9,1,22,9,2,3,26,19,9,20,5,24,18,17,8,20,13,23,3,25,26,6,9,23,24,15,21,13,21,16,9,11,19,10,26,19,11,21,21,14,6,5,2,16,4,9,19,4,3,9,1,22,26,26,3,26,2,22,1,19,25,2,5,4,15,18,12,22,8,4,11,2,2,13,17,23,8,16,25,15,17,12,3,14,12,25,11,13,24,7,11,16,12,25,4,3,17,5,6,10,7,8,12,26,8,25,24,7,1,17,21",5000,100
3,67,353856.4955577303,28.749273209233856,"1,19,3,11,12,16,18,14,18,13,22,19,4,1,6,26,17,10,25,10,20,7,2,21,2,4,8,5,23,6,15,14,20,5,9,3,24,22,25,25,18,9,15,12,23,12,12,16,13,20,22,14,16,1,25,22,25,10,9,24,24,26,17,19,9,1,22,9,2,3,26,19,9,20,5,24,18,17,8,20,13,23,3,25,26,6,9,23,24,15,21,13,21,16,9,11,19,10,26,19,11,21,21,14,6,5,2,16,4,9,19,4,3,9,1,22,26,26,3,26,2,22,1,19,25,2,5,4,15,18,12,22,8,4,11,2,2,13,17,23,8,16,25,15,17,12,3,14,12,25,11,13,24,7,11,16,12,25,4,3,17,5,6,10,7,8,12,26,8,25,24,7,1,17,21",5000,100
3,68,353856.4955577303,28.749273209233856,"1,19,3,11,12,16,18,14,18,13,22,19,4,1,6,26,17,10,25,10,20,7,2,21,2,4,8,5,23,6,15,14,20,5,9,3,24,22,25,25,18,9,15,12,23,12,12,16,13,20,22,14,16,1,25,22,25,10,9,24,24,26,17,19,9,1,22,9,2,3,26,19,9,20,5,24,18,17,8,20,13,23,3,25,26,6,9,23,24,15,21,13,21,16,9,11,19,10,26,19,11,21,21,14,6,5,2,16,4,9,19,4,3,9,1,22,26,26,3,26,2,22,1,19,25,2,5,4,15,18,12,22,8,4,11,2,2,13,17,23,8,16,25,15,17,12,3,14,12,25,11,13,24,7,11,16,12,25,4,3,17,5,6,10,7,8,12,26,8,25,24,7,1,17,21",5000,100
3,69,353856.4955577303,28.749273209233856,"1,19,3,11,12,16,18,14,18,13,22,19,4,1,6,26,17,10,25,10,20,7,2,21,2,4,8,5,23,6,15,14,20,5,9,3,24,22,25,25,18,9,15,12,23,12,12,16,13,20,22,14,16,1,25,22,25,10,9,24,24,26,17,19,9,1,22,9,2,3,26,19,9,20,5,24,18,17,8,20,13,23,3,25,26,6,9,23,24,15,21,13,21,16,9,11,19,10,26,19,11,21,21,14,6,5,2,16,4,9,19,4,3,9,1,22,26,26,3,26,2,22,1,19,25,2,5,4,15,18,12,22,8,4,11,2,2,13,17,23,8,16,25,15,17,12,3,14,12,25,11,13,24,7,11,16,12,25,4,3,17,5,6,10,7,8,12,26,8,25,24,7,1,17,21",5000,100
3,70,353856.4955577303,28.749273209233856,"1,19,3,11,12,16,18,14,18,13,22,19,4,1,6,26,17,10,25,10,20,7,2,21,2,4,8,5,23,6,15,14,20,5,9,3,24,22,25,25,18,9,15,12,23,12,12,16,13,20,22,14,16,1,25,22,25,10,9,24,24,26,17,19,9,1,22,9,2,3,26,19,9,20,5,24,18,17,8,20,13,23,3,25,26,6,9,23,24,15,21,13,21,16,9,11,19,10,26,19,11,21,21,14,6,5,2,16,4,9,19,4,3,9,1,22,26,26,3,26,2,22,1,19,25,2,5,4,15,18,12,22,8,4,11,2,2,13,17,23,8,16,25,15,17,12,3,14,12,25,11,13,24,7,11,16,12,25,4,3,17,5,6,10,7,8,12,26,8,25,24,7,1,17,21",5000,100
3,71,353856.4955577303,28.749273209233856,"1,19,3,11,12,16,18,14,18,13,22,19,4,1,6,26,17,10,25,10,20,7,2,21,2,4,8,5,23,6,15,14,20,5,9,3,24,22,25,25,18,9,15,12,23,12,12,16,13,20,22,14,16,1,25,22,25,10,9,24,24,26,17,19,9,1,22,9,2,3,26,19,9,20,5,24,18,17,8,20,13,23,3,25,26,6,9,23,24,15,21,13,21,16,9,11,19,10,26,19,11,21,21,14,6,5,2,16,4,9,19,4,3,9,1,22,26,26,3,26,2,22,1,19,25,2,5,4,15,18,12,22,8,4,11,2,2,13,17,23,8,16,25,15,17,12,3,14,12,25,11,13,24,7,11,16,12,25,4,3,17,5,6,10,7,8,12,26,8,25,24,7,1,17,21",5000,100
3,72,353856.4955577303,28.749273209233856,"1,19,3,11,12,16,18,14,18,13,22,19,4,1,6,26,17,10,25,10,20,7,2,21,2,4,8,5,23,6,15,14,20,5,9,3,24,22,25,25,18,9,15,12,23,12,12,16,13,20,22,14,16,1,25,22,25,10,9,24,24,26,17,19,9,1,22,9,2,3,26,19,9,20,5,24,18,17,8,20,13,23,3,25,26,6,9,23,24,15,21,13,21,16,9,11,19,10,26,19,11,21,21,14,6,5,2,16,4,9,19,4,3,9,1,22,26,26,3,26,2,22,1,19,25,2,5,4,15,18,12,22,8,4,11,2,2,13,17,23,8,16,25,15,17,12,3,14,12,25,11,13,24,7,11,16,12,25,4,3,17,5,6,10,7,8,12,26,8,25,24,7,1,17,21",5000,100
3,73,353856.4955577303,28.749273209233856,"1,19,3,11,12,16,18,14,18,13,22,19,4,1,6,26,17,10,25,10,20,7,2,21,2,4,8,5,23,6,15,14,20,5,9,3,24,22,25,25,18,9,15,12,23,12,12,16,13,20,22,14,16,1,25,22,25,10,9,24,24,26,17,19,9,1,22,9,2,3,26,19,9,20,5,24,18,17,8,20,13,23,3,25,26,6,9,23,24,15,21,13,21,16,9,11,19,10,26,19,11,21,21,14,6,5,2,16,4,9,19,4,3,9,1,22,26,26,3,26,2,22,1,19,25,2,5,4,15,18,12,22,8,4,11,2,2,13,17,23,8,16,25,15,17,12,3,14,12,25,11,13,24,7,11,16,12,25,4,3,17,5,6,10,7,8,12,26,8,25,24,7,1,17,21",5000,100
3,74,353856.4955577303,28.749273209233856,"1,19,3,11,12,16,18,14,18,13,22,19,4,1,6,26,17,10,25,10,20,7,2,21,2,4,8,5,23,6,15,14,20,5,9,3,24,22,25,25,18,9,15,12,23,12,12,16,13,20,22,14,16,1,25,22,25,10,9,24,24,26,17,19,9,1,22,9,2,3,26,19,9,20,5,24,18,17,8,20,13,23,3,25,26,6,9,23,24,15,21,13,21,16,9,11,19,10,26,19,11,21,21,14,6,5,2,16,4,9,19,4,3,9,1,22,26,26,3,26,2,22,1,19,25,2,5,4,15,18,12,22,8,4,11,2,2,13,17,23,8,16,25,15,17,12,3,14,12,25,11,13,24,7,11,16,12,25,4,3,17,5,6,10,7,8,12,26,8,25,24,7,1,17,21",5000,100
3,75,353856.4955577303,28.749273209233856,"1,19,3,11,12,16,18,14,18,13,22,19,4,1,6,26,17,10,25,10,20,7,2,21,2,4,8,5,23,6,15,14,20,5,9,3,24,22,25,25,18,9,15,12,23,12,12,16,13,20,22,14,16,1,25,22,25,10,9,24,24,26,17,19,9,1,22,9,2,3,26,19,9,20,5,24,18,17,8,20,13,23,3,25,26,6,9,23,24,15,21,13,21,16,9,11,19,10,26,19,11,21,21,14,6,5,2,16,4,9,19,4,3,9,1,22,26,26,3,26,2,22,1,19,25,2,5,4,15,18,12,22,8,4,11,2,2,13,17,23,8,16,25,15,17,12,3,14,12,25,11,13,24,7,11,16,12,25,4,3,17,5,6,10,7,8,12,26,8,25,24,7,1,17,21",5000,100
3,76,353856.4955577303,28.749273209233856,"1,19,3,11,12,16,18,14,18,13,22,19,4,1,6,26,17,10,25,10,20,7,2,21,2,4,8,5,23,6,15,14,20,5,9,3,24,22,25,25,18,9,15,12,23,12,12,16,13,20,22,14,16,1,25,22,25,10,9,24,24,26,17,19,9,1,22,9,2,3,26,19,9,20,5,24,18,17,8,20,13,23,3,25,26,6,9,23,24,15,21,13,21,16,9,11,19,10,26,19,11,21,21,14,6,5,2,16,4,9,19,4,3,9,1,22,26,26,3,26,2,22,1,19,25,2,5,4,15,18,12,22,8,4,11,2,2,13,17,23,8,16,25,15,17,12,3,14,12,25,11,13,24,7,11,16,12,25,4,3,17,5,6,10,7,8,12,26,8,25,24,7,1,17,21",5000,100
3,77,353856.4955577303,28.749273209233856,"1,19,3,11,12,16,18,14,18,13,22,19,4,1,6,26,17,10,25,10,20,7,2,21,2,4,8,5,23,6,15,14,20,5,9,3,24,22,25,25,18,9,15,12,23,12,12,16,13,20,22,14,16,1,25,22,25,10,9,24,24,26,17,19,9,1,22,9,2,3,26,19,9,20,5,24,18,17,8,20,13,23,3,25,26,6,9,23,24,15,21,13,21,16,9,11,19,10,26,19,11,21,21,14,6,5,2,16,4,9,19,4,3,9,1,22,26,26,3,26,2,22,1,19,25,2,5,4,15,18,12,22,8,4,11,2,2,13,17,23,8,16,25,15,17,12,3,14,12,25,11,13,24,7,11,16,12,25,4,3,17,5,6,10,7,8,12,26,8,25,24,7,1,17,21",5000,100
3,78,353856.4955577303,28.749273209233856,"1,19,3,11,12,16,18,14,18,13,22,19,4,1,6,26,17,10,25,10,20,7,2,21,2,4,8,5,23,6,15,14,20,5,9,3,24,22,25,25,18,9,15,12,23,12,12,16,13,20,22,14,16,1,25,22,25,10,9,24,24,26,17,19,9,1,22,9,2,3,26,19,9,20,5,24,18,17,8,20,13,23,3,25,26,6,9,23,24,15,21,13,21,16,9,11,19,10,26,19,11,21,21,14,6,5,2,16,4,9,19,4,3,9,1,22,26,26,3,26,2,22,1,19,25,2,5,4,15,18,12,22,8,4,11,2,2,13,17,23,8,16,25,15,17,12,3,14,12,25,11,13,24,7,11,16,12,25,4,3,17,5,6,10,7,8,12,26,8,25,24,7,1,17,21",5000,100
3,79,353856.4955577303,28.749273209233856,"1,19,3,11,12,16,18,14,18,13,22,19,4,1,6,26,17,10,25,10,20,7,2,21,2,4,8,5,23,6,15,14,20,5,9,3,24,22,25,25,18,9,15,12,23,12,12,16,13,20,22,14,16,1,25,22,25,10,9,24,24,26,17,19,9,1,22,9,2,3,26,19,9,20,5,24,18,17,8,20,13,23,3,25,26,6,9,23,24,15,21,13,21,16,9,11,19,10,26,19,11,21,21,14,6,5,2,16,4,9,19,4,3,9,1,22,26,26,3,26,2,22,1,19,25,2,5,4,15,18,12,22,8,4,11,2,2,13,17,23,8,16,25,15,17,12,3,14,12,25,11,13,24,7,11,16,12,25,4,3,17,5,6,10,7,8,12,26,8,25,24,7,1,17,21",5000,100
3,80,353856.4955577303,28.749273209233856,"1,19,3,11,12,16,18,14,18,13,22,19,4,1,6,26,17,10,25,10,20,7,2,21,2,4,8,5,23,6,15,14,20,5,9,3,24,22,25,25,18,9,15,12,23,12,12,16,13,20,22,14,16,1,25,22,25,10,9,24,24,26,17,19,9,1,22,9,2,3,26,19,9,20,5,24,18,17,8,20,13,23,3,25,26,6,9,23,24,15,21,13,21,16,9,11,19,10,26,19,11,21,21,14,6,5,2,16,4,9,19,4,3,9,1,22,26,26,3,26,2,22,1,19,25,2,5,4,15,18,12,22,8,4,11,2,2,13,17,23,8,16,25,15,17,12,3,14,12,25,11,13,24,7,11,16,12,25,4,3,17,5,6,10,7,8,12,26,8,25,24,7,1,17,21",5000,100
3,81,353856.4955577303,28.749273209233856,"1,19,3,11,12,16,18,14,18,13,22,19,4,1,6,26,17,10,25,10,20,7,2,21,2,4,8,5,23,6,15,14,20,5,9,3,24,22,25,25,18,9,15,12,23,12,12,16,13,20,22,14,16,1,25,22,25,10,9,24,24,26,17,19,9,1,22,9,2,3,26,19,9,20,5,24,18,17,8,20,13,23,3,25,26,6,9,23,24,15,21,13,21,16,9,11,19,10,26,19,11,21,21,14,6,5,2,16,4,9,19,4,3,9,1,22,26,26,3,26,2,22,1,19,25,2,5,4,15,18,12,22,8,4,11,2,2,13,17,23,8,16,25,15,17,12,3,14,12,25,11,13,24,7,11,16,12,25,4,3,17,5,6,10,7,8,12,26,8,25,24,7,1,17,21",5000,100
3,82,353856.4955577303,28.749273209233856,"1,19,3,11,12,16,18,14,18,13,22,19,4,1,6,26,17,10,25,10,20,7,2,21,2,4,8,5,23,6,15,14,20,5,9,3,24,22,25,25,18,9,15,12,23,12,12,16,13,20,22,14,16,1,25,22,25,10,9,24,24,26,17,19,9,1,22,9,2,3,26,19,9,20,5,24,18,17,8,20,13,23,3,25,26,6,9,23,24,15,21,13,21,16,9,11,19,10,26,19,11,21,21,14,6,5,2,16,4,9,19,4,3,9,1,22,26,26,3,26,2,22,1,19,25,2,5,4,15,18,12,22,8,4,11,2,2,13,17,23,8,16,25,15,17,12,3,14,12,25,11,13,24,7,11,16,12,25,4,3,17,5,6,10,7,8,12,26,8,25,24,7,1,17,21",5000,100
3,83,353856.4955577303,28.749273209233856,"1,19,3,11,12,16,18,14,18,13,22,19,4,1,6,26,17,10,25,10,20,7,2,21,2,4,8,5,23,6,15,14,20,5,9,3,24,22,25,25,18,9,15,12,23,12,12,16,13,20,22,14,16,1,25,22,25,10,9,24,24,26,17,19,9,1,22,9,2,3,26,19,9,20,5,24,18,17,8,20,13,23,3,25,26,6,9,23,24,15,21,13,21,16,9,11,19,10,26,19,11,21,21,14,6,5,2,16,4,9,19,4,3,9,1,22,26,26,3,26,2,22,1,19,25,2,5,4,15,18,12,22,8,4,11,2,2,13,17,23,8,16,25,15,17,12,3,14,12,25,11,13,24,7,11,16,12,25,4,3,17,5,6,10,7,8,12,26,8,25,24,7,1,17,21",5000,100
3,84,353856.4955577303,28.749273209233856,"1,19,3,11,12,16,18,14,18,13,22,19,4,1,6,26,17,10,25,10,20,7,2,21,2,4,8,5,23,6,15,14,20,5,9,3,24,22,25,25,18,9,15,12,23,12,12,16,13,20,22,14,16,1,25,22,25,10,9,24,24,26,17,19,9,1,22,9,2,3,26,19,9,20,5,24,18,17,8,20,13,23,3,25,26,6,9,23,24,15,21,13,21,16,9,11,19,10,26,19,11,21,21,14,6,5,2,16,4,9,19,4,3,9,1,22,26,26,3,26,2,22,1,19,25,2,5,4,15,18,12,22,8,4,11,2,2,13,17,23,8,16,25,15,17,12,3,14,12,25,11,13,24,7,11,16,12,25,4,3,17,5,6,10,7,8,12,26,8,25,24,7,1,17,21",5000,100
3,85,353856.4955577303,28.749273209233856,"1,19,3,11,12,16,18,14,18,13,22,19,4,1,6,26,17,10,25,10,20,7,2,21,2,4,8,5,23,6,15,14,20,5,9,3,24,22,25,25,18,9,15,12,23,12,12,16,13,20,22,14,16,1,25,22,25,10,9,24,24,26,17,19,9,1,22,9,2,3,26,19,9,20,5,24,18,17,8,20,13,23,3,25,26,6,9,23,24,15,21,13,21,16,9,11,19,10,26,19,11,21,21,14,6,5,2,16,4,9,19,4,3,9,1,22,26,26,3,26,2,22,1,19,25,2,5,4,15,18,12,22,8,4,11,2,2,13,17,23,8,16,25,15,17,12,3,14,12,25,11,13,24,7,11,16,12,25,4,3,17,5,6,10,7,8,12,26,8,25,24,7,1,17,21",5000,100
3,86,353856.4955577303,28.749273209233856,"1,19,3,11,12,16,18,14,18,13,22,19,4,1,6,26,17,10,25,10,20,7,2,21,2,4,8,5,23,6,15,14,20,5,9,3,24,22,25,25,18,9,15,12,23,12,12,16,13,20,22,14,16,1,25,22,25,10,9,24,24,26,17,19,9,1,22,9,2,3,26,19,9,20,5,24,18,17,8,20,13,23,3,25,26,6,9,23,24,15,21,13,21,16,9,11,19,10,26,19,11,21,21,14,6,5,2,16,4,9,19,4,3,9,1,22,26,26,3,26,2,22,1,19,25,2,5,4,15,18,12,22,8,4,11,2,2,13,17,23,8,16,25,15,17,12,3,14,12,25,11,13,24,7,11,16,12,25,4,3,17,5,6,10,7,8,12,26,8,25,24,7,1,17,21",5000,100
3,87,353856.4955577303,28.749273209233856,"1,19,3,11,12,16,18,14,18,13,22,19,4,1,6,26,17,10,25,10,20,7,2,21,2,4,8,5,23,6,15,14,20,5,9,3,24,22,25,25,18,9,15,12,23,12,12,16,13,20,22,14,16,1,25,22,25,10,9,24,24,26,17,19,9,1,22,9,2,3,26,19,9,20,5,24,18,17,8,20,13,23,3,25,26,6,9,23,24,15,21,13,21,16,9,11,19,10,26,19,11,21,21,14,6,5,2,16,4,9,19,4,3,9,1,22,26,26,3,26,2,22,1,19,25,2,5,4,15,18,12,22,8,4,11,2,2,13,17,23,8,16,25,15,17,12,3,14,12,25,11,13,24,7,11,16,12,25,4,3,17,5,6,10,7,8,12,26,8,25,24,7,1,17,21",5000,100
3,88,353856.4955577303,28.749273209233856,"1,19,3,11,12,16,18,14,18,13,22,19,4,1,6,26,17,10,25,10,20,7,2,21,2,4,8,5,23,6,15,14,20,5,9,3,24,22,25,25,18,9,15,12,23,12,12,16,13,20,22,14,16,1,25,22,25,10,9,24,24,26,17,19,9,1,22,9,2,3,26,19,9,20,5,24,18,17,8,20,13,23,3,25,26,6,9,23,24,15,21,13,21,16,9,11,19,10,26,19,11,21,21,14,6,5,2,16,4,9,19,4,3,9,1,22,26,26,3,26,2,22,1,19,25,2,5,4,15,18,12,22,8,4,11,2,2,13,17,23,8,16,25,15,17,12,3,14,12,25,11,13,24,7,11,16,12,25,4,3,17,5,6,10,7,8,12,26,8,25,24,7,1,17,21",5000,100
3,89,353856.4955577303,28.749273209233856,"1,19,3,11,12,16,18,14,18,13,22,19,4,1,6,26,17,10,25,10,20,7,2,21,2,4,8,5,23,6,15,14,20,5,9,3,24,22,25,25,18,9,15,12,23,12,12,16,13,20,22,14,16,1,25,22,25,10,9,24,24,26,17,19,9,1,22,9,2,3,26,19,9,20,5,24,18,17,8,20,13,23,3,25,26,6,9,23,24,15,21,13,21,16,9,11,19,10,26,19,11,21,21,14,6,5,2,16,4,9,19,4,3,9,1,22,26,26,3,26,2,22,1,19,25,2,5,4,15,18,12,22,8,4,11,2,2,13,17,23,8,16,25,15,17,12,3,14,12,25,11,13,24,7,11,16,12,25,4,3,17,5,6,10,7,8,12,26,8,25,24,7,1,17,21",5000,100
3,90,353856.4955577303,28.749273209233856,"1,19,3,11,12,16,18,14,18,13,22,19,4,1,6,26,17,10,25,10,20,7,2,21,2,4,8,5,23,6,15,14,20,5,9,3,24,22,25,25,18,9,15,12,23,12,12,16,13,20,22,14,16,1,25,22,25,10,9,24,24,26,17,19,9,1,22,9,2,3,26,19,9,20,5,24,18,17,8,20,13,23,3,25,26,6,9,23,24,15,21,13,21,16,9,11,19,10,26,19,11,21,21,14,6,5,2,16,4,9,19,4,3,9,1,22,26,26,3,26,2,22,1,19,25,2,5,4,15,18,12,22,8,4,11,2,2,13,17,23,8,16,25,15,17,12,3,14,12,25,11,13,24,7,11,16,12,25,4,3,17,5,6,10,7,8,12,26,8,25,24,7,1,17,21",5000,100
3,91,353856.4955577303,28.749273209233856,"1,19,3,11,12,16,18,14,18,13,22,19,4,1,6,26,17,10,25,10,20,7,2,21,2,4,8,5,23,6,15,14,20,5,9,3,24,22,25,25,18,9,15,12,23,12,12,16,13,20,22,14,16,1,25,22,25,10,9,24,24,26,17,19,9,1,22,9,2,3,26,19,9,20,5,24,18,17,8,20,13,23,3,25,26,6,9,23,24,15,21,13,21,16,9,11,19,10,26,19,11,21,21,14,6,5,2,16,4,9,19,4,3,9,1,22,26,26,3,26,2,22,1,19,25,2,5,4,15,18,12,22,8,4,11,2,2,13,17,23,8,16,25,15,17,12,3,14,12,25,11,13,24,7,11,16,12,25,4,3,17,5,6,10,7,8,12,26,8,25,24,7,1,17,21",5000,100
3,92,353856.4955577303,28.749273209233856,"1,19,3,11,12,16,18,14,18,13,22,19,4,1,6,26,17,10,25,10,20,7,2,21,2,4,8,5,23,6,15,14,20,5,9,3,24,22,25,25,18,9,15,12,23,12,12,16,13,20,22,14,16,1,25,22,25,10,9,24,24,26,17,19,9,1,22,9,2,3,26,19,9,20,5,24,18,17,8,20,13,23,3,25,26,6,9,23,24,15,21,13,21,16,9,11,19,10,26,19,11,21,21,14,6,5,2,16,4,9,19,4,3,9,1,22,26,26,3,26,2,22,1,19,25,2,5,4,15,18,12,22,8,4,11,2,2,13,17,23,8,16,25,15,17,12,3,14,12,25,11,13,24,7,11,16,12,25,4,3,17,5,6,10,7,8,12,26,8,25,24,7,1,17,21",5000,100
3,93,353856.4955577303,28.749273209233856,"1,19,3,11,12,16,18,14,18,13,22,19,4,1,6,26,17,10,25,10,20,7,2,21,2,4,8,5,23,6,15,14,20,5,9,3,24,22,25,25,18,9,15,12,23,12,12,16,13,20,22,14,16,1,25,22,25,10,9,24,24,26,17,19,9,1,22,9,2,3,26,19,9,20,5,24,18,17,8,20,13,23,3,25,26,6,9,23,24,15,21,13,21,16,9,11,19,10,26,19,11,21,21,14,6,5,2,16,4,9,19,4,3,9,1,22,26,26,3,26,2,22,1,19,25,2,5,4,15,18,12,22,8,4,11,2,2,13,17,23,8,16,25,15,17,12,3,14,12,25,11,13,24,7,11,16,12,25,4,3,17,5,6,10,7,8,12,26,8,25,24,7,1,17,21",5000,100
3,94,353856.4955577303,28.749273209233856,"1,19,3,11,12,16,18,14,18,13,22,19,4,1,6,26,17,10,25,10,20,7,2,21,2,4,8,5,23,6,15,14,20,5,9,3,24,22,25,25,18,9,15,12,23,12,12,16,13,20,22,14,16,1,25,22,25,10,9,24,24,26,17,19,9,1,22,9,2,3,26,19,9,20,5,24,18,17,8,20,13,23,3,25,26,6,9,23,24,15,21,13,21,16,9,11,19,10,26,19,11,21,21,14,6,5,2,16,4,9,19,4,3,9,1,22,26,26,3,26,2,22,1,19,25,2,5,4,15,18,12,22,8,4,11,2,2,13,17,23,8,16,25,15,17,12,3,14,12,25,11,13,24,7,11,16,12,25,4,3,17,5,6,10,7,8,12,26,8,25,24,7,1,17,21",5000,100
3,95,353856.4955577303,28.749273209233856,"1,19,3,11,12,16,18,14,18,13,22,19,4,1,6,26,17,10,25,10,20,7,2,21,2,4,8,5,23,6,15,14,20,5,9,3,24,22,25,25,18,9,15,12,23,12,12,16,13,20,22,14,16,1,25,22,25,10,9,24,24,26,17,19,9,1,22,9,2,3,26,19,9,20,5,24,18,17,8,20,13,23,3,25,26,6,9,23,24,15,21,13,21,16,9,11,19,10,26,19,11,21,21,14,6,5,2,16,4,9,19,4,3,9,1,22,26,26,3,26,2,22,1,19,25,2,5,4,15,18,12,22,8,4,11,2,2,13,17,23,8,16,25,15,17,12,3,14,12,25,11,13,24,7,11,16,12,25,4,3,17,5,6,10,7,8,12,26,8,25,24,7,1,17,21",5000,100
3,96,353856.4955577303,28.749273209233856,"1,19,3,11,12,16,18,14,18,13,22,19,4,1,6,26,17,10,25,10,20,7,2,21,2,4,8,5,23,6,15,14,20,5,9,3,24,22,25,25,18,9,15,12,23,12,12,16,13,20,22,14,16,1,25,22,25,10,9,24,24,26,17,19,9,1,22,9,2,3,26,19,9,20,5,24,18,17,8,20,13,23,3,25,26,6,9,23,24,15,21,13,21,16,9,11,19,10,26,19,11,21,21,14,6,5,2,16,4,9,19,4,3,9,1,22,26,26,3,26,2,22,1,19,25,2,5,4,15,18,12,22,8,4,11,2,2,13,17,23,8,16,25,15,17,12,3,14,12,25,11,13,24,7,11,16,12,25,4,3,17,5,6,10,7,8,12,26,8,25,24,7,1,17,21",5000,100
3,97,353856.4955577303,28.749273209233856,"1,19,3,11,12,16,18,14,18,13,22,19,4,1,6,26,17,10,25,10,20,7,2,21,2,4,8,5,23,6,15,14,20,5,9,3,24,22,25,25,18,9,15,12,23,12,12,16,13,20,22,14,16,1,25,22,25,10,9,24,24,26,17,19,9,1,22,9,2,3,26,19,9,20,5,24,18,17,8,20,13,23,3,25,26,6,9,23,24,15,21,13,21,16,9,11,19,10,26,19,11,21,21,14,6,5,2,16,4,9,19,4,3,9,1,22,26,26,3,26,2,22,1,19,25,2,5,4,15,18,12,22,8,4,11,2,2,13,17,23,8,16,25,15,17,12,3,14,12,25,11,13,24,7,11,16,12,25,4,3,17,5,6,10,7,8,12,26,8,25,24,7,1,17,21",5000,100
3,98,353856.4955577303,28.749273209233856,"1,19,3,11,12,16,18,14,18,13,22,19,4,1,6,26,17,10,25,10,20,7,2,21,2,4,8,5,23,6,15,14,20,5,9,3,24,22,25,25,18,9,15,12,23,12,12,16,13,20,22,14,16,1,25,22,25,10,9,24,24,26,17,19,9,1,22,9,2,3,26,19,9,20,5,24,18,17,8,20,13,23,3,25,26,6,9,23,24,15,21,13,21,16,9,11,19,10,26,19,11,21,21,14,6,5,2,16,4,9,19,4,3,9,1,22,26,26,3,26,2,22,1,19,25,2,5,4,15,18,12,22,8,4,11,2,2,13,17,23,8,16,25,15,17,12,3,14,12,25,11,13,24,7,11,16,12,25,4,3,17,5,6,10,7,8,12,26,8,25,24,7,1,17,21",5000,100
3,99,353856.4955577303,28.749273209233856,"1,19,3,11,12,16,18,14,18,13,22,19,4,1,6,26,17,10,25,10,20,7,2,21,2,4,8,5,23,6,15,14,20,5,9,3,24,22,25,25,18,9,15,12,23,12,12,16,13,20,22,14,16,1,25,22,25,10,9,24,24,26,17,19,9,1,22,9,2,3,26,19,9,20,5,24,18,17,8,20,13,23,3,25,26,6,9,23,24,15,21,13,21,16,9,11,19,10,26,19,11,21,21,14,6,5,2,16,4,9,19,4,3,9,1,22,26,26,3,26,2,22,1,19,25,2,5,4,15,18,12,22,8,4,11,2,2,13,17,23,8,16,25,15,17,12,3,14,12,25,11,13,24,7,11,16,12,25,4,3,17,5,6,10,7,8,12,26,8,25,24,7,1,17,21",5000,100
4,0,388901.54360995424,30.450172704789036,"18,4,18,26,6,10,5,11,22,8,15,7,14,15,17,9,21,2,25,24,12,6,4,1,25,20,23,16,19,5,22,7,23,12,20,13,17,8,3,23,14,11,13,22,1,3,26,18,26,10,4,19,11,2,4,5,17,7,15,3,24,13,3,24,9,9,20,11,10,23,12,10,26,23,3,19,24,25,22,14,13,25,26,13,10,13,15,6,25,9,21,11,8,3,11,10,24,14,1,24,24,8,23,3,14,20,5,4,21,15,7,12,3,6,22,4,20,19,4,10,18,21,13,9,9,11,16,6,20,9,20,3,17,3,2,3,6,13,18,5,19,26,3,4,21,4,16,8,13,20,10,19,22,26,25,12,3,8,10,17,25,24,24,21,16,23,20,8,3,16,3,19,9,11,16",5000,100
5,0,383182.8781435403,30.44259317617244,"1,20,11,2,17,8,25,1,16,24,20,15,23,22,14,16,13,26,21,9,3,18,5,8,6,4,9,7,3,12,11,23,4,19,10,21,19,12,16,15,18,12,6,18,6,8,23,5,22,2,16,17,10,24,4,15,4,4,22,12,7,19,23,3,12,11,7,25,24,16,5,17,4,15,14,24,10,25,6,12,5,24,13,7,10,21,23,13,7,14,13,5,22,6,13,11,17,3,7,12,4,25,10,18,14,7,13,9,15,6,23,15,13,26,25,26,3,16,12,4,26,10,18,20,13,19,5,10,21,26,6,20,4,5,9,17,9,21,11,7,10,6,1,4,18,1,10,22,1,14,15,15,2,14,12,23,11,24,26,5,11,21,14,9,2,17,10,24,4,6,22,17,12,16,17",5000,100
5,1,382209.9744251375,30.69924733576132,"1,20,11,2,17,8,25,1,16,24,20,15,23,22,14,16,13,26,21,9,3,18,5,8,6,4,9,7,3,12,11,23,4,19,10,21,19,12,16,15,18,12,6,18,6,8,23,5,22,2,16,17,10,24,4,15,15,4,22,12,7,19,23,3,12,11,7,25,24,16,5,17,4,15,14,24,10,25,6,12,5,24,13,7,10,21,23,13,7,14,13,5,22,6,13,11,17,3,7,12,4,25,10,18,14,7,13,9,15,6,23,15,13,26,25,26,3,16,12,4,26,10,18,20,13,19,23,10,21,26,6,20,4,5,9,17,9,21,11,7,10,6,1,4,18,1,10,22,1,14,15,15,2,14,12,23,11,24,26,5,11,21,14,9,2,17,10,24,4,6,22,17,12,16,17",5000,100
6,0,300769.5546443979,25.122422149835714,"11,3,4,8,4,1,7,16,6,18,17,8,12,26,25,15,16,10,20,21,2,19,9,5,12,3,23,13,9,6,23,2,22,17,14,26,24,11,14,5,3,12,10,7,3,5,22,14,12,1,4,2,10,6,24,17,19,7,13,14,12,13,20,6,19,13,7,1,14,19,7,25,19,7,24,26,5,5,25,18,13,11,3,24,14,12,20,18,17,18,21,20,10,2,4,24,13,1,8,24,4,5,24,26,26,21,16,4,3,19,22,20,1,24,9,20,20,3,1,15,3,15,21,24,17,22,17,20,15,18,17,23,23,21,13,19,4,11,25,22,3,26,20,13,13,20,26,23,23,5,7,20,5,15,11,24,9,1,21,18,6,1,21,14,20,7,1,6,16,22,4,24,2,9,25",5000,100
7,0,287384.95074889524,22.42555072777003,"11,8,24,12,6,17,9,19,23,2,16,22,24,5,10,15,7,21,2,6,13,26,20,14,25,20,16,18,5,14,23,13,7,1,3,12,4,13,25,22,1,25,20,24,8,10,9,25,17,20,4,8,25,23,5,24,3,15,26,21,21,1,1,20,2,8,9,23,8,24,21,17,13,18,8,5,1,21,16,18,26,22,6,1,16,22,7,26,19,14,9,25,22,22,8,1,22,26,11,25,25,4,4,5,21,8,19,14,14,4,9,14,13,8,18,15,19,14,19,20,19,5,9,7,1,14,3,11,1,7,21,12,6,3,23,26,24,4,25,3,12,10,23,2,9,9,4,16,19,11,26,15,7,15,19,18,20,9,15,1,24,3,7,15,11,21,10,22,24,15,4,16,23,25,22",5000,100
8,0,316988.2542684807,26.18245042121099,"21,11,7,15,26,13,5,2,6,24,14,20,10,6,23,8,16,25,19,1,2,22,3,16,4,21,13,14,17,22,1,3,4,9,18,19,12,22,18,4,7,12,7,9,13,25,16,12,7,21,17,9,17,12,13,11,15,12,11,9,6,7,26,21,13,5,17,7,22,15,25,24,20,24,16,4,15,11,5,10,25,25,6,2,13,10,20,10,20,23,5,17,14,25,12,12,11,16,6,26,1,24,7,19,8,11,20,24,13,26,1,9,5,8,3,15,26,18,6,10,10,10,3,26,18,8,14,14,18,20,11,4,14,16,9,26,16,8,18,25,10,8,8,6,8,18,18,9,24,21,19,23,8,10,10,23,8,13,6,20,20,22,20,7,26,18,23,18,24,19,3,8,11,24,4",5000,100
8,1,316988.2542684807,26.18245042121099,"21,11,7,15,26,13,5,2,6,24,14,20,10,6,23,8,16,25,19,1,2,22,3,16,4,21,13,14,17,22,1,3,4,9,18,19,12,22,18,4,7,12,7,9,13,25,16,12,7,21,17,9,17,12,13,11,15,12,11,9,6,7,26,21,13,5,17,7,22,15,25,24,20,24,16,4,15,11,5,10,25,25,6,2,13,10,20,10,20,23,5,17,14,25,12,12,11,16,6,26,1,24,7,19,8,11,20,24,13,26,1,9,5,8,3,15,26,18,6,10,10,10,3,26,18,8,14,14,18,20,11,4,14,16,9,26,16,8,18,25,10,8,8,6,8,18,18,9,24,21,19,23,8,10,10,23,8,13,6,20,20,22,20,7,26,18,23,18,24,19,3,8,11,24,4",5000,100
8,2,316988.2542684807,26.18245042121099,"21,11,7,15,26,13,5,2,6,24,14,20,10,6,23,8,16,25,19,1,2,22,3,16,4,21,13,14,17,22,1,3,4,9,18,19,12,22,18,4,7,12,7,9,13,25,16,12,7,21,17,9,17,12,13,11,15,12,11,9,6,7,26,21,13,5,17,7,22,15,25,24,20,24,16,4,15,11,5,10,25,25,6,2,13,10,20,10,20,23,5,17,14,25,12,12,11,16,6,26,1,24,7,19,8,11,20,24,13,26,1,9,5,8,3,15,26,18,6,10,10,10,3,26,18,8,14,14,18,20,11,4,14,16,9,26,16,8,18,25,10,8,8,6,8,18,18,9,24,21,19,23,8,10,10,23,8,13,6,20,20,22,20,7,26,18,23,18,24,19,3,8,11,24,4",5000,100
8,3,316988.2542684807,26.18245042121099,"21,11,7,15,26,13,5,2,6,24,14,20,10,6,23,8,16,25,19,1,2,22,3,16,4,21,13,14,17,22,1,3,4,9,18,19,12,22,18,4,7,12,7,9,13,25,16,12,7,21,17,9,17,12,13,11,15,12,11,9,6,7,26,21,13,5,17,7,22,15,25,24,20,24,16,4,15,11,5,10,25,25,6,2,13,10,20,10,20,23,5,17,14,25,12,12,11,16,6,26,1,24,7,19,8,11,20,24,13,26,1,9,5,8,3,15,26,18,6,10,10,10,3,26,18,8,14,14,18,20,11,4,14,16,9,26,16,8,18,25,10,8,8,6,8,18,18,9,24,21,19,23,8,10,10,23,8,13,6,20,20,22,20,7,26,18,23,18,24,19,3,8,11,24,4",5000,100
8,4,316988.2542684807,26.18245042121099,"21,11,7,15,26,13,5,2,6,24,14,20,10,6,23,8,16,25,19,1,2,22,3,16,4,21,13,14,17,22,1,3,4,9,18,19,12,22,18,4,7,12,7,9,13,25,16,12,7,21,17,9,17,12,13,11,15,12,11,9,6,7,26,21,13,5,17,7,22,15,25,24,20,24,16,4,15,11,5,10,25,25,6,2,13,10,20,10,20,23,5,17,14,25,12,12,11,16,6,26,1,24,7,19,8,11,20,24,13,26,1,9,5,8,3,15,26,18,6,10,10,10,3,26,18,8,14,14,18,20,11,4,14,16,9,26,16,8,18,25,10,8,8,6,8,18,18,9,24,21,19,23,8,10,10,23,8,13,6,20,20,22,20,7,26,18,23,18,24,19,3,8,11,24,4",5000,100
8,5,316988.2542684807,26.18245042121099,"21,11,7,15,26,13,5,2,6,24,14,20,10,6,23,8,16,25,19,1,2,22,3,16,4,21,13,14,17,22,1,3,4,9,18,19,12,22,18,4,7,12,7,9,13,25,16,12,7,21,17,9,17,12,13,11,15,12,11,9,6,7,26,21,13,5,17,7,22,15,25,24,20,24,16,4,15,11,5,10,25,25,6,2,13,10,20,10,20,23,5,17,14,25,12,12,11,16,6,26,1,24,7,19,8,11,20,24,13,26,1,9,5,8,3,15,26,18,6,10,10,10,3,26,18,8,14,14,18,20,11,4,14,16,9,26,16,8,18,25,10,8,8,6,8,18,18,9,24,21,19,23,8,10,10,23,8,13,6,20,20,22,20,7,26,18,23,18,24,19,3,8,11,24,4",5000,100
8,6,316988.2542684807,26.18245042121099,"21,11,7,15,26,13,5,2,6,24,14,20,10,6,23,8,16,25,19,1,2,22,3,16,4,21,13,14,17,22,1,3,4,9,18,19,12,22,18,4,7,12,7,9,13,25,16,12,7,21,17,9,17,12,13,11,15,12,11,9,6,7,26,21,13,5,17,7,22,15,25,24,20,24,16,4,15,11,5,10,25,25,6,2,13,10,20,10,20,23,5,17,14,25,12,12,11,16,6,26,1,24,7,19,8,11,20,24,13,26,1,9,5,8,3,15,26,18,6,10,10,10,3,26,18,8,14,14,18,20,11,4,14,16,9,26,16,8,18,25,10,8,8,6,8,18,18,9,24,21,19,23,8,10,10,23,8,13,6,20,20,22,20,7,26,18,23,18,24,19,3,8,11,24,4",5000,100
8,7,316988.2542684807,26.18245042121099,"21,11,7,15,26,13,5,2,6,24,14,20,10,6,23,8,16,25,19,1,2,22,3,16,4,21,13,14,17,22,1,3,4,9,18,19,12,22,18,4,7,12,7,9,13,25,16,12,7,21,17,9,17,12,13,11,15,12,11,9,6,7,26,21,13,5,17,7,22,15,25,24,20,24,16,4,15,11,5,10,25,25,6,2,13,10,20,10,20,23,5,17,14,25,12,12,11,16,6,26,1,24,7,19,8,11,20,24,13,26,1,9,5,8,3,15,26,18,6,10,10,10,3,26,18,8,14,14,18,20,11,4,14,16,9,26,16,8,18,25,10,8,8,6,8,18,18,9,24,21,19,23,8,10,10,23,8,13,6,20,20,22,20,7,26,18,23,18,24,19,3,8,11,24,4",5000,100
8,8,316988.2542684807,26.18245042121099,"21,11,7,15,26,13,5,2,6,24,14,20,10,6,23,8,16,25,19,1,2,22,3,16,4,21,13,14,17,22,1,3,4,9,18,19,12,22,18,4,7,12,7,9,13,25,16,12,7,21,17,9,17,12,13,11,15,12,11,9,6,7,26,21,13,5,17,7,22,15,25,24,20,24,16,4,15,11,5,10,25,25,6,2,13,10,20,10,20,23,5,17,14,25,12,12,11,16,6,26,1,24,7,19,8,11,20,24,13,26,1,9,5,8,3,15,26,18,6,10,10,10,3,26,18,8,14,14,18,20,11,4,14,16,9,26,16,8,18,25,10,8,8,6,8,18,18,9,24,21,19,23,8,10,10,23,8,13,6,20,20,22,20,7,26,18,23,18,24,19,3,8,11,24,4",5000,100
8,9,316988.2542684807,26.18245042121099,"21,11,7,15,26,13,5,2,6,24,14,20,10,6,23,8,16,25,19,1,2,22,3,16,4,21,13,14,17,22,1,3,4,9,18,19,12,22,18,4,7,12,7,9,13,25,16,12,7,21,17,9,17,12,13,11,15,12,11,9,6,7,26,21,13,5,17,7,22,15,25,24,20,24,16,4,15,11,5,10,25,25,6,2,13,10,20,10,20,23,5,17,14,25,12,12,11,16,6,26,1,24,7,19,8,11,20,24,13,26,1,9,5,8,3,15,26,18,6,10,10,10,3,26,18,8,14,14,18,20,11,4,14,16,9,26,16,8,18,25,10,8,8,6,8,18,18,9,24,21,19,23,8,10,10,23,8,13,6,20,20,22,20,7,26,18,23,18,24,19,3,8,11,24,4",5000,100
8,10,316988.2542684807,26.18245042121099,"21,11,7,15,26,13,5,2,6,24,14,20,10,6,23,8,16,25,19,1,2,22,3,16,4,21,13,14,17,22,1,3,4,9,18,19,12,22,18,4,7,12,7,9,13,25,16,12,7,21,17,9,17,12,13,11,15,12,11,9,6,7,26,21,13,5,17,7,22,15,25,24,20,24,16,4,15,11,5,10,25,25,6,2,13,10,20,10,20,23,5,17,14,25,12,12,11,16,6,26,1,24,7,19,8,11,20,24,13,26,1,9,5,8,3,15,26,18,6,10,10,10,3,26,18,8,14,14,18,20,11,4,14,16,9,26,16,8,18,25,10,8,8,6,8,18,18,9,24,21,19,23,8,10,10,23,8,13,6,20,20,22,20,7,26,18,23,18,24,19,3,8,11,24,4",5000,100
8,11,316988.2542684807,26.18245042121099,"21,11,7,15,26,13,5,2,6,24,14,20,10,6,23,8,16,25,19,1,2,22,3,16,4,21,13,14,17,22,1,3,4,9,18,19,12,22,18,4,7,12,7,9,13,25,16,12,7,21,17,9,17,12,13,11,15,12,11,9,6,7,26,21,13,5,17,7,22,15,25,24,20,24,16,4,15,11,5,10,25,25,6,2,13,10,20,10,20,23,5,17,14,25,12,12,11,16,6,26,1,24,7,19,8,11,20,24,13,26,1,9,5,8,3,15,26,18,6,10,10,10,3,26,18,8,14,14,18,20,11,4,14,16,9,26,16,8,18,25,10,8,8,6,8,18,18,9,24,21,19,23,8,10,10,23,8,13,6,20,20,22,20,7,26,18,23,18,24,19,3,8,11,24,4",5000,100
8,12,316988.2542684807,26.18245042121099,"21,11,7,15,26,13,5,2,6,24,14,20,10,6,23,8,16,25,19,1,2,22,3,16,4,21,13,14,17,22,1,3,4,9,18,19,12,22,18,4,7,12,7,9,13,25,16,12,7,21,17,9,17,12,13,11,15,12,11,9,6,7,26,21,13,5,17,7,22,15,25,24,20,24,16,4,15,11,5,10,25,25,6,2,13,10,20,10,20,23,5,17,14,25,12,12,11,16,6,26,1,24,7,19,8,11,20,24,13,26,1,9,5,8,3,15,26,18,6,10,10,10,3,26,18,8,14,14,18,20,11,4,14,16,9,26,16,8,18,25,10,8,8,6,8,18,18,9,24,21,19,23,8,10,10,23,8,13,6,20,20,22,20,7,26,18,23,18,24,19,3,8,11,24,4",5000,100
8,13,316988.2542684807,26.18245042121099,"21,11,7,15,26,13,5,2,6,24,14,20,10,6,23,8,16,25,19,1,2,22,3,16,4,21,13,14,17,22,1,3,4,9,18,19,12,22,18,4,7,12,7,9,13,25,16,12,7,21,17,9,17,12,13,11,15,12,11,9,6,7,26,21,13,5,17,7,22,15,25,24,20,24,16,4,15,11,5,10,25,25,6,2,13,10,20,10,20,23,5,17,14,25,12,12,11,16,6,26,1,24,7,19,8,11,20,24,13,26,1,9,5,8,3,15,26,18,6,10,10,10,3,26,18,8,14,14,18,20,11,4,14,16,9,26,16,8,18,25,10,8,8,6,8,18,18,9,24,21,19,23,8,10,10,23,8,13,6,20,20,22,20,7,26,18,23,18,24,19,3,8,11,24,4",5000,100
8,14,316988.2542684807,26.18245042121099,"21,11,7,15,26,13,5,2,6,24,14,20,10,6,23,8,16,25,19,1,2,22,3,16,4,21,13,14,17,22,1,3,4,9,18,19,12,22,18,4,7,12,7,9,13,25,16,12,7,21,17,9,17,12,13,11,15,12,11,9,6,7,26,21,13,5,17,7,22,15,25,24,20,24,16,4,15,11,5,10,25,25,6,2,13,10,20,10,20,23,5,17,14,25,12,12,11,16,6,26,1,24,7,19,8,11,20,24,13,26,1,9,5,8,3,15,26,18,6,10,10,10,3,26,18,8,14,14,18,20,11,4,14,16,9,26,16,8,18,25,10,8,8,6,8,18,18,9,24,21,19,23,8,10,10,23,8,13,6,20,20,22,20,7,26,18,23,18,24,19,3,8,11,24,4",5000,100
8,15,316988.2542684807,26.18245042121099,"21,11,7,15,26,13,5,2,6,24,14,20,10,6,23,8,16,25,19,1,2,22,3,16,4,21,13,14,17,22,1,3,4,9,18,19,12,22,18,4,7,12,7,9,13,25,16,12,7,21,17,9,17,12,13,11,15,12,11,9,6,7,26,21,13,5,17,7,22,15,25,24,20,24,16,4,15,11,5,10,25,25,6,2,13,10,20,10,20,23,5,17,14,25,12,12,11,16,6,26,1,24,7,19,8,11,20,24,13,26,1,9,5,8,3,15,26,18,6,10,10,10,3,26,18,8,14,14,18,20,11,4,14,16,9,26,16,8,18,25,10,8,8,6,8,18,18,9,24,21,19,23,8,10,10,23,8,13,6,20,20,22,20,7,26,18,23,18,24,19,3,8,11,24,4",5000,100
8,16,316988.2542684807,26.18245042121099,"21,11,7,15,26,13,5,2,6,24,14,20,10,6,23,8,16,25,19,1,2,22,3,16,4,21,13,14,17,22,1,3,4,9,18,19,12,22,18,4,7,12,7,9,13,25,16,12,7,21,17,9,17,12,13,11,15,12,11,9,6,7,26,21,13,5,17,7,22,15,25,24,20,24,16,4,15,11,5,10,25,25,6,2,13,10,20,10,20,23,5,17,14,25,12,12,11,16,6,26,1,24,7,19,8,11,20,24,13,26,1,9,5,8,3,15,26,18,6,10,10,10,3,26,18,8,14,14,18,20,11,4,14,16,9,26,16,8,18,25,10,8,8,6,8,18,18,9,24,21,19,23,8,10,10,23,8,13,6,20,20,22,20,7,26,18,23,18,24,19,3,8,11,24,4",5000,100
8,17,316988.2542684807,26.18245042121099,"21,11,7,15,26,13,5,2,6,24,14,20,10,6,23,8,16,25,19,1,2,22,3,16,4,21,13,14,17,22,1,3,4,9,18,19,12,22,18,4,7,12,7,9,13,25,16,12,7,21,17,9,17,12,13,11,15,12,11,9,6,7,26,21,13,5,17,7,22,15,25,24,20,24,16,4,15,11,5,10,25,25,6,2,13,10,20,10,20,23,5,17,14,25,12,12,11,16,6,26,1,24,7,19,8,11,20,24,13,26,1,9,5,8,3,15,26,18,6,10,10,10,3,26,18,8,14,14,18,20,11,4,14,16,9,26,16,8,18,25,10,8,8,6,8,18,18,9,24,21,19,23,8,10,10,23,8,13,6,20,20,22,20,7,26,18,23,18,24,19,3,8,11,24,4",5000,100
8,18,316988.2542684807,26.18245042121099,"21,11,7,15,26,13,5,2,6,24,14,20,10,6,23,8,16,25,19,1,2,22,3,16,4,21,13,14,17,22,1,3,4,9,18,19,12,22,18,4,7,12,7,9,13,25,16,12,7,21,17,9,17,12,13,11,15,12,11,9,6,7,26,21,13,5,17,7,22,15,25,24,20,24,16,4,15,11,5,10,25,25,6,2,13,10,20,10,20,23,5,17,14,25,12,12,11,16,6,26,1,24,7,19,8,11,20,24,13,26,1,9,5,8,3,15,26,18,6,10,10,10,3,26,18,8,14,14,18,20,11,4,14,16,9,26,16,8,18,25,10,8,8,6,8,18,18,9,24,21,19,23,8,10,10,23,8,13,6,20,20,22,20,7,26,18,23,18,24,19,3,8,11,24,4",5000,100
8,19,316988.2542684807,26.18245042121099,"21,11,7,15,26,13,5,2,6,24,14,20,10,6,23,8,16,25,19,1,2,22,3,16,4,21,13,14,17,22,1,3,4,9,18,19,12,22,18,4,7,12,7,9,13,25,16,12,7,21,17,9,17,12,13,11,15,12,11,9,6,7,26,21,13,5,17,7,22,15,25,24,20,24,16,4,15,11,5,10,25,25,6,2,13,10,20,10,20,23,5,17,14,25,12,12,11,16,6,26,1,24,7,19,8,11,20,24,13,26,1,9,5,8,3,15,26,18,6,10,10,10,3,26,18,8,14,14,18,20,11,4,14,16,9,26,16,8,18,25,10,8,8,6,8,18,18,9,24,21,19,23,8,10,10,23,8,13,6,20,20,22,20,7,26,18,23,18,24,19,3,8,11,24,4",5000,100
8,20,316988.2542684807,26.18245042121099,"21,11,7,15,26,13,5,2,6,24,14,20,10,6,23,8,16,25,19,1,2,22,3,16,4,21,13,14,17,22,1,3,4,9,18,19,12,22,18,4,7,12,7,9,13,25,16,12,7,21,17,9,17,12,13,11,15,12,11,9,6,7,26,21,13,5,17,7,22,15,25,24,20,24,16,4,15,11,5,10,25,25,6,2,13,10,20,10,20,23,5,17,14,25,12,12,11,16,6,26,1,24,7,19,8,11,20,24,13,26,1,9,5,8,3,15,26,18,6,10,10,10,3,26,18,8,14,14,18,20,11,4,14,16,9,26,16,8,18,25,10,8,8,6,8,18,18,9,24,21,19,23,8,10,10,23,8,13,6,20,20,22,20,7,26,18,23,18,24,19,3,8,11,24,4",5000,100
8,21,316988.2542684807,26.18245042121099,"21,11,7,15,26,13,5,2,6,24,14,20,10,6,23,8,16,25,19,1,2,22,3,16,4,21,13,14,17,22,1,3,4,9,18,19,12,22,18,4,7,12,7,9,13,25,16,12,7,21,17,9,17,12,13,11,15,12,11,9,6,7,26,21,13,5,17,7,22,15,25,24,20,24,16,4,15,11,5,10,25,25,6,2,13,10,20,10,20,23,5,17,14,25,12,12,11,16,6,26,1,24,7,19,8,11,20,24,13,26,1,9,5,8,3,15,26,18,6,10,10,10,3,26,18,8,14,14,18,20,11,4,14,16,9,26,16,8,18,25,10,8,8,6,8,18,18,9,24,21,19,23,8,10,10,23,8,13,6,20,20,22,20,7,26,18,23,18,24,19,3,8,11,24,4",5000,100
8,22,316988.2542684807,26.18245042121099,"21,11,7,15,26,13,5,2,6,24,14,20,10,6,23,8,16,25,19,1,2,22,3,16,4,21,13,14,17,22,1,3,4,9,18,19,12,22,18,4,7,12,7,9,13,25,16,12,7,21,17,9,17,12,13,11,15,12,11,9,6,7,26,21,13,5,17,7,22,15,25,24,20,24,16,4,15,11,5,10,25,25,6,2,13,10,20,10,20,23,5,17,14,25,12,12,11,16,6,26,1,24,7,19,8,11,20,24,13,26,1,9,5,8,3,15,26,18,6,10,10,10,3,26,18,8,14,14,18,20,11,4,14,16,9,26,16,8,18,25,10,8,8,6,8,18,18,9,24,21,19,23,8,10,10,23,8,13,6,20,20,22,20,7,26,18,23,18,24,19,3,8,11,24,4",5000,100
8,23,316988.2542684807,26.18245042121099,"21,11,7,15,26,13,5,2,6,24,14,20,10,6,23,8,16,25,19,1,2,22,3,16,4,21,13,14,17,22,1,3,4,9,18,19,12,22,18,4,7,12,7,9,13,25,16,12,7,21,17,9,17,12,13,11,15,12,11,9,6,7,26,21,13,5,17,7,22,15,25,24,20,24,16,4,15,11,5,10,25,25,6,2,13,10,20,10,20,23,5,17,14,25,12,12,11,16,6,26,1,24,7,19,8,11,20,24,13,26,1,9,5,8,3,15,26,18,6,10,10,10,3,26,18,8,14,14,18,20,11,4,14,16,9,26,16,8,18,25,10,8,8,6,8,18,18,9,24,21,19,23,8,10,10,23,8,13,6,20,20,22,20,7,26,18,23,18,24,19,3,8,11,24,4",5000,100
8,24,316988.2542684807,26.18245042121099,"21,11,7,15,26,13,5,2,6,24,14,20,10,6,23,8,16,25,19,1,2,22,3,16,4,21,13,14,17,22,1,3,4,9,18,19,12,22,18,4,7,12,7,9,13,25,16,12,7,21,17,9,17,12,13,11,15,12,11,9,6,7,26,21,13,5,17,7,22,15,25,24,20,24,16,4,15,11,5,10,25,25,6,2,13,10,20,10,20,23,5,17,14,25,12,12,11,16,6,26,1,24,7,19,8,11,20,24,13,26,1,9,5,8,3,15,26,18,6,10,10,10,3,26,18,8,14,14,18,20,11,4,14,16,9,26,16,8,18,25,10,8,8,6,8,18,18,9,24,21,19,23,8,10,10,23,8,13,6,20,20,22,20,7,26,18,23,18,24,19,3,8,11,24,4",5000,100
8,25,316988.2542684807,26.18245042121099,"21,11,7,15,26,13,5,2,6,24,14,20,10,6,23,8,16,25,19,1,2,22,3,16,4,21,13,14,17,22,1,3,4,9,18,19,12,22,18,4,7,12,7,9,13,25,16,12,7,21,17,9,17,12,13,11,15,12,11,9,6,7,26,21,13,5,17,7,22,15,25,24,20,24,16,4,15,11,5,10,25,25,6,2,13,10,20,10,20,23,5,17,14,25,12,12,11,16,6,26,1,24,7,19,8,11,20,24,13,26,1,9,5,8,3,15,26,18,6,10,10,10,3,26,18,8,14,14,18,20,11,4,14,16,9,26,16,8,18,25,10,8,8,6,8,18,18,9,24,21,19,23,8,10,10,23,8,13,6,20,20,22,20,7,26,18,23,18,24,19,3,8,11,24,4",5000,100
8,26,316988.2542684807,26.18245042121099,"21,11,7,15,26,13,5,2,6,24,14,20,10,6,23,8,16,25,19,1,2,22,3,16,4,21,13,14,17,22,1,3,4,9,18,19,12,22,18,4,7,12,7,9,13,25,16,12,7,21,17,9,17,12,13,11,15,12,11,9,6,7,26,21,13,5,17,7,22,15,25,24,20,24,16,4,15,11,5,10,25,25,6,2,13,10,20,10,20,23,5,17,14,25,12,12,11,16,6,26,1,24,7,19,8,11,20,24,13,26,1,9,5,8,3,15,26,18,6,10,10,10,3,26,18,8,14,14,18,20,11,4,14,16,9,26,16,8,18,25,10,8,8,6,8,18,18,9,24,21,19,23,8,10,10,23,8,13,6,20,20,22,20,7,26,18,23,18,24,19,3,8,11,24,4",5000,100
8,27,316988.2542684807,26.18245042121099,"21,11,7,15,26,13,5,2,6,24,14,20,10,6,23,8,16,25,19,1,2,22,3,16,4,21,13,14,17,22,1,3,4,9,18,19,12,22,18,4,7,12,7,9,13,25,16,12,7,21,17,9,17,12,13,11,15,12,11,9,6,7,26,21,13,5,17,7,22,15,25,24,20,24,16,4,15,11,5,10,25,25,6,2,13,10,20,10,20,23,5,17,14,25,12,12,11,16,6,26,1,24,7,19,8,11,20,24,13,26,1,9,5,8,3,15,26,18,6,10,10,10,3,26,18,8,14,14,18,20,11,4,14,16,9,26,16,8,18,25,10,8,8,6,8,18,18,9,24,21,19,23,8,10,10,23,8,13,6,20,20,22,20,7,26,18,23,18,24,19,3,8,11,24,4",5000,100
8,28,316988.2542684807,26.18245042121099,"21,11,7,15,26,13,5,2,6,24,14,20,10,6,23,8,16,25,19,1,2,22,3,16,4,21,13,14,17,22,1,3,4,9,18,19,12,22,18,4,7,12,7,9,13,25,16,12,7,21,17,9,17,12,13,11,15,12,11,9,6,7,26,21,13,5,17,7,22,15,25,24,20,24,16,4,15,11,5,10,25,25,6,2,13,10,20,10,20,23,5,17,14,25,12,12,11,16,6,26,1,24,7,19,8,11,20,24,13,26,1,9,5,8,3,15,26,18,6,10,10,10,3,26,18,8,14,14,18,20,11,4,14,16,9,26,16,8,18,25,10,8,8,6,8,18,18,9,24,21,19,23,8,10,10,23,8,13,6,20,20,22,20,7,26,18,23,18,24,19,3,8,11,24,4",5000,100
8,29,316988.2542684807,26.18245042121099,"21,11,7,15,26,13,5,2,6,24,14,20,10,6,23,8,16,25,19,1,2,22,3,16,4,21,13,14,17,22,1,3,4,9,18,19,12,22,18,4,7,12,7,9,13,25,16,12,7,21,17,9,17,12,13,11,15,12,11,9,6,7,26,21,13,5,17,7,22,15,25,24,20,24,16,4,15,11,5,10,25,25,6,2,13,10,20,10,20,23,5,17,14,25,12,12,11,16,6,26,1,24,7,19,8,11,20,24,13,26,1,9,5,8,3,15,26,18,6,10,10,10,3,26,18,8,14,14,18,20,11,4,14,16,9,26,16,8,18,25,10,8,8,6,8,18,18,9,24,21,19,23,8,10,10,23,8,13,6,20,20,22,20,7,26,18,23,18,24,19,3,8,11,24,4",5000,100
8,30,316988.2542684807,26.18245042121099,"21,11,7,15,26,13,5,2,6,24,14,20,10,6,23,8,16,25,19,1,2,22,3,16,4,21,13,14,17,22,1,3,4,9,18,19,12,22,18,4,7,12,7,9,13,25,16,12,7,21,17,9,17,12,13,11,15,12,11,9,6,7,26,21,13,5,17,7,22,15,25,24,20,24,16,4,15,11,5,10,25,25,6,2,13,10,20,10,20,23,5,17,14,25,12,12,11,16,6,26,1,24,7,19,8,11,20,24,13,26,1,9,5,8,3,15,26,18,6,10,10,10,3,26,18,8,14,14,18,20,11,4,14,16,9,26,16,8,18,25,10,8,8,6,8,18,18,9,24,21,19,23,8,10,10,23,8,13,6,20,20,22,20,7,26,18,23,18,24,19,3,8,11,24,4",5000,100
8,31,316988.2542684807,26.18245042121099,"21,11,7,15,26,13,5,2,6,24,14,20,10,6,23,8,16,25,19,1,2,22,3,16,4,21,13,14,17,22,1,3,4,9,18,19,12,22,18,4,7,12,7,9,13,25,16,12,7,21,17,9,17,12,13,11,15,12,11,9,6,7,26,21,13,5,17,7,22,15,25,24,20,24,16,4,15,11,5,10,25,25,6,2,13,10,20,10,20,23,5,17,14,25,12,12,11,16,6,26,1,24,7,19,8,11,20,24,13,26,1,9,5,8,3,15,26,18,6,10,10,10,3,26,18,8,14,14,18,20,11,4,14,16,9,26,16,8,18,25,10,8,8,6,8,18,18,9,24,21,19,23,8,10,10,23,8,13,6,20,20,22,20,7,26,18,23,18,24,19,3,8,11,24,4",5000,100
8,32,316988.2542684807,26.18245042121099,"21,11,7,15,26,13,5,2,6,24,14,20,10,6,23,8,16,25,19,1,2,22,3,16,4,21,13,14,17,22,1,3,4,9,18,19,12,22,18,4,7,12,7,9,13,25,16,12,7,21,17,9,17,12,13,11,15,12,11,9,6,7,26,21,13,5,17,7,22,15,25,24,20,24,16,4,15,11,5,10,25,25,6,2,13,10,20,10,20,23,5,17,14,25,12,12,11,16,6,26,1,24,7,19,8,11,20,24,13,26,1,9,5,8,3,15,26,18,6,10,10,10,3,26,18,8,14,14,18,20,11,4,14,16,9,26,16,8,18,25,10,8,8,6,8,18,18,9,24,21,19,23,8,10,10,23,8,13,6,20,20,22,20,7,26,18,23,18,24,19,3,8,11,24,4",5000,100
8,33,316988.2542684807,26.18245042121099,"21,11,7,15,26,13,5,2,6,24,14,20,10,6,23,8,16,25,19,1,2,22,3,16,4,21,13,14,17,22,1,3,4,9,18,19,12,22,18,4,7,12,7,9,13,25,16,12,7,21,17,9,17,12,13,11,15,12,11,9,6,7,26,21,13,5,17,7,22,15,25,24,20,24,16,4,15,11,5,10,25,25,6,2,13,10,20,10,20,23,5,17,14,25,12,12,11,16,6,26,1,24,7,19,8,11,20,24,13,26,1,9,5,8,3,15,26,18,6,10,10,10,3,26,18,8,14,14,18,20,11,4,14,16,9,26,16,8,18,25,10,8,8,6,8,18,18,9,24,21,19,23,8,10,10,23,8,13,6,20,20,22,20,7,26,18,23,18,24,19,3,8,11,24,4",5000,100
8,34,316988.2542684807,26.18245042121099,"21,11,7,15,26,13,5,2,6,24,14,20,10,6,23,8,16,25,19,1,2,22,3,16,4,21,13,14,17,22,1,3,4,9,18,19,12,22,18,4,7,12,7,9,13,25,16,12,7,21,17,9,17,12,13,11,15,12,11,9,6,7,26,21,13,5,17,7,22,15,25,24,20,24,16,4,15,11,5,10,25,25,6,2,13,10,20,10,20,23,5,17,14,25,12,12,11,16,6,26,1,24,7,19,8,11,20,24,13,26,1,9,5,8,3,15,26,18,6,10,10,10,3,26,18,8,14,14,18,20,11,4,14,16,9,26,16,8,18,25,10,8,8,6,8,18,18,9,24,21,19,23,8,10,10,23,8,13,6,20,20,22,20,7,26,18,23,18,24,19,3,8,11,24,4",5000,100
8,35,316988.2542684807,26.18245042121099,"21,11,7,15,26,13,5,2,6,24,14,20,10,6,23,8,16,25,19,1,2,22,3,16,4,21,13,14,17,22,1,3,4,9,18,19,12,22,18,4,7,12,7,9,13,25,16,12,7,21,17,9,17,12,13,11,15,12,11,9,6,7,26,21,13,5,17,7,22,15,25,24,20,24,16,4,15,11,5,10,25,25,6,2,13,10,20,10,20,23,5,17,14,25,12,12,11,16,6,26,1,24,7,19,8,11,20,24,13,26,1,9,5,8,3,15,26,18,6,10,10,10,3,26,18,8,14,14,18,20,11,4,14,16,9,26,16,8,18,25,10,8,8,6,8,18,18,9,24,21,19,23,8,10,10,23,8,13,6,20,20,22,20,7,26,18,23,18,24,19,3,8,11,24,4",5000,100
8,36,316988.2542684807,26.18245042121099,"21,11,7,15,26,13,5,2,6,24,14,20,10,6,23,8,16,25,19,1,2,22,3,16,4,21,13,14,17,22,1,3,4,9,18,19,12,22,18,4,7,12,7,9,13,25,16,12,7,21,17,9,17,12,13,11,15,12,11,9,6,7,26,21,13,5,17,7,22,15,25,24,20,24,16,4,15,11,5,10,25,25,6,2,13,10,20,10,20,23,5,17,14,25,12,12,11,16,6,26,1,24,7,19,8,11,20,24,13,26,1,9,5,8,3,15,26,18,6,10,10,10,3,26,18,8,14,14,18,20,11,4,14,16,9,26,16,8,18,25,10,8,8,6,8,18,18,9,24,21,19,23,8,10,10,23,8,13,6,20,20,22,20,7,26,18,23,18,24,19,3,8,11,24,4",5000,100
8,37,316988.2542684807,26.18245042121099,"21,11,7,15,26,13,5,2,6,24,14,20,10,6,23,8,16,25,19,1,2,22,3,16,4,21,13,14,17,22,1,3,4,9,18,19,12,22,18,4,7,12,7,9,13,25,16,12,7,21,17,9,17,12,13,11,15,12,11,9,6,7,26,21,13,5,17,7,22,15,25,24,20,24,16,4,15,11,5,10,25,25,6,2,13,10,20,10,20,23,5,17,14,25,12,12,11,16,6,26,1,24,7,19,8,11,20,24,13,26,1,9,5,8,3,15,26,18,6,10,10,10,3,26,18,8,14,14,18,20,11,4,14,16,9,26,16,8,18,25,10,8,8,6,8,18,18,9,24,21,19,23,8,10,10,23,8,13,6,20,20,22,20,7,26,18,23,18,24,19,3,8,11,24,4",5000,100
8,38,316988.2542684807,26.18245042121099,"21,11,7,15,26,13,5,2,6,24,14,20,10,6,23,8,16,25,19,1,2,22,3,16,4,21,13,14,17,22,1,3,4,9,18,19,12,22,18,4,7,12,7,9,13,25,16,12,7,21,17,9,17,12,13,11,15,12,11,9,6,7,26,21,13,5,17,7,22,15,25,24,20,24,16,4,15,11,5,10,25,25,6,2,13,10,20,10,20,23,5,17,14,25,12,12,11,16,6,26,1,24,7,19,8,11,20,24,13,26,1,9,5,8,3,15,26,18,6,10,10,10,3,26,18,8,14,14,18,20,11,4,14,16,9,26,16,8,18,25,10,8,8,6,8,18,18,9,24,21,19,23,8,10,10,23,8,13,6,20,20,22,20,7,26,18,23,18,24,19,3,8,11,24,4",5000,100
8,39,316988.2542684807,26.18245042121099,"21,11,7,15,26,13,5,2,6,24,14,20,10,6,23,8,16,25,19,1,2,22,3,16,4,21,13,14,17,22,1,3,4,9,18,19,12,22,18,4,7,12,7,9,13,25,16,12,7,21,17,9,17,12,13,11,15,12,11,9,6,7,26,21,13,5,17,7,22,15,25,24,20,24,16,4,15,11,5,10,25,25,6,2,13,10,20,10,20,23,5,17,14,25,12,12,11,16,6,26,1,24,7,19,8,11,20,24,13,26,1,9,5,8,3,15,26,18,6,10,10,10,3,26,18,8,14,14,18,20,11,4,14,16,9,26,16,8,18,25,10,8,8,6,8,18,18,9,24,21,19,23,8,10,10,23,8,13,6,20,20,22,20,7,26,18,23,18,24,19,3,8,11,24,4",5000,100
8,40,316988.2542684807,26.18245042121099,"21,11,7,15,26,13,5,2,6,24,14,20,10,6,23,8,16,25,19,1,2,22,3,16,4,21,13,14,17,22,1,3,4,9,18,19,12,22,18,4,7,12,7,9,13,25,16,12,7,21,17,9,17,12,13,11,15,12,11,9,6,7,26,21,13,5,17,7,22,15,25,24,20,24,16,4,15,11,5,10,25,25,6,2,13,10,20,10,20,23,5,17,14,25,12,12,11,16,6,26,1,24,7,19,8,11,20,24,13,26,1,9,5,8,3,15,26,18,6,10,10,10,3,26,18,8,14,14,18,20,11,4,14,16,9,26,16,8,18,25,10,8,8,6,8,18,18,9,24,21,19,23,8,10,10,23,8,13,6,20,20,22,20,7,26,18,23,18,24,19,3,8,11,24,4",5000,100
8,41,316988.2542684807,26.18245042121099,"21,11,7,15,26,13,5,2,6,24,14,20,10,6,23,8,16,25,19,1,2,22,3,16,4,21,13,14,17,22,1,3,4,9,18,19,12,22,18,4,7,12,7,9,13,25,16,12,7,21,17,9,17,12,13,11,15,12,11,9,6,7,26,21,13,5,17,7,22,15,25,24,20,24,16,4,15,11,5,10,25,25,6,2,13,10,20,10,20,23,5,17,14,25,12,12,11,16,6,26,1,24,7,19,8,11,20,24,13,26,1,9,5,8,3,15,26,18,6,10,10,10,3,26,18,8,14,14,18,20,11,4,14,16,9,26,16,8,18,25,10,8,8,6,8,18,18,9,24,21,19,23,8,10,10,23,8,13,6,20,20,22,20,7,26,18,23,18,24,19,3,8,11,24,4",5000,100
8,42,316988.2542684807,26.18245042121099,"21,11,7,15,26,13,5,2,6,24,14,20,10,6,23,8,16,25,19,1,2,22,3,16,4,21,13,14,17,22,1,3,4,9,18,19,12,22,18,4,7,12,7,9,13,25,16,12,7,21,17,9,17,12,13,11,15,12,11,9,6,7,26,21,13,5,17,7,22,15,25,24,20,24,16,4,15,11,5,10,25,25,6,2,13,10,20,10,20,23,5,17,14,25,12,12,11,16,6,26,1,24,7,19,8,11,20,24,13,26,1,9,5,8,3,15,26,18,6,10,10,10,3,26,18,8,14,14,18,20,11,4,14,16,9,26,16,8,18,25,10,8,8,6,8,18,18,9,24,21,19,23,8,10,10,23,8,13,6,20,20,22,20,7,26,18,23,18,24,19,3,8,11,24,4",5000,100
8,43,316988.2542684807,26.18245042121099,"21,11,7,15,26,13,5,2,6,24,14,20,10,6,23,8,16,25,19,1,2,22,3,16,4,21,13,14,17,22,1,3,4,9,18,19,12,22,18,4,7,12,7,9,13,25,16,12,7,21,17,9,17,12,13,11,15,12,11,9,6,7,26,21,13,5,17,7,22,15,25,24,20,24,16,4,15,11,5,10,25,25,6,2,13,10,20,10,20,23,5,17,14,25,12,12,11,16,6,26,1,24,7,19,8,11,20,24,13,26,1,9,5,8,3,15,26,18,6,10,10,10,3,26,18,8,14,14,18,20,11,4,14,16,9,26,16,8,18,25,10,8,8,6,8,18,18,9,24,21,19,23,8,10,10,23,8,13,6,20,20,22,20,7,26,18,23,18,24,19,3,8,11,24,4",5000,100
8,44,316988.2542684807,26.18245042121099,"21,11,7,15,26,13,5,2,6,24,14,20,10,6,23,8,16,25,19,1,2,22,3,16,4,21,13,14,17,22,1,3,4,9,18,19,12,22,18,4,7,12,7,9,13,25,16,12,7,21,17,9,17,12,13,11,15,12,11,9,6,7,26,21,13,5,17,7,22,15,25,24,20,24,16,4,15,11,5,10,25,25,6,2,13,10,20,10,20,23,5,17,14,25,12,12,11,16,6,26,1,24,7,19,8,11,20,24,13,26,1,9,5,8,3,15,26,18,6,10,10,10,3,26,18,8,14,14,18,20,11,4,14,16,9,26,16,8,18,25,10,8,8,6,8,18,18,9,24,21,19,23,8,10,10,23,8,13,6,20,20,22,20,7,26,18,23,18,24,19,3,8,11,24,4",5000,100
8,45,316988.2542684807,26.18245042121099,"21,11,7,15,26,13,5,2,6,24,14,20,10,6,23,8,16,25,19,1,2,22,3,16,4,21,13,14,17,22,1,3,4,9,18,19,12,22,18,4,7,12,7,9,13,25,16,12,7,21,17,9,17,12,13,11,15,12,11,9,6,7,26,21,13,5,17,7,22,15,25,24,20,24,16,4,15,11,5,10,25,25,6,2,13,10,20,10,20,23,5,17,14,25,12,12,11,16,6,26,1,24,7,19,8,11,20,24,13,26,1,9,5,8,3,15,26,18,6,10,10,10,3,26,18,8,14,14,18,20,11,4,14,16,9,26,16,8,18,25,10,8,8,6,8,18,18,9,24,21,19,23,8,10,10,23,8,13,6,20,20,22,20,7,26,18,23,18,24,19,3,8,11,24,4",5000,100
8,46,316988.2542684807,26.18245042121099,"21,11,7,15,26,13,5,2,6,24,14,20,10,6,23,8,16,25,19,1,2,22,3,16,4,21,13,14,17,22,1,3,4,9,18,19,12,22,18,4,7,12,7,9,13,25,16,12,7,21,17,9,17,12,13,11,15,12,11,9,6,7,26,21,13,5,17,7,22,15,25,24,20,24,16,4,15,11,5,10,25,25,6,2,13,10,20,10,20,23,5,17,14,25,12,12,11,16,6,26,1,24,7,19,8,11,20,24,13,26,1,9,5,8,3,15,26,18,6,10,10,10,3,26,18,8,14,14,18,20,11,4,14,16,9,26,16,8,18,25,10,8,8,6,8,18,18,9,24,21,19,23,8,10,10,23,8,13,6,20,20,22,20,7,26,18,23,18,24,19,3,8,11,24,4",5000,100
8,47,316988.2542684807,26.18245042121099,"21,11,7,15,26,13,5,2,6,24,14,20,10,6,23,8,16,25,19,1,2,22,3,16,4,21,13,14,17,22,1,3,4,9,18,19,12,22,18,4,7,12,7,9,13,25,16,12,7,21,17,9,17,12,13,11,15,12,11,9,6,7,26,21,13,5,17,7,22,15,25,24,20,24,16,4,15,11,5,10,25,25,6,2,13,10,20,10,20,23,5,17,14,25,12,12,11,16,6,26,1,24,7,19,8,11,20,24,13,26,1,9,5,8,3,15,26,18,6,10,10,10,3,26,18,8,14,14,18,20,11,4,14,16,9,26,16,8,18,25,10,8,8,6,8,18,18,9,24,21,19,23,8,10,10,23,8,13,6,20,20,22,20,7,26,18,23,18,24,19,3,8,11,24,4",5000,100
8,48,316988.2542684807,26.18245042121099,"21,11,7,15,26,13,5,2,6,24,14,20,10,6,23,8,16,25,19,1,2,22,3,16,4,21,13,14,17,22,1,3,4,9,18,19,12,22,18,4,7,12,7,9,13,25,16,12,7,21,17,9,17,12,13,11,15,12,11,9,6,7,26,21,13,5,17,7,22,15,25,24,20,24,16,4,15,11,5,10,25,25,6,2,13,10,20,10,20,23,5,17,14,25,12,12,11,16,6,26,1,24,7,19,8,11,20,24,13,26,1,9,5,8,3,15,26,18,6,10,10,10,3,26,18,8,14,14,18,20,11,4,14,16,9,26,16,8,18,25,10,8,8,6,8,18,18,9,24,21,19,23,8,10,10,23,8,13,6,20,20,22,20,7,26,18,23,18,24,19,3,8,11,24,4",5000,100
8,49,316988.2542684807,26.18245042121099,"21,11,7,15,26,13,5,2,6,24,14,20,10,6,23,8,16,25,19,1,2,22,3,16,4,21,13,14,17,22,1,3,4,9,18,19,12,22,18,4,7,12,7,9,13,25,16,12,7,21,17,9,17,12,13,11,15,12,11,9,6,7,26,21,13,5,17,7,22,15,25,24,20,24,16,4,15,11,5,10,25,25,6,2,13,10,20,10,20,23,5,17,14,25,12,12,11,16,6,26,1,24,7,19,8,11,20,24,13,26,1,9,5,8,3,15,26,18,6,10,10,10,3,26,18,8,14,14,18,20,11,4,14,16,9,26,16,8,18,25,10,8,8,6,8,18,18,9,24,21,19,23,8,10,10,23,8,13,6,20,20,22,20,7,26,18,23,18,24,19,3,8,11,24,4",5000,100
8,50,316988.2542684807,26.18245042121099,"21,11,7,15,26,13,5,2,6,24,14,20,10,6,23,8,16,25,19,1,2,22,3,16,4,21,13,14,17,22,1,3,4,9,18,19,12,22,18,4,7,12,7,9,13,25,16,12,7,21,17,9,17,12,13,11,15,12,11,9,6,7,26,21,13,5,17,7,22,15,25,24,20,24,16,4,15,11,5,10,25,25,6,2,13,10,20,10,20,23,5,17,14,25,12,12,11,16,6,26,1,24,7,19,8,11,20,24,13,26,1,9,5,8,3,15,26,18,6,10,10,10,3,26,18,8,14,14,18,20,11,4,14,16,9,26,16,8,18,25,10,8,8,6,8,18,18,9,24,21,19,23,8,10,10,23,8,13,6,20,20,22,20,7,26,18,23,18,24,19,3,8,11,24,4",5000,100
8,51,316988.2542684807,26.18245042121099,"21,11,7,15,26,13,5,2,6,24,14,20,10,6,23,8,16,25,19,1,2,22,3,16,4,21,13,14,17,22,1,3,4,9,18,19,12,22,18,4,7,12,7,9,13,25,16,12,7,21,17,9,17,12,13,11,15,12,11,9,6,7,26,21,13,5,17,7,22,15,25,24,20,24,16,4,15,11,5,10,25,25,6,2,13,10,20,10,20,23,5,17,14,25,12,12,11,16,6,26,1,24,7,19,8,11,20,24,13,26,1,9,5,8,3,15,26,18,6,10,10,10,3,26,18,8,14,14,18,20,11,4,14,16,9,26,16,8,18,25,10,8,8,6,8,18,18,9,24,21,19,23,8,10,10,23,8,13,6,20,20,22,20,7,26,18,23,18,24,19,3,8,11,24,4",5000,100
8,52,316988.2542684807,26.18245042121099,"21,11,7,15,26,13,5,2,6,24,14,20,10,6,23,8,16,25,19,1,2,22,3,16,4,21,13,14,17,22,1,3,4,9,18,19,12,22,18,4,7,12,7,9,13,25,16,12,7,21,17,9,17,12,13,11,15,12,11,9,6,7,26,21,13,5,17,7,22,15,25,24,20,24,16,4,15,11,5,10,25,25,6,2,13,10,20,10,20,23,5,17,14,25,12,12,11,16,6,26,1,24,7,19,8,11,20,24,13,26,1,9,5,8,3,15,26,18,6,10,10,10,3,26,18,8,14,14,18,20,11,4,14,16,9,26,16,8,18,25,10,8,8,6,8,18,18,9,24,21,19,23,8,10,10,23,8,13,6,20,20,22,20,7,26,18,23,18,24,19,3,8,11,24,4",5000,100
8,53,316988.2542684807,26.18245042121099,"21,11,7,15,26,13,5,2,6,24,14,20,10,6,23,8,16,25,19,1,2,22,3,16,4,21,13,14,17,22,1,3,4,9,18,19,12,22,18,4,7,12,7,9,13,25,16,12,7,21,17,9,17,12,13,11,15,12,11,9,6,7,26,21,13,5,17,7,22,15,25,24,20,24,16,4,15,11,5,10,25,25,6,2,13,10,20,10,20,23,5,17,14,25,12,12,11,16,6,26,1,24,7,19,8,11,20,24,13,26,1,9,5,8,3,15,26,18,6,10,10,10,3,26,18,8,14,14,18,20,11,4,14,16,9,26,16,8,18,25,10,8,8,6,8,18,18,9,24,21,19,23,8,10,10,23,8,13,6,20,20,22,20,7,26,18,23,18,24,19,3,8,11,24,4",5000,100
8,54,316988.2542684807,26.18245042121099,"21,11,7,15,26,13,5,2,6,24,14,20,10,6,23,8,16,25,19,1,2,22,3,16,4,21,13,14,17,22,1,3,4,9,18,19,12,22,18,4,7,12,7,9,13,25,16,12,7,21,17,9,17,12,13,11,15,12,11,9,6,7,26,21,13,5,17,7,22,15,25,24,20,24,16,4,15,11,5,10,25,25,6,2,13,10,20,10,20,23,5,17,14,25,12,12,11,16,6,26,1,24,7,19,8,11,20,24,13,26,1,9,5,8,3,15,26,18,6,10,10,10,3,26,18,8,14,14,18,20,11,4,14,16,9,26,16,8,18,25,10,8,8,6,8,18,18,9,24,21,19,23,8,10,10,23,8,13,6,20,20,22,20,7,26,18,23,18,24,19,3,8,11,24,4",5000,100
8,55,316988.2542684807,26.18245042121099,"21,11,7,15,26,13,5,2,6,24,14,20,10,6,23,8,16,25,19,1,2,22,3,16,4,21,13,14,17,22,1,3,4,9,18,19,12,22,18,4,7,12,7,9,13,25,16,12,7,21,17,9,17,12,13,11,15,12,11,9,6,7,26,21,13,5,17,7,22,15,25,24,20,24,16,4,15,11,5,10,25,25,6,2,13,10,20,10,20,23,5,17,14,25,12,12,11,16,6,26,1,24,7,19,8,11,20,24,13,26,1,9,5,8,3,15,26,18,6,10,10,10,3,26,18,8,14,14,18,20,11,4,14,16,9,26,16,8,18,25,10,8,8,6,8,18,18,9,24,21,19,23,8,10,10,23,8,13,6,20,20,22,20,7,26,18,23,18,24,19,3,8,11,24,4",5000,100
8,56,316988.2542684807,26.18245042121099,"21,11,7,15,26,13,5,2,6,24,14,20,10,6,23,8,16,25,19,1,2,22,3,16,4,21,13,14,17,22,1,3,4,9,18,19,12,22,18,4,7,12,7,9,13,25,16,12,7,21,17,9,17,12,13,11,15,12,11,9,6,7,26,21,13,5,17,7,22,15,25,24,20,24,16,4,15,11,5,10,25,25,6,2,13,10,20,10,20,23,5,17,14,25,12,12,11,16,6,26,1,24,7,19,8,11,20,24,13,26,1,9,5,8,3,15,26,18,6,10,10,10,3,26,18,8,14,14,18,20,11,4,14,16,9,26,16,8,18,25,10,8,8,6,8,18,18,9,24,21,19,23,8,10,10,23,8,13,6,20,20,22,20,7,26,18,23,18,24,19,3,8,11,24,4",5000,100
8,57,316988.2542684807,26.18245042121099,"21,11,7,15,26,13,5,2,6,24,14,20,10,6,23,8,16,25,19,1,2,22,3,16,4,21,13,14,17,22,1,3,4,9,18,19,12,22,18,4,7,12,7,9,13,25,16,12,7,21,17,9,17,12,13,11,15,12,11,9,6,7,26,21,13,5,17,7,22,15,25,24,20,24,16,4,15,11,5,10,25,25,6,2,13,10,20,10,20,23,5,17,14,25,12,12,11,16,6,26,1,24,7,19,8,11,20,24,13,26,1,9,5,8,3,15,26,18,6,10,10,10,3,26,18,8,14,14,18,20,11,4,14,16,9,26,16,8,18,25,10,8,8,6,8,18,18,9,24,21,19,23,8,10,10,23,8,13,6,20,20,22,20,7,26,18,23,18,24,19,3,8,11,24,4",5000,100
8,58,316988.2542684807,26.18245042121099,"21,11,7,15,26,13,5,2,6,24,14,20,10,6,23,8,16,25,19,1,2,22,3,16,4,21,13,14,17,22,1,3,4,9,18,19,12,22,18,4,7,12,7,9,13,25,16,12,7,21,17,9,17,12,13,11,15,12,11,9,6,7,26,21,13,5,17,7,22,15,25,24,20,24,16,4,15,11,5,10,25,25,6,2,13,10,20,10,20,23,5,17,14,25,12,12,11,16,6,26,1,24,7,19,8,11,20,24,13,26,1,9,5,8,3,15,26,18,6,10,10,10,3,26,18,8,14,14,18,20,11,4,14,16,9,26,16,8,18,25,10,8,8,6,8,18,18,9,24,21,19,23,8,10,10,23,8,13,6,20,20,22,20,7,26,18,23,18,24,19,3,8,11,24,4",5000,100
8,59,316988.2542684807,26.18245042121099,"21,11,7,15,26,13,5,2,6,24,14,20,10,6,23,8,16,25,19,1,2,22,3,16,4,21,13,14,17,22,1,3,4,9,18,19,12,22,18,4,7,12,7,9,13,25,16,12,7,21,17,9,17,12,13,11,15,12,11,9,6,7,26,21,13,5,17,7,22,15,25,24,20,24,16,4,15,11,5,10,25,25,6,2,13,10,20,10,20,23,5,17,14,25,12,12,11,16,6,26,1,24,7,19,8,11,20,24,13,26,1,9,5,8,3,15,26,18,6,10,10,10,3,26,18,8,14,14,18,20,11,4,14,16,9,26,16,8,18,25,10,8,8,6,8,18,18,9,24,21,19,23,8,10,10,23,8,13,6,20,20,22,20,7,26,18,23,18,24,19,3,8,11,24,4",5000,100
8,60,316988.2542684807,26.18245042121099,"21,11,7,15,26,13,5,2,6,24,14,20,10,6,23,8,16,25,19,1,2,22,3,16,4,21,13,14,17,22,1,3,4,9,18,19,12,22,18,4,7,12,7,9,13,25,16,12,7,21,17,9,17,12,13,11,15,12,11,9,6,7,26,21,13,5,17,7,22,15,25,24,20,24,16,4,15,11,5,10,25,25,6,2,13,10,20,10,20,23,5,17,14,25,12,12,11,16,6,26,1,24,7,19,8,11,20,24,13,26,1,9,5,8,3,15,26,18,6,10,10,10,3,26,18,8,14,14,18,20,11,4,14,16,9,26,16,8,18,25,10,8,8,6,8,18,18,9,24,21,19,23,8,10,10,23,8,13,6,20,20,22,20,7,26,18,23,18,24,19,3,8,11,24,4",5000,100
8,61,316988.2542684807,26.18245042121099,"21,11,7,15,26,13,5,2,6,24,14,20,10,6,23,8,16,25,19,1,2,22,3,16,4,21,13,14,17,22,1,3,4,9,18,19,12,22,18,4,7,12,7,9,13,25,16,12,7,21,17,9,17,12,13,11,15,12,11,9,6,7,26,21,13,5,17,7,22,15,25,24,20,24,16,4,15,11,5,10,25,25,6,2,13,10,20,10,20,23,5,17,14,25,12,12,11,16,6,26,1,24,7,19,8,11,20,24,13,26,1,9,5,8,3,15,26,18,6,10,10,10,3,26,18,8,14,14,18,20,11,4,14,16,9,26,16,8,18,25,10,8,8,6,8,18,18,9,24,21,19,23,8,10,10,23,8,13,6,20,20,22,20,7,26,18,23,18,24,19,3,8,11,24,4",5000,100
8,62,316988.2542684807,26.18245042121099,"21,11,7,15,26,13,5,2,6,24,14,20,10,6,23,8,16,25,19,1,2,22,3,16,4,21,13,14,17,22,1,3,4,9,18,19,12,22,18,4,7,12,7,9,13,25,16,12,7,21,17,9,17,12,13,11,15,12,11,9,6,7,26,21,13,5,17,7,22,15,25,24,20,24,16,4,15,11,5,10,25,25,6,2,13,10,20,10,20,23,5,17,14,25,12,12,11,16,6,26,1,24,7,19,8,11,20,24,13,26,1,9,5,8,3,15,26,18,6,10,10,10,3,26,18,8,14,14,18,20,11,4,14,16,9,26,16,8,18,25,10,8,8,6,8,18,18,9,24,21,19,23,8,10,10,23,8,13,6,20,20,22,20,7,26,18,23,18,24,19,3,8,11,24,4",5000,100
8,63,316988.2542684807,26.18245042121099,"21,11,7,15,26,13,5,2,6,24,14,20,10,6,23,8,16,25,19,1,2,22,3,16,4,21,13,14,17,22,1,3,4,9,18,19,12,22,18,4,7,12,7,9,13,25,16,12,7,21,17,9,17,12,13,11,15,12,11,9,6,7,26,21,13,5,17,7,22,15,25,24,20,24,16,4,15,11,5,10,25,25,6,2,13,10,20,10,20,23,5,17,14,25,12,12,11,16,6,26,1,24,7,19,8,11,20,24,13,26,1,9,5,8,3,15,26,18,6,10,10,10,3,26,18,8,14,14,18,20,11,4,14,16,9,26,16,8,18,25,10,8,8,6,8,18,18,9,24,21,19,23,8,10,10,23,8,13,6,20,20,22,20,7,26,18,23,18,24,19,3,8,11,24,4",5000,100
8,64,316988.2542684807,26.18245042121099,"21,11,7,15,26,13,5,2,6,24,14,20,10,6,23,8,16,25,19,1,2,22,3,16,4,21,13,14,17,22,1,3,4,9,18,19,12,22,18,4,7,12,7,9,13,25,16,12,7,21,17,9,17,12,13,11,15,12,11,9,6,7,26,21,13,5,17,7,22,15,25,24,20,24,16,4,15,11,5,10,25,25,6,2,13,10,20,10,20,23,5,17,14,25,12,12,11,16,6,26,1,24,7,19,8,11,20,24,13,26,1,9,5,8,3,15,26,18,6,10,10,10,3,26,18,8,14,14,18,20,11,4,14,16,9,26,16,8,18,25,10,8,8,6,8,18,18,9,24,21,19,23,8,10,10,23,8,13,6,20,20,22,20,7,26,18,23,18,24,19,3,8,11,24,4",5000,100
8,65,316988.2542684807,26.18245042121099,"21,11,7,15,26,13,5,2,6,24,14,20,10,6,23,8,16,25,19,1,2,22,3,16,4,21,13,14,17,22,1,3,4,9,18,19,12,22,18,4,7,12,7,9,13,25,16,12,7,21,17,9,17,12,13,11,15,12,11,9,6,7,26,21,13,5,17,7,22,15,25,24,20,24,16,4,15,11,5,10,25,25,6,2,13,10,20,10,20,23,5,17,14,25,12,12,11,16,6,26,1,24,7,19,8,11,20,24,13,26,1,9,5,8,3,15,26,18,6,10,10,10,3,26,18,8,14,14,18,20,11,4,14,16,9,26,16,8,18,25,10,8,8,6,8,18,18,9,24,21,19,23,8,10,10,23,8,13,6,20,20,22,20,7,26,18,23,18,24,19,3,8,11,24,4",5000,100
8,66,316988.2542684807,26.18245042121099,"21,11,7,15,26,13,5,2,6,24,14,20,10,6,23,8,16,25,19,1,2,22,3,16,4,21,13,14,17,22,1,3,4,9,18,19,12,22,18,4,7,12,7,9,13,25,16,12,7,21,17,9,17,12,13,11,15,12,11,9,6,7,26,21,13,5,17,7,22,15,25,24,20,24,16,4,15,11,5,10,25,25,6,2,13,10,20,10,20,23,5,17,14,25,12,12,11,16,6,26,1,24,7,19,8,11,20,24,13,26,1,9,5,8,3,15,26,18,6,10,10,10,3,26,18,8,14,14,18,20,11,4,14,16,9,26,16,8,18,25,10,8,8,6,8,18,18,9,24,21,19,23,8,10,10,23,8,13,6,20,20,22,20,7,26,18,23,18,24,19,3,8,11,24,4",5000,100
8,67,316988.2542684807,26.18245042121099,"21,11,7,15,26,13,5,2,6,24,14,20,10,6,23,8,16,25,19,1,2,22,3,16,4,21,13,14,17,22,1,3,4,9,18,19,12,22,18,4,7,12,7,9,13,25,16,12,7,21,17,9,17,12,13,11,15,12,11,9,6,7,26,21,13,5,17,7,22,15,25,24,20,24,16,4,15,11,5,10,25,25,6,2,13,10,20,10,20,23,5,17,14,25,12,12,11,16,6,26,1,24,7,19,8,11,20,24,13,26,1,9,5,8,3,15,26,18,6,10,10,10,3,26,18,8,14,14,18,20,11,4,14,16,9,26,16,8,18,25,10,8,8,6,8,18,18,9,24,21,19,23,8,10,10,23,8,13,6,20,20,22,20,7,26,18,23,18,24,19,3,8,11,24,4",5000,100
8,68,316988.2542684807,26.18245042121099,"21,11,7,15,26,13,5,2,6,24,14,20,10,6,23,8,16,25,19,1,2,22,3,16,4,21,13,14,17,22,1,3,4,9,18,19,12,22,18,4,7,12,7,9,13,25,16,12,7,21,17,9,17,12,13,11,15,12,11,9,6,7,26,21,13,5,17,7,22,15,25,24,20,24,16,4,15,11,5,10,25,25,6,2,13,10,20,10,20,23,5,17,14,25,12,12,11,16,6,26,1,24,7,19,8,11,20,24,13,26,1,9,5,8,3,15,26,18,6,10,10,10,3,26,18,8,14,14,18,20,11,4,14,16,9,26,16,8,18,25,10,8,8,6,8,18,18,9,24,21,19,23,8,10,10,23,8,13,6,20,20,22,20,7,26,18,23,18,24,19,3,8,11,24,4",5000,100
8,69,316988.2542684807,26.18245042121099,"21,11,7,15,26,13,5,2,6,24,14,20,10,6,23,8,16,25,19,1,2,22,3,16,4,21,13,14,17,22,1,3,4,9,18,19,12,22,18,4,7,12,7,9,13,25,16,12,7,21,17,9,17,12,13,11,15,12,11,9,6,7,26,21,13,5,17,7,22,15,25,24,20,24,16,4,15,11,5,10,25,25,6,2,13,10,20,10,20,23,5,17,14,25,12,12,11,16,6,26,1,24,7,19,8,11,20,24,13,26,1,9,5,8,3,15,26,18,6,10,10,10,3,26,18,8,14,14,18,20,11,4,14,16,9,26,16,8,18,25,10,8,8,6,8,18,18,9,24,21,19,23,8,10,10,23,8,13,6,20,20,22,20,7,26,18,23,18,24,19,3,8,11,24,4",5000,100
8,70,316988.2542684807,26.18245042121099,"21,11,7,15,26,13,5,2,6,24,14,20,10,6,23,8,16,25,19,1,2,22,3,16,4,21,13,14,17,22,1,3,4,9,18,19,12,22,18,4,7,12,7,9,13,25,16,12,7,21,17,9,17,12,13,11,15,12,11,9,6,7,26,21,13,5,17,7,22,15,25,24,20,24,16,4,15,11,5,10,25,25,6,2,13,10,20,10,20,23,5,17,14,25,12,12,11,16,6,26,1,24,7,19,8,11,20,24,13,26,1,9,5,8,3,15,26,18,6,10,10,10,3,26,18,8,14,14,18,20,11,4,14,16,9,26,16,8,18,25,10,8,8,6,8,18,18,9,24,21,19,23,8,10,10,23,8,13,6,20,20,22,20,7,26,18,23,18,24,19,3,8,11,24,4",5000,100
8,71,316988.2542684807,26.18245042121099,"21,11,7,15,26,13,5,2,6,24,14,20,10,6,23,8,16,25,19,1,2,22,3,16,4,21,13,14,17,22,1,3,4,9,18,19,12,22,18,4,7,12,7,9,13,25,16,12,7,21,17,9,17,12,13,11,15,12,11,9,6,7,26,21,13,5,17,7,22,15,25,24,20,24,16,4,15,11,5,10,25,25,6,2,13,10,20,10,20,23,5,17,14,25,12,12,11,16,6,26,1,24,7,19,8,11,20,24,13,26,1,9,5,8,3,15,26,18,6,10,10,10,3,26,18,8,14,14,18,20,11,4,14,16,9,26,16,8,18,25,10,8,8,6,8,18,18,9,24,21,19,23,8,10,10,23,8,13,6,20,20,22,20,7,26,18,23,18,24,19,3,8,11,24,4",5000,100
8,72,316988.2542684807,26.18245042121099,"21,11,7,15,26,13,5,2,6,24,14,20,10,6,23,8,16,25,19,1,2,22,3,16,4,21,13,14,17,22,1,3,4,9,18,19,12,22,18,4,7,12,7,9,13,25,16,12,7,21,17,9,17,12,13,11,15,12,11,9,6,7,26,21,13,5,17,7,22,15,25,24,20,24,16,4,15,11,5,10,25,25,6,2,13,10,20,10,20,23,5,17,14,25,12,12,11,16,6,26,1,24,7,19,8,11,20,24,13,26,1,9,5,8,3,15,26,18,6,10,10,10,3,26,18,8,14,14,18,20,11,4,14,16,9,26,16,8,18,25,10,8,8,6,8,18,18,9,24,21,19,23,8,10,10,23,8,13,6,20,20,22,20,7,26,18,23,18,24,19,3,8,11,24,4",5000,100
8,73,316988.2542684807,26.18245042121099,"21,11,7,15,26,13,5,2,6,24,14,20,10,6,23,8,16,25,19,1,2,22,3,16,4,21,13,14,17,22,1,3,4,9,18,19,12,22,18,4,7,12,7,9,13,25,16,12,7,21,17,9,17,12,13,11,15,12,11,9,6,7,26,21,13,5,17,7,22,15,25,24,20,24,16,4,15,11,5,10,25,25,6,2,13,10,20,10,20,23,5,17,14,25,12,12,11,16,6,26,1,24,7,19,8,11,20,24,13,26,1,9,5,8,3,15,26,18,6,10,10,10,3,26,18,8,14,14,18,20,11,4,14,16,9,26,16,8,18,25,10,8,8,6,8,18,18,9,24,21,19,23,8,10,10,23,8,13,6,20,20,22,20,7,26,18,23,18,24,19,3,8,11,24,4",5000,100
8,74,316988.2542684807,26.18245042121099,"21,11,7,15,26,13,5,2,6,24,14,20,10,6,23,8,16,25,19,1,2,22,3,16,4,21,13,14,17,22,1,3,4,9,18,19,12,22,18,4,7,12,7,9,13,25,16,12,7,21,17,9,17,12,13,11,15,12,11,9,6,7,26,21,13,5,17,7,22,15,25,24,20,24,16,4,15,11,5,10,25,25,6,2,13,10,20,10,20,23,5,17,14,25,12,12,11,16,6,26,1,24,7,19,8,11,20,24,13,26,1,9,5,8,3,15,26,18,6,10,10,10,3,26,18,8,14,14,18,20,11,4,14,16,9,26,16,8,18,25,10,8,8,6,8,18,18,9,24,21,19,23,8,10,10,23,8,13,6,20,20,22,20,7,26,18,23,18,24,19,3,8,11,24,4",5000,100
8,75,316988.2542684807,26.18245042121099,"21,11,7,15,26,13,5,2,6,24,14,20,10,6,23,8,16,25,19,1,2,22,3,16,4,21,13,14,17,22,1,3,4,9,18,19,12,22,18,4,7,12,7,9,13,25,16,12,7,21,17,9,17,12,13,11,15,12,11,9,6,7,26,21,13,5,17,7,22,15,25,24,20,24,16,4,15,11,5,10,25,25,6,2,13,10,20,10,20,23,5,17,14,25,12,12,11,16,6,26,1,24,7,19,8,11,20,24,13,26,1,9,5,8,3,15,26,18,6,10,10,10,3,26,18,8,14,14,18,20,11,4,14,16,9,26,16,8,18,25,10,8,8,6,8,18,18,9,24,21,19,23,8,10,10,23,8,13,6,20,20,22,20,7,26,18,23,18,24,19,3,8,11,24,4",5000,100
8,76,316988.2542684807,26.18245042121099,"21,11,7,15,26,13,5,2,6,24,14,20,10,6,23,8,16,25,19,1,2,22,3,16,4,21,13,14,17,22,1,3,4,9,18,19,12,22,18,4,7,12,7,9,13,25,16,12,7,21,17,9,17,12,13,11,15,12,11,9,6,7,26,21,13,5,17,7,22,15,25,24,20,24,16,4,15,11,5,10,25,25,6,2,13,10,20,10,20,23,5,17,14,25,12,12,11,16,6,26,1,24,7,19,8,11,20,24,13,26,1,9,5,8,3,15,26,18,6,10,10,10,3,26,18,8,14,14,18,20,11,4,14,16,9,26,16,8,18,25,10,8,8,6,8,18,18,9,24,21,19,23,8,10,10,23,8,13,6,20,20,22,20,7,26,18,23,18,24,19,3,8,11,24,4",5000,100
8,77,316988.2542684807,26.18245042121099,"21,11,7,15,26,13,5,2,6,24,14,20,10,6,23,8,16,25,19,1,2,22,3,16,4,21,13,14,17,22,1,3,4,9,18,19,12,22,18,4,7,12,7,9,13,25,16,12,7,21,17,9,17,12,13,11,15,12,11,9,6,7,26,21,13,5,17,7,22,15,25,24,20,24,16,4,15,11,5,10,25,25,6,2,13,10,20,10,20,23,5,17,14,25,12,12,11,16,6,26,1,24,7,19,8,11,20,24,13,26,1,9,5,8,3,15,26,18,6,10,10,10,3,26,18,8,14,14,18,20,11,4,14,16,9,26,16,8,18,25,10,8,8,6,8,18,18,9,24,21,19,23,8,10,10,23,8,13,6,20,20,22,20,7,26,18,23,18,24,19,3,8,11,24,4",5000,100
8,78,316988.2542684807,26.18245042121099,"21,11,7,15,26,13,5,2,6,24,14,20,10,6,23,8,16,25,19,1,2,22,3,16,4,21,13,14,17,22,1,3,4,9,18,19,12,22,18,4,7,12,7,9,13,25,16,12,7,21,17,9,17,12,13,11,15,12,11,9,6,7,26,21,13,5,17,7,22,15,25,24,20,24,16,4,15,11,5,10,25,25,6,2,13,10,20,10,20,23,5,17,14,25,12,12,11,16,6,26,1,24,7,19,8,11,20,24,13,26,1,9,5,8,3,15,26,18,6,10,10,10,3,26,18,8,14,14,18,20,11,4,14,16,9,26,16,8,18,25,10,8,8,6,8,18,18,9,24,21,19,23,8,10,10,23,8,13,6,20,20,22,20,7,26,18,23,18,24,19,3,8,11,24,4",5000,100
8,79,316988.2542684807,26.18245042121099,"21,11,7,15,26,13,5,2,6,24,14,20,10,6,23,8,16,25,19,1,2,22,3,16,4,21,13,14,17,22,1,3,4,9,18,19,12,22,18,4,7,12,7,9,13,25,16,12,7,21,17,9,17,12,13,11,15,12,11,9,6,7,26,21,13,5,17,7,22,15,25,24,20,24,16,4,15,11,5,10,25,25,6,2,13,10,20,10,20,23,5,17,14,25,12,12,11,16,6,26,1,24,7,19,8,11,20,24,13,26,1,9,5,8,3,15,26,18,6,10,10,10,3,26,18,8,14,14,18,20,11,4,14,16,9,26,16,8,18,25,10,8,8,6,8,18,18,9,24,21,19,23,8,10,10,23,8,13,6,20,20,22,20,7,26,18,23,18,24,19,3,8,11,24,4",5000,100
8,80,316988.2542684807,26.18245042121099,"21,11,7,15,26,13,5,2,6,24,14,20,10,6,23,8,16,25,19,1,2,22,3,16,4,21,13,14,17,22,1,3,4,9,18,19,12,22,18,4,7,12,7,9,13,25,16,12,7,21,17,9,17,12,13,11,15,12,11,9,6,7,26,21,13,5,17,7,22,15,25,24,20,24,16,4,15,11,5,10,25,25,6,2,13,10,20,10,20,23,5,17,14,25,12,12,11,16,6,26,1,24,7,19,8,11,20,24,13,26,1,9,5,8,3,15,26,18,6,10,10,10,3,26,18,8,14,14,18,20,11,4,14,16,9,26,16,8,18,25,10,8,8,6,8,18,18,9,24,21,19,23,8,10,10,23,8,13,6,20,20,22,20,7,26,18,23,18,24,19,3,8,11,24,4",5000,100
8,81,316988.2542684807,26.18245042121099,"21,11,7,15,26,13,5,2,6,24,14,20,10,6,23,8,16,25,19,1,2,22,3,16,4,21,13,14,17,22,1,3,4,9,18,19,12,22,18,4,7,12,7,9,13,25,16,12,7,21,17,9,17,12,13,11,15,12,11,9,6,7,26,21,13,5,17,7,22,15,25,24,20,24,16,4,15,11,5,10,25,25,6,2,13,10,20,10,20,23,5,17,14,25,12,12,11,16,6,26,1,24,7,19,8,11,20,24,13,26,1,9,5,8,3,15,26,18,6,10,10,10,3,26,18,8,14,14,18,20,11,4,14,16,9,26,16,8,18,25,10,8,8,6,8,18,18,9,24,21,19,23,8,10,10,23,8,13,6,20,20,22,20,7,26,18,23,18,24,19,3,8,11,24,4",5000,100
8,82,316988.2542684807,26.18245042121099,"21,11,7,15,26,13,5,2,6,24,14,20,10,6,23,8,16,25,19,1,2,22,3,16,4,21,13,14,17,22,1,3,4,9,18,19,12,22,18,4,7,12,7,9,13,25,16,12,7,21,17,9,17,12,13,11,15,12,11,9,6,7,26,21,13,5,17,7,22,15,25,24,20,24,16,4,15,11,5,10,25,25,6,2,13,10,20,10,20,23,5,17,14,25,12,12,11,16,6,26,1,24,7,19,8,11,20,24,13,26,1,9,5,8,3,15,26,18,6,10,10,10,3,26,18,8,14,14,18,20,11,4,14,16,9,26,16,8,18,25,10,8,8,6,8,18,18,9,24,21,19,23,8,10,10,23,8,13,6,20,20,22,20,7,26,18,23,18,24,19,3,8,11,24,4",5000,100
8,83,316988.2542684807,26.18245042121099,"21,11,7,15,26,13,5,2,6,24,14,20,10,6,23,8,16,25,19,1,2,22,3,16,4,21,13,14,17,22,1,3,4,9,18,19,12,22,18,4,7,12,7,9,13,25,16,12,7,21,17,9,17,12,13,11,15,12,11,9,6,7,26,21,13,5,17,7,22,15,25,24,20,24,16,4,15,11,5,10,25,25,6,2,13,10,20,10,20,23,5,17,14,25,12,12,11,16,6,26,1,24,7,19,8,11,20,24,13,26,1,9,5,8,3,15,26,18,6,10,10,10,3,26,18,8,14,14,18,20,11,4,14,16,9,26,16,8,18,25,10,8,8,6,8,18,18,9,24,21,19,23,8,10,10,23,8,13,6,20,20,22,20,7,26,18,23,18,24,19,3,8,11,24,4",5000,100
8,84,316988.2542684807,26.18245042121099,"21,11,7,15,26,13,5,2,6,24,14,20,10,6,23,8,16,25,19,1,2,22,3,16,4,21,13,14,17,22,1,3,4,9,18,19,12,22,18,4,7,12,7,9,13,25,16,12,7,21,17,9,17,12,13,11,15,12,11,9,6,7,26,21,13,5,17,7,22,15,25,24,20,24,16,4,15,11,5,10,25,25,6,2,13,10,20,10,20,23,5,17,14,25,12,12,11,16,6,26,1,24,7,19,8,11,20,24,13,26,1,9,5,8,3,15,26,18,6,10,10,10,3,26,18,8,14,14,18,20,11,4,14,16,9,26,16,8,18,25,10,8,8,6,8,18,18,9,24,21,19,23,8,10,10,23,8,13,6,20,20,22,20,7,26,18,23,18,24,19,3,8,11,24,4",5000,100
8,85,316988.2542684807,26.18245042121099,"21,11,7,15,26,13,5,2,6,24,14,20,10,6,23,8,16,25,19,1,2,22,3,16,4,21,13,14,17,22,1,3,4,9,18,19,12,22,18,4,7,12,7,9,13,25,16,12,7,21,17,9,17,12,13,11,15,12,11,9,6,7,26,21,13,5,17,7,22,15,25,24,20,24,16,4,15,11,5,10,25,25,6,2,13,10,20,10,20,23,5,17,14,25,12,12,11,16,6,26,1,24,7,19,8,11,20,24,13,26,1,9,5,8,3,15,26,18,6,10,10,10,3,26,18,8,14,14,18,20,11,4,14,16,9,26,16,8,18,25,10,8,8,6,8,18,18,9,24,21,19,23,8,10,10,23,8,13,6,20,20,22,20,7,26,18,23,18,24,19,3,8,11,24,4",5000,100
8,86,316988.2542684807,26.18245042121099,"21,11,7,15,26,13,5,2,6,24,14,20,10,6,23,8,16,25,19,1,2,22,3,16,4,21,13,14,17,22,1,3,4,9,18,19,12,22,18,4,7,12,7,9,13,25,16,12,7,21,17,9,17,12,13,11,15,12,11,9,6,7,26,21,13,5,17,7,22,15,25,24,20,24,16,4,15,11,5,10,25,25,6,2,13,10,20,10,20,23,5,17,14,25,12,12,11,16,6,26,1,24,7,19,8,11,20,24,13,26,1,9,5,8,3,15,26,18,6,10,10,10,3,26,18,8,14,14,18,20,11,4,14,16,9,26,16,8,18,25,10,8,8,6,8,18,18,9,24,21,19,23,8,10,10,23,8,13,6,20,20,22,20,7,26,18,23,18,24,19,3,8,11,24,4",5000,100
8,87,316988.2542684807,26.18245042121099,"21,11,7,15,26,13,5,2,6,24,14,20,10,6,23,8,16,25,19,1,2,22,3,16,4,21,13,14,17,22,1,3,4,9,18,19,12,22,18,4,7,12,7,9,13,25,16,12,7,21,17,9,17,12,13,11,15,12,11,9,6,7,26,21,13,5,17,7,22,15,25,24,20,24,16,4,15,11,5,10,25,25,6,2,13,10,20,10,20,23,5,17,14,25,12,12,11,16,6,26,1,24,7,19,8,11,20,24,13,26,1,9,5,8,3,15,26,18,6,10,10,10,3,26,18,8,14,14,18,20,11,4,14,16,9,26,16,8,18,25,10,8,8,6,8,18,18,9,24,21,19,23,8,10,10,23,8,13,6,20,20,22,20,7,26,18,23,18,24,19,3,8,11,24,4",5000,100
8,88,316988.2542684807,26.18245042121099,"21,11,7,15,26,13,5,2,6,24,14,20,10,6,23,8,16,25,19,1,2,22,3,16,4,21,13,14,17,22,1,3,4,9,18,19,12,22,18,4,7,12,7,9,13,25,16,12,7,21,17,9,17,12,13,11,15,12,11,9,6,7,26,21,13,5,17,7,22,15,25,24,20,24,16,4,15,11,5,10,25,25,6,2,13,10,20,10,20,23,5,17,14,25,12,12,11,16,6,26,1,24,7,19,8,11,20,24,13,26,1,9,5,8,3,15,26,18,6,10,10,10,3,26,18,8,14,14,18,20,11,4,14,16,9,26,16,8,18,25,10,8,8,6,8,18,18,9,24,21,19,23,8,10,10,23,8,13,6,20,20,22,20,7,26,18,23,18,24,19,3,8,11,24,4",5000,100
8,89,316988.2542684807,26.18245042121099,"21,11,7,15,26,13,5,2,6,24,14,20,10,6,23,8,16,25,19,1,2,22,3,16,4,21,13,14,17,22,1,3,4,9,18,19,12,22,18,4,7,12,7,9,13,25,16,12,7,21,17,9,17,12,13,11,15,12,11,9,6,7,26,21,13,5,17,7,22,15,25,24,20,24,16,4,15,11,5,10,25,25,6,2,13,10,20,10,20,23,5,17,14,25,12,12,11,16,6,26,1,24,7,19,8,11,20,24,13,26,1,9,5,8,3,15,26,18,6,10,10,10,3,26,18,8,14,14,18,20,11,4,14,16,9,26,16,8,18,25,10,8,8,6,8,18,18,9,24,21,19,23,8,10,10,23,8,13,6,20,20,22,20,7,26,18,23,18,24,19,3,8,11,24,4",5000,100
8,90,316988.2542684807,26.18245042121099,"21,11,7,15,26,13,5,2,6,24,14,20,10,6,23,8,16,25,19,1,2,22,3,16,4,21,13,14,17,22,1,3,4,9,18,19,12,22,18,4,7,12,7,9,13,25,16,12,7,21,17,9,17,12,13,11,15,12,11,9,6,7,26,21,13,5,17,7,22,15,25,24,20,24,16,4,15,11,5,10,25,25,6,2,13,10,20,10,20,23,5,17,14,25,12,12,11,16,6,26,1,24,7,19,8,11,20,24,13,26,1,9,5,8,3,15,26,18,6,10,10,10,3,26,18,8,14,14,18,20,11,4,14,16,9,26,16,8,18,25,10,8,8,6,8,18,18,9,24,21,19,23,8,10,10,23,8,13,6,20,20,22,20,7,26,18,23,18,24,19,3,8,11,24,4",5000,100
8,91,316988.2542684807,26.18245042121099,"21,11,7,15,26,13,5,2,6,24,14,20,10,6,23,8,16,25,19,1,2,22,3,16,4,21,13,14,17,22,1,3,4,9,18,19,12,22,18,4,7,12,7,9,13,25,16,12,7,21,17,9,17,12,13,11,15,12,11,9,6,7,26,21,13,5,17,7,22,15,25,24,20,24,16,4,15,11,5,10,25,25,6,2,13,10,20,10,20,23,5,17,14,25,12,12,11,16,6,26,1,24,7,19,8,11,20,24,13,26,1,9,5,8,3,15,26,18,6,10,10,10,3,26,18,8,14,14,18,20,11,4,14,16,9,26,16,8,18,25,10,8,8,6,8,18,18,9,24,21,19,23,8,10,10,23,8,13,6,20,20,22,20,7,26,18,23,18,24,19,3,8,11,24,4",5000,100
8,92,316988.2542684807,26.18245042121099,"21,11,7,15,26,13,5,2,6,24,14,20,10,6,23,8,16,25,19,1,2,22,3,16,4,21,13,14,17,22,1,3,4,9,18,19,12,22,18,4,7,12,7,9,13,25,16,12,7,21,17,9,17,12,13,11,15,12,11,9,6,7,26,21,13,5,17,7,22,15,25,24,20,24,16,4,15,11,5,10,25,25,6,2,13,10,20,10,20,23,5,17,14,25,12,12,11,16,6,26,1,24,7,19,8,11,20,24,13,26,1,9,5,8,3,15,26,18,6,10,10,10,3,26,18,8,14,14,18,20,11,4,14,16,9,26,16,8,18,25,10,8,8,6,8,18,18,9,24,21,19,23,8,10,10,23,8,13,6,20,20,22,20,7,26,18,23,18,24,19,3,8,11,24,4",5000,100
8,93,316988.2542684807,26.18245042121099,"21,11,7,15,26,13,5,2,6,24,14,20,10,6,23,8,16,25,19,1,2,22,3,16,4,21,13,14,17,22,1,3,4,9,18,19,12,22,18,4,7,12,7,9,13,25,16,12,7,21,17,9,17,12,13,11,15,12,11,9,6,7,26,21,13,5,17,7,22,15,25,24,20,24,16,4,15,11,5,10,25,25,6,2,13,10,20,10,20,23,5,17,14,25,12,12,11,16,6,26,1,24,7,19,8,11,20,24,13,26,1,9,5,8,3,15,26,18,6,10,10,10,3,26,18,8,14,14,18,20,11,4,14,16,9,26,16,8,18,25,10,8,8,6,8,18,18,9,24,21,19,23,8,10,10,23,8,13,6,20,20,22,20,7,26,18,23,18,24,19,3,8,11,24,4",5000,100
8,94,316988.2542684807,26.18245042121099,"21,11,7,15,26,13,5,2,6,24,14,20,10,6,23,8,16,25,19,1,2,22,3,16,4,21,13,14,17,22,1,3,4,9,18,19,12,22,18,4,7,12,7,9,13,25,16,12,7,21,17,9,17,12,13,11,15,12,11,9,6,7,26,21,13,5,17,7,22,15,25,24,20,24,16,4,15,11,5,10,25,25,6,2,13,10,20,10,20,23,5,17,14,25,12,12,11,16,6,26,1,24,7,19,8,11,20,24,13,26,1,9,5,8,3,15,26,18,6,10,10,10,3,26,18,8,14,14,18,20,11,4,14,16,9,26,16,8,18,25,10,8,8,6,8,18,18,9,24,21,19,23,8,10,10,23,8,13,6,20,20,22,20,7,26,18,23,18,24,19,3,8,11,24,4",5000,100
8,95,316988.2542684807,26.18245042121099,"21,11,7,15,26,13,5,2,6,24,14,20,10,6,23,8,16,25,19,1,2,22,3,16,4,21,13,14,17,22,1,3,4,9,18,19,12,22,18,4,7,12,7,9,13,25,16,12,7,21,17,9,17,12,13,11,15,12,11,9,6,7,26,21,13,5,17,7,22,15,25,24,20,24,16,4,15,11,5,10,25,25,6,2,13,10,20,10,20,23,5,17,14,25,12,12,11,16,6,26,1,24,7,19,8,11,20,24,13,26,1,9,5,8,3,15,26,18,6,10,10,10,3,26,18,8,14,14,18,20,11,4,14,16,9,26,16,8,18,25,10,8,8,6,8,18,18,9,24,21,19,23,8,10,10,23,8,13,6,20,20,22,20,7,26,18,23,18,24,19,3,8,11,24,4",5000,100
8,96,316988.2542684807,26.18245042121099,"21,11,7,15,26,13,5,2,6,24,14,20,10,6,23,8,16,25,19,1,2,22,3,16,4,21,13,14,17,22,1,3,4,9,18,19,12,22,18,4,7,12,7,9,13,25,16,12,7,21,17,9,17,12,13,11,15,12,11,9,6,7,26,21,13,5,17,7,22,15,25,24,20,24,16,4,15,11,5,10,25,25,6,2,13,10,20,10,20,23,5,17,14,25,12,12,11,16,6,26,1,24,7,19,8,11,20,24,13,26,1,9,5,8,3,15,26,18,6,10,10,10,3,26,18,8,14,14,18,20,11,4,14,16,9,26,16,8,18,25,10,8,8,6,8,18,18,9,24,21,19,23,8,10,10,23,8,13,6,20,20,22,20,7,26,18,23,18,24,19,3,8,11,24,4",5000,100
8,97,316988.2542684807,26.18245042121099,"21,11,7,15,26,13,5,2,6,24,14,20,10,6,23,8,16,25,19,1,2,22,3,16,4,21,13,14,17,22,1,3,4,9,18,19,12,22,18,4,7,12,7,9,13,25,16,12,7,21,17,9,17,12,13,11,15,12,11,9,6,7,26,21,13,5,17,7,22,15,25,24,20,24,16,4,15,11,5,10,25,25,6,2,13,10,20,10,20,23,5,17,14,25,12,12,11,16,6,26,1,24,7,19,8,11,20,24,13,26,1,9,5,8,3,15,26,18,6,10,10,10,3,26,18,8,14,14,18,20,11,4,14,16,9,26,16,8,18,25,10,8,8,6,8,18,18,9,24,21,19,23,8,10,10,23,8,13,6,20,20,22,20,7,26,18,23,18,24,19,3,8,11,24,4",5000,100
8,98,316988.2542684807,26.18245042121099,"21,11,7,15,26,13,5,2,6,24,14,20,10,6,23,8,16,25,19,1,2,22,3,16,4,21,13,14,17,22,1,3,4,9,18,19,12,22,18,4,7,12,7,9,13,25,16,12,7,21,17,9,17,12,13,11,15,12,11,9,6,7,26,21,13,5,17,7,22,15,25,24,20,24,16,4,15,11,5,10,25,25,6,2,13,10,20,10,20,23,5,17,14,25,12,12,11,16,6,26,1,24,7,19,8,11,20,24,13,26,1,9,5,8,3,15,26,18,6,10,10,10,3,26,18,8,14,14,18,20,11,4,14,16,9,26,16,8,18,25,10,8,8,6,8,18,18,9,24,21,19,23,8,10,10,23,8,13,6,20,20,22,20,7,26,18,23,18,24,19,3,8,11,24,4",5000,100
8,99,316988.2542684807,26.18245042121099,"21,11,7,15,26,13,5,2,6,24,14,20,10,6,23,8,16,25,19,1,2,22,3,16,4,21,13,14,17,22,1,3,4,9,18,19,12,22,18,4,7,12,7,9,13,25,16,12,7,21,17,9,17,12,13,11,15,12,11,9,6,7,26,21,13,5,17,7,22,15,25,24,20,24,16,4,15,11,5,10,25,25,6,2,13,10,20,10,20,23,5,17,14,25,12,12,11,16,6,26,1,24,7,19,8,11,20,24,13,26,1,9,5,8,3,15,26,18,6,10,10,10,3,26,18,8,14,14,18,20,11,4,14,16,9,26,16,8,18,25,10,8,8,6,8,18,18,9,24,21,19,23,8,10,10,23,8,13,6,20,20,22,20,7,26,18,23,18,24,19,3,8,11,24,4",5000,100
9,0,389255.07769072754,32.30357116572673,"13,15,5,9,20,18,25,24,3,23,22,6,23,20,12,4,19,21,10,10,26,8,17,16,7,11,7,24,2,5,12,11,14,18,1,14,17,8,22,24,1,23,22,25,26,12,13,10,4,13,6,9,20,15,19,21,21,17,15,8,16,4,24,5,17,13,17,18,23,5,10,24,9,11,23,25,12,10,8,18,22,5,23,12,16,3,16,26,5,4,26,23,8,3,25,26,25,26,1,3,18,9,11,20,10,1,8,11,16,14,1,16,15,21,23,4,21,21,4,16,15,15,13,25,19,22,10,8,2,7,22,18,26,18,3,18,3,21,6,21,26,17,7,9,16,2,2,16,19,15,12,7,7,20,2,3,13,4,12,17,15,23,26,9,25,8,2,25,19,26,3,12,20,7,7",5000,100
9,1,389255.07769072754,32.30357116572673,"13,15,5,9,20,18,25,24,3,23,22,6,23,20,12,4,19,21,10,10,26,8,17,16,7,11,7,24,2,5,12,11,14,18,1,14,17,8,22,24,1,23,22,25,26,12,13,10,4,13,6,9,20,15,19,21,21,17,15,8,16,4,24,5,17,13,17,18,23,5,10,24,9,11,23,25,12,10,8,18,22,5,23,12,16,3,16,26,5,4,26,23,8,3,25,26,25,26,1,3,18,9,11,20,10,1,8,11,16,14,1,16,15,21,23,4,21,21,4,16,15,15,13,25,19,22,10,8,2,7,22,18,26,18,3,18,3,21,6,21,26,17,7,9,16,2,2,16,19,15,12,7,7,20,2,3,13,4,12,17,15,23,26,9,25,8,2,25,19,26,3,12,20,7,7",5000,100
9,2,389255.07769072754,32.30357116572673,"13,15,5,9,20,18,25,24,3,23,22,6,23,20,12,4,19,21,10,10,26,8,17,16,7,11,7,24,2,5,12,11,14,18,1,14,17,8,22,24,1,23,22,25,26,12,13,10,4,13,6,9,20,15,19,21,21,17,15,8,16,4,24,5,17,13,17,18,23,5,10,24,9,11,23,25,12,10,8,18,22,5,23,12,16,3,16,26,5,4,26,23,8,3,25,26,25,26,1,3,18,9,11,20,10,1,8,11,16,14,1,16,15,21,23,4,21,21,4,16,15,15,13,25,19,22,10,8,2,7,22,18,26,18,3,18,3,21,6,21,26,17,7,9,16,2,2,16,19,15,12,7,7,20,2,3,13,4,12,17,15,23,26,9,25,8,2,25,19,26,3,12,20,7,7",5000,100
9,3,389255.07769072754,32.30357116572673,"13,15,5,9,20,18,25,24,3,23,22,6,23,20,12,4,19,21,10,10,26,8,17,16,7,11,7,24,2,5,12,11,14,18,1,14,17,8,22,24,1,23,22,25,26,12,13,10,4,13,6,9,20,15,19,21,21,17,15,8,16,4,24,5,17,13,17,18,23,5,10,24,9,11,23,25,12,10,8,18,22,5,23,12,16,3,16,26,5,4,26,23,8,3,25,26,25,26,1,3,18,9,11,20,10,1,8,11,16,14,1,16,15,21,23,4,21,21,4,16,15,15,13,25,19,22,10,8,2,7,22,18,26,18,3,18,3,21,6,21,26,17,7,9,16,2,2,16,19,15,12,7,7,20,2,3,13,4,12,17,15,23,26,9,25,8,2,25,19,26,3,12,20,7,7",5000,100
9,4,389255.07769072754,32.30357116572673,"13,15,5,9,20,18,25,24,3,23,22,6,23,20,12,4,19,21,10,10,26,8,17,16,7,11,7,24,2,5,12,11,14,18,1,14,17,8,22,24,1,23,22,25,26,12,13,10,4,13,6,9,20,15,19,21,21,17,15,8,16,4,24,5,17,13,17,18,23,5,10,24,9,11,23,25,12,10,8,18,22,5,23,12,16,3,16,26,5,4,26,23,8,3,25,26,25,26,1,3,18,9,11,20,10,1,8,11,16,14,1,16,15,21,23,4,21,21,4,16,15,15,13,25,19,22,10,8,2,7,22,18,26,18,3,18,3,21,6,21,26,17,7,9,16,2,2,16,19,15,12,7,7,20,2,3,13,4,12,17,15,23,26,9,25,8,2,25,19,26,3,12,20,7,7",5000,100
9,5,389255.07769072754,32.30357116572673,"13,15,5,9,20,18,25,24,3,23,22,6,23,20,12,4,19,21,10,10,26,8,17,16,7,11,7,24,2,5,12,11,14,18,1,14,17,8,22,24,1,23,22,25,26,12,13,10,4,13,6,9,20,15,19,21,21,17,15,8,16,4,24,5,17,13,17,18,23,5,10,24,9,11,23,25,12,10,8,18,22,5,23,12,16,3,16,26,5,4,26,23,8,3,25,26,25,26,1,3,18,9,11,20,10,1,8,11,16,14,1,16,15,21,23,4,21,21,4,16,15,15,13,25,19,22,10,8,2,7,22,18,26,18,3,18,3,21,6,21,26,17,7,9,16,2,2,16,19,15,12,7,7,20,2,3,13,4,12,17,15,23,26,9,25,8,2,25,19,26,3,12,20,7,7",5000,100
9,6,389255.07769072754,32.30357116572673,"13,15,5,9,20,18,25,24,3,23,22,6,23,20,12,4,19,21,10,10,26,8,17,16,7,11,7,24,2,5,12,11,14,18,1,14,17,8,22,24,1,23,22,25,26,12,13,10,4,13,6,9,20,15,19,21,21,17,15,8,16,4,24,5,17,13,17,18,23,5,10,24,9,11,23,25,12,10,8,18,22,5,23,12,16,3,16,26,5,4,26,23,8,3,25,26,25,26,1,3,18,9,11,20,10,1,8,11,16,14,1,16,15,21,23,4,21,21,4,16,15,15,13,25,19,22,10,8,2,7,22,18,26,18,3,18,3,21,6,21,26,17,7,9,16,2,2,16,19,15,12,7,7,20,2,3,13,4,12,17,15,23,26,9,25,8,2,25,19,26,3,12,20,7,7",5000,100
9,7,389255.07769072754,32.30357116572673,"13,15,5,9,20,18,25,24,3,23,22,6,23,20,12,4,19,21,10,10,26,8,17,16,7,11,7,24,2,5,12,11,14,18,1,14,17,8,22,24,1,23,22,25,26,12,13,10,4,13,6,9,20,15,19,21,21,17,15,8,16,4,24,5,17,13,17,18,23,5,10,24,9,11,23,25,12,10,8,18,22,5,23,12,16,3,16,26,5,4,26,23,8,3,25,26,25,26,1,3,18,9,11,20,10,1,8,11,16,14,1,16,15,21,23,4,21,21,4,16,15,15,13,25,19,22,10,8,2,7,22,18,26,18,3,18,3,21,6,21,26,17,7,9,16,2,2,16,19,15,12,7,7,20,2,3,13,4,12,17,15,23,26,9,25,8,2,25,19,26,3,12,20,7,7",5000,100
9,8,389255.07769072754,32.30357116572673,"13,15,5,9,20,18,25,24,3,23,22,6,23,20,12,4,19,21,10,10,26,8,17,16,7,11,7,24,2,5,12,11,14,18,1,14,17,8,22,24,1,23,22,25,26,12,13,10,4,13,6,9,20,15,19,21,21,17,15,8,16,4,24,5,17,13,17,18,23,5,10,24,9,11,23,25,12,10,8,18,22,5,23,12,16,3,16,26,5,4,26,23,8,3,25,26,25,26,1,3,18,9,11,20,10,1,8,11,16,14,1,16,15,21,23,4,21,21,4,16,15,15,13,25,19,22,10,8,2,7,22,18,26,18,3,18,3,21,6,21,26,17,7,9,16,2,2,16,19,15,12,7,7,20,2,3,13,4,12,17,15,23,26,9,25,8,2,25,19,26,3,12,20,7,7",5000,100
9,9,389255.07769072754,32.30357116572673,"13,15,5,9,20,18,25,24,3,23,22,6,23,20,12,4,19,21,10,10,26,8,17,16,7,11,7,24,2,5,12,11,14,18,1,14,17,8,22,24,1,23,22,25,26,12,13,10,4,13,6,9,20,15,19,21,21,17,15,8,16,4,24,5,17,13,17,18,23,5,10,24,9,11,23,25,12,10,8,18,22,5,23,12,16,3,16,26,5,4,26,23,8,3,25,26,25,26,1,3,18,9,11,20,10,1,8,11,16,14,1,16,15,21,23,4,21,21,4,16,15,15,13,25,19,22,10,8,2,7,22,18,26,18,3,18,3,21,6,21,26,17,7,9,16,2,2,16,19,15,12,7,7,20,2,3,13,4,12,17,15,23,26,9,25,8,2,25,19,26,3,12,20,7,7",5000,100
9,10,389255.07769072754,32.30357116572673,"13,15,5,9,20,18,25,24,3,23,22,6,23,20,12,4,19,21,10,10,26,8,17,16,7,11,7,24,2,5,12,11,14,18,1,14,17,8,22,24,1,23,22,25,26,12,13,10,4,13,6,9,20,15,19,21,21,17,15,8,16,4,24,5,17,13,17,18,23,5,10,24,9,11,23,25,12,10,8,18,22,5,23,12,16,3,16,26,5,4,26,23,8,3,25,26,25,26,1,3,18,9,11,20,10,1,8,11,16,14,1,16,15,21,23,4,21,21,4,16,15,15,13,25,19,22,10,8,2,7,22,18,26,18,3,18,3,21,6,21,26,17,7,9,16,2,2,16,19,15,12,7,7,20,2,3,13,4,12,17,15,23,26,9,25,8,2,25,19,26,3,12,20,7,7",5000,100
9,11,389255.07769072754,32.30357116572673,"13,15,5,9,20,18,25,24,3,23,22,6,23,20,12,4,19,21,10,10,26,8,17,16,7,11,7,24,2,5,12,11,14,18,1,14,17,8,22,24,1,23,22,25,26,12,13,10,4,13,6,9,20,15,19,21,21,17,15,8,16,4,24,5,17,13,17,18,23,5,10,24,9,11,23,25,12,10,8,18,22,5,23,12,16,3,16,26,5,4,26,23,8,3,25,26,25,26,1,3,18,9,11,20,10,1,8,11,16,14,1,16,15,21,23,4,21,21,4,16,15,15,13,25,19,22,10,8,2,7,22,18,26,18,3,18,3,21,6,21,26,17,7,9,16,2,2,16,19,15,12,7,7,20,2,3,13,4,12,17,15,23,26,9,25,8,2,25,19,26,3,12,20,7,7",5000,100
9,12,389255.07769072754,32.30357116572673,"13,15,5,9,20,18,25,24,3,23,22,6,23,20,12,4,19,21,10,10,26,8,17,16,7,11,7,24,2,5,12,11,14,18,1,14,17,8,22,24,1,23,22,25,26,12,13,10,4,13,6,9,20,15,19,21,21,17,15,8,16,4,24,5,17,13,17,18,23,5,10,24,9,11,23,25,12,10,8,18,22,5,23,12,16,3,16,26,5,4,26,23,8,3,25,26,25,26,1,3,18,9,11,20,10,1,8,11,16,14,1,16,15,21,23,4,21,21,4,16,15,15,13,25,19,22,10,8,2,7,22,18,26,18,3,18,3,21,6,21,26,17,7,9,16,2,2,16,19,15,12,7,7,20,2,3,13,4,12,17,15,23,26,9,25,8,2,25,19,26,3,12,20,7,7",5000,100
9,13,389255.07769072754,32.30357116572673,"13,15,5,9,20,18,25,24,3,23,22,6,23,20,12,4,19,21,10,10,26,8,17,16,7,11,7,24,2,5,12,11,14,18,1,14,17,8,22,24,1,23,22,25,26,12,13,10,4,13,6,9,20,15,19,21,21,17,15,8,16,4,24,5,17,13,17,18,23,5,10,24,9,11,23,25,12,10,8,18,22,5,23,12,16,3,16,26,5,4,26,23,8,3,25,26,25,26,1,3,18,9,11,20,10,1,8,11,16,14,1,16,15,21,23,4,21,21,4,16,15,15,13,25,19,22,10,8,2,7,22,18,26,18,3,18,3,21,6,21,26,17,7,9,16,2,2,16,19,15,12,7,7,20,2,3,13,4,12,17,15,23,26,9,25,8,2,25,19,26,3,12,20,7,7",5000,100
9,14,389255.07769072754,32.30357116572673,"13,15,5,9,20,18,25,24,3,23,22,6,23,20,12,4,19,21,10,10,26,8,17,16,7,11,7,24,2,5,12,11,14,18,1,14,17,8,22,24,1,23,22,25,26,12,13,10,4,13,6,9,20,15,19,21,21,17,15,8,16,4,24,5,17,13,17,18,23,5,10,24,9,11,23,25,12,10,8,18,22,5,23,12,16,3,16,26,5,4,26,23,8,3,25,26,25,26,1,3,18,9,11,20,10,1,8,11,16,14,1,16,15,21,23,4,21,21,4,16,15,15,13,25,19,22,10,8,2,7,22,18,26,18,3,18,3,21,6,21,26,17,7,9,16,2,2,16,19,15,12,7,7,20,2,3,13,4,12,17,15,23,26,9,25,8,2,25,19,26,3,12,20,7,7",5000,100
9,15,389255.07769072754,32.30357116572673,"13,15,5,9,20,18,25,24,3,23,22,6,23,20,12,4,19,21,10,10,26,8,17,16,7,11,7,24,2,5,12,11,14,18,1,14,17,8,22,24,1,23,22,25,26,12,13,10,4,13,6,9,20,15,19,21,21,17,15,8,16,4,24,5,17,13,17,18,23,5,10,24,9,11,23,25,12,10,8,18,22,5,23,12,16,3,16,26,5,4,26,23,8,3,25,26,25,26,1,3,18,9,11,20,10,1,8,11,16,14,1,16,15,21,23,4,21,21,4,16,15,15,13,25,19,22,10,8,2,7,22,18,26,18,3,18,3,21,6,21,26,17,7,9,16,2,2,16,19,15,12,7,7,20,2,3,13,4,12,17,15,23,26,9,25,8,2,25,19,26,3,12,20,7,7",5000,100
9,16,389255.07769072754,32.30357116572673,"13,15,5,9,20,18,25,24,3,23,22,6,23,20,12,4,19,21,10,10,26,8,17,16,7,11,7,24,2,5,12,11,14,18,1,14,17,8,22,24,1,23,22,25,26,12,13,10,4,13,6,9,20,15,19,21,21,17,15,8,16,4,24,5,17,13,17,18,23,5,10,24,9,11,23,25,12,10,8,18,22,5,23,12,16,3,16,26,5,4,26,23,8,3,25,26,25,26,1,3,18,9,11,20,10,1,8,11,16,14,1,16,15,21,23,4,21,21,4,16,15,15,13,25,19,22,10,8,2,7,22,18,26,18,3,18,3,21,6,21,26,17,7,9,16,2,2,16,19,15,12,7,7,20,2,3,13,4,12,17,15,23,26,9,25,8,2,25,19,26,3,12,20,7,7",5000,100
9,17,389255.07769072754,32.30357116572673,"13,15,5,9,20,18,25,24,3,23,22,6,23,20,12,4,19,21,10,10,26,8,17,16,7,11,7,24,2,5,12,11,14,18,1,14,17,8,22,24,1,23,22,25,26,12,13,10,4,13,6,9,20,15,19,21,21,17,15,8,16,4,24,5,17,13,17,18,23,5,10,24,9,11,23,25,12,10,8,18,22,5,23,12,16,3,16,26,5,4,26,23,8,3,25,26,25,26,1,3,18,9,11,20,10,1,8,11,16,14,1,16,15,21,23,4,21,21,4,16,15,15,13,25,19,22,10,8,2,7,22,18,26,18,3,18,3,21,6,21,26,17,7,9,16,2,2,16,19,15,12,7,7,20,2,3,13,4,12,17,15,23,26,9,25,8,2,25,19,26,3,12,20,7,7",5000,100
9,18,389255.07769072754,32.30357116572673,"13,15,5,9,20,18,25,24,3,23,22,6,23,20,12,4,19,21,10,10,26,8,17,16,7,11,7,24,2,5,12,11,14,18,1,14,17,8,22,24,1,23,22,25,26,12,13,10,4,13,6,9,20,15,19,21,21,17,15,8,16,4,24,5,17,13,17,18,23,5,10,24,9,11,23,25,12,10,8,18,22,5,23,12,16,3,16,26,5,4,26,23,8,3,25,26,25,26,1,3,18,9,11,20,10,1,8,11,16,14,1,16,15,21,23,4,21,21,4,16,15,15,13,25,19,22,10,8,2,7,22,18,26,18,3,18,3,21,6,21,26,17,7,9,16,2,2,16,19,15,12,7,7,20,2,3,13,4,12,17,15,23,26,9,25,8,2,25,19,26,3,12,20,7,7",5000,100
9,19,389255.07769072754,32.30357116572673,"13,15,5,9,20,18,25,24,3,23,22,6,23,20,12,4,19,21,10,10,26,8,17,16,7,11,7,24,2,5,12,11,14,18,1,14,17,8,22,24,1,23,22,25,26,12,13,10,4,13,6,9,20,15,19,21,21,17,15,8,16,4,24,5,17,13,17,18,23,5,10,24,9,11,23,25,12,10,8,18,22,5,23,12,16,3,16,26,5,4,26,23,8,3,25,26,25,26,1,3,18,9,11,20,10,1,8,11,16,14,1,16,15,21,23,4,21,21,4,16,15,15,13,25,19,22,10,8,2,7,22,18,26,18,3,18,3,21,6,21,26,17,7,9,16,2,2,16,19,15,12,7,7,20,2,3,13,4,12,17,15,23,26,9,25,8,2,25,19,26,3,12,20,7,7",5000,100
9,20,389255.07769072754,32.30357116572673,"13,15,5,9,20,18,25,24,3,23,22,6,23,20,12,4,19,21,10,10,26,8,17,16,7,11,7,24,2,5,12,11,14,18,1,14,17,8,22,24,1,23,22,25,26,12,13,10,4,13,6,9,20,15,19,21,21,17,15,8,16,4,24,5,17,13,17,18,23,5,10,24,9,11,23,25,12,10,8,18,22,5,23,12,16,3,16,26,5,4,26,23,8,3,25,26,25,26,1,3,18,9,11,20,10,1,8,11,16,14,1,16,15,21,23,4,21,21,4,16,15,15,13,25,19,22,10,8,2,7,22,18,26,18,3,18,3,21,6,21,26,17,7,9,16,2,2,16,19,15,12,7,7,20,2,3,13,4,12,17,15,23,26,9,25,8,2,25,19,26,3,12,20,7,7",5000,100
9,21,389255.07769072754,32.30357116572673,"13,15,5,9,20,18,25,24,3,23,22,6,23,20,12,4,19,21,10,10,26,8,17,16,7,11,7,24,2,5,12,11,14,18,1,14,17,8,22,24,1,23,22,25,26,12,13,10,4,13,6,9,20,15,19,21,21,17,15,8,16,4,24,5,17,13,17,18,23,5,10,24,9,11,23,25,12,10,8,18,22,5,23,12,16,3,16,26,5,4,26,23,8,3,25,26,25,26,1,3,18,9,11,20,10,1,8,11,16,14,1,16,15,21,23,4,21,21,4,16,15,15,13,25,19,22,10,8,2,7,22,18,26,18,3,18,3,21,6,21,26,17,7,9,16,2,2,16,19,15,12,7,7,20,2,3,13,4,12,17,15,23,26,9,25,8,2,25,19,26,3,12,20,7,7",5000,100
9,22,389255.07769072754,32.30357116572673,"13,15,5,9,20,18,25,24,3,23,22,6,23,20,12,4,19,21,10,10,26,8,17,16,7,11,7,24,2,5,12,11,14,18,1,14,17,8,22,24,1,23,22,25,26,12,13,10,4,13,6,9,20,15,19,21,21,17,15,8,16,4,24,5,17,13,17,18,23,5,10,24,9,11,23,25,12,10,8,18,22,5,23,12,16,3,16,26,5,4,26,23,8,3,25,26,25,26,1,3,18,9,11,20,10,1,8,11,16,14,1,16,15,21,23,4,21,21,4,16,15,15,13,25,19,22,10,8,2,7,22,18,26,18,3,18,3,21,6,21,26,17,7,9,16,2,2,16,19,15,12,7,7,20,2,3,13,4,12,17,15,23,26,9,25,8,2,25,19,26,3,12,20,7,7",5000,100
9,23,389255.07769072754,32.30357116572673,"13,15,5,9,20,18,25,24,3,23,22,6,23,20,12,4,19,21,10,10,26,8,17,16,7,11,7,24,2,5,12,11,14,18,1,14,17,8,22,24,1,23,22,25,26,12,13,10,4,13,6,9,20,15,19,21,21,17,15,8,16,4,24,5,17,13,17,18,23,5,10,24,9,11,23,25,12,10,8,18,22,5,23,12,16,3,16,26,5,4,26,23,8,3,25,26,25,26,1,3,18,9,11,20,10,1,8,11,16,14,1,16,15,21,23,4,21,21,4,16,15,15,13,25,19,22,10,8,2,7,22,18,26,18,3,18,3,21,6,21,26,17,7,9,16,2,2,16,19,15,12,7,7,20,2,3,13,4,12,17,15,23,26,9,25,8,2,25,19,26,3,12,20,7,7",5000,100
9,24,389255.07769072754,32.30357116572673,"13,15,5,9,20,18,25,24,3,23,22,6,23,20,12,4,19,21,10,10,26,8,17,16,7,11,7,24,2,5,12,11,14,18,1,14,17,8,22,24,1,23,22,25,26,12,13,10,4,13,6,9,20,15,19,21,21,17,15,8,16,4,24,5,17,13,17,18,23,5,10,24,9,11,23,25,12,10,8,18,22,5,23,12,16,3,16,26,5,4,26,23,8,3,25,26,25,26,1,3,18,9,11,20,10,1,8,11,16,14,1,16,15,21,23,4,21,21,4,16,15,15,13,25,19,22,10,8,2,7,22,18,26,18,3,18,3,21,6,21,26,17,7,9,16,2,2,16,19,15,12,7,7,20,2,3,13,4,12,17,15,23,26,9,25,8,2,25,19,26,3,12,20,7,7",5000,100
9,25,389255.07769072754,32.30357116572673,"13,15,5,9,20,18,25,24,3,23,22,6,23,20,12,4,19,21,10,10,26,8,17,16,7,11,7,24,2,5,12,11,14,18,1,14,17,8,22,24,1,23,22,25,26,12,13,10,4,13,6,9,20,15,19,21,21,17,15,8,16,4,24,5,17,13,17,18,23,5,10,24,9,11,23,25,12,10,8,18,22,5,23,12,16,3,16,26,5,4,26,23,8,3,25,26,25,26,1,3,18,9,11,20,10,1,8,11,16,14,1,16,15,21,23,4,21,21,4,16,15,15,13,25,19,22,10,8,2,7,22,18,26,18,3,18,3,21,6,21,26,17,7,9,16,2,2,16,19,15,12,7,7,20,2,3,13,4,12,17,15,23,26,9,25,8,2,25,19,26,3,12,20,7,7",5000,100
9,26,389255.07769072754,32.30357116572673,"13,15,5,9,20,18,25,24,3,23,22,6,23,20,12,4,19,21,10,10,26,8,17,16,7,11,7,24,2,5,12,11,14,18,1,14,17,8,22,24,1,23,22,25,26,12,13,10,4,13,6,9,20,15,19,21,21,17,15,8,16,4,24,5,17,13,17,18,23,5,10,24,9,11,23,25,12,10,8,18,22,5,23,12,16,3,16,26,5,4,26,23,8,3,25,26,25,26,1,3,18,9,11,20,10,1,8,11,16,14,1,16,15,21,23,4,21,21,4,16,15,15,13,25,19,22,10,8,2,7,22,18,26,18,3,18,3,21,6,21,26,17,7,9,16,2,2,16,19,15,12,7,7,20,2,3,13,4,12,17,15,23,26,9,25,8,2,25,19,26,3,12,20,7,7",5000,100
9,27,389255.07769072754,32.30357116572673,"13,15,5,9,20,18,25,24,3,23,22,6,23,20,12,4,19,21,10,10,26,8,17,16,7,11,7,24,2,5,12,11,14,18,1,14,17,8,22,24,1,23,22,25,26,12,13,10,4,13,6,9,20,15,19,21,21,17,15,8,16,4,24,5,17,13,17,18,23,5,10,24,9,11,23,25,12,10,8,18,22,5,23,12,16,3,16,26,5,4,26,23,8,3,25,26,25,26,1,3,18,9,11,20,10,1,8,11,16,14,1,16,15,21,23,4,21,21,4,16,15,15,13,25,19,22,10,8,2,7,22,18,26,18,3,18,3,21,6,21,26,17,7,9,16,2,2,16,19,15,12,7,7,20,2,3,13,4,12,17,15,23,26,9,25,8,2,25,19,26,3,12,20,7,7",5000,100
9,28,389255.07769072754,32.30357116572673,"13,15,5,9,20,18,25,24,3,23,22,6,23,20,12,4,19,21,10,10,26,8,17,16,7,11,7,24,2,5,12,11,14,18,1,14,17,8,22,24,1,23,22,25,26,12,13,10,4,13,6,9,20,15,19,21,21,17,15,8,16,4,24,5,17,13,17,18,23,5,10,24,9,11,23,25,12,10,8,18,22,5,23,12,16,3,16,26,5,4,26,23,8,3,25,26,25,26,1,3,18,9,11,20,10,1,8,11,16,14,1,16,15,21,23,4,21,21,4,16,15,15,13,25,19,22,10,8,2,7,22,18,26,18,3,18,3,21,6,21,26,17,7,9,16,2,2,16,19,15,12,7,7,20,2,3,13,4,12,17,15,23,26,9,25,8,2,25,19,26,3,12,20,7,7",5000,100
9,29,389255.07769072754,32.30357116572673,"13,15,5,9,20,18,25,24,3,23,22,6,23,20,12,4,19,21,10,10,26,8,17,16,7,11,7,24,2,5,12,11,14,18,1,14,17,8,22,24,1,23,22,25,26,12,13,10,4,13,6,9,20,15,19,21,21,17,15,8,16,4,24,5,17,13,17,18,23,5,10,24,9,11,23,25,12,10,8,18,22,5,23,12,16,3,16,26,5,4,26,23,8,3,25,26,25,26,1,3,18,9,11,20,10,1,8,11,16,14,1,16,15,21,23,4,21,21,4,16,15,15,13,25,19,22,10,8,2,7,22,18,26,18,3,18,3,21,6,21,26,17,7,9,16,2,2,16,19,15,12,7,7,20,2,3,13,4,12,17,15,23,26,9,25,8,2,25,19,26,3,12,20,7,7",5000,100
9,30,389255.07769072754,32.30357116572673,"13,15,5,9,20,18,25,24,3,23,22,6,23,20,12,4,19,21,10,10,26,8,17,16,7,11,7,24,2,5,12,11,14,18,1,14,17,8,22,24,1,23,22,25,26,12,13,10,4,13,6,9,20,15,19,21,21,17,15,8,16,4,24,5,17,13,17,18,23,5,10,24,9,11,23,25,12,10,8,18,22,5,23,12,16,3,16,26,5,4,26,23,8,3,25,26,25,26,1,3,18,9,11,20,10,1,8,11,16,14,1,16,15,21,23,4,21,21,4,16,15,15,13,25,19,22,10,8,2,7,22,18,26,18,3,18,3,21,6,21,26,17,7,9,16,2,2,16,19,15,12,7,7,20,2,3,13,4,12,17,15,23,26,9,25,8,2,25,19,26,3,12,20,7,7",5000,100
9,31,389255.07769072754,32.30357116572673,"13,15,5,9,20,18,25,24,3,23,22,6,23,20,12,4,19,21,10,10,26,8,17,16,7,11,7,24,2,5,12,11,14,18,1,14,17,8,22,24,1,23,22,25,26,12,13,10,4,13,6,9,20,15,19,21,21,17,15,8,16,4,24,5,17,13,17,18,23,5,10,24,9,11,23,25,12,10,8,18,22,5,23,12,16,3,16,26,5,4,26,23,8,3,25,26,25,26,1,3,18,9,11,20,10,1,8,11,16,14,1,16,15,21,23,4,21,21,4,16,15,15,13,25,19,22,10,8,2,7,22,18,26,18,3,18,3,21,6,21,26,17,7,9,16,2,2,16,19,15,12,7,7,20,2,3,13,4,12,17,15,23,26,9,25,8,2,25,19,26,3,12,20,7,7",5000,100
9,32,389255.07769072754,32.30357116572673,"13,15,5,9,20,18,25,24,3,23,22,6,23,20,12,4,19,21,10,10,26,8,17,16,7,11,7,24,2,5,12,11,14,18,1,14,17,8,22,24,1,23,22,25,26,12,13,10,4,13,6,9,20,15,19,21,21,17,15,8,16,4,24,5,17,13,17,18,23,5,10,24,9,11,23,25,12,10,8,18,22,5,23,12,16,3,16,26,5,4,26,23,8,3,25,26,25,26,1,3,18,9,11,20,10,1,8,11,16,14,1,16,15,21,23,4,21,21,4,16,15,15,13,25,19,22,10,8,2,7,22,18,26,18,3,18,3,21,6,21,26,17,7,9,16,2,2,16,19,15,12,7,7,20,2,3,13,4,12,17,15,23,26,9,25,8,2,25,19,26,3,12,20,7,7",5000,100
9,33,389255.07769072754,32.30357116572673,"13,15,5,9,20,18,25,24,3,23,22,6,23,20,12,4,19,21,10,10,26,8,17,16,7,11,7,24,2,5,12,11,14,18,1,14,17,8,22,24,1,23,22,25,26,12,13,10,4,13,6,9,20,15,19,21,21,17,15,8,16,4,24,5,17,13,17,18,23,5,10,24,9,11,23,25,12,10,8,18,22,5,23,12,16,3,16,26,5,4,26,23,8,3,25,26,25,26,1,3,18,9,11,20,10,1,8,11,16,14,1,16,15,21,23,4,21,21,4,16,15,15,13,25,19,22,10,8,2,7,22,18,26,18,3,18,3,21,6,21,26,17,7,9,16,2,2,16,19,15,12,7,7,20,2,3,13,4,12,17,15,23,26,9,25,8,2,25,19,26,3,12,20,7,7",5000,100
9,34,389255.07769072754,32.30357116572673,"13,15,5,9,20,18,25,24,3,23,22,6,23,20,12,4,19,21,10,10,26,8,17,16,7,11,7,24,2,5,12,11,14,18,1,14,17,8,22,24,1,23,22,25,26,12,13,10,4,13,6,9,20,15,19,21,21,17,15,8,16,4,24,5,17,13,17,18,23,5,10,24,9,11,23,25,12,10,8,18,22,5,23,12,16,3,16,26,5,4,26,23,8,3,25,26,25,26,1,3,18,9,11,20,10,1,8,11,16,14,1,16,15,21,23,4,21,21,4,16,15,15,13,25,19,22,10,8,2,7,22,18,26,18,3,18,3,21,6,21,26,17,7,9,16,2,2,16,19,15,12,7,7,20,2,3,13,4,12,17,15,23,26,9,25,8,2,25,19,26,3,12,20,7,7",5000,100
9,35,389255.07769072754,32.30357116572673,"13,15,5,9,20,18,25,24,3,23,22,6,23,20,12,4,19,21,10,10,26,8,17,16,7,11,7,24,2,5,12,11,14,18,1,14,17,8,22,24,1,23,22,25,26,12,13,10,4,13,6,9,20,15,19,21,21,17,15,8,16,4,24,5,17,13,17,18,23,5,10,24,9,11,23,25,12,10,8,18,22,5,23,12,16,3,16,26,5,4,26,23,8,3,25,26,25,26,1,3,18,9,11,20,10,1,8,11,16,14,1,16,15,21,23,4,21,21,4,16,15,15,13,25,19,22,10,8,2,7,22,18,26,18,3,18,3,21,6,21,26,17,7,9,16,2,2,16,19,15,12,7,7,20,2,3,13,4,12,17,15,23,26,9,25,8,2,25,19,26,3,12,20,7,7",5000,100
9,36,389255.07769072754,32.30357116572673,"13,15,5,9,20,18,25,24,3,23,22,6,23,20,12,4,19,21,10,10,26,8,17,16,7,11,7,24,2,5,12,11,14,18,1,14,17,8,22,24,1,23,22,25,26,12,13,10,4,13,6,9,20,15,19,21,21,17,15,8,16,4,24,5,17,13,17,18,23,5,10,24,9,11,23,25,12,10,8,18,22,5,23,12,16,3,16,26,5,4,26,23,8,3,25,26,25,26,1,3,18,9,11,20,10,1,8,11,16,14,1,16,15,21,23,4,21,21,4,16,15,15,13,25,19,22,10,8,2,7,22,18,26,18,3,18,3,21,6,21,26,17,7,9,16,2,2,16,19,15,12,7,7,20,2,3,13,4,12,17,15,23,26,9,25,8,2,25,19,26,3,12,20,7,7",5000,100
9,37,389255.07769072754,32.30357116572673,"13,15,5,9,20,18,25,24,3,23,22,6,23,20,12,4,19,21,10,10,26,8,17,16,7,11,7,24,2,5,12,11,14,18,1,14,17,8,22,24,1,23,22,25,26,12,13,10,4,13,6,9,20,15,19,21,21,17,15,8,16,4,24,5,17,13,17,18,23,5,10,24,9,11,23,25,12,10,8,18,22,5,23,12,16,3,16,26,5,4,26,23,8,3,25,26,25,26,1,3,18,9,11,20,10,1,8,11,16,14,1,16,15,21,23,4,21,21,4,16,15,15,13,25,19,22,10,8,2,7,22,18,26,18,3,18,3,21,6,21,26,17,7,9,16,2,2,16,19,15,12,7,7,20,2,3,13,4,12,17,15,23,26,9,25,8,2,25,19,26,3,12,20,7,7",5000,100
9,38,389255.07769072754,32.30357116572673,"13,15,5,9,20,18,25,24,3,23,22,6,23,20,12,4,19,21,10,10,26,8,17,16,7,11,7,24,2,5,12,11,14,18,1,14,17,8,22,24,1,23,22,25,26,12,13,10,4,13,6,9,20,15,19,21,21,17,15,8,16,4,24,5,17,13,17,18,23,5,10,24,9,11,23,25,12,10,8,18,22,5,23,12,16,3,16,26,5,4,26,23,8,3,25,26,25,26,1,3,18,9,11,20,10,1,8,11,16,14,1,16,15,21,23,4,21,21,4,16,15,15,13,25,19,22,10,8,2,7,22,18,26,18,3,18,3,21,6,21,26,17,7,9,16,2,2,16,19,15,12,7,7,20,2,3,13,4,12,17,15,23,26,9,25,8,2,25,19,26,3,12,20,7,7",5000,100
9,39,389255.07769072754,32.30357116572673,"13,15,5,9,20,18,25,24,3,23,22,6,23,20,12,4,19,21,10,10,26,8,17,16,7,11,7,24,2,5,12,11,14,18,1,14,17,8,22,24,1,23,22,25,26,12,13,10,4,13,6,9,20,15,19,21,21,17,15,8,16,4,24,5,17,13,17,18,23,5,10,24,9,11,23,25,12,10,8,18,22,5,23,12,16,3,16,26,5,4,26,23,8,3,25,26,25,26,1,3,18,9,11,20,10,1,8,11,16,14,1,16,15,21,23,4,21,21,4,16,15,15,13,25,19,22,10,8,2,7,22,18,26,18,3,18,3,21,6,21,26,17,7,9,16,2,2,16,19,15,12,7,7,20,2,3,13,4,12,17,15,23,26,9,25,8,2,25,19,26,3,12,20,7,7",5000,100
9,40,389255.07769072754,32.30357116572673,"13,15,5,9,20,18,25,24,3,23,22,6,23,20,12,4,19,21,10,10,26,8,17,16,7,11,7,24,2,5,12,11,14,18,1,14,17,8,22,24,1,23,22,25,26,12,13,10,4,13,6,9,20,15,19,21,21,17,15,8,16,4,24,5,17,13,17,18,23,5,10,24,9,11,23,25,12,10,8,18,22,5,23,12,16,3,16,26,5,4,26,23,8,3,25,26,25,26,1,3,18,9,11,20,10,1,8,11,16,14,1,16,15,21,23,4,21,21,4,16,15,15,13,25,19,22,10,8,2,7,22,18,26,18,3,18,3,21,6,21,26,17,7,9,16,2,2,16,19,15,12,7,7,20,2,3,13,4,12,17,15,23,26,9,25,8,2,25,19,26,3,12,20,7,7",5000,100
9,41,389255.07769072754,32.30357116572673,"13,15,5,9,20,18,25,24,3,23,22,6,23,20,12,4,19,21,10,10,26,8,17,16,7,11,7,24,2,5,12,11,14,18,1,14,17,8,22,24,1,23,22,25,26,12,13,10,4,13,6,9,20,15,19,21,21,17,15,8,16,4,24,5,17,13,17,18,23,5,10,24,9,11,23,25,12,10,8,18,22,5,23,12,16,3,16,26,5,4,26,23,8,3,25,26,25,26,1,3,18,9,11,20,10,1,8,11,16,14,1,16,15,21,23,4,21,21,4,16,15,15,13,25,19,22,10,8,2,7,22,18,26,18,3,18,3,21,6,21,26,17,7,9,16,2,2,16,19,15,12,7,7,20,2,3,13,4,12,17,15,23,26,9,25,8,2,25,19,26,3,12,20,7,7",5000,100
9,42,389255.07769072754,32.30357116572673,"13,15,5,9,20,18,25,24,3,23,22,6,23,20,12,4,19,21,10,10,26,8,17,16,7,11,7,24,2,5,12,11,14,18,1,14,17,8,22,24,1,23,22,25,26,12,13,10,4,13,6,9,20,15,19,21,21,17,15,8,16,4,24,5,17,13,17,18,23,5,10,24,9,11,23,25,12,10,8,18,22,5,23,12,16,3,16,26,5,4,26,23,8,3,25,26,25,26,1,3,18,9,11,20,10,1,8,11,16,14,1,16,15,21,23,4,21,21,4,16,15,15,13,25,19,22,10,8,2,7,22,18,26,18,3,18,3,21,6,21,26,17,7,9,16,2,2,16,19,15,12,7,7,20,2,3,13,4,12,17,15,23,26,9,25,8,2,25,19,26,3,12,20,7,7",5000,100
9,43,389255.07769072754,32.30357116572673,"13,15,5,9,20,18,25,24,3,23,22,6,23,20,12,4,19,21,10,10,26,8,17,16,7,11,7,24,2,5,12,11,14,18,1,14,17,8,22,24,1,23,22,25,26,12,13,10,4,13,6,9,20,15,19,21,21,17,15,8,16,4,24,5,17,13,17,18,23,5,10,24,9,11,23,25,12,10,8,18,22,5,23,12,16,3,16,26,5,4,26,23,8,3,25,26,25,26,1,3,18,9,11,20,10,1,8,11,16,14,1,16,15,21,23,4,21,21,4,16,15,15,13,25,19,22,10,8,2,7,22,18,26,18,3,18,3,21,6,21,26,17,7,9,16,2,2,16,19,15,12,7,7,20,2,3,13,4,12,17,15,23,26,9,25,8,2,25,19,26,3,12,20,7,7",5000,100
9,44,389255.07769072754,32.30357116572673,"13,15,5,9,20,18,25,24,3,23,22,6,23,20,12,4,19,21,10,10,26,8,17,16,7,11,7,24,2,5,12,11,14,18,1,14,17,8,22,24,1,23,22,25,26,12,13,10,4,13,6,9,20,15,19,21,21,17,15,8,16,4,24,5,17,13,17,18,23,5,10,24,9,11,23,25,12,10,8,18,22,5,23,12,16,3,16,26,5,4,26,23,8,3,25,26,25,26,1,3,18,9,11,20,10,1,8,11,16,14,1,16,15,21,23,4,21,21,4,16,15,15,13,25,19,22,10,8,2,7,22,18,26,18,3,18,3,21,6,21,26,17,7,9,16,2,2,16,19,15,12,7,7,20,2,3,13,4,12,17,15,23,26,9,25,8,2,25,19,26,3,12,20,7,7",5000,100
9,45,389255.07769072754,32.30357116572673,"13,15,5,9,20,18,25,24,3,23,22,6,23,20,12,4,19,21,10,10,26,8,17,16,7,11,7,24,2,5,12,11,14,18,1,14,17,8,22,24,1,23,22,25,26,12,13,10,4,13,6,9,20,15,19,21,21,17,15,8,16,4,24,5,17,13,17,18,23,5,10,24,9,11,23,25,12,10,8,18,22,5,23,12,16,3,16,26,5,4,26,23,8,3,25,26,25,26,1,3,18,9,11,20,10,1,8,11,16,14,1,16,15,21,23,4,21,21,4,16,15,15,13,25,19,22,10,8,2,7,22,18,26,18,3,18,3,21,6,21,26,17,7,9,16,2,2,16,19,15,12,7,7,20,2,3,13,4,12,17,15,23,26,9,25,8,2,25,19,26,3,12,20,7,7",5000,100
9,46,389255.07769072754,32.30357116572673,"13,15,5,9,20,18,25,24,3,23,22,6,23,20,12,4,19,21,10,10,26,8,17,16,7,11,7,24,2,5,12,11,14,18,1,14,17,8,22,24,1,23,22,25,26,12,13,10,4,13,6,9,20,15,19,21,21,17,15,8,16,4,24,5,17,13,17,18,23,5,10,24,9,11,23,25,12,10,8,18,22,5,23,12,16,3,16,26,5,4,26,23,8,3,25,26,25,26,1,3,18,9,11,20,10,1,8,11,16,14,1,16,15,21,23,4,21,21,4,16,15,15,13,25,19,22,10,8,2,7,22,18,26,18,3,18,3,21,6,21,26,17,7,9,16,2,2,16,19,15,12,7,7,20,2,3,13,4,12,17,15,23,26,9,25,8,2,25,19,26,3,12,20,7,7",5000,100
9,47,389255.07769072754,32.30357116572673,"13,15,5,9,20,18,25,24,3,23,22,6,23,20,12,4,19,21,10,10,26,8,17,16,7,11,7,24,2,5,12,11,14,18,1,14,17,8,22,24,1,23,22,25,26,12,13,10,4,13,6,9,20,15,19,21,21,17,15,8,16,4,24,5,17,13,17,18,23,5,10,24,9,11,23,25,12,10,8,18,22,5,23,12,16,3,16,26,5,4,26,23,8,3,25,26,25,26,1,3,18,9,11,20,10,1,8,11,16,14,1,16,15,21,23,4,21,21,4,16,15,15,13,25,19,22,10,8,2,7,22,18,26,18,3,18,3,21,6,21,26,17,7,9,16,2,2,16,19,15,12,7,7,20,2,3,13,4,12,17,15,23,26,9,25,8,2,25,19,26,3,12,20,7,7",5000,100
9,48,389255.07769072754,32.30357116572673,"13,15,5,9,20,18,25,24,3,23,22,6,23,20,12,4,19,21,10,10,26,8,17,16,7,11,7,24,2,5,12,11,14,18,1,14,17,8,22,24,1,23,22,25,26,12,13,10,4,13,6,9,20,15,19,21,21,17,15,8,16,4,24,5,17,13,17,18,23,5,10,24,9,11,23,25,12,10,8,18,22,5,23,12,16,3,16,26,5,4,26,23,8,3,25,26,25,26,1,3,18,9,11,20,10,1,8,11,16,14,1,16,15,21,23,4,21,21,4,16,15,15,13,25,19,22,10,8,2,7,22,18,26,18,3,18,3,21,6,21,26,17,7,9,16,2,2,16,19,15,12,7,7,20,2,3,13,4,12,17,15,23,26,9,25,8,2,25,19,26,3,12,20,7,7",5000,100
9,49,389255.07769072754,32.30357116572673,"13,15,5,9,20,18,25,24,3,23,22,6,23,20,12,4,19,21,10,10,26,8,17,16,7,11,7,24,2,5,12,11,14,18,1,14,17,8,22,24,1,23,22,25,26,12,13,10,4,13,6,9,20,15,19,21,21,17,15,8,16,4,24,5,17,13,17,18,23,5,10,24,9,11,23,25,12,10,8,18,22,5,23,12,16,3,16,26,5,4,26,23,8,3,25,26,25,26,1,3,18,9,11,20,10,1,8,11,16,14,1,16,15,21,23,4,21,21,4,16,15,15,13,25,19,22,10,8,2,7,22,18,26,18,3,18,3,21,6,21,26,17,7,9,16,2,2,16,19,15,12,7,7,20,2,3,13,4,12,17,15,23,26,9,25,8,2,25,19,26,3,12,20,7,7",5000,100
9,50,389255.07769072754,32.30357116572673,"13,15,5,9,20,18,25,24,3,23,22,6,23,20,12,4,19,21,10,10,26,8,17,16,7,11,7,24,2,5,12,11,14,18,1,14,17,8,22,24,1,23,22,25,26,12,13,10,4,13,6,9,20,15,19,21,21,17,15,8,16,4,24,5,17,13,17,18,23,5,10,24,9,11,23,25,12,10,8,18,22,5,23,12,16,3,16,26,5,4,26,23,8,3,25,26,25,26,1,3,18,9,11,20,10,1,8,11,16,14,1,16,15,21,23,4,21,21,4,16,15,15,13,25,19,22,10,8,2,7,22,18,26,18,3,18,3,21,6,21,26,17,7,9,16,2,2,16,19,15,12,7,7,20,2,3,13,4,12,17,15,23,26,9,25,8,2,25,19,26,3,12,20,7,7",5000,100
9,51,389255.07769072754,32.30357116572673,"13,15,5,9,20,18,25,24,3,23,22,6,23,20,12,4,19,21,10,10,26,8,17,16,7,11,7,24,2,5,12,11,14,18,1,14,17,8,22,24,1,23,22,25,26,12,13,10,4,13,6,9,20,15,19,21,21,17,15,8,16,4,24,5,17,13,17,18,23,5,10,24,9,11,23,25,12,10,8,18,22,5,23,12,16,3,16,26,5,4,26,23,8,3,25,26,25,26,1,3,18,9,11,20,10,1,8,11,16,14,1,16,15,21,23,4,21,21,4,16,15,15,13,25,19,22,10,8,2,7,22,18,26,18,3,18,3,21,6,21,26,17,7,9,16,2,2,16,19,15,12,7,7,20,2,3,13,4,12,17,15,23,26,9,25,8,2,25,19,26,3,12,20,7,7",5000,100
9,52,389255.07769072754,32.30357116572673,"13,15,5,9,20,18,25,24,3,23,22,6,23,20,12,4,19,21,10,10,26,8,17,16,7,11,7,24,2,5,12,11,14,18,1,14,17,8,22,24,1,23,22,25,26,12,13,10,4,13,6,9,20,15,19,21,21,17,15,8,16,4,24,5,17,13,17,18,23,5,10,24,9,11,23,25,12,10,8,18,22,5,23,12,16,3,16,26,5,4,26,23,8,3,25,26,25,26,1,3,18,9,11,20,10,1,8,11,16,14,1,16,15,21,23,4,21,21,4,16,15,15,13,25,19,22,10,8,2,7,22,18,26,18,3,18,3,21,6,21,26,17,7,9,16,2,2,16,19,15,12,7,7,20,2,3,13,4,12,17,15,23,26,9,25,8,2,25,19,26,3,12,20,7,7",5000,100
9,53,389255.07769072754,32.30357116572673,"13,15,5,9,20,18,25,24,3,23,22,6,23,20,12,4,19,21,10,10,26,8,17,16,7,11,7,24,2,5,12,11,14,18,1,14,17,8,22,24,1,23,22,25,26,12,13,10,4,13,6,9,20,15,19,21,21,17,15,8,16,4,24,5,17,13,17,18,23,5,10,24,9,11,23,25,12,10,8,18,22,5,23,12,16,3,16,26,5,4,26,23,8,3,25,26,25,26,1,3,18,9,11,20,10,1,8,11,16,14,1,16,15,21,23,4,21,21,4,16,15,15,13,25,19,22,10,8,2,7,22,18,26,18,3,18,3,21,6,21,26,17,7,9,16,2,2,16,19,15,12,7,7,20,2,3,13,4,12,17,15,23,26,9,25,8,2,25,19,26,3,12,20,7,7",5000,100
9,54,389255.07769072754,32.30357116572673,"13,15,5,9,20,18,25,24,3,23,22,6,23,20,12,4,19,21,10,10,26,8,17,16,7,11,7,24,2,5,12,11,14,18,1,14,17,8,22,24,1,23,22,25,26,12,13,10,4,13,6,9,20,15,19,21,21,17,15,8,16,4,24,5,17,13,17,18,23,5,10,24,9,11,23,25,12,10,8,18,22,5,23,12,16,3,16,26,5,4,26,23,8,3,25,26,25,26,1,3,18,9,11,20,10,1,8,11,16,14,1,16,15,21,23,4,21,21,4,16,15,15,13,25,19,22,10,8,2,7,22,18,26,18,3,18,3,21,6,21,26,17,7,9,16,2,2,16,19,15,12,7,7,20,2,3,13,4,12,17,15,23,26,9,25,8,2,25,19,26,3,12,20,7,7",5000,100
9,55,389255.07769072754,32.30357116572673,"13,15,5,9,20,18,25,24,3,23,22,6,23,20,12,4,19,21,10,10,26,8,17,16,7,11,7,24,2,5,12,11,14,18,1,14,17,8,22,24,1,23,22,25,26,12,13,10,4,13,6,9,20,15,19,21,21,17,15,8,16,4,24,5,17,13,17,18,23,5,10,24,9,11,23,25,12,10,8,18,22,5,23,12,16,3,16,26,5,4,26,23,8,3,25,26,25,26,1,3,18,9,11,20,10,1,8,11,16,14,1,16,15,21,23,4,21,21,4,16,15,15,13,25,19,22,10,8,2,7,22,18,26,18,3,18,3,21,6,21,26,17,7,9,16,2,2,16,19,15,12,7,7,20,2,3,13,4,12,17,15,23,26,9,25,8,2,25,19,26,3,12,20,7,7",5000,100
9,56,389255.07769072754,32.30357116572673,"13,15,5,9,20,18,25,24,3,23,22,6,23,20,12,4,19,21,10,10,26,8,17,16,7,11,7,24,2,5,12,11,14,18,1,14,17,8,22,24,1,23,22,25,26,12,13,10,4,13,6,9,20,15,19,21,21,17,15,8,16,4,24,5,17,13,17,18,23,5,10,24,9,11,23,25,12,10,8,18,22,5,23,12,16,3,16,26,5,4,26,23,8,3,25,26,25,26,1,3,18,9,11,20,10,1,8,11,16,14,1,16,15,21,23,4,21,21,4,16,15,15,13,25,19,22,10,8,2,7,22,18,26,18,3,18,3,21,6,21,26,17,7,9,16,2,2,16,19,15,12,7,7,20,2,3,13,4,12,17,15,23,26,9,25,8,2,25,19,26,3,12,20,7,7",5000,100
9,57,389255.07769072754,32.30357116572673,"13,15,5,9,20,18,25,24,3,23,22,6,23,20,12,4,19,21,10,10,26,8,17,16,7,11,7,24,2,5,12,11,14,18,1,14,17,8,22,24,1,23,22,25,26,12,13,10,4,13,6,9,20,15,19,21,21,17,15,8,16,4,24,5,17,13,17,18,23,5,10,24,9,11,23,25,12,10,8,18,22,5,23,12,16,3,16,26,5,4,26,23,8,3,25,26,25,26,1,3,18,9,11,20,10,1,8,11,16,14,1,16,15,21,23,4,21,21,4,16,15,15,13,25,19,22,10,8,2,7,22,18,26,18,3,18,3,21,6,21,26,17,7,9,16,2,2,16,19,15,12,7,7,20,2,3,13,4,12,17,15,23,26,9,25,8,2,25,19,26,3,12,20,7,7",5000,100
9,58,389255.07769072754,32.30357116572673,"13,15,5,9,20,18,25,24,3,23,22,6,23,20,12,4,19,21,10,10,26,8,17,16,7,11,7,24,2,5,12,11,14,18,1,14,17,8,22,24,1,23,22,25,26,12,13,10,4,13,6,9,20,15,19,21,21,17,15,8,16,4,24,5,17,13,17,18,23,5,10,24,9,11,23,25,12,10,8,18,22,5,23,12,16,3,16,26,5,4,26,23,8,3,25,26,25,26,1,3,18,9,11,20,10,1,8,11,16,14,1,16,15,21,23,4,21,21,4,16,15,15,13,25,19,22,10,8,2,7,22,18,26,18,3,18,3,21,6,21,26,17,7,9,16,2,2,16,19,15,12,7,7,20,2,3,13,4,12,17,15,23,26,9,25,8,2,25,19,26,3,12,20,7,7",5000,100
9,59,389255.07769072754,32.30357116572673,"13,15,5,9,20,18,25,24,3,23,22,6,23,20,12,4,19,21,10,10,26,8,17,16,7,11,7,24,2,5,12,11,14,18,1,14,17,8,22,24,1,23,22,25,26,12,13,10,4,13,6,9,20,15,19,21,21,17,15,8,16,4,24,5,17,13,17,18,23,5,10,24,9,11,23,25,12,10,8,18,22,5,23,12,16,3,16,26,5,4,26,23,8,3,25,26,25,26,1,3,18,9,11,20,10,1,8,11,16,14,1,16,15,21,23,4,21,21,4,16,15,15,13,25,19,22,10,8,2,7,22,18,26,18,3,18,3,21,6,21,26,17,7,9,16,2,2,16,19,15,12,7,7,20,2,3,13,4,12,17,15,23,26,9,25,8,2,25,19,26,3,12,20,7,7",5000,100
9,60,389255.07769072754,32.30357116572673,"13,15,5,9,20,18,25,24,3,23,22,6,23,20,12,4,19,21,10,10,26,8,17,16,7,11,7,24,2,5,12,11,14,18,1,14,17,8,22,24,1,23,22,25,26,12,13,10,4,13,6,9,20,15,19,21,21,17,15,8,16,4,24,5,17,13,17,18,23,5,10,24,9,11,23,25,12,10,8,18,22,5,23,12,16,3,16,26,5,4,26,23,8,3,25,26,25,26,1,3,18,9,11,20,10,1,8,11,16,14,1,16,15,21,23,4,21,21,4,16,15,15,13,25,19,22,10,8,2,7,22,18,26,18,3,18,3,21,6,21,26,17,7,9,16,2,2,16,19,15,12,7,7,20,2,3,13,4,12,17,15,23,26,9,25,8,2,25,19,26,3,12,20,7,7",5000,100
9,61,389255.07769072754,32.30357116572673,"13,15,5,9,20,18,25,24,3,23,22,6,23,20,12,4,19,21,10,10,26,8,17,16,7,11,7,24,2,5,12,11,14,18,1,14,17,8,22,24,1,23,22,25,26,12,13,10,4,13,6,9,20,15,19,21,21,17,15,8,16,4,24,5,17,13,17,18,23,5,10,24,9,11,23,25,12,10,8,18,22,5,23,12,16,3,16,26,5,4,26,23,8,3,25,26,25,26,1,3,18,9,11,20,10,1,8,11,16,14,1,16,15,21,23,4,21,21,4,16,15,15,13,25,19,22,10,8,2,7,22,18,26,18,3,18,3,21,6,21,26,17,7,9,16,2,2,16,19,15,12,7,7,20,2,3,13,4,12,17,15,23,26,9,25,8,2,25,19,26,3,12,20,7,7",5000,100
9,62,389255.07769072754,32.30357116572673,"13,15,5,9,20,18,25,24,3,23,22,6,23,20,12,4,19,21,10,10,26,8,17,16,7,11,7,24,2,5,12,11,14,18,1,14,17,8,22,24,1,23,22,25,26,12,13,10,4,13,6,9,20,15,19,21,21,17,15,8,16,4,24,5,17,13,17,18,23,5,10,24,9,11,23,25,12,10,8,18,22,5,23,12,16,3,16,26,5,4,26,23,8,3,25,26,25,26,1,3,18,9,11,20,10,1,8,11,16,14,1,16,15,21,23,4,21,21,4,16,15,15,13,25,19,22,10,8,2,7,22,18,26,18,3,18,3,21,6,21,26,17,7,9,16,2,2,16,19,15,12,7,7,20,2,3,13,4,12,17,15,23,26,9,25,8,2,25,19,26,3,12,20,7,7",5000,100
9,63,389255.07769072754,32.30357116572673,"13,15,5,9,20,18,25,24,3,23,22,6,23,20,12,4,19,21,10,10,26,8,17,16,7,11,7,24,2,5,12,11,14,18,1,14,17,8,22,24,1,23,22,25,26,12,13,10,4,13,6,9,20,15,19,21,21,17,15,8,16,4,24,5,17,13,17,18,23,5,10,24,9,11,23,25,12,10,8,18,22,5,23,12,16,3,16,26,5,4,26,23,8,3,25,26,25,26,1,3,18,9,11,20,10,1,8,11,16,14,1,16,15,21,23,4,21,21,4,16,15,15,13,25,19,22,10,8,2,7,22,18,26,18,3,18,3,21,6,21,26,17,7,9,16,2,2,16,19,15,12,7,7,20,2,3,13,4,12,17,15,23,26,9,25,8,2,25,19,26,3,12,20,7,7",5000,100
9,64,389255.07769072754,32.30357116572673,"13,15,5,9,20,18,25,24,3,23,22,6,23,20,12,4,19,21,10,10,26,8,17,16,7,11,7,24,2,5,12,11,14,18,1,14,17,8,22,24,1,23,22,25,26,12,13,10,4,13,6,9,20,15,19,21,21,17,15,8,16,4,24,5,17,13,17,18,23,5,10,24,9,11,23,25,12,10,8,18,22,5,23,12,16,3,16,26,5,4,26,23,8,3,25,26,25,26,1,3,18,9,11,20,10,1,8,11,16,14,1,16,15,21,23,4,21,21,4,16,15,15,13,25,19,22,10,8,2,7,22,18,26,18,3,18,3,21,6,21,26,17,7,9,16,2,2,16,19,15,12,7,7,20,2,3,13,4,12,17,15,23,26,9,25,8,2,25,19,26,3,12,20,7,7",5000,100
9,65,389255.07769072754,32.30357116572673,"13,15,5,9,20,18,25,24,3,23,22,6,23,20,12,4,19,21,10,10,26,8,17,16,7,11,7,24,2,5,12,11,14,18,1,14,17,8,22,24,1,23,22,25,26,12,13,10,4,13,6,9,20,15,19,21,21,17,15,8,16,4,24,5,17,13,17,18,23,5,10,24,9,11,23,25,12,10,8,18,22,5,23,12,16,3,16,26,5,4,26,23,8,3,25,26,25,26,1,3,18,9,11,20,10,1,8,11,16,14,1,16,15,21,23,4,21,21,4,16,15,15,13,25,19,22,10,8,2,7,22,18,26,18,3,18,3,21,6,21,26,17,7,9,16,2,2,16,19,15,12,7,7,20,2,3,13,4,12,17,15,23,26,9,25,8,2,25,19,26,3,12,20,7,7",5000,100
9,66,389255.07769072754,32.30357116572673,"13,15,5,9,20,18,25,24,3,23,22,6,23,20,12,4,19,21,10,10,26,8,17,16,7,11,7,24,2,5,12,11,14,18,1,14,17,8,22,24,1,23,22,25,26,12,13,10,4,13,6,9,20,15,19,21,21,17,15,8,16,4,24,5,17,13,17,18,23,5,10,24,9,11,23,25,12,10,8,18,22,5,23,12,16,3,16,26,5,4,26,23,8,3,25,26,25,26,1,3,18,9,11,20,10,1,8,11,16,14,1,16,15,21,23,4,21,21,4,16,15,15,13,25,19,22,10,8,2,7,22,18,26,18,3,18,3,21,6,21,26,17,7,9,16,2,2,16,19,15,12,7,7,20,2,3,13,4,12,17,15,23,26,9,25,8,2,25,19,26,3,12,20,7,7",5000,100
9,67,389255.07769072754,32.30357116572673,"13,15,5,9,20,18,25,24,3,23,22,6,23,20,12,4,19,21,10,10,26,8,17,16,7,11,7,24,2,5,12,11,14,18,1,14,17,8,22,24,1,23,22,25,26,12,13,10,4,13,6,9,20,15,19,21,21,17,15,8,16,4,24,5,17,13,17,18,23,5,10,24,9,11,23,25,12,10,8,18,22,5,23,12,16,3,16,26,5,4,26,23,8,3,25,26,25,26,1,3,18,9,11,20,10,1,8,11,16,14,1,16,15,21,23,4,21,21,4,16,15,15,13,25,19,22,10,8,2,7,22,18,26,18,3,18,3,21,6,21,26,17,7,9,16,2,2,16,19,15,12,7,7,20,2,3,13,4,12,17,15,23,26,9,25,8,2,25,19,26,3,12,20,7,7",5000,100
9,68,389255.07769072754,32.30357116572673,"13,15,5,9,20,18,25,24,3,23,22,6,23,20,12,4,19,21,10,10,26,8,17,16,7,11,7,24,2,5,12,11,14,18,1,14,17,8,22,24,1,23,22,25,26,12,13,10,4,13,6,9,20,15,19,21,21,17,15,8,16,4,24,5,17,13,17,18,23,5,10,24,9,11,23,25,12,10,8,18,22,5,23,12,16,3,16,26,5,4,26,23,8,3,25,26,25,26,1,3,18,9,11,20,10,1,8,11,16,14,1,16,15,21,23,4,21,21,4,16,15,15,13,25,19,22,10,8,2,7,22,18,26,18,3,18,3,21,6,21,26,17,7,9,16,2,2,16,19,15,12,7,7,20,2,3,13,4,12,17,15,23,26,9,25,8,2,25,19,26,3,12,20,7,7",5000,100
9,69,389255.07769072754,32.30357116572673,"13,15,5,9,20,18,25,24,3,23,22,6,23,20,12,4,19,21,10,10,26,8,17,16,7,11,7,24,2,5,12,11,14,18,1,14,17,8,22,24,1,23,22,25,26,12,13,10,4,13,6,9,20,15,19,21,21,17,15,8,16,4,24,5,17,13,17,18,23,5,10,24,9,11,23,25,12,10,8,18,22,5,23,12,16,3,16,26,5,4,26,23,8,3,25,26,25,26,1,3,18,9,11,20,10,1,8,11,16,14,1,16,15,21,23,4,21,21,4,16,15,15,13,25,19,22,10,8,2,7,22,18,26,18,3,18,3,21,6,21,26,17,7,9,16,2,2,16,19,15,12,7,7,20,2,3,13,4,12,17,15,23,26,9,25,8,2,25,19,26,3,12,20,7,7",5000,100
9,70,389255.07769072754,32.30357116572673,"13,15,5,9,20,18,25,24,3,23,22,6,23,20,12,4,19,21,10,10,26,8,17,16,7,11,7,24,2,5,12,11,14,18,1,14,17,8,22,24,1,23,22,25,26,12,13,10,4,13,6,9,20,15,19,21,21,17,15,8,16,4,24,5,17,13,17,18,23,5,10,24,9,11,23,25,12,10,8,18,22,5,23,12,16,3,16,26,5,4,26,23,8,3,25,26,25,26,1,3,18,9,11,20,10,1,8,11,16,14,1,16,15,21,23,4,21,21,4,16,15,15,13,25,19,22,10,8,2,7,22,18,26,18,3,18,3,21,6,21,26,17,7,9,16,2,2,16,19,15,12,7,7,20,2,3,13,4,12,17,15,23,26,9,25,8,2,25,19,26,3,12,20,7,7",5000,100
9,71,389255.07769072754,32.30357116572673,"13,15,5,9,20,18,25,24,3,23,22,6,23,20,12,4,19,21,10,10,26,8,17,16,7,11,7,24,2,5,12,11,14,18,1,14,17,8,22,24,1,23,22,25,26,12,13,10,4,13,6,9,20,15,19,21,21,17,15,8,16,4,24,5,17,13,17,18,23,5,10,24,9,11,23,25,12,10,8,18,22,5,23,12,16,3,16,26,5,4,26,23,8,3,25,26,25,26,1,3,18,9,11,20,10,1,8,11,16,14,1,16,15,21,23,4,21,21,4,16,15,15,13,25,19,22,10,8,2,7,22,18,26,18,3,18,3,21,6,21,26,17,7,9,16,2,2,16,19,15,12,7,7,20,2,3,13,4,12,17,15,23,26,9,25,8,2,25,19,26,3,12,20,7,7",5000,100
9,72,389255.07769072754,32.30357116572673,"13,15,5,9,20,18,25,24,3,23,22,6,23,20,12,4,19,21,10,10,26,8,17,16,7,11,7,24,2,5,12,11,14,18,1,14,17,8,22,24,1,23,22,25,26,12,13,10,4,13,6,9,20,15,19,21,21,17,15,8,16,4,24,5,17,13,17,18,23,5,10,24,9,11,23,25,12,10,8,18,22,5,23,12,16,3,16,26,5,4,26,23,8,3,25,26,25,26,1,3,18,9,11,20,10,1,8,11,16,14,1,16,15,21,23,4,21,21,4,16,15,15,13,25,19,22,10,8,2,7,22,18,26,18,3,18,3,21,6,21,26,17,7,9,16,2,2,16,19,15,12,7,7,20,2,3,13,4,12,17,15,23,26,9,25,8,2,25,19,26,3,12,20,7,7",5000,100
9,73,389255.07769072754,32.30357116572673,"13,15,5,9,20,18,25,24,3,23,22,6,23,20,12,4,19,21,10,10,26,8,17,16,7,11,7,24,2,5,12,11,14,18,1,14,17,8,22,24,1,23,22,25,26,12,13,10,4,13,6,9,20,15,19,21,21,17,15,8,16,4,24,5,17,13,17,18,23,5,10,24,9,11,23,25,12,10,8,18,22,5,23,12,16,3,16,26,5,4,26,23,8,3,25,26,25,26,1,3,18,9,11,20,10,1,8,11,16,14,1,16,15,21,23,4,21,21,4,16,15,15,13,25,19,22,10,8,2,7,22,18,26,18,3,18,3,21,6,21,26,17,7,9,16,2,2,16,19,15,12,7,7,20,2,3,13,4,12,17,15,23,26,9,25,8,2,25,19,26,3,12,20,7,7",5000,100
9,74,389255.07769072754,32.30357116572673,"13,15,5,9,20,18,25,24,3,23,22,6,23,20,12,4,19,21,10,10,26,8,17,16,7,11,7,24,2,5,12,11,14,18,1,14,17,8,22,24,1,23,22,25,26,12,13,10,4,13,6,9,20,15,19,21,21,17,15,8,16,4,24,5,17,13,17,18,23,5,10,24,9,11,23,25,12,10,8,18,22,5,23,12,16,3,16,26,5,4,26,23,8,3,25,26,25,26,1,3,18,9,11,20,10,1,8,11,16,14,1,16,15,21,23,4,21,21,4,16,15,15,13,25,19,22,10,8,2,7,22,18,26,18,3,18,3,21,6,21,26,17,7,9,16,2,2,16,19,15,12,7,7,20,2,3,13,4,12,17,15,23,26,9,25,8,2,25,19,26,3,12,20,7,7",5000,100
9,75,389255.07769072754,32.30357116572673,"13,15,5,9,20,18,25,24,3,23,22,6,23,20,12,4,19,21,10,10,26,8,17,16,7,11,7,24,2,5,12,11,14,18,1,14,17,8,22,24,1,23,22,25,26,12,13,10,4,13,6,9,20,15,19,21,21,17,15,8,16,4,24,5,17,13,17,18,23,5,10,24,9,11,23,25,12,10,8,18,22,5,23,12,16,3,16,26,5,4,26,23,8,3,25,26,25,26,1,3,18,9,11,20,10,1,8,11,16,14,1,16,15,21,23,4,21,21,4,16,15,15,13,25,19,22,10,8,2,7,22,18,26,18,3,18,3,21,6,21,26,17,7,9,16,2,2,16,19,15,12,7,7,20,2,3,13,4,12,17,15,23,26,9,25,8,2,25,19,26,3,12,20,7,7",5000,100
9,76,389255.07769072754,32.30357116572673,"13,15,5,9,20,18,25,24,3,23,22,6,23,20,12,4,19,21,10,10,26,8,17,16,7,11,7,24,2,5,12,11,14,18,1,14,17,8,22,24,1,23,22,25,26,12,13,10,4,13,6,9,20,15,19,21,21,17,15,8,16,4,24,5,17,13,17,18,23,5,10,24,9,11,23,25,12,10,8,18,22,5,23,12,16,3,16,26,5,4,26,23,8,3,25,26,25,26,1,3,18,9,11,20,10,1,8,11,16,14,1,16,15,21,23,4,21,21,4,16,15,15,13,25,19,22,10,8,2,7,22,18,26,18,3,18,3,21,6,21,26,17,7,9,16,2,2,16,19,15,12,7,7,20,2,3,13,4,12,17,15,23,26,9,25,8,2,25,19,26,3,12,20,7,7",5000,100
9,77,389255.07769072754,32.30357116572673,"13,15,5,9,20,18,25,24,3,23,22,6,23,20,12,4,19,21,10,10,26,8,17,16,7,11,7,24,2,5,12,11,14,18,1,14,17,8,22,24,1,23,22,25,26,12,13,10,4,13,6,9,20,15,19,21,21,17,15,8,16,4,24,5,17,13,17,18,23,5,10,24,9,11,23,25,12,10,8,18,22,5,23,12,16,3,16,26,5,4,26,23,8,3,25,26,25,26,1,3,18,9,11,20,10,1,8,11,16,14,1,16,15,21,23,4,21,21,4,16,15,15,13,25,19,22,10,8,2,7,22,18,26,18,3,18,3,21,6,21,26,17,7,9,16,2,2,16,19,15,12,7,7,20,2,3,13,4,12,17,15,23,26,9,25,8,2,25,19,26,3,12,20,7,7",5000,100
9,78,389255.07769072754,32.30357116572673,"13,15,5,9,20,18,25,24,3,23,22,6,23,20,12,4,19,21,10,10,26,8,17,16,7,11,7,24,2,5,12,11,14,18,1,14,17,8,22,24,1,23,22,25,26,12,13,10,4,13,6,9,20,15,19,21,21,17,15,8,16,4,24,5,17,13,17,18,23,5,10,24,9,11,23,25,12,10,8,18,22,5,23,12,16,3,16,26,5,4,26,23,8,3,25,26,25,26,1,3,18,9,11,20,10,1,8,11,16,14,1,16,15,21,23,4,21,21,4,16,15,15,13,25,19,22,10,8,2,7,22,18,26,18,3,18,3,21,6,21,26,17,7,9,16,2,2,16,19,15,12,7,7,20,2,3,13,4,12,17,15,23,26,9,25,8,2,25,19,26,3,12,20,7,7",5000,100
9,79,389255.07769072754,32.30357116572673,"13,15,5,9,20,18,25,24,3,23,22,6,23,20,12,4,19,21,10,10,26,8,17,16,7,11,7,24,2,5,12,11,14,18,1,14,17,8,22,24,1,23,22,25,26,12,13,10,4,13,6,9,20,15,19,21,21,17,15,8,16,4,24,5,17,13,17,18,23,5,10,24,9,11,23,25,12,10,8,18,22,5,23,12,16,3,16,26,5,4,26,23,8,3,25,26,25,26,1,3,18,9,11,20,10,1,8,11,16,14,1,16,15,21,23,4,21,21,4,16,15,15,13,25,19,22,10,8,2,7,22,18,26,18,3,18,3,21,6,21,26,17,7,9,16,2,2,16,19,15,12,7,7,20,2,3,13,4,12,17,15,23,26,9,25,8,2,25,19,26,3,12,20,7,7",5000,100
9,80,389255.07769072754,32.30357116572673,"13,15,5,9,20,18,25,24,3,23,22,6,23,20,12,4,19,21,10,10,26,8,17,16,7,11,7,24,2,5,12,11,14,18,1,14,17,8,22,24,1,23,22,25,26,12,13,10,4,13,6,9,20,15,19,21,21,17,15,8,16,4,24,5,17,13,17,18,23,5,10,24,9,11,23,25,12,10,8,18,22,5,23,12,16,3,16,26,5,4,26,23,8,3,25,26,25,26,1,3,18,9,11,20,10,1,8,11,16,14,1,16,15,21,23,4,21,21,4,16,15,15,13,25,19,22,10,8,2,7,22,18,26,18,3,18,3,21,6,21,26,17,7,9,16,2,2,16,19,15,12,7,7,20,2,3,13,4,12,17,15,23,26,9,25,8,2,25,19,26,3,12,20,7,7",5000,100
9,81,389255.07769072754,32.30357116572673,"13,15,5,9,20,18,25,24,3,23,22,6,23,20,12,4,19,21,10,10,26,8,17,16,7,11,7,24,2,5,12,11,14,18,1,14,17,8,22,24,1,23,22,25,26,12,13,10,4,13,6,9,20,15,19,21,21,17,15,8,16,4,24,5,17,13,17,18,23,5,10,24,9,11,23,25,12,10,8,18,22,5,23,12,16,3,16,26,5,4,26,23,8,3,25,26,25,26,1,3,18,9,11,20,10,1,8,11,16,14,1,16,15,21,23,4,21,21,4,16,15,15,13,25,19,22,10,8,2,7,22,18,26,18,3,18,3,21,6,21,26,17,7,9,16,2,2,16,19,15,12,7,7,20,2,3,13,4,12,17,15,23,26,9,25,8,2,25,19,26,3,12,20,7,7",5000,100
9,82,389255.07769072754,32.30357116572673,"13,15,5,9,20,18,25,24,3,23,22,6,23,20,12,4,19,21,10,10,26,8,17,16,7,11,7,24,2,5,12,11,14,18,1,14,17,8,22,24,1,23,22,25,26,12,13,10,4,13,6,9,20,15,19,21,21,17,15,8,16,4,24,5,17,13,17,18,23,5,10,24,9,11,23,25,12,10,8,18,22,5,23,12,16,3,16,26,5,4,26,23,8,3,25,26,25,26,1,3,18,9,11,20,10,1,8,11,16,14,1,16,15,21,23,4,21,21,4,16,15,15,13,25,19,22,10,8,2,7,22,18,26,18,3,18,3,21,6,21,26,17,7,9,16,2,2,16,19,15,12,7,7,20,2,3,13,4,12,17,15,23,26,9,25,8,2,25,19,26,3,12,20,7,7",5000,100
9,83,389255.07769072754,32.30357116572673,"13,15,5,9,20,18,25,24,3,23,22,6,23,20,12,4,19,21,10,10,26,8,17,16,7,11,7,24,2,5,12,11,14,18,1,14,17,8,22,24,1,23,22,25,26,12,13,10,4,13,6,9,20,15,19,21,21,17,15,8,16,4,24,5,17,13,17,18,23,5,10,24,9,11,23,25,12,10,8,18,22,5,23,12,16,3,16,26,5,4,26,23,8,3,25,26,25,26,1,3,18,9,11,20,10,1,8,11,16,14,1,16,15,21,23,4,21,21,4,16,15,15,13,25,19,22,10,8,2,7,22,18,26,18,3,18,3,21,6,21,26,17,7,9,16,2,2,16,19,15,12,7,7,20,2,3,13,4,12,17,15,23,26,9,25,8,2,25,19,26,3,12,20,7,7",5000,100
9,84,389255.07769072754,32.30357116572673,"13,15,5,9,20,18,25,24,3,23,22,6,23,20,12,4,19,21,10,10,26,8,17,16,7,11,7,24,2,5,12,11,14,18,1,14,17,8,22,24,1,23,22,25,26,12,13,10,4,13,6,9,20,15,19,21,21,17,15,8,16,4,24,5,17,13,17,18,23,5,10,24,9,11,23,25,12,10,8,18,22,5,23,12,16,3,16,26,5,4,26,23,8,3,25,26,25,26,1,3,18,9,11,20,10,1,8,11,16,14,1,16,15,21,23,4,21,21,4,16,15,15,13,25,19,22,10,8,2,7,22,18,26,18,3,18,3,21,6,21,26,17,7,9,16,2,2,16,19,15,12,7,7,20,2,3,13,4,12,17,15,23,26,9,25,8,2,25,19,26,3,12,20,7,7",5000,100
9,85,389255.07769072754,32.30357116572673,"13,15,5,9,20,18,25,24,3,23,22,6,23,20,12,4,19,21,10,10,26,8,17,16,7,11,7,24,2,5,12,11,14,18,1,14,17,8,22,24,1,23,22,25,26,12,13,10,4,13,6,9,20,15,19,21,21,17,15,8,16,4,24,5,17,13,17,18,23,5,10,24,9,11,23,25,12,10,8,18,22,5,23,12,16,3,16,26,5,4,26,23,8,3,25,26,25,26,1,3,18,9,11,20,10,1,8,11,16,14,1,16,15,21,23,4,21,21,4,16,15,15,13,25,19,22,10,8,2,7,22,18,26,18,3,18,3,21,6,21,26,17,7,9,16,2,2,16,19,15,12,7,7,20,2,3,13,4,12,17,15,23,26,9,25,8,2,25,19,26,3,12,20,7,7",5000,100
9,86,389255.07769072754,32.30357116572673,"13,15,5,9,20,18,25,24,3,23,22,6,23,20,12,4,19,21,10,10,26,8,17,16,7,11,7,24,2,5,12,11,14,18,1,14,17,8,22,24,1,23,22,25,26,12,13,10,4,13,6,9,20,15,19,21,21,17,15,8,16,4,24,5,17,13,17,18,23,5,10,24,9,11,23,25,12,10,8,18,22,5,23,12,16,3,16,26,5,4,26,23,8,3,25,26,25,26,1,3,18,9,11,20,10,1,8,11,16,14,1,16,15,21,23,4,21,21,4,16,15,15,13,25,19,22,10,8,2,7,22,18,26,18,3,18,3,21,6,21,26,17,7,9,16,2,2,16,19,15,12,7,7,20,2,3,13,4,12,17,15,23,26,9,25,8,2,25,19,26,3,12,20,7,7",5000,100
9,87,389255.07769072754,32.30357116572673,"13,15,5,9,20,18,25,24,3,23,22,6,23,20,12,4,19,21,10,10,26,8,17,16,7,11,7,24,2,5,12,11,14,18,1,14,17,8,22,24,1,23,22,25,26,12,13,10,4,13,6,9,20,15,19,21,21,17,15,8,16,4,24,5,17,13,17,18,23,5,10,24,9,11,23,25,12,10,8,18,22,5,23,12,16,3,16,26,5,4,26,23,8,3,25,26,25,26,1,3,18,9,11,20,10,1,8,11,16,14,1,16,15,21,23,4,21,21,4,16,15,15,13,25,19,22,10,8,2,7,22,18,26,18,3,18,3,21,6,21,26,17,7,9,16,2,2,16,19,15,12,7,7,20,2,3,13,4,12,17,15,23,26,9,25,8,2,25,19,26,3,12,20,7,7",5000,100
9,88,389255.07769072754,32.30357116572673,"13,15,5,9,20,18,25,24,3,23,22,6,23,20,12,4,19,21,10,10,26,8,17,16,7,11,7,24,2,5,12,11,14,18,1,14,17,8,22,24,1,23,22,25,26,12,13,10,4,13,6,9,20,15,19,21,21,17,15,8,16,4,24,5,17,13,17,18,23,5,10,24,9,11,23,25,12,10,8,18,22,5,23,12,16,3,16,26,5,4,26,23,8,3,25,26,25,26,1,3,18,9,11,20,10,1,8,11,16,14,1,16,15,21,23,4,21,21,4,16,15,15,13,25,19,22,10,8,2,7,22,18,26,18,3,18,3,21,6,21,26,17,7,9,16,2,2,16,19,15,12,7,7,20,2,3,13,4,12,17,15,23,26,9,25,8,2,25,19,26,3,12,20,7,7",5000,100
9,89,389255.07769072754,32.30357116572673,"13,15,5,9,20,18,25,24,3,23,22,6,23,20,12,4,19,21,10,10,26,8,17,16,7,11,7,24,2,5,12,11,14,18,1,14,17,8,22,24,1,23,22,25,26,12,13,10,4,13,6,9,20,15,19,21,21,17,15,8,16,4,24,5,17,13,17,18,23,5,10,24,9,11,23,25,12,10,8,18,22,5,23,12,16,3,16,26,5,4,26,23,8,3,25,26,25,26,1,3,18,9,11,20,10,1,8,11,16,14,1,16,15,21,23,4,21,21,4,16,15,15,13,25,19,22,10,8,2,7,22,18,26,18,3,18,3,21,6,21,26,17,7,9,16,2,2,16,19,15,12,7,7,20,2,3,13,4,12,17,15,23,26,9,25,8,2,25,19,26,3,12,20,7,7",5000,100
9,90,389255.07769072754,32.30357116572673,"13,15,5,9,20,18,25,24,3,23,22,6,23,20,12,4,19,21,10,10,26,8,17,16,7,11,7,24,2,5,12,11,14,18,1,14,17,8,22,24,1,23,22,25,26,12,13,10,4,13,6,9,20,15,19,21,21,17,15,8,16,4,24,5,17,13,17,18,23,5,10,24,9,11,23,25,12,10,8,18,22,5,23,12,16,3,16,26,5,4,26,23,8,3,25,26,25,26,1,3,18,9,11,20,10,1,8,11,16,14,1,16,15,21,23,4,21,21,4,16,15,15,13,25,19,22,10,8,2,7,22,18,26,18,3,18,3,21,6,21,26,17,7,9,16,2,2,16,19,15,12,7,7,20,2,3,13,4,12,17,15,23,26,9,25,8,2,25,19,26,3,12,20,7,7",5000,100
9,91,389255.07769072754,32.30357116572673,"13,15,5,9,20,18,25,24,3,23,22,6,23,20,12,4,19,21,10,10,26,8,17,16,7,11,7,24,2,5,12,11,14,18,1,14,17,8,22,24,1,23,22,25,26,12,13,10,4,13,6,9,20,15,19,21,21,17,15,8,16,4,24,5,17,13,17,18,23,5,10,24,9,11,23,25,12,10,8,18,22,5,23,12,16,3,16,26,5,4,26,23,8,3,25,26,25,26,1,3,18,9,11,20,10,1,8,11,16,14,1,16,15,21,23,4,21,21,4,16,15,15,13,25,19,22,10,8,2,7,22,18,26,18,3,18,3,21,6,21,26,17,7,9,16,2,2,16,19,15,12,7,7,20,2,3,13,4,12,17,15,23,26,9,25,8,2,25,19,26,3,12,20,7,7",5000,100
9,92,389255.07769072754,32.30357116572673,"13,15,5,9,20,18,25,24,3,23,22,6,23,20,12,4,19,21,10,10,26,8,17,16,7,11,7,24,2,5,12,11,14,18,1,14,17,8,22,24,1,23,22,25,26,12,13,10,4,13,6,9,20,15,19,21,21,17,15,8,16,4,24,5,17,13,17,18,23,5,10,24,9,11,23,25,12,10,8,18,22,5,23,12,16,3,16,26,5,4,26,23,8,3,25,26,25,26,1,3,18,9,11,20,10,1,8,11,16,14,1,16,15,21,23,4,21,21,4,16,15,15,13,25,19,22,10,8,2,7,22,18,26,18,3,18,3,21,6,21,26,17,7,9,16,2,2,16,19,15,12,7,7,20,2,3,13,4,12,17,15,23,26,9,25,8,2,25,19,26,3,12,20,7,7",5000,100
9,93,389255.07769072754,32.30357116572673,"13,15,5,9,20,18,25,24,3,23,22,6,23,20,12,4,19,21,10,10,26,8,17,16,7,11,7,24,2,5,12,11,14,18,1,14,17,8,22,24,1,23,22,25,26,12,13,10,4,13,6,9,20,15,19,21,21,17,15,8,16,4,24,5,17,13,17,18,23,5,10,24,9,11,23,25,12,10,8,18,22,5,23,12,16,3,16,26,5,4,26,23,8,3,25,26,25,26,1,3,18,9,11,20,10,1,8,11,16,14,1,16,15,21,23,4,21,21,4,16,15,15,13,25,19,22,10,8,2,7,22,18,26,18,3,18,3,21,6,21,26,17,7,9,16,2,2,16,19,15,12,7,7,20,2,3,13,4,12,17,15,23,26,9,25,8,2,25,19,26,3,12,20,7,7",5000,100
9,94,389255.07769072754,32.30357116572673,"13,15,5,9,20,18,25,24,3,23,22,6,23,20,12,4,19,21,10,10,26,8,17,16,7,11,7,24,2,5,12,11,14,18,1,14,17,8,22,24,1,23,22,25,26,12,13,10,4,13,6,9,20,15,19,21,21,17,15,8,16,4,24,5,17,13,17,18,23,5,10,24,9,11,23,25,12,10,8,18,22,5,23,12,16,3,16,26,5,4,26,23,8,3,25,26,25,26,1,3,18,9,11,20,10,1,8,11,16,14,1,16,15,21,23,4,21,21,4,16,15,15,13,25,19,22,10,8,2,7,22,18,26,18,3,18,3,21,6,21,26,17,7,9,16,2,2,16,19,15,12,7,7,20,2,3,13,4,12,17,15,23,26,9,25,8,2,25,19,26,3,12,20,7,7",5000,100
9,95,389255.07769072754,32.30357116572673,"13,15,5,9,20,18,25,24,3,23,22,6,23,20,12,4,19,21,10,10,26,8,17,16,7,11,7,24,2,5,12,11,14,18,1,14,17,8,22,24,1,23,22,25,26,12,13,10,4,13,6,9,20,15,19,21,21,17,15,8,16,4,24,5,17,13,17,18,23,5,10,24,9,11,23,25,12,10,8,18,22,5,23,12,16,3,16,26,5,4,26,23,8,3,25,26,25,26,1,3,18,9,11,20,10,1,8,11,16,14,1,16,15,21,23,4,21,21,4,16,15,15,13,25,19,22,10,8,2,7,22,18,26,18,3,18,3,21,6,21,26,17,7,9,16,2,2,16,19,15,12,7,7,20,2,3,13,4,12,17,15,23,26,9,25,8,2,25,19,26,3,12,20,7,7",5000,100
9,96,389255.07769072754,32.30357116572673,"13,15,5,9,20,18,25,24,3,23,22,6,23,20,12,4,19,21,10,10,26,8,17,16,7,11,7,24,2,5,12,11,14,18,1,14,17,8,22,24,1,23,22,25,26,12,13,10,4,13,6,9,20,15,19,21,21,17,15,8,16,4,24,5,17,13,17,18,23,5,10,24,9,11,23,25,12,10,8,18,22,5,23,12,16,3,16,26,5,4,26,23,8,3,25,26,25,26,1,3,18,9,11,20,10,1,8,11,16,14,1,16,15,21,23,4,21,21,4,16,15,15,13,25,19,22,10,8,2,7,22,18,26,18,3,18,3,21,6,21,26,17,7,9,16,2,2,16,19,15,12,7,7,20,2,3,13,4,12,17,15,23,26,9,25,8,2,25,19,26,3,12,20,7,7",5000,100
9,97,389255.07769072754,32.30357116572673,"13,15,5,9,20,18,25,24,3,23,22,6,23,20,12,4,19,21,10,10,26,8,17,16,7,11,7,24,2,5,12,11,14,18,1,14,17,8,22,24,1,23,22,25,26,12,13,10,4,13,6,9,20,15,19,21,21,17,15,8,16,4,24,5,17,13,17,18,23,5,10,24,9,11,23,25,12,10,8,18,22,5,23,12,16,3,16,26,5,4,26,23,8,3,25,26,25,26,1,3,18,9,11,20,10,1,8,11,16,14,1,16,15,21,23,4,21,21,4,16,15,15,13,25,19,22,10,8,2,7,22,18,26,18,3,18,3,21,6,21,26,17,7,9,16,2,2,16,19,15,12,7,7,20,2,3,13,4,12,17,15,23,26,9,25,8,2,25,19,26,3,12,20,7,7",5000,100
9,98,389255.07769072754,32.30357116572673,"13,15,5,9,20,18,25,24,3,23,22,6,23,20,12,4,19,21,10,10,26,8,17,16,7,11,7,24,2,5,12,11,14,18,1,14,17,8,22,24,1,23,22,25,26,12,13,10,4,13,6,9,20,15,19,21,21,17,15,8,16,4,24,5,17,13,17,18,23,5,10,24,9,11,23,25,12,10,8,18,22,5,23,12,16,3,16,26,5,4,26,23,8,3,25,26,25,26,1,3,18,9,11,20,10,1,8,11,16,14,1,16,15,21,23,4,21,21,4,16,15,15,13,25,19,22,10,8,2,7,22,18,26,18,3,18,3,21,6,21,26,17,7,9,16,2,2,16,19,15,12,7,7,20,2,3,13,4,12,17,15,23,26,9,25,8,2,25,19,26,3,12,20,7,7",5000,100
9,99,389295.9299537494,32.28451549626233,"13,15,5,9,20,18,25,24,3,23,22,6,23,20,12,4,19,21,10,10,26,8,17,16,7,11,7,24,2,5,12,11,14,18,1,14,17,8,22,24,1,23,22,25,26,12,13,10,4,13,6,9,20,15,19,21,21,17,15,8,16,4,24,5,17,13,17,18,23,5,10,24,9,11,23,25,12,10,8,18,22,5,23,12,16,3,16,26,5,4,26,23,8,3,25,26,25,26,1,3,18,9,11,20,10,1,8,11,16,14,1,16,15,21,23,4,21,21,4,16,15,15,13,25,19,22,10,8,2,7,22,18,26,18,3,18,3,21,6,21,26,17,7,9,16,2,2,16,19,15,12,7,7,20,2,3,13,4,24,17,15,23,26,9,25,8,2,25,19,26,3,12,20,7,7",5000,100
10,0,284153.3288837355,22.900737695154024,"23,12,19,24,25,26,15,9,1,17,18,23,13,26,4,14,20,10,5,19,22,7,3,3,20,8,2,8,1,11,2,12,25,21,6,11,16,9,5,23,14,21,22,3,22,18,26,18,16,6,22,15,17,3,4,24,19,4,12,8,20,23,5,18,18,15,21,18,12,12,7,22,21,17,25,18,1,4,11,18,13,8,14,25,5,21,24,13,24,24,22,2,8,9,10,9,26,2,24,24,16,7,5,1,22,8,7,13,4,13,11,17,18,25,13,10,8,16,18,14,9,1,2,3,24,18,9,25,13,23,9,10,7,15,1,21,17,16,20,7,22,14,13,2,12,17,23,23,11,9,18,24,20,6,3,16,11,25,4,4,13,7,8,5,13,18,10,6,20,5,5,7,8,14,15",5000,100
11,0,304644.23923345597,24.145025336924167,"11,7,8,12,13,3,20,4,25,9,16,24,1,22,5,26,20,21,10,8,19,18,17,2,6,7,23,23,14,14,9,15,15,5,22,13,17,15,16,25,15,16,24,10,21,19,4,3,24,10,3,4,11,12,10,1,2,2,2,17,10,6,2,5,18,25,22,25,8,14,19,1,9,8,2,6,13,11,14,1,25,7,19,4,5,17,12,8,1,6,21,22,21,24,25,11,9,25,12,25,25,12,4,12,16,3,3,10,22,18,5,17,17,12,20,19,4,6,16,19,21,7,21,15,6,16,1,25,21,7,1,4,5,19,6,17,9,9,12,6,19,2,11,17,24,18,16,9,26,10,9,7,22,25,11,13,4,12,10,23,21,7,9,26,18,22,19,15,14,14,3,13,8,21,1",5000,100
11,1,304644.23923345597,24.145025336924167,"11,7,8,12,13,3,20,4,25,9,16,24,1,22,5,26,20,21,10,8,19,18,17,2,6,7,23,23,14,14,9,15,15,5,22,13,17,15,16,25,15,16,24,10,21,19,4,3,24,10,3,4,11,12,10,1,2,2,2,17,10,6,2,5,18,25,22,25,8,14,19,1,9,8,2,6,13,11,14,1,25,7,19,4,5,17,12,8,1,6,21,22,21,24,25,11,9,25,12,25,25,12,4,12,16,3,3,10,22,18,5,17,17,12,20,19,4,6,16,19,21,7,21,15,6,16,1,25,21,7,1,4,5,19,6,17,9,9,12,6,19,2,11,17,24,18,16,9,26,10,9,7,22,25,11,13,4,12,10,23,21,7,9,26,18,22,19,15,14,14,3,13,8,21,1",5000,100
11,2,304644.23923345597,24.145025336924167,"11,7,8,12,13,3,20,4,25,9,16,24,1,22,5,26,20,21,10,8,19,18,17,2,6,7,23,23,14,14,9,15,15,5,22,13,17,15,16,25,15,16,24,10,21,19,4,3,24,10,3,4,11,12,10,1,2,2,2,17,10,6,2,5,18,25,22,25,8,14,19,1,9,8,2,6,13,11,14,1,25,7,19,4,5,17,12,8,1,6,21,22,21,24,25,11,9,25,12,25,25,12,4,12,16,3,3,10,22,18,5,17,17,12,20,19,4,6,16,19,21,7,21,15,6,16,1,25,21,7,1,4,5,19,6,17,9,9,12,6,19,2,11,17,24,18,16,9,26,10,9,7,22,25,11,13,4,12,10,23,21,7,9,26,18,22,19,15,14,14,3,13,8,21,1",5000,100
12,0,261075.79216639145,20.166173563991205,"5,10,18,12,13,8,18,21,4,1,17,19,14,10,2,9,23,11,3,7,7,26,25,6,23,24,22,20,19,2,15,13,14,15,16,4,24,1,3,16,25,26,24,10,6,12,25,1,21,16,22,8,3,8,15,16,5,26,3,25,25,11,9,20,21,18,21,22,12,14,2,23,2,16,6,23,25,8,20,21,16,7,5,24,9,9,5,6,16,25,4,10,1,15,6,17,17,5,17,13,12,16,1,19,2,21,9,21,18,22,9,24,9,22,1,12,14,6,20,16,12,14,22,18,1,5,11,23,20,15,16,5,10,5,6,9,4,3,8,25,17,1,10,14,24,17,13,13,2,17,21,12,10,25,23,25,6,19,2,1,22,24,11,26,20,20,13,10,12,8,4,22,3,22,24",5000,100
12,1,261103.00538682385,20.03606216256699,"5,10,18,12,13,8,18,21,4,1,17,19,14,10,2,9,23,11,3,7,7,26,25,6,23,24,22,20,19,2,15,13,14,15,16,4,24,1,3,16,25,26,24,10,6,12,25,1,21,16,22,8,3,8,15,16,5,26,3,25,25,11,9,20,21,18,21,22,12,14,2,23,2,16,6,23,25,8,20,21,16,7,5,24,9,9,5,6,16,25,4,10,1,15,6,17,17,5,17,13,12,16,1,19,2,21,9,21,18,22,9,24,9,22,1,12,14,6,20,16,12,14,22,18,1,5,11,23,20,15,16,5,10,5,3,9,4,3,8,25,17,1,10,14,24,17,13,13,2,17,21,12,10,25,23,25,6,19,2,1,22,24,11,26,20,20,13,10,12,8,4,22,3,22,24",5000,100
12,2,261103.00538682385,20.03606216256699,"5,10,18,12,13,8,18,21,4,1,17,19,14,10,2,9,23,11,3,7,7,26,25,6,23,24,22,20,19,2,15,13,14,15,16,4,24,1,3,16,25,26,24,10,6,12,25,1,21,16,22,8,3,8,15,16,5,26,3,25,25,11,9,20,21,18,21,22,12,14,2,23,2,16,6,23,25,8,20,21,16,7,5,24,9,9,5,6,16,25,4,10,1,15,6,17,17,5,17,13,12,16,1,19,2,21,9,21,18,22,9,24,9,22,1,12,14,6,20,16,12,14,22,18,1,5,11,23,20,15,16,5,10,5,3,9,4,3,8,25,17,1,10,14,24,17,13,13,2,17,21,12,10,25,23,25,6,19,2,1,22,24,11,26,20,20,13,10,12,8,4,22,3,22,24",5000,100
12,3,261103.00538682385,20.03606216256699,"5,10,18,12,13,8,18,21,4,1,17,19,14,10,2,9,23,11,3,7,7,26,25,6,23,24,22,20,19,2,15,13,14,15,16,4,24,1,3,16,25,26,24,10,6,12,25,1,21,16,22,8,3,8,15,16,5,26,3,25,25,11,9,20,21,18,21,22,12,14,2,23,2,16,6,23,25,8,20,21,16,7,5,24,9,9,5,6,16,25,4,10,1,15,6,17,17,5,17,13,12,16,1,19,2,21,9,21,18,22,9,24,9,22,1,12,14,6,20,16,12,14,22,18,1,5,11,23,20,15,16,5,10,5,3,9,4,3,8,25,17,1,10,14,24,17,13,13,2,17,21,12,10,25,23,25,6,19,2,1,22,24,11,26,20,20,13,10,12,8,4,22,3,22,24",5000,100
12,4,261103.00538682385,20.03606216256699,"5,10,18,12,13,8,18,21,4,1,17,19,14,10,2,9,23,11,3,7,7,26,25,6,23,24,22,20,19,2,15,13,14,15,16,4,24,1,3,16,25,26,24,10,6,12,25,1,21,16,22,8,3,8,15,16,5,26,3,25,25,11,9,20,21,18,21,22,12,14,2,23,2,16,6,23,25,8,20,21,16,7,5,24,9,9,5,6,16,25,4,10,1,15,6,17,17,5,17,13,12,16,1,19,2,21,9,21,18,22,9,24,9,22,1,12,14,6,20,16,12,14,22,18,1,5,11,23,20,15,16,5,10,5,3,9,4,3,8,25,17,1,10,14,24,17,13,13,2,17,21,12,10,25,23,25,6,19,2,1,22,24,11,26,20,20,13,10,12,8,4,22,3,22,24",5000,100
12,5,261103.00538682385,20.03606216256699,"5,10,18,12,13,8,18,21,4,1,17,19,14,10,2,9,23,11,3,7,7,26,25,6,23,24,22,20,19,2,15,13,14,15,16,4,24,1,3,16,25,26,24,10,6,12,25,1,21,16,22,8,3,8,15,16,5,26,3,25,25,11,9,20,21,18,21,22,12,14,2,23,2,16,6,23,25,8,20,21,16,7,5,24,9,9,5,6,16,25,4,10,1,15,6,17,17,5,17,13,12,16,1,19,2,21,9,21,18,22,9,24,9,22,1,12,14,6,20,16,12,14,22,18,1,5,11,23,20,15,16,5,10,5,3,9,4,3,8,25,17,1,10,14,24,17,13,13,2,17,21,12,10,25,23,25,6,19,2,1,22,24,11,26,20,20,13,10,12,8,4,22,3,22,24",5000,100
12,6,261103.00538682385,20.03606216256699,"5,10,18,12,13,8,18,21,4,1,17,19,14,10,2,9,23,11,3,7,7,26,25,6,23,24,22,20,19,2,15,13,14,15,16,4,24,1,3,16,25,26,24,10,6,12,25,1,21,16,22,8,3,8,15,16,5,26,3,25,25,11,9,20,21,18,21,22,12,14,2,23,2,16,6,23,25,8,20,21,16,7,5,24,9,9,5,6,16,25,4,10,1,15,6,17,17,5,17,13,12,16,1,19,2,21,9,21,18,22,9,24,9,22,1,12,14,6,20,16,12,14,22,18,1,5,11,23,20,15,16,5,10,5,3,9,4,3,8,25,17,1,10,14,24,17,13,13,2,17,21,12,10,25,23,25,6,19,2,1,22,24,11,26,20,20,13,10,12,8,4,22,3,22,24",5000,100
12,7,261103.00538682385,20.03606216256699,"5,10,18,12,13,8,18,21,4,1,17,19,14,10,2,9,23,11,3,7,7,26,25,6,23,24,22,20,19,2,15,13,14,15,16,4,24,1,3,16,25,26,24,10,6,12,25,1,21,16,22,8,3,8,15,16,5,26,3,25,25,11,9,20,21,18,21,22,12,14,2,23,2,16,6,23,25,8,20,21,16,7,5,24,9,9,5,6,16,25,4,10,1,15,6,17,17,5,17,13,12,16,1,19,2,21,9,21,18,22,9,24,9,22,1,12,14,6,20,16,12,14,22,18,1,5,11,23,20,15,16,5,10,5,3,9,4,3,8,25,17,1,10,14,24,17,13,13,2,17,21,12,10,25,23,25,6,19,2,1,22,24,11,26,20,20,13,10,12,8,4,22,3,22,24",5000,100
12,8,261103.00538682385,20.03606216256699,"5,10,18,12,13,8,18,21,4,1,17,19,14,10,2,9,23,11,3,7,7,26,25,6,23,24,22,20,19,2,15,13,14,15,16,4,24,1,3,16,25,26,24,10,6,12,25,1,21,16,22,8,3,8,15,16,5,26,3,25,25,11,9,20,21,18,21,22,12,14,2,23,2,16,6,23,25,8,20,21,16,7,5,24,9,9,5,6,16,25,4,10,1,15,6,17,17,5,17,13,12,16,1,19,2,21,9,21,18,22,9,24,9,22,1,12,14,6,20,16,12,14,22,18,1,5,11,23,20,15,16,5,10,5,3,9,4,3,8,25,17,1,10,14,24,17,13,13,2,17,21,12,10,25,23,25,6,19,2,1,22,24,11,26,20,20,13,10,12,8,4,22,3,22,24",5000,100
12,9,261103.00538682385,20.03606216256699,"5,10,18,12,13,8,18,21,4,1,17,19,14,10,2,9,23,11,3,7,7,26,25,6,23,24,22,20,19,2,15,13,14,15,16,4,24,1,3,16,25,26,24,10,6,12,25,1,21,16,22,8,3,8,15,16,5,26,3,25,25,11,9,20,21,18,21,22,12,14,2,23,2,16,6,23,25,8,20,21,16,7,5,24,9,9,5,6,16,25,4,10,1,15,6,17,17,5,17,13,12,16,1,19,2,21,9,21,18,22,9,24,9,22,1,12,14,6,20,16,12,14,22,18,1,5,11,23,20,15,16,5,10,5,3,9,4,3,8,25,17,1,10,14,24,17,13,13,2,17,21,12,10,25,23,25,6,19,2,1,22,24,11,26,20,20,13,10,12,8,4,22,3,22,24",5000,100
12,10,261103.00538682385,20.03606216256699,"5,10,18,12,13,8,18,21,4,1,17,19,14,10,2,9,23,11,3,7,7,26,25,6,23,24,22,20,19,2,15,13,14,15,16,4,24,1,3,16,25,26,24,10,6,12,25,1,21,16,22,8,3,8,15,16,5,26,3,25,25,11,9,20,21,18,21,22,12,14,2,23,2,16,6,23,25,8,20,21,16,7,5,24,9,9,5,6,16,25,4,10,1,15,6,17,17,5,17,13,12,16,1,19,2,21,9,21,18,22,9,24,9,22,1,12,14,6,20,16,12,14,22,18,1,5,11,23,20,15,16,5,10,5,3,9,4,3,8,25,17,1,10,14,24,17,13,13,2,17,21,12,10,25,23,25,6,19,2,1,22,24,11,26,20,20,13,10,12,8,4,22,3,22,24",5000,100
12,11,261103.00538682385,20.03606216256699,"5,10,18,12,13,8,18,21,4,1,17,19,14,10,2,9,23,11,3,7,7,26,25,6,23,24,22,20,19,2,15,13,14,15,16,4,24,1,3,16,25,26,24,10,6,12,25,1,21,16,22,8,3,8,15,16,5,26,3,25,25,11,9,20,21,18,21,22,12,14,2,23,2,16,6,23,25,8,20,21,16,7,5,24,9,9,5,6,16,25,4,10,1,15,6,17,17,5,17,13,12,16,1,19,2,21,9,21,18,22,9,24,9,22,1,12,14,6,20,16,12,14,22,18,1,5,11,23,20,15,16,5,10,5,3,9,4,3,8,25,17,1,10,14,24,17,13,13,2,17,21,12,10,25,23,25,6,19,2,1,22,24,11,26,20,20,13,10,12,8,4,22,3,22,24",5000,100
12,12,261103.00538682385,20.03606216256699,"5,10,18,12,13,8,18,21,4,1,17,19,14,10,2,9,23,11,3,7,7,26,25,6,23,24,22,20,19,2,15,13,14,15,16,4,24,1,3,16,25,26,24,10,6,12,25,1,21,16,22,8,3,8,15,16,5,26,3,25,25,11,9,20,21,18,21,22,12,14,2,23,2,16,6,23,25,8,20,21,16,7,5,24,9,9,5,6,16,25,4,10,1,15,6,17,17,5,17,13,12,16,1,19,2,21,9,21,18,22,9,24,9,22,1,12,14,6,20,16,12,14,22,18,1,5,11,23,20,15,16,5,10,5,3,9,4,3,8,25,17,1,10,14,24,17,13,13,2,17,21,12,10,25,23,25,6,19,2,1,22,24,11,26,20,20,13,10,12,8,4,22,3,22,24",5000,100
12,13,261103.00538682385,20.03606216256699,"5,10,18,12,13,8,18,21,4,1,17,19,14,10,2,9,23,11,3,7,7,26,25,6,23,24,22,20,19,2,15,13,14,15,16,4,24,1,3,16,25,26,24,10,6,12,25,1,21,16,22,8,3,8,15,16,5,26,3,25,25,11,9,20,21,18,21,22,12,14,2,23,2,16,6,23,25,8,20,21,16,7,5,24,9,9,5,6,16,25,4,10,1,15,6,17,17,5,17,13,12,16,1,19,2,21,9,21,18,22,9,24,9,22,1,12,14,6,20,16,12,14,22,18,1,5,11,23,20,15,16,5,10,5,3,9,4,3,8,25,17,1,10,14,24,17,13,13,2,17,21,12,10,25,23,25,6,19,2,1,22,24,11,26,20,20,13,10,12,8,4,22,3,22,24",5000,100
12,14,261103.00538682385,20.03606216256699,"5,10,18,12,13,8,18,21,4,1,17,19,14,10,2,9,23,11,3,7,7,26,25,6,23,24,22,20,19,2,15,13,14,15,16,4,24,1,3,16,25,26,24,10,6,12,25,1,21,16,22,8,3,8,15,16,5,26,3,25,25,11,9,20,21,18,21,22,12,14,2,23,2,16,6,23,25,8,20,21,16,7,5,24,9,9,5,6,16,25,4,10,1,15,6,17,17,5,17,13,12,16,1,19,2,21,9,21,18,22,9,24,9,22,1,12,14,6,20,16,12,14,22,18,1,5,11,23,20,15,16,5,10,5,3,9,4,3,8,25,17,1,10,14,24,17,13,13,2,17,21,12,10,25,23,25,6,19,2,1,22,24,11,26,20,20,13,10,12,8,4,22,3,22,24",5000,100
12,15,261103.00538682385,20.03606216256699,"5,10,18,12,13,8,18,21,4,1,17,19,14,10,2,9,23,11,3,7,7,26,25,6,23,24,22,20,19,2,15,13,14,15,16,4,24,1,3,16,25,26,24,10,6,12,25,1,21,16,22,8,3,8,15,16,5,26,3,25,25,11,9,20,21,18,21,22,12,14,2,23,2,16,6,23,25,8,20,21,16,7,5,24,9,9,5,6,16,25,4,10,1,15,6,17,17,5,17,13,12,16,1,19,2,21,9,21,18,22,9,24,9,22,1,12,14,6,20,16,12,14,22,18,1,5,11,23,20,15,16,5,10,5,3,9,4,3,8,25,17,1,10,14,24,17,13,13,2,17,21,12,10,25,23,25,6,19,2,1,22,24,11,26,20,20,13,10,12,8,4,22,3,22,24",5000,100
12,16,261103.00538682385,20.03606216256699,"5,10,18,12,13,8,18,21,4,1,17,19,14,10,2,9,23,11,3,7,7,26,25,6,23,24,22,20,19,2,15,13,14,15,16,4,24,1,3,16,25,26,24,10,6,12,25,1,21,16,22,8,3,8,15,16,5,26,3,25,25,11,9,20,21,18,21,22,12,14,2,23,2,16,6,23,25,8,20,21,16,7,5,24,9,9,5,6,16,25,4,10,1,15,6,17,17,5,17,13,12,16,1,19,2,21,9,21,18,22,9,24,9,22,1,12,14,6,20,16,12,14,22,18,1,5,11,23,20,15,16,5,10,5,3,9,4,3,8,25,17,1,10,14,24,17,13,13,2,17,21,12,10,25,23,25,6,19,2,1,22,24,11,26,20,20,13,10,12,8,4,22,3,22,24",5000,100
12,17,261103.00538682385,20.03606216256699,"5,10,18,12,13,8,18,21,4,1,17,19,14,10,2,9,23,11,3,7,7,26,25,6,23,24,22,20,19,2,15,13,14,15,16,4,24,1,3,16,25,26,24,10,6,12,25,1,21,16,22,8,3,8,15,16,5,26,3,25,25,11,9,20,21,18,21,22,12,14,2,23,2,16,6,23,25,8,20,21,16,7,5,24,9,9,5,6,16,25,4,10,1,15,6,17,17,5,17,13,12,16,1,19,2,21,9,21,18,22,9,24,9,22,1,12,14,6,20,16,12,14,22,18,1,5,11,23,20,15,16,5,10,5,3,9,4,3,8,25,17,1,10,14,24,17,13,13,2,17,21,12,10,25,23,25,6,19,2,1,22,24,11,26,20,20,13,10,12,8,4,22,3,22,24",5000,100
12,18,261103.00538682385,20.03606216256699,"5,10,18,12,13,8,18,21,4,1,17,19,14,10,2,9,23,11,3,7,7,26,25,6,23,24,22,20,19,2,15,13,14,15,16,4,24,1,3,16,25,26,24,10,6,12,25,1,21,16,22,8,3,8,15,16,5,26,3,25,25,11,9,20,21,18,21,22,12,14,2,23,2,16,6,23,25,8,20,21,16,7,5,24,9,9,5,6,16,25,4,10,1,15,6,17,17,5,17,13,12,16,1,19,2,21,9,21,18,22,9,24,9,22,1,12,14,6,20,16,12,14,22,18,1,5,11,23,20,15,16,5,10,5,3,9,4,3,8,25,17,1,10,14,24,17,13,13,2,17,21,12,10,25,23,25,6,19,2,1,22,24,11,26,20,20,13,10,12,8,4,22,3,22,24",5000,100
12,19,261103.00538682385,20.03606216256699,"5,10,18,12,13,8,18,21,4,1,17,19,14,10,2,9,23,11,3,7,7,26,25,6,23,24,22,20,19,2,15,13,14,15,16,4,24,1,3,16,25,26,24,10,6,12,25,1,21,16,22,8,3,8,15,16,5,26,3,25,25,11,9,20,21,18,21,22,12,14,2,23,2,16,6,23,25,8,20,21,16,7,5,24,9,9,5,6,16,25,4,10,1,15,6,17,17,5,17,13,12,16,1,19,2,21,9,21,18,22,9,24,9,22,1,12,14,6,20,16,12,14,22,18,1,5,11,23,20,15,16,5,10,5,3,9,4,3,8,25,17,1,10,14,24,17,13,13,2,17,21,12,10,25,23,25,6,19,2,1,22,24,11,26,20,20,13,10,12,8,4,22,3,22,24",5000,100
12,20,261103.00538682385,20.03606216256699,"5,10,18,12,13,8,18,21,4,1,17,19,14,10,2,9,23,11,3,7,7,26,25,6,23,24,22,20,19,2,15,13,14,15,16,4,24,1,3,16,25,26,24,10,6,12,25,1,21,16,22,8,3,8,15,16,5,26,3,25,25,11,9,20,21,18,21,22,12,14,2,23,2,16,6,23,25,8,20,21,16,7,5,24,9,9,5,6,16,25,4,10,1,15,6,17,17,5,17,13,12,16,1,19,2,21,9,21,18,22,9,24,9,22,1,12,14,6,20,16,12,14,22,18,1,5,11,23,20,15,16,5,10,5,3,9,4,3,8,25,17,1,10,14,24,17,13,13,2,17,21,12,10,25,23,25,6,19,2,1,22,24,11,26,20,20,13,10,12,8,4,22,3,22,24",5000,100
12,21,261103.00538682385,20.03606216256699,"5,10,18,12,13,8,18,21,4,1,17,19,14,10,2,9,23,11,3,7,7,26,25,6,23,24,22,20,19,2,15,13,14,15,16,4,24,1,3,16,25,26,24,10,6,12,25,1,21,16,22,8,3,8,15,16,5,26,3,25,25,11,9,20,21,18,21,22,12,14,2,23,2,16,6,23,25,8,20,21,16,7,5,24,9,9,5,6,16,25,4,10,1,15,6,17,17,5,17,13,12,16,1,19,2,21,9,21,18,22,9,24,9,22,1,12,14,6,20,16,12,14,22,18,1,5,11,23,20,15,16,5,10,5,3,9,4,3,8,25,17,1,10,14,24,17,13,13,2,17,21,12,10,25,23,25,6,19,2,1,22,24,11,26,20,20,13,10,12,8,4,22,3,22,24",5000,100
12,22,261103.00538682385,20.03606216256699,"5,10,18,12,13,8,18,21,4,1,17,19,14,10,2,9,23,11,3,7,7,26,25,6,23,24,22,20,19,2,15,13,14,15,16,4,24,1,3,16,25,26,24,10,6,12,25,1,21,16,22,8,3,8,15,16,5,26,3,25,25,11,9,20,21,18,21,22,12,14,2,23,2,16,6,23,25,8,20,21,16,7,5,24,9,9,5,6,16,25,4,10,1,15,6,17,17,5,17,13,12,16,1,19,2,21,9,21,18,22,9,24,9,22,1,12,14,6,20,16,12,14,22,18,1,5,11,23,20,15,16,5,10,5,3,9,4,3,8,25,17,1,10,14,24,17,13,13,2,17,21,12,10,25,23,25,6,19,2,1,22,24,11,26,20,20,13,10,12,8,4,22,3,22,24",5000,100
12,23,261103.00538682385,20.03606216256699,"5,10,18,12,13,8,18,21,4,1,17,19,14,10,2,9,23,11,3,7,7,26,25,6,23,24,22,20,19,2,15,13,14,15,16,4,24,1,3,16,25,26,24,10,6,12,25,1,21,16,22,8,3,8,15,16,5,26,3,25,25,11,9,20,21,18,21,22,12,14,2,23,2,16,6,23,25,8,20,21,16,7,5,24,9,9,5,6,16,25,4,10,1,15,6,17,17,5,17,13,12,16,1,19,2,21,9,21,18,22,9,24,9,22,1,12,14,6,20,16,12,14,22,18,1,5,11,23,20,15,16,5,10,5,3,9,4,3,8,25,17,1,10,14,24,17,13,13,2,17,21,12,10,25,23,25,6,19,2,1,22,24,11,26,20,20,13,10,12,8,4,22,3,22,24",5000,100
12,24,261103.00538682385,20.03606216256699,"5,10,18,12,13,8,18,21,4,1,17,19,14,10,2,9,23,11,3,7,7,26,25,6,23,24,22,20,19,2,15,13,14,15,16,4,24,1,3,16,25,26,24,10,6,12,25,1,21,16,22,8,3,8,15,16,5,26,3,25,25,11,9,20,21,18,21,22,12,14,2,23,2,16,6,23,25,8,20,21,16,7,5,24,9,9,5,6,16,25,4,10,1,15,6,17,17,5,17,13,12,16,1,19,2,21,9,21,18,22,9,24,9,22,1,12,14,6,20,16,12,14,22,18,1,5,11,23,20,15,16,5,10,5,3,9,4,3,8,25,17,1,10,14,24,17,13,13,2,17,21,12,10,25,23,25,6,19,2,1,22,24,11,26,20,20,13,10,12,8,4,22,3,22,24",5000,100
12,25,261103.00538682385,20.03606216256699,"5,10,18,12,13,8,18,21,4,1,17,19,14,10,2,9,23,11,3,7,7,26,25,6,23,24,22,20,19,2,15,13,14,15,16,4,24,1,3,16,25,26,24,10,6,12,25,1,21,16,22,8,3,8,15,16,5,26,3,25,25,11,9,20,21,18,21,22,12,14,2,23,2,16,6,23,25,8,20,21,16,7,5,24,9,9,5,6,16,25,4,10,1,15,6,17,17,5,17,13,12,16,1,19,2,21,9,21,18,22,9,24,9,22,1,12,14,6,20,16,12,14,22,18,1,5,11,23,20,15,16,5,10,5,3,9,4,3,8,25,17,1,10,14,24,17,13,13,2,17,21,12,10,25,23,25,6,19,2,1,22,24,11,26,20,20,13,10,12,8,4,22,3,22,24",5000,100
12,26,261103.00538682385,20.03606216256699,"5,10,18,12,13,8,18,21,4,1,17,19,14,10,2,9,23,11,3,7,7,26,25,6,23,24,22,20,19,2,15,13,14,15,16,4,24,1,3,16,25,26,24,10,6,12,25,1,21,16,22,8,3,8,15,16,5,26,3,25,25,11,9,20,21,18,21,22,12,14,2,23,2,16,6,23,25,8,20,21,16,7,5,24,9,9,5,6,16,25,4,10,1,15,6,17,17,5,17,13,12,16,1,19,2,21,9,21,18,22,9,24,9,22,1,12,14,6,20,16,12,14,22,18,1,5,11,23,20,15,16,5,10,5,3,9,4,3,8,25,17,1,10,14,24,17,13,13,2,17,21,12,10,25,23,25,6,19,2,1,22,24,11,26,20,20,13,10,12,8,4,22,3,22,24",5000,100
12,27,261103.00538682385,20.03606216256699,"5,10,18,12,13,8,18,21,4,1,17,19,14,10,2,9,23,11,3,7,7,26,25,6,23,24,22,20,19,2,15,13,14,15,16,4,24,1,3,16,25,26,24,10,6,12,25,1,21,16,22,8,3,8,15,16,5,26,3,25,25,11,9,20,21,18,21,22,12,14,2,23,2,16,6,23,25,8,20,21,16,7,5,24,9,9,5,6,16,25,4,10,1,15,6,17,17,5,17,13,12,16,1,19,2,21,9,21,18,22,9,24,9,22,1,12,14,6,20,16,12,14,22,18,1,5,11,23,20,15,16,5,10,5,3,9,4,3,8,25,17,1,10,14,24,17,13,13,2,17,21,12,10,25,23,25,6,19,2,1,22,24,11,26,20,20,13,10,12,8,4,22,3,22,24",5000,100
12,28,261103.00538682385,20.03606216256699,"5,10,18,12,13,8,18,21,4,1,17,19,14,10,2,9,23,11,3,7,7,26,25,6,23,24,22,20,19,2,15,13,14,15,16,4,24,1,3,16,25,26,24,10,6,12,25,1,21,16,22,8,3,8,15,16,5,26,3,25,25,11,9,20,21,18,21,22,12,14,2,23,2,16,6,23,25,8,20,21,16,7,5,24,9,9,5,6,16,25,4,10,1,15,6,17,17,5,17,13,12,16,1,19,2,21,9,21,18,22,9,24,9,22,1,12,14,6,20,16,12,14,22,18,1,5,11,23,20,15,16,5,10,5,3,9,4,3,8,25,17,1,10,14,24,17,13,13,2,17,21,12,10,25,23,25,6,19,2,1,22,24,11,26,20,20,13,10,12,8,4,22,3,22,24",5000,100
12,29,261103.00538682385,20.03606216256699,"5,10,18,12,13,8,18,21,4,1,17,19,14,10,2,9,23,11,3,7,7,26,25,6,23,24,22,20,19,2,15,13,14,15,16,4,24,1,3,16,25,26,24,10,6,12,25,1,21,16,22,8,3,8,15,16,5,26,3,25,25,11,9,20,21,18,21,22,12,14,2,23,2,16,6,23,25,8,20,21,16,7,5,24,9,9,5,6,16,25,4,10,1,15,6,17,17,5,17,13,12,16,1,19,2,21,9,21,18,22,9,24,9,22,1,12,14,6,20,16,12,14,22,18,1,5,11,23,20,15,16,5,10,5,3,9,4,3,8,25,17,1,10,14,24,17,13,13,2,17,21,12,10,25,23,25,6,19,2,1,22,24,11,26,20,20,13,10,12,8,4,22,3,22,24",5000,100
12,30,261103.00538682385,20.03606216256699,"5,10,18,12,13,8,18,21,4,1,17,19,14,10,2,9,23,11,3,7,7,26,25,6,23,24,22,20,19,2,15,13,14,15,16,4,24,1,3,16,25,26,24,10,6,12,25,1,21,16,22,8,3,8,15,16,5,26,3,25,25,11,9,20,21,18,21,22,12,14,2,23,2,16,6,23,25,8,20,21,16,7,5,24,9,9,5,6,16,25,4,10,1,15,6,17,17,5,17,13,12,16,1,19,2,21,9,21,18,22,9,24,9,22,1,12,14,6,20,16,12,14,22,18,1,5,11,23,20,15,16,5,10,5,3,9,4,3,8,25,17,1,10,14,24,17,13,13,2,17,21,12,10,25,23,25,6,19,2,1,22,24,11,26,20,20,13,10,12,8,4,22,3,22,24",5000,100
12,31,261103.00538682385,20.03606216256699,"5,10,18,12,13,8,18,21,4,1,17,19,14,10,2,9,23,11,3,7,7,26,25,6,23,24,22,20,19,2,15,13,14,15,16,4,24,1,3,16,25,26,24,10,6,12,25,1,21,16,22,8,3,8,15,16,5,26,3,25,25,11,9,20,21,18,21,22,12,14,2,23,2,16,6,23,25,8,20,21,16,7,5,24,9,9,5,6,16,25,4,10,1,15,6,17,17,5,17,13,12,16,1,19,2,21,9,21,18,22,9,24,9,22,1,12,14,6,20,16,12,14,22,18,1,5,11,23,20,15,16,5,10,5,3,9,4,3,8,25,17,1,10,14,24,17,13,13,2,17,21,12,10,25,23,25,6,19,2,1,22,24,11,26,20,20,13,10,12,8,4,22,3,22,24",5000,100
12,32,261103.00538682385,20.03606216256699,"5,10,18,12,13,8,18,21,4,1,17,19,14,10,2,9,23,11,3,7,7,26,25,6,23,24,22,20,19,2,15,13,14,15,16,4,24,1,3,16,25,26,24,10,6,12,25,1,21,16,22,8,3,8,15,16,5,26,3,25,25,11,9,20,21,18,21,22,12,14,2,23,2,16,6,23,25,8,20,21,16,7,5,24,9,9,5,6,16,25,4,10,1,15,6,17,17,5,17,13,12,16,1,19,2,21,9,21,18,22,9,24,9,22,1,12,14,6,20,16,12,14,22,18,1,5,11,23,20,15,16,5,10,5,3,9,4,3,8,25,17,1,10,14,24,17,13,13,2,17,21,12,10,25,23,25,6,19,2,1,22,24,11,26,20,20,13,10,12,8,4,22,3,22,24",5000,100
12,33,261103.00538682385,20.03606216256699,"5,10,18,12,13,8,18,21,4,1,17,19,14,10,2,9,23,11,3,7,7,26,25,6,23,24,22,20,19,2,15,13,14,15,16,4,24,1,3,16,25,26,24,10,6,12,25,1,21,16,22,8,3,8,15,16,5,26,3,25,25,11,9,20,21,18,21,22,12,14,2,23,2,16,6,23,25,8,20,21,16,7,5,24,9,9,5,6,16,25,4,10,1,15,6,17,17,5,17,13,12,16,1,19,2,21,9,21,18,22,9,24,9,22,1,12,14,6,20,16,12,14,22,18,1,5,11,23,20,15,16,5,10,5,3,9,4,3,8,25,17,1,10,14,24,17,13,13,2,17,21,12,10,25,23,25,6,19,2,1,22,24,11,26,20,20,13,10,12,8,4,22,3,22,24",5000,100
12,34,261103.00538682385,20.03606216256699,"5,10,18,12,13,8,18,21,4,1,17,19,14,10,2,9,23,11,3,7,7,26,25,6,23,24,22,20,19,2,15,13,14,15,16,4,24,1,3,16,25,26,24,10,6,12,25,1,21,16,22,8,3,8,15,16,5,26,3,25,25,11,9,20,21,18,21,22,12,14,2,23,2,16,6,23,25,8,20,21,16,7,5,24,9,9,5,6,16,25,4,10,1,15,6,17,17,5,17,13,12,16,1,19,2,21,9,21,18,22,9,24,9,22,1,12,14,6,20,16,12,14,22,18,1,5,11,23,20,15,16,5,10,5,3,9,4,3,8,25,17,1,10,14,24,17,13,13,2,17,21,12,10,25,23,25,6,19,2,1,22,24,11,26,20,20,13,10,12,8,4,22,3,22,24",5000,100
12,35,261103.00538682385,20.03606216256699,"5,10,18,12,13,8,18,21,4,1,17,19,14,10,2,9,23,11,3,7,7,26,25,6,23,24,22,20,19,2,15,13,14,15,16,4,24,1,3,16,25,26,24,10,6,12,25,1,21,16,22,8,3,8,15,16,5,26,3,25,25,11,9,20,21,18,21,22,12,14,2,23,2,16,6,23,25,8,20,21,16,7,5,24,9,9,5,6,16,25,4,10,1,15,6,17,17,5,17,13,12,16,1,19,2,21,9,21,18,22,9,24,9,22,1,12,14,6,20,16,12,14,22,18,1,5,11,23,20,15,16,5,10,5,3,9,4,3,8,25,17,1,10,14,24,17,13,13,2,17,21,12,10,25,23,25,6,19,2,1,22,24,11,26,20,20,13,10,12,8,4,22,3,22,24",5000,100
12,36,261103.00538682385,20.03606216256699,"5,10,18,12,13,8,18,21,4,1,17,19,14,10,2,9,23,11,3,7,7,26,25,6,23,24,22,20,19,2,15,13,14,15,16,4,24,1,3,16,25,26,24,10,6,12,25,1,21,16,22,8,3,8,15,16,5,26,3,25,25,11,9,20,21,18,21,22,12,14,2,23,2,16,6,23,25,8,20,21,16,7,5,24,9,9,5,6,16,25,4,10,1,15,6,17,17,5,17,13,12,16,1,19,2,21,9,21,18,22,9,24,9,22,1,12,14,6,20,16,12,14,22,18,1,5,11,23,20,15,16,5,10,5,3,9,4,3,8,25,17,1,10,14,24,17,13,13,2,17,21,12,10,25,23,25,6,19,2,1,22,24,11,26,20,20,13,10,12,8,4,22,3,22,24",5000,100
12,37,261103.00538682385,20.03606216256699,"5,10,18,12,13,8,18,21,4,1,17,19,14,10,2,9,23,11,3,7,7,26,25,6,23,24,22,20,19,2,15,13,14,15,16,4,24,1,3,16,25,26,24,10,6,12,25,1,21,16,22,8,3,8,15,16,5,26,3,25,25,11,9,20,21,18,21,22,12,14,2,23,2,16,6,23,25,8,20,21,16,7,5,24,9,9,5,6,16,25,4,10,1,15,6,17,17,5,17,13,12,16,1,19,2,21,9,21,18,22,9,24,9,22,1,12,14,6,20,16,12,14,22,18,1,5,11,23,20,15,16,5,10,5,3,9,4,3,8,25,17,1,10,14,24,17,13,13,2,17,21,12,10,25,23,25,6,19,2,1,22,24,11,26,20,20,13,10,12,8,4,22,3,22,24",5000,100
12,38,261103.00538682385,20.03606216256699,"5,10,18,12,13,8,18,21,4,1,17,19,14,10,2,9,23,11,3,7,7,26,25,6,23,24,22,20,19,2,15,13,14,15,16,4,24,1,3,16,25,26,24,10,6,12,25,1,21,16,22,8,3,8,15,16,5,26,3,25,25,11,9,20,21,18,21,22,12,14,2,23,2,16,6,23,25,8,20,21,16,7,5,24,9,9,5,6,16,25,4,10,1,15,6,17,17,5,17,13,12,16,1,19,2,21,9,21,18,22,9,24,9,22,1,12,14,6,20,16,12,14,22,18,1,5,11,23,20,15,16,5,10,5,3,9,4,3,8,25,17,1,10,14,24,17,13,13,2,17,21,12,10,25,23,25,6,19,2,1,22,24,11,26,20,20,13,10,12,8,4,22,3,22,24",5000,100
12,39,261103.00538682385,20.03606216256699,"5,10,18,12,13,8,18,21,4,1,17,19,14,10,2,9,23,11,3,7,7,26,25,6,23,24,22,20,19,2,15,13,14,15,16,4,24,1,3,16,25,26,24,10,6,12,25,1,21,16,22,8,3,8,15,16,5,26,3,25,25,11,9,20,21,18,21,22,12,14,2,23,2,16,6,23,25,8,20,21,16,7,5,24,9,9,5,6,16,25,4,10,1,15,6,17,17,5,17,13,12,16,1,19,2,21,9,21,18,22,9,24,9,22,1,12,14,6,20,16,12,14,22,18,1,5,11,23,20,15,16,5,10,5,3,9,4,3,8,25,17,1,10,14,24,17,13,13,2,17,21,12,10,25,23,25,6,19,2,1,22,24,11,26,20,20,13,10,12,8,4,22,3,22,24",5000,100
12,40,261103.00538682385,20.03606216256699,"5,10,18,12,13,8,18,21,4,1,17,19,14,10,2,9,23,11,3,7,7,26,25,6,23,24,22,20,19,2,15,13,14,15,16,4,24,1,3,16,25,26,24,10,6,12,25,1,21,16,22,8,3,8,15,16,5,26,3,25,25,11,9,20,21,18,21,22,12,14,2,23,2,16,6,23,25,8,20,21,16,7,5,24,9,9,5,6,16,25,4,10,1,15,6,17,17,5,17,13,12,16,1,19,2,21,9,21,18,22,9,24,9,22,1,12,14,6,20,16,12,14,22,18,1,5,11,23,20,15,16,5,10,5,3,9,4,3,8,25,17,1,10,14,24,17,13,13,2,17,21,12,10,25,23,25,6,19,2,1,22,24,11,26,20,20,13,10,12,8,4,22,3,22,24",5000,100
12,41,261103.00538682385,20.03606216256699,"5,10,18,12,13,8,18,21,4,1,17,19,14,10,2,9,23,11,3,7,7,26,25,6,23,24,22,20,19,2,15,13,14,15,16,4,24,1,3,16,25,26,24,10,6,12,25,1,21,16,22,8,3,8,15,16,5,26,3,25,25,11,9,20,21,18,21,22,12,14,2,23,2,16,6,23,25,8,20,21,16,7,5,24,9,9,5,6,16,25,4,10,1,15,6,17,17,5,17,13,12,16,1,19,2,21,9,21,18,22,9,24,9,22,1,12,14,6,20,16,12,14,22,18,1,5,11,23,20,15,16,5,10,5,3,9,4,3,8,25,17,1,10,14,24,17,13,13,2,17,21,12,10,25,23,25,6,19,2,1,22,24,11,26,20,20,13,10,12,8,4,22,3,22,24",5000,100
12,42,261103.00538682385,20.03606216256699,"5,10,18,12,13,8,18,21,4,1,17,19,14,10,2,9,23,11,3,7,7,26,25,6,23,24,22,20,19,2,15,13,14,15,16,4,24,1,3,16,25,26,24,10,6,12,25,1,21,16,22,8,3,8,15,16,5,26,3,25,25,11,9,20,21,18,21,22,12,14,2,23,2,16,6,23,25,8,20,21,16,7,5,24,9,9,5,6,16,25,4,10,1,15,6,17,17,5,17,13,12,16,1,19,2,21,9,21,18,22,9,24,9,22,1,12,14,6,20,16,12,14,22,18,1,5,11,23,20,15,16,5,10,5,3,9,4,3,8,25,17,1,10,14,24,17,13,13,2,17,21,12,10,25,23,25,6,19,2,1,22,24,11,26,20,20,13,10,12,8,4,22,3,22,24",5000,100
12,43,261103.00538682385,20.03606216256699,"5,10,18,12,13,8,18,21,4,1,17,19,14,10,2,9,23,11,3,7,7,26,25,6,23,24,22,20,19,2,15,13,14,15,16,4,24,1,3,16,25,26,24,10,6,12,25,1,21,16,22,8,3,8,15,16,5,26,3,25,25,11,9,20,21,18,21,22,12,14,2,23,2,16,6,23,25,8,20,21,16,7,5,24,9,9,5,6,16,25,4,10,1,15,6,17,17,5,17,13,12,16,1,19,2,21,9,21,18,22,9,24,9,22,1,12,14,6,20,16,12,14,22,18,1,5,11,23,20,15,16,5,10,5,3,9,4,3,8,25,17,1,10,14,24,17,13,13,2,17,21,12,10,25,23,25,6,19,2,1,22,24,11,26,20,20,13,10,12,8,4,22,3,22,24",5000,100
12,44,261103.00538682385,20.03606216256699,"5,10,18,12,13,8,18,21,4,1,17,19,14,10,2,9,23,11,3,7,7,26,25,6,23,24,22,20,19,2,15,13,14,15,16,4,24,1,3,16,25,26,24,10,6,12,25,1,21,16,22,8,3,8,15,16,5,26,3,25,25,11,9,20,21,18,21,22,12,14,2,23,2,16,6,23,25,8,20,21,16,7,5,24,9,9,5,6,16,25,4,10,1,15,6,17,17,5,17,13,12,16,1,19,2,21,9,21,18,22,9,24,9,22,1,12,14,6,20,16,12,14,22,18,1,5,11,23,20,15,16,5,10,5,3,9,4,3,8,25,17,1,10,14,24,17,13,13,2,17,21,12,10,25,23,25,6,19,2,1,22,24,11,26,20,20,13,10,12,8,4,22,3,22,24",5000,100
12,45,261103.00538682385,20.03606216256699,"5,10,18,12,13,8,18,21,4,1,17,19,14,10,2,9,23,11,3,7,7,26,25,6,23,24,22,20,19,2,15,13,14,15,16,4,24,1,3,16,25,26,24,10,6,12,25,1,21,16,22,8,3,8,15,16,5,26,3,25,25,11,9,20,21,18,21,22,12,14,2,23,2,16,6,23,25,8,20,21,16,7,5,24,9,9,5,6,16,25,4,10,1,15,6,17,17,5,17,13,12,16,1,19,2,21,9,21,18,22,9,24,9,22,1,12,14,6,20,16,12,14,22,18,1,5,11,23,20,15,16,5,10,5,3,9,4,3,8,25,17,1,10,14,24,17,13,13,2,17,21,12,10,25,23,25,6,19,2,1,22,24,11,26,20,20,13,10,12,8,4,22,3,22,24",5000,100
12,46,261103.00538682385,20.03606216256699,"5,10,18,12,13,8,18,21,4,1,17,19,14,10,2,9,23,11,3,7,7,26,25,6,23,24,22,20,19,2,15,13,14,15,16,4,24,1,3,16,25,26,24,10,6,12,25,1,21,16,22,8,3,8,15,16,5,26,3,25,25,11,9,20,21,18,21,22,12,14,2,23,2,16,6,23,25,8,20,21,16,7,5,24,9,9,5,6,16,25,4,10,1,15,6,17,17,5,17,13,12,16,1,19,2,21,9,21,18,22,9,24,9,22,1,12,14,6,20,16,12,14,22,18,1,5,11,23,20,15,16,5,10,5,3,9,4,3,8,25,17,1,10,14,24,17,13,13,2,17,21,12,10,25,23,25,6,19,2,1,22,24,11,26,20,20,13,10,12,8,4,22,3,22,24",5000,100
12,47,261103.00538682385,20.03606216256699,"5,10,18,12,13,8,18,21,4,1,17,19,14,10,2,9,23,11,3,7,7,26,25,6,23,24,22,20,19,2,15,13,14,15,16,4,24,1,3,16,25,26,24,10,6,12,25,1,21,16,22,8,3,8,15,16,5,26,3,25,25,11,9,20,21,18,21,22,12,14,2,23,2,16,6,23,25,8,20,21,16,7,5,24,9,9,5,6,16,25,4,10,1,15,6,17,17,5,17,13,12,16,1,19,2,21,9,21,18,22,9,24,9,22,1,12,14,6,20,16,12,14,22,18,1,5,11,23,20,15,16,5,10,5,3,9,4,3,8,25,17,1,10,14,24,17,13,13,2,17,21,12,10,25,23,25,6,19,2,1,22,24,11,26,20,20,13,10,12,8,4,22,3,22,24",5000,100
12,48,261103.00538682385,20.03606216256699,"5,10,18,12,13,8,18,21,4,1,17,19,14,10,2,9,23,11,3,7,7,26,25,6,23,24,22,20,19,2,15,13,14,15,16,4,24,1,3,16,25,26,24,10,6,12,25,1,21,16,22,8,3,8,15,16,5,26,3,25,25,11,9,20,21,18,21,22,12,14,2,23,2,16,6,23,25,8,20,21,16,7,5,24,9,9,5,6,16,25,4,10,1,15,6,17,17,5,17,13,12,16,1,19,2,21,9,21,18,22,9,24,9,22,1,12,14,6,20,16,12,14,22,18,1,5,11,23,20,15,16,5,10,5,3,9,4,3,8,25,17,1,10,14,24,17,13,13,2,17,21,12,10,25,23,25,6,19,2,1,22,24,11,26,20,20,13,10,12,8,4,22,3,22,24",5000,100
12,49,261103.00538682385,20.03606216256699,"5,10,18,12,13,8,18,21,4,1,17,19,14,10,2,9,23,11,3,7,7,26,25,6,23,24,22,20,19,2,15,13,14,15,16,4,24,1,3,16,25,26,24,10,6,12,25,1,21,16,22,8,3,8,15,16,5,26,3,25,25,11,9,20,21,18,21,22,12,14,2,23,2,16,6,23,25,8,20,21,16,7,5,24,9,9,5,6,16,25,4,10,1,15,6,17,17,5,17,13,12,16,1,19,2,21,9,21,18,22,9,24,9,22,1,12,14,6,20,16,12,14,22,18,1,5,11,23,20,15,16,5,10,5,3,9,4,3,8,25,17,1,10,14,24,17,13,13,2,17,21,12,10,25,23,25,6,19,2,1,22,24,11,26,20,20,13,10,12,8,4,22,3,22,24",5000,100
12,50,261103.00538682385,20.03606216256699,"5,10,18,12,13,8,18,21,4,1,17,19,14,10,2,9,23,11,3,7,7,26,25,6,23,24,22,20,19,2,15,13,14,15,16,4,24,1,3,16,25,26,24,10,6,12,25,1,21,16,22,8,3,8,15,16,5,26,3,25,25,11,9,20,21,18,21,22,12,14,2,23,2,16,6,23,25,8,20,21,16,7,5,24,9,9,5,6,16,25,4,10,1,15,6,17,17,5,17,13,12,16,1,19,2,21,9,21,18,22,9,24,9,22,1,12,14,6,20,16,12,14,22,18,1,5,11,23,20,15,16,5,10,5,3,9,4,3,8,25,17,1,10,14,24,17,13,13,2,17,21,12,10,25,23,25,6,19,2,1,22,24,11,26,20,20,13,10,12,8,4,22,3,22,24",5000,100
12,51,261103.00538682385,20.03606216256699,"5,10,18,12,13,8,18,21,4,1,17,19,14,10,2,9,23,11,3,7,7,26,25,6,23,24,22,20,19,2,15,13,14,15,16,4,24,1,3,16,25,26,24,10,6,12,25,1,21,16,22,8,3,8,15,16,5,26,3,25,25,11,9,20,21,18,21,22,12,14,2,23,2,16,6,23,25,8,20,21,16,7,5,24,9,9,5,6,16,25,4,10,1,15,6,17,17,5,17,13,12,16,1,19,2,21,9,21,18,22,9,24,9,22,1,12,14,6,20,16,12,14,22,18,1,5,11,23,20,15,16,5,10,5,3,9,4,3,8,25,17,1,10,14,24,17,13,13,2,17,21,12,10,25,23,25,6,19,2,1,22,24,11,26,20,20,13,10,12,8,4,22,3,22,24",5000,100
12,52,261103.00538682385,20.03606216256699,"5,10,18,12,13,8,18,21,4,1,17,19,14,10,2,9,23,11,3,7,7,26,25,6,23,24,22,20,19,2,15,13,14,15,16,4,24,1,3,16,25,26,24,10,6,12,25,1,21,16,22,8,3,8,15,16,5,26,3,25,25,11,9,20,21,18,21,22,12,14,2,23,2,16,6,23,25,8,20,21,16,7,5,24,9,9,5,6,16,25,4,10,1,15,6,17,17,5,17,13,12,16,1,19,2,21,9,21,18,22,9,24,9,22,1,12,14,6,20,16,12,14,22,18,1,5,11,23,20,15,16,5,10,5,3,9,4,3,8,25,17,1,10,14,24,17,13,13,2,17,21,12,10,25,23,25,6,19,2,1,22,24,11,26,20,20,13,10,12,8,4,22,3,22,24",5000,100
12,53,261103.00538682385,20.03606216256699,"5,10,18,12,13,8,18,21,4,1,17,19,14,10,2,9,23,11,3,7,7,26,25,6,23,24,22,20,19,2,15,13,14,15,16,4,24,1,3,16,25,26,24,10,6,12,25,1,21,16,22,8,3,8,15,16,5,26,3,25,25,11,9,20,21,18,21,22,12,14,2,23,2,16,6,23,25,8,20,21,16,7,5,24,9,9,5,6,16,25,4,10,1,15,6,17,17,5,17,13,12,16,1,19,2,21,9,21,18,22,9,24,9,22,1,12,14,6,20,16,12,14,22,18,1,5,11,23,20,15,16,5,10,5,3,9,4,3,8,25,17,1,10,14,24,17,13,13,2,17,21,12,10,25,23,25,6,19,2,1,22,24,11,26,20,20,13,10,12,8,4,22,3,22,24",5000,100
12,54,261103.00538682385,20.03606216256699,"5,10,18,12,13,8,18,21,4,1,17,19,14,10,2,9,23,11,3,7,7,26,25,6,23,24,22,20,19,2,15,13,14,15,16,4,24,1,3,16,25,26,24,10,6,12,25,1,21,16,22,8,3,8,15,16,5,26,3,25,25,11,9,20,21,18,21,22,12,14,2,23,2,16,6,23,25,8,20,21,16,7,5,24,9,9,5,6,16,25,4,10,1,15,6,17,17,5,17,13,12,16,1,19,2,21,9,21,18,22,9,24,9,22,1,12,14,6,20,16,12,14,22,18,1,5,11,23,20,15,16,5,10,5,3,9,4,3,8,25,17,1,10,14,24,17,13,13,2,17,21,12,10,25,23,25,6,19,2,1,22,24,11,26,20,20,13,10,12,8,4,22,3,22,24",5000,100
12,55,261103.00538682385,20.03606216256699,"5,10,18,12,13,8,18,21,4,1,17,19,14,10,2,9,23,11,3,7,7,26,25,6,23,24,22,20,19,2,15,13,14,15,16,4,24,1,3,16,25,26,24,10,6,12,25,1,21,16,22,8,3,8,15,16,5,26,3,25,25,11,9,20,21,18,21,22,12,14,2,23,2,16,6,23,25,8,20,21,16,7,5,24,9,9,5,6,16,25,4,10,1,15,6,17,17,5,17,13,12,16,1,19,2,21,9,21,18,22,9,24,9,22,1,12,14,6,20,16,12,14,22,18,1,5,11,23,20,15,16,5,10,5,3,9,4,3,8,25,17,1,10,14,24,17,13,13,2,17,21,12,10,25,23,25,6,19,2,1,22,24,11,26,20,20,13,10,12,8,4,22,3,22,24",5000,100
12,56,261103.00538682385,20.03606216256699,"5,10,18,12,13,8,18,21,4,1,17,19,14,10,2,9,23,11,3,7,7,26,25,6,23,24,22,20,19,2,15,13,14,15,16,4,24,1,3,16,25,26,24,10,6,12,25,1,21,16,22,8,3,8,15,16,5,26,3,25,25,11,9,20,21,18,21,22,12,14,2,23,2,16,6,23,25,8,20,21,16,7,5,24,9,9,5,6,16,25,4,10,1,15,6,17,17,5,17,13,12,16,1,19,2,21,9,21,18,22,9,24,9,22,1,12,14,6,20,16,12,14,22,18,1,5,11,23,20,15,16,5,10,5,3,9,4,3,8,25,17,1,10,14,24,17,13,13,2,17,21,12,10,25,23,25,6,19,2,1,22,24,11,26,20,20,13,10,12,8,4,22,3,22,24",5000,100
12,57,261103.00538682385,20.03606216256699,"5,10,18,12,13,8,18,21,4,1,17,19,14,10,2,9,23,11,3,7,7,26,25,6,23,24,22,20,19,2,15,13,14,15,16,4,24,1,3,16,25,26,24,10,6,12,25,1,21,16,22,8,3,8,15,16,5,26,3,25,25,11,9,20,21,18,21,22,12,14,2,23,2,16,6,23,25,8,20,21,16,7,5,24,9,9,5,6,16,25,4,10,1,15,6,17,17,5,17,13,12,16,1,19,2,21,9,21,18,22,9,24,9,22,1,12,14,6,20,16,12,14,22,18,1,5,11,23,20,15,16,5,10,5,3,9,4,3,8,25,17,1,10,14,24,17,13,13,2,17,21,12,10,25,23,25,6,19,2,1,22,24,11,26,20,20,13,10,12,8,4,22,3,22,24",5000,100
12,58,261103.00538682385,20.03606216256699,"5,10,18,12,13,8,18,21,4,1,17,19,14,10,2,9,23,11,3,7,7,26,25,6,23,24,22,20,19,2,15,13,14,15,16,4,24,1,3,16,25,26,24,10,6,12,25,1,21,16,22,8,3,8,15,16,5,26,3,25,25,11,9,20,21,18,21,22,12,14,2,23,2,16,6,23,25,8,20,21,16,7,5,24,9,9,5,6,16,25,4,10,1,15,6,17,17,5,17,13,12,16,1,19,2,21,9,21,18,22,9,24,9,22,1,12,14,6,20,16,12,14,22,18,1,5,11,23,20,15,16,5,10,5,3,9,4,3,8,25,17,1,10,14,24,17,13,13,2,17,21,12,10,25,23,25,6,19,2,1,22,24,11,26,20,20,13,10,12,8,4,22,3,22,24",5000,100
12,59,261103.00538682385,20.03606216256699,"5,10,18,12,13,8,18,21,4,1,17,19,14,10,2,9,23,11,3,7,7,26,25,6,23,24,22,20,19,2,15,13,14,15,16,4,24,1,3,16,25,26,24,10,6,12,25,1,21,16,22,8,3,8,15,16,5,26,3,25,25,11,9,20,21,18,21,22,12,14,2,23,2,16,6,23,25,8,20,21,16,7,5,24,9,9,5,6,16,25,4,10,1,15,6,17,17,5,17,13,12,16,1,19,2,21,9,21,18,22,9,24,9,22,1,12,14,6,20,16,12,14,22,18,1,5,11,23,20,15,16,5,10,5,3,9,4,3,8,25,17,1,10,14,24,17,13,13,2,17,21,12,10,25,23,25,6,19,2,1,22,24,11,26,20,20,13,10,12,8,4,22,3,22,24",5000,100
12,60,261103.00538682385,20.03606216256699,"5,10,18,12,13,8,18,21,4,1,17,19,14,10,2,9,23,11,3,7,7,26,25,6,23,24,22,20,19,2,15,13,14,15,16,4,24,1,3,16,25,26,24,10,6,12,25,1,21,16,22,8,3,8,15,16,5,26,3,25,25,11,9,20,21,18,21,22,12,14,2,23,2,16,6,23,25,8,20,21,16,7,5,24,9,9,5,6,16,25,4,10,1,15,6,17,17,5,17,13,12,16,1,19,2,21,9,21,18,22,9,24,9,22,1,12,14,6,20,16,12,14,22,18,1,5,11,23,20,15,16,5,10,5,3,9,4,3,8,25,17,1,10,14,24,17,13,13,2,17,21,12,10,25,23,25,6,19,2,1,22,24,11,26,20,20,13,10,12,8,4,22,3,22,24",5000,100
12,61,261103.00538682385,20.03606216256699,"5,10,18,12,13,8,18,21,4,1,17,19,14,10,2,9,23,11,3,7,7,26,25,6,23,24,22,20,19,2,15,13,14,15,16,4,24,1,3,16,25,26,24,10,6,12,25,1,21,16,22,8,3,8,15,16,5,26,3,25,25,11,9,20,21,18,21,22,12,14,2,23,2,16,6,23,25,8,20,21,16,7,5,24,9,9,5,6,16,25,4,10,1,15,6,17,17,5,17,13,12,16,1,19,2,21,9,21,18,22,9,24,9,22,1,12,14,6,20,16,12,14,22,18,1,5,11,23,20,15,16,5,10,5,3,9,4,3,8,25,17,1,10,14,24,17,13,13,2,17,21,12,10,25,23,25,6,19,2,1,22,24,11,26,20,20,13,10,12,8,4,22,3,22,24",5000,100
12,62,261103.00538682385,20.03606216256699,"5,10,18,12,13,8,18,21,4,1,17,19,14,10,2,9,23,11,3,7,7,26,25,6,23,24,22,20,19,2,15,13,14,15,16,4,24,1,3,16,25,26,24,10,6,12,25,1,21,16,22,8,3,8,15,16,5,26,3,25,25,11,9,20,21,18,21,22,12,14,2,23,2,16,6,23,25,8,20,21,16,7,5,24,9,9,5,6,16,25,4,10,1,15,6,17,17,5,17,13,12,16,1,19,2,21,9,21,18,22,9,24,9,22,1,12,14,6,20,16,12,14,22,18,1,5,11,23,20,15,16,5,10,5,3,9,4,3,8,25,17,1,10,14,24,17,13,13,2,17,21,12,10,25,23,25,6,19,2,1,22,24,11,26,20,20,13,10,12,8,4,22,3,22,24",5000,100
12,63,261103.00538682385,20.03606216256699,"5,10,18,12,13,8,18,21,4,1,17,19,14,10,2,9,23,11,3,7,7,26,25,6,23,24,22,20,19,2,15,13,14,15,16,4,24,1,3,16,25,26,24,10,6,12,25,1,21,16,22,8,3,8,15,16,5,26,3,25,25,11,9,20,21,18,21,22,12,14,2,23,2,16,6,23,25,8,20,21,16,7,5,24,9,9,5,6,16,25,4,10,1,15,6,17,17,5,17,13,12,16,1,19,2,21,9,21,18,22,9,24,9,22,1,12,14,6,20,16,12,14,22,18,1,5,11,23,20,15,16,5,10,5,3,9,4,3,8,25,17,1,10,14,24,17,13,13,2,17,21,12,10,25,23,25,6,19,2,1,22,24,11,26,20,20,13,10,12,8,4,22,3,22,24",5000,100
12,64,261103.00538682385,20.03606216256699,"5,10,18,12,13,8,18,21,4,1,17,19,14,10,2,9,23,11,3,7,7,26,25,6,23,24,22,20,19,2,15,13,14,15,16,4,24,1,3,16,25,26,24,10,6,12,25,1,21,16,22,8,3,8,15,16,5,26,3,25,25,11,9,20,21,18,21,22,12,14,2,23,2,16,6,23,25,8,20,21,16,7,5,24,9,9,5,6,16,25,4,10,1,15,6,17,17,5,17,13,12,16,1,19,2,21,9,21,18,22,9,24,9,22,1,12,14,6,20,16,12,14,22,18,1,5,11,23,20,15,16,5,10,5,3,9,4,3,8,25,17,1,10,14,24,17,13,13,2,17,21,12,10,25,23,25,6,19,2,1,22,24,11,26,20,20,13,10,12,8,4,22,3,22,24",5000,100
12,65,261103.00538682385,20.03606216256699,"5,10,18,12,13,8,18,21,4,1,17,19,14,10,2,9,23,11,3,7,7,26,25,6,23,24,22,20,19,2,15,13,14,15,16,4,24,1,3,16,25,26,24,10,6,12,25,1,21,16,22,8,3,8,15,16,5,26,3,25,25,11,9,20,21,18,21,22,12,14,2,23,2,16,6,23,25,8,20,21,16,7,5,24,9,9,5,6,16,25,4,10,1,15,6,17,17,5,17,13,12,16,1,19,2,21,9,21,18,22,9,24,9,22,1,12,14,6,20,16,12,14,22,18,1,5,11,23,20,15,16,5,10,5,3,9,4,3,8,25,17,1,10,14,24,17,13,13,2,17,21,12,10,25,23,25,6,19,2,1,22,24,11,26,20,20,13,10,12,8,4,22,3,22,24",5000,100
12,66,261103.00538682385,20.03606216256699,"5,10,18,12,13,8,18,21,4,1,17,19,14,10,2,9,23,11,3,7,7,26,25,6,23,24,22,20,19,2,15,13,14,15,16,4,24,1,3,16,25,26,24,10,6,12,25,1,21,16,22,8,3,8,15,16,5,26,3,25,25,11,9,20,21,18,21,22,12,14,2,23,2,16,6,23,25,8,20,21,16,7,5,24,9,9,5,6,16,25,4,10,1,15,6,17,17,5,17,13,12,16,1,19,2,21,9,21,18,22,9,24,9,22,1,12,14,6,20,16,12,14,22,18,1,5,11,23,20,15,16,5,10,5,3,9,4,3,8,25,17,1,10,14,24,17,13,13,2,17,21,12,10,25,23,25,6,19,2,1,22,24,11,26,20,20,13,10,12,8,4,22,3,22,24",5000,100
12,67,261103.00538682385,20.03606216256699,"5,10,18,12,13,8,18,21,4,1,17,19,14,10,2,9,23,11,3,7,7,26,25,6,23,24,22,20,19,2,15,13,14,15,16,4,24,1,3,16,25,26,24,10,6,12,25,1,21,16,22,8,3,8,15,16,5,26,3,25,25,11,9,20,21,18,21,22,12,14,2,23,2,16,6,23,25,8,20,21,16,7,5,24,9,9,5,6,16,25,4,10,1,15,6,17,17,5,17,13,12,16,1,19,2,21,9,21,18,22,9,24,9,22,1,12,14,6,20,16,12,14,22,18,1,5,11,23,20,15,16,5,10,5,3,9,4,3,8,25,17,1,10,14,24,17,13,13,2,17,21,12,10,25,23,25,6,19,2,1,22,24,11,26,20,20,13,10,12,8,4,22,3,22,24",5000,100
12,68,261103.00538682385,20.03606216256699,"5,10,18,12,13,8,18,21,4,1,17,19,14,10,2,9,23,11,3,7,7,26,25,6,23,24,22,20,19,2,15,13,14,15,16,4,24,1,3,16,25,26,24,10,6,12,25,1,21,16,22,8,3,8,15,16,5,26,3,25,25,11,9,20,21,18,21,22,12,14,2,23,2,16,6,23,25,8,20,21,16,7,5,24,9,9,5,6,16,25,4,10,1,15,6,17,17,5,17,13,12,16,1,19,2,21,9,21,18,22,9,24,9,22,1,12,14,6,20,16,12,14,22,18,1,5,11,23,20,15,16,5,10,5,3,9,4,3,8,25,17,1,10,14,24,17,13,13,2,17,21,12,10,25,23,25,6,19,2,1,22,24,11,26,20,20,13,10,12,8,4,22,3,22,24",5000,100
12,69,261103.00538682385,20.03606216256699,"5,10,18,12,13,8,18,21,4,1,17,19,14,10,2,9,23,11,3,7,7,26,25,6,23,24,22,20,19,2,15,13,14,15,16,4,24,1,3,16,25,26,24,10,6,12,25,1,21,16,22,8,3,8,15,16,5,26,3,25,25,11,9,20,21,18,21,22,12,14,2,23,2,16,6,23,25,8,20,21,16,7,5,24,9,9,5,6,16,25,4,10,1,15,6,17,17,5,17,13,12,16,1,19,2,21,9,21,18,22,9,24,9,22,1,12,14,6,20,16,12,14,22,18,1,5,11,23,20,15,16,5,10,5,3,9,4,3,8,25,17,1,10,14,24,17,13,13,2,17,21,12,10,25,23,25,6,19,2,1,22,24,11,26,20,20,13,10,12,8,4,22,3,22,24",5000,100
12,70,261103.00538682385,20.03606216256699,"5,10,18,12,13,8,18,21,4,1,17,19,14,10,2,9,23,11,3,7,7,26,25,6,23,24,22,20,19,2,15,13,14,15,16,4,24,1,3,16,25,26,24,10,6,12,25,1,21,16,22,8,3,8,15,16,5,26,3,25,25,11,9,20,21,18,21,22,12,14,2,23,2,16,6,23,25,8,20,21,16,7,5,24,9,9,5,6,16,25,4,10,1,15,6,17,17,5,17,13,12,16,1,19,2,21,9,21,18,22,9,24,9,22,1,12,14,6,20,16,12,14,22,18,1,5,11,23,20,15,16,5,10,5,3,9,4,3,8,25,17,1,10,14,24,17,13,13,2,17,21,12,10,25,23,25,6,19,2,1,22,24,11,26,20,20,13,10,12,8,4,22,3,22,24",5000,100
12,71,261103.00538682385,20.03606216256699,"5,10,18,12,13,8,18,21,4,1,17,19,14,10,2,9,23,11,3,7,7,26,25,6,23,24,22,20,19,2,15,13,14,15,16,4,24,1,3,16,25,26,24,10,6,12,25,1,21,16,22,8,3,8,15,16,5,26,3,25,25,11,9,20,21,18,21,22,12,14,2,23,2,16,6,23,25,8,20,21,16,7,5,24,9,9,5,6,16,25,4,10,1,15,6,17,17,5,17,13,12,16,1,19,2,21,9,21,18,22,9,24,9,22,1,12,14,6,20,16,12,14,22,18,1,5,11,23,20,15,16,5,10,5,3,9,4,3,8,25,17,1,10,14,24,17,13,13,2,17,21,12,10,25,23,25,6,19,2,1,22,24,11,26,20,20,13,10,12,8,4,22,3,22,24",5000,100
12,72,261103.00538682385,20.03606216256699,"5,10,18,12,13,8,18,21,4,1,17,19,14,10,2,9,23,11,3,7,7,26,25,6,23,24,22,20,19,2,15,13,14,15,16,4,24,1,3,16,25,26,24,10,6,12,25,1,21,16,22,8,3,8,15,16,5,26,3,25,25,11,9,20,21,18,21,22,12,14,2,23,2,16,6,23,25,8,20,21,16,7,5,24,9,9,5,6,16,25,4,10,1,15,6,17,17,5,17,13,12,16,1,19,2,21,9,21,18,22,9,24,9,22,1,12,14,6,20,16,12,14,22,18,1,5,11,23,20,15,16,5,10,5,3,9,4,3,8,25,17,1,10,14,24,17,13,13,2,17,21,12,10,25,23,25,6,19,2,1,22,24,11,26,20,20,13,10,12,8,4,22,3,22,24",5000,100
12,73,261103.00538682385,20.03606216256699,"5,10,18,12,13,8,18,21,4,1,17,19,14,10,2,9,23,11,3,7,7,26,25,6,23,24,22,20,19,2,15,13,14,15,16,4,24,1,3,16,25,26,24,10,6,12,25,1,21,16,22,8,3,8,15,16,5,26,3,25,25,11,9,20,21,18,21,22,12,14,2,23,2,16,6,23,25,8,20,21,16,7,5,24,9,9,5,6,16,25,4,10,1,15,6,17,17,5,17,13,12,16,1,19,2,21,9,21,18,22,9,24,9,22,1,12,14,6,20,16,12,14,22,18,1,5,11,23,20,15,16,5,10,5,3,9,4,3,8,25,17,1,10,14,24,17,13,13,2,17,21,12,10,25,23,25,6,19,2,1,22,24,11,26,20,20,13,10,12,8,4,22,3,22,24",5000,100
12,74,261103.00538682385,20.03606216256699,"5,10,18,12,13,8,18,21,4,1,17,19,14,10,2,9,23,11,3,7,7,26,25,6,23,24,22,20,19,2,15,13,14,15,16,4,24,1,3,16,25,26,24,10,6,12,25,1,21,16,22,8,3,8,15,16,5,26,3,25,25,11,9,20,21,18,21,22,12,14,2,23,2,16,6,23,25,8,20,21,16,7,5,24,9,9,5,6,16,25,4,10,1,15,6,17,17,5,17,13,12,16,1,19,2,21,9,21,18,22,9,24,9,22,1,12,14,6,20,16,12,14,22,18,1,5,11,23,20,15,16,5,10,5,3,9,4,3,8,25,17,1,10,14,24,17,13,13,2,17,21,12,10,25,23,25,6,19,2,1,22,24,11,26,20,20,13,10,12,8,4,22,3,22,24",5000,100
12,75,261103.00538682385,20.03606216256699,"5,10,18,12,13,8,18,21,4,1,17,19,14,10,2,9,23,11,3,7,7,26,25,6,23,24,22,20,19,2,15,13,14,15,16,4,24,1,3,16,25,26,24,10,6,12,25,1,21,16,22,8,3,8,15,16,5,26,3,25,25,11,9,20,21,18,21,22,12,14,2,23,2,16,6,23,25,8,20,21,16,7,5,24,9,9,5,6,16,25,4,10,1,15,6,17,17,5,17,13,12,16,1,19,2,21,9,21,18,22,9,24,9,22,1,12,14,6,20,16,12,14,22,18,1,5,11,23,20,15,16,5,10,5,3,9,4,3,8,25,17,1,10,14,24,17,13,13,2,17,21,12,10,25,23,25,6,19,2,1,22,24,11,26,20,20,13,10,12,8,4,22,3,22,24",5000,100
12,76,261103.00538682385,20.03606216256699,"5,10,18,12,13,8,18,21,4,1,17,19,14,10,2,9,23,11,3,7,7,26,25,6,23,24,22,20,19,2,15,13,14,15,16,4,24,1,3,16,25,26,24,10,6,12,25,1,21,16,22,8,3,8,15,16,5,26,3,25,25,11,9,20,21,18,21,22,12,14,2,23,2,16,6,23,25,8,20,21,16,7,5,24,9,9,5,6,16,25,4,10,1,15,6,17,17,5,17,13,12,16,1,19,2,21,9,21,18,22,9,24,9,22,1,12,14,6,20,16,12,14,22,18,1,5,11,23,20,15,16,5,10,5,3,9,4,3,8,25,17,1,10,14,24,17,13,13,2,17,21,12,10,25,23,25,6,19,2,1,22,24,11,26,20,20,13,10,12,8,4,22,3,22,24",5000,100
12,77,261103.00538682385,20.03606216256699,"5,10,18,12,13,8,18,21,4,1,17,19,14,10,2,9,23,11,3,7,7,26,25,6,23,24,22,20,19,2,15,13,14,15,16,4,24,1,3,16,25,26,24,10,6,12,25,1,21,16,22,8,3,8,15,16,5,26,3,25,25,11,9,20,21,18,21,22,12,14,2,23,2,16,6,23,25,8,20,21,16,7,5,24,9,9,5,6,16,25,4,10,1,15,6,17,17,5,17,13,12,16,1,19,2,21,9,21,18,22,9,24,9,22,1,12,14,6,20,16,12,14,22,18,1,5,11,23,20,15,16,5,10,5,3,9,4,3,8,25,17,1,10,14,24,17,13,13,2,17,21,12,10,25,23,25,6,19,2,1,22,24,11,26,20,20,13,10,12,8,4,22,3,22,24",5000,100
12,78,261103.00538682385,20.03606216256699,"5,10,18,12,13,8,18,21,4,1,17,19,14,10,2,9,23,11,3,7,7,26,25,6,23,24,22,20,19,2,15,13,14,15,16,4,24,1,3,16,25,26,24,10,6,12,25,1,21,16,22,8,3,8,15,16,5,26,3,25,25,11,9,20,21,18,21,22,12,14,2,23,2,16,6,23,25,8,20,21,16,7,5,24,9,9,5,6,16,25,4,10,1,15,6,17,17,5,17,13,12,16,1,19,2,21,9,21,18,22,9,24,9,22,1,12,14,6,20,16,12,14,22,18,1,5,11,23,20,15,16,5,10,5,3,9,4,3,8,25,17,1,10,14,24,17,13,13,2,17,21,12,10,25,23,25,6,19,2,1,22,24,11,26,20,20,13,10,12,8,4,22,3,22,24",5000,100
12,79,261103.00538682385,20.03606216256699,"5,10,18,12,13,8,18,21,4,1,17,19,14,10,2,9,23,11,3,7,7,26,25,6,23,24,22,20,19,2,15,13,14,15,16,4,24,1,3,16,25,26,24,10,6,12,25,1,21,16,22,8,3,8,15,16,5,26,3,25,25,11,9,20,21,18,21,22,12,14,2,23,2,16,6,23,25,8,20,21,16,7,5,24,9,9,5,6,16,25,4,10,1,15,6,17,17,5,17,13,12,16,1,19,2,21,9,21,18,22,9,24,9,22,1,12,14,6,20,16,12,14,22,18,1,5,11,23,20,15,16,5,10,5,3,9,4,3,8,25,17,1,10,14,24,17,13,13,2,17,21,12,10,25,23,25,6,19,2,1,22,24,11,26,20,20,13,10,12,8,4,22,3,22,24",5000,100
12,80,261103.00538682385,20.03606216256699,"5,10,18,12,13,8,18,21,4,1,17,19,14,10,2,9,23,11,3,7,7,26,25,6,23,24,22,20,19,2,15,13,14,15,16,4,24,1,3,16,25,26,24,10,6,12,25,1,21,16,22,8,3,8,15,16,5,26,3,25,25,11,9,20,21,18,21,22,12,14,2,23,2,16,6,23,25,8,20,21,16,7,5,24,9,9,5,6,16,25,4,10,1,15,6,17,17,5,17,13,12,16,1,19,2,21,9,21,18,22,9,24,9,22,1,12,14,6,20,16,12,14,22,18,1,5,11,23,20,15,16,5,10,5,3,9,4,3,8,25,17,1,10,14,24,17,13,13,2,17,21,12,10,25,23,25,6,19,2,1,22,24,11,26,20,20,13,10,12,8,4,22,3,22,24",5000,100
12,81,261103.00538682385,20.03606216256699,"5,10,18,12,13,8,18,21,4,1,17,19,14,10,2,9,23,11,3,7,7,26,25,6,23,24,22,20,19,2,15,13,14,15,16,4,24,1,3,16,25,26,24,10,6,12,25,1,21,16,22,8,3,8,15,16,5,26,3,25,25,11,9,20,21,18,21,22,12,14,2,23,2,16,6,23,25,8,20,21,16,7,5,24,9,9,5,6,16,25,4,10,1,15,6,17,17,5,17,13,12,16,1,19,2,21,9,21,18,22,9,24,9,22,1,12,14,6,20,16,12,14,22,18,1,5,11,23,20,15,16,5,10,5,3,9,4,3,8,25,17,1,10,14,24,17,13,13,2,17,21,12,10,25,23,25,6,19,2,1,22,24,11,26,20,20,13,10,12,8,4,22,3,22,24",5000,100
12,82,261103.00538682385,20.03606216256699,"5,10,18,12,13,8,18,21,4,1,17,19,14,10,2,9,23,11,3,7,7,26,25,6,23,24,22,20,19,2,15,13,14,15,16,4,24,1,3,16,25,26,24,10,6,12,25,1,21,16,22,8,3,8,15,16,5,26,3,25,25,11,9,20,21,18,21,22,12,14,2,23,2,16,6,23,25,8,20,21,16,7,5,24,9,9,5,6,16,25,4,10,1,15,6,17,17,5,17,13,12,16,1,19,2,21,9,21,18,22,9,24,9,22,1,12,14,6,20,16,12,14,22,18,1,5,11,23,20,15,16,5,10,5,3,9,4,3,8,25,17,1,10,14,24,17,13,13,2,17,21,12,10,25,23,25,6,19,2,1,22,24,11,26,20,20,13,10,12,8,4,22,3,22,24",5000,100
12,83,261103.00538682385,20.03606216256699,"5,10,18,12,13,8,18,21,4,1,17,19,14,10,2,9,23,11,3,7,7,26,25,6,23,24,22,20,19,2,15,13,14,15,16,4,24,1,3,16,25,26,24,10,6,12,25,1,21,16,22,8,3,8,15,16,5,26,3,25,25,11,9,20,21,18,21,22,12,14,2,23,2,16,6,23,25,8,20,21,16,7,5,24,9,9,5,6,16,25,4,10,1,15,6,17,17,5,17,13,12,16,1,19,2,21,9,21,18,22,9,24,9,22,1,12,14,6,20,16,12,14,22,18,1,5,11,23,20,15,16,5,10,5,3,9,4,3,8,25,17,1,10,14,24,17,13,13,2,17,21,12,10,25,23,25,6,19,2,1,22,24,11,26,20,20,13,10,12,8,4,22,3,22,24",5000,100
12,84,261103.00538682385,20.03606216256699,"5,10,18,12,13,8,18,21,4,1,17,19,14,10,2,9,23,11,3,7,7,26,25,6,23,24,22,20,19,2,15,13,14,15,16,4,24,1,3,16,25,26,24,10,6,12,25,1,21,16,22,8,3,8,15,16,5,26,3,25,25,11,9,20,21,18,21,22,12,14,2,23,2,16,6,23,25,8,20,21,16,7,5,24,9,9,5,6,16,25,4,10,1,15,6,17,17,5,17,13,12,16,1,19,2,21,9,21,18,22,9,24,9,22,1,12,14,6,20,16,12,14,22,18,1,5,11,23,20,15,16,5,10,5,3,9,4,3,8,25,17,1,10,14,24,17,13,13,2,17,21,12,10,25,23,25,6,19,2,1,22,24,11,26,20,20,13,10,12,8,4,22,3,22,24",5000,100
12,85,261103.00538682385,20.03606216256699,"5,10,18,12,13,8,18,21,4,1,17,19,14,10,2,9,23,11,3,7,7,26,25,6,23,24,22,20,19,2,15,13,14,15,16,4,24,1,3,16,25,26,24,10,6,12,25,1,21,16,22,8,3,8,15,16,5,26,3,25,25,11,9,20,21,18,21,22,12,14,2,23,2,16,6,23,25,8,20,21,16,7,5,24,9,9,5,6,16,25,4,10,1,15,6,17,17,5,17,13,12,16,1,19,2,21,9,21,18,22,9,24,9,22,1,12,14,6,20,16,12,14,22,18,1,5,11,23,20,15,16,5,10,5,3,9,4,3,8,25,17,1,10,14,24,17,13,13,2,17,21,12,10,25,23,25,6,19,2,1,22,24,11,26,20,20,13,10,12,8,4,22,3,22,24",5000,100
12,86,261103.00538682385,20.03606216256699,"5,10,18,12,13,8,18,21,4,1,17,19,14,10,2,9,23,11,3,7,7,26,25,6,23,24,22,20,19,2,15,13,14,15,16,4,24,1,3,16,25,26,24,10,6,12,25,1,21,16,22,8,3,8,15,16,5,26,3,25,25,11,9,20,21,18,21,22,12,14,2,23,2,16,6,23,25,8,20,21,16,7,5,24,9,9,5,6,16,25,4,10,1,15,6,17,17,5,17,13,12,16,1,19,2,21,9,21,18,22,9,24,9,22,1,12,14,6,20,16,12,14,22,18,1,5,11,23,20,15,16,5,10,5,3,9,4,3,8,25,17,1,10,14,24,17,13,13,2,17,21,12,10,25,23,25,6,19,2,1,22,24,11,26,20,20,13,10,12,8,4,22,3,22,24",5000,100
12,87,261103.00538682385,20.03606216256699,"5,10,18,12,13,8,18,21,4,1,17,19,14,10,2,9,23,11,3,7,7,26,25,6,23,24,22,20,19,2,15,13,14,15,16,4,24,1,3,16,25,26,24,10,6,12,25,1,21,16,22,8,3,8,15,16,5,26,3,25,25,11,9,20,21,18,21,22,12,14,2,23,2,16,6,23,25,8,20,21,16,7,5,24,9,9,5,6,16,25,4,10,1,15,6,17,17,5,17,13,12,16,1,19,2,21,9,21,18,22,9,24,9,22,1,12,14,6,20,16,12,14,22,18,1,5,11,23,20,15,16,5,10,5,3,9,4,3,8,25,17,1,10,14,24,17,13,13,2,17,21,12,10,25,23,25,6,19,2,1,22,24,11,26,20,20,13,10,12,8,4,22,3,22,24",5000,100
12,88,261103.00538682385,20.03606216256699,"5,10,18,12,13,8,18,21,4,1,17,19,14,10,2,9,23,11,3,7,7,26,25,6,23,24,22,20,19,2,15,13,14,15,16,4,24,1,3,16,25,26,24,10,6,12,25,1,21,16,22,8,3,8,15,16,5,26,3,25,25,11,9,20,21,18,21,22,12,14,2,23,2,16,6,23,25,8,20,21,16,7,5,24,9,9,5,6,16,25,4,10,1,15,6,17,17,5,17,13,12,16,1,19,2,21,9,21,18,22,9,24,9,22,1,12,14,6,20,16,12,14,22,18,1,5,11,23,20,15,16,5,10,5,3,9,4,3,8,25,17,1,10,14,24,17,13,13,2,17,21,12,10,25,23,25,6,19,2,1,22,24,11,26,20,20,13,10,12,8,4,22,3,22,24",5000,100
12,89,261103.00538682385,20.03606216256699,"5,10,18,12,13,8,18,21,4,1,17,19,14,10,2,9,23,11,3,7,7,26,25,6,23,24,22,20,19,2,15,13,14,15,16,4,24,1,3,16,25,26,24,10,6,12,25,1,21,16,22,8,3,8,15,16,5,26,3,25,25,11,9,20,21,18,21,22,12,14,2,23,2,16,6,23,25,8,20,21,16,7,5,24,9,9,5,6,16,25,4,10,1,15,6,17,17,5,17,13,12,16,1,19,2,21,9,21,18,22,9,24,9,22,1,12,14,6,20,16,12,14,22,18,1,5,11,23,20,15,16,5,10,5,3,9,4,3,8,25,17,1,10,14,24,17,13,13,2,17,21,12,10,25,23,25,6,19,2,1,22,24,11,26,20,20,13,10,12,8,4,22,3,22,24",5000,100
12,90,261103.00538682385,20.03606216256699,"5,10,18,12,13,8,18,21,4,1,17,19,14,10,2,9,23,11,3,7,7,26,25,6,23,24,22,20,19,2,15,13,14,15,16,4,24,1,3,16,25,26,24,10,6,12,25,1,21,16,22,8,3,8,15,16,5,26,3,25,25,11,9,20,21,18,21,22,12,14,2,23,2,16,6,23,25,8,20,21,16,7,5,24,9,9,5,6,16,25,4,10,1,15,6,17,17,5,17,13,12,16,1,19,2,21,9,21,18,22,9,24,9,22,1,12,14,6,20,16,12,14,22,18,1,5,11,23,20,15,16,5,10,5,3,9,4,3,8,25,17,1,10,14,24,17,13,13,2,17,21,12,10,25,23,25,6,19,2,1,22,24,11,26,20,20,13,10,12,8,4,22,3,22,24",5000,100
12,91,261103.00538682385,20.03606216256699,"5,10,18,12,13,8,18,21,4,1,17,19,14,10,2,9,23,11,3,7,7,26,25,6,23,24,22,20,19,2,15,13,14,15,16,4,24,1,3,16,25,26,24,10,6,12,25,1,21,16,22,8,3,8,15,16,5,26,3,25,25,11,9,20,21,18,21,22,12,14,2,23,2,16,6,23,25,8,20,21,16,7,5,24,9,9,5,6,16,25,4,10,1,15,6,17,17,5,17,13,12,16,1,19,2,21,9,21,18,22,9,24,9,22,1,12,14,6,20,16,12,14,22,18,1,5,11,23,20,15,16,5,10,5,3,9,4,3,8,25,17,1,10,14,24,17,13,13,2,17,21,12,10,25,23,25,6,19,2,1,22,24,11,26,20,20,13,10,12,8,4,22,3,22,24",5000,100
12,92,261103.00538682385,20.03606216256699,"5,10,18,12,13,8,18,21,4,1,17,19,14,10,2,9,23,11,3,7,7,26,25,6,23,24,22,20,19,2,15,13,14,15,16,4,24,1,3,16,25,26,24,10,6,12,25,1,21,16,22,8,3,8,15,16,5,26,3,25,25,11,9,20,21,18,21,22,12,14,2,23,2,16,6,23,25,8,20,21,16,7,5,24,9,9,5,6,16,25,4,10,1,15,6,17,17,5,17,13,12,16,1,19,2,21,9,21,18,22,9,24,9,22,1,12,14,6,20,16,12,14,22,18,1,5,11,23,20,15,16,5,10,5,3,9,4,3,8,25,17,1,10,14,24,17,13,13,2,17,21,12,10,25,23,25,6,19,2,1,22,24,11,26,20,20,13,10,12,8,4,22,3,22,24",5000,100
12,93,261103.00538682385,20.03606216256699,"5,10,18,12,13,8,18,21,4,1,17,19,14,10,2,9,23,11,3,7,7,26,25,6,23,24,22,20,19,2,15,13,14,15,16,4,24,1,3,16,25,26,24,10,6,12,25,1,21,16,22,8,3,8,15,16,5,26,3,25,25,11,9,20,21,18,21,22,12,14,2,23,2,16,6,23,25,8,20,21,16,7,5,24,9,9,5,6,16,25,4,10,1,15,6,17,17,5,17,13,12,16,1,19,2,21,9,21,18,22,9,24,9,22,1,12,14,6,20,16,12,14,22,18,1,5,11,23,20,15,16,5,10,5,3,9,4,3,8,25,17,1,10,14,24,17,13,13,2,17,21,12,10,25,23,25,6,19,2,1,22,24,11,26,20,20,13,10,12,8,4,22,3,22,24",5000,100
12,94,261103.00538682385,20.03606216256699,"5,10,18,12,13,8,18,21,4,1,17,19,14,10,2,9,23,11,3,7,7,26,25,6,23,24,22,20,19,2,15,13,14,15,16,4,24,1,3,16,25,26,24,10,6,12,25,1,21,16,22,8,3,8,15,16,5,26,3,25,25,11,9,20,21,18,21,22,12,14,2,23,2,16,6,23,25,8,20,21,16,7,5,24,9,9,5,6,16,25,4,10,1,15,6,17,17,5,17,13,12,16,1,19,2,21,9,21,18,22,9,24,9,22,1,12,14,6,20,16,12,14,22,18,1,5,11,23,20,15,16,5,10,5,3,9,4,3,8,25,17,1,10,14,24,17,13,13,2,17,21,12,10,25,23,25,6,19,2,1,22,24,11,26,20,20,13,10,12,8,4,22,3,22,24",5000,100
12,95,261103.00538682385,20.03606216256699,"5,10,18,12,13,8,18,21,4,1,17,19,14,10,2,9,23,11,3,7,7,26,25,6,23,24,22,20,19,2,15,13,14,15,16,4,24,1,3,16,25,26,24,10,6,12,25,1,21,16,22,8,3,8,15,16,5,26,3,25,25,11,9,20,21,18,21,22,12,14,2,23,2,16,6,23,25,8,20,21,16,7,5,24,9,9,5,6,16,25,4,10,1,15,6,17,17,5,17,13,12,16,1,19,2,21,9,21,18,22,9,24,9,22,1,12,14,6,20,16,12,14,22,18,1,5,11,23,20,15,16,5,10,5,3,9,4,3,8,25,17,1,10,14,24,17,13,13,2,17,21,12,10,25,23,25,6,19,2,1,22,24,11,26,20,20,13,10,12,8,4,22,3,22,24",5000,100
12,96,261103.00538682385,20.03606216256699,"5,10,18,12,13,8,18,21,4,1,17,19,14,10,2,9,23,11,3,7,7,26,25,6,23,24,22,20,19,2,15,13,14,15,16,4,24,1,3,16,25,26,24,10,6,12,25,1,21,16,22,8,3,8,15,16,5,26,3,25,25,11,9,20,21,18,21,22,12,14,2,23,2,16,6,23,25,8,20,21,16,7,5,24,9,9,5,6,16,25,4,10,1,15,6,17,17,5,17,13,12,16,1,19,2,21,9,21,18,22,9,24,9,22,1,12,14,6,20,16,12,14,22,18,1,5,11,23,20,15,16,5,10,5,3,9,4,3,8,25,17,1,10,14,24,17,13,13,2,17,21,12,10,25,23,25,6,19,2,1,22,24,11,26,20,20,13,10,12,8,4,22,3,22,24",5000,100
12,97,261103.00538682385,20.03606216256699,"5,10,18,12,13,8,18,21,4,1,17,19,14,10,2,9,23,11,3,7,7,26,25,6,23,24,22,20,19,2,15,13,14,15,16,4,24,1,3,16,25,26,24,10,6,12,25,1,21,16,22,8,3,8,15,16,5,26,3,25,25,11,9,20,21,18,21,22,12,14,2,23,2,16,6,23,25,8,20,21,16,7,5,24,9,9,5,6,16,25,4,10,1,15,6,17,17,5,17,13,12,16,1,19,2,21,9,21,18,22,9,24,9,22,1,12,14,6,20,16,12,14,22,18,1,5,11,23,20,15,16,5,10,5,3,9,4,3,8,25,17,1,10,14,24,17,13,13,2,17,21,12,10,25,23,25,6,19,2,1,22,24,11,26,20,20,13,10,12,8,4,22,3,22,24",5000,100
12,98,261103.00538682385,20.03606216256699,"5,10,18,12,13,8,18,21,4,1,17,19,14,10,2,9,23,11,3,7,7,26,25,6,23,24,22,20,19,2,15,13,14,15,16,4,24,1,3,16,25,26,24,10,6,12,25,1,21,16,22,8,3,8,15,16,5,26,3,25,25,11,9,20,21,18,21,22,12,14,2,23,2,16,6,23,25,8,20,21,16,7,5,24,9,9,5,6,16,25,4,10,1,15,6,17,17,5,17,13,12,16,1,19,2,21,9,21,18,22,9,24,9,22,1,12,14,6,20,16,12,14,22,18,1,5,11,23,20,15,16,5,10,5,3,9,4,3,8,25,17,1,10,14,24,17,13,13,2,17,21,12,10,25,23,25,6,19,2,1,22,24,11,26,20,20,13,10,12,8,4,22,3,22,24",5000,100
12,99,261117.9780691496,19.989938297455915,"5,10,18,12,13,8,18,21,4,1,17,19,14,10,2,9,23,11,3,7,7,26,25,6,23,24,22,20,19,2,15,13,14,15,16,4,24,1,3,16,25,26,24,10,6,12,25,1,21,16,22,8,3,8,15,16,5,26,3,25,25,11,9,20,21,18,21,22,12,14,2,23,2,16,6,23,25,8,20,21,16,7,5,24,9,9,5,6,16,25,4,10,1,15,6,17,17,5,17,13,12,16,1,19,2,21,9,21,24,22,9,24,9,22,1,12,14,6,20,16,12,14,22,18,1,5,11,23,20,15,16,5,10,5,3,9,4,3,8,25,17,1,10,14,24,17,13,13,2,17,21,12,10,25,23,25,6,19,2,1,22,24,11,26,20,20,13,10,12,8,4,22,3,22,24",5000,100
13,0,383429.9671908303,30.865426551613016,"9,7,2,3,19,17,12,11,8,8,6,10,1,2,21,9,23,18,18,5,24,24,20,16,20,10,5,14,13,16,4,25,25,26,22,15,12,26,26,20,22,23,21,21,21,4,15,6,6,7,18,10,25,7,14,14,6,12,24,14,15,4,5,24,17,20,20,14,19,16,4,14,5,8,24,12,21,19,3,8,11,16,7,10,25,11,4,11,9,18,7,23,1,11,19,4,2,8,10,24,26,25,4,17,19,4,12,11,12,26,14,19,13,26,1,12,25,15,13,22,6,14,6,2,26,15,4,9,22,26,23,13,23,15,4,1,23,5,15,1,8,26,1,25,26,4,2,19,1,11,19,2,19,21,20,17,8,6,1,3,19,19,7,4,1,15,14,26,5,20,1,5,22,3,3",5000,100
13,1,383429.9671908303,30.865426551613016,"9,7,2,3,19,17,12,11,8,8,6,10,1,2,21,9,23,18,18,5,24,24,20,16,20,10,5,14,13,16,4,25,25,26,22,15,12,26,26,20,22,23,21,21,21,4,15,6,6,7,18,10,25,7,14,14,6,12,24,14,15,4,5,24,17,20,20,14,19,16,4,14,5,8,24,12,21,19,3,8,11,16,7,10,25,11,4,11,9,18,7,23,1,11,19,4,2,8,10,24,26,25,4,17,19,4,12,11,12,26,14,19,13,26,1,12,25,15,13,22,6,14,6,2,26,15,4,9,22,26,23,13,23,15,4,1,23,5,15,1,8,26,1,25,26,4,2,19,1,11,19,2,19,21,20,17,8,6,1,3,19,19,7,4,1,15,14,26,5,20,1,5,22,3,3",5000,100
13,2,383429.9671908303,30.865426551613016,"9,7,2,3,19,17,12,11,8,8,6,10,1,2,21,9,23,18,18,5,24,24,20,16,20,10,5,14,13,16,4,25,25,26,22,15,12,26,26,20,22,23,21,21,21,4,15,6,6,7,18,10,25,7,14,14,6,12,24,14,15,4,5,24,17,20,20,14,19,16,4,14,5,8,24,12,21,19,3,8,11,16,7,10,25,11,4,11,9,18,7,23,1,11,19,4,2,8,10,24,26,25,4,17,19,4,12,11,12,26,14,19,13,26,1,12,25,15,13,22,6,14,6,2,26,15,4,9,22,26,23,13,23,15,4,1,23,5,15,1,8,26,1,25,26,4,2,19,1,11,19,2,19,21,20,17,8,6,1,3,19,19,7,4,1,15,14,26,5,20,1,5,22,3,3",5000,100
13,3,383429.9671908303,30.865426551613016,"9,7,2,3,19,17,12,11,8,8,6,10,1,2,21,9,23,18,18,5,24,24,20,16,20,10,5,14,13,16,4,25,25,26,22,15,12,26,26,20,22,23,21,21,21,4,15,6,6,7,18,10,25,7,14,14,6,12,24,14,15,4,5,24,17,20,20,14,19,16,4,14,5,8,24,12,21,19,3,8,11,16,7,10,25,11,4,11,9,18,7,23,1,11,19,4,2,8,10,24,26,25,4,17,19,4,12,11,12,26,14,19,13,26,1,12,25,15,13,22,6,14,6,2,26,15,4,9,22,26,23,13,23,15,4,1,23,5,15,1,8,26,1,25,26,4,2,19,1,11,19,2,19,21,20,17,8,6,1,3,19,19,7,4,1,15,14,26,5,20,1,5,22,3,3",5000,100
13,4,383429.9671908303,30.865426551613016,"9,7,2,3,19,17,12,11,8,8,6,10,1,2,21,9,23,18,18,5,24,24,20,16,20,10,5,14,13,16,4,25,25,26,22,15,12,26,26,20,22,23,21,21,21,4,15,6,6,7,18,10,25,7,14,14,6,12,24,14,15,4,5,24,17,20,20,14,19,16,4,14,5,8,24,12,21,19,3,8,11,16,7,10,25,11,4,11,9,18,7,23,1,11,19,4,2,8,10,24,26,25,4,17,19,4,12,11,12,26,14,19,13,26,1,12,25,15,13,22,6,14,6,2,26,15,4,9,22,26,23,13,23,15,4,1,23,5,15,1,8,26,1,25,26,4,2,19,1,11,19,2,19,21,20,17,8,6,1,3,19,19,7,4,1,15,14,26,5,20,1,5,22,3,3",5000,100
13,5,383429.9671908303,30.865426551613016,"9,7,2,3,19,17,12,11,8,8,6,10,1,2,21,9,23,18,18,5,24,24,20,16,20,10,5,14,13,16,4,25,25,26,22,15,12,26,26,20,22,23,21,21,21,4,15,6,6,7,18,10,25,7,14,14,6,12,24,14,15,4,5,24,17,20,20,14,19,16,4,14,5,8,24,12,21,19,3,8,11,16,7,10,25,11,4,11,9,18,7,23,1,11,19,4,2,8,10,24,26,25,4,17,19,4,12,11,12,26,14,19,13,26,1,12,25,15,13,22,6,14,6,2,26,15,4,9,22,26,23,13,23,15,4,1,23,5,15,1,8,26,1,25,26,4,2,19,1,11,19,2,19,21,20,17,8,6,1,3,19,19,7,4,1,15,14,26,5,20,1,5,22,3,3",5000,100
13,6,383429.9671908303,30.865426551613016,"9,7,2,3,19,17,12,11,8,8,6,10,1,2,21,9,23,18,18,5,24,24,20,16,20,10,5,14,13,16,4,25,25,26,22,15,12,26,26,20,22,23,21,21,21,4,15,6,6,7,18,10,25,7,14,14,6,12,24,14,15,4,5,24,17,20,20,14,19,16,4,14,5,8,24,12,21,19,3,8,11,16,7,10,25,11,4,11,9,18,7,23,1,11,19,4,2,8,10,24,26,25,4,17,19,4,12,11,12,26,14,19,13,26,1,12,25,15,13,22,6,14,6,2,26,15,4,9,22,26,23,13,23,15,4,1,23,5,15,1,8,26,1,25,26,4,2,19,1,11,19,2,19,21,20,17,8,6,1,3,19,19,7,4,1,15,14,26,5,20,1,5,22,3,3",5000,100
13,7,383429.9671908303,30.865426551613016,"9,7,2,3,19,17,12,11,8,8,6,10,1,2,21,9,23,18,18,5,24,24,20,16,20,10,5,14,13,16,4,25,25,26,22,15,12,26,26,20,22,23,21,21,21,4,15,6,6,7,18,10,25,7,14,14,6,12,24,14,15,4,5,24,17,20,20,14,19,16,4,14,5,8,24,12,21,19,3,8,11,16,7,10,25,11,4,11,9,18,7,23,1,11,19,4,2,8,10,24,26,25,4,17,19,4,12,11,12,26,14,19,13,26,1,12,25,15,13,22,6,14,6,2,26,15,4,9,22,26,23,13,23,15,4,1,23,5,15,1,8,26,1,25,26,4,2,19,1,11,19,2,19,21,20,17,8,6,1,3,19,19,7,4,1,15,14,26,5,20,1,5,22,3,3",5000,100
13,8,383429.9671908303,30.865426551613016,"9,7,2,3,19,17,12,11,8,8,6,10,1,2,21,9,23,18,18,5,24,24,20,16,20,10,5,14,13,16,4,25,25,26,22,15,12,26,26,20,22,23,21,21,21,4,15,6,6,7,18,10,25,7,14,14,6,12,24,14,15,4,5,24,17,20,20,14,19,16,4,14,5,8,24,12,21,19,3,8,11,16,7,10,25,11,4,11,9,18,7,23,1,11,19,4,2,8,10,24,26,25,4,17,19,4,12,11,12,26,14,19,13,26,1,12,25,15,13,22,6,14,6,2,26,15,4,9,22,26,23,13,23,15,4,1,23,5,15,1,8,26,1,25,26,4,2,19,1,11,19,2,19,21,20,17,8,6,1,3,19,19,7,4,1,15,14,26,5,20,1,5,22,3,3",5000,100
13,9,383429.9671908303,30.865426551613016,"9,7,2,3,19,17,12,11,8,8,6,10,1,2,21,9,23,18,18,5,24,24,20,16,20,10,5,14,13,16,4,25,25,26,22,15,12,26,26,20,22,23,21,21,21,4,15,6,6,7,18,10,25,7,14,14,6,12,24,14,15,4,5,24,17,20,20,14,19,16,4,14,5,8,24,12,21,19,3,8,11,16,7,10,25,11,4,11,9,18,7,23,1,11,19,4,2,8,10,24,26,25,4,17,19,4,12,11,12,26,14,19,13,26,1,12,25,15,13,22,6,14,6,2,26,15,4,9,22,26,23,13,23,15,4,1,23,5,15,1,8,26,1,25,26,4,2,19,1,11,19,2,19,21,20,17,8,6,1,3,19,19,7,4,1,15,14,26,5,20,1,5,22,3,3",5000,100
13,10,383429.9671908303,30.865426551613016,"9,7,2,3,19,17,12,11,8,8,6,10,1,2,21,9,23,18,18,5,24,24,20,16,20,10,5,14,13,16,4,25,25,26,22,15,12,26,26,20,22,23,21,21,21,4,15,6,6,7,18,10,25,7,14,14,6,12,24,14,15,4,5,24,17,20,20,14,19,16,4,14,5,8,24,12,21,19,3,8,11,16,7,10,25,11,4,11,9,18,7,23,1,11,19,4,2,8,10,24,26,25,4,17,19,4,12,11,12,26,14,19,13,26,1,12,25,15,13,22,6,14,6,2,26,15,4,9,22,26,23,13,23,15,4,1,23,5,15,1,8,26,1,25,26,4,2,19,1,11,19,2,19,21,20,17,8,6,1,3,19,19,7,4,1,15,14,26,5,20,1,5,22,3,3",5000,100
13,11,383429.9671908303,30.865426551613016,"9,7,2,3,19,17,12,11,8,8,6,10,1,2,21,9,23,18,18,5,24,24,20,16,20,10,5,14,13,16,4,25,25,26,22,15,12,26,26,20,22,23,21,21,21,4,15,6,6,7,18,10,25,7,14,14,6,12,24,14,15,4,5,24,17,20,20,14,19,16,4,14,5,8,24,12,21,19,3,8,11,16,7,10,25,11,4,11,9,18,7,23,1,11,19,4,2,8,10,24,26,25,4,17,19,4,12,11,12,26,14,19,13,26,1,12,25,15,13,22,6,14,6,2,26,15,4,9,22,26,23,13,23,15,4,1,23,5,15,1,8,26,1,25,26,4,2,19,1,11,19,2,19,21,20,17,8,6,1,3,19,19,7,4,1,15,14,26,5,20,1,5,22,3,3",5000,100
13,12,383429.9671908303,30.865426551613016,"9,7,2,3,19,17,12,11,8,8,6,10,1,2,21,9,23,18,18,5,24,24,20,16,20,10,5,14,13,16,4,25,25,26,22,15,12,26,26,20,22,23,21,21,21,4,15,6,6,7,18,10,25,7,14,14,6,12,24,14,15,4,5,24,17,20,20,14,19,16,4,14,5,8,24,12,21,19,3,8,11,16,7,10,25,11,4,11,9,18,7,23,1,11,19,4,2,8,10,24,26,25,4,17,19,4,12,11,12,26,14,19,13,26,1,12,25,15,13,22,6,14,6,2,26,15,4,9,22,26,23,13,23,15,4,1,23,5,15,1,8,26,1,25,26,4,2,19,1,11,19,2,19,21,20,17,8,6,1,3,19,19,7,4,1,15,14,26,5,20,1,5,22,3,3",5000,100
13,13,383429.9671908303,30.865426551613016,"9,7,2,3,19,17,12,11,8,8,6,10,1,2,21,9,23,18,18,5,24,24,20,16,20,10,5,14,13,16,4,25,25,26,22,15,12,26,26,20,22,23,21,21,21,4,15,6,6,7,18,10,25,7,14,14,6,12,24,14,15,4,5,24,17,20,20,14,19,16,4,14,5,8,24,12,21,19,3,8,11,16,7,10,25,11,4,11,9,18,7,23,1,11,19,4,2,8,10,24,26,25,4,17,19,4,12,11,12,26,14,19,13,26,1,12,25,15,13,22,6,14,6,2,26,15,4,9,22,26,23,13,23,15,4,1,23,5,15,1,8,26,1,25,26,4,2,19,1,11,19,2,19,21,20,17,8,6,1,3,19,19,7,4,1,15,14,26,5,20,1,5,22,3,3",5000,100
13,14,383429.9671908303,30.865426551613016,"9,7,2,3,19,17,12,11,8,8,6,10,1,2,21,9,23,18,18,5,24,24,20,16,20,10,5,14,13,16,4,25,25,26,22,15,12,26,26,20,22,23,21,21,21,4,15,6,6,7,18,10,25,7,14,14,6,12,24,14,15,4,5,24,17,20,20,14,19,16,4,14,5,8,24,12,21,19,3,8,11,16,7,10,25,11,4,11,9,18,7,23,1,11,19,4,2,8,10,24,26,25,4,17,19,4,12,11,12,26,14,19,13,26,1,12,25,15,13,22,6,14,6,2,26,15,4,9,22,26,23,13,23,15,4,1,23,5,15,1,8,26,1,25,26,4,2,19,1,11,19,2,19,21,20,17,8,6,1,3,19,19,7,4,1,15,14,26,5,20,1,5,22,3,3",5000,100
13,15,383429.9671908303,30.865426551613016,"9,7,2,3,19,17,12,11,8,8,6,10,1,2,21,9,23,18,18,5,24,24,20,16,20,10,5,14,13,16,4,25,25,26,22,15,12,26,26,20,22,23,21,21,21,4,15,6,6,7,18,10,25,7,14,14,6,12,24,14,15,4,5,24,17,20,20,14,19,16,4,14,5,8,24,12,21,19,3,8,11,16,7,10,25,11,4,11,9,18,7,23,1,11,19,4,2,8,10,24,26,25,4,17,19,4,12,11,12,26,14,19,13,26,1,12,25,15,13,22,6,14,6,2,26,15,4,9,22,26,23,13,23,15,4,1,23,5,15,1,8,26,1,25,26,4,2,19,1,11,19,2,19,21,20,17,8,6,1,3,19,19,7,4,1,15,14,26,5,20,1,5,22,3,3",5000,100
13,16,383429.9671908303,30.865426551613016,"9,7,2,3,19,17,12,11,8,8,6,10,1,2,21,9,23,18,18,5,24,24,20,16,20,10,5,14,13,16,4,25,25,26,22,15,12,26,26,20,22,23,21,21,21,4,15,6,6,7,18,10,25,7,14,14,6,12,24,14,15,4,5,24,17,20,20,14,19,16,4,14,5,8,24,12,21,19,3,8,11,16,7,10,25,11,4,11,9,18,7,23,1,11,19,4,2,8,10,24,26,25,4,17,19,4,12,11,12,26,14,19,13,26,1,12,25,15,13,22,6,14,6,2,26,15,4,9,22,26,23,13,23,15,4,1,23,5,15,1,8,26,1,25,26,4,2,19,1,11,19,2,19,21,20,17,8,6,1,3,19,19,7,4,1,15,14,26,5,20,1,5,22,3,3",5000,100
13,17,383429.9671908303,30.865426551613016,"9,7,2,3,19,17,12,11,8,8,6,10,1,2,21,9,23,18,18,5,24,24,20,16,20,10,5,14,13,16,4,25,25,26,22,15,12,26,26,20,22,23,21,21,21,4,15,6,6,7,18,10,25,7,14,14,6,12,24,14,15,4,5,24,17,20,20,14,19,16,4,14,5,8,24,12,21,19,3,8,11,16,7,10,25,11,4,11,9,18,7,23,1,11,19,4,2,8,10,24,26,25,4,17,19,4,12,11,12,26,14,19,13,26,1,12,25,15,13,22,6,14,6,2,26,15,4,9,22,26,23,13,23,15,4,1,23,5,15,1,8,26,1,25,26,4,2,19,1,11,19,2,19,21,20,17,8,6,1,3,19,19,7,4,1,15,14,26,5,20,1,5,22,3,3",5000,100
13,18,383429.9671908303,30.865426551613016,"9,7,2,3,19,17,12,11,8,8,6,10,1,2,21,9,23,18,18,5,24,24,20,16,20,10,5,14,13,16,4,25,25,26,22,15,12,26,26,20,22,23,21,21,21,4,15,6,6,7,18,10,25,7,14,14,6,12,24,14,15,4,5,24,17,20,20,14,19,16,4,14,5,8,24,12,21,19,3,8,11,16,7,10,25,11,4,11,9,18,7,23,1,11,19,4,2,8,10,24,26,25,4,17,19,4,12,11,12,26,14,19,13,26,1,12,25,15,13,22,6,14,6,2,26,15,4,9,22,26,23,13,23,15,4,1,23,5,15,1,8,26,1,25,26,4,2,19,1,11,19,2,19,21,20,17,8,6,1,3,19,19,7,4,1,15,14,26,5,20,1,5,22,3,3",5000,100
13,19,383429.9671908303,30.865426551613016,"9,7,2,3,19,17,12,11,8,8,6,10,1,2,21,9,23,18,18,5,24,24,20,16,20,10,5,14,13,16,4,25,25,26,22,15,12,26,26,20,22,23,21,21,21,4,15,6,6,7,18,10,25,7,14,14,6,12,24,14,15,4,5,24,17,20,20,14,19,16,4,14,5,8,24,12,21,19,3,8,11,16,7,10,25,11,4,11,9,18,7,23,1,11,19,4,2,8,10,24,26,25,4,17,19,4,12,11,12,26,14,19,13,26,1,12,25,15,13,22,6,14,6,2,26,15,4,9,22,26,23,13,23,15,4,1,23,5,15,1,8,26,1,25,26,4,2,19,1,11,19,2,19,21,20,17,8,6,1,3,19,19,7,4,1,15,14,26,5,20,1,5,22,3,3",5000,100
13,20,383429.9671908303,30.865426551613016,"9,7,2,3,19,17,12,11,8,8,6,10,1,2,21,9,23,18,18,5,24,24,20,16,20,10,5,14,13,16,4,25,25,26,22,15,12,26,26,20,22,23,21,21,21,4,15,6,6,7,18,10,25,7,14,14,6,12,24,14,15,4,5,24,17,20,20,14,19,16,4,14,5,8,24,12,21,19,3,8,11,16,7,10,25,11,4,11,9,18,7,23,1,11,19,4,2,8,10,24,26,25,4,17,19,4,12,11,12,26,14,19,13,26,1,12,25,15,13,22,6,14,6,2,26,15,4,9,22,26,23,13,23,15,4,1,23,5,15,1,8,26,1,25,26,4,2,19,1,11,19,2,19,21,20,17,8,6,1,3,19,19,7,4,1,15,14,26,5,20,1,5,22,3,3",5000,100
13,21,383429.9671908303,30.865426551613016,"9,7,2,3,19,17,12,11,8,8,6,10,1,2,21,9,23,18,18,5,24,24,20,16,20,10,5,14,13,16,4,25,25,26,22,15,12,26,26,20,22,23,21,21,21,4,15,6,6,7,18,10,25,7,14,14,6,12,24,14,15,4,5,24,17,20,20,14,19,16,4,14,5,8,24,12,21,19,3,8,11,16,7,10,25,11,4,11,9,18,7,23,1,11,19,4,2,8,10,24,26,25,4,17,19,4,12,11,12,26,14,19,13,26,1,12,25,15,13,22,6,14,6,2,26,15,4,9,22,26,23,13,23,15,4,1,23,5,15,1,8,26,1,25,26,4,2,19,1,11,19,2,19,21,20,17,8,6,1,3,19,19,7,4,1,15,14,26,5,20,1,5,22,3,3",5000,100
13,22,383429.9671908303,30.865426551613016,"9,7,2,3,19,17,12,11,8,8,6,10,1,2,21,9,23,18,18,5,24,24,20,16,20,10,5,14,13,16,4,25,25,26,22,15,12,26,26,20,22,23,21,21,21,4,15,6,6,7,18,10,25,7,14,14,6,12,24,14,15,4,5,24,17,20,20,14,19,16,4,14,5,8,24,12,21,19,3,8,11,16,7,10,25,11,4,11,9,18,7,23,1,11,19,4,2,8,10,24,26,25,4,17,19,4,12,11,12,26,14,19,13,26,1,12,25,15,13,22,6,14,6,2,26,15,4,9,22,26,23,13,23,15,4,1,23,5,15,1,8,26,1,25,26,4,2,19,1,11,19,2,19,21,20,17,8,6,1,3,19,19,7,4,1,15,14,26,5,20,1,5,22,3,3",5000,100
13,23,383429.9671908303,30.865426551613016,"9,7,2,3,19,17,12,11,8,8,6,10,1,2,21,9,23,18,18,5,24,24,20,16,20,10,5,14,13,16,4,25,25,26,22,15,12,26,26,20,22,23,21,21,21,4,15,6,6,7,18,10,25,7,14,14,6,12,24,14,15,4,5,24,17,20,20,14,19,16,4,14,5,8,24,12,21,19,3,8,11,16,7,10,25,11,4,11,9,18,7,23,1,11,19,4,2,8,10,24,26,25,4,17,19,4,12,11,12,26,14,19,13,26,1,12,25,15,13,22,6,14,6,2,26,15,4,9,22,26,23,13,23,15,4,1,23,5,15,1,8,26,1,25,26,4,2,19,1,11,19,2,19,21,20,17,8,6,1,3,19,19,7,4,1,15,14,26,5,20,1,5,22,3,3",5000,100
13,24,383429.9671908303,30.865426551613016,"9,7,2,3,19,17,12,11,8,8,6,10,1,2,21,9,23,18,18,5,24,24,20,16,20,10,5,14,13,16,4,25,25,26,22,15,12,26,26,20,22,23,21,21,21,4,15,6,6,7,18,10,25,7,14,14,6,12,24,14,15,4,5,24,17,20,20,14,19,16,4,14,5,8,24,12,21,19,3,8,11,16,7,10,25,11,4,11,9,18,7,23,1,11,19,4,2,8,10,24,26,25,4,17,19,4,12,11,12,26,14,19,13,26,1,12,25,15,13,22,6,14,6,2,26,15,4,9,22,26,23,13,23,15,4,1,23,5,15,1,8,26,1,25,26,4,2,19,1,11,19,2,19,21,20,17,8,6,1,3,19,19,7,4,1,15,14,26,5,20,1,5,22,3,3",5000,100
13,25,383429.9671908303,30.865426551613016,"9,7,2,3,19,17,12,11,8,8,6,10,1,2,21,9,23,18,18,5,24,24,20,16,20,10,5,14,13,16,4,25,25,26,22,15,12,26,26,20,22,23,21,21,21,4,15,6,6,7,18,10,25,7,14,14,6,12,24,14,15,4,5,24,17,20,20,14,19,16,4,14,5,8,24,12,21,19,3,8,11,16,7,10,25,11,4,11,9,18,7,23,1,11,19,4,2,8,10,24,26,25,4,17,19,4,12,11,12,26,14,19,13,26,1,12,25,15,13,22,6,14,6,2,26,15,4,9,22,26,23,13,23,15,4,1,23,5,15,1,8,26,1,25,26,4,2,19,1,11,19,2,19,21,20,17,8,6,1,3,19,19,7,4,1,15,14,26,5,20,1,5,22,3,3",5000,100
13,26,383429.9671908303,30.865426551613016,"9,7,2,3,19,17,12,11,8,8,6,10,1,2,21,9,23,18,18,5,24,24,20,16,20,10,5,14,13,16,4,25,25,26,22,15,12,26,26,20,22,23,21,21,21,4,15,6,6,7,18,10,25,7,14,14,6,12,24,14,15,4,5,24,17,20,20,14,19,16,4,14,5,8,24,12,21,19,3,8,11,16,7,10,25,11,4,11,9,18,7,23,1,11,19,4,2,8,10,24,26,25,4,17,19,4,12,11,12,26,14,19,13,26,1,12,25,15,13,22,6,14,6,2,26,15,4,9,22,26,23,13,23,15,4,1,23,5,15,1,8,26,1,25,26,4,2,19,1,11,19,2,19,21,20,17,8,6,1,3,19,19,7,4,1,15,14,26,5,20,1,5,22,3,3",5000,100
13,27,383429.9671908303,30.865426551613016,"9,7,2,3,19,17,12,11,8,8,6,10,1,2,21,9,23,18,18,5,24,24,20,16,20,10,5,14,13,16,4,25,25,26,22,15,12,26,26,20,22,23,21,21,21,4,15,6,6,7,18,10,25,7,14,14,6,12,24,14,15,4,5,24,17,20,20,14,19,16,4,14,5,8,24,12,21,19,3,8,11,16,7,10,25,11,4,11,9,18,7,23,1,11,19,4,2,8,10,24,26,25,4,17,19,4,12,11,12,26,14,19,13,26,1,12,25,15,13,22,6,14,6,2,26,15,4,9,22,26,23,13,23,15,4,1,23,5,15,1,8,26,1,25,26,4,2,19,1,11,19,2,19,21,20,17,8,6,1,3,19,19,7,4,1,15,14,26,5,20,1,5,22,3,3",5000,100
13,28,383429.9671908303,30.865426551613016,"9,7,2,3,19,17,12,11,8,8,6,10,1,2,21,9,23,18,18,5,24,24,20,16,20,10,5,14,13,16,4,25,25,26,22,15,12,26,26,20,22,23,21,21,21,4,15,6,6,7,18,10,25,7,14,14,6,12,24,14,15,4,5,24,17,20,20,14,19,16,4,14,5,8,24,12,21,19,3,8,11,16,7,10,25,11,4,11,9,18,7,23,1,11,19,4,2,8,10,24,26,25,4,17,19,4,12,11,12,26,14,19,13,26,1,12,25,15,13,22,6,14,6,2,26,15,4,9,22,26,23,13,23,15,4,1,23,5,15,1,8,26,1,25,26,4,2,19,1,11,19,2,19,21,20,17,8,6,1,3,19,19,7,4,1,15,14,26,5,20,1,5,22,3,3",5000,100
13,29,383429.9671908303,30.865426551613016,"9,7,2,3,19,17,12,11,8,8,6,10,1,2,21,9,23,18,18,5,24,24,20,16,20,10,5,14,13,16,4,25,25,26,22,15,12,26,26,20,22,23,21,21,21,4,15,6,6,7,18,10,25,7,14,14,6,12,24,14,15,4,5,24,17,20,20,14,19,16,4,14,5,8,24,12,21,19,3,8,11,16,7,10,25,11,4,11,9,18,7,23,1,11,19,4,2,8,10,24,26,25,4,17,19,4,12,11,12,26,14,19,13,26,1,12,25,15,13,22,6,14,6,2,26,15,4,9,22,26,23,13,23,15,4,1,23,5,15,1,8,26,1,25,26,4,2,19,1,11,19,2,19,21,20,17,8,6,1,3,19,19,7,4,1,15,14,26,5,20,1,5,22,3,3",5000,100
13,30,383429.9671908303,30.865426551613016,"9,7,2,3,19,17,12,11,8,8,6,10,1,2,21,9,23,18,18,5,24,24,20,16,20,10,5,14,13,16,4,25,25,26,22,15,12,26,26,20,22,23,21,21,21,4,15,6,6,7,18,10,25,7,14,14,6,12,24,14,15,4,5,24,17,20,20,14,19,16,4,14,5,8,24,12,21,19,3,8,11,16,7,10,25,11,4,11,9,18,7,23,1,11,19,4,2,8,10,24,26,25,4,17,19,4,12,11,12,26,14,19,13,26,1,12,25,15,13,22,6,14,6,2,26,15,4,9,22,26,23,13,23,15,4,1,23,5,15,1,8,26,1,25,26,4,2,19,1,11,19,2,19,21,20,17,8,6,1,3,19,19,7,4,1,15,14,26,5,20,1,5,22,3,3",5000,100
13,31,383429.9671908303,30.865426551613016,"9,7,2,3,19,17,12,11,8,8,6,10,1,2,21,9,23,18,18,5,24,24,20,16,20,10,5,14,13,16,4,25,25,26,22,15,12,26,26,20,22,23,21,21,21,4,15,6,6,7,18,10,25,7,14,14,6,12,24,14,15,4,5,24,17,20,20,14,19,16,4,14,5,8,24,12,21,19,3,8,11,16,7,10,25,11,4,11,9,18,7,23,1,11,19,4,2,8,10,24,26,25,4,17,19,4,12,11,12,26,14,19,13,26,1,12,25,15,13,22,6,14,6,2,26,15,4,9,22,26,23,13,23,15,4,1,23,5,15,1,8,26,1,25,26,4,2,19,1,11,19,2,19,21,20,17,8,6,1,3,19,19,7,4,1,15,14,26,5,20,1,5,22,3,3",5000,100
13,32,383429.9671908303,30.865426551613016,"9,7,2,3,19,17,12,11,8,8,6,10,1,2,21,9,23,18,18,5,24,24,20,16,20,10,5,14,13,16,4,25,25,26,22,15,12,26,26,20,22,23,21,21,21,4,15,6,6,7,18,10,25,7,14,14,6,12,24,14,15,4,5,24,17,20,20,14,19,16,4,14,5,8,24,12,21,19,3,8,11,16,7,10,25,11,4,11,9,18,7,23,1,11,19,4,2,8,10,24,26,25,4,17,19,4,12,11,12,26,14,19,13,26,1,12,25,15,13,22,6,14,6,2,26,15,4,9,22,26,23,13,23,15,4,1,23,5,15,1,8,26,1,25,26,4,2,19,1,11,19,2,19,21,20,17,8,6,1,3,19,19,7,4,1,15,14,26,5,20,1,5,22,3,3",5000,100
13,33,383429.9671908303,30.865426551613016,"9,7,2,3,19,17,12,11,8,8,6,10,1,2,21,9,23,18,18,5,24,24,20,16,20,10,5,14,13,16,4,25,25,26,22,15,12,26,26,20,22,23,21,21,21,4,15,6,6,7,18,10,25,7,14,14,6,12,24,14,15,4,5,24,17,20,20,14,19,16,4,14,5,8,24,12,21,19,3,8,11,16,7,10,25,11,4,11,9,18,7,23,1,11,19,4,2,8,10,24,26,25,4,17,19,4,12,11,12,26,14,19,13,26,1,12,25,15,13,22,6,14,6,2,26,15,4,9,22,26,23,13,23,15,4,1,23,5,15,1,8,26,1,25,26,4,2,19,1,11,19,2,19,21,20,17,8,6,1,3,19,19,7,4,1,15,14,26,5,20,1,5,22,3,3",5000,100
13,34,383429.9671908303,30.865426551613016,"9,7,2,3,19,17,12,11,8,8,6,10,1,2,21,9,23,18,18,5,24,24,20,16,20,10,5,14,13,16,4,25,25,26,22,15,12,26,26,20,22,23,21,21,21,4,15,6,6,7,18,10,25,7,14,14,6,12,24,14,15,4,5,24,17,20,20,14,19,16,4,14,5,8,24,12,21,19,3,8,11,16,7,10,25,11,4,11,9,18,7,23,1,11,19,4,2,8,10,24,26,25,4,17,19,4,12,11,12,26,14,19,13,26,1,12,25,15,13,22,6,14,6,2,26,15,4,9,22,26,23,13,23,15,4,1,23,5,15,1,8,26,1,25,26,4,2,19,1,11,19,2,19,21,20,17,8,6,1,3,19,19,7,4,1,15,14,26,5,20,1,5,22,3,3",5000,100
13,35,383429.9671908303,30.865426551613016,"9,7,2,3,19,17,12,11,8,8,6,10,1,2,21,9,23,18,18,5,24,24,20,16,20,10,5,14,13,16,4,25,25,26,22,15,12,26,26,20,22,23,21,21,21,4,15,6,6,7,18,10,25,7,14,14,6,12,24,14,15,4,5,24,17,20,20,14,19,16,4,14,5,8,24,12,21,19,3,8,11,16,7,10,25,11,4,11,9,18,7,23,1,11,19,4,2,8,10,24,26,25,4,17,19,4,12,11,12,26,14,19,13,26,1,12,25,15,13,22,6,14,6,2,26,15,4,9,22,26,23,13,23,15,4,1,23,5,15,1,8,26,1,25,26,4,2,19,1,11,19,2,19,21,20,17,8,6,1,3,19,19,7,4,1,15,14,26,5,20,1,5,22,3,3",5000,100
13,36,383429.9671908303,30.865426551613016,"9,7,2,3,19,17,12,11,8,8,6,10,1,2,21,9,23,18,18,5,24,24,20,16,20,10,5,14,13,16,4,25,25,26,22,15,12,26,26,20,22,23,21,21,21,4,15,6,6,7,18,10,25,7,14,14,6,12,24,14,15,4,5,24,17,20,20,14,19,16,4,14,5,8,24,12,21,19,3,8,11,16,7,10,25,11,4,11,9,18,7,23,1,11,19,4,2,8,10,24,26,25,4,17,19,4,12,11,12,26,14,19,13,26,1,12,25,15,13,22,6,14,6,2,26,15,4,9,22,26,23,13,23,15,4,1,23,5,15,1,8,26,1,25,26,4,2,19,1,11,19,2,19,21,20,17,8,6,1,3,19,19,7,4,1,15,14,26,5,20,1,5,22,3,3",5000,100
13,37,383429.9671908303,30.865426551613016,"9,7,2,3,19,17,12,11,8,8,6,10,1,2,21,9,23,18,18,5,24,24,20,16,20,10,5,14,13,16,4,25,25,26,22,15,12,26,26,20,22,23,21,21,21,4,15,6,6,7,18,10,25,7,14,14,6,12,24,14,15,4,5,24,17,20,20,14,19,16,4,14,5,8,24,12,21,19,3,8,11,16,7,10,25,11,4,11,9,18,7,23,1,11,19,4,2,8,10,24,26,25,4,17,19,4,12,11,12,26,14,19,13,26,1,12,25,15,13,22,6,14,6,2,26,15,4,9,22,26,23,13,23,15,4,1,23,5,15,1,8,26,1,25,26,4,2,19,1,11,19,2,19,21,20,17,8,6,1,3,19,19,7,4,1,15,14,26,5,20,1,5,22,3,3",5000,100
13,38,383429.9671908303,30.865426551613016,"9,7,2,3,19,17,12,11,8,8,6,10,1,2,21,9,23,18,18,5,24,24,20,16,20,10,5,14,13,16,4,25,25,26,22,15,12,26,26,20,22,23,21,21,21,4,15,6,6,7,18,10,25,7,14,14,6,12,24,14,15,4,5,24,17,20,20,14,19,16,4,14,5,8,24,12,21,19,3,8,11,16,7,10,25,11,4,11,9,18,7,23,1,11,19,4,2,8,10,24,26,25,4,17,19,4,12,11,12,26,14,19,13,26,1,12,25,15,13,22,6,14,6,2,26,15,4,9,22,26,23,13,23,15,4,1,23,5,15,1,8,26,1,25,26,4,2,19,1,11,19,2,19,21,20,17,8,6,1,3,19,19,7,4,1,15,14,26,5,20,1,5,22,3,3",5000,100
13,39,383429.9671908303,30.865426551613016,"9,7,2,3,19,17,12,11,8,8,6,10,1,2,21,9,23,18,18,5,24,24,20,16,20,10,5,14,13,16,4,25,25,26,22,15,12,26,26,20,22,23,21,21,21,4,15,6,6,7,18,10,25,7,14,14,6,12,24,14,15,4,5,24,17,20,20,14,19,16,4,14,5,8,24,12,21,19,3,8,11,16,7,10,25,11,4,11,9,18,7,23,1,11,19,4,2,8,10,24,26,25,4,17,19,4,12,11,12,26,14,19,13,26,1,12,25,15,13,22,6,14,6,2,26,15,4,9,22,26,23,13,23,15,4,1,23,5,15,1,8,26,1,25,26,4,2,19,1,11,19,2,19,21,20,17,8,6,1,3,19,19,7,4,1,15,14,26,5,20,1,5,22,3,3",5000,100
13,40,383429.9671908303,30.865426551613016,"9,7,2,3,19,17,12,11,8,8,6,10,1,2,21,9,23,18,18,5,24,24,20,16,20,10,5,14,13,16,4,25,25,26,22,15,12,26,26,20,22,23,21,21,21,4,15,6,6,7,18,10,25,7,14,14,6,12,24,14,15,4,5,24,17,20,20,14,19,16,4,14,5,8,24,12,21,19,3,8,11,16,7,10,25,11,4,11,9,18,7,23,1,11,19,4,2,8,10,24,26,25,4,17,19,4,12,11,12,26,14,19,13,26,1,12,25,15,13,22,6,14,6,2,26,15,4,9,22,26,23,13,23,15,4,1,23,5,15,1,8,26,1,25,26,4,2,19,1,11,19,2,19,21,20,17,8,6,1,3,19,19,7,4,1,15,14,26,5,20,1,5,22,3,3",5000,100
13,41,383429.9671908303,30.865426551613016,"9,7,2,3,19,17,12,11,8,8,6,10,1,2,21,9,23,18,18,5,24,24,20,16,20,10,5,14,13,16,4,25,25,26,22,15,12,26,26,20,22,23,21,21,21,4,15,6,6,7,18,10,25,7,14,14,6,12,24,14,15,4,5,24,17,20,20,14,19,16,4,14,5,8,24,12,21,19,3,8,11,16,7,10,25,11,4,11,9,18,7,23,1,11,19,4,2,8,10,24,26,25,4,17,19,4,12,11,12,26,14,19,13,26,1,12,25,15,13,22,6,14,6,2,26,15,4,9,22,26,23,13,23,15,4,1,23,5,15,1,8,26,1,25,26,4,2,19,1,11,19,2,19,21,20,17,8,6,1,3,19,19,7,4,1,15,14,26,5,20,1,5,22,3,3",5000,100
13,42,383429.9671908303,30.865426551613016,"9,7,2,3,19,17,12,11,8,8,6,10,1,2,21,9,23,18,18,5,24,24,20,16,20,10,5,14,13,16,4,25,25,26,22,15,12,26,26,20,22,23,21,21,21,4,15,6,6,7,18,10,25,7,14,14,6,12,24,14,15,4,5,24,17,20,20,14,19,16,4,14,5,8,24,12,21,19,3,8,11,16,7,10,25,11,4,11,9,18,7,23,1,11,19,4,2,8,10,24,26,25,4,17,19,4,12,11,12,26,14,19,13,26,1,12,25,15,13,22,6,14,6,2,26,15,4,9,22,26,23,13,23,15,4,1,23,5,15,1,8,26,1,25,26,4,2,19,1,11,19,2,19,21,20,17,8,6,1,3,19,19,7,4,1,15,14,26,5,20,1,5,22,3,3",5000,100
13,43,383429.9671908303,30.865426551613016,"9,7,2,3,19,17,12,11,8,8,6,10,1,2,21,9,23,18,18,5,24,24,20,16,20,10,5,14,13,16,4,25,25,26,22,15,12,26,26,20,22,23,21,21,21,4,15,6,6,7,18,10,25,7,14,14,6,12,24,14,15,4,5,24,17,20,20,14,19,16,4,14,5,8,24,12,21,19,3,8,11,16,7,10,25,11,4,11,9,18,7,23,1,11,19,4,2,8,10,24,26,25,4,17,19,4,12,11,12,26,14,19,13,26,1,12,25,15,13,22,6,14,6,2,26,15,4,9,22,26,23,13,23,15,4,1,23,5,15,1,8,26,1,25,26,4,2,19,1,11,19,2,19,21,20,17,8,6,1,3,19,19,7,4,1,15,14,26,5,20,1,5,22,3,3",5000,100
13,44,383429.9671908303,30.865426551613016,"9,7,2,3,19,17,12,11,8,8,6,10,1,2,21,9,23,18,18,5,24,24,20,16,20,10,5,14,13,16,4,25,25,26,22,15,12,26,26,20,22,23,21,21,21,4,15,6,6,7,18,10,25,7,14,14,6,12,24,14,15,4,5,24,17,20,20,14,19,16,4,14,5,8,24,12,21,19,3,8,11,16,7,10,25,11,4,11,9,18,7,23,1,11,19,4,2,8,10,24,26,25,4,17,19,4,12,11,12,26,14,19,13,26,1,12,25,15,13,22,6,14,6,2,26,15,4,9,22,26,23,13,23,15,4,1,23,5,15,1,8,26,1,25,26,4,2,19,1,11,19,2,19,21,20,17,8,6,1,3,19,19,7,4,1,15,14,26,5,20,1,5,22,3,3",5000,100
13,45,383429.9671908303,30.865426551613016,"9,7,2,3,19,17,12,11,8,8,6,10,1,2,21,9,23,18,18,5,24,24,20,16,20,10,5,14,13,16,4,25,25,26,22,15,12,26,26,20,22,23,21,21,21,4,15,6,6,7,18,10,25,7,14,14,6,12,24,14,15,4,5,24,17,20,20,14,19,16,4,14,5,8,24,12,21,19,3,8,11,16,7,10,25,11,4,11,9,18,7,23,1,11,19,4,2,8,10,24,26,25,4,17,19,4,12,11,12,26,14,19,13,26,1,12,25,15,13,22,6,14,6,2,26,15,4,9,22,26,23,13,23,15,4,1,23,5,15,1,8,26,1,25,26,4,2,19,1,11,19,2,19,21,20,17,8,6,1,3,19,19,7,4,1,15,14,26,5,20,1,5,22,3,3",5000,100
13,46,383429.9671908303,30.865426551613016,"9,7,2,3,19,17,12,11,8,8,6,10,1,2,21,9,23,18,18,5,24,24,20,16,20,10,5,14,13,16,4,25,25,26,22,15,12,26,26,20,22,23,21,21,21,4,15,6,6,7,18,10,25,7,14,14,6,12,24,14,15,4,5,24,17,20,20,14,19,16,4,14,5,8,24,12,21,19,3,8,11,16,7,10,25,11,4,11,9,18,7,23,1,11,19,4,2,8,10,24,26,25,4,17,19,4,12,11,12,26,14,19,13,26,1,12,25,15,13,22,6,14,6,2,26,15,4,9,22,26,23,13,23,15,4,1,23,5,15,1,8,26,1,25,26,4,2,19,1,11,19,2,19,21,20,17,8,6,1,3,19,19,7,4,1,15,14,26,5,20,1,5,22,3,3",5000,100
13,47,383429.9671908303,30.865426551613016,"9,7,2,3,19,17,12,11,8,8,6,10,1,2,21,9,23,18,18,5,24,24,20,16,20,10,5,14,13,16,4,25,25,26,22,15,12,26,26,20,22,23,21,21,21,4,15,6,6,7,18,10,25,7,14,14,6,12,24,14,15,4,5,24,17,20,20,14,19,16,4,14,5,8,24,12,21,19,3,8,11,16,7,10,25,11,4,11,9,18,7,23,1,11,19,4,2,8,10,24,26,25,4,17,19,4,12,11,12,26,14,19,13,26,1,12,25,15,13,22,6,14,6,2,26,15,4,9,22,26,23,13,23,15,4,1,23,5,15,1,8,26,1,25,26,4,2,19,1,11,19,2,19,21,20,17,8,6,1,3,19,19,7,4,1,15,14,26,5,20,1,5,22,3,3",5000,100
13,48,383429.9671908303,30.865426551613016,"9,7,2,3,19,17,12,11,8,8,6,10,1,2,21,9,23,18,18,5,24,24,20,16,20,10,5,14,13,16,4,25,25,26,22,15,12,26,26,20,22,23,21,21,21,4,15,6,6,7,18,10,25,7,14,14,6,12,24,14,15,4,5,24,17,20,20,14,19,16,4,14,5,8,24,12,21,19,3,8,11,16,7,10,25,11,4,11,9,18,7,23,1,11,19,4,2,8,10,24,26,25,4,17,19,4,12,11,12,26,14,19,13,26,1,12,25,15,13,22,6,14,6,2,26,15,4,9,22,26,23,13,23,15,4,1,23,5,15,1,8,26,1,25,26,4,2,19,1,11,19,2,19,21,20,17,8,6,1,3,19,19,7,4,1,15,14,26,5,20,1,5,22,3,3",5000,100
13,49,383429.9671908303,30.865426551613016,"9,7,2,3,19,17,12,11,8,8,6,10,1,2,21,9,23,18,18,5,24,24,20,16,20,10,5,14,13,16,4,25,25,26,22,15,12,26,26,20,22,23,21,21,21,4,15,6,6,7,18,10,25,7,14,14,6,12,24,14,15,4,5,24,17,20,20,14,19,16,4,14,5,8,24,12,21,19,3,8,11,16,7,10,25,11,4,11,9,18,7,23,1,11,19,4,2,8,10,24,26,25,4,17,19,4,12,11,12,26,14,19,13,26,1,12,25,15,13,22,6,14,6,2,26,15,4,9,22,26,23,13,23,15,4,1,23,5,15,1,8,26,1,25,26,4,2,19,1,11,19,2,19,21,20,17,8,6,1,3,19,19,7,4,1,15,14,26,5,20,1,5,22,3,3",5000,100
13,50,383429.9671908303,30.865426551613016,"9,7,2,3,19,17,12,11,8,8,6,10,1,2,21,9,23,18,18,5,24,24,20,16,20,10,5,14,13,16,4,25,25,26,22,15,12,26,26,20,22,23,21,21,21,4,15,6,6,7,18,10,25,7,14,14,6,12,24,14,15,4,5,24,17,20,20,14,19,16,4,14,5,8,24,12,21,19,3,8,11,16,7,10,25,11,4,11,9,18,7,23,1,11,19,4,2,8,10,24,26,25,4,17,19,4,12,11,12,26,14,19,13,26,1,12,25,15,13,22,6,14,6,2,26,15,4,9,22,26,23,13,23,15,4,1,23,5,15,1,8,26,1,25,26,4,2,19,1,11,19,2,19,21,20,17,8,6,1,3,19,19,7,4,1,15,14,26,5,20,1,5,22,3,3",5000,100
13,51,383429.9671908303,30.865426551613016,"9,7,2,3,19,17,12,11,8,8,6,10,1,2,21,9,23,18,18,5,24,24,20,16,20,10,5,14,13,16,4,25,25,26,22,15,12,26,26,20,22,23,21,21,21,4,15,6,6,7,18,10,25,7,14,14,6,12,24,14,15,4,5,24,17,20,20,14,19,16,4,14,5,8,24,12,21,19,3,8,11,16,7,10,25,11,4,11,9,18,7,23,1,11,19,4,2,8,10,24,26,25,4,17,19,4,12,11,12,26,14,19,13,26,1,12,25,15,13,22,6,14,6,2,26,15,4,9,22,26,23,13,23,15,4,1,23,5,15,1,8,26,1,25,26,4,2,19,1,11,19,2,19,21,20,17,8,6,1,3,19,19,7,4,1,15,14,26,5,20,1,5,22,3,3",5000,100
13,52,383429.9671908303,30.865426551613016,"9,7,2,3,19,17,12,11,8,8,6,10,1,2,21,9,23,18,18,5,24,24,20,16,20,10,5,14,13,16,4,25,25,26,22,15,12,26,26,20,22,23,21,21,21,4,15,6,6,7,18,10,25,7,14,14,6,12,24,14,15,4,5,24,17,20,20,14,19,16,4,14,5,8,24,12,21,19,3,8,11,16,7,10,25,11,4,11,9,18,7,23,1,11,19,4,2,8,10,24,26,25,4,17,19,4,12,11,12,26,14,19,13,26,1,12,25,15,13,22,6,14,6,2,26,15,4,9,22,26,23,13,23,15,4,1,23,5,15,1,8,26,1,25,26,4,2,19,1,11,19,2,19,21,20,17,8,6,1,3,19,19,7,4,1,15,14,26,5,20,1,5,22,3,3",5000,100
13,53,383429.9671908303,30.865426551613016,"9,7,2,3,19,17,12,11,8,8,6,10,1,2,21,9,23,18,18,5,24,24,20,16,20,10,5,14,13,16,4,25,25,26,22,15,12,26,26,20,22,23,21,21,21,4,15,6,6,7,18,10,25,7,14,14,6,12,24,14,15,4,5,24,17,20,20,14,19,16,4,14,5,8,24,12,21,19,3,8,11,16,7,10,25,11,4,11,9,18,7,23,1,11,19,4,2,8,10,24,26,25,4,17,19,4,12,11,12,26,14,19,13,26,1,12,25,15,13,22,6,14,6,2,26,15,4,9,22,26,23,13,23,15,4,1,23,5,15,1,8,26,1,25,26,4,2,19,1,11,19,2,19,21,20,17,8,6,1,3,19,19,7,4,1,15,14,26,5,20,1,5,22,3,3",5000,100
13,54,383429.9671908303,30.865426551613016,"9,7,2,3,19,17,12,11,8,8,6,10,1,2,21,9,23,18,18,5,24,24,20,16,20,10,5,14,13,16,4,25,25,26,22,15,12,26,26,20,22,23,21,21,21,4,15,6,6,7,18,10,25,7,14,14,6,12,24,14,15,4,5,24,17,20,20,14,19,16,4,14,5,8,24,12,21,19,3,8,11,16,7,10,25,11,4,11,9,18,7,23,1,11,19,4,2,8,10,24,26,25,4,17,19,4,12,11,12,26,14,19,13,26,1,12,25,15,13,22,6,14,6,2,26,15,4,9,22,26,23,13,23,15,4,1,23,5,15,1,8,26,1,25,26,4,2,19,1,11,19,2,19,21,20,17,8,6,1,3,19,19,7,4,1,15,14,26,5,20,1,5,22,3,3",5000,100
13,55,383429.9671908303,30.865426551613016,"9,7,2,3,19,17,12,11,8,8,6,10,1,2,21,9,23,18,18,5,24,24,20,16,20,10,5,14,13,16,4,25,25,26,22,15,12,26,26,20,22,23,21,21,21,4,15,6,6,7,18,10,25,7,14,14,6,12,24,14,15,4,5,24,17,20,20,14,19,16,4,14,5,8,24,12,21,19,3,8,11,16,7,10,25,11,4,11,9,18,7,23,1,11,19,4,2,8,10,24,26,25,4,17,19,4,12,11,12,26,14,19,13,26,1,12,25,15,13,22,6,14,6,2,26,15,4,9,22,26,23,13,23,15,4,1,23,5,15,1,8,26,1,25,26,4,2,19,1,11,19,2,19,21,20,17,8,6,1,3,19,19,7,4,1,15,14,26,5,20,1,5,22,3,3",5000,100
13,56,383429.9671908303,30.865426551613016,"9,7,2,3,19,17,12,11,8,8,6,10,1,2,21,9,23,18,18,5,24,24,20,16,20,10,5,14,13,16,4,25,25,26,22,15,12,26,26,20,22,23,21,21,21,4,15,6,6,7,18,10,25,7,14,14,6,12,24,14,15,4,5,24,17,20,20,14,19,16,4,14,5,8,24,12,21,19,3,8,11,16,7,10,25,11,4,11,9,18,7,23,1,11,19,4,2,8,10,24,26,25,4,17,19,4,12,11,12,26,14,19,13,26,1,12,25,15,13,22,6,14,6,2,26,15,4,9,22,26,23,13,23,15,4,1,23,5,15,1,8,26,1,25,26,4,2,19,1,11,19,2,19,21,20,17,8,6,1,3,19,19,7,4,1,15,14,26,5,20,1,5,22,3,3",5000,100
13,57,383429.9671908303,30.865426551613016,"9,7,2,3,19,17,12,11,8,8,6,10,1,2,21,9,23,18,18,5,24,24,20,16,20,10,5,14,13,16,4,25,25,26,22,15,12,26,26,20,22,23,21,21,21,4,15,6,6,7,18,10,25,7,14,14,6,12,24,14,15,4,5,24,17,20,20,14,19,16,4,14,5,8,24,12,21,19,3,8,11,16,7,10,25,11,4,11,9,18,7,23,1,11,19,4,2,8,10,24,26,25,4,17,19,4,12,11,12,26,14,19,13,26,1,12,25,15,13,22,6,14,6,2,26,15,4,9,22,26,23,13,23,15,4,1,23,5,15,1,8,26,1,25,26,4,2,19,1,11,19,2,19,21,20,17,8,6,1,3,19,19,7,4,1,15,14,26,5,20,1,5,22,3,3",5000,100
13,58,383429.9671908303,30.865426551613016,"9,7,2,3,19,17,12,11,8,8,6,10,1,2,21,9,23,18,18,5,24,24,20,16,20,10,5,14,13,16,4,25,25,26,22,15,12,26,26,20,22,23,21,21,21,4,15,6,6,7,18,10,25,7,14,14,6,12,24,14,15,4,5,24,17,20,20,14,19,16,4,14,5,8,24,12,21,19,3,8,11,16,7,10,25,11,4,11,9,18,7,23,1,11,19,4,2,8,10,24,26,25,4,17,19,4,12,11,12,26,14,19,13,26,1,12,25,15,13,22,6,14,6,2,26,15,4,9,22,26,23,13,23,15,4,1,23,5,15,1,8,26,1,25,26,4,2,19,1,11,19,2,19,21,20,17,8,6,1,3,19,19,7,4,1,15,14,26,5,20,1,5,22,3,3",5000,100
13,59,383429.9671908303,30.865426551613016,"9,7,2,3,19,17,12,11,8,8,6,10,1,2,21,9,23,18,18,5,24,24,20,16,20,10,5,14,13,16,4,25,25,26,22,15,12,26,26,20,22,23,21,21,21,4,15,6,6,7,18,10,25,7,14,14,6,12,24,14,15,4,5,24,17,20,20,14,19,16,4,14,5,8,24,12,21,19,3,8,11,16,7,10,25,11,4,11,9,18,7,23,1,11,19,4,2,8,10,24,26,25,4,17,19,4,12,11,12,26,14,19,13,26,1,12,25,15,13,22,6,14,6,2,26,15,4,9,22,26,23,13,23,15,4,1,23,5,15,1,8,26,1,25,26,4,2,19,1,11,19,2,19,21,20,17,8,6,1,3,19,19,7,4,1,15,14,26,5,20,1,5,22,3,3",5000,100
13,60,383429.9671908303,30.865426551613016,"9,7,2,3,19,17,12,11,8,8,6,10,1,2,21,9,23,18,18,5,24,24,20,16,20,10,5,14,13,16,4,25,25,26,22,15,12,26,26,20,22,23,21,21,21,4,15,6,6,7,18,10,25,7,14,14,6,12,24,14,15,4,5,24,17,20,20,14,19,16,4,14,5,8,24,12,21,19,3,8,11,16,7,10,25,11,4,11,9,18,7,23,1,11,19,4,2,8,10,24,26,25,4,17,19,4,12,11,12,26,14,19,13,26,1,12,25,15,13,22,6,14,6,2,26,15,4,9,22,26,23,13,23,15,4,1,23,5,15,1,8,26,1,25,26,4,2,19,1,11,19,2,19,21,20,17,8,6,1,3,19,19,7,4,1,15,14,26,5,20,1,5,22,3,3",5000,100
13,61,383429.9671908303,30.865426551613016,"9,7,2,3,19,17,12,11,8,8,6,10,1,2,21,9,23,18,18,5,24,24,20,16,20,10,5,14,13,16,4,25,25,26,22,15,12,26,26,20,22,23,21,21,21,4,15,6,6,7,18,10,25,7,14,14,6,12,24,14,15,4,5,24,17,20,20,14,19,16,4,14,5,8,24,12,21,19,3,8,11,16,7,10,25,11,4,11,9,18,7,23,1,11,19,4,2,8,10,24,26,25,4,17,19,4,12,11,12,26,14,19,13,26,1,12,25,15,13,22,6,14,6,2,26,15,4,9,22,26,23,13,23,15,4,1,23,5,15,1,8,26,1,25,26,4,2,19,1,11,19,2,19,21,20,17,8,6,1,3,19,19,7,4,1,15,14,26,5,20,1,5,22,3,3",5000,100
13,62,383429.9671908303,30.865426551613016,"9,7,2,3,19,17,12,11,8,8,6,10,1,2,21,9,23,18,18,5,24,24,20,16,20,10,5,14,13,16,4,25,25,26,22,15,12,26,26,20,22,23,21,21,21,4,15,6,6,7,18,10,25,7,14,14,6,12,24,14,15,4,5,24,17,20,20,14,19,16,4,14,5,8,24,12,21,19,3,8,11,16,7,10,25,11,4,11,9,18,7,23,1,11,19,4,2,8,10,24,26,25,4,17,19,4,12,11,12,26,14,19,13,26,1,12,25,15,13,22,6,14,6,2,26,15,4,9,22,26,23,13,23,15,4,1,23,5,15,1,8,26,1,25,26,4,2,19,1,11,19,2,19,21,20,17,8,6,1,3,19,19,7,4,1,15,14,26,5,20,1,5,22,3,3",5000,100
13,63,383429.9671908303,30.865426551613016,"9,7,2,3,19,17,12,11,8,8,6,10,1,2,21,9,23,18,18,5,24,24,20,16,20,10,5,14,13,16,4,25,25,26,22,15,12,26,26,20,22,23,21,21,21,4,15,6,6,7,18,10,25,7,14,14,6,12,24,14,15,4,5,24,17,20,20,14,19,16,4,14,5,8,24,12,21,19,3,8,11,16,7,10,25,11,4,11,9,18,7,23,1,11,19,4,2,8,10,24,26,25,4,17,19,4,12,11,12,26,14,19,13,26,1,12,25,15,13,22,6,14,6,2,26,15,4,9,22,26,23,13,23,15,4,1,23,5,15,1,8,26,1,25,26,4,2,19,1,11,19,2,19,21,20,17,8,6,1,3,19,19,7,4,1,15,14,26,5,20,1,5,22,3,3",5000,100
13,64,383429.9671908303,30.865426551613016,"9,7,2,3,19,17,12,11,8,8,6,10,1,2,21,9,23,18,18,5,24,24,20,16,20,10,5,14,13,16,4,25,25,26,22,15,12,26,26,20,22,23,21,21,21,4,15,6,6,7,18,10,25,7,14,14,6,12,24,14,15,4,5,24,17,20,20,14,19,16,4,14,5,8,24,12,21,19,3,8,11,16,7,10,25,11,4,11,9,18,7,23,1,11,19,4,2,8,10,24,26,25,4,17,19,4,12,11,12,26,14,19,13,26,1,12,25,15,13,22,6,14,6,2,26,15,4,9,22,26,23,13,23,15,4,1,23,5,15,1,8,26,1,25,26,4,2,19,1,11,19,2,19,21,20,17,8,6,1,3,19,19,7,4,1,15,14,26,5,20,1,5,22,3,3",5000,100
13,65,383429.9671908303,30.865426551613016,"9,7,2,3,19,17,12,11,8,8,6,10,1,2,21,9,23,18,18,5,24,24,20,16,20,10,5,14,13,16,4,25,25,26,22,15,12,26,26,20,22,23,21,21,21,4,15,6,6,7,18,10,25,7,14,14,6,12,24,14,15,4,5,24,17,20,20,14,19,16,4,14,5,8,24,12,21,19,3,8,11,16,7,10,25,11,4,11,9,18,7,23,1,11,19,4,2,8,10,24,26,25,4,17,19,4,12,11,12,26,14,19,13,26,1,12,25,15,13,22,6,14,6,2,26,15,4,9,22,26,23,13,23,15,4,1,23,5,15,1,8,26,1,25,26,4,2,19,1,11,19,2,19,21,20,17,8,6,1,3,19,19,7,4,1,15,14,26,5,20,1,5,22,3,3",5000,100
13,66,383429.9671908303,30.865426551613016,"9,7,2,3,19,17,12,11,8,8,6,10,1,2,21,9,23,18,18,5,24,24,20,16,20,10,5,14,13,16,4,25,25,26,22,15,12,26,26,20,22,23,21,21,21,4,15,6,6,7,18,10,25,7,14,14,6,12,24,14,15,4,5,24,17,20,20,14,19,16,4,14,5,8,24,12,21,19,3,8,11,16,7,10,25,11,4,11,9,18,7,23,1,11,19,4,2,8,10,24,26,25,4,17,19,4,12,11,12,26,14,19,13,26,1,12,25,15,13,22,6,14,6,2,26,15,4,9,22,26,23,13,23,15,4,1,23,5,15,1,8,26,1,25,26,4,2,19,1,11,19,2,19,21,20,17,8,6,1,3,19,19,7,4,1,15,14,26,5,20,1,5,22,3,3",5000,100
13,67,383429.9671908303,30.865426551613016,"9,7,2,3,19,17,12,11,8,8,6,10,1,2,21,9,23,18,18,5,24,24,20,16,20,10,5,14,13,16,4,25,25,26,22,15,12,26,26,20,22,23,21,21,21,4,15,6,6,7,18,10,25,7,14,14,6,12,24,14,15,4,5,24,17,20,20,14,19,16,4,14,5,8,24,12,21,19,3,8,11,16,7,10,25,11,4,11,9,18,7,23,1,11,19,4,2,8,10,24,26,25,4,17,19,4,12,11,12,26,14,19,13,26,1,12,25,15,13,22,6,14,6,2,26,15,4,9,22,26,23,13,23,15,4,1,23,5,15,1,8,26,1,25,26,4,2,19,1,11,19,2,19,21,20,17,8,6,1,3,19,19,7,4,1,15,14,26,5,20,1,5,22,3,3",5000,100
13,68,383429.9671908303,30.865426551613016,"9,7,2,3,19,17,12,11,8,8,6,10,1,2,21,9,23,18,18,5,24,24,20,16,20,10,5,14,13,16,4,25,25,26,22,15,12,26,26,20,22,23,21,21,21,4,15,6,6,7,18,10,25,7,14,14,6,12,24,14,15,4,5,24,17,20,20,14,19,16,4,14,5,8,24,12,21,19,3,8,11,16,7,10,25,11,4,11,9,18,7,23,1,11,19,4,2,8,10,24,26,25,4,17,19,4,12,11,12,26,14,19,13,26,1,12,25,15,13,22,6,14,6,2,26,15,4,9,22,26,23,13,23,15,4,1,23,5,15,1,8,26,1,25,26,4,2,19,1,11,19,2,19,21,20,17,8,6,1,3,19,19,7,4,1,15,14,26,5,20,1,5,22,3,3",5000,100
13,69,383429.9671908303,30.865426551613016,"9,7,2,3,19,17,12,11,8,8,6,10,1,2,21,9,23,18,18,5,24,24,20,16,20,10,5,14,13,16,4,25,25,26,22,15,12,26,26,20,22,23,21,21,21,4,15,6,6,7,18,10,25,7,14,14,6,12,24,14,15,4,5,24,17,20,20,14,19,16,4,14,5,8,24,12,21,19,3,8,11,16,7,10,25,11,4,11,9,18,7,23,1,11,19,4,2,8,10,24,26,25,4,17,19,4,12,11,12,26,14,19,13,26,1,12,25,15,13,22,6,14,6,2,26,15,4,9,22,26,23,13,23,15,4,1,23,5,15,1,8,26,1,25,26,4,2,19,1,11,19,2,19,21,20,17,8,6,1,3,19,19,7,4,1,15,14,26,5,20,1,5,22,3,3",5000,100
13,70,383429.9671908303,30.865426551613016,"9,7,2,3,19,17,12,11,8,8,6,10,1,2,21,9,23,18,18,5,24,24,20,16,20,10,5,14,13,16,4,25,25,26,22,15,12,26,26,20,22,23,21,21,21,4,15,6,6,7,18,10,25,7,14,14,6,12,24,14,15,4,5,24,17,20,20,14,19,16,4,14,5,8,24,12,21,19,3,8,11,16,7,10,25,11,4,11,9,18,7,23,1,11,19,4,2,8,10,24,26,25,4,17,19,4,12,11,12,26,14,19,13,26,1,12,25,15,13,22,6,14,6,2,26,15,4,9,22,26,23,13,23,15,4,1,23,5,15,1,8,26,1,25,26,4,2,19,1,11,19,2,19,21,20,17,8,6,1,3,19,19,7,4,1,15,14,26,5,20,1,5,22,3,3",5000,100
13,71,383429.9671908303,30.865426551613016,"9,7,2,3,19,17,12,11,8,8,6,10,1,2,21,9,23,18,18,5,24,24,20,16,20,10,5,14,13,16,4,25,25,26,22,15,12,26,26,20,22,23,21,21,21,4,15,6,6,7,18,10,25,7,14,14,6,12,24,14,15,4,5,24,17,20,20,14,19,16,4,14,5,8,24,12,21,19,3,8,11,16,7,10,25,11,4,11,9,18,7,23,1,11,19,4,2,8,10,24,26,25,4,17,19,4,12,11,12,26,14,19,13,26,1,12,25,15,13,22,6,14,6,2,26,15,4,9,22,26,23,13,23,15,4,1,23,5,15,1,8,26,1,25,26,4,2,19,1,11,19,2,19,21,20,17,8,6,1,3,19,19,7,4,1,15,14,26,5,20,1,5,22,3,3",5000,100
13,72,383429.9671908303,30.865426551613016,"9,7,2,3,19,17,12,11,8,8,6,10,1,2,21,9,23,18,18,5,24,24,20,16,20,10,5,14,13,16,4,25,25,26,22,15,12,26,26,20,22,23,21,21,21,4,15,6,6,7,18,10,25,7,14,14,6,12,24,14,15,4,5,24,17,20,20,14,19,16,4,14,5,8,24,12,21,19,3,8,11,16,7,10,25,11,4,11,9,18,7,23,1,11,19,4,2,8,10,24,26,25,4,17,19,4,12,11,12,26,14,19,13,26,1,12,25,15,13,22,6,14,6,2,26,15,4,9,22,26,23,13,23,15,4,1,23,5,15,1,8,26,1,25,26,4,2,19,1,11,19,2,19,21,20,17,8,6,1,3,19,19,7,4,1,15,14,26,5,20,1,5,22,3,3",5000,100
13,73,383429.9671908303,30.865426551613016,"9,7,2,3,19,17,12,11,8,8,6,10,1,2,21,9,23,18,18,5,24,24,20,16,20,10,5,14,13,16,4,25,25,26,22,15,12,26,26,20,22,23,21,21,21,4,15,6,6,7,18,10,25,7,14,14,6,12,24,14,15,4,5,24,17,20,20,14,19,16,4,14,5,8,24,12,21,19,3,8,11,16,7,10,25,11,4,11,9,18,7,23,1,11,19,4,2,8,10,24,26,25,4,17,19,4,12,11,12,26,14,19,13,26,1,12,25,15,13,22,6,14,6,2,26,15,4,9,22,26,23,13,23,15,4,1,23,5,15,1,8,26,1,25,26,4,2,19,1,11,19,2,19,21,20,17,8,6,1,3,19,19,7,4,1,15,14,26,5,20,1,5,22,3,3",5000,100
13,74,383429.9671908303,30.865426551613016,"9,7,2,3,19,17,12,11,8,8,6,10,1,2,21,9,23,18,18,5,24,24,20,16,20,10,5,14,13,16,4,25,25,26,22,15,12,26,26,20,22,23,21,21,21,4,15,6,6,7,18,10,25,7,14,14,6,12,24,14,15,4,5,24,17,20,20,14,19,16,4,14,5,8,24,12,21,19,3,8,11,16,7,10,25,11,4,11,9,18,7,23,1,11,19,4,2,8,10,24,26,25,4,17,19,4,12,11,12,26,14,19,13,26,1,12,25,15,13,22,6,14,6,2,26,15,4,9,22,26,23,13,23,15,4,1,23,5,15,1,8,26,1,25,26,4,2,19,1,11,19,2,19,21,20,17,8,6,1,3,19,19,7,4,1,15,14,26,5,20,1,5,22,3,3",5000,100
13,75,383429.9671908303,30.865426551613016,"9,7,2,3,19,17,12,11,8,8,6,10,1,2,21,9,23,18,18,5,24,24,20,16,20,10,5,14,13,16,4,25,25,26,22,15,12,26,26,20,22,23,21,21,21,4,15,6,6,7,18,10,25,7,14,14,6,12,24,14,15,4,5,24,17,20,20,14,19,16,4,14,5,8,24,12,21,19,3,8,11,16,7,10,25,11,4,11,9,18,7,23,1,11,19,4,2,8,10,24,26,25,4,17,19,4,12,11,12,26,14,19,13,26,1,12,25,15,13,22,6,14,6,2,26,15,4,9,22,26,23,13,23,15,4,1,23,5,15,1,8,26,1,25,26,4,2,19,1,11,19,2,19,21,20,17,8,6,1,3,19,19,7,4,1,15,14,26,5,20,1,5,22,3,3",5000,100
13,76,383429.9671908303,30.865426551613016,"9,7,2,3,19,17,12,11,8,8,6,10,1,2,21,9,23,18,18,5,24,24,20,16,20,10,5,14,13,16,4,25,25,26,22,15,12,26,26,20,22,23,21,21,21,4,15,6,6,7,18,10,25,7,14,14,6,12,24,14,15,4,5,24,17,20,20,14,19,16,4,14,5,8,24,12,21,19,3,8,11,16,7,10,25,11,4,11,9,18,7,23,1,11,19,4,2,8,10,24,26,25,4,17,19,4,12,11,12,26,14,19,13,26,1,12,25,15,13,22,6,14,6,2,26,15,4,9,22,26,23,13,23,15,4,1,23,5,15,1,8,26,1,25,26,4,2,19,1,11,19,2,19,21,20,17,8,6,1,3,19,19,7,4,1,15,14,26,5,20,1,5,22,3,3",5000,100
13,77,383429.9671908303,30.865426551613016,"9,7,2,3,19,17,12,11,8,8,6,10,1,2,21,9,23,18,18,5,24,24,20,16,20,10,5,14,13,16,4,25,25,26,22,15,12,26,26,20,22,23,21,21,21,4,15,6,6,7,18,10,25,7,14,14,6,12,24,14,15,4,5,24,17,20,20,14,19,16,4,14,5,8,24,12,21,19,3,8,11,16,7,10,25,11,4,11,9,18,7,23,1,11,19,4,2,8,10,24,26,25,4,17,19,4,12,11,12,26,14,19,13,26,1,12,25,15,13,22,6,14,6,2,26,15,4,9,22,26,23,13,23,15,4,1,23,5,15,1,8,26,1,25,26,4,2,19,1,11,19,2,19,21,20,17,8,6,1,3,19,19,7,4,1,15,14,26,5,20,1,5,22,3,3",5000,100
13,78,383429.9671908303,30.865426551613016,"9,7,2,3,19,17,12,11,8,8,6,10,1,2,21,9,23,18,18,5,24,24,20,16,20,10,5,14,13,16,4,25,25,26,22,15,12,26,26,20,22,23,21,21,21,4,15,6,6,7,18,10,25,7,14,14,6,12,24,14,15,4,5,24,17,20,20,14,19,16,4,14,5,8,24,12,21,19,3,8,11,16,7,10,25,11,4,11,9,18,7,23,1,11,19,4,2,8,10,24,26,25,4,17,19,4,12,11,12,26,14,19,13,26,1,12,25,15,13,22,6,14,6,2,26,15,4,9,22,26,23,13,23,15,4,1,23,5,15,1,8,26,1,25,26,4,2,19,1,11,19,2,19,21,20,17,8,6,1,3,19,19,7,4,1,15,14,26,5,20,1,5,22,3,3",5000,100
13,79,383429.9671908303,30.865426551613016,"9,7,2,3,19,17,12,11,8,8,6,10,1,2,21,9,23,18,18,5,24,24,20,16,20,10,5,14,13,16,4,25,25,26,22,15,12,26,26,20,22,23,21,21,21,4,15,6,6,7,18,10,25,7,14,14,6,12,24,14,15,4,5,24,17,20,20,14,19,16,4,14,5,8,24,12,21,19,3,8,11,16,7,10,25,11,4,11,9,18,7,23,1,11,19,4,2,8,10,24,26,25,4,17,19,4,12,11,12,26,14,19,13,26,1,12,25,15,13,22,6,14,6,2,26,15,4,9,22,26,23,13,23,15,4,1,23,5,15,1,8,26,1,25,26,4,2,19,1,11,19,2,19,21,20,17,8,6,1,3,19,19,7,4,1,15,14,26,5,20,1,5,22,3,3",5000,100
13,80,383429.9671908303,30.865426551613016,"9,7,2,3,19,17,12,11,8,8,6,10,1,2,21,9,23,18,18,5,24,24,20,16,20,10,5,14,13,16,4,25,25,26,22,15,12,26,26,20,22,23,21,21,21,4,15,6,6,7,18,10,25,7,14,14,6,12,24,14,15,4,5,24,17,20,20,14,19,16,4,14,5,8,24,12,21,19,3,8,11,16,7,10,25,11,4,11,9,18,7,23,1,11,19,4,2,8,10,24,26,25,4,17,19,4,12,11,12,26,14,19,13,26,1,12,25,15,13,22,6,14,6,2,26,15,4,9,22,26,23,13,23,15,4,1,23,5,15,1,8,26,1,25,26,4,2,19,1,11,19,2,19,21,20,17,8,6,1,3,19,19,7,4,1,15,14,26,5,20,1,5,22,3,3",5000,100
13,81,383429.9671908303,30.865426551613016,"9,7,2,3,19,17,12,11,8,8,6,10,1,2,21,9,23,18,18,5,24,24,20,16,20,10,5,14,13,16,4,25,25,26,22,15,12,26,26,20,22,23,21,21,21,4,15,6,6,7,18,10,25,7,14,14,6,12,24,14,15,4,5,24,17,20,20,14,19,16,4,14,5,8,24,12,21,19,3,8,11,16,7,10,25,11,4,11,9,18,7,23,1,11,19,4,2,8,10,24,26,25,4,17,19,4,12,11,12,26,14,19,13,26,1,12,25,15,13,22,6,14,6,2,26,15,4,9,22,26,23,13,23,15,4,1,23,5,15,1,8,26,1,25,26,4,2,19,1,11,19,2,19,21,20,17,8,6,1,3,19,19,7,4,1,15,14,26,5,20,1,5,22,3,3",5000,100
13,82,383429.9671908303,30.865426551613016,"9,7,2,3,19,17,12,11,8,8,6,10,1,2,21,9,23,18,18,5,24,24,20,16,20,10,5,14,13,16,4,25,25,26,22,15,12,26,26,20,22,23,21,21,21,4,15,6,6,7,18,10,25,7,14,14,6,12,24,14,15,4,5,24,17,20,20,14,19,16,4,14,5,8,24,12,21,19,3,8,11,16,7,10,25,11,4,11,9,18,7,23,1,11,19,4,2,8,10,24,26,25,4,17,19,4,12,11,12,26,14,19,13,26,1,12,25,15,13,22,6,14,6,2,26,15,4,9,22,26,23,13,23,15,4,1,23,5,15,1,8,26,1,25,26,4,2,19,1,11,19,2,19,21,20,17,8,6,1,3,19,19,7,4,1,15,14,26,5,20,1,5,22,3,3",5000,100
13,83,383429.9671908303,30.865426551613016,"9,7,2,3,19,17,12,11,8,8,6,10,1,2,21,9,23,18,18,5,24,24,20,16,20,10,5,14,13,16,4,25,25,26,22,15,12,26,26,20,22,23,21,21,21,4,15,6,6,7,18,10,25,7,14,14,6,12,24,14,15,4,5,24,17,20,20,14,19,16,4,14,5,8,24,12,21,19,3,8,11,16,7,10,25,11,4,11,9,18,7,23,1,11,19,4,2,8,10,24,26,25,4,17,19,4,12,11,12,26,14,19,13,26,1,12,25,15,13,22,6,14,6,2,26,15,4,9,22,26,23,13,23,15,4,1,23,5,15,1,8,26,1,25,26,4,2,19,1,11,19,2,19,21,20,17,8,6,1,3,19,19,7,4,1,15,14,26,5,20,1,5,22,3,3",5000,100
13,84,383429.9671908303,30.865426551613016,"9,7,2,3,19,17,12,11,8,8,6,10,1,2,21,9,23,18,18,5,24,24,20,16,20,10,5,14,13,16,4,25,25,26,22,15,12,26,26,20,22,23,21,21,21,4,15,6,6,7,18,10,25,7,14,14,6,12,24,14,15,4,5,24,17,20,20,14,19,16,4,14,5,8,24,12,21,19,3,8,11,16,7,10,25,11,4,11,9,18,7,23,1,11,19,4,2,8,10,24,26,25,4,17,19,4,12,11,12,26,14,19,13,26,1,12,25,15,13,22,6,14,6,2,26,15,4,9,22,26,23,13,23,15,4,1,23,5,15,1,8,26,1,25,26,4,2,19,1,11,19,2,19,21,20,17,8,6,1,3,19,19,7,4,1,15,14,26,5,20,1,5,22,3,3",5000,100
13,85,383429.9671908303,30.865426551613016,"9,7,2,3,19,17,12,11,8,8,6,10,1,2,21,9,23,18,18,5,24,24,20,16,20,10,5,14,13,16,4,25,25,26,22,15,12,26,26,20,22,23,21,21,21,4,15,6,6,7,18,10,25,7,14,14,6,12,24,14,15,4,5,24,17,20,20,14,19,16,4,14,5,8,24,12,21,19,3,8,11,16,7,10,25,11,4,11,9,18,7,23,1,11,19,4,2,8,10,24,26,25,4,17,19,4,12,11,12,26,14,19,13,26,1,12,25,15,13,22,6,14,6,2,26,15,4,9,22,26,23,13,23,15,4,1,23,5,15,1,8,26,1,25,26,4,2,19,1,11,19,2,19,21,20,17,8,6,1,3,19,19,7,4,1,15,14,26,5,20,1,5,22,3,3",5000,100
13,86,383429.9671908303,30.865426551613016,"9,7,2,3,19,17,12,11,8,8,6,10,1,2,21,9,23,18,18,5,24,24,20,16,20,10,5,14,13,16,4,25,25,26,22,15,12,26,26,20,22,23,21,21,21,4,15,6,6,7,18,10,25,7,14,14,6,12,24,14,15,4,5,24,17,20,20,14,19,16,4,14,5,8,24,12,21,19,3,8,11,16,7,10,25,11,4,11,9,18,7,23,1,11,19,4,2,8,10,24,26,25,4,17,19,4,12,11,12,26,14,19,13,26,1,12,25,15,13,22,6,14,6,2,26,15,4,9,22,26,23,13,23,15,4,1,23,5,15,1,8,26,1,25,26,4,2,19,1,11,19,2,19,21,20,17,8,6,1,3,19,19,7,4,1,15,14,26,5,20,1,5,22,3,3",5000,100
13,87,383429.9671908303,30.865426551613016,"9,7,2,3,19,17,12,11,8,8,6,10,1,2,21,9,23,18,18,5,24,24,20,16,20,10,5,14,13,16,4,25,25,26,22,15,12,26,26,20,22,23,21,21,21,4,15,6,6,7,18,10,25,7,14,14,6,12,24,14,15,4,5,24,17,20,20,14,19,16,4,14,5,8,24,12,21,19,3,8,11,16,7,10,25,11,4,11,9,18,7,23,1,11,19,4,2,8,10,24,26,25,4,17,19,4,12,11,12,26,14,19,13,26,1,12,25,15,13,22,6,14,6,2,26,15,4,9,22,26,23,13,23,15,4,1,23,5,15,1,8,26,1,25,26,4,2,19,1,11,19,2,19,21,20,17,8,6,1,3,19,19,7,4,1,15,14,26,5,20,1,5,22,3,3",5000,100
13,88,383429.9671908303,30.865426551613016,"9,7,2,3,19,17,12,11,8,8,6,10,1,2,21,9,23,18,18,5,24,24,20,16,20,10,5,14,13,16,4,25,25,26,22,15,12,26,26,20,22,23,21,21,21,4,15,6,6,7,18,10,25,7,14,14,6,12,24,14,15,4,5,24,17,20,20,14,19,16,4,14,5,8,24,12,21,19,3,8,11,16,7,10,25,11,4,11,9,18,7,23,1,11,19,4,2,8,10,24,26,25,4,17,19,4,12,11,12,26,14,19,13,26,1,12,25,15,13,22,6,14,6,2,26,15,4,9,22,26,23,13,23,15,4,1,23,5,15,1,8,26,1,25,26,4,2,19,1,11,19,2,19,21,20,17,8,6,1,3,19,19,7,4,1,15,14,26,5,20,1,5,22,3,3",5000,100
13,89,383429.9671908303,30.865426551613016,"9,7,2,3,19,17,12,11,8,8,6,10,1,2,21,9,23,18,18,5,24,24,20,16,20,10,5,14,13,16,4,25,25,26,22,15,12,26,26,20,22,23,21,21,21,4,15,6,6,7,18,10,25,7,14,14,6,12,24,14,15,4,5,24,17,20,20,14,19,16,4,14,5,8,24,12,21,19,3,8,11,16,7,10,25,11,4,11,9,18,7,23,1,11,19,4,2,8,10,24,26,25,4,17,19,4,12,11,12,26,14,19,13,26,1,12,25,15,13,22,6,14,6,2,26,15,4,9,22,26,23,13,23,15,4,1,23,5,15,1,8,26,1,25,26,4,2,19,1,11,19,2,19,21,20,17,8,6,1,3,19,19,7,4,1,15,14,26,5,20,1,5,22,3,3",5000,100
13,90,383429.9671908303,30.865426551613016,"9,7,2,3,19,17,12,11,8,8,6,10,1,2,21,9,23,18,18,5,24,24,20,16,20,10,5,14,13,16,4,25,25,26,22,15,12,26,26,20,22,23,21,21,21,4,15,6,6,7,18,10,25,7,14,14,6,12,24,14,15,4,5,24,17,20,20,14,19,16,4,14,5,8,24,12,21,19,3,8,11,16,7,10,25,11,4,11,9,18,7,23,1,11,19,4,2,8,10,24,26,25,4,17,19,4,12,11,12,26,14,19,13,26,1,12,25,15,13,22,6,14,6,2,26,15,4,9,22,26,23,13,23,15,4,1,23,5,15,1,8,26,1,25,26,4,2,19,1,11,19,2,19,21,20,17,8,6,1,3,19,19,7,4,1,15,14,26,5,20,1,5,22,3,3",5000,100
13,91,383429.9671908303,30.865426551613016,"9,7,2,3,19,17,12,11,8,8,6,10,1,2,21,9,23,18,18,5,24,24,20,16,20,10,5,14,13,16,4,25,25,26,22,15,12,26,26,20,22,23,21,21,21,4,15,6,6,7,18,10,25,7,14,14,6,12,24,14,15,4,5,24,17,20,20,14,19,16,4,14,5,8,24,12,21,19,3,8,11,16,7,10,25,11,4,11,9,18,7,23,1,11,19,4,2,8,10,24,26,25,4,17,19,4,12,11,12,26,14,19,13,26,1,12,25,15,13,22,6,14,6,2,26,15,4,9,22,26,23,13,23,15,4,1,23,5,15,1,8,26,1,25,26,4,2,19,1,11,19,2,19,21,20,17,8,6,1,3,19,19,7,4,1,15,14,26,5,20,1,5,22,3,3",5000,100
13,92,383429.9671908303,30.865426551613016,"9,7,2,3,19,17,12,11,8,8,6,10,1,2,21,9,23,18,18,5,24,24,20,16,20,10,5,14,13,16,4,25,25,26,22,15,12,26,26,20,22,23,21,21,21,4,15,6,6,7,18,10,25,7,14,14,6,12,24,14,15,4,5,24,17,20,20,14,19,16,4,14,5,8,24,12,21,19,3,8,11,16,7,10,25,11,4,11,9,18,7,23,1,11,19,4,2,8,10,24,26,25,4,17,19,4,12,11,12,26,14,19,13,26,1,12,25,15,13,22,6,14,6,2,26,15,4,9,22,26,23,13,23,15,4,1,23,5,15,1,8,26,1,25,26,4,2,19,1,11,19,2,19,21,20,17,8,6,1,3,19,19,7,4,1,15,14,26,5,20,1,5,22,3,3",5000,100
13,93,383429.9671908303,30.865426551613016,"9,7,2,3,19,17,12,11,8,8,6,10,1,2,21,9,23,18,18,5,24,24,20,16,20,10,5,14,13,16,4,25,25,26,22,15,12,26,26,20,22,23,21,21,21,4,15,6,6,7,18,10,25,7,14,14,6,12,24,14,15,4,5,24,17,20,20,14,19,16,4,14,5,8,24,12,21,19,3,8,11,16,7,10,25,11,4,11,9,18,7,23,1,11,19,4,2,8,10,24,26,25,4,17,19,4,12,11,12,26,14,19,13,26,1,12,25,15,13,22,6,14,6,2,26,15,4,9,22,26,23,13,23,15,4,1,23,5,15,1,8,26,1,25,26,4,2,19,1,11,19,2,19,21,20,17,8,6,1,3,19,19,7,4,1,15,14,26,5,20,1,5,22,3,3",5000,100
13,94,383429.9671908303,30.865426551613016,"9,7,2,3,19,17,12,11,8,8,6,10,1,2,21,9,23,18,18,5,24,24,20,16,20,10,5,14,13,16,4,25,25,26,22,15,12,26,26,20,22,23,21,21,21,4,15,6,6,7,18,10,25,7,14,14,6,12,24,14,15,4,5,24,17,20,20,14,19,16,4,14,5,8,24,12,21,19,3,8,11,16,7,10,25,11,4,11,9,18,7,23,1,11,19,4,2,8,10,24,26,25,4,17,19,4,12,11,12,26,14,19,13,26,1,12,25,15,13,22,6,14,6,2,26,15,4,9,22,26,23,13,23,15,4,1,23,5,15,1,8,26,1,25,26,4,2,19,1,11,19,2,19,21,20,17,8,6,1,3,19,19,7,4,1,15,14,26,5,20,1,5,22,3,3",5000,100
13,95,383429.9671908303,30.865426551613016,"9,7,2,3,19,17,12,11,8,8,6,10,1,2,21,9,23,18,18,5,24,24,20,16,20,10,5,14,13,16,4,25,25,26,22,15,12,26,26,20,22,23,21,21,21,4,15,6,6,7,18,10,25,7,14,14,6,12,24,14,15,4,5,24,17,20,20,14,19,16,4,14,5,8,24,12,21,19,3,8,11,16,7,10,25,11,4,11,9,18,7,23,1,11,19,4,2,8,10,24,26,25,4,17,19,4,12,11,12,26,14,19,13,26,1,12,25,15,13,22,6,14,6,2,26,15,4,9,22,26,23,13,23,15,4,1,23,5,15,1,8,26,1,25,26,4,2,19,1,11,19,2,19,21,20,17,8,6,1,3,19,19,7,4,1,15,14,26,5,20,1,5,22,3,3",5000,100
13,96,383429.9671908303,30.865426551613016,"9,7,2,3,19,17,12,11,8,8,6,10,1,2,21,9,23,18,18,5,24,24,20,16,20,10,5,14,13,16,4,25,25,26,22,15,12,26,26,20,22,23,21,21,21,4,15,6,6,7,18,10,25,7,14,14,6,12,24,14,15,4,5,24,17,20,20,14,19,16,4,14,5,8,24,12,21,19,3,8,11,16,7,10,25,11,4,11,9,18,7,23,1,11,19,4,2,8,10,24,26,25,4,17,19,4,12,11,12,26,14,19,13,26,1,12,25,15,13,22,6,14,6,2,26,15,4,9,22,26,23,13,23,15,4,1,23,5,15,1,8,26,1,25,26,4,2,19,1,11,19,2,19,21,20,17,8,6,1,3,19,19,7,4,1,15,14,26,5,20,1,5,22,3,3",5000,100
13,97,383429.9671908303,30.865426551613016,"9,7,2,3,19,17,12,11,8,8,6,10,1,2,21,9,23,18,18,5,24,24,20,16,20,10,5,14,13,16,4,25,25,26,22,15,12,26,26,20,22,23,21,21,21,4,15,6,6,7,18,10,25,7,14,14,6,12,24,14,15,4,5,24,17,20,20,14,19,16,4,14,5,8,24,12,21,19,3,8,11,16,7,10,25,11,4,11,9,18,7,23,1,11,19,4,2,8,10,24,26,25,4,17,19,4,12,11,12,26,14,19,13,26,1,12,25,15,13,22,6,14,6,2,26,15,4,9,22,26,23,13,23,15,4,1,23,5,15,1,8,26,1,25,26,4,2,19,1,11,19,2,19,21,20,17,8,6,1,3,19,19,7,4,1,15,14,26,5,20,1,5,22,3,3",5000,100
13,98,383429.9671908303,30.865426551613016,"9,7,2,3,19,17,12,11,8,8,6,10,1,2,21,9,23,18,18,5,24,24,20,16,20,10,5,14,13,16,4,25,25,26,22,15,12,26,26,20,22,23,21,21,21,4,15,6,6,7,18,10,25,7,14,14,6,12,24,14,15,4,5,24,17,20,20,14,19,16,4,14,5,8,24,12,21,19,3,8,11,16,7,10,25,11,4,11,9,18,7,23,1,11,19,4,2,8,10,24,26,25,4,17,19,4,12,11,12,26,14,19,13,26,1,12,25,15,13,22,6,14,6,2,26,15,4,9,22,26,23,13,23,15,4,1,23,5,15,1,8,26,1,25,26,4,2,19,1,11,19,2,19,21,20,17,8,6,1,3,19,19,7,4,1,15,14,26,5,20,1,5,22,3,3",5000,100
13,99,383429.9671908303,30.865426551613016,"9,7,2,3,19,17,12,11,8,8,6,10,1,2,21,9,23,18,18,5,24,24,20,16,20,10,5,14,13,16,4,25,25,26,22,15,12,26,26,20,22,23,21,21,21,4,15,6,6,7,18,10,25,7,14,14,6,12,24,14,15,4,5,24,17,20,20,14,19,16,4,14,5,8,24,12,21,19,3,8,11,16,7,10,25,11,4,11,9,18,7,23,1,11,19,4,2,8,10,24,26,25,4,17,19,4,12,11,12,26,14,19,13,26,1,12,25,15,13,22,6,14,6,2,26,15,4,9,22,26,23,13,23,15,4,1,23,5,15,1,8,26,1,25,26,4,2,19,1,11,19,2,19,21,20,17,8,6,1,3,19,19,7,4,1,15,14,26,5,20,1,5,22,3,3",5000,100
14,0,307235.34783864924,23.21599122416939,"21,1,5,5,7,18,3,8,25,4,9,23,17,10,16,19,13,25,20,11,26,12,11,14,24,21,7,6,10,9,2,1,20,23,22,15,24,12,18,1,17,18,26,3,2,12,15,5,10,19,19,4,9,15,15,6,7,16,15,12,11,12,20,1,12,3,26,16,23,1,22,13,6,25,18,6,14,19,4,17,3,18,4,12,12,25,16,21,16,14,13,14,9,3,9,13,14,14,3,21,19,3,18,2,12,22,7,4,11,11,12,16,8,8,20,24,3,7,1,9,10,8,23,19,14,8,11,14,16,6,10,25,20,17,20,14,26,3,17,13,22,26,12,8,18,7,17,8,6,17,11,22,24,9,2,15,11,19,6,2,26,24,2,15,1,7,16,17,7,25,19,20,16,15,12",5000,100
14,1,307817.0521492394,23.096402035430724,"21,1,5,5,7,18,3,8,25,4,9,23,17,10,16,19,13,25,20,11,26,12,11,14,24,21,7,6,10,9,2,1,20,23,22,15,24,12,18,1,17,18,26,3,2,12,15,5,10,19,19,4,9,15,15,6,7,16,15,12,11,12,20,1,12,3,26,16,23,1,22,13,6,25,18,6,14,19,4,17,3,18,4,12,12,25,16,21,16,14,13,14,9,3,9,13,22,14,3,21,19,3,18,2,12,22,7,4,11,11,12,16,8,8,20,24,3,7,1,9,10,8,23,19,14,8,11,14,16,6,10,25,20,17,20,14,26,3,17,13,22,26,12,8,18,7,17,8,6,17,11,22,24,9,2,15,11,19,6,2,26,24,2,15,1,7,16,17,7,25,19,20,16,15,12",5000,100
14,2,307817.0521492394,23.096402035430724,"21,1,5,5,7,18,3,8,25,4,9,23,17,10,16,19,13,25,20,11,26,12,11,14,24,21,7,6,10,9,2,1,20,23,22,15,24,12,18,1,17,18,26,3,2,12,15,5,10,19,19,4,9,15,15,6,7,16,15,12,11,12,20,1,12,3,26,16,23,1,22,13,6,25,18,6,14,19,4,17,3,18,4,12,12,25,16,21,16,14,13,14,9,3,9,13,22,14,3,21,19,3,18,2,12,22,7,4,11,11,12,16,8,8,20,24,3,7,1,9,10,8,23,19,14,8,11,14,16,6,10,25,20,17,20,14,26,3,17,13,22,26,12,8,18,7,17,8,6,17,11,22,24,9,2,15,11,19,6,2,26,24,2,15,1,7,16,17,7,25,19,20,16,15,12",5000,100
14,3,307817.0521492394,23.096402035430724,"21,1,5,5,7,18,3,8,25,4,9,23,17,10,16,19,13,25,20,11,26,12,11,14,24,21,7,6,10,9,2,1,20,23,22,15,24,12,18,1,17,18,26,3,2,12,15,5,10,19,19,4,9,15,15,6,7,16,15,12,11,12,20,1,12,3,26,16,23,1,22,13,6,25,18,6,14,19,4,17,3,18,4,12,12,25,16,21,16,14,13,14,9,3,9,13,22,14,3,21,19,3,18,2,12,22,7,4,11,11,12,16,8,8,20,24,3,7,1,9,10,8,23,19,14,8,11,14,16,6,10,25,20,17,20,14,26,3,17,13,22,26,12,8,18,7,17,8,6,17,11,22,24,9,2,15,11,19,6,2,26,24,2,15,1,7,16,17,7,25,19,20,16,15,12",5000,100
14,4,307817.0521492394,23.096402035430724,"21,1,5,5,7,18,3,8,25,4,9,23,17,10,16,19,13,25,20,11,26,12,11,14,24,21,7,6,10,9,2,1,20,23,22,15,24,12,18,1,17,18,26,3,2,12,15,5,10,19,19,4,9,15,15,6,7,16,15,12,11,12,20,1,12,3,26,16,23,1,22,13,6,25,18,6,14,19,4,17,3,18,4,12,12,25,16,21,16,14,13,14,9,3,9,13,22,14,3,21,19,3,18,2,12,22,7,4,11,11,12,16,8,8,20,24,3,7,1,9,10,8,23,19,14,8,11,14,16,6,10,25,20,17,20,14,26,3,17,13,22,26,12,8,18,7,17,8,6,17,11,22,24,9,2,15,11,19,6,2,26,24,2,15,1,7,16,17,7,25,19,20,16,15,12",5000,100
14,5,307817.0521492394,23.096402035430724,"21,1,5,5,7,18,3,8,25,4,9,23,17,10,16,19,13,25,20,11,26,12,11,14,24,21,7,6,10,9,2,1,20,23,22,15,24,12,18,1,17,18,26,3,2,12,15,5,10,19,19,4,9,15,15,6,7,16,15,12,11,12,20,1,12,3,26,16,23,1,22,13,6,25,18,6,14,19,4,17,3,18,4,12,12,25,16,21,16,14,13,14,9,3,9,13,22,14,3,21,19,3,18,2,12,22,7,4,11,11,12,16,8,8,20,24,3,7,1,9,10,8,23,19,14,8,11,14,16,6,10,25,20,17,20,14,26,3,17,13,22,26,12,8,18,7,17,8,6,17,11,22,24,9,2,15,11,19,6,2,26,24,2,15,1,7,16,17,7,25,19,20,16,15,12",5000,100
14,6,307817.0521492394,23.096402035430724,"21,1,5,5,7,18,3,8,25,4,9,23,17,10,16,19,13,25,20,11,26,12,11,14,24,21,7,6,10,9,2,1,20,23,22,15,24,12,18,1,17,18,26,3,2,12,15,5,10,19,19,4,9,15,15,6,7,16,15,12,11,12,20,1,12,3,26,16,23,1,22,13,6,25,18,6,14,19,4,17,3,18,4,12,12,25,16,21,16,14,13,14,9,3,9,13,22,14,3,21,19,3,18,2,12,22,7,4,11,11,12,16,8,8,20,24,3,7,1,9,10,8,23,19,14,8,11,14,16,6,10,25,20,17,20,14,26,3,17,13,22,26,12,8,18,7,17,8,6,17,11,22,24,9,2,15,11,19,6,2,26,24,2,15,1,7,16,17,7,25,19,20,16,15,12",5000,100
14,7,307817.0521492394,23.096402035430724,"21,1,5,5,7,18,3,8,25,4,9,23,17,10,16,19,13,25,20,11,26,12,11,14,24,21,7,6,10,9,2,1,20,23,22,15,24,12,18,1,17,18,26,3,2,12,15,5,10,19,19,4,9,15,15,6,7,16,15,12,11,12,20,1,12,3,26,16,23,1,22,13,6,25,18,6,14,19,4,17,3,18,4,12,12,25,16,21,16,14,13,14,9,3,9,13,22,14,3,21,19,3,18,2,12,22,7,4,11,11,12,16,8,8,20,24,3,7,1,9,10,8,23,19,14,8,11,14,16,6,10,25,20,17,20,14,26,3,17,13,22,26,12,8,18,7,17,8,6,17,11,22,24,9,2,15,11,19,6,2,26,24,2,15,1,7,16,17,7,25,19,20,16,15,12",5000,100
14,8,307817.0521492394,23.096402035430724,"21,1,5,5,7,18,3,8,25,4,9,23,17,10,16,19,13,25,20,11,26,12,11,14,24,21,7,6,10,9,2,1,20,23,22,15,24,12,18,1,17,18,26,3,2,12,15,5,10,19,19,4,9,15,15,6,7,16,15,12,11,12,20,1,12,3,26,16,23,1,22,13,6,25,18,6,14,19,4,17,3,18,4,12,12,25,16,21,16,14,13,14,9,3,9,13,22,14,3,21,19,3,18,2,12,22,7,4,11,11,12,16,8,8,20,24,3,7,1,9,10,8,23,19,14,8,11,14,16,6,10,25,20,17,20,14,26,3,17,13,22,26,12,8,18,7,17,8,6,17,11,22,24,9,2,15,11,19,6,2,26,24,2,15,1,7,16,17,7,25,19,20,16,15,12",5000,100
14,9,307817.0521492394,23.096402035430724,"21,1,5,5,7,18,3,8,25,4,9,23,17,10,16,19,13,25,20,11,26,12,11,14,24,21,7,6,10,9,2,1,20,23,22,15,24,12,18,1,17,18,26,3,2,12,15,5,10,19,19,4,9,15,15,6,7,16,15,12,11,12,20,1,12,3,26,16,23,1,22,13,6,25,18,6,14,19,4,17,3,18,4,12,12,25,16,21,16,14,13,14,9,3,9,13,22,14,3,21,19,3,18,2,12,22,7,4,11,11,12,16,8,8,20,24,3,7,1,9,10,8,23,19,14,8,11,14,16,6,10,25,20,17,20,14,26,3,17,13,22,26,12,8,18,7,17,8,6,17,11,22,24,9,2,15,11,19,6,2,26,24,2,15,1,7,16,17,7,25,19,20,16,15,12",5000,100
14,10,307817.0521492394,23.096402035430724,"21,1,5,5,7,18,3,8,25,4,9,23,17,10,16,19,13,25,20,11,26,12,11,14,24,21,7,6,10,9,2,1,20,23,22,15,24,12,18,1,17,18,26,3,2,12,15,5,10,19,19,4,9,15,15,6,7,16,15,12,11,12,20,1,12,3,26,16,23,1,22,13,6,25,18,6,14,19,4,17,3,18,4,12,12,25,16,21,16,14,13,14,9,3,9,13,22,14,3,21,19,3,18,2,12,22,7,4,11,11,12,16,8,8,20,24,3,7,1,9,10,8,23,19,14,8,11,14,16,6,10,25,20,17,20,14,26,3,17,13,22,26,12,8,18,7,17,8,6,17,11,22,24,9,2,15,11,19,6,2,26,24,2,15,1,7,16,17,7,25,19,20,16,15,12",5000,100
14,11,307817.0521492394,23.096402035430724,"21,1,5,5,7,18,3,8,25,4,9,23,17,10,16,19,13,25,20,11,26,12,11,14,24,21,7,6,10,9,2,1,20,23,22,15,24,12,18,1,17,18,26,3,2,12,15,5,10,19,19,4,9,15,15,6,7,16,15,12,11,12,20,1,12,3,26,16,23,1,22,13,6,25,18,6,14,19,4,17,3,18,4,12,12,25,16,21,16,14,13,14,9,3,9,13,22,14,3,21,19,3,18,2,12,22,7,4,11,11,12,16,8,8,20,24,3,7,1,9,10,8,23,19,14,8,11,14,16,6,10,25,20,17,20,14,26,3,17,13,22,26,12,8,18,7,17,8,6,17,11,22,24,9,2,15,11,19,6,2,26,24,2,15,1,7,16,17,7,25,19,20,16,15,12",5000,100
14,12,307817.0521492394,23.096402035430724,"21,1,5,5,7,18,3,8,25,4,9,23,17,10,16,19,13,25,20,11,26,12,11,14,24,21,7,6,10,9,2,1,20,23,22,15,24,12,18,1,17,18,26,3,2,12,15,5,10,19,19,4,9,15,15,6,7,16,15,12,11,12,20,1,12,3,26,16,23,1,22,13,6,25,18,6,14,19,4,17,3,18,4,12,12,25,16,21,16,14,13,14,9,3,9,13,22,14,3,21,19,3,18,2,12,22,7,4,11,11,12,16,8,8,20,24,3,7,1,9,10,8,23,19,14,8,11,14,16,6,10,25,20,17,20,14,26,3,17,13,22,26,12,8,18,7,17,8,6,17,11,22,24,9,2,15,11,19,6,2,26,24,2,15,1,7,16,17,7,25,19,20,16,15,12",5000,100
14,13,307817.0521492394,23.096402035430724,"21,1,5,5,7,18,3,8,25,4,9,23,17,10,16,19,13,25,20,11,26,12,11,14,24,21,7,6,10,9,2,1,20,23,22,15,24,12,18,1,17,18,26,3,2,12,15,5,10,19,19,4,9,15,15,6,7,16,15,12,11,12,20,1,12,3,26,16,23,1,22,13,6,25,18,6,14,19,4,17,3,18,4,12,12,25,16,21,16,14,13,14,9,3,9,13,22,14,3,21,19,3,18,2,12,22,7,4,11,11,12,16,8,8,20,24,3,7,1,9,10,8,23,19,14,8,11,14,16,6,10,25,20,17,20,14,26,3,17,13,22,26,12,8,18,7,17,8,6,17,11,22,24,9,2,15,11,19,6,2,26,24,2,15,1,7,16,17,7,25,19,20,16,15,12",5000,100
14,14,307817.0521492394,23.096402035430724,"21,1,5,5,7,18,3,8,25,4,9,23,17,10,16,19,13,25,20,11,26,12,11,14,24,21,7,6,10,9,2,1,20,23,22,15,24,12,18,1,17,18,26,3,2,12,15,5,10,19,19,4,9,15,15,6,7,16,15,12,11,12,20,1,12,3,26,16,23,1,22,13,6,25,18,6,14,19,4,17,3,18,4,12,12,25,16,21,16,14,13,14,9,3,9,13,22,14,3,21,19,3,18,2,12,22,7,4,11,11,12,16,8,8,20,24,3,7,1,9,10,8,23,19,14,8,11,14,16,6,10,25,20,17,20,14,26,3,17,13,22,26,12,8,18,7,17,8,6,17,11,22,24,9,2,15,11,19,6,2,26,24,2,15,1,7,16,17,7,25,19,20,16,15,12",5000,100
14,15,307817.0521492394,23.096402035430724,"21,1,5,5,7,18,3,8,25,4,9,23,17,10,16,19,13,25,20,11,26,12,11,14,24,21,7,6,10,9,2,1,20,23,22,15,24,12,18,1,17,18,26,3,2,12,15,5,10,19,19,4,9,15,15,6,7,16,15,12,11,12,20,1,12,3,26,16,23,1,22,13,6,25,18,6,14,19,4,17,3,18,4,12,12,25,16,21,16,14,13,14,9,3,9,13,22,14,3,21,19,3,18,2,12,22,7,4,11,11,12,16,8,8,20,24,3,7,1,9,10,8,23,19,14,8,11,14,16,6,10,25,20,17,20,14,26,3,17,13,22,26,12,8,18,7,17,8,6,17,11,22,24,9,2,15,11,19,6,2,26,24,2,15,1,7,16,17,7,25,19,20,16,15,12",5000,100
14,16,307817.0521492394,23.096402035430724,"21,1,5,5,7,18,3,8,25,4,9,23,17,10,16,19,13,25,20,11,26,12,11,14,24,21,7,6,10,9,2,1,20,23,22,15,24,12,18,1,17,18,26,3,2,12,15,5,10,19,19,4,9,15,15,6,7,16,15,12,11,12,20,1,12,3,26,16,23,1,22,13,6,25,18,6,14,19,4,17,3,18,4,12,12,25,16,21,16,14,13,14,9,3,9,13,22,14,3,21,19,3,18,2,12,22,7,4,11,11,12,16,8,8,20,24,3,7,1,9,10,8,23,19,14,8,11,14,16,6,10,25,20,17,20,14,26,3,17,13,22,26,12,8,18,7,17,8,6,17,11,22,24,9,2,15,11,19,6,2,26,24,2,15,1,7,16,17,7,25,19,20,16,15,12",5000,100
14,17,307817.0521492394,23.096402035430724,"21,1,5,5,7,18,3,8,25,4,9,23,17,10,16,19,13,25,20,11,26,12,11,14,24,21,7,6,10,9,2,1,20,23,22,15,24,12,18,1,17,18,26,3,2,12,15,5,10,19,19,4,9,15,15,6,7,16,15,12,11,12,20,1,12,3,26,16,23,1,22,13,6,25,18,6,14,19,4,17,3,18,4,12,12,25,16,21,16,14,13,14,9,3,9,13,22,14,3,21,19,3,18,2,12,22,7,4,11,11,12,16,8,8,20,24,3,7,1,9,10,8,23,19,14,8,11,14,16,6,10,25,20,17,20,14,26,3,17,13,22,26,12,8,18,7,17,8,6,17,11,22,24,9,2,15,11,19,6,2,26,24,2,15,1,7,16,17,7,25,19,20,16,15,12",5000,100
14,18,307817.0521492394,23.096402035430724,"21,1,5,5,7,18,3,8,25,4,9,23,17,10,16,19,13,25,20,11,26,12,11,14,24,21,7,6,10,9,2,1,20,23,22,15,24,12,18,1,17,18,26,3,2,12,15,5,10,19,19,4,9,15,15,6,7,16,15,12,11,12,20,1,12,3,26,16,23,1,22,13,6,25,18,6,14,19,4,17,3,18,4,12,12,25,16,21,16,14,13,14,9,3,9,13,22,14,3,21,19,3,18,2,12,22,7,4,11,11,12,16,8,8,20,24,3,7,1,9,10,8,23,19,14,8,11,14,16,6,10,25,20,17,20,14,26,3,17,13,22,26,12,8,18,7,17,8,6,17,11,22,24,9,2,15,11,19,6,2,26,24,2,15,1,7,16,17,7,25,19,20,16,15,12",5000,100
14,19,307817.0521492394,23.096402035430724,"21,1,5,5,7,18,3,8,25,4,9,23,17,10,16,19,13,25,20,11,26,12,11,14,24,21,7,6,10,9,2,1,20,23,22,15,24,12,18,1,17,18,26,3,2,12,15,5,10,19,19,4,9,15,15,6,7,16,15,12,11,12,20,1,12,3,26,16,23,1,22,13,6,25,18,6,14,19,4,17,3,18,4,12,12,25,16,21,16,14,13,14,9,3,9,13,22,14,3,21,19,3,18,2,12,22,7,4,11,11,12,16,8,8,20,24,3,7,1,9,10,8,23,19,14,8,11,14,16,6,10,25,20,17,20,14,26,3,17,13,22,26,12,8,18,7,17,8,6,17,11,22,24,9,2,15,11,19,6,2,26,24,2,15,1,7,16,17,7,25,19,20,16,15,12",5000,100
14,20,307817.0521492394,23.096402035430724,"21,1,5,5,7,18,3,8,25,4,9,23,17,10,16,19,13,25,20,11,26,12,11,14,24,21,7,6,10,9,2,1,20,23,22,15,24,12,18,1,17,18,26,3,2,12,15,5,10,19,19,4,9,15,15,6,7,16,15,12,11,12,20,1,12,3,26,16,23,1,22,13,6,25,18,6,14,19,4,17,3,18,4,12,12,25,16,21,16,14,13,14,9,3,9,13,22,14,3,21,19,3,18,2,12,22,7,4,11,11,12,16,8,8,20,24,3,7,1,9,10,8,23,19,14,8,11,14,16,6,10,25,20,17,20,14,26,3,17,13,22,26,12,8,18,7,17,8,6,17,11,22,24,9,2,15,11,19,6,2,26,24,2,15,1,7,16,17,7,25,19,20,16,15,12",5000,100
14,21,307817.0521492394,23.096402035430724,"21,1,5,5,7,18,3,8,25,4,9,23,17,10,16,19,13,25,20,11,26,12,11,14,24,21,7,6,10,9,2,1,20,23,22,15,24,12,18,1,17,18,26,3,2,12,15,5,10,19,19,4,9,15,15,6,7,16,15,12,11,12,20,1,12,3,26,16,23,1,22,13,6,25,18,6,14,19,4,17,3,18,4,12,12,25,16,21,16,14,13,14,9,3,9,13,22,14,3,21,19,3,18,2,12,22,7,4,11,11,12,16,8,8,20,24,3,7,1,9,10,8,23,19,14,8,11,14,16,6,10,25,20,17,20,14,26,3,17,13,22,26,12,8,18,7,17,8,6,17,11,22,24,9,2,15,11,19,6,2,26,24,2,15,1,7,16,17,7,25,19,20,16,15,12",5000,100
14,22,307817.0521492394,23.096402035430724,"21,1,5,5,7,18,3,8,25,4,9,23,17,10,16,19,13,25,20,11,26,12,11,14,24,21,7,6,10,9,2,1,20,23,22,15,24,12,18,1,17,18,26,3,2,12,15,5,10,19,19,4,9,15,15,6,7,16,15,12,11,12,20,1,12,3,26,16,23,1,22,13,6,25,18,6,14,19,4,17,3,18,4,12,12,25,16,21,16,14,13,14,9,3,9,13,22,14,3,21,19,3,18,2,12,22,7,4,11,11,12,16,8,8,20,24,3,7,1,9,10,8,23,19,14,8,11,14,16,6,10,25,20,17,20,14,26,3,17,13,22,26,12,8,18,7,17,8,6,17,11,22,24,9,2,15,11,19,6,2,26,24,2,15,1,7,16,17,7,25,19,20,16,15,12",5000,100
14,23,307817.0521492394,23.096402035430724,"21,1,5,5,7,18,3,8,25,4,9,23,17,10,16,19,13,25,20,11,26,12,11,14,24,21,7,6,10,9,2,1,20,23,22,15,24,12,18,1,17,18,26,3,2,12,15,5,10,19,19,4,9,15,15,6,7,16,15,12,11,12,20,1,12,3,26,16,23,1,22,13,6,25,18,6,14,19,4,17,3,18,4,12,12,25,16,21,16,14,13,14,9,3,9,13,22,14,3,21,19,3,18,2,12,22,7,4,11,11,12,16,8,8,20,24,3,7,1,9,10,8,23,19,14,8,11,14,16,6,10,25,20,17,20,14,26,3,17,13,22,26,12,8,18,7,17,8,6,17,11,22,24,9,2,15,11,19,6,2,26,24,2,15,1,7,16,17,7,25,19,20,16,15,12",5000,100
14,24,307817.0521492394,23.096402035430724,"21,1,5,5,7,18,3,8,25,4,9,23,17,10,16,19,13,25,20,11,26,12,11,14,24,21,7,6,10,9,2,1,20,23,22,15,24,12,18,1,17,18,26,3,2,12,15,5,10,19,19,4,9,15,15,6,7,16,15,12,11,12,20,1,12,3,26,16,23,1,22,13,6,25,18,6,14,19,4,17,3,18,4,12,12,25,16,21,16,14,13,14,9,3,9,13,22,14,3,21,19,3,18,2,12,22,7,4,11,11,12,16,8,8,20,24,3,7,1,9,10,8,23,19,14,8,11,14,16,6,10,25,20,17,20,14,26,3,17,13,22,26,12,8,18,7,17,8,6,17,11,22,24,9,2,15,11,19,6,2,26,24,2,15,1,7,16,17,7,25,19,20,16,15,12",5000,100
14,25,307817.0521492394,23.096402035430724,"21,1,5,5,7,18,3,8,25,4,9,23,17,10,16,19,13,25,20,11,26,12,11,14,24,21,7,6,10,9,2,1,20,23,22,15,24,12,18,1,17,18,26,3,2,12,15,5,10,19,19,4,9,15,15,6,7,16,15,12,11,12,20,1,12,3,26,16,23,1,22,13,6,25,18,6,14,19,4,17,3,18,4,12,12,25,16,21,16,14,13,14,9,3,9,13,22,14,3,21,19,3,18,2,12,22,7,4,11,11,12,16,8,8,20,24,3,7,1,9,10,8,23,19,14,8,11,14,16,6,10,25,20,17,20,14,26,3,17,13,22,26,12,8,18,7,17,8,6,17,11,22,24,9,2,15,11,19,6,2,26,24,2,15,1,7,16,17,7,25,19,20,16,15,12",5000,100
14,26,307817.0521492394,23.096402035430724,"21,1,5,5,7,18,3,8,25,4,9,23,17,10,16,19,13,25,20,11,26,12,11,14,24,21,7,6,10,9,2,1,20,23,22,15,24,12,18,1,17,18,26,3,2,12,15,5,10,19,19,4,9,15,15,6,7,16,15,12,11,12,20,1,12,3,26,16,23,1,22,13,6,25,18,6,14,19,4,17,3,18,4,12,12,25,16,21,16,14,13,14,9,3,9,13,22,14,3,21,19,3,18,2,12,22,7,4,11,11,12,16,8,8,20,24,3,7,1,9,10,8,23,19,14,8,11,14,16,6,10,25,20,17,20,14,26,3,17,13,22,26,12,8,18,7,17,8,6,17,11,22,24,9,2,15,11,19,6,2,26,24,2,15,1,7,16,17,7,25,19,20,16,15,12",5000,100
14,27,307817.0521492394,23.096402035430724,"21,1,5,5,7,18,3,8,25,4,9,23,17,10,16,19,13,25,20,11,26,12,11,14,24,21,7,6,10,9,2,1,20,23,22,15,24,12,18,1,17,18,26,3,2,12,15,5,10,19,19,4,9,15,15,6,7,16,15,12,11,12,20,1,12,3,26,16,23,1,22,13,6,25,18,6,14,19,4,17,3,18,4,12,12,25,16,21,16,14,13,14,9,3,9,13,22,14,3,21,19,3,18,2,12,22,7,4,11,11,12,16,8,8,20,24,3,7,1,9,10,8,23,19,14,8,11,14,16,6,10,25,20,17,20,14,26,3,17,13,22,26,12,8,18,7,17,8,6,17,11,22,24,9,2,15,11,19,6,2,26,24,2,15,1,7,16,17,7,25,19,20,16,15,12",5000,100
14,28,307817.0521492394,23.096402035430724,"21,1,5,5,7,18,3,8,25,4,9,23,17,10,16,19,13,25,20,11,26,12,11,14,24,21,7,6,10,9,2,1,20,23,22,15,24,12,18,1,17,18,26,3,2,12,15,5,10,19,19,4,9,15,15,6,7,16,15,12,11,12,20,1,12,3,26,16,23,1,22,13,6,25,18,6,14,19,4,17,3,18,4,12,12,25,16,21,16,14,13,14,9,3,9,13,22,14,3,21,19,3,18,2,12,22,7,4,11,11,12,16,8,8,20,24,3,7,1,9,10,8,23,19,14,8,11,14,16,6,10,25,20,17,20,14,26,3,17,13,22,26,12,8,18,7,17,8,6,17,11,22,24,9,2,15,11,19,6,2,26,24,2,15,1,7,16,17,7,25,19,20,16,15,12",5000,100
14,29,307817.0521492394,23.096402035430724,"21,1,5,5,7,18,3,8,25,4,9,23,17,10,16,19,13,25,20,11,26,12,11,14,24,21,7,6,10,9,2,1,20,23,22,15,24,12,18,1,17,18,26,3,2,12,15,5,10,19,19,4,9,15,15,6,7,16,15,12,11,12,20,1,12,3,26,16,23,1,22,13,6,25,18,6,14,19,4,17,3,18,4,12,12,25,16,21,16,14,13,14,9,3,9,13,22,14,3,21,19,3,18,2,12,22,7,4,11,11,12,16,8,8,20,24,3,7,1,9,10,8,23,19,14,8,11,14,16,6,10,25,20,17,20,14,26,3,17,13,22,26,12,8,18,7,17,8,6,17,11,22,24,9,2,15,11,19,6,2,26,24,2,15,1,7,16,17,7,25,19,20,16,15,12",5000,100
14,30,307817.0521492394,23.096402035430724,"21,1,5,5,7,18,3,8,25,4,9,23,17,10,16,19,13,25,20,11,26,12,11,14,24,21,7,6,10,9,2,1,20,23,22,15,24,12,18,1,17,18,26,3,2,12,15,5,10,19,19,4,9,15,15,6,7,16,15,12,11,12,20,1,12,3,26,16,23,1,22,13,6,25,18,6,14,19,4,17,3,18,4,12,12,25,16,21,16,14,13,14,9,3,9,13,22,14,3,21,19,3,18,2,12,22,7,4,11,11,12,16,8,8,20,24,3,7,1,9,10,8,23,19,14,8,11,14,16,6,10,25,20,17,20,14,26,3,17,13,22,26,12,8,18,7,17,8,6,17,11,22,24,9,2,15,11,19,6,2,26,24,2,15,1,7,16,17,7,25,19,20,16,15,12",5000,100
14,31,307817.0521492394,23.096402035430724,"21,1,5,5,7,18,3,8,25,4,9,23,17,10,16,19,13,25,20,11,26,12,11,14,24,21,7,6,10,9,2,1,20,23,22,15,24,12,18,1,17,18,26,3,2,12,15,5,10,19,19,4,9,15,15,6,7,16,15,12,11,12,20,1,12,3,26,16,23,1,22,13,6,25,18,6,14,19,4,17,3,18,4,12,12,25,16,21,16,14,13,14,9,3,9,13,22,14,3,21,19,3,18,2,12,22,7,4,11,11,12,16,8,8,20,24,3,7,1,9,10,8,23,19,14,8,11,14,16,6,10,25,20,17,20,14,26,3,17,13,22,26,12,8,18,7,17,8,6,17,11,22,24,9,2,15,11,19,6,2,26,24,2,15,1,7,16,17,7,25,19,20,16,15,12",5000,100
14,32,307817.0521492394,23.096402035430724,"21,1,5,5,7,18,3,8,25,4,9,23,17,10,16,19,13,25,20,11,26,12,11,14,24,21,7,6,10,9,2,1,20,23,22,15,24,12,18,1,17,18,26,3,2,12,15,5,10,19,19,4,9,15,15,6,7,16,15,12,11,12,20,1,12,3,26,16,23,1,22,13,6,25,18,6,14,19,4,17,3,18,4,12,12,25,16,21,16,14,13,14,9,3,9,13,22,14,3,21,19,3,18,2,12,22,7,4,11,11,12,16,8,8,20,24,3,7,1,9,10,8,23,19,14,8,11,14,16,6,10,25,20,17,20,14,26,3,17,13,22,26,12,8,18,7,17,8,6,17,11,22,24,9,2,15,11,19,6,2,26,24,2,15,1,7,16,17,7,25,19,20,16,15,12",5000,100
14,33,307817.0521492394,23.096402035430724,"21,1,5,5,7,18,3,8,25,4,9,23,17,10,16,19,13,25,20,11,26,12,11,14,24,21,7,6,10,9,2,1,20,23,22,15,24,12,18,1,17,18,26,3,2,12,15,5,10,19,19,4,9,15,15,6,7,16,15,12,11,12,20,1,12,3,26,16,23,1,22,13,6,25,18,6,14,19,4,17,3,18,4,12,12,25,16,21,16,14,13,14,9,3,9,13,22,14,3,21,19,3,18,2,12,22,7,4,11,11,12,16,8,8,20,24,3,7,1,9,10,8,23,19,14,8,11,14,16,6,10,25,20,17,20,14,26,3,17,13,22,26,12,8,18,7,17,8,6,17,11,22,24,9,2,15,11,19,6,2,26,24,2,15,1,7,16,17,7,25,19,20,16,15,12",5000,100
14,34,307817.0521492394,23.096402035430724,"21,1,5,5,7,18,3,8,25,4,9,23,17,10,16,19,13,25,20,11,26,12,11,14,24,21,7,6,10,9,2,1,20,23,22,15,24,12,18,1,17,18,26,3,2,12,15,5,10,19,19,4,9,15,15,6,7,16,15,12,11,12,20,1,12,3,26,16,23,1,22,13,6,25,18,6,14,19,4,17,3,18,4,12,12,25,16,21,16,14,13,14,9,3,9,13,22,14,3,21,19,3,18,2,12,22,7,4,11,11,12,16,8,8,20,24,3,7,1,9,10,8,23,19,14,8,11,14,16,6,10,25,20,17,20,14,26,3,17,13,22,26,12,8,18,7,17,8,6,17,11,22,24,9,2,15,11,19,6,2,26,24,2,15,1,7,16,17,7,25,19,20,16,15,12",5000,100
14,35,307817.0521492394,23.096402035430724,"21,1,5,5,7,18,3,8,25,4,9,23,17,10,16,19,13,25,20,11,26,12,11,14,24,21,7,6,10,9,2,1,20,23,22,15,24,12,18,1,17,18,26,3,2,12,15,5,10,19,19,4,9,15,15,6,7,16,15,12,11,12,20,1,12,3,26,16,23,1,22,13,6,25,18,6,14,19,4,17,3,18,4,12,12,25,16,21,16,14,13,14,9,3,9,13,22,14,3,21,19,3,18,2,12,22,7,4,11,11,12,16,8,8,20,24,3,7,1,9,10,8,23,19,14,8,11,14,16,6,10,25,20,17,20,14,26,3,17,13,22,26,12,8,18,7,17,8,6,17,11,22,24,9,2,15,11,19,6,2,26,24,2,15,1,7,16,17,7,25,19,20,16,15,12",5000,100
14,36,307817.0521492394,23.096402035430724,"21,1,5,5,7,18,3,8,25,4,9,23,17,10,16,19,13,25,20,11,26,12,11,14,24,21,7,6,10,9,2,1,20,23,22,15,24,12,18,1,17,18,26,3,2,12,15,5,10,19,19,4,9,15,15,6,7,16,15,12,11,12,20,1,12,3,26,16,23,1,22,13,6,25,18,6,14,19,4,17,3,18,4,12,12,25,16,21,16,14,13,14,9,3,9,13,22,14,3,21,19,3,18,2,12,22,7,4,11,11,12,16,8,8,20,24,3,7,1,9,10,8,23,19,14,8,11,14,16,6,10,25,20,17,20,14,26,3,17,13,22,26,12,8,18,7,17,8,6,17,11,22,24,9,2,15,11,19,6,2,26,24,2,15,1,7,16,17,7,25,19,20,16,15,12",5000,100
14,37,307817.0521492394,23.096402035430724,"21,1,5,5,7,18,3,8,25,4,9,23,17,10,16,19,13,25,20,11,26,12,11,14,24,21,7,6,10,9,2,1,20,23,22,15,24,12,18,1,17,18,26,3,2,12,15,5,10,19,19,4,9,15,15,6,7,16,15,12,11,12,20,1,12,3,26,16,23,1,22,13,6,25,18,6,14,19,4,17,3,18,4,12,12,25,16,21,16,14,13,14,9,3,9,13,22,14,3,21,19,3,18,2,12,22,7,4,11,11,12,16,8,8,20,24,3,7,1,9,10,8,23,19,14,8,11,14,16,6,10,25,20,17,20,14,26,3,17,13,22,26,12,8,18,7,17,8,6,17,11,22,24,9,2,15,11,19,6,2,26,24,2,15,1,7,16,17,7,25,19,20,16,15,12",5000,100
14,38,307817.0521492394,23.096402035430724,"21,1,5,5,7,18,3,8,25,4,9,23,17,10,16,19,13,25,20,11,26,12,11,14,24,21,7,6,10,9,2,1,20,23,22,15,24,12,18,1,17,18,26,3,2,12,15,5,10,19,19,4,9,15,15,6,7,16,15,12,11,12,20,1,12,3,26,16,23,1,22,13,6,25,18,6,14,19,4,17,3,18,4,12,12,25,16,21,16,14,13,14,9,3,9,13,22,14,3,21,19,3,18,2,12,22,7,4,11,11,12,16,8,8,20,24,3,7,1,9,10,8,23,19,14,8,11,14,16,6,10,25,20,17,20,14,26,3,17,13,22,26,12,8,18,7,17,8,6,17,11,22,24,9,2,15,11,19,6,2,26,24,2,15,1,7,16,17,7,25,19,20,16,15,12",5000,100
14,39,307817.0521492394,23.096402035430724,"21,1,5,5,7,18,3,8,25,4,9,23,17,10,16,19,13,25,20,11,26,12,11,14,24,21,7,6,10,9,2,1,20,23,22,15,24,12,18,1,17,18,26,3,2,12,15,5,10,19,19,4,9,15,15,6,7,16,15,12,11,12,20,1,12,3,26,16,23,1,22,13,6,25,18,6,14,19,4,17,3,18,4,12,12,25,16,21,16,14,13,14,9,3,9,13,22,14,3,21,19,3,18,2,12,22,7,4,11,11,12,16,8,8,20,24,3,7,1,9,10,8,23,19,14,8,11,14,16,6,10,25,20,17,20,14,26,3,17,13,22,26,12,8,18,7,17,8,6,17,11,22,24,9,2,15,11,19,6,2,26,24,2,15,1,7,16,17,7,25,19,20,16,15,12",5000,100
14,40,307817.0521492394,23.096402035430724,"21,1,5,5,7,18,3,8,25,4,9,23,17,10,16,19,13,25,20,11,26,12,11,14,24,21,7,6,10,9,2,1,20,23,22,15,24,12,18,1,17,18,26,3,2,12,15,5,10,19,19,4,9,15,15,6,7,16,15,12,11,12,20,1,12,3,26,16,23,1,22,13,6,25,18,6,14,19,4,17,3,18,4,12,12,25,16,21,16,14,13,14,9,3,9,13,22,14,3,21,19,3,18,2,12,22,7,4,11,11,12,16,8,8,20,24,3,7,1,9,10,8,23,19,14,8,11,14,16,6,10,25,20,17,20,14,26,3,17,13,22,26,12,8,18,7,17,8,6,17,11,22,24,9,2,15,11,19,6,2,26,24,2,15,1,7,16,17,7,25,19,20,16,15,12",5000,100
14,41,307817.0521492394,23.096402035430724,"21,1,5,5,7,18,3,8,25,4,9,23,17,10,16,19,13,25,20,11,26,12,11,14,24,21,7,6,10,9,2,1,20,23,22,15,24,12,18,1,17,18,26,3,2,12,15,5,10,19,19,4,9,15,15,6,7,16,15,12,11,12,20,1,12,3,26,16,23,1,22,13,6,25,18,6,14,19,4,17,3,18,4,12,12,25,16,21,16,14,13,14,9,3,9,13,22,14,3,21,19,3,18,2,12,22,7,4,11,11,12,16,8,8,20,24,3,7,1,9,10,8,23,19,14,8,11,14,16,6,10,25,20,17,20,14,26,3,17,13,22,26,12,8,18,7,17,8,6,17,11,22,24,9,2,15,11,19,6,2,26,24,2,15,1,7,16,17,7,25,19,20,16,15,12",5000,100
14,42,307817.0521492394,23.096402035430724,"21,1,5,5,7,18,3,8,25,4,9,23,17,10,16,19,13,25,20,11,26,12,11,14,24,21,7,6,10,9,2,1,20,23,22,15,24,12,18,1,17,18,26,3,2,12,15,5,10,19,19,4,9,15,15,6,7,16,15,12,11,12,20,1,12,3,26,16,23,1,22,13,6,25,18,6,14,19,4,17,3,18,4,12,12,25,16,21,16,14,13,14,9,3,9,13,22,14,3,21,19,3,18,2,12,22,7,4,11,11,12,16,8,8,20,24,3,7,1,9,10,8,23,19,14,8,11,14,16,6,10,25,20,17,20,14,26,3,17,13,22,26,12,8,18,7,17,8,6,17,11,22,24,9,2,15,11,19,6,2,26,24,2,15,1,7,16,17,7,25,19,20,16,15,12",5000,100
14,43,307817.0521492394,23.096402035430724,"21,1,5,5,7,18,3,8,25,4,9,23,17,10,16,19,13,25,20,11,26,12,11,14,24,21,7,6,10,9,2,1,20,23,22,15,24,12,18,1,17,18,26,3,2,12,15,5,10,19,19,4,9,15,15,6,7,16,15,12,11,12,20,1,12,3,26,16,23,1,22,13,6,25,18,6,14,19,4,17,3,18,4,12,12,25,16,21,16,14,13,14,9,3,9,13,22,14,3,21,19,3,18,2,12,22,7,4,11,11,12,16,8,8,20,24,3,7,1,9,10,8,23,19,14,8,11,14,16,6,10,25,20,17,20,14,26,3,17,13,22,26,12,8,18,7,17,8,6,17,11,22,24,9,2,15,11,19,6,2,26,24,2,15,1,7,16,17,7,25,19,20,16,15,12",5000,100
14,44,307817.0521492394,23.096402035430724,"21,1,5,5,7,18,3,8,25,4,9,23,17,10,16,19,13,25,20,11,26,12,11,14,24,21,7,6,10,9,2,1,20,23,22,15,24,12,18,1,17,18,26,3,2,12,15,5,10,19,19,4,9,15,15,6,7,16,15,12,11,12,20,1,12,3,26,16,23,1,22,13,6,25,18,6,14,19,4,17,3,18,4,12,12,25,16,21,16,14,13,14,9,3,9,13,22,14,3,21,19,3,18,2,12,22,7,4,11,11,12,16,8,8,20,24,3,7,1,9,10,8,23,19,14,8,11,14,16,6,10,25,20,17,20,14,26,3,17,13,22,26,12,8,18,7,17,8,6,17,11,22,24,9,2,15,11,19,6,2,26,24,2,15,1,7,16,17,7,25,19,20,16,15,12",5000,100
14,45,307817.0521492394,23.096402035430724,"21,1,5,5,7,18,3,8,25,4,9,23,17,10,16,19,13,25,20,11,26,12,11,14,24,21,7,6,10,9,2,1,20,23,22,15,24,12,18,1,17,18,26,3,2,12,15,5,10,19,19,4,9,15,15,6,7,16,15,12,11,12,20,1,12,3,26,16,23,1,22,13,6,25,18,6,14,19,4,17,3,18,4,12,12,25,16,21,16,14,13,14,9,3,9,13,22,14,3,21,19,3,18,2,12,22,7,4,11,11,12,16,8,8,20,24,3,7,1,9,10,8,23,19,14,8,11,14,16,6,10,25,20,17,20,14,26,3,17,13,22,26,12,8,18,7,17,8,6,17,11,22,24,9,2,15,11,19,6,2,26,24,2,15,1,7,16,17,7,25,19,20,16,15,12",5000,100
14,46,307817.0521492394,23.096402035430724,"21,1,5,5,7,18,3,8,25,4,9,23,17,10,16,19,13,25,20,11,26,12,11,14,24,21,7,6,10,9,2,1,20,23,22,15,24,12,18,1,17,18,26,3,2,12,15,5,10,19,19,4,9,15,15,6,7,16,15,12,11,12,20,1,12,3,26,16,23,1,22,13,6,25,18,6,14,19,4,17,3,18,4,12,12,25,16,21,16,14,13,14,9,3,9,13,22,14,3,21,19,3,18,2,12,22,7,4,11,11,12,16,8,8,20,24,3,7,1,9,10,8,23,19,14,8,11,14,16,6,10,25,20,17,20,14,26,3,17,13,22,26,12,8,18,7,17,8,6,17,11,22,24,9,2,15,11,19,6,2,26,24,2,15,1,7,16,17,7,25,19,20,16,15,12",5000,100
14,47,307817.0521492394,23.096402035430724,"21,1,5,5,7,18,3,8,25,4,9,23,17,10,16,19,13,25,20,11,26,12,11,14,24,21,7,6,10,9,2,1,20,23,22,15,24,12,18,1,17,18,26,3,2,12,15,5,10,19,19,4,9,15,15,6,7,16,15,12,11,12,20,1,12,3,26,16,23,1,22,13,6,25,18,6,14,19,4,17,3,18,4,12,12,25,16,21,16,14,13,14,9,3,9,13,22,14,3,21,19,3,18,2,12,22,7,4,11,11,12,16,8,8,20,24,3,7,1,9,10,8,23,19,14,8,11,14,16,6,10,25,20,17,20,14,26,3,17,13,22,26,12,8,18,7,17,8,6,17,11,22,24,9,2,15,11,19,6,2,26,24,2,15,1,7,16,17,7,25,19,20,16,15,12",5000,100
14,48,307817.0521492394,23.096402035430724,"21,1,5,5,7,18,3,8,25,4,9,23,17,10,16,19,13,25,20,11,26,12,11,14,24,21,7,6,10,9,2,1,20,23,22,15,24,12,18,1,17,18,26,3,2,12,15,5,10,19,19,4,9,15,15,6,7,16,15,12,11,12,20,1,12,3,26,16,23,1,22,13,6,25,18,6,14,19,4,17,3,18,4,12,12,25,16,21,16,14,13,14,9,3,9,13,22,14,3,21,19,3,18,2,12,22,7,4,11,11,12,16,8,8,20,24,3,7,1,9,10,8,23,19,14,8,11,14,16,6,10,25,20,17,20,14,26,3,17,13,22,26,12,8,18,7,17,8,6,17,11,22,24,9,2,15,11,19,6,2,26,24,2,15,1,7,16,17,7,25,19,20,16,15,12",5000,100
14,49,307817.0521492394,23.096402035430724,"21,1,5,5,7,18,3,8,25,4,9,23,17,10,16,19,13,25,20,11,26,12,11,14,24,21,7,6,10,9,2,1,20,23,22,15,24,12,18,1,17,18,26,3,2,12,15,5,10,19,19,4,9,15,15,6,7,16,15,12,11,12,20,1,12,3,26,16,23,1,22,13,6,25,18,6,14,19,4,17,3,18,4,12,12,25,16,21,16,14,13,14,9,3,9,13,22,14,3,21,19,3,18,2,12,22,7,4,11,11,12,16,8,8,20,24,3,7,1,9,10,8,23,19,14,8,11,14,16,6,10,25,20,17,20,14,26,3,17,13,22,26,12,8,18,7,17,8,6,17,11,22,24,9,2,15,11,19,6,2,26,24,2,15,1,7,16,17,7,25,19,20,16,15,12",5000,100
14,50,307817.0521492394,23.096402035430724,"21,1,5,5,7,18,3,8,25,4,9,23,17,10,16,19,13,25,20,11,26,12,11,14,24,21,7,6,10,9,2,1,20,23,22,15,24,12,18,1,17,18,26,3,2,12,15,5,10,19,19,4,9,15,15,6,7,16,15,12,11,12,20,1,12,3,26,16,23,1,22,13,6,25,18,6,14,19,4,17,3,18,4,12,12,25,16,21,16,14,13,14,9,3,9,13,22,14,3,21,19,3,18,2,12,22,7,4,11,11,12,16,8,8,20,24,3,7,1,9,10,8,23,19,14,8,11,14,16,6,10,25,20,17,20,14,26,3,17,13,22,26,12,8,18,7,17,8,6,17,11,22,24,9,2,15,11,19,6,2,26,24,2,15,1,7,16,17,7,25,19,20,16,15,12",5000,100
14,51,307817.0521492394,23.096402035430724,"21,1,5,5,7,18,3,8,25,4,9,23,17,10,16,19,13,25,20,11,26,12,11,14,24,21,7,6,10,9,2,1,20,23,22,15,24,12,18,1,17,18,26,3,2,12,15,5,10,19,19,4,9,15,15,6,7,16,15,12,11,12,20,1,12,3,26,16,23,1,22,13,6,25,18,6,14,19,4,17,3,18,4,12,12,25,16,21,16,14,13,14,9,3,9,13,22,14,3,21,19,3,18,2,12,22,7,4,11,11,12,16,8,8,20,24,3,7,1,9,10,8,23,19,14,8,11,14,16,6,10,25,20,17,20,14,26,3,17,13,22,26,12,8,18,7,17,8,6,17,11,22,24,9,2,15,11,19,6,2,26,24,2,15,1,7,16,17,7,25,19,20,16,15,12",5000,100
14,52,307817.0521492394,23.096402035430724,"21,1,5,5,7,18,3,8,25,4,9,23,17,10,16,19,13,25,20,11,26,12,11,14,24,21,7,6,10,9,2,1,20,23,22,15,24,12,18,1,17,18,26,3,2,12,15,5,10,19,19,4,9,15,15,6,7,16,15,12,11,12,20,1,12,3,26,16,23,1,22,13,6,25,18,6,14,19,4,17,3,18,4,12,12,25,16,21,16,14,13,14,9,3,9,13,22,14,3,21,19,3,18,2,12,22,7,4,11,11,12,16,8,8,20,24,3,7,1,9,10,8,23,19,14,8,11,14,16,6,10,25,20,17,20,14,26,3,17,13,22,26,12,8,18,7,17,8,6,17,11,22,24,9,2,15,11,19,6,2,26,24,2,15,1,7,16,17,7,25,19,20,16,15,12",5000,100
14,53,307817.0521492394,23.096402035430724,"21,1,5,5,7,18,3,8,25,4,9,23,17,10,16,19,13,25,20,11,26,12,11,14,24,21,7,6,10,9,2,1,20,23,22,15,24,12,18,1,17,18,26,3,2,12,15,5,10,19,19,4,9,15,15,6,7,16,15,12,11,12,20,1,12,3,26,16,23,1,22,13,6,25,18,6,14,19,4,17,3,18,4,12,12,25,16,21,16,14,13,14,9,3,9,13,22,14,3,21,19,3,18,2,12,22,7,4,11,11,12,16,8,8,20,24,3,7,1,9,10,8,23,19,14,8,11,14,16,6,10,25,20,17,20,14,26,3,17,13,22,26,12,8,18,7,17,8,6,17,11,22,24,9,2,15,11,19,6,2,26,24,2,15,1,7,16,17,7,25,19,20,16,15,12",5000,100
14,54,307817.0521492394,23.096402035430724,"21,1,5,5,7,18,3,8,25,4,9,23,17,10,16,19,13,25,20,11,26,12,11,14,24,21,7,6,10,9,2,1,20,23,22,15,24,12,18,1,17,18,26,3,2,12,15,5,10,19,19,4,9,15,15,6,7,16,15,12,11,12,20,1,12,3,26,16,23,1,22,13,6,25,18,6,14,19,4,17,3,18,4,12,12,25,16,21,16,14,13,14,9,3,9,13,22,14,3,21,19,3,18,2,12,22,7,4,11,11,12,16,8,8,20,24,3,7,1,9,10,8,23,19,14,8,11,14,16,6,10,25,20,17,20,14,26,3,17,13,22,26,12,8,18,7,17,8,6,17,11,22,24,9,2,15,11,19,6,2,26,24,2,15,1,7,16,17,7,25,19,20,16,15,12",5000,100
14,55,307817.0521492394,23.096402035430724,"21,1,5,5,7,18,3,8,25,4,9,23,17,10,16,19,13,25,20,11,26,12,11,14,24,21,7,6,10,9,2,1,20,23,22,15,24,12,18,1,17,18,26,3,2,12,15,5,10,19,19,4,9,15,15,6,7,16,15,12,11,12,20,1,12,3,26,16,23,1,22,13,6,25,18,6,14,19,4,17,3,18,4,12,12,25,16,21,16,14,13,14,9,3,9,13,22,14,3,21,19,3,18,2,12,22,7,4,11,11,12,16,8,8,20,24,3,7,1,9,10,8,23,19,14,8,11,14,16,6,10,25,20,17,20,14,26,3,17,13,22,26,12,8,18,7,17,8,6,17,11,22,24,9,2,15,11,19,6,2,26,24,2,15,1,7,16,17,7,25,19,20,16,15,12",5000,100
14,56,307817.0521492394,23.096402035430724,"21,1,5,5,7,18,3,8,25,4,9,23,17,10,16,19,13,25,20,11,26,12,11,14,24,21,7,6,10,9,2,1,20,23,22,15,24,12,18,1,17,18,26,3,2,12,15,5,10,19,19,4,9,15,15,6,7,16,15,12,11,12,20,1,12,3,26,16,23,1,22,13,6,25,18,6,14,19,4,17,3,18,4,12,12,25,16,21,16,14,13,14,9,3,9,13,22,14,3,21,19,3,18,2,12,22,7,4,11,11,12,16,8,8,20,24,3,7,1,9,10,8,23,19,14,8,11,14,16,6,10,25,20,17,20,14,26,3,17,13,22,26,12,8,18,7,17,8,6,17,11,22,24,9,2,15,11,19,6,2,26,24,2,15,1,7,16,17,7,25,19,20,16,15,12",5000,100
14,57,307817.0521492394,23.096402035430724,"21,1,5,5,7,18,3,8,25,4,9,23,17,10,16,19,13,25,20,11,26,12,11,14,24,21,7,6,10,9,2,1,20,23,22,15,24,12,18,1,17,18,26,3,2,12,15,5,10,19,19,4,9,15,15,6,7,16,15,12,11,12,20,1,12,3,26,16,23,1,22,13,6,25,18,6,14,19,4,17,3,18,4,12,12,25,16,21,16,14,13,14,9,3,9,13,22,14,3,21,19,3,18,2,12,22,7,4,11,11,12,16,8,8,20,24,3,7,1,9,10,8,23,19,14,8,11,14,16,6,10,25,20,17,20,14,26,3,17,13,22,26,12,8,18,7,17,8,6,17,11,22,24,9,2,15,11,19,6,2,26,24,2,15,1,7,16,17,7,25,19,20,16,15,12",5000,100
14,58,307817.0521492394,23.096402035430724,"21,1,5,5,7,18,3,8,25,4,9,23,17,10,16,19,13,25,20,11,26,12,11,14,24,21,7,6,10,9,2,1,20,23,22,15,24,12,18,1,17,18,26,3,2,12,15,5,10,19,19,4,9,15,15,6,7,16,15,12,11,12,20,1,12,3,26,16,23,1,22,13,6,25,18,6,14,19,4,17,3,18,4,12,12,25,16,21,16,14,13,14,9,3,9,13,22,14,3,21,19,3,18,2,12,22,7,4,11,11,12,16,8,8,20,24,3,7,1,9,10,8,23,19,14,8,11,14,16,6,10,25,20,17,20,14,26,3,17,13,22,26,12,8,18,7,17,8,6,17,11,22,24,9,2,15,11,19,6,2,26,24,2,15,1,7,16,17,7,25,19,20,16,15,12",5000,100
14,59,307817.0521492394,23.096402035430724,"21,1,5,5,7,18,3,8,25,4,9,23,17,10,16,19,13,25,20,11,26,12,11,14,24,21,7,6,10,9,2,1,20,23,22,15,24,12,18,1,17,18,26,3,2,12,15,5,10,19,19,4,9,15,15,6,7,16,15,12,11,12,20,1,12,3,26,16,23,1,22,13,6,25,18,6,14,19,4,17,3,18,4,12,12,25,16,21,16,14,13,14,9,3,9,13,22,14,3,21,19,3,18,2,12,22,7,4,11,11,12,16,8,8,20,24,3,7,1,9,10,8,23,19,14,8,11,14,16,6,10,25,20,17,20,14,26,3,17,13,22,26,12,8,18,7,17,8,6,17,11,22,24,9,2,15,11,19,6,2,26,24,2,15,1,7,16,17,7,25,19,20,16,15,12",5000,100
14,60,307817.0521492394,23.096402035430724,"21,1,5,5,7,18,3,8,25,4,9,23,17,10,16,19,13,25,20,11,26,12,11,14,24,21,7,6,10,9,2,1,20,23,22,15,24,12,18,1,17,18,26,3,2,12,15,5,10,19,19,4,9,15,15,6,7,16,15,12,11,12,20,1,12,3,26,16,23,1,22,13,6,25,18,6,14,19,4,17,3,18,4,12,12,25,16,21,16,14,13,14,9,3,9,13,22,14,3,21,19,3,18,2,12,22,7,4,11,11,12,16,8,8,20,24,3,7,1,9,10,8,23,19,14,8,11,14,16,6,10,25,20,17,20,14,26,3,17,13,22,26,12,8,18,7,17,8,6,17,11,22,24,9,2,15,11,19,6,2,26,24,2,15,1,7,16,17,7,25,19,20,16,15,12",5000,100
14,61,307817.0521492394,23.096402035430724,"21,1,5,5,7,18,3,8,25,4,9,23,17,10,16,19,13,25,20,11,26,12,11,14,24,21,7,6,10,9,2,1,20,23,22,15,24,12,18,1,17,18,26,3,2,12,15,5,10,19,19,4,9,15,15,6,7,16,15,12,11,12,20,1,12,3,26,16,23,1,22,13,6,25,18,6,14,19,4,17,3,18,4,12,12,25,16,21,16,14,13,14,9,3,9,13,22,14,3,21,19,3,18,2,12,22,7,4,11,11,12,16,8,8,20,24,3,7,1,9,10,8,23,19,14,8,11,14,16,6,10,25,20,17,20,14,26,3,17,13,22,26,12,8,18,7,17,8,6,17,11,22,24,9,2,15,11,19,6,2,26,24,2,15,1,7,16,17,7,25,19,20,16,15,12",5000,100
14,62,307817.0521492394,23.096402035430724,"21,1,5,5,7,18,3,8,25,4,9,23,17,10,16,19,13,25,20,11,26,12,11,14,24,21,7,6,10,9,2,1,20,23,22,15,24,12,18,1,17,18,26,3,2,12,15,5,10,19,19,4,9,15,15,6,7,16,15,12,11,12,20,1,12,3,26,16,23,1,22,13,6,25,18,6,14,19,4,17,3,18,4,12,12,25,16,21,16,14,13,14,9,3,9,13,22,14,3,21,19,3,18,2,12,22,7,4,11,11,12,16,8,8,20,24,3,7,1,9,10,8,23,19,14,8,11,14,16,6,10,25,20,17,20,14,26,3,17,13,22,26,12,8,18,7,17,8,6,17,11,22,24,9,2,15,11,19,6,2,26,24,2,15,1,7,16,17,7,25,19,20,16,15,12",5000,100
14,63,307817.0521492394,23.096402035430724,"21,1,5,5,7,18,3,8,25,4,9,23,17,10,16,19,13,25,20,11,26,12,11,14,24,21,7,6,10,9,2,1,20,23,22,15,24,12,18,1,17,18,26,3,2,12,15,5,10,19,19,4,9,15,15,6,7,16,15,12,11,12,20,1,12,3,26,16,23,1,22,13,6,25,18,6,14,19,4,17,3,18,4,12,12,25,16,21,16,14,13,14,9,3,9,13,22,14,3,21,19,3,18,2,12,22,7,4,11,11,12,16,8,8,20,24,3,7,1,9,10,8,23,19,14,8,11,14,16,6,10,25,20,17,20,14,26,3,17,13,22,26,12,8,18,7,17,8,6,17,11,22,24,9,2,15,11,19,6,2,26,24,2,15,1,7,16,17,7,25,19,20,16,15,12",5000,100
14,64,307817.0521492394,23.096402035430724,"21,1,5,5,7,18,3,8,25,4,9,23,17,10,16,19,13,25,20,11,26,12,11,14,24,21,7,6,10,9,2,1,20,23,22,15,24,12,18,1,17,18,26,3,2,12,15,5,10,19,19,4,9,15,15,6,7,16,15,12,11,12,20,1,12,3,26,16,23,1,22,13,6,25,18,6,14,19,4,17,3,18,4,12,12,25,16,21,16,14,13,14,9,3,9,13,22,14,3,21,19,3,18,2,12,22,7,4,11,11,12,16,8,8,20,24,3,7,1,9,10,8,23,19,14,8,11,14,16,6,10,25,20,17,20,14,26,3,17,13,22,26,12,8,18,7,17,8,6,17,11,22,24,9,2,15,11,19,6,2,26,24,2,15,1,7,16,17,7,25,19,20,16,15,12",5000,100
14,65,307817.0521492394,23.096402035430724,"21,1,5,5,7,18,3,8,25,4,9,23,17,10,16,19,13,25,20,11,26,12,11,14,24,21,7,6,10,9,2,1,20,23,22,15,24,12,18,1,17,18,26,3,2,12,15,5,10,19,19,4,9,15,15,6,7,16,15,12,11,12,20,1,12,3,26,16,23,1,22,13,6,25,18,6,14,19,4,17,3,18,4,12,12,25,16,21,16,14,13,14,9,3,9,13,22,14,3,21,19,3,18,2,12,22,7,4,11,11,12,16,8,8,20,24,3,7,1,9,10,8,23,19,14,8,11,14,16,6,10,25,20,17,20,14,26,3,17,13,22,26,12,8,18,7,17,8,6,17,11,22,24,9,2,15,11,19,6,2,26,24,2,15,1,7,16,17,7,25,19,20,16,15,12",5000,100
14,66,307817.0521492394,23.096402035430724,"21,1,5,5,7,18,3,8,25,4,9,23,17,10,16,19,13,25,20,11,26,12,11,14,24,21,7,6,10,9,2,1,20,23,22,15,24,12,18,1,17,18,26,3,2,12,15,5,10,19,19,4,9,15,15,6,7,16,15,12,11,12,20,1,12,3,26,16,23,1,22,13,6,25,18,6,14,19,4,17,3,18,4,12,12,25,16,21,16,14,13,14,9,3,9,13,22,14,3,21,19,3,18,2,12,22,7,4,11,11,12,16,8,8,20,24,3,7,1,9,10,8,23,19,14,8,11,14,16,6,10,25,20,17,20,14,26,3,17,13,22,26,12,8,18,7,17,8,6,17,11,22,24,9,2,15,11,19,6,2,26,24,2,15,1,7,16,17,7,25,19,20,16,15,12",5000,100
14,67,307817.0521492394,23.096402035430724,"21,1,5,5,7,18,3,8,25,4,9,23,17,10,16,19,13,25,20,11,26,12,11,14,24,21,7,6,10,9,2,1,20,23,22,15,24,12,18,1,17,18,26,3,2,12,15,5,10,19,19,4,9,15,15,6,7,16,15,12,11,12,20,1,12,3,26,16,23,1,22,13,6,25,18,6,14,19,4,17,3,18,4,12,12,25,16,21,16,14,13,14,9,3,9,13,22,14,3,21,19,3,18,2,12,22,7,4,11,11,12,16,8,8,20,24,3,7,1,9,10,8,23,19,14,8,11,14,16,6,10,25,20,17,20,14,26,3,17,13,22,26,12,8,18,7,17,8,6,17,11,22,24,9,2,15,11,19,6,2,26,24,2,15,1,7,16,17,7,25,19,20,16,15,12",5000,100
14,68,307817.0521492394,23.096402035430724,"21,1,5,5,7,18,3,8,25,4,9,23,17,10,16,19,13,25,20,11,26,12,11,14,24,21,7,6,10,9,2,1,20,23,22,15,24,12,18,1,17,18,26,3,2,12,15,5,10,19,19,4,9,15,15,6,7,16,15,12,11,12,20,1,12,3,26,16,23,1,22,13,6,25,18,6,14,19,4,17,3,18,4,12,12,25,16,21,16,14,13,14,9,3,9,13,22,14,3,21,19,3,18,2,12,22,7,4,11,11,12,16,8,8,20,24,3,7,1,9,10,8,23,19,14,8,11,14,16,6,10,25,20,17,20,14,26,3,17,13,22,26,12,8,18,7,17,8,6,17,11,22,24,9,2,15,11,19,6,2,26,24,2,15,1,7,16,17,7,25,19,20,16,15,12",5000,100
14,69,307817.0521492394,23.096402035430724,"21,1,5,5,7,18,3,8,25,4,9,23,17,10,16,19,13,25,20,11,26,12,11,14,24,21,7,6,10,9,2,1,20,23,22,15,24,12,18,1,17,18,26,3,2,12,15,5,10,19,19,4,9,15,15,6,7,16,15,12,11,12,20,1,12,3,26,16,23,1,22,13,6,25,18,6,14,19,4,17,3,18,4,12,12,25,16,21,16,14,13,14,9,3,9,13,22,14,3,21,19,3,18,2,12,22,7,4,11,11,12,16,8,8,20,24,3,7,1,9,10,8,23,19,14,8,11,14,16,6,10,25,20,17,20,14,26,3,17,13,22,26,12,8,18,7,17,8,6,17,11,22,24,9,2,15,11,19,6,2,26,24,2,15,1,7,16,17,7,25,19,20,16,15,12",5000,100
14,70,307817.0521492394,23.096402035430724,"21,1,5,5,7,18,3,8,25,4,9,23,17,10,16,19,13,25,20,11,26,12,11,14,24,21,7,6,10,9,2,1,20,23,22,15,24,12,18,1,17,18,26,3,2,12,15,5,10,19,19,4,9,15,15,6,7,16,15,12,11,12,20,1,12,3,26,16,23,1,22,13,6,25,18,6,14,19,4,17,3,18,4,12,12,25,16,21,16,14,13,14,9,3,9,13,22,14,3,21,19,3,18,2,12,22,7,4,11,11,12,16,8,8,20,24,3,7,1,9,10,8,23,19,14,8,11,14,16,6,10,25,20,17,20,14,26,3,17,13,22,26,12,8,18,7,17,8,6,17,11,22,24,9,2,15,11,19,6,2,26,24,2,15,1,7,16,17,7,25,19,20,16,15,12",5000,100
14,71,307817.0521492394,23.096402035430724,"21,1,5,5,7,18,3,8,25,4,9,23,17,10,16,19,13,25,20,11,26,12,11,14,24,21,7,6,10,9,2,1,20,23,22,15,24,12,18,1,17,18,26,3,2,12,15,5,10,19,19,4,9,15,15,6,7,16,15,12,11,12,20,1,12,3,26,16,23,1,22,13,6,25,18,6,14,19,4,17,3,18,4,12,12,25,16,21,16,14,13,14,9,3,9,13,22,14,3,21,19,3,18,2,12,22,7,4,11,11,12,16,8,8,20,24,3,7,1,9,10,8,23,19,14,8,11,14,16,6,10,25,20,17,20,14,26,3,17,13,22,26,12,8,18,7,17,8,6,17,11,22,24,9,2,15,11,19,6,2,26,24,2,15,1,7,16,17,7,25,19,20,16,15,12",5000,100
14,72,307817.0521492394,23.096402035430724,"21,1,5,5,7,18,3,8,25,4,9,23,17,10,16,19,13,25,20,11,26,12,11,14,24,21,7,6,10,9,2,1,20,23,22,15,24,12,18,1,17,18,26,3,2,12,15,5,10,19,19,4,9,15,15,6,7,16,15,12,11,12,20,1,12,3,26,16,23,1,22,13,6,25,18,6,14,19,4,17,3,18,4,12,12,25,16,21,16,14,13,14,9,3,9,13,22,14,3,21,19,3,18,2,12,22,7,4,11,11,12,16,8,8,20,24,3,7,1,9,10,8,23,19,14,8,11,14,16,6,10,25,20,17,20,14,26,3,17,13,22,26,12,8,18,7,17,8,6,17,11,22,24,9,2,15,11,19,6,2,26,24,2,15,1,7,16,17,7,25,19,20,16,15,12",5000,100
14,73,307817.0521492394,23.096402035430724,"21,1,5,5,7,18,3,8,25,4,9,23,17,10,16,19,13,25,20,11,26,12,11,14,24,21,7,6,10,9,2,1,20,23,22,15,24,12,18,1,17,18,26,3,2,12,15,5,10,19,19,4,9,15,15,6,7,16,15,12,11,12,20,1,12,3,26,16,23,1,22,13,6,25,18,6,14,19,4,17,3,18,4,12,12,25,16,21,16,14,13,14,9,3,9,13,22,14,3,21,19,3,18,2,12,22,7,4,11,11,12,16,8,8,20,24,3,7,1,9,10,8,23,19,14,8,11,14,16,6,10,25,20,17,20,14,26,3,17,13,22,26,12,8,18,7,17,8,6,17,11,22,24,9,2,15,11,19,6,2,26,24,2,15,1,7,16,17,7,25,19,20,16,15,12",5000,100
14,74,307817.0521492394,23.096402035430724,"21,1,5,5,7,18,3,8,25,4,9,23,17,10,16,19,13,25,20,11,26,12,11,14,24,21,7,6,10,9,2,1,20,23,22,15,24,12,18,1,17,18,26,3,2,12,15,5,10,19,19,4,9,15,15,6,7,16,15,12,11,12,20,1,12,3,26,16,23,1,22,13,6,25,18,6,14,19,4,17,3,18,4,12,12,25,16,21,16,14,13,14,9,3,9,13,22,14,3,21,19,3,18,2,12,22,7,4,11,11,12,16,8,8,20,24,3,7,1,9,10,8,23,19,14,8,11,14,16,6,10,25,20,17,20,14,26,3,17,13,22,26,12,8,18,7,17,8,6,17,11,22,24,9,2,15,11,19,6,2,26,24,2,15,1,7,16,17,7,25,19,20,16,15,12",5000,100
14,75,307817.0521492394,23.096402035430724,"21,1,5,5,7,18,3,8,25,4,9,23,17,10,16,19,13,25,20,11,26,12,11,14,24,21,7,6,10,9,2,1,20,23,22,15,24,12,18,1,17,18,26,3,2,12,15,5,10,19,19,4,9,15,15,6,7,16,15,12,11,12,20,1,12,3,26,16,23,1,22,13,6,25,18,6,14,19,4,17,3,18,4,12,12,25,16,21,16,14,13,14,9,3,9,13,22,14,3,21,19,3,18,2,12,22,7,4,11,11,12,16,8,8,20,24,3,7,1,9,10,8,23,19,14,8,11,14,16,6,10,25,20,17,20,14,26,3,17,13,22,26,12,8,18,7,17,8,6,17,11,22,24,9,2,15,11,19,6,2,26,24,2,15,1,7,16,17,7,25,19,20,16,15,12",5000,100
14,76,307817.0521492394,23.096402035430724,"21,1,5,5,7,18,3,8,25,4,9,23,17,10,16,19,13,25,20,11,26,12,11,14,24,21,7,6,10,9,2,1,20,23,22,15,24,12,18,1,17,18,26,3,2,12,15,5,10,19,19,4,9,15,15,6,7,16,15,12,11,12,20,1,12,3,26,16,23,1,22,13,6,25,18,6,14,19,4,17,3,18,4,12,12,25,16,21,16,14,13,14,9,3,9,13,22,14,3,21,19,3,18,2,12,22,7,4,11,11,12,16,8,8,20,24,3,7,1,9,10,8,23,19,14,8,11,14,16,6,10,25,20,17,20,14,26,3,17,13,22,26,12,8,18,7,17,8,6,17,11,22,24,9,2,15,11,19,6,2,26,24,2,15,1,7,16,17,7,25,19,20,16,15,12",5000,100
14,77,307817.0521492394,23.096402035430724,"21,1,5,5,7,18,3,8,25,4,9,23,17,10,16,19,13,25,20,11,26,12,11,14,24,21,7,6,10,9,2,1,20,23,22,15,24,12,18,1,17,18,26,3,2,12,15,5,10,19,19,4,9,15,15,6,7,16,15,12,11,12,20,1,12,3,26,16,23,1,22,13,6,25,18,6,14,19,4,17,3,18,4,12,12,25,16,21,16,14,13,14,9,3,9,13,22,14,3,21,19,3,18,2,12,22,7,4,11,11,12,16,8,8,20,24,3,7,1,9,10,8,23,19,14,8,11,14,16,6,10,25,20,17,20,14,26,3,17,13,22,26,12,8,18,7,17,8,6,17,11,22,24,9,2,15,11,19,6,2,26,24,2,15,1,7,16,17,7,25,19,20,16,15,12",5000,100
14,78,307817.0521492394,23.096402035430724,"21,1,5,5,7,18,3,8,25,4,9,23,17,10,16,19,13,25,20,11,26,12,11,14,24,21,7,6,10,9,2,1,20,23,22,15,24,12,18,1,17,18,26,3,2,12,15,5,10,19,19,4,9,15,15,6,7,16,15,12,11,12,20,1,12,3,26,16,23,1,22,13,6,25,18,6,14,19,4,17,3,18,4,12,12,25,16,21,16,14,13,14,9,3,9,13,22,14,3,21,19,3,18,2,12,22,7,4,11,11,12,16,8,8,20,24,3,7,1,9,10,8,23,19,14,8,11,14,16,6,10,25,20,17,20,14,26,3,17,13,22,26,12,8,18,7,17,8,6,17,11,22,24,9,2,15,11,19,6,2,26,24,2,15,1,7,16,17,7,25,19,20,16,15,12",5000,100
14,79,307817.0521492394,23.096402035430724,"21,1,5,5,7,18,3,8,25,4,9,23,17,10,16,19,13,25,20,11,26,12,11,14,24,21,7,6,10,9,2,1,20,23,22,15,24,12,18,1,17,18,26,3,2,12,15,5,10,19,19,4,9,15,15,6,7,16,15,12,11,12,20,1,12,3,26,16,23,1,22,13,6,25,18,6,14,19,4,17,3,18,4,12,12,25,16,21,16,14,13,14,9,3,9,13,22,14,3,21,19,3,18,2,12,22,7,4,11,11,12,16,8,8,20,24,3,7,1,9,10,8,23,19,14,8,11,14,16,6,10,25,20,17,20,14,26,3,17,13,22,26,12,8,18,7,17,8,6,17,11,22,24,9,2,15,11,19,6,2,26,24,2,15,1,7,16,17,7,25,19,20,16,15,12",5000,100
14,80,307817.0521492394,23.096402035430724,"21,1,5,5,7,18,3,8,25,4,9,23,17,10,16,19,13,25,20,11,26,12,11,14,24,21,7,6,10,9,2,1,20,23,22,15,24,12,18,1,17,18,26,3,2,12,15,5,10,19,19,4,9,15,15,6,7,16,15,12,11,12,20,1,12,3,26,16,23,1,22,13,6,25,18,6,14,19,4,17,3,18,4,12,12,25,16,21,16,14,13,14,9,3,9,13,22,14,3,21,19,3,18,2,12,22,7,4,11,11,12,16,8,8,20,24,3,7,1,9,10,8,23,19,14,8,11,14,16,6,10,25,20,17,20,14,26,3,17,13,22,26,12,8,18,7,17,8,6,17,11,22,24,9,2,15,11,19,6,2,26,24,2,15,1,7,16,17,7,25,19,20,16,15,12",5000,100
14,81,307817.0521492394,23.096402035430724,"21,1,5,5,7,18,3,8,25,4,9,23,17,10,16,19,13,25,20,11,26,12,11,14,24,21,7,6,10,9,2,1,20,23,22,15,24,12,18,1,17,18,26,3,2,12,15,5,10,19,19,4,9,15,15,6,7,16,15,12,11,12,20,1,12,3,26,16,23,1,22,13,6,25,18,6,14,19,4,17,3,18,4,12,12,25,16,21,16,14,13,14,9,3,9,13,22,14,3,21,19,3,18,2,12,22,7,4,11,11,12,16,8,8,20,24,3,7,1,9,10,8,23,19,14,8,11,14,16,6,10,25,20,17,20,14,26,3,17,13,22,26,12,8,18,7,17,8,6,17,11,22,24,9,2,15,11,19,6,2,26,24,2,15,1,7,16,17,7,25,19,20,16,15,12",5000,100
14,82,307817.0521492394,23.096402035430724,"21,1,5,5,7,18,3,8,25,4,9,23,17,10,16,19,13,25,20,11,26,12,11,14,24,21,7,6,10,9,2,1,20,23,22,15,24,12,18,1,17,18,26,3,2,12,15,5,10,19,19,4,9,15,15,6,7,16,15,12,11,12,20,1,12,3,26,16,23,1,22,13,6,25,18,6,14,19,4,17,3,18,4,12,12,25,16,21,16,14,13,14,9,3,9,13,22,14,3,21,19,3,18,2,12,22,7,4,11,11,12,16,8,8,20,24,3,7,1,9,10,8,23,19,14,8,11,14,16,6,10,25,20,17,20,14,26,3,17,13,22,26,12,8,18,7,17,8,6,17,11,22,24,9,2,15,11,19,6,2,26,24,2,15,1,7,16,17,7,25,19,20,16,15,12",5000,100
14,83,307817.0521492394,23.096402035430724,"21,1,5,5,7,18,3,8,25,4,9,23,17,10,16,19,13,25,20,11,26,12,11,14,24,21,7,6,10,9,2,1,20,23,22,15,24,12,18,1,17,18,26,3,2,12,15,5,10,19,19,4,9,15,15,6,7,16,15,12,11,12,20,1,12,3,26,16,23,1,22,13,6,25,18,6,14,19,4,17,3,18,4,12,12,25,16,21,16,14,13,14,9,3,9,13,22,14,3,21,19,3,18,2,12,22,7,4,11,11,12,16,8,8,20,24,3,7,1,9,10,8,23,19,14,8,11,14,16,6,10,25,20,17,20,14,26,3,17,13,22,26,12,8,18,7,17,8,6,17,11,22,24,9,2,15,11,19,6,2,26,24,2,15,1,7,16,17,7,25,19,20,16,15,12",5000,100
14,84,307817.0521492394,23.096402035430724,"21,1,5,5,7,18,3,8,25,4,9,23,17,10,16,19,13,25,20,11,26,12,11,14,24,21,7,6,10,9,2,1,20,23,22,15,24,12,18,1,17,18,26,3,2,12,15,5,10,19,19,4,9,15,15,6,7,16,15,12,11,12,20,1,12,3,26,16,23,1,22,13,6,25,18,6,14,19,4,17,3,18,4,12,12,25,16,21,16,14,13,14,9,3,9,13,22,14,3,21,19,3,18,2,12,22,7,4,11,11,12,16,8,8,20,24,3,7,1,9,10,8,23,19,14,8,11,14,16,6,10,25,20,17,20,14,26,3,17,13,22,26,12,8,18,7,17,8,6,17,11,22,24,9,2,15,11,19,6,2,26,24,2,15,1,7,16,17,7,25,19,20,16,15,12",5000,100
14,85,307817.0521492394,23.096402035430724,"21,1,5,5,7,18,3,8,25,4,9,23,17,10,16,19,13,25,20,11,26,12,11,14,24,21,7,6,10,9,2,1,20,23,22,15,24,12,18,1,17,18,26,3,2,12,15,5,10,19,19,4,9,15,15,6,7,16,15,12,11,12,20,1,12,3,26,16,23,1,22,13,6,25,18,6,14,19,4,17,3,18,4,12,12,25,16,21,16,14,13,14,9,3,9,13,22,14,3,21,19,3,18,2,12,22,7,4,11,11,12,16,8,8,20,24,3,7,1,9,10,8,23,19,14,8,11,14,16,6,10,25,20,17,20,14,26,3,17,13,22,26,12,8,18,7,17,8,6,17,11,22,24,9,2,15,11,19,6,2,26,24,2,15,1,7,16,17,7,25,19,20,16,15,12",5000,100
14,86,307817.0521492394,23.096402035430724,"21,1,5,5,7,18,3,8,25,4,9,23,17,10,16,19,13,25,20,11,26,12,11,14,24,21,7,6,10,9,2,1,20,23,22,15,24,12,18,1,17,18,26,3,2,12,15,5,10,19,19,4,9,15,15,6,7,16,15,12,11,12,20,1,12,3,26,16,23,1,22,13,6,25,18,6,14,19,4,17,3,18,4,12,12,25,16,21,16,14,13,14,9,3,9,13,22,14,3,21,19,3,18,2,12,22,7,4,11,11,12,16,8,8,20,24,3,7,1,9,10,8,23,19,14,8,11,14,16,6,10,25,20,17,20,14,26,3,17,13,22,26,12,8,18,7,17,8,6,17,11,22,24,9,2,15,11,19,6,2,26,24,2,15,1,7,16,17,7,25,19,20,16,15,12",5000,100
14,87,307817.0521492394,23.096402035430724,"21,1,5,5,7,18,3,8,25,4,9,23,17,10,16,19,13,25,20,11,26,12,11,14,24,21,7,6,10,9,2,1,20,23,22,15,24,12,18,1,17,18,26,3,2,12,15,5,10,19,19,4,9,15,15,6,7,16,15,12,11,12,20,1,12,3,26,16,23,1,22,13,6,25,18,6,14,19,4,17,3,18,4,12,12,25,16,21,16,14,13,14,9,3,9,13,22,14,3,21,19,3,18,2,12,22,7,4,11,11,12,16,8,8,20,24,3,7,1,9,10,8,23,19,14,8,11,14,16,6,10,25,20,17,20,14,26,3,17,13,22,26,12,8,18,7,17,8,6,17,11,22,24,9,2,15,11,19,6,2,26,24,2,15,1,7,16,17,7,25,19,20,16,15,12",5000,100
14,88,307817.0521492394,23.096402035430724,"21,1,5,5,7,18,3,8,25,4,9,23,17,10,16,19,13,25,20,11,26,12,11,14,24,21,7,6,10,9,2,1,20,23,22,15,24,12,18,1,17,18,26,3,2,12,15,5,10,19,19,4,9,15,15,6,7,16,15,12,11,12,20,1,12,3,26,16,23,1,22,13,6,25,18,6,14,19,4,17,3,18,4,12,12,25,16,21,16,14,13,14,9,3,9,13,22,14,3,21,19,3,18,2,12,22,7,4,11,11,12,16,8,8,20,24,3,7,1,9,10,8,23,19,14,8,11,14,16,6,10,25,20,17,20,14,26,3,17,13,22,26,12,8,18,7,17,8,6,17,11,22,24,9,2,15,11,19,6,2,26,24,2,15,1,7,16,17,7,25,19,20,16,15,12",5000,100
14,89,307817.0521492394,23.096402035430724,"21,1,5,5,7,18,3,8,25,4,9,23,17,10,16,19,13,25,20,11,26,12,11,14,24,21,7,6,10,9,2,1,20,23,22,15,24,12,18,1,17,18,26,3,2,12,15,5,10,19,19,4,9,15,15,6,7,16,15,12,11,12,20,1,12,3,26,16,23,1,22,13,6,25,18,6,14,19,4,17,3,18,4,12,12,25,16,21,16,14,13,14,9,3,9,13,22,14,3,21,19,3,18,2,12,22,7,4,11,11,12,16,8,8,20,24,3,7,1,9,10,8,23,19,14,8,11,14,16,6,10,25,20,17,20,14,26,3,17,13,22,26,12,8,18,7,17,8,6,17,11,22,24,9,2,15,11,19,6,2,26,24,2,15,1,7,16,17,7,25,19,20,16,15,12",5000,100
14,90,307817.0521492394,23.096402035430724,"21,1,5,5,7,18,3,8,25,4,9,23,17,10,16,19,13,25,20,11,26,12,11,14,24,21,7,6,10,9,2,1,20,23,22,15,24,12,18,1,17,18,26,3,2,12,15,5,10,19,19,4,9,15,15,6,7,16,15,12,11,12,20,1,12,3,26,16,23,1,22,13,6,25,18,6,14,19,4,17,3,18,4,12,12,25,16,21,16,14,13,14,9,3,9,13,22,14,3,21,19,3,18,2,12,22,7,4,11,11,12,16,8,8,20,24,3,7,1,9,10,8,23,19,14,8,11,14,16,6,10,25,20,17,20,14,26,3,17,13,22,26,12,8,18,7,17,8,6,17,11,22,24,9,2,15,11,19,6,2,26,24,2,15,1,7,16,17,7,25,19,20,16,15,12",5000,100
14,91,307817.0521492394,23.096402035430724,"21,1,5,5,7,18,3,8,25,4,9,23,17,10,16,19,13,25,20,11,26,12,11,14,24,21,7,6,10,9,2,1,20,23,22,15,24,12,18,1,17,18,26,3,2,12,15,5,10,19,19,4,9,15,15,6,7,16,15,12,11,12,20,1,12,3,26,16,23,1,22,13,6,25,18,6,14,19,4,17,3,18,4,12,12,25,16,21,16,14,13,14,9,3,9,13,22,14,3,21,19,3,18,2,12,22,7,4,11,11,12,16,8,8,20,24,3,7,1,9,10,8,23,19,14,8,11,14,16,6,10,25,20,17,20,14,26,3,17,13,22,26,12,8,18,7,17,8,6,17,11,22,24,9,2,15,11,19,6,2,26,24,2,15,1,7,16,17,7,25,19,20,16,15,12",5000,100
14,92,307817.0521492394,23.096402035430724,"21,1,5,5,7,18,3,8,25,4,9,23,17,10,16,19,13,25,20,11,26,12,11,14,24,21,7,6,10,9,2,1,20,23,22,15,24,12,18,1,17,18,26,3,2,12,15,5,10,19,19,4,9,15,15,6,7,16,15,12,11,12,20,1,12,3,26,16,23,1,22,13,6,25,18,6,14,19,4,17,3,18,4,12,12,25,16,21,16,14,13,14,9,3,9,13,22,14,3,21,19,3,18,2,12,22,7,4,11,11,12,16,8,8,20,24,3,7,1,9,10,8,23,19,14,8,11,14,16,6,10,25,20,17,20,14,26,3,17,13,22,26,12,8,18,7,17,8,6,17,11,22,24,9,2,15,11,19,6,2,26,24,2,15,1,7,16,17,7,25,19,20,16,15,12",5000,100
14,93,307817.0521492394,23.096402035430724,"21,1,5,5,7,18,3,8,25,4,9,23,17,10,16,19,13,25,20,11,26,12,11,14,24,21,7,6,10,9,2,1,20,23,22,15,24,12,18,1,17,18,26,3,2,12,15,5,10,19,19,4,9,15,15,6,7,16,15,12,11,12,20,1,12,3,26,16,23,1,22,13,6,25,18,6,14,19,4,17,3,18,4,12,12,25,16,21,16,14,13,14,9,3,9,13,22,14,3,21,19,3,18,2,12,22,7,4,11,11,12,16,8,8,20,24,3,7,1,9,10,8,23,19,14,8,11,14,16,6,10,25,20,17,20,14,26,3,17,13,22,26,12,8,18,7,17,8,6,17,11,22,24,9,2,15,11,19,6,2,26,24,2,15,1,7,16,17,7,25,19,20,16,15,12",5000,100
14,94,307817.0521492394,23.096402035430724,"21,1,5,5,7,18,3,8,25,4,9,23,17,10,16,19,13,25,20,11,26,12,11,14,24,21,7,6,10,9,2,1,20,23,22,15,24,12,18,1,17,18,26,3,2,12,15,5,10,19,19,4,9,15,15,6,7,16,15,12,11,12,20,1,12,3,26,16,23,1,22,13,6,25,18,6,14,19,4,17,3,18,4,12,12,25,16,21,16,14,13,14,9,3,9,13,22,14,3,21,19,3,18,2,12,22,7,4,11,11,12,16,8,8,20,24,3,7,1,9,10,8,23,19,14,8,11,14,16,6,10,25,20,17,20,14,26,3,17,13,22,26,12,8,18,7,17,8,6,17,11,22,24,9,2,15,11,19,6,2,26,24,2,15,1,7,16,17,7,25,19,20,16,15,12",5000,100
14,95,307817.0521492394,23.096402035430724,"21,1,5,5,7,18,3,8,25,4,9,23,17,10,16,19,13,25,20,11,26,12,11,14,24,21,7,6,10,9,2,1,20,23,22,15,24,12,18,1,17,18,26,3,2,12,15,5,10,19,19,4,9,15,15,6,7,16,15,12,11,12,20,1,12,3,26,16,23,1,22,13,6,25,18,6,14,19,4,17,3,18,4,12,12,25,16,21,16,14,13,14,9,3,9,13,22,14,3,21,19,3,18,2,12,22,7,4,11,11,12,16,8,8,20,24,3,7,1,9,10,8,23,19,14,8,11,14,16,6,10,25,20,17,20,14,26,3,17,13,22,26,12,8,18,7,17,8,6,17,11,22,24,9,2,15,11,19,6,2,26,24,2,15,1,7,16,17,7,25,19,20,16,15,12",5000,100
14,96,307817.0521492394,23.096402035430724,"21,1,5,5,7,18,3,8,25,4,9,23,17,10,16,19,13,25,20,11,26,12,11,14,24,21,7,6,10,9,2,1,20,23,22,15,24,12,18,1,17,18,26,3,2,12,15,5,10,19,19,4,9,15,15,6,7,16,15,12,11,12,20,1,12,3,26,16,23,1,22,13,6,25,18,6,14,19,4,17,3,18,4,12,12,25,16,21,16,14,13,14,9,3,9,13,22,14,3,21,19,3,18,2,12,22,7,4,11,11,12,16,8,8,20,24,3,7,1,9,10,8,23,19,14,8,11,14,16,6,10,25,20,17,20,14,26,3,17,13,22,26,12,8,18,7,17,8,6,17,11,22,24,9,2,15,11,19,6,2,26,24,2,15,1,7,16,17,7,25,19,20,16,15,12",5000,100
14,97,307817.0521492394,23.096402035430724,"21,1,5,5,7,18,3,8,25,4,9,23,17,10,16,19,13,25,20,11,26,12,11,14,24,21,7,6,10,9,2,1,20,23,22,15,24,12,18,1,17,18,26,3,2,12,15,5,10,19,19,4,9,15,15,6,7,16,15,12,11,12,20,1,12,3,26,16,23,1,22,13,6,25,18,6,14,19,4,17,3,18,4,12,12,25,16,21,16,14,13,14,9,3,9,13,22,14,3,21,19,3,18,2,12,22,7,4,11,11,12,16,8,8,20,24,3,7,1,9,10,8,23,19,14,8,11,14,16,6,10,25,20,17,20,14,26,3,17,13,22,26,12,8,18,7,17,8,6,17,11,22,24,9,2,15,11,19,6,2,26,24,2,15,1,7,16,17,7,25,19,20,16,15,12",5000,100
14,98,307817.0521492394,23.096402035430724,"21,1,5,5,7,18,3,8,25,4,9,23,17,10,16,19,13,25,20,11,26,12,11,14,24,21,7,6,10,9,2,1,20,23,22,15,24,12,18,1,17,18,26,3,2,12,15,5,10,19,19,4,9,15,15,6,7,16,15,12,11,12,20,1,12,3,26,16,23,1,22,13,6,25,18,6,14,19,4,17,3,18,4,12,12,25,16,21,16,14,13,14,9,3,9,13,22,14,3,21,19,3,18,2,12,22,7,4,11,11,12,16,8,8,20,24,3,7,1,9,10,8,23,19,14,8,11,14,16,6,10,25,20,17,20,14,26,3,17,13,22,26,12,8,18,7,17,8,6,17,11,22,24,9,2,15,11,19,6,2,26,24,2,15,1,7,16,17,7,25,19,20,16,15,12",5000,100
14,99,307951.2511632005,23.056401131488293,"21,1,5,5,7,18,3,8,25,4,9,23,17,10,16,19,13,25,20,11,26,12,11,14,24,21,7,6,10,9,2,1,20,23,22,15,24,12,18,1,17,18,26,3,2,12,15,5,10,19,19,4,9,15,15,6,7,16,15,12,11,12,20,1,12,3,26,16,23,1,22,13,6,25,18,6,14,19,4,17,3,18,4,12,12,25,16,21,16,14,13,14,9,3,9,13,22,14,3,21,19,3,18,2,12,22,7,15,11,11,12,16,8,8,20,24,3,7,1,9,10,8,23,19,14,8,11,14,16,6,10,25,20,17,20,14,26,3,17,13,22,26,12,8,18,7,17,8,6,17,11,22,24,9,2,15,11,19,6,2,26,24,2,15,1,7,16,17,7,25,19,20,16,15,12",5000,100
15,0,286368.551225817,21.72338199829361,"12,7,16,14,15,8,6,11,19,23,16,4,22,8,20,5,10,9,13,24,7,1,13,26,2,3,21,10,18,24,2,21,14,3,17,25,18,15,19,10,8,18,4,20,13,8,2,8,1,14,24,23,13,4,1,25,4,25,14,19,16,9,11,12,24,2,25,24,7,6,19,23,22,8,17,7,11,18,17,20,15,23,20,1,20,22,5,22,16,17,17,17,4,19,23,26,9,12,3,8,22,7,5,6,23,14,12,22,10,20,6,25,26,11,25,1,24,26,22,7,15,11,16,5,24,26,24,15,22,16,19,17,1,6,9,19,3,19,22,4,19,10,14,6,14,6,5,2,18,2,21,6,10,15,21,11,19,14,9,4,2,16,13,22,5,23,25,3,15,4,5,24,6,17,23",5000,100
15,1,286368.551225817,21.72338199829361,"12,7,16,14,15,8,6,11,19,23,16,4,22,8,20,5,10,9,13,24,7,1,13,26,2,3,21,10,18,24,2,21,14,3,17,25,18,15,19,10,8,18,4,20,13,8,2,8,1,14,24,23,13,4,1,25,4,25,14,19,16,9,11,12,24,2,25,24,7,6,19,23,22,8,17,7,11,18,17,20,15,23,20,1,20,22,5,22,16,17,17,17,4,19,23,26,9,12,3,8,22,7,5,6,23,14,12,22,10,20,6,25,26,11,25,1,24,26,22,7,15,11,16,5,24,26,24,15,22,16,19,17,1,6,9,19,3,19,22,4,19,10,14,6,14,6,5,2,18,2,21,6,10,15,21,11,19,14,9,4,2,16,13,22,5,23,25,3,15,4,5,24,6,17,23",5000,100
15,2,286368.551225817,21.72338199829361,"12,7,16,14,15,8,6,11,19,23,16,4,22,8,20,5,10,9,13,24,7,1,13,26,2,3,21,10,18,24,2,21,14,3,17,25,18,15,19,10,8,18,4,20,13,8,2,8,1,14,24,23,13,4,1,25,4,25,14,19,16,9,11,12,24,2,25,24,7,6,19,23,22,8,17,7,11,18,17,20,15,23,20,1,20,22,5,22,16,17,17,17,4,19,23,26,9,12,3,8,22,7,5,6,23,14,12,22,10,20,6,25,26,11,25,1,24,26,22,7,15,11,16,5,24,26,24,15,22,16,19,17,1,6,9,19,3,19,22,4,19,10,14,6,14,6,5,2,18,2,21,6,10,15,21,11,19,14,9,4,2,16,13,22,5,23,25,3,15,4,5,24,6,17,23",5000,100
15,3,286368.551225817,21.72338199829361,"12,7,16,14,15,8,6,11,19,23,16,4,22,8,20,5,10,9,13,24,7,1,13,26,2,3,21,10,18,24,2,21,14,3,17,25,18,15,19,10,8,18,4,20,13,8,2,8,1,14,24,23,13,4,1,25,4,25,14,19,16,9,11,12,24,2,25,24,7,6,19,23,22,8,17,7,11,18,17,20,15,23,20,1,20,22,5,22,16,17,17,17,4,19,23,26,9,12,3,8,22,7,5,6,23,14,12,22,10,20,6,25,26,11,25,1,24,26,22,7,15,11,16,5,24,26,24,15,22,16,19,17,1,6,9,19,3,19,22,4,19,10,14,6,14,6,5,2,18,2,21,6,10,15,21,11,19,14,9,4,2,16,13,22,5,23,25,3,15,4,5,24,6,17,23",5000,100
15,4,286368.551225817,21.72338199829361,"12,7,16,14,15,8,6,11,19,23,16,4,22,8,20,5,10,9,13,24,7,1,13,26,2,3,21,10,18,24,2,21,14,3,17,25,18,15,19,10,8,18,4,20,13,8,2,8,1,14,24,23,13,4,1,25,4,25,14,19,16,9,11,12,24,2,25,24,7,6,19,23,22,8,17,7,11,18,17,20,15,23,20,1,20,22,5,22,16,17,17,17,4,19,23,26,9,12,3,8,22,7,5,6,23,14,12,22,10,20,6,25,26,11,25,1,24,26,22,7,15,11,16,5,24,26,24,15,22,16,19,17,1,6,9,19,3,19,22,4,19,10,14,6,14,6,5,2,18,2,21,6,10,15,21,11,19,14,9,4,2,16,13,22,5,23,25,3,15,4,5,24,6,17,23",5000,100
15,5,286368.551225817,21.72338199829361,"12,7,16,14,15,8,6,11,19,23,16,4,22,8,20,5,10,9,13,24,7,1,13,26,2,3,21,10,18,24,2,21,14,3,17,25,18,15,19,10,8,18,4,20,13,8,2,8,1,14,24,23,13,4,1,25,4,25,14,19,16,9,11,12,24,2,25,24,7,6,19,23,22,8,17,7,11,18,17,20,15,23,20,1,20,22,5,22,16,17,17,17,4,19,23,26,9,12,3,8,22,7,5,6,23,14,12,22,10,20,6,25,26,11,25,1,24,26,22,7,15,11,16,5,24,26,24,15,22,16,19,17,1,6,9,19,3,19,22,4,19,10,14,6,14,6,5,2,18,2,21,6,10,15,21,11,19,14,9,4,2,16,13,22,5,23,25,3,15,4,5,24,6,17,23",5000,100
15,6,286368.551225817,21.72338199829361,"12,7,16,14,15,8,6,11,19,23,16,4,22,8,20,5,10,9,13,24,7,1,13,26,2,3,21,10,18,24,2,21,14,3,17,25,18,15,19,10,8,18,4,20,13,8,2,8,1,14,24,23,13,4,1,25,4,25,14,19,16,9,11,12,24,2,25,24,7,6,19,23,22,8,17,7,11,18,17,20,15,23,20,1,20,22,5,22,16,17,17,17,4,19,23,26,9,12,3,8,22,7,5,6,23,14,12,22,10,20,6,25,26,11,25,1,24,26,22,7,15,11,16,5,24,26,24,15,22,16,19,17,1,6,9,19,3,19,22,4,19,10,14,6,14,6,5,2,18,2,21,6,10,15,21,11,19,14,9,4,2,16,13,22,5,23,25,3,15,4,5,24,6,17,23",5000,100
15,7,286368.551225817,21.72338199829361,"12,7,16,14,15,8,6,11,19,23,16,4,22,8,20,5,10,9,13,24,7,1,13,26,2,3,21,10,18,24,2,21,14,3,17,25,18,15,19,10,8,18,4,20,13,8,2,8,1,14,24,23,13,4,1,25,4,25,14,19,16,9,11,12,24,2,25,24,7,6,19,23,22,8,17,7,11,18,17,20,15,23,20,1,20,22,5,22,16,17,17,17,4,19,23,26,9,12,3,8,22,7,5,6,23,14,12,22,10,20,6,25,26,11,25,1,24,26,22,7,15,11,16,5,24,26,24,15,22,16,19,17,1,6,9,19,3,19,22,4,19,10,14,6,14,6,5,2,18,2,21,6,10,15,21,11,19,14,9,4,2,16,13,22,5,23,25,3,15,4,5,24,6,17,23",5000,100
15,8,286368.551225817,21.72338199829361,"12,7,16,14,15,8,6,11,19,23,16,4,22,8,20,5,10,9,13,24,7,1,13,26,2,3,21,10,18,24,2,21,14,3,17,25,18,15,19,10,8,18,4,20,13,8,2,8,1,14,24,23,13,4,1,25,4,25,14,19,16,9,11,12,24,2,25,24,7,6,19,23,22,8,17,7,11,18,17,20,15,23,20,1,20,22,5,22,16,17,17,17,4,19,23,26,9,12,3,8,22,7,5,6,23,14,12,22,10,20,6,25,26,11,25,1,24,26,22,7,15,11,16,5,24,26,24,15,22,16,19,17,1,6,9,19,3,19,22,4,19,10,14,6,14,6,5,2,18,2,21,6,10,15,21,11,19,14,9,4,2,16,13,22,5,23,25,3,15,4,5,24,6,17,23",5000,100
15,9,286368.551225817,21.72338199829361,"12,7,16,14,15,8,6,11,19,23,16,4,22,8,20,5,10,9,13,24,7,1,13,26,2,3,21,10,18,24,2,21,14,3,17,25,18,15,19,10,8,18,4,20,13,8,2,8,1,14,24,23,13,4,1,25,4,25,14,19,16,9,11,12,24,2,25,24,7,6,19,23,22,8,17,7,11,18,17,20,15,23,20,1,20,22,5,22,16,17,17,17,4,19,23,26,9,12,3,8,22,7,5,6,23,14,12,22,10,20,6,25,26,11,25,1,24,26,22,7,15,11,16,5,24,26,24,15,22,16,19,17,1,6,9,19,3,19,22,4,19,10,14,6,14,6,5,2,18,2,21,6,10,15,21,11,19,14,9,4,2,16,13,22,5,23,25,3,15,4,5,24,6,17,23",5000,100
15,10,286368.551225817,21.72338199829361,"12,7,16,14,15,8,6,11,19,23,16,4,22,8,20,5,10,9,13,24,7,1,13,26,2,3,21,10,18,24,2,21,14,3,17,25,18,15,19,10,8,18,4,20,13,8,2,8,1,14,24,23,13,4,1,25,4,25,14,19,16,9,11,12,24,2,25,24,7,6,19,23,22,8,17,7,11,18,17,20,15,23,20,1,20,22,5,22,16,17,17,17,4,19,23,26,9,12,3,8,22,7,5,6,23,14,12,22,10,20,6,25,26,11,25,1,24,26,22,7,15,11,16,5,24,26,24,15,22,16,19,17,1,6,9,19,3,19,22,4,19,10,14,6,14,6,5,2,18,2,21,6,10,15,21,11,19,14,9,4,2,16,13,22,5,23,25,3,15,4,5,24,6,17,23",5000,100
15,11,286368.551225817,21.72338199829361,"12,7,16,14,15,8,6,11,19,23,16,4,22,8,20,5,10,9,13,24,7,1,13,26,2,3,21,10,18,24,2,21,14,3,17,25,18,15,19,10,8,18,4,20,13,8,2,8,1,14,24,23,13,4,1,25,4,25,14,19,16,9,11,12,24,2,25,24,7,6,19,23,22,8,17,7,11,18,17,20,15,23,20,1,20,22,5,22,16,17,17,17,4,19,23,26,9,12,3,8,22,7,5,6,23,14,12,22,10,20,6,25,26,11,25,1,24,26,22,7,15,11,16,5,24,26,24,15,22,16,19,17,1,6,9,19,3,19,22,4,19,10,14,6,14,6,5,2,18,2,21,6,10,15,21,11,19,14,9,4,2,16,13,22,5,23,25,3,15,4,5,24,6,17,23",5000,100
15,12,286368.551225817,21.72338199829361,"12,7,16,14,15,8,6,11,19,23,16,4,22,8,20,5,10,9,13,24,7,1,13,26,2,3,21,10,18,24,2,21,14,3,17,25,18,15,19,10,8,18,4,20,13,8,2,8,1,14,24,23,13,4,1,25,4,25,14,19,16,9,11,12,24,2,25,24,7,6,19,23,22,8,17,7,11,18,17,20,15,23,20,1,20,22,5,22,16,17,17,17,4,19,23,26,9,12,3,8,22,7,5,6,23,14,12,22,10,20,6,25,26,11,25,1,24,26,22,7,15,11,16,5,24,26,24,15,22,16,19,17,1,6,9,19,3,19,22,4,19,10,14,6,14,6,5,2,18,2,21,6,10,15,21,11,19,14,9,4,2,16,13,22,5,23,25,3,15,4,5,24,6,17,23",5000,100
15,13,286368.551225817,21.72338199829361,"12,7,16,14,15,8,6,11,19,23,16,4,22,8,20,5,10,9,13,24,7,1,13,26,2,3,21,10,18,24,2,21,14,3,17,25,18,15,19,10,8,18,4,20,13,8,2,8,1,14,24,23,13,4,1,25,4,25,14,19,16,9,11,12,24,2,25,24,7,6,19,23,22,8,17,7,11,18,17,20,15,23,20,1,20,22,5,22,16,17,17,17,4,19,23,26,9,12,3,8,22,7,5,6,23,14,12,22,10,20,6,25,26,11,25,1,24,26,22,7,15,11,16,5,24,26,24,15,22,16,19,17,1,6,9,19,3,19,22,4,19,10,14,6,14,6,5,2,18,2,21,6,10,15,21,11,19,14,9,4,2,16,13,22,5,23,25,3,15,4,5,24,6,17,23",5000,100
15,14,286368.551225817,21.72338199829361,"12,7,16,14,15,8,6,11,19,23,16,4,22,8,20,5,10,9,13,24,7,1,13,26,2,3,21,10,18,24,2,21,14,3,17,25,18,15,19,10,8,18,4,20,13,8,2,8,1,14,24,23,13,4,1,25,4,25,14,19,16,9,11,12,24,2,25,24,7,6,19,23,22,8,17,7,11,18,17,20,15,23,20,1,20,22,5,22,16,17,17,17,4,19,23,26,9,12,3,8,22,7,5,6,23,14,12,22,10,20,6,25,26,11,25,1,24,26,22,7,15,11,16,5,24,26,24,15,22,16,19,17,1,6,9,19,3,19,22,4,19,10,14,6,14,6,5,2,18,2,21,6,10,15,21,11,19,14,9,4,2,16,13,22,5,23,25,3,15,4,5,24,6,17,23",5000,100
15,15,286368.551225817,21.72338199829361,"12,7,16,14,15,8,6,11,19,23,16,4,22,8,20,5,10,9,13,24,7,1,13,26,2,3,21,10,18,24,2,21,14,3,17,25,18,15,19,10,8,18,4,20,13,8,2,8,1,14,24,23,13,4,1,25,4,25,14,19,16,9,11,12,24,2,25,24,7,6,19,23,22,8,17,7,11,18,17,20,15,23,20,1,20,22,5,22,16,17,17,17,4,19,23,26,9,12,3,8,22,7,5,6,23,14,12,22,10,20,6,25,26,11,25,1,24,26,22,7,15,11,16,5,24,26,24,15,22,16,19,17,1,6,9,19,3,19,22,4,19,10,14,6,14,6,5,2,18,2,21,6,10,15,21,11,19,14,9,4,2,16,13,22,5,23,25,3,15,4,5,24,6,17,23",5000,100
15,16,286368.551225817,21.72338199829361,"12,7,16,14,15,8,6,11,19,23,16,4,22,8,20,5,10,9,13,24,7,1,13,26,2,3,21,10,18,24,2,21,14,3,17,25,18,15,19,10,8,18,4,20,13,8,2,8,1,14,24,23,13,4,1,25,4,25,14,19,16,9,11,12,24,2,25,24,7,6,19,23,22,8,17,7,11,18,17,20,15,23,20,1,20,22,5,22,16,17,17,17,4,19,23,26,9,12,3,8,22,7,5,6,23,14,12,22,10,20,6,25,26,11,25,1,24,26,22,7,15,11,16,5,24,26,24,15,22,16,19,17,1,6,9,19,3,19,22,4,19,10,14,6,14,6,5,2,18,2,21,6,10,15,21,11,19,14,9,4,2,16,13,22,5,23,25,3,15,4,5,24,6,17,23",5000,100
15,17,286368.551225817,21.72338199829361,"12,7,16,14,15,8,6,11,19,23,16,4,22,8,20,5,10,9,13,24,7,1,13,26,2,3,21,10,18,24,2,21,14,3,17,25,18,15,19,10,8,18,4,20,13,8,2,8,1,14,24,23,13,4,1,25,4,25,14,19,16,9,11,12,24,2,25,24,7,6,19,23,22,8,17,7,11,18,17,20,15,23,20,1,20,22,5,22,16,17,17,17,4,19,23,26,9,12,3,8,22,7,5,6,23,14,12,22,10,20,6,25,26,11,25,1,24,26,22,7,15,11,16,5,24,26,24,15,22,16,19,17,1,6,9,19,3,19,22,4,19,10,14,6,14,6,5,2,18,2,21,6,10,15,21,11,19,14,9,4,2,16,13,22,5,23,25,3,15,4,5,24,6,17,23",5000,100
15,18,286368.551225817,21.72338199829361,"12,7,16,14,15,8,6,11,19,23,16,4,22,8,20,5,10,9,13,24,7,1,13,26,2,3,21,10,18,24,2,21,14,3,17,25,18,15,19,10,8,18,4,20,13,8,2,8,1,14,24,23,13,4,1,25,4,25,14,19,16,9,11,12,24,2,25,24,7,6,19,23,22,8,17,7,11,18,17,20,15,23,20,1,20,22,5,22,16,17,17,17,4,19,23,26,9,12,3,8,22,7,5,6,23,14,12,22,10,20,6,25,26,11,25,1,24,26,22,7,15,11,16,5,24,26,24,15,22,16,19,17,1,6,9,19,3,19,22,4,19,10,14,6,14,6,5,2,18,2,21,6,10,15,21,11,19,14,9,4,2,16,13,22,5,23,25,3,15,4,5,24,6,17,23",5000,100
15,19,286368.551225817,21.72338199829361,"12,7,16,14,15,8,6,11,19,23,16,4,22,8,20,5,10,9,13,24,7,1,13,26,2,3,21,10,18,24,2,21,14,3,17,25,18,15,19,10,8,18,4,20,13,8,2,8,1,14,24,23,13,4,1,25,4,25,14,19,16,9,11,12,24,2,25,24,7,6,19,23,22,8,17,7,11,18,17,20,15,23,20,1,20,22,5,22,16,17,17,17,4,19,23,26,9,12,3,8,22,7,5,6,23,14,12,22,10,20,6,25,26,11,25,1,24,26,22,7,15,11,16,5,24,26,24,15,22,16,19,17,1,6,9,19,3,19,22,4,19,10,14,6,14,6,5,2,18,2,21,6,10,15,21,11,19,14,9,4,2,16,13,22,5,23,25,3,15,4,5,24,6,17,23",5000,100
15,20,286368.551225817,21.72338199829361,"12,7,16,14,15,8,6,11,19,23,16,4,22,8,20,5,10,9,13,24,7,1,13,26,2,3,21,10,18,24,2,21,14,3,17,25,18,15,19,10,8,18,4,20,13,8,2,8,1,14,24,23,13,4,1,25,4,25,14,19,16,9,11,12,24,2,25,24,7,6,19,23,22,8,17,7,11,18,17,20,15,23,20,1,20,22,5,22,16,17,17,17,4,19,23,26,9,12,3,8,22,7,5,6,23,14,12,22,10,20,6,25,26,11,25,1,24,26,22,7,15,11,16,5,24,26,24,15,22,16,19,17,1,6,9,19,3,19,22,4,19,10,14,6,14,6,5,2,18,2,21,6,10,15,21,11,19,14,9,4,2,16,13,22,5,23,25,3,15,4,5,24,6,17,23",5000,100
15,21,286368.551225817,21.72338199829361,"12,7,16,14,15,8,6,11,19,23,16,4,22,8,20,5,10,9,13,24,7,1,13,26,2,3,21,10,18,24,2,21,14,3,17,25,18,15,19,10,8,18,4,20,13,8,2,8,1,14,24,23,13,4,1,25,4,25,14,19,16,9,11,12,24,2,25,24,7,6,19,23,22,8,17,7,11,18,17,20,15,23,20,1,20,22,5,22,16,17,17,17,4,19,23,26,9,12,3,8,22,7,5,6,23,14,12,22,10,20,6,25,26,11,25,1,24,26,22,7,15,11,16,5,24,26,24,15,22,16,19,17,1,6,9,19,3,19,22,4,19,10,14,6,14,6,5,2,18,2,21,6,10,15,21,11,19,14,9,4,2,16,13,22,5,23,25,3,15,4,5,24,6,17,23",5000,100
15,22,286368.551225817,21.72338199829361,"12,7,16,14,15,8,6,11,19,23,16,4,22,8,20,5,10,9,13,24,7,1,13,26,2,3,21,10,18,24,2,21,14,3,17,25,18,15,19,10,8,18,4,20,13,8,2,8,1,14,24,23,13,4,1,25,4,25,14,19,16,9,11,12,24,2,25,24,7,6,19,23,22,8,17,7,11,18,17,20,15,23,20,1,20,22,5,22,16,17,17,17,4,19,23,26,9,12,3,8,22,7,5,6,23,14,12,22,10,20,6,25,26,11,25,1,24,26,22,7,15,11,16,5,24,26,24,15,22,16,19,17,1,6,9,19,3,19,22,4,19,10,14,6,14,6,5,2,18,2,21,6,10,15,21,11,19,14,9,4,2,16,13,22,5,23,25,3,15,4,5,24,6,17,23",5000,100
15,23,286368.551225817,21.72338199829361,"12,7,16,14,15,8,6,11,19,23,16,4,22,8,20,5,10,9,13,24,7,1,13,26,2,3,21,10,18,24,2,21,14,3,17,25,18,15,19,10,8,18,4,20,13,8,2,8,1,14,24,23,13,4,1,25,4,25,14,19,16,9,11,12,24,2,25,24,7,6,19,23,22,8,17,7,11,18,17,20,15,23,20,1,20,22,5,22,16,17,17,17,4,19,23,26,9,12,3,8,22,7,5,6,23,14,12,22,10,20,6,25,26,11,25,1,24,26,22,7,15,11,16,5,24,26,24,15,22,16,19,17,1,6,9,19,3,19,22,4,19,10,14,6,14,6,5,2,18,2,21,6,10,15,21,11,19,14,9,4,2,16,13,22,5,23,25,3,15,4,5,24,6,17,23",5000,100
15,24,286368.551225817,21.72338199829361,"12,7,16,14,15,8,6,11,19,23,16,4,22,8,20,5,10,9,13,24,7,1,13,26,2,3,21,10,18,24,2,21,14,3,17,25,18,15,19,10,8,18,4,20,13,8,2,8,1,14,24,23,13,4,1,25,4,25,14,19,16,9,11,12,24,2,25,24,7,6,19,23,22,8,17,7,11,18,17,20,15,23,20,1,20,22,5,22,16,17,17,17,4,19,23,26,9,12,3,8,22,7,5,6,23,14,12,22,10,20,6,25,26,11,25,1,24,26,22,7,15,11,16,5,24,26,24,15,22,16,19,17,1,6,9,19,3,19,22,4,19,10,14,6,14,6,5,2,18,2,21,6,10,15,21,11,19,14,9,4,2,16,13,22,5,23,25,3,15,4,5,24,6,17,23",5000,100
15,25,286368.551225817,21.72338199829361,"12,7,16,14,15,8,6,11,19,23,16,4,22,8,20,5,10,9,13,24,7,1,13,26,2,3,21,10,18,24,2,21,14,3,17,25,18,15,19,10,8,18,4,20,13,8,2,8,1,14,24,23,13,4,1,25,4,25,14,19,16,9,11,12,24,2,25,24,7,6,19,23,22,8,17,7,11,18,17,20,15,23,20,1,20,22,5,22,16,17,17,17,4,19,23,26,9,12,3,8,22,7,5,6,23,14,12,22,10,20,6,25,26,11,25,1,24,26,22,7,15,11,16,5,24,26,24,15,22,16,19,17,1,6,9,19,3,19,22,4,19,10,14,6,14,6,5,2,18,2,21,6,10,15,21,11,19,14,9,4,2,16,13,22,5,23,25,3,15,4,5,24,6,17,23",5000,100
15,26,286368.551225817,21.72338199829361,"12,7,16,14,15,8,6,11,19,23,16,4,22,8,20,5,10,9,13,24,7,1,13,26,2,3,21,10,18,24,2,21,14,3,17,25,18,15,19,10,8,18,4,20,13,8,2,8,1,14,24,23,13,4,1,25,4,25,14,19,16,9,11,12,24,2,25,24,7,6,19,23,22,8,17,7,11,18,17,20,15,23,20,1,20,22,5,22,16,17,17,17,4,19,23,26,9,12,3,8,22,7,5,6,23,14,12,22,10,20,6,25,26,11,25,1,24,26,22,7,15,11,16,5,24,26,24,15,22,16,19,17,1,6,9,19,3,19,22,4,19,10,14,6,14,6,5,2,18,2,21,6,10,15,21,11,19,14,9,4,2,16,13,22,5,23,25,3,15,4,5,24,6,17,23",5000,100
15,27,286368.551225817,21.72338199829361,"12,7,16,14,15,8,6,11,19,23,16,4,22,8,20,5,10,9,13,24,7,1,13,26,2,3,21,10,18,24,2,21,14,3,17,25,18,15,19,10,8,18,4,20,13,8,2,8,1,14,24,23,13,4,1,25,4,25,14,19,16,9,11,12,24,2,25,24,7,6,19,23,22,8,17,7,11,18,17,20,15,23,20,1,20,22,5,22,16,17,17,17,4,19,23,26,9,12,3,8,22,7,5,6,23,14,12,22,10,20,6,25,26,11,25,1,24,26,22,7,15,11,16,5,24,26,24,15,22,16,19,17,1,6,9,19,3,19,22,4,19,10,14,6,14,6,5,2,18,2,21,6,10,15,21,11,19,14,9,4,2,16,13,22,5,23,25,3,15,4,5,24,6,17,23",5000,100
15,28,286368.551225817,21.72338199829361,"12,7,16,14,15,8,6,11,19,23,16,4,22,8,20,5,10,9,13,24,7,1,13,26,2,3,21,10,18,24,2,21,14,3,17,25,18,15,19,10,8,18,4,20,13,8,2,8,1,14,24,23,13,4,1,25,4,25,14,19,16,9,11,12,24,2,25,24,7,6,19,23,22,8,17,7,11,18,17,20,15,23,20,1,20,22,5,22,16,17,17,17,4,19,23,26,9,12,3,8,22,7,5,6,23,14,12,22,10,20,6,25,26,11,25,1,24,26,22,7,15,11,16,5,24,26,24,15,22,16,19,17,1,6,9,19,3,19,22,4,19,10,14,6,14,6,5,2,18,2,21,6,10,15,21,11,19,14,9,4,2,16,13,22,5,23,25,3,15,4,5,24,6,17,23",5000,100
15,29,286368.551225817,21.72338199829361,"12,7,16,14,15,8,6,11,19,23,16,4,22,8,20,5,10,9,13,24,7,1,13,26,2,3,21,10,18,24,2,21,14,3,17,25,18,15,19,10,8,18,4,20,13,8,2,8,1,14,24,23,13,4,1,25,4,25,14,19,16,9,11,12,24,2,25,24,7,6,19,23,22,8,17,7,11,18,17,20,15,23,20,1,20,22,5,22,16,17,17,17,4,19,23,26,9,12,3,8,22,7,5,6,23,14,12,22,10,20,6,25,26,11,25,1,24,26,22,7,15,11,16,5,24,26,24,15,22,16,19,17,1,6,9,19,3,19,22,4,19,10,14,6,14,6,5,2,18,2,21,6,10,15,21,11,19,14,9,4,2,16,13,22,5,23,25,3,15,4,5,24,6,17,23",5000,100
15,30,286368.551225817,21.72338199829361,"12,7,16,14,15,8,6,11,19,23,16,4,22,8,20,5,10,9,13,24,7,1,13,26,2,3,21,10,18,24,2,21,14,3,17,25,18,15,19,10,8,18,4,20,13,8,2,8,1,14,24,23,13,4,1,25,4,25,14,19,16,9,11,12,24,2,25,24,7,6,19,23,22,8,17,7,11,18,17,20,15,23,20,1,20,22,5,22,16,17,17,17,4,19,23,26,9,12,3,8,22,7,5,6,23,14,12,22,10,20,6,25,26,11,25,1,24,26,22,7,15,11,16,5,24,26,24,15,22,16,19,17,1,6,9,19,3,19,22,4,19,10,14,6,14,6,5,2,18,2,21,6,10,15,21,11,19,14,9,4,2,16,13,22,5,23,25,3,15,4,5,24,6,17,23",5000,100
15,31,286368.551225817,21.72338199829361,"12,7,16,14,15,8,6,11,19,23,16,4,22,8,20,5,10,9,13,24,7,1,13,26,2,3,21,10,18,24,2,21,14,3,17,25,18,15,19,10,8,18,4,20,13,8,2,8,1,14,24,23,13,4,1,25,4,25,14,19,16,9,11,12,24,2,25,24,7,6,19,23,22,8,17,7,11,18,17,20,15,23,20,1,20,22,5,22,16,17,17,17,4,19,23,26,9,12,3,8,22,7,5,6,23,14,12,22,10,20,6,25,26,11,25,1,24,26,22,7,15,11,16,5,24,26,24,15,22,16,19,17,1,6,9,19,3,19,22,4,19,10,14,6,14,6,5,2,18,2,21,6,10,15,21,11,19,14,9,4,2,16,13,22,5,23,25,3,15,4,5,24,6,17,23",5000,100
15,32,286368.551225817,21.72338199829361,"12,7,16,14,15,8,6,11,19,23,16,4,22,8,20,5,10,9,13,24,7,1,13,26,2,3,21,10,18,24,2,21,14,3,17,25,18,15,19,10,8,18,4,20,13,8,2,8,1,14,24,23,13,4,1,25,4,25,14,19,16,9,11,12,24,2,25,24,7,6,19,23,22,8,17,7,11,18,17,20,15,23,20,1,20,22,5,22,16,17,17,17,4,19,23,26,9,12,3,8,22,7,5,6,23,14,12,22,10,20,6,25,26,11,25,1,24,26,22,7,15,11,16,5,24,26,24,15,22,16,19,17,1,6,9,19,3,19,22,4,19,10,14,6,14,6,5,2,18,2,21,6,10,15,21,11,19,14,9,4,2,16,13,22,5,23,25,3,15,4,5,24,6,17,23",5000,100
15,33,286368.551225817,21.72338199829361,"12,7,16,14,15,8,6,11,19,23,16,4,22,8,20,5,10,9,13,24,7,1,13,26,2,3,21,10,18,24,2,21,14,3,17,25,18,15,19,10,8,18,4,20,13,8,2,8,1,14,24,23,13,4,1,25,4,25,14,19,16,9,11,12,24,2,25,24,7,6,19,23,22,8,17,7,11,18,17,20,15,23,20,1,20,22,5,22,16,17,17,17,4,19,23,26,9,12,3,8,22,7,5,6,23,14,12,22,10,20,6,25,26,11,25,1,24,26,22,7,15,11,16,5,24,26,24,15,22,16,19,17,1,6,9,19,3,19,22,4,19,10,14,6,14,6,5,2,18,2,21,6,10,15,21,11,19,14,9,4,2,16,13,22,5,23,25,3,15,4,5,24,6,17,23",5000,100
15,34,286368.551225817,21.72338199829361,"12,7,16,14,15,8,6,11,19,23,16,4,22,8,20,5,10,9,13,24,7,1,13,26,2,3,21,10,18,24,2,21,14,3,17,25,18,15,19,10,8,18,4,20,13,8,2,8,1,14,24,23,13,4,1,25,4,25,14,19,16,9,11,12,24,2,25,24,7,6,19,23,22,8,17,7,11,18,17,20,15,23,20,1,20,22,5,22,16,17,17,17,4,19,23,26,9,12,3,8,22,7,5,6,23,14,12,22,10,20,6,25,26,11,25,1,24,26,22,7,15,11,16,5,24,26,24,15,22,16,19,17,1,6,9,19,3,19,22,4,19,10,14,6,14,6,5,2,18,2,21,6,10,15,21,11,19,14,9,4,2,16,13,22,5,23,25,3,15,4,5,24,6,17,23",5000,100
15,35,286368.551225817,21.72338199829361,"12,7,16,14,15,8,6,11,19,23,16,4,22,8,20,5,10,9,13,24,7,1,13,26,2,3,21,10,18,24,2,21,14,3,17,25,18,15,19,10,8,18,4,20,13,8,2,8,1,14,24,23,13,4,1,25,4,25,14,19,16,9,11,12,24,2,25,24,7,6,19,23,22,8,17,7,11,18,17,20,15,23,20,1,20,22,5,22,16,17,17,17,4,19,23,26,9,12,3,8,22,7,5,6,23,14,12,22,10,20,6,25,26,11,25,1,24,26,22,7,15,11,16,5,24,26,24,15,22,16,19,17,1,6,9,19,3,19,22,4,19,10,14,6,14,6,5,2,18,2,21,6,10,15,21,11,19,14,9,4,2,16,13,22,5,23,25,3,15,4,5,24,6,17,23",5000,100
15,36,286368.551225817,21.72338199829361,"12,7,16,14,15,8,6,11,19,23,16,4,22,8,20,5,10,9,13,24,7,1,13,26,2,3,21,10,18,24,2,21,14,3,17,25,18,15,19,10,8,18,4,20,13,8,2,8,1,14,24,23,13,4,1,25,4,25,14,19,16,9,11,12,24,2,25,24,7,6,19,23,22,8,17,7,11,18,17,20,15,23,20,1,20,22,5,22,16,17,17,17,4,19,23,26,9,12,3,8,22,7,5,6,23,14,12,22,10,20,6,25,26,11,25,1,24,26,22,7,15,11,16,5,24,26,24,15,22,16,19,17,1,6,9,19,3,19,22,4,19,10,14,6,14,6,5,2,18,2,21,6,10,15,21,11,19,14,9,4,2,16,13,22,5,23,25,3,15,4,5,24,6,17,23",5000,100
15,37,286368.551225817,21.72338199829361,"12,7,16,14,15,8,6,11,19,23,16,4,22,8,20,5,10,9,13,24,7,1,13,26,2,3,21,10,18,24,2,21,14,3,17,25,18,15,19,10,8,18,4,20,13,8,2,8,1,14,24,23,13,4,1,25,4,25,14,19,16,9,11,12,24,2,25,24,7,6,19,23,22,8,17,7,11,18,17,20,15,23,20,1,20,22,5,22,16,17,17,17,4,19,23,26,9,12,3,8,22,7,5,6,23,14,12,22,10,20,6,25,26,11,25,1,24,26,22,7,15,11,16,5,24,26,24,15,22,16,19,17,1,6,9,19,3,19,22,4,19,10,14,6,14,6,5,2,18,2,21,6,10,15,21,11,19,14,9,4,2,16,13,22,5,23,25,3,15,4,5,24,6,17,23",5000,100
15,38,286368.551225817,21.72338199829361,"12,7,16,14,15,8,6,11,19,23,16,4,22,8,20,5,10,9,13,24,7,1,13,26,2,3,21,10,18,24,2,21,14,3,17,25,18,15,19,10,8,18,4,20,13,8,2,8,1,14,24,23,13,4,1,25,4,25,14,19,16,9,11,12,24,2,25,24,7,6,19,23,22,8,17,7,11,18,17,20,15,23,20,1,20,22,5,22,16,17,17,17,4,19,23,26,9,12,3,8,22,7,5,6,23,14,12,22,10,20,6,25,26,11,25,1,24,26,22,7,15,11,16,5,24,26,24,15,22,16,19,17,1,6,9,19,3,19,22,4,19,10,14,6,14,6,5,2,18,2,21,6,10,15,21,11,19,14,9,4,2,16,13,22,5,23,25,3,15,4,5,24,6,17,23",5000,100
15,39,286368.551225817,21.72338199829361,"12,7,16,14,15,8,6,11,19,23,16,4,22,8,20,5,10,9,13,24,7,1,13,26,2,3,21,10,18,24,2,21,14,3,17,25,18,15,19,10,8,18,4,20,13,8,2,8,1,14,24,23,13,4,1,25,4,25,14,19,16,9,11,12,24,2,25,24,7,6,19,23,22,8,17,7,11,18,17,20,15,23,20,1,20,22,5,22,16,17,17,17,4,19,23,26,9,12,3,8,22,7,5,6,23,14,12,22,10,20,6,25,26,11,25,1,24,26,22,7,15,11,16,5,24,26,24,15,22,16,19,17,1,6,9,19,3,19,22,4,19,10,14,6,14,6,5,2,18,2,21,6,10,15,21,11,19,14,9,4,2,16,13,22,5,23,25,3,15,4,5,24,6,17,23",5000,100
15,40,286368.551225817,21.72338199829361,"12,7,16,14,15,8,6,11,19,23,16,4,22,8,20,5,10,9,13,24,7,1,13,26,2,3,21,10,18,24,2,21,14,3,17,25,18,15,19,10,8,18,4,20,13,8,2,8,1,14,24,23,13,4,1,25,4,25,14,19,16,9,11,12,24,2,25,24,7,6,19,23,22,8,17,7,11,18,17,20,15,23,20,1,20,22,5,22,16,17,17,17,4,19,23,26,9,12,3,8,22,7,5,6,23,14,12,22,10,20,6,25,26,11,25,1,24,26,22,7,15,11,16,5,24,26,24,15,22,16,19,17,1,6,9,19,3,19,22,4,19,10,14,6,14,6,5,2,18,2,21,6,10,15,21,11,19,14,9,4,2,16,13,22,5,23,25,3,15,4,5,24,6,17,23",5000,100
15,41,286368.551225817,21.72338199829361,"12,7,16,14,15,8,6,11,19,23,16,4,22,8,20,5,10,9,13,24,7,1,13,26,2,3,21,10,18,24,2,21,14,3,17,25,18,15,19,10,8,18,4,20,13,8,2,8,1,14,24,23,13,4,1,25,4,25,14,19,16,9,11,12,24,2,25,24,7,6,19,23,22,8,17,7,11,18,17,20,15,23,20,1,20,22,5,22,16,17,17,17,4,19,23,26,9,12,3,8,22,7,5,6,23,14,12,22,10,20,6,25,26,11,25,1,24,26,22,7,15,11,16,5,24,26,24,15,22,16,19,17,1,6,9,19,3,19,22,4,19,10,14,6,14,6,5,2,18,2,21,6,10,15,21,11,19,14,9,4,2,16,13,22,5,23,25,3,15,4,5,24,6,17,23",5000,100
15,42,286368.551225817,21.72338199829361,"12,7,16,14,15,8,6,11,19,23,16,4,22,8,20,5,10,9,13,24,7,1,13,26,2,3,21,10,18,24,2,21,14,3,17,25,18,15,19,10,8,18,4,20,13,8,2,8,1,14,24,23,13,4,1,25,4,25,14,19,16,9,11,12,24,2,25,24,7,6,19,23,22,8,17,7,11,18,17,20,15,23,20,1,20,22,5,22,16,17,17,17,4,19,23,26,9,12,3,8,22,7,5,6,23,14,12,22,10,20,6,25,26,11,25,1,24,26,22,7,15,11,16,5,24,26,24,15,22,16,19,17,1,6,9,19,3,19,22,4,19,10,14,6,14,6,5,2,18,2,21,6,10,15,21,11,19,14,9,4,2,16,13,22,5,23,25,3,15,4,5,24,6,17,23",5000,100
15,43,286368.551225817,21.72338199829361,"12,7,16,14,15,8,6,11,19,23,16,4,22,8,20,5,10,9,13,24,7,1,13,26,2,3,21,10,18,24,2,21,14,3,17,25,18,15,19,10,8,18,4,20,13,8,2,8,1,14,24,23,13,4,1,25,4,25,14,19,16,9,11,12,24,2,25,24,7,6,19,23,22,8,17,7,11,18,17,20,15,23,20,1,20,22,5,22,16,17,17,17,4,19,23,26,9,12,3,8,22,7,5,6,23,14,12,22,10,20,6,25,26,11,25,1,24,26,22,7,15,11,16,5,24,26,24,15,22,16,19,17,1,6,9,19,3,19,22,4,19,10,14,6,14,6,5,2,18,2,21,6,10,15,21,11,19,14,9,4,2,16,13,22,5,23,25,3,15,4,5,24,6,17,23",5000,100
15,44,286368.551225817,21.72338199829361,"12,7,16,14,15,8,6,11,19,23,16,4,22,8,20,5,10,9,13,24,7,1,13,26,2,3,21,10,18,24,2,21,14,3,17,25,18,15,19,10,8,18,4,20,13,8,2,8,1,14,24,23,13,4,1,25,4,25,14,19,16,9,11,12,24,2,25,24,7,6,19,23,22,8,17,7,11,18,17,20,15,23,20,1,20,22,5,22,16,17,17,17,4,19,23,26,9,12,3,8,22,7,5,6,23,14,12,22,10,20,6,25,26,11,25,1,24,26,22,7,15,11,16,5,24,26,24,15,22,16,19,17,1,6,9,19,3,19,22,4,19,10,14,6,14,6,5,2,18,2,21,6,10,15,21,11,19,14,9,4,2,16,13,22,5,23,25,3,15,4,5,24,6,17,23",5000,100
15,45,286368.551225817,21.72338199829361,"12,7,16,14,15,8,6,11,19,23,16,4,22,8,20,5,10,9,13,24,7,1,13,26,2,3,21,10,18,24,2,21,14,3,17,25,18,15,19,10,8,18,4,20,13,8,2,8,1,14,24,23,13,4,1,25,4,25,14,19,16,9,11,12,24,2,25,24,7,6,19,23,22,8,17,7,11,18,17,20,15,23,20,1,20,22,5,22,16,17,17,17,4,19,23,26,9,12,3,8,22,7,5,6,23,14,12,22,10,20,6,25,26,11,25,1,24,26,22,7,15,11,16,5,24,26,24,15,22,16,19,17,1,6,9,19,3,19,22,4,19,10,14,6,14,6,5,2,18,2,21,6,10,15,21,11,19,14,9,4,2,16,13,22,5,23,25,3,15,4,5,24,6,17,23",5000,100
15,46,286368.551225817,21.72338199829361,"12,7,16,14,15,8,6,11,19,23,16,4,22,8,20,5,10,9,13,24,7,1,13,26,2,3,21,10,18,24,2,21,14,3,17,25,18,15,19,10,8,18,4,20,13,8,2,8,1,14,24,23,13,4,1,25,4,25,14,19,16,9,11,12,24,2,25,24,7,6,19,23,22,8,17,7,11,18,17,20,15,23,20,1,20,22,5,22,16,17,17,17,4,19,23,26,9,12,3,8,22,7,5,6,23,14,12,22,10,20,6,25,26,11,25,1,24,26,22,7,15,11,16,5,24,26,24,15,22,16,19,17,1,6,9,19,3,19,22,4,19,10,14,6,14,6,5,2,18,2,21,6,10,15,21,11,19,14,9,4,2,16,13,22,5,23,25,3,15,4,5,24,6,17,23",5000,100
15,47,286368.551225817,21.72338199829361,"12,7,16,14,15,8,6,11,19,23,16,4,22,8,20,5,10,9,13,24,7,1,13,26,2,3,21,10,18,24,2,21,14,3,17,25,18,15,19,10,8,18,4,20,13,8,2,8,1,14,24,23,13,4,1,25,4,25,14,19,16,9,11,12,24,2,25,24,7,6,19,23,22,8,17,7,11,18,17,20,15,23,20,1,20,22,5,22,16,17,17,17,4,19,23,26,9,12,3,8,22,7,5,6,23,14,12,22,10,20,6,25,26,11,25,1,24,26,22,7,15,11,16,5,24,26,24,15,22,16,19,17,1,6,9,19,3,19,22,4,19,10,14,6,14,6,5,2,18,2,21,6,10,15,21,11,19,14,9,4,2,16,13,22,5,23,25,3,15,4,5,24,6,17,23",5000,100
15,48,286368.551225817,21.72338199829361,"12,7,16,14,15,8,6,11,19,23,16,4,22,8,20,5,10,9,13,24,7,1,13,26,2,3,21,10,18,24,2,21,14,3,17,25,18,15,19,10,8,18,4,20,13,8,2,8,1,14,24,23,13,4,1,25,4,25,14,19,16,9,11,12,24,2,25,24,7,6,19,23,22,8,17,7,11,18,17,20,15,23,20,1,20,22,5,22,16,17,17,17,4,19,23,26,9,12,3,8,22,7,5,6,23,14,12,22,10,20,6,25,26,11,25,1,24,26,22,7,15,11,16,5,24,26,24,15,22,16,19,17,1,6,9,19,3,19,22,4,19,10,14,6,14,6,5,2,18,2,21,6,10,15,21,11,19,14,9,4,2,16,13,22,5,23,25,3,15,4,5,24,6,17,23",5000,100
15,49,286368.551225817,21.72338199829361,"12,7,16,14,15,8,6,11,19,23,16,4,22,8,20,5,10,9,13,24,7,1,13,26,2,3,21,10,18,24,2,21,14,3,17,25,18,15,19,10,8,18,4,20,13,8,2,8,1,14,24,23,13,4,1,25,4,25,14,19,16,9,11,12,24,2,25,24,7,6,19,23,22,8,17,7,11,18,17,20,15,23,20,1,20,22,5,22,16,17,17,17,4,19,23,26,9,12,3,8,22,7,5,6,23,14,12,22,10,20,6,25,26,11,25,1,24,26,22,7,15,11,16,5,24,26,24,15,22,16,19,17,1,6,9,19,3,19,22,4,19,10,14,6,14,6,5,2,18,2,21,6,10,15,21,11,19,14,9,4,2,16,13,22,5,23,25,3,15,4,5,24,6,17,23",5000,100
15,50,286368.551225817,21.72338199829361,"12,7,16,14,15,8,6,11,19,23,16,4,22,8,20,5,10,9,13,24,7,1,13,26,2,3,21,10,18,24,2,21,14,3,17,25,18,15,19,10,8,18,4,20,13,8,2,8,1,14,24,23,13,4,1,25,4,25,14,19,16,9,11,12,24,2,25,24,7,6,19,23,22,8,17,7,11,18,17,20,15,23,20,1,20,22,5,22,16,17,17,17,4,19,23,26,9,12,3,8,22,7,5,6,23,14,12,22,10,20,6,25,26,11,25,1,24,26,22,7,15,11,16,5,24,26,24,15,22,16,19,17,1,6,9,19,3,19,22,4,19,10,14,6,14,6,5,2,18,2,21,6,10,15,21,11,19,14,9,4,2,16,13,22,5,23,25,3,15,4,5,24,6,17,23",5000,100
15,51,286368.551225817,21.72338199829361,"12,7,16,14,15,8,6,11,19,23,16,4,22,8,20,5,10,9,13,24,7,1,13,26,2,3,21,10,18,24,2,21,14,3,17,25,18,15,19,10,8,18,4,20,13,8,2,8,1,14,24,23,13,4,1,25,4,25,14,19,16,9,11,12,24,2,25,24,7,6,19,23,22,8,17,7,11,18,17,20,15,23,20,1,20,22,5,22,16,17,17,17,4,19,23,26,9,12,3,8,22,7,5,6,23,14,12,22,10,20,6,25,26,11,25,1,24,26,22,7,15,11,16,5,24,26,24,15,22,16,19,17,1,6,9,19,3,19,22,4,19,10,14,6,14,6,5,2,18,2,21,6,10,15,21,11,19,14,9,4,2,16,13,22,5,23,25,3,15,4,5,24,6,17,23",5000,100
15,52,286368.551225817,21.72338199829361,"12,7,16,14,15,8,6,11,19,23,16,4,22,8,20,5,10,9,13,24,7,1,13,26,2,3,21,10,18,24,2,21,14,3,17,25,18,15,19,10,8,18,4,20,13,8,2,8,1,14,24,23,13,4,1,25,4,25,14,19,16,9,11,12,24,2,25,24,7,6,19,23,22,8,17,7,11,18,17,20,15,23,20,1,20,22,5,22,16,17,17,17,4,19,23,26,9,12,3,8,22,7,5,6,23,14,12,22,10,20,6,25,26,11,25,1,24,26,22,7,15,11,16,5,24,26,24,15,22,16,19,17,1,6,9,19,3,19,22,4,19,10,14,6,14,6,5,2,18,2,21,6,10,15,21,11,19,14,9,4,2,16,13,22,5,23,25,3,15,4,5,24,6,17,23",5000,100
15,53,286368.551225817,21.72338199829361,"12,7,16,14,15,8,6,11,19,23,16,4,22,8,20,5,10,9,13,24,7,1,13,26,2,3,21,10,18,24,2,21,14,3,17,25,18,15,19,10,8,18,4,20,13,8,2,8,1,14,24,23,13,4,1,25,4,25,14,19,16,9,11,12,24,2,25,24,7,6,19,23,22,8,17,7,11,18,17,20,15,23,20,1,20,22,5,22,16,17,17,17,4,19,23,26,9,12,3,8,22,7,5,6,23,14,12,22,10,20,6,25,26,11,25,1,24,26,22,7,15,11,16,5,24,26,24,15,22,16,19,17,1,6,9,19,3,19,22,4,19,10,14,6,14,6,5,2,18,2,21,6,10,15,21,11,19,14,9,4,2,16,13,22,5,23,25,3,15,4,5,24,6,17,23",5000,100
15,54,286368.551225817,21.72338199829361,"12,7,16,14,15,8,6,11,19,23,16,4,22,8,20,5,10,9,13,24,7,1,13,26,2,3,21,10,18,24,2,21,14,3,17,25,18,15,19,10,8,18,4,20,13,8,2,8,1,14,24,23,13,4,1,25,4,25,14,19,16,9,11,12,24,2,25,24,7,6,19,23,22,8,17,7,11,18,17,20,15,23,20,1,20,22,5,22,16,17,17,17,4,19,23,26,9,12,3,8,22,7,5,6,23,14,12,22,10,20,6,25,26,11,25,1,24,26,22,7,15,11,16,5,24,26,24,15,22,16,19,17,1,6,9,19,3,19,22,4,19,10,14,6,14,6,5,2,18,2,21,6,10,15,21,11,19,14,9,4,2,16,13,22,5,23,25,3,15,4,5,24,6,17,23",5000,100
15,55,286368.551225817,21.72338199829361,"12,7,16,14,15,8,6,11,19,23,16,4,22,8,20,5,10,9,13,24,7,1,13,26,2,3,21,10,18,24,2,21,14,3,17,25,18,15,19,10,8,18,4,20,13,8,2,8,1,14,24,23,13,4,1,25,4,25,14,19,16,9,11,12,24,2,25,24,7,6,19,23,22,8,17,7,11,18,17,20,15,23,20,1,20,22,5,22,16,17,17,17,4,19,23,26,9,12,3,8,22,7,5,6,23,14,12,22,10,20,6,25,26,11,25,1,24,26,22,7,15,11,16,5,24,26,24,15,22,16,19,17,1,6,9,19,3,19,22,4,19,10,14,6,14,6,5,2,18,2,21,6,10,15,21,11,19,14,9,4,2,16,13,22,5,23,25,3,15,4,5,24,6,17,23",5000,100
15,56,286368.551225817,21.72338199829361,"12,7,16,14,15,8,6,11,19,23,16,4,22,8,20,5,10,9,13,24,7,1,13,26,2,3,21,10,18,24,2,21,14,3,17,25,18,15,19,10,8,18,4,20,13,8,2,8,1,14,24,23,13,4,1,25,4,25,14,19,16,9,11,12,24,2,25,24,7,6,19,23,22,8,17,7,11,18,17,20,15,23,20,1,20,22,5,22,16,17,17,17,4,19,23,26,9,12,3,8,22,7,5,6,23,14,12,22,10,20,6,25,26,11,25,1,24,26,22,7,15,11,16,5,24,26,24,15,22,16,19,17,1,6,9,19,3,19,22,4,19,10,14,6,14,6,5,2,18,2,21,6,10,15,21,11,19,14,9,4,2,16,13,22,5,23,25,3,15,4,5,24,6,17,23",5000,100
15,57,286368.551225817,21.72338199829361,"12,7,16,14,15,8,6,11,19,23,16,4,22,8,20,5,10,9,13,24,7,1,13,26,2,3,21,10,18,24,2,21,14,3,17,25,18,15,19,10,8,18,4,20,13,8,2,8,1,14,24,23,13,4,1,25,4,25,14,19,16,9,11,12,24,2,25,24,7,6,19,23,22,8,17,7,11,18,17,20,15,23,20,1,20,22,5,22,16,17,17,17,4,19,23,26,9,12,3,8,22,7,5,6,23,14,12,22,10,20,6,25,26,11,25,1,24,26,22,7,15,11,16,5,24,26,24,15,22,16,19,17,1,6,9,19,3,19,22,4,19,10,14,6,14,6,5,2,18,2,21,6,10,15,21,11,19,14,9,4,2,16,13,22,5,23,25,3,15,4,5,24,6,17,23",5000,100
15,58,286368.551225817,21.72338199829361,"12,7,16,14,15,8,6,11,19,23,16,4,22,8,20,5,10,9,13,24,7,1,13,26,2,3,21,10,18,24,2,21,14,3,17,25,18,15,19,10,8,18,4,20,13,8,2,8,1,14,24,23,13,4,1,25,4,25,14,19,16,9,11,12,24,2,25,24,7,6,19,23,22,8,17,7,11,18,17,20,15,23,20,1,20,22,5,22,16,17,17,17,4,19,23,26,9,12,3,8,22,7,5,6,23,14,12,22,10,20,6,25,26,11,25,1,24,26,22,7,15,11,16,5,24,26,24,15,22,16,19,17,1,6,9,19,3,19,22,4,19,10,14,6,14,6,5,2,18,2,21,6,10,15,21,11,19,14,9,4,2,16,13,22,5,23,25,3,15,4,5,24,6,17,23",5000,100
15,59,286368.551225817,21.72338199829361,"12,7,16,14,15,8,6,11,19,23,16,4,22,8,20,5,10,9,13,24,7,1,13,26,2,3,21,10,18,24,2,21,14,3,17,25,18,15,19,10,8,18,4,20,13,8,2,8,1,14,24,23,13,4,1,25,4,25,14,19,16,9,11,12,24,2,25,24,7,6,19,23,22,8,17,7,11,18,17,20,15,23,20,1,20,22,5,22,16,17,17,17,4,19,23,26,9,12,3,8,22,7,5,6,23,14,12,22,10,20,6,25,26,11,25,1,24,26,22,7,15,11,16,5,24,26,24,15,22,16,19,17,1,6,9,19,3,19,22,4,19,10,14,6,14,6,5,2,18,2,21,6,10,15,21,11,19,14,9,4,2,16,13,22,5,23,25,3,15,4,5,24,6,17,23",5000,100
15,60,286368.551225817,21.72338199829361,"12,7,16,14,15,8,6,11,19,23,16,4,22,8,20,5,10,9,13,24,7,1,13,26,2,3,21,10,18,24,2,21,14,3,17,25,18,15,19,10,8,18,4,20,13,8,2,8,1,14,24,23,13,4,1,25,4,25,14,19,16,9,11,12,24,2,25,24,7,6,19,23,22,8,17,7,11,18,17,20,15,23,20,1,20,22,5,22,16,17,17,17,4,19,23,26,9,12,3,8,22,7,5,6,23,14,12,22,10,20,6,25,26,11,25,1,24,26,22,7,15,11,16,5,24,26,24,15,22,16,19,17,1,6,9,19,3,19,22,4,19,10,14,6,14,6,5,2,18,2,21,6,10,15,21,11,19,14,9,4,2,16,13,22,5,23,25,3,15,4,5,24,6,17,23",5000,100
15,61,286368.551225817,21.72338199829361,"12,7,16,14,15,8,6,11,19,23,16,4,22,8,20,5,10,9,13,24,7,1,13,26,2,3,21,10,18,24,2,21,14,3,17,25,18,15,19,10,8,18,4,20,13,8,2,8,1,14,24,23,13,4,1,25,4,25,14,19,16,9,11,12,24,2,25,24,7,6,19,23,22,8,17,7,11,18,17,20,15,23,20,1,20,22,5,22,16,17,17,17,4,19,23,26,9,12,3,8,22,7,5,6,23,14,12,22,10,20,6,25,26,11,25,1,24,26,22,7,15,11,16,5,24,26,24,15,22,16,19,17,1,6,9,19,3,19,22,4,19,10,14,6,14,6,5,2,18,2,21,6,10,15,21,11,19,14,9,4,2,16,13,22,5,23,25,3,15,4,5,24,6,17,23",5000,100
15,62,286368.551225817,21.72338199829361,"12,7,16,14,15,8,6,11,19,23,16,4,22,8,20,5,10,9,13,24,7,1,13,26,2,3,21,10,18,24,2,21,14,3,17,25,18,15,19,10,8,18,4,20,13,8,2,8,1,14,24,23,13,4,1,25,4,25,14,19,16,9,11,12,24,2,25,24,7,6,19,23,22,8,17,7,11,18,17,20,15,23,20,1,20,22,5,22,16,17,17,17,4,19,23,26,9,12,3,8,22,7,5,6,23,14,12,22,10,20,6,25,26,11,25,1,24,26,22,7,15,11,16,5,24,26,24,15,22,16,19,17,1,6,9,19,3,19,22,4,19,10,14,6,14,6,5,2,18,2,21,6,10,15,21,11,19,14,9,4,2,16,13,22,5,23,25,3,15,4,5,24,6,17,23",5000,100
15,63,286368.551225817,21.72338199829361,"12,7,16,14,15,8,6,11,19,23,16,4,22,8,20,5,10,9,13,24,7,1,13,26,2,3,21,10,18,24,2,21,14,3,17,25,18,15,19,10,8,18,4,20,13,8,2,8,1,14,24,23,13,4,1,25,4,25,14,19,16,9,11,12,24,2,25,24,7,6,19,23,22,8,17,7,11,18,17,20,15,23,20,1,20,22,5,22,16,17,17,17,4,19,23,26,9,12,3,8,22,7,5,6,23,14,12,22,10,20,6,25,26,11,25,1,24,26,22,7,15,11,16,5,24,26,24,15,22,16,19,17,1,6,9,19,3,19,22,4,19,10,14,6,14,6,5,2,18,2,21,6,10,15,21,11,19,14,9,4,2,16,13,22,5,23,25,3,15,4,5,24,6,17,23",5000,100
15,64,286368.551225817,21.72338199829361,"12,7,16,14,15,8,6,11,19,23,16,4,22,8,20,5,10,9,13,24,7,1,13,26,2,3,21,10,18,24,2,21,14,3,17,25,18,15,19,10,8,18,4,20,13,8,2,8,1,14,24,23,13,4,1,25,4,25,14,19,16,9,11,12,24,2,25,24,7,6,19,23,22,8,17,7,11,18,17,20,15,23,20,1,20,22,5,22,16,17,17,17,4,19,23,26,9,12,3,8,22,7,5,6,23,14,12,22,10,20,6,25,26,11,25,1,24,26,22,7,15,11,16,5,24,26,24,15,22,16,19,17,1,6,9,19,3,19,22,4,19,10,14,6,14,6,5,2,18,2,21,6,10,15,21,11,19,14,9,4,2,16,13,22,5,23,25,3,15,4,5,24,6,17,23",5000,100
15,65,286368.551225817,21.72338199829361,"12,7,16,14,15,8,6,11,19,23,16,4,22,8,20,5,10,9,13,24,7,1,13,26,2,3,21,10,18,24,2,21,14,3,17,25,18,15,19,10,8,18,4,20,13,8,2,8,1,14,24,23,13,4,1,25,4,25,14,19,16,9,11,12,24,2,25,24,7,6,19,23,22,8,17,7,11,18,17,20,15,23,20,1,20,22,5,22,16,17,17,17,4,19,23,26,9,12,3,8,22,7,5,6,23,14,12,22,10,20,6,25,26,11,25,1,24,26,22,7,15,11,16,5,24,26,24,15,22,16,19,17,1,6,9,19,3,19,22,4,19,10,14,6,14,6,5,2,18,2,21,6,10,15,21,11,19,14,9,4,2,16,13,22,5,23,25,3,15,4,5,24,6,17,23",5000,100
15,66,286368.551225817,21.72338199829361,"12,7,16,14,15,8,6,11,19,23,16,4,22,8,20,5,10,9,13,24,7,1,13,26,2,3,21,10,18,24,2,21,14,3,17,25,18,15,19,10,8,18,4,20,13,8,2,8,1,14,24,23,13,4,1,25,4,25,14,19,16,9,11,12,24,2,25,24,7,6,19,23,22,8,17,7,11,18,17,20,15,23,20,1,20,22,5,22,16,17,17,17,4,19,23,26,9,12,3,8,22,7,5,6,23,14,12,22,10,20,6,25,26,11,25,1,24,26,22,7,15,11,16,5,24,26,24,15,22,16,19,17,1,6,9,19,3,19,22,4,19,10,14,6,14,6,5,2,18,2,21,6,10,15,21,11,19,14,9,4,2,16,13,22,5,23,25,3,15,4,5,24,6,17,23",5000,100
15,67,286368.551225817,21.72338199829361,"12,7,16,14,15,8,6,11,19,23,16,4,22,8,20,5,10,9,13,24,7,1,13,26,2,3,21,10,18,24,2,21,14,3,17,25,18,15,19,10,8,18,4,20,13,8,2,8,1,14,24,23,13,4,1,25,4,25,14,19,16,9,11,12,24,2,25,24,7,6,19,23,22,8,17,7,11,18,17,20,15,23,20,1,20,22,5,22,16,17,17,17,4,19,23,26,9,12,3,8,22,7,5,6,23,14,12,22,10,20,6,25,26,11,25,1,24,26,22,7,15,11,16,5,24,26,24,15,22,16,19,17,1,6,9,19,3,19,22,4,19,10,14,6,14,6,5,2,18,2,21,6,10,15,21,11,19,14,9,4,2,16,13,22,5,23,25,3,15,4,5,24,6,17,23",5000,100
15,68,286368.551225817,21.72338199829361,"12,7,16,14,15,8,6,11,19,23,16,4,22,8,20,5,10,9,13,24,7,1,13,26,2,3,21,10,18,24,2,21,14,3,17,25,18,15,19,10,8,18,4,20,13,8,2,8,1,14,24,23,13,4,1,25,4,25,14,19,16,9,11,12,24,2,25,24,7,6,19,23,22,8,17,7,11,18,17,20,15,23,20,1,20,22,5,22,16,17,17,17,4,19,23,26,9,12,3,8,22,7,5,6,23,14,12,22,10,20,6,25,26,11,25,1,24,26,22,7,15,11,16,5,24,26,24,15,22,16,19,17,1,6,9,19,3,19,22,4,19,10,14,6,14,6,5,2,18,2,21,6,10,15,21,11,19,14,9,4,2,16,13,22,5,23,25,3,15,4,5,24,6,17,23",5000,100
15,69,286368.551225817,21.72338199829361,"12,7,16,14,15,8,6,11,19,23,16,4,22,8,20,5,10,9,13,24,7,1,13,26,2,3,21,10,18,24,2,21,14,3,17,25,18,15,19,10,8,18,4,20,13,8,2,8,1,14,24,23,13,4,1,25,4,25,14,19,16,9,11,12,24,2,25,24,7,6,19,23,22,8,17,7,11,18,17,20,15,23,20,1,20,22,5,22,16,17,17,17,4,19,23,26,9,12,3,8,22,7,5,6,23,14,12,22,10,20,6,25,26,11,25,1,24,26,22,7,15,11,16,5,24,26,24,15,22,16,19,17,1,6,9,19,3,19,22,4,19,10,14,6,14,6,5,2,18,2,21,6,10,15,21,11,19,14,9,4,2,16,13,22,5,23,25,3,15,4,5,24,6,17,23",5000,100
15,70,286368.551225817,21.72338199829361,"12,7,16,14,15,8,6,11,19,23,16,4,22,8,20,5,10,9,13,24,7,1,13,26,2,3,21,10,18,24,2,21,14,3,17,25,18,15,19,10,8,18,4,20,13,8,2,8,1,14,24,23,13,4,1,25,4,25,14,19,16,9,11,12,24,2,25,24,7,6,19,23,22,8,17,7,11,18,17,20,15,23,20,1,20,22,5,22,16,17,17,17,4,19,23,26,9,12,3,8,22,7,5,6,23,14,12,22,10,20,6,25,26,11,25,1,24,26,22,7,15,11,16,5,24,26,24,15,22,16,19,17,1,6,9,19,3,19,22,4,19,10,14,6,14,6,5,2,18,2,21,6,10,15,21,11,19,14,9,4,2,16,13,22,5,23,25,3,15,4,5,24,6,17,23",5000,100
15,71,286368.551225817,21.72338199829361,"12,7,16,14,15,8,6,11,19,23,16,4,22,8,20,5,10,9,13,24,7,1,13,26,2,3,21,10,18,24,2,21,14,3,17,25,18,15,19,10,8,18,4,20,13,8,2,8,1,14,24,23,13,4,1,25,4,25,14,19,16,9,11,12,24,2,25,24,7,6,19,23,22,8,17,7,11,18,17,20,15,23,20,1,20,22,5,22,16,17,17,17,4,19,23,26,9,12,3,8,22,7,5,6,23,14,12,22,10,20,6,25,26,11,25,1,24,26,22,7,15,11,16,5,24,26,24,15,22,16,19,17,1,6,9,19,3,19,22,4,19,10,14,6,14,6,5,2,18,2,21,6,10,15,21,11,19,14,9,4,2,16,13,22,5,23,25,3,15,4,5,24,6,17,23",5000,100
15,72,286368.551225817,21.72338199829361,"12,7,16,14,15,8,6,11,19,23,16,4,22,8,20,5,10,9,13,24,7,1,13,26,2,3,21,10,18,24,2,21,14,3,17,25,18,15,19,10,8,18,4,20,13,8,2,8,1,14,24,23,13,4,1,25,4,25,14,19,16,9,11,12,24,2,25,24,7,6,19,23,22,8,17,7,11,18,17,20,15,23,20,1,20,22,5,22,16,17,17,17,4,19,23,26,9,12,3,8,22,7,5,6,23,14,12,22,10,20,6,25,26,11,25,1,24,26,22,7,15,11,16,5,24,26,24,15,22,16,19,17,1,6,9,19,3,19,22,4,19,10,14,6,14,6,5,2,18,2,21,6,10,15,21,11,19,14,9,4,2,16,13,22,5,23,25,3,15,4,5,24,6,17,23",5000,100
15,73,286368.551225817,21.72338199829361,"12,7,16,14,15,8,6,11,19,23,16,4,22,8,20,5,10,9,13,24,7,1,13,26,2,3,21,10,18,24,2,21,14,3,17,25,18,15,19,10,8,18,4,20,13,8,2,8,1,14,24,23,13,4,1,25,4,25,14,19,16,9,11,12,24,2,25,24,7,6,19,23,22,8,17,7,11,18,17,20,15,23,20,1,20,22,5,22,16,17,17,17,4,19,23,26,9,12,3,8,22,7,5,6,23,14,12,22,10,20,6,25,26,11,25,1,24,26,22,7,15,11,16,5,24,26,24,15,22,16,19,17,1,6,9,19,3,19,22,4,19,10,14,6,14,6,5,2,18,2,21,6,10,15,21,11,19,14,9,4,2,16,13,22,5,23,25,3,15,4,5,24,6,17,23",5000,100
15,74,286368.551225817,21.72338199829361,"12,7,16,14,15,8,6,11,19,23,16,4,22,8,20,5,10,9,13,24,7,1,13,26,2,3,21,10,18,24,2,21,14,3,17,25,18,15,19,10,8,18,4,20,13,8,2,8,1,14,24,23,13,4,1,25,4,25,14,19,16,9,11,12,24,2,25,24,7,6,19,23,22,8,17,7,11,18,17,20,15,23,20,1,20,22,5,22,16,17,17,17,4,19,23,26,9,12,3,8,22,7,5,6,23,14,12,22,10,20,6,25,26,11,25,1,24,26,22,7,15,11,16,5,24,26,24,15,22,16,19,17,1,6,9,19,3,19,22,4,19,10,14,6,14,6,5,2,18,2,21,6,10,15,21,11,19,14,9,4,2,16,13,22,5,23,25,3,15,4,5,24,6,17,23",5000,100
15,75,286368.551225817,21.72338199829361,"12,7,16,14,15,8,6,11,19,23,16,4,22,8,20,5,10,9,13,24,7,1,13,26,2,3,21,10,18,24,2,21,14,3,17,25,18,15,19,10,8,18,4,20,13,8,2,8,1,14,24,23,13,4,1,25,4,25,14,19,16,9,11,12,24,2,25,24,7,6,19,23,22,8,17,7,11,18,17,20,15,23,20,1,20,22,5,22,16,17,17,17,4,19,23,26,9,12,3,8,22,7,5,6,23,14,12,22,10,20,6,25,26,11,25,1,24,26,22,7,15,11,16,5,24,26,24,15,22,16,19,17,1,6,9,19,3,19,22,4,19,10,14,6,14,6,5,2,18,2,21,6,10,15,21,11,19,14,9,4,2,16,13,22,5,23,25,3,15,4,5,24,6,17,23",5000,100
15,76,286368.551225817,21.72338199829361,"12,7,16,14,15,8,6,11,19,23,16,4,22,8,20,5,10,9,13,24,7,1,13,26,2,3,21,10,18,24,2,21,14,3,17,25,18,15,19,10,8,18,4,20,13,8,2,8,1,14,24,23,13,4,1,25,4,25,14,19,16,9,11,12,24,2,25,24,7,6,19,23,22,8,17,7,11,18,17,20,15,23,20,1,20,22,5,22,16,17,17,17,4,19,23,26,9,12,3,8,22,7,5,6,23,14,12,22,10,20,6,25,26,11,25,1,24,26,22,7,15,11,16,5,24,26,24,15,22,16,19,17,1,6,9,19,3,19,22,4,19,10,14,6,14,6,5,2,18,2,21,6,10,15,21,11,19,14,9,4,2,16,13,22,5,23,25,3,15,4,5,24,6,17,23",5000,100
15,77,286368.551225817,21.72338199829361,"12,7,16,14,15,8,6,11,19,23,16,4,22,8,20,5,10,9,13,24,7,1,13,26,2,3,21,10,18,24,2,21,14,3,17,25,18,15,19,10,8,18,4,20,13,8,2,8,1,14,24,23,13,4,1,25,4,25,14,19,16,9,11,12,24,2,25,24,7,6,19,23,22,8,17,7,11,18,17,20,15,23,20,1,20,22,5,22,16,17,17,17,4,19,23,26,9,12,3,8,22,7,5,6,23,14,12,22,10,20,6,25,26,11,25,1,24,26,22,7,15,11,16,5,24,26,24,15,22,16,19,17,1,6,9,19,3,19,22,4,19,10,14,6,14,6,5,2,18,2,21,6,10,15,21,11,19,14,9,4,2,16,13,22,5,23,25,3,15,4,5,24,6,17,23",5000,100
15,78,286368.551225817,21.72338199829361,"12,7,16,14,15,8,6,11,19,23,16,4,22,8,20,5,10,9,13,24,7,1,13,26,2,3,21,10,18,24,2,21,14,3,17,25,18,15,19,10,8,18,4,20,13,8,2,8,1,14,24,23,13,4,1,25,4,25,14,19,16,9,11,12,24,2,25,24,7,6,19,23,22,8,17,7,11,18,17,20,15,23,20,1,20,22,5,22,16,17,17,17,4,19,23,26,9,12,3,8,22,7,5,6,23,14,12,22,10,20,6,25,26,11,25,1,24,26,22,7,15,11,16,5,24,26,24,15,22,16,19,17,1,6,9,19,3,19,22,4,19,10,14,6,14,6,5,2,18,2,21,6,10,15,21,11,19,14,9,4,2,16,13,22,5,23,25,3,15,4,5,24,6,17,23",5000,100
15,79,286368.551225817,21.72338199829361,"12,7,16,14,15,8,6,11,19,23,16,4,22,8,20,5,10,9,13,24,7,1,13,26,2,3,21,10,18,24,2,21,14,3,17,25,18,15,19,10,8,18,4,20,13,8,2,8,1,14,24,23,13,4,1,25,4,25,14,19,16,9,11,12,24,2,25,24,7,6,19,23,22,8,17,7,11,18,17,20,15,23,20,1,20,22,5,22,16,17,17,17,4,19,23,26,9,12,3,8,22,7,5,6,23,14,12,22,10,20,6,25,26,11,25,1,24,26,22,7,15,11,16,5,24,26,24,15,22,16,19,17,1,6,9,19,3,19,22,4,19,10,14,6,14,6,5,2,18,2,21,6,10,15,21,11,19,14,9,4,2,16,13,22,5,23,25,3,15,4,5,24,6,17,23",5000,100
15,80,286368.551225817,21.72338199829361,"12,7,16,14,15,8,6,11,19,23,16,4,22,8,20,5,10,9,13,24,7,1,13,26,2,3,21,10,18,24,2,21,14,3,17,25,18,15,19,10,8,18,4,20,13,8,2,8,1,14,24,23,13,4,1,25,4,25,14,19,16,9,11,12,24,2,25,24,7,6,19,23,22,8,17,7,11,18,17,20,15,23,20,1,20,22,5,22,16,17,17,17,4,19,23,26,9,12,3,8,22,7,5,6,23,14,12,22,10,20,6,25,26,11,25,1,24,26,22,7,15,11,16,5,24,26,24,15,22,16,19,17,1,6,9,19,3,19,22,4,19,10,14,6,14,6,5,2,18,2,21,6,10,15,21,11,19,14,9,4,2,16,13,22,5,23,25,3,15,4,5,24,6,17,23",5000,100
15,81,286368.551225817,21.72338199829361,"12,7,16,14,15,8,6,11,19,23,16,4,22,8,20,5,10,9,13,24,7,1,13,26,2,3,21,10,18,24,2,21,14,3,17,25,18,15,19,10,8,18,4,20,13,8,2,8,1,14,24,23,13,4,1,25,4,25,14,19,16,9,11,12,24,2,25,24,7,6,19,23,22,8,17,7,11,18,17,20,15,23,20,1,20,22,5,22,16,17,17,17,4,19,23,26,9,12,3,8,22,7,5,6,23,14,12,22,10,20,6,25,26,11,25,1,24,26,22,7,15,11,16,5,24,26,24,15,22,16,19,17,1,6,9,19,3,19,22,4,19,10,14,6,14,6,5,2,18,2,21,6,10,15,21,11,19,14,9,4,2,16,13,22,5,23,25,3,15,4,5,24,6,17,23",5000,100
15,82,286368.551225817,21.72338199829361,"12,7,16,14,15,8,6,11,19,23,16,4,22,8,20,5,10,9,13,24,7,1,13,26,2,3,21,10,18,24,2,21,14,3,17,25,18,15,19,10,8,18,4,20,13,8,2,8,1,14,24,23,13,4,1,25,4,25,14,19,16,9,11,12,24,2,25,24,7,6,19,23,22,8,17,7,11,18,17,20,15,23,20,1,20,22,5,22,16,17,17,17,4,19,23,26,9,12,3,8,22,7,5,6,23,14,12,22,10,20,6,25,26,11,25,1,24,26,22,7,15,11,16,5,24,26,24,15,22,16,19,17,1,6,9,19,3,19,22,4,19,10,14,6,14,6,5,2,18,2,21,6,10,15,21,11,19,14,9,4,2,16,13,22,5,23,25,3,15,4,5,24,6,17,23",5000,100
15,83,286368.551225817,21.72338199829361,"12,7,16,14,15,8,6,11,19,23,16,4,22,8,20,5,10,9,13,24,7,1,13,26,2,3,21,10,18,24,2,21,14,3,17,25,18,15,19,10,8,18,4,20,13,8,2,8,1,14,24,23,13,4,1,25,4,25,14,19,16,9,11,12,24,2,25,24,7,6,19,23,22,8,17,7,11,18,17,20,15,23,20,1,20,22,5,22,16,17,17,17,4,19,23,26,9,12,3,8,22,7,5,6,23,14,12,22,10,20,6,25,26,11,25,1,24,26,22,7,15,11,16,5,24,26,24,15,22,16,19,17,1,6,9,19,3,19,22,4,19,10,14,6,14,6,5,2,18,2,21,6,10,15,21,11,19,14,9,4,2,16,13,22,5,23,25,3,15,4,5,24,6,17,23",5000,100
15,84,286368.551225817,21.72338199829361,"12,7,16,14,15,8,6,11,19,23,16,4,22,8,20,5,10,9,13,24,7,1,13,26,2,3,21,10,18,24,2,21,14,3,17,25,18,15,19,10,8,18,4,20,13,8,2,8,1,14,24,23,13,4,1,25,4,25,14,19,16,9,11,12,24,2,25,24,7,6,19,23,22,8,17,7,11,18,17,20,15,23,20,1,20,22,5,22,16,17,17,17,4,19,23,26,9,12,3,8,22,7,5,6,23,14,12,22,10,20,6,25,26,11,25,1,24,26,22,7,15,11,16,5,24,26,24,15,22,16,19,17,1,6,9,19,3,19,22,4,19,10,14,6,14,6,5,2,18,2,21,6,10,15,21,11,19,14,9,4,2,16,13,22,5,23,25,3,15,4,5,24,6,17,23",5000,100
15,85,286368.551225817,21.72338199829361,"12,7,16,14,15,8,6,11,19,23,16,4,22,8,20,5,10,9,13,24,7,1,13,26,2,3,21,10,18,24,2,21,14,3,17,25,18,15,19,10,8,18,4,20,13,8,2,8,1,14,24,23,13,4,1,25,4,25,14,19,16,9,11,12,24,2,25,24,7,6,19,23,22,8,17,7,11,18,17,20,15,23,20,1,20,22,5,22,16,17,17,17,4,19,23,26,9,12,3,8,22,7,5,6,23,14,12,22,10,20,6,25,26,11,25,1,24,26,22,7,15,11,16,5,24,26,24,15,22,16,19,17,1,6,9,19,3,19,22,4,19,10,14,6,14,6,5,2,18,2,21,6,10,15,21,11,19,14,9,4,2,16,13,22,5,23,25,3,15,4,5,24,6,17,23",5000,100
15,86,286368.551225817,21.72338199829361,"12,7,16,14,15,8,6,11,19,23,16,4,22,8,20,5,10,9,13,24,7,1,13,26,2,3,21,10,18,24,2,21,14,3,17,25,18,15,19,10,8,18,4,20,13,8,2,8,1,14,24,23,13,4,1,25,4,25,14,19,16,9,11,12,24,2,25,24,7,6,19,23,22,8,17,7,11,18,17,20,15,23,20,1,20,22,5,22,16,17,17,17,4,19,23,26,9,12,3,8,22,7,5,6,23,14,12,22,10,20,6,25,26,11,25,1,24,26,22,7,15,11,16,5,24,26,24,15,22,16,19,17,1,6,9,19,3,19,22,4,19,10,14,6,14,6,5,2,18,2,21,6,10,15,21,11,19,14,9,4,2,16,13,22,5,23,25,3,15,4,5,24,6,17,23",5000,100
15,87,286368.551225817,21.72338199829361,"12,7,16,14,15,8,6,11,19,23,16,4,22,8,20,5,10,9,13,24,7,1,13,26,2,3,21,10,18,24,2,21,14,3,17,25,18,15,19,10,8,18,4,20,13,8,2,8,1,14,24,23,13,4,1,25,4,25,14,19,16,9,11,12,24,2,25,24,7,6,19,23,22,8,17,7,11,18,17,20,15,23,20,1,20,22,5,22,16,17,17,17,4,19,23,26,9,12,3,8,22,7,5,6,23,14,12,22,10,20,6,25,26,11,25,1,24,26,22,7,15,11,16,5,24,26,24,15,22,16,19,17,1,6,9,19,3,19,22,4,19,10,14,6,14,6,5,2,18,2,21,6,10,15,21,11,19,14,9,4,2,16,13,22,5,23,25,3,15,4,5,24,6,17,23",5000,100
15,88,286368.551225817,21.72338199829361,"12,7,16,14,15,8,6,11,19,23,16,4,22,8,20,5,10,9,13,24,7,1,13,26,2,3,21,10,18,24,2,21,14,3,17,25,18,15,19,10,8,18,4,20,13,8,2,8,1,14,24,23,13,4,1,25,4,25,14,19,16,9,11,12,24,2,25,24,7,6,19,23,22,8,17,7,11,18,17,20,15,23,20,1,20,22,5,22,16,17,17,17,4,19,23,26,9,12,3,8,22,7,5,6,23,14,12,22,10,20,6,25,26,11,25,1,24,26,22,7,15,11,16,5,24,26,24,15,22,16,19,17,1,6,9,19,3,19,22,4,19,10,14,6,14,6,5,2,18,2,21,6,10,15,21,11,19,14,9,4,2,16,13,22,5,23,25,3,15,4,5,24,6,17,23",5000,100
15,89,286368.551225817,21.72338199829361,"12,7,16,14,15,8,6,11,19,23,16,4,22,8,20,5,10,9,13,24,7,1,13,26,2,3,21,10,18,24,2,21,14,3,17,25,18,15,19,10,8,18,4,20,13,8,2,8,1,14,24,23,13,4,1,25,4,25,14,19,16,9,11,12,24,2,25,24,7,6,19,23,22,8,17,7,11,18,17,20,15,23,20,1,20,22,5,22,16,17,17,17,4,19,23,26,9,12,3,8,22,7,5,6,23,14,12,22,10,20,6,25,26,11,25,1,24,26,22,7,15,11,16,5,24,26,24,15,22,16,19,17,1,6,9,19,3,19,22,4,19,10,14,6,14,6,5,2,18,2,21,6,10,15,21,11,19,14,9,4,2,16,13,22,5,23,25,3,15,4,5,24,6,17,23",5000,100
15,90,286368.551225817,21.72338199829361,"12,7,16,14,15,8,6,11,19,23,16,4,22,8,20,5,10,9,13,24,7,1,13,26,2,3,21,10,18,24,2,21,14,3,17,25,18,15,19,10,8,18,4,20,13,8,2,8,1,14,24,23,13,4,1,25,4,25,14,19,16,9,11,12,24,2,25,24,7,6,19,23,22,8,17,7,11,18,17,20,15,23,20,1,20,22,5,22,16,17,17,17,4,19,23,26,9,12,3,8,22,7,5,6,23,14,12,22,10,20,6,25,26,11,25,1,24,26,22,7,15,11,16,5,24,26,24,15,22,16,19,17,1,6,9,19,3,19,22,4,19,10,14,6,14,6,5,2,18,2,21,6,10,15,21,11,19,14,9,4,2,16,13,22,5,23,25,3,15,4,5,24,6,17,23",5000,100
15,91,286368.551225817,21.72338199829361,"12,7,16,14,15,8,6,11,19,23,16,4,22,8,20,5,10,9,13,24,7,1,13,26,2,3,21,10,18,24,2,21,14,3,17,25,18,15,19,10,8,18,4,20,13,8,2,8,1,14,24,23,13,4,1,25,4,25,14,19,16,9,11,12,24,2,25,24,7,6,19,23,22,8,17,7,11,18,17,20,15,23,20,1,20,22,5,22,16,17,17,17,4,19,23,26,9,12,3,8,22,7,5,6,23,14,12,22,10,20,6,25,26,11,25,1,24,26,22,7,15,11,16,5,24,26,24,15,22,16,19,17,1,6,9,19,3,19,22,4,19,10,14,6,14,6,5,2,18,2,21,6,10,15,21,11,19,14,9,4,2,16,13,22,5,23,25,3,15,4,5,24,6,17,23",5000,100
15,92,286368.551225817,21.72338199829361,"12,7,16,14,15,8,6,11,19,23,16,4,22,8,20,5,10,9,13,24,7,1,13,26,2,3,21,10,18,24,2,21,14,3,17,25,18,15,19,10,8,18,4,20,13,8,2,8,1,14,24,23,13,4,1,25,4,25,14,19,16,9,11,12,24,2,25,24,7,6,19,23,22,8,17,7,11,18,17,20,15,23,20,1,20,22,5,22,16,17,17,17,4,19,23,26,9,12,3,8,22,7,5,6,23,14,12,22,10,20,6,25,26,11,25,1,24,26,22,7,15,11,16,5,24,26,24,15,22,16,19,17,1,6,9,19,3,19,22,4,19,10,14,6,14,6,5,2,18,2,21,6,10,15,21,11,19,14,9,4,2,16,13,22,5,23,25,3,15,4,5,24,6,17,23",5000,100
15,93,286368.551225817,21.72338199829361,"12,7,16,14,15,8,6,11,19,23,16,4,22,8,20,5,10,9,13,24,7,1,13,26,2,3,21,10,18,24,2,21,14,3,17,25,18,15,19,10,8,18,4,20,13,8,2,8,1,14,24,23,13,4,1,25,4,25,14,19,16,9,11,12,24,2,25,24,7,6,19,23,22,8,17,7,11,18,17,20,15,23,20,1,20,22,5,22,16,17,17,17,4,19,23,26,9,12,3,8,22,7,5,6,23,14,12,22,10,20,6,25,26,11,25,1,24,26,22,7,15,11,16,5,24,26,24,15,22,16,19,17,1,6,9,19,3,19,22,4,19,10,14,6,14,6,5,2,18,2,21,6,10,15,21,11,19,14,9,4,2,16,13,22,5,23,25,3,15,4,5,24,6,17,23",5000,100
15,94,286368.551225817,21.72338199829361,"12,7,16,14,15,8,6,11,19,23,16,4,22,8,20,5,10,9,13,24,7,1,13,26,2,3,21,10,18,24,2,21,14,3,17,25,18,15,19,10,8,18,4,20,13,8,2,8,1,14,24,23,13,4,1,25,4,25,14,19,16,9,11,12,24,2,25,24,7,6,19,23,22,8,17,7,11,18,17,20,15,23,20,1,20,22,5,22,16,17,17,17,4,19,23,26,9,12,3,8,22,7,5,6,23,14,12,22,10,20,6,25,26,11,25,1,24,26,22,7,15,11,16,5,24,26,24,15,22,16,19,17,1,6,9,19,3,19,22,4,19,10,14,6,14,6,5,2,18,2,21,6,10,15,21,11,19,14,9,4,2,16,13,22,5,23,25,3,15,4,5,24,6,17,23",5000,100
15,95,286368.551225817,21.72338199829361,"12,7,16,14,15,8,6,11,19,23,16,4,22,8,20,5,10,9,13,24,7,1,13,26,2,3,21,10,18,24,2,21,14,3,17,25,18,15,19,10,8,18,4,20,13,8,2,8,1,14,24,23,13,4,1,25,4,25,14,19,16,9,11,12,24,2,25,24,7,6,19,23,22,8,17,7,11,18,17,20,15,23,20,1,20,22,5,22,16,17,17,17,4,19,23,26,9,12,3,8,22,7,5,6,23,14,12,22,10,20,6,25,26,11,25,1,24,26,22,7,15,11,16,5,24,26,24,15,22,16,19,17,1,6,9,19,3,19,22,4,19,10,14,6,14,6,5,2,18,2,21,6,10,15,21,11,19,14,9,4,2,16,13,22,5,23,25,3,15,4,5,24,6,17,23",5000,100
15,96,286368.551225817,21.72338199829361,"12,7,16,14,15,8,6,11,19,23,16,4,22,8,20,5,10,9,13,24,7,1,13,26,2,3,21,10,18,24,2,21,14,3,17,25,18,15,19,10,8,18,4,20,13,8,2,8,1,14,24,23,13,4,1,25,4,25,14,19,16,9,11,12,24,2,25,24,7,6,19,23,22,8,17,7,11,18,17,20,15,23,20,1,20,22,5,22,16,17,17,17,4,19,23,26,9,12,3,8,22,7,5,6,23,14,12,22,10,20,6,25,26,11,25,1,24,26,22,7,15,11,16,5,24,26,24,15,22,16,19,17,1,6,9,19,3,19,22,4,19,10,14,6,14,6,5,2,18,2,21,6,10,15,21,11,19,14,9,4,2,16,13,22,5,23,25,3,15,4,5,24,6,17,23",5000,100
15,97,286368.551225817,21.72338199829361,"12,7,16,14,15,8,6,11,19,23,16,4,22,8,20,5,10,9,13,24,7,1,13,26,2,3,21,10,18,24,2,21,14,3,17,25,18,15,19,10,8,18,4,20,13,8,2,8,1,14,24,23,13,4,1,25,4,25,14,19,16,9,11,12,24,2,25,24,7,6,19,23,22,8,17,7,11,18,17,20,15,23,20,1,20,22,5,22,16,17,17,17,4,19,23,26,9,12,3,8,22,7,5,6,23,14,12,22,10,20,6,25,26,11,25,1,24,26,22,7,15,11,16,5,24,26,24,15,22,16,19,17,1,6,9,19,3,19,22,4,19,10,14,6,14,6,5,2,18,2,21,6,10,15,21,11,19,14,9,4,2,16,13,22,5,23,25,3,15,4,5,24,6,17,23",5000,100
15,98,286368.551225817,21.72338199829361,"12,7,16,14,15,8,6,11,19,23,16,4,22,8,20,5,10,9,13,24,7,1,13,26,2,3,21,10,18,24,2,21,14,3,17,25,18,15,19,10,8,18,4,20,13,8,2,8,1,14,24,23,13,4,1,25,4,25,14,19,16,9,11,12,24,2,25,24,7,6,19,23,22,8,17,7,11,18,17,20,15,23,20,1,20,22,5,22,16,17,17,17,4,19,23,26,9,12,3,8,22,7,5,6,23,14,12,22,10,20,6,25,26,11,25,1,24,26,22,7,15,11,16,5,24,26,24,15,22,16,19,17,1,6,9,19,3,19,22,4,19,10,14,6,14,6,5,2,18,2,21,6,10,15,21,11,19,14,9,4,2,16,13,22,5,23,25,3,15,4,5,24,6,17,23",5000,100
15,99,286403.84855154855,21.709213270600166,"12,7,16,14,15,8,6,11,19,23,16,4,22,8,20,5,10,9,13,24,7,1,13,26,2,3,21,10,18,24,2,21,14,3,17,25,18,15,19,10,8,18,4,20,13,8,2,8,1,14,24,23,13,4,1,25,4,25,14,19,16,9,11,12,24,2,25,24,7,6,19,23,22,8,17,7,11,18,17,20,15,23,20,1,20,22,5,22,16,17,17,17,4,19,23,26,9,12,3,8,22,7,5,6,23,14,12,22,10,20,6,25,26,11,25,1,24,26,22,7,15,11,16,5,24,26,24,15,22,16,19,17,1,6,9,19,3,19,22,4,19,10,14,6,14,6,5,2,18,2,21,6,10,15,21,11,19,14,9,4,2,16,13,22,5,23,25,3,15,4,5,24,6,17,20",5000,100
16,0,279223.9862089134,24.532191144837917,"4,15,14,3,2,9,11,7,10,18,16,13,5,19,2,26,10,22,25,12,8,1,20,17,21,21,12,24,19,23,13,15,3,20,6,23,9,7,26,26,21,25,24,6,14,24,9,22,3,8,18,15,18,24,1,10,2,8,15,24,7,18,18,15,18,18,15,22,7,19,14,13,1,7,16,25,11,21,8,9,4,14,17,11,8,20,26,1,1,1,23,4,26,19,5,9,16,14,24,16,7,20,6,19,17,5,26,5,15,17,4,8,26,25,1,23,20,11,14,4,7,6,3,25,23,8,4,10,19,14,7,7,21,1,2,1,25,17,6,25,14,22,13,25,26,9,12,23,24,13,19,24,4,9,1,4,17,25,8,12,4,7,14,13,25,8,21,23,24,2,25,26,24,10,4",5000,100
16,1,288697.01221776253,24.30221457267001,"4,15,14,3,2,9,11,7,10,18,16,13,5,19,2,26,10,22,25,12,8,1,20,17,21,21,12,24,19,23,13,15,3,20,6,23,9,7,11,26,21,25,24,6,14,24,9,22,3,8,18,15,18,24,1,10,2,8,15,24,7,18,18,15,18,18,15,22,7,19,14,13,1,7,16,25,11,21,8,9,4,14,17,11,8,20,26,1,1,1,23,4,26,19,5,9,16,14,1,16,7,20,6,19,17,5,26,5,15,17,21,8,26,25,1,23,20,11,14,4,7,6,3,25,23,8,4,10,19,14,7,7,21,1,2,1,25,17,6,25,14,22,13,25,26,9,12,23,24,13,19,24,4,9,1,4,17,25,8,12,4,7,14,13,25,8,21,23,24,2,25,26,24,10,4",5000,100
17,0,380815.29683325987,30.728049364570463,"22,17,4,22,3,10,14,23,18,9,21,16,12,20,15,23,5,11,2,3,12,1,7,13,17,25,26,20,6,2,7,25,26,9,19,24,8,6,8,2,15,5,19,3,21,12,5,10,25,20,10,2,20,2,7,5,24,15,21,3,14,19,25,5,18,21,15,9,20,3,4,10,4,10,20,20,4,10,16,4,24,3,18,10,3,15,19,16,25,11,23,14,14,14,6,14,10,9,17,11,21,19,22,11,3,13,11,5,26,4,20,17,1,14,5,16,19,8,18,8,12,4,25,24,6,11,1,5,5,1,26,2,5,7,7,13,18,24,5,1,12,5,6,16,1,9,1,16,16,19,18,13,23,12,18,25,8,24,25,3,21,2,15,11,20,11,12,15,3,14,13,8,5,21,18",5000,100
17,1,381015.6700650534,30.10081679286516,"22,17,4,22,3,10,14,23,18,9,21,16,12,20,15,23,5,11,2,3,12,1,7,13,17,25,26,20,6,2,7,25,26,9,19,24,8,6,8,2,15,5,19,3,21,12,5,10,25,20,10,2,20,2,7,5,24,15,21,3,14,19,25,5,18,21,15,9,20,3,4,17,4,10,20,20,4,10,16,4,24,3,18,10,3,15,19,16,25,11,23,14,14,14,6,14,10,9,17,11,21,19,22,11,3,13,11,5,26,4,20,17,1,14,5,16,19,8,18,8,12,4,25,24,6,11,1,5,5,1,26,2,5,7,7,13,18,24,5,1,12,5,6,16,1,9,1,16,26,19,18,13,23,1,18,25,8,24,25,3,21,2,15,11,20,11,12,15,3,14,13,8,5,18,18",5000,100
18,0,303262.06210289116,24.14024604866199,"15,15,26,8,24,13,5,1,21,20,23,17,6,9,25,2,19,16,10,26,24,14,6,21,12,3,7,3,23,11,12,25,4,22,18,7,13,23,1,1,26,5,21,8,17,19,9,12,4,16,26,9,17,3,8,4,6,5,7,4,7,1,14,18,10,23,11,16,24,13,7,11,20,15,3,8,14,14,16,20,16,6,2,26,19,21,11,4,18,1,2,3,14,1,16,18,13,19,5,26,10,21,9,17,20,11,12,5,9,8,11,24,20,1,7,18,9,11,2,6,9,19,18,13,26,5,18,6,4,16,10,4,6,5,7,10,1,25,22,24,9,17,4,8,10,26,23,13,10,18,3,18,19,11,2,11,5,6,22,5,22,5,26,22,2,19,26,24,2,8,17,8,25,9,10",5000,100
18,1,303262.06210289116,24.14024604866199,"15,15,26,8,24,13,5,1,21,20,23,17,6,9,25,2,19,16,10,26,24,14,6,21,12,3,7,3,23,11,12,25,4,22,18,7,13,23,1,1,26,5,21,8,17,19,9,12,4,16,26,9,17,3,8,4,6,5,7,4,7,1,14,18,10,23,11,16,24,13,7,11,20,15,3,8,14,14,16,20,16,6,2,26,19,21,11,4,18,1,2,3,14,1,16,18,13,19,5,26,10,21,9,17,20,11,12,5,9,8,11,24,20,1,7,18,9,11,2,6,9,19,18,13,26,5,18,6,4,16,10,4,6,5,7,10,1,25,22,24,9,17,4,8,10,26,23,13,10,18,3,18,19,11,2,11,5,6,22,5,22,5,26,22,2,19,26,24,2,8,17,8,25,9,10",5000,100
18,2,303262.06210289116,24.14024604866199,"15,15,26,8,24,13,5,1,21,20,23,17,6,9,25,2,19,16,10,26,24,14,6,21,12,3,7,3,23,11,12,25,4,22,18,7,13,23,1,1,26,5,21,8,17,19,9,12,4,16,26,9,17,3,8,4,6,5,7,4,7,1,14,18,10,23,11,16,24,13,7,11,20,15,3,8,14,14,16,20,16,6,2,26,19,21,11,4,18,1,2,3,14,1,16,18,13,19,5,26,10,21,9,17,20,11,12,5,9,8,11,24,20,1,7,18,9,11,2,6,9,19,18,13,26,5,18,6,4,16,10,4,6,5,7,10,1,25,22,24,9,17,4,8,10,26,23,13,10,18,3,18,19,11,2,11,5,6,22,5,22,5,26,22,2,19,26,24,2,8,17,8,25,9,10",5000,100
18,3,303262.06210289116,24.14024604866199,"15,15,26,8,24,13,5,1,21,20,23,17,6,9,25,2,19,16,10,26,24,14,6,21,12,3,7,3,23,11,12,25,4,22,18,7,13,23,1,1,26,5,21,8,17,19,9,12,4,16,26,9,17,3,8,4,6,5,7,4,7,1,14,18,10,23,11,16,24,13,7,11,20,15,3,8,14,14,16,20,16,6,2,26,19,21,11,4,18,1,2,3,14,1,16,18,13,19,5,26,10,21,9,17,20,11,12,5,9,8,11,24,20,1,7,18,9,11,2,6,9,19,18,13,26,5,18,6,4,16,10,4,6,5,7,10,1,25,22,24,9,17,4,8,10,26,23,13,10,18,3,18,19,11,2,11,5,6,22,5,22,5,26,22,2,19,26,24,2,8,17,8,25,9,10",5000,100
18,4,303262.06210289116,24.14024604866199,"15,15,26,8,24,13,5,1,21,20,23,17,6,9,25,2,19,16,10,26,24,14,6,21,12,3,7,3,23,11,12,25,4,22,18,7,13,23,1,1,26,5,21,8,17,19,9,12,4,16,26,9,17,3,8,4,6,5,7,4,7,1,14,18,10,23,11,16,24,13,7,11,20,15,3,8,14,14,16,20,16,6,2,26,19,21,11,4,18,1,2,3,14,1,16,18,13,19,5,26,10,21,9,17,20,11,12,5,9,8,11,24,20,1,7,18,9,11,2,6,9,19,18,13,26,5,18,6,4,16,10,4,6,5,7,10,1,25,22,24,9,17,4,8,10,26,23,13,10,18,3,18,19,11,2,11,5,6,22,5,22,5,26,22,2,19,26,24,2,8,17,8,25,9,10",5000,100
18,5,303262.06210289116,24.14024604866199,"15,15,26,8,24,13,5,1,21,20,23,17,6,9,25,2,19,16,10,26,24,14,6,21,12,3,7,3,23,11,12,25,4,22,18,7,13,23,1,1,26,5,21,8,17,19,9,12,4,16,26,9,17,3,8,4,6,5,7,4,7,1,14,18,10,23,11,16,24,13,7,11,20,15,3,8,14,14,16,20,16,6,2,26,19,21,11,4,18,1,2,3,14,1,16,18,13,19,5,26,10,21,9,17,20,11,12,5,9,8,11,24,20,1,7,18,9,11,2,6,9,19,18,13,26,5,18,6,4,16,10,4,6,5,7,10,1,25,22,24,9,17,4,8,10,26,23,13,10,18,3,18,19,11,2,11,5,6,22,5,22,5,26,22,2,19,26,24,2,8,17,8,25,9,10",5000,100
18,6,303262.06210289116,24.14024604866199,"15,15,26,8,24,13,5,1,21,20,23,17,6,9,25,2,19,16,10,26,24,14,6,21,12,3,7,3,23,11,12,25,4,22,18,7,13,23,1,1,26,5,21,8,17,19,9,12,4,16,26,9,17,3,8,4,6,5,7,4,7,1,14,18,10,23,11,16,24,13,7,11,20,15,3,8,14,14,16,20,16,6,2,26,19,21,11,4,18,1,2,3,14,1,16,18,13,19,5,26,10,21,9,17,20,11,12,5,9,8,11,24,20,1,7,18,9,11,2,6,9,19,18,13,26,5,18,6,4,16,10,4,6,5,7,10,1,25,22,24,9,17,4,8,10,26,23,13,10,18,3,18,19,11,2,11,5,6,22,5,22,5,26,22,2,19,26,24,2,8,17,8,25,9,10",5000,100
18,7,303262.06210289116,24.14024604866199,"15,15,26,8,24,13,5,1,21,20,23,17,6,9,25,2,19,16,10,26,24,14,6,21,12,3,7,3,23,11,12,25,4,22,18,7,13,23,1,1,26,5,21,8,17,19,9,12,4,16,26,9,17,3,8,4,6,5,7,4,7,1,14,18,10,23,11,16,24,13,7,11,20,15,3,8,14,14,16,20,16,6,2,26,19,21,11,4,18,1,2,3,14,1,16,18,13,19,5,26,10,21,9,17,20,11,12,5,9,8,11,24,20,1,7,18,9,11,2,6,9,19,18,13,26,5,18,6,4,16,10,4,6,5,7,10,1,25,22,24,9,17,4,8,10,26,23,13,10,18,3,18,19,11,2,11,5,6,22,5,22,5,26,22,2,19,26,24,2,8,17,8,25,9,10",5000,100
18,8,303262.06210289116,24.14024604866199,"15,15,26,8,24,13,5,1,21,20,23,17,6,9,25,2,19,16,10,26,24,14,6,21,12,3,7,3,23,11,12,25,4,22,18,7,13,23,1,1,26,5,21,8,17,19,9,12,4,16,26,9,17,3,8,4,6,5,7,4,7,1,14,18,10,23,11,16,24,13,7,11,20,15,3,8,14,14,16,20,16,6,2,26,19,21,11,4,18,1,2,3,14,1,16,18,13,19,5,26,10,21,9,17,20,11,12,5,9,8,11,24,20,1,7,18,9,11,2,6,9,19,18,13,26,5,18,6,4,16,10,4,6,5,7,10,1,25,22,24,9,17,4,8,10,26,23,13,10,18,3,18,19,11,2,11,5,6,22,5,22,5,26,22,2,19,26,24,2,8,17,8,25,9,10",5000,100
18,9,303262.06210289116,24.14024604866199,"15,15,26,8,24,13,5,1,21,20,23,17,6,9,25,2,19,16,10,26,24,14,6,21,12,3,7,3,23,11,12,25,4,22,18,7,13,23,1,1,26,5,21,8,17,19,9,12,4,16,26,9,17,3,8,4,6,5,7,4,7,1,14,18,10,23,11,16,24,13,7,11,20,15,3,8,14,14,16,20,16,6,2,26,19,21,11,4,18,1,2,3,14,1,16,18,13,19,5,26,10,21,9,17,20,11,12,5,9,8,11,24,20,1,7,18,9,11,2,6,9,19,18,13,26,5,18,6,4,16,10,4,6,5,7,10,1,25,22,24,9,17,4,8,10,26,23,13,10,18,3,18,19,11,2,11,5,6,22,5,22,5,26,22,2,19,26,24,2,8,17,8,25,9,10",5000,100
18,10,303262.06210289116,24.14024604866199,"15,15,26,8,24,13,5,1,21,20,23,17,6,9,25,2,19,16,10,26,24,14,6,21,12,3,7,3,23,11,12,25,4,22,18,7,13,23,1,1,26,5,21,8,17,19,9,12,4,16,26,9,17,3,8,4,6,5,7,4,7,1,14,18,10,23,11,16,24,13,7,11,20,15,3,8,14,14,16,20,16,6,2,26,19,21,11,4,18,1,2,3,14,1,16,18,13,19,5,26,10,21,9,17,20,11,12,5,9,8,11,24,20,1,7,18,9,11,2,6,9,19,18,13,26,5,18,6,4,16,10,4,6,5,7,10,1,25,22,24,9,17,4,8,10,26,23,13,10,18,3,18,19,11,2,11,5,6,22,5,22,5,26,22,2,19,26,24,2,8,17,8,25,9,10",5000,100
18,11,303262.06210289116,24.14024604866199,"15,15,26,8,24,13,5,1,21,20,23,17,6,9,25,2,19,16,10,26,24,14,6,21,12,3,7,3,23,11,12,25,4,22,18,7,13,23,1,1,26,5,21,8,17,19,9,12,4,16,26,9,17,3,8,4,6,5,7,4,7,1,14,18,10,23,11,16,24,13,7,11,20,15,3,8,14,14,16,20,16,6,2,26,19,21,11,4,18,1,2,3,14,1,16,18,13,19,5,26,10,21,9,17,20,11,12,5,9,8,11,24,20,1,7,18,9,11,2,6,9,19,18,13,26,5,18,6,4,16,10,4,6,5,7,10,1,25,22,24,9,17,4,8,10,26,23,13,10,18,3,18,19,11,2,11,5,6,22,5,22,5,26,22,2,19,26,24,2,8,17,8,25,9,10",5000,100
18,12,303262.06210289116,24.14024604866199,"15,15,26,8,24,13,5,1,21,20,23,17,6,9,25,2,19,16,10,26,24,14,6,21,12,3,7,3,23,11,12,25,4,22,18,7,13,23,1,1,26,5,21,8,17,19,9,12,4,16,26,9,17,3,8,4,6,5,7,4,7,1,14,18,10,23,11,16,24,13,7,11,20,15,3,8,14,14,16,20,16,6,2,26,19,21,11,4,18,1,2,3,14,1,16,18,13,19,5,26,10,21,9,17,20,11,12,5,9,8,11,24,20,1,7,18,9,11,2,6,9,19,18,13,26,5,18,6,4,16,10,4,6,5,7,10,1,25,22,24,9,17,4,8,10,26,23,13,10,18,3,18,19,11,2,11,5,6,22,5,22,5,26,22,2,19,26,24,2,8,17,8,25,9,10",5000,100
18,13,303262.06210289116,24.14024604866199,"15,15,26,8,24,13,5,1,21,20,23,17,6,9,25,2,19,16,10,26,24,14,6,21,12,3,7,3,23,11,12,25,4,22,18,7,13,23,1,1,26,5,21,8,17,19,9,12,4,16,26,9,17,3,8,4,6,5,7,4,7,1,14,18,10,23,11,16,24,13,7,11,20,15,3,8,14,14,16,20,16,6,2,26,19,21,11,4,18,1,2,3,14,1,16,18,13,19,5,26,10,21,9,17,20,11,12,5,9,8,11,24,20,1,7,18,9,11,2,6,9,19,18,13,26,5,18,6,4,16,10,4,6,5,7,10,1,25,22,24,9,17,4,8,10,26,23,13,10,18,3,18,19,11,2,11,5,6,22,5,22,5,26,22,2,19,26,24,2,8,17,8,25,9,10",5000,100
18,14,303262.06210289116,24.14024604866199,"15,15,26,8,24,13,5,1,21,20,23,17,6,9,25,2,19,16,10,26,24,14,6,21,12,3,7,3,23,11,12,25,4,22,18,7,13,23,1,1,26,5,21,8,17,19,9,12,4,16,26,9,17,3,8,4,6,5,7,4,7,1,14,18,10,23,11,16,24,13,7,11,20,15,3,8,14,14,16,20,16,6,2,26,19,21,11,4,18,1,2,3,14,1,16,18,13,19,5,26,10,21,9,17,20,11,12,5,9,8,11,24,20,1,7,18,9,11,2,6,9,19,18,13,26,5,18,6,4,16,10,4,6,5,7,10,1,25,22,24,9,17,4,8,10,26,23,13,10,18,3,18,19,11,2,11,5,6,22,5,22,5,26,22,2,19,26,24,2,8,17,8,25,9,10",5000,100
18,15,303262.06210289116,24.14024604866199,"15,15,26,8,24,13,5,1,21,20,23,17,6,9,25,2,19,16,10,26,24,14,6,21,12,3,7,3,23,11,12,25,4,22,18,7,13,23,1,1,26,5,21,8,17,19,9,12,4,16,26,9,17,3,8,4,6,5,7,4,7,1,14,18,10,23,11,16,24,13,7,11,20,15,3,8,14,14,16,20,16,6,2,26,19,21,11,4,18,1,2,3,14,1,16,18,13,19,5,26,10,21,9,17,20,11,12,5,9,8,11,24,20,1,7,18,9,11,2,6,9,19,18,13,26,5,18,6,4,16,10,4,6,5,7,10,1,25,22,24,9,17,4,8,10,26,23,13,10,18,3,18,19,11,2,11,5,6,22,5,22,5,26,22,2,19,26,24,2,8,17,8,25,9,10",5000,100
18,16,303262.06210289116,24.14024604866199,"15,15,26,8,24,13,5,1,21,20,23,17,6,9,25,2,19,16,10,26,24,14,6,21,12,3,7,3,23,11,12,25,4,22,18,7,13,23,1,1,26,5,21,8,17,19,9,12,4,16,26,9,17,3,8,4,6,5,7,4,7,1,14,18,10,23,11,16,24,13,7,11,20,15,3,8,14,14,16,20,16,6,2,26,19,21,11,4,18,1,2,3,14,1,16,18,13,19,5,26,10,21,9,17,20,11,12,5,9,8,11,24,20,1,7,18,9,11,2,6,9,19,18,13,26,5,18,6,4,16,10,4,6,5,7,10,1,25,22,24,9,17,4,8,10,26,23,13,10,18,3,18,19,11,2,11,5,6,22,5,22,5,26,22,2,19,26,24,2,8,17,8,25,9,10",5000,100
18,17,303262.06210289116,24.14024604866199,"15,15,26,8,24,13,5,1,21,20,23,17,6,9,25,2,19,16,10,26,24,14,6,21,12,3,7,3,23,11,12,25,4,22,18,7,13,23,1,1,26,5,21,8,17,19,9,12,4,16,26,9,17,3,8,4,6,5,7,4,7,1,14,18,10,23,11,16,24,13,7,11,20,15,3,8,14,14,16,20,16,6,2,26,19,21,11,4,18,1,2,3,14,1,16,18,13,19,5,26,10,21,9,17,20,11,12,5,9,8,11,24,20,1,7,18,9,11,2,6,9,19,18,13,26,5,18,6,4,16,10,4,6,5,7,10,1,25,22,24,9,17,4,8,10,26,23,13,10,18,3,18,19,11,2,11,5,6,22,5,22,5,26,22,2,19,26,24,2,8,17,8,25,9,10",5000,100
18,18,303262.06210289116,24.14024604866199,"15,15,26,8,24,13,5,1,21,20,23,17,6,9,25,2,19,16,10,26,24,14,6,21,12,3,7,3,23,11,12,25,4,22,18,7,13,23,1,1,26,5,21,8,17,19,9,12,4,16,26,9,17,3,8,4,6,5,7,4,7,1,14,18,10,23,11,16,24,13,7,11,20,15,3,8,14,14,16,20,16,6,2,26,19,21,11,4,18,1,2,3,14,1,16,18,13,19,5,26,10,21,9,17,20,11,12,5,9,8,11,24,20,1,7,18,9,11,2,6,9,19,18,13,26,5,18,6,4,16,10,4,6,5,7,10,1,25,22,24,9,17,4,8,10,26,23,13,10,18,3,18,19,11,2,11,5,6,22,5,22,5,26,22,2,19,26,24,2,8,17,8,25,9,10",5000,100
18,19,303262.06210289116,24.14024604866199,"15,15,26,8,24,13,5,1,21,20,23,17,6,9,25,2,19,16,10,26,24,14,6,21,12,3,7,3,23,11,12,25,4,22,18,7,13,23,1,1,26,5,21,8,17,19,9,12,4,16,26,9,17,3,8,4,6,5,7,4,7,1,14,18,10,23,11,16,24,13,7,11,20,15,3,8,14,14,16,20,16,6,2,26,19,21,11,4,18,1,2,3,14,1,16,18,13,19,5,26,10,21,9,17,20,11,12,5,9,8,11,24,20,1,7,18,9,11,2,6,9,19,18,13,26,5,18,6,4,16,10,4,6,5,7,10,1,25,22,24,9,17,4,8,10,26,23,13,10,18,3,18,19,11,2,11,5,6,22,5,22,5,26,22,2,19,26,24,2,8,17,8,25,9,10",5000,100
18,20,303262.06210289116,24.14024604866199,"15,15,26,8,24,13,5,1,21,20,23,17,6,9,25,2,19,16,10,26,24,14,6,21,12,3,7,3,23,11,12,25,4,22,18,7,13,23,1,1,26,5,21,8,17,19,9,12,4,16,26,9,17,3,8,4,6,5,7,4,7,1,14,18,10,23,11,16,24,13,7,11,20,15,3,8,14,14,16,20,16,6,2,26,19,21,11,4,18,1,2,3,14,1,16,18,13,19,5,26,10,21,9,17,20,11,12,5,9,8,11,24,20,1,7,18,9,11,2,6,9,19,18,13,26,5,18,6,4,16,10,4,6,5,7,10,1,25,22,24,9,17,4,8,10,26,23,13,10,18,3,18,19,11,2,11,5,6,22,5,22,5,26,22,2,19,26,24,2,8,17,8,25,9,10",5000,100
18,21,303262.06210289116,24.14024604866199,"15,15,26,8,24,13,5,1,21,20,23,17,6,9,25,2,19,16,10,26,24,14,6,21,12,3,7,3,23,11,12,25,4,22,18,7,13,23,1,1,26,5,21,8,17,19,9,12,4,16,26,9,17,3,8,4,6,5,7,4,7,1,14,18,10,23,11,16,24,13,7,11,20,15,3,8,14,14,16,20,16,6,2,26,19,21,11,4,18,1,2,3,14,1,16,18,13,19,5,26,10,21,9,17,20,11,12,5,9,8,11,24,20,1,7,18,9,11,2,6,9,19,18,13,26,5,18,6,4,16,10,4,6,5,7,10,1,25,22,24,9,17,4,8,10,26,23,13,10,18,3,18,19,11,2,11,5,6,22,5,22,5,26,22,2,19,26,24,2,8,17,8,25,9,10",5000,100
18,22,303262.06210289116,24.14024604866199,"15,15,26,8,24,13,5,1,21,20,23,17,6,9,25,2,19,16,10,26,24,14,6,21,12,3,7,3,23,11,12,25,4,22,18,7,13,23,1,1,26,5,21,8,17,19,9,12,4,16,26,9,17,3,8,4,6,5,7,4,7,1,14,18,10,23,11,16,24,13,7,11,20,15,3,8,14,14,16,20,16,6,2,26,19,21,11,4,18,1,2,3,14,1,16,18,13,19,5,26,10,21,9,17,20,11,12,5,9,8,11,24,20,1,7,18,9,11,2,6,9,19,18,13,26,5,18,6,4,16,10,4,6,5,7,10,1,25,22,24,9,17,4,8,10,26,23,13,10,18,3,18,19,11,2,11,5,6,22,5,22,5,26,22,2,19,26,24,2,8,17,8,25,9,10",5000,100
18,23,303262.06210289116,24.14024604866199,"15,15,26,8,24,13,5,1,21,20,23,17,6,9,25,2,19,16,10,26,24,14,6,21,12,3,7,3,23,11,12,25,4,22,18,7,13,23,1,1,26,5,21,8,17,19,9,12,4,16,26,9,17,3,8,4,6,5,7,4,7,1,14,18,10,23,11,16,24,13,7,11,20,15,3,8,14,14,16,20,16,6,2,26,19,21,11,4,18,1,2,3,14,1,16,18,13,19,5,26,10,21,9,17,20,11,12,5,9,8,11,24,20,1,7,18,9,11,2,6,9,19,18,13,26,5,18,6,4,16,10,4,6,5,7,10,1,25,22,24,9,17,4,8,10,26,23,13,10,18,3,18,19,11,2,11,5,6,22,5,22,5,26,22,2,19,26,24,2,8,17,8,25,9,10",5000,100
18,24,303262.06210289116,24.14024604866199,"15,15,26,8,24,13,5,1,21,20,23,17,6,9,25,2,19,16,10,26,24,14,6,21,12,3,7,3,23,11,12,25,4,22,18,7,13,23,1,1,26,5,21,8,17,19,9,12,4,16,26,9,17,3,8,4,6,5,7,4,7,1,14,18,10,23,11,16,24,13,7,11,20,15,3,8,14,14,16,20,16,6,2,26,19,21,11,4,18,1,2,3,14,1,16,18,13,19,5,26,10,21,9,17,20,11,12,5,9,8,11,24,20,1,7,18,9,11,2,6,9,19,18,13,26,5,18,6,4,16,10,4,6,5,7,10,1,25,22,24,9,17,4,8,10,26,23,13,10,18,3,18,19,11,2,11,5,6,22,5,22,5,26,22,2,19,26,24,2,8,17,8,25,9,10",5000,100
18,25,303262.06210289116,24.14024604866199,"15,15,26,8,24,13,5,1,21,20,23,17,6,9,25,2,19,16,10,26,24,14,6,21,12,3,7,3,23,11,12,25,4,22,18,7,13,23,1,1,26,5,21,8,17,19,9,12,4,16,26,9,17,3,8,4,6,5,7,4,7,1,14,18,10,23,11,16,24,13,7,11,20,15,3,8,14,14,16,20,16,6,2,26,19,21,11,4,18,1,2,3,14,1,16,18,13,19,5,26,10,21,9,17,20,11,12,5,9,8,11,24,20,1,7,18,9,11,2,6,9,19,18,13,26,5,18,6,4,16,10,4,6,5,7,10,1,25,22,24,9,17,4,8,10,26,23,13,10,18,3,18,19,11,2,11,5,6,22,5,22,5,26,22,2,19,26,24,2,8,17,8,25,9,10",5000,100
18,26,303262.06210289116,24.14024604866199,"15,15,26,8,24,13,5,1,21,20,23,17,6,9,25,2,19,16,10,26,24,14,6,21,12,3,7,3,23,11,12,25,4,22,18,7,13,23,1,1,26,5,21,8,17,19,9,12,4,16,26,9,17,3,8,4,6,5,7,4,7,1,14,18,10,23,11,16,24,13,7,11,20,15,3,8,14,14,16,20,16,6,2,26,19,21,11,4,18,1,2,3,14,1,16,18,13,19,5,26,10,21,9,17,20,11,12,5,9,8,11,24,20,1,7,18,9,11,2,6,9,19,18,13,26,5,18,6,4,16,10,4,6,5,7,10,1,25,22,24,9,17,4,8,10,26,23,13,10,18,3,18,19,11,2,11,5,6,22,5,22,5,26,22,2,19,26,24,2,8,17,8,25,9,10",5000,100
18,27,303262.06210289116,24.14024604866199,"15,15,26,8,24,13,5,1,21,20,23,17,6,9,25,2,19,16,10,26,24,14,6,21,12,3,7,3,23,11,12,25,4,22,18,7,13,23,1,1,26,5,21,8,17,19,9,12,4,16,26,9,17,3,8,4,6,5,7,4,7,1,14,18,10,23,11,16,24,13,7,11,20,15,3,8,14,14,16,20,16,6,2,26,19,21,11,4,18,1,2,3,14,1,16,18,13,19,5,26,10,21,9,17,20,11,12,5,9,8,11,24,20,1,7,18,9,11,2,6,9,19,18,13,26,5,18,6,4,16,10,4,6,5,7,10,1,25,22,24,9,17,4,8,10,26,23,13,10,18,3,18,19,11,2,11,5,6,22,5,22,5,26,22,2,19,26,24,2,8,17,8,25,9,10",5000,100
18,28,303262.06210289116,24.14024604866199,"15,15,26,8,24,13,5,1,21,20,23,17,6,9,25,2,19,16,10,26,24,14,6,21,12,3,7,3,23,11,12,25,4,22,18,7,13,23,1,1,26,5,21,8,17,19,9,12,4,16,26,9,17,3,8,4,6,5,7,4,7,1,14,18,10,23,11,16,24,13,7,11,20,15,3,8,14,14,16,20,16,6,2,26,19,21,11,4,18,1,2,3,14,1,16,18,13,19,5,26,10,21,9,17,20,11,12,5,9,8,11,24,20,1,7,18,9,11,2,6,9,19,18,13,26,5,18,6,4,16,10,4,6,5,7,10,1,25,22,24,9,17,4,8,10,26,23,13,10,18,3,18,19,11,2,11,5,6,22,5,22,5,26,22,2,19,26,24,2,8,17,8,25,9,10",5000,100
18,29,303262.06210289116,24.14024604866199,"15,15,26,8,24,13,5,1,21,20,23,17,6,9,25,2,19,16,10,26,24,14,6,21,12,3,7,3,23,11,12,25,4,22,18,7,13,23,1,1,26,5,21,8,17,19,9,12,4,16,26,9,17,3,8,4,6,5,7,4,7,1,14,18,10,23,11,16,24,13,7,11,20,15,3,8,14,14,16,20,16,6,2,26,19,21,11,4,18,1,2,3,14,1,16,18,13,19,5,26,10,21,9,17,20,11,12,5,9,8,11,24,20,1,7,18,9,11,2,6,9,19,18,13,26,5,18,6,4,16,10,4,6,5,7,10,1,25,22,24,9,17,4,8,10,26,23,13,10,18,3,18,19,11,2,11,5,6,22,5,22,5,26,22,2,19,26,24,2,8,17,8,25,9,10",5000,100
18,30,303262.06210289116,24.14024604866199,"15,15,26,8,24,13,5,1,21,20,23,17,6,9,25,2,19,16,10,26,24,14,6,21,12,3,7,3,23,11,12,25,4,22,18,7,13,23,1,1,26,5,21,8,17,19,9,12,4,16,26,9,17,3,8,4,6,5,7,4,7,1,14,18,10,23,11,16,24,13,7,11,20,15,3,8,14,14,16,20,16,6,2,26,19,21,11,4,18,1,2,3,14,1,16,18,13,19,5,26,10,21,9,17,20,11,12,5,9,8,11,24,20,1,7,18,9,11,2,6,9,19,18,13,26,5,18,6,4,16,10,4,6,5,7,10,1,25,22,24,9,17,4,8,10,26,23,13,10,18,3,18,19,11,2,11,5,6,22,5,22,5,26,22,2,19,26,24,2,8,17,8,25,9,10",5000,100
18,31,303262.06210289116,24.14024604866199,"15,15,26,8,24,13,5,1,21,20,23,17,6,9,25,2,19,16,10,26,24,14,6,21,12,3,7,3,23,11,12,25,4,22,18,7,13,23,1,1,26,5,21,8,17,19,9,12,4,16,26,9,17,3,8,4,6,5,7,4,7,1,14,18,10,23,11,16,24,13,7,11,20,15,3,8,14,14,16,20,16,6,2,26,19,21,11,4,18,1,2,3,14,1,16,18,13,19,5,26,10,21,9,17,20,11,12,5,9,8,11,24,20,1,7,18,9,11,2,6,9,19,18,13,26,5,18,6,4,16,10,4,6,5,7,10,1,25,22,24,9,17,4,8,10,26,23,13,10,18,3,18,19,11,2,11,5,6,22,5,22,5,26,22,2,19,26,24,2,8,17,8,25,9,10",5000,100
18,32,303262.06210289116,24.14024604866199,"15,15,26,8,24,13,5,1,21,20,23,17,6,9,25,2,19,16,10,26,24,14,6,21,12,3,7,3,23,11,12,25,4,22,18,7,13,23,1,1,26,5,21,8,17,19,9,12,4,16,26,9,17,3,8,4,6,5,7,4,7,1,14,18,10,23,11,16,24,13,7,11,20,15,3,8,14,14,16,20,16,6,2,26,19,21,11,4,18,1,2,3,14,1,16,18,13,19,5,26,10,21,9,17,20,11,12,5,9,8,11,24,20,1,7,18,9,11,2,6,9,19,18,13,26,5,18,6,4,16,10,4,6,5,7,10,1,25,22,24,9,17,4,8,10,26,23,13,10,18,3,18,19,11,2,11,5,6,22,5,22,5,26,22,2,19,26,24,2,8,17,8,25,9,10",5000,100
18,33,303262.06210289116,24.14024604866199,"15,15,26,8,24,13,5,1,21,20,23,17,6,9,25,2,19,16,10,26,24,14,6,21,12,3,7,3,23,11,12,25,4,22,18,7,13,23,1,1,26,5,21,8,17,19,9,12,4,16,26,9,17,3,8,4,6,5,7,4,7,1,14,18,10,23,11,16,24,13,7,11,20,15,3,8,14,14,16,20,16,6,2,26,19,21,11,4,18,1,2,3,14,1,16,18,13,19,5,26,10,21,9,17,20,11,12,5,9,8,11,24,20,1,7,18,9,11,2,6,9,19,18,13,26,5,18,6,4,16,10,4,6,5,7,10,1,25,22,24,9,17,4,8,10,26,23,13,10,18,3,18,19,11,2,11,5,6,22,5,22,5,26,22,2,19,26,24,2,8,17,8,25,9,10",5000,100
18,34,303262.06210289116,24.14024604866199,"15,15,26,8,24,13,5,1,21,20,23,17,6,9,25,2,19,16,10,26,24,14,6,21,12,3,7,3,23,11,12,25,4,22,18,7,13,23,1,1,26,5,21,8,17,19,9,12,4,16,26,9,17,3,8,4,6,5,7,4,7,1,14,18,10,23,11,16,24,13,7,11,20,15,3,8,14,14,16,20,16,6,2,26,19,21,11,4,18,1,2,3,14,1,16,18,13,19,5,26,10,21,9,17,20,11,12,5,9,8,11,24,20,1,7,18,9,11,2,6,9,19,18,13,26,5,18,6,4,16,10,4,6,5,7,10,1,25,22,24,9,17,4,8,10,26,23,13,10,18,3,18,19,11,2,11,5,6,22,5,22,5,26,22,2,19,26,24,2,8,17,8,25,9,10",5000,100
18,35,303262.06210289116,24.14024604866199,"15,15,26,8,24,13,5,1,21,20,23,17,6,9,25,2,19,16,10,26,24,14,6,21,12,3,7,3,23,11,12,25,4,22,18,7,13,23,1,1,26,5,21,8,17,19,9,12,4,16,26,9,17,3,8,4,6,5,7,4,7,1,14,18,10,23,11,16,24,13,7,11,20,15,3,8,14,14,16,20,16,6,2,26,19,21,11,4,18,1,2,3,14,1,16,18,13,19,5,26,10,21,9,17,20,11,12,5,9,8,11,24,20,1,7,18,9,11,2,6,9,19,18,13,26,5,18,6,4,16,10,4,6,5,7,10,1,25,22,24,9,17,4,8,10,26,23,13,10,18,3,18,19,11,2,11,5,6,22,5,22,5,26,22,2,19,26,24,2,8,17,8,25,9,10",5000,100
18,36,303262.06210289116,24.14024604866199,"15,15,26,8,24,13,5,1,21,20,23,17,6,9,25,2,19,16,10,26,24,14,6,21,12,3,7,3,23,11,12,25,4,22,18,7,13,23,1,1,26,5,21,8,17,19,9,12,4,16,26,9,17,3,8,4,6,5,7,4,7,1,14,18,10,23,11,16,24,13,7,11,20,15,3,8,14,14,16,20,16,6,2,26,19,21,11,4,18,1,2,3,14,1,16,18,13,19,5,26,10,21,9,17,20,11,12,5,9,8,11,24,20,1,7,18,9,11,2,6,9,19,18,13,26,5,18,6,4,16,10,4,6,5,7,10,1,25,22,24,9,17,4,8,10,26,23,13,10,18,3,18,19,11,2,11,5,6,22,5,22,5,26,22,2,19,26,24,2,8,17,8,25,9,10",5000,100
18,37,303262.06210289116,24.14024604866199,"15,15,26,8,24,13,5,1,21,20,23,17,6,9,25,2,19,16,10,26,24,14,6,21,12,3,7,3,23,11,12,25,4,22,18,7,13,23,1,1,26,5,21,8,17,19,9,12,4,16,26,9,17,3,8,4,6,5,7,4,7,1,14,18,10,23,11,16,24,13,7,11,20,15,3,8,14,14,16,20,16,6,2,26,19,21,11,4,18,1,2,3,14,1,16,18,13,19,5,26,10,21,9,17,20,11,12,5,9,8,11,24,20,1,7,18,9,11,2,6,9,19,18,13,26,5,18,6,4,16,10,4,6,5,7,10,1,25,22,24,9,17,4,8,10,26,23,13,10,18,3,18,19,11,2,11,5,6,22,5,22,5,26,22,2,19,26,24,2,8,17,8,25,9,10",5000,100
18,38,303262.06210289116,24.14024604866199,"15,15,26,8,24,13,5,1,21,20,23,17,6,9,25,2,19,16,10,26,24,14,6,21,12,3,7,3,23,11,12,25,4,22,18,7,13,23,1,1,26,5,21,8,17,19,9,12,4,16,26,9,17,3,8,4,6,5,7,4,7,1,14,18,10,23,11,16,24,13,7,11,20,15,3,8,14,14,16,20,16,6,2,26,19,21,11,4,18,1,2,3,14,1,16,18,13,19,5,26,10,21,9,17,20,11,12,5,9,8,11,24,20,1,7,18,9,11,2,6,9,19,18,13,26,5,18,6,4,16,10,4,6,5,7,10,1,25,22,24,9,17,4,8,10,26,23,13,10,18,3,18,19,11,2,11,5,6,22,5,22,5,26,22,2,19,26,24,2,8,17,8,25,9,10",5000,100
18,39,303262.06210289116,24.14024604866199,"15,15,26,8,24,13,5,1,21,20,23,17,6,9,25,2,19,16,10,26,24,14,6,21,12,3,7,3,23,11,12,25,4,22,18,7,13,23,1,1,26,5,21,8,17,19,9,12,4,16,26,9,17,3,8,4,6,5,7,4,7,1,14,18,10,23,11,16,24,13,7,11,20,15,3,8,14,14,16,20,16,6,2,26,19,21,11,4,18,1,2,3,14,1,16,18,13,19,5,26,10,21,9,17,20,11,12,5,9,8,11,24,20,1,7,18,9,11,2,6,9,19,18,13,26,5,18,6,4,16,10,4,6,5,7,10,1,25,22,24,9,17,4,8,10,26,23,13,10,18,3,18,19,11,2,11,5,6,22,5,22,5,26,22,2,19,26,24,2,8,17,8,25,9,10",5000,100
18,40,303262.06210289116,24.14024604866199,"15,15,26,8,24,13,5,1,21,20,23,17,6,9,25,2,19,16,10,26,24,14,6,21,12,3,7,3,23,11,12,25,4,22,18,7,13,23,1,1,26,5,21,8,17,19,9,12,4,16,26,9,17,3,8,4,6,5,7,4,7,1,14,18,10,23,11,16,24,13,7,11,20,15,3,8,14,14,16,20,16,6,2,26,19,21,11,4,18,1,2,3,14,1,16,18,13,19,5,26,10,21,9,17,20,11,12,5,9,8,11,24,20,1,7,18,9,11,2,6,9,19,18,13,26,5,18,6,4,16,10,4,6,5,7,10,1,25,22,24,9,17,4,8,10,26,23,13,10,18,3,18,19,11,2,11,5,6,22,5,22,5,26,22,2,19,26,24,2,8,17,8,25,9,10",5000,100
18,41,303262.06210289116,24.14024604866199,"15,15,26,8,24,13,5,1,21,20,23,17,6,9,25,2,19,16,10,26,24,14,6,21,12,3,7,3,23,11,12,25,4,22,18,7,13,23,1,1,26,5,21,8,17,19,9,12,4,16,26,9,17,3,8,4,6,5,7,4,7,1,14,18,10,23,11,16,24,13,7,11,20,15,3,8,14,14,16,20,16,6,2,26,19,21,11,4,18,1,2,3,14,1,16,18,13,19,5,26,10,21,9,17,20,11,12,5,9,8,11,24,20,1,7,18,9,11,2,6,9,19,18,13,26,5,18,6,4,16,10,4,6,5,7,10,1,25,22,24,9,17,4,8,10,26,23,13,10,18,3,18,19,11,2,11,5,6,22,5,22,5,26,22,2,19,26,24,2,8,17,8,25,9,10",5000,100
18,42,303262.06210289116,24.14024604866199,"15,15,26,8,24,13,5,1,21,20,23,17,6,9,25,2,19,16,10,26,24,14,6,21,12,3,7,3,23,11,12,25,4,22,18,7,13,23,1,1,26,5,21,8,17,19,9,12,4,16,26,9,17,3,8,4,6,5,7,4,7,1,14,18,10,23,11,16,24,13,7,11,20,15,3,8,14,14,16,20,16,6,2,26,19,21,11,4,18,1,2,3,14,1,16,18,13,19,5,26,10,21,9,17,20,11,12,5,9,8,11,24,20,1,7,18,9,11,2,6,9,19,18,13,26,5,18,6,4,16,10,4,6,5,7,10,1,25,22,24,9,17,4,8,10,26,23,13,10,18,3,18,19,11,2,11,5,6,22,5,22,5,26,22,2,19,26,24,2,8,17,8,25,9,10",5000,100
18,43,303262.06210289116,24.14024604866199,"15,15,26,8,24,13,5,1,21,20,23,17,6,9,25,2,19,16,10,26,24,14,6,21,12,3,7,3,23,11,12,25,4,22,18,7,13,23,1,1,26,5,21,8,17,19,9,12,4,16,26,9,17,3,8,4,6,5,7,4,7,1,14,18,10,23,11,16,24,13,7,11,20,15,3,8,14,14,16,20,16,6,2,26,19,21,11,4,18,1,2,3,14,1,16,18,13,19,5,26,10,21,9,17,20,11,12,5,9,8,11,24,20,1,7,18,9,11,2,6,9,19,18,13,26,5,18,6,4,16,10,4,6,5,7,10,1,25,22,24,9,17,4,8,10,26,23,13,10,18,3,18,19,11,2,11,5,6,22,5,22,5,26,22,2,19,26,24,2,8,17,8,25,9,10",5000,100
18,44,303262.06210289116,24.14024604866199,"15,15,26,8,24,13,5,1,21,20,23,17,6,9,25,2,19,16,10,26,24,14,6,21,12,3,7,3,23,11,12,25,4,22,18,7,13,23,1,1,26,5,21,8,17,19,9,12,4,16,26,9,17,3,8,4,6,5,7,4,7,1,14,18,10,23,11,16,24,13,7,11,20,15,3,8,14,14,16,20,16,6,2,26,19,21,11,4,18,1,2,3,14,1,16,18,13,19,5,26,10,21,9,17,20,11,12,5,9,8,11,24,20,1,7,18,9,11,2,6,9,19,18,13,26,5,18,6,4,16,10,4,6,5,7,10,1,25,22,24,9,17,4,8,10,26,23,13,10,18,3,18,19,11,2,11,5,6,22,5,22,5,26,22,2,19,26,24,2,8,17,8,25,9,10",5000,100
18,45,303262.06210289116,24.14024604866199,"15,15,26,8,24,13,5,1,21,20,23,17,6,9,25,2,19,16,10,26,24,14,6,21,12,3,7,3,23,11,12,25,4,22,18,7,13,23,1,1,26,5,21,8,17,19,9,12,4,16,26,9,17,3,8,4,6,5,7,4,7,1,14,18,10,23,11,16,24,13,7,11,20,15,3,8,14,14,16,20,16,6,2,26,19,21,11,4,18,1,2,3,14,1,16,18,13,19,5,26,10,21,9,17,20,11,12,5,9,8,11,24,20,1,7,18,9,11,2,6,9,19,18,13,26,5,18,6,4,16,10,4,6,5,7,10,1,25,22,24,9,17,4,8,10,26,23,13,10,18,3,18,19,11,2,11,5,6,22,5,22,5,26,22,2,19,26,24,2,8,17,8,25,9,10",5000,100
18,46,303262.06210289116,24.14024604866199,"15,15,26,8,24,13,5,1,21,20,23,17,6,9,25,2,19,16,10,26,24,14,6,21,12,3,7,3,23,11,12,25,4,22,18,7,13,23,1,1,26,5,21,8,17,19,9,12,4,16,26,9,17,3,8,4,6,5,7,4,7,1,14,18,10,23,11,16,24,13,7,11,20,15,3,8,14,14,16,20,16,6,2,26,19,21,11,4,18,1,2,3,14,1,16,18,13,19,5,26,10,21,9,17,20,11,12,5,9,8,11,24,20,1,7,18,9,11,2,6,9,19,18,13,26,5,18,6,4,16,10,4,6,5,7,10,1,25,22,24,9,17,4,8,10,26,23,13,10,18,3,18,19,11,2,11,5,6,22,5,22,5,26,22,2,19,26,24,2,8,17,8,25,9,10",5000,100
18,47,303262.06210289116,24.14024604866199,"15,15,26,8,24,13,5,1,21,20,23,17,6,9,25,2,19,16,10,26,24,14,6,21,12,3,7,3,23,11,12,25,4,22,18,7,13,23,1,1,26,5,21,8,17,19,9,12,4,16,26,9,17,3,8,4,6,5,7,4,7,1,14,18,10,23,11,16,24,13,7,11,20,15,3,8,14,14,16,20,16,6,2,26,19,21,11,4,18,1,2,3,14,1,16,18,13,19,5,26,10,21,9,17,20,11,12,5,9,8,11,24,20,1,7,18,9,11,2,6,9,19,18,13,26,5,18,6,4,16,10,4,6,5,7,10,1,25,22,24,9,17,4,8,10,26,23,13,10,18,3,18,19,11,2,11,5,6,22,5,22,5,26,22,2,19,26,24,2,8,17,8,25,9,10",5000,100
18,48,303262.06210289116,24.14024604866199,"15,15,26,8,24,13,5,1,21,20,23,17,6,9,25,2,19,16,10,26,24,14,6,21,12,3,7,3,23,11,12,25,4,22,18,7,13,23,1,1,26,5,21,8,17,19,9,12,4,16,26,9,17,3,8,4,6,5,7,4,7,1,14,18,10,23,11,16,24,13,7,11,20,15,3,8,14,14,16,20,16,6,2,26,19,21,11,4,18,1,2,3,14,1,16,18,13,19,5,26,10,21,9,17,20,11,12,5,9,8,11,24,20,1,7,18,9,11,2,6,9,19,18,13,26,5,18,6,4,16,10,4,6,5,7,10,1,25,22,24,9,17,4,8,10,26,23,13,10,18,3,18,19,11,2,11,5,6,22,5,22,5,26,22,2,19,26,24,2,8,17,8,25,9,10",5000,100
18,49,303262.06210289116,24.14024604866199,"15,15,26,8,24,13,5,1,21,20,23,17,6,9,25,2,19,16,10,26,24,14,6,21,12,3,7,3,23,11,12,25,4,22,18,7,13,23,1,1,26,5,21,8,17,19,9,12,4,16,26,9,17,3,8,4,6,5,7,4,7,1,14,18,10,23,11,16,24,13,7,11,20,15,3,8,14,14,16,20,16,6,2,26,19,21,11,4,18,1,2,3,14,1,16,18,13,19,5,26,10,21,9,17,20,11,12,5,9,8,11,24,20,1,7,18,9,11,2,6,9,19,18,13,26,5,18,6,4,16,10,4,6,5,7,10,1,25,22,24,9,17,4,8,10,26,23,13,10,18,3,18,19,11,2,11,5,6,22,5,22,5,26,22,2,19,26,24,2,8,17,8,25,9,10",5000,100
18,50,303262.06210289116,24.14024604866199,"15,15,26,8,24,13,5,1,21,20,23,17,6,9,25,2,19,16,10,26,24,14,6,21,12,3,7,3,23,11,12,25,4,22,18,7,13,23,1,1,26,5,21,8,17,19,9,12,4,16,26,9,17,3,8,4,6,5,7,4,7,1,14,18,10,23,11,16,24,13,7,11,20,15,3,8,14,14,16,20,16,6,2,26,19,21,11,4,18,1,2,3,14,1,16,18,13,19,5,26,10,21,9,17,20,11,12,5,9,8,11,24,20,1,7,18,9,11,2,6,9,19,18,13,26,5,18,6,4,16,10,4,6,5,7,10,1,25,22,24,9,17,4,8,10,26,23,13,10,18,3,18,19,11,2,11,5,6,22,5,22,5,26,22,2,19,26,24,2,8,17,8,25,9,10",5000,100
18,51,303262.06210289116,24.14024604866199,"15,15,26,8,24,13,5,1,21,20,23,17,6,9,25,2,19,16,10,26,24,14,6,21,12,3,7,3,23,11,12,25,4,22,18,7,13,23,1,1,26,5,21,8,17,19,9,12,4,16,26,9,17,3,8,4,6,5,7,4,7,1,14,18,10,23,11,16,24,13,7,11,20,15,3,8,14,14,16,20,16,6,2,26,19,21,11,4,18,1,2,3,14,1,16,18,13,19,5,26,10,21,9,17,20,11,12,5,9,8,11,24,20,1,7,18,9,11,2,6,9,19,18,13,26,5,18,6,4,16,10,4,6,5,7,10,1,25,22,24,9,17,4,8,10,26,23,13,10,18,3,18,19,11,2,11,5,6,22,5,22,5,26,22,2,19,26,24,2,8,17,8,25,9,10",5000,100
18,52,303262.06210289116,24.14024604866199,"15,15,26,8,24,13,5,1,21,20,23,17,6,9,25,2,19,16,10,26,24,14,6,21,12,3,7,3,23,11,12,25,4,22,18,7,13,23,1,1,26,5,21,8,17,19,9,12,4,16,26,9,17,3,8,4,6,5,7,4,7,1,14,18,10,23,11,16,24,13,7,11,20,15,3,8,14,14,16,20,16,6,2,26,19,21,11,4,18,1,2,3,14,1,16,18,13,19,5,26,10,21,9,17,20,11,12,5,9,8,11,24,20,1,7,18,9,11,2,6,9,19,18,13,26,5,18,6,4,16,10,4,6,5,7,10,1,25,22,24,9,17,4,8,10,26,23,13,10,18,3,18,19,11,2,11,5,6,22,5,22,5,26,22,2,19,26,24,2,8,17,8,25,9,10",5000,100
18,53,303262.06210289116,24.14024604866199,"15,15,26,8,24,13,5,1,21,20,23,17,6,9,25,2,19,16,10,26,24,14,6,21,12,3,7,3,23,11,12,25,4,22,18,7,13,23,1,1,26,5,21,8,17,19,9,12,4,16,26,9,17,3,8,4,6,5,7,4,7,1,14,18,10,23,11,16,24,13,7,11,20,15,3,8,14,14,16,20,16,6,2,26,19,21,11,4,18,1,2,3,14,1,16,18,13,19,5,26,10,21,9,17,20,11,12,5,9,8,11,24,20,1,7,18,9,11,2,6,9,19,18,13,26,5,18,6,4,16,10,4,6,5,7,10,1,25,22,24,9,17,4,8,10,26,23,13,10,18,3,18,19,11,2,11,5,6,22,5,22,5,26,22,2,19,26,24,2,8,17,8,25,9,10",5000,100
18,54,303262.06210289116,24.14024604866199,"15,15,26,8,24,13,5,1,21,20,23,17,6,9,25,2,19,16,10,26,24,14,6,21,12,3,7,3,23,11,12,25,4,22,18,7,13,23,1,1,26,5,21,8,17,19,9,12,4,16,26,9,17,3,8,4,6,5,7,4,7,1,14,18,10,23,11,16,24,13,7,11,20,15,3,8,14,14,16,20,16,6,2,26,19,21,11,4,18,1,2,3,14,1,16,18,13,19,5,26,10,21,9,17,20,11,12,5,9,8,11,24,20,1,7,18,9,11,2,6,9,19,18,13,26,5,18,6,4,16,10,4,6,5,7,10,1,25,22,24,9,17,4,8,10,26,23,13,10,18,3,18,19,11,2,11,5,6,22,5,22,5,26,22,2,19,26,24,2,8,17,8,25,9,10",5000,100
18,55,303262.06210289116,24.14024604866199,"15,15,26,8,24,13,5,1,21,20,23,17,6,9,25,2,19,16,10,26,24,14,6,21,12,3,7,3,23,11,12,25,4,22,18,7,13,23,1,1,26,5,21,8,17,19,9,12,4,16,26,9,17,3,8,4,6,5,7,4,7,1,14,18,10,23,11,16,24,13,7,11,20,15,3,8,14,14,16,20,16,6,2,26,19,21,11,4,18,1,2,3,14,1,16,18,13,19,5,26,10,21,9,17,20,11,12,5,9,8,11,24,20,1,7,18,9,11,2,6,9,19,18,13,26,5,18,6,4,16,10,4,6,5,7,10,1,25,22,24,9,17,4,8,10,26,23,13,10,18,3,18,19,11,2,11,5,6,22,5,22,5,26,22,2,19,26,24,2,8,17,8,25,9,10",5000,100
18,56,303262.06210289116,24.14024604866199,"15,15,26,8,24,13,5,1,21,20,23,17,6,9,25,2,19,16,10,26,24,14,6,21,12,3,7,3,23,11,12,25,4,22,18,7,13,23,1,1,26,5,21,8,17,19,9,12,4,16,26,9,17,3,8,4,6,5,7,4,7,1,14,18,10,23,11,16,24,13,7,11,20,15,3,8,14,14,16,20,16,6,2,26,19,21,11,4,18,1,2,3,14,1,16,18,13,19,5,26,10,21,9,17,20,11,12,5,9,8,11,24,20,1,7,18,9,11,2,6,9,19,18,13,26,5,18,6,4,16,10,4,6,5,7,10,1,25,22,24,9,17,4,8,10,26,23,13,10,18,3,18,19,11,2,11,5,6,22,5,22,5,26,22,2,19,26,24,2,8,17,8,25,9,10",5000,100
18,57,303262.06210289116,24.14024604866199,"15,15,26,8,24,13,5,1,21,20,23,17,6,9,25,2,19,16,10,26,24,14,6,21,12,3,7,3,23,11,12,25,4,22,18,7,13,23,1,1,26,5,21,8,17,19,9,12,4,16,26,9,17,3,8,4,6,5,7,4,7,1,14,18,10,23,11,16,24,13,7,11,20,15,3,8,14,14,16,20,16,6,2,26,19,21,11,4,18,1,2,3,14,1,16,18,13,19,5,26,10,21,9,17,20,11,12,5,9,8,11,24,20,1,7,18,9,11,2,6,9,19,18,13,26,5,18,6,4,16,10,4,6,5,7,10,1,25,22,24,9,17,4,8,10,26,23,13,10,18,3,18,19,11,2,11,5,6,22,5,22,5,26,22,2,19,26,24,2,8,17,8,25,9,10",5000,100
18,58,303262.06210289116,24.14024604866199,"15,15,26,8,24,13,5,1,21,20,23,17,6,9,25,2,19,16,10,26,24,14,6,21,12,3,7,3,23,11,12,25,4,22,18,7,13,23,1,1,26,5,21,8,17,19,9,12,4,16,26,9,17,3,8,4,6,5,7,4,7,1,14,18,10,23,11,16,24,13,7,11,20,15,3,8,14,14,16,20,16,6,2,26,19,21,11,4,18,1,2,3,14,1,16,18,13,19,5,26,10,21,9,17,20,11,12,5,9,8,11,24,20,1,7,18,9,11,2,6,9,19,18,13,26,5,18,6,4,16,10,4,6,5,7,10,1,25,22,24,9,17,4,8,10,26,23,13,10,18,3,18,19,11,2,11,5,6,22,5,22,5,26,22,2,19,26,24,2,8,17,8,25,9,10",5000,100
18,59,303262.06210289116,24.14024604866199,"15,15,26,8,24,13,5,1,21,20,23,17,6,9,25,2,19,16,10,26,24,14,6,21,12,3,7,3,23,11,12,25,4,22,18,7,13,23,1,1,26,5,21,8,17,19,9,12,4,16,26,9,17,3,8,4,6,5,7,4,7,1,14,18,10,23,11,16,24,13,7,11,20,15,3,8,14,14,16,20,16,6,2,26,19,21,11,4,18,1,2,3,14,1,16,18,13,19,5,26,10,21,9,17,20,11,12,5,9,8,11,24,20,1,7,18,9,11,2,6,9,19,18,13,26,5,18,6,4,16,10,4,6,5,7,10,1,25,22,24,9,17,4,8,10,26,23,13,10,18,3,18,19,11,2,11,5,6,22,5,22,5,26,22,2,19,26,24,2,8,17,8,25,9,10",5000,100
18,60,303262.06210289116,24.14024604866199,"15,15,26,8,24,13,5,1,21,20,23,17,6,9,25,2,19,16,10,26,24,14,6,21,12,3,7,3,23,11,12,25,4,22,18,7,13,23,1,1,26,5,21,8,17,19,9,12,4,16,26,9,17,3,8,4,6,5,7,4,7,1,14,18,10,23,11,16,24,13,7,11,20,15,3,8,14,14,16,20,16,6,2,26,19,21,11,4,18,1,2,3,14,1,16,18,13,19,5,26,10,21,9,17,20,11,12,5,9,8,11,24,20,1,7,18,9,11,2,6,9,19,18,13,26,5,18,6,4,16,10,4,6,5,7,10,1,25,22,24,9,17,4,8,10,26,23,13,10,18,3,18,19,11,2,11,5,6,22,5,22,5,26,22,2,19,26,24,2,8,17,8,25,9,10",5000,100
18,61,303262.06210289116,24.14024604866199,"15,15,26,8,24,13,5,1,21,20,23,17,6,9,25,2,19,16,10,26,24,14,6,21,12,3,7,3,23,11,12,25,4,22,18,7,13,23,1,1,26,5,21,8,17,19,9,12,4,16,26,9,17,3,8,4,6,5,7,4,7,1,14,18,10,23,11,16,24,13,7,11,20,15,3,8,14,14,16,20,16,6,2,26,19,21,11,4,18,1,2,3,14,1,16,18,13,19,5,26,10,21,9,17,20,11,12,5,9,8,11,24,20,1,7,18,9,11,2,6,9,19,18,13,26,5,18,6,4,16,10,4,6,5,7,10,1,25,22,24,9,17,4,8,10,26,23,13,10,18,3,18,19,11,2,11,5,6,22,5,22,5,26,22,2,19,26,24,2,8,17,8,25,9,10",5000,100
18,62,303262.06210289116,24.14024604866199,"15,15,26,8,24,13,5,1,21,20,23,17,6,9,25,2,19,16,10,26,24,14,6,21,12,3,7,3,23,11,12,25,4,22,18,7,13,23,1,1,26,5,21,8,17,19,9,12,4,16,26,9,17,3,8,4,6,5,7,4,7,1,14,18,10,23,11,16,24,13,7,11,20,15,3,8,14,14,16,20,16,6,2,26,19,21,11,4,18,1,2,3,14,1,16,18,13,19,5,26,10,21,9,17,20,11,12,5,9,8,11,24,20,1,7,18,9,11,2,6,9,19,18,13,26,5,18,6,4,16,10,4,6,5,7,10,1,25,22,24,9,17,4,8,10,26,23,13,10,18,3,18,19,11,2,11,5,6,22,5,22,5,26,22,2,19,26,24,2,8,17,8,25,9,10",5000,100
18,63,303262.06210289116,24.14024604866199,"15,15,26,8,24,13,5,1,21,20,23,17,6,9,25,2,19,16,10,26,24,14,6,21,12,3,7,3,23,11,12,25,4,22,18,7,13,23,1,1,26,5,21,8,17,19,9,12,4,16,26,9,17,3,8,4,6,5,7,4,7,1,14,18,10,23,11,16,24,13,7,11,20,15,3,8,14,14,16,20,16,6,2,26,19,21,11,4,18,1,2,3,14,1,16,18,13,19,5,26,10,21,9,17,20,11,12,5,9,8,11,24,20,1,7,18,9,11,2,6,9,19,18,13,26,5,18,6,4,16,10,4,6,5,7,10,1,25,22,24,9,17,4,8,10,26,23,13,10,18,3,18,19,11,2,11,5,6,22,5,22,5,26,22,2,19,26,24,2,8,17,8,25,9,10",5000,100
18,64,303262.06210289116,24.14024604866199,"15,15,26,8,24,13,5,1,21,20,23,17,6,9,25,2,19,16,10,26,24,14,6,21,12,3,7,3,23,11,12,25,4,22,18,7,13,23,1,1,26,5,21,8,17,19,9,12,4,16,26,9,17,3,8,4,6,5,7,4,7,1,14,18,10,23,11,16,24,13,7,11,20,15,3,8,14,14,16,20,16,6,2,26,19,21,11,4,18,1,2,3,14,1,16,18,13,19,5,26,10,21,9,17,20,11,12,5,9,8,11,24,20,1,7,18,9,11,2,6,9,19,18,13,26,5,18,6,4,16,10,4,6,5,7,10,1,25,22,24,9,17,4,8,10,26,23,13,10,18,3,18,19,11,2,11,5,6,22,5,22,5,26,22,2,19,26,24,2,8,17,8,25,9,10",5000,100
18,65,303262.06210289116,24.14024604866199,"15,15,26,8,24,13,5,1,21,20,23,17,6,9,25,2,19,16,10,26,24,14,6,21,12,3,7,3,23,11,12,25,4,22,18,7,13,23,1,1,26,5,21,8,17,19,9,12,4,16,26,9,17,3,8,4,6,5,7,4,7,1,14,18,10,23,11,16,24,13,7,11,20,15,3,8,14,14,16,20,16,6,2,26,19,21,11,4,18,1,2,3,14,1,16,18,13,19,5,26,10,21,9,17,20,11,12,5,9,8,11,24,20,1,7,18,9,11,2,6,9,19,18,13,26,5,18,6,4,16,10,4,6,5,7,10,1,25,22,24,9,17,4,8,10,26,23,13,10,18,3,18,19,11,2,11,5,6,22,5,22,5,26,22,2,19,26,24,2,8,17,8,25,9,10",5000,100
18,66,303262.06210289116,24.14024604866199,"15,15,26,8,24,13,5,1,21,20,23,17,6,9,25,2,19,16,10,26,24,14,6,21,12,3,7,3,23,11,12,25,4,22,18,7,13,23,1,1,26,5,21,8,17,19,9,12,4,16,26,9,17,3,8,4,6,5,7,4,7,1,14,18,10,23,11,16,24,13,7,11,20,15,3,8,14,14,16,20,16,6,2,26,19,21,11,4,18,1,2,3,14,1,16,18,13,19,5,26,10,21,9,17,20,11,12,5,9,8,11,24,20,1,7,18,9,11,2,6,9,19,18,13,26,5,18,6,4,16,10,4,6,5,7,10,1,25,22,24,9,17,4,8,10,26,23,13,10,18,3,18,19,11,2,11,5,6,22,5,22,5,26,22,2,19,26,24,2,8,17,8,25,9,10",5000,100
18,67,303262.06210289116,24.14024604866199,"15,15,26,8,24,13,5,1,21,20,23,17,6,9,25,2,19,16,10,26,24,14,6,21,12,3,7,3,23,11,12,25,4,22,18,7,13,23,1,1,26,5,21,8,17,19,9,12,4,16,26,9,17,3,8,4,6,5,7,4,7,1,14,18,10,23,11,16,24,13,7,11,20,15,3,8,14,14,16,20,16,6,2,26,19,21,11,4,18,1,2,3,14,1,16,18,13,19,5,26,10,21,9,17,20,11,12,5,9,8,11,24,20,1,7,18,9,11,2,6,9,19,18,13,26,5,18,6,4,16,10,4,6,5,7,10,1,25,22,24,9,17,4,8,10,26,23,13,10,18,3,18,19,11,2,11,5,6,22,5,22,5,26,22,2,19,26,24,2,8,17,8,25,9,10",5000,100
18,68,303262.06210289116,24.14024604866199,"15,15,26,8,24,13,5,1,21,20,23,17,6,9,25,2,19,16,10,26,24,14,6,21,12,3,7,3,23,11,12,25,4,22,18,7,13,23,1,1,26,5,21,8,17,19,9,12,4,16,26,9,17,3,8,4,6,5,7,4,7,1,14,18,10,23,11,16,24,13,7,11,20,15,3,8,14,14,16,20,16,6,2,26,19,21,11,4,18,1,2,3,14,1,16,18,13,19,5,26,10,21,9,17,20,11,12,5,9,8,11,24,20,1,7,18,9,11,2,6,9,19,18,13,26,5,18,6,4,16,10,4,6,5,7,10,1,25,22,24,9,17,4,8,10,26,23,13,10,18,3,18,19,11,2,11,5,6,22,5,22,5,26,22,2,19,26,24,2,8,17,8,25,9,10",5000,100
18,69,303262.06210289116,24.14024604866199,"15,15,26,8,24,13,5,1,21,20,23,17,6,9,25,2,19,16,10,26,24,14,6,21,12,3,7,3,23,11,12,25,4,22,18,7,13,23,1,1,26,5,21,8,17,19,9,12,4,16,26,9,17,3,8,4,6,5,7,4,7,1,14,18,10,23,11,16,24,13,7,11,20,15,3,8,14,14,16,20,16,6,2,26,19,21,11,4,18,1,2,3,14,1,16,18,13,19,5,26,10,21,9,17,20,11,12,5,9,8,11,24,20,1,7,18,9,11,2,6,9,19,18,13,26,5,18,6,4,16,10,4,6,5,7,10,1,25,22,24,9,17,4,8,10,26,23,13,10,18,3,18,19,11,2,11,5,6,22,5,22,5,26,22,2,19,26,24,2,8,17,8,25,9,10",5000,100
18,70,303262.06210289116,24.14024604866199,"15,15,26,8,24,13,5,1,21,20,23,17,6,9,25,2,19,16,10,26,24,14,6,21,12,3,7,3,23,11,12,25,4,22,18,7,13,23,1,1,26,5,21,8,17,19,9,12,4,16,26,9,17,3,8,4,6,5,7,4,7,1,14,18,10,23,11,16,24,13,7,11,20,15,3,8,14,14,16,20,16,6,2,26,19,21,11,4,18,1,2,3,14,1,16,18,13,19,5,26,10,21,9,17,20,11,12,5,9,8,11,24,20,1,7,18,9,11,2,6,9,19,18,13,26,5,18,6,4,16,10,4,6,5,7,10,1,25,22,24,9,17,4,8,10,26,23,13,10,18,3,18,19,11,2,11,5,6,22,5,22,5,26,22,2,19,26,24,2,8,17,8,25,9,10",5000,100
18,71,303262.06210289116,24.14024604866199,"15,15,26,8,24,13,5,1,21,20,23,17,6,9,25,2,19,16,10,26,24,14,6,21,12,3,7,3,23,11,12,25,4,22,18,7,13,23,1,1,26,5,21,8,17,19,9,12,4,16,26,9,17,3,8,4,6,5,7,4,7,1,14,18,10,23,11,16,24,13,7,11,20,15,3,8,14,14,16,20,16,6,2,26,19,21,11,4,18,1,2,3,14,1,16,18,13,19,5,26,10,21,9,17,20,11,12,5,9,8,11,24,20,1,7,18,9,11,2,6,9,19,18,13,26,5,18,6,4,16,10,4,6,5,7,10,1,25,22,24,9,17,4,8,10,26,23,13,10,18,3,18,19,11,2,11,5,6,22,5,22,5,26,22,2,19,26,24,2,8,17,8,25,9,10",5000,100
18,72,303262.06210289116,24.14024604866199,"15,15,26,8,24,13,5,1,21,20,23,17,6,9,25,2,19,16,10,26,24,14,6,21,12,3,7,3,23,11,12,25,4,22,18,7,13,23,1,1,26,5,21,8,17,19,9,12,4,16,26,9,17,3,8,4,6,5,7,4,7,1,14,18,10,23,11,16,24,13,7,11,20,15,3,8,14,14,16,20,16,6,2,26,19,21,11,4,18,1,2,3,14,1,16,18,13,19,5,26,10,21,9,17,20,11,12,5,9,8,11,24,20,1,7,18,9,11,2,6,9,19,18,13,26,5,18,6,4,16,10,4,6,5,7,10,1,25,22,24,9,17,4,8,10,26,23,13,10,18,3,18,19,11,2,11,5,6,22,5,22,5,26,22,2,19,26,24,2,8,17,8,25,9,10",5000,100
18,73,303262.06210289116,24.14024604866199,"15,15,26,8,24,13,5,1,21,20,23,17,6,9,25,2,19,16,10,26,24,14,6,21,12,3,7,3,23,11,12,25,4,22,18,7,13,23,1,1,26,5,21,8,17,19,9,12,4,16,26,9,17,3,8,4,6,5,7,4,7,1,14,18,10,23,11,16,24,13,7,11,20,15,3,8,14,14,16,20,16,6,2,26,19,21,11,4,18,1,2,3,14,1,16,18,13,19,5,26,10,21,9,17,20,11,12,5,9,8,11,24,20,1,7,18,9,11,2,6,9,19,18,13,26,5,18,6,4,16,10,4,6,5,7,10,1,25,22,24,9,17,4,8,10,26,23,13,10,18,3,18,19,11,2,11,5,6,22,5,22,5,26,22,2,19,26,24,2,8,17,8,25,9,10",5000,100
18,74,303262.06210289116,24.14024604866199,"15,15,26,8,24,13,5,1,21,20,23,17,6,9,25,2,19,16,10,26,24,14,6,21,12,3,7,3,23,11,12,25,4,22,18,7,13,23,1,1,26,5,21,8,17,19,9,12,4,16,26,9,17,3,8,4,6,5,7,4,7,1,14,18,10,23,11,16,24,13,7,11,20,15,3,8,14,14,16,20,16,6,2,26,19,21,11,4,18,1,2,3,14,1,16,18,13,19,5,26,10,21,9,17,20,11,12,5,9,8,11,24,20,1,7,18,9,11,2,6,9,19,18,13,26,5,18,6,4,16,10,4,6,5,7,10,1,25,22,24,9,17,4,8,10,26,23,13,10,18,3,18,19,11,2,11,5,6,22,5,22,5,26,22,2,19,26,24,2,8,17,8,25,9,10",5000,100
18,75,303262.06210289116,24.14024604866199,"15,15,26,8,24,13,5,1,21,20,23,17,6,9,25,2,19,16,10,26,24,14,6,21,12,3,7,3,23,11,12,25,4,22,18,7,13,23,1,1,26,5,21,8,17,19,9,12,4,16,26,9,17,3,8,4,6,5,7,4,7,1,14,18,10,23,11,16,24,13,7,11,20,15,3,8,14,14,16,20,16,6,2,26,19,21,11,4,18,1,2,3,14,1,16,18,13,19,5,26,10,21,9,17,20,11,12,5,9,8,11,24,20,1,7,18,9,11,2,6,9,19,18,13,26,5,18,6,4,16,10,4,6,5,7,10,1,25,22,24,9,17,4,8,10,26,23,13,10,18,3,18,19,11,2,11,5,6,22,5,22,5,26,22,2,19,26,24,2,8,17,8,25,9,10",5000,100
18,76,303262.06210289116,24.14024604866199,"15,15,26,8,24,13,5,1,21,20,23,17,6,9,25,2,19,16,10,26,24,14,6,21,12,3,7,3,23,11,12,25,4,22,18,7,13,23,1,1,26,5,21,8,17,19,9,12,4,16,26,9,17,3,8,4,6,5,7,4,7,1,14,18,10,23,11,16,24,13,7,11,20,15,3,8,14,14,16,20,16,6,2,26,19,21,11,4,18,1,2,3,14,1,16,18,13,19,5,26,10,21,9,17,20,11,12,5,9,8,11,24,20,1,7,18,9,11,2,6,9,19,18,13,26,5,18,6,4,16,10,4,6,5,7,10,1,25,22,24,9,17,4,8,10,26,23,13,10,18,3,18,19,11,2,11,5,6,22,5,22,5,26,22,2,19,26,24,2,8,17,8,25,9,10",5000,100
18,77,303262.06210289116,24.14024604866199,"15,15,26,8,24,13,5,1,21,20,23,17,6,9,25,2,19,16,10,26,24,14,6,21,12,3,7,3,23,11,12,25,4,22,18,7,13,23,1,1,26,5,21,8,17,19,9,12,4,16,26,9,17,3,8,4,6,5,7,4,7,1,14,18,10,23,11,16,24,13,7,11,20,15,3,8,14,14,16,20,16,6,2,26,19,21,11,4,18,1,2,3,14,1,16,18,13,19,5,26,10,21,9,17,20,11,12,5,9,8,11,24,20,1,7,18,9,11,2,6,9,19,18,13,26,5,18,6,4,16,10,4,6,5,7,10,1,25,22,24,9,17,4,8,10,26,23,13,10,18,3,18,19,11,2,11,5,6,22,5,22,5,26,22,2,19,26,24,2,8,17,8,25,9,10",5000,100
18,78,303262.06210289116,24.14024604866199,"15,15,26,8,24,13,5,1,21,20,23,17,6,9,25,2,19,16,10,26,24,14,6,21,12,3,7,3,23,11,12,25,4,22,18,7,13,23,1,1,26,5,21,8,17,19,9,12,4,16,26,9,17,3,8,4,6,5,7,4,7,1,14,18,10,23,11,16,24,13,7,11,20,15,3,8,14,14,16,20,16,6,2,26,19,21,11,4,18,1,2,3,14,1,16,18,13,19,5,26,10,21,9,17,20,11,12,5,9,8,11,24,20,1,7,18,9,11,2,6,9,19,18,13,26,5,18,6,4,16,10,4,6,5,7,10,1,25,22,24,9,17,4,8,10,26,23,13,10,18,3,18,19,11,2,11,5,6,22,5,22,5,26,22,2,19,26,24,2,8,17,8,25,9,10",5000,100
18,79,303262.06210289116,24.14024604866199,"15,15,26,8,24,13,5,1,21,20,23,17,6,9,25,2,19,16,10,26,24,14,6,21,12,3,7,3,23,11,12,25,4,22,18,7,13,23,1,1,26,5,21,8,17,19,9,12,4,16,26,9,17,3,8,4,6,5,7,4,7,1,14,18,10,23,11,16,24,13,7,11,20,15,3,8,14,14,16,20,16,6,2,26,19,21,11,4,18,1,2,3,14,1,16,18,13,19,5,26,10,21,9,17,20,11,12,5,9,8,11,24,20,1,7,18,9,11,2,6,9,19,18,13,26,5,18,6,4,16,10,4,6,5,7,10,1,25,22,24,9,17,4,8,10,26,23,13,10,18,3,18,19,11,2,11,5,6,22,5,22,5,26,22,2,19,26,24,2,8,17,8,25,9,10",5000,100
18,80,303262.06210289116,24.14024604866199,"15,15,26,8,24,13,5,1,21,20,23,17,6,9,25,2,19,16,10,26,24,14,6,21,12,3,7,3,23,11,12,25,4,22,18,7,13,23,1,1,26,5,21,8,17,19,9,12,4,16,26,9,17,3,8,4,6,5,7,4,7,1,14,18,10,23,11,16,24,13,7,11,20,15,3,8,14,14,16,20,16,6,2,26,19,21,11,4,18,1,2,3,14,1,16,18,13,19,5,26,10,21,9,17,20,11,12,5,9,8,11,24,20,1,7,18,9,11,2,6,9,19,18,13,26,5,18,6,4,16,10,4,6,5,7,10,1,25,22,24,9,17,4,8,10,26,23,13,10,18,3,18,19,11,2,11,5,6,22,5,22,5,26,22,2,19,26,24,2,8,17,8,25,9,10",5000,100
18,81,303262.06210289116,24.14024604866199,"15,15,26,8,24,13,5,1,21,20,23,17,6,9,25,2,19,16,10,26,24,14,6,21,12,3,7,3,23,11,12,25,4,22,18,7,13,23,1,1,26,5,21,8,17,19,9,12,4,16,26,9,17,3,8,4,6,5,7,4,7,1,14,18,10,23,11,16,24,13,7,11,20,15,3,8,14,14,16,20,16,6,2,26,19,21,11,4,18,1,2,3,14,1,16,18,13,19,5,26,10,21,9,17,20,11,12,5,9,8,11,24,20,1,7,18,9,11,2,6,9,19,18,13,26,5,18,6,4,16,10,4,6,5,7,10,1,25,22,24,9,17,4,8,10,26,23,13,10,18,3,18,19,11,2,11,5,6,22,5,22,5,26,22,2,19,26,24,2,8,17,8,25,9,10",5000,100
18,82,303262.06210289116,24.14024604866199,"15,15,26,8,24,13,5,1,21,20,23,17,6,9,25,2,19,16,10,26,24,14,6,21,12,3,7,3,23,11,12,25,4,22,18,7,13,23,1,1,26,5,21,8,17,19,9,12,4,16,26,9,17,3,8,4,6,5,7,4,7,1,14,18,10,23,11,16,24,13,7,11,20,15,3,8,14,14,16,20,16,6,2,26,19,21,11,4,18,1,2,3,14,1,16,18,13,19,5,26,10,21,9,17,20,11,12,5,9,8,11,24,20,1,7,18,9,11,2,6,9,19,18,13,26,5,18,6,4,16,10,4,6,5,7,10,1,25,22,24,9,17,4,8,10,26,23,13,10,18,3,18,19,11,2,11,5,6,22,5,22,5,26,22,2,19,26,24,2,8,17,8,25,9,10",5000,100
18,83,303262.06210289116,24.14024604866199,"15,15,26,8,24,13,5,1,21,20,23,17,6,9,25,2,19,16,10,26,24,14,6,21,12,3,7,3,23,11,12,25,4,22,18,7,13,23,1,1,26,5,21,8,17,19,9,12,4,16,26,9,17,3,8,4,6,5,7,4,7,1,14,18,10,23,11,16,24,13,7,11,20,15,3,8,14,14,16,20,16,6,2,26,19,21,11,4,18,1,2,3,14,1,16,18,13,19,5,26,10,21,9,17,20,11,12,5,9,8,11,24,20,1,7,18,9,11,2,6,9,19,18,13,26,5,18,6,4,16,10,4,6,5,7,10,1,25,22,24,9,17,4,8,10,26,23,13,10,18,3,18,19,11,2,11,5,6,22,5,22,5,26,22,2,19,26,24,2,8,17,8,25,9,10",5000,100
18,84,303262.06210289116,24.14024604866199,"15,15,26,8,24,13,5,1,21,20,23,17,6,9,25,2,19,16,10,26,24,14,6,21,12,3,7,3,23,11,12,25,4,22,18,7,13,23,1,1,26,5,21,8,17,19,9,12,4,16,26,9,17,3,8,4,6,5,7,4,7,1,14,18,10,23,11,16,24,13,7,11,20,15,3,8,14,14,16,20,16,6,2,26,19,21,11,4,18,1,2,3,14,1,16,18,13,19,5,26,10,21,9,17,20,11,12,5,9,8,11,24,20,1,7,18,9,11,2,6,9,19,18,13,26,5,18,6,4,16,10,4,6,5,7,10,1,25,22,24,9,17,4,8,10,26,23,13,10,18,3,18,19,11,2,11,5,6,22,5,22,5,26,22,2,19,26,24,2,8,17,8,25,9,10",5000,100
18,85,303262.06210289116,24.14024604866199,"15,15,26,8,24,13,5,1,21,20,23,17,6,9,25,2,19,16,10,26,24,14,6,21,12,3,7,3,23,11,12,25,4,22,18,7,13,23,1,1,26,5,21,8,17,19,9,12,4,16,26,9,17,3,8,4,6,5,7,4,7,1,14,18,10,23,11,16,24,13,7,11,20,15,3,8,14,14,16,20,16,6,2,26,19,21,11,4,18,1,2,3,14,1,16,18,13,19,5,26,10,21,9,17,20,11,12,5,9,8,11,24,20,1,7,18,9,11,2,6,9,19,18,13,26,5,18,6,4,16,10,4,6,5,7,10,1,25,22,24,9,17,4,8,10,26,23,13,10,18,3,18,19,11,2,11,5,6,22,5,22,5,26,22,2,19,26,24,2,8,17,8,25,9,10",5000,100
18,86,303262.06210289116,24.14024604866199,"15,15,26,8,24,13,5,1,21,20,23,17,6,9,25,2,19,16,10,26,24,14,6,21,12,3,7,3,23,11,12,25,4,22,18,7,13,23,1,1,26,5,21,8,17,19,9,12,4,16,26,9,17,3,8,4,6,5,7,4,7,1,14,18,10,23,11,16,24,13,7,11,20,15,3,8,14,14,16,20,16,6,2,26,19,21,11,4,18,1,2,3,14,1,16,18,13,19,5,26,10,21,9,17,20,11,12,5,9,8,11,24,20,1,7,18,9,11,2,6,9,19,18,13,26,5,18,6,4,16,10,4,6,5,7,10,1,25,22,24,9,17,4,8,10,26,23,13,10,18,3,18,19,11,2,11,5,6,22,5,22,5,26,22,2,19,26,24,2,8,17,8,25,9,10",5000,100
18,87,303262.06210289116,24.14024604866199,"15,15,26,8,24,13,5,1,21,20,23,17,6,9,25,2,19,16,10,26,24,14,6,21,12,3,7,3,23,11,12,25,4,22,18,7,13,23,1,1,26,5,21,8,17,19,9,12,4,16,26,9,17,3,8,4,6,5,7,4,7,1,14,18,10,23,11,16,24,13,7,11,20,15,3,8,14,14,16,20,16,6,2,26,19,21,11,4,18,1,2,3,14,1,16,18,13,19,5,26,10,21,9,17,20,11,12,5,9,8,11,24,20,1,7,18,9,11,2,6,9,19,18,13,26,5,18,6,4,16,10,4,6,5,7,10,1,25,22,24,9,17,4,8,10,26,23,13,10,18,3,18,19,11,2,11,5,6,22,5,22,5,26,22,2,19,26,24,2,8,17,8,25,9,10",5000,100
18,88,303262.06210289116,24.14024604866199,"15,15,26,8,24,13,5,1,21,20,23,17,6,9,25,2,19,16,10,26,24,14,6,21,12,3,7,3,23,11,12,25,4,22,18,7,13,23,1,1,26,5,21,8,17,19,9,12,4,16,26,9,17,3,8,4,6,5,7,4,7,1,14,18,10,23,11,16,24,13,7,11,20,15,3,8,14,14,16,20,16,6,2,26,19,21,11,4,18,1,2,3,14,1,16,18,13,19,5,26,10,21,9,17,20,11,12,5,9,8,11,24,20,1,7,18,9,11,2,6,9,19,18,13,26,5,18,6,4,16,10,4,6,5,7,10,1,25,22,24,9,17,4,8,10,26,23,13,10,18,3,18,19,11,2,11,5,6,22,5,22,5,26,22,2,19,26,24,2,8,17,8,25,9,10",5000,100
18,89,303262.06210289116,24.14024604866199,"15,15,26,8,24,13,5,1,21,20,23,17,6,9,25,2,19,16,10,26,24,14,6,21,12,3,7,3,23,11,12,25,4,22,18,7,13,23,1,1,26,5,21,8,17,19,9,12,4,16,26,9,17,3,8,4,6,5,7,4,7,1,14,18,10,23,11,16,24,13,7,11,20,15,3,8,14,14,16,20,16,6,2,26,19,21,11,4,18,1,2,3,14,1,16,18,13,19,5,26,10,21,9,17,20,11,12,5,9,8,11,24,20,1,7,18,9,11,2,6,9,19,18,13,26,5,18,6,4,16,10,4,6,5,7,10,1,25,22,24,9,17,4,8,10,26,23,13,10,18,3,18,19,11,2,11,5,6,22,5,22,5,26,22,2,19,26,24,2,8,17,8,25,9,10",5000,100
18,90,303262.06210289116,24.14024604866199,"15,15,26,8,24,13,5,1,21,20,23,17,6,9,25,2,19,16,10,26,24,14,6,21,12,3,7,3,23,11,12,25,4,22,18,7,13,23,1,1,26,5,21,8,17,19,9,12,4,16,26,9,17,3,8,4,6,5,7,4,7,1,14,18,10,23,11,16,24,13,7,11,20,15,3,8,14,14,16,20,16,6,2,26,19,21,11,4,18,1,2,3,14,1,16,18,13,19,5,26,10,21,9,17,20,11,12,5,9,8,11,24,20,1,7,18,9,11,2,6,9,19,18,13,26,5,18,6,4,16,10,4,6,5,7,10,1,25,22,24,9,17,4,8,10,26,23,13,10,18,3,18,19,11,2,11,5,6,22,5,22,5,26,22,2,19,26,24,2,8,17,8,25,9,10",5000,100
18,91,303262.06210289116,24.14024604866199,"15,15,26,8,24,13,5,1,21,20,23,17,6,9,25,2,19,16,10,26,24,14,6,21,12,3,7,3,23,11,12,25,4,22,18,7,13,23,1,1,26,5,21,8,17,19,9,12,4,16,26,9,17,3,8,4,6,5,7,4,7,1,14,18,10,23,11,16,24,13,7,11,20,15,3,8,14,14,16,20,16,6,2,26,19,21,11,4,18,1,2,3,14,1,16,18,13,19,5,26,10,21,9,17,20,11,12,5,9,8,11,24,20,1,7,18,9,11,2,6,9,19,18,13,26,5,18,6,4,16,10,4,6,5,7,10,1,25,22,24,9,17,4,8,10,26,23,13,10,18,3,18,19,11,2,11,5,6,22,5,22,5,26,22,2,19,26,24,2,8,17,8,25,9,10",5000,100
18,92,303262.06210289116,24.14024604866199,"15,15,26,8,24,13,5,1,21,20,23,17,6,9,25,2,19,16,10,26,24,14,6,21,12,3,7,3,23,11,12,25,4,22,18,7,13,23,1,1,26,5,21,8,17,19,9,12,4,16,26,9,17,3,8,4,6,5,7,4,7,1,14,18,10,23,11,16,24,13,7,11,20,15,3,8,14,14,16,20,16,6,2,26,19,21,11,4,18,1,2,3,14,1,16,18,13,19,5,26,10,21,9,17,20,11,12,5,9,8,11,24,20,1,7,18,9,11,2,6,9,19,18,13,26,5,18,6,4,16,10,4,6,5,7,10,1,25,22,24,9,17,4,8,10,26,23,13,10,18,3,18,19,11,2,11,5,6,22,5,22,5,26,22,2,19,26,24,2,8,17,8,25,9,10",5000,100
18,93,303262.06210289116,24.14024604866199,"15,15,26,8,24,13,5,1,21,20,23,17,6,9,25,2,19,16,10,26,24,14,6,21,12,3,7,3,23,11,12,25,4,22,18,7,13,23,1,1,26,5,21,8,17,19,9,12,4,16,26,9,17,3,8,4,6,5,7,4,7,1,14,18,10,23,11,16,24,13,7,11,20,15,3,8,14,14,16,20,16,6,2,26,19,21,11,4,18,1,2,3,14,1,16,18,13,19,5,26,10,21,9,17,20,11,12,5,9,8,11,24,20,1,7,18,9,11,2,6,9,19,18,13,26,5,18,6,4,16,10,4,6,5,7,10,1,25,22,24,9,17,4,8,10,26,23,13,10,18,3,18,19,11,2,11,5,6,22,5,22,5,26,22,2,19,26,24,2,8,17,8,25,9,10",5000,100
18,94,303262.06210289116,24.14024604866199,"15,15,26,8,24,13,5,1,21,20,23,17,6,9,25,2,19,16,10,26,24,14,6,21,12,3,7,3,23,11,12,25,4,22,18,7,13,23,1,1,26,5,21,8,17,19,9,12,4,16,26,9,17,3,8,4,6,5,7,4,7,1,14,18,10,23,11,16,24,13,7,11,20,15,3,8,14,14,16,20,16,6,2,26,19,21,11,4,18,1,2,3,14,1,16,18,13,19,5,26,10,21,9,17,20,11,12,5,9,8,11,24,20,1,7,18,9,11,2,6,9,19,18,13,26,5,18,6,4,16,10,4,6,5,7,10,1,25,22,24,9,17,4,8,10,26,23,13,10,18,3,18,19,11,2,11,5,6,22,5,22,5,26,22,2,19,26,24,2,8,17,8,25,9,10",5000,100
18,95,303262.06210289116,24.14024604866199,"15,15,26,8,24,13,5,1,21,20,23,17,6,9,25,2,19,16,10,26,24,14,6,21,12,3,7,3,23,11,12,25,4,22,18,7,13,23,1,1,26,5,21,8,17,19,9,12,4,16,26,9,17,3,8,4,6,5,7,4,7,1,14,18,10,23,11,16,24,13,7,11,20,15,3,8,14,14,16,20,16,6,2,26,19,21,11,4,18,1,2,3,14,1,16,18,13,19,5,26,10,21,9,17,20,11,12,5,9,8,11,24,20,1,7,18,9,11,2,6,9,19,18,13,26,5,18,6,4,16,10,4,6,5,7,10,1,25,22,24,9,17,4,8,10,26,23,13,10,18,3,18,19,11,2,11,5,6,22,5,22,5,26,22,2,19,26,24,2,8,17,8,25,9,10",5000,100
18,96,303262.06210289116,24.14024604866199,"15,15,26,8,24,13,5,1,21,20,23,17,6,9,25,2,19,16,10,26,24,14,6,21,12,3,7,3,23,11,12,25,4,22,18,7,13,23,1,1,26,5,21,8,17,19,9,12,4,16,26,9,17,3,8,4,6,5,7,4,7,1,14,18,10,23,11,16,24,13,7,11,20,15,3,8,14,14,16,20,16,6,2,26,19,21,11,4,18,1,2,3,14,1,16,18,13,19,5,26,10,21,9,17,20,11,12,5,9,8,11,24,20,1,7,18,9,11,2,6,9,19,18,13,26,5,18,6,4,16,10,4,6,5,7,10,1,25,22,24,9,17,4,8,10,26,23,13,10,18,3,18,19,11,2,11,5,6,22,5,22,5,26,22,2,19,26,24,2,8,17,8,25,9,10",5000,100
18,97,303262.06210289116,24.14024604866199,"15,15,26,8,24,13,5,1,21,20,23,17,6,9,25,2,19,16,10,26,24,14,6,21,12,3,7,3,23,11,12,25,4,22,18,7,13,23,1,1,26,5,21,8,17,19,9,12,4,16,26,9,17,3,8,4,6,5,7,4,7,1,14,18,10,23,11,16,24,13,7,11,20,15,3,8,14,14,16,20,16,6,2,26,19,21,11,4,18,1,2,3,14,1,16,18,13,19,5,26,10,21,9,17,20,11,12,5,9,8,11,24,20,1,7,18,9,11,2,6,9,19,18,13,26,5,18,6,4,16,10,4,6,5,7,10,1,25,22,24,9,17,4,8,10,26,23,13,10,18,3,18,19,11,2,11,5,6,22,5,22,5,26,22,2,19,26,24,2,8,17,8,25,9,10",5000,100
18,98,303262.06210289116,24.14024604866199,"15,15,26,8,24,13,5,1,21,20,23,17,6,9,25,2,19,16,10,26,24,14,6,21,12,3,7,3,23,11,12,25,4,22,18,7,13,23,1,1,26,5,21,8,17,19,9,12,4,16,26,9,17,3,8,4,6,5,7,4,7,1,14,18,10,23,11,16,24,13,7,11,20,15,3,8,14,14,16,20,16,6,2,26,19,21,11,4,18,1,2,3,14,1,16,18,13,19,5,26,10,21,9,17,20,11,12,5,9,8,11,24,20,1,7,18,9,11,2,6,9,19,18,13,26,5,18,6,4,16,10,4,6,5,7,10,1,25,22,24,9,17,4,8,10,26,23,13,10,18,3,18,19,11,2,11,5,6,22,5,22,5,26,22,2,19,26,24,2,8,17,8,25,9,10",5000,100
18,99,303262.06210289116,24.14024604866199,"15,15,26,8,24,13,5,1,21,20,23,17,6,9,25,2,19,16,10,26,24,14,6,21,12,3,7,3,23,11,12,25,4,22,18,7,13,23,1,1,26,5,21,8,17,19,9,12,4,16,26,9,17,3,8,4,6,5,7,4,7,1,14,18,10,23,11,16,24,13,7,11,20,15,3,8,14,14,16,20,16,6,2,26,19,21,11,4,18,1,2,3,14,1,16,18,13,19,5,26,10,21,9,17,20,11,12,5,9,8,11,24,20,1,7,18,9,11,2,6,9,19,18,13,26,5,18,6,4,16,10,4,6,5,7,10,1,25,22,24,9,17,4,8,10,26,23,13,10,18,3,18,19,11,2,11,5,6,22,5,22,5,26,22,2,19,26,24,2,8,17,8,25,9,10",5000,100
19,0,351781.16499935964,28.97182879808117,"16,12,6,19,24,7,15,8,9,20,2,18,10,2,4,22,21,23,25,17,23,1,15,26,12,11,13,14,3,25,4,6,5,20,18,3,9,8,2,21,23,13,16,15,2,21,10,5,19,10,20,14,5,10,1,13,5,17,25,16,4,14,13,22,6,9,25,19,16,13,3,15,4,9,22,11,16,15,13,22,6,16,17,19,22,10,18,10,1,9,19,14,13,5,15,8,12,1,16,26,22,10,11,13,22,21,17,12,16,17,15,7,3,4,20,3,11,19,11,2,1,13,11,13,3,5,1,17,5,26,17,1,9,17,13,23,17,13,8,19,26,4,18,8,22,16,8,19,22,10,11,15,9,17,20,26,14,9,24,16,14,6,7,16,10,5,26,14,24,8,5,17,14,24,14",5000,100
19,1,351864.6126248325,28.884077635063964,"16,12,6,19,24,7,15,8,9,20,2,18,10,2,4,22,21,23,25,17,23,1,15,26,12,11,13,14,3,25,4,6,5,20,18,3,9,8,2,21,23,13,16,15,2,21,10,5,19,10,20,14,5,10,1,13,5,17,25,16,4,14,13,22,6,9,25,19,16,13,3,15,4,9,22,11,16,15,13,22,6,16,17,19,22,10,18,10,1,9,19,14,13,5,15,8,12,1,16,26,22,10,11,13,22,21,17,12,16,17,15,7,3,4,20,3,11,24,11,2,1,13,11,13,3,5,1,17,5,26,17,1,9,17,13,23,17,13,8,19,26,4,18,8,22,16,8,19,22,10,11,15,9,17,20,26,14,9,24,16,14,6,7,16,10,5,26,14,24,8,5,17,14,24,14",5000,100
19,2,351864.6126248325,28.884077635063964,"16,12,6,19,24,7,15,8,9,20,2,18,10,2,4,22,21,23,25,17,23,1,15,26,12,11,13,14,3,25,4,6,5,20,18,3,9,8,2,21,23,13,16,15,2,21,10,5,19,10,20,14,5,10,1,13,5,17,25,16,4,14,13,22,6,9,25,19,16,13,3,15,4,9,22,11,16,15,13,22,6,16,17,19,22,10,18,10,1,9,19,14,13,5,15,8,12,1,16,26,22,10,11,13,22,21,17,12,16,17,15,7,3,4,20,3,11,24,11,2,1,13,11,13,3,5,1,17,5,26,17,1,9,17,13,23,17,13,8,19,26,4,18,8,22,16,8,19,22,10,11,15,9,17,20,26,14,9,24,16,14,6,7,16,10,5,26,14,24,8,5,17,14,24,14",5000,100
19,3,351864.6126248325,28.884077635063964,"16,12,6,19,24,7,15,8,9,20,2,18,10,2,4,22,21,23,25,17,23,1,15,26,12,11,13,14,3,25,4,6,5,20,18,3,9,8,2,21,23,13,16,15,2,21,10,5,19,10,20,14,5,10,1,13,5,17,25,16,4,14,13,22,6,9,25,19,16,13,3,15,4,9,22,11,16,15,13,22,6,16,17,19,22,10,18,10,1,9,19,14,13,5,15,8,12,1,16,26,22,10,11,13,22,21,17,12,16,17,15,7,3,4,20,3,11,24,11,2,1,13,11,13,3,5,1,17,5,26,17,1,9,17,13,23,17,13,8,19,26,4,18,8,22,16,8,19,22,10,11,15,9,17,20,26,14,9,24,16,14,6,7,16,10,5,26,14,24,8,5,17,14,24,14",5000,100
19,4,351864.6126248325,28.884077635063964,"16,12,6,19,24,7,15,8,9,20,2,18,10,2,4,22,21,23,25,17,23,1,15,26,12,11,13,14,3,25,4,6,5,20,18,3,9,8,2,21,23,13,16,15,2,21,10,5,19,10,20,14,5,10,1,13,5,17,25,16,4,14,13,22,6,9,25,19,16,13,3,15,4,9,22,11,16,15,13,22,6,16,17,19,22,10,18,10,1,9,19,14,13,5,15,8,12,1,16,26,22,10,11,13,22,21,17,12,16,17,15,7,3,4,20,3,11,24,11,2,1,13,11,13,3,5,1,17,5,26,17,1,9,17,13,23,17,13,8,19,26,4,18,8,22,16,8,19,22,10,11,15,9,17,20,26,14,9,24,16,14,6,7,16,10,5,26,14,24,8,5,17,14,24,14",5000,100
19,5,351864.6126248325,28.884077635063964,"16,12,6,19,24,7,15,8,9,20,2,18,10,2,4,22,21,23,25,17,23,1,15,26,12,11,13,14,3,25,4,6,5,20,18,3,9,8,2,21,23,13,16,15,2,21,10,5,19,10,20,14,5,10,1,13,5,17,25,16,4,14,13,22,6,9,25,19,16,13,3,15,4,9,22,11,16,15,13,22,6,16,17,19,22,10,18,10,1,9,19,14,13,5,15,8,12,1,16,26,22,10,11,13,22,21,17,12,16,17,15,7,3,4,20,3,11,24,11,2,1,13,11,13,3,5,1,17,5,26,17,1,9,17,13,23,17,13,8,19,26,4,18,8,22,16,8,19,22,10,11,15,9,17,20,26,14,9,24,16,14,6,7,16,10,5,26,14,24,8,5,17,14,24,14",5000,100
19,6,351864.6126248325,28.884077635063964,"16,12,6,19,24,7,15,8,9,20,2,18,10,2,4,22,21,23,25,17,23,1,15,26,12,11,13,14,3,25,4,6,5,20,18,3,9,8,2,21,23,13,16,15,2,21,10,5,19,10,20,14,5,10,1,13,5,17,25,16,4,14,13,22,6,9,25,19,16,13,3,15,4,9,22,11,16,15,13,22,6,16,17,19,22,10,18,10,1,9,19,14,13,5,15,8,12,1,16,26,22,10,11,13,22,21,17,12,16,17,15,7,3,4,20,3,11,24,11,2,1,13,11,13,3,5,1,17,5,26,17,1,9,17,13,23,17,13,8,19,26,4,18,8,22,16,8,19,22,10,11,15,9,17,20,26,14,9,24,16,14,6,7,16,10,5,26,14,24,8,5,17,14,24,14",5000,100
19,7,351864.6126248325,28.884077635063964,"16,12,6,19,24,7,15,8,9,20,2,18,10,2,4,22,21,23,25,17,23,1,15,26,12,11,13,14,3,25,4,6,5,20,18,3,9,8,2,21,23,13,16,15,2,21,10,5,19,10,20,14,5,10,1,13,5,17,25,16,4,14,13,22,6,9,25,19,16,13,3,15,4,9,22,11,16,15,13,22,6,16,17,19,22,10,18,10,1,9,19,14,13,5,15,8,12,1,16,26,22,10,11,13,22,21,17,12,16,17,15,7,3,4,20,3,11,24,11,2,1,13,11,13,3,5,1,17,5,26,17,1,9,17,13,23,17,13,8,19,26,4,18,8,22,16,8,19,22,10,11,15,9,17,20,26,14,9,24,16,14,6,7,16,10,5,26,14,24,8,5,17,14,24,14",5000,100
19,8,351864.6126248325,28.884077635063964,"16,12,6,19,24,7,15,8,9,20,2,18,10,2,4,22,21,23,25,17,23,1,15,26,12,11,13,14,3,25,4,6,5,20,18,3,9,8,2,21,23,13,16,15,2,21,10,5,19,10,20,14,5,10,1,13,5,17,25,16,4,14,13,22,6,9,25,19,16,13,3,15,4,9,22,11,16,15,13,22,6,16,17,19,22,10,18,10,1,9,19,14,13,5,15,8,12,1,16,26,22,10,11,13,22,21,17,12,16,17,15,7,3,4,20,3,11,24,11,2,1,13,11,13,3,5,1,17,5,26,17,1,9,17,13,23,17,13,8,19,26,4,18,8,22,16,8,19,22,10,11,15,9,17,20,26,14,9,24,16,14,6,7,16,10,5,26,14,24,8,5,17,14,24,14",5000,100
19,9,351864.6126248325,28.884077635063964,"16,12,6,19,24,7,15,8,9,20,2,18,10,2,4,22,21,23,25,17,23,1,15,26,12,11,13,14,3,25,4,6,5,20,18,3,9,8,2,21,23,13,16,15,2,21,10,5,19,10,20,14,5,10,1,13,5,17,25,16,4,14,13,22,6,9,25,19,16,13,3,15,4,9,22,11,16,15,13,22,6,16,17,19,22,10,18,10,1,9,19,14,13,5,15,8,12,1,16,26,22,10,11,13,22,21,17,12,16,17,15,7,3,4,20,3,11,24,11,2,1,13,11,13,3,5,1,17,5,26,17,1,9,17,13,23,17,13,8,19,26,4,18,8,22,16,8,19,22,10,11,15,9,17,20,26,14,9,24,16,14,6,7,16,10,5,26,14,24,8,5,17,14,24,14",5000,100
19,10,351864.6126248325,28.884077635063964,"16,12,6,19,24,7,15,8,9,20,2,18,10,2,4,22,21,23,25,17,23,1,15,26,12,11,13,14,3,25,4,6,5,20,18,3,9,8,2,21,23,13,16,15,2,21,10,5,19,10,20,14,5,10,1,13,5,17,25,16,4,14,13,22,6,9,25,19,16,13,3,15,4,9,22,11,16,15,13,22,6,16,17,19,22,10,18,10,1,9,19,14,13,5,15,8,12,1,16,26,22,10,11,13,22,21,17,12,16,17,15,7,3,4,20,3,11,24,11,2,1,13,11,13,3,5,1,17,5,26,17,1,9,17,13,23,17,13,8,19,26,4,18,8,22,16,8,19,22,10,11,15,9,17,20,26,14,9,24,16,14,6,7,16,10,5,26,14,24,8,5,17,14,24,14",5000,100
19,11,351864.6126248325,28.884077635063964,"16,12,6,19,24,7,15,8,9,20,2,18,10,2,4,22,21,23,25,17,23,1,15,26,12,11,13,14,3,25,4,6,5,20,18,3,9,8,2,21,23,13,16,15,2,21,10,5,19,10,20,14,5,10,1,13,5,17,25,16,4,14,13,22,6,9,25,19,16,13,3,15,4,9,22,11,16,15,13,22,6,16,17,19,22,10,18,10,1,9,19,14,13,5,15,8,12,1,16,26,22,10,11,13,22,21,17,12,16,17,15,7,3,4,20,3,11,24,11,2,1,13,11,13,3,5,1,17,5,26,17,1,9,17,13,23,17,13,8,19,26,4,18,8,22,16,8,19,22,10,11,15,9,17,20,26,14,9,24,16,14,6,7,16,10,5,26,14,24,8,5,17,14,24,14",5000,100
19,12,351864.6126248325,28.884077635063964,"16,12,6,19,24,7,15,8,9,20,2,18,10,2,4,22,21,23,25,17,23,1,15,26,12,11,13,14,3,25,4,6,5,20,18,3,9,8,2,21,23,13,16,15,2,21,10,5,19,10,20,14,5,10,1,13,5,17,25,16,4,14,13,22,6,9,25,19,16,13,3,15,4,9,22,11,16,15,13,22,6,16,17,19,22,10,18,10,1,9,19,14,13,5,15,8,12,1,16,26,22,10,11,13,22,21,17,12,16,17,15,7,3,4,20,3,11,24,11,2,1,13,11,13,3,5,1,17,5,26,17,1,9,17,13,23,17,13,8,19,26,4,18,8,22,16,8,19,22,10,11,15,9,17,20,26,14,9,24,16,14,6,7,16,10,5,26,14,24,8,5,17,14,24,14",5000,100
19,13,351864.6126248325,28.884077635063964,"16,12,6,19,24,7,15,8,9,20,2,18,10,2,4,22,21,23,25,17,23,1,15,26,12,11,13,14,3,25,4,6,5,20,18,3,9,8,2,21,23,13,16,15,2,21,10,5,19,10,20,14,5,10,1,13,5,17,25,16,4,14,13,22,6,9,25,19,16,13,3,15,4,9,22,11,16,15,13,22,6,16,17,19,22,10,18,10,1,9,19,14,13,5,15,8,12,1,16,26,22,10,11,13,22,21,17,12,16,17,15,7,3,4,20,3,11,24,11,2,1,13,11,13,3,5,1,17,5,26,17,1,9,17,13,23,17,13,8,19,26,4,18,8,22,16,8,19,22,10,11,15,9,17,20,26,14,9,24,16,14,6,7,16,10,5,26,14,24,8,5,17,14,24,14",5000,100
19,14,351864.6126248325,28.884077635063964,"16,12,6,19,24,7,15,8,9,20,2,18,10,2,4,22,21,23,25,17,23,1,15,26,12,11,13,14,3,25,4,6,5,20,18,3,9,8,2,21,23,13,16,15,2,21,10,5,19,10,20,14,5,10,1,13,5,17,25,16,4,14,13,22,6,9,25,19,16,13,3,15,4,9,22,11,16,15,13,22,6,16,17,19,22,10,18,10,1,9,19,14,13,5,15,8,12,1,16,26,22,10,11,13,22,21,17,12,16,17,15,7,3,4,20,3,11,24,11,2,1,13,11,13,3,5,1,17,5,26,17,1,9,17,13,23,17,13,8,19,26,4,18,8,22,16,8,19,22,10,11,15,9,17,20,26,14,9,24,16,14,6,7,16,10,5,26,14,24,8,5,17,14,24,14",5000,100
19,15,351864.6126248325,28.884077635063964,"16,12,6,19,24,7,15,8,9,20,2,18,10,2,4,22,21,23,25,17,23,1,15,26,12,11,13,14,3,25,4,6,5,20,18,3,9,8,2,21,23,13,16,15,2,21,10,5,19,10,20,14,5,10,1,13,5,17,25,16,4,14,13,22,6,9,25,19,16,13,3,15,4,9,22,11,16,15,13,22,6,16,17,19,22,10,18,10,1,9,19,14,13,5,15,8,12,1,16,26,22,10,11,13,22,21,17,12,16,17,15,7,3,4,20,3,11,24,11,2,1,13,11,13,3,5,1,17,5,26,17,1,9,17,13,23,17,13,8,19,26,4,18,8,22,16,8,19,22,10,11,15,9,17,20,26,14,9,24,16,14,6,7,16,10,5,26,14,24,8,5,17,14,24,14",5000,100
19,16,351864.6126248325,28.884077635063964,"16,12,6,19,24,7,15,8,9,20,2,18,10,2,4,22,21,23,25,17,23,1,15,26,12,11,13,14,3,25,4,6,5,20,18,3,9,8,2,21,23,13,16,15,2,21,10,5,19,10,20,14,5,10,1,13,5,17,25,16,4,14,13,22,6,9,25,19,16,13,3,15,4,9,22,11,16,15,13,22,6,16,17,19,22,10,18,10,1,9,19,14,13,5,15,8,12,1,16,26,22,10,11,13,22,21,17,12,16,17,15,7,3,4,20,3,11,24,11,2,1,13,11,13,3,5,1,17,5,26,17,1,9,17,13,23,17,13,8,19,26,4,18,8,22,16,8,19,22,10,11,15,9,17,20,26,14,9,24,16,14,6,7,16,10,5,26,14,24,8,5,17,14,24,14",5000,100
19,17,351864.6126248325,28.884077635063964,"16,12,6,19,24,7,15,8,9,20,2,18,10,2,4,22,21,23,25,17,23,1,15,26,12,11,13,14,3,25,4,6,5,20,18,3,9,8,2,21,23,13,16,15,2,21,10,5,19,10,20,14,5,10,1,13,5,17,25,16,4,14,13,22,6,9,25,19,16,13,3,15,4,9,22,11,16,15,13,22,6,16,17,19,22,10,18,10,1,9,19,14,13,5,15,8,12,1,16,26,22,10,11,13,22,21,17,12,16,17,15,7,3,4,20,3,11,24,11,2,1,13,11,13,3,5,1,17,5,26,17,1,9,17,13,23,17,13,8,19,26,4,18,8,22,16,8,19,22,10,11,15,9,17,20,26,14,9,24,16,14,6,7,16,10,5,26,14,24,8,5,17,14,24,14",5000,100
19,18,351864.6126248325,28.884077635063964,"16,12,6,19,24,7,15,8,9,20,2,18,10,2,4,22,21,23,25,17,23,1,15,26,12,11,13,14,3,25,4,6,5,20,18,3,9,8,2,21,23,13,16,15,2,21,10,5,19,10,20,14,5,10,1,13,5,17,25,16,4,14,13,22,6,9,25,19,16,13,3,15,4,9,22,11,16,15,13,22,6,16,17,19,22,10,18,10,1,9,19,14,13,5,15,8,12,1,16,26,22,10,11,13,22,21,17,12,16,17,15,7,3,4,20,3,11,24,11,2,1,13,11,13,3,5,1,17,5,26,17,1,9,17,13,23,17,13,8,19,26,4,18,8,22,16,8,19,22,10,11,15,9,17,20,26,14,9,24,16,14,6,7,16,10,5,26,14,24,8,5,17,14,24,14",5000,100
19,19,351864.6126248325,28.884077635063964,"16,12,6,19,24,7,15,8,9,20,2,18,10,2,4,22,21,23,25,17,23,1,15,26,12,11,13,14,3,25,4,6,5,20,18,3,9,8,2,21,23,13,16,15,2,21,10,5,19,10,20,14,5,10,1,13,5,17,25,16,4,14,13,22,6,9,25,19,16,13,3,15,4,9,22,11,16,15,13,22,6,16,17,19,22,10,18,10,1,9,19,14,13,5,15,8,12,1,16,26,22,10,11,13,22,21,17,12,16,17,15,7,3,4,20,3,11,24,11,2,1,13,11,13,3,5,1,17,5,26,17,1,9,17,13,23,17,13,8,19,26,4,18,8,22,16,8,19,22,10,11,15,9,17,20,26,14,9,24,16,14,6,7,16,10,5,26,14,24,8,5,17,14,24,14",5000,100
19,20,351864.6126248325,28.884077635063964,"16,12,6,19,24,7,15,8,9,20,2,18,10,2,4,22,21,23,25,17,23,1,15,26,12,11,13,14,3,25,4,6,5,20,18,3,9,8,2,21,23,13,16,15,2,21,10,5,19,10,20,14,5,10,1,13,5,17,25,16,4,14,13,22,6,9,25,19,16,13,3,15,4,9,22,11,16,15,13,22,6,16,17,19,22,10,18,10,1,9,19,14,13,5,15,8,12,1,16,26,22,10,11,13,22,21,17,12,16,17,15,7,3,4,20,3,11,24,11,2,1,13,11,13,3,5,1,17,5,26,17,1,9,17,13,23,17,13,8,19,26,4,18,8,22,16,8,19,22,10,11,15,9,17,20,26,14,9,24,16,14,6,7,16,10,5,26,14,24,8,5,17,14,24,14",5000,100
19,21,351864.6126248325,28.884077635063964,"16,12,6,19,24,7,15,8,9,20,2,18,10,2,4,22,21,23,25,17,23,1,15,26,12,11,13,14,3,25,4,6,5,20,18,3,9,8,2,21,23,13,16,15,2,21,10,5,19,10,20,14,5,10,1,13,5,17,25,16,4,14,13,22,6,9,25,19,16,13,3,15,4,9,22,11,16,15,13,22,6,16,17,19,22,10,18,10,1,9,19,14,13,5,15,8,12,1,16,26,22,10,11,13,22,21,17,12,16,17,15,7,3,4,20,3,11,24,11,2,1,13,11,13,3,5,1,17,5,26,17,1,9,17,13,23,17,13,8,19,26,4,18,8,22,16,8,19,22,10,11,15,9,17,20,26,14,9,24,16,14,6,7,16,10,5,26,14,24,8,5,17,14,24,14",5000,100
19,22,351864.6126248325,28.884077635063964,"16,12,6,19,24,7,15,8,9,20,2,18,10,2,4,22,21,23,25,17,23,1,15,26,12,11,13,14,3,25,4,6,5,20,18,3,9,8,2,21,23,13,16,15,2,21,10,5,19,10,20,14,5,10,1,13,5,17,25,16,4,14,13,22,6,9,25,19,16,13,3,15,4,9,22,11,16,15,13,22,6,16,17,19,22,10,18,10,1,9,19,14,13,5,15,8,12,1,16,26,22,10,11,13,22,21,17,12,16,17,15,7,3,4,20,3,11,24,11,2,1,13,11,13,3,5,1,17,5,26,17,1,9,17,13,23,17,13,8,19,26,4,18,8,22,16,8,19,22,10,11,15,9,17,20,26,14,9,24,16,14,6,7,16,10,5,26,14,24,8,5,17,14,24,14",5000,100
19,23,351864.6126248325,28.884077635063964,"16,12,6,19,24,7,15,8,9,20,2,18,10,2,4,22,21,23,25,17,23,1,15,26,12,11,13,14,3,25,4,6,5,20,18,3,9,8,2,21,23,13,16,15,2,21,10,5,19,10,20,14,5,10,1,13,5,17,25,16,4,14,13,22,6,9,25,19,16,13,3,15,4,9,22,11,16,15,13,22,6,16,17,19,22,10,18,10,1,9,19,14,13,5,15,8,12,1,16,26,22,10,11,13,22,21,17,12,16,17,15,7,3,4,20,3,11,24,11,2,1,13,11,13,3,5,1,17,5,26,17,1,9,17,13,23,17,13,8,19,26,4,18,8,22,16,8,19,22,10,11,15,9,17,20,26,14,9,24,16,14,6,7,16,10,5,26,14,24,8,5,17,14,24,14",5000,100
19,24,351864.6126248325,28.884077635063964,"16,12,6,19,24,7,15,8,9,20,2,18,10,2,4,22,21,23,25,17,23,1,15,26,12,11,13,14,3,25,4,6,5,20,18,3,9,8,2,21,23,13,16,15,2,21,10,5,19,10,20,14,5,10,1,13,5,17,25,16,4,14,13,22,6,9,25,19,16,13,3,15,4,9,22,11,16,15,13,22,6,16,17,19,22,10,18,10,1,9,19,14,13,5,15,8,12,1,16,26,22,10,11,13,22,21,17,12,16,17,15,7,3,4,20,3,11,24,11,2,1,13,11,13,3,5,1,17,5,26,17,1,9,17,13,23,17,13,8,19,26,4,18,8,22,16,8,19,22,10,11,15,9,17,20,26,14,9,24,16,14,6,7,16,10,5,26,14,24,8,5,17,14,24,14",5000,100
19,25,351864.6126248325,28.884077635063964,"16,12,6,19,24,7,15,8,9,20,2,18,10,2,4,22,21,23,25,17,23,1,15,26,12,11,13,14,3,25,4,6,5,20,18,3,9,8,2,21,23,13,16,15,2,21,10,5,19,10,20,14,5,10,1,13,5,17,25,16,4,14,13,22,6,9,25,19,16,13,3,15,4,9,22,11,16,15,13,22,6,16,17,19,22,10,18,10,1,9,19,14,13,5,15,8,12,1,16,26,22,10,11,13,22,21,17,12,16,17,15,7,3,4,20,3,11,24,11,2,1,13,11,13,3,5,1,17,5,26,17,1,9,17,13,23,17,13,8,19,26,4,18,8,22,16,8,19,22,10,11,15,9,17,20,26,14,9,24,16,14,6,7,16,10,5,26,14,24,8,5,17,14,24,14",5000,100
19,26,351864.6126248325,28.884077635063964,"16,12,6,19,24,7,15,8,9,20,2,18,10,2,4,22,21,23,25,17,23,1,15,26,12,11,13,14,3,25,4,6,5,20,18,3,9,8,2,21,23,13,16,15,2,21,10,5,19,10,20,14,5,10,1,13,5,17,25,16,4,14,13,22,6,9,25,19,16,13,3,15,4,9,22,11,16,15,13,22,6,16,17,19,22,10,18,10,1,9,19,14,13,5,15,8,12,1,16,26,22,10,11,13,22,21,17,12,16,17,15,7,3,4,20,3,11,24,11,2,1,13,11,13,3,5,1,17,5,26,17,1,9,17,13,23,17,13,8,19,26,4,18,8,22,16,8,19,22,10,11,15,9,17,20,26,14,9,24,16,14,6,7,16,10,5,26,14,24,8,5,17,14,24,14",5000,100
19,27,351864.6126248325,28.884077635063964,"16,12,6,19,24,7,15,8,9,20,2,18,10,2,4,22,21,23,25,17,23,1,15,26,12,11,13,14,3,25,4,6,5,20,18,3,9,8,2,21,23,13,16,15,2,21,10,5,19,10,20,14,5,10,1,13,5,17,25,16,4,14,13,22,6,9,25,19,16,13,3,15,4,9,22,11,16,15,13,22,6,16,17,19,22,10,18,10,1,9,19,14,13,5,15,8,12,1,16,26,22,10,11,13,22,21,17,12,16,17,15,7,3,4,20,3,11,24,11,2,1,13,11,13,3,5,1,17,5,26,17,1,9,17,13,23,17,13,8,19,26,4,18,8,22,16,8,19,22,10,11,15,9,17,20,26,14,9,24,16,14,6,7,16,10,5,26,14,24,8,5,17,14,24,14",5000,100
19,28,351864.6126248325,28.884077635063964,"16,12,6,19,24,7,15,8,9,20,2,18,10,2,4,22,21,23,25,17,23,1,15,26,12,11,13,14,3,25,4,6,5,20,18,3,9,8,2,21,23,13,16,15,2,21,10,5,19,10,20,14,5,10,1,13,5,17,25,16,4,14,13,22,6,9,25,19,16,13,3,15,4,9,22,11,16,15,13,22,6,16,17,19,22,10,18,10,1,9,19,14,13,5,15,8,12,1,16,26,22,10,11,13,22,21,17,12,16,17,15,7,3,4,20,3,11,24,11,2,1,13,11,13,3,5,1,17,5,26,17,1,9,17,13,23,17,13,8,19,26,4,18,8,22,16,8,19,22,10,11,15,9,17,20,26,14,9,24,16,14,6,7,16,10,5,26,14,24,8,5,17,14,24,14",5000,100
19,29,351864.6126248325,28.884077635063964,"16,12,6,19,24,7,15,8,9,20,2,18,10,2,4,22,21,23,25,17,23,1,15,26,12,11,13,14,3,25,4,6,5,20,18,3,9,8,2,21,23,13,16,15,2,21,10,5,19,10,20,14,5,10,1,13,5,17,25,16,4,14,13,22,6,9,25,19,16,13,3,15,4,9,22,11,16,15,13,22,6,16,17,19,22,10,18,10,1,9,19,14,13,5,15,8,12,1,16,26,22,10,11,13,22,21,17,12,16,17,15,7,3,4,20,3,11,24,11,2,1,13,11,13,3,5,1,17,5,26,17,1,9,17,13,23,17,13,8,19,26,4,18,8,22,16,8,19,22,10,11,15,9,17,20,26,14,9,24,16,14,6,7,16,10,5,26,14,24,8,5,17,14,24,14",5000,100
19,30,351864.6126248325,28.884077635063964,"16,12,6,19,24,7,15,8,9,20,2,18,10,2,4,22,21,23,25,17,23,1,15,26,12,11,13,14,3,25,4,6,5,20,18,3,9,8,2,21,23,13,16,15,2,21,10,5,19,10,20,14,5,10,1,13,5,17,25,16,4,14,13,22,6,9,25,19,16,13,3,15,4,9,22,11,16,15,13,22,6,16,17,19,22,10,18,10,1,9,19,14,13,5,15,8,12,1,16,26,22,10,11,13,22,21,17,12,16,17,15,7,3,4,20,3,11,24,11,2,1,13,11,13,3,5,1,17,5,26,17,1,9,17,13,23,17,13,8,19,26,4,18,8,22,16,8,19,22,10,11,15,9,17,20,26,14,9,24,16,14,6,7,16,10,5,26,14,24,8,5,17,14,24,14",5000,100
19,31,351864.6126248325,28.884077635063964,"16,12,6,19,24,7,15,8,9,20,2,18,10,2,4,22,21,23,25,17,23,1,15,26,12,11,13,14,3,25,4,6,5,20,18,3,9,8,2,21,23,13,16,15,2,21,10,5,19,10,20,14,5,10,1,13,5,17,25,16,4,14,13,22,6,9,25,19,16,13,3,15,4,9,22,11,16,15,13,22,6,16,17,19,22,10,18,10,1,9,19,14,13,5,15,8,12,1,16,26,22,10,11,13,22,21,17,12,16,17,15,7,3,4,20,3,11,24,11,2,1,13,11,13,3,5,1,17,5,26,17,1,9,17,13,23,17,13,8,19,26,4,18,8,22,16,8,19,22,10,11,15,9,17,20,26,14,9,24,16,14,6,7,16,10,5,26,14,24,8,5,17,14,24,14",5000,100
19,32,351864.6126248325,28.884077635063964,"16,12,6,19,24,7,15,8,9,20,2,18,10,2,4,22,21,23,25,17,23,1,15,26,12,11,13,14,3,25,4,6,5,20,18,3,9,8,2,21,23,13,16,15,2,21,10,5,19,10,20,14,5,10,1,13,5,17,25,16,4,14,13,22,6,9,25,19,16,13,3,15,4,9,22,11,16,15,13,22,6,16,17,19,22,10,18,10,1,9,19,14,13,5,15,8,12,1,16,26,22,10,11,13,22,21,17,12,16,17,15,7,3,4,20,3,11,24,11,2,1,13,11,13,3,5,1,17,5,26,17,1,9,17,13,23,17,13,8,19,26,4,18,8,22,16,8,19,22,10,11,15,9,17,20,26,14,9,24,16,14,6,7,16,10,5,26,14,24,8,5,17,14,24,14",5000,100
19,33,351864.6126248325,28.884077635063964,"16,12,6,19,24,7,15,8,9,20,2,18,10,2,4,22,21,23,25,17,23,1,15,26,12,11,13,14,3,25,4,6,5,20,18,3,9,8,2,21,23,13,16,15,2,21,10,5,19,10,20,14,5,10,1,13,5,17,25,16,4,14,13,22,6,9,25,19,16,13,3,15,4,9,22,11,16,15,13,22,6,16,17,19,22,10,18,10,1,9,19,14,13,5,15,8,12,1,16,26,22,10,11,13,22,21,17,12,16,17,15,7,3,4,20,3,11,24,11,2,1,13,11,13,3,5,1,17,5,26,17,1,9,17,13,23,17,13,8,19,26,4,18,8,22,16,8,19,22,10,11,15,9,17,20,26,14,9,24,16,14,6,7,16,10,5,26,14,24,8,5,17,14,24,14",5000,100
19,34,351864.6126248325,28.884077635063964,"16,12,6,19,24,7,15,8,9,20,2,18,10,2,4,22,21,23,25,17,23,1,15,26,12,11,13,14,3,25,4,6,5,20,18,3,9,8,2,21,23,13,16,15,2,21,10,5,19,10,20,14,5,10,1,13,5,17,25,16,4,14,13,22,6,9,25,19,16,13,3,15,4,9,22,11,16,15,13,22,6,16,17,19,22,10,18,10,1,9,19,14,13,5,15,8,12,1,16,26,22,10,11,13,22,21,17,12,16,17,15,7,3,4,20,3,11,24,11,2,1,13,11,13,3,5,1,17,5,26,17,1,9,17,13,23,17,13,8,19,26,4,18,8,22,16,8,19,22,10,11,15,9,17,20,26,14,9,24,16,14,6,7,16,10,5,26,14,24,8,5,17,14,24,14",5000,100
19,35,351864.6126248325,28.884077635063964,"16,12,6,19,24,7,15,8,9,20,2,18,10,2,4,22,21,23,25,17,23,1,15,26,12,11,13,14,3,25,4,6,5,20,18,3,9,8,2,21,23,13,16,15,2,21,10,5,19,10,20,14,5,10,1,13,5,17,25,16,4,14,13,22,6,9,25,19,16,13,3,15,4,9,22,11,16,15,13,22,6,16,17,19,22,10,18,10,1,9,19,14,13,5,15,8,12,1,16,26,22,10,11,13,22,21,17,12,16,17,15,7,3,4,20,3,11,24,11,2,1,13,11,13,3,5,1,17,5,26,17,1,9,17,13,23,17,13,8,19,26,4,18,8,22,16,8,19,22,10,11,15,9,17,20,26,14,9,24,16,14,6,7,16,10,5,26,14,24,8,5,17,14,24,14",5000,100
19,36,351864.6126248325,28.884077635063964,"16,12,6,19,24,7,15,8,9,20,2,18,10,2,4,22,21,23,25,17,23,1,15,26,12,11,13,14,3,25,4,6,5,20,18,3,9,8,2,21,23,13,16,15,2,21,10,5,19,10,20,14,5,10,1,13,5,17,25,16,4,14,13,22,6,9,25,19,16,13,3,15,4,9,22,11,16,15,13,22,6,16,17,19,22,10,18,10,1,9,19,14,13,5,15,8,12,1,16,26,22,10,11,13,22,21,17,12,16,17,15,7,3,4,20,3,11,24,11,2,1,13,11,13,3,5,1,17,5,26,17,1,9,17,13,23,17,13,8,19,26,4,18,8,22,16,8,19,22,10,11,15,9,17,20,26,14,9,24,16,14,6,7,16,10,5,26,14,24,8,5,17,14,24,14",5000,100
19,37,351864.6126248325,28.884077635063964,"16,12,6,19,24,7,15,8,9,20,2,18,10,2,4,22,21,23,25,17,23,1,15,26,12,11,13,14,3,25,4,6,5,20,18,3,9,8,2,21,23,13,16,15,2,21,10,5,19,10,20,14,5,10,1,13,5,17,25,16,4,14,13,22,6,9,25,19,16,13,3,15,4,9,22,11,16,15,13,22,6,16,17,19,22,10,18,10,1,9,19,14,13,5,15,8,12,1,16,26,22,10,11,13,22,21,17,12,16,17,15,7,3,4,20,3,11,24,11,2,1,13,11,13,3,5,1,17,5,26,17,1,9,17,13,23,17,13,8,19,26,4,18,8,22,16,8,19,22,10,11,15,9,17,20,26,14,9,24,16,14,6,7,16,10,5,26,14,24,8,5,17,14,24,14",5000,100
19,38,351864.6126248325,28.884077635063964,"16,12,6,19,24,7,15,8,9,20,2,18,10,2,4,22,21,23,25,17,23,1,15,26,12,11,13,14,3,25,4,6,5,20,18,3,9,8,2,21,23,13,16,15,2,21,10,5,19,10,20,14,5,10,1,13,5,17,25,16,4,14,13,22,6,9,25,19,16,13,3,15,4,9,22,11,16,15,13,22,6,16,17,19,22,10,18,10,1,9,19,14,13,5,15,8,12,1,16,26,22,10,11,13,22,21,17,12,16,17,15,7,3,4,20,3,11,24,11,2,1,13,11,13,3,5,1,17,5,26,17,1,9,17,13,23,17,13,8,19,26,4,18,8,22,16,8,19,22,10,11,15,9,17,20,26,14,9,24,16,14,6,7,16,10,5,26,14,24,8,5,17,14,24,14",5000,100
19,39,351864.6126248325,28.884077635063964,"16,12,6,19,24,7,15,8,9,20,2,18,10,2,4,22,21,23,25,17,23,1,15,26,12,11,13,14,3,25,4,6,5,20,18,3,9,8,2,21,23,13,16,15,2,21,10,5,19,10,20,14,5,10,1,13,5,17,25,16,4,14,13,22,6,9,25,19,16,13,3,15,4,9,22,11,16,15,13,22,6,16,17,19,22,10,18,10,1,9,19,14,13,5,15,8,12,1,16,26,22,10,11,13,22,21,17,12,16,17,15,7,3,4,20,3,11,24,11,2,1,13,11,13,3,5,1,17,5,26,17,1,9,17,13,23,17,13,8,19,26,4,18,8,22,16,8,19,22,10,11,15,9,17,20,26,14,9,24,16,14,6,7,16,10,5,26,14,24,8,5,17,14,24,14",5000,100
19,40,351864.6126248325,28.884077635063964,"16,12,6,19,24,7,15,8,9,20,2,18,10,2,4,22,21,23,25,17,23,1,15,26,12,11,13,14,3,25,4,6,5,20,18,3,9,8,2,21,23,13,16,15,2,21,10,5,19,10,20,14,5,10,1,13,5,17,25,16,4,14,13,22,6,9,25,19,16,13,3,15,4,9,22,11,16,15,13,22,6,16,17,19,22,10,18,10,1,9,19,14,13,5,15,8,12,1,16,26,22,10,11,13,22,21,17,12,16,17,15,7,3,4,20,3,11,24,11,2,1,13,11,13,3,5,1,17,5,26,17,1,9,17,13,23,17,13,8,19,26,4,18,8,22,16,8,19,22,10,11,15,9,17,20,26,14,9,24,16,14,6,7,16,10,5,26,14,24,8,5,17,14,24,14",5000,100
19,41,351864.6126248325,28.884077635063964,"16,12,6,19,24,7,15,8,9,20,2,18,10,2,4,22,21,23,25,17,23,1,15,26,12,11,13,14,3,25,4,6,5,20,18,3,9,8,2,21,23,13,16,15,2,21,10,5,19,10,20,14,5,10,1,13,5,17,25,16,4,14,13,22,6,9,25,19,16,13,3,15,4,9,22,11,16,15,13,22,6,16,17,19,22,10,18,10,1,9,19,14,13,5,15,8,12,1,16,26,22,10,11,13,22,21,17,12,16,17,15,7,3,4,20,3,11,24,11,2,1,13,11,13,3,5,1,17,5,26,17,1,9,17,13,23,17,13,8,19,26,4,18,8,22,16,8,19,22,10,11,15,9,17,20,26,14,9,24,16,14,6,7,16,10,5,26,14,24,8,5,17,14,24,14",5000,100
19,42,351864.6126248325,28.884077635063964,"16,12,6,19,24,7,15,8,9,20,2,18,10,2,4,22,21,23,25,17,23,1,15,26,12,11,13,14,3,25,4,6,5,20,18,3,9,8,2,21,23,13,16,15,2,21,10,5,19,10,20,14,5,10,1,13,5,17,25,16,4,14,13,22,6,9,25,19,16,13,3,15,4,9,22,11,16,15,13,22,6,16,17,19,22,10,18,10,1,9,19,14,13,5,15,8,12,1,16,26,22,10,11,13,22,21,17,12,16,17,15,7,3,4,20,3,11,24,11,2,1,13,11,13,3,5,1,17,5,26,17,1,9,17,13,23,17,13,8,19,26,4,18,8,22,16,8,19,22,10,11,15,9,17,20,26,14,9,24,16,14,6,7,16,10,5,26,14,24,8,5,17,14,24,14",5000,100
19,43,351864.6126248325,28.884077635063964,"16,12,6,19,24,7,15,8,9,20,2,18,10,2,4,22,21,23,25,17,23,1,15,26,12,11,13,14,3,25,4,6,5,20,18,3,9,8,2,21,23,13,16,15,2,21,10,5,19,10,20,14,5,10,1,13,5,17,25,16,4,14,13,22,6,9,25,19,16,13,3,15,4,9,22,11,16,15,13,22,6,16,17,19,22,10,18,10,1,9,19,14,13,5,15,8,12,1,16,26,22,10,11,13,22,21,17,12,16,17,15,7,3,4,20,3,11,24,11,2,1,13,11,13,3,5,1,17,5,26,17,1,9,17,13,23,17,13,8,19,26,4,18,8,22,16,8,19,22,10,11,15,9,17,20,26,14,9,24,16,14,6,7,16,10,5,26,14,24,8,5,17,14,24,14",5000,100
19,44,351864.6126248325,28.884077635063964,"16,12,6,19,24,7,15,8,9,20,2,18,10,2,4,22,21,23,25,17,23,1,15,26,12,11,13,14,3,25,4,6,5,20,18,3,9,8,2,21,23,13,16,15,2,21,10,5,19,10,20,14,5,10,1,13,5,17,25,16,4,14,13,22,6,9,25,19,16,13,3,15,4,9,22,11,16,15,13,22,6,16,17,19,22,10,18,10,1,9,19,14,13,5,15,8,12,1,16,26,22,10,11,13,22,21,17,12,16,17,15,7,3,4,20,3,11,24,11,2,1,13,11,13,3,5,1,17,5,26,17,1,9,17,13,23,17,13,8,19,26,4,18,8,22,16,8,19,22,10,11,15,9,17,20,26,14,9,24,16,14,6,7,16,10,5,26,14,24,8,5,17,14,24,14",5000,100
19,45,351864.6126248325,28.884077635063964,"16,12,6,19,24,7,15,8,9,20,2,18,10,2,4,22,21,23,25,17,23,1,15,26,12,11,13,14,3,25,4,6,5,20,18,3,9,8,2,21,23,13,16,15,2,21,10,5,19,10,20,14,5,10,1,13,5,17,25,16,4,14,13,22,6,9,25,19,16,13,3,15,4,9,22,11,16,15,13,22,6,16,17,19,22,10,18,10,1,9,19,14,13,5,15,8,12,1,16,26,22,10,11,13,22,21,17,12,16,17,15,7,3,4,20,3,11,24,11,2,1,13,11,13,3,5,1,17,5,26,17,1,9,17,13,23,17,13,8,19,26,4,18,8,22,16,8,19,22,10,11,15,9,17,20,26,14,9,24,16,14,6,7,16,10,5,26,14,24,8,5,17,14,24,14",5000,100
19,46,351864.6126248325,28.884077635063964,"16,12,6,19,24,7,15,8,9,20,2,18,10,2,4,22,21,23,25,17,23,1,15,26,12,11,13,14,3,25,4,6,5,20,18,3,9,8,2,21,23,13,16,15,2,21,10,5,19,10,20,14,5,10,1,13,5,17,25,16,4,14,13,22,6,9,25,19,16,13,3,15,4,9,22,11,16,15,13,22,6,16,17,19,22,10,18,10,1,9,19,14,13,5,15,8,12,1,16,26,22,10,11,13,22,21,17,12,16,17,15,7,3,4,20,3,11,24,11,2,1,13,11,13,3,5,1,17,5,26,17,1,9,17,13,23,17,13,8,19,26,4,18,8,22,16,8,19,22,10,11,15,9,17,20,26,14,9,24,16,14,6,7,16,10,5,26,14,24,8,5,17,14,24,14",5000,100
19,47,351864.6126248325,28.884077635063964,"16,12,6,19,24,7,15,8,9,20,2,18,10,2,4,22,21,23,25,17,23,1,15,26,12,11,13,14,3,25,4,6,5,20,18,3,9,8,2,21,23,13,16,15,2,21,10,5,19,10,20,14,5,10,1,13,5,17,25,16,4,14,13,22,6,9,25,19,16,13,3,15,4,9,22,11,16,15,13,22,6,16,17,19,22,10,18,10,1,9,19,14,13,5,15,8,12,1,16,26,22,10,11,13,22,21,17,12,16,17,15,7,3,4,20,3,11,24,11,2,1,13,11,13,3,5,1,17,5,26,17,1,9,17,13,23,17,13,8,19,26,4,18,8,22,16,8,19,22,10,11,15,9,17,20,26,14,9,24,16,14,6,7,16,10,5,26,14,24,8,5,17,14,24,14",5000,100
19,48,351864.6126248325,28.884077635063964,"16,12,6,19,24,7,15,8,9,20,2,18,10,2,4,22,21,23,25,17,23,1,15,26,12,11,13,14,3,25,4,6,5,20,18,3,9,8,2,21,23,13,16,15,2,21,10,5,19,10,20,14,5,10,1,13,5,17,25,16,4,14,13,22,6,9,25,19,16,13,3,15,4,9,22,11,16,15,13,22,6,16,17,19,22,10,18,10,1,9,19,14,13,5,15,8,12,1,16,26,22,10,11,13,22,21,17,12,16,17,15,7,3,4,20,3,11,24,11,2,1,13,11,13,3,5,1,17,5,26,17,1,9,17,13,23,17,13,8,19,26,4,18,8,22,16,8,19,22,10,11,15,9,17,20,26,14,9,24,16,14,6,7,16,10,5,26,14,24,8,5,17,14,24,14",5000,100
19,49,351864.6126248325,28.884077635063964,"16,12,6,19,24,7,15,8,9,20,2,18,10,2,4,22,21,23,25,17,23,1,15,26,12,11,13,14,3,25,4,6,5,20,18,3,9,8,2,21,23,13,16,15,2,21,10,5,19,10,20,14,5,10,1,13,5,17,25,16,4,14,13,22,6,9,25,19,16,13,3,15,4,9,22,11,16,15,13,22,6,16,17,19,22,10,18,10,1,9,19,14,13,5,15,8,12,1,16,26,22,10,11,13,22,21,17,12,16,17,15,7,3,4,20,3,11,24,11,2,1,13,11,13,3,5,1,17,5,26,17,1,9,17,13,23,17,13,8,19,26,4,18,8,22,16,8,19,22,10,11,15,9,17,20,26,14,9,24,16,14,6,7,16,10,5,26,14,24,8,5,17,14,24,14",5000,100
19,50,351864.6126248325,28.884077635063964,"16,12,6,19,24,7,15,8,9,20,2,18,10,2,4,22,21,23,25,17,23,1,15,26,12,11,13,14,3,25,4,6,5,20,18,3,9,8,2,21,23,13,16,15,2,21,10,5,19,10,20,14,5,10,1,13,5,17,25,16,4,14,13,22,6,9,25,19,16,13,3,15,4,9,22,11,16,15,13,22,6,16,17,19,22,10,18,10,1,9,19,14,13,5,15,8,12,1,16,26,22,10,11,13,22,21,17,12,16,17,15,7,3,4,20,3,11,24,11,2,1,13,11,13,3,5,1,17,5,26,17,1,9,17,13,23,17,13,8,19,26,4,18,8,22,16,8,19,22,10,11,15,9,17,20,26,14,9,24,16,14,6,7,16,10,5,26,14,24,8,5,17,14,24,14",5000,100
19,51,351864.6126248325,28.884077635063964,"16,12,6,19,24,7,15,8,9,20,2,18,10,2,4,22,21,23,25,17,23,1,15,26,12,11,13,14,3,25,4,6,5,20,18,3,9,8,2,21,23,13,16,15,2,21,10,5,19,10,20,14,5,10,1,13,5,17,25,16,4,14,13,22,6,9,25,19,16,13,3,15,4,9,22,11,16,15,13,22,6,16,17,19,22,10,18,10,1,9,19,14,13,5,15,8,12,1,16,26,22,10,11,13,22,21,17,12,16,17,15,7,3,4,20,3,11,24,11,2,1,13,11,13,3,5,1,17,5,26,17,1,9,17,13,23,17,13,8,19,26,4,18,8,22,16,8,19,22,10,11,15,9,17,20,26,14,9,24,16,14,6,7,16,10,5,26,14,24,8,5,17,14,24,14",5000,100
19,52,351864.6126248325,28.884077635063964,"16,12,6,19,24,7,15,8,9,20,2,18,10,2,4,22,21,23,25,17,23,1,15,26,12,11,13,14,3,25,4,6,5,20,18,3,9,8,2,21,23,13,16,15,2,21,10,5,19,10,20,14,5,10,1,13,5,17,25,16,4,14,13,22,6,9,25,19,16,13,3,15,4,9,22,11,16,15,13,22,6,16,17,19,22,10,18,10,1,9,19,14,13,5,15,8,12,1,16,26,22,10,11,13,22,21,17,12,16,17,15,7,3,4,20,3,11,24,11,2,1,13,11,13,3,5,1,17,5,26,17,1,9,17,13,23,17,13,8,19,26,4,18,8,22,16,8,19,22,10,11,15,9,17,20,26,14,9,24,16,14,6,7,16,10,5,26,14,24,8,5,17,14,24,14",5000,100
19,53,351864.6126248325,28.884077635063964,"16,12,6,19,24,7,15,8,9,20,2,18,10,2,4,22,21,23,25,17,23,1,15,26,12,11,13,14,3,25,4,6,5,20,18,3,9,8,2,21,23,13,16,15,2,21,10,5,19,10,20,14,5,10,1,13,5,17,25,16,4,14,13,22,6,9,25,19,16,13,3,15,4,9,22,11,16,15,13,22,6,16,17,19,22,10,18,10,1,9,19,14,13,5,15,8,12,1,16,26,22,10,11,13,22,21,17,12,16,17,15,7,3,4,20,3,11,24,11,2,1,13,11,13,3,5,1,17,5,26,17,1,9,17,13,23,17,13,8,19,26,4,18,8,22,16,8,19,22,10,11,15,9,17,20,26,14,9,24,16,14,6,7,16,10,5,26,14,24,8,5,17,14,24,14",5000,100
19,54,351864.6126248325,28.884077635063964,"16,12,6,19,24,7,15,8,9,20,2,18,10,2,4,22,21,23,25,17,23,1,15,26,12,11,13,14,3,25,4,6,5,20,18,3,9,8,2,21,23,13,16,15,2,21,10,5,19,10,20,14,5,10,1,13,5,17,25,16,4,14,13,22,6,9,25,19,16,13,3,15,4,9,22,11,16,15,13,22,6,16,17,19,22,10,18,10,1,9,19,14,13,5,15,8,12,1,16,26,22,10,11,13,22,21,17,12,16,17,15,7,3,4,20,3,11,24,11,2,1,13,11,13,3,5,1,17,5,26,17,1,9,17,13,23,17,13,8,19,26,4,18,8,22,16,8,19,22,10,11,15,9,17,20,26,14,9,24,16,14,6,7,16,10,5,26,14,24,8,5,17,14,24,14",5000,100
19,55,351864.6126248325,28.884077635063964,"16,12,6,19,24,7,15,8,9,20,2,18,10,2,4,22,21,23,25,17,23,1,15,26,12,11,13,14,3,25,4,6,5,20,18,3,9,8,2,21,23,13,16,15,2,21,10,5,19,10,20,14,5,10,1,13,5,17,25,16,4,14,13,22,6,9,25,19,16,13,3,15,4,9,22,11,16,15,13,22,6,16,17,19,22,10,18,10,1,9,19,14,13,5,15,8,12,1,16,26,22,10,11,13,22,21,17,12,16,17,15,7,3,4,20,3,11,24,11,2,1,13,11,13,3,5,1,17,5,26,17,1,9,17,13,23,17,13,8,19,26,4,18,8,22,16,8,19,22,10,11,15,9,17,20,26,14,9,24,16,14,6,7,16,10,5,26,14,24,8,5,17,14,24,14",5000,100
19,56,351864.6126248325,28.884077635063964,"16,12,6,19,24,7,15,8,9,20,2,18,10,2,4,22,21,23,25,17,23,1,15,26,12,11,13,14,3,25,4,6,5,20,18,3,9,8,2,21,23,13,16,15,2,21,10,5,19,10,20,14,5,10,1,13,5,17,25,16,4,14,13,22,6,9,25,19,16,13,3,15,4,9,22,11,16,15,13,22,6,16,17,19,22,10,18,10,1,9,19,14,13,5,15,8,12,1,16,26,22,10,11,13,22,21,17,12,16,17,15,7,3,4,20,3,11,24,11,2,1,13,11,13,3,5,1,17,5,26,17,1,9,17,13,23,17,13,8,19,26,4,18,8,22,16,8,19,22,10,11,15,9,17,20,26,14,9,24,16,14,6,7,16,10,5,26,14,24,8,5,17,14,24,14",5000,100
19,57,351864.6126248325,28.884077635063964,"16,12,6,19,24,7,15,8,9,20,2,18,10,2,4,22,21,23,25,17,23,1,15,26,12,11,13,14,3,25,4,6,5,20,18,3,9,8,2,21,23,13,16,15,2,21,10,5,19,10,20,14,5,10,1,13,5,17,25,16,4,14,13,22,6,9,25,19,16,13,3,15,4,9,22,11,16,15,13,22,6,16,17,19,22,10,18,10,1,9,19,14,13,5,15,8,12,1,16,26,22,10,11,13,22,21,17,12,16,17,15,7,3,4,20,3,11,24,11,2,1,13,11,13,3,5,1,17,5,26,17,1,9,17,13,23,17,13,8,19,26,4,18,8,22,16,8,19,22,10,11,15,9,17,20,26,14,9,24,16,14,6,7,16,10,5,26,14,24,8,5,17,14,24,14",5000,100
19,58,351864.6126248325,28.884077635063964,"16,12,6,19,24,7,15,8,9,20,2,18,10,2,4,22,21,23,25,17,23,1,15,26,12,11,13,14,3,25,4,6,5,20,18,3,9,8,2,21,23,13,16,15,2,21,10,5,19,10,20,14,5,10,1,13,5,17,25,16,4,14,13,22,6,9,25,19,16,13,3,15,4,9,22,11,16,15,13,22,6,16,17,19,22,10,18,10,1,9,19,14,13,5,15,8,12,1,16,26,22,10,11,13,22,21,17,12,16,17,15,7,3,4,20,3,11,24,11,2,1,13,11,13,3,5,1,17,5,26,17,1,9,17,13,23,17,13,8,19,26,4,18,8,22,16,8,19,22,10,11,15,9,17,20,26,14,9,24,16,14,6,7,16,10,5,26,14,24,8,5,17,14,24,14",5000,100
19,59,351864.6126248325,28.884077635063964,"16,12,6,19,24,7,15,8,9,20,2,18,10,2,4,22,21,23,25,17,23,1,15,26,12,11,13,14,3,25,4,6,5,20,18,3,9,8,2,21,23,13,16,15,2,21,10,5,19,10,20,14,5,10,1,13,5,17,25,16,4,14,13,22,6,9,25,19,16,13,3,15,4,9,22,11,16,15,13,22,6,16,17,19,22,10,18,10,1,9,19,14,13,5,15,8,12,1,16,26,22,10,11,13,22,21,17,12,16,17,15,7,3,4,20,3,11,24,11,2,1,13,11,13,3,5,1,17,5,26,17,1,9,17,13,23,17,13,8,19,26,4,18,8,22,16,8,19,22,10,11,15,9,17,20,26,14,9,24,16,14,6,7,16,10,5,26,14,24,8,5,17,14,24,14",5000,100
19,60,351864.6126248325,28.884077635063964,"16,12,6,19,24,7,15,8,9,20,2,18,10,2,4,22,21,23,25,17,23,1,15,26,12,11,13,14,3,25,4,6,5,20,18,3,9,8,2,21,23,13,16,15,2,21,10,5,19,10,20,14,5,10,1,13,5,17,25,16,4,14,13,22,6,9,25,19,16,13,3,15,4,9,22,11,16,15,13,22,6,16,17,19,22,10,18,10,1,9,19,14,13,5,15,8,12,1,16,26,22,10,11,13,22,21,17,12,16,17,15,7,3,4,20,3,11,24,11,2,1,13,11,13,3,5,1,17,5,26,17,1,9,17,13,23,17,13,8,19,26,4,18,8,22,16,8,19,22,10,11,15,9,17,20,26,14,9,24,16,14,6,7,16,10,5,26,14,24,8,5,17,14,24,14",5000,100
19,61,351864.6126248325,28.884077635063964,"16,12,6,19,24,7,15,8,9,20,2,18,10,2,4,22,21,23,25,17,23,1,15,26,12,11,13,14,3,25,4,6,5,20,18,3,9,8,2,21,23,13,16,15,2,21,10,5,19,10,20,14,5,10,1,13,5,17,25,16,4,14,13,22,6,9,25,19,16,13,3,15,4,9,22,11,16,15,13,22,6,16,17,19,22,10,18,10,1,9,19,14,13,5,15,8,12,1,16,26,22,10,11,13,22,21,17,12,16,17,15,7,3,4,20,3,11,24,11,2,1,13,11,13,3,5,1,17,5,26,17,1,9,17,13,23,17,13,8,19,26,4,18,8,22,16,8,19,22,10,11,15,9,17,20,26,14,9,24,16,14,6,7,16,10,5,26,14,24,8,5,17,14,24,14",5000,100
19,62,351864.6126248325,28.884077635063964,"16,12,6,19,24,7,15,8,9,20,2,18,10,2,4,22,21,23,25,17,23,1,15,26,12,11,13,14,3,25,4,6,5,20,18,3,9,8,2,21,23,13,16,15,2,21,10,5,19,10,20,14,5,10,1,13,5,17,25,16,4,14,13,22,6,9,25,19,16,13,3,15,4,9,22,11,16,15,13,22,6,16,17,19,22,10,18,10,1,9,19,14,13,5,15,8,12,1,16,26,22,10,11,13,22,21,17,12,16,17,15,7,3,4,20,3,11,24,11,2,1,13,11,13,3,5,1,17,5,26,17,1,9,17,13,23,17,13,8,19,26,4,18,8,22,16,8,19,22,10,11,15,9,17,20,26,14,9,24,16,14,6,7,16,10,5,26,14,24,8,5,17,14,24,14",5000,100
19,63,351864.6126248325,28.884077635063964,"16,12,6,19,24,7,15,8,9,20,2,18,10,2,4,22,21,23,25,17,23,1,15,26,12,11,13,14,3,25,4,6,5,20,18,3,9,8,2,21,23,13,16,15,2,21,10,5,19,10,20,14,5,10,1,13,5,17,25,16,4,14,13,22,6,9,25,19,16,13,3,15,4,9,22,11,16,15,13,22,6,16,17,19,22,10,18,10,1,9,19,14,13,5,15,8,12,1,16,26,22,10,11,13,22,21,17,12,16,17,15,7,3,4,20,3,11,24,11,2,1,13,11,13,3,5,1,17,5,26,17,1,9,17,13,23,17,13,8,19,26,4,18,8,22,16,8,19,22,10,11,15,9,17,20,26,14,9,24,16,14,6,7,16,10,5,26,14,24,8,5,17,14,24,14",5000,100
19,64,351864.6126248325,28.884077635063964,"16,12,6,19,24,7,15,8,9,20,2,18,10,2,4,22,21,23,25,17,23,1,15,26,12,11,13,14,3,25,4,6,5,20,18,3,9,8,2,21,23,13,16,15,2,21,10,5,19,10,20,14,5,10,1,13,5,17,25,16,4,14,13,22,6,9,25,19,16,13,3,15,4,9,22,11,16,15,13,22,6,16,17,19,22,10,18,10,1,9,19,14,13,5,15,8,12,1,16,26,22,10,11,13,22,21,17,12,16,17,15,7,3,4,20,3,11,24,11,2,1,13,11,13,3,5,1,17,5,26,17,1,9,17,13,23,17,13,8,19,26,4,18,8,22,16,8,19,22,10,11,15,9,17,20,26,14,9,24,16,14,6,7,16,10,5,26,14,24,8,5,17,14,24,14",5000,100
19,65,351864.6126248325,28.884077635063964,"16,12,6,19,24,7,15,8,9,20,2,18,10,2,4,22,21,23,25,17,23,1,15,26,12,11,13,14,3,25,4,6,5,20,18,3,9,8,2,21,23,13,16,15,2,21,10,5,19,10,20,14,5,10,1,13,5,17,25,16,4,14,13,22,6,9,25,19,16,13,3,15,4,9,22,11,16,15,13,22,6,16,17,19,22,10,18,10,1,9,19,14,13,5,15,8,12,1,16,26,22,10,11,13,22,21,17,12,16,17,15,7,3,4,20,3,11,24,11,2,1,13,11,13,3,5,1,17,5,26,17,1,9,17,13,23,17,13,8,19,26,4,18,8,22,16,8,19,22,10,11,15,9,17,20,26,14,9,24,16,14,6,7,16,10,5,26,14,24,8,5,17,14,24,14",5000,100
19,66,351864.6126248325,28.884077635063964,"16,12,6,19,24,7,15,8,9,20,2,18,10,2,4,22,21,23,25,17,23,1,15,26,12,11,13,14,3,25,4,6,5,20,18,3,9,8,2,21,23,13,16,15,2,21,10,5,19,10,20,14,5,10,1,13,5,17,25,16,4,14,13,22,6,9,25,19,16,13,3,15,4,9,22,11,16,15,13,22,6,16,17,19,22,10,18,10,1,9,19,14,13,5,15,8,12,1,16,26,22,10,11,13,22,21,17,12,16,17,15,7,3,4,20,3,11,24,11,2,1,13,11,13,3,5,1,17,5,26,17,1,9,17,13,23,17,13,8,19,26,4,18,8,22,16,8,19,22,10,11,15,9,17,20,26,14,9,24,16,14,6,7,16,10,5,26,14,24,8,5,17,14,24,14",5000,100
19,67,351864.6126248325,28.884077635063964,"16,12,6,19,24,7,15,8,9,20,2,18,10,2,4,22,21,23,25,17,23,1,15,26,12,11,13,14,3,25,4,6,5,20,18,3,9,8,2,21,23,13,16,15,2,21,10,5,19,10,20,14,5,10,1,13,5,17,25,16,4,14,13,22,6,9,25,19,16,13,3,15,4,9,22,11,16,15,13,22,6,16,17,19,22,10,18,10,1,9,19,14,13,5,15,8,12,1,16,26,22,10,11,13,22,21,17,12,16,17,15,7,3,4,20,3,11,24,11,2,1,13,11,13,3,5,1,17,5,26,17,1,9,17,13,23,17,13,8,19,26,4,18,8,22,16,8,19,22,10,11,15,9,17,20,26,14,9,24,16,14,6,7,16,10,5,26,14,24,8,5,17,14,24,14",5000,100
19,68,351864.6126248325,28.884077635063964,"16,12,6,19,24,7,15,8,9,20,2,18,10,2,4,22,21,23,25,17,23,1,15,26,12,11,13,14,3,25,4,6,5,20,18,3,9,8,2,21,23,13,16,15,2,21,10,5,19,10,20,14,5,10,1,13,5,17,25,16,4,14,13,22,6,9,25,19,16,13,3,15,4,9,22,11,16,15,13,22,6,16,17,19,22,10,18,10,1,9,19,14,13,5,15,8,12,1,16,26,22,10,11,13,22,21,17,12,16,17,15,7,3,4,20,3,11,24,11,2,1,13,11,13,3,5,1,17,5,26,17,1,9,17,13,23,17,13,8,19,26,4,18,8,22,16,8,19,22,10,11,15,9,17,20,26,14,9,24,16,14,6,7,16,10,5,26,14,24,8,5,17,14,24,14",5000,100
19,69,351864.6126248325,28.884077635063964,"16,12,6,19,24,7,15,8,9,20,2,18,10,2,4,22,21,23,25,17,23,1,15,26,12,11,13,14,3,25,4,6,5,20,18,3,9,8,2,21,23,13,16,15,2,21,10,5,19,10,20,14,5,10,1,13,5,17,25,16,4,14,13,22,6,9,25,19,16,13,3,15,4,9,22,11,16,15,13,22,6,16,17,19,22,10,18,10,1,9,19,14,13,5,15,8,12,1,16,26,22,10,11,13,22,21,17,12,16,17,15,7,3,4,20,3,11,24,11,2,1,13,11,13,3,5,1,17,5,26,17,1,9,17,13,23,17,13,8,19,26,4,18,8,22,16,8,19,22,10,11,15,9,17,20,26,14,9,24,16,14,6,7,16,10,5,26,14,24,8,5,17,14,24,14",5000,100
19,70,351864.6126248325,28.884077635063964,"16,12,6,19,24,7,15,8,9,20,2,18,10,2,4,22,21,23,25,17,23,1,15,26,12,11,13,14,3,25,4,6,5,20,18,3,9,8,2,21,23,13,16,15,2,21,10,5,19,10,20,14,5,10,1,13,5,17,25,16,4,14,13,22,6,9,25,19,16,13,3,15,4,9,22,11,16,15,13,22,6,16,17,19,22,10,18,10,1,9,19,14,13,5,15,8,12,1,16,26,22,10,11,13,22,21,17,12,16,17,15,7,3,4,20,3,11,24,11,2,1,13,11,13,3,5,1,17,5,26,17,1,9,17,13,23,17,13,8,19,26,4,18,8,22,16,8,19,22,10,11,15,9,17,20,26,14,9,24,16,14,6,7,16,10,5,26,14,24,8,5,17,14,24,14",5000,100
19,71,351864.6126248325,28.884077635063964,"16,12,6,19,24,7,15,8,9,20,2,18,10,2,4,22,21,23,25,17,23,1,15,26,12,11,13,14,3,25,4,6,5,20,18,3,9,8,2,21,23,13,16,15,2,21,10,5,19,10,20,14,5,10,1,13,5,17,25,16,4,14,13,22,6,9,25,19,16,13,3,15,4,9,22,11,16,15,13,22,6,16,17,19,22,10,18,10,1,9,19,14,13,5,15,8,12,1,16,26,22,10,11,13,22,21,17,12,16,17,15,7,3,4,20,3,11,24,11,2,1,13,11,13,3,5,1,17,5,26,17,1,9,17,13,23,17,13,8,19,26,4,18,8,22,16,8,19,22,10,11,15,9,17,20,26,14,9,24,16,14,6,7,16,10,5,26,14,24,8,5,17,14,24,14",5000,100
19,72,351864.6126248325,28.884077635063964,"16,12,6,19,24,7,15,8,9,20,2,18,10,2,4,22,21,23,25,17,23,1,15,26,12,11,13,14,3,25,4,6,5,20,18,3,9,8,2,21,23,13,16,15,2,21,10,5,19,10,20,14,5,10,1,13,5,17,25,16,4,14,13,22,6,9,25,19,16,13,3,15,4,9,22,11,16,15,13,22,6,16,17,19,22,10,18,10,1,9,19,14,13,5,15,8,12,1,16,26,22,10,11,13,22,21,17,12,16,17,15,7,3,4,20,3,11,24,11,2,1,13,11,13,3,5,1,17,5,26,17,1,9,17,13,23,17,13,8,19,26,4,18,8,22,16,8,19,22,10,11,15,9,17,20,26,14,9,24,16,14,6,7,16,10,5,26,14,24,8,5,17,14,24,14",5000,100
19,73,351864.6126248325,28.884077635063964,"16,12,6,19,24,7,15,8,9,20,2,18,10,2,4,22,21,23,25,17,23,1,15,26,12,11,13,14,3,25,4,6,5,20,18,3,9,8,2,21,23,13,16,15,2,21,10,5,19,10,20,14,5,10,1,13,5,17,25,16,4,14,13,22,6,9,25,19,16,13,3,15,4,9,22,11,16,15,13,22,6,16,17,19,22,10,18,10,1,9,19,14,13,5,15,8,12,1,16,26,22,10,11,13,22,21,17,12,16,17,15,7,3,4,20,3,11,24,11,2,1,13,11,13,3,5,1,17,5,26,17,1,9,17,13,23,17,13,8,19,26,4,18,8,22,16,8,19,22,10,11,15,9,17,20,26,14,9,24,16,14,6,7,16,10,5,26,14,24,8,5,17,14,24,14",5000,100
19,74,351864.6126248325,28.884077635063964,"16,12,6,19,24,7,15,8,9,20,2,18,10,2,4,22,21,23,25,17,23,1,15,26,12,11,13,14,3,25,4,6,5,20,18,3,9,8,2,21,23,13,16,15,2,21,10,5,19,10,20,14,5,10,1,13,5,17,25,16,4,14,13,22,6,9,25,19,16,13,3,15,4,9,22,11,16,15,13,22,6,16,17,19,22,10,18,10,1,9,19,14,13,5,15,8,12,1,16,26,22,10,11,13,22,21,17,12,16,17,15,7,3,4,20,3,11,24,11,2,1,13,11,13,3,5,1,17,5,26,17,1,9,17,13,23,17,13,8,19,26,4,18,8,22,16,8,19,22,10,11,15,9,17,20,26,14,9,24,16,14,6,7,16,10,5,26,14,24,8,5,17,14,24,14",5000,100
19,75,351864.6126248325,28.884077635063964,"16,12,6,19,24,7,15,8,9,20,2,18,10,2,4,22,21,23,25,17,23,1,15,26,12,11,13,14,3,25,4,6,5,20,18,3,9,8,2,21,23,13,16,15,2,21,10,5,19,10,20,14,5,10,1,13,5,17,25,16,4,14,13,22,6,9,25,19,16,13,3,15,4,9,22,11,16,15,13,22,6,16,17,19,22,10,18,10,1,9,19,14,13,5,15,8,12,1,16,26,22,10,11,13,22,21,17,12,16,17,15,7,3,4,20,3,11,24,11,2,1,13,11,13,3,5,1,17,5,26,17,1,9,17,13,23,17,13,8,19,26,4,18,8,22,16,8,19,22,10,11,15,9,17,20,26,14,9,24,16,14,6,7,16,10,5,26,14,24,8,5,17,14,24,14",5000,100
19,76,351864.6126248325,28.884077635063964,"16,12,6,19,24,7,15,8,9,20,2,18,10,2,4,22,21,23,25,17,23,1,15,26,12,11,13,14,3,25,4,6,5,20,18,3,9,8,2,21,23,13,16,15,2,21,10,5,19,10,20,14,5,10,1,13,5,17,25,16,4,14,13,22,6,9,25,19,16,13,3,15,4,9,22,11,16,15,13,22,6,16,17,19,22,10,18,10,1,9,19,14,13,5,15,8,12,1,16,26,22,10,11,13,22,21,17,12,16,17,15,7,3,4,20,3,11,24,11,2,1,13,11,13,3,5,1,17,5,26,17,1,9,17,13,23,17,13,8,19,26,4,18,8,22,16,8,19,22,10,11,15,9,17,20,26,14,9,24,16,14,6,7,16,10,5,26,14,24,8,5,17,14,24,14",5000,100
19,77,351864.6126248325,28.884077635063964,"16,12,6,19,24,7,15,8,9,20,2,18,10,2,4,22,21,23,25,17,23,1,15,26,12,11,13,14,3,25,4,6,5,20,18,3,9,8,2,21,23,13,16,15,2,21,10,5,19,10,20,14,5,10,1,13,5,17,25,16,4,14,13,22,6,9,25,19,16,13,3,15,4,9,22,11,16,15,13,22,6,16,17,19,22,10,18,10,1,9,19,14,13,5,15,8,12,1,16,26,22,10,11,13,22,21,17,12,16,17,15,7,3,4,20,3,11,24,11,2,1,13,11,13,3,5,1,17,5,26,17,1,9,17,13,23,17,13,8,19,26,4,18,8,22,16,8,19,22,10,11,15,9,17,20,26,14,9,24,16,14,6,7,16,10,5,26,14,24,8,5,17,14,24,14",5000,100
19,78,351864.6126248325,28.884077635063964,"16,12,6,19,24,7,15,8,9,20,2,18,10,2,4,22,21,23,25,17,23,1,15,26,12,11,13,14,3,25,4,6,5,20,18,3,9,8,2,21,23,13,16,15,2,21,10,5,19,10,20,14,5,10,1,13,5,17,25,16,4,14,13,22,6,9,25,19,16,13,3,15,4,9,22,11,16,15,13,22,6,16,17,19,22,10,18,10,1,9,19,14,13,5,15,8,12,1,16,26,22,10,11,13,22,21,17,12,16,17,15,7,3,4,20,3,11,24,11,2,1,13,11,13,3,5,1,17,5,26,17,1,9,17,13,23,17,13,8,19,26,4,18,8,22,16,8,19,22,10,11,15,9,17,20,26,14,9,24,16,14,6,7,16,10,5,26,14,24,8,5,17,14,24,14",5000,100
19,79,351864.6126248325,28.884077635063964,"16,12,6,19,24,7,15,8,9,20,2,18,10,2,4,22,21,23,25,17,23,1,15,26,12,11,13,14,3,25,4,6,5,20,18,3,9,8,2,21,23,13,16,15,2,21,10,5,19,10,20,14,5,10,1,13,5,17,25,16,4,14,13,22,6,9,25,19,16,13,3,15,4,9,22,11,16,15,13,22,6,16,17,19,22,10,18,10,1,9,19,14,13,5,15,8,12,1,16,26,22,10,11,13,22,21,17,12,16,17,15,7,3,4,20,3,11,24,11,2,1,13,11,13,3,5,1,17,5,26,17,1,9,17,13,23,17,13,8,19,26,4,18,8,22,16,8,19,22,10,11,15,9,17,20,26,14,9,24,16,14,6,7,16,10,5,26,14,24,8,5,17,14,24,14",5000,100
19,80,351864.6126248325,28.884077635063964,"16,12,6,19,24,7,15,8,9,20,2,18,10,2,4,22,21,23,25,17,23,1,15,26,12,11,13,14,3,25,4,6,5,20,18,3,9,8,2,21,23,13,16,15,2,21,10,5,19,10,20,14,5,10,1,13,5,17,25,16,4,14,13,22,6,9,25,19,16,13,3,15,4,9,22,11,16,15,13,22,6,16,17,19,22,10,18,10,1,9,19,14,13,5,15,8,12,1,16,26,22,10,11,13,22,21,17,12,16,17,15,7,3,4,20,3,11,24,11,2,1,13,11,13,3,5,1,17,5,26,17,1,9,17,13,23,17,13,8,19,26,4,18,8,22,16,8,19,22,10,11,15,9,17,20,26,14,9,24,16,14,6,7,16,10,5,26,14,24,8,5,17,14,24,14",5000,100
19,81,351864.6126248325,28.884077635063964,"16,12,6,19,24,7,15,8,9,20,2,18,10,2,4,22,21,23,25,17,23,1,15,26,12,11,13,14,3,25,4,6,5,20,18,3,9,8,2,21,23,13,16,15,2,21,10,5,19,10,20,14,5,10,1,13,5,17,25,16,4,14,13,22,6,9,25,19,16,13,3,15,4,9,22,11,16,15,13,22,6,16,17,19,22,10,18,10,1,9,19,14,13,5,15,8,12,1,16,26,22,10,11,13,22,21,17,12,16,17,15,7,3,4,20,3,11,24,11,2,1,13,11,13,3,5,1,17,5,26,17,1,9,17,13,23,17,13,8,19,26,4,18,8,22,16,8,19,22,10,11,15,9,17,20,26,14,9,24,16,14,6,7,16,10,5,26,14,24,8,5,17,14,24,14",5000,100
19,82,351864.6126248325,28.884077635063964,"16,12,6,19,24,7,15,8,9,20,2,18,10,2,4,22,21,23,25,17,23,1,15,26,12,11,13,14,3,25,4,6,5,20,18,3,9,8,2,21,23,13,16,15,2,21,10,5,19,10,20,14,5,10,1,13,5,17,25,16,4,14,13,22,6,9,25,19,16,13,3,15,4,9,22,11,16,15,13,22,6,16,17,19,22,10,18,10,1,9,19,14,13,5,15,8,12,1,16,26,22,10,11,13,22,21,17,12,16,17,15,7,3,4,20,3,11,24,11,2,1,13,11,13,3,5,1,17,5,26,17,1,9,17,13,23,17,13,8,19,26,4,18,8,22,16,8,19,22,10,11,15,9,17,20,26,14,9,24,16,14,6,7,16,10,5,26,14,24,8,5,17,14,24,14",5000,100
19,83,351864.6126248325,28.884077635063964,"16,12,6,19,24,7,15,8,9,20,2,18,10,2,4,22,21,23,25,17,23,1,15,26,12,11,13,14,3,25,4,6,5,20,18,3,9,8,2,21,23,13,16,15,2,21,10,5,19,10,20,14,5,10,1,13,5,17,25,16,4,14,13,22,6,9,25,19,16,13,3,15,4,9,22,11,16,15,13,22,6,16,17,19,22,10,18,10,1,9,19,14,13,5,15,8,12,1,16,26,22,10,11,13,22,21,17,12,16,17,15,7,3,4,20,3,11,24,11,2,1,13,11,13,3,5,1,17,5,26,17,1,9,17,13,23,17,13,8,19,26,4,18,8,22,16,8,19,22,10,11,15,9,17,20,26,14,9,24,16,14,6,7,16,10,5,26,14,24,8,5,17,14,24,14",5000,100
19,84,351864.6126248325,28.884077635063964,"16,12,6,19,24,7,15,8,9,20,2,18,10,2,4,22,21,23,25,17,23,1,15,26,12,11,13,14,3,25,4,6,5,20,18,3,9,8,2,21,23,13,16,15,2,21,10,5,19,10,20,14,5,10,1,13,5,17,25,16,4,14,13,22,6,9,25,19,16,13,3,15,4,9,22,11,16,15,13,22,6,16,17,19,22,10,18,10,1,9,19,14,13,5,15,8,12,1,16,26,22,10,11,13,22,21,17,12,16,17,15,7,3,4,20,3,11,24,11,2,1,13,11,13,3,5,1,17,5,26,17,1,9,17,13,23,17,13,8,19,26,4,18,8,22,16,8,19,22,10,11,15,9,17,20,26,14,9,24,16,14,6,7,16,10,5,26,14,24,8,5,17,14,24,14",5000,100
19,85,351864.6126248325,28.884077635063964,"16,12,6,19,24,7,15,8,9,20,2,18,10,2,4,22,21,23,25,17,23,1,15,26,12,11,13,14,3,25,4,6,5,20,18,3,9,8,2,21,23,13,16,15,2,21,10,5,19,10,20,14,5,10,1,13,5,17,25,16,4,14,13,22,6,9,25,19,16,13,3,15,4,9,22,11,16,15,13,22,6,16,17,19,22,10,18,10,1,9,19,14,13,5,15,8,12,1,16,26,22,10,11,13,22,21,17,12,16,17,15,7,3,4,20,3,11,24,11,2,1,13,11,13,3,5,1,17,5,26,17,1,9,17,13,23,17,13,8,19,26,4,18,8,22,16,8,19,22,10,11,15,9,17,20,26,14,9,24,16,14,6,7,16,10,5,26,14,24,8,5,17,14,24,14",5000,100
19,86,351864.6126248325,28.884077635063964,"16,12,6,19,24,7,15,8,9,20,2,18,10,2,4,22,21,23,25,17,23,1,15,26,12,11,13,14,3,25,4,6,5,20,18,3,9,8,2,21,23,13,16,15,2,21,10,5,19,10,20,14,5,10,1,13,5,17,25,16,4,14,13,22,6,9,25,19,16,13,3,15,4,9,22,11,16,15,13,22,6,16,17,19,22,10,18,10,1,9,19,14,13,5,15,8,12,1,16,26,22,10,11,13,22,21,17,12,16,17,15,7,3,4,20,3,11,24,11,2,1,13,11,13,3,5,1,17,5,26,17,1,9,17,13,23,17,13,8,19,26,4,18,8,22,16,8,19,22,10,11,15,9,17,20,26,14,9,24,16,14,6,7,16,10,5,26,14,24,8,5,17,14,24,14",5000,100
19,87,351864.6126248325,28.884077635063964,"16,12,6,19,24,7,15,8,9,20,2,18,10,2,4,22,21,23,25,17,23,1,15,26,12,11,13,14,3,25,4,6,5,20,18,3,9,8,2,21,23,13,16,15,2,21,10,5,19,10,20,14,5,10,1,13,5,17,25,16,4,14,13,22,6,9,25,19,16,13,3,15,4,9,22,11,16,15,13,22,6,16,17,19,22,10,18,10,1,9,19,14,13,5,15,8,12,1,16,26,22,10,11,13,22,21,17,12,16,17,15,7,3,4,20,3,11,24,11,2,1,13,11,13,3,5,1,17,5,26,17,1,9,17,13,23,17,13,8,19,26,4,18,8,22,16,8,19,22,10,11,15,9,17,20,26,14,9,24,16,14,6,7,16,10,5,26,14,24,8,5,17,14,24,14",5000,100
19,88,351864.6126248325,28.884077635063964,"16,12,6,19,24,7,15,8,9,20,2,18,10,2,4,22,21,23,25,17,23,1,15,26,12,11,13,14,3,25,4,6,5,20,18,3,9,8,2,21,23,13,16,15,2,21,10,5,19,10,20,14,5,10,1,13,5,17,25,16,4,14,13,22,6,9,25,19,16,13,3,15,4,9,22,11,16,15,13,22,6,16,17,19,22,10,18,10,1,9,19,14,13,5,15,8,12,1,16,26,22,10,11,13,22,21,17,12,16,17,15,7,3,4,20,3,11,24,11,2,1,13,11,13,3,5,1,17,5,26,17,1,9,17,13,23,17,13,8,19,26,4,18,8,22,16,8,19,22,10,11,15,9,17,20,26,14,9,24,16,14,6,7,16,10,5,26,14,24,8,5,17,14,24,14",5000,100
19,89,351864.6126248325,28.884077635063964,"16,12,6,19,24,7,15,8,9,20,2,18,10,2,4,22,21,23,25,17,23,1,15,26,12,11,13,14,3,25,4,6,5,20,18,3,9,8,2,21,23,13,16,15,2,21,10,5,19,10,20,14,5,10,1,13,5,17,25,16,4,14,13,22,6,9,25,19,16,13,3,15,4,9,22,11,16,15,13,22,6,16,17,19,22,10,18,10,1,9,19,14,13,5,15,8,12,1,16,26,22,10,11,13,22,21,17,12,16,17,15,7,3,4,20,3,11,24,11,2,1,13,11,13,3,5,1,17,5,26,17,1,9,17,13,23,17,13,8,19,26,4,18,8,22,16,8,19,22,10,11,15,9,17,20,26,14,9,24,16,14,6,7,16,10,5,26,14,24,8,5,17,14,24,14",5000,100
19,90,351864.6126248325,28.884077635063964,"16,12,6,19,24,7,15,8,9,20,2,18,10,2,4,22,21,23,25,17,23,1,15,26,12,11,13,14,3,25,4,6,5,20,18,3,9,8,2,21,23,13,16,15,2,21,10,5,19,10,20,14,5,10,1,13,5,17,25,16,4,14,13,22,6,9,25,19,16,13,3,15,4,9,22,11,16,15,13,22,6,16,17,19,22,10,18,10,1,9,19,14,13,5,15,8,12,1,16,26,22,10,11,13,22,21,17,12,16,17,15,7,3,4,20,3,11,24,11,2,1,13,11,13,3,5,1,17,5,26,17,1,9,17,13,23,17,13,8,19,26,4,18,8,22,16,8,19,22,10,11,15,9,17,20,26,14,9,24,16,14,6,7,16,10,5,26,14,24,8,5,17,14,24,14",5000,100
19,91,351864.6126248325,28.884077635063964,"16,12,6,19,24,7,15,8,9,20,2,18,10,2,4,22,21,23,25,17,23,1,15,26,12,11,13,14,3,25,4,6,5,20,18,3,9,8,2,21,23,13,16,15,2,21,10,5,19,10,20,14,5,10,1,13,5,17,25,16,4,14,13,22,6,9,25,19,16,13,3,15,4,9,22,11,16,15,13,22,6,16,17,19,22,10,18,10,1,9,19,14,13,5,15,8,12,1,16,26,22,10,11,13,22,21,17,12,16,17,15,7,3,4,20,3,11,24,11,2,1,13,11,13,3,5,1,17,5,26,17,1,9,17,13,23,17,13,8,19,26,4,18,8,22,16,8,19,22,10,11,15,9,17,20,26,14,9,24,16,14,6,7,16,10,5,26,14,24,8,5,17,14,24,14",5000,100
19,92,351864.6126248325,28.884077635063964,"16,12,6,19,24,7,15,8,9,20,2,18,10,2,4,22,21,23,25,17,23,1,15,26,12,11,13,14,3,25,4,6,5,20,18,3,9,8,2,21,23,13,16,15,2,21,10,5,19,10,20,14,5,10,1,13,5,17,25,16,4,14,13,22,6,9,25,19,16,13,3,15,4,9,22,11,16,15,13,22,6,16,17,19,22,10,18,10,1,9,19,14,13,5,15,8,12,1,16,26,22,10,11,13,22,21,17,12,16,17,15,7,3,4,20,3,11,24,11,2,1,13,11,13,3,5,1,17,5,26,17,1,9,17,13,23,17,13,8,19,26,4,18,8,22,16,8,19,22,10,11,15,9,17,20,26,14,9,24,16,14,6,7,16,10,5,26,14,24,8,5,17,14,24,14",5000,100
19,93,351864.6126248325,28.884077635063964,"16,12,6,19,24,7,15,8,9,20,2,18,10,2,4,22,21,23,25,17,23,1,15,26,12,11,13,14,3,25,4,6,5,20,18,3,9,8,2,21,23,13,16,15,2,21,10,5,19,10,20,14,5,10,1,13,5,17,25,16,4,14,13,22,6,9,25,19,16,13,3,15,4,9,22,11,16,15,13,22,6,16,17,19,22,10,18,10,1,9,19,14,13,5,15,8,12,1,16,26,22,10,11,13,22,21,17,12,16,17,15,7,3,4,20,3,11,24,11,2,1,13,11,13,3,5,1,17,5,26,17,1,9,17,13,23,17,13,8,19,26,4,18,8,22,16,8,19,22,10,11,15,9,17,20,26,14,9,24,16,14,6,7,16,10,5,26,14,24,8,5,17,14,24,14",5000,100
19,94,351864.6126248325,28.884077635063964,"16,12,6,19,24,7,15,8,9,20,2,18,10,2,4,22,21,23,25,17,23,1,15,26,12,11,13,14,3,25,4,6,5,20,18,3,9,8,2,21,23,13,16,15,2,21,10,5,19,10,20,14,5,10,1,13,5,17,25,16,4,14,13,22,6,9,25,19,16,13,3,15,4,9,22,11,16,15,13,22,6,16,17,19,22,10,18,10,1,9,19,14,13,5,15,8,12,1,16,26,22,10,11,13,22,21,17,12,16,17,15,7,3,4,20,3,11,24,11,2,1,13,11,13,3,5,1,17,5,26,17,1,9,17,13,23,17,13,8,19,26,4,18,8,22,16,8,19,22,10,11,15,9,17,20,26,14,9,24,16,14,6,7,16,10,5,26,14,24,8,5,17,14,24,14",5000,100
19,95,351864.6126248325,28.884077635063964,"16,12,6,19,24,7,15,8,9,20,2,18,10,2,4,22,21,23,25,17,23,1,15,26,12,11,13,14,3,25,4,6,5,20,18,3,9,8,2,21,23,13,16,15,2,21,10,5,19,10,20,14,5,10,1,13,5,17,25,16,4,14,13,22,6,9,25,19,16,13,3,15,4,9,22,11,16,15,13,22,6,16,17,19,22,10,18,10,1,9,19,14,13,5,15,8,12,1,16,26,22,10,11,13,22,21,17,12,16,17,15,7,3,4,20,3,11,24,11,2,1,13,11,13,3,5,1,17,5,26,17,1,9,17,13,23,17,13,8,19,26,4,18,8,22,16,8,19,22,10,11,15,9,17,20,26,14,9,24,16,14,6,7,16,10,5,26,14,24,8,5,17,14,24,14",5000,100
19,96,351864.6126248325,28.884077635063964,"16,12,6,19,24,7,15,8,9,20,2,18,10,2,4,22,21,23,25,17,23,1,15,26,12,11,13,14,3,25,4,6,5,20,18,3,9,8,2,21,23,13,16,15,2,21,10,5,19,10,20,14,5,10,1,13,5,17,25,16,4,14,13,22,6,9,25,19,16,13,3,15,4,9,22,11,16,15,13,22,6,16,17,19,22,10,18,10,1,9,19,14,13,5,15,8,12,1,16,26,22,10,11,13,22,21,17,12,16,17,15,7,3,4,20,3,11,24,11,2,1,13,11,13,3,5,1,17,5,26,17,1,9,17,13,23,17,13,8,19,26,4,18,8,22,16,8,19,22,10,11,15,9,17,20,26,14,9,24,16,14,6,7,16,10,5,26,14,24,8,5,17,14,24,14",5000,100
19,97,351864.6126248325,28.884077635063964,"16,12,6,19,24,7,15,8,9,20,2,18,10,2,4,22,21,23,25,17,23,1,15,26,12,11,13,14,3,25,4,6,5,20,18,3,9,8,2,21,23,13,16,15,2,21,10,5,19,10,20,14,5,10,1,13,5,17,25,16,4,14,13,22,6,9,25,19,16,13,3,15,4,9,22,11,16,15,13,22,6,16,17,19,22,10,18,10,1,9,19,14,13,5,15,8,12,1,16,26,22,10,11,13,22,21,17,12,16,17,15,7,3,4,20,3,11,24,11,2,1,13,11,13,3,5,1,17,5,26,17,1,9,17,13,23,17,13,8,19,26,4,18,8,22,16,8,19,22,10,11,15,9,17,20,26,14,9,24,16,14,6,7,16,10,5,26,14,24,8,5,17,14,24,14",5000,100
19,98,351864.6126248325,28.884077635063964,"16,12,6,19,24,7,15,8,9,20,2,18,10,2,4,22,21,23,25,17,23,1,15,26,12,11,13,14,3,25,4,6,5,20,18,3,9,8,2,21,23,13,16,15,2,21,10,5,19,10,20,14,5,10,1,13,5,17,25,16,4,14,13,22,6,9,25,19,16,13,3,15,4,9,22,11,16,15,13,22,6,16,17,19,22,10,18,10,1,9,19,14,13,5,15,8,12,1,16,26,22,10,11,13,22,21,17,12,16,17,15,7,3,4,20,3,11,24,11,2,1,13,11,13,3,5,1,17,5,26,17,1,9,17,13,23,17,13,8,19,26,4,18,8,22,16,8,19,22,10,11,15,9,17,20,26,14,9,24,16,14,6,7,16,10,5,26,14,24,8,5,17,14,24,14",5000,100
19,99,351876.2880884869,28.67559835170667,"16,12,6,19,24,7,15,8,9,20,2,18,10,2,4,22,21,23,25,17,23,1,15,26,12,11,13,14,3,25,4,6,5,20,18,3,9,8,2,21,23,13,16,15,2,21,10,5,19,10,20,14,5,10,1,13,5,11,25,16,4,14,13,22,6,9,25,19,16,13,3,15,4,9,22,11,16,15,13,22,6,16,17,19,22,10,18,10,1,9,19,14,13,5,15,8,12,1,16,26,22,10,11,13,22,21,17,12,16,17,15,7,3,4,20,3,11,24,11,2,1,13,11,13,3,5,1,17,5,26,17,1,9,17,13,23,17,13,8,19,26,4,18,8,22,16,8,19,22,10,11,15,9,17,20,26,14,9,24,16,14,6,7,16,10,5,26,14,24,8,5,17,14,24,14",5000,100
20,0,303514.75563587254,24.49139445533602,"17,10,19,15,26,6,18,25,10,8,11,24,12,21,19,2,20,23,4,13,20,22,16,1,7,4,3,9,7,22,14,1,11,14,26,5,13,5,15,9,4,6,2,16,5,12,6,13,3,14,21,20,3,20,6,10,21,8,8,2,19,8,17,5,23,21,13,2,23,10,17,9,2,26,13,5,9,12,16,2,17,17,10,21,7,23,23,15,5,21,9,15,7,9,9,4,24,13,3,18,4,16,12,18,15,25,25,17,23,24,11,15,6,13,5,19,8,3,15,13,9,17,2,16,15,13,23,15,12,9,19,21,21,15,26,25,9,6,5,3,11,16,3,24,21,11,23,6,26,6,7,21,1,14,2,25,13,6,8,24,22,1,24,12,12,16,25,12,14,17,9,10,11,25,7",5000,100
20,1,303514.75563587254,24.49139445533602,"17,10,19,15,26,6,18,25,10,8,11,24,12,21,19,2,20,23,4,13,20,22,16,1,7,4,3,9,7,22,14,1,11,14,26,5,13,5,15,9,4,6,2,16,5,12,6,13,3,14,21,20,3,20,6,10,21,8,8,2,19,8,17,5,23,21,13,2,23,10,17,9,2,26,13,5,9,12,16,2,17,17,10,21,7,23,23,15,5,21,9,15,7,9,9,4,24,13,3,18,4,16,12,18,15,25,25,17,23,24,11,15,6,13,5,19,8,3,15,13,9,17,2,16,15,13,23,15,12,9,19,21,21,15,26,25,9,6,5,3,11,16,3,24,21,11,23,6,26,6,7,21,1,14,2,25,13,6,8,24,22,1,24,12,12,16,25,12,14,17,9,10,11,25,7",5000,100
20,2,303514.75563587254,24.49139445533602,"17,10,19,15,26,6,18,25,10,8,11,24,12,21,19,2,20,23,4,13,20,22,16,1,7,4,3,9,7,22,14,1,11,14,26,5,13,5,15,9,4,6,2,16,5,12,6,13,3,14,21,20,3,20,6,10,21,8,8,2,19,8,17,5,23,21,13,2,23,10,17,9,2,26,13,5,9,12,16,2,17,17,10,21,7,23,23,15,5,21,9,15,7,9,9,4,24,13,3,18,4,16,12,18,15,25,25,17,23,24,11,15,6,13,5,19,8,3,15,13,9,17,2,16,15,13,23,15,12,9,19,21,21,15,26,25,9,6,5,3,11,16,3,24,21,11,23,6,26,6,7,21,1,14,2,25,13,6,8,24,22,1,24,12,12,16,25,12,14,17,9,10,11,25,7",5000,100
20,3,303514.75563587254,24.49139445533602,"17,10,19,15,26,6,18,25,10,8,11,24,12,21,19,2,20,23,4,13,20,22,16,1,7,4,3,9,7,22,14,1,11,14,26,5,13,5,15,9,4,6,2,16,5,12,6,13,3,14,21,20,3,20,6,10,21,8,8,2,19,8,17,5,23,21,13,2,23,10,17,9,2,26,13,5,9,12,16,2,17,17,10,21,7,23,23,15,5,21,9,15,7,9,9,4,24,13,3,18,4,16,12,18,15,25,25,17,23,24,11,15,6,13,5,19,8,3,15,13,9,17,2,16,15,13,23,15,12,9,19,21,21,15,26,25,9,6,5,3,11,16,3,24,21,11,23,6,26,6,7,21,1,14,2,25,13,6,8,24,22,1,24,12,12,16,25,12,14,17,9,10,11,25,7",5000,100
20,4,303514.75563587254,24.49139445533602,"17,10,19,15,26,6,18,25,10,8,11,24,12,21,19,2,20,23,4,13,20,22,16,1,7,4,3,9,7,22,14,1,11,14,26,5,13,5,15,9,4,6,2,16,5,12,6,13,3,14,21,20,3,20,6,10,21,8,8,2,19,8,17,5,23,21,13,2,23,10,17,9,2,26,13,5,9,12,16,2,17,17,10,21,7,23,23,15,5,21,9,15,7,9,9,4,24,13,3,18,4,16,12,18,15,25,25,17,23,24,11,15,6,13,5,19,8,3,15,13,9,17,2,16,15,13,23,15,12,9,19,21,21,15,26,25,9,6,5,3,11,16,3,24,21,11,23,6,26,6,7,21,1,14,2,25,13,6,8,24,22,1,24,12,12,16,25,12,14,17,9,10,11,25,7",5000,100
20,5,303514.75563587254,24.49139445533602,"17,10,19,15,26,6,18,25,10,8,11,24,12,21,19,2,20,23,4,13,20,22,16,1,7,4,3,9,7,22,14,1,11,14,26,5,13,5,15,9,4,6,2,16,5,12,6,13,3,14,21,20,3,20,6,10,21,8,8,2,19,8,17,5,23,21,13,2,23,10,17,9,2,26,13,5,9,12,16,2,17,17,10,21,7,23,23,15,5,21,9,15,7,9,9,4,24,13,3,18,4,16,12,18,15,25,25,17,23,24,11,15,6,13,5,19,8,3,15,13,9,17,2,16,15,13,23,15,12,9,19,21,21,15,26,25,9,6,5,3,11,16,3,24,21,11,23,6,26,6,7,21,1,14,2,25,13,6,8,24,22,1,24,12,12,16,25,12,14,17,9,10,11,25,7",5000,100
20,6,303514.75563587254,24.49139445533602,"17,10,19,15,26,6,18,25,10,8,11,24,12,21,19,2,20,23,4,13,20,22,16,1,7,4,3,9,7,22,14,1,11,14,26,5,13,5,15,9,4,6,2,16,5,12,6,13,3,14,21,20,3,20,6,10,21,8,8,2,19,8,17,5,23,21,13,2,23,10,17,9,2,26,13,5,9,12,16,2,17,17,10,21,7,23,23,15,5,21,9,15,7,9,9,4,24,13,3,18,4,16,12,18,15,25,25,17,23,24,11,15,6,13,5,19,8,3,15,13,9,17,2,16,15,13,23,15,12,9,19,21,21,15,26,25,9,6,5,3,11,16,3,24,21,11,23,6,26,6,7,21,1,14,2,25,13,6,8,24,22,1,24,12,12,16,25,12,14,17,9,10,11,25,7",5000,100
20,7,303514.75563587254,24.49139445533602,"17,10,19,15,26,6,18,25,10,8,11,24,12,21,19,2,20,23,4,13,20,22,16,1,7,4,3,9,7,22,14,1,11,14,26,5,13,5,15,9,4,6,2,16,5,12,6,13,3,14,21,20,3,20,6,10,21,8,8,2,19,8,17,5,23,21,13,2,23,10,17,9,2,26,13,5,9,12,16,2,17,17,10,21,7,23,23,15,5,21,9,15,7,9,9,4,24,13,3,18,4,16,12,18,15,25,25,17,23,24,11,15,6,13,5,19,8,3,15,13,9,17,2,16,15,13,23,15,12,9,19,21,21,15,26,25,9,6,5,3,11,16,3,24,21,11,23,6,26,6,7,21,1,14,2,25,13,6,8,24,22,1,24,12,12,16,25,12,14,17,9,10,11,25,7",5000,100
20,8,303514.75563587254,24.49139445533602,"17,10,19,15,26,6,18,25,10,8,11,24,12,21,19,2,20,23,4,13,20,22,16,1,7,4,3,9,7,22,14,1,11,14,26,5,13,5,15,9,4,6,2,16,5,12,6,13,3,14,21,20,3,20,6,10,21,8,8,2,19,8,17,5,23,21,13,2,23,10,17,9,2,26,13,5,9,12,16,2,17,17,10,21,7,23,23,15,5,21,9,15,7,9,9,4,24,13,3,18,4,16,12,18,15,25,25,17,23,24,11,15,6,13,5,19,8,3,15,13,9,17,2,16,15,13,23,15,12,9,19,21,21,15,26,25,9,6,5,3,11,16,3,24,21,11,23,6,26,6,7,21,1,14,2,25,13,6,8,24,22,1,24,12,12,16,25,12,14,17,9,10,11,25,7",5000,100
20,9,303514.75563587254,24.49139445533602,"17,10,19,15,26,6,18,25,10,8,11,24,12,21,19,2,20,23,4,13,20,22,16,1,7,4,3,9,7,22,14,1,11,14,26,5,13,5,15,9,4,6,2,16,5,12,6,13,3,14,21,20,3,20,6,10,21,8,8,2,19,8,17,5,23,21,13,2,23,10,17,9,2,26,13,5,9,12,16,2,17,17,10,21,7,23,23,15,5,21,9,15,7,9,9,4,24,13,3,18,4,16,12,18,15,25,25,17,23,24,11,15,6,13,5,19,8,3,15,13,9,17,2,16,15,13,23,15,12,9,19,21,21,15,26,25,9,6,5,3,11,16,3,24,21,11,23,6,26,6,7,21,1,14,2,25,13,6,8,24,22,1,24,12,12,16,25,12,14,17,9,10,11,25,7",5000,100
20,10,303514.75563587254,24.49139445533602,"17,10,19,15,26,6,18,25,10,8,11,24,12,21,19,2,20,23,4,13,20,22,16,1,7,4,3,9,7,22,14,1,11,14,26,5,13,5,15,9,4,6,2,16,5,12,6,13,3,14,21,20,3,20,6,10,21,8,8,2,19,8,17,5,23,21,13,2,23,10,17,9,2,26,13,5,9,12,16,2,17,17,10,21,7,23,23,15,5,21,9,15,7,9,9,4,24,13,3,18,4,16,12,18,15,25,25,17,23,24,11,15,6,13,5,19,8,3,15,13,9,17,2,16,15,13,23,15,12,9,19,21,21,15,26,25,9,6,5,3,11,16,3,24,21,11,23,6,26,6,7,21,1,14,2,25,13,6,8,24,22,1,24,12,12,16,25,12,14,17,9,10,11,25,7",5000,100
20,11,303514.75563587254,24.49139445533602,"17,10,19,15,26,6,18,25,10,8,11,24,12,21,19,2,20,23,4,13,20,22,16,1,7,4,3,9,7,22,14,1,11,14,26,5,13,5,15,9,4,6,2,16,5,12,6,13,3,14,21,20,3,20,6,10,21,8,8,2,19,8,17,5,23,21,13,2,23,10,17,9,2,26,13,5,9,12,16,2,17,17,10,21,7,23,23,15,5,21,9,15,7,9,9,4,24,13,3,18,4,16,12,18,15,25,25,17,23,24,11,15,6,13,5,19,8,3,15,13,9,17,2,16,15,13,23,15,12,9,19,21,21,15,26,25,9,6,5,3,11,16,3,24,21,11,23,6,26,6,7,21,1,14,2,25,13,6,8,24,22,1,24,12,12,16,25,12,14,17,9,10,11,25,7",5000,100
20,12,303514.75563587254,24.49139445533602,"17,10,19,15,26,6,18,25,10,8,11,24,12,21,19,2,20,23,4,13,20,22,16,1,7,4,3,9,7,22,14,1,11,14,26,5,13,5,15,9,4,6,2,16,5,12,6,13,3,14,21,20,3,20,6,10,21,8,8,2,19,8,17,5,23,21,13,2,23,10,17,9,2,26,13,5,9,12,16,2,17,17,10,21,7,23,23,15,5,21,9,15,7,9,9,4,24,13,3,18,4,16,12,18,15,25,25,17,23,24,11,15,6,13,5,19,8,3,15,13,9,17,2,16,15,13,23,15,12,9,19,21,21,15,26,25,9,6,5,3,11,16,3,24,21,11,23,6,26,6,7,21,1,14,2,25,13,6,8,24,22,1,24,12,12,16,25,12,14,17,9,10,11,25,7",5000,100
20,13,303514.75563587254,24.49139445533602,"17,10,19,15,26,6,18,25,10,8,11,24,12,21,19,2,20,23,4,13,20,22,16,1,7,4,3,9,7,22,14,1,11,14,26,5,13,5,15,9,4,6,2,16,5,12,6,13,3,14,21,20,3,20,6,10,21,8,8,2,19,8,17,5,23,21,13,2,23,10,17,9,2,26,13,5,9,12,16,2,17,17,10,21,7,23,23,15,5,21,9,15,7,9,9,4,24,13,3,18,4,16,12,18,15,25,25,17,23,24,11,15,6,13,5,19,8,3,15,13,9,17,2,16,15,13,23,15,12,9,19,21,21,15,26,25,9,6,5,3,11,16,3,24,21,11,23,6,26,6,7,21,1,14,2,25,13,6,8,24,22,1,24,12,12,16,25,12,14,17,9,10,11,25,7",5000,100
20,14,303514.75563587254,24.49139445533602,"17,10,19,15,26,6,18,25,10,8,11,24,12,21,19,2,20,23,4,13,20,22,16,1,7,4,3,9,7,22,14,1,11,14,26,5,13,5,15,9,4,6,2,16,5,12,6,13,3,14,21,20,3,20,6,10,21,8,8,2,19,8,17,5,23,21,13,2,23,10,17,9,2,26,13,5,9,12,16,2,17,17,10,21,7,23,23,15,5,21,9,15,7,9,9,4,24,13,3,18,4,16,12,18,15,25,25,17,23,24,11,15,6,13,5,19,8,3,15,13,9,17,2,16,15,13,23,15,12,9,19,21,21,15,26,25,9,6,5,3,11,16,3,24,21,11,23,6,26,6,7,21,1,14,2,25,13,6,8,24,22,1,24,12,12,16,25,12,14,17,9,10,11,25,7",5000,100
20,15,303514.75563587254,24.49139445533602,"17,10,19,15,26,6,18,25,10,8,11,24,12,21,19,2,20,23,4,13,20,22,16,1,7,4,3,9,7,22,14,1,11,14,26,5,13,5,15,9,4,6,2,16,5,12,6,13,3,14,21,20,3,20,6,10,21,8,8,2,19,8,17,5,23,21,13,2,23,10,17,9,2,26,13,5,9,12,16,2,17,17,10,21,7,23,23,15,5,21,9,15,7,9,9,4,24,13,3,18,4,16,12,18,15,25,25,17,23,24,11,15,6,13,5,19,8,3,15,13,9,17,2,16,15,13,23,15,12,9,19,21,21,15,26,25,9,6,5,3,11,16,3,24,21,11,23,6,26,6,7,21,1,14,2,25,13,6,8,24,22,1,24,12,12,16,25,12,14,17,9,10,11,25,7",5000,100
20,16,303514.75563587254,24.49139445533602,"17,10,19,15,26,6,18,25,10,8,11,24,12,21,19,2,20,23,4,13,20,22,16,1,7,4,3,9,7,22,14,1,11,14,26,5,13,5,15,9,4,6,2,16,5,12,6,13,3,14,21,20,3,20,6,10,21,8,8,2,19,8,17,5,23,21,13,2,23,10,17,9,2,26,13,5,9,12,16,2,17,17,10,21,7,23,23,15,5,21,9,15,7,9,9,4,24,13,3,18,4,16,12,18,15,25,25,17,23,24,11,15,6,13,5,19,8,3,15,13,9,17,2,16,15,13,23,15,12,9,19,21,21,15,26,25,9,6,5,3,11,16,3,24,21,11,23,6,26,6,7,21,1,14,2,25,13,6,8,24,22,1,24,12,12,16,25,12,14,17,9,10,11,25,7",5000,100
20,17,303514.75563587254,24.49139445533602,"17,10,19,15,26,6,18,25,10,8,11,24,12,21,19,2,20,23,4,13,20,22,16,1,7,4,3,9,7,22,14,1,11,14,26,5,13,5,15,9,4,6,2,16,5,12,6,13,3,14,21,20,3,20,6,10,21,8,8,2,19,8,17,5,23,21,13,2,23,10,17,9,2,26,13,5,9,12,16,2,17,17,10,21,7,23,23,15,5,21,9,15,7,9,9,4,24,13,3,18,4,16,12,18,15,25,25,17,23,24,11,15,6,13,5,19,8,3,15,13,9,17,2,16,15,13,23,15,12,9,19,21,21,15,26,25,9,6,5,3,11,16,3,24,21,11,23,6,26,6,7,21,1,14,2,25,13,6,8,24,22,1,24,12,12,16,25,12,14,17,9,10,11,25,7",5000,100
20,18,303514.75563587254,24.49139445533602,"17,10,19,15,26,6,18,25,10,8,11,24,12,21,19,2,20,23,4,13,20,22,16,1,7,4,3,9,7,22,14,1,11,14,26,5,13,5,15,9,4,6,2,16,5,12,6,13,3,14,21,20,3,20,6,10,21,8,8,2,19,8,17,5,23,21,13,2,23,10,17,9,2,26,13,5,9,12,16,2,17,17,10,21,7,23,23,15,5,21,9,15,7,9,9,4,24,13,3,18,4,16,12,18,15,25,25,17,23,24,11,15,6,13,5,19,8,3,15,13,9,17,2,16,15,13,23,15,12,9,19,21,21,15,26,25,9,6,5,3,11,16,3,24,21,11,23,6,26,6,7,21,1,14,2,25,13,6,8,24,22,1,24,12,12,16,25,12,14,17,9,10,11,25,7",5000,100
20,19,303514.75563587254,24.49139445533602,"17,10,19,15,26,6,18,25,10,8,11,24,12,21,19,2,20,23,4,13,20,22,16,1,7,4,3,9,7,22,14,1,11,14,26,5,13,5,15,9,4,6,2,16,5,12,6,13,3,14,21,20,3,20,6,10,21,8,8,2,19,8,17,5,23,21,13,2,23,10,17,9,2,26,13,5,9,12,16,2,17,17,10,21,7,23,23,15,5,21,9,15,7,9,9,4,24,13,3,18,4,16,12,18,15,25,25,17,23,24,11,15,6,13,5,19,8,3,15,13,9,17,2,16,15,13,23,15,12,9,19,21,21,15,26,25,9,6,5,3,11,16,3,24,21,11,23,6,26,6,7,21,1,14,2,25,13,6,8,24,22,1,24,12,12,16,25,12,14,17,9,10,11,25,7",5000,100
20,20,303514.75563587254,24.49139445533602,"17,10,19,15,26,6,18,25,10,8,11,24,12,21,19,2,20,23,4,13,20,22,16,1,7,4,3,9,7,22,14,1,11,14,26,5,13,5,15,9,4,6,2,16,5,12,6,13,3,14,21,20,3,20,6,10,21,8,8,2,19,8,17,5,23,21,13,2,23,10,17,9,2,26,13,5,9,12,16,2,17,17,10,21,7,23,23,15,5,21,9,15,7,9,9,4,24,13,3,18,4,16,12,18,15,25,25,17,23,24,11,15,6,13,5,19,8,3,15,13,9,17,2,16,15,13,23,15,12,9,19,21,21,15,26,25,9,6,5,3,11,16,3,24,21,11,23,6,26,6,7,21,1,14,2,25,13,6,8,24,22,1,24,12,12,16,25,12,14,17,9,10,11,25,7",5000,100
20,21,303514.75563587254,24.49139445533602,"17,10,19,15,26,6,18,25,10,8,11,24,12,21,19,2,20,23,4,13,20,22,16,1,7,4,3,9,7,22,14,1,11,14,26,5,13,5,15,9,4,6,2,16,5,12,6,13,3,14,21,20,3,20,6,10,21,8,8,2,19,8,17,5,23,21,13,2,23,10,17,9,2,26,13,5,9,12,16,2,17,17,10,21,7,23,23,15,5,21,9,15,7,9,9,4,24,13,3,18,4,16,12,18,15,25,25,17,23,24,11,15,6,13,5,19,8,3,15,13,9,17,2,16,15,13,23,15,12,9,19,21,21,15,26,25,9,6,5,3,11,16,3,24,21,11,23,6,26,6,7,21,1,14,2,25,13,6,8,24,22,1,24,12,12,16,25,12,14,17,9,10,11,25,7",5000,100
20,22,303514.75563587254,24.49139445533602,"17,10,19,15,26,6,18,25,10,8,11,24,12,21,19,2,20,23,4,13,20,22,16,1,7,4,3,9,7,22,14,1,11,14,26,5,13,5,15,9,4,6,2,16,5,12,6,13,3,14,21,20,3,20,6,10,21,8,8,2,19,8,17,5,23,21,13,2,23,10,17,9,2,26,13,5,9,12,16,2,17,17,10,21,7,23,23,15,5,21,9,15,7,9,9,4,24,13,3,18,4,16,12,18,15,25,25,17,23,24,11,15,6,13,5,19,8,3,15,13,9,17,2,16,15,13,23,15,12,9,19,21,21,15,26,25,9,6,5,3,11,16,3,24,21,11,23,6,26,6,7,21,1,14,2,25,13,6,8,24,22,1,24,12,12,16,25,12,14,17,9,10,11,25,7",5000,100
20,23,303514.75563587254,24.49139445533602,"17,10,19,15,26,6,18,25,10,8,11,24,12,21,19,2,20,23,4,13,20,22,16,1,7,4,3,9,7,22,14,1,11,14,26,5,13,5,15,9,4,6,2,16,5,12,6,13,3,14,21,20,3,20,6,10,21,8,8,2,19,8,17,5,23,21,13,2,23,10,17,9,2,26,13,5,9,12,16,2,17,17,10,21,7,23,23,15,5,21,9,15,7,9,9,4,24,13,3,18,4,16,12,18,15,25,25,17,23,24,11,15,6,13,5,19,8,3,15,13,9,17,2,16,15,13,23,15,12,9,19,21,21,15,26,25,9,6,5,3,11,16,3,24,21,11,23,6,26,6,7,21,1,14,2,25,13,6,8,24,22,1,24,12,12,16,25,12,14,17,9,10,11,25,7",5000,100
20,24,303514.75563587254,24.49139445533602,"17,10,19,15,26,6,18,25,10,8,11,24,12,21,19,2,20,23,4,13,20,22,16,1,7,4,3,9,7,22,14,1,11,14,26,5,13,5,15,9,4,6,2,16,5,12,6,13,3,14,21,20,3,20,6,10,21,8,8,2,19,8,17,5,23,21,13,2,23,10,17,9,2,26,13,5,9,12,16,2,17,17,10,21,7,23,23,15,5,21,9,15,7,9,9,4,24,13,3,18,4,16,12,18,15,25,25,17,23,24,11,15,6,13,5,19,8,3,15,13,9,17,2,16,15,13,23,15,12,9,19,21,21,15,26,25,9,6,5,3,11,16,3,24,21,11,23,6,26,6,7,21,1,14,2,25,13,6,8,24,22,1,24,12,12,16,25,12,14,17,9,10,11,25,7",5000,100
20,25,303514.75563587254,24.49139445533602,"17,10,19,15,26,6,18,25,10,8,11,24,12,21,19,2,20,23,4,13,20,22,16,1,7,4,3,9,7,22,14,1,11,14,26,5,13,5,15,9,4,6,2,16,5,12,6,13,3,14,21,20,3,20,6,10,21,8,8,2,19,8,17,5,23,21,13,2,23,10,17,9,2,26,13,5,9,12,16,2,17,17,10,21,7,23,23,15,5,21,9,15,7,9,9,4,24,13,3,18,4,16,12,18,15,25,25,17,23,24,11,15,6,13,5,19,8,3,15,13,9,17,2,16,15,13,23,15,12,9,19,21,21,15,26,25,9,6,5,3,11,16,3,24,21,11,23,6,26,6,7,21,1,14,2,25,13,6,8,24,22,1,24,12,12,16,25,12,14,17,9,10,11,25,7",5000,100
20,26,303514.75563587254,24.49139445533602,"17,10,19,15,26,6,18,25,10,8,11,24,12,21,19,2,20,23,4,13,20,22,16,1,7,4,3,9,7,22,14,1,11,14,26,5,13,5,15,9,4,6,2,16,5,12,6,13,3,14,21,20,3,20,6,10,21,8,8,2,19,8,17,5,23,21,13,2,23,10,17,9,2,26,13,5,9,12,16,2,17,17,10,21,7,23,23,15,5,21,9,15,7,9,9,4,24,13,3,18,4,16,12,18,15,25,25,17,23,24,11,15,6,13,5,19,8,3,15,13,9,17,2,16,15,13,23,15,12,9,19,21,21,15,26,25,9,6,5,3,11,16,3,24,21,11,23,6,26,6,7,21,1,14,2,25,13,6,8,24,22,1,24,12,12,16,25,12,14,17,9,10,11,25,7",5000,100
20,27,303514.75563587254,24.49139445533602,"17,10,19,15,26,6,18,25,10,8,11,24,12,21,19,2,20,23,4,13,20,22,16,1,7,4,3,9,7,22,14,1,11,14,26,5,13,5,15,9,4,6,2,16,5,12,6,13,3,14,21,20,3,20,6,10,21,8,8,2,19,8,17,5,23,21,13,2,23,10,17,9,2,26,13,5,9,12,16,2,17,17,10,21,7,23,23,15,5,21,9,15,7,9,9,4,24,13,3,18,4,16,12,18,15,25,25,17,23,24,11,15,6,13,5,19,8,3,15,13,9,17,2,16,15,13,23,15,12,9,19,21,21,15,26,25,9,6,5,3,11,16,3,24,21,11,23,6,26,6,7,21,1,14,2,25,13,6,8,24,22,1,24,12,12,16,25,12,14,17,9,10,11,25,7",5000,100
20,28,303514.75563587254,24.49139445533602,"17,10,19,15,26,6,18,25,10,8,11,24,12,21,19,2,20,23,4,13,20,22,16,1,7,4,3,9,7,22,14,1,11,14,26,5,13,5,15,9,4,6,2,16,5,12,6,13,3,14,21,20,3,20,6,10,21,8,8,2,19,8,17,5,23,21,13,2,23,10,17,9,2,26,13,5,9,12,16,2,17,17,10,21,7,23,23,15,5,21,9,15,7,9,9,4,24,13,3,18,4,16,12,18,15,25,25,17,23,24,11,15,6,13,5,19,8,3,15,13,9,17,2,16,15,13,23,15,12,9,19,21,21,15,26,25,9,6,5,3,11,16,3,24,21,11,23,6,26,6,7,21,1,14,2,25,13,6,8,24,22,1,24,12,12,16,25,12,14,17,9,10,11,25,7",5000,100
20,29,303514.75563587254,24.49139445533602,"17,10,19,15,26,6,18,25,10,8,11,24,12,21,19,2,20,23,4,13,20,22,16,1,7,4,3,9,7,22,14,1,11,14,26,5,13,5,15,9,4,6,2,16,5,12,6,13,3,14,21,20,3,20,6,10,21,8,8,2,19,8,17,5,23,21,13,2,23,10,17,9,2,26,13,5,9,12,16,2,17,17,10,21,7,23,23,15,5,21,9,15,7,9,9,4,24,13,3,18,4,16,12,18,15,25,25,17,23,24,11,15,6,13,5,19,8,3,15,13,9,17,2,16,15,13,23,15,12,9,19,21,21,15,26,25,9,6,5,3,11,16,3,24,21,11,23,6,26,6,7,21,1,14,2,25,13,6,8,24,22,1,24,12,12,16,25,12,14,17,9,10,11,25,7",5000,100
20,30,303514.75563587254,24.49139445533602,"17,10,19,15,26,6,18,25,10,8,11,24,12,21,19,2,20,23,4,13,20,22,16,1,7,4,3,9,7,22,14,1,11,14,26,5,13,5,15,9,4,6,2,16,5,12,6,13,3,14,21,20,3,20,6,10,21,8,8,2,19,8,17,5,23,21,13,2,23,10,17,9,2,26,13,5,9,12,16,2,17,17,10,21,7,23,23,15,5,21,9,15,7,9,9,4,24,13,3,18,4,16,12,18,15,25,25,17,23,24,11,15,6,13,5,19,8,3,15,13,9,17,2,16,15,13,23,15,12,9,19,21,21,15,26,25,9,6,5,3,11,16,3,24,21,11,23,6,26,6,7,21,1,14,2,25,13,6,8,24,22,1,24,12,12,16,25,12,14,17,9,10,11,25,7",5000,100
20,31,303514.75563587254,24.49139445533602,"17,10,19,15,26,6,18,25,10,8,11,24,12,21,19,2,20,23,4,13,20,22,16,1,7,4,3,9,7,22,14,1,11,14,26,5,13,5,15,9,4,6,2,16,5,12,6,13,3,14,21,20,3,20,6,10,21,8,8,2,19,8,17,5,23,21,13,2,23,10,17,9,2,26,13,5,9,12,16,2,17,17,10,21,7,23,23,15,5,21,9,15,7,9,9,4,24,13,3,18,4,16,12,18,15,25,25,17,23,24,11,15,6,13,5,19,8,3,15,13,9,17,2,16,15,13,23,15,12,9,19,21,21,15,26,25,9,6,5,3,11,16,3,24,21,11,23,6,26,6,7,21,1,14,2,25,13,6,8,24,22,1,24,12,12,16,25,12,14,17,9,10,11,25,7",5000,100
20,32,303514.75563587254,24.49139445533602,"17,10,19,15,26,6,18,25,10,8,11,24,12,21,19,2,20,23,4,13,20,22,16,1,7,4,3,9,7,22,14,1,11,14,26,5,13,5,15,9,4,6,2,16,5,12,6,13,3,14,21,20,3,20,6,10,21,8,8,2,19,8,17,5,23,21,13,2,23,10,17,9,2,26,13,5,9,12,16,2,17,17,10,21,7,23,23,15,5,21,9,15,7,9,9,4,24,13,3,18,4,16,12,18,15,25,25,17,23,24,11,15,6,13,5,19,8,3,15,13,9,17,2,16,15,13,23,15,12,9,19,21,21,15,26,25,9,6,5,3,11,16,3,24,21,11,23,6,26,6,7,21,1,14,2,25,13,6,8,24,22,1,24,12,12,16,25,12,14,17,9,10,11,25,7",5000,100
20,33,303514.75563587254,24.49139445533602,"17,10,19,15,26,6,18,25,10,8,11,24,12,21,19,2,20,23,4,13,20,22,16,1,7,4,3,9,7,22,14,1,11,14,26,5,13,5,15,9,4,6,2,16,5,12,6,13,3,14,21,20,3,20,6,10,21,8,8,2,19,8,17,5,23,21,13,2,23,10,17,9,2,26,13,5,9,12,16,2,17,17,10,21,7,23,23,15,5,21,9,15,7,9,9,4,24,13,3,18,4,16,12,18,15,25,25,17,23,24,11,15,6,13,5,19,8,3,15,13,9,17,2,16,15,13,23,15,12,9,19,21,21,15,26,25,9,6,5,3,11,16,3,24,21,11,23,6,26,6,7,21,1,14,2,25,13,6,8,24,22,1,24,12,12,16,25,12,14,17,9,10,11,25,7",5000,100
20,34,303514.75563587254,24.49139445533602,"17,10,19,15,26,6,18,25,10,8,11,24,12,21,19,2,20,23,4,13,20,22,16,1,7,4,3,9,7,22,14,1,11,14,26,5,13,5,15,9,4,6,2,16,5,12,6,13,3,14,21,20,3,20,6,10,21,8,8,2,19,8,17,5,23,21,13,2,23,10,17,9,2,26,13,5,9,12,16,2,17,17,10,21,7,23,23,15,5,21,9,15,7,9,9,4,24,13,3,18,4,16,12,18,15,25,25,17,23,24,11,15,6,13,5,19,8,3,15,13,9,17,2,16,15,13,23,15,12,9,19,21,21,15,26,25,9,6,5,3,11,16,3,24,21,11,23,6,26,6,7,21,1,14,2,25,13,6,8,24,22,1,24,12,12,16,25,12,14,17,9,10,11,25,7",5000,100
20,35,303514.75563587254,24.49139445533602,"17,10,19,15,26,6,18,25,10,8,11,24,12,21,19,2,20,23,4,13,20,22,16,1,7,4,3,9,7,22,14,1,11,14,26,5,13,5,15,9,4,6,2,16,5,12,6,13,3,14,21,20,3,20,6,10,21,8,8,2,19,8,17,5,23,21,13,2,23,10,17,9,2,26,13,5,9,12,16,2,17,17,10,21,7,23,23,15,5,21,9,15,7,9,9,4,24,13,3,18,4,16,12,18,15,25,25,17,23,24,11,15,6,13,5,19,8,3,15,13,9,17,2,16,15,13,23,15,12,9,19,21,21,15,26,25,9,6,5,3,11,16,3,24,21,11,23,6,26,6,7,21,1,14,2,25,13,6,8,24,22,1,24,12,12,16,25,12,14,17,9,10,11,25,7",5000,100
20,36,303514.75563587254,24.49139445533602,"17,10,19,15,26,6,18,25,10,8,11,24,12,21,19,2,20,23,4,13,20,22,16,1,7,4,3,9,7,22,14,1,11,14,26,5,13,5,15,9,4,6,2,16,5,12,6,13,3,14,21,20,3,20,6,10,21,8,8,2,19,8,17,5,23,21,13,2,23,10,17,9,2,26,13,5,9,12,16,2,17,17,10,21,7,23,23,15,5,21,9,15,7,9,9,4,24,13,3,18,4,16,12,18,15,25,25,17,23,24,11,15,6,13,5,19,8,3,15,13,9,17,2,16,15,13,23,15,12,9,19,21,21,15,26,25,9,6,5,3,11,16,3,24,21,11,23,6,26,6,7,21,1,14,2,25,13,6,8,24,22,1,24,12,12,16,25,12,14,17,9,10,11,25,7",5000,100
20,37,303514.75563587254,24.49139445533602,"17,10,19,15,26,6,18,25,10,8,11,24,12,21,19,2,20,23,4,13,20,22,16,1,7,4,3,9,7,22,14,1,11,14,26,5,13,5,15,9,4,6,2,16,5,12,6,13,3,14,21,20,3,20,6,10,21,8,8,2,19,8,17,5,23,21,13,2,23,10,17,9,2,26,13,5,9,12,16,2,17,17,10,21,7,23,23,15,5,21,9,15,7,9,9,4,24,13,3,18,4,16,12,18,15,25,25,17,23,24,11,15,6,13,5,19,8,3,15,13,9,17,2,16,15,13,23,15,12,9,19,21,21,15,26,25,9,6,5,3,11,16,3,24,21,11,23,6,26,6,7,21,1,14,2,25,13,6,8,24,22,1,24,12,12,16,25,12,14,17,9,10,11,25,7",5000,100
20,38,303514.75563587254,24.49139445533602,"17,10,19,15,26,6,18,25,10,8,11,24,12,21,19,2,20,23,4,13,20,22,16,1,7,4,3,9,7,22,14,1,11,14,26,5,13,5,15,9,4,6,2,16,5,12,6,13,3,14,21,20,3,20,6,10,21,8,8,2,19,8,17,5,23,21,13,2,23,10,17,9,2,26,13,5,9,12,16,2,17,17,10,21,7,23,23,15,5,21,9,15,7,9,9,4,24,13,3,18,4,16,12,18,15,25,25,17,23,24,11,15,6,13,5,19,8,3,15,13,9,17,2,16,15,13,23,15,12,9,19,21,21,15,26,25,9,6,5,3,11,16,3,24,21,11,23,6,26,6,7,21,1,14,2,25,13,6,8,24,22,1,24,12,12,16,25,12,14,17,9,10,11,25,7",5000,100
20,39,303514.75563587254,24.49139445533602,"17,10,19,15,26,6,18,25,10,8,11,24,12,21,19,2,20,23,4,13,20,22,16,1,7,4,3,9,7,22,14,1,11,14,26,5,13,5,15,9,4,6,2,16,5,12,6,13,3,14,21,20,3,20,6,10,21,8,8,2,19,8,17,5,23,21,13,2,23,10,17,9,2,26,13,5,9,12,16,2,17,17,10,21,7,23,23,15,5,21,9,15,7,9,9,4,24,13,3,18,4,16,12,18,15,25,25,17,23,24,11,15,6,13,5,19,8,3,15,13,9,17,2,16,15,13,23,15,12,9,19,21,21,15,26,25,9,6,5,3,11,16,3,24,21,11,23,6,26,6,7,21,1,14,2,25,13,6,8,24,22,1,24,12,12,16,25,12,14,17,9,10,11,25,7",5000,100
20,40,303514.75563587254,24.49139445533602,"17,10,19,15,26,6,18,25,10,8,11,24,12,21,19,2,20,23,4,13,20,22,16,1,7,4,3,9,7,22,14,1,11,14,26,5,13,5,15,9,4,6,2,16,5,12,6,13,3,14,21,20,3,20,6,10,21,8,8,2,19,8,17,5,23,21,13,2,23,10,17,9,2,26,13,5,9,12,16,2,17,17,10,21,7,23,23,15,5,21,9,15,7,9,9,4,24,13,3,18,4,16,12,18,15,25,25,17,23,24,11,15,6,13,5,19,8,3,15,13,9,17,2,16,15,13,23,15,12,9,19,21,21,15,26,25,9,6,5,3,11,16,3,24,21,11,23,6,26,6,7,21,1,14,2,25,13,6,8,24,22,1,24,12,12,16,25,12,14,17,9,10,11,25,7",5000,100
20,41,303514.75563587254,24.49139445533602,"17,10,19,15,26,6,18,25,10,8,11,24,12,21,19,2,20,23,4,13,20,22,16,1,7,4,3,9,7,22,14,1,11,14,26,5,13,5,15,9,4,6,2,16,5,12,6,13,3,14,21,20,3,20,6,10,21,8,8,2,19,8,17,5,23,21,13,2,23,10,17,9,2,26,13,5,9,12,16,2,17,17,10,21,7,23,23,15,5,21,9,15,7,9,9,4,24,13,3,18,4,16,12,18,15,25,25,17,23,24,11,15,6,13,5,19,8,3,15,13,9,17,2,16,15,13,23,15,12,9,19,21,21,15,26,25,9,6,5,3,11,16,3,24,21,11,23,6,26,6,7,21,1,14,2,25,13,6,8,24,22,1,24,12,12,16,25,12,14,17,9,10,11,25,7",5000,100
20,42,303514.75563587254,24.49139445533602,"17,10,19,15,26,6,18,25,10,8,11,24,12,21,19,2,20,23,4,13,20,22,16,1,7,4,3,9,7,22,14,1,11,14,26,5,13,5,15,9,4,6,2,16,5,12,6,13,3,14,21,20,3,20,6,10,21,8,8,2,19,8,17,5,23,21,13,2,23,10,17,9,2,26,13,5,9,12,16,2,17,17,10,21,7,23,23,15,5,21,9,15,7,9,9,4,24,13,3,18,4,16,12,18,15,25,25,17,23,24,11,15,6,13,5,19,8,3,15,13,9,17,2,16,15,13,23,15,12,9,19,21,21,15,26,25,9,6,5,3,11,16,3,24,21,11,23,6,26,6,7,21,1,14,2,25,13,6,8,24,22,1,24,12,12,16,25,12,14,17,9,10,11,25,7",5000,100
20,43,303514.75563587254,24.49139445533602,"17,10,19,15,26,6,18,25,10,8,11,24,12,21,19,2,20,23,4,13,20,22,16,1,7,4,3,9,7,22,14,1,11,14,26,5,13,5,15,9,4,6,2,16,5,12,6,13,3,14,21,20,3,20,6,10,21,8,8,2,19,8,17,5,23,21,13,2,23,10,17,9,2,26,13,5,9,12,16,2,17,17,10,21,7,23,23,15,5,21,9,15,7,9,9,4,24,13,3,18,4,16,12,18,15,25,25,17,23,24,11,15,6,13,5,19,8,3,15,13,9,17,2,16,15,13,23,15,12,9,19,21,21,15,26,25,9,6,5,3,11,16,3,24,21,11,23,6,26,6,7,21,1,14,2,25,13,6,8,24,22,1,24,12,12,16,25,12,14,17,9,10,11,25,7",5000,100
20,44,303514.75563587254,24.49139445533602,"17,10,19,15,26,6,18,25,10,8,11,24,12,21,19,2,20,23,4,13,20,22,16,1,7,4,3,9,7,22,14,1,11,14,26,5,13,5,15,9,4,6,2,16,5,12,6,13,3,14,21,20,3,20,6,10,21,8,8,2,19,8,17,5,23,21,13,2,23,10,17,9,2,26,13,5,9,12,16,2,17,17,10,21,7,23,23,15,5,21,9,15,7,9,9,4,24,13,3,18,4,16,12,18,15,25,25,17,23,24,11,15,6,13,5,19,8,3,15,13,9,17,2,16,15,13,23,15,12,9,19,21,21,15,26,25,9,6,5,3,11,16,3,24,21,11,23,6,26,6,7,21,1,14,2,25,13,6,8,24,22,1,24,12,12,16,25,12,14,17,9,10,11,25,7",5000,100
20,45,303514.75563587254,24.49139445533602,"17,10,19,15,26,6,18,25,10,8,11,24,12,21,19,2,20,23,4,13,20,22,16,1,7,4,3,9,7,22,14,1,11,14,26,5,13,5,15,9,4,6,2,16,5,12,6,13,3,14,21,20,3,20,6,10,21,8,8,2,19,8,17,5,23,21,13,2,23,10,17,9,2,26,13,5,9,12,16,2,17,17,10,21,7,23,23,15,5,21,9,15,7,9,9,4,24,13,3,18,4,16,12,18,15,25,25,17,23,24,11,15,6,13,5,19,8,3,15,13,9,17,2,16,15,13,23,15,12,9,19,21,21,15,26,25,9,6,5,3,11,16,3,24,21,11,23,6,26,6,7,21,1,14,2,25,13,6,8,24,22,1,24,12,12,16,25,12,14,17,9,10,11,25,7",5000,100
20,46,303514.75563587254,24.49139445533602,"17,10,19,15,26,6,18,25,10,8,11,24,12,21,19,2,20,23,4,13,20,22,16,1,7,4,3,9,7,22,14,1,11,14,26,5,13,5,15,9,4,6,2,16,5,12,6,13,3,14,21,20,3,20,6,10,21,8,8,2,19,8,17,5,23,21,13,2,23,10,17,9,2,26,13,5,9,12,16,2,17,17,10,21,7,23,23,15,5,21,9,15,7,9,9,4,24,13,3,18,4,16,12,18,15,25,25,17,23,24,11,15,6,13,5,19,8,3,15,13,9,17,2,16,15,13,23,15,12,9,19,21,21,15,26,25,9,6,5,3,11,16,3,24,21,11,23,6,26,6,7,21,1,14,2,25,13,6,8,24,22,1,24,12,12,16,25,12,14,17,9,10,11,25,7",5000,100
20,47,303514.75563587254,24.49139445533602,"17,10,19,15,26,6,18,25,10,8,11,24,12,21,19,2,20,23,4,13,20,22,16,1,7,4,3,9,7,22,14,1,11,14,26,5,13,5,15,9,4,6,2,16,5,12,6,13,3,14,21,20,3,20,6,10,21,8,8,2,19,8,17,5,23,21,13,2,23,10,17,9,2,26,13,5,9,12,16,2,17,17,10,21,7,23,23,15,5,21,9,15,7,9,9,4,24,13,3,18,4,16,12,18,15,25,25,17,23,24,11,15,6,13,5,19,8,3,15,13,9,17,2,16,15,13,23,15,12,9,19,21,21,15,26,25,9,6,5,3,11,16,3,24,21,11,23,6,26,6,7,21,1,14,2,25,13,6,8,24,22,1,24,12,12,16,25,12,14,17,9,10,11,25,7",5000,100
20,48,303514.75563587254,24.49139445533602,"17,10,19,15,26,6,18,25,10,8,11,24,12,21,19,2,20,23,4,13,20,22,16,1,7,4,3,9,7,22,14,1,11,14,26,5,13,5,15,9,4,6,2,16,5,12,6,13,3,14,21,20,3,20,6,10,21,8,8,2,19,8,17,5,23,21,13,2,23,10,17,9,2,26,13,5,9,12,16,2,17,17,10,21,7,23,23,15,5,21,9,15,7,9,9,4,24,13,3,18,4,16,12,18,15,25,25,17,23,24,11,15,6,13,5,19,8,3,15,13,9,17,2,16,15,13,23,15,12,9,19,21,21,15,26,25,9,6,5,3,11,16,3,24,21,11,23,6,26,6,7,21,1,14,2,25,13,6,8,24,22,1,24,12,12,16,25,12,14,17,9,10,11,25,7",5000,100
20,49,303514.75563587254,24.49139445533602,"17,10,19,15,26,6,18,25,10,8,11,24,12,21,19,2,20,23,4,13,20,22,16,1,7,4,3,9,7,22,14,1,11,14,26,5,13,5,15,9,4,6,2,16,5,12,6,13,3,14,21,20,3,20,6,10,21,8,8,2,19,8,17,5,23,21,13,2,23,10,17,9,2,26,13,5,9,12,16,2,17,17,10,21,7,23,23,15,5,21,9,15,7,9,9,4,24,13,3,18,4,16,12,18,15,25,25,17,23,24,11,15,6,13,5,19,8,3,15,13,9,17,2,16,15,13,23,15,12,9,19,21,21,15,26,25,9,6,5,3,11,16,3,24,21,11,23,6,26,6,7,21,1,14,2,25,13,6,8,24,22,1,24,12,12,16,25,12,14,17,9,10,11,25,7",5000,100
20,50,303514.75563587254,24.49139445533602,"17,10,19,15,26,6,18,25,10,8,11,24,12,21,19,2,20,23,4,13,20,22,16,1,7,4,3,9,7,22,14,1,11,14,26,5,13,5,15,9,4,6,2,16,5,12,6,13,3,14,21,20,3,20,6,10,21,8,8,2,19,8,17,5,23,21,13,2,23,10,17,9,2,26,13,5,9,12,16,2,17,17,10,21,7,23,23,15,5,21,9,15,7,9,9,4,24,13,3,18,4,16,12,18,15,25,25,17,23,24,11,15,6,13,5,19,8,3,15,13,9,17,2,16,15,13,23,15,12,9,19,21,21,15,26,25,9,6,5,3,11,16,3,24,21,11,23,6,26,6,7,21,1,14,2,25,13,6,8,24,22,1,24,12,12,16,25,12,14,17,9,10,11,25,7",5000,100
20,51,303514.75563587254,24.49139445533602,"17,10,19,15,26,6,18,25,10,8,11,24,12,21,19,2,20,23,4,13,20,22,16,1,7,4,3,9,7,22,14,1,11,14,26,5,13,5,15,9,4,6,2,16,5,12,6,13,3,14,21,20,3,20,6,10,21,8,8,2,19,8,17,5,23,21,13,2,23,10,17,9,2,26,13,5,9,12,16,2,17,17,10,21,7,23,23,15,5,21,9,15,7,9,9,4,24,13,3,18,4,16,12,18,15,25,25,17,23,24,11,15,6,13,5,19,8,3,15,13,9,17,2,16,15,13,23,15,12,9,19,21,21,15,26,25,9,6,5,3,11,16,3,24,21,11,23,6,26,6,7,21,1,14,2,25,13,6,8,24,22,1,24,12,12,16,25,12,14,17,9,10,11,25,7",5000,100
20,52,303514.75563587254,24.49139445533602,"17,10,19,15,26,6,18,25,10,8,11,24,12,21,19,2,20,23,4,13,20,22,16,1,7,4,3,9,7,22,14,1,11,14,26,5,13,5,15,9,4,6,2,16,5,12,6,13,3,14,21,20,3,20,6,10,21,8,8,2,19,8,17,5,23,21,13,2,23,10,17,9,2,26,13,5,9,12,16,2,17,17,10,21,7,23,23,15,5,21,9,15,7,9,9,4,24,13,3,18,4,16,12,18,15,25,25,17,23,24,11,15,6,13,5,19,8,3,15,13,9,17,2,16,15,13,23,15,12,9,19,21,21,15,26,25,9,6,5,3,11,16,3,24,21,11,23,6,26,6,7,21,1,14,2,25,13,6,8,24,22,1,24,12,12,16,25,12,14,17,9,10,11,25,7",5000,100
20,53,303514.75563587254,24.49139445533602,"17,10,19,15,26,6,18,25,10,8,11,24,12,21,19,2,20,23,4,13,20,22,16,1,7,4,3,9,7,22,14,1,11,14,26,5,13,5,15,9,4,6,2,16,5,12,6,13,3,14,21,20,3,20,6,10,21,8,8,2,19,8,17,5,23,21,13,2,23,10,17,9,2,26,13,5,9,12,16,2,17,17,10,21,7,23,23,15,5,21,9,15,7,9,9,4,24,13,3,18,4,16,12,18,15,25,25,17,23,24,11,15,6,13,5,19,8,3,15,13,9,17,2,16,15,13,23,15,12,9,19,21,21,15,26,25,9,6,5,3,11,16,3,24,21,11,23,6,26,6,7,21,1,14,2,25,13,6,8,24,22,1,24,12,12,16,25,12,14,17,9,10,11,25,7",5000,100
20,54,303514.75563587254,24.49139445533602,"17,10,19,15,26,6,18,25,10,8,11,24,12,21,19,2,20,23,4,13,20,22,16,1,7,4,3,9,7,22,14,1,11,14,26,5,13,5,15,9,4,6,2,16,5,12,6,13,3,14,21,20,3,20,6,10,21,8,8,2,19,8,17,5,23,21,13,2,23,10,17,9,2,26,13,5,9,12,16,2,17,17,10,21,7,23,23,15,5,21,9,15,7,9,9,4,24,13,3,18,4,16,12,18,15,25,25,17,23,24,11,15,6,13,5,19,8,3,15,13,9,17,2,16,15,13,23,15,12,9,19,21,21,15,26,25,9,6,5,3,11,16,3,24,21,11,23,6,26,6,7,21,1,14,2,25,13,6,8,24,22,1,24,12,12,16,25,12,14,17,9,10,11,25,7",5000,100
20,55,303514.75563587254,24.49139445533602,"17,10,19,15,26,6,18,25,10,8,11,24,12,21,19,2,20,23,4,13,20,22,16,1,7,4,3,9,7,22,14,1,11,14,26,5,13,5,15,9,4,6,2,16,5,12,6,13,3,14,21,20,3,20,6,10,21,8,8,2,19,8,17,5,23,21,13,2,23,10,17,9,2,26,13,5,9,12,16,2,17,17,10,21,7,23,23,15,5,21,9,15,7,9,9,4,24,13,3,18,4,16,12,18,15,25,25,17,23,24,11,15,6,13,5,19,8,3,15,13,9,17,2,16,15,13,23,15,12,9,19,21,21,15,26,25,9,6,5,3,11,16,3,24,21,11,23,6,26,6,7,21,1,14,2,25,13,6,8,24,22,1,24,12,12,16,25,12,14,17,9,10,11,25,7",5000,100
20,56,303514.75563587254,24.49139445533602,"17,10,19,15,26,6,18,25,10,8,11,24,12,21,19,2,20,23,4,13,20,22,16,1,7,4,3,9,7,22,14,1,11,14,26,5,13,5,15,9,4,6,2,16,5,12,6,13,3,14,21,20,3,20,6,10,21,8,8,2,19,8,17,5,23,21,13,2,23,10,17,9,2,26,13,5,9,12,16,2,17,17,10,21,7,23,23,15,5,21,9,15,7,9,9,4,24,13,3,18,4,16,12,18,15,25,25,17,23,24,11,15,6,13,5,19,8,3,15,13,9,17,2,16,15,13,23,15,12,9,19,21,21,15,26,25,9,6,5,3,11,16,3,24,21,11,23,6,26,6,7,21,1,14,2,25,13,6,8,24,22,1,24,12,12,16,25,12,14,17,9,10,11,25,7",5000,100
20,57,303514.75563587254,24.49139445533602,"17,10,19,15,26,6,18,25,10,8,11,24,12,21,19,2,20,23,4,13,20,22,16,1,7,4,3,9,7,22,14,1,11,14,26,5,13,5,15,9,4,6,2,16,5,12,6,13,3,14,21,20,3,20,6,10,21,8,8,2,19,8,17,5,23,21,13,2,23,10,17,9,2,26,13,5,9,12,16,2,17,17,10,21,7,23,23,15,5,21,9,15,7,9,9,4,24,13,3,18,4,16,12,18,15,25,25,17,23,24,11,15,6,13,5,19,8,3,15,13,9,17,2,16,15,13,23,15,12,9,19,21,21,15,26,25,9,6,5,3,11,16,3,24,21,11,23,6,26,6,7,21,1,14,2,25,13,6,8,24,22,1,24,12,12,16,25,12,14,17,9,10,11,25,7",5000,100
20,58,303514.75563587254,24.49139445533602,"17,10,19,15,26,6,18,25,10,8,11,24,12,21,19,2,20,23,4,13,20,22,16,1,7,4,3,9,7,22,14,1,11,14,26,5,13,5,15,9,4,6,2,16,5,12,6,13,3,14,21,20,3,20,6,10,21,8,8,2,19,8,17,5,23,21,13,2,23,10,17,9,2,26,13,5,9,12,16,2,17,17,10,21,7,23,23,15,5,21,9,15,7,9,9,4,24,13,3,18,4,16,12,18,15,25,25,17,23,24,11,15,6,13,5,19,8,3,15,13,9,17,2,16,15,13,23,15,12,9,19,21,21,15,26,25,9,6,5,3,11,16,3,24,21,11,23,6,26,6,7,21,1,14,2,25,13,6,8,24,22,1,24,12,12,16,25,12,14,17,9,10,11,25,7",5000,100
20,59,303514.75563587254,24.49139445533602,"17,10,19,15,26,6,18,25,10,8,11,24,12,21,19,2,20,23,4,13,20,22,16,1,7,4,3,9,7,22,14,1,11,14,26,5,13,5,15,9,4,6,2,16,5,12,6,13,3,14,21,20,3,20,6,10,21,8,8,2,19,8,17,5,23,21,13,2,23,10,17,9,2,26,13,5,9,12,16,2,17,17,10,21,7,23,23,15,5,21,9,15,7,9,9,4,24,13,3,18,4,16,12,18,15,25,25,17,23,24,11,15,6,13,5,19,8,3,15,13,9,17,2,16,15,13,23,15,12,9,19,21,21,15,26,25,9,6,5,3,11,16,3,24,21,11,23,6,26,6,7,21,1,14,2,25,13,6,8,24,22,1,24,12,12,16,25,12,14,17,9,10,11,25,7",5000,100
20,60,303514.75563587254,24.49139445533602,"17,10,19,15,26,6,18,25,10,8,11,24,12,21,19,2,20,23,4,13,20,22,16,1,7,4,3,9,7,22,14,1,11,14,26,5,13,5,15,9,4,6,2,16,5,12,6,13,3,14,21,20,3,20,6,10,21,8,8,2,19,8,17,5,23,21,13,2,23,10,17,9,2,26,13,5,9,12,16,2,17,17,10,21,7,23,23,15,5,21,9,15,7,9,9,4,24,13,3,18,4,16,12,18,15,25,25,17,23,24,11,15,6,13,5,19,8,3,15,13,9,17,2,16,15,13,23,15,12,9,19,21,21,15,26,25,9,6,5,3,11,16,3,24,21,11,23,6,26,6,7,21,1,14,2,25,13,6,8,24,22,1,24,12,12,16,25,12,14,17,9,10,11,25,7",5000,100
20,61,303514.75563587254,24.49139445533602,"17,10,19,15,26,6,18,25,10,8,11,24,12,21,19,2,20,23,4,13,20,22,16,1,7,4,3,9,7,22,14,1,11,14,26,5,13,5,15,9,4,6,2,16,5,12,6,13,3,14,21,20,3,20,6,10,21,8,8,2,19,8,17,5,23,21,13,2,23,10,17,9,2,26,13,5,9,12,16,2,17,17,10,21,7,23,23,15,5,21,9,15,7,9,9,4,24,13,3,18,4,16,12,18,15,25,25,17,23,24,11,15,6,13,5,19,8,3,15,13,9,17,2,16,15,13,23,15,12,9,19,21,21,15,26,25,9,6,5,3,11,16,3,24,21,11,23,6,26,6,7,21,1,14,2,25,13,6,8,24,22,1,24,12,12,16,25,12,14,17,9,10,11,25,7",5000,100
20,62,303514.75563587254,24.49139445533602,"17,10,19,15,26,6,18,25,10,8,11,24,12,21,19,2,20,23,4,13,20,22,16,1,7,4,3,9,7,22,14,1,11,14,26,5,13,5,15,9,4,6,2,16,5,12,6,13,3,14,21,20,3,20,6,10,21,8,8,2,19,8,17,5,23,21,13,2,23,10,17,9,2,26,13,5,9,12,16,2,17,17,10,21,7,23,23,15,5,21,9,15,7,9,9,4,24,13,3,18,4,16,12,18,15,25,25,17,23,24,11,15,6,13,5,19,8,3,15,13,9,17,2,16,15,13,23,15,12,9,19,21,21,15,26,25,9,6,5,3,11,16,3,24,21,11,23,6,26,6,7,21,1,14,2,25,13,6,8,24,22,1,24,12,12,16,25,12,14,17,9,10,11,25,7",5000,100
20,63,303514.75563587254,24.49139445533602,"17,10,19,15,26,6,18,25,10,8,11,24,12,21,19,2,20,23,4,13,20,22,16,1,7,4,3,9,7,22,14,1,11,14,26,5,13,5,15,9,4,6,2,16,5,12,6,13,3,14,21,20,3,20,6,10,21,8,8,2,19,8,17,5,23,21,13,2,23,10,17,9,2,26,13,5,9,12,16,2,17,17,10,21,7,23,23,15,5,21,9,15,7,9,9,4,24,13,3,18,4,16,12,18,15,25,25,17,23,24,11,15,6,13,5,19,8,3,15,13,9,17,2,16,15,13,23,15,12,9,19,21,21,15,26,25,9,6,5,3,11,16,3,24,21,11,23,6,26,6,7,21,1,14,2,25,13,6,8,24,22,1,24,12,12,16,25,12,14,17,9,10,11,25,7",5000,100
20,64,303514.75563587254,24.49139445533602,"17,10,19,15,26,6,18,25,10,8,11,24,12,21,19,2,20,23,4,13,20,22,16,1,7,4,3,9,7,22,14,1,11,14,26,5,13,5,15,9,4,6,2,16,5,12,6,13,3,14,21,20,3,20,6,10,21,8,8,2,19,8,17,5,23,21,13,2,23,10,17,9,2,26,13,5,9,12,16,2,17,17,10,21,7,23,23,15,5,21,9,15,7,9,9,4,24,13,3,18,4,16,12,18,15,25,25,17,23,24,11,15,6,13,5,19,8,3,15,13,9,17,2,16,15,13,23,15,12,9,19,21,21,15,26,25,9,6,5,3,11,16,3,24,21,11,23,6,26,6,7,21,1,14,2,25,13,6,8,24,22,1,24,12,12,16,25,12,14,17,9,10,11,25,7",5000,100
20,65,303514.75563587254,24.49139445533602,"17,10,19,15,26,6,18,25,10,8,11,24,12,21,19,2,20,23,4,13,20,22,16,1,7,4,3,9,7,22,14,1,11,14,26,5,13,5,15,9,4,6,2,16,5,12,6,13,3,14,21,20,3,20,6,10,21,8,8,2,19,8,17,5,23,21,13,2,23,10,17,9,2,26,13,5,9,12,16,2,17,17,10,21,7,23,23,15,5,21,9,15,7,9,9,4,24,13,3,18,4,16,12,18,15,25,25,17,23,24,11,15,6,13,5,19,8,3,15,13,9,17,2,16,15,13,23,15,12,9,19,21,21,15,26,25,9,6,5,3,11,16,3,24,21,11,23,6,26,6,7,21,1,14,2,25,13,6,8,24,22,1,24,12,12,16,25,12,14,17,9,10,11,25,7",5000,100
20,66,303514.75563587254,24.49139445533602,"17,10,19,15,26,6,18,25,10,8,11,24,12,21,19,2,20,23,4,13,20,22,16,1,7,4,3,9,7,22,14,1,11,14,26,5,13,5,15,9,4,6,2,16,5,12,6,13,3,14,21,20,3,20,6,10,21,8,8,2,19,8,17,5,23,21,13,2,23,10,17,9,2,26,13,5,9,12,16,2,17,17,10,21,7,23,23,15,5,21,9,15,7,9,9,4,24,13,3,18,4,16,12,18,15,25,25,17,23,24,11,15,6,13,5,19,8,3,15,13,9,17,2,16,15,13,23,15,12,9,19,21,21,15,26,25,9,6,5,3,11,16,3,24,21,11,23,6,26,6,7,21,1,14,2,25,13,6,8,24,22,1,24,12,12,16,25,12,14,17,9,10,11,25,7",5000,100
20,67,303514.75563587254,24.49139445533602,"17,10,19,15,26,6,18,25,10,8,11,24,12,21,19,2,20,23,4,13,20,22,16,1,7,4,3,9,7,22,14,1,11,14,26,5,13,5,15,9,4,6,2,16,5,12,6,13,3,14,21,20,3,20,6,10,21,8,8,2,19,8,17,5,23,21,13,2,23,10,17,9,2,26,13,5,9,12,16,2,17,17,10,21,7,23,23,15,5,21,9,15,7,9,9,4,24,13,3,18,4,16,12,18,15,25,25,17,23,24,11,15,6,13,5,19,8,3,15,13,9,17,2,16,15,13,23,15,12,9,19,21,21,15,26,25,9,6,5,3,11,16,3,24,21,11,23,6,26,6,7,21,1,14,2,25,13,6,8,24,22,1,24,12,12,16,25,12,14,17,9,10,11,25,7",5000,100
20,68,303514.75563587254,24.49139445533602,"17,10,19,15,26,6,18,25,10,8,11,24,12,21,19,2,20,23,4,13,20,22,16,1,7,4,3,9,7,22,14,1,11,14,26,5,13,5,15,9,4,6,2,16,5,12,6,13,3,14,21,20,3,20,6,10,21,8,8,2,19,8,17,5,23,21,13,2,23,10,17,9,2,26,13,5,9,12,16,2,17,17,10,21,7,23,23,15,5,21,9,15,7,9,9,4,24,13,3,18,4,16,12,18,15,25,25,17,23,24,11,15,6,13,5,19,8,3,15,13,9,17,2,16,15,13,23,15,12,9,19,21,21,15,26,25,9,6,5,3,11,16,3,24,21,11,23,6,26,6,7,21,1,14,2,25,13,6,8,24,22,1,24,12,12,16,25,12,14,17,9,10,11,25,7",5000,100
20,69,303514.75563587254,24.49139445533602,"17,10,19,15,26,6,18,25,10,8,11,24,12,21,19,2,20,23,4,13,20,22,16,1,7,4,3,9,7,22,14,1,11,14,26,5,13,5,15,9,4,6,2,16,5,12,6,13,3,14,21,20,3,20,6,10,21,8,8,2,19,8,17,5,23,21,13,2,23,10,17,9,2,26,13,5,9,12,16,2,17,17,10,21,7,23,23,15,5,21,9,15,7,9,9,4,24,13,3,18,4,16,12,18,15,25,25,17,23,24,11,15,6,13,5,19,8,3,15,13,9,17,2,16,15,13,23,15,12,9,19,21,21,15,26,25,9,6,5,3,11,16,3,24,21,11,23,6,26,6,7,21,1,14,2,25,13,6,8,24,22,1,24,12,12,16,25,12,14,17,9,10,11,25,7",5000,100
20,70,303514.75563587254,24.49139445533602,"17,10,19,15,26,6,18,25,10,8,11,24,12,21,19,2,20,23,4,13,20,22,16,1,7,4,3,9,7,22,14,1,11,14,26,5,13,5,15,9,4,6,2,16,5,12,6,13,3,14,21,20,3,20,6,10,21,8,8,2,19,8,17,5,23,21,13,2,23,10,17,9,2,26,13,5,9,12,16,2,17,17,10,21,7,23,23,15,5,21,9,15,7,9,9,4,24,13,3,18,4,16,12,18,15,25,25,17,23,24,11,15,6,13,5,19,8,3,15,13,9,17,2,16,15,13,23,15,12,9,19,21,21,15,26,25,9,6,5,3,11,16,3,24,21,11,23,6,26,6,7,21,1,14,2,25,13,6,8,24,22,1,24,12,12,16,25,12,14,17,9,10,11,25,7",5000,100
20,71,303514.75563587254,24.49139445533602,"17,10,19,15,26,6,18,25,10,8,11,24,12,21,19,2,20,23,4,13,20,22,16,1,7,4,3,9,7,22,14,1,11,14,26,5,13,5,15,9,4,6,2,16,5,12,6,13,3,14,21,20,3,20,6,10,21,8,8,2,19,8,17,5,23,21,13,2,23,10,17,9,2,26,13,5,9,12,16,2,17,17,10,21,7,23,23,15,5,21,9,15,7,9,9,4,24,13,3,18,4,16,12,18,15,25,25,17,23,24,11,15,6,13,5,19,8,3,15,13,9,17,2,16,15,13,23,15,12,9,19,21,21,15,26,25,9,6,5,3,11,16,3,24,21,11,23,6,26,6,7,21,1,14,2,25,13,6,8,24,22,1,24,12,12,16,25,12,14,17,9,10,11,25,7",5000,100
20,72,303514.75563587254,24.49139445533602,"17,10,19,15,26,6,18,25,10,8,11,24,12,21,19,2,20,23,4,13,20,22,16,1,7,4,3,9,7,22,14,1,11,14,26,5,13,5,15,9,4,6,2,16,5,12,6,13,3,14,21,20,3,20,6,10,21,8,8,2,19,8,17,5,23,21,13,2,23,10,17,9,2,26,13,5,9,12,16,2,17,17,10,21,7,23,23,15,5,21,9,15,7,9,9,4,24,13,3,18,4,16,12,18,15,25,25,17,23,24,11,15,6,13,5,19,8,3,15,13,9,17,2,16,15,13,23,15,12,9,19,21,21,15,26,25,9,6,5,3,11,16,3,24,21,11,23,6,26,6,7,21,1,14,2,25,13,6,8,24,22,1,24,12,12,16,25,12,14,17,9,10,11,25,7",5000,100
20,73,303514.75563587254,24.49139445533602,"17,10,19,15,26,6,18,25,10,8,11,24,12,21,19,2,20,23,4,13,20,22,16,1,7,4,3,9,7,22,14,1,11,14,26,5,13,5,15,9,4,6,2,16,5,12,6,13,3,14,21,20,3,20,6,10,21,8,8,2,19,8,17,5,23,21,13,2,23,10,17,9,2,26,13,5,9,12,16,2,17,17,10,21,7,23,23,15,5,21,9,15,7,9,9,4,24,13,3,18,4,16,12,18,15,25,25,17,23,24,11,15,6,13,5,19,8,3,15,13,9,17,2,16,15,13,23,15,12,9,19,21,21,15,26,25,9,6,5,3,11,16,3,24,21,11,23,6,26,6,7,21,1,14,2,25,13,6,8,24,22,1,24,12,12,16,25,12,14,17,9,10,11,25,7",5000,100
20,74,303514.75563587254,24.49139445533602,"17,10,19,15,26,6,18,25,10,8,11,24,12,21,19,2,20,23,4,13,20,22,16,1,7,4,3,9,7,22,14,1,11,14,26,5,13,5,15,9,4,6,2,16,5,12,6,13,3,14,21,20,3,20,6,10,21,8,8,2,19,8,17,5,23,21,13,2,23,10,17,9,2,26,13,5,9,12,16,2,17,17,10,21,7,23,23,15,5,21,9,15,7,9,9,4,24,13,3,18,4,16,12,18,15,25,25,17,23,24,11,15,6,13,5,19,8,3,15,13,9,17,2,16,15,13,23,15,12,9,19,21,21,15,26,25,9,6,5,3,11,16,3,24,21,11,23,6,26,6,7,21,1,14,2,25,13,6,8,24,22,1,24,12,12,16,25,12,14,17,9,10,11,25,7",5000,100
20,75,303514.75563587254,24.49139445533602,"17,10,19,15,26,6,18,25,10,8,11,24,12,21,19,2,20,23,4,13,20,22,16,1,7,4,3,9,7,22,14,1,11,14,26,5,13,5,15,9,4,6,2,16,5,12,6,13,3,14,21,20,3,20,6,10,21,8,8,2,19,8,17,5,23,21,13,2,23,10,17,9,2,26,13,5,9,12,16,2,17,17,10,21,7,23,23,15,5,21,9,15,7,9,9,4,24,13,3,18,4,16,12,18,15,25,25,17,23,24,11,15,6,13,5,19,8,3,15,13,9,17,2,16,15,13,23,15,12,9,19,21,21,15,26,25,9,6,5,3,11,16,3,24,21,11,23,6,26,6,7,21,1,14,2,25,13,6,8,24,22,1,24,12,12,16,25,12,14,17,9,10,11,25,7",5000,100
20,76,303514.75563587254,24.49139445533602,"17,10,19,15,26,6,18,25,10,8,11,24,12,21,19,2,20,23,4,13,20,22,16,1,7,4,3,9,7,22,14,1,11,14,26,5,13,5,15,9,4,6,2,16,5,12,6,13,3,14,21,20,3,20,6,10,21,8,8,2,19,8,17,5,23,21,13,2,23,10,17,9,2,26,13,5,9,12,16,2,17,17,10,21,7,23,23,15,5,21,9,15,7,9,9,4,24,13,3,18,4,16,12,18,15,25,25,17,23,24,11,15,6,13,5,19,8,3,15,13,9,17,2,16,15,13,23,15,12,9,19,21,21,15,26,25,9,6,5,3,11,16,3,24,21,11,23,6,26,6,7,21,1,14,2,25,13,6,8,24,22,1,24,12,12,16,25,12,14,17,9,10,11,25,7",5000,100
20,77,303514.75563587254,24.49139445533602,"17,10,19,15,26,6,18,25,10,8,11,24,12,21,19,2,20,23,4,13,20,22,16,1,7,4,3,9,7,22,14,1,11,14,26,5,13,5,15,9,4,6,2,16,5,12,6,13,3,14,21,20,3,20,6,10,21,8,8,2,19,8,17,5,23,21,13,2,23,10,17,9,2,26,13,5,9,12,16,2,17,17,10,21,7,23,23,15,5,21,9,15,7,9,9,4,24,13,3,18,4,16,12,18,15,25,25,17,23,24,11,15,6,13,5,19,8,3,15,13,9,17,2,16,15,13,23,15,12,9,19,21,21,15,26,25,9,6,5,3,11,16,3,24,21,11,23,6,26,6,7,21,1,14,2,25,13,6,8,24,22,1,24,12,12,16,25,12,14,17,9,10,11,25,7",5000,100
20,78,303514.75563587254,24.49139445533602,"17,10,19,15,26,6,18,25,10,8,11,24,12,21,19,2,20,23,4,13,20,22,16,1,7,4,3,9,7,22,14,1,11,14,26,5,13,5,15,9,4,6,2,16,5,12,6,13,3,14,21,20,3,20,6,10,21,8,8,2,19,8,17,5,23,21,13,2,23,10,17,9,2,26,13,5,9,12,16,2,17,17,10,21,7,23,23,15,5,21,9,15,7,9,9,4,24,13,3,18,4,16,12,18,15,25,25,17,23,24,11,15,6,13,5,19,8,3,15,13,9,17,2,16,15,13,23,15,12,9,19,21,21,15,26,25,9,6,5,3,11,16,3,24,21,11,23,6,26,6,7,21,1,14,2,25,13,6,8,24,22,1,24,12,12,16,25,12,14,17,9,10,11,25,7",5000,100
20,79,303514.75563587254,24.49139445533602,"17,10,19,15,26,6,18,25,10,8,11,24,12,21,19,2,20,23,4,13,20,22,16,1,7,4,3,9,7,22,14,1,11,14,26,5,13,5,15,9,4,6,2,16,5,12,6,13,3,14,21,20,3,20,6,10,21,8,8,2,19,8,17,5,23,21,13,2,23,10,17,9,2,26,13,5,9,12,16,2,17,17,10,21,7,23,23,15,5,21,9,15,7,9,9,4,24,13,3,18,4,16,12,18,15,25,25,17,23,24,11,15,6,13,5,19,8,3,15,13,9,17,2,16,15,13,23,15,12,9,19,21,21,15,26,25,9,6,5,3,11,16,3,24,21,11,23,6,26,6,7,21,1,14,2,25,13,6,8,24,22,1,24,12,12,16,25,12,14,17,9,10,11,25,7",5000,100
20,80,303514.75563587254,24.49139445533602,"17,10,19,15,26,6,18,25,10,8,11,24,12,21,19,2,20,23,4,13,20,22,16,1,7,4,3,9,7,22,14,1,11,14,26,5,13,5,15,9,4,6,2,16,5,12,6,13,3,14,21,20,3,20,6,10,21,8,8,2,19,8,17,5,23,21,13,2,23,10,17,9,2,26,13,5,9,12,16,2,17,17,10,21,7,23,23,15,5,21,9,15,7,9,9,4,24,13,3,18,4,16,12,18,15,25,25,17,23,24,11,15,6,13,5,19,8,3,15,13,9,17,2,16,15,13,23,15,12,9,19,21,21,15,26,25,9,6,5,3,11,16,3,24,21,11,23,6,26,6,7,21,1,14,2,25,13,6,8,24,22,1,24,12,12,16,25,12,14,17,9,10,11,25,7",5000,100
20,81,303514.75563587254,24.49139445533602,"17,10,19,15,26,6,18,25,10,8,11,24,12,21,19,2,20,23,4,13,20,22,16,1,7,4,3,9,7,22,14,1,11,14,26,5,13,5,15,9,4,6,2,16,5,12,6,13,3,14,21,20,3,20,6,10,21,8,8,2,19,8,17,5,23,21,13,2,23,10,17,9,2,26,13,5,9,12,16,2,17,17,10,21,7,23,23,15,5,21,9,15,7,9,9,4,24,13,3,18,4,16,12,18,15,25,25,17,23,24,11,15,6,13,5,19,8,3,15,13,9,17,2,16,15,13,23,15,12,9,19,21,21,15,26,25,9,6,5,3,11,16,3,24,21,11,23,6,26,6,7,21,1,14,2,25,13,6,8,24,22,1,24,12,12,16,25,12,14,17,9,10,11,25,7",5000,100
20,82,303514.75563587254,24.49139445533602,"17,10,19,15,26,6,18,25,10,8,11,24,12,21,19,2,20,23,4,13,20,22,16,1,7,4,3,9,7,22,14,1,11,14,26,5,13,5,15,9,4,6,2,16,5,12,6,13,3,14,21,20,3,20,6,10,21,8,8,2,19,8,17,5,23,21,13,2,23,10,17,9,2,26,13,5,9,12,16,2,17,17,10,21,7,23,23,15,5,21,9,15,7,9,9,4,24,13,3,18,4,16,12,18,15,25,25,17,23,24,11,15,6,13,5,19,8,3,15,13,9,17,2,16,15,13,23,15,12,9,19,21,21,15,26,25,9,6,5,3,11,16,3,24,21,11,23,6,26,6,7,21,1,14,2,25,13,6,8,24,22,1,24,12,12,16,25,12,14,17,9,10,11,25,7",5000,100
20,83,303514.75563587254,24.49139445533602,"17,10,19,15,26,6,18,25,10,8,11,24,12,21,19,2,20,23,4,13,20,22,16,1,7,4,3,9,7,22,14,1,11,14,26,5,13,5,15,9,4,6,2,16,5,12,6,13,3,14,21,20,3,20,6,10,21,8,8,2,19,8,17,5,23,21,13,2,23,10,17,9,2,26,13,5,9,12,16,2,17,17,10,21,7,23,23,15,5,21,9,15,7,9,9,4,24,13,3,18,4,16,12,18,15,25,25,17,23,24,11,15,6,13,5,19,8,3,15,13,9,17,2,16,15,13,23,15,12,9,19,21,21,15,26,25,9,6,5,3,11,16,3,24,21,11,23,6,26,6,7,21,1,14,2,25,13,6,8,24,22,1,24,12,12,16,25,12,14,17,9,10,11,25,7",5000,100
20,84,303514.75563587254,24.49139445533602,"17,10,19,15,26,6,18,25,10,8,11,24,12,21,19,2,20,23,4,13,20,22,16,1,7,4,3,9,7,22,14,1,11,14,26,5,13,5,15,9,4,6,2,16,5,12,6,13,3,14,21,20,3,20,6,10,21,8,8,2,19,8,17,5,23,21,13,2,23,10,17,9,2,26,13,5,9,12,16,2,17,17,10,21,7,23,23,15,5,21,9,15,7,9,9,4,24,13,3,18,4,16,12,18,15,25,25,17,23,24,11,15,6,13,5,19,8,3,15,13,9,17,2,16,15,13,23,15,12,9,19,21,21,15,26,25,9,6,5,3,11,16,3,24,21,11,23,6,26,6,7,21,1,14,2,25,13,6,8,24,22,1,24,12,12,16,25,12,14,17,9,10,11,25,7",5000,100
20,85,303514.75563587254,24.49139445533602,"17,10,19,15,26,6,18,25,10,8,11,24,12,21,19,2,20,23,4,13,20,22,16,1,7,4,3,9,7,22,14,1,11,14,26,5,13,5,15,9,4,6,2,16,5,12,6,13,3,14,21,20,3,20,6,10,21,8,8,2,19,8,17,5,23,21,13,2,23,10,17,9,2,26,13,5,9,12,16,2,17,17,10,21,7,23,23,15,5,21,9,15,7,9,9,4,24,13,3,18,4,16,12,18,15,25,25,17,23,24,11,15,6,13,5,19,8,3,15,13,9,17,2,16,15,13,23,15,12,9,19,21,21,15,26,25,9,6,5,3,11,16,3,24,21,11,23,6,26,6,7,21,1,14,2,25,13,6,8,24,22,1,24,12,12,16,25,12,14,17,9,10,11,25,7",5000,100
20,86,303514.75563587254,24.49139445533602,"17,10,19,15,26,6,18,25,10,8,11,24,12,21,19,2,20,23,4,13,20,22,16,1,7,4,3,9,7,22,14,1,11,14,26,5,13,5,15,9,4,6,2,16,5,12,6,13,3,14,21,20,3,20,6,10,21,8,8,2,19,8,17,5,23,21,13,2,23,10,17,9,2,26,13,5,9,12,16,2,17,17,10,21,7,23,23,15,5,21,9,15,7,9,9,4,24,13,3,18,4,16,12,18,15,25,25,17,23,24,11,15,6,13,5,19,8,3,15,13,9,17,2,16,15,13,23,15,12,9,19,21,21,15,26,25,9,6,5,3,11,16,3,24,21,11,23,6,26,6,7,21,1,14,2,25,13,6,8,24,22,1,24,12,12,16,25,12,14,17,9,10,11,25,7",5000,100
20,87,303514.75563587254,24.49139445533602,"17,10,19,15,26,6,18,25,10,8,11,24,12,21,19,2,20,23,4,13,20,22,16,1,7,4,3,9,7,22,14,1,11,14,26,5,13,5,15,9,4,6,2,16,5,12,6,13,3,14,21,20,3,20,6,10,21,8,8,2,19,8,17,5,23,21,13,2,23,10,17,9,2,26,13,5,9,12,16,2,17,17,10,21,7,23,23,15,5,21,9,15,7,9,9,4,24,13,3,18,4,16,12,18,15,25,25,17,23,24,11,15,6,13,5,19,8,3,15,13,9,17,2,16,15,13,23,15,12,9,19,21,21,15,26,25,9,6,5,3,11,16,3,24,21,11,23,6,26,6,7,21,1,14,2,25,13,6,8,24,22,1,24,12,12,16,25,12,14,17,9,10,11,25,7",5000,100
20,88,303514.75563587254,24.49139445533602,"17,10,19,15,26,6,18,25,10,8,11,24,12,21,19,2,20,23,4,13,20,22,16,1,7,4,3,9,7,22,14,1,11,14,26,5,13,5,15,9,4,6,2,16,5,12,6,13,3,14,21,20,3,20,6,10,21,8,8,2,19,8,17,5,23,21,13,2,23,10,17,9,2,26,13,5,9,12,16,2,17,17,10,21,7,23,23,15,5,21,9,15,7,9,9,4,24,13,3,18,4,16,12,18,15,25,25,17,23,24,11,15,6,13,5,19,8,3,15,13,9,17,2,16,15,13,23,15,12,9,19,21,21,15,26,25,9,6,5,3,11,16,3,24,21,11,23,6,26,6,7,21,1,14,2,25,13,6,8,24,22,1,24,12,12,16,25,12,14,17,9,10,11,25,7",5000,100
20,89,303514.75563587254,24.49139445533602,"17,10,19,15,26,6,18,25,10,8,11,24,12,21,19,2,20,23,4,13,20,22,16,1,7,4,3,9,7,22,14,1,11,14,26,5,13,5,15,9,4,6,2,16,5,12,6,13,3,14,21,20,3,20,6,10,21,8,8,2,19,8,17,5,23,21,13,2,23,10,17,9,2,26,13,5,9,12,16,2,17,17,10,21,7,23,23,15,5,21,9,15,7,9,9,4,24,13,3,18,4,16,12,18,15,25,25,17,23,24,11,15,6,13,5,19,8,3,15,13,9,17,2,16,15,13,23,15,12,9,19,21,21,15,26,25,9,6,5,3,11,16,3,24,21,11,23,6,26,6,7,21,1,14,2,25,13,6,8,24,22,1,24,12,12,16,25,12,14,17,9,10,11,25,7",5000,100
20,90,303514.75563587254,24.49139445533602,"17,10,19,15,26,6,18,25,10,8,11,24,12,21,19,2,20,23,4,13,20,22,16,1,7,4,3,9,7,22,14,1,11,14,26,5,13,5,15,9,4,6,2,16,5,12,6,13,3,14,21,20,3,20,6,10,21,8,8,2,19,8,17,5,23,21,13,2,23,10,17,9,2,26,13,5,9,12,16,2,17,17,10,21,7,23,23,15,5,21,9,15,7,9,9,4,24,13,3,18,4,16,12,18,15,25,25,17,23,24,11,15,6,13,5,19,8,3,15,13,9,17,2,16,15,13,23,15,12,9,19,21,21,15,26,25,9,6,5,3,11,16,3,24,21,11,23,6,26,6,7,21,1,14,2,25,13,6,8,24,22,1,24,12,12,16,25,12,14,17,9,10,11,25,7",5000,100
20,91,303514.75563587254,24.49139445533602,"17,10,19,15,26,6,18,25,10,8,11,24,12,21,19,2,20,23,4,13,20,22,16,1,7,4,3,9,7,22,14,1,11,14,26,5,13,5,15,9,4,6,2,16,5,12,6,13,3,14,21,20,3,20,6,10,21,8,8,2,19,8,17,5,23,21,13,2,23,10,17,9,2,26,13,5,9,12,16,2,17,17,10,21,7,23,23,15,5,21,9,15,7,9,9,4,24,13,3,18,4,16,12,18,15,25,25,17,23,24,11,15,6,13,5,19,8,3,15,13,9,17,2,16,15,13,23,15,12,9,19,21,21,15,26,25,9,6,5,3,11,16,3,24,21,11,23,6,26,6,7,21,1,14,2,25,13,6,8,24,22,1,24,12,12,16,25,12,14,17,9,10,11,25,7",5000,100
20,92,303514.75563587254,24.49139445533602,"17,10,19,15,26,6,18,25,10,8,11,24,12,21,19,2,20,23,4,13,20,22,16,1,7,4,3,9,7,22,14,1,11,14,26,5,13,5,15,9,4,6,2,16,5,12,6,13,3,14,21,20,3,20,6,10,21,8,8,2,19,8,17,5,23,21,13,2,23,10,17,9,2,26,13,5,9,12,16,2,17,17,10,21,7,23,23,15,5,21,9,15,7,9,9,4,24,13,3,18,4,16,12,18,15,25,25,17,23,24,11,15,6,13,5,19,8,3,15,13,9,17,2,16,15,13,23,15,12,9,19,21,21,15,26,25,9,6,5,3,11,16,3,24,21,11,23,6,26,6,7,21,1,14,2,25,13,6,8,24,22,1,24,12,12,16,25,12,14,17,9,10,11,25,7",5000,100
20,93,303514.75563587254,24.49139445533602,"17,10,19,15,26,6,18,25,10,8,11,24,12,21,19,2,20,23,4,13,20,22,16,1,7,4,3,9,7,22,14,1,11,14,26,5,13,5,15,9,4,6,2,16,5,12,6,13,3,14,21,20,3,20,6,10,21,8,8,2,19,8,17,5,23,21,13,2,23,10,17,9,2,26,13,5,9,12,16,2,17,17,10,21,7,23,23,15,5,21,9,15,7,9,9,4,24,13,3,18,4,16,12,18,15,25,25,17,23,24,11,15,6,13,5,19,8,3,15,13,9,17,2,16,15,13,23,15,12,9,19,21,21,15,26,25,9,6,5,3,11,16,3,24,21,11,23,6,26,6,7,21,1,14,2,25,13,6,8,24,22,1,24,12,12,16,25,12,14,17,9,10,11,25,7",5000,100
20,94,303514.75563587254,24.49139445533602,"17,10,19,15,26,6,18,25,10,8,11,24,12,21,19,2,20,23,4,13,20,22,16,1,7,4,3,9,7,22,14,1,11,14,26,5,13,5,15,9,4,6,2,16,5,12,6,13,3,14,21,20,3,20,6,10,21,8,8,2,19,8,17,5,23,21,13,2,23,10,17,9,2,26,13,5,9,12,16,2,17,17,10,21,7,23,23,15,5,21,9,15,7,9,9,4,24,13,3,18,4,16,12,18,15,25,25,17,23,24,11,15,6,13,5,19,8,3,15,13,9,17,2,16,15,13,23,15,12,9,19,21,21,15,26,25,9,6,5,3,11,16,3,24,21,11,23,6,26,6,7,21,1,14,2,25,13,6,8,24,22,1,24,12,12,16,25,12,14,17,9,10,11,25,7",5000,100
20,95,303514.75563587254,24.49139445533602,"17,10,19,15,26,6,18,25,10,8,11,24,12,21,19,2,20,23,4,13,20,22,16,1,7,4,3,9,7,22,14,1,11,14,26,5,13,5,15,9,4,6,2,16,5,12,6,13,3,14,21,20,3,20,6,10,21,8,8,2,19,8,17,5,23,21,13,2,23,10,17,9,2,26,13,5,9,12,16,2,17,17,10,21,7,23,23,15,5,21,9,15,7,9,9,4,24,13,3,18,4,16,12,18,15,25,25,17,23,24,11,15,6,13,5,19,8,3,15,13,9,17,2,16,15,13,23,15,12,9,19,21,21,15,26,25,9,6,5,3,11,16,3,24,21,11,23,6,26,6,7,21,1,14,2,25,13,6,8,24,22,1,24,12,12,16,25,12,14,17,9,10,11,25,7",5000,100
20,96,303514.75563587254,24.49139445533602,"17,10,19,15,26,6,18,25,10,8,11,24,12,21,19,2,20,23,4,13,20,22,16,1,7,4,3,9,7,22,14,1,11,14,26,5,13,5,15,9,4,6,2,16,5,12,6,13,3,14,21,20,3,20,6,10,21,8,8,2,19,8,17,5,23,21,13,2,23,10,17,9,2,26,13,5,9,12,16,2,17,17,10,21,7,23,23,15,5,21,9,15,7,9,9,4,24,13,3,18,4,16,12,18,15,25,25,17,23,24,11,15,6,13,5,19,8,3,15,13,9,17,2,16,15,13,23,15,12,9,19,21,21,15,26,25,9,6,5,3,11,16,3,24,21,11,23,6,26,6,7,21,1,14,2,25,13,6,8,24,22,1,24,12,12,16,25,12,14,17,9,10,11,25,7",5000,100
20,97,303514.75563587254,24.49139445533602,"17,10,19,15,26,6,18,25,10,8,11,24,12,21,19,2,20,23,4,13,20,22,16,1,7,4,3,9,7,22,14,1,11,14,26,5,13,5,15,9,4,6,2,16,5,12,6,13,3,14,21,20,3,20,6,10,21,8,8,2,19,8,17,5,23,21,13,2,23,10,17,9,2,26,13,5,9,12,16,2,17,17,10,21,7,23,23,15,5,21,9,15,7,9,9,4,24,13,3,18,4,16,12,18,15,25,25,17,23,24,11,15,6,13,5,19,8,3,15,13,9,17,2,16,15,13,23,15,12,9,19,21,21,15,26,25,9,6,5,3,11,16,3,24,21,11,23,6,26,6,7,21,1,14,2,25,13,6,8,24,22,1,24,12,12,16,25,12,14,17,9,10,11,25,7",5000,100
20,98,303514.75563587254,24.49139445533602,"17,10,19,15,26,6,18,25,10,8,11,24,12,21,19,2,20,23,4,13,20,22,16,1,7,4,3,9,7,22,14,1,11,14,26,5,13,5,15,9,4,6,2,16,5,12,6,13,3,14,21,20,3,20,6,10,21,8,8,2,19,8,17,5,23,21,13,2,23,10,17,9,2,26,13,5,9,12,16,2,17,17,10,21,7,23,23,15,5,21,9,15,7,9,9,4,24,13,3,18,4,16,12,18,15,25,25,17,23,24,11,15,6,13,5,19,8,3,15,13,9,17,2,16,15,13,23,15,12,9,19,21,21,15,26,25,9,6,5,3,11,16,3,24,21,11,23,6,26,6,7,21,1,14,2,25,13,6,8,24,22,1,24,12,12,16,25,12,14,17,9,10,11,25,7",5000,100
20,99,303793.5245027898,24.289550191815206,"17,10,19,15,26,6,18,25,10,8,11,24,12,21,19,2,20,23,4,13,20,22,16,1,7,4,3,9,7,22,14,1,11,14,26,5,13,5,15,9,4,6,2,16,5,12,6,13,3,14,21,20,3,20,6,10,21,8,8,2,19,8,17,5,23,21,13,2,23,10,17,9,2,26,13,5,9,12,16,2,17,17,10,21,7,23,23,15,5,21,9,15,7,9,9,4,21,13,3,18,4,16,12,18,15,25,25,17,23,24,11,15,6,13,5,19,8,3,15,13,9,17,2,16,15,13,23,15,12,9,19,21,21,15,26,25,9,6,5,3,11,16,3,24,21,11,23,6,26,6,7,21,1,14,2,25,13,6,8,24,22,1,24,12,12,16,25,12,14,17,9,10,11,25,7",5000,100
21,0,289287.28972202574,25.357094638793107,"7,20,13,25,18,1,24,14,4,16,17,13,22,5,7,2,11,19,20,9,21,3,15,26,24,23,22,18,11,12,15,23,4,6,8,12,10,14,12,9,2,23,19,15,24,14,21,26,17,14,7,25,17,2,5,19,26,9,2,23,11,3,13,2,12,23,24,5,26,14,16,17,17,10,12,8,19,15,26,6,10,10,16,6,16,1,17,21,9,21,24,8,12,24,14,22,1,20,6,8,11,17,4,22,1,23,14,26,2,5,1,3,10,8,23,23,24,19,16,21,19,8,12,16,22,8,25,7,10,6,9,2,10,26,3,22,16,6,14,12,18,23,5,5,21,17,11,19,15,17,24,21,6,8,2,22,6,1,2,21,6,7,12,20,19,10,10,19,21,18,10,3,10,25,5",5000,100
22,0,225152.12725048122,18.02086233480354,"26,19,23,21,11,6,3,13,20,14,8,16,2,24,24,17,22,18,5,2,15,7,6,25,20,5,17,9,4,11,1,1,4,10,12,7,8,1,9,18,9,12,9,26,19,16,26,10,19,23,23,15,12,4,22,26,5,19,7,26,25,24,20,9,26,23,11,26,13,3,20,22,12,17,23,14,18,16,21,16,18,23,5,12,10,14,18,14,22,19,9,23,5,3,16,4,23,11,21,18,24,25,19,22,2,11,26,26,21,22,23,14,10,13,21,13,17,5,4,26,8,23,12,11,22,23,22,13,18,21,21,9,14,18,10,2,11,10,21,23,15,12,15,1,19,1,18,1,19,3,15,14,21,10,19,9,3,12,10,16,19,9,6,20,18,12,24,3,3,25,14,10,22,4,16",5000,100
22,1,225152.12725048122,18.02086233480354,"26,19,23,21,11,6,3,13,20,14,8,16,2,24,24,17,22,18,5,2,15,7,6,25,20,5,17,9,4,11,1,1,4,10,12,7,8,1,9,18,9,12,9,26,19,16,26,10,19,23,23,15,12,4,22,26,5,19,7,26,25,24,20,9,26,23,11,26,13,3,20,22,12,17,23,14,18,16,21,16,18,23,5,12,10,14,18,14,22,19,9,23,5,3,16,4,23,11,21,18,24,25,19,22,2,11,26,26,21,22,23,14,10,13,21,13,17,5,4,26,8,23,12,11,22,23,22,13,18,21,21,9,14,18,10,2,11,10,21,23,15,12,15,1,19,1,18,1,19,3,15,14,21,10,19,9,3,12,10,16,19,9,6,20,18,12,24,3,3,25,14,10,22,4,16",5000,100
22,2,225152.12725048122,18.02086233480354,"26,19,23,21,11,6,3,13,20,14,8,16,2,24,24,17,22,18,5,2,15,7,6,25,20,5,17,9,4,11,1,1,4,10,12,7,8,1,9,18,9,12,9,26,19,16,26,10,19,23,23,15,12,4,22,26,5,19,7,26,25,24,20,9,26,23,11,26,13,3,20,22,12,17,23,14,18,16,21,16,18,23,5,12,10,14,18,14,22,19,9,23,5,3,16,4,23,11,21,18,24,25,19,22,2,11,26,26,21,22,23,14,10,13,21,13,17,5,4,26,8,23,12,11,22,23,22,13,18,21,21,9,14,18,10,2,11,10,21,23,15,12,15,1,19,1,18,1,19,3,15,14,21,10,19,9,3,12,10,16,19,9,6,20,18,12,24,3,3,25,14,10,22,4,16",5000,100
22,3,225152.12725048122,18.02086233480354,"26,19,23,21,11,6,3,13,20,14,8,16,2,24,24,17,22,18,5,2,15,7,6,25,20,5,17,9,4,11,1,1,4,10,12,7,8,1,9,18,9,12,9,26,19,16,26,10,19,23,23,15,12,4,22,26,5,19,7,26,25,24,20,9,26,23,11,26,13,3,20,22,12,17,23,14,18,16,21,16,18,23,5,12,10,14,18,14,22,19,9,23,5,3,16,4,23,11,21,18,24,25,19,22,2,11,26,26,21,22,23,14,10,13,21,13,17,5,4,26,8,23,12,11,22,23,22,13,18,21,21,9,14,18,10,2,11,10,21,23,15,12,15,1,19,1,18,1,19,3,15,14,21,10,19,9,3,12,10,16,19,9,6,20,18,12,24,3,3,25,14,10,22,4,16",5000,100
22,4,225152.12725048122,18.02086233480354,"26,19,23,21,11,6,3,13,20,14,8,16,2,24,24,17,22,18,5,2,15,7,6,25,20,5,17,9,4,11,1,1,4,10,12,7,8,1,9,18,9,12,9,26,19,16,26,10,19,23,23,15,12,4,22,26,5,19,7,26,25,24,20,9,26,23,11,26,13,3,20,22,12,17,23,14,18,16,21,16,18,23,5,12,10,14,18,14,22,19,9,23,5,3,16,4,23,11,21,18,24,25,19,22,2,11,26,26,21,22,23,14,10,13,21,13,17,5,4,26,8,23,12,11,22,23,22,13,18,21,21,9,14,18,10,2,11,10,21,23,15,12,15,1,19,1,18,1,19,3,15,14,21,10,19,9,3,12,10,16,19,9,6,20,18,12,24,3,3,25,14,10,22,4,16",5000,100
22,5,225152.12725048122,18.02086233480354,"26,19,23,21,11,6,3,13,20,14,8,16,2,24,24,17,22,18,5,2,15,7,6,25,20,5,17,9,4,11,1,1,4,10,12,7,8,1,9,18,9,12,9,26,19,16,26,10,19,23,23,15,12,4,22,26,5,19,7,26,25,24,20,9,26,23,11,26,13,3,20,22,12,17,23,14,18,16,21,16,18,23,5,12,10,14,18,14,22,19,9,23,5,3,16,4,23,11,21,18,24,25,19,22,2,11,26,26,21,22,23,14,10,13,21,13,17,5,4,26,8,23,12,11,22,23,22,13,18,21,21,9,14,18,10,2,11,10,21,23,15,12,15,1,19,1,18,1,19,3,15,14,21,10,19,9,3,12,10,16,19,9,6,20,18,12,24,3,3,25,14,10,22,4,16",5000,100
22,6,225152.12725048122,18.02086233480354,"26,19,23,21,11,6,3,13,20,14,8,16,2,24,24,17,22,18,5,2,15,7,6,25,20,5,17,9,4,11,1,1,4,10,12,7,8,1,9,18,9,12,9,26,19,16,26,10,19,23,23,15,12,4,22,26,5,19,7,26,25,24,20,9,26,23,11,26,13,3,20,22,12,17,23,14,18,16,21,16,18,23,5,12,10,14,18,14,22,19,9,23,5,3,16,4,23,11,21,18,24,25,19,22,2,11,26,26,21,22,23,14,10,13,21,13,17,5,4,26,8,23,12,11,22,23,22,13,18,21,21,9,14,18,10,2,11,10,21,23,15,12,15,1,19,1,18,1,19,3,15,14,21,10,19,9,3,12,10,16,19,9,6,20,18,12,24,3,3,25,14,10,22,4,16",5000,100
22,7,225152.12725048122,18.02086233480354,"26,19,23,21,11,6,3,13,20,14,8,16,2,24,24,17,22,18,5,2,15,7,6,25,20,5,17,9,4,11,1,1,4,10,12,7,8,1,9,18,9,12,9,26,19,16,26,10,19,23,23,15,12,4,22,26,5,19,7,26,25,24,20,9,26,23,11,26,13,3,20,22,12,17,23,14,18,16,21,16,18,23,5,12,10,14,18,14,22,19,9,23,5,3,16,4,23,11,21,18,24,25,19,22,2,11,26,26,21,22,23,14,10,13,21,13,17,5,4,26,8,23,12,11,22,23,22,13,18,21,21,9,14,18,10,2,11,10,21,23,15,12,15,1,19,1,18,1,19,3,15,14,21,10,19,9,3,12,10,16,19,9,6,20,18,12,24,3,3,25,14,10,22,4,16",5000,100
22,8,225152.12725048122,18.02086233480354,"26,19,23,21,11,6,3,13,20,14,8,16,2,24,24,17,22,18,5,2,15,7,6,25,20,5,17,9,4,11,1,1,4,10,12,7,8,1,9,18,9,12,9,26,19,16,26,10,19,23,23,15,12,4,22,26,5,19,7,26,25,24,20,9,26,23,11,26,13,3,20,22,12,17,23,14,18,16,21,16,18,23,5,12,10,14,18,14,22,19,9,23,5,3,16,4,23,11,21,18,24,25,19,22,2,11,26,26,21,22,23,14,10,13,21,13,17,5,4,26,8,23,12,11,22,23,22,13,18,21,21,9,14,18,10,2,11,10,21,23,15,12,15,1,19,1,18,1,19,3,15,14,21,10,19,9,3,12,10,16,19,9,6,20,18,12,24,3,3,25,14,10,22,4,16",5000,100
22,9,225152.12725048122,18.02086233480354,"26,19,23,21,11,6,3,13,20,14,8,16,2,24,24,17,22,18,5,2,15,7,6,25,20,5,17,9,4,11,1,1,4,10,12,7,8,1,9,18,9,12,9,26,19,16,26,10,19,23,23,15,12,4,22,26,5,19,7,26,25,24,20,9,26,23,11,26,13,3,20,22,12,17,23,14,18,16,21,16,18,23,5,12,10,14,18,14,22,19,9,23,5,3,16,4,23,11,21,18,24,25,19,22,2,11,26,26,21,22,23,14,10,13,21,13,17,5,4,26,8,23,12,11,22,23,22,13,18,21,21,9,14,18,10,2,11,10,21,23,15,12,15,1,19,1,18,1,19,3,15,14,21,10,19,9,3,12,10,16,19,9,6,20,18,12,24,3,3,25,14,10,22,4,16",5000,100
22,10,225152.12725048122,18.02086233480354,"26,19,23,21,11,6,3,13,20,14,8,16,2,24,24,17,22,18,5,2,15,7,6,25,20,5,17,9,4,11,1,1,4,10,12,7,8,1,9,18,9,12,9,26,19,16,26,10,19,23,23,15,12,4,22,26,5,19,7,26,25,24,20,9,26,23,11,26,13,3,20,22,12,17,23,14,18,16,21,16,18,23,5,12,10,14,18,14,22,19,9,23,5,3,16,4,23,11,21,18,24,25,19,22,2,11,26,26,21,22,23,14,10,13,21,13,17,5,4,26,8,23,12,11,22,23,22,13,18,21,21,9,14,18,10,2,11,10,21,23,15,12,15,1,19,1,18,1,19,3,15,14,21,10,19,9,3,12,10,16,19,9,6,20,18,12,24,3,3,25,14,10,22,4,16",5000,100
22,11,225152.12725048122,18.02086233480354,"26,19,23,21,11,6,3,13,20,14,8,16,2,24,24,17,22,18,5,2,15,7,6,25,20,5,17,9,4,11,1,1,4,10,12,7,8,1,9,18,9,12,9,26,19,16,26,10,19,23,23,15,12,4,22,26,5,19,7,26,25,24,20,9,26,23,11,26,13,3,20,22,12,17,23,14,18,16,21,16,18,23,5,12,10,14,18,14,22,19,9,23,5,3,16,4,23,11,21,18,24,25,19,22,2,11,26,26,21,22,23,14,10,13,21,13,17,5,4,26,8,23,12,11,22,23,22,13,18,21,21,9,14,18,10,2,11,10,21,23,15,12,15,1,19,1,18,1,19,3,15,14,21,10,19,9,3,12,10,16,19,9,6,20,18,12,24,3,3,25,14,10,22,4,16",5000,100
22,12,225152.12725048122,18.02086233480354,"26,19,23,21,11,6,3,13,20,14,8,16,2,24,24,17,22,18,5,2,15,7,6,25,20,5,17,9,4,11,1,1,4,10,12,7,8,1,9,18,9,12,9,26,19,16,26,10,19,23,23,15,12,4,22,26,5,19,7,26,25,24,20,9,26,23,11,26,13,3,20,22,12,17,23,14,18,16,21,16,18,23,5,12,10,14,18,14,22,19,9,23,5,3,16,4,23,11,21,18,24,25,19,22,2,11,26,26,21,22,23,14,10,13,21,13,17,5,4,26,8,23,12,11,22,23,22,13,18,21,21,9,14,18,10,2,11,10,21,23,15,12,15,1,19,1,18,1,19,3,15,14,21,10,19,9,3,12,10,16,19,9,6,20,18,12,24,3,3,25,14,10,22,4,16",5000,100
22,13,225152.12725048122,18.02086233480354,"26,19,23,21,11,6,3,13,20,14,8,16,2,24,24,17,22,18,5,2,15,7,6,25,20,5,17,9,4,11,1,1,4,10,12,7,8,1,9,18,9,12,9,26,19,16,26,10,19,23,23,15,12,4,22,26,5,19,7,26,25,24,20,9,26,23,11,26,13,3,20,22,12,17,23,14,18,16,21,16,18,23,5,12,10,14,18,14,22,19,9,23,5,3,16,4,23,11,21,18,24,25,19,22,2,11,26,26,21,22,23,14,10,13,21,13,17,5,4,26,8,23,12,11,22,23,22,13,18,21,21,9,14,18,10,2,11,10,21,23,15,12,15,1,19,1,18,1,19,3,15,14,21,10,19,9,3,12,10,16,19,9,6,20,18,12,24,3,3,25,14,10,22,4,16",5000,100
22,14,225152.12725048122,18.02086233480354,"26,19,23,21,11,6,3,13,20,14,8,16,2,24,24,17,22,18,5,2,15,7,6,25,20,5,17,9,4,11,1,1,4,10,12,7,8,1,9,18,9,12,9,26,19,16,26,10,19,23,23,15,12,4,22,26,5,19,7,26,25,24,20,9,26,23,11,26,13,3,20,22,12,17,23,14,18,16,21,16,18,23,5,12,10,14,18,14,22,19,9,23,5,3,16,4,23,11,21,18,24,25,19,22,2,11,26,26,21,22,23,14,10,13,21,13,17,5,4,26,8,23,12,11,22,23,22,13,18,21,21,9,14,18,10,2,11,10,21,23,15,12,15,1,19,1,18,1,19,3,15,14,21,10,19,9,3,12,10,16,19,9,6,20,18,12,24,3,3,25,14,10,22,4,16",5000,100
22,15,225152.12725048122,18.02086233480354,"26,19,23,21,11,6,3,13,20,14,8,16,2,24,24,17,22,18,5,2,15,7,6,25,20,5,17,9,4,11,1,1,4,10,12,7,8,1,9,18,9,12,9,26,19,16,26,10,19,23,23,15,12,4,22,26,5,19,7,26,25,24,20,9,26,23,11,26,13,3,20,22,12,17,23,14,18,16,21,16,18,23,5,12,10,14,18,14,22,19,9,23,5,3,16,4,23,11,21,18,24,25,19,22,2,11,26,26,21,22,23,14,10,13,21,13,17,5,4,26,8,23,12,11,22,23,22,13,18,21,21,9,14,18,10,2,11,10,21,23,15,12,15,1,19,1,18,1,19,3,15,14,21,10,19,9,3,12,10,16,19,9,6,20,18,12,24,3,3,25,14,10,22,4,16",5000,100
22,16,225152.12725048122,18.02086233480354,"26,19,23,21,11,6,3,13,20,14,8,16,2,24,24,17,22,18,5,2,15,7,6,25,20,5,17,9,4,11,1,1,4,10,12,7,8,1,9,18,9,12,9,26,19,16,26,10,19,23,23,15,12,4,22,26,5,19,7,26,25,24,20,9,26,23,11,26,13,3,20,22,12,17,23,14,18,16,21,16,18,23,5,12,10,14,18,14,22,19,9,23,5,3,16,4,23,11,21,18,24,25,19,22,2,11,26,26,21,22,23,14,10,13,21,13,17,5,4,26,8,23,12,11,22,23,22,13,18,21,21,9,14,18,10,2,11,10,21,23,15,12,15,1,19,1,18,1,19,3,15,14,21,10,19,9,3,12,10,16,19,9,6,20,18,12,24,3,3,25,14,10,22,4,16",5000,100
22,17,225152.12725048122,18.02086233480354,"26,19,23,21,11,6,3,13,20,14,8,16,2,24,24,17,22,18,5,2,15,7,6,25,20,5,17,9,4,11,1,1,4,10,12,7,8,1,9,18,9,12,9,26,19,16,26,10,19,23,23,15,12,4,22,26,5,19,7,26,25,24,20,9,26,23,11,26,13,3,20,22,12,17,23,14,18,16,21,16,18,23,5,12,10,14,18,14,22,19,9,23,5,3,16,4,23,11,21,18,24,25,19,22,2,11,26,26,21,22,23,14,10,13,21,13,17,5,4,26,8,23,12,11,22,23,22,13,18,21,21,9,14,18,10,2,11,10,21,23,15,12,15,1,19,1,18,1,19,3,15,14,21,10,19,9,3,12,10,16,19,9,6,20,18,12,24,3,3,25,14,10,22,4,16",5000,100
22,18,225152.12725048122,18.02086233480354,"26,19,23,21,11,6,3,13,20,14,8,16,2,24,24,17,22,18,5,2,15,7,6,25,20,5,17,9,4,11,1,1,4,10,12,7,8,1,9,18,9,12,9,26,19,16,26,10,19,23,23,15,12,4,22,26,5,19,7,26,25,24,20,9,26,23,11,26,13,3,20,22,12,17,23,14,18,16,21,16,18,23,5,12,10,14,18,14,22,19,9,23,5,3,16,4,23,11,21,18,24,25,19,22,2,11,26,26,21,22,23,14,10,13,21,13,17,5,4,26,8,23,12,11,22,23,22,13,18,21,21,9,14,18,10,2,11,10,21,23,15,12,15,1,19,1,18,1,19,3,15,14,21,10,19,9,3,12,10,16,19,9,6,20,18,12,24,3,3,25,14,10,22,4,16",5000,100
22,19,225152.12725048122,18.02086233480354,"26,19,23,21,11,6,3,13,20,14,8,16,2,24,24,17,22,18,5,2,15,7,6,25,20,5,17,9,4,11,1,1,4,10,12,7,8,1,9,18,9,12,9,26,19,16,26,10,19,23,23,15,12,4,22,26,5,19,7,26,25,24,20,9,26,23,11,26,13,3,20,22,12,17,23,14,18,16,21,16,18,23,5,12,10,14,18,14,22,19,9,23,5,3,16,4,23,11,21,18,24,25,19,22,2,11,26,26,21,22,23,14,10,13,21,13,17,5,4,26,8,23,12,11,22,23,22,13,18,21,21,9,14,18,10,2,11,10,21,23,15,12,15,1,19,1,18,1,19,3,15,14,21,10,19,9,3,12,10,16,19,9,6,20,18,12,24,3,3,25,14,10,22,4,16",5000,100
22,20,225152.12725048122,18.02086233480354,"26,19,23,21,11,6,3,13,20,14,8,16,2,24,24,17,22,18,5,2,15,7,6,25,20,5,17,9,4,11,1,1,4,10,12,7,8,1,9,18,9,12,9,26,19,16,26,10,19,23,23,15,12,4,22,26,5,19,7,26,25,24,20,9,26,23,11,26,13,3,20,22,12,17,23,14,18,16,21,16,18,23,5,12,10,14,18,14,22,19,9,23,5,3,16,4,23,11,21,18,24,25,19,22,2,11,26,26,21,22,23,14,10,13,21,13,17,5,4,26,8,23,12,11,22,23,22,13,18,21,21,9,14,18,10,2,11,10,21,23,15,12,15,1,19,1,18,1,19,3,15,14,21,10,19,9,3,12,10,16,19,9,6,20,18,12,24,3,3,25,14,10,22,4,16",5000,100
22,21,225152.12725048122,18.02086233480354,"26,19,23,21,11,6,3,13,20,14,8,16,2,24,24,17,22,18,5,2,15,7,6,25,20,5,17,9,4,11,1,1,4,10,12,7,8,1,9,18,9,12,9,26,19,16,26,10,19,23,23,15,12,4,22,26,5,19,7,26,25,24,20,9,26,23,11,26,13,3,20,22,12,17,23,14,18,16,21,16,18,23,5,12,10,14,18,14,22,19,9,23,5,3,16,4,23,11,21,18,24,25,19,22,2,11,26,26,21,22,23,14,10,13,21,13,17,5,4,26,8,23,12,11,22,23,22,13,18,21,21,9,14,18,10,2,11,10,21,23,15,12,15,1,19,1,18,1,19,3,15,14,21,10,19,9,3,12,10,16,19,9,6,20,18,12,24,3,3,25,14,10,22,4,16",5000,100
22,22,225152.12725048122,18.02086233480354,"26,19,23,21,11,6,3,13,20,14,8,16,2,24,24,17,22,18,5,2,15,7,6,25,20,5,17,9,4,11,1,1,4,10,12,7,8,1,9,18,9,12,9,26,19,16,26,10,19,23,23,15,12,4,22,26,5,19,7,26,25,24,20,9,26,23,11,26,13,3,20,22,12,17,23,14,18,16,21,16,18,23,5,12,10,14,18,14,22,19,9,23,5,3,16,4,23,11,21,18,24,25,19,22,2,11,26,26,21,22,23,14,10,13,21,13,17,5,4,26,8,23,12,11,22,23,22,13,18,21,21,9,14,18,10,2,11,10,21,23,15,12,15,1,19,1,18,1,19,3,15,14,21,10,19,9,3,12,10,16,19,9,6,20,18,12,24,3,3,25,14,10,22,4,16",5000,100
22,23,225152.12725048122,18.02086233480354,"26,19,23,21,11,6,3,13,20,14,8,16,2,24,24,17,22,18,5,2,15,7,6,25,20,5,17,9,4,11,1,1,4,10,12,7,8,1,9,18,9,12,9,26,19,16,26,10,19,23,23,15,12,4,22,26,5,19,7,26,25,24,20,9,26,23,11,26,13,3,20,22,12,17,23,14,18,16,21,16,18,23,5,12,10,14,18,14,22,19,9,23,5,3,16,4,23,11,21,18,24,25,19,22,2,11,26,26,21,22,23,14,10,13,21,13,17,5,4,26,8,23,12,11,22,23,22,13,18,21,21,9,14,18,10,2,11,10,21,23,15,12,15,1,19,1,18,1,19,3,15,14,21,10,19,9,3,12,10,16,19,9,6,20,18,12,24,3,3,25,14,10,22,4,16",5000,100
22,24,225152.12725048122,18.02086233480354,"26,19,23,21,11,6,3,13,20,14,8,16,2,24,24,17,22,18,5,2,15,7,6,25,20,5,17,9,4,11,1,1,4,10,12,7,8,1,9,18,9,12,9,26,19,16,26,10,19,23,23,15,12,4,22,26,5,19,7,26,25,24,20,9,26,23,11,26,13,3,20,22,12,17,23,14,18,16,21,16,18,23,5,12,10,14,18,14,22,19,9,23,5,3,16,4,23,11,21,18,24,25,19,22,2,11,26,26,21,22,23,14,10,13,21,13,17,5,4,26,8,23,12,11,22,23,22,13,18,21,21,9,14,18,10,2,11,10,21,23,15,12,15,1,19,1,18,1,19,3,15,14,21,10,19,9,3,12,10,16,19,9,6,20,18,12,24,3,3,25,14,10,22,4,16",5000,100
22,25,225152.12725048122,18.02086233480354,"26,19,23,21,11,6,3,13,20,14,8,16,2,24,24,17,22,18,5,2,15,7,6,25,20,5,17,9,4,11,1,1,4,10,12,7,8,1,9,18,9,12,9,26,19,16,26,10,19,23,23,15,12,4,22,26,5,19,7,26,25,24,20,9,26,23,11,26,13,3,20,22,12,17,23,14,18,16,21,16,18,23,5,12,10,14,18,14,22,19,9,23,5,3,16,4,23,11,21,18,24,25,19,22,2,11,26,26,21,22,23,14,10,13,21,13,17,5,4,26,8,23,12,11,22,23,22,13,18,21,21,9,14,18,10,2,11,10,21,23,15,12,15,1,19,1,18,1,19,3,15,14,21,10,19,9,3,12,10,16,19,9,6,20,18,12,24,3,3,25,14,10,22,4,16",5000,100
22,26,225152.12725048122,18.02086233480354,"26,19,23,21,11,6,3,13,20,14,8,16,2,24,24,17,22,18,5,2,15,7,6,25,20,5,17,9,4,11,1,1,4,10,12,7,8,1,9,18,9,12,9,26,19,16,26,10,19,23,23,15,12,4,22,26,5,19,7,26,25,24,20,9,26,23,11,26,13,3,20,22,12,17,23,14,18,16,21,16,18,23,5,12,10,14,18,14,22,19,9,23,5,3,16,4,23,11,21,18,24,25,19,22,2,11,26,26,21,22,23,14,10,13,21,13,17,5,4,26,8,23,12,11,22,23,22,13,18,21,21,9,14,18,10,2,11,10,21,23,15,12,15,1,19,1,18,1,19,3,15,14,21,10,19,9,3,12,10,16,19,9,6,20,18,12,24,3,3,25,14,10,22,4,16",5000,100
22,27,225152.12725048122,18.02086233480354,"26,19,23,21,11,6,3,13,20,14,8,16,2,24,24,17,22,18,5,2,15,7,6,25,20,5,17,9,4,11,1,1,4,10,12,7,8,1,9,18,9,12,9,26,19,16,26,10,19,23,23,15,12,4,22,26,5,19,7,26,25,24,20,9,26,23,11,26,13,3,20,22,12,17,23,14,18,16,21,16,18,23,5,12,10,14,18,14,22,19,9,23,5,3,16,4,23,11,21,18,24,25,19,22,2,11,26,26,21,22,23,14,10,13,21,13,17,5,4,26,8,23,12,11,22,23,22,13,18,21,21,9,14,18,10,2,11,10,21,23,15,12,15,1,19,1,18,1,19,3,15,14,21,10,19,9,3,12,10,16,19,9,6,20,18,12,24,3,3,25,14,10,22,4,16",5000,100
22,28,225152.12725048122,18.02086233480354,"26,19,23,21,11,6,3,13,20,14,8,16,2,24,24,17,22,18,5,2,15,7,6,25,20,5,17,9,4,11,1,1,4,10,12,7,8,1,9,18,9,12,9,26,19,16,26,10,19,23,23,15,12,4,22,26,5,19,7,26,25,24,20,9,26,23,11,26,13,3,20,22,12,17,23,14,18,16,21,16,18,23,5,12,10,14,18,14,22,19,9,23,5,3,16,4,23,11,21,18,24,25,19,22,2,11,26,26,21,22,23,14,10,13,21,13,17,5,4,26,8,23,12,11,22,23,22,13,18,21,21,9,14,18,10,2,11,10,21,23,15,12,15,1,19,1,18,1,19,3,15,14,21,10,19,9,3,12,10,16,19,9,6,20,18,12,24,3,3,25,14,10,22,4,16",5000,100
22,29,225152.12725048122,18.02086233480354,"26,19,23,21,11,6,3,13,20,14,8,16,2,24,24,17,22,18,5,2,15,7,6,25,20,5,17,9,4,11,1,1,4,10,12,7,8,1,9,18,9,12,9,26,19,16,26,10,19,23,23,15,12,4,22,26,5,19,7,26,25,24,20,9,26,23,11,26,13,3,20,22,12,17,23,14,18,16,21,16,18,23,5,12,10,14,18,14,22,19,9,23,5,3,16,4,23,11,21,18,24,25,19,22,2,11,26,26,21,22,23,14,10,13,21,13,17,5,4,26,8,23,12,11,22,23,22,13,18,21,21,9,14,18,10,2,11,10,21,23,15,12,15,1,19,1,18,1,19,3,15,14,21,10,19,9,3,12,10,16,19,9,6,20,18,12,24,3,3,25,14,10,22,4,16",5000,100
22,30,225152.12725048122,18.02086233480354,"26,19,23,21,11,6,3,13,20,14,8,16,2,24,24,17,22,18,5,2,15,7,6,25,20,5,17,9,4,11,1,1,4,10,12,7,8,1,9,18,9,12,9,26,19,16,26,10,19,23,23,15,12,4,22,26,5,19,7,26,25,24,20,9,26,23,11,26,13,3,20,22,12,17,23,14,18,16,21,16,18,23,5,12,10,14,18,14,22,19,9,23,5,3,16,4,23,11,21,18,24,25,19,22,2,11,26,26,21,22,23,14,10,13,21,13,17,5,4,26,8,23,12,11,22,23,22,13,18,21,21,9,14,18,10,2,11,10,21,23,15,12,15,1,19,1,18,1,19,3,15,14,21,10,19,9,3,12,10,16,19,9,6,20,18,12,24,3,3,25,14,10,22,4,16",5000,100
22,31,225152.12725048122,18.02086233480354,"26,19,23,21,11,6,3,13,20,14,8,16,2,24,24,17,22,18,5,2,15,7,6,25,20,5,17,9,4,11,1,1,4,10,12,7,8,1,9,18,9,12,9,26,19,16,26,10,19,23,23,15,12,4,22,26,5,19,7,26,25,24,20,9,26,23,11,26,13,3,20,22,12,17,23,14,18,16,21,16,18,23,5,12,10,14,18,14,22,19,9,23,5,3,16,4,23,11,21,18,24,25,19,22,2,11,26,26,21,22,23,14,10,13,21,13,17,5,4,26,8,23,12,11,22,23,22,13,18,21,21,9,14,18,10,2,11,10,21,23,15,12,15,1,19,1,18,1,19,3,15,14,21,10,19,9,3,12,10,16,19,9,6,20,18,12,24,3,3,25,14,10,22,4,16",5000,100
22,32,225152.12725048122,18.02086233480354,"26,19,23,21,11,6,3,13,20,14,8,16,2,24,24,17,22,18,5,2,15,7,6,25,20,5,17,9,4,11,1,1,4,10,12,7,8,1,9,18,9,12,9,26,19,16,26,10,19,23,23,15,12,4,22,26,5,19,7,26,25,24,20,9,26,23,11,26,13,3,20,22,12,17,23,14,18,16,21,16,18,23,5,12,10,14,18,14,22,19,9,23,5,3,16,4,23,11,21,18,24,25,19,22,2,11,26,26,21,22,23,14,10,13,21,13,17,5,4,26,8,23,12,11,22,23,22,13,18,21,21,9,14,18,10,2,11,10,21,23,15,12,15,1,19,1,18,1,19,3,15,14,21,10,19,9,3,12,10,16,19,9,6,20,18,12,24,3,3,25,14,10,22,4,16",5000,100
22,33,225152.12725048122,18.02086233480354,"26,19,23,21,11,6,3,13,20,14,8,16,2,24,24,17,22,18,5,2,15,7,6,25,20,5,17,9,4,11,1,1,4,10,12,7,8,1,9,18,9,12,9,26,19,16,26,10,19,23,23,15,12,4,22,26,5,19,7,26,25,24,20,9,26,23,11,26,13,3,20,22,12,17,23,14,18,16,21,16,18,23,5,12,10,14,18,14,22,19,9,23,5,3,16,4,23,11,21,18,24,25,19,22,2,11,26,26,21,22,23,14,10,13,21,13,17,5,4,26,8,23,12,11,22,23,22,13,18,21,21,9,14,18,10,2,11,10,21,23,15,12,15,1,19,1,18,1,19,3,15,14,21,10,19,9,3,12,10,16,19,9,6,20,18,12,24,3,3,25,14,10,22,4,16",5000,100
22,34,225152.12725048122,18.02086233480354,"26,19,23,21,11,6,3,13,20,14,8,16,2,24,24,17,22,18,5,2,15,7,6,25,20,5,17,9,4,11,1,1,4,10,12,7,8,1,9,18,9,12,9,26,19,16,26,10,19,23,23,15,12,4,22,26,5,19,7,26,25,24,20,9,26,23,11,26,13,3,20,22,12,17,23,14,18,16,21,16,18,23,5,12,10,14,18,14,22,19,9,23,5,3,16,4,23,11,21,18,24,25,19,22,2,11,26,26,21,22,23,14,10,13,21,13,17,5,4,26,8,23,12,11,22,23,22,13,18,21,21,9,14,18,10,2,11,10,21,23,15,12,15,1,19,1,18,1,19,3,15,14,21,10,19,9,3,12,10,16,19,9,6,20,18,12,24,3,3,25,14,10,22,4,16",5000,100
22,35,225152.12725048122,18.02086233480354,"26,19,23,21,11,6,3,13,20,14,8,16,2,24,24,17,22,18,5,2,15,7,6,25,20,5,17,9,4,11,1,1,4,10,12,7,8,1,9,18,9,12,9,26,19,16,26,10,19,23,23,15,12,4,22,26,5,19,7,26,25,24,20,9,26,23,11,26,13,3,20,22,12,17,23,14,18,16,21,16,18,23,5,12,10,14,18,14,22,19,9,23,5,3,16,4,23,11,21,18,24,25,19,22,2,11,26,26,21,22,23,14,10,13,21,13,17,5,4,26,8,23,12,11,22,23,22,13,18,21,21,9,14,18,10,2,11,10,21,23,15,12,15,1,19,1,18,1,19,3,15,14,21,10,19,9,3,12,10,16,19,9,6,20,18,12,24,3,3,25,14,10,22,4,16",5000,100
22,36,225152.12725048122,18.02086233480354,"26,19,23,21,11,6,3,13,20,14,8,16,2,24,24,17,22,18,5,2,15,7,6,25,20,5,17,9,4,11,1,1,4,10,12,7,8,1,9,18,9,12,9,26,19,16,26,10,19,23,23,15,12,4,22,26,5,19,7,26,25,24,20,9,26,23,11,26,13,3,20,22,12,17,23,14,18,16,21,16,18,23,5,12,10,14,18,14,22,19,9,23,5,3,16,4,23,11,21,18,24,25,19,22,2,11,26,26,21,22,23,14,10,13,21,13,17,5,4,26,8,23,12,11,22,23,22,13,18,21,21,9,14,18,10,2,11,10,21,23,15,12,15,1,19,1,18,1,19,3,15,14,21,10,19,9,3,12,10,16,19,9,6,20,18,12,24,3,3,25,14,10,22,4,16",5000,100
22,37,225152.12725048122,18.02086233480354,"26,19,23,21,11,6,3,13,20,14,8,16,2,24,24,17,22,18,5,2,15,7,6,25,20,5,17,9,4,11,1,1,4,10,12,7,8,1,9,18,9,12,9,26,19,16,26,10,19,23,23,15,12,4,22,26,5,19,7,26,25,24,20,9,26,23,11,26,13,3,20,22,12,17,23,14,18,16,21,16,18,23,5,12,10,14,18,14,22,19,9,23,5,3,16,4,23,11,21,18,24,25,19,22,2,11,26,26,21,22,23,14,10,13,21,13,17,5,4,26,8,23,12,11,22,23,22,13,18,21,21,9,14,18,10,2,11,10,21,23,15,12,15,1,19,1,18,1,19,3,15,14,21,10,19,9,3,12,10,16,19,9,6,20,18,12,24,3,3,25,14,10,22,4,16",5000,100
22,38,225152.12725048122,18.02086233480354,"26,19,23,21,11,6,3,13,20,14,8,16,2,24,24,17,22,18,5,2,15,7,6,25,20,5,17,9,4,11,1,1,4,10,12,7,8,1,9,18,9,12,9,26,19,16,26,10,19,23,23,15,12,4,22,26,5,19,7,26,25,24,20,9,26,23,11,26,13,3,20,22,12,17,23,14,18,16,21,16,18,23,5,12,10,14,18,14,22,19,9,23,5,3,16,4,23,11,21,18,24,25,19,22,2,11,26,26,21,22,23,14,10,13,21,13,17,5,4,26,8,23,12,11,22,23,22,13,18,21,21,9,14,18,10,2,11,10,21,23,15,12,15,1,19,1,18,1,19,3,15,14,21,10,19,9,3,12,10,16,19,9,6,20,18,12,24,3,3,25,14,10,22,4,16",5000,100
22,39,225152.12725048122,18.02086233480354,"26,19,23,21,11,6,3,13,20,14,8,16,2,24,24,17,22,18,5,2,15,7,6,25,20,5,17,9,4,11,1,1,4,10,12,7,8,1,9,18,9,12,9,26,19,16,26,10,19,23,23,15,12,4,22,26,5,19,7,26,25,24,20,9,26,23,11,26,13,3,20,22,12,17,23,14,18,16,21,16,18,23,5,12,10,14,18,14,22,19,9,23,5,3,16,4,23,11,21,18,24,25,19,22,2,11,26,26,21,22,23,14,10,13,21,13,17,5,4,26,8,23,12,11,22,23,22,13,18,21,21,9,14,18,10,2,11,10,21,23,15,12,15,1,19,1,18,1,19,3,15,14,21,10,19,9,3,12,10,16,19,9,6,20,18,12,24,3,3,25,14,10,22,4,16",5000,100
22,40,225152.12725048122,18.02086233480354,"26,19,23,21,11,6,3,13,20,14,8,16,2,24,24,17,22,18,5,2,15,7,6,25,20,5,17,9,4,11,1,1,4,10,12,7,8,1,9,18,9,12,9,26,19,16,26,10,19,23,23,15,12,4,22,26,5,19,7,26,25,24,20,9,26,23,11,26,13,3,20,22,12,17,23,14,18,16,21,16,18,23,5,12,10,14,18,14,22,19,9,23,5,3,16,4,23,11,21,18,24,25,19,22,2,11,26,26,21,22,23,14,10,13,21,13,17,5,4,26,8,23,12,11,22,23,22,13,18,21,21,9,14,18,10,2,11,10,21,23,15,12,15,1,19,1,18,1,19,3,15,14,21,10,19,9,3,12,10,16,19,9,6,20,18,12,24,3,3,25,14,10,22,4,16",5000,100
22,41,225152.12725048122,18.02086233480354,"26,19,23,21,11,6,3,13,20,14,8,16,2,24,24,17,22,18,5,2,15,7,6,25,20,5,17,9,4,11,1,1,4,10,12,7,8,1,9,18,9,12,9,26,19,16,26,10,19,23,23,15,12,4,22,26,5,19,7,26,25,24,20,9,26,23,11,26,13,3,20,22,12,17,23,14,18,16,21,16,18,23,5,12,10,14,18,14,22,19,9,23,5,3,16,4,23,11,21,18,24,25,19,22,2,11,26,26,21,22,23,14,10,13,21,13,17,5,4,26,8,23,12,11,22,23,22,13,18,21,21,9,14,18,10,2,11,10,21,23,15,12,15,1,19,1,18,1,19,3,15,14,21,10,19,9,3,12,10,16,19,9,6,20,18,12,24,3,3,25,14,10,22,4,16",5000,100
22,42,225152.12725048122,18.02086233480354,"26,19,23,21,11,6,3,13,20,14,8,16,2,24,24,17,22,18,5,2,15,7,6,25,20,5,17,9,4,11,1,1,4,10,12,7,8,1,9,18,9,12,9,26,19,16,26,10,19,23,23,15,12,4,22,26,5,19,7,26,25,24,20,9,26,23,11,26,13,3,20,22,12,17,23,14,18,16,21,16,18,23,5,12,10,14,18,14,22,19,9,23,5,3,16,4,23,11,21,18,24,25,19,22,2,11,26,26,21,22,23,14,10,13,21,13,17,5,4,26,8,23,12,11,22,23,22,13,18,21,21,9,14,18,10,2,11,10,21,23,15,12,15,1,19,1,18,1,19,3,15,14,21,10,19,9,3,12,10,16,19,9,6,20,18,12,24,3,3,25,14,10,22,4,16",5000,100
22,43,225152.12725048122,18.02086233480354,"26,19,23,21,11,6,3,13,20,14,8,16,2,24,24,17,22,18,5,2,15,7,6,25,20,5,17,9,4,11,1,1,4,10,12,7,8,1,9,18,9,12,9,26,19,16,26,10,19,23,23,15,12,4,22,26,5,19,7,26,25,24,20,9,26,23,11,26,13,3,20,22,12,17,23,14,18,16,21,16,18,23,5,12,10,14,18,14,22,19,9,23,5,3,16,4,23,11,21,18,24,25,19,22,2,11,26,26,21,22,23,14,10,13,21,13,17,5,4,26,8,23,12,11,22,23,22,13,18,21,21,9,14,18,10,2,11,10,21,23,15,12,15,1,19,1,18,1,19,3,15,14,21,10,19,9,3,12,10,16,19,9,6,20,18,12,24,3,3,25,14,10,22,4,16",5000,100
22,44,225152.12725048122,18.02086233480354,"26,19,23,21,11,6,3,13,20,14,8,16,2,24,24,17,22,18,5,2,15,7,6,25,20,5,17,9,4,11,1,1,4,10,12,7,8,1,9,18,9,12,9,26,19,16,26,10,19,23,23,15,12,4,22,26,5,19,7,26,25,24,20,9,26,23,11,26,13,3,20,22,12,17,23,14,18,16,21,16,18,23,5,12,10,14,18,14,22,19,9,23,5,3,16,4,23,11,21,18,24,25,19,22,2,11,26,26,21,22,23,14,10,13,21,13,17,5,4,26,8,23,12,11,22,23,22,13,18,21,21,9,14,18,10,2,11,10,21,23,15,12,15,1,19,1,18,1,19,3,15,14,21,10,19,9,3,12,10,16,19,9,6,20,18,12,24,3,3,25,14,10,22,4,16",5000,100
22,45,225152.12725048122,18.02086233480354,"26,19,23,21,11,6,3,13,20,14,8,16,2,24,24,17,22,18,5,2,15,7,6,25,20,5,17,9,4,11,1,1,4,10,12,7,8,1,9,18,9,12,9,26,19,16,26,10,19,23,23,15,12,4,22,26,5,19,7,26,25,24,20,9,26,23,11,26,13,3,20,22,12,17,23,14,18,16,21,16,18,23,5,12,10,14,18,14,22,19,9,23,5,3,16,4,23,11,21,18,24,25,19,22,2,11,26,26,21,22,23,14,10,13,21,13,17,5,4,26,8,23,12,11,22,23,22,13,18,21,21,9,14,18,10,2,11,10,21,23,15,12,15,1,19,1,18,1,19,3,15,14,21,10,19,9,3,12,10,16,19,9,6,20,18,12,24,3,3,25,14,10,22,4,16",5000,100
22,46,225152.12725048122,18.02086233480354,"26,19,23,21,11,6,3,13,20,14,8,16,2,24,24,17,22,18,5,2,15,7,6,25,20,5,17,9,4,11,1,1,4,10,12,7,8,1,9,18,9,12,9,26,19,16,26,10,19,23,23,15,12,4,22,26,5,19,7,26,25,24,20,9,26,23,11,26,13,3,20,22,12,17,23,14,18,16,21,16,18,23,5,12,10,14,18,14,22,19,9,23,5,3,16,4,23,11,21,18,24,25,19,22,2,11,26,26,21,22,23,14,10,13,21,13,17,5,4,26,8,23,12,11,22,23,22,13,18,21,21,9,14,18,10,2,11,10,21,23,15,12,15,1,19,1,18,1,19,3,15,14,21,10,19,9,3,12,10,16,19,9,6,20,18,12,24,3,3,25,14,10,22,4,16",5000,100
22,47,225152.12725048122,18.02086233480354,"26,19,23,21,11,6,3,13,20,14,8,16,2,24,24,17,22,18,5,2,15,7,6,25,20,5,17,9,4,11,1,1,4,10,12,7,8,1,9,18,9,12,9,26,19,16,26,10,19,23,23,15,12,4,22,26,5,19,7,26,25,24,20,9,26,23,11,26,13,3,20,22,12,17,23,14,18,16,21,16,18,23,5,12,10,14,18,14,22,19,9,23,5,3,16,4,23,11,21,18,24,25,19,22,2,11,26,26,21,22,23,14,10,13,21,13,17,5,4,26,8,23,12,11,22,23,22,13,18,21,21,9,14,18,10,2,11,10,21,23,15,12,15,1,19,1,18,1,19,3,15,14,21,10,19,9,3,12,10,16,19,9,6,20,18,12,24,3,3,25,14,10,22,4,16",5000,100
22,48,225152.12725048122,18.02086233480354,"26,19,23,21,11,6,3,13,20,14,8,16,2,24,24,17,22,18,5,2,15,7,6,25,20,5,17,9,4,11,1,1,4,10,12,7,8,1,9,18,9,12,9,26,19,16,26,10,19,23,23,15,12,4,22,26,5,19,7,26,25,24,20,9,26,23,11,26,13,3,20,22,12,17,23,14,18,16,21,16,18,23,5,12,10,14,18,14,22,19,9,23,5,3,16,4,23,11,21,18,24,25,19,22,2,11,26,26,21,22,23,14,10,13,21,13,17,5,4,26,8,23,12,11,22,23,22,13,18,21,21,9,14,18,10,2,11,10,21,23,15,12,15,1,19,1,18,1,19,3,15,14,21,10,19,9,3,12,10,16,19,9,6,20,18,12,24,3,3,25,14,10,22,4,16",5000,100
22,49,225152.12725048122,18.02086233480354,"26,19,23,21,11,6,3,13,20,14,8,16,2,24,24,17,22,18,5,2,15,7,6,25,20,5,17,9,4,11,1,1,4,10,12,7,8,1,9,18,9,12,9,26,19,16,26,10,19,23,23,15,12,4,22,26,5,19,7,26,25,24,20,9,26,23,11,26,13,3,20,22,12,17,23,14,18,16,21,16,18,23,5,12,10,14,18,14,22,19,9,23,5,3,16,4,23,11,21,18,24,25,19,22,2,11,26,26,21,22,23,14,10,13,21,13,17,5,4,26,8,23,12,11,22,23,22,13,18,21,21,9,14,18,10,2,11,10,21,23,15,12,15,1,19,1,18,1,19,3,15,14,21,10,19,9,3,12,10,16,19,9,6,20,18,12,24,3,3,25,14,10,22,4,16",5000,100
22,50,225152.12725048122,18.02086233480354,"26,19,23,21,11,6,3,13,20,14,8,16,2,24,24,17,22,18,5,2,15,7,6,25,20,5,17,9,4,11,1,1,4,10,12,7,8,1,9,18,9,12,9,26,19,16,26,10,19,23,23,15,12,4,22,26,5,19,7,26,25,24,20,9,26,23,11,26,13,3,20,22,12,17,23,14,18,16,21,16,18,23,5,12,10,14,18,14,22,19,9,23,5,3,16,4,23,11,21,18,24,25,19,22,2,11,26,26,21,22,23,14,10,13,21,13,17,5,4,26,8,23,12,11,22,23,22,13,18,21,21,9,14,18,10,2,11,10,21,23,15,12,15,1,19,1,18,1,19,3,15,14,21,10,19,9,3,12,10,16,19,9,6,20,18,12,24,3,3,25,14,10,22,4,16",5000,100
22,51,225152.12725048122,18.02086233480354,"26,19,23,21,11,6,3,13,20,14,8,16,2,24,24,17,22,18,5,2,15,7,6,25,20,5,17,9,4,11,1,1,4,10,12,7,8,1,9,18,9,12,9,26,19,16,26,10,19,23,23,15,12,4,22,26,5,19,7,26,25,24,20,9,26,23,11,26,13,3,20,22,12,17,23,14,18,16,21,16,18,23,5,12,10,14,18,14,22,19,9,23,5,3,16,4,23,11,21,18,24,25,19,22,2,11,26,26,21,22,23,14,10,13,21,13,17,5,4,26,8,23,12,11,22,23,22,13,18,21,21,9,14,18,10,2,11,10,21,23,15,12,15,1,19,1,18,1,19,3,15,14,21,10,19,9,3,12,10,16,19,9,6,20,18,12,24,3,3,25,14,10,22,4,16",5000,100
22,52,225152.12725048122,18.02086233480354,"26,19,23,21,11,6,3,13,20,14,8,16,2,24,24,17,22,18,5,2,15,7,6,25,20,5,17,9,4,11,1,1,4,10,12,7,8,1,9,18,9,12,9,26,19,16,26,10,19,23,23,15,12,4,22,26,5,19,7,26,25,24,20,9,26,23,11,26,13,3,20,22,12,17,23,14,18,16,21,16,18,23,5,12,10,14,18,14,22,19,9,23,5,3,16,4,23,11,21,18,24,25,19,22,2,11,26,26,21,22,23,14,10,13,21,13,17,5,4,26,8,23,12,11,22,23,22,13,18,21,21,9,14,18,10,2,11,10,21,23,15,12,15,1,19,1,18,1,19,3,15,14,21,10,19,9,3,12,10,16,19,9,6,20,18,12,24,3,3,25,14,10,22,4,16",5000,100
22,53,225152.12725048122,18.02086233480354,"26,19,23,21,11,6,3,13,20,14,8,16,2,24,24,17,22,18,5,2,15,7,6,25,20,5,17,9,4,11,1,1,4,10,12,7,8,1,9,18,9,12,9,26,19,16,26,10,19,23,23,15,12,4,22,26,5,19,7,26,25,24,20,9,26,23,11,26,13,3,20,22,12,17,23,14,18,16,21,16,18,23,5,12,10,14,18,14,22,19,9,23,5,3,16,4,23,11,21,18,24,25,19,22,2,11,26,26,21,22,23,14,10,13,21,13,17,5,4,26,8,23,12,11,22,23,22,13,18,21,21,9,14,18,10,2,11,10,21,23,15,12,15,1,19,1,18,1,19,3,15,14,21,10,19,9,3,12,10,16,19,9,6,20,18,12,24,3,3,25,14,10,22,4,16",5000,100
22,54,225152.12725048122,18.02086233480354,"26,19,23,21,11,6,3,13,20,14,8,16,2,24,24,17,22,18,5,2,15,7,6,25,20,5,17,9,4,11,1,1,4,10,12,7,8,1,9,18,9,12,9,26,19,16,26,10,19,23,23,15,12,4,22,26,5,19,7,26,25,24,20,9,26,23,11,26,13,3,20,22,12,17,23,14,18,16,21,16,18,23,5,12,10,14,18,14,22,19,9,23,5,3,16,4,23,11,21,18,24,25,19,22,2,11,26,26,21,22,23,14,10,13,21,13,17,5,4,26,8,23,12,11,22,23,22,13,18,21,21,9,14,18,10,2,11,10,21,23,15,12,15,1,19,1,18,1,19,3,15,14,21,10,19,9,3,12,10,16,19,9,6,20,18,12,24,3,3,25,14,10,22,4,16",5000,100
22,55,225152.12725048122,18.02086233480354,"26,19,23,21,11,6,3,13,20,14,8,16,2,24,24,17,22,18,5,2,15,7,6,25,20,5,17,9,4,11,1,1,4,10,12,7,8,1,9,18,9,12,9,26,19,16,26,10,19,23,23,15,12,4,22,26,5,19,7,26,25,24,20,9,26,23,11,26,13,3,20,22,12,17,23,14,18,16,21,16,18,23,5,12,10,14,18,14,22,19,9,23,5,3,16,4,23,11,21,18,24,25,19,22,2,11,26,26,21,22,23,14,10,13,21,13,17,5,4,26,8,23,12,11,22,23,22,13,18,21,21,9,14,18,10,2,11,10,21,23,15,12,15,1,19,1,18,1,19,3,15,14,21,10,19,9,3,12,10,16,19,9,6,20,18,12,24,3,3,25,14,10,22,4,16",5000,100
22,56,225152.12725048122,18.02086233480354,"26,19,23,21,11,6,3,13,20,14,8,16,2,24,24,17,22,18,5,2,15,7,6,25,20,5,17,9,4,11,1,1,4,10,12,7,8,1,9,18,9,12,9,26,19,16,26,10,19,23,23,15,12,4,22,26,5,19,7,26,25,24,20,9,26,23,11,26,13,3,20,22,12,17,23,14,18,16,21,16,18,23,5,12,10,14,18,14,22,19,9,23,5,3,16,4,23,11,21,18,24,25,19,22,2,11,26,26,21,22,23,14,10,13,21,13,17,5,4,26,8,23,12,11,22,23,22,13,18,21,21,9,14,18,10,2,11,10,21,23,15,12,15,1,19,1,18,1,19,3,15,14,21,10,19,9,3,12,10,16,19,9,6,20,18,12,24,3,3,25,14,10,22,4,16",5000,100
22,57,225152.12725048122,18.02086233480354,"26,19,23,21,11,6,3,13,20,14,8,16,2,24,24,17,22,18,5,2,15,7,6,25,20,5,17,9,4,11,1,1,4,10,12,7,8,1,9,18,9,12,9,26,19,16,26,10,19,23,23,15,12,4,22,26,5,19,7,26,25,24,20,9,26,23,11,26,13,3,20,22,12,17,23,14,18,16,21,16,18,23,5,12,10,14,18,14,22,19,9,23,5,3,16,4,23,11,21,18,24,25,19,22,2,11,26,26,21,22,23,14,10,13,21,13,17,5,4,26,8,23,12,11,22,23,22,13,18,21,21,9,14,18,10,2,11,10,21,23,15,12,15,1,19,1,18,1,19,3,15,14,21,10,19,9,3,12,10,16,19,9,6,20,18,12,24,3,3,25,14,10,22,4,16",5000,100
22,58,225152.12725048122,18.02086233480354,"26,19,23,21,11,6,3,13,20,14,8,16,2,24,24,17,22,18,5,2,15,7,6,25,20,5,17,9,4,11,1,1,4,10,12,7,8,1,9,18,9,12,9,26,19,16,26,10,19,23,23,15,12,4,22,26,5,19,7,26,25,24,20,9,26,23,11,26,13,3,20,22,12,17,23,14,18,16,21,16,18,23,5,12,10,14,18,14,22,19,9,23,5,3,16,4,23,11,21,18,24,25,19,22,2,11,26,26,21,22,23,14,10,13,21,13,17,5,4,26,8,23,12,11,22,23,22,13,18,21,21,9,14,18,10,2,11,10,21,23,15,12,15,1,19,1,18,1,19,3,15,14,21,10,19,9,3,12,10,16,19,9,6,20,18,12,24,3,3,25,14,10,22,4,16",5000,100
22,59,225152.12725048122,18.02086233480354,"26,19,23,21,11,6,3,13,20,14,8,16,2,24,24,17,22,18,5,2,15,7,6,25,20,5,17,9,4,11,1,1,4,10,12,7,8,1,9,18,9,12,9,26,19,16,26,10,19,23,23,15,12,4,22,26,5,19,7,26,25,24,20,9,26,23,11,26,13,3,20,22,12,17,23,14,18,16,21,16,18,23,5,12,10,14,18,14,22,19,9,23,5,3,16,4,23,11,21,18,24,25,19,22,2,11,26,26,21,22,23,14,10,13,21,13,17,5,4,26,8,23,12,11,22,23,22,13,18,21,21,9,14,18,10,2,11,10,21,23,15,12,15,1,19,1,18,1,19,3,15,14,21,10,19,9,3,12,10,16,19,9,6,20,18,12,24,3,3,25,14,10,22,4,16",5000,100
22,60,225152.12725048122,18.02086233480354,"26,19,23,21,11,6,3,13,20,14,8,16,2,24,24,17,22,18,5,2,15,7,6,25,20,5,17,9,4,11,1,1,4,10,12,7,8,1,9,18,9,12,9,26,19,16,26,10,19,23,23,15,12,4,22,26,5,19,7,26,25,24,20,9,26,23,11,26,13,3,20,22,12,17,23,14,18,16,21,16,18,23,5,12,10,14,18,14,22,19,9,23,5,3,16,4,23,11,21,18,24,25,19,22,2,11,26,26,21,22,23,14,10,13,21,13,17,5,4,26,8,23,12,11,22,23,22,13,18,21,21,9,14,18,10,2,11,10,21,23,15,12,15,1,19,1,18,1,19,3,15,14,21,10,19,9,3,12,10,16,19,9,6,20,18,12,24,3,3,25,14,10,22,4,16",5000,100
22,61,225152.12725048122,18.02086233480354,"26,19,23,21,11,6,3,13,20,14,8,16,2,24,24,17,22,18,5,2,15,7,6,25,20,5,17,9,4,11,1,1,4,10,12,7,8,1,9,18,9,12,9,26,19,16,26,10,19,23,23,15,12,4,22,26,5,19,7,26,25,24,20,9,26,23,11,26,13,3,20,22,12,17,23,14,18,16,21,16,18,23,5,12,10,14,18,14,22,19,9,23,5,3,16,4,23,11,21,18,24,25,19,22,2,11,26,26,21,22,23,14,10,13,21,13,17,5,4,26,8,23,12,11,22,23,22,13,18,21,21,9,14,18,10,2,11,10,21,23,15,12,15,1,19,1,18,1,19,3,15,14,21,10,19,9,3,12,10,16,19,9,6,20,18,12,24,3,3,25,14,10,22,4,16",5000,100
22,62,225152.12725048122,18.02086233480354,"26,19,23,21,11,6,3,13,20,14,8,16,2,24,24,17,22,18,5,2,15,7,6,25,20,5,17,9,4,11,1,1,4,10,12,7,8,1,9,18,9,12,9,26,19,16,26,10,19,23,23,15,12,4,22,26,5,19,7,26,25,24,20,9,26,23,11,26,13,3,20,22,12,17,23,14,18,16,21,16,18,23,5,12,10,14,18,14,22,19,9,23,5,3,16,4,23,11,21,18,24,25,19,22,2,11,26,26,21,22,23,14,10,13,21,13,17,5,4,26,8,23,12,11,22,23,22,13,18,21,21,9,14,18,10,2,11,10,21,23,15,12,15,1,19,1,18,1,19,3,15,14,21,10,19,9,3,12,10,16,19,9,6,20,18,12,24,3,3,25,14,10,22,4,16",5000,100
22,63,225152.12725048122,18.02086233480354,"26,19,23,21,11,6,3,13,20,14,8,16,2,24,24,17,22,18,5,2,15,7,6,25,20,5,17,9,4,11,1,1,4,10,12,7,8,1,9,18,9,12,9,26,19,16,26,10,19,23,23,15,12,4,22,26,5,19,7,26,25,24,20,9,26,23,11,26,13,3,20,22,12,17,23,14,18,16,21,16,18,23,5,12,10,14,18,14,22,19,9,23,5,3,16,4,23,11,21,18,24,25,19,22,2,11,26,26,21,22,23,14,10,13,21,13,17,5,4,26,8,23,12,11,22,23,22,13,18,21,21,9,14,18,10,2,11,10,21,23,15,12,15,1,19,1,18,1,19,3,15,14,21,10,19,9,3,12,10,16,19,9,6,20,18,12,24,3,3,25,14,10,22,4,16",5000,100
22,64,225152.12725048122,18.02086233480354,"26,19,23,21,11,6,3,13,20,14,8,16,2,24,24,17,22,18,5,2,15,7,6,25,20,5,17,9,4,11,1,1,4,10,12,7,8,1,9,18,9,12,9,26,19,16,26,10,19,23,23,15,12,4,22,26,5,19,7,26,25,24,20,9,26,23,11,26,13,3,20,22,12,17,23,14,18,16,21,16,18,23,5,12,10,14,18,14,22,19,9,23,5,3,16,4,23,11,21,18,24,25,19,22,2,11,26,26,21,22,23,14,10,13,21,13,17,5,4,26,8,23,12,11,22,23,22,13,18,21,21,9,14,18,10,2,11,10,21,23,15,12,15,1,19,1,18,1,19,3,15,14,21,10,19,9,3,12,10,16,19,9,6,20,18,12,24,3,3,25,14,10,22,4,16",5000,100
22,65,225152.12725048122,18.02086233480354,"26,19,23,21,11,6,3,13,20,14,8,16,2,24,24,17,22,18,5,2,15,7,6,25,20,5,17,9,4,11,1,1,4,10,12,7,8,1,9,18,9,12,9,26,19,16,26,10,19,23,23,15,12,4,22,26,5,19,7,26,25,24,20,9,26,23,11,26,13,3,20,22,12,17,23,14,18,16,21,16,18,23,5,12,10,14,18,14,22,19,9,23,5,3,16,4,23,11,21,18,24,25,19,22,2,11,26,26,21,22,23,14,10,13,21,13,17,5,4,26,8,23,12,11,22,23,22,13,18,21,21,9,14,18,10,2,11,10,21,23,15,12,15,1,19,1,18,1,19,3,15,14,21,10,19,9,3,12,10,16,19,9,6,20,18,12,24,3,3,25,14,10,22,4,16",5000,100
22,66,225152.12725048122,18.02086233480354,"26,19,23,21,11,6,3,13,20,14,8,16,2,24,24,17,22,18,5,2,15,7,6,25,20,5,17,9,4,11,1,1,4,10,12,7,8,1,9,18,9,12,9,26,19,16,26,10,19,23,23,15,12,4,22,26,5,19,7,26,25,24,20,9,26,23,11,26,13,3,20,22,12,17,23,14,18,16,21,16,18,23,5,12,10,14,18,14,22,19,9,23,5,3,16,4,23,11,21,18,24,25,19,22,2,11,26,26,21,22,23,14,10,13,21,13,17,5,4,26,8,23,12,11,22,23,22,13,18,21,21,9,14,18,10,2,11,10,21,23,15,12,15,1,19,1,18,1,19,3,15,14,21,10,19,9,3,12,10,16,19,9,6,20,18,12,24,3,3,25,14,10,22,4,16",5000,100
22,67,225152.12725048122,18.02086233480354,"26,19,23,21,11,6,3,13,20,14,8,16,2,24,24,17,22,18,5,2,15,7,6,25,20,5,17,9,4,11,1,1,4,10,12,7,8,1,9,18,9,12,9,26,19,16,26,10,19,23,23,15,12,4,22,26,5,19,7,26,25,24,20,9,26,23,11,26,13,3,20,22,12,17,23,14,18,16,21,16,18,23,5,12,10,14,18,14,22,19,9,23,5,3,16,4,23,11,21,18,24,25,19,22,2,11,26,26,21,22,23,14,10,13,21,13,17,5,4,26,8,23,12,11,22,23,22,13,18,21,21,9,14,18,10,2,11,10,21,23,15,12,15,1,19,1,18,1,19,3,15,14,21,10,19,9,3,12,10,16,19,9,6,20,18,12,24,3,3,25,14,10,22,4,16",5000,100
22,68,225152.12725048122,18.02086233480354,"26,19,23,21,11,6,3,13,20,14,8,16,2,24,24,17,22,18,5,2,15,7,6,25,20,5,17,9,4,11,1,1,4,10,12,7,8,1,9,18,9,12,9,26,19,16,26,10,19,23,23,15,12,4,22,26,5,19,7,26,25,24,20,9,26,23,11,26,13,3,20,22,12,17,23,14,18,16,21,16,18,23,5,12,10,14,18,14,22,19,9,23,5,3,16,4,23,11,21,18,24,25,19,22,2,11,26,26,21,22,23,14,10,13,21,13,17,5,4,26,8,23,12,11,22,23,22,13,18,21,21,9,14,18,10,2,11,10,21,23,15,12,15,1,19,1,18,1,19,3,15,14,21,10,19,9,3,12,10,16,19,9,6,20,18,12,24,3,3,25,14,10,22,4,16",5000,100
22,69,225152.12725048122,18.02086233480354,"26,19,23,21,11,6,3,13,20,14,8,16,2,24,24,17,22,18,5,2,15,7,6,25,20,5,17,9,4,11,1,1,4,10,12,7,8,1,9,18,9,12,9,26,19,16,26,10,19,23,23,15,12,4,22,26,5,19,7,26,25,24,20,9,26,23,11,26,13,3,20,22,12,17,23,14,18,16,21,16,18,23,5,12,10,14,18,14,22,19,9,23,5,3,16,4,23,11,21,18,24,25,19,22,2,11,26,26,21,22,23,14,10,13,21,13,17,5,4,26,8,23,12,11,22,23,22,13,18,21,21,9,14,18,10,2,11,10,21,23,15,12,15,1,19,1,18,1,19,3,15,14,21,10,19,9,3,12,10,16,19,9,6,20,18,12,24,3,3,25,14,10,22,4,16",5000,100
22,70,225152.12725048122,18.02086233480354,"26,19,23,21,11,6,3,13,20,14,8,16,2,24,24,17,22,18,5,2,15,7,6,25,20,5,17,9,4,11,1,1,4,10,12,7,8,1,9,18,9,12,9,26,19,16,26,10,19,23,23,15,12,4,22,26,5,19,7,26,25,24,20,9,26,23,11,26,13,3,20,22,12,17,23,14,18,16,21,16,18,23,5,12,10,14,18,14,22,19,9,23,5,3,16,4,23,11,21,18,24,25,19,22,2,11,26,26,21,22,23,14,10,13,21,13,17,5,4,26,8,23,12,11,22,23,22,13,18,21,21,9,14,18,10,2,11,10,21,23,15,12,15,1,19,1,18,1,19,3,15,14,21,10,19,9,3,12,10,16,19,9,6,20,18,12,24,3,3,25,14,10,22,4,16",5000,100
22,71,225152.12725048122,18.02086233480354,"26,19,23,21,11,6,3,13,20,14,8,16,2,24,24,17,22,18,5,2,15,7,6,25,20,5,17,9,4,11,1,1,4,10,12,7,8,1,9,18,9,12,9,26,19,16,26,10,19,23,23,15,12,4,22,26,5,19,7,26,25,24,20,9,26,23,11,26,13,3,20,22,12,17,23,14,18,16,21,16,18,23,5,12,10,14,18,14,22,19,9,23,5,3,16,4,23,11,21,18,24,25,19,22,2,11,26,26,21,22,23,14,10,13,21,13,17,5,4,26,8,23,12,11,22,23,22,13,18,21,21,9,14,18,10,2,11,10,21,23,15,12,15,1,19,1,18,1,19,3,15,14,21,10,19,9,3,12,10,16,19,9,6,20,18,12,24,3,3,25,14,10,22,4,16",5000,100
22,72,225152.12725048122,18.02086233480354,"26,19,23,21,11,6,3,13,20,14,8,16,2,24,24,17,22,18,5,2,15,7,6,25,20,5,17,9,4,11,1,1,4,10,12,7,8,1,9,18,9,12,9,26,19,16,26,10,19,23,23,15,12,4,22,26,5,19,7,26,25,24,20,9,26,23,11,26,13,3,20,22,12,17,23,14,18,16,21,16,18,23,5,12,10,14,18,14,22,19,9,23,5,3,16,4,23,11,21,18,24,25,19,22,2,11,26,26,21,22,23,14,10,13,21,13,17,5,4,26,8,23,12,11,22,23,22,13,18,21,21,9,14,18,10,2,11,10,21,23,15,12,15,1,19,1,18,1,19,3,15,14,21,10,19,9,3,12,10,16,19,9,6,20,18,12,24,3,3,25,14,10,22,4,16",5000,100
22,73,225152.12725048122,18.02086233480354,"26,19,23,21,11,6,3,13,20,14,8,16,2,24,24,17,22,18,5,2,15,7,6,25,20,5,17,9,4,11,1,1,4,10,12,7,8,1,9,18,9,12,9,26,19,16,26,10,19,23,23,15,12,4,22,26,5,19,7,26,25,24,20,9,26,23,11,26,13,3,20,22,12,17,23,14,18,16,21,16,18,23,5,12,10,14,18,14,22,19,9,23,5,3,16,4,23,11,21,18,24,25,19,22,2,11,26,26,21,22,23,14,10,13,21,13,17,5,4,26,8,23,12,11,22,23,22,13,18,21,21,9,14,18,10,2,11,10,21,23,15,12,15,1,19,1,18,1,19,3,15,14,21,10,19,9,3,12,10,16,19,9,6,20,18,12,24,3,3,25,14,10,22,4,16",5000,100
22,74,225152.12725048122,18.02086233480354,"26,19,23,21,11,6,3,13,20,14,8,16,2,24,24,17,22,18,5,2,15,7,6,25,20,5,17,9,4,11,1,1,4,10,12,7,8,1,9,18,9,12,9,26,19,16,26,10,19,23,23,15,12,4,22,26,5,19,7,26,25,24,20,9,26,23,11,26,13,3,20,22,12,17,23,14,18,16,21,16,18,23,5,12,10,14,18,14,22,19,9,23,5,3,16,4,23,11,21,18,24,25,19,22,2,11,26,26,21,22,23,14,10,13,21,13,17,5,4,26,8,23,12,11,22,23,22,13,18,21,21,9,14,18,10,2,11,10,21,23,15,12,15,1,19,1,18,1,19,3,15,14,21,10,19,9,3,12,10,16,19,9,6,20,18,12,24,3,3,25,14,10,22,4,16",5000,100
22,75,225152.12725048122,18.02086233480354,"26,19,23,21,11,6,3,13,20,14,8,16,2,24,24,17,22,18,5,2,15,7,6,25,20,5,17,9,4,11,1,1,4,10,12,7,8,1,9,18,9,12,9,26,19,16,26,10,19,23,23,15,12,4,22,26,5,19,7,26,25,24,20,9,26,23,11,26,13,3,20,22,12,17,23,14,18,16,21,16,18,23,5,12,10,14,18,14,22,19,9,23,5,3,16,4,23,11,21,18,24,25,19,22,2,11,26,26,21,22,23,14,10,13,21,13,17,5,4,26,8,23,12,11,22,23,22,13,18,21,21,9,14,18,10,2,11,10,21,23,15,12,15,1,19,1,18,1,19,3,15,14,21,10,19,9,3,12,10,16,19,9,6,20,18,12,24,3,3,25,14,10,22,4,16",5000,100
22,76,225152.12725048122,18.02086233480354,"26,19,23,21,11,6,3,13,20,14,8,16,2,24,24,17,22,18,5,2,15,7,6,25,20,5,17,9,4,11,1,1,4,10,12,7,8,1,9,18,9,12,9,26,19,16,26,10,19,23,23,15,12,4,22,26,5,19,7,26,25,24,20,9,26,23,11,26,13,3,20,22,12,17,23,14,18,16,21,16,18,23,5,12,10,14,18,14,22,19,9,23,5,3,16,4,23,11,21,18,24,25,19,22,2,11,26,26,21,22,23,14,10,13,21,13,17,5,4,26,8,23,12,11,22,23,22,13,18,21,21,9,14,18,10,2,11,10,21,23,15,12,15,1,19,1,18,1,19,3,15,14,21,10,19,9,3,12,10,16,19,9,6,20,18,12,24,3,3,25,14,10,22,4,16",5000,100
22,77,225152.12725048122,18.02086233480354,"26,19,23,21,11,6,3,13,20,14,8,16,2,24,24,17,22,18,5,2,15,7,6,25,20,5,17,9,4,11,1,1,4,10,12,7,8,1,9,18,9,12,9,26,19,16,26,10,19,23,23,15,12,4,22,26,5,19,7,26,25,24,20,9,26,23,11,26,13,3,20,22,12,17,23,14,18,16,21,16,18,23,5,12,10,14,18,14,22,19,9,23,5,3,16,4,23,11,21,18,24,25,19,22,2,11,26,26,21,22,23,14,10,13,21,13,17,5,4,26,8,23,12,11,22,23,22,13,18,21,21,9,14,18,10,2,11,10,21,23,15,12,15,1,19,1,18,1,19,3,15,14,21,10,19,9,3,12,10,16,19,9,6,20,18,12,24,3,3,25,14,10,22,4,16",5000,100
22,78,225152.12725048122,18.02086233480354,"26,19,23,21,11,6,3,13,20,14,8,16,2,24,24,17,22,18,5,2,15,7,6,25,20,5,17,9,4,11,1,1,4,10,12,7,8,1,9,18,9,12,9,26,19,16,26,10,19,23,23,15,12,4,22,26,5,19,7,26,25,24,20,9,26,23,11,26,13,3,20,22,12,17,23,14,18,16,21,16,18,23,5,12,10,14,18,14,22,19,9,23,5,3,16,4,23,11,21,18,24,25,19,22,2,11,26,26,21,22,23,14,10,13,21,13,17,5,4,26,8,23,12,11,22,23,22,13,18,21,21,9,14,18,10,2,11,10,21,23,15,12,15,1,19,1,18,1,19,3,15,14,21,10,19,9,3,12,10,16,19,9,6,20,18,12,24,3,3,25,14,10,22,4,16",5000,100
22,79,225152.12725048122,18.02086233480354,"26,19,23,21,11,6,3,13,20,14,8,16,2,24,24,17,22,18,5,2,15,7,6,25,20,5,17,9,4,11,1,1,4,10,12,7,8,1,9,18,9,12,9,26,19,16,26,10,19,23,23,15,12,4,22,26,5,19,7,26,25,24,20,9,26,23,11,26,13,3,20,22,12,17,23,14,18,16,21,16,18,23,5,12,10,14,18,14,22,19,9,23,5,3,16,4,23,11,21,18,24,25,19,22,2,11,26,26,21,22,23,14,10,13,21,13,17,5,4,26,8,23,12,11,22,23,22,13,18,21,21,9,14,18,10,2,11,10,21,23,15,12,15,1,19,1,18,1,19,3,15,14,21,10,19,9,3,12,10,16,19,9,6,20,18,12,24,3,3,25,14,10,22,4,16",5000,100
22,80,225152.12725048122,18.02086233480354,"26,19,23,21,11,6,3,13,20,14,8,16,2,24,24,17,22,18,5,2,15,7,6,25,20,5,17,9,4,11,1,1,4,10,12,7,8,1,9,18,9,12,9,26,19,16,26,10,19,23,23,15,12,4,22,26,5,19,7,26,25,24,20,9,26,23,11,26,13,3,20,22,12,17,23,14,18,16,21,16,18,23,5,12,10,14,18,14,22,19,9,23,5,3,16,4,23,11,21,18,24,25,19,22,2,11,26,26,21,22,23,14,10,13,21,13,17,5,4,26,8,23,12,11,22,23,22,13,18,21,21,9,14,18,10,2,11,10,21,23,15,12,15,1,19,1,18,1,19,3,15,14,21,10,19,9,3,12,10,16,19,9,6,20,18,12,24,3,3,25,14,10,22,4,16",5000,100
22,81,225152.12725048122,18.02086233480354,"26,19,23,21,11,6,3,13,20,14,8,16,2,24,24,17,22,18,5,2,15,7,6,25,20,5,17,9,4,11,1,1,4,10,12,7,8,1,9,18,9,12,9,26,19,16,26,10,19,23,23,15,12,4,22,26,5,19,7,26,25,24,20,9,26,23,11,26,13,3,20,22,12,17,23,14,18,16,21,16,18,23,5,12,10,14,18,14,22,19,9,23,5,3,16,4,23,11,21,18,24,25,19,22,2,11,26,26,21,22,23,14,10,13,21,13,17,5,4,26,8,23,12,11,22,23,22,13,18,21,21,9,14,18,10,2,11,10,21,23,15,12,15,1,19,1,18,1,19,3,15,14,21,10,19,9,3,12,10,16,19,9,6,20,18,12,24,3,3,25,14,10,22,4,16",5000,100
22,82,225152.12725048122,18.02086233480354,"26,19,23,21,11,6,3,13,20,14,8,16,2,24,24,17,22,18,5,2,15,7,6,25,20,5,17,9,4,11,1,1,4,10,12,7,8,1,9,18,9,12,9,26,19,16,26,10,19,23,23,15,12,4,22,26,5,19,7,26,25,24,20,9,26,23,11,26,13,3,20,22,12,17,23,14,18,16,21,16,18,23,5,12,10,14,18,14,22,19,9,23,5,3,16,4,23,11,21,18,24,25,19,22,2,11,26,26,21,22,23,14,10,13,21,13,17,5,4,26,8,23,12,11,22,23,22,13,18,21,21,9,14,18,10,2,11,10,21,23,15,12,15,1,19,1,18,1,19,3,15,14,21,10,19,9,3,12,10,16,19,9,6,20,18,12,24,3,3,25,14,10,22,4,16",5000,100
22,83,225152.12725048122,18.02086233480354,"26,19,23,21,11,6,3,13,20,14,8,16,2,24,24,17,22,18,5,2,15,7,6,25,20,5,17,9,4,11,1,1,4,10,12,7,8,1,9,18,9,12,9,26,19,16,26,10,19,23,23,15,12,4,22,26,5,19,7,26,25,24,20,9,26,23,11,26,13,3,20,22,12,17,23,14,18,16,21,16,18,23,5,12,10,14,18,14,22,19,9,23,5,3,16,4,23,11,21,18,24,25,19,22,2,11,26,26,21,22,23,14,10,13,21,13,17,5,4,26,8,23,12,11,22,23,22,13,18,21,21,9,14,18,10,2,11,10,21,23,15,12,15,1,19,1,18,1,19,3,15,14,21,10,19,9,3,12,10,16,19,9,6,20,18,12,24,3,3,25,14,10,22,4,16",5000,100
22,84,225152.12725048122,18.02086233480354,"26,19,23,21,11,6,3,13,20,14,8,16,2,24,24,17,22,18,5,2,15,7,6,25,20,5,17,9,4,11,1,1,4,10,12,7,8,1,9,18,9,12,9,26,19,16,26,10,19,23,23,15,12,4,22,26,5,19,7,26,25,24,20,9,26,23,11,26,13,3,20,22,12,17,23,14,18,16,21,16,18,23,5,12,10,14,18,14,22,19,9,23,5,3,16,4,23,11,21,18,24,25,19,22,2,11,26,26,21,22,23,14,10,13,21,13,17,5,4,26,8,23,12,11,22,23,22,13,18,21,21,9,14,18,10,2,11,10,21,23,15,12,15,1,19,1,18,1,19,3,15,14,21,10,19,9,3,12,10,16,19,9,6,20,18,12,24,3,3,25,14,10,22,4,16",5000,100
22,85,225152.12725048122,18.02086233480354,"26,19,23,21,11,6,3,13,20,14,8,16,2,24,24,17,22,18,5,2,15,7,6,25,20,5,17,9,4,11,1,1,4,10,12,7,8,1,9,18,9,12,9,26,19,16,26,10,19,23,23,15,12,4,22,26,5,19,7,26,25,24,20,9,26,23,11,26,13,3,20,22,12,17,23,14,18,16,21,16,18,23,5,12,10,14,18,14,22,19,9,23,5,3,16,4,23,11,21,18,24,25,19,22,2,11,26,26,21,22,23,14,10,13,21,13,17,5,4,26,8,23,12,11,22,23,22,13,18,21,21,9,14,18,10,2,11,10,21,23,15,12,15,1,19,1,18,1,19,3,15,14,21,10,19,9,3,12,10,16,19,9,6,20,18,12,24,3,3,25,14,10,22,4,16",5000,100
22,86,225152.12725048122,18.02086233480354,"26,19,23,21,11,6,3,13,20,14,8,16,2,24,24,17,22,18,5,2,15,7,6,25,20,5,17,9,4,11,1,1,4,10,12,7,8,1,9,18,9,12,9,26,19,16,26,10,19,23,23,15,12,4,22,26,5,19,7,26,25,24,20,9,26,23,11,26,13,3,20,22,12,17,23,14,18,16,21,16,18,23,5,12,10,14,18,14,22,19,9,23,5,3,16,4,23,11,21,18,24,25,19,22,2,11,26,26,21,22,23,14,10,13,21,13,17,5,4,26,8,23,12,11,22,23,22,13,18,21,21,9,14,18,10,2,11,10,21,23,15,12,15,1,19,1,18,1,19,3,15,14,21,10,19,9,3,12,10,16,19,9,6,20,18,12,24,3,3,25,14,10,22,4,16",5000,100
22,87,225152.12725048122,18.02086233480354,"26,19,23,21,11,6,3,13,20,14,8,16,2,24,24,17,22,18,5,2,15,7,6,25,20,5,17,9,4,11,1,1,4,10,12,7,8,1,9,18,9,12,9,26,19,16,26,10,19,23,23,15,12,4,22,26,5,19,7,26,25,24,20,9,26,23,11,26,13,3,20,22,12,17,23,14,18,16,21,16,18,23,5,12,10,14,18,14,22,19,9,23,5,3,16,4,23,11,21,18,24,25,19,22,2,11,26,26,21,22,23,14,10,13,21,13,17,5,4,26,8,23,12,11,22,23,22,13,18,21,21,9,14,18,10,2,11,10,21,23,15,12,15,1,19,1,18,1,19,3,15,14,21,10,19,9,3,12,10,16,19,9,6,20,18,12,24,3,3,25,14,10,22,4,16",5000,100
22,88,225152.12725048122,18.02086233480354,"26,19,23,21,11,6,3,13,20,14,8,16,2,24,24,17,22,18,5,2,15,7,6,25,20,5,17,9,4,11,1,1,4,10,12,7,8,1,9,18,9,12,9,26,19,16,26,10,19,23,23,15,12,4,22,26,5,19,7,26,25,24,20,9,26,23,11,26,13,3,20,22,12,17,23,14,18,16,21,16,18,23,5,12,10,14,18,14,22,19,9,23,5,3,16,4,23,11,21,18,24,25,19,22,2,11,26,26,21,22,23,14,10,13,21,13,17,5,4,26,8,23,12,11,22,23,22,13,18,21,21,9,14,18,10,2,11,10,21,23,15,12,15,1,19,1,18,1,19,3,15,14,21,10,19,9,3,12,10,16,19,9,6,20,18,12,24,3,3,25,14,10,22,4,16",5000,100
22,89,225152.12725048122,18.02086233480354,"26,19,23,21,11,6,3,13,20,14,8,16,2,24,24,17,22,18,5,2,15,7,6,25,20,5,17,9,4,11,1,1,4,10,12,7,8,1,9,18,9,12,9,26,19,16,26,10,19,23,23,15,12,4,22,26,5,19,7,26,25,24,20,9,26,23,11,26,13,3,20,22,12,17,23,14,18,16,21,16,18,23,5,12,10,14,18,14,22,19,9,23,5,3,16,4,23,11,21,18,24,25,19,22,2,11,26,26,21,22,23,14,10,13,21,13,17,5,4,26,8,23,12,11,22,23,22,13,18,21,21,9,14,18,10,2,11,10,21,23,15,12,15,1,19,1,18,1,19,3,15,14,21,10,19,9,3,12,10,16,19,9,6,20,18,12,24,3,3,25,14,10,22,4,16",5000,100
22,90,225152.12725048122,18.02086233480354,"26,19,23,21,11,6,3,13,20,14,8,16,2,24,24,17,22,18,5,2,15,7,6,25,20,5,17,9,4,11,1,1,4,10,12,7,8,1,9,18,9,12,9,26,19,16,26,10,19,23,23,15,12,4,22,26,5,19,7,26,25,24,20,9,26,23,11,26,13,3,20,22,12,17,23,14,18,16,21,16,18,23,5,12,10,14,18,14,22,19,9,23,5,3,16,4,23,11,21,18,24,25,19,22,2,11,26,26,21,22,23,14,10,13,21,13,17,5,4,26,8,23,12,11,22,23,22,13,18,21,21,9,14,18,10,2,11,10,21,23,15,12,15,1,19,1,18,1,19,3,15,14,21,10,19,9,3,12,10,16,19,9,6,20,18,12,24,3,3,25,14,10,22,4,16",5000,100
22,91,225152.12725048122,18.02086233480354,"26,19,23,21,11,6,3,13,20,14,8,16,2,24,24,17,22,18,5,2,15,7,6,25,20,5,17,9,4,11,1,1,4,10,12,7,8,1,9,18,9,12,9,26,19,16,26,10,19,23,23,15,12,4,22,26,5,19,7,26,25,24,20,9,26,23,11,26,13,3,20,22,12,17,23,14,18,16,21,16,18,23,5,12,10,14,18,14,22,19,9,23,5,3,16,4,23,11,21,18,24,25,19,22,2,11,26,26,21,22,23,14,10,13,21,13,17,5,4,26,8,23,12,11,22,23,22,13,18,21,21,9,14,18,10,2,11,10,21,23,15,12,15,1,19,1,18,1,19,3,15,14,21,10,19,9,3,12,10,16,19,9,6,20,18,12,24,3,3,25,14,10,22,4,16",5000,100
22,92,225152.12725048122,18.02086233480354,"26,19,23,21,11,6,3,13,20,14,8,16,2,24,24,17,22,18,5,2,15,7,6,25,20,5,17,9,4,11,1,1,4,10,12,7,8,1,9,18,9,12,9,26,19,16,26,10,19,23,23,15,12,4,22,26,5,19,7,26,25,24,20,9,26,23,11,26,13,3,20,22,12,17,23,14,18,16,21,16,18,23,5,12,10,14,18,14,22,19,9,23,5,3,16,4,23,11,21,18,24,25,19,22,2,11,26,26,21,22,23,14,10,13,21,13,17,5,4,26,8,23,12,11,22,23,22,13,18,21,21,9,14,18,10,2,11,10,21,23,15,12,15,1,19,1,18,1,19,3,15,14,21,10,19,9,3,12,10,16,19,9,6,20,18,12,24,3,3,25,14,10,22,4,16",5000,100
22,93,225152.12725048122,18.02086233480354,"26,19,23,21,11,6,3,13,20,14,8,16,2,24,24,17,22,18,5,2,15,7,6,25,20,5,17,9,4,11,1,1,4,10,12,7,8,1,9,18,9,12,9,26,19,16,26,10,19,23,23,15,12,4,22,26,5,19,7,26,25,24,20,9,26,23,11,26,13,3,20,22,12,17,23,14,18,16,21,16,18,23,5,12,10,14,18,14,22,19,9,23,5,3,16,4,23,11,21,18,24,25,19,22,2,11,26,26,21,22,23,14,10,13,21,13,17,5,4,26,8,23,12,11,22,23,22,13,18,21,21,9,14,18,10,2,11,10,21,23,15,12,15,1,19,1,18,1,19,3,15,14,21,10,19,9,3,12,10,16,19,9,6,20,18,12,24,3,3,25,14,10,22,4,16",5000,100
22,94,225152.12725048122,18.02086233480354,"26,19,23,21,11,6,3,13,20,14,8,16,2,24,24,17,22,18,5,2,15,7,6,25,20,5,17,9,4,11,1,1,4,10,12,7,8,1,9,18,9,12,9,26,19,16,26,10,19,23,23,15,12,4,22,26,5,19,7,26,25,24,20,9,26,23,11,26,13,3,20,22,12,17,23,14,18,16,21,16,18,23,5,12,10,14,18,14,22,19,9,23,5,3,16,4,23,11,21,18,24,25,19,22,2,11,26,26,21,22,23,14,10,13,21,13,17,5,4,26,8,23,12,11,22,23,22,13,18,21,21,9,14,18,10,2,11,10,21,23,15,12,15,1,19,1,18,1,19,3,15,14,21,10,19,9,3,12,10,16,19,9,6,20,18,12,24,3,3,25,14,10,22,4,16",5000,100
22,95,225152.12725048122,18.02086233480354,"26,19,23,21,11,6,3,13,20,14,8,16,2,24,24,17,22,18,5,2,15,7,6,25,20,5,17,9,4,11,1,1,4,10,12,7,8,1,9,18,9,12,9,26,19,16,26,10,19,23,23,15,12,4,22,26,5,19,7,26,25,24,20,9,26,23,11,26,13,3,20,22,12,17,23,14,18,16,21,16,18,23,5,12,10,14,18,14,22,19,9,23,5,3,16,4,23,11,21,18,24,25,19,22,2,11,26,26,21,22,23,14,10,13,21,13,17,5,4,26,8,23,12,11,22,23,22,13,18,21,21,9,14,18,10,2,11,10,21,23,15,12,15,1,19,1,18,1,19,3,15,14,21,10,19,9,3,12,10,16,19,9,6,20,18,12,24,3,3,25,14,10,22,4,16",5000,100
22,96,225152.12725048122,18.02086233480354,"26,19,23,21,11,6,3,13,20,14,8,16,2,24,24,17,22,18,5,2,15,7,6,25,20,5,17,9,4,11,1,1,4,10,12,7,8,1,9,18,9,12,9,26,19,16,26,10,19,23,23,15,12,4,22,26,5,19,7,26,25,24,20,9,26,23,11,26,13,3,20,22,12,17,23,14,18,16,21,16,18,23,5,12,10,14,18,14,22,19,9,23,5,3,16,4,23,11,21,18,24,25,19,22,2,11,26,26,21,22,23,14,10,13,21,13,17,5,4,26,8,23,12,11,22,23,22,13,18,21,21,9,14,18,10,2,11,10,21,23,15,12,15,1,19,1,18,1,19,3,15,14,21,10,19,9,3,12,10,16,19,9,6,20,18,12,24,3,3,25,14,10,22,4,16",5000,100
22,97,225152.12725048122,18.02086233480354,"26,19,23,21,11,6,3,13,20,14,8,16,2,24,24,17,22,18,5,2,15,7,6,25,20,5,17,9,4,11,1,1,4,10,12,7,8,1,9,18,9,12,9,26,19,16,26,10,19,23,23,15,12,4,22,26,5,19,7,26,25,24,20,9,26,23,11,26,13,3,20,22,12,17,23,14,18,16,21,16,18,23,5,12,10,14,18,14,22,19,9,23,5,3,16,4,23,11,21,18,24,25,19,22,2,11,26,26,21,22,23,14,10,13,21,13,17,5,4,26,8,23,12,11,22,23,22,13,18,21,21,9,14,18,10,2,11,10,21,23,15,12,15,1,19,1,18,1,19,3,15,14,21,10,19,9,3,12,10,16,19,9,6,20,18,12,24,3,3,25,14,10,22,4,16",5000,100
22,98,225152.12725048122,18.02086233480354,"26,19,23,21,11,6,3,13,20,14,8,16,2,24,24,17,22,18,5,2,15,7,6,25,20,5,17,9,4,11,1,1,4,10,12,7,8,1,9,18,9,12,9,26,19,16,26,10,19,23,23,15,12,4,22,26,5,19,7,26,25,24,20,9,26,23,11,26,13,3,20,22,12,17,23,14,18,16,21,16,18,23,5,12,10,14,18,14,22,19,9,23,5,3,16,4,23,11,21,18,24,25,19,22,2,11,26,26,21,22,23,14,10,13,21,13,17,5,4,26,8,23,12,11,22,23,22,13,18,21,21,9,14,18,10,2,11,10,21,23,15,12,15,1,19,1,18,1,19,3,15,14,21,10,19,9,3,12,10,16,19,9,6,20,18,12,24,3,3,25,14,10,22,4,16",5000,100
22,99,225152.12725048122,18.02086233480354,"26,19,23,21,11,6,3,13,20,14,8,16,2,24,24,17,22,18,5,2,15,7,6,25,20,5,17,9,4,11,1,1,4,10,12,7,8,1,9,18,9,12,9,26,19,16,26,10,19,23,23,15,12,4,22,26,5,19,7,26,25,24,20,9,26,23,11,26,13,3,20,22,12,17,23,14,18,16,21,16,18,23,5,12,10,14,18,14,22,19,9,23,5,3,16,4,23,11,21,18,24,25,19,22,2,11,26,26,21,22,23,14,10,13,21,13,17,5,4,26,8,23,12,11,22,23,22,13,18,21,21,9,14,18,10,2,11,10,21,23,15,12,15,1,19,1,18,1,19,3,15,14,21,10,19,9,3,12,10,16,19,9,6,20,18,12,24,3,3,25,14,10,22,4,16",5000,100
23,0,287550.6113195794,22.256838587394334,"19,25,12,7,26,14,17,16,15,18,9,25,5,24,3,4,11,22,20,8,13,14,20,23,15,24,10,1,10,26,6,21,2,21,2,6,12,8,9,6,11,7,15,17,11,23,2,18,6,21,13,11,10,5,20,14,3,16,16,26,22,9,11,11,8,26,12,5,25,19,8,18,2,9,10,9,17,1,2,20,25,19,23,18,18,9,15,26,4,23,4,13,15,23,5,26,8,1,3,3,1,7,21,23,13,13,15,26,2,18,17,16,6,1,20,7,5,12,22,2,16,2,13,19,7,10,2,26,8,19,24,17,22,19,24,19,8,20,1,8,5,7,3,15,4,24,6,12,4,8,25,13,25,11,19,15,23,3,7,1,12,1,25,5,22,24,4,5,11,7,24,11,9,11,24",5000,100
23,1,288154.2530398685,22.15985495434555,"19,25,12,7,26,14,17,16,15,18,9,25,5,24,3,4,11,22,20,8,13,14,20,23,15,24,10,1,10,26,6,21,2,21,2,6,12,8,9,6,11,7,15,17,11,5,2,18,6,21,13,11,10,5,20,14,3,16,16,26,22,9,11,11,8,26,12,5,25,19,8,18,2,9,10,9,17,1,2,20,25,19,23,18,18,9,15,26,4,23,4,13,15,23,5,26,8,1,3,3,1,7,21,23,13,13,15,26,2,18,17,16,6,1,20,7,5,12,22,2,16,2,13,19,7,10,2,26,8,19,24,17,22,19,24,19,8,20,1,8,5,7,3,15,4,24,6,12,4,8,25,13,25,11,19,15,23,3,7,1,12,1,25,5,22,24,4,5,11,7,24,11,9,11,24",5000,100
23,2,288154.2530398685,22.15985495434555,"19,25,12,7,26,14,17,16,15,18,9,25,5,24,3,4,11,22,20,8,13,14,20,23,15,24,10,1,10,26,6,21,2,21,2,6,12,8,9,6,11,7,15,17,11,5,2,18,6,21,13,11,10,5,20,14,3,16,16,26,22,9,11,11,8,26,12,5,25,19,8,18,2,9,10,9,17,1,2,20,25,19,23,18,18,9,15,26,4,23,4,13,15,23,5,26,8,1,3,3,1,7,21,23,13,13,15,26,2,18,17,16,6,1,20,7,5,12,22,2,16,2,13,19,7,10,2,26,8,19,24,17,22,19,24,19,8,20,1,8,5,7,3,15,4,24,6,12,4,8,25,13,25,11,19,15,23,3,7,1,12,1,25,5,22,24,4,5,11,7,24,11,9,11,24",5000,100
23,3,288154.2530398685,22.15985495434555,"19,25,12,7,26,14,17,16,15,18,9,25,5,24,3,4,11,22,20,8,13,14,20,23,15,24,10,1,10,26,6,21,2,21,2,6,12,8,9,6,11,7,15,17,11,5,2,18,6,21,13,11,10,5,20,14,3,16,16,26,22,9,11,11,8,26,12,5,25,19,8,18,2,9,10,9,17,1,2,20,25,19,23,18,18,9,15,26,4,23,4,13,15,23,5,26,8,1,3,3,1,7,21,23,13,13,15,26,2,18,17,16,6,1,20,7,5,12,22,2,16,2,13,19,7,10,2,26,8,19,24,17,22,19,24,19,8,20,1,8,5,7,3,15,4,24,6,12,4,8,25,13,25,11,19,15,23,3,7,1,12,1,25,5,22,24,4,5,11,7,24,11,9,11,24",5000,100
23,4,288154.2530398685,22.15985495434555,"19,25,12,7,26,14,17,16,15,18,9,25,5,24,3,4,11,22,20,8,13,14,20,23,15,24,10,1,10,26,6,21,2,21,2,6,12,8,9,6,11,7,15,17,11,5,2,18,6,21,13,11,10,5,20,14,3,16,16,26,22,9,11,11,8,26,12,5,25,19,8,18,2,9,10,9,17,1,2,20,25,19,23,18,18,9,15,26,4,23,4,13,15,23,5,26,8,1,3,3,1,7,21,23,13,13,15,26,2,18,17,16,6,1,20,7,5,12,22,2,16,2,13,19,7,10,2,26,8,19,24,17,22,19,24,19,8,20,1,8,5,7,3,15,4,24,6,12,4,8,25,13,25,11,19,15,23,3,7,1,12,1,25,5,22,24,4,5,11,7,24,11,9,11,24",5000,100
23,5,288154.2530398685,22.15985495434555,"19,25,12,7,26,14,17,16,15,18,9,25,5,24,3,4,11,22,20,8,13,14,20,23,15,24,10,1,10,26,6,21,2,21,2,6,12,8,9,6,11,7,15,17,11,5,2,18,6,21,13,11,10,5,20,14,3,16,16,26,22,9,11,11,8,26,12,5,25,19,8,18,2,9,10,9,17,1,2,20,25,19,23,18,18,9,15,26,4,23,4,13,15,23,5,26,8,1,3,3,1,7,21,23,13,13,15,26,2,18,17,16,6,1,20,7,5,12,22,2,16,2,13,19,7,10,2,26,8,19,24,17,22,19,24,19,8,20,1,8,5,7,3,15,4,24,6,12,4,8,25,13,25,11,19,15,23,3,7,1,12,1,25,5,22,24,4,5,11,7,24,11,9,11,24",5000,100
23,6,288154.2530398685,22.15985495434555,"19,25,12,7,26,14,17,16,15,18,9,25,5,24,3,4,11,22,20,8,13,14,20,23,15,24,10,1,10,26,6,21,2,21,2,6,12,8,9,6,11,7,15,17,11,5,2,18,6,21,13,11,10,5,20,14,3,16,16,26,22,9,11,11,8,26,12,5,25,19,8,18,2,9,10,9,17,1,2,20,25,19,23,18,18,9,15,26,4,23,4,13,15,23,5,26,8,1,3,3,1,7,21,23,13,13,15,26,2,18,17,16,6,1,20,7,5,12,22,2,16,2,13,19,7,10,2,26,8,19,24,17,22,19,24,19,8,20,1,8,5,7,3,15,4,24,6,12,4,8,25,13,25,11,19,15,23,3,7,1,12,1,25,5,22,24,4,5,11,7,24,11,9,11,24",5000,100
23,7,288154.2530398685,22.15985495434555,"19,25,12,7,26,14,17,16,15,18,9,25,5,24,3,4,11,22,20,8,13,14,20,23,15,24,10,1,10,26,6,21,2,21,2,6,12,8,9,6,11,7,15,17,11,5,2,18,6,21,13,11,10,5,20,14,3,16,16,26,22,9,11,11,8,26,12,5,25,19,8,18,2,9,10,9,17,1,2,20,25,19,23,18,18,9,15,26,4,23,4,13,15,23,5,26,8,1,3,3,1,7,21,23,13,13,15,26,2,18,17,16,6,1,20,7,5,12,22,2,16,2,13,19,7,10,2,26,8,19,24,17,22,19,24,19,8,20,1,8,5,7,3,15,4,24,6,12,4,8,25,13,25,11,19,15,23,3,7,1,12,1,25,5,22,24,4,5,11,7,24,11,9,11,24",5000,100
23,8,288154.2530398685,22.15985495434555,"19,25,12,7,26,14,17,16,15,18,9,25,5,24,3,4,11,22,20,8,13,14,20,23,15,24,10,1,10,26,6,21,2,21,2,6,12,8,9,6,11,7,15,17,11,5,2,18,6,21,13,11,10,5,20,14,3,16,16,26,22,9,11,11,8,26,12,5,25,19,8,18,2,9,10,9,17,1,2,20,25,19,23,18,18,9,15,26,4,23,4,13,15,23,5,26,8,1,3,3,1,7,21,23,13,13,15,26,2,18,17,16,6,1,20,7,5,12,22,2,16,2,13,19,7,10,2,26,8,19,24,17,22,19,24,19,8,20,1,8,5,7,3,15,4,24,6,12,4,8,25,13,25,11,19,15,23,3,7,1,12,1,25,5,22,24,4,5,11,7,24,11,9,11,24",5000,100
23,9,288154.2530398685,22.15985495434555,"19,25,12,7,26,14,17,16,15,18,9,25,5,24,3,4,11,22,20,8,13,14,20,23,15,24,10,1,10,26,6,21,2,21,2,6,12,8,9,6,11,7,15,17,11,5,2,18,6,21,13,11,10,5,20,14,3,16,16,26,22,9,11,11,8,26,12,5,25,19,8,18,2,9,10,9,17,1,2,20,25,19,23,18,18,9,15,26,4,23,4,13,15,23,5,26,8,1,3,3,1,7,21,23,13,13,15,26,2,18,17,16,6,1,20,7,5,12,22,2,16,2,13,19,7,10,2,26,8,19,24,17,22,19,24,19,8,20,1,8,5,7,3,15,4,24,6,12,4,8,25,13,25,11,19,15,23,3,7,1,12,1,25,5,22,24,4,5,11,7,24,11,9,11,24",5000,100
23,10,288154.2530398685,22.15985495434555,"19,25,12,7,26,14,17,16,15,18,9,25,5,24,3,4,11,22,20,8,13,14,20,23,15,24,10,1,10,26,6,21,2,21,2,6,12,8,9,6,11,7,15,17,11,5,2,18,6,21,13,11,10,5,20,14,3,16,16,26,22,9,11,11,8,26,12,5,25,19,8,18,2,9,10,9,17,1,2,20,25,19,23,18,18,9,15,26,4,23,4,13,15,23,5,26,8,1,3,3,1,7,21,23,13,13,15,26,2,18,17,16,6,1,20,7,5,12,22,2,16,2,13,19,7,10,2,26,8,19,24,17,22,19,24,19,8,20,1,8,5,7,3,15,4,24,6,12,4,8,25,13,25,11,19,15,23,3,7,1,12,1,25,5,22,24,4,5,11,7,24,11,9,11,24",5000,100
23,11,288154.2530398685,22.15985495434555,"19,25,12,7,26,14,17,16,15,18,9,25,5,24,3,4,11,22,20,8,13,14,20,23,15,24,10,1,10,26,6,21,2,21,2,6,12,8,9,6,11,7,15,17,11,5,2,18,6,21,13,11,10,5,20,14,3,16,16,26,22,9,11,11,8,26,12,5,25,19,8,18,2,9,10,9,17,1,2,20,25,19,23,18,18,9,15,26,4,23,4,13,15,23,5,26,8,1,3,3,1,7,21,23,13,13,15,26,2,18,17,16,6,1,20,7,5,12,22,2,16,2,13,19,7,10,2,26,8,19,24,17,22,19,24,19,8,20,1,8,5,7,3,15,4,24,6,12,4,8,25,13,25,11,19,15,23,3,7,1,12,1,25,5,22,24,4,5,11,7,24,11,9,11,24",5000,100
23,12,288154.2530398685,22.15985495434555,"19,25,12,7,26,14,17,16,15,18,9,25,5,24,3,4,11,22,20,8,13,14,20,23,15,24,10,1,10,26,6,21,2,21,2,6,12,8,9,6,11,7,15,17,11,5,2,18,6,21,13,11,10,5,20,14,3,16,16,26,22,9,11,11,8,26,12,5,25,19,8,18,2,9,10,9,17,1,2,20,25,19,23,18,18,9,15,26,4,23,4,13,15,23,5,26,8,1,3,3,1,7,21,23,13,13,15,26,2,18,17,16,6,1,20,7,5,12,22,2,16,2,13,19,7,10,2,26,8,19,24,17,22,19,24,19,8,20,1,8,5,7,3,15,4,24,6,12,4,8,25,13,25,11,19,15,23,3,7,1,12,1,25,5,22,24,4,5,11,7,24,11,9,11,24",5000,100
23,13,288154.2530398685,22.15985495434555,"19,25,12,7,26,14,17,16,15,18,9,25,5,24,3,4,11,22,20,8,13,14,20,23,15,24,10,1,10,26,6,21,2,21,2,6,12,8,9,6,11,7,15,17,11,5,2,18,6,21,13,11,10,5,20,14,3,16,16,26,22,9,11,11,8,26,12,5,25,19,8,18,2,9,10,9,17,1,2,20,25,19,23,18,18,9,15,26,4,23,4,13,15,23,5,26,8,1,3,3,1,7,21,23,13,13,15,26,2,18,17,16,6,1,20,7,5,12,22,2,16,2,13,19,7,10,2,26,8,19,24,17,22,19,24,19,8,20,1,8,5,7,3,15,4,24,6,12,4,8,25,13,25,11,19,15,23,3,7,1,12,1,25,5,22,24,4,5,11,7,24,11,9,11,24",5000,100
23,14,288154.2530398685,22.15985495434555,"19,25,12,7,26,14,17,16,15,18,9,25,5,24,3,4,11,22,20,8,13,14,20,23,15,24,10,1,10,26,6,21,2,21,2,6,12,8,9,6,11,7,15,17,11,5,2,18,6,21,13,11,10,5,20,14,3,16,16,26,22,9,11,11,8,26,12,5,25,19,8,18,2,9,10,9,17,1,2,20,25,19,23,18,18,9,15,26,4,23,4,13,15,23,5,26,8,1,3,3,1,7,21,23,13,13,15,26,2,18,17,16,6,1,20,7,5,12,22,2,16,2,13,19,7,10,2,26,8,19,24,17,22,19,24,19,8,20,1,8,5,7,3,15,4,24,6,12,4,8,25,13,25,11,19,15,23,3,7,1,12,1,25,5,22,24,4,5,11,7,24,11,9,11,24",5000,100
23,15,288154.2530398685,22.15985495434555,"19,25,12,7,26,14,17,16,15,18,9,25,5,24,3,4,11,22,20,8,13,14,20,23,15,24,10,1,10,26,6,21,2,21,2,6,12,8,9,6,11,7,15,17,11,5,2,18,6,21,13,11,10,5,20,14,3,16,16,26,22,9,11,11,8,26,12,5,25,19,8,18,2,9,10,9,17,1,2,20,25,19,23,18,18,9,15,26,4,23,4,13,15,23,5,26,8,1,3,3,1,7,21,23,13,13,15,26,2,18,17,16,6,1,20,7,5,12,22,2,16,2,13,19,7,10,2,26,8,19,24,17,22,19,24,19,8,20,1,8,5,7,3,15,4,24,6,12,4,8,25,13,25,11,19,15,23,3,7,1,12,1,25,5,22,24,4,5,11,7,24,11,9,11,24",5000,100
23,16,288154.2530398685,22.15985495434555,"19,25,12,7,26,14,17,16,15,18,9,25,5,24,3,4,11,22,20,8,13,14,20,23,15,24,10,1,10,26,6,21,2,21,2,6,12,8,9,6,11,7,15,17,11,5,2,18,6,21,13,11,10,5,20,14,3,16,16,26,22,9,11,11,8,26,12,5,25,19,8,18,2,9,10,9,17,1,2,20,25,19,23,18,18,9,15,26,4,23,4,13,15,23,5,26,8,1,3,3,1,7,21,23,13,13,15,26,2,18,17,16,6,1,20,7,5,12,22,2,16,2,13,19,7,10,2,26,8,19,24,17,22,19,24,19,8,20,1,8,5,7,3,15,4,24,6,12,4,8,25,13,25,11,19,15,23,3,7,1,12,1,25,5,22,24,4,5,11,7,24,11,9,11,24",5000,100
23,17,288154.2530398685,22.15985495434555,"19,25,12,7,26,14,17,16,15,18,9,25,5,24,3,4,11,22,20,8,13,14,20,23,15,24,10,1,10,26,6,21,2,21,2,6,12,8,9,6,11,7,15,17,11,5,2,18,6,21,13,11,10,5,20,14,3,16,16,26,22,9,11,11,8,26,12,5,25,19,8,18,2,9,10,9,17,1,2,20,25,19,23,18,18,9,15,26,4,23,4,13,15,23,5,26,8,1,3,3,1,7,21,23,13,13,15,26,2,18,17,16,6,1,20,7,5,12,22,2,16,2,13,19,7,10,2,26,8,19,24,17,22,19,24,19,8,20,1,8,5,7,3,15,4,24,6,12,4,8,25,13,25,11,19,15,23,3,7,1,12,1,25,5,22,24,4,5,11,7,24,11,9,11,24",5000,100
23,18,288154.2530398685,22.15985495434555,"19,25,12,7,26,14,17,16,15,18,9,25,5,24,3,4,11,22,20,8,13,14,20,23,15,24,10,1,10,26,6,21,2,21,2,6,12,8,9,6,11,7,15,17,11,5,2,18,6,21,13,11,10,5,20,14,3,16,16,26,22,9,11,11,8,26,12,5,25,19,8,18,2,9,10,9,17,1,2,20,25,19,23,18,18,9,15,26,4,23,4,13,15,23,5,26,8,1,3,3,1,7,21,23,13,13,15,26,2,18,17,16,6,1,20,7,5,12,22,2,16,2,13,19,7,10,2,26,8,19,24,17,22,19,24,19,8,20,1,8,5,7,3,15,4,24,6,12,4,8,25,13,25,11,19,15,23,3,7,1,12,1,25,5,22,24,4,5,11,7,24,11,9,11,24",5000,100
23,19,288154.2530398685,22.15985495434555,"19,25,12,7,26,14,17,16,15,18,9,25,5,24,3,4,11,22,20,8,13,14,20,23,15,24,10,1,10,26,6,21,2,21,2,6,12,8,9,6,11,7,15,17,11,5,2,18,6,21,13,11,10,5,20,14,3,16,16,26,22,9,11,11,8,26,12,5,25,19,8,18,2,9,10,9,17,1,2,20,25,19,23,18,18,9,15,26,4,23,4,13,15,23,5,26,8,1,3,3,1,7,21,23,13,13,15,26,2,18,17,16,6,1,20,7,5,12,22,2,16,2,13,19,7,10,2,26,8,19,24,17,22,19,24,19,8,20,1,8,5,7,3,15,4,24,6,12,4,8,25,13,25,11,19,15,23,3,7,1,12,1,25,5,22,24,4,5,11,7,24,11,9,11,24",5000,100
23,20,288154.2530398685,22.15985495434555,"19,25,12,7,26,14,17,16,15,18,9,25,5,24,3,4,11,22,20,8,13,14,20,23,15,24,10,1,10,26,6,21,2,21,2,6,12,8,9,6,11,7,15,17,11,5,2,18,6,21,13,11,10,5,20,14,3,16,16,26,22,9,11,11,8,26,12,5,25,19,8,18,2,9,10,9,17,1,2,20,25,19,23,18,18,9,15,26,4,23,4,13,15,23,5,26,8,1,3,3,1,7,21,23,13,13,15,26,2,18,17,16,6,1,20,7,5,12,22,2,16,2,13,19,7,10,2,26,8,19,24,17,22,19,24,19,8,20,1,8,5,7,3,15,4,24,6,12,4,8,25,13,25,11,19,15,23,3,7,1,12,1,25,5,22,24,4,5,11,7,24,11,9,11,24",5000,100
23,21,288154.2530398685,22.15985495434555,"19,25,12,7,26,14,17,16,15,18,9,25,5,24,3,4,11,22,20,8,13,14,20,23,15,24,10,1,10,26,6,21,2,21,2,6,12,8,9,6,11,7,15,17,11,5,2,18,6,21,13,11,10,5,20,14,3,16,16,26,22,9,11,11,8,26,12,5,25,19,8,18,2,9,10,9,17,1,2,20,25,19,23,18,18,9,15,26,4,23,4,13,15,23,5,26,8,1,3,3,1,7,21,23,13,13,15,26,2,18,17,16,6,1,20,7,5,12,22,2,16,2,13,19,7,10,2,26,8,19,24,17,22,19,24,19,8,20,1,8,5,7,3,15,4,24,6,12,4,8,25,13,25,11,19,15,23,3,7,1,12,1,25,5,22,24,4,5,11,7,24,11,9,11,24",5000,100
23,22,288154.2530398685,22.15985495434555,"19,25,12,7,26,14,17,16,15,18,9,25,5,24,3,4,11,22,20,8,13,14,20,23,15,24,10,1,10,26,6,21,2,21,2,6,12,8,9,6,11,7,15,17,11,5,2,18,6,21,13,11,10,5,20,14,3,16,16,26,22,9,11,11,8,26,12,5,25,19,8,18,2,9,10,9,17,1,2,20,25,19,23,18,18,9,15,26,4,23,4,13,15,23,5,26,8,1,3,3,1,7,21,23,13,13,15,26,2,18,17,16,6,1,20,7,5,12,22,2,16,2,13,19,7,10,2,26,8,19,24,17,22,19,24,19,8,20,1,8,5,7,3,15,4,24,6,12,4,8,25,13,25,11,19,15,23,3,7,1,12,1,25,5,22,24,4,5,11,7,24,11,9,11,24",5000,100
23,23,288154.2530398685,22.15985495434555,"19,25,12,7,26,14,17,16,15,18,9,25,5,24,3,4,11,22,20,8,13,14,20,23,15,24,10,1,10,26,6,21,2,21,2,6,12,8,9,6,11,7,15,17,11,5,2,18,6,21,13,11,10,5,20,14,3,16,16,26,22,9,11,11,8,26,12,5,25,19,8,18,2,9,10,9,17,1,2,20,25,19,23,18,18,9,15,26,4,23,4,13,15,23,5,26,8,1,3,3,1,7,21,23,13,13,15,26,2,18,17,16,6,1,20,7,5,12,22,2,16,2,13,19,7,10,2,26,8,19,24,17,22,19,24,19,8,20,1,8,5,7,3,15,4,24,6,12,4,8,25,13,25,11,19,15,23,3,7,1,12,1,25,5,22,24,4,5,11,7,24,11,9,11,24",5000,100
23,24,288154.2530398685,22.15985495434555,"19,25,12,7,26,14,17,16,15,18,9,25,5,24,3,4,11,22,20,8,13,14,20,23,15,24,10,1,10,26,6,21,2,21,2,6,12,8,9,6,11,7,15,17,11,5,2,18,6,21,13,11,10,5,20,14,3,16,16,26,22,9,11,11,8,26,12,5,25,19,8,18,2,9,10,9,17,1,2,20,25,19,23,18,18,9,15,26,4,23,4,13,15,23,5,26,8,1,3,3,1,7,21,23,13,13,15,26,2,18,17,16,6,1,20,7,5,12,22,2,16,2,13,19,7,10,2,26,8,19,24,17,22,19,24,19,8,20,1,8,5,7,3,15,4,24,6,12,4,8,25,13,25,11,19,15,23,3,7,1,12,1,25,5,22,24,4,5,11,7,24,11,9,11,24",5000,100
23,25,288154.2530398685,22.15985495434555,"19,25,12,7,26,14,17,16,15,18,9,25,5,24,3,4,11,22,20,8,13,14,20,23,15,24,10,1,10,26,6,21,2,21,2,6,12,8,9,6,11,7,15,17,11,5,2,18,6,21,13,11,10,5,20,14,3,16,16,26,22,9,11,11,8,26,12,5,25,19,8,18,2,9,10,9,17,1,2,20,25,19,23,18,18,9,15,26,4,23,4,13,15,23,5,26,8,1,3,3,1,7,21,23,13,13,15,26,2,18,17,16,6,1,20,7,5,12,22,2,16,2,13,19,7,10,2,26,8,19,24,17,22,19,24,19,8,20,1,8,5,7,3,15,4,24,6,12,4,8,25,13,25,11,19,15,23,3,7,1,12,1,25,5,22,24,4,5,11,7,24,11,9,11,24",5000,100
23,26,288154.2530398685,22.15985495434555,"19,25,12,7,26,14,17,16,15,18,9,25,5,24,3,4,11,22,20,8,13,14,20,23,15,24,10,1,10,26,6,21,2,21,2,6,12,8,9,6,11,7,15,17,11,5,2,18,6,21,13,11,10,5,20,14,3,16,16,26,22,9,11,11,8,26,12,5,25,19,8,18,2,9,10,9,17,1,2,20,25,19,23,18,18,9,15,26,4,23,4,13,15,23,5,26,8,1,3,3,1,7,21,23,13,13,15,26,2,18,17,16,6,1,20,7,5,12,22,2,16,2,13,19,7,10,2,26,8,19,24,17,22,19,24,19,8,20,1,8,5,7,3,15,4,24,6,12,4,8,25,13,25,11,19,15,23,3,7,1,12,1,25,5,22,24,4,5,11,7,24,11,9,11,24",5000,100
23,27,288154.2530398685,22.15985495434555,"19,25,12,7,26,14,17,16,15,18,9,25,5,24,3,4,11,22,20,8,13,14,20,23,15,24,10,1,10,26,6,21,2,21,2,6,12,8,9,6,11,7,15,17,11,5,2,18,6,21,13,11,10,5,20,14,3,16,16,26,22,9,11,11,8,26,12,5,25,19,8,18,2,9,10,9,17,1,2,20,25,19,23,18,18,9,15,26,4,23,4,13,15,23,5,26,8,1,3,3,1,7,21,23,13,13,15,26,2,18,17,16,6,1,20,7,5,12,22,2,16,2,13,19,7,10,2,26,8,19,24,17,22,19,24,19,8,20,1,8,5,7,3,15,4,24,6,12,4,8,25,13,25,11,19,15,23,3,7,1,12,1,25,5,22,24,4,5,11,7,24,11,9,11,24",5000,100
23,28,288154.2530398685,22.15985495434555,"19,25,12,7,26,14,17,16,15,18,9,25,5,24,3,4,11,22,20,8,13,14,20,23,15,24,10,1,10,26,6,21,2,21,2,6,12,8,9,6,11,7,15,17,11,5,2,18,6,21,13,11,10,5,20,14,3,16,16,26,22,9,11,11,8,26,12,5,25,19,8,18,2,9,10,9,17,1,2,20,25,19,23,18,18,9,15,26,4,23,4,13,15,23,5,26,8,1,3,3,1,7,21,23,13,13,15,26,2,18,17,16,6,1,20,7,5,12,22,2,16,2,13,19,7,10,2,26,8,19,24,17,22,19,24,19,8,20,1,8,5,7,3,15,4,24,6,12,4,8,25,13,25,11,19,15,23,3,7,1,12,1,25,5,22,24,4,5,11,7,24,11,9,11,24",5000,100
23,29,288154.2530398685,22.15985495434555,"19,25,12,7,26,14,17,16,15,18,9,25,5,24,3,4,11,22,20,8,13,14,20,23,15,24,10,1,10,26,6,21,2,21,2,6,12,8,9,6,11,7,15,17,11,5,2,18,6,21,13,11,10,5,20,14,3,16,16,26,22,9,11,11,8,26,12,5,25,19,8,18,2,9,10,9,17,1,2,20,25,19,23,18,18,9,15,26,4,23,4,13,15,23,5,26,8,1,3,3,1,7,21,23,13,13,15,26,2,18,17,16,6,1,20,7,5,12,22,2,16,2,13,19,7,10,2,26,8,19,24,17,22,19,24,19,8,20,1,8,5,7,3,15,4,24,6,12,4,8,25,13,25,11,19,15,23,3,7,1,12,1,25,5,22,24,4,5,11,7,24,11,9,11,24",5000,100
23,30,288154.2530398685,22.15985495434555,"19,25,12,7,26,14,17,16,15,18,9,25,5,24,3,4,11,22,20,8,13,14,20,23,15,24,10,1,10,26,6,21,2,21,2,6,12,8,9,6,11,7,15,17,11,5,2,18,6,21,13,11,10,5,20,14,3,16,16,26,22,9,11,11,8,26,12,5,25,19,8,18,2,9,10,9,17,1,2,20,25,19,23,18,18,9,15,26,4,23,4,13,15,23,5,26,8,1,3,3,1,7,21,23,13,13,15,26,2,18,17,16,6,1,20,7,5,12,22,2,16,2,13,19,7,10,2,26,8,19,24,17,22,19,24,19,8,20,1,8,5,7,3,15,4,24,6,12,4,8,25,13,25,11,19,15,23,3,7,1,12,1,25,5,22,24,4,5,11,7,24,11,9,11,24",5000,100
23,31,288154.2530398685,22.15985495434555,"19,25,12,7,26,14,17,16,15,18,9,25,5,24,3,4,11,22,20,8,13,14,20,23,15,24,10,1,10,26,6,21,2,21,2,6,12,8,9,6,11,7,15,17,11,5,2,18,6,21,13,11,10,5,20,14,3,16,16,26,22,9,11,11,8,26,12,5,25,19,8,18,2,9,10,9,17,1,2,20,25,19,23,18,18,9,15,26,4,23,4,13,15,23,5,26,8,1,3,3,1,7,21,23,13,13,15,26,2,18,17,16,6,1,20,7,5,12,22,2,16,2,13,19,7,10,2,26,8,19,24,17,22,19,24,19,8,20,1,8,5,7,3,15,4,24,6,12,4,8,25,13,25,11,19,15,23,3,7,1,12,1,25,5,22,24,4,5,11,7,24,11,9,11,24",5000,100
23,32,288154.2530398685,22.15985495434555,"19,25,12,7,26,14,17,16,15,18,9,25,5,24,3,4,11,22,20,8,13,14,20,23,15,24,10,1,10,26,6,21,2,21,2,6,12,8,9,6,11,7,15,17,11,5,2,18,6,21,13,11,10,5,20,14,3,16,16,26,22,9,11,11,8,26,12,5,25,19,8,18,2,9,10,9,17,1,2,20,25,19,23,18,18,9,15,26,4,23,4,13,15,23,5,26,8,1,3,3,1,7,21,23,13,13,15,26,2,18,17,16,6,1,20,7,5,12,22,2,16,2,13,19,7,10,2,26,8,19,24,17,22,19,24,19,8,20,1,8,5,7,3,15,4,24,6,12,4,8,25,13,25,11,19,15,23,3,7,1,12,1,25,5,22,24,4,5,11,7,24,11,9,11,24",5000,100
23,33,288154.2530398685,22.15985495434555,"19,25,12,7,26,14,17,16,15,18,9,25,5,24,3,4,11,22,20,8,13,14,20,23,15,24,10,1,10,26,6,21,2,21,2,6,12,8,9,6,11,7,15,17,11,5,2,18,6,21,13,11,10,5,20,14,3,16,16,26,22,9,11,11,8,26,12,5,25,19,8,18,2,9,10,9,17,1,2,20,25,19,23,18,18,9,15,26,4,23,4,13,15,23,5,26,8,1,3,3,1,7,21,23,13,13,15,26,2,18,17,16,6,1,20,7,5,12,22,2,16,2,13,19,7,10,2,26,8,19,24,17,22,19,24,19,8,20,1,8,5,7,3,15,4,24,6,12,4,8,25,13,25,11,19,15,23,3,7,1,12,1,25,5,22,24,4,5,11,7,24,11,9,11,24",5000,100
23,34,288154.2530398685,22.15985495434555,"19,25,12,7,26,14,17,16,15,18,9,25,5,24,3,4,11,22,20,8,13,14,20,23,15,24,10,1,10,26,6,21,2,21,2,6,12,8,9,6,11,7,15,17,11,5,2,18,6,21,13,11,10,5,20,14,3,16,16,26,22,9,11,11,8,26,12,5,25,19,8,18,2,9,10,9,17,1,2,20,25,19,23,18,18,9,15,26,4,23,4,13,15,23,5,26,8,1,3,3,1,7,21,23,13,13,15,26,2,18,17,16,6,1,20,7,5,12,22,2,16,2,13,19,7,10,2,26,8,19,24,17,22,19,24,19,8,20,1,8,5,7,3,15,4,24,6,12,4,8,25,13,25,11,19,15,23,3,7,1,12,1,25,5,22,24,4,5,11,7,24,11,9,11,24",5000,100
23,35,288154.2530398685,22.15985495434555,"19,25,12,7,26,14,17,16,15,18,9,25,5,24,3,4,11,22,20,8,13,14,20,23,15,24,10,1,10,26,6,21,2,21,2,6,12,8,9,6,11,7,15,17,11,5,2,18,6,21,13,11,10,5,20,14,3,16,16,26,22,9,11,11,8,26,12,5,25,19,8,18,2,9,10,9,17,1,2,20,25,19,23,18,18,9,15,26,4,23,4,13,15,23,5,26,8,1,3,3,1,7,21,23,13,13,15,26,2,18,17,16,6,1,20,7,5,12,22,2,16,2,13,19,7,10,2,26,8,19,24,17,22,19,24,19,8,20,1,8,5,7,3,15,4,24,6,12,4,8,25,13,25,11,19,15,23,3,7,1,12,1,25,5,22,24,4,5,11,7,24,11,9,11,24",5000,100
23,36,288154.2530398685,22.15985495434555,"19,25,12,7,26,14,17,16,15,18,9,25,5,24,3,4,11,22,20,8,13,14,20,23,15,24,10,1,10,26,6,21,2,21,2,6,12,8,9,6,11,7,15,17,11,5,2,18,6,21,13,11,10,5,20,14,3,16,16,26,22,9,11,11,8,26,12,5,25,19,8,18,2,9,10,9,17,1,2,20,25,19,23,18,18,9,15,26,4,23,4,13,15,23,5,26,8,1,3,3,1,7,21,23,13,13,15,26,2,18,17,16,6,1,20,7,5,12,22,2,16,2,13,19,7,10,2,26,8,19,24,17,22,19,24,19,8,20,1,8,5,7,3,15,4,24,6,12,4,8,25,13,25,11,19,15,23,3,7,1,12,1,25,5,22,24,4,5,11,7,24,11,9,11,24",5000,100
23,37,288154.2530398685,22.15985495434555,"19,25,12,7,26,14,17,16,15,18,9,25,5,24,3,4,11,22,20,8,13,14,20,23,15,24,10,1,10,26,6,21,2,21,2,6,12,8,9,6,11,7,15,17,11,5,2,18,6,21,13,11,10,5,20,14,3,16,16,26,22,9,11,11,8,26,12,5,25,19,8,18,2,9,10,9,17,1,2,20,25,19,23,18,18,9,15,26,4,23,4,13,15,23,5,26,8,1,3,3,1,7,21,23,13,13,15,26,2,18,17,16,6,1,20,7,5,12,22,2,16,2,13,19,7,10,2,26,8,19,24,17,22,19,24,19,8,20,1,8,5,7,3,15,4,24,6,12,4,8,25,13,25,11,19,15,23,3,7,1,12,1,25,5,22,24,4,5,11,7,24,11,9,11,24",5000,100
23,38,288154.2530398685,22.15985495434555,"19,25,12,7,26,14,17,16,15,18,9,25,5,24,3,4,11,22,20,8,13,14,20,23,15,24,10,1,10,26,6,21,2,21,2,6,12,8,9,6,11,7,15,17,11,5,2,18,6,21,13,11,10,5,20,14,3,16,16,26,22,9,11,11,8,26,12,5,25,19,8,18,2,9,10,9,17,1,2,20,25,19,23,18,18,9,15,26,4,23,4,13,15,23,5,26,8,1,3,3,1,7,21,23,13,13,15,26,2,18,17,16,6,1,20,7,5,12,22,2,16,2,13,19,7,10,2,26,8,19,24,17,22,19,24,19,8,20,1,8,5,7,3,15,4,24,6,12,4,8,25,13,25,11,19,15,23,3,7,1,12,1,25,5,22,24,4,5,11,7,24,11,9,11,24",5000,100
23,39,288154.2530398685,22.15985495434555,"19,25,12,7,26,14,17,16,15,18,9,25,5,24,3,4,11,22,20,8,13,14,20,23,15,24,10,1,10,26,6,21,2,21,2,6,12,8,9,6,11,7,15,17,11,5,2,18,6,21,13,11,10,5,20,14,3,16,16,26,22,9,11,11,8,26,12,5,25,19,8,18,2,9,10,9,17,1,2,20,25,19,23,18,18,9,15,26,4,23,4,13,15,23,5,26,8,1,3,3,1,7,21,23,13,13,15,26,2,18,17,16,6,1,20,7,5,12,22,2,16,2,13,19,7,10,2,26,8,19,24,17,22,19,24,19,8,20,1,8,5,7,3,15,4,24,6,12,4,8,25,13,25,11,19,15,23,3,7,1,12,1,25,5,22,24,4,5,11,7,24,11,9,11,24",5000,100
23,40,288154.2530398685,22.15985495434555,"19,25,12,7,26,14,17,16,15,18,9,25,5,24,3,4,11,22,20,8,13,14,20,23,15,24,10,1,10,26,6,21,2,21,2,6,12,8,9,6,11,7,15,17,11,5,2,18,6,21,13,11,10,5,20,14,3,16,16,26,22,9,11,11,8,26,12,5,25,19,8,18,2,9,10,9,17,1,2,20,25,19,23,18,18,9,15,26,4,23,4,13,15,23,5,26,8,1,3,3,1,7,21,23,13,13,15,26,2,18,17,16,6,1,20,7,5,12,22,2,16,2,13,19,7,10,2,26,8,19,24,17,22,19,24,19,8,20,1,8,5,7,3,15,4,24,6,12,4,8,25,13,25,11,19,15,23,3,7,1,12,1,25,5,22,24,4,5,11,7,24,11,9,11,24",5000,100
23,41,288154.2530398685,22.15985495434555,"19,25,12,7,26,14,17,16,15,18,9,25,5,24,3,4,11,22,20,8,13,14,20,23,15,24,10,1,10,26,6,21,2,21,2,6,12,8,9,6,11,7,15,17,11,5,2,18,6,21,13,11,10,5,20,14,3,16,16,26,22,9,11,11,8,26,12,5,25,19,8,18,2,9,10,9,17,1,2,20,25,19,23,18,18,9,15,26,4,23,4,13,15,23,5,26,8,1,3,3,1,7,21,23,13,13,15,26,2,18,17,16,6,1,20,7,5,12,22,2,16,2,13,19,7,10,2,26,8,19,24,17,22,19,24,19,8,20,1,8,5,7,3,15,4,24,6,12,4,8,25,13,25,11,19,15,23,3,7,1,12,1,25,5,22,24,4,5,11,7,24,11,9,11,24",5000,100
23,42,288154.2530398685,22.15985495434555,"19,25,12,7,26,14,17,16,15,18,9,25,5,24,3,4,11,22,20,8,13,14,20,23,15,24,10,1,10,26,6,21,2,21,2,6,12,8,9,6,11,7,15,17,11,5,2,18,6,21,13,11,10,5,20,14,3,16,16,26,22,9,11,11,8,26,12,5,25,19,8,18,2,9,10,9,17,1,2,20,25,19,23,18,18,9,15,26,4,23,4,13,15,23,5,26,8,1,3,3,1,7,21,23,13,13,15,26,2,18,17,16,6,1,20,7,5,12,22,2,16,2,13,19,7,10,2,26,8,19,24,17,22,19,24,19,8,20,1,8,5,7,3,15,4,24,6,12,4,8,25,13,25,11,19,15,23,3,7,1,12,1,25,5,22,24,4,5,11,7,24,11,9,11,24",5000,100
23,43,288154.2530398685,22.15985495434555,"19,25,12,7,26,14,17,16,15,18,9,25,5,24,3,4,11,22,20,8,13,14,20,23,15,24,10,1,10,26,6,21,2,21,2,6,12,8,9,6,11,7,15,17,11,5,2,18,6,21,13,11,10,5,20,14,3,16,16,26,22,9,11,11,8,26,12,5,25,19,8,18,2,9,10,9,17,1,2,20,25,19,23,18,18,9,15,26,4,23,4,13,15,23,5,26,8,1,3,3,1,7,21,23,13,13,15,26,2,18,17,16,6,1,20,7,5,12,22,2,16,2,13,19,7,10,2,26,8,19,24,17,22,19,24,19,8,20,1,8,5,7,3,15,4,24,6,12,4,8,25,13,25,11,19,15,23,3,7,1,12,1,25,5,22,24,4,5,11,7,24,11,9,11,24",5000,100
23,44,288154.2530398685,22.15985495434555,"19,25,12,7,26,14,17,16,15,18,9,25,5,24,3,4,11,22,20,8,13,14,20,23,15,24,10,1,10,26,6,21,2,21,2,6,12,8,9,6,11,7,15,17,11,5,2,18,6,21,13,11,10,5,20,14,3,16,16,26,22,9,11,11,8,26,12,5,25,19,8,18,2,9,10,9,17,1,2,20,25,19,23,18,18,9,15,26,4,23,4,13,15,23,5,26,8,1,3,3,1,7,21,23,13,13,15,26,2,18,17,16,6,1,20,7,5,12,22,2,16,2,13,19,7,10,2,26,8,19,24,17,22,19,24,19,8,20,1,8,5,7,3,15,4,24,6,12,4,8,25,13,25,11,19,15,23,3,7,1,12,1,25,5,22,24,4,5,11,7,24,11,9,11,24",5000,100
23,45,288154.2530398685,22.15985495434555,"19,25,12,7,26,14,17,16,15,18,9,25,5,24,3,4,11,22,20,8,13,14,20,23,15,24,10,1,10,26,6,21,2,21,2,6,12,8,9,6,11,7,15,17,11,5,2,18,6,21,13,11,10,5,20,14,3,16,16,26,22,9,11,11,8,26,12,5,25,19,8,18,2,9,10,9,17,1,2,20,25,19,23,18,18,9,15,26,4,23,4,13,15,23,5,26,8,1,3,3,1,7,21,23,13,13,15,26,2,18,17,16,6,1,20,7,5,12,22,2,16,2,13,19,7,10,2,26,8,19,24,17,22,19,24,19,8,20,1,8,5,7,3,15,4,24,6,12,4,8,25,13,25,11,19,15,23,3,7,1,12,1,25,5,22,24,4,5,11,7,24,11,9,11,24",5000,100
23,46,288154.2530398685,22.15985495434555,"19,25,12,7,26,14,17,16,15,18,9,25,5,24,3,4,11,22,20,8,13,14,20,23,15,24,10,1,10,26,6,21,2,21,2,6,12,8,9,6,11,7,15,17,11,5,2,18,6,21,13,11,10,5,20,14,3,16,16,26,22,9,11,11,8,26,12,5,25,19,8,18,2,9,10,9,17,1,2,20,25,19,23,18,18,9,15,26,4,23,4,13,15,23,5,26,8,1,3,3,1,7,21,23,13,13,15,26,2,18,17,16,6,1,20,7,5,12,22,2,16,2,13,19,7,10,2,26,8,19,24,17,22,19,24,19,8,20,1,8,5,7,3,15,4,24,6,12,4,8,25,13,25,11,19,15,23,3,7,1,12,1,25,5,22,24,4,5,11,7,24,11,9,11,24",5000,100
23,47,288154.2530398685,22.15985495434555,"19,25,12,7,26,14,17,16,15,18,9,25,5,24,3,4,11,22,20,8,13,14,20,23,15,24,10,1,10,26,6,21,2,21,2,6,12,8,9,6,11,7,15,17,11,5,2,18,6,21,13,11,10,5,20,14,3,16,16,26,22,9,11,11,8,26,12,5,25,19,8,18,2,9,10,9,17,1,2,20,25,19,23,18,18,9,15,26,4,23,4,13,15,23,5,26,8,1,3,3,1,7,21,23,13,13,15,26,2,18,17,16,6,1,20,7,5,12,22,2,16,2,13,19,7,10,2,26,8,19,24,17,22,19,24,19,8,20,1,8,5,7,3,15,4,24,6,12,4,8,25,13,25,11,19,15,23,3,7,1,12,1,25,5,22,24,4,5,11,7,24,11,9,11,24",5000,100
23,48,288154.2530398685,22.15985495434555,"19,25,12,7,26,14,17,16,15,18,9,25,5,24,3,4,11,22,20,8,13,14,20,23,15,24,10,1,10,26,6,21,2,21,2,6,12,8,9,6,11,7,15,17,11,5,2,18,6,21,13,11,10,5,20,14,3,16,16,26,22,9,11,11,8,26,12,5,25,19,8,18,2,9,10,9,17,1,2,20,25,19,23,18,18,9,15,26,4,23,4,13,15,23,5,26,8,1,3,3,1,7,21,23,13,13,15,26,2,18,17,16,6,1,20,7,5,12,22,2,16,2,13,19,7,10,2,26,8,19,24,17,22,19,24,19,8,20,1,8,5,7,3,15,4,24,6,12,4,8,25,13,25,11,19,15,23,3,7,1,12,1,25,5,22,24,4,5,11,7,24,11,9,11,24",5000,100
23,49,288154.2530398685,22.15985495434555,"19,25,12,7,26,14,17,16,15,18,9,25,5,24,3,4,11,22,20,8,13,14,20,23,15,24,10,1,10,26,6,21,2,21,2,6,12,8,9,6,11,7,15,17,11,5,2,18,6,21,13,11,10,5,20,14,3,16,16,26,22,9,11,11,8,26,12,5,25,19,8,18,2,9,10,9,17,1,2,20,25,19,23,18,18,9,15,26,4,23,4,13,15,23,5,26,8,1,3,3,1,7,21,23,13,13,15,26,2,18,17,16,6,1,20,7,5,12,22,2,16,2,13,19,7,10,2,26,8,19,24,17,22,19,24,19,8,20,1,8,5,7,3,15,4,24,6,12,4,8,25,13,25,11,19,15,23,3,7,1,12,1,25,5,22,24,4,5,11,7,24,11,9,11,24",5000,100
23,50,288154.2530398685,22.15985495434555,"19,25,12,7,26,14,17,16,15,18,9,25,5,24,3,4,11,22,20,8,13,14,20,23,15,24,10,1,10,26,6,21,2,21,2,6,12,8,9,6,11,7,15,17,11,5,2,18,6,21,13,11,10,5,20,14,3,16,16,26,22,9,11,11,8,26,12,5,25,19,8,18,2,9,10,9,17,1,2,20,25,19,23,18,18,9,15,26,4,23,4,13,15,23,5,26,8,1,3,3,1,7,21,23,13,13,15,26,2,18,17,16,6,1,20,7,5,12,22,2,16,2,13,19,7,10,2,26,8,19,24,17,22,19,24,19,8,20,1,8,5,7,3,15,4,24,6,12,4,8,25,13,25,11,19,15,23,3,7,1,12,1,25,5,22,24,4,5,11,7,24,11,9,11,24",5000,100
23,51,288154.2530398685,22.15985495434555,"19,25,12,7,26,14,17,16,15,18,9,25,5,24,3,4,11,22,20,8,13,14,20,23,15,24,10,1,10,26,6,21,2,21,2,6,12,8,9,6,11,7,15,17,11,5,2,18,6,21,13,11,10,5,20,14,3,16,16,26,22,9,11,11,8,26,12,5,25,19,8,18,2,9,10,9,17,1,2,20,25,19,23,18,18,9,15,26,4,23,4,13,15,23,5,26,8,1,3,3,1,7,21,23,13,13,15,26,2,18,17,16,6,1,20,7,5,12,22,2,16,2,13,19,7,10,2,26,8,19,24,17,22,19,24,19,8,20,1,8,5,7,3,15,4,24,6,12,4,8,25,13,25,11,19,15,23,3,7,1,12,1,25,5,22,24,4,5,11,7,24,11,9,11,24",5000,100
23,52,288154.2530398685,22.15985495434555,"19,25,12,7,26,14,17,16,15,18,9,25,5,24,3,4,11,22,20,8,13,14,20,23,15,24,10,1,10,26,6,21,2,21,2,6,12,8,9,6,11,7,15,17,11,5,2,18,6,21,13,11,10,5,20,14,3,16,16,26,22,9,11,11,8,26,12,5,25,19,8,18,2,9,10,9,17,1,2,20,25,19,23,18,18,9,15,26,4,23,4,13,15,23,5,26,8,1,3,3,1,7,21,23,13,13,15,26,2,18,17,16,6,1,20,7,5,12,22,2,16,2,13,19,7,10,2,26,8,19,24,17,22,19,24,19,8,20,1,8,5,7,3,15,4,24,6,12,4,8,25,13,25,11,19,15,23,3,7,1,12,1,25,5,22,24,4,5,11,7,24,11,9,11,24",5000,100
23,53,288154.2530398685,22.15985495434555,"19,25,12,7,26,14,17,16,15,18,9,25,5,24,3,4,11,22,20,8,13,14,20,23,15,24,10,1,10,26,6,21,2,21,2,6,12,8,9,6,11,7,15,17,11,5,2,18,6,21,13,11,10,5,20,14,3,16,16,26,22,9,11,11,8,26,12,5,25,19,8,18,2,9,10,9,17,1,2,20,25,19,23,18,18,9,15,26,4,23,4,13,15,23,5,26,8,1,3,3,1,7,21,23,13,13,15,26,2,18,17,16,6,1,20,7,5,12,22,2,16,2,13,19,7,10,2,26,8,19,24,17,22,19,24,19,8,20,1,8,5,7,3,15,4,24,6,12,4,8,25,13,25,11,19,15,23,3,7,1,12,1,25,5,22,24,4,5,11,7,24,11,9,11,24",5000,100
23,54,288154.2530398685,22.15985495434555,"19,25,12,7,26,14,17,16,15,18,9,25,5,24,3,4,11,22,20,8,13,14,20,23,15,24,10,1,10,26,6,21,2,21,2,6,12,8,9,6,11,7,15,17,11,5,2,18,6,21,13,11,10,5,20,14,3,16,16,26,22,9,11,11,8,26,12,5,25,19,8,18,2,9,10,9,17,1,2,20,25,19,23,18,18,9,15,26,4,23,4,13,15,23,5,26,8,1,3,3,1,7,21,23,13,13,15,26,2,18,17,16,6,1,20,7,5,12,22,2,16,2,13,19,7,10,2,26,8,19,24,17,22,19,24,19,8,20,1,8,5,7,3,15,4,24,6,12,4,8,25,13,25,11,19,15,23,3,7,1,12,1,25,5,22,24,4,5,11,7,24,11,9,11,24",5000,100
23,55,288154.2530398685,22.15985495434555,"19,25,12,7,26,14,17,16,15,18,9,25,5,24,3,4,11,22,20,8,13,14,20,23,15,24,10,1,10,26,6,21,2,21,2,6,12,8,9,6,11,7,15,17,11,5,2,18,6,21,13,11,10,5,20,14,3,16,16,26,22,9,11,11,8,26,12,5,25,19,8,18,2,9,10,9,17,1,2,20,25,19,23,18,18,9,15,26,4,23,4,13,15,23,5,26,8,1,3,3,1,7,21,23,13,13,15,26,2,18,17,16,6,1,20,7,5,12,22,2,16,2,13,19,7,10,2,26,8,19,24,17,22,19,24,19,8,20,1,8,5,7,3,15,4,24,6,12,4,8,25,13,25,11,19,15,23,3,7,1,12,1,25,5,22,24,4,5,11,7,24,11,9,11,24",5000,100
23,56,288154.2530398685,22.15985495434555,"19,25,12,7,26,14,17,16,15,18,9,25,5,24,3,4,11,22,20,8,13,14,20,23,15,24,10,1,10,26,6,21,2,21,2,6,12,8,9,6,11,7,15,17,11,5,2,18,6,21,13,11,10,5,20,14,3,16,16,26,22,9,11,11,8,26,12,5,25,19,8,18,2,9,10,9,17,1,2,20,25,19,23,18,18,9,15,26,4,23,4,13,15,23,5,26,8,1,3,3,1,7,21,23,13,13,15,26,2,18,17,16,6,1,20,7,5,12,22,2,16,2,13,19,7,10,2,26,8,19,24,17,22,19,24,19,8,20,1,8,5,7,3,15,4,24,6,12,4,8,25,13,25,11,19,15,23,3,7,1,12,1,25,5,22,24,4,5,11,7,24,11,9,11,24",5000,100
23,57,288154.2530398685,22.15985495434555,"19,25,12,7,26,14,17,16,15,18,9,25,5,24,3,4,11,22,20,8,13,14,20,23,15,24,10,1,10,26,6,21,2,21,2,6,12,8,9,6,11,7,15,17,11,5,2,18,6,21,13,11,10,5,20,14,3,16,16,26,22,9,11,11,8,26,12,5,25,19,8,18,2,9,10,9,17,1,2,20,25,19,23,18,18,9,15,26,4,23,4,13,15,23,5,26,8,1,3,3,1,7,21,23,13,13,15,26,2,18,17,16,6,1,20,7,5,12,22,2,16,2,13,19,7,10,2,26,8,19,24,17,22,19,24,19,8,20,1,8,5,7,3,15,4,24,6,12,4,8,25,13,25,11,19,15,23,3,7,1,12,1,25,5,22,24,4,5,11,7,24,11,9,11,24",5000,100
23,58,288154.2530398685,22.15985495434555,"19,25,12,7,26,14,17,16,15,18,9,25,5,24,3,4,11,22,20,8,13,14,20,23,15,24,10,1,10,26,6,21,2,21,2,6,12,8,9,6,11,7,15,17,11,5,2,18,6,21,13,11,10,5,20,14,3,16,16,26,22,9,11,11,8,26,12,5,25,19,8,18,2,9,10,9,17,1,2,20,25,19,23,18,18,9,15,26,4,23,4,13,15,23,5,26,8,1,3,3,1,7,21,23,13,13,15,26,2,18,17,16,6,1,20,7,5,12,22,2,16,2,13,19,7,10,2,26,8,19,24,17,22,19,24,19,8,20,1,8,5,7,3,15,4,24,6,12,4,8,25,13,25,11,19,15,23,3,7,1,12,1,25,5,22,24,4,5,11,7,24,11,9,11,24",5000,100
23,59,288154.2530398685,22.15985495434555,"19,25,12,7,26,14,17,16,15,18,9,25,5,24,3,4,11,22,20,8,13,14,20,23,15,24,10,1,10,26,6,21,2,21,2,6,12,8,9,6,11,7,15,17,11,5,2,18,6,21,13,11,10,5,20,14,3,16,16,26,22,9,11,11,8,26,12,5,25,19,8,18,2,9,10,9,17,1,2,20,25,19,23,18,18,9,15,26,4,23,4,13,15,23,5,26,8,1,3,3,1,7,21,23,13,13,15,26,2,18,17,16,6,1,20,7,5,12,22,2,16,2,13,19,7,10,2,26,8,19,24,17,22,19,24,19,8,20,1,8,5,7,3,15,4,24,6,12,4,8,25,13,25,11,19,15,23,3,7,1,12,1,25,5,22,24,4,5,11,7,24,11,9,11,24",5000,100
23,60,288154.2530398685,22.15985495434555,"19,25,12,7,26,14,17,16,15,18,9,25,5,24,3,4,11,22,20,8,13,14,20,23,15,24,10,1,10,26,6,21,2,21,2,6,12,8,9,6,11,7,15,17,11,5,2,18,6,21,13,11,10,5,20,14,3,16,16,26,22,9,11,11,8,26,12,5,25,19,8,18,2,9,10,9,17,1,2,20,25,19,23,18,18,9,15,26,4,23,4,13,15,23,5,26,8,1,3,3,1,7,21,23,13,13,15,26,2,18,17,16,6,1,20,7,5,12,22,2,16,2,13,19,7,10,2,26,8,19,24,17,22,19,24,19,8,20,1,8,5,7,3,15,4,24,6,12,4,8,25,13,25,11,19,15,23,3,7,1,12,1,25,5,22,24,4,5,11,7,24,11,9,11,24",5000,100
23,61,288154.2530398685,22.15985495434555,"19,25,12,7,26,14,17,16,15,18,9,25,5,24,3,4,11,22,20,8,13,14,20,23,15,24,10,1,10,26,6,21,2,21,2,6,12,8,9,6,11,7,15,17,11,5,2,18,6,21,13,11,10,5,20,14,3,16,16,26,22,9,11,11,8,26,12,5,25,19,8,18,2,9,10,9,17,1,2,20,25,19,23,18,18,9,15,26,4,23,4,13,15,23,5,26,8,1,3,3,1,7,21,23,13,13,15,26,2,18,17,16,6,1,20,7,5,12,22,2,16,2,13,19,7,10,2,26,8,19,24,17,22,19,24,19,8,20,1,8,5,7,3,15,4,24,6,12,4,8,25,13,25,11,19,15,23,3,7,1,12,1,25,5,22,24,4,5,11,7,24,11,9,11,24",5000,100
23,62,288154.2530398685,22.15985495434555,"19,25,12,7,26,14,17,16,15,18,9,25,5,24,3,4,11,22,20,8,13,14,20,23,15,24,10,1,10,26,6,21,2,21,2,6,12,8,9,6,11,7,15,17,11,5,2,18,6,21,13,11,10,5,20,14,3,16,16,26,22,9,11,11,8,26,12,5,25,19,8,18,2,9,10,9,17,1,2,20,25,19,23,18,18,9,15,26,4,23,4,13,15,23,5,26,8,1,3,3,1,7,21,23,13,13,15,26,2,18,17,16,6,1,20,7,5,12,22,2,16,2,13,19,7,10,2,26,8,19,24,17,22,19,24,19,8,20,1,8,5,7,3,15,4,24,6,12,4,8,25,13,25,11,19,15,23,3,7,1,12,1,25,5,22,24,4,5,11,7,24,11,9,11,24",5000,100
23,63,288154.2530398685,22.15985495434555,"19,25,12,7,26,14,17,16,15,18,9,25,5,24,3,4,11,22,20,8,13,14,20,23,15,24,10,1,10,26,6,21,2,21,2,6,12,8,9,6,11,7,15,17,11,5,2,18,6,21,13,11,10,5,20,14,3,16,16,26,22,9,11,11,8,26,12,5,25,19,8,18,2,9,10,9,17,1,2,20,25,19,23,18,18,9,15,26,4,23,4,13,15,23,5,26,8,1,3,3,1,7,21,23,13,13,15,26,2,18,17,16,6,1,20,7,5,12,22,2,16,2,13,19,7,10,2,26,8,19,24,17,22,19,24,19,8,20,1,8,5,7,3,15,4,24,6,12,4,8,25,13,25,11,19,15,23,3,7,1,12,1,25,5,22,24,4,5,11,7,24,11,9,11,24",5000,100
23,64,288154.2530398685,22.15985495434555,"19,25,12,7,26,14,17,16,15,18,9,25,5,24,3,4,11,22,20,8,13,14,20,23,15,24,10,1,10,26,6,21,2,21,2,6,12,8,9,6,11,7,15,17,11,5,2,18,6,21,13,11,10,5,20,14,3,16,16,26,22,9,11,11,8,26,12,5,25,19,8,18,2,9,10,9,17,1,2,20,25,19,23,18,18,9,15,26,4,23,4,13,15,23,5,26,8,1,3,3,1,7,21,23,13,13,15,26,2,18,17,16,6,1,20,7,5,12,22,2,16,2,13,19,7,10,2,26,8,19,24,17,22,19,24,19,8,20,1,8,5,7,3,15,4,24,6,12,4,8,25,13,25,11,19,15,23,3,7,1,12,1,25,5,22,24,4,5,11,7,24,11,9,11,24",5000,100
23,65,288154.2530398685,22.15985495434555,"19,25,12,7,26,14,17,16,15,18,9,25,5,24,3,4,11,22,20,8,13,14,20,23,15,24,10,1,10,26,6,21,2,21,2,6,12,8,9,6,11,7,15,17,11,5,2,18,6,21,13,11,10,5,20,14,3,16,16,26,22,9,11,11,8,26,12,5,25,19,8,18,2,9,10,9,17,1,2,20,25,19,23,18,18,9,15,26,4,23,4,13,15,23,5,26,8,1,3,3,1,7,21,23,13,13,15,26,2,18,17,16,6,1,20,7,5,12,22,2,16,2,13,19,7,10,2,26,8,19,24,17,22,19,24,19,8,20,1,8,5,7,3,15,4,24,6,12,4,8,25,13,25,11,19,15,23,3,7,1,12,1,25,5,22,24,4,5,11,7,24,11,9,11,24",5000,100
23,66,288154.2530398685,22.15985495434555,"19,25,12,7,26,14,17,16,15,18,9,25,5,24,3,4,11,22,20,8,13,14,20,23,15,24,10,1,10,26,6,21,2,21,2,6,12,8,9,6,11,7,15,17,11,5,2,18,6,21,13,11,10,5,20,14,3,16,16,26,22,9,11,11,8,26,12,5,25,19,8,18,2,9,10,9,17,1,2,20,25,19,23,18,18,9,15,26,4,23,4,13,15,23,5,26,8,1,3,3,1,7,21,23,13,13,15,26,2,18,17,16,6,1,20,7,5,12,22,2,16,2,13,19,7,10,2,26,8,19,24,17,22,19,24,19,8,20,1,8,5,7,3,15,4,24,6,12,4,8,25,13,25,11,19,15,23,3,7,1,12,1,25,5,22,24,4,5,11,7,24,11,9,11,24",5000,100
23,67,288154.2530398685,22.15985495434555,"19,25,12,7,26,14,17,16,15,18,9,25,5,24,3,4,11,22,20,8,13,14,20,23,15,24,10,1,10,26,6,21,2,21,2,6,12,8,9,6,11,7,15,17,11,5,2,18,6,21,13,11,10,5,20,14,3,16,16,26,22,9,11,11,8,26,12,5,25,19,8,18,2,9,10,9,17,1,2,20,25,19,23,18,18,9,15,26,4,23,4,13,15,23,5,26,8,1,3,3,1,7,21,23,13,13,15,26,2,18,17,16,6,1,20,7,5,12,22,2,16,2,13,19,7,10,2,26,8,19,24,17,22,19,24,19,8,20,1,8,5,7,3,15,4,24,6,12,4,8,25,13,25,11,19,15,23,3,7,1,12,1,25,5,22,24,4,5,11,7,24,11,9,11,24",5000,100
23,68,288154.2530398685,22.15985495434555,"19,25,12,7,26,14,17,16,15,18,9,25,5,24,3,4,11,22,20,8,13,14,20,23,15,24,10,1,10,26,6,21,2,21,2,6,12,8,9,6,11,7,15,17,11,5,2,18,6,21,13,11,10,5,20,14,3,16,16,26,22,9,11,11,8,26,12,5,25,19,8,18,2,9,10,9,17,1,2,20,25,19,23,18,18,9,15,26,4,23,4,13,15,23,5,26,8,1,3,3,1,7,21,23,13,13,15,26,2,18,17,16,6,1,20,7,5,12,22,2,16,2,13,19,7,10,2,26,8,19,24,17,22,19,24,19,8,20,1,8,5,7,3,15,4,24,6,12,4,8,25,13,25,11,19,15,23,3,7,1,12,1,25,5,22,24,4,5,11,7,24,11,9,11,24",5000,100
23,69,288154.2530398685,22.15985495434555,"19,25,12,7,26,14,17,16,15,18,9,25,5,24,3,4,11,22,20,8,13,14,20,23,15,24,10,1,10,26,6,21,2,21,2,6,12,8,9,6,11,7,15,17,11,5,2,18,6,21,13,11,10,5,20,14,3,16,16,26,22,9,11,11,8,26,12,5,25,19,8,18,2,9,10,9,17,1,2,20,25,19,23,18,18,9,15,26,4,23,4,13,15,23,5,26,8,1,3,3,1,7,21,23,13,13,15,26,2,18,17,16,6,1,20,7,5,12,22,2,16,2,13,19,7,10,2,26,8,19,24,17,22,19,24,19,8,20,1,8,5,7,3,15,4,24,6,12,4,8,25,13,25,11,19,15,23,3,7,1,12,1,25,5,22,24,4,5,11,7,24,11,9,11,24",5000,100
23,70,288154.2530398685,22.15985495434555,"19,25,12,7,26,14,17,16,15,18,9,25,5,24,3,4,11,22,20,8,13,14,20,23,15,24,10,1,10,26,6,21,2,21,2,6,12,8,9,6,11,7,15,17,11,5,2,18,6,21,13,11,10,5,20,14,3,16,16,26,22,9,11,11,8,26,12,5,25,19,8,18,2,9,10,9,17,1,2,20,25,19,23,18,18,9,15,26,4,23,4,13,15,23,5,26,8,1,3,3,1,7,21,23,13,13,15,26,2,18,17,16,6,1,20,7,5,12,22,2,16,2,13,19,7,10,2,26,8,19,24,17,22,19,24,19,8,20,1,8,5,7,3,15,4,24,6,12,4,8,25,13,25,11,19,15,23,3,7,1,12,1,25,5,22,24,4,5,11,7,24,11,9,11,24",5000,100
23,71,288154.2530398685,22.15985495434555,"19,25,12,7,26,14,17,16,15,18,9,25,5,24,3,4,11,22,20,8,13,14,20,23,15,24,10,1,10,26,6,21,2,21,2,6,12,8,9,6,11,7,15,17,11,5,2,18,6,21,13,11,10,5,20,14,3,16,16,26,22,9,11,11,8,26,12,5,25,19,8,18,2,9,10,9,17,1,2,20,25,19,23,18,18,9,15,26,4,23,4,13,15,23,5,26,8,1,3,3,1,7,21,23,13,13,15,26,2,18,17,16,6,1,20,7,5,12,22,2,16,2,13,19,7,10,2,26,8,19,24,17,22,19,24,19,8,20,1,8,5,7,3,15,4,24,6,12,4,8,25,13,25,11,19,15,23,3,7,1,12,1,25,5,22,24,4,5,11,7,24,11,9,11,24",5000,100
23,72,288154.2530398685,22.15985495434555,"19,25,12,7,26,14,17,16,15,18,9,25,5,24,3,4,11,22,20,8,13,14,20,23,15,24,10,1,10,26,6,21,2,21,2,6,12,8,9,6,11,7,15,17,11,5,2,18,6,21,13,11,10,5,20,14,3,16,16,26,22,9,11,11,8,26,12,5,25,19,8,18,2,9,10,9,17,1,2,20,25,19,23,18,18,9,15,26,4,23,4,13,15,23,5,26,8,1,3,3,1,7,21,23,13,13,15,26,2,18,17,16,6,1,20,7,5,12,22,2,16,2,13,19,7,10,2,26,8,19,24,17,22,19,24,19,8,20,1,8,5,7,3,15,4,24,6,12,4,8,25,13,25,11,19,15,23,3,7,1,12,1,25,5,22,24,4,5,11,7,24,11,9,11,24",5000,100
23,73,288154.2530398685,22.15985495434555,"19,25,12,7,26,14,17,16,15,18,9,25,5,24,3,4,11,22,20,8,13,14,20,23,15,24,10,1,10,26,6,21,2,21,2,6,12,8,9,6,11,7,15,17,11,5,2,18,6,21,13,11,10,5,20,14,3,16,16,26,22,9,11,11,8,26,12,5,25,19,8,18,2,9,10,9,17,1,2,20,25,19,23,18,18,9,15,26,4,23,4,13,15,23,5,26,8,1,3,3,1,7,21,23,13,13,15,26,2,18,17,16,6,1,20,7,5,12,22,2,16,2,13,19,7,10,2,26,8,19,24,17,22,19,24,19,8,20,1,8,5,7,3,15,4,24,6,12,4,8,25,13,25,11,19,15,23,3,7,1,12,1,25,5,22,24,4,5,11,7,24,11,9,11,24",5000,100
23,74,288154.2530398685,22.15985495434555,"19,25,12,7,26,14,17,16,15,18,9,25,5,24,3,4,11,22,20,8,13,14,20,23,15,24,10,1,10,26,6,21,2,21,2,6,12,8,9,6,11,7,15,17,11,5,2,18,6,21,13,11,10,5,20,14,3,16,16,26,22,9,11,11,8,26,12,5,25,19,8,18,2,9,10,9,17,1,2,20,25,19,23,18,18,9,15,26,4,23,4,13,15,23,5,26,8,1,3,3,1,7,21,23,13,13,15,26,2,18,17,16,6,1,20,7,5,12,22,2,16,2,13,19,7,10,2,26,8,19,24,17,22,19,24,19,8,20,1,8,5,7,3,15,4,24,6,12,4,8,25,13,25,11,19,15,23,3,7,1,12,1,25,5,22,24,4,5,11,7,24,11,9,11,24",5000,100
23,75,288154.2530398685,22.15985495434555,"19,25,12,7,26,14,17,16,15,18,9,25,5,24,3,4,11,22,20,8,13,14,20,23,15,24,10,1,10,26,6,21,2,21,2,6,12,8,9,6,11,7,15,17,11,5,2,18,6,21,13,11,10,5,20,14,3,16,16,26,22,9,11,11,8,26,12,5,25,19,8,18,2,9,10,9,17,1,2,20,25,19,23,18,18,9,15,26,4,23,4,13,15,23,5,26,8,1,3,3,1,7,21,23,13,13,15,26,2,18,17,16,6,1,20,7,5,12,22,2,16,2,13,19,7,10,2,26,8,19,24,17,22,19,24,19,8,20,1,8,5,7,3,15,4,24,6,12,4,8,25,13,25,11,19,15,23,3,7,1,12,1,25,5,22,24,4,5,11,7,24,11,9,11,24",5000,100
23,76,288154.2530398685,22.15985495434555,"19,25,12,7,26,14,17,16,15,18,9,25,5,24,3,4,11,22,20,8,13,14,20,23,15,24,10,1,10,26,6,21,2,21,2,6,12,8,9,6,11,7,15,17,11,5,2,18,6,21,13,11,10,5,20,14,3,16,16,26,22,9,11,11,8,26,12,5,25,19,8,18,2,9,10,9,17,1,2,20,25,19,23,18,18,9,15,26,4,23,4,13,15,23,5,26,8,1,3,3,1,7,21,23,13,13,15,26,2,18,17,16,6,1,20,7,5,12,22,2,16,2,13,19,7,10,2,26,8,19,24,17,22,19,24,19,8,20,1,8,5,7,3,15,4,24,6,12,4,8,25,13,25,11,19,15,23,3,7,1,12,1,25,5,22,24,4,5,11,7,24,11,9,11,24",5000,100
23,77,288154.2530398685,22.15985495434555,"19,25,12,7,26,14,17,16,15,18,9,25,5,24,3,4,11,22,20,8,13,14,20,23,15,24,10,1,10,26,6,21,2,21,2,6,12,8,9,6,11,7,15,17,11,5,2,18,6,21,13,11,10,5,20,14,3,16,16,26,22,9,11,11,8,26,12,5,25,19,8,18,2,9,10,9,17,1,2,20,25,19,23,18,18,9,15,26,4,23,4,13,15,23,5,26,8,1,3,3,1,7,21,23,13,13,15,26,2,18,17,16,6,1,20,7,5,12,22,2,16,2,13,19,7,10,2,26,8,19,24,17,22,19,24,19,8,20,1,8,5,7,3,15,4,24,6,12,4,8,25,13,25,11,19,15,23,3,7,1,12,1,25,5,22,24,4,5,11,7,24,11,9,11,24",5000,100
23,78,288154.2530398685,22.15985495434555,"19,25,12,7,26,14,17,16,15,18,9,25,5,24,3,4,11,22,20,8,13,14,20,23,15,24,10,1,10,26,6,21,2,21,2,6,12,8,9,6,11,7,15,17,11,5,2,18,6,21,13,11,10,5,20,14,3,16,16,26,22,9,11,11,8,26,12,5,25,19,8,18,2,9,10,9,17,1,2,20,25,19,23,18,18,9,15,26,4,23,4,13,15,23,5,26,8,1,3,3,1,7,21,23,13,13,15,26,2,18,17,16,6,1,20,7,5,12,22,2,16,2,13,19,7,10,2,26,8,19,24,17,22,19,24,19,8,20,1,8,5,7,3,15,4,24,6,12,4,8,25,13,25,11,19,15,23,3,7,1,12,1,25,5,22,24,4,5,11,7,24,11,9,11,24",5000,100
23,79,288154.2530398685,22.15985495434555,"19,25,12,7,26,14,17,16,15,18,9,25,5,24,3,4,11,22,20,8,13,14,20,23,15,24,10,1,10,26,6,21,2,21,2,6,12,8,9,6,11,7,15,17,11,5,2,18,6,21,13,11,10,5,20,14,3,16,16,26,22,9,11,11,8,26,12,5,25,19,8,18,2,9,10,9,17,1,2,20,25,19,23,18,18,9,15,26,4,23,4,13,15,23,5,26,8,1,3,3,1,7,21,23,13,13,15,26,2,18,17,16,6,1,20,7,5,12,22,2,16,2,13,19,7,10,2,26,8,19,24,17,22,19,24,19,8,20,1,8,5,7,3,15,4,24,6,12,4,8,25,13,25,11,19,15,23,3,7,1,12,1,25,5,22,24,4,5,11,7,24,11,9,11,24",5000,100
23,80,288154.2530398685,22.15985495434555,"19,25,12,7,26,14,17,16,15,18,9,25,5,24,3,4,11,22,20,8,13,14,20,23,15,24,10,1,10,26,6,21,2,21,2,6,12,8,9,6,11,7,15,17,11,5,2,18,6,21,13,11,10,5,20,14,3,16,16,26,22,9,11,11,8,26,12,5,25,19,8,18,2,9,10,9,17,1,2,20,25,19,23,18,18,9,15,26,4,23,4,13,15,23,5,26,8,1,3,3,1,7,21,23,13,13,15,26,2,18,17,16,6,1,20,7,5,12,22,2,16,2,13,19,7,10,2,26,8,19,24,17,22,19,24,19,8,20,1,8,5,7,3,15,4,24,6,12,4,8,25,13,25,11,19,15,23,3,7,1,12,1,25,5,22,24,4,5,11,7,24,11,9,11,24",5000,100
23,81,288154.2530398685,22.15985495434555,"19,25,12,7,26,14,17,16,15,18,9,25,5,24,3,4,11,22,20,8,13,14,20,23,15,24,10,1,10,26,6,21,2,21,2,6,12,8,9,6,11,7,15,17,11,5,2,18,6,21,13,11,10,5,20,14,3,16,16,26,22,9,11,11,8,26,12,5,25,19,8,18,2,9,10,9,17,1,2,20,25,19,23,18,18,9,15,26,4,23,4,13,15,23,5,26,8,1,3,3,1,7,21,23,13,13,15,26,2,18,17,16,6,1,20,7,5,12,22,2,16,2,13,19,7,10,2,26,8,19,24,17,22,19,24,19,8,20,1,8,5,7,3,15,4,24,6,12,4,8,25,13,25,11,19,15,23,3,7,1,12,1,25,5,22,24,4,5,11,7,24,11,9,11,24",5000,100
23,82,288154.2530398685,22.15985495434555,"19,25,12,7,26,14,17,16,15,18,9,25,5,24,3,4,11,22,20,8,13,14,20,23,15,24,10,1,10,26,6,21,2,21,2,6,12,8,9,6,11,7,15,17,11,5,2,18,6,21,13,11,10,5,20,14,3,16,16,26,22,9,11,11,8,26,12,5,25,19,8,18,2,9,10,9,17,1,2,20,25,19,23,18,18,9,15,26,4,23,4,13,15,23,5,26,8,1,3,3,1,7,21,23,13,13,15,26,2,18,17,16,6,1,20,7,5,12,22,2,16,2,13,19,7,10,2,26,8,19,24,17,22,19,24,19,8,20,1,8,5,7,3,15,4,24,6,12,4,8,25,13,25,11,19,15,23,3,7,1,12,1,25,5,22,24,4,5,11,7,24,11,9,11,24",5000,100
23,83,288154.2530398685,22.15985495434555,"19,25,12,7,26,14,17,16,15,18,9,25,5,24,3,4,11,22,20,8,13,14,20,23,15,24,10,1,10,26,6,21,2,21,2,6,12,8,9,6,11,7,15,17,11,5,2,18,6,21,13,11,10,5,20,14,3,16,16,26,22,9,11,11,8,26,12,5,25,19,8,18,2,9,10,9,17,1,2,20,25,19,23,18,18,9,15,26,4,23,4,13,15,23,5,26,8,1,3,3,1,7,21,23,13,13,15,26,2,18,17,16,6,1,20,7,5,12,22,2,16,2,13,19,7,10,2,26,8,19,24,17,22,19,24,19,8,20,1,8,5,7,3,15,4,24,6,12,4,8,25,13,25,11,19,15,23,3,7,1,12,1,25,5,22,24,4,5,11,7,24,11,9,11,24",5000,100
23,84,288154.2530398685,22.15985495434555,"19,25,12,7,26,14,17,16,15,18,9,25,5,24,3,4,11,22,20,8,13,14,20,23,15,24,10,1,10,26,6,21,2,21,2,6,12,8,9,6,11,7,15,17,11,5,2,18,6,21,13,11,10,5,20,14,3,16,16,26,22,9,11,11,8,26,12,5,25,19,8,18,2,9,10,9,17,1,2,20,25,19,23,18,18,9,15,26,4,23,4,13,15,23,5,26,8,1,3,3,1,7,21,23,13,13,15,26,2,18,17,16,6,1,20,7,5,12,22,2,16,2,13,19,7,10,2,26,8,19,24,17,22,19,24,19,8,20,1,8,5,7,3,15,4,24,6,12,4,8,25,13,25,11,19,15,23,3,7,1,12,1,25,5,22,24,4,5,11,7,24,11,9,11,24",5000,100
23,85,288154.2530398685,22.15985495434555,"19,25,12,7,26,14,17,16,15,18,9,25,5,24,3,4,11,22,20,8,13,14,20,23,15,24,10,1,10,26,6,21,2,21,2,6,12,8,9,6,11,7,15,17,11,5,2,18,6,21,13,11,10,5,20,14,3,16,16,26,22,9,11,11,8,26,12,5,25,19,8,18,2,9,10,9,17,1,2,20,25,19,23,18,18,9,15,26,4,23,4,13,15,23,5,26,8,1,3,3,1,7,21,23,13,13,15,26,2,18,17,16,6,1,20,7,5,12,22,2,16,2,13,19,7,10,2,26,8,19,24,17,22,19,24,19,8,20,1,8,5,7,3,15,4,24,6,12,4,8,25,13,25,11,19,15,23,3,7,1,12,1,25,5,22,24,4,5,11,7,24,11,9,11,24",5000,100
23,86,288154.2530398685,22.15985495434555,"19,25,12,7,26,14,17,16,15,18,9,25,5,24,3,4,11,22,20,8,13,14,20,23,15,24,10,1,10,26,6,21,2,21,2,6,12,8,9,6,11,7,15,17,11,5,2,18,6,21,13,11,10,5,20,14,3,16,16,26,22,9,11,11,8,26,12,5,25,19,8,18,2,9,10,9,17,1,2,20,25,19,23,18,18,9,15,26,4,23,4,13,15,23,5,26,8,1,3,3,1,7,21,23,13,13,15,26,2,18,17,16,6,1,20,7,5,12,22,2,16,2,13,19,7,10,2,26,8,19,24,17,22,19,24,19,8,20,1,8,5,7,3,15,4,24,6,12,4,8,25,13,25,11,19,15,23,3,7,1,12,1,25,5,22,24,4,5,11,7,24,11,9,11,24",5000,100
23,87,288154.2530398685,22.15985495434555,"19,25,12,7,26,14,17,16,15,18,9,25,5,24,3,4,11,22,20,8,13,14,20,23,15,24,10,1,10,26,6,21,2,21,2,6,12,8,9,6,11,7,15,17,11,5,2,18,6,21,13,11,10,5,20,14,3,16,16,26,22,9,11,11,8,26,12,5,25,19,8,18,2,9,10,9,17,1,2,20,25,19,23,18,18,9,15,26,4,23,4,13,15,23,5,26,8,1,3,3,1,7,21,23,13,13,15,26,2,18,17,16,6,1,20,7,5,12,22,2,16,2,13,19,7,10,2,26,8,19,24,17,22,19,24,19,8,20,1,8,5,7,3,15,4,24,6,12,4,8,25,13,25,11,19,15,23,3,7,1,12,1,25,5,22,24,4,5,11,7,24,11,9,11,24",5000,100
23,88,288154.2530398685,22.15985495434555,"19,25,12,7,26,14,17,16,15,18,9,25,5,24,3,4,11,22,20,8,13,14,20,23,15,24,10,1,10,26,6,21,2,21,2,6,12,8,9,6,11,7,15,17,11,5,2,18,6,21,13,11,10,5,20,14,3,16,16,26,22,9,11,11,8,26,12,5,25,19,8,18,2,9,10,9,17,1,2,20,25,19,23,18,18,9,15,26,4,23,4,13,15,23,5,26,8,1,3,3,1,7,21,23,13,13,15,26,2,18,17,16,6,1,20,7,5,12,22,2,16,2,13,19,7,10,2,26,8,19,24,17,22,19,24,19,8,20,1,8,5,7,3,15,4,24,6,12,4,8,25,13,25,11,19,15,23,3,7,1,12,1,25,5,22,24,4,5,11,7,24,11,9,11,24",5000,100
23,89,288154.2530398685,22.15985495434555,"19,25,12,7,26,14,17,16,15,18,9,25,5,24,3,4,11,22,20,8,13,14,20,23,15,24,10,1,10,26,6,21,2,21,2,6,12,8,9,6,11,7,15,17,11,5,2,18,6,21,13,11,10,5,20,14,3,16,16,26,22,9,11,11,8,26,12,5,25,19,8,18,2,9,10,9,17,1,2,20,25,19,23,18,18,9,15,26,4,23,4,13,15,23,5,26,8,1,3,3,1,7,21,23,13,13,15,26,2,18,17,16,6,1,20,7,5,12,22,2,16,2,13,19,7,10,2,26,8,19,24,17,22,19,24,19,8,20,1,8,5,7,3,15,4,24,6,12,4,8,25,13,25,11,19,15,23,3,7,1,12,1,25,5,22,24,4,5,11,7,24,11,9,11,24",5000,100
23,90,288154.2530398685,22.15985495434555,"19,25,12,7,26,14,17,16,15,18,9,25,5,24,3,4,11,22,20,8,13,14,20,23,15,24,10,1,10,26,6,21,2,21,2,6,12,8,9,6,11,7,15,17,11,5,2,18,6,21,13,11,10,5,20,14,3,16,16,26,22,9,11,11,8,26,12,5,25,19,8,18,2,9,10,9,17,1,2,20,25,19,23,18,18,9,15,26,4,23,4,13,15,23,5,26,8,1,3,3,1,7,21,23,13,13,15,26,2,18,17,16,6,1,20,7,5,12,22,2,16,2,13,19,7,10,2,26,8,19,24,17,22,19,24,19,8,20,1,8,5,7,3,15,4,24,6,12,4,8,25,13,25,11,19,15,23,3,7,1,12,1,25,5,22,24,4,5,11,7,24,11,9,11,24",5000,100
23,91,288154.2530398685,22.15985495434555,"19,25,12,7,26,14,17,16,15,18,9,25,5,24,3,4,11,22,20,8,13,14,20,23,15,24,10,1,10,26,6,21,2,21,2,6,12,8,9,6,11,7,15,17,11,5,2,18,6,21,13,11,10,5,20,14,3,16,16,26,22,9,11,11,8,26,12,5,25,19,8,18,2,9,10,9,17,1,2,20,25,19,23,18,18,9,15,26,4,23,4,13,15,23,5,26,8,1,3,3,1,7,21,23,13,13,15,26,2,18,17,16,6,1,20,7,5,12,22,2,16,2,13,19,7,10,2,26,8,19,24,17,22,19,24,19,8,20,1,8,5,7,3,15,4,24,6,12,4,8,25,13,25,11,19,15,23,3,7,1,12,1,25,5,22,24,4,5,11,7,24,11,9,11,24",5000,100
23,92,288154.2530398685,22.15985495434555,"19,25,12,7,26,14,17,16,15,18,9,25,5,24,3,4,11,22,20,8,13,14,20,23,15,24,10,1,10,26,6,21,2,21,2,6,12,8,9,6,11,7,15,17,11,5,2,18,6,21,13,11,10,5,20,14,3,16,16,26,22,9,11,11,8,26,12,5,25,19,8,18,2,9,10,9,17,1,2,20,25,19,23,18,18,9,15,26,4,23,4,13,15,23,5,26,8,1,3,3,1,7,21,23,13,13,15,26,2,18,17,16,6,1,20,7,5,12,22,2,16,2,13,19,7,10,2,26,8,19,24,17,22,19,24,19,8,20,1,8,5,7,3,15,4,24,6,12,4,8,25,13,25,11,19,15,23,3,7,1,12,1,25,5,22,24,4,5,11,7,24,11,9,11,24",5000,100
23,93,288154.2530398685,22.15985495434555,"19,25,12,7,26,14,17,16,15,18,9,25,5,24,3,4,11,22,20,8,13,14,20,23,15,24,10,1,10,26,6,21,2,21,2,6,12,8,9,6,11,7,15,17,11,5,2,18,6,21,13,11,10,5,20,14,3,16,16,26,22,9,11,11,8,26,12,5,25,19,8,18,2,9,10,9,17,1,2,20,25,19,23,18,18,9,15,26,4,23,4,13,15,23,5,26,8,1,3,3,1,7,21,23,13,13,15,26,2,18,17,16,6,1,20,7,5,12,22,2,16,2,13,19,7,10,2,26,8,19,24,17,22,19,24,19,8,20,1,8,5,7,3,15,4,24,6,12,4,8,25,13,25,11,19,15,23,3,7,1,12,1,25,5,22,24,4,5,11,7,24,11,9,11,24",5000,100
23,94,288154.2530398685,22.15985495434555,"19,25,12,7,26,14,17,16,15,18,9,25,5,24,3,4,11,22,20,8,13,14,20,23,15,24,10,1,10,26,6,21,2,21,2,6,12,8,9,6,11,7,15,17,11,5,2,18,6,21,13,11,10,5,20,14,3,16,16,26,22,9,11,11,8,26,12,5,25,19,8,18,2,9,10,9,17,1,2,20,25,19,23,18,18,9,15,26,4,23,4,13,15,23,5,26,8,1,3,3,1,7,21,23,13,13,15,26,2,18,17,16,6,1,20,7,5,12,22,2,16,2,13,19,7,10,2,26,8,19,24,17,22,19,24,19,8,20,1,8,5,7,3,15,4,24,6,12,4,8,25,13,25,11,19,15,23,3,7,1,12,1,25,5,22,24,4,5,11,7,24,11,9,11,24",5000,100
23,95,288154.2530398685,22.15985495434555,"19,25,12,7,26,14,17,16,15,18,9,25,5,24,3,4,11,22,20,8,13,14,20,23,15,24,10,1,10,26,6,21,2,21,2,6,12,8,9,6,11,7,15,17,11,5,2,18,6,21,13,11,10,5,20,14,3,16,16,26,22,9,11,11,8,26,12,5,25,19,8,18,2,9,10,9,17,1,2,20,25,19,23,18,18,9,15,26,4,23,4,13,15,23,5,26,8,1,3,3,1,7,21,23,13,13,15,26,2,18,17,16,6,1,20,7,5,12,22,2,16,2,13,19,7,10,2,26,8,19,24,17,22,19,24,19,8,20,1,8,5,7,3,15,4,24,6,12,4,8,25,13,25,11,19,15,23,3,7,1,12,1,25,5,22,24,4,5,11,7,24,11,9,11,24",5000,100
23,96,288154.2530398685,22.15985495434555,"19,25,12,7,26,14,17,16,15,18,9,25,5,24,3,4,11,22,20,8,13,14,20,23,15,24,10,1,10,26,6,21,2,21,2,6,12,8,9,6,11,7,15,17,11,5,2,18,6,21,13,11,10,5,20,14,3,16,16,26,22,9,11,11,8,26,12,5,25,19,8,18,2,9,10,9,17,1,2,20,25,19,23,18,18,9,15,26,4,23,4,13,15,23,5,26,8,1,3,3,1,7,21,23,13,13,15,26,2,18,17,16,6,1,20,7,5,12,22,2,16,2,13,19,7,10,2,26,8,19,24,17,22,19,24,19,8,20,1,8,5,7,3,15,4,24,6,12,4,8,25,13,25,11,19,15,23,3,7,1,12,1,25,5,22,24,4,5,11,7,24,11,9,11,24",5000,100
23,97,288154.2530398685,22.15985495434555,"19,25,12,7,26,14,17,16,15,18,9,25,5,24,3,4,11,22,20,8,13,14,20,23,15,24,10,1,10,26,6,21,2,21,2,6,12,8,9,6,11,7,15,17,11,5,2,18,6,21,13,11,10,5,20,14,3,16,16,26,22,9,11,11,8,26,12,5,25,19,8,18,2,9,10,9,17,1,2,20,25,19,23,18,18,9,15,26,4,23,4,13,15,23,5,26,8,1,3,3,1,7,21,23,13,13,15,26,2,18,17,16,6,1,20,7,5,12,22,2,16,2,13,19,7,10,2,26,8,19,24,17,22,19,24,19,8,20,1,8,5,7,3,15,4,24,6,12,4,8,25,13,25,11,19,15,23,3,7,1,12,1,25,5,22,24,4,5,11,7,24,11,9,11,24",5000,100
23,98,288154.2530398685,22.15985495434555,"19,25,12,7,26,14,17,16,15,18,9,25,5,24,3,4,11,22,20,8,13,14,20,23,15,24,10,1,10,26,6,21,2,21,2,6,12,8,9,6,11,7,15,17,11,5,2,18,6,21,13,11,10,5,20,14,3,16,16,26,22,9,11,11,8,26,12,5,25,19,8,18,2,9,10,9,17,1,2,20,25,19,23,18,18,9,15,26,4,23,4,13,15,23,5,26,8,1,3,3,1,7,21,23,13,13,15,26,2,18,17,16,6,1,20,7,5,12,22,2,16,2,13,19,7,10,2,26,8,19,24,17,22,19,24,19,8,20,1,8,5,7,3,15,4,24,6,12,4,8,25,13,25,11,19,15,23,3,7,1,12,1,25,5,22,24,4,5,11,7,24,11,9,11,24",5000,100
23,99,288154.2530398685,22.15985495434555,"19,25,12,7,26,14,17,16,15,18,9,25,5,24,3,4,11,22,20,8,13,14,20,23,15,24,10,1,10,26,6,21,2,21,2,6,12,8,9,6,11,7,15,17,11,5,2,18,6,21,13,11,10,5,20,14,3,16,16,26,22,9,11,11,8,26,12,5,25,19,8,18,2,9,10,9,17,1,2,20,25,19,23,18,18,9,15,26,4,23,4,13,15,23,5,26,8,1,3,3,1,7,21,23,13,13,15,26,2,18,17,16,6,1,20,7,5,12,22,2,16,2,13,19,7,10,2,26,8,19,24,17,22,19,24,19,8,20,1,8,5,7,3,15,4,24,6,12,4,8,25,13,25,11,19,15,23,3,7,1,12,1,25,5,22,24,4,5,11,7,24,11,9,11,24",5000,100
24,0,402422.39396151045,30.40719706148685,"16,7,8,22,20,5,19,1,7,24,13,17,16,20,23,2,14,3,26,11,1,10,24,25,15,9,13,18,8,11,10,6,9,4,21,12,14,11,21,24,15,1,9,12,12,5,17,16,21,15,23,9,20,2,6,9,17,10,14,24,18,20,24,12,22,22,6,7,4,8,13,22,23,8,8,22,20,26,9,23,26,11,15,19,2,7,10,19,13,7,19,7,10,10,14,12,13,22,18,8,18,5,9,19,21,23,18,4,18,16,1,6,9,4,16,25,2,4,7,5,25,16,15,2,1,8,18,16,20,7,15,25,10,14,3,6,1,5,11,3,9,6,23,10,15,21,25,16,21,7,4,25,23,15,3,3,14,24,11,26,3,4,8,26,2,15,13,17,12,16,24,4,12,21,2",5000,100
24,1,402422.39396151045,30.40719706148685,"16,7,8,22,20,5,19,1,7,24,13,17,16,20,23,2,14,3,26,11,1,10,24,25,15,9,13,18,8,11,10,6,9,4,21,12,14,11,21,24,15,1,9,12,12,5,17,16,21,15,23,9,20,2,6,9,17,10,14,24,18,20,24,12,22,22,6,7,4,8,13,22,23,8,8,22,20,26,9,23,26,11,15,19,2,7,10,19,13,7,19,7,10,10,14,12,13,22,18,8,18,5,9,19,21,23,18,4,18,16,1,6,9,4,16,25,2,4,7,5,25,16,15,2,1,8,18,16,20,7,15,25,10,14,3,6,1,5,11,3,9,6,23,10,15,21,25,16,21,7,4,25,23,15,3,3,14,24,11,26,3,4,8,26,2,15,13,17,12,16,24,4,12,21,2",5000,100
25,0,317303.22112553305,23.74345129272366,"20,5,21,3,23,25,24,4,7,26,13,9,19,1,10,17,11,13,24,12,22,16,5,14,6,2,26,2,12,21,15,18,9,1,8,19,7,21,23,1,19,11,2,4,26,22,20,6,14,22,22,11,24,8,5,11,18,21,25,15,22,26,7,18,17,22,15,21,26,2,10,6,20,5,24,2,10,26,6,4,4,8,18,15,15,17,18,13,7,15,1,11,1,8,15,1,18,7,12,17,20,22,8,22,3,10,25,12,14,14,15,16,21,16,8,14,19,6,23,11,21,18,3,21,18,22,15,15,1,22,25,23,12,25,4,4,18,17,23,2,23,5,13,6,3,10,21,24,17,17,21,11,11,3,10,19,8,18,6,21,9,25,10,8,4,22,12,20,17,10,4,9,16,12,10",5000,100
25,1,317112.341668073,24.615144229595465,"20,5,21,3,23,25,24,4,7,26,13,9,19,1,10,17,11,13,24,12,22,16,5,14,6,2,26,2,12,21,15,18,9,1,8,19,7,21,5,1,19,11,2,4,26,22,20,6,14,22,22,11,24,8,5,11,18,21,25,15,22,26,7,18,17,22,15,21,26,2,10,6,20,5,24,2,10,26,6,4,4,8,18,15,15,17,18,13,7,15,1,11,1,8,15,1,18,7,12,17,20,22,8,22,3,10,25,12,14,14,15,16,21,16,8,14,19,6,23,11,21,18,3,21,18,22,15,15,1,22,25,23,12,25,4,4,18,17,23,2,23,5,13,6,3,10,21,24,17,17,21,11,11,3,10,19,8,18,22,21,9,11,10,8,4,22,12,20,17,10,4,9,16,12,10",5000,100
26,0,319556.85528783285,26.972591830581866,"20,1,10,3,25,19,6,2,18,12,13,5,23,8,7,24,26,22,9,4,17,21,18,16,14,9,14,11,17,12,15,3,15,26,13,19,4,10,11,21,6,11,7,3,14,7,2,21,8,5,11,24,10,23,9,21,2,4,20,25,2,23,11,3,16,25,10,21,8,20,8,22,8,20,8,23,4,15,6,24,25,13,18,19,5,13,23,16,20,12,2,3,14,7,6,20,12,14,18,21,7,1,9,23,18,20,21,26,13,9,5,6,4,9,26,3,4,16,5,6,4,23,2,6,24,5,10,8,14,9,7,5,26,13,4,13,25,10,11,1,26,18,8,21,13,17,22,22,1,3,23,25,22,16,15,26,23,22,23,5,1,22,9,26,3,7,1,4,17,5,2,18,8,23,10",5000,100
26,1,323227.12486919196,26.861137542166222,"20,1,10,3,25,19,6,2,18,12,13,5,23,8,7,24,26,22,9,4,17,21,18,16,14,9,14,11,17,12,15,3,15,26,13,19,4,10,11,21,6,11,7,3,14,7,2,21,8,5,11,24,10,23,9,21,2,4,20,25,2,23,11,3,16,25,10,21,8,20,8,22,8,20,8,23,4,15,6,24,25,13,18,19,5,13,23,16,20,12,2,3,14,7,6,20,12,14,18,21,7,1,9,23,18,20,21,26,13,9,5,6,4,9,26,3,4,16,5,6,4,23,2,6,24,5,10,8,25,9,7,5,26,13,4,13,25,10,11,1,26,18,8,21,13,17,22,22,1,3,23,25,22,16,15,26,23,22,23,5,1,22,9,26,3,7,1,4,17,5,2,15,8,23,10",5000,100
26,2,323854.3379043615,26.584797898233884,"20,1,10,3,25,19,6,2,18,12,13,5,23,8,7,24,26,22,9,4,17,21,18,16,14,9,14,11,17,12,15,3,15,26,13,19,4,10,11,21,6,11,7,3,14,7,2,21,8,5,11,24,10,23,9,21,2,4,20,25,2,23,11,3,16,25,10,21,8,20,8,22,8,20,8,23,4,15,6,24,25,13,18,19,5,12,23,16,20,12,2,3,14,7,6,20,12,14,18,21,7,1,9,23,18,20,21,26,13,9,5,6,4,9,26,3,4,16,5,6,4,23,2,6,24,5,10,8,14,9,7,5,26,13,4,13,25,10,11,1,26,18,8,21,13,17,22,22,1,3,23,25,22,16,15,26,23,22,23,5,1,22,9,26,3,7,1,4,17,5,2,15,8,23,10",5000,100
26,3,319556.85528783285,26.972591830581866,"20,1,10,3,25,19,6,2,18,12,13,5,23,8,7,24,26,22,9,4,17,21,18,16,14,9,14,11,17,12,15,3,15,26,13,19,4,10,11,21,6,11,7,3,14,7,2,21,8,5,11,24,10,23,9,21,2,4,20,25,2,23,11,3,16,25,10,21,8,20,8,22,8,20,8,23,4,15,6,24,25,13,18,19,5,13,23,16,20,12,2,3,14,7,6,20,12,14,18,21,7,1,9,23,18,20,21,26,13,9,5,6,4,9,26,3,4,16,5,6,4,23,2,6,24,5,10,8,14,9,7,5,26,13,4,13,25,10,11,1,26,18,8,21,13,17,22,22,1,3,23,25,22,16,15,26,23,22,23,5,1,22,9,26,3,7,1,4,17,5,2,18,8,23,10",5000,100
27,0,358720.14649320574,28.373564661452622,"11,25,20,8,1,24,22,15,16,4,10,16,21,19,20,12,13,26,6,19,9,5,26,7,25,15,11,8,17,2,3,21,14,18,23,18,1,20,12,13,8,5,11,10,21,17,15,11,3,22,11,24,1,11,16,7,2,10,5,14,3,9,19,22,23,4,13,7,23,12,5,7,1,25,4,5,23,9,4,24,12,24,14,2,14,2,3,6,9,9,22,16,14,19,14,6,10,13,3,8,13,17,4,12,14,24,24,5,13,3,12,24,25,10,18,6,19,2,13,24,17,5,9,24,24,13,4,18,13,22,21,14,21,23,7,7,19,16,2,10,3,16,18,19,5,17,24,1,20,15,3,3,18,26,13,4,12,9,7,8,11,7,8,3,17,17,2,20,4,2,18,17,15,14,14",5000,100
28,0,294722.92842413764,22.786246240912067,"5,21,24,3,7,14,23,6,19,16,17,2,12,16,1,8,9,22,21,20,15,18,9,26,7,20,25,13,10,13,15,10,26,4,11,14,19,9,15,1,5,17,3,17,19,25,23,25,23,1,20,13,22,24,3,12,20,5,23,24,5,20,1,8,2,25,8,10,7,13,3,2,1,26,10,12,18,18,11,9,24,11,10,18,21,12,3,24,8,4,20,6,8,26,24,13,14,1,18,25,13,18,23,6,13,16,8,8,6,22,17,5,1,15,11,15,17,2,2,14,2,8,24,19,18,2,2,16,26,2,15,3,4,23,13,24,24,14,20,14,12,23,21,2,24,7,3,5,17,5,7,6,20,11,26,7,7,4,2,8,23,21,4,6,6,24,22,20,11,11,17,4,7,10,8",5000,100
29,0,322172.39271423954,26.054335577152298,"19,5,1,15,20,12,10,8,21,11,7,17,5,18,23,16,13,22,3,15,6,9,8,2,6,10,26,4,24,21,24,13,20,25,14,25,2,14,16,10,14,23,4,22,9,1,14,4,19,9,21,25,4,22,2,13,20,12,5,26,10,15,16,17,18,22,22,10,16,18,25,21,3,3,9,11,3,15,26,11,20,10,11,16,1,26,12,17,4,18,3,22,12,2,4,6,25,9,13,22,1,7,14,7,25,16,12,24,20,8,1,26,4,15,2,24,22,12,14,25,10,7,9,18,7,17,19,14,12,10,2,15,2,21,1,2,26,26,22,11,13,20,16,7,24,25,13,1,3,21,9,14,1,11,26,21,3,12,20,18,18,12,24,25,17,18,2,16,6,17,1,9,2,7,1",5000,100
29,1,322766.30555069365,25.87807095231439,"19,5,1,15,20,12,10,8,21,11,7,17,5,18,23,16,13,22,3,15,6,9,8,2,6,10,26,4,24,21,24,13,20,25,14,25,2,14,16,10,14,23,4,22,9,1,14,4,19,9,21,25,4,22,2,13,20,12,5,26,10,15,16,17,18,22,22,10,16,18,25,21,3,3,9,11,3,15,26,11,20,10,11,16,1,26,12,17,4,18,3,22,12,2,4,6,25,9,13,22,1,7,14,7,25,16,12,24,20,8,1,26,4,15,2,24,22,12,23,25,10,7,9,18,7,17,19,14,12,10,2,15,2,21,1,2,26,26,22,21,13,20,16,7,24,25,13,1,3,21,9,14,1,11,26,21,3,12,20,18,18,12,24,25,17,18,2,16,6,17,1,9,2,7,1",5000,100
29,2,322766.30555069365,25.87807095231439,"19,5,1,15,20,12,10,8,21,11,7,17,5,18,23,16,13,22,3,15,6,9,8,2,6,10,26,4,24,21,24,13,20,25,14,25,2,14,16,10,14,23,4,22,9,1,14,4,19,9,21,25,4,22,2,13,20,12,5,26,10,15,16,17,18,22,22,10,16,18,25,21,3,3,9,11,3,15,26,11,20,10,11,16,1,26,12,17,4,18,3,22,12,2,4,6,25,9,13,22,1,7,14,7,25,16,12,24,20,8,1,26,4,15,2,24,22,12,23,25,10,7,9,18,7,17,19,14,12,10,2,15,2,21,1,2,26,26,22,21,13,20,16,7,24,25,13,1,3,21,9,14,1,11,26,21,3,12,20,18,18,12,24,25,17,18,2,16,6,17,1,9,2,7,1",5000,100
29,3,322766.30555069365,25.87807095231439,"19,5,1,15,20,12,10,8,21,11,7,17,5,18,23,16,13,22,3,15,6,9,8,2,6,10,26,4,24,21,24,13,20,25,14,25,2,14,16,10,14,23,4,22,9,1,14,4,19,9,21,25,4,22,2,13,20,12,5,26,10,15,16,17,18,22,22,10,16,18,25,21,3,3,9,11,3,15,26,11,20,10,11,16,1,26,12,17,4,18,3,22,12,2,4,6,25,9,13,22,1,7,14,7,25,16,12,24,20,8,1,26,4,15,2,24,22,12,23,25,10,7,9,18,7,17,19,14,12,10,2,15,2,21,1,2,26,26,22,21,13,20,16,7,24,25,13,1,3,21,9,14,1,11,26,21,3,12,20,18,18,12,24,25,17,18,2,16,6,17,1,9,2,7,1",5000,100
29,4,322766.30555069365,25.87807095231439,"19,5,1,15,20,12,10,8,21,11,7,17,5,18,23,16,13,22,3,15,6,9,8,2,6,10,26,4,24,21,24,13,20,25,14,25,2,14,16,10,14,23,4,22,9,1,14,4,19,9,21,25,4,22,2,13,20,12,5,26,10,15,16,17,18,22,22,10,16,18,25,21,3,3,9,11,3,15,26,11,20,10,11,16,1,26,12,17,4,18,3,22,12,2,4,6,25,9,13,22,1,7,14,7,25,16,12,24,20,8,1,26,4,15,2,24,22,12,23,25,10,7,9,18,7,17,19,14,12,10,2,15,2,21,1,2,26,26,22,21,13,20,16,7,24,25,13,1,3,21,9,14,1,11,26,21,3,12,20,18,18,12,24,25,17,18,2,16,6,17,1,9,2,7,1",5000,100
29,5,322766.30555069365,25.87807095231439,"19,5,1,15,20,12,10,8,21,11,7,17,5,18,23,16,13,22,3,15,6,9,8,2,6,10,26,4,24,21,24,13,20,25,14,25,2,14,16,10,14,23,4,22,9,1,14,4,19,9,21,25,4,22,2,13,20,12,5,26,10,15,16,17,18,22,22,10,16,18,25,21,3,3,9,11,3,15,26,11,20,10,11,16,1,26,12,17,4,18,3,22,12,2,4,6,25,9,13,22,1,7,14,7,25,16,12,24,20,8,1,26,4,15,2,24,22,12,23,25,10,7,9,18,7,17,19,14,12,10,2,15,2,21,1,2,26,26,22,21,13,20,16,7,24,25,13,1,3,21,9,14,1,11,26,21,3,12,20,18,18,12,24,25,17,18,2,16,6,17,1,9,2,7,1",5000,100
29,6,322766.30555069365,25.87807095231439,"19,5,1,15,20,12,10,8,21,11,7,17,5,18,23,16,13,22,3,15,6,9,8,2,6,10,26,4,24,21,24,13,20,25,14,25,2,14,16,10,14,23,4,22,9,1,14,4,19,9,21,25,4,22,2,13,20,12,5,26,10,15,16,17,18,22,22,10,16,18,25,21,3,3,9,11,3,15,26,11,20,10,11,16,1,26,12,17,4,18,3,22,12,2,4,6,25,9,13,22,1,7,14,7,25,16,12,24,20,8,1,26,4,15,2,24,22,12,23,25,10,7,9,18,7,17,19,14,12,10,2,15,2,21,1,2,26,26,22,21,13,20,16,7,24,25,13,1,3,21,9,14,1,11,26,21,3,12,20,18,18,12,24,25,17,18,2,16,6,17,1,9,2,7,1",5000,100
29,7,322766.30555069365,25.87807095231439,"19,5,1,15,20,12,10,8,21,11,7,17,5,18,23,16,13,22,3,15,6,9,8,2,6,10,26,4,24,21,24,13,20,25,14,25,2,14,16,10,14,23,4,22,9,1,14,4,19,9,21,25,4,22,2,13,20,12,5,26,10,15,16,17,18,22,22,10,16,18,25,21,3,3,9,11,3,15,26,11,20,10,11,16,1,26,12,17,4,18,3,22,12,2,4,6,25,9,13,22,1,7,14,7,25,16,12,24,20,8,1,26,4,15,2,24,22,12,23,25,10,7,9,18,7,17,19,14,12,10,2,15,2,21,1,2,26,26,22,21,13,20,16,7,24,25,13,1,3,21,9,14,1,11,26,21,3,12,20,18,18,12,24,25,17,18,2,16,6,17,1,9,2,7,1",5000,100
29,8,322766.30555069365,25.87807095231439,"19,5,1,15,20,12,10,8,21,11,7,17,5,18,23,16,13,22,3,15,6,9,8,2,6,10,26,4,24,21,24,13,20,25,14,25,2,14,16,10,14,23,4,22,9,1,14,4,19,9,21,25,4,22,2,13,20,12,5,26,10,15,16,17,18,22,22,10,16,18,25,21,3,3,9,11,3,15,26,11,20,10,11,16,1,26,12,17,4,18,3,22,12,2,4,6,25,9,13,22,1,7,14,7,25,16,12,24,20,8,1,26,4,15,2,24,22,12,23,25,10,7,9,18,7,17,19,14,12,10,2,15,2,21,1,2,26,26,22,21,13,20,16,7,24,25,13,1,3,21,9,14,1,11,26,21,3,12,20,18,18,12,24,25,17,18,2,16,6,17,1,9,2,7,1",5000,100
29,9,322766.30555069365,25.87807095231439,"19,5,1,15,20,12,10,8,21,11,7,17,5,18,23,16,13,22,3,15,6,9,8,2,6,10,26,4,24,21,24,13,20,25,14,25,2,14,16,10,14,23,4,22,9,1,14,4,19,9,21,25,4,22,2,13,20,12,5,26,10,15,16,17,18,22,22,10,16,18,25,21,3,3,9,11,3,15,26,11,20,10,11,16,1,26,12,17,4,18,3,22,12,2,4,6,25,9,13,22,1,7,14,7,25,16,12,24,20,8,1,26,4,15,2,24,22,12,23,25,10,7,9,18,7,17,19,14,12,10,2,15,2,21,1,2,26,26,22,21,13,20,16,7,24,25,13,1,3,21,9,14,1,11,26,21,3,12,20,18,18,12,24,25,17,18,2,16,6,17,1,9,2,7,1",5000,100
29,10,322766.30555069365,25.87807095231439,"19,5,1,15,20,12,10,8,21,11,7,17,5,18,23,16,13,22,3,15,6,9,8,2,6,10,26,4,24,21,24,13,20,25,14,25,2,14,16,10,14,23,4,22,9,1,14,4,19,9,21,25,4,22,2,13,20,12,5,26,10,15,16,17,18,22,22,10,16,18,25,21,3,3,9,11,3,15,26,11,20,10,11,16,1,26,12,17,4,18,3,22,12,2,4,6,25,9,13,22,1,7,14,7,25,16,12,24,20,8,1,26,4,15,2,24,22,12,23,25,10,7,9,18,7,17,19,14,12,10,2,15,2,21,1,2,26,26,22,21,13,20,16,7,24,25,13,1,3,21,9,14,1,11,26,21,3,12,20,18,18,12,24,25,17,18,2,16,6,17,1,9,2,7,1",5000,100
29,11,322766.30555069365,25.87807095231439,"19,5,1,15,20,12,10,8,21,11,7,17,5,18,23,16,13,22,3,15,6,9,8,2,6,10,26,4,24,21,24,13,20,25,14,25,2,14,16,10,14,23,4,22,9,1,14,4,19,9,21,25,4,22,2,13,20,12,5,26,10,15,16,17,18,22,22,10,16,18,25,21,3,3,9,11,3,15,26,11,20,10,11,16,1,26,12,17,4,18,3,22,12,2,4,6,25,9,13,22,1,7,14,7,25,16,12,24,20,8,1,26,4,15,2,24,22,12,23,25,10,7,9,18,7,17,19,14,12,10,2,15,2,21,1,2,26,26,22,21,13,20,16,7,24,25,13,1,3,21,9,14,1,11,26,21,3,12,20,18,18,12,24,25,17,18,2,16,6,17,1,9,2,7,1",5000,100
29,12,322766.30555069365,25.87807095231439,"19,5,1,15,20,12,10,8,21,11,7,17,5,18,23,16,13,22,3,15,6,9,8,2,6,10,26,4,24,21,24,13,20,25,14,25,2,14,16,10,14,23,4,22,9,1,14,4,19,9,21,25,4,22,2,13,20,12,5,26,10,15,16,17,18,22,22,10,16,18,25,21,3,3,9,11,3,15,26,11,20,10,11,16,1,26,12,17,4,18,3,22,12,2,4,6,25,9,13,22,1,7,14,7,25,16,12,24,20,8,1,26,4,15,2,24,22,12,23,25,10,7,9,18,7,17,19,14,12,10,2,15,2,21,1,2,26,26,22,21,13,20,16,7,24,25,13,1,3,21,9,14,1,11,26,21,3,12,20,18,18,12,24,25,17,18,2,16,6,17,1,9,2,7,1",5000,100
29,13,322766.30555069365,25.87807095231439,"19,5,1,15,20,12,10,8,21,11,7,17,5,18,23,16,13,22,3,15,6,9,8,2,6,10,26,4,24,21,24,13,20,25,14,25,2,14,16,10,14,23,4,22,9,1,14,4,19,9,21,25,4,22,2,13,20,12,5,26,10,15,16,17,18,22,22,10,16,18,25,21,3,3,9,11,3,15,26,11,20,10,11,16,1,26,12,17,4,18,3,22,12,2,4,6,25,9,13,22,1,7,14,7,25,16,12,24,20,8,1,26,4,15,2,24,22,12,23,25,10,7,9,18,7,17,19,14,12,10,2,15,2,21,1,2,26,26,22,21,13,20,16,7,24,25,13,1,3,21,9,14,1,11,26,21,3,12,20,18,18,12,24,25,17,18,2,16,6,17,1,9,2,7,1",5000,100
29,14,322766.30555069365,25.87807095231439,"19,5,1,15,20,12,10,8,21,11,7,17,5,18,23,16,13,22,3,15,6,9,8,2,6,10,26,4,24,21,24,13,20,25,14,25,2,14,16,10,14,23,4,22,9,1,14,4,19,9,21,25,4,22,2,13,20,12,5,26,10,15,16,17,18,22,22,10,16,18,25,21,3,3,9,11,3,15,26,11,20,10,11,16,1,26,12,17,4,18,3,22,12,2,4,6,25,9,13,22,1,7,14,7,25,16,12,24,20,8,1,26,4,15,2,24,22,12,23,25,10,7,9,18,7,17,19,14,12,10,2,15,2,21,1,2,26,26,22,21,13,20,16,7,24,25,13,1,3,21,9,14,1,11,26,21,3,12,20,18,18,12,24,25,17,18,2,16,6,17,1,9,2,7,1",5000,100
29,15,322766.30555069365,25.87807095231439,"19,5,1,15,20,12,10,8,21,11,7,17,5,18,23,16,13,22,3,15,6,9,8,2,6,10,26,4,24,21,24,13,20,25,14,25,2,14,16,10,14,23,4,22,9,1,14,4,19,9,21,25,4,22,2,13,20,12,5,26,10,15,16,17,18,22,22,10,16,18,25,21,3,3,9,11,3,15,26,11,20,10,11,16,1,26,12,17,4,18,3,22,12,2,4,6,25,9,13,22,1,7,14,7,25,16,12,24,20,8,1,26,4,15,2,24,22,12,23,25,10,7,9,18,7,17,19,14,12,10,2,15,2,21,1,2,26,26,22,21,13,20,16,7,24,25,13,1,3,21,9,14,1,11,26,21,3,12,20,18,18,12,24,25,17,18,2,16,6,17,1,9,2,7,1",5000,100
29,16,322766.30555069365,25.87807095231439,"19,5,1,15,20,12,10,8,21,11,7,17,5,18,23,16,13,22,3,15,6,9,8,2,6,10,26,4,24,21,24,13,20,25,14,25,2,14,16,10,14,23,4,22,9,1,14,4,19,9,21,25,4,22,2,13,20,12,5,26,10,15,16,17,18,22,22,10,16,18,25,21,3,3,9,11,3,15,26,11,20,10,11,16,1,26,12,17,4,18,3,22,12,2,4,6,25,9,13,22,1,7,14,7,25,16,12,24,20,8,1,26,4,15,2,24,22,12,23,25,10,7,9,18,7,17,19,14,12,10,2,15,2,21,1,2,26,26,22,21,13,20,16,7,24,25,13,1,3,21,9,14,1,11,26,21,3,12,20,18,18,12,24,25,17,18,2,16,6,17,1,9,2,7,1",5000,100
29,17,322766.30555069365,25.87807095231439,"19,5,1,15,20,12,10,8,21,11,7,17,5,18,23,16,13,22,3,15,6,9,8,2,6,10,26,4,24,21,24,13,20,25,14,25,2,14,16,10,14,23,4,22,9,1,14,4,19,9,21,25,4,22,2,13,20,12,5,26,10,15,16,17,18,22,22,10,16,18,25,21,3,3,9,11,3,15,26,11,20,10,11,16,1,26,12,17,4,18,3,22,12,2,4,6,25,9,13,22,1,7,14,7,25,16,12,24,20,8,1,26,4,15,2,24,22,12,23,25,10,7,9,18,7,17,19,14,12,10,2,15,2,21,1,2,26,26,22,21,13,20,16,7,24,25,13,1,3,21,9,14,1,11,26,21,3,12,20,18,18,12,24,25,17,18,2,16,6,17,1,9,2,7,1",5000,100
29,18,322766.30555069365,25.87807095231439,"19,5,1,15,20,12,10,8,21,11,7,17,5,18,23,16,13,22,3,15,6,9,8,2,6,10,26,4,24,21,24,13,20,25,14,25,2,14,16,10,14,23,4,22,9,1,14,4,19,9,21,25,4,22,2,13,20,12,5,26,10,15,16,17,18,22,22,10,16,18,25,21,3,3,9,11,3,15,26,11,20,10,11,16,1,26,12,17,4,18,3,22,12,2,4,6,25,9,13,22,1,7,14,7,25,16,12,24,20,8,1,26,4,15,2,24,22,12,23,25,10,7,9,18,7,17,19,14,12,10,2,15,2,21,1,2,26,26,22,21,13,20,16,7,24,25,13,1,3,21,9,14,1,11,26,21,3,12,20,18,18,12,24,25,17,18,2,16,6,17,1,9,2,7,1",5000,100
29,19,322766.30555069365,25.87807095231439,"19,5,1,15,20,12,10,8,21,11,7,17,5,18,23,16,13,22,3,15,6,9,8,2,6,10,26,4,24,21,24,13,20,25,14,25,2,14,16,10,14,23,4,22,9,1,14,4,19,9,21,25,4,22,2,13,20,12,5,26,10,15,16,17,18,22,22,10,16,18,25,21,3,3,9,11,3,15,26,11,20,10,11,16,1,26,12,17,4,18,3,22,12,2,4,6,25,9,13,22,1,7,14,7,25,16,12,24,20,8,1,26,4,15,2,24,22,12,23,25,10,7,9,18,7,17,19,14,12,10,2,15,2,21,1,2,26,26,22,21,13,20,16,7,24,25,13,1,3,21,9,14,1,11,26,21,3,12,20,18,18,12,24,25,17,18,2,16,6,17,1,9,2,7,1",5000,100
29,20,322766.30555069365,25.87807095231439,"19,5,1,15,20,12,10,8,21,11,7,17,5,18,23,16,13,22,3,15,6,9,8,2,6,10,26,4,24,21,24,13,20,25,14,25,2,14,16,10,14,23,4,22,9,1,14,4,19,9,21,25,4,22,2,13,20,12,5,26,10,15,16,17,18,22,22,10,16,18,25,21,3,3,9,11,3,15,26,11,20,10,11,16,1,26,12,17,4,18,3,22,12,2,4,6,25,9,13,22,1,7,14,7,25,16,12,24,20,8,1,26,4,15,2,24,22,12,23,25,10,7,9,18,7,17,19,14,12,10,2,15,2,21,1,2,26,26,22,21,13,20,16,7,24,25,13,1,3,21,9,14,1,11,26,21,3,12,20,18,18,12,24,25,17,18,2,16,6,17,1,9,2,7,1",5000,100
29,21,322766.30555069365,25.87807095231439,"19,5,1,15,20,12,10,8,21,11,7,17,5,18,23,16,13,22,3,15,6,9,8,2,6,10,26,4,24,21,24,13,20,25,14,25,2,14,16,10,14,23,4,22,9,1,14,4,19,9,21,25,4,22,2,13,20,12,5,26,10,15,16,17,18,22,22,10,16,18,25,21,3,3,9,11,3,15,26,11,20,10,11,16,1,26,12,17,4,18,3,22,12,2,4,6,25,9,13,22,1,7,14,7,25,16,12,24,20,8,1,26,4,15,2,24,22,12,23,25,10,7,9,18,7,17,19,14,12,10,2,15,2,21,1,2,26,26,22,21,13,20,16,7,24,25,13,1,3,21,9,14,1,11,26,21,3,12,20,18,18,12,24,25,17,18,2,16,6,17,1,9,2,7,1",5000,100
29,22,322766.30555069365,25.87807095231439,"19,5,1,15,20,12,10,8,21,11,7,17,5,18,23,16,13,22,3,15,6,9,8,2,6,10,26,4,24,21,24,13,20,25,14,25,2,14,16,10,14,23,4,22,9,1,14,4,19,9,21,25,4,22,2,13,20,12,5,26,10,15,16,17,18,22,22,10,16,18,25,21,3,3,9,11,3,15,26,11,20,10,11,16,1,26,12,17,4,18,3,22,12,2,4,6,25,9,13,22,1,7,14,7,25,16,12,24,20,8,1,26,4,15,2,24,22,12,23,25,10,7,9,18,7,17,19,14,12,10,2,15,2,21,1,2,26,26,22,21,13,20,16,7,24,25,13,1,3,21,9,14,1,11,26,21,3,12,20,18,18,12,24,25,17,18,2,16,6,17,1,9,2,7,1",5000,100
29,23,322766.30555069365,25.87807095231439,"19,5,1,15,20,12,10,8,21,11,7,17,5,18,23,16,13,22,3,15,6,9,8,2,6,10,26,4,24,21,24,13,20,25,14,25,2,14,16,10,14,23,4,22,9,1,14,4,19,9,21,25,4,22,2,13,20,12,5,26,10,15,16,17,18,22,22,10,16,18,25,21,3,3,9,11,3,15,26,11,20,10,11,16,1,26,12,17,4,18,3,22,12,2,4,6,25,9,13,22,1,7,14,7,25,16,12,24,20,8,1,26,4,15,2,24,22,12,23,25,10,7,9,18,7,17,19,14,12,10,2,15,2,21,1,2,26,26,22,21,13,20,16,7,24,25,13,1,3,21,9,14,1,11,26,21,3,12,20,18,18,12,24,25,17,18,2,16,6,17,1,9,2,7,1",5000,100
29,24,322766.30555069365,25.87807095231439,"19,5,1,15,20,12,10,8,21,11,7,17,5,18,23,16,13,22,3,15,6,9,8,2,6,10,26,4,24,21,24,13,20,25,14,25,2,14,16,10,14,23,4,22,9,1,14,4,19,9,21,25,4,22,2,13,20,12,5,26,10,15,16,17,18,22,22,10,16,18,25,21,3,3,9,11,3,15,26,11,20,10,11,16,1,26,12,17,4,18,3,22,12,2,4,6,25,9,13,22,1,7,14,7,25,16,12,24,20,8,1,26,4,15,2,24,22,12,23,25,10,7,9,18,7,17,19,14,12,10,2,15,2,21,1,2,26,26,22,21,13,20,16,7,24,25,13,1,3,21,9,14,1,11,26,21,3,12,20,18,18,12,24,25,17,18,2,16,6,17,1,9,2,7,1",5000,100
29,25,322766.30555069365,25.87807095231439,"19,5,1,15,20,12,10,8,21,11,7,17,5,18,23,16,13,22,3,15,6,9,8,2,6,10,26,4,24,21,24,13,20,25,14,25,2,14,16,10,14,23,4,22,9,1,14,4,19,9,21,25,4,22,2,13,20,12,5,26,10,15,16,17,18,22,22,10,16,18,25,21,3,3,9,11,3,15,26,11,20,10,11,16,1,26,12,17,4,18,3,22,12,2,4,6,25,9,13,22,1,7,14,7,25,16,12,24,20,8,1,26,4,15,2,24,22,12,23,25,10,7,9,18,7,17,19,14,12,10,2,15,2,21,1,2,26,26,22,21,13,20,16,7,24,25,13,1,3,21,9,14,1,11,26,21,3,12,20,18,18,12,24,25,17,18,2,16,6,17,1,9,2,7,1",5000,100
29,26,322766.30555069365,25.87807095231439,"19,5,1,15,20,12,10,8,21,11,7,17,5,18,23,16,13,22,3,15,6,9,8,2,6,10,26,4,24,21,24,13,20,25,14,25,2,14,16,10,14,23,4,22,9,1,14,4,19,9,21,25,4,22,2,13,20,12,5,26,10,15,16,17,18,22,22,10,16,18,25,21,3,3,9,11,3,15,26,11,20,10,11,16,1,26,12,17,4,18,3,22,12,2,4,6,25,9,13,22,1,7,14,7,25,16,12,24,20,8,1,26,4,15,2,24,22,12,23,25,10,7,9,18,7,17,19,14,12,10,2,15,2,21,1,2,26,26,22,21,13,20,16,7,24,25,13,1,3,21,9,14,1,11,26,21,3,12,20,18,18,12,24,25,17,18,2,16,6,17,1,9,2,7,1",5000,100
29,27,322766.30555069365,25.87807095231439,"19,5,1,15,20,12,10,8,21,11,7,17,5,18,23,16,13,22,3,15,6,9,8,2,6,10,26,4,24,21,24,13,20,25,14,25,2,14,16,10,14,23,4,22,9,1,14,4,19,9,21,25,4,22,2,13,20,12,5,26,10,15,16,17,18,22,22,10,16,18,25,21,3,3,9,11,3,15,26,11,20,10,11,16,1,26,12,17,4,18,3,22,12,2,4,6,25,9,13,22,1,7,14,7,25,16,12,24,20,8,1,26,4,15,2,24,22,12,23,25,10,7,9,18,7,17,19,14,12,10,2,15,2,21,1,2,26,26,22,21,13,20,16,7,24,25,13,1,3,21,9,14,1,11,26,21,3,12,20,18,18,12,24,25,17,18,2,16,6,17,1,9,2,7,1",5000,100
29,28,322766.30555069365,25.87807095231439,"19,5,1,15,20,12,10,8,21,11,7,17,5,18,23,16,13,22,3,15,6,9,8,2,6,10,26,4,24,21,24,13,20,25,14,25,2,14,16,10,14,23,4,22,9,1,14,4,19,9,21,25,4,22,2,13,20,12,5,26,10,15,16,17,18,22,22,10,16,18,25,21,3,3,9,11,3,15,26,11,20,10,11,16,1,26,12,17,4,18,3,22,12,2,4,6,25,9,13,22,1,7,14,7,25,16,12,24,20,8,1,26,4,15,2,24,22,12,23,25,10,7,9,18,7,17,19,14,12,10,2,15,2,21,1,2,26,26,22,21,13,20,16,7,24,25,13,1,3,21,9,14,1,11,26,21,3,12,20,18,18,12,24,25,17,18,2,16,6,17,1,9,2,7,1",5000,100
29,29,322766.30555069365,25.87807095231439,"19,5,1,15,20,12,10,8,21,11,7,17,5,18,23,16,13,22,3,15,6,9,8,2,6,10,26,4,24,21,24,13,20,25,14,25,2,14,16,10,14,23,4,22,9,1,14,4,19,9,21,25,4,22,2,13,20,12,5,26,10,15,16,17,18,22,22,10,16,18,25,21,3,3,9,11,3,15,26,11,20,10,11,16,1,26,12,17,4,18,3,22,12,2,4,6,25,9,13,22,1,7,14,7,25,16,12,24,20,8,1,26,4,15,2,24,22,12,23,25,10,7,9,18,7,17,19,14,12,10,2,15,2,21,1,2,26,26,22,21,13,20,16,7,24,25,13,1,3,21,9,14,1,11,26,21,3,12,20,18,18,12,24,25,17,18,2,16,6,17,1,9,2,7,1",5000,100
29,30,322766.30555069365,25.87807095231439,"19,5,1,15,20,12,10,8,21,11,7,17,5,18,23,16,13,22,3,15,6,9,8,2,6,10,26,4,24,21,24,13,20,25,14,25,2,14,16,10,14,23,4,22,9,1,14,4,19,9,21,25,4,22,2,13,20,12,5,26,10,15,16,17,18,22,22,10,16,18,25,21,3,3,9,11,3,15,26,11,20,10,11,16,1,26,12,17,4,18,3,22,12,2,4,6,25,9,13,22,1,7,14,7,25,16,12,24,20,8,1,26,4,15,2,24,22,12,23,25,10,7,9,18,7,17,19,14,12,10,2,15,2,21,1,2,26,26,22,21,13,20,16,7,24,25,13,1,3,21,9,14,1,11,26,21,3,12,20,18,18,12,24,25,17,18,2,16,6,17,1,9,2,7,1",5000,100
29,31,322766.30555069365,25.87807095231439,"19,5,1,15,20,12,10,8,21,11,7,17,5,18,23,16,13,22,3,15,6,9,8,2,6,10,26,4,24,21,24,13,20,25,14,25,2,14,16,10,14,23,4,22,9,1,14,4,19,9,21,25,4,22,2,13,20,12,5,26,10,15,16,17,18,22,22,10,16,18,25,21,3,3,9,11,3,15,26,11,20,10,11,16,1,26,12,17,4,18,3,22,12,2,4,6,25,9,13,22,1,7,14,7,25,16,12,24,20,8,1,26,4,15,2,24,22,12,23,25,10,7,9,18,7,17,19,14,12,10,2,15,2,21,1,2,26,26,22,21,13,20,16,7,24,25,13,1,3,21,9,14,1,11,26,21,3,12,20,18,18,12,24,25,17,18,2,16,6,17,1,9,2,7,1",5000,100
29,32,322766.30555069365,25.87807095231439,"19,5,1,15,20,12,10,8,21,11,7,17,5,18,23,16,13,22,3,15,6,9,8,2,6,10,26,4,24,21,24,13,20,25,14,25,2,14,16,10,14,23,4,22,9,1,14,4,19,9,21,25,4,22,2,13,20,12,5,26,10,15,16,17,18,22,22,10,16,18,25,21,3,3,9,11,3,15,26,11,20,10,11,16,1,26,12,17,4,18,3,22,12,2,4,6,25,9,13,22,1,7,14,7,25,16,12,24,20,8,1,26,4,15,2,24,22,12,23,25,10,7,9,18,7,17,19,14,12,10,2,15,2,21,1,2,26,26,22,21,13,20,16,7,24,25,13,1,3,21,9,14,1,11,26,21,3,12,20,18,18,12,24,25,17,18,2,16,6,17,1,9,2,7,1",5000,100
29,33,322766.30555069365,25.87807095231439,"19,5,1,15,20,12,10,8,21,11,7,17,5,18,23,16,13,22,3,15,6,9,8,2,6,10,26,4,24,21,24,13,20,25,14,25,2,14,16,10,14,23,4,22,9,1,14,4,19,9,21,25,4,22,2,13,20,12,5,26,10,15,16,17,18,22,22,10,16,18,25,21,3,3,9,11,3,15,26,11,20,10,11,16,1,26,12,17,4,18,3,22,12,2,4,6,25,9,13,22,1,7,14,7,25,16,12,24,20,8,1,26,4,15,2,24,22,12,23,25,10,7,9,18,7,17,19,14,12,10,2,15,2,21,1,2,26,26,22,21,13,20,16,7,24,25,13,1,3,21,9,14,1,11,26,21,3,12,20,18,18,12,24,25,17,18,2,16,6,17,1,9,2,7,1",5000,100
29,34,322766.30555069365,25.87807095231439,"19,5,1,15,20,12,10,8,21,11,7,17,5,18,23,16,13,22,3,15,6,9,8,2,6,10,26,4,24,21,24,13,20,25,14,25,2,14,16,10,14,23,4,22,9,1,14,4,19,9,21,25,4,22,2,13,20,12,5,26,10,15,16,17,18,22,22,10,16,18,25,21,3,3,9,11,3,15,26,11,20,10,11,16,1,26,12,17,4,18,3,22,12,2,4,6,25,9,13,22,1,7,14,7,25,16,12,24,20,8,1,26,4,15,2,24,22,12,23,25,10,7,9,18,7,17,19,14,12,10,2,15,2,21,1,2,26,26,22,21,13,20,16,7,24,25,13,1,3,21,9,14,1,11,26,21,3,12,20,18,18,12,24,25,17,18,2,16,6,17,1,9,2,7,1",5000,100
29,35,322766.30555069365,25.87807095231439,"19,5,1,15,20,12,10,8,21,11,7,17,5,18,23,16,13,22,3,15,6,9,8,2,6,10,26,4,24,21,24,13,20,25,14,25,2,14,16,10,14,23,4,22,9,1,14,4,19,9,21,25,4,22,2,13,20,12,5,26,10,15,16,17,18,22,22,10,16,18,25,21,3,3,9,11,3,15,26,11,20,10,11,16,1,26,12,17,4,18,3,22,12,2,4,6,25,9,13,22,1,7,14,7,25,16,12,24,20,8,1,26,4,15,2,24,22,12,23,25,10,7,9,18,7,17,19,14,12,10,2,15,2,21,1,2,26,26,22,21,13,20,16,7,24,25,13,1,3,21,9,14,1,11,26,21,3,12,20,18,18,12,24,25,17,18,2,16,6,17,1,9,2,7,1",5000,100
29,36,322766.30555069365,25.87807095231439,"19,5,1,15,20,12,10,8,21,11,7,17,5,18,23,16,13,22,3,15,6,9,8,2,6,10,26,4,24,21,24,13,20,25,14,25,2,14,16,10,14,23,4,22,9,1,14,4,19,9,21,25,4,22,2,13,20,12,5,26,10,15,16,17,18,22,22,10,16,18,25,21,3,3,9,11,3,15,26,11,20,10,11,16,1,26,12,17,4,18,3,22,12,2,4,6,25,9,13,22,1,7,14,7,25,16,12,24,20,8,1,26,4,15,2,24,22,12,23,25,10,7,9,18,7,17,19,14,12,10,2,15,2,21,1,2,26,26,22,21,13,20,16,7,24,25,13,1,3,21,9,14,1,11,26,21,3,12,20,18,18,12,24,25,17,18,2,16,6,17,1,9,2,7,1",5000,100
29,37,322766.30555069365,25.87807095231439,"19,5,1,15,20,12,10,8,21,11,7,17,5,18,23,16,13,22,3,15,6,9,8,2,6,10,26,4,24,21,24,13,20,25,14,25,2,14,16,10,14,23,4,22,9,1,14,4,19,9,21,25,4,22,2,13,20,12,5,26,10,15,16,17,18,22,22,10,16,18,25,21,3,3,9,11,3,15,26,11,20,10,11,16,1,26,12,17,4,18,3,22,12,2,4,6,25,9,13,22,1,7,14,7,25,16,12,24,20,8,1,26,4,15,2,24,22,12,23,25,10,7,9,18,7,17,19,14,12,10,2,15,2,21,1,2,26,26,22,21,13,20,16,7,24,25,13,1,3,21,9,14,1,11,26,21,3,12,20,18,18,12,24,25,17,18,2,16,6,17,1,9,2,7,1",5000,100
29,38,322766.30555069365,25.87807095231439,"19,5,1,15,20,12,10,8,21,11,7,17,5,18,23,16,13,22,3,15,6,9,8,2,6,10,26,4,24,21,24,13,20,25,14,25,2,14,16,10,14,23,4,22,9,1,14,4,19,9,21,25,4,22,2,13,20,12,5,26,10,15,16,17,18,22,22,10,16,18,25,21,3,3,9,11,3,15,26,11,20,10,11,16,1,26,12,17,4,18,3,22,12,2,4,6,25,9,13,22,1,7,14,7,25,16,12,24,20,8,1,26,4,15,2,24,22,12,23,25,10,7,9,18,7,17,19,14,12,10,2,15,2,21,1,2,26,26,22,21,13,20,16,7,24,25,13,1,3,21,9,14,1,11,26,21,3,12,20,18,18,12,24,25,17,18,2,16,6,17,1,9,2,7,1",5000,100
29,39,322766.30555069365,25.87807095231439,"19,5,1,15,20,12,10,8,21,11,7,17,5,18,23,16,13,22,3,15,6,9,8,2,6,10,26,4,24,21,24,13,20,25,14,25,2,14,16,10,14,23,4,22,9,1,14,4,19,9,21,25,4,22,2,13,20,12,5,26,10,15,16,17,18,22,22,10,16,18,25,21,3,3,9,11,3,15,26,11,20,10,11,16,1,26,12,17,4,18,3,22,12,2,4,6,25,9,13,22,1,7,14,7,25,16,12,24,20,8,1,26,4,15,2,24,22,12,23,25,10,7,9,18,7,17,19,14,12,10,2,15,2,21,1,2,26,26,22,21,13,20,16,7,24,25,13,1,3,21,9,14,1,11,26,21,3,12,20,18,18,12,24,25,17,18,2,16,6,17,1,9,2,7,1",5000,100
29,40,322766.30555069365,25.87807095231439,"19,5,1,15,20,12,10,8,21,11,7,17,5,18,23,16,13,22,3,15,6,9,8,2,6,10,26,4,24,21,24,13,20,25,14,25,2,14,16,10,14,23,4,22,9,1,14,4,19,9,21,25,4,22,2,13,20,12,5,26,10,15,16,17,18,22,22,10,16,18,25,21,3,3,9,11,3,15,26,11,20,10,11,16,1,26,12,17,4,18,3,22,12,2,4,6,25,9,13,22,1,7,14,7,25,16,12,24,20,8,1,26,4,15,2,24,22,12,23,25,10,7,9,18,7,17,19,14,12,10,2,15,2,21,1,2,26,26,22,21,13,20,16,7,24,25,13,1,3,21,9,14,1,11,26,21,3,12,20,18,18,12,24,25,17,18,2,16,6,17,1,9,2,7,1",5000,100
29,41,322766.30555069365,25.87807095231439,"19,5,1,15,20,12,10,8,21,11,7,17,5,18,23,16,13,22,3,15,6,9,8,2,6,10,26,4,24,21,24,13,20,25,14,25,2,14,16,10,14,23,4,22,9,1,14,4,19,9,21,25,4,22,2,13,20,12,5,26,10,15,16,17,18,22,22,10,16,18,25,21,3,3,9,11,3,15,26,11,20,10,11,16,1,26,12,17,4,18,3,22,12,2,4,6,25,9,13,22,1,7,14,7,25,16,12,24,20,8,1,26,4,15,2,24,22,12,23,25,10,7,9,18,7,17,19,14,12,10,2,15,2,21,1,2,26,26,22,21,13,20,16,7,24,25,13,1,3,21,9,14,1,11,26,21,3,12,20,18,18,12,24,25,17,18,2,16,6,17,1,9,2,7,1",5000,100
29,42,322766.30555069365,25.87807095231439,"19,5,1,15,20,12,10,8,21,11,7,17,5,18,23,16,13,22,3,15,6,9,8,2,6,10,26,4,24,21,24,13,20,25,14,25,2,14,16,10,14,23,4,22,9,1,14,4,19,9,21,25,4,22,2,13,20,12,5,26,10,15,16,17,18,22,22,10,16,18,25,21,3,3,9,11,3,15,26,11,20,10,11,16,1,26,12,17,4,18,3,22,12,2,4,6,25,9,13,22,1,7,14,7,25,16,12,24,20,8,1,26,4,15,2,24,22,12,23,25,10,7,9,18,7,17,19,14,12,10,2,15,2,21,1,2,26,26,22,21,13,20,16,7,24,25,13,1,3,21,9,14,1,11,26,21,3,12,20,18,18,12,24,25,17,18,2,16,6,17,1,9,2,7,1",5000,100
29,43,322766.30555069365,25.87807095231439,"19,5,1,15,20,12,10,8,21,11,7,17,5,18,23,16,13,22,3,15,6,9,8,2,6,10,26,4,24,21,24,13,20,25,14,25,2,14,16,10,14,23,4,22,9,1,14,4,19,9,21,25,4,22,2,13,20,12,5,26,10,15,16,17,18,22,22,10,16,18,25,21,3,3,9,11,3,15,26,11,20,10,11,16,1,26,12,17,4,18,3,22,12,2,4,6,25,9,13,22,1,7,14,7,25,16,12,24,20,8,1,26,4,15,2,24,22,12,23,25,10,7,9,18,7,17,19,14,12,10,2,15,2,21,1,2,26,26,22,21,13,20,16,7,24,25,13,1,3,21,9,14,1,11,26,21,3,12,20,18,18,12,24,25,17,18,2,16,6,17,1,9,2,7,1",5000,100
29,44,322766.30555069365,25.87807095231439,"19,5,1,15,20,12,10,8,21,11,7,17,5,18,23,16,13,22,3,15,6,9,8,2,6,10,26,4,24,21,24,13,20,25,14,25,2,14,16,10,14,23,4,22,9,1,14,4,19,9,21,25,4,22,2,13,20,12,5,26,10,15,16,17,18,22,22,10,16,18,25,21,3,3,9,11,3,15,26,11,20,10,11,16,1,26,12,17,4,18,3,22,12,2,4,6,25,9,13,22,1,7,14,7,25,16,12,24,20,8,1,26,4,15,2,24,22,12,23,25,10,7,9,18,7,17,19,14,12,10,2,15,2,21,1,2,26,26,22,21,13,20,16,7,24,25,13,1,3,21,9,14,1,11,26,21,3,12,20,18,18,12,24,25,17,18,2,16,6,17,1,9,2,7,1",5000,100
29,45,322766.30555069365,25.87807095231439,"19,5,1,15,20,12,10,8,21,11,7,17,5,18,23,16,13,22,3,15,6,9,8,2,6,10,26,4,24,21,24,13,20,25,14,25,2,14,16,10,14,23,4,22,9,1,14,4,19,9,21,25,4,22,2,13,20,12,5,26,10,15,16,17,18,22,22,10,16,18,25,21,3,3,9,11,3,15,26,11,20,10,11,16,1,26,12,17,4,18,3,22,12,2,4,6,25,9,13,22,1,7,14,7,25,16,12,24,20,8,1,26,4,15,2,24,22,12,23,25,10,7,9,18,7,17,19,14,12,10,2,15,2,21,1,2,26,26,22,21,13,20,16,7,24,25,13,1,3,21,9,14,1,11,26,21,3,12,20,18,18,12,24,25,17,18,2,16,6,17,1,9,2,7,1",5000,100
29,46,322766.30555069365,25.87807095231439,"19,5,1,15,20,12,10,8,21,11,7,17,5,18,23,16,13,22,3,15,6,9,8,2,6,10,26,4,24,21,24,13,20,25,14,25,2,14,16,10,14,23,4,22,9,1,14,4,19,9,21,25,4,22,2,13,20,12,5,26,10,15,16,17,18,22,22,10,16,18,25,21,3,3,9,11,3,15,26,11,20,10,11,16,1,26,12,17,4,18,3,22,12,2,4,6,25,9,13,22,1,7,14,7,25,16,12,24,20,8,1,26,4,15,2,24,22,12,23,25,10,7,9,18,7,17,19,14,12,10,2,15,2,21,1,2,26,26,22,21,13,20,16,7,24,25,13,1,3,21,9,14,1,11,26,21,3,12,20,18,18,12,24,25,17,18,2,16,6,17,1,9,2,7,1",5000,100
29,47,322766.30555069365,25.87807095231439,"19,5,1,15,20,12,10,8,21,11,7,17,5,18,23,16,13,22,3,15,6,9,8,2,6,10,26,4,24,21,24,13,20,25,14,25,2,14,16,10,14,23,4,22,9,1,14,4,19,9,21,25,4,22,2,13,20,12,5,26,10,15,16,17,18,22,22,10,16,18,25,21,3,3,9,11,3,15,26,11,20,10,11,16,1,26,12,17,4,18,3,22,12,2,4,6,25,9,13,22,1,7,14,7,25,16,12,24,20,8,1,26,4,15,2,24,22,12,23,25,10,7,9,18,7,17,19,14,12,10,2,15,2,21,1,2,26,26,22,21,13,20,16,7,24,25,13,1,3,21,9,14,1,11,26,21,3,12,20,18,18,12,24,25,17,18,2,16,6,17,1,9,2,7,1",5000,100
29,48,322766.30555069365,25.87807095231439,"19,5,1,15,20,12,10,8,21,11,7,17,5,18,23,16,13,22,3,15,6,9,8,2,6,10,26,4,24,21,24,13,20,25,14,25,2,14,16,10,14,23,4,22,9,1,14,4,19,9,21,25,4,22,2,13,20,12,5,26,10,15,16,17,18,22,22,10,16,18,25,21,3,3,9,11,3,15,26,11,20,10,11,16,1,26,12,17,4,18,3,22,12,2,4,6,25,9,13,22,1,7,14,7,25,16,12,24,20,8,1,26,4,15,2,24,22,12,23,25,10,7,9,18,7,17,19,14,12,10,2,15,2,21,1,2,26,26,22,21,13,20,16,7,24,25,13,1,3,21,9,14,1,11,26,21,3,12,20,18,18,12,24,25,17,18,2,16,6,17,1,9,2,7,1",5000,100
29,49,322766.30555069365,25.87807095231439,"19,5,1,15,20,12,10,8,21,11,7,17,5,18,23,16,13,22,3,15,6,9,8,2,6,10,26,4,24,21,24,13,20,25,14,25,2,14,16,10,14,23,4,22,9,1,14,4,19,9,21,25,4,22,2,13,20,12,5,26,10,15,16,17,18,22,22,10,16,18,25,21,3,3,9,11,3,15,26,11,20,10,11,16,1,26,12,17,4,18,3,22,12,2,4,6,25,9,13,22,1,7,14,7,25,16,12,24,20,8,1,26,4,15,2,24,22,12,23,25,10,7,9,18,7,17,19,14,12,10,2,15,2,21,1,2,26,26,22,21,13,20,16,7,24,25,13,1,3,21,9,14,1,11,26,21,3,12,20,18,18,12,24,25,17,18,2,16,6,17,1,9,2,7,1",5000,100
29,50,322766.30555069365,25.87807095231439,"19,5,1,15,20,12,10,8,21,11,7,17,5,18,23,16,13,22,3,15,6,9,8,2,6,10,26,4,24,21,24,13,20,25,14,25,2,14,16,10,14,23,4,22,9,1,14,4,19,9,21,25,4,22,2,13,20,12,5,26,10,15,16,17,18,22,22,10,16,18,25,21,3,3,9,11,3,15,26,11,20,10,11,16,1,26,12,17,4,18,3,22,12,2,4,6,25,9,13,22,1,7,14,7,25,16,12,24,20,8,1,26,4,15,2,24,22,12,23,25,10,7,9,18,7,17,19,14,12,10,2,15,2,21,1,2,26,26,22,21,13,20,16,7,24,25,13,1,3,21,9,14,1,11,26,21,3,12,20,18,18,12,24,25,17,18,2,16,6,17,1,9,2,7,1",5000,100
29,51,322766.30555069365,25.87807095231439,"19,5,1,15,20,12,10,8,21,11,7,17,5,18,23,16,13,22,3,15,6,9,8,2,6,10,26,4,24,21,24,13,20,25,14,25,2,14,16,10,14,23,4,22,9,1,14,4,19,9,21,25,4,22,2,13,20,12,5,26,10,15,16,17,18,22,22,10,16,18,25,21,3,3,9,11,3,15,26,11,20,10,11,16,1,26,12,17,4,18,3,22,12,2,4,6,25,9,13,22,1,7,14,7,25,16,12,24,20,8,1,26,4,15,2,24,22,12,23,25,10,7,9,18,7,17,19,14,12,10,2,15,2,21,1,2,26,26,22,21,13,20,16,7,24,25,13,1,3,21,9,14,1,11,26,21,3,12,20,18,18,12,24,25,17,18,2,16,6,17,1,9,2,7,1",5000,100
29,52,322766.30555069365,25.87807095231439,"19,5,1,15,20,12,10,8,21,11,7,17,5,18,23,16,13,22,3,15,6,9,8,2,6,10,26,4,24,21,24,13,20,25,14,25,2,14,16,10,14,23,4,22,9,1,14,4,19,9,21,25,4,22,2,13,20,12,5,26,10,15,16,17,18,22,22,10,16,18,25,21,3,3,9,11,3,15,26,11,20,10,11,16,1,26,12,17,4,18,3,22,12,2,4,6,25,9,13,22,1,7,14,7,25,16,12,24,20,8,1,26,4,15,2,24,22,12,23,25,10,7,9,18,7,17,19,14,12,10,2,15,2,21,1,2,26,26,22,21,13,20,16,7,24,25,13,1,3,21,9,14,1,11,26,21,3,12,20,18,18,12,24,25,17,18,2,16,6,17,1,9,2,7,1",5000,100
29,53,322766.30555069365,25.87807095231439,"19,5,1,15,20,12,10,8,21,11,7,17,5,18,23,16,13,22,3,15,6,9,8,2,6,10,26,4,24,21,24,13,20,25,14,25,2,14,16,10,14,23,4,22,9,1,14,4,19,9,21,25,4,22,2,13,20,12,5,26,10,15,16,17,18,22,22,10,16,18,25,21,3,3,9,11,3,15,26,11,20,10,11,16,1,26,12,17,4,18,3,22,12,2,4,6,25,9,13,22,1,7,14,7,25,16,12,24,20,8,1,26,4,15,2,24,22,12,23,25,10,7,9,18,7,17,19,14,12,10,2,15,2,21,1,2,26,26,22,21,13,20,16,7,24,25,13,1,3,21,9,14,1,11,26,21,3,12,20,18,18,12,24,25,17,18,2,16,6,17,1,9,2,7,1",5000,100
29,54,322766.30555069365,25.87807095231439,"19,5,1,15,20,12,10,8,21,11,7,17,5,18,23,16,13,22,3,15,6,9,8,2,6,10,26,4,24,21,24,13,20,25,14,25,2,14,16,10,14,23,4,22,9,1,14,4,19,9,21,25,4,22,2,13,20,12,5,26,10,15,16,17,18,22,22,10,16,18,25,21,3,3,9,11,3,15,26,11,20,10,11,16,1,26,12,17,4,18,3,22,12,2,4,6,25,9,13,22,1,7,14,7,25,16,12,24,20,8,1,26,4,15,2,24,22,12,23,25,10,7,9,18,7,17,19,14,12,10,2,15,2,21,1,2,26,26,22,21,13,20,16,7,24,25,13,1,3,21,9,14,1,11,26,21,3,12,20,18,18,12,24,25,17,18,2,16,6,17,1,9,2,7,1",5000,100
29,55,322766.30555069365,25.87807095231439,"19,5,1,15,20,12,10,8,21,11,7,17,5,18,23,16,13,22,3,15,6,9,8,2,6,10,26,4,24,21,24,13,20,25,14,25,2,14,16,10,14,23,4,22,9,1,14,4,19,9,21,25,4,22,2,13,20,12,5,26,10,15,16,17,18,22,22,10,16,18,25,21,3,3,9,11,3,15,26,11,20,10,11,16,1,26,12,17,4,18,3,22,12,2,4,6,25,9,13,22,1,7,14,7,25,16,12,24,20,8,1,26,4,15,2,24,22,12,23,25,10,7,9,18,7,17,19,14,12,10,2,15,2,21,1,2,26,26,22,21,13,20,16,7,24,25,13,1,3,21,9,14,1,11,26,21,3,12,20,18,18,12,24,25,17,18,2,16,6,17,1,9,2,7,1",5000,100
29,56,322766.30555069365,25.87807095231439,"19,5,1,15,20,12,10,8,21,11,7,17,5,18,23,16,13,22,3,15,6,9,8,2,6,10,26,4,24,21,24,13,20,25,14,25,2,14,16,10,14,23,4,22,9,1,14,4,19,9,21,25,4,22,2,13,20,12,5,26,10,15,16,17,18,22,22,10,16,18,25,21,3,3,9,11,3,15,26,11,20,10,11,16,1,26,12,17,4,18,3,22,12,2,4,6,25,9,13,22,1,7,14,7,25,16,12,24,20,8,1,26,4,15,2,24,22,12,23,25,10,7,9,18,7,17,19,14,12,10,2,15,2,21,1,2,26,26,22,21,13,20,16,7,24,25,13,1,3,21,9,14,1,11,26,21,3,12,20,18,18,12,24,25,17,18,2,16,6,17,1,9,2,7,1",5000,100
29,57,322766.30555069365,25.87807095231439,"19,5,1,15,20,12,10,8,21,11,7,17,5,18,23,16,13,22,3,15,6,9,8,2,6,10,26,4,24,21,24,13,20,25,14,25,2,14,16,10,14,23,4,22,9,1,14,4,19,9,21,25,4,22,2,13,20,12,5,26,10,15,16,17,18,22,22,10,16,18,25,21,3,3,9,11,3,15,26,11,20,10,11,16,1,26,12,17,4,18,3,22,12,2,4,6,25,9,13,22,1,7,14,7,25,16,12,24,20,8,1,26,4,15,2,24,22,12,23,25,10,7,9,18,7,17,19,14,12,10,2,15,2,21,1,2,26,26,22,21,13,20,16,7,24,25,13,1,3,21,9,14,1,11,26,21,3,12,20,18,18,12,24,25,17,18,2,16,6,17,1,9,2,7,1",5000,100
29,58,322766.30555069365,25.87807095231439,"19,5,1,15,20,12,10,8,21,11,7,17,5,18,23,16,13,22,3,15,6,9,8,2,6,10,26,4,24,21,24,13,20,25,14,25,2,14,16,10,14,23,4,22,9,1,14,4,19,9,21,25,4,22,2,13,20,12,5,26,10,15,16,17,18,22,22,10,16,18,25,21,3,3,9,11,3,15,26,11,20,10,11,16,1,26,12,17,4,18,3,22,12,2,4,6,25,9,13,22,1,7,14,7,25,16,12,24,20,8,1,26,4,15,2,24,22,12,23,25,10,7,9,18,7,17,19,14,12,10,2,15,2,21,1,2,26,26,22,21,13,20,16,7,24,25,13,1,3,21,9,14,1,11,26,21,3,12,20,18,18,12,24,25,17,18,2,16,6,17,1,9,2,7,1",5000,100
29,59,322766.30555069365,25.87807095231439,"19,5,1,15,20,12,10,8,21,11,7,17,5,18,23,16,13,22,3,15,6,9,8,2,6,10,26,4,24,21,24,13,20,25,14,25,2,14,16,10,14,23,4,22,9,1,14,4,19,9,21,25,4,22,2,13,20,12,5,26,10,15,16,17,18,22,22,10,16,18,25,21,3,3,9,11,3,15,26,11,20,10,11,16,1,26,12,17,4,18,3,22,12,2,4,6,25,9,13,22,1,7,14,7,25,16,12,24,20,8,1,26,4,15,2,24,22,12,23,25,10,7,9,18,7,17,19,14,12,10,2,15,2,21,1,2,26,26,22,21,13,20,16,7,24,25,13,1,3,21,9,14,1,11,26,21,3,12,20,18,18,12,24,25,17,18,2,16,6,17,1,9,2,7,1",5000,100
29,60,322766.30555069365,25.87807095231439,"19,5,1,15,20,12,10,8,21,11,7,17,5,18,23,16,13,22,3,15,6,9,8,2,6,10,26,4,24,21,24,13,20,25,14,25,2,14,16,10,14,23,4,22,9,1,14,4,19,9,21,25,4,22,2,13,20,12,5,26,10,15,16,17,18,22,22,10,16,18,25,21,3,3,9,11,3,15,26,11,20,10,11,16,1,26,12,17,4,18,3,22,12,2,4,6,25,9,13,22,1,7,14,7,25,16,12,24,20,8,1,26,4,15,2,24,22,12,23,25,10,7,9,18,7,17,19,14,12,10,2,15,2,21,1,2,26,26,22,21,13,20,16,7,24,25,13,1,3,21,9,14,1,11,26,21,3,12,20,18,18,12,24,25,17,18,2,16,6,17,1,9,2,7,1",5000,100
29,61,322766.30555069365,25.87807095231439,"19,5,1,15,20,12,10,8,21,11,7,17,5,18,23,16,13,22,3,15,6,9,8,2,6,10,26,4,24,21,24,13,20,25,14,25,2,14,16,10,14,23,4,22,9,1,14,4,19,9,21,25,4,22,2,13,20,12,5,26,10,15,16,17,18,22,22,10,16,18,25,21,3,3,9,11,3,15,26,11,20,10,11,16,1,26,12,17,4,18,3,22,12,2,4,6,25,9,13,22,1,7,14,7,25,16,12,24,20,8,1,26,4,15,2,24,22,12,23,25,10,7,9,18,7,17,19,14,12,10,2,15,2,21,1,2,26,26,22,21,13,20,16,7,24,25,13,1,3,21,9,14,1,11,26,21,3,12,20,18,18,12,24,25,17,18,2,16,6,17,1,9,2,7,1",5000,100
29,62,322766.30555069365,25.87807095231439,"19,5,1,15,20,12,10,8,21,11,7,17,5,18,23,16,13,22,3,15,6,9,8,2,6,10,26,4,24,21,24,13,20,25,14,25,2,14,16,10,14,23,4,22,9,1,14,4,19,9,21,25,4,22,2,13,20,12,5,26,10,15,16,17,18,22,22,10,16,18,25,21,3,3,9,11,3,15,26,11,20,10,11,16,1,26,12,17,4,18,3,22,12,2,4,6,25,9,13,22,1,7,14,7,25,16,12,24,20,8,1,26,4,15,2,24,22,12,23,25,10,7,9,18,7,17,19,14,12,10,2,15,2,21,1,2,26,26,22,21,13,20,16,7,24,25,13,1,3,21,9,14,1,11,26,21,3,12,20,18,18,12,24,25,17,18,2,16,6,17,1,9,2,7,1",5000,100
29,63,322766.30555069365,25.87807095231439,"19,5,1,15,20,12,10,8,21,11,7,17,5,18,23,16,13,22,3,15,6,9,8,2,6,10,26,4,24,21,24,13,20,25,14,25,2,14,16,10,14,23,4,22,9,1,14,4,19,9,21,25,4,22,2,13,20,12,5,26,10,15,16,17,18,22,22,10,16,18,25,21,3,3,9,11,3,15,26,11,20,10,11,16,1,26,12,17,4,18,3,22,12,2,4,6,25,9,13,22,1,7,14,7,25,16,12,24,20,8,1,26,4,15,2,24,22,12,23,25,10,7,9,18,7,17,19,14,12,10,2,15,2,21,1,2,26,26,22,21,13,20,16,7,24,25,13,1,3,21,9,14,1,11,26,21,3,12,20,18,18,12,24,25,17,18,2,16,6,17,1,9,2,7,1",5000,100
29,64,322766.30555069365,25.87807095231439,"19,5,1,15,20,12,10,8,21,11,7,17,5,18,23,16,13,22,3,15,6,9,8,2,6,10,26,4,24,21,24,13,20,25,14,25,2,14,16,10,14,23,4,22,9,1,14,4,19,9,21,25,4,22,2,13,20,12,5,26,10,15,16,17,18,22,22,10,16,18,25,21,3,3,9,11,3,15,26,11,20,10,11,16,1,26,12,17,4,18,3,22,12,2,4,6,25,9,13,22,1,7,14,7,25,16,12,24,20,8,1,26,4,15,2,24,22,12,23,25,10,7,9,18,7,17,19,14,12,10,2,15,2,21,1,2,26,26,22,21,13,20,16,7,24,25,13,1,3,21,9,14,1,11,26,21,3,12,20,18,18,12,24,25,17,18,2,16,6,17,1,9,2,7,1",5000,100
29,65,322766.30555069365,25.87807095231439,"19,5,1,15,20,12,10,8,21,11,7,17,5,18,23,16,13,22,3,15,6,9,8,2,6,10,26,4,24,21,24,13,20,25,14,25,2,14,16,10,14,23,4,22,9,1,14,4,19,9,21,25,4,22,2,13,20,12,5,26,10,15,16,17,18,22,22,10,16,18,25,21,3,3,9,11,3,15,26,11,20,10,11,16,1,26,12,17,4,18,3,22,12,2,4,6,25,9,13,22,1,7,14,7,25,16,12,24,20,8,1,26,4,15,2,24,22,12,23,25,10,7,9,18,7,17,19,14,12,10,2,15,2,21,1,2,26,26,22,21,13,20,16,7,24,25,13,1,3,21,9,14,1,11,26,21,3,12,20,18,18,12,24,25,17,18,2,16,6,17,1,9,2,7,1",5000,100
29,66,322766.30555069365,25.87807095231439,"19,5,1,15,20,12,10,8,21,11,7,17,5,18,23,16,13,22,3,15,6,9,8,2,6,10,26,4,24,21,24,13,20,25,14,25,2,14,16,10,14,23,4,22,9,1,14,4,19,9,21,25,4,22,2,13,20,12,5,26,10,15,16,17,18,22,22,10,16,18,25,21,3,3,9,11,3,15,26,11,20,10,11,16,1,26,12,17,4,18,3,22,12,2,4,6,25,9,13,22,1,7,14,7,25,16,12,24,20,8,1,26,4,15,2,24,22,12,23,25,10,7,9,18,7,17,19,14,12,10,2,15,2,21,1,2,26,26,22,21,13,20,16,7,24,25,13,1,3,21,9,14,1,11,26,21,3,12,20,18,18,12,24,25,17,18,2,16,6,17,1,9,2,7,1",5000,100
29,67,322766.30555069365,25.87807095231439,"19,5,1,15,20,12,10,8,21,11,7,17,5,18,23,16,13,22,3,15,6,9,8,2,6,10,26,4,24,21,24,13,20,25,14,25,2,14,16,10,14,23,4,22,9,1,14,4,19,9,21,25,4,22,2,13,20,12,5,26,10,15,16,17,18,22,22,10,16,18,25,21,3,3,9,11,3,15,26,11,20,10,11,16,1,26,12,17,4,18,3,22,12,2,4,6,25,9,13,22,1,7,14,7,25,16,12,24,20,8,1,26,4,15,2,24,22,12,23,25,10,7,9,18,7,17,19,14,12,10,2,15,2,21,1,2,26,26,22,21,13,20,16,7,24,25,13,1,3,21,9,14,1,11,26,21,3,12,20,18,18,12,24,25,17,18,2,16,6,17,1,9,2,7,1",5000,100
29,68,322766.30555069365,25.87807095231439,"19,5,1,15,20,12,10,8,21,11,7,17,5,18,23,16,13,22,3,15,6,9,8,2,6,10,26,4,24,21,24,13,20,25,14,25,2,14,16,10,14,23,4,22,9,1,14,4,19,9,21,25,4,22,2,13,20,12,5,26,10,15,16,17,18,22,22,10,16,18,25,21,3,3,9,11,3,15,26,11,20,10,11,16,1,26,12,17,4,18,3,22,12,2,4,6,25,9,13,22,1,7,14,7,25,16,12,24,20,8,1,26,4,15,2,24,22,12,23,25,10,7,9,18,7,17,19,14,12,10,2,15,2,21,1,2,26,26,22,21,13,20,16,7,24,25,13,1,3,21,9,14,1,11,26,21,3,12,20,18,18,12,24,25,17,18,2,16,6,17,1,9,2,7,1",5000,100
29,69,322766.30555069365,25.87807095231439,"19,5,1,15,20,12,10,8,21,11,7,17,5,18,23,16,13,22,3,15,6,9,8,2,6,10,26,4,24,21,24,13,20,25,14,25,2,14,16,10,14,23,4,22,9,1,14,4,19,9,21,25,4,22,2,13,20,12,5,26,10,15,16,17,18,22,22,10,16,18,25,21,3,3,9,11,3,15,26,11,20,10,11,16,1,26,12,17,4,18,3,22,12,2,4,6,25,9,13,22,1,7,14,7,25,16,12,24,20,8,1,26,4,15,2,24,22,12,23,25,10,7,9,18,7,17,19,14,12,10,2,15,2,21,1,2,26,26,22,21,13,20,16,7,24,25,13,1,3,21,9,14,1,11,26,21,3,12,20,18,18,12,24,25,17,18,2,16,6,17,1,9,2,7,1",5000,100
29,70,322766.30555069365,25.87807095231439,"19,5,1,15,20,12,10,8,21,11,7,17,5,18,23,16,13,22,3,15,6,9,8,2,6,10,26,4,24,21,24,13,20,25,14,25,2,14,16,10,14,23,4,22,9,1,14,4,19,9,21,25,4,22,2,13,20,12,5,26,10,15,16,17,18,22,22,10,16,18,25,21,3,3,9,11,3,15,26,11,20,10,11,16,1,26,12,17,4,18,3,22,12,2,4,6,25,9,13,22,1,7,14,7,25,16,12,24,20,8,1,26,4,15,2,24,22,12,23,25,10,7,9,18,7,17,19,14,12,10,2,15,2,21,1,2,26,26,22,21,13,20,16,7,24,25,13,1,3,21,9,14,1,11,26,21,3,12,20,18,18,12,24,25,17,18,2,16,6,17,1,9,2,7,1",5000,100
29,71,322766.30555069365,25.87807095231439,"19,5,1,15,20,12,10,8,21,11,7,17,5,18,23,16,13,22,3,15,6,9,8,2,6,10,26,4,24,21,24,13,20,25,14,25,2,14,16,10,14,23,4,22,9,1,14,4,19,9,21,25,4,22,2,13,20,12,5,26,10,15,16,17,18,22,22,10,16,18,25,21,3,3,9,11,3,15,26,11,20,10,11,16,1,26,12,17,4,18,3,22,12,2,4,6,25,9,13,22,1,7,14,7,25,16,12,24,20,8,1,26,4,15,2,24,22,12,23,25,10,7,9,18,7,17,19,14,12,10,2,15,2,21,1,2,26,26,22,21,13,20,16,7,24,25,13,1,3,21,9,14,1,11,26,21,3,12,20,18,18,12,24,25,17,18,2,16,6,17,1,9,2,7,1",5000,100
29,72,322766.30555069365,25.87807095231439,"19,5,1,15,20,12,10,8,21,11,7,17,5,18,23,16,13,22,3,15,6,9,8,2,6,10,26,4,24,21,24,13,20,25,14,25,2,14,16,10,14,23,4,22,9,1,14,4,19,9,21,25,4,22,2,13,20,12,5,26,10,15,16,17,18,22,22,10,16,18,25,21,3,3,9,11,3,15,26,11,20,10,11,16,1,26,12,17,4,18,3,22,12,2,4,6,25,9,13,22,1,7,14,7,25,16,12,24,20,8,1,26,4,15,2,24,22,12,23,25,10,7,9,18,7,17,19,14,12,10,2,15,2,21,1,2,26,26,22,21,13,20,16,7,24,25,13,1,3,21,9,14,1,11,26,21,3,12,20,18,18,12,24,25,17,18,2,16,6,17,1,9,2,7,1",5000,100
29,73,322766.30555069365,25.87807095231439,"19,5,1,15,20,12,10,8,21,11,7,17,5,18,23,16,13,22,3,15,6,9,8,2,6,10,26,4,24,21,24,13,20,25,14,25,2,14,16,10,14,23,4,22,9,1,14,4,19,9,21,25,4,22,2,13,20,12,5,26,10,15,16,17,18,22,22,10,16,18,25,21,3,3,9,11,3,15,26,11,20,10,11,16,1,26,12,17,4,18,3,22,12,2,4,6,25,9,13,22,1,7,14,7,25,16,12,24,20,8,1,26,4,15,2,24,22,12,23,25,10,7,9,18,7,17,19,14,12,10,2,15,2,21,1,2,26,26,22,21,13,20,16,7,24,25,13,1,3,21,9,14,1,11,26,21,3,12,20,18,18,12,24,25,17,18,2,16,6,17,1,9,2,7,1",5000,100
29,74,322766.30555069365,25.87807095231439,"19,5,1,15,20,12,10,8,21,11,7,17,5,18,23,16,13,22,3,15,6,9,8,2,6,10,26,4,24,21,24,13,20,25,14,25,2,14,16,10,14,23,4,22,9,1,14,4,19,9,21,25,4,22,2,13,20,12,5,26,10,15,16,17,18,22,22,10,16,18,25,21,3,3,9,11,3,15,26,11,20,10,11,16,1,26,12,17,4,18,3,22,12,2,4,6,25,9,13,22,1,7,14,7,25,16,12,24,20,8,1,26,4,15,2,24,22,12,23,25,10,7,9,18,7,17,19,14,12,10,2,15,2,21,1,2,26,26,22,21,13,20,16,7,24,25,13,1,3,21,9,14,1,11,26,21,3,12,20,18,18,12,24,25,17,18,2,16,6,17,1,9,2,7,1",5000,100
29,75,322766.30555069365,25.87807095231439,"19,5,1,15,20,12,10,8,21,11,7,17,5,18,23,16,13,22,3,15,6,9,8,2,6,10,26,4,24,21,24,13,20,25,14,25,2,14,16,10,14,23,4,22,9,1,14,4,19,9,21,25,4,22,2,13,20,12,5,26,10,15,16,17,18,22,22,10,16,18,25,21,3,3,9,11,3,15,26,11,20,10,11,16,1,26,12,17,4,18,3,22,12,2,4,6,25,9,13,22,1,7,14,7,25,16,12,24,20,8,1,26,4,15,2,24,22,12,23,25,10,7,9,18,7,17,19,14,12,10,2,15,2,21,1,2,26,26,22,21,13,20,16,7,24,25,13,1,3,21,9,14,1,11,26,21,3,12,20,18,18,12,24,25,17,18,2,16,6,17,1,9,2,7,1",5000,100
29,76,322766.30555069365,25.87807095231439,"19,5,1,15,20,12,10,8,21,11,7,17,5,18,23,16,13,22,3,15,6,9,8,2,6,10,26,4,24,21,24,13,20,25,14,25,2,14,16,10,14,23,4,22,9,1,14,4,19,9,21,25,4,22,2,13,20,12,5,26,10,15,16,17,18,22,22,10,16,18,25,21,3,3,9,11,3,15,26,11,20,10,11,16,1,26,12,17,4,18,3,22,12,2,4,6,25,9,13,22,1,7,14,7,25,16,12,24,20,8,1,26,4,15,2,24,22,12,23,25,10,7,9,18,7,17,19,14,12,10,2,15,2,21,1,2,26,26,22,21,13,20,16,7,24,25,13,1,3,21,9,14,1,11,26,21,3,12,20,18,18,12,24,25,17,18,2,16,6,17,1,9,2,7,1",5000,100
29,77,322766.30555069365,25.87807095231439,"19,5,1,15,20,12,10,8,21,11,7,17,5,18,23,16,13,22,3,15,6,9,8,2,6,10,26,4,24,21,24,13,20,25,14,25,2,14,16,10,14,23,4,22,9,1,14,4,19,9,21,25,4,22,2,13,20,12,5,26,10,15,16,17,18,22,22,10,16,18,25,21,3,3,9,11,3,15,26,11,20,10,11,16,1,26,12,17,4,18,3,22,12,2,4,6,25,9,13,22,1,7,14,7,25,16,12,24,20,8,1,26,4,15,2,24,22,12,23,25,10,7,9,18,7,17,19,14,12,10,2,15,2,21,1,2,26,26,22,21,13,20,16,7,24,25,13,1,3,21,9,14,1,11,26,21,3,12,20,18,18,12,24,25,17,18,2,16,6,17,1,9,2,7,1",5000,100
29,78,322766.30555069365,25.87807095231439,"19,5,1,15,20,12,10,8,21,11,7,17,5,18,23,16,13,22,3,15,6,9,8,2,6,10,26,4,24,21,24,13,20,25,14,25,2,14,16,10,14,23,4,22,9,1,14,4,19,9,21,25,4,22,2,13,20,12,5,26,10,15,16,17,18,22,22,10,16,18,25,21,3,3,9,11,3,15,26,11,20,10,11,16,1,26,12,17,4,18,3,22,12,2,4,6,25,9,13,22,1,7,14,7,25,16,12,24,20,8,1,26,4,15,2,24,22,12,23,25,10,7,9,18,7,17,19,14,12,10,2,15,2,21,1,2,26,26,22,21,13,20,16,7,24,25,13,1,3,21,9,14,1,11,26,21,3,12,20,18,18,12,24,25,17,18,2,16,6,17,1,9,2,7,1",5000,100
29,79,322766.30555069365,25.87807095231439,"19,5,1,15,20,12,10,8,21,11,7,17,5,18,23,16,13,22,3,15,6,9,8,2,6,10,26,4,24,21,24,13,20,25,14,25,2,14,16,10,14,23,4,22,9,1,14,4,19,9,21,25,4,22,2,13,20,12,5,26,10,15,16,17,18,22,22,10,16,18,25,21,3,3,9,11,3,15,26,11,20,10,11,16,1,26,12,17,4,18,3,22,12,2,4,6,25,9,13,22,1,7,14,7,25,16,12,24,20,8,1,26,4,15,2,24,22,12,23,25,10,7,9,18,7,17,19,14,12,10,2,15,2,21,1,2,26,26,22,21,13,20,16,7,24,25,13,1,3,21,9,14,1,11,26,21,3,12,20,18,18,12,24,25,17,18,2,16,6,17,1,9,2,7,1",5000,100
29,80,322766.30555069365,25.87807095231439,"19,5,1,15,20,12,10,8,21,11,7,17,5,18,23,16,13,22,3,15,6,9,8,2,6,10,26,4,24,21,24,13,20,25,14,25,2,14,16,10,14,23,4,22,9,1,14,4,19,9,21,25,4,22,2,13,20,12,5,26,10,15,16,17,18,22,22,10,16,18,25,21,3,3,9,11,3,15,26,11,20,10,11,16,1,26,12,17,4,18,3,22,12,2,4,6,25,9,13,22,1,7,14,7,25,16,12,24,20,8,1,26,4,15,2,24,22,12,23,25,10,7,9,18,7,17,19,14,12,10,2,15,2,21,1,2,26,26,22,21,13,20,16,7,24,25,13,1,3,21,9,14,1,11,26,21,3,12,20,18,18,12,24,25,17,18,2,16,6,17,1,9,2,7,1",5000,100
29,81,322766.30555069365,25.87807095231439,"19,5,1,15,20,12,10,8,21,11,7,17,5,18,23,16,13,22,3,15,6,9,8,2,6,10,26,4,24,21,24,13,20,25,14,25,2,14,16,10,14,23,4,22,9,1,14,4,19,9,21,25,4,22,2,13,20,12,5,26,10,15,16,17,18,22,22,10,16,18,25,21,3,3,9,11,3,15,26,11,20,10,11,16,1,26,12,17,4,18,3,22,12,2,4,6,25,9,13,22,1,7,14,7,25,16,12,24,20,8,1,26,4,15,2,24,22,12,23,25,10,7,9,18,7,17,19,14,12,10,2,15,2,21,1,2,26,26,22,21,13,20,16,7,24,25,13,1,3,21,9,14,1,11,26,21,3,12,20,18,18,12,24,25,17,18,2,16,6,17,1,9,2,7,1",5000,100
29,82,322766.30555069365,25.87807095231439,"19,5,1,15,20,12,10,8,21,11,7,17,5,18,23,16,13,22,3,15,6,9,8,2,6,10,26,4,24,21,24,13,20,25,14,25,2,14,16,10,14,23,4,22,9,1,14,4,19,9,21,25,4,22,2,13,20,12,5,26,10,15,16,17,18,22,22,10,16,18,25,21,3,3,9,11,3,15,26,11,20,10,11,16,1,26,12,17,4,18,3,22,12,2,4,6,25,9,13,22,1,7,14,7,25,16,12,24,20,8,1,26,4,15,2,24,22,12,23,25,10,7,9,18,7,17,19,14,12,10,2,15,2,21,1,2,26,26,22,21,13,20,16,7,24,25,13,1,3,21,9,14,1,11,26,21,3,12,20,18,18,12,24,25,17,18,2,16,6,17,1,9,2,7,1",5000,100
29,83,322766.30555069365,25.87807095231439,"19,5,1,15,20,12,10,8,21,11,7,17,5,18,23,16,13,22,3,15,6,9,8,2,6,10,26,4,24,21,24,13,20,25,14,25,2,14,16,10,14,23,4,22,9,1,14,4,19,9,21,25,4,22,2,13,20,12,5,26,10,15,16,17,18,22,22,10,16,18,25,21,3,3,9,11,3,15,26,11,20,10,11,16,1,26,12,17,4,18,3,22,12,2,4,6,25,9,13,22,1,7,14,7,25,16,12,24,20,8,1,26,4,15,2,24,22,12,23,25,10,7,9,18,7,17,19,14,12,10,2,15,2,21,1,2,26,26,22,21,13,20,16,7,24,25,13,1,3,21,9,14,1,11,26,21,3,12,20,18,18,12,24,25,17,18,2,16,6,17,1,9,2,7,1",5000,100
29,84,322766.30555069365,25.87807095231439,"19,5,1,15,20,12,10,8,21,11,7,17,5,18,23,16,13,22,3,15,6,9,8,2,6,10,26,4,24,21,24,13,20,25,14,25,2,14,16,10,14,23,4,22,9,1,14,4,19,9,21,25,4,22,2,13,20,12,5,26,10,15,16,17,18,22,22,10,16,18,25,21,3,3,9,11,3,15,26,11,20,10,11,16,1,26,12,17,4,18,3,22,12,2,4,6,25,9,13,22,1,7,14,7,25,16,12,24,20,8,1,26,4,15,2,24,22,12,23,25,10,7,9,18,7,17,19,14,12,10,2,15,2,21,1,2,26,26,22,21,13,20,16,7,24,25,13,1,3,21,9,14,1,11,26,21,3,12,20,18,18,12,24,25,17,18,2,16,6,17,1,9,2,7,1",5000,100
29,85,322766.30555069365,25.87807095231439,"19,5,1,15,20,12,10,8,21,11,7,17,5,18,23,16,13,22,3,15,6,9,8,2,6,10,26,4,24,21,24,13,20,25,14,25,2,14,16,10,14,23,4,22,9,1,14,4,19,9,21,25,4,22,2,13,20,12,5,26,10,15,16,17,18,22,22,10,16,18,25,21,3,3,9,11,3,15,26,11,20,10,11,16,1,26,12,17,4,18,3,22,12,2,4,6,25,9,13,22,1,7,14,7,25,16,12,24,20,8,1,26,4,15,2,24,22,12,23,25,10,7,9,18,7,17,19,14,12,10,2,15,2,21,1,2,26,26,22,21,13,20,16,7,24,25,13,1,3,21,9,14,1,11,26,21,3,12,20,18,18,12,24,25,17,18,2,16,6,17,1,9,2,7,1",5000,100
29,86,322766.30555069365,25.87807095231439,"19,5,1,15,20,12,10,8,21,11,7,17,5,18,23,16,13,22,3,15,6,9,8,2,6,10,26,4,24,21,24,13,20,25,14,25,2,14,16,10,14,23,4,22,9,1,14,4,19,9,21,25,4,22,2,13,20,12,5,26,10,15,16,17,18,22,22,10,16,18,25,21,3,3,9,11,3,15,26,11,20,10,11,16,1,26,12,17,4,18,3,22,12,2,4,6,25,9,13,22,1,7,14,7,25,16,12,24,20,8,1,26,4,15,2,24,22,12,23,25,10,7,9,18,7,17,19,14,12,10,2,15,2,21,1,2,26,26,22,21,13,20,16,7,24,25,13,1,3,21,9,14,1,11,26,21,3,12,20,18,18,12,24,25,17,18,2,16,6,17,1,9,2,7,1",5000,100
29,87,322766.30555069365,25.87807095231439,"19,5,1,15,20,12,10,8,21,11,7,17,5,18,23,16,13,22,3,15,6,9,8,2,6,10,26,4,24,21,24,13,20,25,14,25,2,14,16,10,14,23,4,22,9,1,14,4,19,9,21,25,4,22,2,13,20,12,5,26,10,15,16,17,18,22,22,10,16,18,25,21,3,3,9,11,3,15,26,11,20,10,11,16,1,26,12,17,4,18,3,22,12,2,4,6,25,9,13,22,1,7,14,7,25,16,12,24,20,8,1,26,4,15,2,24,22,12,23,25,10,7,9,18,7,17,19,14,12,10,2,15,2,21,1,2,26,26,22,21,13,20,16,7,24,25,13,1,3,21,9,14,1,11,26,21,3,12,20,18,18,12,24,25,17,18,2,16,6,17,1,9,2,7,1",5000,100
29,88,322766.30555069365,25.87807095231439,"19,5,1,15,20,12,10,8,21,11,7,17,5,18,23,16,13,22,3,15,6,9,8,2,6,10,26,4,24,21,24,13,20,25,14,25,2,14,16,10,14,23,4,22,9,1,14,4,19,9,21,25,4,22,2,13,20,12,5,26,10,15,16,17,18,22,22,10,16,18,25,21,3,3,9,11,3,15,26,11,20,10,11,16,1,26,12,17,4,18,3,22,12,2,4,6,25,9,13,22,1,7,14,7,25,16,12,24,20,8,1,26,4,15,2,24,22,12,23,25,10,7,9,18,7,17,19,14,12,10,2,15,2,21,1,2,26,26,22,21,13,20,16,7,24,25,13,1,3,21,9,14,1,11,26,21,3,12,20,18,18,12,24,25,17,18,2,16,6,17,1,9,2,7,1",5000,100
29,89,322766.30555069365,25.87807095231439,"19,5,1,15,20,12,10,8,21,11,7,17,5,18,23,16,13,22,3,15,6,9,8,2,6,10,26,4,24,21,24,13,20,25,14,25,2,14,16,10,14,23,4,22,9,1,14,4,19,9,21,25,4,22,2,13,20,12,5,26,10,15,16,17,18,22,22,10,16,18,25,21,3,3,9,11,3,15,26,11,20,10,11,16,1,26,12,17,4,18,3,22,12,2,4,6,25,9,13,22,1,7,14,7,25,16,12,24,20,8,1,26,4,15,2,24,22,12,23,25,10,7,9,18,7,17,19,14,12,10,2,15,2,21,1,2,26,26,22,21,13,20,16,7,24,25,13,1,3,21,9,14,1,11,26,21,3,12,20,18,18,12,24,25,17,18,2,16,6,17,1,9,2,7,1",5000,100
29,90,322766.30555069365,25.87807095231439,"19,5,1,15,20,12,10,8,21,11,7,17,5,18,23,16,13,22,3,15,6,9,8,2,6,10,26,4,24,21,24,13,20,25,14,25,2,14,16,10,14,23,4,22,9,1,14,4,19,9,21,25,4,22,2,13,20,12,5,26,10,15,16,17,18,22,22,10,16,18,25,21,3,3,9,11,3,15,26,11,20,10,11,16,1,26,12,17,4,18,3,22,12,2,4,6,25,9,13,22,1,7,14,7,25,16,12,24,20,8,1,26,4,15,2,24,22,12,23,25,10,7,9,18,7,17,19,14,12,10,2,15,2,21,1,2,26,26,22,21,13,20,16,7,24,25,13,1,3,21,9,14,1,11,26,21,3,12,20,18,18,12,24,25,17,18,2,16,6,17,1,9,2,7,1",5000,100
29,91,322766.30555069365,25.87807095231439,"19,5,1,15,20,12,10,8,21,11,7,17,5,18,23,16,13,22,3,15,6,9,8,2,6,10,26,4,24,21,24,13,20,25,14,25,2,14,16,10,14,23,4,22,9,1,14,4,19,9,21,25,4,22,2,13,20,12,5,26,10,15,16,17,18,22,22,10,16,18,25,21,3,3,9,11,3,15,26,11,20,10,11,16,1,26,12,17,4,18,3,22,12,2,4,6,25,9,13,22,1,7,14,7,25,16,12,24,20,8,1,26,4,15,2,24,22,12,23,25,10,7,9,18,7,17,19,14,12,10,2,15,2,21,1,2,26,26,22,21,13,20,16,7,24,25,13,1,3,21,9,14,1,11,26,21,3,12,20,18,18,12,24,25,17,18,2,16,6,17,1,9,2,7,1",5000,100
29,92,322766.30555069365,25.87807095231439,"19,5,1,15,20,12,10,8,21,11,7,17,5,18,23,16,13,22,3,15,6,9,8,2,6,10,26,4,24,21,24,13,20,25,14,25,2,14,16,10,14,23,4,22,9,1,14,4,19,9,21,25,4,22,2,13,20,12,5,26,10,15,16,17,18,22,22,10,16,18,25,21,3,3,9,11,3,15,26,11,20,10,11,16,1,26,12,17,4,18,3,22,12,2,4,6,25,9,13,22,1,7,14,7,25,16,12,24,20,8,1,26,4,15,2,24,22,12,23,25,10,7,9,18,7,17,19,14,12,10,2,15,2,21,1,2,26,26,22,21,13,20,16,7,24,25,13,1,3,21,9,14,1,11,26,21,3,12,20,18,18,12,24,25,17,18,2,16,6,17,1,9,2,7,1",5000,100
29,93,322766.30555069365,25.87807095231439,"19,5,1,15,20,12,10,8,21,11,7,17,5,18,23,16,13,22,3,15,6,9,8,2,6,10,26,4,24,21,24,13,20,25,14,25,2,14,16,10,14,23,4,22,9,1,14,4,19,9,21,25,4,22,2,13,20,12,5,26,10,15,16,17,18,22,22,10,16,18,25,21,3,3,9,11,3,15,26,11,20,10,11,16,1,26,12,17,4,18,3,22,12,2,4,6,25,9,13,22,1,7,14,7,25,16,12,24,20,8,1,26,4,15,2,24,22,12,23,25,10,7,9,18,7,17,19,14,12,10,2,15,2,21,1,2,26,26,22,21,13,20,16,7,24,25,13,1,3,21,9,14,1,11,26,21,3,12,20,18,18,12,24,25,17,18,2,16,6,17,1,9,2,7,1",5000,100
29,94,322766.30555069365,25.87807095231439,"19,5,1,15,20,12,10,8,21,11,7,17,5,18,23,16,13,22,3,15,6,9,8,2,6,10,26,4,24,21,24,13,20,25,14,25,2,14,16,10,14,23,4,22,9,1,14,4,19,9,21,25,4,22,2,13,20,12,5,26,10,15,16,17,18,22,22,10,16,18,25,21,3,3,9,11,3,15,26,11,20,10,11,16,1,26,12,17,4,18,3,22,12,2,4,6,25,9,13,22,1,7,14,7,25,16,12,24,20,8,1,26,4,15,2,24,22,12,23,25,10,7,9,18,7,17,19,14,12,10,2,15,2,21,1,2,26,26,22,21,13,20,16,7,24,25,13,1,3,21,9,14,1,11,26,21,3,12,20,18,18,12,24,25,17,18,2,16,6,17,1,9,2,7,1",5000,100
29,95,322766.30555069365,25.87807095231439,"19,5,1,15,20,12,10,8,21,11,7,17,5,18,23,16,13,22,3,15,6,9,8,2,6,10,26,4,24,21,24,13,20,25,14,25,2,14,16,10,14,23,4,22,9,1,14,4,19,9,21,25,4,22,2,13,20,12,5,26,10,15,16,17,18,22,22,10,16,18,25,21,3,3,9,11,3,15,26,11,20,10,11,16,1,26,12,17,4,18,3,22,12,2,4,6,25,9,13,22,1,7,14,7,25,16,12,24,20,8,1,26,4,15,2,24,22,12,23,25,10,7,9,18,7,17,19,14,12,10,2,15,2,21,1,2,26,26,22,21,13,20,16,7,24,25,13,1,3,21,9,14,1,11,26,21,3,12,20,18,18,12,24,25,17,18,2,16,6,17,1,9,2,7,1",5000,100
29,96,322766.30555069365,25.87807095231439,"19,5,1,15,20,12,10,8,21,11,7,17,5,18,23,16,13,22,3,15,6,9,8,2,6,10,26,4,24,21,24,13,20,25,14,25,2,14,16,10,14,23,4,22,9,1,14,4,19,9,21,25,4,22,2,13,20,12,5,26,10,15,16,17,18,22,22,10,16,18,25,21,3,3,9,11,3,15,26,11,20,10,11,16,1,26,12,17,4,18,3,22,12,2,4,6,25,9,13,22,1,7,14,7,25,16,12,24,20,8,1,26,4,15,2,24,22,12,23,25,10,7,9,18,7,17,19,14,12,10,2,15,2,21,1,2,26,26,22,21,13,20,16,7,24,25,13,1,3,21,9,14,1,11,26,21,3,12,20,18,18,12,24,25,17,18,2,16,6,17,1,9,2,7,1",5000,100
29,97,322766.30555069365,25.87807095231439,"19,5,1,15,20,12,10,8,21,11,7,17,5,18,23,16,13,22,3,15,6,9,8,2,6,10,26,4,24,21,24,13,20,25,14,25,2,14,16,10,14,23,4,22,9,1,14,4,19,9,21,25,4,22,2,13,20,12,5,26,10,15,16,17,18,22,22,10,16,18,25,21,3,3,9,11,3,15,26,11,20,10,11,16,1,26,12,17,4,18,3,22,12,2,4,6,25,9,13,22,1,7,14,7,25,16,12,24,20,8,1,26,4,15,2,24,22,12,23,25,10,7,9,18,7,17,19,14,12,10,2,15,2,21,1,2,26,26,22,21,13,20,16,7,24,25,13,1,3,21,9,14,1,11,26,21,3,12,20,18,18,12,24,25,17,18,2,16,6,17,1,9,2,7,1",5000,100
29,98,322766.30555069365,25.87807095231439,"19,5,1,15,20,12,10,8,21,11,7,17,5,18,23,16,13,22,3,15,6,9,8,2,6,10,26,4,24,21,24,13,20,25,14,25,2,14,16,10,14,23,4,22,9,1,14,4,19,9,21,25,4,22,2,13,20,12,5,26,10,15,16,17,18,22,22,10,16,18,25,21,3,3,9,11,3,15,26,11,20,10,11,16,1,26,12,17,4,18,3,22,12,2,4,6,25,9,13,22,1,7,14,7,25,16,12,24,20,8,1,26,4,15,2,24,22,12,23,25,10,7,9,18,7,17,19,14,12,10,2,15,2,21,1,2,26,26,22,21,13,20,16,7,24,25,13,1,3,21,9,14,1,11,26,21,3,12,20,18,18,12,24,25,17,18,2,16,6,17,1,9,2,7,1",5000,100
29,99,323039.3240436587,25.824510168516014,"19,5,1,15,20,12,10,8,21,11,7,17,5,18,23,16,13,22,3,15,6,9,8,2,6,10,26,4,24,21,24,13,20,25,14,25,2,14,16,10,14,23,4,22,9,1,14,4,19,9,21,25,4,22,2,13,20,12,5,26,10,15,16,17,18,22,22,10,16,18,25,21,3,3,9,11,3,15,26,11,20,10,11,16,1,26,12,17,4,18,3,22,12,2,4,6,25,9,13,22,1,7,14,7,25,16,12,24,20,8,1,26,4,15,2,24,22,12,23,25,10,7,9,18,7,17,19,14,12,10,2,15,2,21,1,2,26,26,22,11,13,20,16,7,24,25,13,1,3,21,9,14,1,11,26,21,3,12,20,18,18,12,24,25,17,18,2,16,6,17,1,9,2,7,1",5000,100
30,0,293768.6261035238,23.259025098243264,"17,9,5,6,23,3,8,7,18,20,12,4,26,4,21,14,1,11,10,19,25,24,22,2,15,23,14,11,25,19,12,22,3,13,16,7,15,5,21,8,25,18,6,1,25,15,15,1,11,18,5,26,16,1,1,13,9,22,26,18,17,23,1,1,12,18,1,10,25,19,10,6,10,24,20,14,1,22,9,1,18,18,6,26,13,26,17,9,11,22,22,5,6,26,9,9,8,1,21,5,8,5,6,18,13,26,18,17,15,16,20,20,18,24,12,21,3,20,24,26,20,17,7,10,8,9,22,9,11,8,15,24,16,7,17,13,23,13,5,8,15,26,21,21,18,18,13,5,9,14,11,17,13,16,1,8,5,7,23,24,8,21,21,21,14,2,16,10,16,8,13,26,4,2,26",5000,100
30,1,294957.57490997517,22.91249110246876,"17,9,5,6,23,3,8,7,18,20,12,4,26,4,21,14,1,11,10,19,25,24,22,2,15,23,14,11,25,19,12,22,3,13,16,7,15,5,21,8,25,18,6,1,25,15,15,1,11,18,5,26,16,1,1,13,9,22,26,18,17,23,2,1,12,18,1,10,25,19,10,6,10,24,20,14,1,22,9,1,18,18,6,26,13,26,17,9,11,22,22,5,6,26,9,9,8,1,21,5,12,5,6,18,13,26,18,17,15,16,20,20,18,24,12,21,3,20,24,26,20,17,7,10,8,9,22,9,11,8,15,24,16,7,17,13,23,13,5,8,15,26,21,21,18,18,13,5,9,14,11,17,13,16,1,8,5,25,23,24,8,21,21,21,14,2,16,10,16,8,13,26,4,2,26",5000,100
30,2,294957.57490997517,22.91249110246876,"17,9,5,6,23,3,8,7,18,20,12,4,26,4,21,14,1,11,10,19,25,24,22,2,15,23,14,11,25,19,12,22,3,13,16,7,15,5,21,8,25,18,6,1,25,15,15,1,11,18,5,26,16,1,1,13,9,22,26,18,17,23,2,1,12,18,1,10,25,19,10,6,10,24,20,14,1,22,9,1,18,18,6,26,13,26,17,9,11,22,22,5,6,26,9,9,8,1,21,5,12,5,6,18,13,26,18,17,15,16,20,20,18,24,12,21,3,20,24,26,20,17,7,10,8,9,22,9,11,8,15,24,16,7,17,13,23,13,5,8,15,26,21,21,18,18,13,5,9,14,11,17,13,16,1,8,5,25,23,24,8,21,21,21,14,2,16,10,16,8,13,26,4,2,26",5000,100
30,3,294957.57490997517,22.91249110246876,"17,9,5,6,23,3,8,7,18,20,12,4,26,4,21,14,1,11,10,19,25,24,22,2,15,23,14,11,25,19,12,22,3,13,16,7,15,5,21,8,25,18,6,1,25,15,15,1,11,18,5,26,16,1,1,13,9,22,26,18,17,23,2,1,12,18,1,10,25,19,10,6,10,24,20,14,1,22,9,1,18,18,6,26,13,26,17,9,11,22,22,5,6,26,9,9,8,1,21,5,12,5,6,18,13,26,18,17,15,16,20,20,18,24,12,21,3,20,24,26,20,17,7,10,8,9,22,9,11,8,15,24,16,7,17,13,23,13,5,8,15,26,21,21,18,18,13,5,9,14,11,17,13,16,1,8,5,25,23,24,8,21,21,21,14,2,16,10,16,8,13,26,4,2,26",5000,100
30,4,294957.57490997517,22.91249110246876,"17,9,5,6,23,3,8,7,18,20,12,4,26,4,21,14,1,11,10,19,25,24,22,2,15,23,14,11,25,19,12,22,3,13,16,7,15,5,21,8,25,18,6,1,25,15,15,1,11,18,5,26,16,1,1,13,9,22,26,18,17,23,2,1,12,18,1,10,25,19,10,6,10,24,20,14,1,22,9,1,18,18,6,26,13,26,17,9,11,22,22,5,6,26,9,9,8,1,21,5,12,5,6,18,13,26,18,17,15,16,20,20,18,24,12,21,3,20,24,26,20,17,7,10,8,9,22,9,11,8,15,24,16,7,17,13,23,13,5,8,15,26,21,21,18,18,13,5,9,14,11,17,13,16,1,8,5,25,23,24,8,21,21,21,14,2,16,10,16,8,13,26,4,2,26",5000,100
30,5,294957.57490997517,22.91249110246876,"17,9,5,6,23,3,8,7,18,20,12,4,26,4,21,14,1,11,10,19,25,24,22,2,15,23,14,11,25,19,12,22,3,13,16,7,15,5,21,8,25,18,6,1,25,15,15,1,11,18,5,26,16,1,1,13,9,22,26,18,17,23,2,1,12,18,1,10,25,19,10,6,10,24,20,14,1,22,9,1,18,18,6,26,13,26,17,9,11,22,22,5,6,26,9,9,8,1,21,5,12,5,6,18,13,26,18,17,15,16,20,20,18,24,12,21,3,20,24,26,20,17,7,10,8,9,22,9,11,8,15,24,16,7,17,13,23,13,5,8,15,26,21,21,18,18,13,5,9,14,11,17,13,16,1,8,5,25,23,24,8,21,21,21,14,2,16,10,16,8,13,26,4,2,26",5000,100
30,6,294957.57490997517,22.91249110246876,"17,9,5,6,23,3,8,7,18,20,12,4,26,4,21,14,1,11,10,19,25,24,22,2,15,23,14,11,25,19,12,22,3,13,16,7,15,5,21,8,25,18,6,1,25,15,15,1,11,18,5,26,16,1,1,13,9,22,26,18,17,23,2,1,12,18,1,10,25,19,10,6,10,24,20,14,1,22,9,1,18,18,6,26,13,26,17,9,11,22,22,5,6,26,9,9,8,1,21,5,12,5,6,18,13,26,18,17,15,16,20,20,18,24,12,21,3,20,24,26,20,17,7,10,8,9,22,9,11,8,15,24,16,7,17,13,23,13,5,8,15,26,21,21,18,18,13,5,9,14,11,17,13,16,1,8,5,25,23,24,8,21,21,21,14,2,16,10,16,8,13,26,4,2,26",5000,100
30,7,294957.57490997517,22.91249110246876,"17,9,5,6,23,3,8,7,18,20,12,4,26,4,21,14,1,11,10,19,25,24,22,2,15,23,14,11,25,19,12,22,3,13,16,7,15,5,21,8,25,18,6,1,25,15,15,1,11,18,5,26,16,1,1,13,9,22,26,18,17,23,2,1,12,18,1,10,25,19,10,6,10,24,20,14,1,22,9,1,18,18,6,26,13,26,17,9,11,22,22,5,6,26,9,9,8,1,21,5,12,5,6,18,13,26,18,17,15,16,20,20,18,24,12,21,3,20,24,26,20,17,7,10,8,9,22,9,11,8,15,24,16,7,17,13,23,13,5,8,15,26,21,21,18,18,13,5,9,14,11,17,13,16,1,8,5,25,23,24,8,21,21,21,14,2,16,10,16,8,13,26,4,2,26",5000,100
30,8,294957.57490997517,22.91249110246876,"17,9,5,6,23,3,8,7,18,20,12,4,26,4,21,14,1,11,10,19,25,24,22,2,15,23,14,11,25,19,12,22,3,13,16,7,15,5,21,8,25,18,6,1,25,15,15,1,11,18,5,26,16,1,1,13,9,22,26,18,17,23,2,1,12,18,1,10,25,19,10,6,10,24,20,14,1,22,9,1,18,18,6,26,13,26,17,9,11,22,22,5,6,26,9,9,8,1,21,5,12,5,6,18,13,26,18,17,15,16,20,20,18,24,12,21,3,20,24,26,20,17,7,10,8,9,22,9,11,8,15,24,16,7,17,13,23,13,5,8,15,26,21,21,18,18,13,5,9,14,11,17,13,16,1,8,5,25,23,24,8,21,21,21,14,2,16,10,16,8,13,26,4,2,26",5000,100
30,9,294957.57490997517,22.91249110246876,"17,9,5,6,23,3,8,7,18,20,12,4,26,4,21,14,1,11,10,19,25,24,22,2,15,23,14,11,25,19,12,22,3,13,16,7,15,5,21,8,25,18,6,1,25,15,15,1,11,18,5,26,16,1,1,13,9,22,26,18,17,23,2,1,12,18,1,10,25,19,10,6,10,24,20,14,1,22,9,1,18,18,6,26,13,26,17,9,11,22,22,5,6,26,9,9,8,1,21,5,12,5,6,18,13,26,18,17,15,16,20,20,18,24,12,21,3,20,24,26,20,17,7,10,8,9,22,9,11,8,15,24,16,7,17,13,23,13,5,8,15,26,21,21,18,18,13,5,9,14,11,17,13,16,1,8,5,25,23,24,8,21,21,21,14,2,16,10,16,8,13,26,4,2,26",5000,100
30,10,294957.57490997517,22.91249110246876,"17,9,5,6,23,3,8,7,18,20,12,4,26,4,21,14,1,11,10,19,25,24,22,2,15,23,14,11,25,19,12,22,3,13,16,7,15,5,21,8,25,18,6,1,25,15,15,1,11,18,5,26,16,1,1,13,9,22,26,18,17,23,2,1,12,18,1,10,25,19,10,6,10,24,20,14,1,22,9,1,18,18,6,26,13,26,17,9,11,22,22,5,6,26,9,9,8,1,21,5,12,5,6,18,13,26,18,17,15,16,20,20,18,24,12,21,3,20,24,26,20,17,7,10,8,9,22,9,11,8,15,24,16,7,17,13,23,13,5,8,15,26,21,21,18,18,13,5,9,14,11,17,13,16,1,8,5,25,23,24,8,21,21,21,14,2,16,10,16,8,13,26,4,2,26",5000,100
30,11,294957.57490997517,22.91249110246876,"17,9,5,6,23,3,8,7,18,20,12,4,26,4,21,14,1,11,10,19,25,24,22,2,15,23,14,11,25,19,12,22,3,13,16,7,15,5,21,8,25,18,6,1,25,15,15,1,11,18,5,26,16,1,1,13,9,22,26,18,17,23,2,1,12,18,1,10,25,19,10,6,10,24,20,14,1,22,9,1,18,18,6,26,13,26,17,9,11,22,22,5,6,26,9,9,8,1,21,5,12,5,6,18,13,26,18,17,15,16,20,20,18,24,12,21,3,20,24,26,20,17,7,10,8,9,22,9,11,8,15,24,16,7,17,13,23,13,5,8,15,26,21,21,18,18,13,5,9,14,11,17,13,16,1,8,5,25,23,24,8,21,21,21,14,2,16,10,16,8,13,26,4,2,26",5000,100
30,12,294957.57490997517,22.91249110246876,"17,9,5,6,23,3,8,7,18,20,12,4,26,4,21,14,1,11,10,19,25,24,22,2,15,23,14,11,25,19,12,22,3,13,16,7,15,5,21,8,25,18,6,1,25,15,15,1,11,18,5,26,16,1,1,13,9,22,26,18,17,23,2,1,12,18,1,10,25,19,10,6,10,24,20,14,1,22,9,1,18,18,6,26,13,26,17,9,11,22,22,5,6,26,9,9,8,1,21,5,12,5,6,18,13,26,18,17,15,16,20,20,18,24,12,21,3,20,24,26,20,17,7,10,8,9,22,9,11,8,15,24,16,7,17,13,23,13,5,8,15,26,21,21,18,18,13,5,9,14,11,17,13,16,1,8,5,25,23,24,8,21,21,21,14,2,16,10,16,8,13,26,4,2,26",5000,100
30,13,294957.57490997517,22.91249110246876,"17,9,5,6,23,3,8,7,18,20,12,4,26,4,21,14,1,11,10,19,25,24,22,2,15,23,14,11,25,19,12,22,3,13,16,7,15,5,21,8,25,18,6,1,25,15,15,1,11,18,5,26,16,1,1,13,9,22,26,18,17,23,2,1,12,18,1,10,25,19,10,6,10,24,20,14,1,22,9,1,18,18,6,26,13,26,17,9,11,22,22,5,6,26,9,9,8,1,21,5,12,5,6,18,13,26,18,17,15,16,20,20,18,24,12,21,3,20,24,26,20,17,7,10,8,9,22,9,11,8,15,24,16,7,17,13,23,13,5,8,15,26,21,21,18,18,13,5,9,14,11,17,13,16,1,8,5,25,23,24,8,21,21,21,14,2,16,10,16,8,13,26,4,2,26",5000,100
30,14,294957.57490997517,22.91249110246876,"17,9,5,6,23,3,8,7,18,20,12,4,26,4,21,14,1,11,10,19,25,24,22,2,15,23,14,11,25,19,12,22,3,13,16,7,15,5,21,8,25,18,6,1,25,15,15,1,11,18,5,26,16,1,1,13,9,22,26,18,17,23,2,1,12,18,1,10,25,19,10,6,10,24,20,14,1,22,9,1,18,18,6,26,13,26,17,9,11,22,22,5,6,26,9,9,8,1,21,5,12,5,6,18,13,26,18,17,15,16,20,20,18,24,12,21,3,20,24,26,20,17,7,10,8,9,22,9,11,8,15,24,16,7,17,13,23,13,5,8,15,26,21,21,18,18,13,5,9,14,11,17,13,16,1,8,5,25,23,24,8,21,21,21,14,2,16,10,16,8,13,26,4,2,26",5000,100
30,15,294957.57490997517,22.91249110246876,"17,9,5,6,23,3,8,7,18,20,12,4,26,4,21,14,1,11,10,19,25,24,22,2,15,23,14,11,25,19,12,22,3,13,16,7,15,5,21,8,25,18,6,1,25,15,15,1,11,18,5,26,16,1,1,13,9,22,26,18,17,23,2,1,12,18,1,10,25,19,10,6,10,24,20,14,1,22,9,1,18,18,6,26,13,26,17,9,11,22,22,5,6,26,9,9,8,1,21,5,12,5,6,18,13,26,18,17,15,16,20,20,18,24,12,21,3,20,24,26,20,17,7,10,8,9,22,9,11,8,15,24,16,7,17,13,23,13,5,8,15,26,21,21,18,18,13,5,9,14,11,17,13,16,1,8,5,25,23,24,8,21,21,21,14,2,16,10,16,8,13,26,4,2,26",5000,100
30,16,294957.57490997517,22.91249110246876,"17,9,5,6,23,3,8,7,18,20,12,4,26,4,21,14,1,11,10,19,25,24,22,2,15,23,14,11,25,19,12,22,3,13,16,7,15,5,21,8,25,18,6,1,25,15,15,1,11,18,5,26,16,1,1,13,9,22,26,18,17,23,2,1,12,18,1,10,25,19,10,6,10,24,20,14,1,22,9,1,18,18,6,26,13,26,17,9,11,22,22,5,6,26,9,9,8,1,21,5,12,5,6,18,13,26,18,17,15,16,20,20,18,24,12,21,3,20,24,26,20,17,7,10,8,9,22,9,11,8,15,24,16,7,17,13,23,13,5,8,15,26,21,21,18,18,13,5,9,14,11,17,13,16,1,8,5,25,23,24,8,21,21,21,14,2,16,10,16,8,13,26,4,2,26",5000,100
30,17,294957.57490997517,22.91249110246876,"17,9,5,6,23,3,8,7,18,20,12,4,26,4,21,14,1,11,10,19,25,24,22,2,15,23,14,11,25,19,12,22,3,13,16,7,15,5,21,8,25,18,6,1,25,15,15,1,11,18,5,26,16,1,1,13,9,22,26,18,17,23,2,1,12,18,1,10,25,19,10,6,10,24,20,14,1,22,9,1,18,18,6,26,13,26,17,9,11,22,22,5,6,26,9,9,8,1,21,5,12,5,6,18,13,26,18,17,15,16,20,20,18,24,12,21,3,20,24,26,20,17,7,10,8,9,22,9,11,8,15,24,16,7,17,13,23,13,5,8,15,26,21,21,18,18,13,5,9,14,11,17,13,16,1,8,5,25,23,24,8,21,21,21,14,2,16,10,16,8,13,26,4,2,26",5000,100
30,18,294957.57490997517,22.91249110246876,"17,9,5,6,23,3,8,7,18,20,12,4,26,4,21,14,1,11,10,19,25,24,22,2,15,23,14,11,25,19,12,22,3,13,16,7,15,5,21,8,25,18,6,1,25,15,15,1,11,18,5,26,16,1,1,13,9,22,26,18,17,23,2,1,12,18,1,10,25,19,10,6,10,24,20,14,1,22,9,1,18,18,6,26,13,26,17,9,11,22,22,5,6,26,9,9,8,1,21,5,12,5,6,18,13,26,18,17,15,16,20,20,18,24,12,21,3,20,24,26,20,17,7,10,8,9,22,9,11,8,15,24,16,7,17,13,23,13,5,8,15,26,21,21,18,18,13,5,9,14,11,17,13,16,1,8,5,25,23,24,8,21,21,21,14,2,16,10,16,8,13,26,4,2,26",5000,100
30,19,294957.57490997517,22.91249110246876,"17,9,5,6,23,3,8,7,18,20,12,4,26,4,21,14,1,11,10,19,25,24,22,2,15,23,14,11,25,19,12,22,3,13,16,7,15,5,21,8,25,18,6,1,25,15,15,1,11,18,5,26,16,1,1,13,9,22,26,18,17,23,2,1,12,18,1,10,25,19,10,6,10,24,20,14,1,22,9,1,18,18,6,26,13,26,17,9,11,22,22,5,6,26,9,9,8,1,21,5,12,5,6,18,13,26,18,17,15,16,20,20,18,24,12,21,3,20,24,26,20,17,7,10,8,9,22,9,11,8,15,24,16,7,17,13,23,13,5,8,15,26,21,21,18,18,13,5,9,14,11,17,13,16,1,8,5,25,23,24,8,21,21,21,14,2,16,10,16,8,13,26,4,2,26",5000,100
30,20,294957.57490997517,22.91249110246876,"17,9,5,6,23,3,8,7,18,20,12,4,26,4,21,14,1,11,10,19,25,24,22,2,15,23,14,11,25,19,12,22,3,13,16,7,15,5,21,8,25,18,6,1,25,15,15,1,11,18,5,26,16,1,1,13,9,22,26,18,17,23,2,1,12,18,1,10,25,19,10,6,10,24,20,14,1,22,9,1,18,18,6,26,13,26,17,9,11,22,22,5,6,26,9,9,8,1,21,5,12,5,6,18,13,26,18,17,15,16,20,20,18,24,12,21,3,20,24,26,20,17,7,10,8,9,22,9,11,8,15,24,16,7,17,13,23,13,5,8,15,26,21,21,18,18,13,5,9,14,11,17,13,16,1,8,5,25,23,24,8,21,21,21,14,2,16,10,16,8,13,26,4,2,26",5000,100
30,21,294957.57490997517,22.91249110246876,"17,9,5,6,23,3,8,7,18,20,12,4,26,4,21,14,1,11,10,19,25,24,22,2,15,23,14,11,25,19,12,22,3,13,16,7,15,5,21,8,25,18,6,1,25,15,15,1,11,18,5,26,16,1,1,13,9,22,26,18,17,23,2,1,12,18,1,10,25,19,10,6,10,24,20,14,1,22,9,1,18,18,6,26,13,26,17,9,11,22,22,5,6,26,9,9,8,1,21,5,12,5,6,18,13,26,18,17,15,16,20,20,18,24,12,21,3,20,24,26,20,17,7,10,8,9,22,9,11,8,15,24,16,7,17,13,23,13,5,8,15,26,21,21,18,18,13,5,9,14,11,17,13,16,1,8,5,25,23,24,8,21,21,21,14,2,16,10,16,8,13,26,4,2,26",5000,100
30,22,294957.57490997517,22.91249110246876,"17,9,5,6,23,3,8,7,18,20,12,4,26,4,21,14,1,11,10,19,25,24,22,2,15,23,14,11,25,19,12,22,3,13,16,7,15,5,21,8,25,18,6,1,25,15,15,1,11,18,5,26,16,1,1,13,9,22,26,18,17,23,2,1,12,18,1,10,25,19,10,6,10,24,20,14,1,22,9,1,18,18,6,26,13,26,17,9,11,22,22,5,6,26,9,9,8,1,21,5,12,5,6,18,13,26,18,17,15,16,20,20,18,24,12,21,3,20,24,26,20,17,7,10,8,9,22,9,11,8,15,24,16,7,17,13,23,13,5,8,15,26,21,21,18,18,13,5,9,14,11,17,13,16,1,8,5,25,23,24,8,21,21,21,14,2,16,10,16,8,13,26,4,2,26",5000,100
30,23,294957.57490997517,22.91249110246876,"17,9,5,6,23,3,8,7,18,20,12,4,26,4,21,14,1,11,10,19,25,24,22,2,15,23,14,11,25,19,12,22,3,13,16,7,15,5,21,8,25,18,6,1,25,15,15,1,11,18,5,26,16,1,1,13,9,22,26,18,17,23,2,1,12,18,1,10,25,19,10,6,10,24,20,14,1,22,9,1,18,18,6,26,13,26,17,9,11,22,22,5,6,26,9,9,8,1,21,5,12,5,6,18,13,26,18,17,15,16,20,20,18,24,12,21,3,20,24,26,20,17,7,10,8,9,22,9,11,8,15,24,16,7,17,13,23,13,5,8,15,26,21,21,18,18,13,5,9,14,11,17,13,16,1,8,5,25,23,24,8,21,21,21,14,2,16,10,16,8,13,26,4,2,26",5000,100
30,24,294957.57490997517,22.91249110246876,"17,9,5,6,23,3,8,7,18,20,12,4,26,4,21,14,1,11,10,19,25,24,22,2,15,23,14,11,25,19,12,22,3,13,16,7,15,5,21,8,25,18,6,1,25,15,15,1,11,18,5,26,16,1,1,13,9,22,26,18,17,23,2,1,12,18,1,10,25,19,10,6,10,24,20,14,1,22,9,1,18,18,6,26,13,26,17,9,11,22,22,5,6,26,9,9,8,1,21,5,12,5,6,18,13,26,18,17,15,16,20,20,18,24,12,21,3,20,24,26,20,17,7,10,8,9,22,9,11,8,15,24,16,7,17,13,23,13,5,8,15,26,21,21,18,18,13,5,9,14,11,17,13,16,1,8,5,25,23,24,8,21,21,21,14,2,16,10,16,8,13,26,4,2,26",5000,100
30,25,294957.57490997517,22.91249110246876,"17,9,5,6,23,3,8,7,18,20,12,4,26,4,21,14,1,11,10,19,25,24,22,2,15,23,14,11,25,19,12,22,3,13,16,7,15,5,21,8,25,18,6,1,25,15,15,1,11,18,5,26,16,1,1,13,9,22,26,18,17,23,2,1,12,18,1,10,25,19,10,6,10,24,20,14,1,22,9,1,18,18,6,26,13,26,17,9,11,22,22,5,6,26,9,9,8,1,21,5,12,5,6,18,13,26,18,17,15,16,20,20,18,24,12,21,3,20,24,26,20,17,7,10,8,9,22,9,11,8,15,24,16,7,17,13,23,13,5,8,15,26,21,21,18,18,13,5,9,14,11,17,13,16,1,8,5,25,23,24,8,21,21,21,14,2,16,10,16,8,13,26,4,2,26",5000,100
30,26,294957.57490997517,22.91249110246876,"17,9,5,6,23,3,8,7,18,20,12,4,26,4,21,14,1,11,10,19,25,24,22,2,15,23,14,11,25,19,12,22,3,13,16,7,15,5,21,8,25,18,6,1,25,15,15,1,11,18,5,26,16,1,1,13,9,22,26,18,17,23,2,1,12,18,1,10,25,19,10,6,10,24,20,14,1,22,9,1,18,18,6,26,13,26,17,9,11,22,22,5,6,26,9,9,8,1,21,5,12,5,6,18,13,26,18,17,15,16,20,20,18,24,12,21,3,20,24,26,20,17,7,10,8,9,22,9,11,8,15,24,16,7,17,13,23,13,5,8,15,26,21,21,18,18,13,5,9,14,11,17,13,16,1,8,5,25,23,24,8,21,21,21,14,2,16,10,16,8,13,26,4,2,26",5000,100
30,27,294957.57490997517,22.91249110246876,"17,9,5,6,23,3,8,7,18,20,12,4,26,4,21,14,1,11,10,19,25,24,22,2,15,23,14,11,25,19,12,22,3,13,16,7,15,5,21,8,25,18,6,1,25,15,15,1,11,18,5,26,16,1,1,13,9,22,26,18,17,23,2,1,12,18,1,10,25,19,10,6,10,24,20,14,1,22,9,1,18,18,6,26,13,26,17,9,11,22,22,5,6,26,9,9,8,1,21,5,12,5,6,18,13,26,18,17,15,16,20,20,18,24,12,21,3,20,24,26,20,17,7,10,8,9,22,9,11,8,15,24,16,7,17,13,23,13,5,8,15,26,21,21,18,18,13,5,9,14,11,17,13,16,1,8,5,25,23,24,8,21,21,21,14,2,16,10,16,8,13,26,4,2,26",5000,100
30,28,294957.57490997517,22.91249110246876,"17,9,5,6,23,3,8,7,18,20,12,4,26,4,21,14,1,11,10,19,25,24,22,2,15,23,14,11,25,19,12,22,3,13,16,7,15,5,21,8,25,18,6,1,25,15,15,1,11,18,5,26,16,1,1,13,9,22,26,18,17,23,2,1,12,18,1,10,25,19,10,6,10,24,20,14,1,22,9,1,18,18,6,26,13,26,17,9,11,22,22,5,6,26,9,9,8,1,21,5,12,5,6,18,13,26,18,17,15,16,20,20,18,24,12,21,3,20,24,26,20,17,7,10,8,9,22,9,11,8,15,24,16,7,17,13,23,13,5,8,15,26,21,21,18,18,13,5,9,14,11,17,13,16,1,8,5,25,23,24,8,21,21,21,14,2,16,10,16,8,13,26,4,2,26",5000,100
30,29,294957.57490997517,22.91249110246876,"17,9,5,6,23,3,8,7,18,20,12,4,26,4,21,14,1,11,10,19,25,24,22,2,15,23,14,11,25,19,12,22,3,13,16,7,15,5,21,8,25,18,6,1,25,15,15,1,11,18,5,26,16,1,1,13,9,22,26,18,17,23,2,1,12,18,1,10,25,19,10,6,10,24,20,14,1,22,9,1,18,18,6,26,13,26,17,9,11,22,22,5,6,26,9,9,8,1,21,5,12,5,6,18,13,26,18,17,15,16,20,20,18,24,12,21,3,20,24,26,20,17,7,10,8,9,22,9,11,8,15,24,16,7,17,13,23,13,5,8,15,26,21,21,18,18,13,5,9,14,11,17,13,16,1,8,5,25,23,24,8,21,21,21,14,2,16,10,16,8,13,26,4,2,26",5000,100
30,30,294957.57490997517,22.91249110246876,"17,9,5,6,23,3,8,7,18,20,12,4,26,4,21,14,1,11,10,19,25,24,22,2,15,23,14,11,25,19,12,22,3,13,16,7,15,5,21,8,25,18,6,1,25,15,15,1,11,18,5,26,16,1,1,13,9,22,26,18,17,23,2,1,12,18,1,10,25,19,10,6,10,24,20,14,1,22,9,1,18,18,6,26,13,26,17,9,11,22,22,5,6,26,9,9,8,1,21,5,12,5,6,18,13,26,18,17,15,16,20,20,18,24,12,21,3,20,24,26,20,17,7,10,8,9,22,9,11,8,15,24,16,7,17,13,23,13,5,8,15,26,21,21,18,18,13,5,9,14,11,17,13,16,1,8,5,25,23,24,8,21,21,21,14,2,16,10,16,8,13,26,4,2,26",5000,100
30,31,294957.57490997517,22.91249110246876,"17,9,5,6,23,3,8,7,18,20,12,4,26,4,21,14,1,11,10,19,25,24,22,2,15,23,14,11,25,19,12,22,3,13,16,7,15,5,21,8,25,18,6,1,25,15,15,1,11,18,5,26,16,1,1,13,9,22,26,18,17,23,2,1,12,18,1,10,25,19,10,6,10,24,20,14,1,22,9,1,18,18,6,26,13,26,17,9,11,22,22,5,6,26,9,9,8,1,21,5,12,5,6,18,13,26,18,17,15,16,20,20,18,24,12,21,3,20,24,26,20,17,7,10,8,9,22,9,11,8,15,24,16,7,17,13,23,13,5,8,15,26,21,21,18,18,13,5,9,14,11,17,13,16,1,8,5,25,23,24,8,21,21,21,14,2,16,10,16,8,13,26,4,2,26",5000,100
30,32,294957.57490997517,22.91249110246876,"17,9,5,6,23,3,8,7,18,20,12,4,26,4,21,14,1,11,10,19,25,24,22,2,15,23,14,11,25,19,12,22,3,13,16,7,15,5,21,8,25,18,6,1,25,15,15,1,11,18,5,26,16,1,1,13,9,22,26,18,17,23,2,1,12,18,1,10,25,19,10,6,10,24,20,14,1,22,9,1,18,18,6,26,13,26,17,9,11,22,22,5,6,26,9,9,8,1,21,5,12,5,6,18,13,26,18,17,15,16,20,20,18,24,12,21,3,20,24,26,20,17,7,10,8,9,22,9,11,8,15,24,16,7,17,13,23,13,5,8,15,26,21,21,18,18,13,5,9,14,11,17,13,16,1,8,5,25,23,24,8,21,21,21,14,2,16,10,16,8,13,26,4,2,26",5000,100
30,33,294957.57490997517,22.91249110246876,"17,9,5,6,23,3,8,7,18,20,12,4,26,4,21,14,1,11,10,19,25,24,22,2,15,23,14,11,25,19,12,22,3,13,16,7,15,5,21,8,25,18,6,1,25,15,15,1,11,18,5,26,16,1,1,13,9,22,26,18,17,23,2,1,12,18,1,10,25,19,10,6,10,24,20,14,1,22,9,1,18,18,6,26,13,26,17,9,11,22,22,5,6,26,9,9,8,1,21,5,12,5,6,18,13,26,18,17,15,16,20,20,18,24,12,21,3,20,24,26,20,17,7,10,8,9,22,9,11,8,15,24,16,7,17,13,23,13,5,8,15,26,21,21,18,18,13,5,9,14,11,17,13,16,1,8,5,25,23,24,8,21,21,21,14,2,16,10,16,8,13,26,4,2,26",5000,100
30,34,294957.57490997517,22.91249110246876,"17,9,5,6,23,3,8,7,18,20,12,4,26,4,21,14,1,11,10,19,25,24,22,2,15,23,14,11,25,19,12,22,3,13,16,7,15,5,21,8,25,18,6,1,25,15,15,1,11,18,5,26,16,1,1,13,9,22,26,18,17,23,2,1,12,18,1,10,25,19,10,6,10,24,20,14,1,22,9,1,18,18,6,26,13,26,17,9,11,22,22,5,6,26,9,9,8,1,21,5,12,5,6,18,13,26,18,17,15,16,20,20,18,24,12,21,3,20,24,26,20,17,7,10,8,9,22,9,11,8,15,24,16,7,17,13,23,13,5,8,15,26,21,21,18,18,13,5,9,14,11,17,13,16,1,8,5,25,23,24,8,21,21,21,14,2,16,10,16,8,13,26,4,2,26",5000,100
30,35,294957.57490997517,22.91249110246876,"17,9,5,6,23,3,8,7,18,20,12,4,26,4,21,14,1,11,10,19,25,24,22,2,15,23,14,11,25,19,12,22,3,13,16,7,15,5,21,8,25,18,6,1,25,15,15,1,11,18,5,26,16,1,1,13,9,22,26,18,17,23,2,1,12,18,1,10,25,19,10,6,10,24,20,14,1,22,9,1,18,18,6,26,13,26,17,9,11,22,22,5,6,26,9,9,8,1,21,5,12,5,6,18,13,26,18,17,15,16,20,20,18,24,12,21,3,20,24,26,20,17,7,10,8,9,22,9,11,8,15,24,16,7,17,13,23,13,5,8,15,26,21,21,18,18,13,5,9,14,11,17,13,16,1,8,5,25,23,24,8,21,21,21,14,2,16,10,16,8,13,26,4,2,26",5000,100
30,36,294957.57490997517,22.91249110246876,"17,9,5,6,23,3,8,7,18,20,12,4,26,4,21,14,1,11,10,19,25,24,22,2,15,23,14,11,25,19,12,22,3,13,16,7,15,5,21,8,25,18,6,1,25,15,15,1,11,18,5,26,16,1,1,13,9,22,26,18,17,23,2,1,12,18,1,10,25,19,10,6,10,24,20,14,1,22,9,1,18,18,6,26,13,26,17,9,11,22,22,5,6,26,9,9,8,1,21,5,12,5,6,18,13,26,18,17,15,16,20,20,18,24,12,21,3,20,24,26,20,17,7,10,8,9,22,9,11,8,15,24,16,7,17,13,23,13,5,8,15,26,21,21,18,18,13,5,9,14,11,17,13,16,1,8,5,25,23,24,8,21,21,21,14,2,16,10,16,8,13,26,4,2,26",5000,100
30,37,294957.57490997517,22.91249110246876,"17,9,5,6,23,3,8,7,18,20,12,4,26,4,21,14,1,11,10,19,25,24,22,2,15,23,14,11,25,19,12,22,3,13,16,7,15,5,21,8,25,18,6,1,25,15,15,1,11,18,5,26,16,1,1,13,9,22,26,18,17,23,2,1,12,18,1,10,25,19,10,6,10,24,20,14,1,22,9,1,18,18,6,26,13,26,17,9,11,22,22,5,6,26,9,9,8,1,21,5,12,5,6,18,13,26,18,17,15,16,20,20,18,24,12,21,3,20,24,26,20,17,7,10,8,9,22,9,11,8,15,24,16,7,17,13,23,13,5,8,15,26,21,21,18,18,13,5,9,14,11,17,13,16,1,8,5,25,23,24,8,21,21,21,14,2,16,10,16,8,13,26,4,2,26",5000,100
30,38,294957.57490997517,22.91249110246876,"17,9,5,6,23,3,8,7,18,20,12,4,26,4,21,14,1,11,10,19,25,24,22,2,15,23,14,11,25,19,12,22,3,13,16,7,15,5,21,8,25,18,6,1,25,15,15,1,11,18,5,26,16,1,1,13,9,22,26,18,17,23,2,1,12,18,1,10,25,19,10,6,10,24,20,14,1,22,9,1,18,18,6,26,13,26,17,9,11,22,22,5,6,26,9,9,8,1,21,5,12,5,6,18,13,26,18,17,15,16,20,20,18,24,12,21,3,20,24,26,20,17,7,10,8,9,22,9,11,8,15,24,16,7,17,13,23,13,5,8,15,26,21,21,18,18,13,5,9,14,11,17,13,16,1,8,5,25,23,24,8,21,21,21,14,2,16,10,16,8,13,26,4,2,26",5000,100
30,39,294957.57490997517,22.91249110246876,"17,9,5,6,23,3,8,7,18,20,12,4,26,4,21,14,1,11,10,19,25,24,22,2,15,23,14,11,25,19,12,22,3,13,16,7,15,5,21,8,25,18,6,1,25,15,15,1,11,18,5,26,16,1,1,13,9,22,26,18,17,23,2,1,12,18,1,10,25,19,10,6,10,24,20,14,1,22,9,1,18,18,6,26,13,26,17,9,11,22,22,5,6,26,9,9,8,1,21,5,12,5,6,18,13,26,18,17,15,16,20,20,18,24,12,21,3,20,24,26,20,17,7,10,8,9,22,9,11,8,15,24,16,7,17,13,23,13,5,8,15,26,21,21,18,18,13,5,9,14,11,17,13,16,1,8,5,25,23,24,8,21,21,21,14,2,16,10,16,8,13,26,4,2,26",5000,100
30,40,294957.57490997517,22.91249110246876,"17,9,5,6,23,3,8,7,18,20,12,4,26,4,21,14,1,11,10,19,25,24,22,2,15,23,14,11,25,19,12,22,3,13,16,7,15,5,21,8,25,18,6,1,25,15,15,1,11,18,5,26,16,1,1,13,9,22,26,18,17,23,2,1,12,18,1,10,25,19,10,6,10,24,20,14,1,22,9,1,18,18,6,26,13,26,17,9,11,22,22,5,6,26,9,9,8,1,21,5,12,5,6,18,13,26,18,17,15,16,20,20,18,24,12,21,3,20,24,26,20,17,7,10,8,9,22,9,11,8,15,24,16,7,17,13,23,13,5,8,15,26,21,21,18,18,13,5,9,14,11,17,13,16,1,8,5,25,23,24,8,21,21,21,14,2,16,10,16,8,13,26,4,2,26",5000,100
30,41,294957.57490997517,22.91249110246876,"17,9,5,6,23,3,8,7,18,20,12,4,26,4,21,14,1,11,10,19,25,24,22,2,15,23,14,11,25,19,12,22,3,13,16,7,15,5,21,8,25,18,6,1,25,15,15,1,11,18,5,26,16,1,1,13,9,22,26,18,17,23,2,1,12,18,1,10,25,19,10,6,10,24,20,14,1,22,9,1,18,18,6,26,13,26,17,9,11,22,22,5,6,26,9,9,8,1,21,5,12,5,6,18,13,26,18,17,15,16,20,20,18,24,12,21,3,20,24,26,20,17,7,10,8,9,22,9,11,8,15,24,16,7,17,13,23,13,5,8,15,26,21,21,18,18,13,5,9,14,11,17,13,16,1,8,5,25,23,24,8,21,21,21,14,2,16,10,16,8,13,26,4,2,26",5000,100
30,42,294957.57490997517,22.91249110246876,"17,9,5,6,23,3,8,7,18,20,12,4,26,4,21,14,1,11,10,19,25,24,22,2,15,23,14,11,25,19,12,22,3,13,16,7,15,5,21,8,25,18,6,1,25,15,15,1,11,18,5,26,16,1,1,13,9,22,26,18,17,23,2,1,12,18,1,10,25,19,10,6,10,24,20,14,1,22,9,1,18,18,6,26,13,26,17,9,11,22,22,5,6,26,9,9,8,1,21,5,12,5,6,18,13,26,18,17,15,16,20,20,18,24,12,21,3,20,24,26,20,17,7,10,8,9,22,9,11,8,15,24,16,7,17,13,23,13,5,8,15,26,21,21,18,18,13,5,9,14,11,17,13,16,1,8,5,25,23,24,8,21,21,21,14,2,16,10,16,8,13,26,4,2,26",5000,100
30,43,294957.57490997517,22.91249110246876,"17,9,5,6,23,3,8,7,18,20,12,4,26,4,21,14,1,11,10,19,25,24,22,2,15,23,14,11,25,19,12,22,3,13,16,7,15,5,21,8,25,18,6,1,25,15,15,1,11,18,5,26,16,1,1,13,9,22,26,18,17,23,2,1,12,18,1,10,25,19,10,6,10,24,20,14,1,22,9,1,18,18,6,26,13,26,17,9,11,22,22,5,6,26,9,9,8,1,21,5,12,5,6,18,13,26,18,17,15,16,20,20,18,24,12,21,3,20,24,26,20,17,7,10,8,9,22,9,11,8,15,24,16,7,17,13,23,13,5,8,15,26,21,21,18,18,13,5,9,14,11,17,13,16,1,8,5,25,23,24,8,21,21,21,14,2,16,10,16,8,13,26,4,2,26",5000,100
30,44,294957.57490997517,22.91249110246876,"17,9,5,6,23,3,8,7,18,20,12,4,26,4,21,14,1,11,10,19,25,24,22,2,15,23,14,11,25,19,12,22,3,13,16,7,15,5,21,8,25,18,6,1,25,15,15,1,11,18,5,26,16,1,1,13,9,22,26,18,17,23,2,1,12,18,1,10,25,19,10,6,10,24,20,14,1,22,9,1,18,18,6,26,13,26,17,9,11,22,22,5,6,26,9,9,8,1,21,5,12,5,6,18,13,26,18,17,15,16,20,20,18,24,12,21,3,20,24,26,20,17,7,10,8,9,22,9,11,8,15,24,16,7,17,13,23,13,5,8,15,26,21,21,18,18,13,5,9,14,11,17,13,16,1,8,5,25,23,24,8,21,21,21,14,2,16,10,16,8,13,26,4,2,26",5000,100
30,45,294957.57490997517,22.91249110246876,"17,9,5,6,23,3,8,7,18,20,12,4,26,4,21,14,1,11,10,19,25,24,22,2,15,23,14,11,25,19,12,22,3,13,16,7,15,5,21,8,25,18,6,1,25,15,15,1,11,18,5,26,16,1,1,13,9,22,26,18,17,23,2,1,12,18,1,10,25,19,10,6,10,24,20,14,1,22,9,1,18,18,6,26,13,26,17,9,11,22,22,5,6,26,9,9,8,1,21,5,12,5,6,18,13,26,18,17,15,16,20,20,18,24,12,21,3,20,24,26,20,17,7,10,8,9,22,9,11,8,15,24,16,7,17,13,23,13,5,8,15,26,21,21,18,18,13,5,9,14,11,17,13,16,1,8,5,25,23,24,8,21,21,21,14,2,16,10,16,8,13,26,4,2,26",5000,100
30,46,294957.57490997517,22.91249110246876,"17,9,5,6,23,3,8,7,18,20,12,4,26,4,21,14,1,11,10,19,25,24,22,2,15,23,14,11,25,19,12,22,3,13,16,7,15,5,21,8,25,18,6,1,25,15,15,1,11,18,5,26,16,1,1,13,9,22,26,18,17,23,2,1,12,18,1,10,25,19,10,6,10,24,20,14,1,22,9,1,18,18,6,26,13,26,17,9,11,22,22,5,6,26,9,9,8,1,21,5,12,5,6,18,13,26,18,17,15,16,20,20,18,24,12,21,3,20,24,26,20,17,7,10,8,9,22,9,11,8,15,24,16,7,17,13,23,13,5,8,15,26,21,21,18,18,13,5,9,14,11,17,13,16,1,8,5,25,23,24,8,21,21,21,14,2,16,10,16,8,13,26,4,2,26",5000,100
30,47,294957.57490997517,22.91249110246876,"17,9,5,6,23,3,8,7,18,20,12,4,26,4,21,14,1,11,10,19,25,24,22,2,15,23,14,11,25,19,12,22,3,13,16,7,15,5,21,8,25,18,6,1,25,15,15,1,11,18,5,26,16,1,1,13,9,22,26,18,17,23,2,1,12,18,1,10,25,19,10,6,10,24,20,14,1,22,9,1,18,18,6,26,13,26,17,9,11,22,22,5,6,26,9,9,8,1,21,5,12,5,6,18,13,26,18,17,15,16,20,20,18,24,12,21,3,20,24,26,20,17,7,10,8,9,22,9,11,8,15,24,16,7,17,13,23,13,5,8,15,26,21,21,18,18,13,5,9,14,11,17,13,16,1,8,5,25,23,24,8,21,21,21,14,2,16,10,16,8,13,26,4,2,26",5000,100
30,48,294957.57490997517,22.91249110246876,"17,9,5,6,23,3,8,7,18,20,12,4,26,4,21,14,1,11,10,19,25,24,22,2,15,23,14,11,25,19,12,22,3,13,16,7,15,5,21,8,25,18,6,1,25,15,15,1,11,18,5,26,16,1,1,13,9,22,26,18,17,23,2,1,12,18,1,10,25,19,10,6,10,24,20,14,1,22,9,1,18,18,6,26,13,26,17,9,11,22,22,5,6,26,9,9,8,1,21,5,12,5,6,18,13,26,18,17,15,16,20,20,18,24,12,21,3,20,24,26,20,17,7,10,8,9,22,9,11,8,15,24,16,7,17,13,23,13,5,8,15,26,21,21,18,18,13,5,9,14,11,17,13,16,1,8,5,25,23,24,8,21,21,21,14,2,16,10,16,8,13,26,4,2,26",5000,100
30,49,294957.57490997517,22.91249110246876,"17,9,5,6,23,3,8,7,18,20,12,4,26,4,21,14,1,11,10,19,25,24,22,2,15,23,14,11,25,19,12,22,3,13,16,7,15,5,21,8,25,18,6,1,25,15,15,1,11,18,5,26,16,1,1,13,9,22,26,18,17,23,2,1,12,18,1,10,25,19,10,6,10,24,20,14,1,22,9,1,18,18,6,26,13,26,17,9,11,22,22,5,6,26,9,9,8,1,21,5,12,5,6,18,13,26,18,17,15,16,20,20,18,24,12,21,3,20,24,26,20,17,7,10,8,9,22,9,11,8,15,24,16,7,17,13,23,13,5,8,15,26,21,21,18,18,13,5,9,14,11,17,13,16,1,8,5,25,23,24,8,21,21,21,14,2,16,10,16,8,13,26,4,2,26",5000,100
30,50,294957.57490997517,22.91249110246876,"17,9,5,6,23,3,8,7,18,20,12,4,26,4,21,14,1,11,10,19,25,24,22,2,15,23,14,11,25,19,12,22,3,13,16,7,15,5,21,8,25,18,6,1,25,15,15,1,11,18,5,26,16,1,1,13,9,22,26,18,17,23,2,1,12,18,1,10,25,19,10,6,10,24,20,14,1,22,9,1,18,18,6,26,13,26,17,9,11,22,22,5,6,26,9,9,8,1,21,5,12,5,6,18,13,26,18,17,15,16,20,20,18,24,12,21,3,20,24,26,20,17,7,10,8,9,22,9,11,8,15,24,16,7,17,13,23,13,5,8,15,26,21,21,18,18,13,5,9,14,11,17,13,16,1,8,5,25,23,24,8,21,21,21,14,2,16,10,16,8,13,26,4,2,26",5000,100
30,51,294957.57490997517,22.91249110246876,"17,9,5,6,23,3,8,7,18,20,12,4,26,4,21,14,1,11,10,19,25,24,22,2,15,23,14,11,25,19,12,22,3,13,16,7,15,5,21,8,25,18,6,1,25,15,15,1,11,18,5,26,16,1,1,13,9,22,26,18,17,23,2,1,12,18,1,10,25,19,10,6,10,24,20,14,1,22,9,1,18,18,6,26,13,26,17,9,11,22,22,5,6,26,9,9,8,1,21,5,12,5,6,18,13,26,18,17,15,16,20,20,18,24,12,21,3,20,24,26,20,17,7,10,8,9,22,9,11,8,15,24,16,7,17,13,23,13,5,8,15,26,21,21,18,18,13,5,9,14,11,17,13,16,1,8,5,25,23,24,8,21,21,21,14,2,16,10,16,8,13,26,4,2,26",5000,100
30,52,294957.57490997517,22.91249110246876,"17,9,5,6,23,3,8,7,18,20,12,4,26,4,21,14,1,11,10,19,25,24,22,2,15,23,14,11,25,19,12,22,3,13,16,7,15,5,21,8,25,18,6,1,25,15,15,1,11,18,5,26,16,1,1,13,9,22,26,18,17,23,2,1,12,18,1,10,25,19,10,6,10,24,20,14,1,22,9,1,18,18,6,26,13,26,17,9,11,22,22,5,6,26,9,9,8,1,21,5,12,5,6,18,13,26,18,17,15,16,20,20,18,24,12,21,3,20,24,26,20,17,7,10,8,9,22,9,11,8,15,24,16,7,17,13,23,13,5,8,15,26,21,21,18,18,13,5,9,14,11,17,13,16,1,8,5,25,23,24,8,21,21,21,14,2,16,10,16,8,13,26,4,2,26",5000,100
30,53,294957.57490997517,22.91249110246876,"17,9,5,6,23,3,8,7,18,20,12,4,26,4,21,14,1,11,10,19,25,24,22,2,15,23,14,11,25,19,12,22,3,13,16,7,15,5,21,8,25,18,6,1,25,15,15,1,11,18,5,26,16,1,1,13,9,22,26,18,17,23,2,1,12,18,1,10,25,19,10,6,10,24,20,14,1,22,9,1,18,18,6,26,13,26,17,9,11,22,22,5,6,26,9,9,8,1,21,5,12,5,6,18,13,26,18,17,15,16,20,20,18,24,12,21,3,20,24,26,20,17,7,10,8,9,22,9,11,8,15,24,16,7,17,13,23,13,5,8,15,26,21,21,18,18,13,5,9,14,11,17,13,16,1,8,5,25,23,24,8,21,21,21,14,2,16,10,16,8,13,26,4,2,26",5000,100
30,54,294957.57490997517,22.91249110246876,"17,9,5,6,23,3,8,7,18,20,12,4,26,4,21,14,1,11,10,19,25,24,22,2,15,23,14,11,25,19,12,22,3,13,16,7,15,5,21,8,25,18,6,1,25,15,15,1,11,18,5,26,16,1,1,13,9,22,26,18,17,23,2,1,12,18,1,10,25,19,10,6,10,24,20,14,1,22,9,1,18,18,6,26,13,26,17,9,11,22,22,5,6,26,9,9,8,1,21,5,12,5,6,18,13,26,18,17,15,16,20,20,18,24,12,21,3,20,24,26,20,17,7,10,8,9,22,9,11,8,15,24,16,7,17,13,23,13,5,8,15,26,21,21,18,18,13,5,9,14,11,17,13,16,1,8,5,25,23,24,8,21,21,21,14,2,16,10,16,8,13,26,4,2,26",5000,100
30,55,294957.57490997517,22.91249110246876,"17,9,5,6,23,3,8,7,18,20,12,4,26,4,21,14,1,11,10,19,25,24,22,2,15,23,14,11,25,19,12,22,3,13,16,7,15,5,21,8,25,18,6,1,25,15,15,1,11,18,5,26,16,1,1,13,9,22,26,18,17,23,2,1,12,18,1,10,25,19,10,6,10,24,20,14,1,22,9,1,18,18,6,26,13,26,17,9,11,22,22,5,6,26,9,9,8,1,21,5,12,5,6,18,13,26,18,17,15,16,20,20,18,24,12,21,3,20,24,26,20,17,7,10,8,9,22,9,11,8,15,24,16,7,17,13,23,13,5,8,15,26,21,21,18,18,13,5,9,14,11,17,13,16,1,8,5,25,23,24,8,21,21,21,14,2,16,10,16,8,13,26,4,2,26",5000,100
30,56,294957.57490997517,22.91249110246876,"17,9,5,6,23,3,8,7,18,20,12,4,26,4,21,14,1,11,10,19,25,24,22,2,15,23,14,11,25,19,12,22,3,13,16,7,15,5,21,8,25,18,6,1,25,15,15,1,11,18,5,26,16,1,1,13,9,22,26,18,17,23,2,1,12,18,1,10,25,19,10,6,10,24,20,14,1,22,9,1,18,18,6,26,13,26,17,9,11,22,22,5,6,26,9,9,8,1,21,5,12,5,6,18,13,26,18,17,15,16,20,20,18,24,12,21,3,20,24,26,20,17,7,10,8,9,22,9,11,8,15,24,16,7,17,13,23,13,5,8,15,26,21,21,18,18,13,5,9,14,11,17,13,16,1,8,5,25,23,24,8,21,21,21,14,2,16,10,16,8,13,26,4,2,26",5000,100
30,57,294957.57490997517,22.91249110246876,"17,9,5,6,23,3,8,7,18,20,12,4,26,4,21,14,1,11,10,19,25,24,22,2,15,23,14,11,25,19,12,22,3,13,16,7,15,5,21,8,25,18,6,1,25,15,15,1,11,18,5,26,16,1,1,13,9,22,26,18,17,23,2,1,12,18,1,10,25,19,10,6,10,24,20,14,1,22,9,1,18,18,6,26,13,26,17,9,11,22,22,5,6,26,9,9,8,1,21,5,12,5,6,18,13,26,18,17,15,16,20,20,18,24,12,21,3,20,24,26,20,17,7,10,8,9,22,9,11,8,15,24,16,7,17,13,23,13,5,8,15,26,21,21,18,18,13,5,9,14,11,17,13,16,1,8,5,25,23,24,8,21,21,21,14,2,16,10,16,8,13,26,4,2,26",5000,100
30,58,294957.57490997517,22.91249110246876,"17,9,5,6,23,3,8,7,18,20,12,4,26,4,21,14,1,11,10,19,25,24,22,2,15,23,14,11,25,19,12,22,3,13,16,7,15,5,21,8,25,18,6,1,25,15,15,1,11,18,5,26,16,1,1,13,9,22,26,18,17,23,2,1,12,18,1,10,25,19,10,6,10,24,20,14,1,22,9,1,18,18,6,26,13,26,17,9,11,22,22,5,6,26,9,9,8,1,21,5,12,5,6,18,13,26,18,17,15,16,20,20,18,24,12,21,3,20,24,26,20,17,7,10,8,9,22,9,11,8,15,24,16,7,17,13,23,13,5,8,15,26,21,21,18,18,13,5,9,14,11,17,13,16,1,8,5,25,23,24,8,21,21,21,14,2,16,10,16,8,13,26,4,2,26",5000,100
30,59,294957.57490997517,22.91249110246876,"17,9,5,6,23,3,8,7,18,20,12,4,26,4,21,14,1,11,10,19,25,24,22,2,15,23,14,11,25,19,12,22,3,13,16,7,15,5,21,8,25,18,6,1,25,15,15,1,11,18,5,26,16,1,1,13,9,22,26,18,17,23,2,1,12,18,1,10,25,19,10,6,10,24,20,14,1,22,9,1,18,18,6,26,13,26,17,9,11,22,22,5,6,26,9,9,8,1,21,5,12,5,6,18,13,26,18,17,15,16,20,20,18,24,12,21,3,20,24,26,20,17,7,10,8,9,22,9,11,8,15,24,16,7,17,13,23,13,5,8,15,26,21,21,18,18,13,5,9,14,11,17,13,16,1,8,5,25,23,24,8,21,21,21,14,2,16,10,16,8,13,26,4,2,26",5000,100
30,60,294957.57490997517,22.91249110246876,"17,9,5,6,23,3,8,7,18,20,12,4,26,4,21,14,1,11,10,19,25,24,22,2,15,23,14,11,25,19,12,22,3,13,16,7,15,5,21,8,25,18,6,1,25,15,15,1,11,18,5,26,16,1,1,13,9,22,26,18,17,23,2,1,12,18,1,10,25,19,10,6,10,24,20,14,1,22,9,1,18,18,6,26,13,26,17,9,11,22,22,5,6,26,9,9,8,1,21,5,12,5,6,18,13,26,18,17,15,16,20,20,18,24,12,21,3,20,24,26,20,17,7,10,8,9,22,9,11,8,15,24,16,7,17,13,23,13,5,8,15,26,21,21,18,18,13,5,9,14,11,17,13,16,1,8,5,25,23,24,8,21,21,21,14,2,16,10,16,8,13,26,4,2,26",5000,100
30,61,294957.57490997517,22.91249110246876,"17,9,5,6,23,3,8,7,18,20,12,4,26,4,21,14,1,11,10,19,25,24,22,2,15,23,14,11,25,19,12,22,3,13,16,7,15,5,21,8,25,18,6,1,25,15,15,1,11,18,5,26,16,1,1,13,9,22,26,18,17,23,2,1,12,18,1,10,25,19,10,6,10,24,20,14,1,22,9,1,18,18,6,26,13,26,17,9,11,22,22,5,6,26,9,9,8,1,21,5,12,5,6,18,13,26,18,17,15,16,20,20,18,24,12,21,3,20,24,26,20,17,7,10,8,9,22,9,11,8,15,24,16,7,17,13,23,13,5,8,15,26,21,21,18,18,13,5,9,14,11,17,13,16,1,8,5,25,23,24,8,21,21,21,14,2,16,10,16,8,13,26,4,2,26",5000,100
30,62,294957.57490997517,22.91249110246876,"17,9,5,6,23,3,8,7,18,20,12,4,26,4,21,14,1,11,10,19,25,24,22,2,15,23,14,11,25,19,12,22,3,13,16,7,15,5,21,8,25,18,6,1,25,15,15,1,11,18,5,26,16,1,1,13,9,22,26,18,17,23,2,1,12,18,1,10,25,19,10,6,10,24,20,14,1,22,9,1,18,18,6,26,13,26,17,9,11,22,22,5,6,26,9,9,8,1,21,5,12,5,6,18,13,26,18,17,15,16,20,20,18,24,12,21,3,20,24,26,20,17,7,10,8,9,22,9,11,8,15,24,16,7,17,13,23,13,5,8,15,26,21,21,18,18,13,5,9,14,11,17,13,16,1,8,5,25,23,24,8,21,21,21,14,2,16,10,16,8,13,26,4,2,26",5000,100
30,63,294957.57490997517,22.91249110246876,"17,9,5,6,23,3,8,7,18,20,12,4,26,4,21,14,1,11,10,19,25,24,22,2,15,23,14,11,25,19,12,22,3,13,16,7,15,5,21,8,25,18,6,1,25,15,15,1,11,18,5,26,16,1,1,13,9,22,26,18,17,23,2,1,12,18,1,10,25,19,10,6,10,24,20,14,1,22,9,1,18,18,6,26,13,26,17,9,11,22,22,5,6,26,9,9,8,1,21,5,12,5,6,18,13,26,18,17,15,16,20,20,18,24,12,21,3,20,24,26,20,17,7,10,8,9,22,9,11,8,15,24,16,7,17,13,23,13,5,8,15,26,21,21,18,18,13,5,9,14,11,17,13,16,1,8,5,25,23,24,8,21,21,21,14,2,16,10,16,8,13,26,4,2,26",5000,100
30,64,294957.57490997517,22.91249110246876,"17,9,5,6,23,3,8,7,18,20,12,4,26,4,21,14,1,11,10,19,25,24,22,2,15,23,14,11,25,19,12,22,3,13,16,7,15,5,21,8,25,18,6,1,25,15,15,1,11,18,5,26,16,1,1,13,9,22,26,18,17,23,2,1,12,18,1,10,25,19,10,6,10,24,20,14,1,22,9,1,18,18,6,26,13,26,17,9,11,22,22,5,6,26,9,9,8,1,21,5,12,5,6,18,13,26,18,17,15,16,20,20,18,24,12,21,3,20,24,26,20,17,7,10,8,9,22,9,11,8,15,24,16,7,17,13,23,13,5,8,15,26,21,21,18,18,13,5,9,14,11,17,13,16,1,8,5,25,23,24,8,21,21,21,14,2,16,10,16,8,13,26,4,2,26",5000,100
30,65,294957.57490997517,22.91249110246876,"17,9,5,6,23,3,8,7,18,20,12,4,26,4,21,14,1,11,10,19,25,24,22,2,15,23,14,11,25,19,12,22,3,13,16,7,15,5,21,8,25,18,6,1,25,15,15,1,11,18,5,26,16,1,1,13,9,22,26,18,17,23,2,1,12,18,1,10,25,19,10,6,10,24,20,14,1,22,9,1,18,18,6,26,13,26,17,9,11,22,22,5,6,26,9,9,8,1,21,5,12,5,6,18,13,26,18,17,15,16,20,20,18,24,12,21,3,20,24,26,20,17,7,10,8,9,22,9,11,8,15,24,16,7,17,13,23,13,5,8,15,26,21,21,18,18,13,5,9,14,11,17,13,16,1,8,5,25,23,24,8,21,21,21,14,2,16,10,16,8,13,26,4,2,26",5000,100
30,66,294957.57490997517,22.91249110246876,"17,9,5,6,23,3,8,7,18,20,12,4,26,4,21,14,1,11,10,19,25,24,22,2,15,23,14,11,25,19,12,22,3,13,16,7,15,5,21,8,25,18,6,1,25,15,15,1,11,18,5,26,16,1,1,13,9,22,26,18,17,23,2,1,12,18,1,10,25,19,10,6,10,24,20,14,1,22,9,1,18,18,6,26,13,26,17,9,11,22,22,5,6,26,9,9,8,1,21,5,12,5,6,18,13,26,18,17,15,16,20,20,18,24,12,21,3,20,24,26,20,17,7,10,8,9,22,9,11,8,15,24,16,7,17,13,23,13,5,8,15,26,21,21,18,18,13,5,9,14,11,17,13,16,1,8,5,25,23,24,8,21,21,21,14,2,16,10,16,8,13,26,4,2,26",5000,100
30,67,294957.57490997517,22.91249110246876,"17,9,5,6,23,3,8,7,18,20,12,4,26,4,21,14,1,11,10,19,25,24,22,2,15,23,14,11,25,19,12,22,3,13,16,7,15,5,21,8,25,18,6,1,25,15,15,1,11,18,5,26,16,1,1,13,9,22,26,18,17,23,2,1,12,18,1,10,25,19,10,6,10,24,20,14,1,22,9,1,18,18,6,26,13,26,17,9,11,22,22,5,6,26,9,9,8,1,21,5,12,5,6,18,13,26,18,17,15,16,20,20,18,24,12,21,3,20,24,26,20,17,7,10,8,9,22,9,11,8,15,24,16,7,17,13,23,13,5,8,15,26,21,21,18,18,13,5,9,14,11,17,13,16,1,8,5,25,23,24,8,21,21,21,14,2,16,10,16,8,13,26,4,2,26",5000,100
30,68,294957.57490997517,22.91249110246876,"17,9,5,6,23,3,8,7,18,20,12,4,26,4,21,14,1,11,10,19,25,24,22,2,15,23,14,11,25,19,12,22,3,13,16,7,15,5,21,8,25,18,6,1,25,15,15,1,11,18,5,26,16,1,1,13,9,22,26,18,17,23,2,1,12,18,1,10,25,19,10,6,10,24,20,14,1,22,9,1,18,18,6,26,13,26,17,9,11,22,22,5,6,26,9,9,8,1,21,5,12,5,6,18,13,26,18,17,15,16,20,20,18,24,12,21,3,20,24,26,20,17,7,10,8,9,22,9,11,8,15,24,16,7,17,13,23,13,5,8,15,26,21,21,18,18,13,5,9,14,11,17,13,16,1,8,5,25,23,24,8,21,21,21,14,2,16,10,16,8,13,26,4,2,26",5000,100
30,69,294957.57490997517,22.91249110246876,"17,9,5,6,23,3,8,7,18,20,12,4,26,4,21,14,1,11,10,19,25,24,22,2,15,23,14,11,25,19,12,22,3,13,16,7,15,5,21,8,25,18,6,1,25,15,15,1,11,18,5,26,16,1,1,13,9,22,26,18,17,23,2,1,12,18,1,10,25,19,10,6,10,24,20,14,1,22,9,1,18,18,6,26,13,26,17,9,11,22,22,5,6,26,9,9,8,1,21,5,12,5,6,18,13,26,18,17,15,16,20,20,18,24,12,21,3,20,24,26,20,17,7,10,8,9,22,9,11,8,15,24,16,7,17,13,23,13,5,8,15,26,21,21,18,18,13,5,9,14,11,17,13,16,1,8,5,25,23,24,8,21,21,21,14,2,16,10,16,8,13,26,4,2,26",5000,100
30,70,294957.57490997517,22.91249110246876,"17,9,5,6,23,3,8,7,18,20,12,4,26,4,21,14,1,11,10,19,25,24,22,2,15,23,14,11,25,19,12,22,3,13,16,7,15,5,21,8,25,18,6,1,25,15,15,1,11,18,5,26,16,1,1,13,9,22,26,18,17,23,2,1,12,18,1,10,25,19,10,6,10,24,20,14,1,22,9,1,18,18,6,26,13,26,17,9,11,22,22,5,6,26,9,9,8,1,21,5,12,5,6,18,13,26,18,17,15,16,20,20,18,24,12,21,3,20,24,26,20,17,7,10,8,9,22,9,11,8,15,24,16,7,17,13,23,13,5,8,15,26,21,21,18,18,13,5,9,14,11,17,13,16,1,8,5,25,23,24,8,21,21,21,14,2,16,10,16,8,13,26,4,2,26",5000,100
30,71,294957.57490997517,22.91249110246876,"17,9,5,6,23,3,8,7,18,20,12,4,26,4,21,14,1,11,10,19,25,24,22,2,15,23,14,11,25,19,12,22,3,13,16,7,15,5,21,8,25,18,6,1,25,15,15,1,11,18,5,26,16,1,1,13,9,22,26,18,17,23,2,1,12,18,1,10,25,19,10,6,10,24,20,14,1,22,9,1,18,18,6,26,13,26,17,9,11,22,22,5,6,26,9,9,8,1,21,5,12,5,6,18,13,26,18,17,15,16,20,20,18,24,12,21,3,20,24,26,20,17,7,10,8,9,22,9,11,8,15,24,16,7,17,13,23,13,5,8,15,26,21,21,18,18,13,5,9,14,11,17,13,16,1,8,5,25,23,24,8,21,21,21,14,2,16,10,16,8,13,26,4,2,26",5000,100
30,72,294957.57490997517,22.91249110246876,"17,9,5,6,23,3,8,7,18,20,12,4,26,4,21,14,1,11,10,19,25,24,22,2,15,23,14,11,25,19,12,22,3,13,16,7,15,5,21,8,25,18,6,1,25,15,15,1,11,18,5,26,16,1,1,13,9,22,26,18,17,23,2,1,12,18,1,10,25,19,10,6,10,24,20,14,1,22,9,1,18,18,6,26,13,26,17,9,11,22,22,5,6,26,9,9,8,1,21,5,12,5,6,18,13,26,18,17,15,16,20,20,18,24,12,21,3,20,24,26,20,17,7,10,8,9,22,9,11,8,15,24,16,7,17,13,23,13,5,8,15,26,21,21,18,18,13,5,9,14,11,17,13,16,1,8,5,25,23,24,8,21,21,21,14,2,16,10,16,8,13,26,4,2,26",5000,100
30,73,294957.57490997517,22.91249110246876,"17,9,5,6,23,3,8,7,18,20,12,4,26,4,21,14,1,11,10,19,25,24,22,2,15,23,14,11,25,19,12,22,3,13,16,7,15,5,21,8,25,18,6,1,25,15,15,1,11,18,5,26,16,1,1,13,9,22,26,18,17,23,2,1,12,18,1,10,25,19,10,6,10,24,20,14,1,22,9,1,18,18,6,26,13,26,17,9,11,22,22,5,6,26,9,9,8,1,21,5,12,5,6,18,13,26,18,17,15,16,20,20,18,24,12,21,3,20,24,26,20,17,7,10,8,9,22,9,11,8,15,24,16,7,17,13,23,13,5,8,15,26,21,21,18,18,13,5,9,14,11,17,13,16,1,8,5,25,23,24,8,21,21,21,14,2,16,10,16,8,13,26,4,2,26",5000,100
30,74,294957.57490997517,22.91249110246876,"17,9,5,6,23,3,8,7,18,20,12,4,26,4,21,14,1,11,10,19,25,24,22,2,15,23,14,11,25,19,12,22,3,13,16,7,15,5,21,8,25,18,6,1,25,15,15,1,11,18,5,26,16,1,1,13,9,22,26,18,17,23,2,1,12,18,1,10,25,19,10,6,10,24,20,14,1,22,9,1,18,18,6,26,13,26,17,9,11,22,22,5,6,26,9,9,8,1,21,5,12,5,6,18,13,26,18,17,15,16,20,20,18,24,12,21,3,20,24,26,20,17,7,10,8,9,22,9,11,8,15,24,16,7,17,13,23,13,5,8,15,26,21,21,18,18,13,5,9,14,11,17,13,16,1,8,5,25,23,24,8,21,21,21,14,2,16,10,16,8,13,26,4,2,26",5000,100
30,75,294957.57490997517,22.91249110246876,"17,9,5,6,23,3,8,7,18,20,12,4,26,4,21,14,1,11,10,19,25,24,22,2,15,23,14,11,25,19,12,22,3,13,16,7,15,5,21,8,25,18,6,1,25,15,15,1,11,18,5,26,16,1,1,13,9,22,26,18,17,23,2,1,12,18,1,10,25,19,10,6,10,24,20,14,1,22,9,1,18,18,6,26,13,26,17,9,11,22,22,5,6,26,9,9,8,1,21,5,12,5,6,18,13,26,18,17,15,16,20,20,18,24,12,21,3,20,24,26,20,17,7,10,8,9,22,9,11,8,15,24,16,7,17,13,23,13,5,8,15,26,21,21,18,18,13,5,9,14,11,17,13,16,1,8,5,25,23,24,8,21,21,21,14,2,16,10,16,8,13,26,4,2,26",5000,100
30,76,294957.57490997517,22.91249110246876,"17,9,5,6,23,3,8,7,18,20,12,4,26,4,21,14,1,11,10,19,25,24,22,2,15,23,14,11,25,19,12,22,3,13,16,7,15,5,21,8,25,18,6,1,25,15,15,1,11,18,5,26,16,1,1,13,9,22,26,18,17,23,2,1,12,18,1,10,25,19,10,6,10,24,20,14,1,22,9,1,18,18,6,26,13,26,17,9,11,22,22,5,6,26,9,9,8,1,21,5,12,5,6,18,13,26,18,17,15,16,20,20,18,24,12,21,3,20,24,26,20,17,7,10,8,9,22,9,11,8,15,24,16,7,17,13,23,13,5,8,15,26,21,21,18,18,13,5,9,14,11,17,13,16,1,8,5,25,23,24,8,21,21,21,14,2,16,10,16,8,13,26,4,2,26",5000,100
30,77,294957.57490997517,22.91249110246876,"17,9,5,6,23,3,8,7,18,20,12,4,26,4,21,14,1,11,10,19,25,24,22,2,15,23,14,11,25,19,12,22,3,13,16,7,15,5,21,8,25,18,6,1,25,15,15,1,11,18,5,26,16,1,1,13,9,22,26,18,17,23,2,1,12,18,1,10,25,19,10,6,10,24,20,14,1,22,9,1,18,18,6,26,13,26,17,9,11,22,22,5,6,26,9,9,8,1,21,5,12,5,6,18,13,26,18,17,15,16,20,20,18,24,12,21,3,20,24,26,20,17,7,10,8,9,22,9,11,8,15,24,16,7,17,13,23,13,5,8,15,26,21,21,18,18,13,5,9,14,11,17,13,16,1,8,5,25,23,24,8,21,21,21,14,2,16,10,16,8,13,26,4,2,26",5000,100
30,78,294957.57490997517,22.91249110246876,"17,9,5,6,23,3,8,7,18,20,12,4,26,4,21,14,1,11,10,19,25,24,22,2,15,23,14,11,25,19,12,22,3,13,16,7,15,5,21,8,25,18,6,1,25,15,15,1,11,18,5,26,16,1,1,13,9,22,26,18,17,23,2,1,12,18,1,10,25,19,10,6,10,24,20,14,1,22,9,1,18,18,6,26,13,26,17,9,11,22,22,5,6,26,9,9,8,1,21,5,12,5,6,18,13,26,18,17,15,16,20,20,18,24,12,21,3,20,24,26,20,17,7,10,8,9,22,9,11,8,15,24,16,7,17,13,23,13,5,8,15,26,21,21,18,18,13,5,9,14,11,17,13,16,1,8,5,25,23,24,8,21,21,21,14,2,16,10,16,8,13,26,4,2,26",5000,100
30,79,294957.57490997517,22.91249110246876,"17,9,5,6,23,3,8,7,18,20,12,4,26,4,21,14,1,11,10,19,25,24,22,2,15,23,14,11,25,19,12,22,3,13,16,7,15,5,21,8,25,18,6,1,25,15,15,1,11,18,5,26,16,1,1,13,9,22,26,18,17,23,2,1,12,18,1,10,25,19,10,6,10,24,20,14,1,22,9,1,18,18,6,26,13,26,17,9,11,22,22,5,6,26,9,9,8,1,21,5,12,5,6,18,13,26,18,17,15,16,20,20,18,24,12,21,3,20,24,26,20,17,7,10,8,9,22,9,11,8,15,24,16,7,17,13,23,13,5,8,15,26,21,21,18,18,13,5,9,14,11,17,13,16,1,8,5,25,23,24,8,21,21,21,14,2,16,10,16,8,13,26,4,2,26",5000,100
30,80,294957.57490997517,22.91249110246876,"17,9,5,6,23,3,8,7,18,20,12,4,26,4,21,14,1,11,10,19,25,24,22,2,15,23,14,11,25,19,12,22,3,13,16,7,15,5,21,8,25,18,6,1,25,15,15,1,11,18,5,26,16,1,1,13,9,22,26,18,17,23,2,1,12,18,1,10,25,19,10,6,10,24,20,14,1,22,9,1,18,18,6,26,13,26,17,9,11,22,22,5,6,26,9,9,8,1,21,5,12,5,6,18,13,26,18,17,15,16,20,20,18,24,12,21,3,20,24,26,20,17,7,10,8,9,22,9,11,8,15,24,16,7,17,13,23,13,5,8,15,26,21,21,18,18,13,5,9,14,11,17,13,16,1,8,5,25,23,24,8,21,21,21,14,2,16,10,16,8,13,26,4,2,26",5000,100
30,81,294957.57490997517,22.91249110246876,"17,9,5,6,23,3,8,7,18,20,12,4,26,4,21,14,1,11,10,19,25,24,22,2,15,23,14,11,25,19,12,22,3,13,16,7,15,5,21,8,25,18,6,1,25,15,15,1,11,18,5,26,16,1,1,13,9,22,26,18,17,23,2,1,12,18,1,10,25,19,10,6,10,24,20,14,1,22,9,1,18,18,6,26,13,26,17,9,11,22,22,5,6,26,9,9,8,1,21,5,12,5,6,18,13,26,18,17,15,16,20,20,18,24,12,21,3,20,24,26,20,17,7,10,8,9,22,9,11,8,15,24,16,7,17,13,23,13,5,8,15,26,21,21,18,18,13,5,9,14,11,17,13,16,1,8,5,25,23,24,8,21,21,21,14,2,16,10,16,8,13,26,4,2,26",5000,100
30,82,294957.57490997517,22.91249110246876,"17,9,5,6,23,3,8,7,18,20,12,4,26,4,21,14,1,11,10,19,25,24,22,2,15,23,14,11,25,19,12,22,3,13,16,7,15,5,21,8,25,18,6,1,25,15,15,1,11,18,5,26,16,1,1,13,9,22,26,18,17,23,2,1,12,18,1,10,25,19,10,6,10,24,20,14,1,22,9,1,18,18,6,26,13,26,17,9,11,22,22,5,6,26,9,9,8,1,21,5,12,5,6,18,13,26,18,17,15,16,20,20,18,24,12,21,3,20,24,26,20,17,7,10,8,9,22,9,11,8,15,24,16,7,17,13,23,13,5,8,15,26,21,21,18,18,13,5,9,14,11,17,13,16,1,8,5,25,23,24,8,21,21,21,14,2,16,10,16,8,13,26,4,2,26",5000,100
30,83,294957.57490997517,22.91249110246876,"17,9,5,6,23,3,8,7,18,20,12,4,26,4,21,14,1,11,10,19,25,24,22,2,15,23,14,11,25,19,12,22,3,13,16,7,15,5,21,8,25,18,6,1,25,15,15,1,11,18,5,26,16,1,1,13,9,22,26,18,17,23,2,1,12,18,1,10,25,19,10,6,10,24,20,14,1,22,9,1,18,18,6,26,13,26,17,9,11,22,22,5,6,26,9,9,8,1,21,5,12,5,6,18,13,26,18,17,15,16,20,20,18,24,12,21,3,20,24,26,20,17,7,10,8,9,22,9,11,8,15,24,16,7,17,13,23,13,5,8,15,26,21,21,18,18,13,5,9,14,11,17,13,16,1,8,5,25,23,24,8,21,21,21,14,2,16,10,16,8,13,26,4,2,26",5000,100
30,84,294957.57490997517,22.91249110246876,"17,9,5,6,23,3,8,7,18,20,12,4,26,4,21,14,1,11,10,19,25,24,22,2,15,23,14,11,25,19,12,22,3,13,16,7,15,5,21,8,25,18,6,1,25,15,15,1,11,18,5,26,16,1,1,13,9,22,26,18,17,23,2,1,12,18,1,10,25,19,10,6,10,24,20,14,1,22,9,1,18,18,6,26,13,26,17,9,11,22,22,5,6,26,9,9,8,1,21,5,12,5,6,18,13,26,18,17,15,16,20,20,18,24,12,21,3,20,24,26,20,17,7,10,8,9,22,9,11,8,15,24,16,7,17,13,23,13,5,8,15,26,21,21,18,18,13,5,9,14,11,17,13,16,1,8,5,25,23,24,8,21,21,21,14,2,16,10,16,8,13,26,4,2,26",5000,100
30,85,294957.57490997517,22.91249110246876,"17,9,5,6,23,3,8,7,18,20,12,4,26,4,21,14,1,11,10,19,25,24,22,2,15,23,14,11,25,19,12,22,3,13,16,7,15,5,21,8,25,18,6,1,25,15,15,1,11,18,5,26,16,1,1,13,9,22,26,18,17,23,2,1,12,18,1,10,25,19,10,6,10,24,20,14,1,22,9,1,18,18,6,26,13,26,17,9,11,22,22,5,6,26,9,9,8,1,21,5,12,5,6,18,13,26,18,17,15,16,20,20,18,24,12,21,3,20,24,26,20,17,7,10,8,9,22,9,11,8,15,24,16,7,17,13,23,13,5,8,15,26,21,21,18,18,13,5,9,14,11,17,13,16,1,8,5,25,23,24,8,21,21,21,14,2,16,10,16,8,13,26,4,2,26",5000,100
30,86,294957.57490997517,22.91249110246876,"17,9,5,6,23,3,8,7,18,20,12,4,26,4,21,14,1,11,10,19,25,24,22,2,15,23,14,11,25,19,12,22,3,13,16,7,15,5,21,8,25,18,6,1,25,15,15,1,11,18,5,26,16,1,1,13,9,22,26,18,17,23,2,1,12,18,1,10,25,19,10,6,10,24,20,14,1,22,9,1,18,18,6,26,13,26,17,9,11,22,22,5,6,26,9,9,8,1,21,5,12,5,6,18,13,26,18,17,15,16,20,20,18,24,12,21,3,20,24,26,20,17,7,10,8,9,22,9,11,8,15,24,16,7,17,13,23,13,5,8,15,26,21,21,18,18,13,5,9,14,11,17,13,16,1,8,5,25,23,24,8,21,21,21,14,2,16,10,16,8,13,26,4,2,26",5000,100
30,87,294957.57490997517,22.91249110246876,"17,9,5,6,23,3,8,7,18,20,12,4,26,4,21,14,1,11,10,19,25,24,22,2,15,23,14,11,25,19,12,22,3,13,16,7,15,5,21,8,25,18,6,1,25,15,15,1,11,18,5,26,16,1,1,13,9,22,26,18,17,23,2,1,12,18,1,10,25,19,10,6,10,24,20,14,1,22,9,1,18,18,6,26,13,26,17,9,11,22,22,5,6,26,9,9,8,1,21,5,12,5,6,18,13,26,18,17,15,16,20,20,18,24,12,21,3,20,24,26,20,17,7,10,8,9,22,9,11,8,15,24,16,7,17,13,23,13,5,8,15,26,21,21,18,18,13,5,9,14,11,17,13,16,1,8,5,25,23,24,8,21,21,21,14,2,16,10,16,8,13,26,4,2,26",5000,100
30,88,294957.57490997517,22.91249110246876,"17,9,5,6,23,3,8,7,18,20,12,4,26,4,21,14,1,11,10,19,25,24,22,2,15,23,14,11,25,19,12,22,3,13,16,7,15,5,21,8,25,18,6,1,25,15,15,1,11,18,5,26,16,1,1,13,9,22,26,18,17,23,2,1,12,18,1,10,25,19,10,6,10,24,20,14,1,22,9,1,18,18,6,26,13,26,17,9,11,22,22,5,6,26,9,9,8,1,21,5,12,5,6,18,13,26,18,17,15,16,20,20,18,24,12,21,3,20,24,26,20,17,7,10,8,9,22,9,11,8,15,24,16,7,17,13,23,13,5,8,15,26,21,21,18,18,13,5,9,14,11,17,13,16,1,8,5,25,23,24,8,21,21,21,14,2,16,10,16,8,13,26,4,2,26",5000,100
30,89,294957.57490997517,22.91249110246876,"17,9,5,6,23,3,8,7,18,20,12,4,26,4,21,14,1,11,10,19,25,24,22,2,15,23,14,11,25,19,12,22,3,13,16,7,15,5,21,8,25,18,6,1,25,15,15,1,11,18,5,26,16,1,1,13,9,22,26,18,17,23,2,1,12,18,1,10,25,19,10,6,10,24,20,14,1,22,9,1,18,18,6,26,13,26,17,9,11,22,22,5,6,26,9,9,8,1,21,5,12,5,6,18,13,26,18,17,15,16,20,20,18,24,12,21,3,20,24,26,20,17,7,10,8,9,22,9,11,8,15,24,16,7,17,13,23,13,5,8,15,26,21,21,18,18,13,5,9,14,11,17,13,16,1,8,5,25,23,24,8,21,21,21,14,2,16,10,16,8,13,26,4,2,26",5000,100
30,90,294957.57490997517,22.91249110246876,"17,9,5,6,23,3,8,7,18,20,12,4,26,4,21,14,1,11,10,19,25,24,22,2,15,23,14,11,25,19,12,22,3,13,16,7,15,5,21,8,25,18,6,1,25,15,15,1,11,18,5,26,16,1,1,13,9,22,26,18,17,23,2,1,12,18,1,10,25,19,10,6,10,24,20,14,1,22,9,1,18,18,6,26,13,26,17,9,11,22,22,5,6,26,9,9,8,1,21,5,12,5,6,18,13,26,18,17,15,16,20,20,18,24,12,21,3,20,24,26,20,17,7,10,8,9,22,9,11,8,15,24,16,7,17,13,23,13,5,8,15,26,21,21,18,18,13,5,9,14,11,17,13,16,1,8,5,25,23,24,8,21,21,21,14,2,16,10,16,8,13,26,4,2,26",5000,100
30,91,294957.57490997517,22.91249110246876,"17,9,5,6,23,3,8,7,18,20,12,4,26,4,21,14,1,11,10,19,25,24,22,2,15,23,14,11,25,19,12,22,3,13,16,7,15,5,21,8,25,18,6,1,25,15,15,1,11,18,5,26,16,1,1,13,9,22,26,18,17,23,2,1,12,18,1,10,25,19,10,6,10,24,20,14,1,22,9,1,18,18,6,26,13,26,17,9,11,22,22,5,6,26,9,9,8,1,21,5,12,5,6,18,13,26,18,17,15,16,20,20,18,24,12,21,3,20,24,26,20,17,7,10,8,9,22,9,11,8,15,24,16,7,17,13,23,13,5,8,15,26,21,21,18,18,13,5,9,14,11,17,13,16,1,8,5,25,23,24,8,21,21,21,14,2,16,10,16,8,13,26,4,2,26",5000,100
30,92,294957.57490997517,22.91249110246876,"17,9,5,6,23,3,8,7,18,20,12,4,26,4,21,14,1,11,10,19,25,24,22,2,15,23,14,11,25,19,12,22,3,13,16,7,15,5,21,8,25,18,6,1,25,15,15,1,11,18,5,26,16,1,1,13,9,22,26,18,17,23,2,1,12,18,1,10,25,19,10,6,10,24,20,14,1,22,9,1,18,18,6,26,13,26,17,9,11,22,22,5,6,26,9,9,8,1,21,5,12,5,6,18,13,26,18,17,15,16,20,20,18,24,12,21,3,20,24,26,20,17,7,10,8,9,22,9,11,8,15,24,16,7,17,13,23,13,5,8,15,26,21,21,18,18,13,5,9,14,11,17,13,16,1,8,5,25,23,24,8,21,21,21,14,2,16,10,16,8,13,26,4,2,26",5000,100
30,93,294957.57490997517,22.91249110246876,"17,9,5,6,23,3,8,7,18,20,12,4,26,4,21,14,1,11,10,19,25,24,22,2,15,23,14,11,25,19,12,22,3,13,16,7,15,5,21,8,25,18,6,1,25,15,15,1,11,18,5,26,16,1,1,13,9,22,26,18,17,23,2,1,12,18,1,10,25,19,10,6,10,24,20,14,1,22,9,1,18,18,6,26,13,26,17,9,11,22,22,5,6,26,9,9,8,1,21,5,12,5,6,18,13,26,18,17,15,16,20,20,18,24,12,21,3,20,24,26,20,17,7,10,8,9,22,9,11,8,15,24,16,7,17,13,23,13,5,8,15,26,21,21,18,18,13,5,9,14,11,17,13,16,1,8,5,25,23,24,8,21,21,21,14,2,16,10,16,8,13,26,4,2,26",5000,100
30,94,294957.57490997517,22.91249110246876,"17,9,5,6,23,3,8,7,18,20,12,4,26,4,21,14,1,11,10,19,25,24,22,2,15,23,14,11,25,19,12,22,3,13,16,7,15,5,21,8,25,18,6,1,25,15,15,1,11,18,5,26,16,1,1,13,9,22,26,18,17,23,2,1,12,18,1,10,25,19,10,6,10,24,20,14,1,22,9,1,18,18,6,26,13,26,17,9,11,22,22,5,6,26,9,9,8,1,21,5,12,5,6,18,13,26,18,17,15,16,20,20,18,24,12,21,3,20,24,26,20,17,7,10,8,9,22,9,11,8,15,24,16,7,17,13,23,13,5,8,15,26,21,21,18,18,13,5,9,14,11,17,13,16,1,8,5,25,23,24,8,21,21,21,14,2,16,10,16,8,13,26,4,2,26",5000,100
30,95,294957.57490997517,22.91249110246876,"17,9,5,6,23,3,8,7,18,20,12,4,26,4,21,14,1,11,10,19,25,24,22,2,15,23,14,11,25,19,12,22,3,13,16,7,15,5,21,8,25,18,6,1,25,15,15,1,11,18,5,26,16,1,1,13,9,22,26,18,17,23,2,1,12,18,1,10,25,19,10,6,10,24,20,14,1,22,9,1,18,18,6,26,13,26,17,9,11,22,22,5,6,26,9,9,8,1,21,5,12,5,6,18,13,26,18,17,15,16,20,20,18,24,12,21,3,20,24,26,20,17,7,10,8,9,22,9,11,8,15,24,16,7,17,13,23,13,5,8,15,26,21,21,18,18,13,5,9,14,11,17,13,16,1,8,5,25,23,24,8,21,21,21,14,2,16,10,16,8,13,26,4,2,26",5000,100
30,96,294957.57490997517,22.91249110246876,"17,9,5,6,23,3,8,7,18,20,12,4,26,4,21,14,1,11,10,19,25,24,22,2,15,23,14,11,25,19,12,22,3,13,16,7,15,5,21,8,25,18,6,1,25,15,15,1,11,18,5,26,16,1,1,13,9,22,26,18,17,23,2,1,12,18,1,10,25,19,10,6,10,24,20,14,1,22,9,1,18,18,6,26,13,26,17,9,11,22,22,5,6,26,9,9,8,1,21,5,12,5,6,18,13,26,18,17,15,16,20,20,18,24,12,21,3,20,24,26,20,17,7,10,8,9,22,9,11,8,15,24,16,7,17,13,23,13,5,8,15,26,21,21,18,18,13,5,9,14,11,17,13,16,1,8,5,25,23,24,8,21,21,21,14,2,16,10,16,8,13,26,4,2,26",5000,100
30,97,294957.57490997517,22.91249110246876,"17,9,5,6,23,3,8,7,18,20,12,4,26,4,21,14,1,11,10,19,25,24,22,2,15,23,14,11,25,19,12,22,3,13,16,7,15,5,21,8,25,18,6,1,25,15,15,1,11,18,5,26,16,1,1,13,9,22,26,18,17,23,2,1,12,18,1,10,25,19,10,6,10,24,20,14,1,22,9,1,18,18,6,26,13,26,17,9,11,22,22,5,6,26,9,9,8,1,21,5,12,5,6,18,13,26,18,17,15,16,20,20,18,24,12,21,3,20,24,26,20,17,7,10,8,9,22,9,11,8,15,24,16,7,17,13,23,13,5,8,15,26,21,21,18,18,13,5,9,14,11,17,13,16,1,8,5,25,23,24,8,21,21,21,14,2,16,10,16,8,13,26,4,2,26",5000,100
30,98,294957.57490997517,22.91249110246876,"17,9,5,6,23,3,8,7,18,20,12,4,26,4,21,14,1,11,10,19,25,24,22,2,15,23,14,11,25,19,12,22,3,13,16,7,15,5,21,8,25,18,6,1,25,15,15,1,11,18,5,26,16,1,1,13,9,22,26,18,17,23,2,1,12,18,1,10,25,19,10,6,10,24,20,14,1,22,9,1,18,18,6,26,13,26,17,9,11,22,22,5,6,26,9,9,8,1,21,5,12,5,6,18,13,26,18,17,15,16,20,20,18,24,12,21,3,20,24,26,20,17,7,10,8,9,22,9,11,8,15,24,16,7,17,13,23,13,5,8,15,26,21,21,18,18,13,5,9,14,11,17,13,16,1,8,5,25,23,24,8,21,21,21,14,2,16,10,16,8,13,26,4,2,26",5000,100
30,99,298242.93404209556,22.892338709656407,"17,9,5,6,23,3,8,7,18,20,12,4,26,4,21,14,1,11,10,19,25,24,22,2,15,23,14,11,25,19,12,22,3,13,16,7,15,5,21,8,25,18,6,1,25,15,15,1,11,18,5,26,16,1,1,13,9,22,26,18,17,23,1,1,12,18,1,10,25,19,10,6,10,24,20,14,1,22,9,1,18,18,6,26,13,26,17,9,11,22,22,5,6,26,9,9,8,1,21,5,12,5,6,18,13,26,18,17,15,16,20,20,18,24,12,21,3,20,24,26,20,17,20,10,8,9,22,9,11,8,15,24,16,7,17,13,23,13,5,8,15,26,21,21,18,18,13,5,9,14,11,17,13,16,1,8,5,25,23,24,8,21,21,21,14,2,16,10,16,8,13,26,4,2,26",5000,100
