run,solution_idx,f1,f2,n_evaluations,n_generations
0,0,313933.22465574805,26.398969676864283,5000,100
1,0,265979.8958189562,21.54311026755422,5000,100
1,1,265979.8958189562,21.54311026755422,5000,100
1,2,265979.8958189562,21.54311026755422,5000,100
1,3,265979.8958189562,21.54311026755422,5000,100
1,4,265979.8958189562,21.54311026755422,5000,100
1,5,265979.8958189562,21.54311026755422,5000,100
1,6,265979.8958189562,21.54311026755422,5000,100
1,7,265979.8958189562,21.54311026755422,5000,100
1,8,265979.8958189562,21.54311026755422,5000,100
1,9,265979.8958189562,21.54311026755422,5000,100
1,10,265979.8958189562,21.54311026755422,5000,100
1,11,265979.8958189562,21.54311026755422,5000,100
1,12,265979.8958189562,21.54311026755422,5000,100
1,13,265979.8958189562,21.54311026755422,5000,100
1,14,265979.8958189562,21.54311026755422,5000,100
1,15,265979.8958189562,21.54311026755422,5000,100
1,16,265979.8958189562,21.54311026755422,5000,100
1,17,265979.8958189562,21.54311026755422,5000,100
1,18,265979.8958189562,21.54311026755422,5000,100
1,19,265979.8958189562,21.54311026755422,5000,100
1,20,265979.8958189562,21.54311026755422,5000,100
1,21,265979.8958189562,21.54311026755422,5000,100
1,22,265979.8958189562,21.54311026755422,5000,100
1,23,265979.8958189562,21.54311026755422,5000,100
1,24,265979.8958189562,21.54311026755422,5000,100
1,25,265979.8958189562,21.54311026755422,5000,100
1,26,265979.8958189562,21.54311026755422,5000,100
1,27,265979.8958189562,21.54311026755422,5000,100
1,28,265979.8958189562,21.54311026755422,5000,100
1,29,265979.8958189562,21.54311026755422,5000,100
1,30,265979.8958189562,21.54311026755422,5000,100
1,31,265979.8958189562,21.54311026755422,5000,100
1,32,265979.8958189562,21.54311026755422,5000,100
1,33,265979.8958189562,21.54311026755422,5000,100
1,34,265979.8958189562,21.54311026755422,5000,100
1,35,265979.8958189562,21.54311026755422,5000,100
1,36,265979.8958189562,21.54311026755422,5000,100
1,37,265979.8958189562,21.54311026755422,5000,100
1,38,265979.8958189562,21.54311026755422,5000,100
1,39,265979.8958189562,21.54311026755422,5000,100
1,40,265979.8958189562,21.54311026755422,5000,100
1,41,265979.8958189562,21.54311026755422,5000,100
1,42,265979.8958189562,21.54311026755422,5000,100
1,43,265979.8958189562,21.54311026755422,5000,100
1,44,265979.8958189562,21.54311026755422,5000,100
1,45,265979.8958189562,21.54311026755422,5000,100
1,46,265979.8958189562,21.54311026755422,5000,100
1,47,265979.8958189562,21.54311026755422,5000,100
1,48,265979.8958189562,21.54311026755422,5000,100
1,49,265979.8958189562,21.54311026755422,5000,100
1,50,265979.8958189562,21.54311026755422,5000,100
1,51,265979.8958189562,21.54311026755422,5000,100
1,52,265979.8958189562,21.54311026755422,5000,100
1,53,265979.8958189562,21.54311026755422,5000,100
1,54,265979.8958189562,21.54311026755422,5000,100
1,55,265979.8958189562,21.54311026755422,5000,100
1,56,265979.8958189562,21.54311026755422,5000,100
1,57,265979.8958189562,21.54311026755422,5000,100
1,58,265979.8958189562,21.54311026755422,5000,100
1,59,265979.8958189562,21.54311026755422,5000,100
1,60,265979.8958189562,21.54311026755422,5000,100
1,61,265979.8958189562,21.54311026755422,5000,100
1,62,265979.8958189562,21.54311026755422,5000,100
1,63,265979.8958189562,21.54311026755422,5000,100
1,64,265979.8958189562,21.54311026755422,5000,100
1,65,265979.8958189562,21.54311026755422,5000,100
1,66,265979.8958189562,21.54311026755422,5000,100
1,67,265979.8958189562,21.54311026755422,5000,100
1,68,265979.8958189562,21.54311026755422,5000,100
1,69,265979.8958189562,21.54311026755422,5000,100
1,70,265979.8958189562,21.54311026755422,5000,100
1,71,265979.8958189562,21.54311026755422,5000,100
1,72,265979.8958189562,21.54311026755422,5000,100
1,73,265979.8958189562,21.54311026755422,5000,100
1,74,265979.8958189562,21.54311026755422,5000,100
1,75,265979.8958189562,21.54311026755422,5000,100
1,76,265979.8958189562,21.54311026755422,5000,100
1,77,265979.8958189562,21.54311026755422,5000,100
1,78,265979.8958189562,21.54311026755422,5000,100
1,79,265979.8958189562,21.54311026755422,5000,100
1,80,265979.8958189562,21.54311026755422,5000,100
1,81,265979.8958189562,21.54311026755422,5000,100
1,82,265979.8958189562,21.54311026755422,5000,100
1,83,265979.8958189562,21.54311026755422,5000,100
1,84,265979.8958189562,21.54311026755422,5000,100
1,85,265979.8958189562,21.54311026755422,5000,100
1,86,265979.8958189562,21.54311026755422,5000,100
1,87,265979.8958189562,21.54311026755422,5000,100
1,88,265979.8958189562,21.54311026755422,5000,100
1,89,265979.8958189562,21.54311026755422,5000,100
1,90,265979.8958189562,21.54311026755422,5000,100
1,91,265979.8958189562,21.54311026755422,5000,100
1,92,265979.8958189562,21.54311026755422,5000,100
1,93,265979.8958189562,21.54311026755422,5000,100
1,94,265979.8958189562,21.54311026755422,5000,100
1,95,265979.8958189562,21.54311026755422,5000,100
1,96,265979.8958189562,21.54311026755422,5000,100
1,97,265979.8958189562,21.54311026755422,5000,100
1,98,265979.8958189562,21.54311026755422,5000,100
1,99,265979.8958189562,21.54311026755422,5000,100
2,0,312649.3593675792,25.620804046711726,5000,100
3,0,331418.3288613472,31.52944021069832,5000,100
3,1,331418.3288613472,31.52944021069832,5000,100
3,2,331418.3288613472,31.52944021069832,5000,100
3,3,331418.3288613472,31.52944021069832,5000,100
3,4,331418.3288613472,31.52944021069832,5000,100
3,5,331418.3288613472,31.52944021069832,5000,100
3,6,331418.3288613472,31.52944021069832,5000,100
3,7,331418.3288613472,31.52944021069832,5000,100
3,8,331418.3288613472,31.52944021069832,5000,100
3,9,331418.3288613472,31.52944021069832,5000,100
3,10,331418.3288613472,31.52944021069832,5000,100
3,11,331418.3288613472,31.52944021069832,5000,100
3,12,331418.3288613472,31.52944021069832,5000,100
3,13,331418.3288613472,31.52944021069832,5000,100
3,14,331418.3288613472,31.52944021069832,5000,100
3,15,331418.3288613472,31.52944021069832,5000,100
3,16,331418.3288613472,31.52944021069832,5000,100
3,17,331418.3288613472,31.52944021069832,5000,100
3,18,331418.3288613472,31.52944021069832,5000,100
3,19,331418.3288613472,31.52944021069832,5000,100
3,20,331418.3288613472,31.52944021069832,5000,100
3,21,331418.3288613472,31.52944021069832,5000,100
3,22,331418.3288613472,31.52944021069832,5000,100
3,23,331418.3288613472,31.52944021069832,5000,100
3,24,331418.3288613472,31.52944021069832,5000,100
3,25,331418.3288613472,31.52944021069832,5000,100
3,26,331418.3288613472,31.52944021069832,5000,100
3,27,331418.3288613472,31.52944021069832,5000,100
3,28,331418.3288613472,31.52944021069832,5000,100
3,29,331418.3288613472,31.52944021069832,5000,100
3,30,331418.3288613472,31.52944021069832,5000,100
3,31,331418.3288613472,31.52944021069832,5000,100
3,32,331418.3288613472,31.52944021069832,5000,100
3,33,331418.3288613472,31.52944021069832,5000,100
3,34,331418.3288613472,31.52944021069832,5000,100
3,35,331418.3288613472,31.52944021069832,5000,100
3,36,331418.3288613472,31.52944021069832,5000,100
3,37,331418.3288613472,31.52944021069832,5000,100
3,38,331418.3288613472,31.52944021069832,5000,100
3,39,331418.3288613472,31.52944021069832,5000,100
3,40,331418.3288613472,31.52944021069832,5000,100
3,41,331418.3288613472,31.52944021069832,5000,100
3,42,331418.3288613472,31.52944021069832,5000,100
3,43,331418.3288613472,31.52944021069832,5000,100
3,44,331418.3288613472,31.52944021069832,5000,100
3,45,331418.3288613472,31.52944021069832,5000,100
3,46,331418.3288613472,31.52944021069832,5000,100
3,47,331418.3288613472,31.52944021069832,5000,100
3,48,331418.3288613472,31.52944021069832,5000,100
3,49,331418.3288613472,31.52944021069832,5000,100
3,50,331418.3288613472,31.52944021069832,5000,100
3,51,331418.3288613472,31.52944021069832,5000,100
3,52,331418.3288613472,31.52944021069832,5000,100
3,53,331418.3288613472,31.52944021069832,5000,100
3,54,331418.3288613472,31.52944021069832,5000,100
3,55,331418.3288613472,31.52944021069832,5000,100
3,56,331418.3288613472,31.52944021069832,5000,100
3,57,331418.3288613472,31.52944021069832,5000,100
3,58,331418.3288613472,31.52944021069832,5000,100
3,59,331418.3288613472,31.52944021069832,5000,100
3,60,331418.3288613472,31.52944021069832,5000,100
3,61,331418.3288613472,31.52944021069832,5000,100
3,62,331418.3288613472,31.52944021069832,5000,100
3,63,331418.3288613472,31.52944021069832,5000,100
3,64,331418.3288613472,31.52944021069832,5000,100
3,65,331418.3288613472,31.52944021069832,5000,100
3,66,331418.3288613472,31.52944021069832,5000,100
3,67,331418.3288613472,31.52944021069832,5000,100
3,68,331418.3288613472,31.52944021069832,5000,100
3,69,331418.3288613472,31.52944021069832,5000,100
3,70,331418.3288613472,31.52944021069832,5000,100
3,71,331418.3288613472,31.52944021069832,5000,100
3,72,331418.3288613472,31.52944021069832,5000,100
3,73,331418.3288613472,31.52944021069832,5000,100
3,74,331418.3288613472,31.52944021069832,5000,100
3,75,331418.3288613472,31.52944021069832,5000,100
3,76,331418.3288613472,31.52944021069832,5000,100
3,77,331418.3288613472,31.52944021069832,5000,100
3,78,331418.3288613472,31.52944021069832,5000,100
3,79,331418.3288613472,31.52944021069832,5000,100
3,80,331418.3288613472,31.52944021069832,5000,100
3,81,331418.3288613472,31.52944021069832,5000,100
3,82,331418.3288613472,31.52944021069832,5000,100
3,83,331418.3288613472,31.52944021069832,5000,100
3,84,331418.3288613472,31.52944021069832,5000,100
3,85,331418.3288613472,31.52944021069832,5000,100
3,86,331418.3288613472,31.52944021069832,5000,100
3,87,331418.3288613472,31.52944021069832,5000,100
3,88,331418.3288613472,31.52944021069832,5000,100
3,89,331418.3288613472,31.52944021069832,5000,100
3,90,331418.3288613472,31.52944021069832,5000,100
3,91,331418.3288613472,31.52944021069832,5000,100
3,92,331418.3288613472,31.52944021069832,5000,100
3,93,331418.3288613472,31.52944021069832,5000,100
3,94,331418.3288613472,31.52944021069832,5000,100
3,95,331418.3288613472,31.52944021069832,5000,100
3,96,331418.3288613472,31.52944021069832,5000,100
3,97,331418.3288613472,31.52944021069832,5000,100
3,98,331418.3288613472,31.52944021069832,5000,100
3,99,331418.3288613472,31.52944021069832,5000,100
4,0,283351.5829345272,23.4628557511655,5000,100
4,1,283351.5829345272,23.4628557511655,5000,100
4,2,283351.5829345272,23.4628557511655,5000,100
4,3,283351.5829345272,23.4628557511655,5000,100
4,4,283351.5829345272,23.4628557511655,5000,100
4,5,283351.5829345272,23.4628557511655,5000,100
4,6,283351.5829345272,23.4628557511655,5000,100
4,7,283351.5829345272,23.4628557511655,5000,100
4,8,283351.5829345272,23.4628557511655,5000,100
4,9,283351.5829345272,23.4628557511655,5000,100
4,10,283351.5829345272,23.4628557511655,5000,100
4,11,283351.5829345272,23.4628557511655,5000,100
4,12,283351.5829345272,23.4628557511655,5000,100
4,13,283351.5829345272,23.4628557511655,5000,100
4,14,283351.5829345272,23.4628557511655,5000,100
4,15,283351.5829345272,23.4628557511655,5000,100
4,16,283351.5829345272,23.4628557511655,5000,100
4,17,283351.5829345272,23.4628557511655,5000,100
4,18,283351.5829345272,23.4628557511655,5000,100
4,19,283351.5829345272,23.4628557511655,5000,100
4,20,283351.5829345272,23.4628557511655,5000,100
4,21,283351.5829345272,23.4628557511655,5000,100
4,22,283351.5829345272,23.4628557511655,5000,100
4,23,283351.5829345272,23.4628557511655,5000,100
4,24,283351.5829345272,23.4628557511655,5000,100
4,25,283351.5829345272,23.4628557511655,5000,100
4,26,283351.5829345272,23.4628557511655,5000,100
4,27,283351.5829345272,23.4628557511655,5000,100
4,28,283351.5829345272,23.4628557511655,5000,100
4,29,283351.5829345272,23.4628557511655,5000,100
4,30,283351.5829345272,23.4628557511655,5000,100
4,31,283351.5829345272,23.4628557511655,5000,100
4,32,283351.5829345272,23.4628557511655,5000,100
4,33,283351.5829345272,23.4628557511655,5000,100
4,34,283351.5829345272,23.4628557511655,5000,100
4,35,283351.5829345272,23.4628557511655,5000,100
4,36,283351.5829345272,23.4628557511655,5000,100
4,37,283351.5829345272,23.4628557511655,5000,100
4,38,283351.5829345272,23.4628557511655,5000,100
4,39,283351.5829345272,23.4628557511655,5000,100
4,40,283351.5829345272,23.4628557511655,5000,100
4,41,283351.5829345272,23.4628557511655,5000,100
4,42,283351.5829345272,23.4628557511655,5000,100
4,43,283351.5829345272,23.4628557511655,5000,100
4,44,283351.5829345272,23.4628557511655,5000,100
4,45,283351.5829345272,23.4628557511655,5000,100
4,46,283351.5829345272,23.4628557511655,5000,100
4,47,283351.5829345272,23.4628557511655,5000,100
4,48,283351.5829345272,23.4628557511655,5000,100
4,49,283351.5829345272,23.4628557511655,5000,100
4,50,283351.5829345272,23.4628557511655,5000,100
4,51,283351.5829345272,23.4628557511655,5000,100
4,52,283351.5829345272,23.4628557511655,5000,100
4,53,283351.5829345272,23.4628557511655,5000,100
4,54,283351.5829345272,23.4628557511655,5000,100
4,55,283351.5829345272,23.4628557511655,5000,100
4,56,283351.5829345272,23.4628557511655,5000,100
4,57,283351.5829345272,23.4628557511655,5000,100
4,58,283351.5829345272,23.4628557511655,5000,100
4,59,283351.5829345272,23.4628557511655,5000,100
4,60,283351.5829345272,23.4628557511655,5000,100
4,61,283351.5829345272,23.4628557511655,5000,100
4,62,283351.5829345272,23.4628557511655,5000,100
4,63,283351.5829345272,23.4628557511655,5000,100
4,64,283351.5829345272,23.4628557511655,5000,100
4,65,283351.5829345272,23.4628557511655,5000,100
4,66,283351.5829345272,23.4628557511655,5000,100
4,67,283351.5829345272,23.4628557511655,5000,100
4,68,283351.5829345272,23.4628557511655,5000,100
4,69,283351.5829345272,23.4628557511655,5000,100
4,70,283351.5829345272,23.4628557511655,5000,100
4,71,283351.5829345272,23.4628557511655,5000,100
4,72,283351.5829345272,23.4628557511655,5000,100
4,73,283351.5829345272,23.4628557511655,5000,100
4,74,283351.5829345272,23.4628557511655,5000,100
4,75,283351.5829345272,23.4628557511655,5000,100
4,76,283351.5829345272,23.4628557511655,5000,100
4,77,283351.5829345272,23.4628557511655,5000,100
4,78,283351.5829345272,23.4628557511655,5000,100
4,79,283351.5829345272,23.4628557511655,5000,100
4,80,283351.5829345272,23.4628557511655,5000,100
4,81,283351.5829345272,23.4628557511655,5000,100
4,82,283351.5829345272,23.4628557511655,5000,100
4,83,283351.5829345272,23.4628557511655,5000,100
4,84,283351.5829345272,23.4628557511655,5000,100
4,85,283351.5829345272,23.4628557511655,5000,100
4,86,283351.5829345272,23.4628557511655,5000,100
4,87,283351.5829345272,23.4628557511655,5000,100
4,88,283351.5829345272,23.4628557511655,5000,100
4,89,283351.5829345272,23.4628557511655,5000,100
4,90,283351.5829345272,23.4628557511655,5000,100
4,91,283351.5829345272,23.4628557511655,5000,100
4,92,283351.5829345272,23.4628557511655,5000,100
4,93,283351.5829345272,23.4628557511655,5000,100
4,94,283351.5829345272,23.4628557511655,5000,100
4,95,283351.5829345272,23.4628557511655,5000,100
4,96,283351.5829345272,23.4628557511655,5000,100
4,97,283351.5829345272,23.4628557511655,5000,100
4,98,283351.5829345272,23.4628557511655,5000,100
4,99,283351.5829345272,23.4628557511655,5000,100
5,0,373138.98799565015,31.656051554165753,5000,100
6,0,305088.4151728336,27.229865956335516,5000,100
6,1,305088.4151728336,27.229865956335516,5000,100
6,2,305088.4151728336,27.229865956335516,5000,100
6,3,305088.4151728336,27.229865956335516,5000,100
6,4,305088.4151728336,27.229865956335516,5000,100
6,5,305088.4151728336,27.229865956335516,5000,100
6,6,305088.4151728336,27.229865956335516,5000,100
6,7,305088.4151728336,27.229865956335516,5000,100
6,8,305088.4151728336,27.229865956335516,5000,100
6,9,305088.4151728336,27.229865956335516,5000,100
6,10,305088.4151728336,27.229865956335516,5000,100
6,11,305088.4151728336,27.229865956335516,5000,100
6,12,305088.4151728336,27.229865956335516,5000,100
6,13,305088.4151728336,27.229865956335516,5000,100
6,14,305088.4151728336,27.229865956335516,5000,100
6,15,305088.4151728336,27.229865956335516,5000,100
6,16,305088.4151728336,27.229865956335516,5000,100
6,17,305088.4151728336,27.229865956335516,5000,100
6,18,305088.4151728336,27.229865956335516,5000,100
6,19,305088.4151728336,27.229865956335516,5000,100
6,20,305088.4151728336,27.229865956335516,5000,100
6,21,305088.4151728336,27.229865956335516,5000,100
6,22,305088.4151728336,27.229865956335516,5000,100
6,23,305088.4151728336,27.229865956335516,5000,100
6,24,305088.4151728336,27.229865956335516,5000,100
6,25,305088.4151728336,27.229865956335516,5000,100
6,26,305088.4151728336,27.229865956335516,5000,100
6,27,305088.4151728336,27.229865956335516,5000,100
6,28,305088.4151728336,27.229865956335516,5000,100
6,29,305088.4151728336,27.229865956335516,5000,100
6,30,305088.4151728336,27.229865956335516,5000,100
6,31,305088.4151728336,27.229865956335516,5000,100
6,32,305088.4151728336,27.229865956335516,5000,100
6,33,305088.4151728336,27.229865956335516,5000,100
6,34,305088.4151728336,27.229865956335516,5000,100
6,35,305088.4151728336,27.229865956335516,5000,100
6,36,305088.4151728336,27.229865956335516,5000,100
6,37,305088.4151728336,27.229865956335516,5000,100
6,38,305088.4151728336,27.229865956335516,5000,100
6,39,305088.4151728336,27.229865956335516,5000,100
6,40,305088.4151728336,27.229865956335516,5000,100
6,41,305088.4151728336,27.229865956335516,5000,100
6,42,305088.4151728336,27.229865956335516,5000,100
6,43,305088.4151728336,27.229865956335516,5000,100
6,44,305088.4151728336,27.229865956335516,5000,100
6,45,305088.4151728336,27.229865956335516,5000,100
6,46,305088.4151728336,27.229865956335516,5000,100
6,47,305088.4151728336,27.229865956335516,5000,100
6,48,305088.4151728336,27.229865956335516,5000,100
6,49,305088.4151728336,27.229865956335516,5000,100
6,50,305088.4151728336,27.229865956335516,5000,100
6,51,305088.4151728336,27.229865956335516,5000,100
6,52,305088.4151728336,27.229865956335516,5000,100
6,53,305088.4151728336,27.229865956335516,5000,100
6,54,305088.4151728336,27.229865956335516,5000,100
6,55,305088.4151728336,27.229865956335516,5000,100
6,56,305088.4151728336,27.229865956335516,5000,100
6,57,305088.4151728336,27.229865956335516,5000,100
6,58,305088.4151728336,27.229865956335516,5000,100
6,59,305088.4151728336,27.229865956335516,5000,100
6,60,305088.4151728336,27.229865956335516,5000,100
6,61,305088.4151728336,27.229865956335516,5000,100
6,62,305088.4151728336,27.229865956335516,5000,100
6,63,305088.4151728336,27.229865956335516,5000,100
6,64,305088.4151728336,27.229865956335516,5000,100
6,65,305088.4151728336,27.229865956335516,5000,100
6,66,305088.4151728336,27.229865956335516,5000,100
6,67,305088.4151728336,27.229865956335516,5000,100
6,68,305088.4151728336,27.229865956335516,5000,100
6,69,305088.4151728336,27.229865956335516,5000,100
6,70,305088.4151728336,27.229865956335516,5000,100
6,71,305088.4151728336,27.229865956335516,5000,100
6,72,305088.4151728336,27.229865956335516,5000,100
6,73,305088.4151728336,27.229865956335516,5000,100
6,74,305088.4151728336,27.229865956335516,5000,100
6,75,305088.4151728336,27.229865956335516,5000,100
6,76,305088.4151728336,27.229865956335516,5000,100
6,77,305088.4151728336,27.229865956335516,5000,100
6,78,305088.4151728336,27.229865956335516,5000,100
6,79,305088.4151728336,27.229865956335516,5000,100
6,80,305088.4151728336,27.229865956335516,5000,100
6,81,305088.4151728336,27.229865956335516,5000,100
6,82,305088.4151728336,27.229865956335516,5000,100
6,83,305088.4151728336,27.229865956335516,5000,100
6,84,305088.4151728336,27.229865956335516,5000,100
6,85,305088.4151728336,27.229865956335516,5000,100
6,86,305088.4151728336,27.229865956335516,5000,100
6,87,305088.4151728336,27.229865956335516,5000,100
6,88,305088.4151728336,27.229865956335516,5000,100
6,89,305088.4151728336,27.229865956335516,5000,100
6,90,305088.4151728336,27.229865956335516,5000,100
6,91,305088.4151728336,27.229865956335516,5000,100
6,92,305088.4151728336,27.229865956335516,5000,100
6,93,305088.4151728336,27.229865956335516,5000,100
6,94,305088.4151728336,27.229865956335516,5000,100
6,95,305088.4151728336,27.229865956335516,5000,100
6,96,305088.4151728336,27.229865956335516,5000,100
6,97,305088.4151728336,27.229865956335516,5000,100
6,98,305088.4151728336,27.229865956335516,5000,100
6,99,310274.0103041705,27.21811161708321,5000,100
7,0,448591.8384818964,30.07764835480918,5000,100
7,1,356503.0546974388,30.327967290934616,5000,100
7,2,326155.3082834382,31.562408019667956,5000,100
7,3,326143.1905747978,32.15004821147241,5000,100
7,4,326143.1905747978,32.15004821147241,5000,100
7,5,326143.1905747978,32.15004821147241,5000,100
7,6,326143.1905747978,32.15004821147241,5000,100
7,7,326143.1905747978,32.15004821147241,5000,100
7,8,439142.8363699537,30.255824737652674,5000,100
7,9,326143.1905747978,32.15004821147241,5000,100
7,10,326143.1905747978,32.15004821147241,5000,100
7,11,326143.1905747978,32.15004821147241,5000,100
7,12,326143.1905747978,32.15004821147241,5000,100
7,13,326143.1905747978,32.15004821147241,5000,100
7,14,326143.1905747978,32.15004821147241,5000,100
7,15,326143.1905747978,32.15004821147241,5000,100
7,16,326143.1905747978,32.15004821147241,5000,100
7,17,326143.1905747978,32.15004821147241,5000,100
7,18,326143.1905747978,32.15004821147241,5000,100
7,19,326143.1905747978,32.15004821147241,5000,100
7,20,326143.1905747978,32.15004821147241,5000,100
7,21,326143.1905747978,32.15004821147241,5000,100
7,22,326143.1905747978,32.15004821147241,5000,100
7,23,326143.1905747978,32.15004821147241,5000,100
7,24,326143.1905747978,32.15004821147241,5000,100
7,25,326143.1905747978,32.15004821147241,5000,100
7,26,326143.1905747978,32.15004821147241,5000,100
7,27,326143.1905747978,32.15004821147241,5000,100
7,28,326143.1905747978,32.15004821147241,5000,100
7,29,326143.1905747978,32.15004821147241,5000,100
7,30,326143.1905747978,32.15004821147241,5000,100
7,31,326143.1905747978,32.15004821147241,5000,100
7,32,326143.1905747978,32.15004821147241,5000,100
7,33,326143.1905747978,32.15004821147241,5000,100
7,34,326143.1905747978,32.15004821147241,5000,100
7,35,326143.1905747978,32.15004821147241,5000,100
7,36,326143.1905747978,32.15004821147241,5000,100
7,37,326143.1905747978,32.15004821147241,5000,100
7,38,326143.1905747978,32.15004821147241,5000,100
7,39,326143.1905747978,32.15004821147241,5000,100
7,40,326143.1905747978,32.15004821147241,5000,100
7,41,326143.1905747978,32.15004821147241,5000,100
7,42,326143.1905747978,32.15004821147241,5000,100
7,43,326143.1905747978,32.15004821147241,5000,100
7,44,326143.1905747978,32.15004821147241,5000,100
7,45,326143.1905747978,32.15004821147241,5000,100
7,46,326143.1905747978,32.15004821147241,5000,100
7,47,326143.1905747978,32.15004821147241,5000,100
7,48,326143.1905747978,32.15004821147241,5000,100
7,49,326143.1905747978,32.15004821147241,5000,100
7,50,326143.1905747978,32.15004821147241,5000,100
7,51,326143.1905747978,32.15004821147241,5000,100
7,52,326143.1905747978,32.15004821147241,5000,100
7,53,326143.1905747978,32.15004821147241,5000,100
7,54,326143.1905747978,32.15004821147241,5000,100
7,55,326143.1905747978,32.15004821147241,5000,100
7,56,326143.1905747978,32.15004821147241,5000,100
7,57,326143.1905747978,32.15004821147241,5000,100
7,58,326143.1905747978,32.15004821147241,5000,100
7,59,326143.1905747978,32.15004821147241,5000,100
7,60,326143.1905747978,32.15004821147241,5000,100
7,61,326143.1905747978,32.15004821147241,5000,100
7,62,326143.1905747978,32.15004821147241,5000,100
7,63,326143.1905747978,32.15004821147241,5000,100
7,64,326143.1905747978,32.15004821147241,5000,100
7,65,326143.1905747978,32.15004821147241,5000,100
7,66,326143.1905747978,32.15004821147241,5000,100
7,67,326143.1905747978,32.15004821147241,5000,100
7,68,326143.1905747978,32.15004821147241,5000,100
7,69,326143.1905747978,32.15004821147241,5000,100
7,70,326143.1905747978,32.15004821147241,5000,100
7,71,326143.1905747978,32.15004821147241,5000,100
7,72,326143.1905747978,32.15004821147241,5000,100
7,73,326143.1905747978,32.15004821147241,5000,100
8,0,330038.2621456171,26.51236692564434,5000,100
8,1,330520.92023002735,26.50180371220042,5000,100
8,2,330520.92023002735,26.50180371220042,5000,100
8,3,330520.92023002735,26.50180371220042,5000,100
8,4,330520.92023002735,26.50180371220042,5000,100
8,5,330520.92023002735,26.50180371220042,5000,100
8,6,330520.92023002735,26.50180371220042,5000,100
8,7,330520.92023002735,26.50180371220042,5000,100
8,8,330520.92023002735,26.50180371220042,5000,100
8,9,330520.92023002735,26.50180371220042,5000,100
8,10,330520.92023002735,26.50180371220042,5000,100
8,11,330520.92023002735,26.50180371220042,5000,100
8,12,330520.92023002735,26.50180371220042,5000,100
8,13,330520.92023002735,26.50180371220042,5000,100
8,14,330520.92023002735,26.50180371220042,5000,100
8,15,330520.92023002735,26.50180371220042,5000,100
8,16,330520.92023002735,26.50180371220042,5000,100
8,17,330520.92023002735,26.50180371220042,5000,100
8,18,330520.92023002735,26.50180371220042,5000,100
8,19,330520.92023002735,26.50180371220042,5000,100
8,20,330520.92023002735,26.50180371220042,5000,100
8,21,330520.92023002735,26.50180371220042,5000,100
8,22,330520.92023002735,26.50180371220042,5000,100
8,23,330520.92023002735,26.50180371220042,5000,100
8,24,330520.92023002735,26.50180371220042,5000,100
8,25,330520.92023002735,26.50180371220042,5000,100
8,26,330520.92023002735,26.50180371220042,5000,100
8,27,330520.92023002735,26.50180371220042,5000,100
8,28,330520.92023002735,26.50180371220042,5000,100
8,29,330520.92023002735,26.50180371220042,5000,100
8,30,330520.92023002735,26.50180371220042,5000,100
8,31,330520.92023002735,26.50180371220042,5000,100
8,32,330520.92023002735,26.50180371220042,5000,100
8,33,330520.92023002735,26.50180371220042,5000,100
8,34,330520.92023002735,26.50180371220042,5000,100
8,35,330520.92023002735,26.50180371220042,5000,100
8,36,330520.92023002735,26.50180371220042,5000,100
8,37,330520.92023002735,26.50180371220042,5000,100
8,38,330520.92023002735,26.50180371220042,5000,100
8,39,330520.92023002735,26.50180371220042,5000,100
8,40,330520.92023002735,26.50180371220042,5000,100
8,41,330520.92023002735,26.50180371220042,5000,100
8,42,330520.92023002735,26.50180371220042,5000,100
8,43,330520.92023002735,26.50180371220042,5000,100
8,44,330520.92023002735,26.50180371220042,5000,100
8,45,330520.92023002735,26.50180371220042,5000,100
8,46,330520.92023002735,26.50180371220042,5000,100
8,47,330520.92023002735,26.50180371220042,5000,100
8,48,330520.92023002735,26.50180371220042,5000,100
8,49,330520.92023002735,26.50180371220042,5000,100
8,50,330520.92023002735,26.50180371220042,5000,100
8,51,330520.92023002735,26.50180371220042,5000,100
8,52,330520.92023002735,26.50180371220042,5000,100
8,53,330520.92023002735,26.50180371220042,5000,100
8,54,330520.92023002735,26.50180371220042,5000,100
8,55,330520.92023002735,26.50180371220042,5000,100
8,56,330520.92023002735,26.50180371220042,5000,100
8,57,330520.92023002735,26.50180371220042,5000,100
8,58,330520.92023002735,26.50180371220042,5000,100
8,59,330520.92023002735,26.50180371220042,5000,100
8,60,330520.92023002735,26.50180371220042,5000,100
8,61,330520.92023002735,26.50180371220042,5000,100
8,62,330520.92023002735,26.50180371220042,5000,100
8,63,330520.92023002735,26.50180371220042,5000,100
8,64,330520.92023002735,26.50180371220042,5000,100
8,65,330520.92023002735,26.50180371220042,5000,100
8,66,330520.92023002735,26.50180371220042,5000,100
8,67,330520.92023002735,26.50180371220042,5000,100
8,68,330520.92023002735,26.50180371220042,5000,100
8,69,330520.92023002735,26.50180371220042,5000,100
8,70,330520.92023002735,26.50180371220042,5000,100
8,71,330520.92023002735,26.50180371220042,5000,100
8,72,330520.92023002735,26.50180371220042,5000,100
8,73,330520.92023002735,26.50180371220042,5000,100
8,74,330520.92023002735,26.50180371220042,5000,100
8,75,330520.92023002735,26.50180371220042,5000,100
8,76,330520.92023002735,26.50180371220042,5000,100
8,77,330520.92023002735,26.50180371220042,5000,100
8,78,330520.92023002735,26.50180371220042,5000,100
8,79,330520.92023002735,26.50180371220042,5000,100
8,80,330520.92023002735,26.50180371220042,5000,100
8,81,330520.92023002735,26.50180371220042,5000,100
8,82,330520.92023002735,26.50180371220042,5000,100
8,83,330520.92023002735,26.50180371220042,5000,100
8,84,330520.92023002735,26.50180371220042,5000,100
8,85,330520.92023002735,26.50180371220042,5000,100
8,86,330520.92023002735,26.50180371220042,5000,100
8,87,330520.92023002735,26.50180371220042,5000,100
8,88,330520.92023002735,26.50180371220042,5000,100
8,89,330520.92023002735,26.50180371220042,5000,100
8,90,330520.92023002735,26.50180371220042,5000,100
8,91,330520.92023002735,26.50180371220042,5000,100
8,92,330520.92023002735,26.50180371220042,5000,100
8,93,330520.92023002735,26.50180371220042,5000,100
8,94,330520.92023002735,26.50180371220042,5000,100
8,95,330520.92023002735,26.50180371220042,5000,100
8,96,330520.92023002735,26.50180371220042,5000,100
8,97,330520.92023002735,26.50180371220042,5000,100
8,98,330520.92023002735,26.50180371220042,5000,100
8,99,330520.92023002735,26.50180371220042,5000,100
9,0,323935.59597419394,28.891964280747683,5000,100
9,1,323935.59597419394,28.891964280747683,5000,100
9,2,323935.59597419394,28.891964280747683,5000,100
9,3,323935.59597419394,28.891964280747683,5000,100
9,4,323935.59597419394,28.891964280747683,5000,100
9,5,323935.59597419394,28.891964280747683,5000,100
9,6,323935.59597419394,28.891964280747683,5000,100
9,7,323935.59597419394,28.891964280747683,5000,100
9,8,323935.59597419394,28.891964280747683,5000,100
9,9,323935.59597419394,28.891964280747683,5000,100
9,10,323935.59597419394,28.891964280747683,5000,100
9,11,323935.59597419394,28.891964280747683,5000,100
9,12,323935.59597419394,28.891964280747683,5000,100
9,13,323935.59597419394,28.891964280747683,5000,100
9,14,323935.59597419394,28.891964280747683,5000,100
9,15,323935.59597419394,28.891964280747683,5000,100
9,16,323935.59597419394,28.891964280747683,5000,100
9,17,323935.59597419394,28.891964280747683,5000,100
9,18,323935.59597419394,28.891964280747683,5000,100
9,19,323935.59597419394,28.891964280747683,5000,100
9,20,323935.59597419394,28.891964280747683,5000,100
9,21,323935.59597419394,28.891964280747683,5000,100
9,22,323935.59597419394,28.891964280747683,5000,100
9,23,323935.59597419394,28.891964280747683,5000,100
9,24,323935.59597419394,28.891964280747683,5000,100
9,25,323935.59597419394,28.891964280747683,5000,100
9,26,323935.59597419394,28.891964280747683,5000,100
9,27,323935.59597419394,28.891964280747683,5000,100
9,28,323935.59597419394,28.891964280747683,5000,100
9,29,323935.59597419394,28.891964280747683,5000,100
9,30,323935.59597419394,28.891964280747683,5000,100
9,31,323935.59597419394,28.891964280747683,5000,100
9,32,323935.59597419394,28.891964280747683,5000,100
9,33,323935.59597419394,28.891964280747683,5000,100
9,34,323935.59597419394,28.891964280747683,5000,100
9,35,323935.59597419394,28.891964280747683,5000,100
9,36,323935.59597419394,28.891964280747683,5000,100
9,37,323935.59597419394,28.891964280747683,5000,100
9,38,323935.59597419394,28.891964280747683,5000,100
9,39,323935.59597419394,28.891964280747683,5000,100
9,40,323935.59597419394,28.891964280747683,5000,100
9,41,323935.59597419394,28.891964280747683,5000,100
9,42,323935.59597419394,28.891964280747683,5000,100
9,43,323935.59597419394,28.891964280747683,5000,100
9,44,323935.59597419394,28.891964280747683,5000,100
9,45,323935.59597419394,28.891964280747683,5000,100
9,46,323935.59597419394,28.891964280747683,5000,100
9,47,323935.59597419394,28.891964280747683,5000,100
9,48,323935.59597419394,28.891964280747683,5000,100
9,49,323935.59597419394,28.891964280747683,5000,100
9,50,323935.59597419394,28.891964280747683,5000,100
9,51,323935.59597419394,28.891964280747683,5000,100
9,52,323935.59597419394,28.891964280747683,5000,100
9,53,323935.59597419394,28.891964280747683,5000,100
9,54,323935.59597419394,28.891964280747683,5000,100
9,55,323935.59597419394,28.891964280747683,5000,100
9,56,323935.59597419394,28.891964280747683,5000,100
9,57,323935.59597419394,28.891964280747683,5000,100
9,58,323935.59597419394,28.891964280747683,5000,100
9,59,323935.59597419394,28.891964280747683,5000,100
9,60,323935.59597419394,28.891964280747683,5000,100
9,61,323935.59597419394,28.891964280747683,5000,100
9,62,323935.59597419394,28.891964280747683,5000,100
9,63,323935.59597419394,28.891964280747683,5000,100
9,64,323935.59597419394,28.891964280747683,5000,100
9,65,323935.59597419394,28.891964280747683,5000,100
9,66,323935.59597419394,28.891964280747683,5000,100
9,67,323935.59597419394,28.891964280747683,5000,100
9,68,323935.59597419394,28.891964280747683,5000,100
9,69,323935.59597419394,28.891964280747683,5000,100
9,70,323935.59597419394,28.891964280747683,5000,100
9,71,323935.59597419394,28.891964280747683,5000,100
9,72,323935.59597419394,28.891964280747683,5000,100
9,73,323935.59597419394,28.891964280747683,5000,100
9,74,323935.59597419394,28.891964280747683,5000,100
9,75,323935.59597419394,28.891964280747683,5000,100
9,76,323935.59597419394,28.891964280747683,5000,100
9,77,323935.59597419394,28.891964280747683,5000,100
9,78,323935.59597419394,28.891964280747683,5000,100
9,79,323935.59597419394,28.891964280747683,5000,100
9,80,323935.59597419394,28.891964280747683,5000,100
9,81,323935.59597419394,28.891964280747683,5000,100
9,82,323935.59597419394,28.891964280747683,5000,100
9,83,323935.59597419394,28.891964280747683,5000,100
9,84,323935.59597419394,28.891964280747683,5000,100
9,85,323935.59597419394,28.891964280747683,5000,100
9,86,323935.59597419394,28.891964280747683,5000,100
9,87,323935.59597419394,28.891964280747683,5000,100
9,88,323935.59597419394,28.891964280747683,5000,100
9,89,323935.59597419394,28.891964280747683,5000,100
9,90,323935.59597419394,28.891964280747683,5000,100
9,91,323935.59597419394,28.891964280747683,5000,100
9,92,323935.59597419394,28.891964280747683,5000,100
9,93,323935.59597419394,28.891964280747683,5000,100
9,94,323935.59597419394,28.891964280747683,5000,100
9,95,323935.59597419394,28.891964280747683,5000,100
9,96,323935.59597419394,28.891964280747683,5000,100
9,97,323935.59597419394,28.891964280747683,5000,100
9,98,323935.59597419394,28.891964280747683,5000,100
9,99,335237.1618981839,27.61495247144199,5000,100
10,0,356222.5057809077,28.24226619802313,5000,100
10,1,356372.8572687617,28.195489000902253,5000,100
10,2,356372.8572687617,28.195489000902253,5000,100
10,3,356372.8572687617,28.195489000902253,5000,100
10,4,356372.8572687617,28.195489000902253,5000,100
10,5,356372.8572687617,28.195489000902253,5000,100
10,6,356372.8572687617,28.195489000902253,5000,100
10,7,356372.8572687617,28.195489000902253,5000,100
10,8,356372.8572687617,28.195489000902253,5000,100
10,9,356372.8572687617,28.195489000902253,5000,100
10,10,356372.8572687617,28.195489000902253,5000,100
10,11,356372.8572687617,28.195489000902253,5000,100
10,12,356372.8572687617,28.195489000902253,5000,100
10,13,356372.8572687617,28.195489000902253,5000,100
10,14,356372.8572687617,28.195489000902253,5000,100
10,15,356372.8572687617,28.195489000902253,5000,100
10,16,356372.8572687617,28.195489000902253,5000,100
10,17,356372.8572687617,28.195489000902253,5000,100
10,18,356372.8572687617,28.195489000902253,5000,100
10,19,356372.8572687617,28.195489000902253,5000,100
10,20,356372.8572687617,28.195489000902253,5000,100
10,21,356372.8572687617,28.195489000902253,5000,100
10,22,356372.8572687617,28.195489000902253,5000,100
10,23,356372.8572687617,28.195489000902253,5000,100
10,24,356372.8572687617,28.195489000902253,5000,100
10,25,356372.8572687617,28.195489000902253,5000,100
10,26,356372.8572687617,28.195489000902253,5000,100
10,27,356372.8572687617,28.195489000902253,5000,100
10,28,356372.8572687617,28.195489000902253,5000,100
10,29,356372.8572687617,28.195489000902253,5000,100
10,30,356372.8572687617,28.195489000902253,5000,100
10,31,356372.8572687617,28.195489000902253,5000,100
10,32,356372.8572687617,28.195489000902253,5000,100
10,33,356372.8572687617,28.195489000902253,5000,100
10,34,356372.8572687617,28.195489000902253,5000,100
10,35,356372.8572687617,28.195489000902253,5000,100
10,36,356372.8572687617,28.195489000902253,5000,100
10,37,356372.8572687617,28.195489000902253,5000,100
10,38,356372.8572687617,28.195489000902253,5000,100
10,39,356372.8572687617,28.195489000902253,5000,100
10,40,356372.8572687617,28.195489000902253,5000,100
10,41,356372.8572687617,28.195489000902253,5000,100
10,42,356372.8572687617,28.195489000902253,5000,100
10,43,356372.8572687617,28.195489000902253,5000,100
10,44,356372.8572687617,28.195489000902253,5000,100
10,45,356372.8572687617,28.195489000902253,5000,100
10,46,356372.8572687617,28.195489000902253,5000,100
10,47,356372.8572687617,28.195489000902253,5000,100
10,48,356372.8572687617,28.195489000902253,5000,100
10,49,356372.8572687617,28.195489000902253,5000,100
10,50,356372.8572687617,28.195489000902253,5000,100
10,51,356372.8572687617,28.195489000902253,5000,100
10,52,356372.8572687617,28.195489000902253,5000,100
10,53,356372.8572687617,28.195489000902253,5000,100
10,54,356372.8572687617,28.195489000902253,5000,100
10,55,356372.8572687617,28.195489000902253,5000,100
10,56,356372.8572687617,28.195489000902253,5000,100
10,57,356372.8572687617,28.195489000902253,5000,100
10,58,356372.8572687617,28.195489000902253,5000,100
10,59,356372.8572687617,28.195489000902253,5000,100
10,60,356372.8572687617,28.195489000902253,5000,100
10,61,356372.8572687617,28.195489000902253,5000,100
10,62,356372.8572687617,28.195489000902253,5000,100
10,63,356372.8572687617,28.195489000902253,5000,100
10,64,356372.8572687617,28.195489000902253,5000,100
10,65,356372.8572687617,28.195489000902253,5000,100
10,66,356372.8572687617,28.195489000902253,5000,100
10,67,356372.8572687617,28.195489000902253,5000,100
10,68,356372.8572687617,28.195489000902253,5000,100
10,69,356372.8572687617,28.195489000902253,5000,100
10,70,356372.8572687617,28.195489000902253,5000,100
10,71,356372.8572687617,28.195489000902253,5000,100
10,72,356372.8572687617,28.195489000902253,5000,100
10,73,356372.8572687617,28.195489000902253,5000,100
10,74,356372.8572687617,28.195489000902253,5000,100
10,75,356372.8572687617,28.195489000902253,5000,100
10,76,356372.8572687617,28.195489000902253,5000,100
10,77,356372.8572687617,28.195489000902253,5000,100
10,78,356372.8572687617,28.195489000902253,5000,100
10,79,356372.8572687617,28.195489000902253,5000,100
10,80,356372.8572687617,28.195489000902253,5000,100
10,81,356372.8572687617,28.195489000902253,5000,100
10,82,356372.8572687617,28.195489000902253,5000,100
10,83,356372.8572687617,28.195489000902253,5000,100
10,84,356372.8572687617,28.195489000902253,5000,100
10,85,356372.8572687617,28.195489000902253,5000,100
10,86,356372.8572687617,28.195489000902253,5000,100
10,87,356372.8572687617,28.195489000902253,5000,100
10,88,356372.8572687617,28.195489000902253,5000,100
10,89,356372.8572687617,28.195489000902253,5000,100
10,90,356372.8572687617,28.195489000902253,5000,100
10,91,356372.8572687617,28.195489000902253,5000,100
10,92,356372.8572687617,28.195489000902253,5000,100
10,93,356372.8572687617,28.195489000902253,5000,100
10,94,356372.8572687617,28.195489000902253,5000,100
10,95,356372.8572687617,28.195489000902253,5000,100
10,96,356372.8572687617,28.195489000902253,5000,100
10,97,356372.8572687617,28.195489000902253,5000,100
10,98,356372.8572687617,28.195489000902253,5000,100
10,99,356372.8572687617,28.195489000902253,5000,100
11,0,270681.70447880146,25.361892673852243,5000,100
11,1,270802.4532174749,25.20685621016631,5000,100
11,2,270802.4532174749,25.20685621016631,5000,100
11,3,270802.4532174749,25.20685621016631,5000,100
11,4,270802.4532174749,25.20685621016631,5000,100
11,5,270802.4532174749,25.20685621016631,5000,100
11,6,270802.4532174749,25.20685621016631,5000,100
11,7,270802.4532174749,25.20685621016631,5000,100
11,8,270802.4532174749,25.20685621016631,5000,100
11,9,270802.4532174749,25.20685621016631,5000,100
11,10,270802.4532174749,25.20685621016631,5000,100
11,11,270802.4532174749,25.20685621016631,5000,100
11,12,270802.4532174749,25.20685621016631,5000,100
11,13,270802.4532174749,25.20685621016631,5000,100
11,14,270802.4532174749,25.20685621016631,5000,100
11,15,270802.4532174749,25.20685621016631,5000,100
11,16,270802.4532174749,25.20685621016631,5000,100
11,17,270802.4532174749,25.20685621016631,5000,100
11,18,270802.4532174749,25.20685621016631,5000,100
11,19,270802.4532174749,25.20685621016631,5000,100
11,20,270802.4532174749,25.20685621016631,5000,100
11,21,270802.4532174749,25.20685621016631,5000,100
11,22,270802.4532174749,25.20685621016631,5000,100
11,23,270802.4532174749,25.20685621016631,5000,100
11,24,270802.4532174749,25.20685621016631,5000,100
11,25,270802.4532174749,25.20685621016631,5000,100
11,26,270802.4532174749,25.20685621016631,5000,100
11,27,270802.4532174749,25.20685621016631,5000,100
11,28,270802.4532174749,25.20685621016631,5000,100
11,29,270802.4532174749,25.20685621016631,5000,100
11,30,270802.4532174749,25.20685621016631,5000,100
11,31,270802.4532174749,25.20685621016631,5000,100
11,32,270802.4532174749,25.20685621016631,5000,100
11,33,270802.4532174749,25.20685621016631,5000,100
11,34,270802.4532174749,25.20685621016631,5000,100
11,35,270802.4532174749,25.20685621016631,5000,100
11,36,270802.4532174749,25.20685621016631,5000,100
11,37,270802.4532174749,25.20685621016631,5000,100
11,38,270802.4532174749,25.20685621016631,5000,100
11,39,270802.4532174749,25.20685621016631,5000,100
11,40,270802.4532174749,25.20685621016631,5000,100
11,41,270802.4532174749,25.20685621016631,5000,100
11,42,270802.4532174749,25.20685621016631,5000,100
11,43,270802.4532174749,25.20685621016631,5000,100
11,44,270802.4532174749,25.20685621016631,5000,100
11,45,270802.4532174749,25.20685621016631,5000,100
11,46,270802.4532174749,25.20685621016631,5000,100
11,47,270802.4532174749,25.20685621016631,5000,100
11,48,270802.4532174749,25.20685621016631,5000,100
11,49,270802.4532174749,25.20685621016631,5000,100
11,50,270802.4532174749,25.20685621016631,5000,100
11,51,270802.4532174749,25.20685621016631,5000,100
11,52,270802.4532174749,25.20685621016631,5000,100
11,53,270802.4532174749,25.20685621016631,5000,100
11,54,270802.4532174749,25.20685621016631,5000,100
11,55,270802.4532174749,25.20685621016631,5000,100
11,56,270802.4532174749,25.20685621016631,5000,100
11,57,270802.4532174749,25.20685621016631,5000,100
11,58,270802.4532174749,25.20685621016631,5000,100
11,59,270802.4532174749,25.20685621016631,5000,100
11,60,270802.4532174749,25.20685621016631,5000,100
11,61,270802.4532174749,25.20685621016631,5000,100
11,62,270802.4532174749,25.20685621016631,5000,100
11,63,270802.4532174749,25.20685621016631,5000,100
11,64,270802.4532174749,25.20685621016631,5000,100
11,65,270802.4532174749,25.20685621016631,5000,100
11,66,270802.4532174749,25.20685621016631,5000,100
11,67,270802.4532174749,25.20685621016631,5000,100
11,68,270802.4532174749,25.20685621016631,5000,100
11,69,270802.4532174749,25.20685621016631,5000,100
11,70,270802.4532174749,25.20685621016631,5000,100
11,71,270802.4532174749,25.20685621016631,5000,100
11,72,270802.4532174749,25.20685621016631,5000,100
11,73,270802.4532174749,25.20685621016631,5000,100
11,74,270802.4532174749,25.20685621016631,5000,100
11,75,270802.4532174749,25.20685621016631,5000,100
11,76,270802.4532174749,25.20685621016631,5000,100
11,77,270802.4532174749,25.20685621016631,5000,100
11,78,270802.4532174749,25.20685621016631,5000,100
11,79,270802.4532174749,25.20685621016631,5000,100
11,80,270802.4532174749,25.20685621016631,5000,100
11,81,270802.4532174749,25.20685621016631,5000,100
11,82,270802.4532174749,25.20685621016631,5000,100
11,83,270802.4532174749,25.20685621016631,5000,100
11,84,270802.4532174749,25.20685621016631,5000,100
11,85,270802.4532174749,25.20685621016631,5000,100
11,86,270802.4532174749,25.20685621016631,5000,100
11,87,270802.4532174749,25.20685621016631,5000,100
11,88,270802.4532174749,25.20685621016631,5000,100
11,89,270802.4532174749,25.20685621016631,5000,100
11,90,270802.4532174749,25.20685621016631,5000,100
11,91,270802.4532174749,25.20685621016631,5000,100
11,92,270802.4532174749,25.20685621016631,5000,100
11,93,270802.4532174749,25.20685621016631,5000,100
11,94,270802.4532174749,25.20685621016631,5000,100
11,95,270802.4532174749,25.20685621016631,5000,100
11,96,270802.4532174749,25.20685621016631,5000,100
11,97,270802.4532174749,25.20685621016631,5000,100
11,98,270802.4532174749,25.20685621016631,5000,100
11,99,270802.4532174749,25.20685621016631,5000,100
12,0,273871.44858377613,23.53434936428029,5000,100
12,1,273871.44858377613,23.53434936428029,5000,100
12,2,273871.44858377613,23.53434936428029,5000,100
12,3,273871.44858377613,23.53434936428029,5000,100
12,4,273871.44858377613,23.53434936428029,5000,100
12,5,273871.44858377613,23.53434936428029,5000,100
12,6,273871.44858377613,23.53434936428029,5000,100
12,7,273871.44858377613,23.53434936428029,5000,100
12,8,273871.44858377613,23.53434936428029,5000,100
12,9,273871.44858377613,23.53434936428029,5000,100
12,10,273871.44858377613,23.53434936428029,5000,100
12,11,273871.44858377613,23.53434936428029,5000,100
12,12,273871.44858377613,23.53434936428029,5000,100
12,13,273871.44858377613,23.53434936428029,5000,100
12,14,273871.44858377613,23.53434936428029,5000,100
12,15,273871.44858377613,23.53434936428029,5000,100
12,16,273871.44858377613,23.53434936428029,5000,100
12,17,273871.44858377613,23.53434936428029,5000,100
12,18,273871.44858377613,23.53434936428029,5000,100
12,19,273871.44858377613,23.53434936428029,5000,100
12,20,273871.44858377613,23.53434936428029,5000,100
12,21,273871.44858377613,23.53434936428029,5000,100
12,22,273871.44858377613,23.53434936428029,5000,100
12,23,273871.44858377613,23.53434936428029,5000,100
12,24,273871.44858377613,23.53434936428029,5000,100
12,25,273871.44858377613,23.53434936428029,5000,100
12,26,273871.44858377613,23.53434936428029,5000,100
12,27,273871.44858377613,23.53434936428029,5000,100
12,28,273871.44858377613,23.53434936428029,5000,100
12,29,273871.44858377613,23.53434936428029,5000,100
12,30,273871.44858377613,23.53434936428029,5000,100
12,31,273871.44858377613,23.53434936428029,5000,100
12,32,273871.44858377613,23.53434936428029,5000,100
12,33,273871.44858377613,23.53434936428029,5000,100
12,34,273871.44858377613,23.53434936428029,5000,100
12,35,273871.44858377613,23.53434936428029,5000,100
12,36,273871.44858377613,23.53434936428029,5000,100
12,37,273871.44858377613,23.53434936428029,5000,100
12,38,273871.44858377613,23.53434936428029,5000,100
12,39,273871.44858377613,23.53434936428029,5000,100
12,40,273871.44858377613,23.53434936428029,5000,100
12,41,273871.44858377613,23.53434936428029,5000,100
12,42,273871.44858377613,23.53434936428029,5000,100
12,43,273871.44858377613,23.53434936428029,5000,100
12,44,273871.44858377613,23.53434936428029,5000,100
12,45,273871.44858377613,23.53434936428029,5000,100
12,46,273871.44858377613,23.53434936428029,5000,100
12,47,273871.44858377613,23.53434936428029,5000,100
12,48,273871.44858377613,23.53434936428029,5000,100
12,49,273871.44858377613,23.53434936428029,5000,100
12,50,273871.44858377613,23.53434936428029,5000,100
12,51,273871.44858377613,23.53434936428029,5000,100
12,52,273871.44858377613,23.53434936428029,5000,100
12,53,273871.44858377613,23.53434936428029,5000,100
12,54,273871.44858377613,23.53434936428029,5000,100
12,55,273871.44858377613,23.53434936428029,5000,100
12,56,273871.44858377613,23.53434936428029,5000,100
12,57,273871.44858377613,23.53434936428029,5000,100
12,58,273871.44858377613,23.53434936428029,5000,100
12,59,273871.44858377613,23.53434936428029,5000,100
12,60,273871.44858377613,23.53434936428029,5000,100
12,61,273871.44858377613,23.53434936428029,5000,100
12,62,273871.44858377613,23.53434936428029,5000,100
12,63,273871.44858377613,23.53434936428029,5000,100
12,64,273871.44858377613,23.53434936428029,5000,100
12,65,273871.44858377613,23.53434936428029,5000,100
12,66,273871.44858377613,23.53434936428029,5000,100
12,67,273871.44858377613,23.53434936428029,5000,100
12,68,273871.44858377613,23.53434936428029,5000,100
12,69,273871.44858377613,23.53434936428029,5000,100
12,70,273871.44858377613,23.53434936428029,5000,100
12,71,273871.44858377613,23.53434936428029,5000,100
12,72,273871.44858377613,23.53434936428029,5000,100
12,73,273871.44858377613,23.53434936428029,5000,100
12,74,273871.44858377613,23.53434936428029,5000,100
12,75,273871.44858377613,23.53434936428029,5000,100
12,76,273871.44858377613,23.53434936428029,5000,100
12,77,273871.44858377613,23.53434936428029,5000,100
12,78,273871.44858377613,23.53434936428029,5000,100
12,79,273871.44858377613,23.53434936428029,5000,100
12,80,273871.44858377613,23.53434936428029,5000,100
12,81,273871.44858377613,23.53434936428029,5000,100
12,82,273871.44858377613,23.53434936428029,5000,100
12,83,273871.44858377613,23.53434936428029,5000,100
12,84,273871.44858377613,23.53434936428029,5000,100
12,85,273871.44858377613,23.53434936428029,5000,100
12,86,273871.44858377613,23.53434936428029,5000,100
12,87,273871.44858377613,23.53434936428029,5000,100
12,88,273871.44858377613,23.53434936428029,5000,100
12,89,273871.44858377613,23.53434936428029,5000,100
12,90,273871.44858377613,23.53434936428029,5000,100
12,91,273871.44858377613,23.53434936428029,5000,100
12,92,273871.44858377613,23.53434936428029,5000,100
12,93,273871.44858377613,23.53434936428029,5000,100
12,94,273871.44858377613,23.53434936428029,5000,100
12,95,273871.44858377613,23.53434936428029,5000,100
12,96,273871.44858377613,23.53434936428029,5000,100
12,97,273871.44858377613,23.53434936428029,5000,100
12,98,273871.44858377613,23.53434936428029,5000,100
12,99,273871.44858377613,23.53434936428029,5000,100
13,0,277576.6691846448,23.83664405909523,5000,100
14,0,376597.93549165013,33.37222797476968,5000,100
15,0,321973.839310207,28.11735407181835,5000,100
15,1,321392.131460123,28.57456211388024,5000,100
16,0,312378.30199876346,27.81987778549719,5000,100
17,0,341307.1147058522,27.717604514098976,5000,100
17,1,341307.1147058522,27.717604514098976,5000,100
17,2,341307.1147058522,27.717604514098976,5000,100
17,3,341307.1147058522,27.717604514098976,5000,100
17,4,341307.1147058522,27.717604514098976,5000,100
17,5,341307.1147058522,27.717604514098976,5000,100
17,6,341307.1147058522,27.717604514098976,5000,100
17,7,341307.1147058522,27.717604514098976,5000,100
17,8,341307.1147058522,27.717604514098976,5000,100
17,9,341307.1147058522,27.717604514098976,5000,100
17,10,341307.1147058522,27.717604514098976,5000,100
17,11,341307.1147058522,27.717604514098976,5000,100
17,12,341307.1147058522,27.717604514098976,5000,100
17,13,341307.1147058522,27.717604514098976,5000,100
17,14,341307.1147058522,27.717604514098976,5000,100
17,15,341307.1147058522,27.717604514098976,5000,100
17,16,341307.1147058522,27.717604514098976,5000,100
17,17,341307.1147058522,27.717604514098976,5000,100
17,18,341307.1147058522,27.717604514098976,5000,100
17,19,341307.1147058522,27.717604514098976,5000,100
17,20,341307.1147058522,27.717604514098976,5000,100
17,21,341307.1147058522,27.717604514098976,5000,100
17,22,341307.1147058522,27.717604514098976,5000,100
17,23,341307.1147058522,27.717604514098976,5000,100
17,24,341307.1147058522,27.717604514098976,5000,100
17,25,341307.1147058522,27.717604514098976,5000,100
17,26,341307.1147058522,27.717604514098976,5000,100
17,27,341307.1147058522,27.717604514098976,5000,100
17,28,341307.1147058522,27.717604514098976,5000,100
17,29,341307.1147058522,27.717604514098976,5000,100
17,30,341307.1147058522,27.717604514098976,5000,100
17,31,341307.1147058522,27.717604514098976,5000,100
17,32,341307.1147058522,27.717604514098976,5000,100
17,33,341307.1147058522,27.717604514098976,5000,100
17,34,341307.1147058522,27.717604514098976,5000,100
17,35,341307.1147058522,27.717604514098976,5000,100
17,36,341307.1147058522,27.717604514098976,5000,100
17,37,341307.1147058522,27.717604514098976,5000,100
17,38,341307.1147058522,27.717604514098976,5000,100
17,39,341307.1147058522,27.717604514098976,5000,100
17,40,341307.1147058522,27.717604514098976,5000,100
17,41,341307.1147058522,27.717604514098976,5000,100
17,42,341307.1147058522,27.717604514098976,5000,100
17,43,341307.1147058522,27.717604514098976,5000,100
17,44,341307.1147058522,27.717604514098976,5000,100
17,45,341307.1147058522,27.717604514098976,5000,100
17,46,341307.1147058522,27.717604514098976,5000,100
17,47,341307.1147058522,27.717604514098976,5000,100
17,48,341307.1147058522,27.717604514098976,5000,100
17,49,341307.1147058522,27.717604514098976,5000,100
17,50,341307.1147058522,27.717604514098976,5000,100
17,51,341307.1147058522,27.717604514098976,5000,100
17,52,341307.1147058522,27.717604514098976,5000,100
17,53,341307.1147058522,27.717604514098976,5000,100
17,54,341307.1147058522,27.717604514098976,5000,100
17,55,341307.1147058522,27.717604514098976,5000,100
17,56,341307.1147058522,27.717604514098976,5000,100
17,57,341307.1147058522,27.717604514098976,5000,100
17,58,341307.1147058522,27.717604514098976,5000,100
17,59,341307.1147058522,27.717604514098976,5000,100
17,60,341307.1147058522,27.717604514098976,5000,100
17,61,341307.1147058522,27.717604514098976,5000,100
17,62,341307.1147058522,27.717604514098976,5000,100
17,63,341307.1147058522,27.717604514098976,5000,100
17,64,341307.1147058522,27.717604514098976,5000,100
17,65,341307.1147058522,27.717604514098976,5000,100
17,66,341307.1147058522,27.717604514098976,5000,100
17,67,341307.1147058522,27.717604514098976,5000,100
17,68,341307.1147058522,27.717604514098976,5000,100
17,69,341307.1147058522,27.717604514098976,5000,100
17,70,341307.1147058522,27.717604514098976,5000,100
17,71,341307.1147058522,27.717604514098976,5000,100
17,72,341307.1147058522,27.717604514098976,5000,100
17,73,341307.1147058522,27.717604514098976,5000,100
17,74,341307.1147058522,27.717604514098976,5000,100
17,75,341307.1147058522,27.717604514098976,5000,100
17,76,341307.1147058522,27.717604514098976,5000,100
17,77,341307.1147058522,27.717604514098976,5000,100
17,78,341307.1147058522,27.717604514098976,5000,100
17,79,341307.1147058522,27.717604514098976,5000,100
17,80,341307.1147058522,27.717604514098976,5000,100
17,81,341307.1147058522,27.717604514098976,5000,100
17,82,341307.1147058522,27.717604514098976,5000,100
17,83,341307.1147058522,27.717604514098976,5000,100
17,84,341307.1147058522,27.717604514098976,5000,100
17,85,341307.1147058522,27.717604514098976,5000,100
17,86,341307.1147058522,27.717604514098976,5000,100
17,87,341307.1147058522,27.717604514098976,5000,100
17,88,341307.1147058522,27.717604514098976,5000,100
17,89,341307.1147058522,27.717604514098976,5000,100
17,90,341307.1147058522,27.717604514098976,5000,100
17,91,341307.1147058522,27.717604514098976,5000,100
17,92,341307.1147058522,27.717604514098976,5000,100
17,93,341307.1147058522,27.717604514098976,5000,100
17,94,341307.1147058522,27.717604514098976,5000,100
17,95,341307.1147058522,27.717604514098976,5000,100
17,96,341307.1147058522,27.717604514098976,5000,100
17,97,341307.1147058522,27.717604514098976,5000,100
17,98,341307.1147058522,27.717604514098976,5000,100
17,99,341307.1147058522,27.717604514098976,5000,100
18,0,325969.5832549721,27.73058960786806,5000,100
18,1,325969.5832549721,27.73058960786806,5000,100
18,2,325969.5832549721,27.73058960786806,5000,100
18,3,325969.5832549721,27.73058960786806,5000,100
18,4,325969.5832549721,27.73058960786806,5000,100
18,5,325969.5832549721,27.73058960786806,5000,100
18,6,325969.5832549721,27.73058960786806,5000,100
18,7,325969.5832549721,27.73058960786806,5000,100
18,8,325969.5832549721,27.73058960786806,5000,100
18,9,325969.5832549721,27.73058960786806,5000,100
18,10,325969.5832549721,27.73058960786806,5000,100
18,11,325969.5832549721,27.73058960786806,5000,100
18,12,325969.5832549721,27.73058960786806,5000,100
18,13,325969.5832549721,27.73058960786806,5000,100
18,14,325969.5832549721,27.73058960786806,5000,100
18,15,325969.5832549721,27.73058960786806,5000,100
18,16,325969.5832549721,27.73058960786806,5000,100
18,17,325969.5832549721,27.73058960786806,5000,100
18,18,325969.5832549721,27.73058960786806,5000,100
18,19,325969.5832549721,27.73058960786806,5000,100
18,20,325969.5832549721,27.73058960786806,5000,100
18,21,325969.5832549721,27.73058960786806,5000,100
18,22,325969.5832549721,27.73058960786806,5000,100
18,23,325969.5832549721,27.73058960786806,5000,100
18,24,325969.5832549721,27.73058960786806,5000,100
18,25,325969.5832549721,27.73058960786806,5000,100
18,26,325969.5832549721,27.73058960786806,5000,100
18,27,325969.5832549721,27.73058960786806,5000,100
18,28,325969.5832549721,27.73058960786806,5000,100
18,29,325969.5832549721,27.73058960786806,5000,100
18,30,325969.5832549721,27.73058960786806,5000,100
18,31,325969.5832549721,27.73058960786806,5000,100
18,32,325969.5832549721,27.73058960786806,5000,100
18,33,325969.5832549721,27.73058960786806,5000,100
18,34,325969.5832549721,27.73058960786806,5000,100
18,35,325969.5832549721,27.73058960786806,5000,100
18,36,325969.5832549721,27.73058960786806,5000,100
18,37,325969.5832549721,27.73058960786806,5000,100
18,38,325969.5832549721,27.73058960786806,5000,100
18,39,325969.5832549721,27.73058960786806,5000,100
18,40,325969.5832549721,27.73058960786806,5000,100
18,41,325969.5832549721,27.73058960786806,5000,100
18,42,325969.5832549721,27.73058960786806,5000,100
18,43,325969.5832549721,27.73058960786806,5000,100
18,44,325969.5832549721,27.73058960786806,5000,100
18,45,325969.5832549721,27.73058960786806,5000,100
18,46,325969.5832549721,27.73058960786806,5000,100
18,47,325969.5832549721,27.73058960786806,5000,100
18,48,325969.5832549721,27.73058960786806,5000,100
18,49,325969.5832549721,27.73058960786806,5000,100
18,50,325969.5832549721,27.73058960786806,5000,100
18,51,325969.5832549721,27.73058960786806,5000,100
18,52,325969.5832549721,27.73058960786806,5000,100
18,53,325969.5832549721,27.73058960786806,5000,100
18,54,325969.5832549721,27.73058960786806,5000,100
18,55,325969.5832549721,27.73058960786806,5000,100
18,56,325969.5832549721,27.73058960786806,5000,100
18,57,325969.5832549721,27.73058960786806,5000,100
18,58,325969.5832549721,27.73058960786806,5000,100
18,59,325969.5832549721,27.73058960786806,5000,100
18,60,325969.5832549721,27.73058960786806,5000,100
18,61,325969.5832549721,27.73058960786806,5000,100
18,62,325969.5832549721,27.73058960786806,5000,100
18,63,325969.5832549721,27.73058960786806,5000,100
18,64,325969.5832549721,27.73058960786806,5000,100
18,65,325969.5832549721,27.73058960786806,5000,100
18,66,325969.5832549721,27.73058960786806,5000,100
18,67,325969.5832549721,27.73058960786806,5000,100
18,68,325969.5832549721,27.73058960786806,5000,100
18,69,325969.5832549721,27.73058960786806,5000,100
18,70,325969.5832549721,27.73058960786806,5000,100
18,71,325969.5832549721,27.73058960786806,5000,100
18,72,325969.5832549721,27.73058960786806,5000,100
18,73,325969.5832549721,27.73058960786806,5000,100
18,74,325969.5832549721,27.73058960786806,5000,100
18,75,325969.5832549721,27.73058960786806,5000,100
18,76,325969.5832549721,27.73058960786806,5000,100
18,77,325969.5832549721,27.73058960786806,5000,100
18,78,325969.5832549721,27.73058960786806,5000,100
18,79,325969.5832549721,27.73058960786806,5000,100
18,80,325969.5832549721,27.73058960786806,5000,100
18,81,325969.5832549721,27.73058960786806,5000,100
18,82,325969.5832549721,27.73058960786806,5000,100
18,83,325969.5832549721,27.73058960786806,5000,100
18,84,325969.5832549721,27.73058960786806,5000,100
18,85,325969.5832549721,27.73058960786806,5000,100
18,86,325969.5832549721,27.73058960786806,5000,100
18,87,325969.5832549721,27.73058960786806,5000,100
18,88,325969.5832549721,27.73058960786806,5000,100
18,89,325969.5832549721,27.73058960786806,5000,100
18,90,325969.5832549721,27.73058960786806,5000,100
18,91,325969.5832549721,27.73058960786806,5000,100
18,92,325969.5832549721,27.73058960786806,5000,100
18,93,325969.5832549721,27.73058960786806,5000,100
18,94,325969.5832549721,27.73058960786806,5000,100
18,95,325969.5832549721,27.73058960786806,5000,100
18,96,325969.5832549721,27.73058960786806,5000,100
18,97,325969.5832549721,27.73058960786806,5000,100
18,98,325969.5832549721,27.73058960786806,5000,100
18,99,325969.5832549721,27.73058960786806,5000,100
19,0,362398.0047310139,31.20938320441466,5000,100
19,1,362430.6270063078,29.647691309779923,5000,100
19,2,362430.6270063078,29.647691309779923,5000,100
19,3,362430.6270063078,29.647691309779923,5000,100
19,4,362430.6270063078,29.647691309779923,5000,100
19,5,362430.6270063078,29.647691309779923,5000,100
19,6,362430.6270063078,29.647691309779923,5000,100
19,7,362430.6270063078,29.647691309779923,5000,100
19,8,362430.6270063078,29.647691309779923,5000,100
19,9,362430.6270063078,29.647691309779923,5000,100
19,10,362430.6270063078,29.647691309779923,5000,100
19,11,362430.6270063078,29.647691309779923,5000,100
19,12,362430.6270063078,29.647691309779923,5000,100
19,13,362430.6270063078,29.647691309779923,5000,100
19,14,362430.6270063078,29.647691309779923,5000,100
19,15,362430.6270063078,29.647691309779923,5000,100
19,16,362430.6270063078,29.647691309779923,5000,100
19,17,362430.6270063078,29.647691309779923,5000,100
19,18,362430.6270063078,29.647691309779923,5000,100
19,19,362430.6270063078,29.647691309779923,5000,100
19,20,362430.6270063078,29.647691309779923,5000,100
19,21,362430.6270063078,29.647691309779923,5000,100
19,22,362430.6270063078,29.647691309779923,5000,100
19,23,362430.6270063078,29.647691309779923,5000,100
19,24,362430.6270063078,29.647691309779923,5000,100
19,25,362430.6270063078,29.647691309779923,5000,100
19,26,362430.6270063078,29.647691309779923,5000,100
19,27,362430.6270063078,29.647691309779923,5000,100
19,28,362430.6270063078,29.647691309779923,5000,100
19,29,362430.6270063078,29.647691309779923,5000,100
19,30,362430.6270063078,29.647691309779923,5000,100
19,31,362430.6270063078,29.647691309779923,5000,100
19,32,362430.6270063078,29.647691309779923,5000,100
19,33,362430.6270063078,29.647691309779923,5000,100
19,34,362430.6270063078,29.647691309779923,5000,100
19,35,362430.6270063078,29.647691309779923,5000,100
19,36,362430.6270063078,29.647691309779923,5000,100
19,37,362430.6270063078,29.647691309779923,5000,100
19,38,362430.6270063078,29.647691309779923,5000,100
19,39,362430.6270063078,29.647691309779923,5000,100
19,40,362430.6270063078,29.647691309779923,5000,100
19,41,362430.6270063078,29.647691309779923,5000,100
19,42,362430.6270063078,29.647691309779923,5000,100
19,43,362430.6270063078,29.647691309779923,5000,100
19,44,362430.6270063078,29.647691309779923,5000,100
19,45,362430.6270063078,29.647691309779923,5000,100
19,46,362430.6270063078,29.647691309779923,5000,100
19,47,362430.6270063078,29.647691309779923,5000,100
19,48,362430.6270063078,29.647691309779923,5000,100
19,49,362430.6270063078,29.647691309779923,5000,100
19,50,362430.6270063078,29.647691309779923,5000,100
19,51,362430.6270063078,29.647691309779923,5000,100
19,52,362430.6270063078,29.647691309779923,5000,100
19,53,362430.6270063078,29.647691309779923,5000,100
19,54,362430.6270063078,29.647691309779923,5000,100
19,55,362430.6270063078,29.647691309779923,5000,100
19,56,362430.6270063078,29.647691309779923,5000,100
19,57,362430.6270063078,29.647691309779923,5000,100
19,58,362430.6270063078,29.647691309779923,5000,100
19,59,362430.6270063078,29.647691309779923,5000,100
19,60,362430.6270063078,29.647691309779923,5000,100
19,61,362430.6270063078,29.647691309779923,5000,100
19,62,362430.6270063078,29.647691309779923,5000,100
19,63,362430.6270063078,29.647691309779923,5000,100
19,64,362430.6270063078,29.647691309779923,5000,100
19,65,362430.6270063078,29.647691309779923,5000,100
19,66,362430.6270063078,29.647691309779923,5000,100
19,67,362430.6270063078,29.647691309779923,5000,100
19,68,362430.6270063078,29.647691309779923,5000,100
19,69,362430.6270063078,29.647691309779923,5000,100
19,70,362430.6270063078,29.647691309779923,5000,100
19,71,362430.6270063078,29.647691309779923,5000,100
19,72,362430.6270063078,29.647691309779923,5000,100
19,73,362430.6270063078,29.647691309779923,5000,100
19,74,362430.6270063078,29.647691309779923,5000,100
19,75,362430.6270063078,29.647691309779923,5000,100
19,76,362430.6270063078,29.647691309779923,5000,100
19,77,362430.6270063078,29.647691309779923,5000,100
19,78,362430.6270063078,29.647691309779923,5000,100
19,79,362430.6270063078,29.647691309779923,5000,100
19,80,362430.6270063078,29.647691309779923,5000,100
19,81,362430.6270063078,29.647691309779923,5000,100
19,82,362430.6270063078,29.647691309779923,5000,100
19,83,362430.6270063078,29.647691309779923,5000,100
19,84,362430.6270063078,29.647691309779923,5000,100
19,85,362430.6270063078,29.647691309779923,5000,100
19,86,362430.6270063078,29.647691309779923,5000,100
19,87,362430.6270063078,29.647691309779923,5000,100
19,88,362430.6270063078,29.647691309779923,5000,100
19,89,362430.6270063078,29.647691309779923,5000,100
19,90,362430.6270063078,29.647691309779923,5000,100
19,91,362430.6270063078,29.647691309779923,5000,100
19,92,362430.6270063078,29.647691309779923,5000,100
19,93,362430.6270063078,29.647691309779923,5000,100
19,94,362430.6270063078,29.647691309779923,5000,100
19,95,362430.6270063078,29.647691309779923,5000,100
19,96,362430.6270063078,29.647691309779923,5000,100
19,97,362430.6270063078,29.647691309779923,5000,100
19,98,362430.6270063078,29.647691309779923,5000,100
19,99,362502.1106061912,28.97767416477727,5000,100
20,0,282536.6246947144,23.467969660795113,5000,100
21,0,308529.06736499455,26.101831353374422,5000,100
21,1,308857.9091604173,25.908021923720845,5000,100
21,2,308857.9091604173,25.908021923720845,5000,100
21,3,308857.9091604173,25.908021923720845,5000,100
21,4,308857.9091604173,25.908021923720845,5000,100
21,5,308857.9091604173,25.908021923720845,5000,100
21,6,308857.9091604173,25.908021923720845,5000,100
21,7,308857.9091604173,25.908021923720845,5000,100
21,8,308857.9091604173,25.908021923720845,5000,100
21,9,308857.9091604173,25.908021923720845,5000,100
21,10,308857.9091604173,25.908021923720845,5000,100
21,11,308857.9091604173,25.908021923720845,5000,100
21,12,308857.9091604173,25.908021923720845,5000,100
21,13,308857.9091604173,25.908021923720845,5000,100
21,14,308857.9091604173,25.908021923720845,5000,100
21,15,308857.9091604173,25.908021923720845,5000,100
21,16,308857.9091604173,25.908021923720845,5000,100
21,17,308857.9091604173,25.908021923720845,5000,100
21,18,308857.9091604173,25.908021923720845,5000,100
21,19,308857.9091604173,25.908021923720845,5000,100
21,20,308857.9091604173,25.908021923720845,5000,100
21,21,308857.9091604173,25.908021923720845,5000,100
21,22,308857.9091604173,25.908021923720845,5000,100
21,23,308857.9091604173,25.908021923720845,5000,100
21,24,308857.9091604173,25.908021923720845,5000,100
21,25,308857.9091604173,25.908021923720845,5000,100
21,26,308857.9091604173,25.908021923720845,5000,100
21,27,308857.9091604173,25.908021923720845,5000,100
21,28,308857.9091604173,25.908021923720845,5000,100
21,29,308857.9091604173,25.908021923720845,5000,100
21,30,308857.9091604173,25.908021923720845,5000,100
21,31,308857.9091604173,25.908021923720845,5000,100
21,32,308857.9091604173,25.908021923720845,5000,100
21,33,308857.9091604173,25.908021923720845,5000,100
21,34,308857.9091604173,25.908021923720845,5000,100
21,35,308857.9091604173,25.908021923720845,5000,100
21,36,308857.9091604173,25.908021923720845,5000,100
21,37,308857.9091604173,25.908021923720845,5000,100
21,38,308857.9091604173,25.908021923720845,5000,100
21,39,308857.9091604173,25.908021923720845,5000,100
21,40,308857.9091604173,25.908021923720845,5000,100
21,41,308857.9091604173,25.908021923720845,5000,100
21,42,308857.9091604173,25.908021923720845,5000,100
21,43,308857.9091604173,25.908021923720845,5000,100
21,44,308857.9091604173,25.908021923720845,5000,100
21,45,308857.9091604173,25.908021923720845,5000,100
21,46,308857.9091604173,25.908021923720845,5000,100
21,47,308857.9091604173,25.908021923720845,5000,100
21,48,308857.9091604173,25.908021923720845,5000,100
21,49,308857.9091604173,25.908021923720845,5000,100
21,50,308857.9091604173,25.908021923720845,5000,100
21,51,308857.9091604173,25.908021923720845,5000,100
21,52,308857.9091604173,25.908021923720845,5000,100
21,53,308857.9091604173,25.908021923720845,5000,100
21,54,308857.9091604173,25.908021923720845,5000,100
21,55,308857.9091604173,25.908021923720845,5000,100
21,56,308857.9091604173,25.908021923720845,5000,100
21,57,308857.9091604173,25.908021923720845,5000,100
21,58,308857.9091604173,25.908021923720845,5000,100
21,59,308857.9091604173,25.908021923720845,5000,100
21,60,308857.9091604173,25.908021923720845,5000,100
21,61,308857.9091604173,25.908021923720845,5000,100
21,62,308857.9091604173,25.908021923720845,5000,100
21,63,308857.9091604173,25.908021923720845,5000,100
21,64,308857.9091604173,25.908021923720845,5000,100
21,65,308857.9091604173,25.908021923720845,5000,100
21,66,308857.9091604173,25.908021923720845,5000,100
21,67,308857.9091604173,25.908021923720845,5000,100
21,68,308857.9091604173,25.908021923720845,5000,100
21,69,308857.9091604173,25.908021923720845,5000,100
21,70,308857.9091604173,25.908021923720845,5000,100
21,71,308857.9091604173,25.908021923720845,5000,100
21,72,308857.9091604173,25.908021923720845,5000,100
21,73,308857.9091604173,25.908021923720845,5000,100
21,74,308857.9091604173,25.908021923720845,5000,100
21,75,308857.9091604173,25.908021923720845,5000,100
21,76,308857.9091604173,25.908021923720845,5000,100
21,77,308857.9091604173,25.908021923720845,5000,100
21,78,308857.9091604173,25.908021923720845,5000,100
21,79,308857.9091604173,25.908021923720845,5000,100
21,80,308857.9091604173,25.908021923720845,5000,100
21,81,308857.9091604173,25.908021923720845,5000,100
21,82,308857.9091604173,25.908021923720845,5000,100
21,83,308857.9091604173,25.908021923720845,5000,100
21,84,308857.9091604173,25.908021923720845,5000,100
21,85,308857.9091604173,25.908021923720845,5000,100
21,86,308857.9091604173,25.908021923720845,5000,100
21,87,308857.9091604173,25.908021923720845,5000,100
21,88,308857.9091604173,25.908021923720845,5000,100
21,89,308857.9091604173,25.908021923720845,5000,100
21,90,308857.9091604173,25.908021923720845,5000,100
21,91,308857.9091604173,25.908021923720845,5000,100
21,92,308857.9091604173,25.908021923720845,5000,100
21,93,308857.9091604173,25.908021923720845,5000,100
21,94,308857.9091604173,25.908021923720845,5000,100
21,95,308857.9091604173,25.908021923720845,5000,100
21,96,308857.9091604173,25.908021923720845,5000,100
21,97,308857.9091604173,25.908021923720845,5000,100
21,98,308857.9091604173,25.908021923720845,5000,100
21,99,308857.9091604173,25.908021923720845,5000,100
22,0,272479.830052948,20.482812306907466,5000,100
22,1,272479.830052948,20.482812306907466,5000,100
22,2,272479.830052948,20.482812306907466,5000,100
22,3,272479.830052948,20.482812306907466,5000,100
22,4,272479.830052948,20.482812306907466,5000,100
22,5,272479.830052948,20.482812306907466,5000,100
22,6,272479.830052948,20.482812306907466,5000,100
22,7,272479.830052948,20.482812306907466,5000,100
22,8,272479.830052948,20.482812306907466,5000,100
22,9,272479.830052948,20.482812306907466,5000,100
22,10,272479.830052948,20.482812306907466,5000,100
22,11,272479.830052948,20.482812306907466,5000,100
22,12,272479.830052948,20.482812306907466,5000,100
22,13,272479.830052948,20.482812306907466,5000,100
22,14,272479.830052948,20.482812306907466,5000,100
22,15,272479.830052948,20.482812306907466,5000,100
22,16,272479.830052948,20.482812306907466,5000,100
22,17,272479.830052948,20.482812306907466,5000,100
22,18,272479.830052948,20.482812306907466,5000,100
22,19,272479.830052948,20.482812306907466,5000,100
22,20,272479.830052948,20.482812306907466,5000,100
22,21,272479.830052948,20.482812306907466,5000,100
22,22,272479.830052948,20.482812306907466,5000,100
22,23,272479.830052948,20.482812306907466,5000,100
22,24,272479.830052948,20.482812306907466,5000,100
22,25,272479.830052948,20.482812306907466,5000,100
22,26,272479.830052948,20.482812306907466,5000,100
22,27,272479.830052948,20.482812306907466,5000,100
22,28,272479.830052948,20.482812306907466,5000,100
22,29,272479.830052948,20.482812306907466,5000,100
22,30,272479.830052948,20.482812306907466,5000,100
22,31,272479.830052948,20.482812306907466,5000,100
22,32,272479.830052948,20.482812306907466,5000,100
22,33,272479.830052948,20.482812306907466,5000,100
22,34,272479.830052948,20.482812306907466,5000,100
22,35,272479.830052948,20.482812306907466,5000,100
22,36,272479.830052948,20.482812306907466,5000,100
22,37,272479.830052948,20.482812306907466,5000,100
22,38,272479.830052948,20.482812306907466,5000,100
22,39,272479.830052948,20.482812306907466,5000,100
22,40,272479.830052948,20.482812306907466,5000,100
22,41,272479.830052948,20.482812306907466,5000,100
22,42,272479.830052948,20.482812306907466,5000,100
22,43,272479.830052948,20.482812306907466,5000,100
22,44,272479.830052948,20.482812306907466,5000,100
22,45,272479.830052948,20.482812306907466,5000,100
22,46,272479.830052948,20.482812306907466,5000,100
22,47,272479.830052948,20.482812306907466,5000,100
22,48,272479.830052948,20.482812306907466,5000,100
22,49,272479.830052948,20.482812306907466,5000,100
22,50,272479.830052948,20.482812306907466,5000,100
22,51,272479.830052948,20.482812306907466,5000,100
22,52,272479.830052948,20.482812306907466,5000,100
22,53,272479.830052948,20.482812306907466,5000,100
22,54,272479.830052948,20.482812306907466,5000,100
22,55,272479.830052948,20.482812306907466,5000,100
22,56,272479.830052948,20.482812306907466,5000,100
22,57,272479.830052948,20.482812306907466,5000,100
22,58,272479.830052948,20.482812306907466,5000,100
22,59,272479.830052948,20.482812306907466,5000,100
22,60,272479.830052948,20.482812306907466,5000,100
22,61,272479.830052948,20.482812306907466,5000,100
22,62,272479.830052948,20.482812306907466,5000,100
22,63,272479.830052948,20.482812306907466,5000,100
22,64,272479.830052948,20.482812306907466,5000,100
22,65,272479.830052948,20.482812306907466,5000,100
22,66,272479.830052948,20.482812306907466,5000,100
22,67,272479.830052948,20.482812306907466,5000,100
22,68,272479.830052948,20.482812306907466,5000,100
22,69,272479.830052948,20.482812306907466,5000,100
22,70,272479.830052948,20.482812306907466,5000,100
22,71,272479.830052948,20.482812306907466,5000,100
22,72,272479.830052948,20.482812306907466,5000,100
22,73,272479.830052948,20.482812306907466,5000,100
22,74,272479.830052948,20.482812306907466,5000,100
22,75,272479.830052948,20.482812306907466,5000,100
22,76,272479.830052948,20.482812306907466,5000,100
22,77,272479.830052948,20.482812306907466,5000,100
22,78,272479.830052948,20.482812306907466,5000,100
22,79,272479.830052948,20.482812306907466,5000,100
22,80,272479.830052948,20.482812306907466,5000,100
22,81,272479.830052948,20.482812306907466,5000,100
22,82,272479.830052948,20.482812306907466,5000,100
22,83,272479.830052948,20.482812306907466,5000,100
22,84,272479.830052948,20.482812306907466,5000,100
22,85,272479.830052948,20.482812306907466,5000,100
22,86,272479.830052948,20.482812306907466,5000,100
22,87,272479.830052948,20.482812306907466,5000,100
22,88,272479.830052948,20.482812306907466,5000,100
22,89,272479.830052948,20.482812306907466,5000,100
22,90,272479.830052948,20.482812306907466,5000,100
22,91,272479.830052948,20.482812306907466,5000,100
22,92,272479.830052948,20.482812306907466,5000,100
22,93,272479.830052948,20.482812306907466,5000,100
22,94,272479.830052948,20.482812306907466,5000,100
22,95,272479.830052948,20.482812306907466,5000,100
22,96,272479.830052948,20.482812306907466,5000,100
22,97,272479.830052948,20.482812306907466,5000,100
22,98,272479.830052948,20.482812306907466,5000,100
22,99,272479.830052948,20.482812306907466,5000,100
23,0,246500.03907523485,22.441604220732525,5000,100
23,1,246500.03907523485,22.441604220732525,5000,100
23,2,246500.03907523485,22.441604220732525,5000,100
23,3,246500.03907523485,22.441604220732525,5000,100
23,4,246500.03907523485,22.441604220732525,5000,100
23,5,246500.03907523485,22.441604220732525,5000,100
23,6,246500.03907523485,22.441604220732525,5000,100
23,7,246500.03907523485,22.441604220732525,5000,100
23,8,246500.03907523485,22.441604220732525,5000,100
23,9,246500.03907523485,22.441604220732525,5000,100
23,10,246500.03907523485,22.441604220732525,5000,100
23,11,246500.03907523485,22.441604220732525,5000,100
23,12,246500.03907523485,22.441604220732525,5000,100
23,13,246500.03907523485,22.441604220732525,5000,100
23,14,246500.03907523485,22.441604220732525,5000,100
23,15,246500.03907523485,22.441604220732525,5000,100
23,16,246500.03907523485,22.441604220732525,5000,100
23,17,246500.03907523485,22.441604220732525,5000,100
23,18,246500.03907523485,22.441604220732525,5000,100
23,19,246500.03907523485,22.441604220732525,5000,100
23,20,246500.03907523485,22.441604220732525,5000,100
23,21,246500.03907523485,22.441604220732525,5000,100
23,22,246500.03907523485,22.441604220732525,5000,100
23,23,246500.03907523485,22.441604220732525,5000,100
23,24,246500.03907523485,22.441604220732525,5000,100
23,25,246500.03907523485,22.441604220732525,5000,100
23,26,246500.03907523485,22.441604220732525,5000,100
23,27,246500.03907523485,22.441604220732525,5000,100
23,28,246500.03907523485,22.441604220732525,5000,100
23,29,246500.03907523485,22.441604220732525,5000,100
23,30,246500.03907523485,22.441604220732525,5000,100
23,31,246500.03907523485,22.441604220732525,5000,100
23,32,246500.03907523485,22.441604220732525,5000,100
23,33,246500.03907523485,22.441604220732525,5000,100
23,34,246500.03907523485,22.441604220732525,5000,100
23,35,246500.03907523485,22.441604220732525,5000,100
23,36,246500.03907523485,22.441604220732525,5000,100
23,37,246500.03907523485,22.441604220732525,5000,100
23,38,246500.03907523485,22.441604220732525,5000,100
23,39,246500.03907523485,22.441604220732525,5000,100
23,40,246500.03907523485,22.441604220732525,5000,100
23,41,246500.03907523485,22.441604220732525,5000,100
23,42,246500.03907523485,22.441604220732525,5000,100
23,43,246500.03907523485,22.441604220732525,5000,100
23,44,246500.03907523485,22.441604220732525,5000,100
23,45,246500.03907523485,22.441604220732525,5000,100
23,46,246500.03907523485,22.441604220732525,5000,100
23,47,246500.03907523485,22.441604220732525,5000,100
23,48,246500.03907523485,22.441604220732525,5000,100
23,49,246500.03907523485,22.441604220732525,5000,100
23,50,246500.03907523485,22.441604220732525,5000,100
23,51,246500.03907523485,22.441604220732525,5000,100
23,52,246500.03907523485,22.441604220732525,5000,100
23,53,246500.03907523485,22.441604220732525,5000,100
23,54,246500.03907523485,22.441604220732525,5000,100
23,55,246500.03907523485,22.441604220732525,5000,100
23,56,246500.03907523485,22.441604220732525,5000,100
23,57,246500.03907523485,22.441604220732525,5000,100
23,58,246500.03907523485,22.441604220732525,5000,100
23,59,246500.03907523485,22.441604220732525,5000,100
23,60,246500.03907523485,22.441604220732525,5000,100
23,61,246500.03907523485,22.441604220732525,5000,100
23,62,246500.03907523485,22.441604220732525,5000,100
23,63,246500.03907523485,22.441604220732525,5000,100
23,64,246500.03907523485,22.441604220732525,5000,100
23,65,246500.03907523485,22.441604220732525,5000,100
23,66,246500.03907523485,22.441604220732525,5000,100
23,67,246500.03907523485,22.441604220732525,5000,100
23,68,246500.03907523485,22.441604220732525,5000,100
23,69,246500.03907523485,22.441604220732525,5000,100
23,70,246500.03907523485,22.441604220732525,5000,100
23,71,246500.03907523485,22.441604220732525,5000,100
23,72,246500.03907523485,22.441604220732525,5000,100
23,73,246500.03907523485,22.441604220732525,5000,100
23,74,246500.03907523485,22.441604220732525,5000,100
23,75,246500.03907523485,22.441604220732525,5000,100
23,76,246500.03907523485,22.441604220732525,5000,100
23,77,246500.03907523485,22.441604220732525,5000,100
23,78,246500.03907523485,22.441604220732525,5000,100
23,79,246500.03907523485,22.441604220732525,5000,100
23,80,246500.03907523485,22.441604220732525,5000,100
23,81,246500.03907523485,22.441604220732525,5000,100
23,82,246500.03907523485,22.441604220732525,5000,100
23,83,246500.03907523485,22.441604220732525,5000,100
23,84,246500.03907523485,22.441604220732525,5000,100
23,85,246500.03907523485,22.441604220732525,5000,100
23,86,246500.03907523485,22.441604220732525,5000,100
23,87,246500.03907523485,22.441604220732525,5000,100
23,88,246500.03907523485,22.441604220732525,5000,100
23,89,246500.03907523485,22.441604220732525,5000,100
23,90,246500.03907523485,22.441604220732525,5000,100
23,91,246500.03907523485,22.441604220732525,5000,100
23,92,246500.03907523485,22.441604220732525,5000,100
23,93,246500.03907523485,22.441604220732525,5000,100
23,94,246500.03907523485,22.441604220732525,5000,100
23,95,246500.03907523485,22.441604220732525,5000,100
23,96,246500.03907523485,22.441604220732525,5000,100
23,97,246500.03907523485,22.441604220732525,5000,100
23,98,246500.03907523485,22.441604220732525,5000,100
23,99,246500.03907523485,22.441604220732525,5000,100
24,0,301677.84737869236,24.98210559580597,5000,100
24,1,301677.84737869236,24.98210559580597,5000,100
24,2,301677.84737869236,24.98210559580597,5000,100
24,3,301677.84737869236,24.98210559580597,5000,100
24,4,301677.84737869236,24.98210559580597,5000,100
24,5,301677.84737869236,24.98210559580597,5000,100
24,6,301677.84737869236,24.98210559580597,5000,100
24,7,301677.84737869236,24.98210559580597,5000,100
24,8,301677.84737869236,24.98210559580597,5000,100
24,9,301677.84737869236,24.98210559580597,5000,100
24,10,301677.84737869236,24.98210559580597,5000,100
24,11,301677.84737869236,24.98210559580597,5000,100
24,12,301677.84737869236,24.98210559580597,5000,100
24,13,301677.84737869236,24.98210559580597,5000,100
24,14,301677.84737869236,24.98210559580597,5000,100
24,15,301677.84737869236,24.98210559580597,5000,100
24,16,301677.84737869236,24.98210559580597,5000,100
24,17,301677.84737869236,24.98210559580597,5000,100
24,18,301677.84737869236,24.98210559580597,5000,100
24,19,301677.84737869236,24.98210559580597,5000,100
24,20,301677.84737869236,24.98210559580597,5000,100
24,21,301677.84737869236,24.98210559580597,5000,100
24,22,301677.84737869236,24.98210559580597,5000,100
24,23,301677.84737869236,24.98210559580597,5000,100
24,24,301677.84737869236,24.98210559580597,5000,100
24,25,301677.84737869236,24.98210559580597,5000,100
24,26,301677.84737869236,24.98210559580597,5000,100
24,27,301677.84737869236,24.98210559580597,5000,100
24,28,301677.84737869236,24.98210559580597,5000,100
24,29,301677.84737869236,24.98210559580597,5000,100
24,30,301677.84737869236,24.98210559580597,5000,100
24,31,301677.84737869236,24.98210559580597,5000,100
24,32,301677.84737869236,24.98210559580597,5000,100
24,33,301677.84737869236,24.98210559580597,5000,100
24,34,301677.84737869236,24.98210559580597,5000,100
24,35,301677.84737869236,24.98210559580597,5000,100
24,36,301677.84737869236,24.98210559580597,5000,100
24,37,301677.84737869236,24.98210559580597,5000,100
24,38,301677.84737869236,24.98210559580597,5000,100
24,39,301677.84737869236,24.98210559580597,5000,100
24,40,301677.84737869236,24.98210559580597,5000,100
24,41,301677.84737869236,24.98210559580597,5000,100
24,42,301677.84737869236,24.98210559580597,5000,100
24,43,301677.84737869236,24.98210559580597,5000,100
24,44,301677.84737869236,24.98210559580597,5000,100
24,45,301677.84737869236,24.98210559580597,5000,100
24,46,301677.84737869236,24.98210559580597,5000,100
24,47,301677.84737869236,24.98210559580597,5000,100
24,48,301677.84737869236,24.98210559580597,5000,100
24,49,301677.84737869236,24.98210559580597,5000,100
24,50,301677.84737869236,24.98210559580597,5000,100
24,51,301677.84737869236,24.98210559580597,5000,100
24,52,301677.84737869236,24.98210559580597,5000,100
24,53,301677.84737869236,24.98210559580597,5000,100
24,54,301677.84737869236,24.98210559580597,5000,100
24,55,301677.84737869236,24.98210559580597,5000,100
24,56,301677.84737869236,24.98210559580597,5000,100
24,57,301677.84737869236,24.98210559580597,5000,100
24,58,301677.84737869236,24.98210559580597,5000,100
24,59,301677.84737869236,24.98210559580597,5000,100
24,60,301677.84737869236,24.98210559580597,5000,100
24,61,301677.84737869236,24.98210559580597,5000,100
24,62,301677.84737869236,24.98210559580597,5000,100
24,63,301677.84737869236,24.98210559580597,5000,100
24,64,301677.84737869236,24.98210559580597,5000,100
24,65,301677.84737869236,24.98210559580597,5000,100
24,66,301677.84737869236,24.98210559580597,5000,100
24,67,301677.84737869236,24.98210559580597,5000,100
24,68,301677.84737869236,24.98210559580597,5000,100
24,69,301677.84737869236,24.98210559580597,5000,100
24,70,301677.84737869236,24.98210559580597,5000,100
24,71,301677.84737869236,24.98210559580597,5000,100
24,72,301677.84737869236,24.98210559580597,5000,100
24,73,301677.84737869236,24.98210559580597,5000,100
24,74,301677.84737869236,24.98210559580597,5000,100
24,75,301677.84737869236,24.98210559580597,5000,100
24,76,301677.84737869236,24.98210559580597,5000,100
24,77,301677.84737869236,24.98210559580597,5000,100
24,78,301677.84737869236,24.98210559580597,5000,100
24,79,301677.84737869236,24.98210559580597,5000,100
24,80,301677.84737869236,24.98210559580597,5000,100
24,81,301677.84737869236,24.98210559580597,5000,100
24,82,301677.84737869236,24.98210559580597,5000,100
24,83,301677.84737869236,24.98210559580597,5000,100
24,84,301677.84737869236,24.98210559580597,5000,100
24,85,301677.84737869236,24.98210559580597,5000,100
24,86,301677.84737869236,24.98210559580597,5000,100
24,87,301677.84737869236,24.98210559580597,5000,100
24,88,301677.84737869236,24.98210559580597,5000,100
24,89,301677.84737869236,24.98210559580597,5000,100
24,90,301677.84737869236,24.98210559580597,5000,100
24,91,301677.84737869236,24.98210559580597,5000,100
24,92,301677.84737869236,24.98210559580597,5000,100
24,93,301677.84737869236,24.98210559580597,5000,100
24,94,301677.84737869236,24.98210559580597,5000,100
24,95,301677.84737869236,24.98210559580597,5000,100
24,96,301677.84737869236,24.98210559580597,5000,100
24,97,301677.84737869236,24.98210559580597,5000,100
24,98,301677.84737869236,24.98210559580597,5000,100
24,99,302150.99232767045,24.956474109937886,5000,100
25,0,232705.88503624446,17.51643799406717,5000,100
25,1,232705.88503624446,17.51643799406717,5000,100
25,2,232705.88503624446,17.51643799406717,5000,100
25,3,232705.88503624446,17.51643799406717,5000,100
25,4,232705.88503624446,17.51643799406717,5000,100
25,5,232705.88503624446,17.51643799406717,5000,100
25,6,232705.88503624446,17.51643799406717,5000,100
25,7,232705.88503624446,17.51643799406717,5000,100
25,8,232705.88503624446,17.51643799406717,5000,100
25,9,232705.88503624446,17.51643799406717,5000,100
25,10,232705.88503624446,17.51643799406717,5000,100
25,11,232705.88503624446,17.51643799406717,5000,100
25,12,232705.88503624446,17.51643799406717,5000,100
25,13,232705.88503624446,17.51643799406717,5000,100
25,14,232705.88503624446,17.51643799406717,5000,100
25,15,232705.88503624446,17.51643799406717,5000,100
25,16,232705.88503624446,17.51643799406717,5000,100
25,17,232705.88503624446,17.51643799406717,5000,100
25,18,232705.88503624446,17.51643799406717,5000,100
25,19,232705.88503624446,17.51643799406717,5000,100
25,20,232705.88503624446,17.51643799406717,5000,100
25,21,232705.88503624446,17.51643799406717,5000,100
25,22,232705.88503624446,17.51643799406717,5000,100
25,23,232705.88503624446,17.51643799406717,5000,100
25,24,232705.88503624446,17.51643799406717,5000,100
25,25,232705.88503624446,17.51643799406717,5000,100
25,26,232705.88503624446,17.51643799406717,5000,100
25,27,232705.88503624446,17.51643799406717,5000,100
25,28,232705.88503624446,17.51643799406717,5000,100
25,29,232705.88503624446,17.51643799406717,5000,100
25,30,232705.88503624446,17.51643799406717,5000,100
25,31,232705.88503624446,17.51643799406717,5000,100
25,32,232705.88503624446,17.51643799406717,5000,100
25,33,232705.88503624446,17.51643799406717,5000,100
25,34,232705.88503624446,17.51643799406717,5000,100
25,35,232705.88503624446,17.51643799406717,5000,100
25,36,232705.88503624446,17.51643799406717,5000,100
25,37,232705.88503624446,17.51643799406717,5000,100
25,38,232705.88503624446,17.51643799406717,5000,100
25,39,232705.88503624446,17.51643799406717,5000,100
25,40,232705.88503624446,17.51643799406717,5000,100
25,41,232705.88503624446,17.51643799406717,5000,100
25,42,232705.88503624446,17.51643799406717,5000,100
25,43,232705.88503624446,17.51643799406717,5000,100
25,44,232705.88503624446,17.51643799406717,5000,100
25,45,232705.88503624446,17.51643799406717,5000,100
25,46,232705.88503624446,17.51643799406717,5000,100
25,47,232705.88503624446,17.51643799406717,5000,100
25,48,232705.88503624446,17.51643799406717,5000,100
25,49,232705.88503624446,17.51643799406717,5000,100
25,50,232705.88503624446,17.51643799406717,5000,100
25,51,232705.88503624446,17.51643799406717,5000,100
25,52,232705.88503624446,17.51643799406717,5000,100
25,53,232705.88503624446,17.51643799406717,5000,100
25,54,232705.88503624446,17.51643799406717,5000,100
25,55,232705.88503624446,17.51643799406717,5000,100
25,56,232705.88503624446,17.51643799406717,5000,100
25,57,232705.88503624446,17.51643799406717,5000,100
25,58,232705.88503624446,17.51643799406717,5000,100
25,59,232705.88503624446,17.51643799406717,5000,100
25,60,232705.88503624446,17.51643799406717,5000,100
25,61,232705.88503624446,17.51643799406717,5000,100
25,62,232705.88503624446,17.51643799406717,5000,100
25,63,232705.88503624446,17.51643799406717,5000,100
25,64,232705.88503624446,17.51643799406717,5000,100
25,65,232705.88503624446,17.51643799406717,5000,100
25,66,232705.88503624446,17.51643799406717,5000,100
25,67,232705.88503624446,17.51643799406717,5000,100
25,68,232705.88503624446,17.51643799406717,5000,100
25,69,232705.88503624446,17.51643799406717,5000,100
25,70,232705.88503624446,17.51643799406717,5000,100
25,71,232705.88503624446,17.51643799406717,5000,100
25,72,232705.88503624446,17.51643799406717,5000,100
25,73,232705.88503624446,17.51643799406717,5000,100
25,74,232705.88503624446,17.51643799406717,5000,100
25,75,232705.88503624446,17.51643799406717,5000,100
25,76,232705.88503624446,17.51643799406717,5000,100
25,77,232705.88503624446,17.51643799406717,5000,100
25,78,232705.88503624446,17.51643799406717,5000,100
25,79,232705.88503624446,17.51643799406717,5000,100
25,80,232705.88503624446,17.51643799406717,5000,100
25,81,232705.88503624446,17.51643799406717,5000,100
25,82,232705.88503624446,17.51643799406717,5000,100
25,83,232705.88503624446,17.51643799406717,5000,100
25,84,232705.88503624446,17.51643799406717,5000,100
25,85,232705.88503624446,17.51643799406717,5000,100
25,86,232705.88503624446,17.51643799406717,5000,100
25,87,232705.88503624446,17.51643799406717,5000,100
25,88,232705.88503624446,17.51643799406717,5000,100
25,89,232705.88503624446,17.51643799406717,5000,100
25,90,232705.88503624446,17.51643799406717,5000,100
25,91,232705.88503624446,17.51643799406717,5000,100
25,92,232705.88503624446,17.51643799406717,5000,100
25,93,232705.88503624446,17.51643799406717,5000,100
25,94,232705.88503624446,17.51643799406717,5000,100
25,95,232705.88503624446,17.51643799406717,5000,100
25,96,232705.88503624446,17.51643799406717,5000,100
25,97,232705.88503624446,17.51643799406717,5000,100
25,98,232705.88503624446,17.51643799406717,5000,100
25,99,232705.88503624446,17.51643799406717,5000,100
26,0,333636.0024895499,30.1281529470361,5000,100
26,1,333636.0024895499,30.1281529470361,5000,100
26,2,329365.7298313267,30.214327727090005,5000,100
27,0,309494.32820101443,25.542623201229745,5000,100
27,1,309494.32820101443,25.542623201229745,5000,100
27,2,309494.32820101443,25.542623201229745,5000,100
27,3,309494.32820101443,25.542623201229745,5000,100
27,4,309494.32820101443,25.542623201229745,5000,100
27,5,309494.32820101443,25.542623201229745,5000,100
27,6,309494.32820101443,25.542623201229745,5000,100
27,7,309494.32820101443,25.542623201229745,5000,100
27,8,309494.32820101443,25.542623201229745,5000,100
27,9,309494.32820101443,25.542623201229745,5000,100
27,10,309494.32820101443,25.542623201229745,5000,100
27,11,309494.32820101443,25.542623201229745,5000,100
27,12,309494.32820101443,25.542623201229745,5000,100
27,13,309494.32820101443,25.542623201229745,5000,100
27,14,309494.32820101443,25.542623201229745,5000,100
27,15,309494.32820101443,25.542623201229745,5000,100
27,16,309494.32820101443,25.542623201229745,5000,100
27,17,309494.32820101443,25.542623201229745,5000,100
27,18,309494.32820101443,25.542623201229745,5000,100
27,19,309494.32820101443,25.542623201229745,5000,100
27,20,309494.32820101443,25.542623201229745,5000,100
27,21,309494.32820101443,25.542623201229745,5000,100
27,22,309494.32820101443,25.542623201229745,5000,100
27,23,309494.32820101443,25.542623201229745,5000,100
27,24,309494.32820101443,25.542623201229745,5000,100
27,25,309494.32820101443,25.542623201229745,5000,100
27,26,309494.32820101443,25.542623201229745,5000,100
27,27,309494.32820101443,25.542623201229745,5000,100
27,28,309494.32820101443,25.542623201229745,5000,100
27,29,309494.32820101443,25.542623201229745,5000,100
27,30,309494.32820101443,25.542623201229745,5000,100
27,31,309494.32820101443,25.542623201229745,5000,100
27,32,309494.32820101443,25.542623201229745,5000,100
27,33,309494.32820101443,25.542623201229745,5000,100
27,34,309494.32820101443,25.542623201229745,5000,100
27,35,309494.32820101443,25.542623201229745,5000,100
27,36,309494.32820101443,25.542623201229745,5000,100
27,37,309494.32820101443,25.542623201229745,5000,100
27,38,309494.32820101443,25.542623201229745,5000,100
27,39,309494.32820101443,25.542623201229745,5000,100
27,40,309494.32820101443,25.542623201229745,5000,100
27,41,309494.32820101443,25.542623201229745,5000,100
27,42,309494.32820101443,25.542623201229745,5000,100
27,43,309494.32820101443,25.542623201229745,5000,100
27,44,309494.32820101443,25.542623201229745,5000,100
27,45,309494.32820101443,25.542623201229745,5000,100
27,46,309494.32820101443,25.542623201229745,5000,100
27,47,309494.32820101443,25.542623201229745,5000,100
27,48,309494.32820101443,25.542623201229745,5000,100
27,49,309494.32820101443,25.542623201229745,5000,100
27,50,309494.32820101443,25.542623201229745,5000,100
27,51,309494.32820101443,25.542623201229745,5000,100
27,52,309494.32820101443,25.542623201229745,5000,100
27,53,309494.32820101443,25.542623201229745,5000,100
27,54,309494.32820101443,25.542623201229745,5000,100
27,55,309494.32820101443,25.542623201229745,5000,100
27,56,309494.32820101443,25.542623201229745,5000,100
27,57,309494.32820101443,25.542623201229745,5000,100
27,58,309494.32820101443,25.542623201229745,5000,100
27,59,309494.32820101443,25.542623201229745,5000,100
27,60,309494.32820101443,25.542623201229745,5000,100
27,61,309494.32820101443,25.542623201229745,5000,100
27,62,309494.32820101443,25.542623201229745,5000,100
27,63,309494.32820101443,25.542623201229745,5000,100
27,64,309494.32820101443,25.542623201229745,5000,100
27,65,309494.32820101443,25.542623201229745,5000,100
27,66,309494.32820101443,25.542623201229745,5000,100
27,67,309494.32820101443,25.542623201229745,5000,100
27,68,309494.32820101443,25.542623201229745,5000,100
27,69,309494.32820101443,25.542623201229745,5000,100
27,70,309494.32820101443,25.542623201229745,5000,100
27,71,309494.32820101443,25.542623201229745,5000,100
27,72,309494.32820101443,25.542623201229745,5000,100
27,73,309494.32820101443,25.542623201229745,5000,100
27,74,309494.32820101443,25.542623201229745,5000,100
27,75,309494.32820101443,25.542623201229745,5000,100
27,76,309494.32820101443,25.542623201229745,5000,100
27,77,309494.32820101443,25.542623201229745,5000,100
27,78,309494.32820101443,25.542623201229745,5000,100
27,79,309494.32820101443,25.542623201229745,5000,100
27,80,309494.32820101443,25.542623201229745,5000,100
27,81,309494.32820101443,25.542623201229745,5000,100
27,82,309494.32820101443,25.542623201229745,5000,100
27,83,309494.32820101443,25.542623201229745,5000,100
27,84,309494.32820101443,25.542623201229745,5000,100
27,85,309494.32820101443,25.542623201229745,5000,100
27,86,309494.32820101443,25.542623201229745,5000,100
27,87,309494.32820101443,25.542623201229745,5000,100
27,88,309494.32820101443,25.542623201229745,5000,100
27,89,309494.32820101443,25.542623201229745,5000,100
27,90,309494.32820101443,25.542623201229745,5000,100
27,91,309494.32820101443,25.542623201229745,5000,100
27,92,309494.32820101443,25.542623201229745,5000,100
27,93,309494.32820101443,25.542623201229745,5000,100
27,94,309494.32820101443,25.542623201229745,5000,100
27,95,309494.32820101443,25.542623201229745,5000,100
27,96,309494.32820101443,25.542623201229745,5000,100
27,97,309494.32820101443,25.542623201229745,5000,100
27,98,309494.32820101443,25.542623201229745,5000,100
27,99,310055.88290744316,25.448489149652872,5000,100
28,0,383335.3368356819,35.760671134641754,5000,100
28,1,383903.6102006653,35.53850869127741,5000,100
28,2,383903.6102006653,35.53850869127741,5000,100
28,3,383903.6102006653,35.53850869127741,5000,100
28,4,383903.6102006653,35.53850869127741,5000,100
28,5,383903.6102006653,35.53850869127741,5000,100
28,6,383903.6102006653,35.53850869127741,5000,100
28,7,383903.6102006653,35.53850869127741,5000,100
28,8,383903.6102006653,35.53850869127741,5000,100
28,9,383903.6102006653,35.53850869127741,5000,100
28,10,383903.6102006653,35.53850869127741,5000,100
28,11,383903.6102006653,35.53850869127741,5000,100
28,12,383903.6102006653,35.53850869127741,5000,100
28,13,383903.6102006653,35.53850869127741,5000,100
28,14,383903.6102006653,35.53850869127741,5000,100
28,15,383903.6102006653,35.53850869127741,5000,100
28,16,383903.6102006653,35.53850869127741,5000,100
28,17,383903.6102006653,35.53850869127741,5000,100
28,18,383903.6102006653,35.53850869127741,5000,100
28,19,383903.6102006653,35.53850869127741,5000,100
28,20,383903.6102006653,35.53850869127741,5000,100
28,21,383903.6102006653,35.53850869127741,5000,100
28,22,383903.6102006653,35.53850869127741,5000,100
28,23,383903.6102006653,35.53850869127741,5000,100
28,24,383903.6102006653,35.53850869127741,5000,100
28,25,383903.6102006653,35.53850869127741,5000,100
28,26,383903.6102006653,35.53850869127741,5000,100
28,27,383903.6102006653,35.53850869127741,5000,100
28,28,383903.6102006653,35.53850869127741,5000,100
28,29,383903.6102006653,35.53850869127741,5000,100
28,30,383903.6102006653,35.53850869127741,5000,100
28,31,383903.6102006653,35.53850869127741,5000,100
28,32,383903.6102006653,35.53850869127741,5000,100
28,33,383903.6102006653,35.53850869127741,5000,100
28,34,383903.6102006653,35.53850869127741,5000,100
28,35,383903.6102006653,35.53850869127741,5000,100
28,36,383903.6102006653,35.53850869127741,5000,100
28,37,383903.6102006653,35.53850869127741,5000,100
28,38,383903.6102006653,35.53850869127741,5000,100
28,39,383903.6102006653,35.53850869127741,5000,100
28,40,383903.6102006653,35.53850869127741,5000,100
28,41,383903.6102006653,35.53850869127741,5000,100
28,42,383903.6102006653,35.53850869127741,5000,100
28,43,383903.6102006653,35.53850869127741,5000,100
28,44,383903.6102006653,35.53850869127741,5000,100
28,45,383903.6102006653,35.53850869127741,5000,100
28,46,383903.6102006653,35.53850869127741,5000,100
28,47,383903.6102006653,35.53850869127741,5000,100
28,48,383903.6102006653,35.53850869127741,5000,100
28,49,383903.6102006653,35.53850869127741,5000,100
28,50,383903.6102006653,35.53850869127741,5000,100
28,51,383903.6102006653,35.53850869127741,5000,100
28,52,383903.6102006653,35.53850869127741,5000,100
28,53,383903.6102006653,35.53850869127741,5000,100
28,54,383903.6102006653,35.53850869127741,5000,100
28,55,383903.6102006653,35.53850869127741,5000,100
28,56,383903.6102006653,35.53850869127741,5000,100
28,57,383903.6102006653,35.53850869127741,5000,100
28,58,383903.6102006653,35.53850869127741,5000,100
28,59,383903.6102006653,35.53850869127741,5000,100
28,60,383903.6102006653,35.53850869127741,5000,100
28,61,383903.6102006653,35.53850869127741,5000,100
28,62,383903.6102006653,35.53850869127741,5000,100
28,63,383903.6102006653,35.53850869127741,5000,100
28,64,383903.6102006653,35.53850869127741,5000,100
28,65,383903.6102006653,35.53850869127741,5000,100
28,66,383903.6102006653,35.53850869127741,5000,100
28,67,383903.6102006653,35.53850869127741,5000,100
28,68,383903.6102006653,35.53850869127741,5000,100
28,69,383903.6102006653,35.53850869127741,5000,100
28,70,383903.6102006653,35.53850869127741,5000,100
28,71,383903.6102006653,35.53850869127741,5000,100
28,72,383903.6102006653,35.53850869127741,5000,100
28,73,383903.6102006653,35.53850869127741,5000,100
28,74,383903.6102006653,35.53850869127741,5000,100
28,75,383903.6102006653,35.53850869127741,5000,100
28,76,383903.6102006653,35.53850869127741,5000,100
28,77,383903.6102006653,35.53850869127741,5000,100
28,78,383903.6102006653,35.53850869127741,5000,100
28,79,383903.6102006653,35.53850869127741,5000,100
28,80,383903.6102006653,35.53850869127741,5000,100
28,81,383903.6102006653,35.53850869127741,5000,100
28,82,383903.6102006653,35.53850869127741,5000,100
28,83,383903.6102006653,35.53850869127741,5000,100
28,84,383903.6102006653,35.53850869127741,5000,100
28,85,383903.6102006653,35.53850869127741,5000,100
28,86,383903.6102006653,35.53850869127741,5000,100
28,87,383903.6102006653,35.53850869127741,5000,100
28,88,383903.6102006653,35.53850869127741,5000,100
28,89,383903.6102006653,35.53850869127741,5000,100
28,90,383903.6102006653,35.53850869127741,5000,100
28,91,383903.6102006653,35.53850869127741,5000,100
28,92,383903.6102006653,35.53850869127741,5000,100
28,93,383903.6102006653,35.53850869127741,5000,100
28,94,383903.6102006653,35.53850869127741,5000,100
28,95,383903.6102006653,35.53850869127741,5000,100
28,96,383903.6102006653,35.53850869127741,5000,100
28,97,383903.6102006653,35.53850869127741,5000,100
28,98,383903.6102006653,35.53850869127741,5000,100
28,99,384808.8122189422,35.40318629728121,5000,100
29,0,412669.47742940334,38.24271956856625,5000,100
29,1,412669.47742940334,38.24271956856625,5000,100
29,2,412669.47742940334,38.24271956856625,5000,100
30,0,325843.2148267125,28.0746433637188,5000,100
