run,solution_idx,f1,f2,chromosome,n_evaluations,n_generations
0,0,73372.54970451497,1.2600995304360492,"2,12,10,77,18,54,102,35,76,73,56,88,93,112,131,51,20,79,25,30,114,3,63,87,117,29,46,142,42,26,145,4,144,113,28,21,109,22,70,72,11,124,71,99,44,115,94,43,82,53,59,5,101,7,89,134,15,111,36,105,58,81,139,129,108,122,34,78,80,27,148,9,19,14,140,92,39,16,98,40,62,147,137,133,48,64,86,128,6,50,37,96,84,132,61,31,135,125,138,45,55,69,91,66,110,123,143,90,23,60,17,121,75,13,38,83,52,65,67,146,68,127,100,130,136,116,103,120,32,118,95,57,41,74,8,126,49,33,97,119,85,107,47,141,24,106,104",20100,200
0,1,79367.48118390767,0.9674816329311744,"124,146,25,77,148,61,142,140,76,139,48,31,93,11,72,35,34,126,111,62,40,46,28,80,78,95,49,122,145,8,65,30,128,70,109,99,136,57,63,52,104,18,71,32,44,115,94,43,82,53,134,5,101,116,123,73,54,41,6,117,21,59,36,89,131,88,125,84,90,10,147,14,20,79,12,74,114,100,137,98,16,39,92,112,110,58,102,81,37,129,108,133,7,15,2,27,86,9,19,45,55,69,91,66,96,51,121,17,60,23,127,68,75,13,38,138,67,83,50,132,64,103,4,144,29,42,26,113,135,56,130,119,118,87,105,143,33,3,97,22,85,107,47,141,24,106,120",20100,200
0,2,79095.71641535252,1.0253805759052523,"124,146,25,77,148,61,142,140,76,139,48,31,93,11,72,35,34,126,111,62,40,46,28,80,78,95,49,122,145,8,65,30,128,70,109,99,136,57,63,52,104,18,71,32,44,115,94,43,82,53,134,5,101,116,123,73,54,41,6,117,21,59,36,89,131,137,125,84,90,10,147,14,20,79,12,74,114,100,88,98,16,39,92,112,110,58,102,81,37,129,108,133,7,15,2,27,86,9,19,45,55,69,91,66,96,51,121,17,60,23,127,68,75,13,38,138,67,83,50,132,64,103,4,144,29,42,26,113,135,56,130,119,97,3,33,143,105,87,118,22,85,107,47,141,24,106,120",20100,200
0,3,78922.55677100232,1.0439668883184587,"124,146,25,77,148,61,142,140,76,139,48,31,93,11,72,35,34,126,111,62,40,46,28,80,78,95,49,122,145,8,65,30,128,70,109,99,136,57,63,52,104,18,71,32,44,115,94,43,82,53,134,5,101,116,123,73,54,41,6,117,21,59,36,89,131,88,125,84,90,10,147,14,20,79,12,74,114,100,137,98,16,39,92,112,110,58,102,81,37,129,108,133,7,15,2,27,86,9,19,45,55,69,91,66,96,51,121,17,60,23,127,68,75,13,38,138,67,83,50,132,64,103,4,144,29,42,26,113,135,118,22,130,56,87,105,143,33,3,97,119,85,107,47,141,24,106,120",20100,200
0,4,72918.15667891156,1.290845536520219,"2,12,10,77,18,54,102,35,76,73,56,88,93,112,131,51,20,79,25,30,114,3,63,87,117,29,46,142,42,26,145,4,144,113,28,21,109,22,70,72,11,124,71,99,44,115,94,43,82,53,59,5,101,7,89,134,15,111,36,105,58,81,139,129,108,122,34,78,80,27,148,9,19,14,140,92,39,16,98,40,62,147,137,133,48,64,86,128,6,50,37,96,84,132,61,31,135,125,138,45,55,69,91,49,110,123,143,90,23,60,17,121,75,13,38,83,52,65,67,146,68,127,100,130,136,116,103,120,32,118,95,57,41,74,8,126,66,141,47,107,85,119,97,33,24,106,104",20100,200
0,5,72785.31513526112,1.3059471219879775,"2,12,10,77,18,54,102,35,76,73,56,88,93,112,131,51,20,79,25,30,114,3,63,87,117,29,46,142,42,26,145,4,144,113,28,21,109,22,70,72,11,124,71,99,44,115,94,43,82,53,59,5,101,7,89,134,15,111,36,105,58,81,139,129,108,122,34,78,80,27,148,9,19,14,140,92,39,16,98,40,62,147,137,133,48,64,86,128,6,50,37,96,84,132,61,31,135,125,138,45,55,69,91,49,110,123,143,90,23,60,17,121,75,13,38,83,52,65,67,146,68,127,100,130,136,116,103,120,32,118,95,57,41,74,8,126,66,141,47,119,85,107,97,33,24,106,104",20100,200
0,6,79111.46049811291,0.9871586744392769,"124,146,25,77,148,61,142,140,76,139,48,31,93,11,72,35,34,126,111,62,40,46,28,80,78,95,49,122,145,8,65,30,128,70,109,99,136,57,63,52,104,18,71,32,44,115,94,43,82,53,134,5,101,116,123,73,54,41,6,117,21,59,36,89,131,137,125,84,90,10,147,14,20,79,12,74,114,100,88,98,16,39,92,112,110,58,102,81,37,129,108,133,7,15,2,27,86,9,19,45,55,69,91,66,96,51,121,17,60,23,127,68,75,13,38,138,67,83,50,132,64,103,4,144,29,42,26,113,135,56,130,119,118,87,105,143,33,3,97,22,85,107,47,141,24,106,120",20100,200
0,7,72683.96267448599,1.320876062203866,"2,12,10,77,18,54,102,35,76,73,56,88,93,112,131,51,20,79,25,30,114,3,63,87,117,29,46,142,42,26,145,4,144,124,11,72,70,22,109,21,28,113,71,99,44,115,94,43,82,53,59,5,101,7,89,134,15,111,36,105,58,81,139,129,108,122,34,78,80,27,148,9,19,14,140,92,39,16,98,40,62,147,137,133,48,64,86,128,6,50,37,96,84,132,61,31,135,125,138,45,55,69,91,49,110,123,143,90,23,60,17,121,75,13,38,83,52,65,67,146,68,127,100,130,136,116,103,120,32,118,95,57,41,74,8,126,66,141,47,119,85,107,97,33,24,106,104",20100,200
0,8,77826.33591193642,1.050904372433572,"2,140,10,77,18,54,86,35,76,73,56,88,93,133,131,51,20,79,25,30,147,3,63,87,117,29,46,142,42,26,145,4,144,113,28,21,109,22,70,72,11,124,71,99,44,115,94,43,82,53,59,5,101,7,89,134,15,111,36,105,64,128,139,50,108,122,34,78,80,27,148,9,19,14,12,74,114,100,137,98,16,39,92,112,110,58,102,81,37,129,6,96,84,132,61,31,135,125,138,45,55,69,91,66,48,123,143,90,23,60,17,121,75,13,38,83,52,65,67,146,68,127,62,130,136,116,103,120,32,118,95,57,41,40,8,126,49,141,47,107,85,119,97,33,24,106,104",20100,200
0,9,77646.92571103048,1.0883014288330233,"2,140,10,77,18,54,86,35,76,73,56,88,93,133,131,51,20,79,25,30,147,3,63,87,117,29,46,142,42,26,145,4,144,113,28,21,109,22,70,72,11,124,71,99,44,115,94,43,82,53,59,5,101,7,89,134,15,111,36,105,64,128,139,50,108,122,34,78,80,27,148,9,19,14,12,74,114,100,137,98,16,39,92,112,110,58,102,81,37,129,6,96,84,132,61,31,135,125,138,45,55,69,91,49,48,123,143,90,23,60,17,121,75,13,38,83,52,65,67,146,68,127,62,130,136,116,103,120,32,118,95,57,41,40,8,126,66,141,47,107,85,119,97,33,24,106,104",20100,200
0,10,74911.91682091319,1.162994715791131,"2,140,10,77,18,54,86,35,76,73,56,88,93,133,131,51,20,79,25,30,147,3,63,87,117,29,46,142,42,26,145,4,144,113,28,21,109,22,70,72,11,124,71,99,44,115,94,43,82,53,59,5,101,7,89,134,15,111,36,105,58,81,139,129,108,122,34,78,80,27,148,9,19,14,12,92,39,16,98,40,62,114,137,112,48,64,102,128,6,50,37,96,84,132,61,31,135,125,138,45,55,69,91,66,110,123,143,90,23,60,17,121,75,13,38,83,52,65,67,146,68,127,100,130,136,116,103,120,32,118,95,57,41,74,8,126,49,33,97,119,85,107,47,141,24,106,104",20100,200
0,11,77181.45742642388,1.1244554237496478,"2,140,10,77,18,54,86,35,76,73,56,88,93,133,131,51,20,79,25,30,147,3,63,87,117,29,46,142,42,26,145,4,144,113,28,72,70,22,109,21,11,124,71,99,44,115,94,43,82,53,59,5,101,7,89,134,15,111,36,105,64,128,139,50,108,122,34,78,80,27,148,9,19,14,12,74,114,100,137,98,16,39,92,112,110,58,102,81,37,129,6,96,84,132,61,31,135,125,138,45,55,69,91,49,48,123,143,90,23,60,17,121,75,13,38,83,52,65,67,146,68,127,62,130,136,116,103,120,32,118,95,57,41,40,8,126,66,141,47,119,85,107,97,33,24,106,104",20100,200
0,12,73271.19724373984,1.2755651739051446,"2,12,10,77,18,54,102,35,76,73,56,88,93,112,131,51,20,79,25,30,114,3,63,87,117,29,46,142,42,26,145,4,144,124,11,72,70,22,109,21,28,113,71,99,44,115,94,43,82,53,59,5,101,7,89,134,15,111,36,105,58,81,139,129,108,122,34,78,80,27,148,9,19,14,140,92,39,16,98,40,62,147,137,133,48,64,86,128,6,50,37,96,84,132,61,31,135,125,138,45,55,69,91,66,110,123,143,90,23,60,17,121,75,13,38,83,52,65,67,146,68,127,100,130,136,116,103,120,32,118,95,57,41,74,8,126,49,33,97,119,85,107,47,141,24,106,104",20100,200
0,13,71962.30217058642,1.3356381463471687,"2,12,10,77,18,54,102,35,76,73,56,88,93,112,131,51,20,79,25,30,114,3,63,87,117,29,46,142,42,26,145,4,144,124,11,21,109,22,70,72,28,113,71,99,44,115,94,43,82,53,59,5,101,7,89,134,15,111,36,105,58,81,139,129,108,122,34,78,80,27,148,9,19,14,140,92,39,64,48,133,137,147,62,40,98,16,86,128,6,50,37,96,84,132,61,31,135,125,138,45,55,69,91,49,110,123,143,90,23,60,17,121,75,13,38,83,52,65,67,146,68,127,100,130,136,116,103,120,32,118,95,57,41,74,8,126,66,141,47,119,85,107,97,33,24,106,104",20100,200
0,14,77349.88881836011,1.1065260954898442,"2,140,10,77,18,54,86,35,76,73,56,88,93,133,131,51,20,79,25,30,147,3,63,87,117,29,46,142,42,26,145,4,144,113,28,21,109,22,70,72,11,124,71,99,44,115,94,43,82,53,59,5,101,7,89,134,15,111,36,105,58,81,139,50,108,122,34,78,80,27,148,9,19,14,12,74,114,100,137,98,16,39,92,112,110,64,102,128,37,129,6,96,84,132,61,31,135,125,138,45,55,69,91,49,48,123,143,90,23,60,17,121,75,13,38,83,52,65,67,146,68,127,62,130,136,116,103,120,32,118,95,57,41,40,8,126,66,141,47,119,85,107,97,33,24,106,104",20100,200
0,15,73992.0555107032,1.2285843292408267,"2,140,10,77,18,54,86,35,76,73,56,88,93,133,131,51,20,79,25,30,147,3,63,87,117,29,46,142,42,26,145,4,144,113,28,72,70,22,109,21,11,124,71,99,44,115,94,43,82,53,59,5,101,7,89,134,15,111,36,105,58,81,139,129,108,122,34,78,80,27,148,9,19,14,12,92,39,16,98,40,62,114,137,112,48,64,102,128,6,50,37,96,84,132,61,31,135,125,138,45,55,69,91,49,110,123,143,90,23,60,17,121,75,13,38,83,52,65,67,146,68,127,100,130,136,116,103,120,32,118,95,57,41,74,8,126,66,141,47,119,85,107,97,33,24,106,104",20100,200
1,0,68699.12619071675,1.3356381463471687,"33,23,143,30,129,130,96,82,102,103,36,78,104,145,46,89,71,34,40,79,70,25,139,73,31,124,8,117,57,39,77,13,21,121,136,14,32,61,26,148,19,84,58,7,41,9,53,18,111,128,138,63,107,54,17,142,51,91,27,76,48,118,42,131,81,52,66,98,2,83,45,99,94,127,22,85,140,35,93,67,37,112,43,69,15,55,114,72,50,146,141,44,86,105,65,16,116,132,38,5,144,97,100,122,59,125,24,87,28,115,95,119,88,133,3,92,80,120,64,60,12,20,90,47,11,56,113,108,123,6,137,74,62,135,10,29,109,134,110,126,49,101,75,106,4,147,68",20100,200
1,1,68605.15914514319,1.3502388471126916,"33,23,143,30,129,130,96,82,102,103,36,78,104,145,46,89,71,34,40,79,70,25,139,73,31,124,8,117,57,39,77,13,21,121,136,14,32,61,26,148,19,84,58,7,41,9,53,18,111,128,138,63,107,54,17,142,51,91,27,76,48,118,42,131,81,52,66,98,2,83,45,99,94,127,22,85,140,35,93,67,37,112,43,69,15,55,114,72,50,146,141,44,86,105,65,16,116,132,38,5,144,97,100,122,59,125,24,87,28,29,10,135,88,64,12,60,20,3,92,80,120,133,90,47,11,56,113,123,108,6,137,74,62,119,95,115,109,134,110,126,49,101,75,106,4,147,68",20100,200
1,2,69117.85862137136,1.320876062203866,"33,23,143,30,129,130,96,82,102,103,36,78,104,145,46,89,71,34,40,79,70,25,139,73,31,124,8,117,57,39,77,13,21,121,136,14,32,61,26,148,19,84,58,7,41,9,53,18,111,128,138,63,107,54,17,142,51,91,27,76,48,118,42,131,81,52,66,98,2,83,45,99,94,127,22,85,140,35,93,67,37,112,43,69,15,55,114,72,50,146,141,44,86,105,65,16,116,132,38,5,144,97,100,122,59,125,24,87,28,29,10,135,62,74,137,123,6,108,113,60,12,20,90,47,11,56,64,120,92,80,3,133,88,119,95,115,109,134,110,126,49,101,75,106,4,147,68",20100,200
1,3,70347.32596794573,1.1460109173492123,"33,23,143,30,129,130,96,82,102,103,36,78,104,145,46,89,71,34,40,79,70,25,139,73,31,124,8,117,57,39,77,13,21,121,136,14,32,61,26,148,15,55,114,72,50,146,141,105,138,111,65,16,116,132,38,41,7,58,84,19,69,43,112,37,67,108,6,123,85,22,140,127,94,53,44,128,86,18,63,107,54,17,142,51,91,27,76,93,48,131,81,52,66,98,2,83,35,99,9,5,144,97,100,122,59,125,24,87,28,29,10,135,62,74,137,45,42,118,113,56,12,64,90,47,11,60,20,120,92,80,3,133,88,119,95,115,109,134,110,126,49,101,75,106,4,147,68",20100,200
1,4,69542.18080259029,1.1962391406015407,"33,23,143,30,129,130,96,82,102,103,36,78,104,145,46,89,71,34,40,79,70,25,139,73,31,124,8,117,57,39,77,13,21,121,136,14,32,61,26,148,19,84,58,7,41,9,132,116,16,65,105,86,44,141,146,50,72,114,55,15,69,43,112,37,67,93,35,140,85,22,127,107,54,17,142,51,91,27,76,48,118,42,131,81,52,66,98,2,83,45,99,94,63,18,138,128,111,53,38,5,144,97,100,122,59,125,24,87,28,115,95,119,88,133,3,92,80,120,64,60,12,20,90,47,11,56,113,108,123,6,137,74,62,135,10,29,109,134,110,126,49,101,75,106,4,147,68",20100,200
1,5,69276.07469555878,1.2755651739051446,"33,23,143,30,129,130,96,82,102,103,36,78,104,145,46,89,71,34,40,79,70,25,139,73,31,124,8,117,57,39,77,13,21,121,136,14,32,61,26,148,19,84,58,7,41,38,132,116,16,65,105,86,44,141,146,50,72,114,55,15,69,43,112,37,67,93,35,140,85,22,127,107,54,17,142,51,91,27,76,48,118,42,131,81,52,66,98,2,83,45,99,94,63,18,138,111,128,53,9,5,144,97,100,122,59,125,24,87,28,115,95,119,88,133,3,92,80,120,64,60,12,20,90,47,11,56,113,108,123,6,137,74,62,135,10,29,109,134,110,126,49,101,75,106,4,147,68",20100,200
1,6,69117.85862137136,1.320876062203866,"33,23,143,30,129,130,96,82,102,103,36,78,104,145,46,89,71,34,40,79,70,25,139,73,31,124,8,117,57,39,77,13,21,121,136,14,32,61,26,148,19,84,58,7,41,9,53,18,111,128,138,63,107,54,17,142,51,91,27,76,48,118,42,131,81,52,66,98,2,83,45,99,94,127,22,85,140,35,93,67,37,112,43,69,15,55,114,72,50,146,141,44,86,105,65,16,116,132,38,5,144,97,100,122,59,125,24,87,28,115,95,119,88,133,137,123,6,108,113,60,12,20,90,47,11,56,64,120,92,80,3,74,62,135,10,29,109,134,110,126,49,101,75,106,4,147,68",20100,200
1,7,72381.26388632253,0.9998077477632912,"33,23,143,30,129,130,96,82,102,103,36,78,104,145,46,89,71,34,40,79,70,25,139,17,31,124,8,117,57,39,77,13,136,121,21,14,32,61,26,148,15,55,114,72,50,146,141,105,138,111,65,16,116,132,38,41,7,58,84,19,69,43,112,37,67,108,6,123,85,22,140,127,94,53,44,128,86,18,63,107,54,73,144,5,35,27,76,93,48,131,81,52,66,98,2,83,91,99,9,51,142,97,100,122,59,125,24,87,28,29,10,135,62,74,118,42,45,137,113,56,12,64,90,47,11,60,20,3,92,80,120,133,88,119,95,115,109,134,110,126,101,49,75,147,4,106,68",20100,200
1,8,69762.64461608375,1.162994715791131,"33,23,143,30,129,130,96,82,102,103,36,78,104,145,46,89,71,34,40,79,70,25,139,73,31,124,8,117,57,39,77,13,136,121,21,14,32,61,26,148,15,55,114,72,50,146,141,105,138,111,65,16,116,132,38,41,7,58,84,19,69,43,112,37,67,108,6,123,85,22,140,127,94,53,44,128,86,18,63,107,54,17,142,51,91,27,76,93,48,131,81,52,66,98,2,83,35,99,9,5,144,97,100,122,59,125,24,87,28,115,95,119,88,133,3,92,80,120,64,60,12,20,90,47,11,56,113,118,42,45,137,74,62,135,10,29,109,134,110,126,49,101,75,106,4,147,68",20100,200
1,9,69647.99689196672,1.179734035803241,"33,23,143,30,129,130,96,82,102,103,36,78,104,145,46,89,71,34,40,79,70,25,139,73,31,124,8,117,57,39,77,13,136,121,21,14,32,61,26,148,15,55,114,72,50,146,141,105,138,111,65,16,116,132,38,41,7,58,84,19,69,43,112,37,67,108,6,123,85,22,140,127,94,53,44,128,86,18,63,107,54,17,142,51,91,27,76,93,48,131,81,52,66,98,2,83,35,99,9,5,144,97,100,122,59,125,24,87,28,115,95,119,88,64,12,60,20,3,92,80,120,133,90,47,11,56,113,118,42,45,137,74,62,135,10,29,109,134,110,126,101,49,75,106,4,147,68",20100,200
1,10,70779.27169043425,1.128771605068569,"33,23,143,30,129,130,96,82,102,103,36,78,104,145,46,89,71,34,40,79,70,25,139,73,31,124,8,117,57,39,77,13,21,121,136,14,32,61,26,148,15,55,114,72,50,146,141,105,138,111,65,16,116,132,38,41,7,58,84,19,69,43,112,37,67,108,6,123,85,22,140,127,94,53,44,128,86,18,63,107,54,17,142,51,91,27,76,93,48,131,81,52,66,98,2,83,35,99,9,5,144,97,100,122,59,125,24,87,28,29,10,135,62,74,137,45,42,118,113,56,12,64,90,47,11,60,20,120,92,80,3,133,88,119,95,115,109,134,110,126,101,49,75,147,4,106,68",20100,200
1,11,70822.09851688183,1.0570064291720433,"33,23,143,30,129,130,96,82,102,103,36,78,104,145,46,89,71,34,40,79,70,25,139,17,31,124,8,117,57,39,77,13,136,121,21,14,32,61,26,148,15,55,114,72,50,146,141,105,138,111,65,16,116,132,38,41,7,58,84,19,69,43,112,37,67,108,6,123,85,22,140,127,94,53,44,128,86,18,63,107,54,73,144,5,35,27,76,93,48,131,81,52,66,98,2,83,91,99,9,51,142,97,100,122,59,125,24,87,28,115,95,119,88,133,3,92,80,120,64,60,12,20,90,47,11,56,113,118,42,45,137,74,62,135,10,29,109,134,110,126,101,49,75,106,4,147,68",20100,200
1,12,71084.61315743515,1.0382903760685276,"33,23,143,30,129,130,96,82,102,103,36,78,104,145,46,89,71,34,40,79,70,25,139,17,31,124,8,117,57,39,77,13,136,121,21,14,32,61,26,148,15,55,114,72,50,146,141,105,138,111,65,16,116,132,38,41,7,58,84,19,69,43,112,37,67,108,6,123,85,22,140,127,94,53,44,128,86,18,63,107,54,73,144,5,35,27,76,93,48,131,81,52,66,98,2,83,91,99,9,51,142,97,100,122,59,125,24,87,28,29,10,135,62,74,137,45,42,118,113,56,12,64,90,47,11,60,20,120,92,80,3,133,88,119,95,115,109,134,110,126,101,49,75,106,4,147,68",20100,200
1,13,68063.0664599356,1.393123111241695,"33,23,143,30,129,130,96,82,102,103,36,78,104,145,46,89,71,34,40,79,70,25,139,73,31,124,8,117,57,39,77,13,21,121,136,14,32,61,26,148,19,84,58,7,41,53,9,18,111,128,138,63,107,54,17,142,51,91,27,76,48,118,42,131,81,99,45,83,2,98,66,52,94,127,22,85,140,35,93,67,37,112,43,69,15,55,114,72,50,146,141,44,86,105,65,16,116,132,38,5,144,97,100,122,59,125,24,87,28,115,95,119,88,133,3,92,80,120,64,60,12,20,90,47,11,56,113,108,123,6,137,74,62,135,10,29,109,134,110,126,49,101,75,106,4,147,68",20100,200
1,14,69448.21375701673,1.2125195948031613,"33,23,143,30,129,130,96,82,102,103,36,78,104,145,46,89,71,34,40,79,70,25,139,73,31,124,8,117,57,39,77,13,21,121,136,14,32,61,26,148,19,84,58,7,41,9,132,116,16,65,105,86,44,141,146,50,72,114,55,15,69,43,112,37,67,93,35,140,85,22,127,107,54,17,142,51,91,27,76,48,118,42,131,81,52,66,98,2,83,45,99,94,63,18,138,128,111,53,38,5,144,97,100,122,59,125,24,87,28,115,95,119,88,64,12,60,20,3,92,80,120,133,90,47,11,56,113,108,123,6,137,74,62,135,10,29,109,134,110,126,49,101,75,106,4,147,68",20100,200
2,0,69445.71718589844,1.62,"133,6,98,23,97,80,72,112,113,8,58,128,140,81,104,7,46,44,74,49,16,109,13,68,143,122,84,48,137,87,107,108,86,83,119,71,14,93,15,117,101,136,69,131,10,25,125,99,62,110,76,45,124,35,57,31,19,96,144,73,147,37,127,63,89,34,67,106,94,9,103,145,118,5,95,90,114,146,111,123,85,30,64,129,120,39,78,36,3,148,60,20,141,11,126,4,91,53,2,100,139,75,135,88,79,130,32,82,28,47,102,21,54,121,59,51,26,33,55,92,56,77,40,52,65,29,50,138,41,38,61,12,22,18,105,17,116,24,43,132,142,70,42,134,66,27,115",20100,200
2,1,70214.427053483,1.305526713629407,"133,6,98,23,97,80,72,112,113,8,58,128,140,81,104,7,46,44,74,49,16,109,13,68,143,122,84,48,137,87,107,108,86,83,119,71,14,93,15,117,101,136,43,18,10,25,125,99,62,22,76,45,111,146,114,90,95,5,118,145,103,9,94,106,67,34,89,63,127,70,142,132,105,17,19,31,60,35,124,123,85,30,64,129,120,39,78,36,3,148,57,20,24,116,126,4,91,53,2,100,139,75,135,88,79,130,32,82,28,47,102,21,54,121,59,51,26,33,55,92,56,77,40,52,65,29,50,138,41,38,61,12,110,131,144,96,11,141,69,73,147,37,42,134,66,27,115",20100,200
2,2,69183.56157509566,1.668652150689292,"133,6,98,23,97,80,72,112,113,8,58,128,140,81,104,7,46,44,74,49,16,109,13,68,143,122,84,48,87,137,107,108,86,83,119,71,14,93,15,117,101,136,69,131,10,25,125,99,62,110,76,45,124,35,57,31,19,96,144,73,147,37,127,63,89,34,67,106,94,9,103,145,118,5,95,90,114,146,111,123,85,30,64,129,120,39,78,36,3,148,60,20,141,11,126,4,91,53,2,100,139,75,135,88,79,130,32,82,28,47,102,21,54,121,59,51,26,33,55,92,56,77,40,52,65,29,50,138,41,38,61,12,22,18,105,17,116,24,43,132,142,70,42,134,66,27,115",20100,200
2,3,71560.15033375211,0.977037486007006,"133,6,98,23,97,80,72,112,113,8,58,128,140,81,104,7,46,44,74,49,16,109,13,68,143,122,84,48,137,87,107,108,86,83,119,71,14,93,2,100,139,75,37,147,138,41,38,61,12,110,131,69,141,130,79,88,135,127,63,67,34,89,106,94,10,101,121,51,114,33,55,92,56,126,52,40,77,29,50,73,144,96,11,32,82,4,91,65,19,31,60,35,129,64,30,5,95,90,26,146,111,45,9,20,57,39,120,103,123,85,118,145,124,148,3,36,78,76,28,15,117,53,136,47,102,21,54,59,25,125,99,62,22,18,105,17,116,24,43,132,142,70,42,134,66,27,115",20100,200
2,4,69518.97984053189,1.3654303350958628,"133,6,98,23,97,80,72,112,113,8,58,128,140,81,104,7,46,44,74,49,16,109,13,68,143,122,84,48,137,87,107,108,86,83,119,71,14,93,15,117,101,136,43,18,10,25,125,99,62,22,76,45,111,146,114,90,129,64,30,85,123,124,35,60,31,19,17,105,132,142,70,127,63,89,34,67,106,94,9,103,145,118,5,95,120,39,78,36,3,148,57,20,24,116,126,4,91,53,2,100,139,75,135,88,79,130,32,82,28,47,102,21,54,121,59,51,26,33,55,92,56,77,40,52,65,29,50,138,41,38,61,12,110,131,144,96,11,141,69,73,37,147,42,134,66,27,115",20100,200
2,5,69445.71718589844,1.62,"133,6,98,23,97,80,72,112,113,8,58,128,140,16,49,74,44,46,7,104,81,109,13,68,143,122,84,48,137,87,107,108,86,83,119,71,14,93,15,117,101,136,69,131,10,25,125,99,62,110,76,45,124,35,57,31,19,96,144,73,147,37,127,63,89,34,67,106,94,9,103,145,118,5,95,90,114,146,111,123,85,30,64,129,120,39,78,36,3,148,60,20,141,11,126,4,91,53,2,100,139,75,135,88,79,130,32,82,28,47,102,21,54,121,59,51,26,33,55,92,56,77,40,52,65,29,50,138,41,38,61,12,22,18,105,17,116,24,43,132,142,70,42,134,66,27,115",20100,200
2,6,70877.73121157763,1.290116273829611,"133,6,98,23,97,80,72,112,113,8,58,128,140,81,104,7,46,44,74,49,16,109,13,68,143,122,84,48,137,87,107,108,86,83,119,71,14,93,15,117,101,136,43,18,10,25,125,99,62,22,76,45,111,146,114,90,95,5,118,145,103,9,94,106,67,34,89,63,127,70,142,132,105,17,19,31,60,35,124,123,85,30,64,129,120,39,78,36,3,148,57,20,24,116,126,4,91,53,2,100,139,75,135,88,79,130,32,82,28,47,102,21,54,121,59,51,26,33,55,92,56,77,40,52,96,144,131,110,12,61,38,41,138,50,29,65,11,141,69,73,147,37,42,134,66,27,115",20100,200
2,7,71155.36648462957,1.0952169685713256,"133,6,98,23,97,80,72,112,113,8,58,128,140,16,49,74,44,46,7,104,81,109,13,68,143,122,84,48,137,87,107,108,86,83,119,71,14,56,126,52,40,77,29,50,138,41,38,61,12,110,131,69,141,11,96,144,73,147,37,75,139,100,2,93,92,55,33,114,51,101,121,10,94,106,89,34,67,63,127,135,88,79,130,32,82,4,91,65,19,31,60,35,129,64,30,5,95,90,26,146,111,45,9,20,57,39,120,103,123,85,118,145,124,148,3,36,78,76,28,15,117,53,136,47,102,21,54,59,25,125,99,62,22,18,105,17,116,24,43,132,142,70,42,134,66,27,115",20100,200
3,0,75898.0412711202,0.9509994742374992,"34,37,35,50,3,99,67,12,51,105,146,65,10,64,26,144,148,60,62,116,38,80,2,57,142,103,4,6,84,122,54,44,45,78,18,71,90,77,23,114,110,141,125,63,9,126,117,24,29,92,83,136,132,76,140,129,55,96,20,58,5,52,21,131,46,70,97,41,138,130,7,106,128,32,79,104,107,11,111,93,145,53,124,147,133,89,94,139,43,31,27,28,101,87,8,120,115,33,143,102,56,123,134,17,137,113,108,42,112,135,14,47,69,81,98,30,127,48,86,72,19,36,22,68,82,25,13,121,49,95,16,109,66,59,15,40,88,100,74,75,119,85,73,39,61,118,91",20100,200
3,1,68272.08861233303,1.5273993799333683,"99,3,50,35,37,34,67,12,51,105,146,10,65,64,26,144,148,142,57,2,80,38,116,62,60,103,4,6,84,122,54,44,14,112,46,70,97,87,101,9,130,138,41,120,8,115,131,21,52,132,136,83,23,114,110,141,125,63,128,108,137,113,17,42,68,19,25,13,32,69,47,78,45,76,31,18,71,92,28,135,94,89,133,139,85,43,106,7,134,102,143,33,123,56,24,117,126,29,145,93,111,11,107,39,79,81,98,30,127,48,86,104,82,36,22,147,124,27,53,121,49,95,16,66,109,15,59,40,88,96,20,58,5,90,140,129,55,100,74,75,119,72,73,77,61,118,91",20100,200
3,2,69543.92479354457,1.3789765468640973,"99,3,50,35,37,34,67,12,51,105,146,65,10,64,26,144,148,60,62,116,38,80,2,57,142,103,4,6,84,31,76,45,78,47,69,32,13,25,82,68,94,89,133,139,85,43,63,125,141,110,114,23,83,136,132,52,21,131,115,8,120,41,138,130,9,101,87,97,70,46,112,14,44,54,5,58,20,96,88,40,104,15,109,66,16,95,49,121,53,27,124,147,22,36,19,72,86,48,127,30,98,81,79,39,107,11,111,93,145,29,126,117,24,56,123,33,143,102,134,7,106,128,108,137,113,17,42,135,28,92,71,18,122,90,140,129,55,100,74,75,119,59,73,77,61,118,91",20100,200
3,3,70512.3011363876,1.1962391406015407,"99,3,50,35,37,34,67,12,51,105,146,65,10,64,26,144,148,142,57,2,80,38,116,62,60,103,4,6,84,122,54,44,14,112,46,70,97,87,101,9,130,138,41,120,8,115,131,21,52,5,58,86,48,127,129,140,90,132,39,107,11,111,93,145,29,126,117,24,32,69,47,78,45,76,31,18,71,92,28,128,106,7,134,102,143,33,123,56,135,42,17,113,137,108,53,27,124,147,94,89,133,139,85,125,63,43,141,110,114,23,83,136,81,79,98,30,55,96,20,72,19,36,22,82,13,25,104,121,49,95,16,109,66,88,40,15,68,100,74,75,119,59,73,77,61,118,91",20100,200
3,4,68272.08861233303,1.5273993799333683,"99,3,50,35,37,34,67,12,51,105,146,10,65,64,26,144,148,142,57,2,80,38,116,62,60,103,4,6,84,122,54,44,14,112,46,70,97,87,101,9,130,138,41,120,8,115,131,21,52,132,136,83,23,114,110,141,125,63,128,108,137,113,17,42,135,28,92,71,18,31,76,45,78,47,69,32,13,25,19,68,94,89,133,139,85,43,106,7,134,102,143,33,123,56,24,117,126,29,145,93,111,11,107,39,79,81,98,30,127,48,86,104,82,36,22,147,124,27,53,121,49,95,16,66,109,15,59,40,88,96,20,58,5,90,140,129,55,100,74,75,119,72,73,77,61,118,91",20100,200
3,5,71578.65971562738,1.0570064291720433,"99,3,50,35,37,34,67,12,51,105,146,10,65,64,26,144,148,60,62,116,38,80,2,57,142,103,4,6,84,122,54,44,14,112,46,70,97,87,101,9,130,138,41,120,8,131,21,115,52,5,58,86,48,127,129,140,90,132,39,107,11,111,93,145,29,126,117,24,28,92,71,18,31,69,47,78,45,76,32,128,106,7,134,102,143,33,123,56,135,42,17,113,137,108,53,27,124,147,94,89,133,139,85,125,63,43,141,110,114,23,83,136,81,79,98,30,55,96,20,72,19,36,22,82,13,25,104,121,49,95,16,109,66,88,40,15,68,100,74,75,119,59,73,77,61,118,91",20100,200
3,6,71286.9962981169,1.1112648874748827,"99,3,50,35,37,34,67,12,51,105,146,10,65,64,26,144,148,60,62,116,38,80,2,57,142,103,4,6,84,122,54,44,14,112,46,70,97,87,101,9,130,138,41,120,8,115,131,21,52,5,58,86,48,127,129,140,90,132,39,107,11,111,93,145,29,126,117,24,32,69,47,78,45,76,31,18,71,92,28,128,106,7,134,102,143,33,123,56,135,42,17,113,137,108,53,27,124,147,94,89,133,139,85,125,63,43,141,110,114,23,83,136,81,79,98,30,55,96,20,72,19,36,22,82,13,25,104,121,49,95,16,109,66,88,40,15,68,100,74,75,119,59,73,77,61,118,91",20100,200
3,7,68755.65987821846,1.4751563038277669,"99,3,50,35,37,34,67,12,51,105,146,10,65,64,26,144,148,142,57,2,80,38,116,62,60,103,4,6,84,122,54,44,14,112,46,70,97,87,101,9,130,138,41,120,8,115,131,21,52,132,136,83,23,114,110,141,125,63,128,108,137,113,17,42,135,28,92,71,18,31,76,45,78,47,69,32,13,25,82,68,94,89,133,139,85,43,106,7,134,102,143,33,56,123,24,117,126,29,145,93,111,11,107,39,79,81,98,30,127,48,86,72,19,36,22,147,124,27,53,121,49,95,16,66,109,15,104,40,88,96,20,58,5,90,140,129,55,100,74,75,119,59,73,77,61,118,91",20100,200
3,8,69141.58256222494,1.4071274602360122,"99,3,50,35,37,34,67,12,51,105,146,10,65,64,26,144,148,60,62,116,38,80,2,57,142,103,4,6,84,122,54,44,14,112,46,70,97,87,101,9,130,138,41,120,8,115,131,21,52,132,136,83,23,114,110,141,125,63,128,108,137,113,17,42,135,28,92,71,18,31,47,78,45,76,69,32,13,25,82,68,94,89,133,139,85,43,106,7,134,102,143,33,56,123,24,117,126,29,145,93,111,11,107,39,79,81,98,30,127,48,86,72,19,36,22,147,124,27,53,121,49,95,16,66,109,15,104,40,88,96,20,58,5,90,140,129,55,100,74,75,119,59,73,77,61,118,91",20100,200
3,9,70857.40297089051,1.1460109173492123,"99,3,50,35,37,34,67,12,51,105,146,65,10,64,26,144,148,142,57,2,80,38,116,62,60,103,4,6,84,122,54,44,14,112,46,70,97,87,101,9,130,138,41,120,8,115,131,21,52,5,58,86,48,127,129,140,90,132,39,107,11,111,93,145,29,126,117,24,28,92,71,18,31,69,47,78,45,76,32,128,106,7,134,102,143,33,123,56,135,42,17,113,137,108,53,27,124,147,94,89,133,139,85,125,63,43,141,110,114,23,83,136,81,79,98,30,55,96,20,72,19,36,22,82,13,25,104,121,49,95,16,109,66,88,40,15,68,100,74,75,119,59,73,77,61,118,91",20100,200
3,10,68468.08564094844,1.4883889972037918,"99,3,50,35,37,34,67,12,51,105,146,10,65,64,26,144,148,142,57,2,80,38,116,62,60,103,4,6,84,122,54,44,14,112,46,70,97,87,101,9,130,138,41,120,8,131,21,115,52,132,136,83,23,114,110,141,125,63,43,85,139,133,89,94,68,19,25,13,32,69,47,78,45,76,31,18,71,92,28,135,42,17,113,137,108,128,106,7,134,102,143,33,123,56,24,117,126,29,145,93,111,11,107,39,79,81,98,30,127,48,86,104,82,36,22,147,124,27,53,121,49,95,16,66,109,15,72,5,58,20,96,88,40,90,140,129,55,100,74,75,119,59,73,77,61,118,91",20100,200
3,11,68935.75708437338,1.4618038289894748,"99,3,50,35,37,34,67,12,51,105,146,10,65,64,26,144,148,60,62,116,38,80,2,57,142,103,4,6,84,122,54,44,14,112,46,70,97,87,101,9,130,138,41,120,8,115,131,21,52,132,136,83,23,114,110,141,125,63,128,108,137,113,17,42,135,28,92,71,18,31,76,45,78,47,69,32,13,25,19,68,94,89,133,139,85,43,106,7,134,102,143,33,56,123,24,117,126,29,145,93,111,11,107,39,79,81,98,30,127,48,86,104,82,36,22,147,124,27,53,121,49,95,16,66,109,15,72,40,88,96,20,58,5,90,140,129,55,100,74,75,119,59,73,77,61,118,91",20100,200
4,0,70785.47483049596,1.3493094880992116,"100,21,27,44,130,15,99,136,145,106,121,16,54,81,102,79,134,142,17,13,60,57,31,117,82,110,104,5,42,109,103,20,140,92,105,122,23,123,86,47,126,41,111,3,65,95,72,30,138,35,74,127,96,85,58,52,10,98,108,71,90,56,112,78,45,128,40,84,24,55,68,89,87,39,97,64,70,29,125,6,12,148,131,34,37,75,53,66,48,83,80,93,50,69,107,144,120,118,7,61,116,59,129,14,18,43,8,141,137,19,124,147,73,38,9,49,139,133,119,36,2,25,46,88,28,77,26,4,101,63,115,113,33,146,132,32,62,91,135,76,11,94,114,67,143,22,51",20100,200
4,1,69924.5367651408,1.6447648705179538,"100,21,27,44,94,15,99,136,145,106,121,16,54,81,102,79,134,142,82,117,31,57,60,13,17,110,104,5,42,109,103,20,140,92,105,122,23,123,86,47,126,41,111,3,65,95,72,30,138,35,74,127,96,85,58,52,10,98,108,71,90,56,112,78,45,128,40,84,24,55,68,89,87,39,97,64,70,29,125,6,12,148,131,34,37,75,53,66,48,83,80,93,50,107,69,144,120,118,7,61,116,59,129,14,18,43,8,141,137,19,124,147,63,101,4,49,139,133,119,36,25,2,46,88,28,113,115,73,38,9,26,77,33,146,132,32,62,91,135,76,11,130,114,67,143,22,51",20100,200
4,2,72700.87707621959,0.9297311439335567,"130,21,27,143,94,15,99,136,145,106,121,16,54,81,102,79,134,110,82,117,31,57,60,13,17,142,104,5,42,109,103,20,140,92,86,123,23,122,105,47,40,84,111,3,65,95,72,30,71,108,98,124,52,58,85,96,10,147,63,101,4,9,49,28,88,46,32,132,146,19,25,2,62,91,135,76,100,11,114,67,44,74,127,36,119,133,139,41,126,144,120,118,7,61,116,59,64,70,77,38,26,34,37,75,53,66,48,83,80,93,50,29,125,6,12,148,131,73,115,113,112,87,56,39,97,141,137,8,43,18,14,129,33,78,45,128,69,107,55,68,24,89,90,138,35,22,51",20100,200
4,3,71014.81643750727,1.3349811070622002,"100,21,27,44,130,15,99,136,145,106,121,16,54,81,102,79,134,142,82,117,31,57,60,13,17,110,104,5,42,109,103,20,140,92,105,122,23,112,56,90,71,108,98,10,52,95,72,30,138,35,74,127,96,85,58,65,3,111,41,126,47,86,123,78,45,128,40,84,24,55,68,89,87,39,97,64,70,29,125,6,12,148,131,34,37,75,53,66,48,83,80,93,50,69,107,144,120,118,7,61,116,59,129,14,18,43,8,141,137,19,124,147,73,38,9,49,139,133,119,36,2,25,46,88,28,77,26,4,101,63,115,113,33,146,132,32,62,91,135,76,11,94,114,67,143,22,51",20100,200
4,4,71250.01972085674,1.2455542242085598,"100,21,27,44,130,15,99,136,145,106,121,16,54,81,102,79,134,142,82,117,31,57,60,13,17,110,104,5,42,109,103,20,140,92,105,122,23,123,86,47,126,41,111,3,65,95,72,30,138,35,74,128,45,78,112,56,90,71,108,98,10,52,58,85,96,127,40,84,24,55,68,89,87,39,97,64,70,29,125,6,12,148,131,34,37,75,53,66,48,83,80,93,50,69,107,144,120,118,7,61,116,59,129,14,18,43,8,141,137,19,124,147,73,38,9,49,139,133,119,36,2,25,46,88,28,77,26,4,101,63,115,113,33,146,132,32,62,91,135,76,11,94,114,67,143,22,51",20100,200
4,5,73374.15734711566,0.8856635930193811,"130,21,27,143,94,15,99,136,145,106,121,16,54,81,102,79,134,142,82,117,31,57,60,13,17,110,104,5,42,109,103,20,140,92,86,123,23,122,105,47,40,84,111,3,65,95,72,30,71,108,98,124,52,58,85,96,10,147,63,101,4,9,49,28,88,46,32,132,146,19,25,2,62,91,135,76,100,11,114,67,44,74,127,36,119,133,139,41,126,144,120,118,7,61,116,59,64,70,77,26,38,34,37,75,53,50,66,48,83,80,93,29,125,6,12,148,131,73,115,113,112,87,56,39,97,141,137,8,43,18,14,129,33,78,45,128,69,107,55,68,24,89,90,138,35,22,51",20100,200
4,6,72447.4821529308,0.9509994742374992,"130,21,27,143,94,15,99,136,145,106,121,16,54,81,102,79,134,110,82,117,31,57,60,13,17,142,104,5,42,109,103,20,140,92,105,122,23,123,86,47,40,84,111,3,65,95,72,30,101,63,147,124,96,85,58,52,10,98,108,71,90,9,49,28,88,46,32,132,146,19,25,2,62,91,135,76,100,11,114,67,44,74,127,36,119,133,139,41,126,144,120,118,7,61,116,59,64,70,77,38,26,34,37,75,53,66,48,83,80,93,50,29,125,6,12,148,131,73,115,113,112,87,56,39,97,141,137,8,43,18,14,129,33,78,45,128,69,107,55,68,24,89,4,138,35,22,51",20100,200
4,7,71014.81643750727,1.3349811070622002,"100,21,27,44,130,15,99,136,145,106,121,16,54,81,102,79,134,142,17,13,60,57,31,117,82,110,104,5,42,109,103,20,140,92,105,122,23,112,56,90,71,108,98,10,52,95,72,30,138,35,74,127,96,85,58,65,3,111,41,126,47,86,123,78,45,128,40,84,24,55,68,89,87,39,97,64,70,29,125,6,12,148,131,34,37,75,53,66,48,83,80,93,50,69,107,144,120,118,7,61,116,59,129,14,18,43,8,141,137,19,124,147,73,38,9,49,139,133,119,36,2,25,46,88,28,77,26,4,101,63,115,113,33,146,132,32,62,91,135,76,11,94,114,67,143,22,51",20100,200
4,8,70785.47483049596,1.3493094880992116,"100,21,27,44,130,15,99,136,145,106,121,16,54,81,102,79,134,142,82,117,31,57,60,13,17,110,104,5,42,109,103,20,140,92,105,122,23,123,86,47,126,41,111,3,65,95,72,30,138,35,74,127,96,85,58,52,10,98,108,71,90,56,112,78,45,128,40,84,24,55,68,89,87,39,97,64,70,29,125,6,12,148,131,34,37,75,53,66,48,83,80,93,50,69,107,144,120,118,7,61,116,59,129,14,18,43,8,141,137,19,124,147,73,38,9,49,139,133,119,36,2,25,46,88,28,77,26,4,101,63,115,113,33,146,132,32,62,91,135,76,11,94,114,67,143,22,51",20100,200
4,9,70276.02779654863,1.5233634151687365,"100,21,27,44,94,15,99,136,145,106,121,16,54,81,102,79,134,142,82,117,31,57,60,13,17,110,104,5,42,109,103,20,140,92,105,122,23,123,86,47,126,41,111,3,65,95,72,30,138,35,74,127,96,85,58,52,10,98,108,71,90,56,112,78,45,128,40,84,24,55,68,89,87,39,97,64,70,29,125,6,12,148,131,34,37,75,53,66,48,83,80,93,50,69,107,144,120,118,7,61,116,59,129,14,18,43,8,141,137,19,124,147,73,38,9,49,139,133,119,36,2,25,46,88,28,77,26,4,101,63,115,113,33,146,132,32,62,91,135,76,11,130,114,67,143,22,51",20100,200
4,10,70276.02779654863,1.5233634151687365,"100,21,27,44,94,15,99,136,145,106,121,16,54,81,102,79,134,142,17,13,60,57,31,117,82,110,104,5,42,109,103,20,140,92,105,122,23,123,86,47,126,41,111,3,65,95,72,30,138,35,74,127,96,85,58,52,10,98,108,71,90,56,112,78,45,128,40,84,24,55,68,89,87,39,97,64,70,29,125,6,12,148,131,34,37,75,53,66,48,83,80,93,50,69,107,144,120,118,7,61,116,59,129,14,18,43,8,141,137,19,124,147,73,38,9,49,139,133,119,36,2,25,46,88,28,77,26,4,101,63,115,113,33,146,132,32,62,91,135,76,11,130,114,67,143,22,51",20100,200
4,11,70071.51603352556,1.5973119061234682,"100,21,27,44,94,15,99,136,145,106,121,16,54,81,102,79,134,142,82,117,31,57,60,13,17,110,104,5,42,109,103,20,140,92,105,122,23,123,86,47,126,41,111,3,65,95,72,30,138,35,74,127,96,85,58,52,10,98,108,71,90,56,112,78,45,128,40,84,24,55,68,89,87,39,97,64,70,29,125,6,12,148,131,34,37,75,53,66,48,83,80,93,50,107,69,144,120,118,7,61,116,59,129,14,18,43,8,141,137,19,124,147,73,38,9,49,139,133,119,36,2,25,46,88,28,77,26,4,101,63,115,113,33,146,132,32,62,91,135,76,11,130,114,67,143,22,51",20100,200
4,12,72700.87707621959,0.9297311439335567,"130,21,27,143,94,15,99,136,145,106,121,16,54,81,102,79,134,110,82,117,31,57,60,13,17,142,104,5,42,109,103,20,140,92,105,122,23,123,86,47,40,84,111,3,65,95,72,30,71,108,98,124,52,58,85,96,10,147,63,101,4,9,49,28,88,46,32,132,146,19,25,2,62,91,135,76,100,11,114,67,44,74,127,36,119,133,139,41,126,144,120,118,7,61,116,59,64,70,77,38,26,34,37,75,53,66,48,83,80,93,50,29,125,6,12,148,131,73,115,113,112,87,56,39,97,141,137,8,43,18,14,129,33,78,45,128,69,107,55,68,24,89,90,138,35,22,51",20100,200
4,13,70263.42426095488,1.5484053641077433,"100,21,27,44,94,15,99,136,145,106,121,16,54,81,102,79,134,142,82,117,31,57,60,13,17,110,104,5,42,109,103,20,140,92,105,122,23,123,86,47,126,41,111,3,65,95,72,30,138,35,74,127,96,85,58,52,10,98,108,71,90,56,112,78,45,128,40,84,24,55,68,89,87,39,97,64,70,29,125,6,12,148,131,34,37,75,53,66,48,83,80,93,50,69,107,144,120,118,7,61,116,59,129,14,18,43,8,141,137,19,124,147,73,38,9,49,139,133,119,36,2,25,46,88,28,113,115,63,101,4,26,77,33,146,132,32,62,91,135,76,11,130,114,67,143,22,51",20100,200
4,14,71242.43237089727,1.2760597173983919,"100,21,27,44,130,15,99,136,145,106,121,16,54,81,102,79,134,142,82,117,31,3,111,41,126,47,86,123,23,122,105,92,140,20,103,109,42,5,104,110,17,13,60,57,65,95,72,30,138,35,74,128,45,78,112,56,90,71,108,98,10,52,58,85,96,127,40,84,24,55,68,89,87,39,97,64,70,29,125,6,12,148,131,34,37,75,53,66,48,83,80,93,50,69,107,144,120,118,7,61,116,59,129,14,18,43,8,141,137,19,124,147,73,38,9,49,139,133,119,36,2,25,46,88,28,77,26,4,101,63,115,113,33,146,132,32,62,91,135,76,11,94,114,67,143,22,51",20100,200
4,15,70296.01443926763,1.4850089155590753,"100,21,27,44,130,15,99,136,145,106,121,16,54,81,102,79,134,142,82,117,31,57,60,13,17,110,104,5,42,109,103,20,140,92,105,122,23,123,86,47,126,41,111,3,65,95,72,30,138,35,74,127,96,85,58,52,10,98,108,71,90,56,112,78,45,128,40,84,24,55,68,89,87,39,97,64,70,29,125,6,12,148,131,34,37,75,53,66,48,83,80,93,50,107,69,144,120,118,7,61,116,59,129,14,18,43,8,141,137,19,124,147,63,101,4,49,139,133,119,36,2,25,46,88,28,77,26,9,38,73,115,113,33,146,132,32,62,91,135,76,11,94,114,67,143,22,51",20100,200
4,16,70525.35604627895,1.4720020179430469,"100,21,27,44,130,15,99,136,145,106,121,16,54,81,102,79,134,142,82,117,31,57,60,13,17,110,104,5,42,109,103,20,140,92,105,122,23,112,56,90,71,108,98,10,52,95,72,30,138,35,74,127,96,85,58,65,3,111,41,126,47,86,123,78,45,128,40,84,24,55,68,89,87,39,97,64,70,29,125,6,12,148,131,34,37,75,53,66,48,83,80,93,50,107,69,144,120,118,7,61,116,59,129,14,18,43,8,141,137,19,124,147,63,101,4,49,139,133,119,36,2,25,46,88,28,77,26,9,38,73,115,113,33,146,132,32,62,91,135,76,11,94,114,67,143,22,51",20100,200
4,17,73374.15734711566,0.8856635930193811,"130,21,27,143,94,15,99,136,145,106,121,16,54,81,102,79,134,142,82,117,31,57,60,13,17,110,104,5,42,109,103,20,140,92,86,123,23,122,105,47,40,84,111,3,65,95,72,30,71,108,98,124,52,58,85,96,10,147,63,101,4,9,49,28,88,46,32,132,146,19,25,2,62,91,135,76,100,11,114,67,44,74,127,36,119,133,139,41,126,144,120,118,7,61,116,59,64,70,77,26,38,34,37,75,53,50,66,48,83,80,93,29,125,6,12,148,131,73,115,113,112,87,56,39,97,24,68,55,107,69,128,45,78,33,129,14,18,43,8,137,141,89,90,138,35,22,51",20100,200
4,18,71743.45214566376,0.9921693403849969,"94,21,27,143,130,15,99,136,145,106,121,16,54,81,102,79,134,142,82,117,31,57,60,13,17,110,104,5,42,109,103,20,140,92,105,122,23,123,86,47,40,84,111,3,65,95,72,30,71,108,98,124,52,58,85,96,10,147,63,101,4,9,49,28,88,46,32,132,146,19,25,2,62,91,135,76,100,11,114,67,44,74,127,36,119,133,139,41,126,144,120,118,7,61,116,59,64,70,77,38,26,34,37,75,53,66,48,83,80,93,50,29,125,6,12,148,131,73,115,113,112,87,56,39,97,141,137,8,43,18,14,129,33,78,45,128,69,107,55,68,24,89,90,138,35,22,51",20100,200
4,19,71242.43237089727,1.2760597173983919,"100,21,27,44,130,15,99,136,145,106,121,16,54,81,102,79,134,142,82,117,31,3,111,41,126,47,86,123,42,109,103,20,140,92,105,122,23,5,104,110,17,13,60,57,65,95,72,30,138,35,74,128,45,78,112,56,90,71,108,98,10,52,58,85,96,127,40,84,24,55,68,89,87,39,97,64,70,29,125,6,12,148,131,34,37,75,53,66,48,83,80,93,50,69,107,144,120,118,7,61,116,59,129,14,18,43,8,141,137,19,124,147,73,38,9,49,139,133,119,36,2,25,46,88,28,77,26,4,101,63,115,113,33,146,132,32,62,91,135,76,11,94,114,67,143,22,51",20100,200
5,0,71254.77667294568,1.290845536520219,"17,42,116,5,11,140,147,52,135,87,90,131,120,33,130,122,94,81,41,10,75,125,107,105,80,19,86,68,13,121,88,6,14,111,139,79,118,28,45,47,67,97,100,31,44,102,101,53,69,78,144,50,70,65,3,148,29,126,76,117,95,145,66,77,40,146,23,43,141,89,112,34,84,74,4,24,119,71,2,39,103,57,9,115,20,82,38,25,64,12,109,106,8,7,133,60,18,110,129,108,72,127,73,114,83,63,92,55,113,56,137,138,59,30,99,15,136,132,61,35,85,27,21,22,36,124,93,48,58,54,98,91,62,51,142,134,49,104,46,128,143,26,96,123,37,32,16",20100,200
5,1,72696.44992130664,1.0382903760685276,"17,42,116,5,11,140,147,52,135,87,90,131,120,33,130,122,94,81,41,10,75,125,107,105,80,19,86,68,13,121,99,113,14,111,139,79,118,28,45,47,67,97,100,31,44,102,101,53,69,78,144,50,70,65,3,148,29,126,76,117,95,145,66,77,40,146,23,43,141,89,112,34,84,74,4,24,119,71,2,25,38,82,20,115,9,57,103,39,64,12,7,8,106,109,133,60,18,110,129,108,72,127,73,114,83,63,92,55,6,56,137,138,59,30,88,15,136,132,61,35,85,27,21,22,36,124,93,48,58,54,98,91,62,51,142,134,49,104,46,128,143,26,123,96,37,32,16",20100,200
5,2,70315.06420208074,1.540183285227881,"17,42,116,5,11,140,147,52,135,87,90,131,120,33,130,122,94,81,41,10,75,125,107,105,80,19,86,27,13,121,58,48,14,111,139,79,118,28,45,47,67,97,100,31,44,102,101,53,69,78,144,50,70,65,3,148,29,126,76,117,95,145,66,77,40,146,23,43,141,89,112,34,84,74,4,24,119,71,2,39,103,57,9,115,20,82,38,25,64,12,109,106,8,7,133,60,18,110,129,108,72,127,73,114,124,93,92,55,113,56,137,138,59,30,99,15,136,132,61,35,85,91,98,22,36,83,63,6,88,54,21,68,62,51,142,134,49,104,46,128,143,26,96,123,37,32,16",20100,200
5,3,71925.1066671998,1.1460109173492123,"17,42,116,5,11,140,147,52,135,87,90,131,120,33,130,122,94,81,41,10,75,125,107,105,80,19,86,68,13,121,99,113,14,111,139,79,118,28,45,47,67,97,100,31,44,102,101,53,69,78,144,50,70,65,3,148,29,126,76,117,95,145,66,77,40,146,23,43,141,89,112,34,84,74,4,24,119,71,2,39,103,57,9,115,20,82,38,25,64,12,109,106,8,7,133,60,18,110,129,108,72,127,73,114,83,63,92,55,6,56,137,138,59,30,88,15,136,132,61,35,85,27,21,22,36,124,93,48,58,54,98,91,62,51,142,134,49,104,46,26,123,128,143,96,37,32,16",20100,200
5,4,73266.80610564293,1.0192306994797666,"17,42,116,5,11,140,147,52,135,87,90,131,120,33,130,122,94,81,41,10,75,125,107,105,80,19,86,68,13,121,99,113,14,111,139,79,118,28,45,47,67,97,100,31,44,102,101,53,76,126,29,117,69,144,70,50,78,65,3,148,95,145,66,77,40,146,23,43,141,89,112,34,84,74,4,24,119,71,2,25,38,82,20,115,9,57,103,39,64,12,7,8,106,109,133,60,18,110,129,108,72,127,73,114,83,63,92,55,6,56,137,138,59,30,88,15,136,132,61,35,85,27,21,22,36,124,93,48,58,54,98,91,62,51,142,134,49,104,46,128,143,26,123,96,37,32,16",20100,200
5,5,72200.29551356181,1.0570064291720433,"17,42,116,5,11,140,147,52,135,87,90,131,120,33,130,122,94,81,41,10,75,125,107,105,80,19,86,68,13,121,99,113,14,111,139,79,118,28,45,47,67,97,100,31,44,102,101,53,69,78,144,50,70,65,3,148,29,126,76,117,95,145,66,77,40,146,23,43,141,89,112,34,84,74,4,24,119,71,2,25,38,82,20,115,9,57,103,39,64,12,7,8,106,109,133,60,18,110,129,108,72,127,73,114,83,63,92,55,6,56,137,138,59,30,88,15,136,132,61,35,85,27,21,22,36,124,93,48,58,54,98,91,62,51,142,134,49,104,46,128,143,26,96,123,37,32,16",20100,200
5,6,71947.90093956288,1.128771605068569,"17,42,116,5,11,140,147,52,135,87,90,131,120,33,130,122,94,81,41,10,75,125,107,105,80,19,86,68,13,121,99,113,14,111,139,79,118,28,45,47,67,97,100,31,44,102,101,53,69,78,144,50,70,65,3,148,29,126,76,117,95,145,66,77,40,146,23,43,141,89,112,34,84,74,4,24,119,71,2,39,103,57,9,115,20,82,38,25,64,12,109,106,8,7,133,60,18,110,129,108,72,127,73,114,83,63,92,55,6,56,137,138,59,30,88,15,136,132,61,35,85,27,21,22,36,124,93,48,58,54,98,91,62,51,142,134,49,104,46,128,143,26,96,123,37,32,16",20100,200
5,7,72177.50124119871,1.0753968000629088,"17,42,116,5,11,140,147,52,135,87,90,131,120,33,130,122,94,81,41,10,75,125,107,105,80,19,86,68,13,121,99,113,14,111,139,79,118,28,45,47,67,97,100,31,44,102,101,53,69,78,144,50,70,65,3,148,29,126,76,117,95,145,66,77,40,146,23,43,141,89,112,34,84,74,4,24,119,71,2,25,38,82,20,115,9,57,103,39,64,12,7,8,106,109,133,60,18,110,129,108,72,127,73,114,83,63,92,55,6,56,137,138,59,30,88,15,136,132,61,35,85,27,21,22,36,124,93,48,58,54,98,91,62,51,142,134,49,104,46,26,123,128,143,96,37,32,16",20100,200
5,8,73817.25015317707,0.9674816329311744,"17,42,116,5,11,140,147,52,135,87,90,131,120,33,130,122,94,81,41,10,75,125,107,105,80,19,86,68,13,121,99,113,14,111,139,79,118,28,45,47,67,97,100,31,44,102,101,53,69,78,144,50,70,65,3,148,29,126,76,117,95,145,66,77,40,146,23,43,141,89,112,34,84,74,4,24,119,71,2,25,38,82,20,115,9,57,103,39,64,12,109,136,8,7,133,60,18,110,129,108,72,127,73,114,83,63,92,55,6,56,137,138,59,30,88,15,106,132,61,35,85,27,21,54,58,48,124,93,36,22,98,91,51,62,142,134,49,104,46,26,143,128,96,123,37,32,16",20100,200
5,9,71468.3307807355,1.2755651739051446,"17,42,116,5,11,140,147,52,135,87,90,131,120,33,130,122,94,81,41,10,75,125,107,105,80,19,86,27,13,121,88,6,14,111,139,79,118,28,45,47,67,97,100,31,44,102,101,53,69,78,144,50,70,65,3,148,29,126,76,117,95,145,66,77,40,146,23,43,141,89,112,34,84,74,4,24,119,71,2,39,103,57,9,115,20,82,38,25,64,12,109,106,8,7,133,60,18,110,129,108,72,127,73,114,124,93,92,55,113,56,137,138,59,30,99,15,136,132,61,35,85,91,98,22,36,83,63,48,58,54,21,68,62,51,142,134,49,104,46,26,123,128,143,96,37,32,16",20100,200
5,10,70292.26992971764,1.5528619508410455,"17,42,116,5,11,140,147,52,135,87,90,131,120,33,130,122,94,81,41,10,75,125,107,105,80,19,86,27,13,121,58,48,14,111,139,79,118,28,45,47,67,97,100,31,44,102,101,53,69,78,144,50,70,65,3,148,29,126,76,117,95,145,66,77,40,146,23,43,141,89,112,34,84,74,4,24,119,71,2,39,103,57,9,115,20,82,38,25,64,12,109,106,8,7,133,60,18,110,129,108,72,127,73,114,124,93,92,55,113,56,137,138,59,30,99,15,136,132,61,35,85,91,98,22,36,83,63,6,88,54,21,68,62,51,142,134,49,104,46,26,123,128,143,96,37,32,16",20100,200
5,11,70669.93965817214,1.4347261278373895,"17,42,116,5,11,140,147,52,135,87,90,131,120,33,130,122,94,81,41,10,75,125,107,105,80,19,86,27,13,121,58,6,14,111,139,79,118,28,45,47,67,97,100,31,44,102,101,53,69,78,144,50,70,65,3,148,29,126,76,117,95,145,66,77,40,146,23,43,141,89,112,34,84,74,4,24,119,71,2,25,38,82,20,115,9,57,103,39,64,12,7,8,106,109,133,60,18,110,129,108,72,127,73,114,83,63,92,55,48,56,137,138,59,30,88,15,136,132,61,35,85,91,98,22,36,124,93,113,99,54,21,68,62,51,142,134,49,104,46,128,143,26,96,123,37,32,16",20100,200
5,12,73453.2136141007,1.0064510852407327,"17,42,116,5,11,140,147,52,135,87,90,131,120,33,130,122,94,81,41,10,75,125,107,105,80,19,86,68,13,121,99,113,14,111,139,79,118,28,45,47,67,97,100,31,44,102,101,53,69,78,144,50,70,65,3,148,29,126,76,117,95,145,66,77,40,146,23,43,141,89,112,34,84,74,4,24,119,71,2,25,38,82,20,115,9,57,103,39,64,12,109,136,8,7,133,60,18,110,129,108,72,127,73,114,83,63,92,55,6,56,137,138,59,30,88,15,106,132,61,35,85,27,21,54,58,48,124,93,36,22,98,91,51,62,142,134,49,104,46,26,123,128,143,96,37,32,16",20100,200
5,13,71484.37697458151,1.2444416982448965,"17,42,116,5,11,140,147,52,135,87,90,131,120,33,130,122,94,81,41,10,75,125,107,105,80,19,86,68,13,121,88,6,14,111,139,79,118,28,45,47,67,97,100,31,44,102,101,53,69,78,144,50,70,65,3,148,29,126,76,117,95,145,66,77,40,146,23,43,141,89,112,34,84,74,4,24,119,71,2,25,38,82,20,115,9,57,103,39,64,12,7,8,106,109,133,60,18,110,129,108,72,127,73,114,83,63,92,55,113,56,137,138,59,30,99,15,136,132,61,35,85,27,21,22,36,124,93,48,58,54,98,91,62,51,142,134,49,104,46,26,123,128,143,96,37,32,16",20100,200
5,14,71206.88228600958,1.320876062203866,"17,42,116,5,11,140,147,52,135,87,90,131,120,33,130,122,94,81,41,10,75,125,107,105,80,19,86,68,13,121,88,6,14,111,139,79,118,28,45,47,67,97,100,31,44,102,101,53,69,78,144,50,70,65,3,148,29,126,76,117,95,145,66,77,40,146,23,43,141,89,112,34,84,74,4,24,119,71,2,39,103,57,9,115,20,82,38,25,64,12,109,106,8,7,133,60,18,110,129,108,72,127,73,114,124,93,92,55,113,56,137,138,59,30,99,15,136,132,61,35,85,27,21,22,36,83,63,48,58,54,98,91,62,51,142,134,49,104,46,26,123,128,143,96,37,32,16",20100,200
5,15,71228.09649012692,1.3059471219879775,"17,42,116,5,11,140,147,52,135,87,90,131,120,33,130,122,94,81,41,10,75,125,107,105,80,19,86,68,13,121,88,6,14,111,139,79,118,28,45,47,67,97,100,31,44,102,101,53,69,78,144,50,70,65,3,148,29,126,76,117,95,145,66,77,40,146,23,43,141,89,112,34,84,74,4,24,119,71,2,39,103,57,20,115,9,82,38,25,64,12,109,106,8,7,133,60,18,110,129,108,72,127,73,114,124,93,92,55,113,56,137,138,59,30,99,15,136,132,61,35,85,27,21,22,36,83,63,48,58,54,98,91,62,51,142,134,49,104,46,128,143,26,96,123,37,32,16",20100,200
5,16,71611.46662828443,1.1962391406015407,"17,42,116,5,11,140,147,52,135,87,90,131,120,33,130,122,94,81,41,10,75,125,107,105,80,19,86,27,13,121,88,6,14,111,139,79,118,28,45,47,67,97,100,31,44,102,101,53,69,78,144,50,70,65,3,148,29,126,76,117,95,145,66,77,40,146,23,43,141,89,112,34,84,74,4,24,119,71,2,25,38,82,20,115,9,57,103,39,64,12,7,8,106,109,133,60,110,18,129,108,72,127,73,114,124,93,92,55,113,56,137,138,59,30,99,15,136,132,61,35,85,91,98,22,36,83,63,48,58,54,21,68,62,51,142,134,49,104,46,128,143,26,96,123,37,32,16",20100,200
5,17,70326.22852185906,1.4483282598132854,"17,42,116,5,11,140,147,52,135,87,90,131,120,33,130,122,94,81,41,10,75,125,107,105,80,19,86,27,13,121,58,48,14,111,139,79,118,28,45,47,67,97,100,31,44,102,101,53,69,78,144,50,70,65,3,148,29,126,76,117,95,145,66,77,40,146,23,43,141,89,112,34,84,74,4,24,119,71,2,25,38,82,9,115,20,57,103,39,64,12,7,8,106,109,133,60,18,110,129,108,72,127,73,114,83,63,92,55,6,56,137,138,59,30,88,15,136,132,61,35,85,91,98,22,36,124,93,113,99,54,21,68,62,51,142,134,49,104,46,26,123,128,143,96,37,32,16",20100,200
6,0,71801.69448391336,1.1065260954898442,"42,146,26,112,123,85,131,98,138,36,61,96,70,12,129,76,74,110,145,66,135,114,67,28,17,38,8,32,101,91,132,144,33,3,34,27,48,52,64,25,13,142,134,21,100,69,54,119,89,115,84,65,60,93,90,127,104,118,126,11,111,103,117,43,47,122,58,121,139,56,37,23,2,137,143,108,140,50,128,55,18,83,45,116,120,15,99,41,57,107,130,102,4,78,141,79,97,73,19,113,87,72,14,51,7,44,31,125,68,92,39,77,53,20,10,46,29,147,59,94,6,95,109,35,71,80,62,49,81,75,40,5,82,22,124,63,88,133,105,9,86,24,148,30,136,106,16",20100,200
6,1,72165.53407247801,1.0697663296253066,"42,146,26,112,123,85,131,98,138,36,61,96,70,12,57,41,74,110,145,66,135,114,67,28,17,38,8,32,101,91,132,144,33,3,34,27,48,52,64,25,13,142,134,21,100,69,54,119,89,115,84,65,60,93,90,127,104,118,126,11,111,103,117,43,47,122,58,121,139,56,37,23,2,137,143,108,140,50,128,55,18,83,45,99,15,120,116,76,129,107,130,102,4,78,141,79,97,73,19,113,87,72,14,51,7,44,31,125,68,92,39,77,53,20,10,46,29,147,59,94,6,95,109,35,71,80,62,49,81,75,40,5,82,22,124,63,88,133,105,9,86,24,148,30,136,106,16",20100,200
6,2,73552.04164165084,0.9509994742374992,"42,146,26,112,123,85,131,98,96,70,61,36,138,18,83,45,74,110,145,66,135,114,67,43,117,103,104,118,126,111,11,79,97,73,52,54,69,100,64,25,13,142,134,21,76,141,129,55,109,95,12,80,71,6,35,2,34,27,48,99,15,58,47,139,65,57,107,130,102,4,78,19,127,90,23,37,56,84,144,33,137,41,60,93,119,89,115,132,91,101,38,8,32,17,28,122,121,120,116,113,87,72,14,51,7,44,31,125,68,92,39,77,53,20,10,46,29,147,59,94,143,128,140,50,3,108,62,49,81,75,40,5,82,22,124,63,88,133,105,9,86,24,148,30,136,106,16",20100,200
6,3,72165.53407247801,1.0697663296253066,"42,146,26,112,123,85,131,98,138,36,61,96,70,12,129,76,74,110,145,66,135,114,67,28,17,38,8,32,101,91,132,144,33,3,34,27,48,52,64,25,13,142,134,21,100,69,54,119,89,115,84,65,60,93,90,127,104,118,126,11,111,103,117,43,47,122,58,121,139,56,37,23,2,137,143,108,140,50,128,55,18,83,45,99,15,120,116,41,57,107,130,102,4,78,141,79,97,73,19,113,87,72,14,51,7,44,31,125,68,92,39,77,53,20,10,46,29,147,59,94,6,95,109,35,71,80,62,49,81,75,40,5,82,22,124,63,88,133,105,9,86,24,148,30,136,106,16",20100,200
6,4,72342.76940578157,1.050904372433572,"42,146,26,112,123,85,131,98,138,36,61,96,70,12,57,41,74,110,145,66,135,114,67,28,17,38,8,32,101,91,132,144,33,3,34,27,48,52,64,25,13,142,134,21,100,69,54,119,89,115,84,65,60,93,90,127,104,118,126,11,111,103,117,43,47,122,58,121,139,56,37,23,2,137,143,108,140,50,128,55,18,83,45,99,15,120,116,76,129,107,130,102,4,78,141,79,97,73,19,113,87,72,14,51,7,44,31,125,68,92,39,77,59,147,29,46,10,20,53,94,6,95,109,35,71,80,62,49,81,75,40,5,82,22,124,63,88,133,105,9,86,24,148,30,136,106,16",20100,200
6,5,74504.72794992373,0.9297311439335567,"42,146,26,112,123,85,131,98,96,70,61,36,138,18,83,45,74,110,145,66,135,114,67,43,117,103,104,118,126,111,11,79,97,73,52,54,69,100,64,25,13,142,134,21,76,141,129,55,140,128,12,108,3,143,50,2,34,27,48,99,15,58,47,139,65,57,107,130,102,4,78,19,127,90,23,37,56,84,144,33,137,41,60,93,119,89,115,132,91,101,38,8,32,17,28,122,121,120,116,113,87,72,14,51,7,44,31,125,68,92,39,77,59,147,29,46,10,20,53,94,6,95,109,35,71,80,62,49,81,75,40,5,82,22,124,63,88,133,105,9,86,24,148,30,136,106,16",20100,200
6,6,73206.30912635323,0.9921693403849969,"42,146,26,112,123,85,131,98,96,70,61,36,138,18,83,45,74,110,145,66,135,114,67,43,117,103,104,118,126,111,11,79,97,73,52,129,141,76,64,25,13,142,134,21,100,69,54,55,109,95,12,80,71,6,35,2,34,27,48,99,15,58,47,139,65,57,107,130,102,4,78,19,127,90,23,37,56,84,144,33,137,41,60,93,119,89,115,132,91,101,38,8,32,17,28,122,121,120,116,113,87,72,14,51,7,44,31,125,68,92,39,77,53,20,10,46,29,147,59,94,143,128,140,50,3,108,62,49,81,75,40,5,82,22,124,63,88,133,105,9,86,24,148,30,136,106,16",20100,200
6,7,71978.92981721692,1.0883014288330233,"42,146,26,112,123,85,131,98,138,36,61,96,70,12,129,76,74,110,145,66,135,114,67,28,17,38,8,32,101,91,132,144,33,3,34,27,48,52,64,25,13,142,134,21,100,69,54,119,89,115,84,65,60,93,90,127,104,118,126,11,111,103,117,43,47,122,58,121,139,56,37,23,2,137,143,108,140,50,128,55,18,83,45,116,120,15,99,41,57,107,130,102,4,78,141,79,97,73,19,113,87,72,14,51,7,44,31,125,68,92,39,77,59,147,29,46,10,20,53,94,6,95,109,35,71,80,62,49,81,75,40,5,82,22,124,63,88,133,105,9,86,24,148,30,136,106,16",20100,200
7,0,80046.18391474578,0.9079647570252933,"133,144,145,13,126,111,114,112,35,129,24,137,128,31,97,64,14,36,69,52,51,72,100,62,37,85,119,63,108,138,38,116,73,122,91,130,78,80,56,120,33,143,76,12,139,147,132,87,75,106,39,42,67,140,123,3,102,25,10,81,74,23,18,71,8,110,55,61,58,11,34,90,20,117,127,57,26,104,15,83,17,136,121,65,59,68,125,94,54,82,79,28,98,29,40,105,115,22,21,118,109,148,66,6,46,47,99,77,32,2,53,30,142,4,41,107,146,16,135,88,44,70,84,43,19,86,48,141,101,7,49,95,9,5,50,113,124,89,103,131,60,92,93,27,45,96,134",20100,200
7,1,70287.99698536273,1.83708097277556,"133,144,70,79,147,136,104,26,35,125,76,137,128,93,97,87,48,68,71,139,132,72,74,23,65,13,141,107,24,100,43,19,44,102,117,16,2,67,59,39,52,51,75,106,41,101,99,47,46,32,120,56,37,14,17,4,15,36,138,57,121,38,7,18,11,58,109,55,82,8,127,115,98,20,94,84,28,88,110,129,146,126,12,42,69,86,22,77,29,80,78,33,143,130,91,122,73,116,53,63,119,112,114,21,118,64,61,111,3,140,34,90,105,83,131,103,89,124,92,50,5,9,54,40,123,135,142,148,62,108,85,30,10,81,25,145,66,95,49,6,60,113,31,27,45,96,134",20100,200
7,2,70640.84503405011,1.2285843292408267,"133,144,125,79,13,136,104,26,35,107,128,75,106,39,51,72,97,87,48,141,71,65,23,74,31,70,132,147,139,68,93,100,43,19,44,102,117,16,2,67,76,137,59,52,41,101,99,47,46,32,120,56,37,14,17,4,15,36,138,57,121,38,7,18,11,58,109,55,82,8,127,115,98,20,94,84,28,88,110,129,146,126,12,42,69,86,22,77,29,80,78,33,143,130,91,122,73,116,53,63,119,112,114,21,118,64,61,111,3,140,34,90,105,83,131,103,89,124,92,50,5,9,54,40,123,135,142,148,62,108,85,30,10,81,25,145,66,95,49,6,60,113,24,27,45,96,134",20100,200
7,3,70640.84503405011,1.2285843292408267,"133,144,125,79,13,136,104,26,35,107,128,75,106,39,51,72,97,87,48,141,71,65,23,74,31,70,132,147,139,68,93,100,43,19,44,102,117,16,2,67,76,137,59,52,47,99,101,41,46,32,120,56,37,14,17,4,15,36,138,57,121,38,7,18,11,58,109,55,82,8,127,115,98,20,94,84,28,88,110,129,146,126,12,42,69,86,22,77,29,80,78,33,143,130,91,122,73,116,53,63,119,112,114,21,118,64,61,111,3,140,34,90,105,83,131,103,89,124,92,50,5,9,54,40,123,135,142,148,62,108,85,30,10,81,25,145,66,95,49,6,60,113,24,27,45,96,134",20100,200
7,4,70388.76774314619,1.6447648705179538,"133,144,79,70,147,136,104,26,35,125,76,137,128,93,97,87,48,68,71,139,132,72,74,23,65,13,141,107,31,100,43,19,44,102,117,16,2,67,59,39,52,51,75,106,41,101,99,47,46,32,120,56,37,14,17,4,15,36,138,57,121,38,7,18,11,58,109,55,82,8,127,115,98,20,94,84,28,88,110,129,146,126,12,42,69,86,22,77,29,80,78,33,143,130,91,122,73,116,53,63,119,112,114,21,118,64,61,111,3,140,34,90,105,83,131,103,89,124,92,50,5,9,54,40,123,135,142,148,62,108,85,30,10,81,25,145,66,95,49,6,60,113,24,27,45,96,134",20100,200
7,5,73334.05052868105,0.9799999215372391,"133,144,44,102,117,16,2,67,59,137,76,107,35,26,104,136,13,79,125,19,43,100,93,68,139,147,132,70,31,74,65,23,71,141,48,87,97,72,51,39,106,75,128,52,56,101,99,47,46,32,120,41,37,14,17,4,15,36,138,57,121,38,7,18,11,58,109,55,82,8,127,115,98,20,94,84,28,88,110,129,146,126,12,42,69,86,22,77,29,80,78,33,143,130,91,122,73,116,53,63,119,112,114,21,118,64,61,111,3,140,34,90,105,83,135,123,40,54,66,5,145,25,81,30,45,27,24,92,60,6,49,95,9,89,124,113,50,148,103,131,142,10,62,108,85,96,134",20100,200
7,6,72134.80867853883,0.9998077477632912,"133,144,44,102,117,16,2,67,59,137,76,107,35,26,104,136,13,79,125,19,43,100,93,68,139,147,132,70,31,74,65,23,71,141,48,87,97,72,51,39,106,75,128,56,120,32,46,47,99,101,41,52,37,14,17,4,15,36,138,57,121,38,7,18,11,58,109,55,82,8,127,115,98,20,94,84,28,88,110,129,146,126,12,42,69,86,22,77,29,80,78,33,143,130,91,122,73,116,53,63,119,112,114,21,118,64,61,111,3,140,34,90,105,83,135,123,40,54,66,5,145,25,81,30,45,27,24,92,60,6,49,95,9,89,124,113,50,148,103,131,142,10,62,108,85,96,134",20100,200
7,7,72134.80867853883,0.9998077477632912,"133,144,44,102,117,16,2,67,59,137,76,107,35,26,104,136,13,79,125,19,43,100,93,68,139,147,132,70,31,74,65,23,71,141,48,87,97,72,51,39,106,75,128,56,120,32,46,47,99,101,41,52,37,14,17,4,15,36,138,57,121,38,7,18,11,58,109,55,82,8,127,115,98,20,94,84,28,88,110,129,146,126,12,42,69,86,22,77,29,80,78,33,143,130,91,122,73,116,53,63,119,112,114,21,118,64,61,111,3,140,34,90,105,83,135,123,40,54,66,5,145,25,81,30,45,27,24,92,60,6,49,95,9,89,124,113,50,148,103,131,62,10,142,108,85,96,134",20100,200
7,8,70868.84950886606,1.0192306994797666,"133,144,44,102,117,16,2,67,59,137,76,107,35,26,104,136,13,79,125,19,43,100,93,68,139,147,132,70,31,74,65,23,71,141,48,87,97,72,51,39,106,75,128,56,120,101,99,47,46,32,41,52,37,14,17,4,15,36,138,57,121,38,7,18,11,58,109,55,82,8,127,115,98,20,94,84,28,88,110,129,146,126,12,42,69,86,22,77,29,80,78,33,143,130,91,122,73,116,53,63,119,112,114,21,118,64,61,111,3,140,34,90,105,83,131,103,89,124,92,50,5,9,54,40,123,135,142,148,62,108,85,30,10,81,25,145,66,95,49,6,60,113,24,27,45,96,134",20100,200
7,9,70287.99698536273,1.83708097277556,"133,144,147,79,70,136,104,26,35,125,76,137,128,93,97,87,48,68,71,139,132,72,74,23,65,13,141,107,24,100,43,19,44,102,117,16,2,67,59,39,52,51,75,106,41,101,99,47,46,32,120,56,37,14,17,4,15,36,138,57,121,38,7,18,11,58,109,55,82,8,127,115,98,20,94,84,28,88,110,129,146,126,12,42,69,86,22,77,29,80,78,33,143,130,91,122,73,116,53,63,119,112,114,21,118,64,61,111,3,140,34,90,105,83,131,103,89,124,92,50,5,9,54,40,123,135,142,148,62,108,85,30,10,81,25,145,66,95,49,6,60,113,31,27,45,96,134",20100,200
8,0,71875.47718885084,0.9921693403849969,"85,76,79,20,98,56,138,37,26,129,69,59,132,32,97,140,14,105,8,62,94,70,67,133,5,139,66,2,144,82,142,35,80,117,27,53,108,65,88,87,51,134,18,83,24,81,54,55,126,116,7,45,136,16,49,31,63,57,23,43,99,25,146,50,28,30,6,84,29,61,147,77,60,10,39,46,15,109,104,128,19,130,111,122,13,75,115,3,113,143,148,4,64,96,118,103,119,123,106,131,93,72,9,41,112,11,74,127,48,73,78,125,22,42,86,89,33,36,34,124,90,47,110,52,107,68,145,12,40,141,137,92,135,95,17,21,120,58,100,102,38,121,101,91,44,71,114",20100,200
8,1,71205.64982275353,1.0316976301223144,"85,76,79,20,98,56,138,37,26,129,69,59,132,32,97,140,14,105,8,62,94,70,67,133,5,139,142,2,144,82,117,53,27,108,65,88,87,51,35,80,66,134,18,83,24,81,54,55,126,116,7,45,136,16,49,31,63,57,23,43,99,25,146,50,28,30,6,84,29,61,147,77,60,10,39,46,15,109,104,128,19,130,111,122,13,75,115,3,113,143,148,4,64,96,118,103,119,123,106,131,93,72,9,41,112,11,74,127,48,73,78,125,22,42,86,89,33,36,34,124,90,47,110,52,107,68,145,12,40,141,137,92,135,95,17,21,120,58,100,102,38,121,101,91,44,71,114",20100,200
8,2,71205.64982275353,1.0316976301223144,"85,76,79,20,98,56,138,37,26,129,69,59,132,32,97,140,14,105,8,62,94,70,67,133,5,139,142,2,144,82,117,53,27,108,65,88,87,51,35,80,66,134,18,83,24,81,54,55,126,116,7,45,136,16,49,31,63,57,23,43,99,25,146,50,28,6,30,84,29,61,147,77,60,10,39,46,15,109,104,128,19,130,111,122,13,75,115,3,113,143,148,4,64,96,118,103,119,123,106,131,93,72,9,41,112,11,74,127,48,73,78,125,22,42,86,89,33,36,34,124,90,47,110,52,107,68,145,12,40,141,137,92,135,95,17,21,120,58,100,102,38,121,101,91,44,71,114",20100,200
8,3,71881.59715079296,0.9509994742374992,"85,76,79,20,98,56,138,37,26,129,69,59,132,32,97,140,14,105,8,62,94,70,67,133,5,139,51,87,88,65,108,53,27,117,82,144,2,80,35,142,66,134,18,83,24,81,54,55,126,116,7,45,136,16,49,31,63,57,23,43,99,25,146,50,28,30,6,84,29,61,147,77,60,10,39,46,15,109,104,128,19,130,111,122,13,75,115,3,113,143,148,4,64,96,118,103,119,123,135,92,137,141,40,12,145,68,107,52,110,47,90,124,34,36,33,89,86,42,22,125,78,73,48,127,74,11,112,41,9,72,93,131,106,95,17,21,120,58,100,102,38,121,101,91,44,71,114",20100,200
8,4,71581.92785901648,1.0121264743103997,"85,76,79,20,98,56,138,37,26,129,69,59,132,32,97,140,14,105,8,62,94,70,67,133,5,139,66,87,88,65,108,53,27,117,82,144,2,80,35,142,51,134,18,83,24,81,54,55,126,116,7,45,136,16,49,31,63,57,23,43,99,25,146,50,28,30,6,84,29,61,147,77,60,10,39,46,15,109,104,128,19,130,111,122,13,75,115,3,113,143,148,4,64,96,118,103,119,123,106,131,93,72,9,41,112,11,74,127,48,73,78,125,22,42,86,89,33,36,34,124,90,47,110,52,107,68,145,12,40,141,137,92,135,95,17,21,120,58,100,102,38,121,101,91,44,71,114",20100,200
8,5,71192.84175330607,1.2101239605924676,"85,76,79,20,98,56,138,37,26,129,69,59,132,32,97,140,14,105,8,62,94,70,67,133,5,139,66,2,144,82,142,53,27,117,65,88,87,80,35,108,51,134,18,83,24,81,54,55,126,116,7,45,136,16,49,31,63,57,23,43,99,25,146,50,28,30,6,84,29,61,147,77,60,10,39,46,15,109,104,128,19,130,111,122,13,75,115,3,113,143,148,4,64,96,118,103,119,123,106,131,93,72,9,41,112,11,74,127,48,73,78,125,22,42,86,89,33,36,34,124,90,47,110,52,107,68,145,12,40,141,137,92,135,95,17,21,120,58,100,102,38,121,101,91,44,71,114",20100,200
8,6,71581.92785901648,1.0121264743103997,"85,76,79,20,98,56,138,37,26,129,69,59,132,32,97,140,14,105,8,62,94,70,67,133,5,139,66,87,88,65,108,53,27,117,82,144,2,80,35,142,51,134,18,83,24,81,54,55,126,116,7,45,136,16,49,31,63,57,23,43,99,25,146,50,28,6,30,84,29,61,147,77,60,10,39,46,15,109,104,128,19,130,111,122,13,75,115,3,113,143,148,4,64,96,118,103,119,123,106,131,93,72,9,41,112,11,74,127,48,73,78,125,22,42,86,89,33,36,34,124,90,47,110,52,107,68,145,12,40,141,137,92,135,95,17,21,120,58,100,102,38,121,101,91,44,71,114",20100,200
9,0,72835.28650928204,0.9597833921976797,"132,52,111,120,106,20,54,8,62,57,98,141,29,56,92,78,138,19,44,45,58,60,133,43,70,25,134,66,145,9,16,91,95,112,137,65,102,2,122,144,90,64,75,118,131,101,81,68,37,88,85,27,99,47,86,87,4,32,12,26,3,93,77,39,116,42,23,97,127,121,17,109,22,125,11,55,105,107,110,114,128,113,41,59,69,15,94,30,53,49,72,67,14,83,50,61,10,76,136,38,117,28,130,13,103,74,5,24,124,63,35,129,82,104,96,51,6,135,108,21,115,148,139,79,71,48,126,46,7,36,84,142,123,18,143,80,31,140,89,119,100,146,33,40,147,34,73",20100,200
9,1,69328.87054272527,1.1112648874748827,"132,52,111,120,106,20,54,8,62,57,98,45,44,19,138,78,92,56,29,141,58,134,25,70,43,133,60,66,145,9,16,91,95,112,137,65,102,2,122,144,90,64,75,118,131,101,81,68,99,27,37,88,85,47,86,87,4,32,12,26,3,93,77,39,116,42,23,97,127,121,17,109,22,125,11,55,105,107,110,114,128,113,41,59,69,15,94,30,53,49,72,67,14,83,50,61,10,117,28,130,124,63,24,5,74,76,136,38,103,13,35,129,82,104,96,51,6,135,108,48,71,79,139,148,115,21,126,46,7,36,84,73,146,34,80,143,18,123,89,119,100,140,33,40,147,142,31",20100,200
9,2,69595.107200309,1.0753968000629088,"132,52,111,120,106,20,54,8,62,57,98,45,44,19,138,78,92,56,29,141,58,134,25,70,43,133,60,66,145,9,16,91,95,112,137,65,102,2,122,144,90,64,75,118,131,101,81,68,99,27,37,88,85,47,86,87,4,32,12,26,3,42,116,39,77,93,23,97,127,121,17,109,22,125,11,55,105,107,110,114,128,113,41,59,69,15,94,30,53,49,72,67,14,83,50,61,10,76,136,38,117,28,130,13,103,74,5,24,124,63,35,129,82,104,96,51,6,135,108,48,71,79,139,148,115,21,126,46,7,36,84,73,146,34,80,143,18,123,89,119,100,140,33,40,147,142,31",20100,200
9,3,69715.84656399082,1.0382903760685276,"132,52,111,120,106,20,54,8,62,57,98,45,44,19,138,78,92,56,29,141,58,134,25,70,43,133,60,66,145,9,16,91,95,112,137,65,102,2,122,144,90,64,75,118,131,101,81,68,99,27,37,88,85,47,86,87,4,32,12,26,3,93,77,39,116,42,23,97,127,121,17,109,22,125,11,55,105,107,110,114,128,113,41,59,69,15,94,30,53,49,72,67,14,83,50,61,10,76,136,38,117,28,130,13,103,74,5,24,124,63,35,129,82,104,96,51,6,135,108,48,71,148,139,79,115,21,126,46,7,36,84,73,146,34,80,40,33,140,100,119,89,123,18,143,147,142,31",20100,200
9,4,67921.56867331325,1.4209937985877208,"132,52,111,120,106,20,54,8,62,57,98,45,44,19,138,78,92,56,29,141,58,134,25,70,43,133,60,66,145,3,26,12,32,4,137,65,102,2,122,144,90,64,75,118,131,101,81,68,99,27,37,88,85,47,86,87,112,95,117,38,61,50,83,14,67,72,49,53,30,94,15,69,59,41,113,128,114,110,107,105,55,11,125,22,109,17,121,42,116,39,77,93,23,97,127,9,16,91,63,24,124,71,79,139,148,115,100,123,119,142,31,74,76,7,136,46,126,5,82,104,96,103,13,6,35,48,28,51,10,36,84,73,146,34,80,143,18,40,89,130,140,33,129,147,135,108,21",20100,200
9,5,68344.28646316651,1.3059471219879775,"132,52,111,120,106,20,54,8,62,57,98,141,29,56,92,78,138,19,44,45,58,134,25,70,43,133,60,66,145,3,26,12,32,4,137,65,102,2,122,144,90,64,75,118,131,101,81,68,99,27,37,88,85,47,86,87,112,95,117,38,61,50,83,14,67,72,49,53,30,94,15,69,59,41,113,128,114,110,107,105,55,11,125,22,109,17,121,42,116,39,77,93,23,97,127,9,16,91,63,24,124,71,79,139,148,115,100,123,119,142,31,74,76,7,136,46,126,5,82,104,96,103,13,6,35,48,40,33,140,36,84,73,146,34,80,143,18,28,89,130,10,51,129,147,135,108,21",20100,200
9,6,68008.13849527675,1.3356381463471687,"132,52,111,120,106,20,54,8,62,57,98,45,44,19,138,78,92,56,29,141,58,134,25,70,43,133,60,66,145,3,26,12,32,4,137,65,102,2,122,144,90,64,75,118,131,101,81,68,99,27,37,88,85,47,86,87,112,95,117,38,61,50,83,14,67,72,49,53,30,94,15,69,59,41,113,128,114,110,107,105,55,11,125,22,109,17,121,42,116,39,77,93,23,97,127,9,16,91,63,24,124,71,79,139,148,115,100,123,119,142,31,74,76,7,136,46,126,5,82,104,96,103,13,6,35,48,40,33,140,36,84,73,146,34,80,143,18,28,89,130,10,51,129,147,135,108,21",20100,200
9,7,68462.50782690354,1.2125195948031613,"132,52,111,120,106,20,54,8,62,57,141,98,29,56,92,78,138,19,44,45,58,60,133,43,70,25,134,66,145,3,26,12,32,4,137,65,102,2,122,144,90,64,75,118,131,101,81,68,99,27,37,88,85,47,86,87,112,95,117,38,61,50,83,14,67,72,49,53,30,94,15,69,59,41,113,128,114,110,107,105,55,11,125,22,109,17,121,42,116,39,77,93,23,97,127,9,16,91,63,24,124,71,79,139,148,115,100,123,119,142,31,74,76,7,136,46,126,5,82,104,96,103,13,35,129,147,40,33,140,36,84,73,146,34,80,143,18,28,89,130,10,51,21,6,48,135,108",20100,200
9,8,70051.99453188058,0.9998077477632912,"132,52,111,120,106,20,54,8,62,57,98,141,29,56,92,78,138,19,44,45,58,60,133,43,70,25,134,66,145,9,16,91,95,112,137,65,102,2,122,144,90,64,75,118,131,101,81,68,99,27,37,88,85,47,86,87,4,32,12,26,3,93,77,39,116,42,23,97,127,121,17,109,22,125,11,55,105,107,110,114,128,113,41,59,69,15,94,30,53,49,72,67,14,83,50,61,10,76,136,38,117,28,130,13,103,74,5,24,124,63,35,129,82,104,96,51,6,135,108,48,71,148,139,79,115,21,126,46,7,36,84,73,146,34,80,40,33,140,100,119,89,123,18,143,147,142,31",20100,200
9,9,69708.19030706242,1.0570064291720433,"132,52,111,120,106,20,54,8,62,57,98,45,44,19,138,78,92,56,29,141,58,134,25,70,43,133,60,66,145,9,16,91,95,112,137,65,102,2,122,144,90,64,75,118,131,101,81,68,99,27,37,88,85,47,86,87,4,32,12,26,3,93,77,39,116,42,23,97,127,121,17,109,22,125,11,55,105,107,110,114,128,113,41,59,69,15,94,30,53,49,72,67,14,83,50,61,10,76,136,38,117,28,130,13,103,74,5,24,124,63,35,129,82,104,96,51,6,135,108,48,71,79,139,148,115,21,126,46,7,36,84,73,146,34,80,143,18,123,89,119,100,140,33,40,147,142,31",20100,200
9,10,68931.69419071628,1.179734035803241,"132,52,111,120,106,20,54,8,62,57,98,141,29,56,92,78,138,19,44,45,58,60,133,43,70,25,134,66,145,3,26,12,32,4,137,65,102,2,122,144,90,64,75,118,131,101,81,68,99,27,37,88,85,47,86,87,112,95,117,38,61,50,83,14,67,72,49,53,30,94,15,69,59,41,113,128,114,110,107,105,55,11,125,22,109,17,121,42,116,39,77,93,23,97,127,9,16,91,63,24,124,71,79,139,148,115,100,123,119,142,31,74,76,7,136,46,126,5,82,104,96,103,13,35,129,147,40,33,140,36,84,73,146,34,80,143,18,28,89,130,10,51,6,48,135,108,21",20100,200
9,11,72835.28650928204,0.9597833921976797,"132,52,111,120,106,20,54,8,62,57,98,141,29,56,92,78,138,19,44,45,58,60,133,43,70,25,134,66,145,9,16,91,95,112,137,65,102,2,122,144,90,64,75,118,131,101,81,68,37,88,85,27,99,47,86,87,4,32,12,26,3,93,77,39,116,42,23,97,127,121,17,109,22,125,11,55,105,107,110,114,128,113,41,59,69,15,94,30,53,49,72,67,14,83,50,61,10,76,104,82,129,35,63,124,24,5,74,103,13,130,28,117,38,136,96,51,6,135,108,21,115,148,139,79,71,48,126,46,7,36,84,142,123,18,143,80,31,140,89,119,100,146,33,40,147,34,73",20100,200
9,12,67921.56867331325,1.4209937985877208,"132,52,111,120,106,20,54,8,62,57,98,45,44,19,138,78,92,56,29,141,58,134,25,70,43,133,60,66,145,3,26,12,32,4,137,65,102,2,122,144,90,64,75,118,131,101,81,68,99,27,37,88,85,47,86,87,112,95,117,38,61,50,83,14,67,72,49,53,30,94,15,69,22,125,11,55,105,107,110,114,128,113,41,59,109,17,121,42,116,39,77,93,23,97,127,9,16,91,63,24,124,71,79,139,148,115,100,123,119,142,31,74,76,7,136,46,126,5,82,104,96,103,13,6,35,48,28,51,10,36,84,73,146,34,80,143,18,40,89,130,140,33,129,147,135,108,21",20100,200
9,13,71428.13171523096,0.9799999215372391,"132,52,111,120,106,20,54,8,62,57,98,141,29,56,92,78,138,19,44,45,58,134,25,70,43,133,60,66,145,9,16,91,95,112,137,65,102,2,122,144,90,64,75,118,131,101,81,68,99,27,37,88,85,47,86,87,4,32,12,26,3,93,77,39,116,42,23,97,127,121,17,109,22,125,11,55,105,107,110,114,128,113,41,59,69,15,94,30,53,49,72,67,14,83,50,61,10,76,104,82,129,35,63,124,24,5,74,103,13,130,28,117,38,136,96,51,6,135,108,48,71,148,139,79,115,21,126,46,7,36,84,142,123,18,143,80,31,140,89,119,100,146,33,40,147,34,73",20100,200
9,14,69095.622598879,1.162994715791131,"132,52,111,120,106,20,54,8,62,57,98,141,29,56,92,78,138,19,44,45,58,134,25,70,43,133,60,66,145,3,26,12,32,4,137,65,102,2,122,144,90,64,75,118,131,101,81,68,99,27,37,88,85,47,86,87,112,95,117,38,61,30,53,49,72,67,14,83,50,94,15,69,59,41,113,128,114,110,107,105,55,11,125,22,109,17,121,42,116,39,77,93,23,97,127,9,16,91,63,24,124,71,79,139,148,115,100,123,119,142,31,74,76,7,136,46,126,5,82,104,96,103,13,35,129,147,40,33,140,36,84,73,146,34,80,143,18,28,89,130,10,51,6,48,135,108,21",20100,200
9,15,69715.84656399082,1.0382903760685276,"132,52,111,120,106,20,54,8,62,57,98,45,44,19,138,78,92,56,29,141,58,134,25,70,43,133,60,66,145,9,16,91,95,112,137,65,102,2,122,144,90,64,75,118,131,101,81,68,99,27,37,88,85,47,86,87,4,32,12,26,3,93,77,39,116,42,23,97,127,121,17,109,22,125,11,55,105,107,110,114,128,113,41,59,69,15,94,30,53,49,72,67,14,83,50,61,10,76,104,82,129,35,63,124,24,5,74,103,13,130,28,117,38,136,96,51,6,135,108,48,71,148,139,79,115,21,126,46,7,36,84,73,146,34,80,40,33,140,100,119,89,123,18,143,147,142,31",20100,200
9,16,67921.56867331325,1.4209937985877208,"132,52,111,120,106,20,54,8,62,57,98,45,44,19,138,78,92,56,29,141,58,134,25,70,43,133,60,66,145,3,26,12,32,4,137,65,102,2,122,144,90,64,75,118,131,101,81,68,99,27,37,88,85,47,86,87,112,95,117,38,61,50,83,14,67,72,49,53,30,94,15,69,59,41,113,128,114,110,107,105,55,11,125,22,109,17,121,42,116,39,77,93,23,97,127,9,16,91,63,24,124,71,79,139,148,115,100,123,119,142,31,74,76,28,48,35,6,13,103,96,104,82,5,126,46,136,7,51,10,36,84,73,146,34,80,143,18,40,89,130,140,33,129,147,135,108,21",20100,200
10,0,72981.11008742636,1.162994715791131,"135,32,136,95,76,35,127,40,25,94,48,100,147,72,96,89,65,7,132,4,62,30,28,73,128,97,123,111,133,75,107,113,69,50,43,118,42,79,145,134,77,93,34,67,116,21,56,14,54,108,24,31,5,117,17,120,8,84,39,26,2,37,64,12,41,20,15,36,110,66,139,61,98,131,45,87,49,53,92,148,70,59,74,144,47,57,44,78,6,112,68,46,142,10,141,27,9,16,109,99,125,140,124,85,19,130,33,11,23,102,58,143,129,137,13,81,104,126,51,91,114,71,80,3,119,18,146,63,55,90,88,106,22,60,122,138,83,121,103,82,101,105,86,29,52,38,115",20100,200
10,1,73412.50856142814,1.1460109173492123,"135,32,136,95,76,35,127,40,25,94,48,100,147,72,96,89,65,7,132,4,62,30,28,73,128,97,123,111,133,75,107,114,69,50,43,118,42,79,145,134,77,93,34,67,116,21,56,14,54,108,24,31,5,117,17,120,8,84,39,26,2,37,64,12,41,20,15,36,110,66,139,61,98,131,45,87,49,53,92,148,70,59,74,144,47,57,44,78,6,112,68,46,142,10,141,27,9,16,109,99,125,140,124,85,19,130,33,11,23,102,58,143,129,137,13,81,104,126,51,91,113,71,55,63,119,18,146,3,80,22,106,29,90,60,122,138,83,121,103,82,101,105,86,88,52,38,115",20100,200
10,2,69539.81236476594,1.4483282598132854,"135,32,136,95,76,35,127,40,25,94,39,26,31,24,108,54,84,8,120,17,117,5,75,144,112,46,142,10,141,27,9,99,116,67,34,93,37,12,64,41,20,15,36,110,66,139,61,98,131,45,87,49,53,133,97,107,69,59,50,70,148,92,6,47,113,123,111,128,74,43,118,57,44,145,134,77,2,42,79,68,65,7,21,19,85,48,100,125,16,109,132,4,62,30,28,73,78,89,96,72,147,140,124,14,56,130,33,11,23,102,58,143,129,137,13,81,104,126,51,91,114,71,80,3,119,18,146,63,55,90,106,88,22,60,122,138,83,121,103,82,101,105,86,29,52,38,115",20100,200
10,3,71061.47256995078,1.2755651739051446,"135,32,136,95,76,35,127,40,25,94,39,26,31,84,54,108,24,8,120,17,117,5,2,77,134,145,44,57,118,43,74,128,107,69,59,50,70,148,92,6,47,113,123,111,97,133,53,49,87,45,131,98,61,139,66,110,36,15,20,41,12,64,37,93,34,67,116,99,9,27,141,10,142,46,112,144,75,42,79,68,78,73,28,30,62,4,132,109,16,125,129,48,85,19,130,33,11,23,102,58,143,140,124,14,56,21,7,65,89,96,72,147,100,137,13,81,104,126,51,91,114,71,80,3,119,18,146,63,55,90,106,88,22,60,122,138,83,121,103,82,101,105,86,29,52,38,115",20100,200
10,4,73548.7013577937,1.1112648874748827,"135,32,136,95,76,35,127,40,25,94,48,100,147,72,96,89,65,7,132,4,62,30,28,73,128,97,123,111,133,75,107,114,69,50,43,118,42,79,145,134,77,93,34,67,116,21,56,14,54,108,24,31,5,117,17,120,8,84,39,26,2,37,64,12,41,20,15,36,110,66,139,61,98,131,45,87,49,53,92,148,70,59,74,144,47,57,44,78,6,112,68,46,142,10,141,27,9,16,109,99,125,140,124,85,19,130,33,11,23,102,58,143,129,137,13,81,104,126,51,91,113,71,55,63,119,18,146,3,80,90,106,88,22,60,122,138,83,121,103,82,101,105,86,29,52,38,115",20100,200
10,5,74638.55130635413,1.0753968000629088,"135,32,136,95,76,35,127,40,25,94,48,100,147,72,96,89,65,7,132,4,62,30,28,73,128,97,123,111,133,75,107,114,69,50,43,118,42,79,145,134,77,93,34,67,116,21,56,14,54,108,24,31,26,39,84,8,120,17,117,5,2,37,64,12,41,20,15,36,110,66,139,61,98,131,45,87,49,53,92,148,70,59,74,144,47,57,44,78,6,112,68,46,142,10,141,27,9,16,109,99,125,140,124,85,19,130,33,11,23,102,58,143,129,137,13,81,104,126,51,91,113,71,55,63,119,18,146,3,80,90,106,88,22,60,122,138,83,121,103,82,101,105,86,29,52,38,115",20100,200
10,6,69828.38298513868,1.4347261278373895,"135,32,136,95,76,35,127,40,25,94,39,26,31,24,108,54,84,8,120,17,117,5,2,77,134,145,44,57,118,43,74,128,107,69,59,50,70,148,92,6,47,113,123,111,97,133,53,49,87,45,131,98,61,139,66,110,36,15,20,41,12,64,37,93,34,67,116,99,9,27,141,10,142,46,112,144,75,42,79,68,65,7,21,19,85,48,100,125,16,109,132,4,62,30,28,73,78,89,96,72,147,140,124,14,56,130,33,11,23,102,58,143,129,137,13,81,104,126,51,91,114,71,80,3,119,18,146,63,55,90,106,88,22,60,122,138,83,121,103,82,101,105,86,29,52,38,115",20100,200
10,7,71291.05608924442,1.2444416982448965,"135,32,136,95,76,35,127,40,25,94,39,26,31,84,54,108,24,8,120,17,117,5,2,77,134,145,44,57,118,43,74,128,107,69,59,50,70,148,92,6,47,113,123,111,97,133,53,49,87,45,131,98,61,139,66,110,36,15,20,41,12,64,37,93,34,67,116,99,9,27,141,10,142,46,112,144,75,42,79,68,78,73,28,30,85,48,129,125,16,109,132,4,62,19,130,33,11,23,102,58,143,140,124,14,56,21,7,65,89,96,72,147,100,137,13,81,104,126,51,91,114,71,80,3,119,18,146,63,55,90,106,88,22,60,122,138,83,121,103,82,101,105,86,29,52,38,115",20100,200
10,8,69929.03510334154,1.3789765468640973,"135,32,136,95,76,35,127,40,25,94,39,26,31,84,54,108,24,8,120,17,117,5,2,77,134,145,44,57,118,43,74,128,107,69,59,50,70,148,92,6,47,113,123,111,97,133,53,49,87,45,131,98,61,139,66,110,36,15,20,41,12,64,37,93,34,67,116,99,9,27,141,10,142,46,112,144,75,42,79,68,65,7,21,19,85,48,100,125,16,109,132,4,62,30,28,73,78,89,96,72,147,140,124,14,56,130,33,11,23,102,58,143,129,137,13,81,104,126,51,91,114,71,80,3,119,18,146,63,55,90,106,88,22,60,122,138,83,121,103,82,101,105,86,29,52,38,115",20100,200
10,9,69905.20678343221,1.4071274602360122,"135,32,136,95,76,35,127,40,25,94,39,26,31,24,108,54,84,8,120,17,117,5,2,77,134,145,44,57,118,43,74,128,107,69,59,50,70,148,92,6,47,113,123,111,97,133,53,49,87,45,131,98,61,139,66,110,36,15,20,41,12,64,37,93,34,67,116,99,9,27,141,10,142,46,112,144,75,42,79,68,78,73,28,30,62,4,132,109,16,125,100,48,85,19,21,7,65,89,96,72,147,140,124,14,56,130,33,11,23,102,58,143,129,137,13,81,104,126,51,91,114,71,80,3,119,18,146,63,55,90,106,88,22,60,122,138,83,121,103,82,101,105,86,29,52,38,115",20100,200
10,10,70800.24979143377,1.290845536520219,"135,32,136,95,76,35,127,40,25,94,39,26,31,84,54,108,24,8,120,17,117,5,2,77,134,145,44,57,118,43,74,128,107,69,59,50,70,148,92,6,47,113,123,111,97,133,53,49,87,45,131,98,61,139,66,110,36,15,20,41,12,64,37,93,34,67,116,99,9,27,141,10,142,46,112,144,75,42,79,68,78,73,28,30,62,4,132,109,16,125,100,48,14,56,21,7,65,89,96,72,147,140,124,85,19,130,33,11,23,102,58,143,129,137,13,81,104,126,51,91,114,71,80,3,119,18,146,63,55,90,106,88,22,60,122,138,83,121,103,82,101,105,86,29,52,38,115",20100,200
10,11,69539.81236476594,1.4483282598132854,"135,32,136,95,76,35,127,40,25,94,39,26,31,24,108,54,84,8,120,17,117,5,75,144,112,46,142,10,141,27,9,99,116,67,34,93,37,12,64,41,20,15,36,110,66,139,61,98,131,45,87,49,53,133,97,107,69,59,50,70,148,92,6,47,113,123,111,128,74,43,118,57,44,145,134,77,2,42,79,68,65,7,21,19,85,48,100,125,16,109,132,4,62,30,28,73,78,89,96,72,147,140,124,14,56,130,33,11,23,102,58,143,129,137,13,81,104,126,51,91,114,71,80,3,119,18,146,63,55,90,88,106,22,60,122,138,83,121,103,82,101,105,86,29,52,38,115",20100,200
10,12,72981.11008742636,1.162994715791131,"135,32,136,95,76,35,127,40,25,94,48,100,147,72,96,89,65,7,132,4,62,30,28,73,128,97,123,111,133,75,107,113,69,50,43,118,42,79,145,134,77,93,34,67,116,21,56,14,54,108,24,31,5,117,17,120,8,84,39,26,2,37,64,12,41,20,15,36,110,66,139,61,98,131,45,87,49,53,92,148,70,59,74,144,47,57,44,78,6,112,68,46,142,10,141,27,9,16,109,99,125,140,124,85,19,130,33,11,23,102,58,143,129,137,13,81,104,126,51,91,114,71,80,3,119,18,146,63,55,90,106,88,22,60,122,138,83,121,103,82,101,105,86,29,52,38,115",20100,200
10,13,69215.02089979003,1.8536506440155254,"135,32,136,95,76,35,127,40,25,94,39,26,31,24,108,54,84,8,120,17,117,5,75,144,112,46,142,10,141,27,9,99,116,67,34,93,37,12,64,41,20,15,36,110,66,139,61,98,87,45,131,49,53,133,97,107,69,59,50,70,148,92,6,47,113,123,111,128,74,43,118,57,44,145,134,77,2,42,79,68,65,7,21,19,85,48,100,125,16,109,132,4,62,30,28,73,78,89,96,72,147,140,124,14,56,130,33,11,23,102,58,143,129,137,13,81,104,126,51,91,114,71,80,3,119,18,146,63,55,90,106,88,22,60,122,138,83,121,103,82,101,105,86,29,52,38,115",20100,200
10,14,70009.69792382544,1.3502388471126916,"135,32,136,95,76,35,127,40,25,94,39,26,31,84,108,54,24,8,120,17,117,5,2,77,134,145,44,57,118,43,74,128,107,69,59,50,70,148,92,6,47,113,123,111,97,133,53,49,87,45,131,98,61,139,66,110,36,15,20,41,12,64,37,93,34,67,116,99,9,27,141,10,142,46,112,144,75,42,79,68,65,7,21,19,85,48,100,125,16,109,132,4,62,30,28,73,78,89,96,72,147,140,124,14,56,130,33,11,23,102,58,143,129,137,13,81,104,126,51,91,114,71,80,3,119,18,146,63,55,90,106,88,22,60,122,138,83,121,103,82,101,105,86,29,52,38,115",20100,200
11,0,71444.3679526008,1.393123111241695,"79,41,53,145,144,83,147,138,94,130,100,25,57,66,49,102,68,107,113,111,51,88,17,141,60,103,67,14,71,128,2,59,96,72,75,81,6,26,134,31,27,76,5,86,136,42,121,120,62,78,44,39,12,132,48,123,135,33,8,91,23,84,106,89,90,122,55,11,69,24,18,92,37,127,116,54,98,139,129,30,70,77,28,15,63,19,85,137,124,34,38,58,126,65,95,142,104,32,61,97,131,115,99,73,7,82,40,46,74,3,16,52,108,125,143,47,4,117,9,13,29,146,114,43,148,118,20,10,64,109,21,101,105,50,56,45,140,36,119,112,22,93,87,35,133,80,110",20100,200
11,1,72902.50706790622,1.3349811070622002,"79,41,72,96,83,59,138,147,128,144,25,51,107,130,60,103,67,14,57,100,141,17,145,102,111,113,66,75,71,2,88,68,49,53,94,81,6,26,27,31,134,76,5,86,136,42,121,120,62,78,44,39,12,132,48,123,135,33,8,91,23,84,106,89,90,122,55,11,69,24,18,92,37,127,116,54,98,139,129,30,70,77,28,15,63,19,85,137,124,34,38,58,126,65,95,142,104,32,61,97,131,115,99,73,7,82,40,46,74,3,16,52,108,125,143,47,4,117,9,13,29,146,114,43,148,118,20,10,64,109,21,101,105,50,56,45,140,36,119,112,22,93,87,35,133,80,110",20100,200
11,2,73668.39967847346,1.2125195948031613,"79,145,41,53,14,67,103,60,141,17,88,51,111,113,107,68,102,49,66,57,25,100,130,94,138,147,83,144,27,58,134,26,6,34,30,72,46,43,2,128,71,76,15,86,23,91,8,33,135,123,48,39,12,70,44,78,106,84,136,38,121,109,62,89,90,122,69,11,126,64,77,92,37,127,93,22,119,50,36,140,45,18,112,105,101,21,148,118,20,81,42,31,10,114,146,29,75,9,137,85,19,63,61,28,108,125,143,47,4,117,16,52,73,97,131,115,99,82,32,13,142,95,65,59,132,5,104,55,24,120,7,96,40,56,74,3,124,129,98,139,54,116,87,35,133,80,110",20100,200
11,3,72121.49935101232,1.3493094880992116,"79,41,72,96,83,59,138,147,128,144,25,51,107,130,60,103,67,14,57,100,141,17,145,66,113,111,102,75,71,2,88,68,49,53,94,81,6,26,134,31,27,76,5,86,136,42,121,120,62,78,44,39,12,132,48,123,135,33,8,91,23,84,106,89,90,122,55,11,69,24,18,92,37,127,116,54,98,139,129,30,70,77,28,15,63,19,85,137,124,34,38,58,126,65,95,142,104,32,61,97,131,115,99,73,7,82,40,46,74,3,16,52,108,125,143,47,4,117,9,13,29,146,114,43,148,118,20,10,64,109,21,101,105,50,56,45,140,36,119,112,22,93,87,35,133,80,110",20100,200
11,4,76178.4038285072,1.1658034281713596,"119,138,94,89,14,67,103,60,141,130,83,144,147,90,71,128,39,12,46,2,43,127,126,38,77,48,123,135,86,8,51,25,88,68,49,53,41,17,145,102,111,113,66,107,91,23,84,106,57,100,122,69,11,30,70,44,92,72,134,6,37,58,78,34,76,27,136,64,26,33,121,109,62,15,93,22,79,50,36,140,45,18,112,105,101,21,148,118,20,81,42,31,10,114,146,29,75,9,137,85,19,63,61,28,108,125,143,47,4,117,16,52,73,97,131,115,99,82,32,13,142,95,65,59,132,5,104,55,24,120,7,96,40,56,74,3,124,129,98,139,54,116,87,35,133,80,110",20100,200
11,5,74456.37448814808,1.1962391406015407,"79,41,53,145,144,83,147,138,94,130,100,25,57,66,49,102,68,107,113,111,51,88,17,141,60,103,67,14,71,128,2,43,46,72,30,34,6,26,134,58,27,76,15,86,23,91,8,33,135,123,48,39,12,70,44,78,62,109,121,38,136,84,106,89,90,122,69,11,126,64,77,92,37,127,93,22,119,50,36,140,45,18,112,105,101,21,148,118,20,81,42,31,10,114,146,29,75,9,137,85,19,63,61,28,108,125,143,47,4,117,16,52,73,97,131,115,99,82,32,13,142,95,65,59,132,5,104,55,24,120,7,96,40,56,74,3,124,129,98,139,54,116,87,35,133,80,110",20100,200
11,6,72902.50706790622,1.3349811070622002,"79,41,72,96,83,59,138,147,128,144,25,51,107,130,60,103,67,14,57,100,141,17,145,102,111,113,66,75,71,2,88,68,49,53,94,81,6,26,27,31,134,91,8,33,135,123,48,132,12,39,44,78,62,120,121,42,136,86,5,76,23,84,106,89,90,122,55,11,69,24,18,92,37,127,116,54,98,139,129,30,70,77,28,15,63,19,85,137,124,34,38,58,126,65,95,142,104,32,61,97,131,115,99,73,7,82,40,46,74,3,16,52,108,125,143,47,4,117,9,13,29,146,114,43,148,118,20,10,64,109,21,101,105,50,56,45,140,36,119,112,22,93,87,35,133,80,110",20100,200
12,0,71698.65695432747,1.2600995304360492,"26,65,95,116,7,126,109,131,144,20,68,129,45,76,130,34,66,64,142,107,8,21,105,36,128,57,91,88,112,146,140,2,72,35,67,22,98,100,122,43,15,48,96,5,41,102,69,40,97,137,54,139,58,52,55,89,28,83,73,115,13,70,133,125,10,61,87,103,53,123,135,134,90,59,119,110,80,114,86,33,104,118,79,82,106,50,51,25,75,117,121,38,62,30,148,111,12,6,132,24,17,9,120,141,46,39,56,16,32,136,23,27,145,85,74,29,31,101,4,42,44,94,19,143,37,124,14,84,78,92,93,77,60,63,11,127,108,3,71,47,147,138,18,49,113,99,81",20100,200
12,1,72502.9247852585,1.128771605068569,"26,65,95,116,7,126,109,131,144,20,68,129,45,76,130,34,66,64,142,96,8,21,105,36,128,57,91,88,112,146,140,2,72,98,22,67,35,100,122,43,107,48,15,5,41,102,69,40,97,137,54,139,58,52,55,89,28,83,73,115,13,70,133,125,10,61,87,103,53,123,135,134,90,59,119,110,80,114,86,33,104,118,79,82,106,50,51,25,75,117,121,38,62,30,148,111,12,6,132,24,17,9,120,141,46,39,56,16,32,136,23,27,145,85,74,29,31,101,4,42,44,37,143,19,14,77,94,92,78,84,93,124,60,63,11,127,108,3,71,47,147,138,18,49,113,99,81",20100,200
12,2,72502.9247852585,1.128771605068569,"26,65,95,116,7,126,109,131,144,20,68,129,45,76,130,34,66,64,142,96,8,21,105,36,128,57,91,88,112,146,140,2,72,98,22,67,35,100,122,43,107,48,15,5,41,102,69,54,139,58,40,97,137,52,55,89,28,83,73,115,13,70,133,125,10,61,87,103,53,123,135,134,90,59,119,110,80,114,86,33,104,118,79,82,106,50,51,25,75,117,121,38,62,30,148,111,12,6,132,24,17,9,120,141,46,39,56,16,32,136,23,27,145,85,74,29,31,101,4,42,44,37,143,19,14,77,94,92,78,84,93,124,60,63,11,127,108,3,71,47,147,138,18,49,113,99,81",20100,200
12,3,71773.89234586664,1.2285843292408267,"26,65,95,116,7,126,109,131,144,20,68,129,45,76,130,34,66,64,142,96,8,21,105,36,128,57,91,88,112,146,140,2,72,98,22,67,35,100,122,43,107,48,15,5,41,102,69,40,97,137,54,139,58,52,55,89,28,83,73,115,13,70,133,125,10,61,87,103,53,123,135,134,90,59,119,110,80,114,86,33,104,118,79,82,106,50,51,25,75,117,121,38,62,30,148,111,12,6,132,24,17,9,120,141,46,39,56,16,32,136,23,27,145,85,74,29,31,101,4,42,44,94,19,143,37,124,14,84,78,92,93,77,60,63,11,127,108,3,71,47,147,138,18,49,113,99,81",20100,200
12,4,74410.8416036106,1.0570064291720433,"26,65,95,116,7,126,109,131,144,20,68,129,45,76,130,34,66,64,142,96,8,21,105,36,128,57,91,88,112,146,140,2,72,98,22,67,35,100,122,43,107,48,15,5,41,102,69,54,139,58,40,121,137,52,55,89,28,83,73,115,13,70,133,125,10,61,87,103,53,123,135,134,90,59,119,110,80,114,86,33,104,118,79,82,106,50,51,25,75,117,97,38,62,30,148,111,12,6,132,24,17,9,120,141,46,39,56,16,32,136,23,27,145,85,74,29,31,101,4,42,44,37,143,19,14,77,94,92,78,84,93,124,60,63,11,127,108,3,71,47,147,138,18,49,113,99,81",20100,200
12,5,72707.13373747897,1.1112648874748827,"26,65,95,116,7,126,109,131,144,20,68,129,45,76,130,34,66,64,142,96,8,21,105,36,128,57,91,88,112,146,140,2,72,98,22,67,35,100,122,43,107,48,15,5,41,102,69,40,97,137,54,139,58,52,55,89,28,83,73,115,13,70,133,125,10,61,87,103,53,106,82,134,90,59,119,110,80,114,86,33,104,118,79,135,123,50,51,25,75,117,121,38,62,30,148,111,12,6,132,24,17,9,120,141,46,39,56,16,32,136,23,27,145,85,74,29,31,101,4,42,44,37,143,19,14,77,94,92,78,84,93,124,60,63,11,127,108,3,71,47,147,138,18,49,113,99,81",20100,200
12,6,71773.89234586664,1.2285843292408267,"26,65,95,116,7,126,109,131,144,20,68,129,45,76,130,34,66,64,142,96,8,21,105,36,128,57,91,88,112,146,140,2,72,35,67,22,98,100,122,43,107,48,15,5,41,102,69,40,97,137,54,139,58,52,55,89,28,83,73,115,13,70,133,125,10,61,87,103,53,123,135,134,90,59,119,110,80,114,86,33,104,118,79,82,106,50,51,25,75,117,121,38,62,30,148,111,12,6,132,24,17,9,120,141,46,39,56,16,32,136,23,27,145,85,74,29,31,101,4,42,44,94,19,143,37,124,14,84,78,92,93,77,60,63,11,127,108,3,71,47,147,138,18,49,113,99,81",20100,200
12,7,74615.05055583107,1.0382903760685276,"26,65,95,116,7,126,109,131,144,20,68,129,45,76,130,34,66,64,142,96,8,21,105,36,128,57,91,88,112,146,140,2,72,98,22,67,35,100,122,43,107,48,15,5,41,102,69,40,121,137,54,139,58,52,55,89,28,83,73,115,13,70,133,125,10,61,87,103,53,106,82,134,90,59,119,110,80,114,86,33,104,118,79,135,123,50,51,25,75,117,97,38,62,30,148,111,12,6,132,24,17,9,120,141,46,39,56,16,32,136,23,27,145,85,74,29,31,101,4,42,44,37,143,19,14,77,94,92,78,84,93,124,60,63,11,127,108,3,71,47,147,138,18,49,113,99,81",20100,200
12,8,72707.13373747897,1.1112648874748827,"26,65,95,116,7,126,109,131,144,20,68,129,45,76,130,34,66,64,142,96,8,21,105,36,128,57,91,88,112,146,140,2,72,98,22,67,35,100,122,43,107,48,15,5,41,102,69,54,139,58,40,97,137,52,55,89,28,83,73,115,13,70,133,125,10,61,87,103,53,106,82,134,90,59,119,110,80,114,86,33,104,118,79,135,123,50,51,25,75,117,121,38,62,30,148,111,12,6,132,24,17,9,120,141,46,39,56,16,32,136,23,27,145,85,74,29,31,101,4,42,44,37,143,19,14,77,94,92,78,84,93,124,60,63,11,127,108,3,71,47,147,138,18,49,113,99,81",20100,200
12,9,74410.8416036106,1.0570064291720433,"26,65,95,116,7,126,109,131,144,20,68,129,45,76,130,34,66,64,142,96,8,21,105,36,128,57,91,88,112,146,140,2,72,98,22,67,35,100,122,43,107,48,15,5,41,102,69,40,121,137,54,139,58,52,55,89,28,83,73,115,13,70,133,125,10,61,87,103,53,123,135,134,90,59,119,110,80,114,86,33,104,118,79,82,106,50,51,25,75,117,97,38,62,30,148,111,12,6,132,24,17,9,120,141,46,39,56,16,32,136,23,27,145,85,74,29,31,101,4,42,44,37,143,19,14,77,94,92,78,84,93,124,60,63,11,127,108,3,71,47,147,138,18,49,113,99,81",20100,200
12,10,74615.05055583107,1.0382903760685276,"26,65,95,116,7,126,109,131,144,20,68,129,45,76,130,34,66,64,142,96,8,21,105,36,128,57,91,88,112,146,140,2,72,98,22,67,35,100,122,43,107,48,15,5,41,102,69,54,139,58,40,121,137,52,55,89,28,83,73,115,13,70,133,125,10,61,87,103,53,106,82,134,90,59,119,110,80,114,86,33,104,118,79,135,123,50,51,25,75,117,97,38,62,30,148,111,12,6,132,24,17,9,120,141,46,39,56,16,32,136,23,27,145,85,74,29,31,101,4,42,44,37,143,19,14,77,94,92,78,84,93,124,60,63,11,127,108,3,71,47,147,138,18,49,113,99,81",20100,200
12,11,71978.1012980871,1.2125195948031613,"26,65,95,116,7,126,109,131,144,20,68,129,45,76,130,34,66,64,142,96,8,21,105,36,128,57,91,88,112,146,140,2,72,98,22,67,35,100,122,43,107,48,15,5,41,102,69,40,97,137,54,139,58,52,55,89,28,83,73,115,13,70,133,125,10,61,87,103,53,106,82,134,90,59,119,110,80,114,86,33,104,118,79,135,123,50,51,25,75,117,121,38,62,30,148,111,12,6,132,24,17,9,120,141,46,39,56,16,32,136,23,27,145,85,74,29,31,101,4,42,44,94,19,143,37,124,14,84,78,92,93,77,60,63,11,127,108,3,71,47,147,138,18,49,113,99,81",20100,200
12,12,74891.90981412033,0.9998077477632912,"26,144,131,109,126,7,116,95,65,20,68,129,45,76,130,34,66,64,142,96,8,21,105,36,128,57,91,88,112,146,140,2,72,98,22,67,35,100,122,43,107,48,15,5,41,102,69,40,121,137,54,139,58,52,55,89,28,83,73,115,13,70,133,125,10,61,87,103,53,106,82,134,90,59,119,110,80,114,86,33,104,118,79,135,123,50,51,25,75,117,97,38,62,30,148,111,12,6,132,24,17,9,120,141,46,39,56,16,32,136,23,27,145,85,74,29,31,101,4,42,44,37,143,19,14,77,94,92,78,84,93,124,60,63,11,127,108,3,71,47,147,138,18,49,113,99,81",20100,200
12,13,74891.90981412033,0.9998077477632912,"26,144,131,109,126,7,116,95,65,20,68,129,45,76,130,34,66,64,142,96,8,21,105,36,128,57,91,88,112,146,140,2,72,98,22,67,35,100,122,43,107,48,15,5,41,102,69,54,139,58,40,121,137,52,55,89,28,83,73,115,13,70,133,125,10,61,87,103,53,106,82,134,90,59,119,110,80,114,86,33,104,118,79,135,123,50,51,25,75,117,97,38,62,30,148,111,12,6,132,24,17,9,120,141,46,39,56,16,32,136,23,27,145,85,74,29,31,101,4,42,44,37,143,19,14,77,94,92,78,84,93,124,60,63,11,127,108,3,71,47,147,138,18,49,113,99,81",20100,200
12,14,72983.99299576823,1.0753968000629088,"26,144,131,109,126,7,116,95,65,20,68,129,45,76,130,34,66,64,142,96,8,21,105,36,128,57,91,88,112,146,140,2,72,98,22,67,35,100,122,43,107,48,15,5,41,102,69,54,139,58,40,97,137,52,55,89,28,83,73,115,13,70,133,125,10,61,87,103,53,106,82,134,90,59,119,110,80,114,86,33,104,118,79,135,123,50,51,25,75,117,121,38,62,30,148,111,12,6,132,24,17,9,120,141,46,39,56,16,32,136,23,27,145,85,74,29,31,101,4,42,44,37,143,19,14,77,94,92,78,84,93,124,60,63,11,127,108,3,71,47,147,138,18,49,113,99,81",20100,200
12,15,74687.70086189987,1.0192306994797666,"26,144,131,109,126,7,116,95,65,20,68,129,45,76,130,34,66,64,142,96,8,21,105,36,128,57,91,88,112,146,140,2,72,98,22,67,35,100,122,43,107,48,15,5,41,102,69,54,139,58,40,121,137,52,55,89,28,83,73,115,13,70,133,125,10,61,87,103,53,123,135,134,90,59,119,110,80,114,86,33,104,118,79,82,106,50,51,25,75,117,97,38,62,30,148,111,12,6,132,24,17,9,120,141,46,39,56,16,32,136,23,27,145,85,74,29,31,101,4,42,44,37,143,19,14,77,94,92,78,84,93,124,60,63,11,127,108,3,71,47,147,138,18,49,113,99,81",20100,200
12,16,72779.78404354776,1.0934779210665635,"26,144,131,109,126,7,116,95,65,20,68,129,45,76,130,34,66,64,142,96,8,21,105,36,128,57,91,88,112,146,140,2,72,98,22,67,35,100,122,43,107,48,15,5,41,102,69,40,97,137,54,139,58,52,55,89,28,83,73,115,13,70,133,125,10,61,87,103,53,123,135,134,90,59,119,110,80,114,86,33,104,118,79,82,106,50,51,25,75,117,121,38,62,30,148,111,12,6,132,24,17,9,120,141,46,39,56,16,32,136,23,27,145,85,74,29,31,101,4,42,44,37,143,19,14,77,94,92,78,84,93,124,60,63,11,127,108,3,71,47,147,138,18,49,113,99,81",20100,200
12,17,72254.96055637636,1.179734035803241,"26,144,131,109,126,7,116,95,65,20,68,129,45,76,130,34,66,64,142,96,8,21,105,36,128,57,91,88,112,146,140,2,72,98,22,67,35,100,122,43,107,48,15,5,41,102,69,54,139,58,40,97,137,52,55,89,28,83,73,115,13,70,133,125,10,61,87,103,53,106,82,134,90,59,119,110,80,114,86,33,104,118,79,135,123,50,51,25,75,117,121,38,62,30,148,111,12,6,132,24,17,9,120,141,46,39,56,16,32,136,23,27,145,85,74,29,31,101,4,42,44,94,19,143,37,124,14,84,78,92,93,77,60,63,11,127,108,3,71,47,147,138,18,49,113,99,81",20100,200
12,18,74687.70086189987,1.0192306994797666,"26,144,131,109,126,7,116,95,65,20,68,129,45,76,130,34,66,64,142,96,8,21,105,36,128,57,91,88,112,146,140,2,72,98,22,67,35,100,122,43,107,48,15,5,41,102,69,40,121,137,54,139,58,52,55,89,28,83,73,115,13,70,133,125,10,61,87,103,53,123,135,134,90,59,119,110,80,114,86,33,104,118,79,82,106,50,51,25,75,117,97,38,62,30,148,111,12,6,132,24,17,9,120,141,46,39,56,16,32,136,23,27,145,85,74,29,31,101,4,42,44,37,143,19,14,77,94,92,78,84,93,124,60,63,11,127,108,3,71,47,147,138,18,49,113,99,81",20100,200
12,19,72050.7516041559,1.1962391406015407,"26,144,131,109,126,7,116,95,65,20,68,129,45,76,130,34,66,64,142,96,8,21,105,36,128,57,91,88,112,146,140,2,72,98,22,67,35,100,122,43,107,48,15,5,41,102,69,54,139,58,40,97,137,52,55,89,28,83,73,115,13,70,133,125,10,61,87,103,53,123,135,134,90,59,119,110,80,114,86,33,104,118,79,82,106,50,51,25,75,117,121,38,62,30,148,111,12,6,132,24,17,9,120,141,46,39,56,16,32,136,23,27,145,85,74,29,31,101,4,42,44,94,19,143,37,124,14,84,78,92,93,77,60,63,11,127,108,3,71,47,147,138,18,49,113,99,81",20100,200
12,20,72983.99299576823,1.0753968000629088,"26,144,131,109,126,7,116,95,65,20,68,129,45,76,130,34,66,64,142,96,8,21,105,36,128,57,91,88,112,146,140,2,72,98,22,67,35,100,122,43,107,48,15,5,41,102,69,40,97,137,54,139,58,52,55,89,28,83,73,115,13,70,133,125,10,61,87,103,53,106,82,134,90,59,119,110,80,114,86,33,104,118,79,135,123,50,51,25,75,117,121,38,62,30,148,111,12,6,132,24,17,9,120,141,46,39,56,16,32,136,23,27,145,85,74,29,31,101,4,42,44,37,143,19,14,77,94,92,78,84,93,124,60,63,11,127,108,3,71,47,147,138,18,49,113,99,81",20100,200
12,21,72254.96055637636,1.179734035803241,"26,144,131,109,126,7,116,95,65,20,68,129,45,76,130,34,66,64,142,96,8,21,105,36,128,57,91,88,112,146,140,2,72,35,67,22,98,100,122,43,107,48,15,5,41,102,69,54,139,58,40,97,137,52,55,89,28,83,73,115,13,70,133,125,10,61,87,103,53,106,82,134,90,59,119,110,80,114,86,33,104,118,79,135,123,50,51,25,75,117,121,38,62,30,148,111,12,6,132,24,17,9,120,141,46,39,56,16,32,136,23,27,145,85,74,29,31,101,4,42,44,94,19,143,37,124,14,84,78,92,93,77,60,63,11,127,108,3,71,47,147,138,18,49,113,99,81",20100,200
12,22,72050.7516041559,1.1962391406015407,"26,144,131,109,126,7,116,95,65,20,68,129,45,76,130,34,66,64,142,96,8,21,105,36,128,57,91,88,112,146,140,2,72,98,22,67,35,100,122,43,107,48,15,5,41,102,69,40,97,137,54,139,58,52,55,89,28,83,73,115,13,70,133,125,10,61,87,103,53,123,135,134,90,59,119,110,80,114,86,33,104,118,79,82,106,50,51,25,75,117,121,38,62,30,148,111,12,6,132,24,17,9,120,141,46,39,56,16,32,136,23,27,145,85,74,29,31,101,4,42,44,94,19,143,37,124,14,84,78,92,93,77,60,63,11,127,108,3,71,47,147,138,18,49,113,99,81",20100,200
12,23,72779.78404354776,1.0934779210665635,"26,144,131,109,126,7,116,95,65,20,68,129,45,76,130,34,66,64,142,96,8,21,105,36,128,57,91,88,112,146,140,2,72,98,22,67,35,100,122,43,107,48,15,5,41,102,69,54,139,58,40,97,137,52,55,89,28,83,73,115,13,70,133,125,10,61,87,103,53,123,135,134,90,59,119,110,80,114,86,33,104,118,79,82,106,50,51,25,75,117,121,38,62,30,148,111,12,6,132,24,17,9,120,141,46,39,56,16,32,136,23,27,145,85,74,29,31,101,4,42,44,37,143,19,14,77,94,92,78,84,93,124,60,63,11,127,108,3,71,47,147,138,18,49,113,99,81",20100,200
12,24,71978.1012980871,1.2125195948031613,"26,65,95,116,7,126,109,131,144,20,68,129,45,76,130,34,66,64,142,96,8,21,105,36,128,57,91,88,112,146,140,2,72,98,22,67,35,100,122,43,107,48,15,5,41,102,69,54,139,58,40,97,137,52,55,89,28,83,73,115,13,70,133,125,10,61,87,103,53,106,82,134,90,59,119,110,80,114,86,33,104,118,79,135,123,50,51,25,75,117,121,38,62,30,148,111,12,6,132,24,17,9,120,141,46,39,56,16,32,136,23,27,145,85,74,29,31,101,4,42,44,94,19,143,37,124,14,84,78,92,93,77,60,63,11,127,108,3,71,47,147,138,18,49,113,99,81",20100,200
12,25,71773.89234586664,1.2285843292408267,"26,65,95,116,7,126,109,131,144,20,68,129,45,76,130,34,66,64,142,96,8,21,105,36,128,57,91,88,112,146,140,2,72,98,22,67,35,100,122,43,107,48,15,5,41,102,69,54,139,58,40,97,137,52,55,89,28,83,73,115,13,70,133,125,10,61,87,103,53,123,135,134,90,59,119,110,80,114,86,33,104,118,79,82,106,50,51,25,75,117,121,38,62,30,148,111,12,6,132,24,17,9,120,141,46,39,56,16,32,136,23,27,145,85,74,29,31,101,4,42,44,94,19,143,37,124,14,84,78,92,93,77,60,63,11,127,108,3,71,47,147,138,18,49,113,99,81",20100,200
12,26,72254.96055637636,1.179734035803241,"26,144,131,109,126,7,116,95,65,20,68,129,45,76,130,34,66,64,142,96,8,21,105,36,128,57,91,88,112,146,140,2,72,98,22,67,35,100,122,43,107,48,15,5,41,102,69,40,97,137,54,139,58,52,55,89,28,83,73,115,13,70,133,125,10,61,87,103,53,106,82,134,90,59,119,110,80,114,86,33,104,118,79,135,123,50,51,25,75,117,121,38,62,30,148,111,12,6,132,24,17,9,120,141,46,39,56,16,32,136,23,27,145,85,74,29,31,101,4,42,44,94,19,143,37,124,14,84,78,92,93,77,60,63,11,127,108,3,71,47,147,138,18,49,113,99,81",20100,200
12,27,72707.13373747897,1.1112648874748827,"26,65,95,116,7,126,109,131,144,20,68,129,45,76,130,34,66,64,142,96,8,21,105,36,128,57,91,88,112,146,140,2,72,35,67,22,98,100,122,43,107,48,15,5,41,102,69,54,139,58,40,97,137,52,55,89,28,83,73,115,13,70,133,125,10,61,87,103,53,106,82,134,90,59,119,110,80,114,86,33,104,118,79,135,123,50,51,25,75,117,121,38,62,30,148,111,12,6,132,24,17,9,120,141,46,39,56,16,32,136,23,27,145,85,74,29,31,101,4,42,44,37,143,19,14,77,94,92,78,84,93,124,60,63,11,127,108,3,71,47,147,138,18,49,113,99,81",20100,200
12,28,70300.45427425539,1.4618038289894748,"26,144,131,109,126,7,116,95,65,20,68,129,45,76,130,34,66,64,142,8,21,82,5,96,40,57,91,88,112,146,140,2,72,98,22,67,35,122,103,53,106,87,61,10,125,133,70,54,55,89,52,139,58,28,83,73,115,13,137,97,86,69,102,41,15,75,25,51,50,123,135,134,90,59,119,110,80,114,100,43,104,118,79,107,128,33,105,48,36,117,121,38,62,30,148,111,12,6,132,24,17,9,120,141,46,39,56,16,32,136,23,27,145,85,74,29,31,101,4,42,44,94,19,143,37,124,14,84,78,92,93,77,60,63,11,127,108,3,71,47,147,138,18,49,113,99,81",20100,200
12,29,72304.09288038124,1.162994715791131,"26,65,95,116,7,126,109,131,144,20,68,129,45,76,130,34,66,64,142,96,8,21,105,36,128,57,91,88,112,146,140,2,72,98,22,67,35,100,122,43,107,48,15,5,41,102,69,54,139,58,40,97,137,52,55,89,28,83,73,115,13,70,133,125,10,61,87,103,53,123,135,134,90,59,119,110,80,114,86,33,104,118,79,82,106,50,51,25,75,117,121,38,62,30,148,111,12,6,132,24,17,9,120,141,46,39,56,16,32,136,23,27,145,85,74,29,31,101,4,42,44,94,143,19,14,77,37,92,78,84,93,124,60,63,11,127,108,3,71,47,147,138,18,49,113,99,81",20100,200
12,30,71029.48671364725,1.3789765468640973,"26,144,131,109,126,7,116,95,65,20,68,129,45,76,130,34,66,64,142,8,21,82,5,96,40,57,91,88,112,146,140,2,72,98,22,67,35,122,103,53,106,87,61,10,125,133,70,54,55,89,52,139,58,28,83,73,115,13,137,97,86,69,102,41,15,75,25,51,50,123,135,134,90,59,119,110,80,114,100,43,104,118,79,107,128,33,105,48,36,117,121,38,62,30,148,111,12,6,132,24,17,9,120,141,46,39,56,16,32,136,23,27,145,85,74,29,31,101,4,42,44,37,143,19,14,77,94,92,78,84,93,124,60,63,11,127,108,3,71,47,147,138,18,49,113,99,81",20100,200
12,31,72304.09288038124,1.162994715791131,"26,65,95,116,7,126,109,131,144,20,68,129,45,76,130,34,66,64,142,96,8,21,105,36,128,57,91,88,112,146,140,2,72,98,22,67,35,100,122,43,107,48,15,5,41,102,69,40,97,137,54,139,58,52,55,89,28,83,73,115,13,70,133,125,10,61,87,103,53,123,135,134,90,59,119,110,80,114,86,33,104,118,79,82,106,50,51,25,75,117,121,38,62,30,148,111,12,6,132,24,17,9,120,141,46,39,56,16,32,136,23,27,145,85,74,29,31,101,4,42,44,94,143,19,14,77,37,92,78,84,93,124,60,63,11,127,108,3,71,47,147,138,18,49,113,99,81",20100,200
12,32,70752.62745535799,1.4071274602360122,"26,65,95,116,7,126,109,131,144,20,68,129,45,76,130,34,66,64,142,8,21,82,5,96,40,57,91,88,112,146,140,2,72,98,22,67,35,122,103,53,106,87,61,10,125,133,70,54,55,89,52,139,58,28,83,73,115,13,137,97,86,69,102,41,15,75,25,51,50,123,135,134,90,59,119,110,80,114,100,43,104,118,79,107,128,33,105,48,36,117,121,38,62,30,148,111,12,6,132,24,17,9,120,141,46,39,56,16,32,136,23,27,145,85,74,29,31,101,4,42,44,37,143,19,14,77,94,92,78,84,93,124,60,63,11,127,108,3,71,47,147,138,18,49,113,99,81",20100,200
12,33,70023.59501596613,1.4883889972037918,"26,65,95,116,7,126,109,131,144,20,68,129,45,76,130,34,66,64,142,8,21,82,5,96,40,57,91,88,112,146,140,2,72,98,22,67,35,122,103,53,106,87,61,10,125,133,70,54,55,89,52,139,58,28,83,73,115,13,137,97,86,69,102,41,15,75,25,51,50,123,135,134,90,59,119,110,80,114,100,43,104,118,79,107,128,33,105,48,36,117,121,38,62,30,148,111,12,6,132,24,17,9,120,141,46,39,56,16,32,136,23,27,145,85,74,29,31,101,4,42,44,94,19,143,37,124,14,84,78,92,93,77,60,63,11,127,108,3,71,47,147,138,18,49,113,99,81",20100,200
12,34,71658.56713947887,1.290845536520219,"26,65,95,116,7,126,109,131,144,20,68,129,45,76,130,34,66,64,142,96,8,21,105,36,128,57,91,88,112,146,140,2,72,98,22,67,35,100,122,43,107,48,15,5,41,102,69,54,139,58,40,97,137,52,55,89,28,83,73,115,13,70,133,125,10,61,87,103,53,106,82,134,90,59,119,110,80,114,86,33,104,118,79,135,123,50,51,25,75,117,121,38,62,30,148,111,12,6,132,24,17,9,120,101,31,29,74,85,145,27,23,136,32,16,56,39,46,141,4,42,44,94,19,143,37,124,14,84,78,92,93,77,60,63,11,127,108,3,71,47,147,138,18,49,113,99,81",20100,200
12,35,70752.62745535799,1.4071274602360122,"26,65,95,116,7,126,109,131,144,20,68,129,45,76,130,34,66,64,142,8,21,82,5,96,40,57,91,88,112,146,140,2,72,98,22,67,35,122,103,53,106,87,61,10,125,133,70,54,55,89,52,139,58,28,83,73,115,13,137,97,86,69,102,41,15,75,25,51,50,123,135,134,90,59,119,110,80,114,100,43,104,118,79,107,128,33,105,48,36,117,121,38,62,30,148,111,12,6,132,24,17,9,120,141,46,39,56,16,32,136,23,27,145,85,74,29,31,101,78,92,94,77,14,19,143,37,44,42,4,84,93,124,60,63,11,127,108,3,71,47,147,138,18,49,113,99,81",20100,200
12,36,71579.6191838529,1.3059471219879775,"26,65,95,116,7,126,109,131,144,20,68,129,45,76,130,34,66,64,142,8,21,82,5,96,40,57,91,88,112,146,140,2,72,98,22,67,35,122,103,53,106,87,61,10,125,133,70,54,55,89,52,139,58,28,83,73,115,13,137,97,100,69,102,41,15,36,48,105,43,128,107,134,90,59,119,110,80,114,86,33,104,118,79,135,123,50,51,25,75,117,121,38,62,30,148,111,12,6,132,24,17,9,120,141,46,39,56,16,32,136,23,27,145,85,74,29,31,101,4,42,44,37,143,19,14,77,94,92,78,84,93,124,60,63,11,127,108,3,71,47,147,138,18,49,113,99,81",20100,200
13,0,71674.39455021336,2.0598036384169935,"133,118,134,64,30,60,20,78,136,121,62,82,26,29,127,105,28,141,67,119,99,11,75,17,79,76,108,73,135,112,92,52,46,5,6,2,22,126,148,95,39,25,10,132,116,101,53,44,106,102,21,4,32,57,15,146,45,51,142,70,103,85,88,18,55,3,48,36,89,27,13,38,65,109,68,113,140,83,128,107,80,117,87,47,72,120,139,16,14,34,114,31,58,9,8,40,77,7,41,24,81,66,137,110,96,33,37,111,115,84,93,131,124,100,123,94,122,91,104,42,144,138,43,147,129,19,130,54,98,12,63,97,74,125,35,71,69,90,86,49,145,23,50,56,61,143,59",20100,200
13,1,71674.39455021336,2.0598036384169935,"133,118,134,64,30,60,20,78,136,121,62,82,26,29,127,105,28,141,67,119,99,11,75,17,79,76,108,73,135,112,92,52,46,5,6,2,22,126,148,95,39,25,10,132,116,101,53,44,106,102,21,4,32,57,15,146,45,51,142,70,103,85,88,18,55,3,48,36,89,27,13,38,65,109,68,113,140,83,128,107,80,47,87,117,72,120,139,16,14,34,114,31,58,9,8,40,77,7,41,24,81,66,137,110,96,33,37,111,115,84,93,131,124,100,123,94,122,91,104,42,144,138,43,147,129,19,130,54,98,12,63,97,74,125,35,71,69,90,86,49,145,23,50,56,61,143,59",20100,200
13,2,76394.35807401116,0.9597833921976797,"133,118,30,64,127,105,28,141,67,119,99,11,75,126,148,22,108,76,112,68,2,134,60,62,78,52,121,20,82,29,26,46,5,92,73,107,54,136,47,79,6,95,10,91,116,101,53,44,106,102,21,4,32,57,15,146,45,51,142,70,103,85,88,18,114,34,14,16,139,120,72,96,130,111,128,36,113,140,115,84,55,27,48,33,89,94,122,144,42,104,63,125,43,147,129,66,81,38,7,41,8,40,77,9,110,24,19,137,13,31,93,131,124,100,123,3,58,117,49,97,143,37,83,98,109,39,65,25,23,35,50,90,138,74,80,71,69,87,86,135,145,12,17,56,61,132,59",20100,200
13,3,75902.96962808419,1.0192306994797666,"133,118,30,64,127,105,28,141,67,119,99,11,75,126,148,22,108,76,112,68,2,134,60,62,78,52,121,20,82,29,26,46,5,92,73,107,54,136,47,79,6,95,10,91,116,101,53,44,106,102,21,4,32,57,15,146,45,51,142,70,103,85,88,18,114,34,14,16,139,120,72,96,130,111,128,36,113,140,115,84,55,27,48,33,89,94,122,144,42,104,63,125,43,147,129,19,24,110,9,77,40,8,41,7,38,81,66,137,13,31,131,93,124,100,123,3,58,117,49,97,143,37,83,98,109,39,65,25,23,35,50,90,138,74,80,71,69,87,86,135,145,12,17,56,61,132,59",20100,200
13,4,74720.2609082824,1.0934779210665635,"133,118,134,60,64,30,20,78,136,121,62,82,26,29,127,105,28,141,46,5,95,99,119,67,6,2,52,10,135,112,92,22,126,148,108,76,79,17,75,11,107,54,73,132,116,101,53,44,106,102,21,4,32,57,15,146,45,51,142,70,103,85,88,18,114,34,14,16,139,120,72,96,130,111,128,36,113,140,115,84,55,27,48,33,89,94,122,144,42,104,63,125,43,147,129,19,24,110,9,77,40,8,41,7,38,81,66,137,13,31,131,93,124,100,123,3,58,117,49,97,143,37,83,98,109,39,65,25,23,35,50,87,74,91,12,71,69,90,86,47,145,138,80,56,61,68,59",20100,200
13,5,71864.62555539576,1.7134820425260289,"133,118,44,53,101,116,132,10,25,39,95,148,126,22,2,6,5,46,52,92,112,23,60,20,78,136,121,62,82,26,29,127,105,28,141,67,119,99,11,75,17,79,76,108,73,135,30,134,106,102,21,4,32,57,15,146,45,51,142,70,103,85,88,18,55,3,48,36,89,27,13,38,65,109,68,113,140,83,128,80,107,47,87,117,72,120,139,16,14,34,114,31,58,9,8,40,77,7,41,24,81,66,137,110,96,33,37,111,115,84,93,131,124,100,123,94,122,91,104,42,144,138,43,147,129,19,130,54,98,12,63,97,74,125,35,71,69,90,86,49,145,64,50,56,61,143,59",20100,200
13,6,75944.58605034962,0.9799999215372391,"133,118,30,64,127,105,28,141,67,119,99,11,75,126,148,22,108,76,112,68,2,134,60,62,78,52,121,20,82,29,26,46,5,92,73,107,54,136,47,79,6,95,10,91,116,101,53,44,106,102,21,4,32,57,15,146,45,51,142,70,103,85,88,18,114,34,14,16,139,120,72,96,130,111,128,36,113,140,115,84,55,27,48,33,89,94,122,144,42,104,63,125,43,147,129,66,81,38,7,41,8,40,77,9,110,24,19,137,13,31,131,93,124,100,123,3,58,117,49,97,143,37,83,98,109,39,65,25,23,35,50,90,138,74,80,71,69,87,86,135,145,12,17,56,61,132,59",20100,200
13,7,74756.1656128392,1.0753968000629088,"133,118,134,60,64,30,20,78,136,121,62,82,26,29,127,105,28,141,46,5,95,99,119,67,6,2,52,10,135,112,92,22,126,148,108,76,79,17,75,11,107,54,73,132,116,101,53,44,106,102,21,4,32,57,15,146,45,51,142,70,103,85,88,18,114,34,14,16,139,120,72,96,130,111,128,36,113,140,115,84,55,27,48,33,89,94,122,144,42,104,63,125,43,147,129,66,81,38,7,41,8,40,77,9,110,24,19,137,13,31,93,131,124,100,123,3,58,117,49,97,143,37,83,98,109,39,65,25,23,35,50,90,138,74,80,71,69,87,86,56,59,68,61,12,91,145,47",20100,200
13,8,73339.91980445781,1.1962391406015407,"133,118,134,64,30,60,20,78,136,121,62,82,26,29,127,105,28,141,46,5,95,99,119,67,6,2,52,10,135,112,92,22,126,148,108,76,79,17,75,11,107,54,73,132,116,101,53,44,106,102,21,4,32,57,15,146,45,51,142,70,103,85,88,18,114,34,14,16,139,120,72,96,130,111,128,36,113,140,115,84,55,27,48,33,89,94,122,144,42,104,63,125,43,147,129,19,24,110,9,77,40,8,41,7,38,81,66,137,13,31,131,93,124,100,123,3,58,117,49,97,143,37,83,98,109,39,65,25,23,35,50,90,138,74,80,71,69,87,86,56,59,68,61,12,91,47,145",20100,200
13,9,71768.97668388579,1.9660703289226067,"133,118,134,30,64,60,20,78,136,121,62,82,26,29,127,105,28,141,67,119,99,11,75,17,79,76,108,73,135,112,92,52,46,5,6,2,22,126,148,95,39,25,10,132,116,101,53,44,106,102,21,4,32,57,15,146,45,51,142,70,103,85,88,18,55,3,48,36,89,27,13,38,65,109,68,113,140,83,128,107,80,117,87,47,72,120,139,16,14,34,114,31,58,9,8,40,77,7,41,24,81,66,137,110,96,33,37,111,115,84,93,131,124,100,123,94,122,91,104,42,144,138,43,147,129,19,130,54,98,12,63,97,74,125,35,71,69,90,86,49,145,23,50,56,61,59,143",20100,200
13,10,72696.19605380256,1.3502388471126916,"133,118,134,30,23,60,20,78,136,121,62,82,26,29,148,126,22,141,46,5,95,92,112,135,6,2,52,10,67,119,99,28,105,127,108,76,79,17,75,11,39,25,73,132,116,101,53,44,57,32,4,21,102,106,15,146,45,51,142,70,103,85,88,18,114,34,14,16,139,120,3,48,36,100,27,13,117,87,47,80,107,128,83,140,113,137,58,31,55,72,38,65,109,68,8,40,77,7,41,24,81,66,9,110,96,33,37,111,115,84,93,131,124,89,123,94,122,91,104,42,144,138,43,147,129,19,130,54,98,12,63,97,74,125,35,71,69,90,86,49,145,64,50,56,61,143,59",20100,200
13,11,73381.53622672323,1.162994715791131,"133,118,134,64,30,60,20,78,136,121,62,82,26,29,127,105,28,141,46,5,95,99,119,67,6,2,52,10,135,112,92,22,126,148,108,76,79,17,75,11,107,54,73,132,116,101,53,44,106,102,21,4,32,57,15,146,45,51,142,70,103,85,88,18,114,34,14,16,139,120,72,96,130,111,128,36,113,140,115,84,55,27,48,33,89,94,122,144,42,104,63,125,43,147,129,66,81,38,7,41,8,40,77,9,110,24,19,137,13,31,131,93,124,100,123,3,58,117,49,97,143,37,83,98,109,39,65,25,23,35,50,90,138,74,80,71,69,87,86,56,59,68,61,12,91,47,145",20100,200
13,12,73831.30825038478,1.1460109173492123,"133,118,134,64,30,60,20,78,136,121,62,82,26,29,127,105,28,141,46,5,95,99,119,67,6,2,52,10,135,112,92,22,126,148,108,76,79,17,75,11,107,54,73,132,116,101,53,44,106,102,21,4,32,57,15,146,45,51,142,70,103,85,88,18,114,34,14,16,139,120,72,96,130,111,128,36,113,140,115,84,55,27,48,33,89,94,122,144,42,104,63,125,43,147,129,66,81,38,7,41,8,40,77,9,110,24,19,137,13,31,93,131,124,100,123,3,58,117,49,97,143,37,83,98,109,39,65,25,23,35,50,90,138,74,80,71,69,87,86,56,59,68,61,12,91,47,145",20100,200
13,13,72745.75343107537,1.2444416982448965,"133,118,134,30,23,60,20,78,136,121,62,82,26,29,148,126,22,141,46,5,95,92,112,135,6,2,52,73,67,119,99,28,105,127,108,76,79,17,75,11,39,25,10,132,116,101,53,44,106,102,21,4,32,57,15,146,45,51,142,70,103,85,88,18,114,34,14,16,139,120,3,48,36,100,27,13,117,87,47,80,107,128,83,140,113,137,58,31,55,72,38,65,109,68,8,40,77,7,41,24,81,66,9,110,96,33,37,111,115,84,93,131,124,89,123,94,122,91,104,42,144,138,43,147,129,19,130,54,98,12,63,97,74,125,35,71,69,90,86,49,145,64,50,56,61,143,59",20100,200
13,14,71967.7697854043,1.540183285227881,"133,118,134,30,20,136,121,62,78,23,60,82,26,29,148,126,22,141,46,5,95,92,112,135,6,2,52,10,67,119,99,28,105,127,108,76,79,17,75,11,39,25,73,132,116,101,53,44,106,102,21,4,32,57,15,146,45,51,142,70,103,85,88,18,55,3,48,36,89,27,13,38,65,109,68,113,140,83,128,80,107,47,87,117,72,120,139,16,14,34,114,31,58,9,8,40,77,7,41,24,81,66,137,110,96,33,37,111,115,84,93,131,124,100,123,94,122,91,104,42,144,138,43,147,129,19,130,54,98,12,63,97,74,125,35,71,69,90,86,49,145,64,50,56,61,143,59",20100,200
13,15,73998.49068097229,1.1112648874748827,"133,118,134,64,30,60,20,78,136,121,62,82,26,29,148,126,22,141,46,5,95,92,112,135,6,2,52,10,67,119,99,28,105,127,108,76,79,17,75,11,107,54,73,132,116,101,53,44,106,102,21,4,32,57,15,146,45,51,142,70,103,85,88,18,114,34,14,16,139,120,72,96,130,111,128,36,113,140,115,84,55,27,48,33,89,94,122,144,42,104,63,125,43,147,129,66,81,38,7,41,8,40,77,9,110,24,19,137,13,31,93,131,124,100,123,3,58,117,49,97,143,37,83,98,109,39,65,25,23,35,50,90,138,74,80,71,69,87,86,56,59,68,61,12,91,47,145",20100,200
13,16,71831.2882344525,1.8222612586219784,"133,118,134,30,23,60,20,78,136,121,62,82,26,29,127,105,28,141,67,119,99,11,75,17,79,76,108,73,135,112,92,52,46,5,6,2,22,126,148,95,39,25,10,132,116,101,53,44,106,102,21,4,32,57,15,146,45,51,142,70,103,85,88,18,55,3,48,36,89,27,13,38,65,109,68,113,140,83,128,80,107,47,87,117,72,120,139,16,14,34,114,31,58,9,8,40,77,7,41,24,81,66,137,110,96,33,37,111,115,84,93,131,124,100,123,94,122,91,104,42,144,138,43,147,129,19,130,54,98,12,63,97,74,125,35,71,69,90,86,49,145,64,50,56,61,143,59",20100,200
13,17,71768.97668388579,1.9660703289226067,"133,118,134,30,64,60,20,78,136,121,62,82,26,29,127,105,28,141,67,119,99,11,75,17,79,76,108,73,135,112,92,52,46,5,6,2,22,126,148,95,39,25,10,132,116,101,53,44,106,102,21,4,32,57,15,146,45,51,142,70,103,85,88,18,55,3,48,36,89,27,13,38,65,109,68,113,140,83,128,107,80,47,87,117,72,120,139,16,14,34,114,31,58,9,8,40,77,7,41,24,81,66,137,110,96,33,37,111,115,84,93,131,124,100,123,94,122,91,104,42,144,138,43,147,129,19,130,54,98,12,63,97,74,125,35,71,69,90,86,49,145,23,50,56,61,59,143",20100,200
13,18,72822.98332685273,1.2285843292408267,"133,118,134,30,23,60,20,78,136,121,62,82,26,29,148,126,22,141,46,5,95,92,112,135,6,2,52,10,67,119,99,28,105,127,108,76,79,17,75,11,39,25,73,132,116,101,53,44,106,102,21,4,32,57,15,146,45,51,142,70,103,85,88,18,114,34,14,16,139,120,3,48,27,100,36,13,117,87,47,80,107,128,83,140,113,137,58,31,55,72,38,65,109,68,8,40,77,7,41,24,81,66,9,110,96,33,37,111,115,84,93,131,124,89,123,94,122,91,104,42,144,138,43,147,129,19,130,54,98,12,63,97,74,125,35,71,69,90,86,49,145,64,50,56,61,143,59",20100,200
13,19,72355.29189350005,1.4187825016478912,"133,118,44,53,101,116,132,10,25,39,95,148,126,22,2,6,5,46,52,92,112,23,60,20,78,136,121,62,82,26,29,127,105,28,141,67,119,99,11,75,17,79,76,108,73,135,30,134,106,102,21,4,32,57,15,146,45,51,142,70,103,85,88,18,114,34,14,16,139,120,3,48,27,100,36,13,117,87,47,80,107,128,83,140,113,137,58,31,55,72,38,65,109,68,8,40,77,7,41,24,81,66,9,110,96,33,37,111,115,84,93,131,124,89,123,94,122,91,104,42,144,138,43,147,129,19,130,54,98,12,63,97,74,125,35,71,69,90,86,49,145,64,50,56,61,143,59",20100,200
13,20,71674.39455021336,2.0598036384169935,"133,118,30,64,134,60,20,78,136,121,62,82,26,29,127,105,28,141,67,119,99,11,75,17,79,76,108,73,135,112,92,52,46,5,6,2,22,126,148,95,39,25,10,132,116,101,53,44,106,102,21,4,32,57,15,146,45,51,142,70,103,85,88,18,55,3,48,36,89,27,13,38,65,109,68,113,140,83,128,107,80,47,87,117,72,120,139,16,14,34,114,31,58,9,8,40,77,7,41,24,81,66,137,110,96,33,37,111,115,84,93,131,124,100,123,94,122,91,104,42,144,138,43,147,129,19,130,54,98,12,63,97,74,125,35,71,69,90,86,49,145,23,50,56,61,143,59",20100,200
13,21,71392.43922770162,2.326500021403525,"133,118,134,64,30,60,20,78,136,121,62,82,26,29,127,105,28,141,67,112,135,73,108,76,79,17,75,11,99,119,92,52,46,5,22,2,6,126,148,95,39,25,10,132,116,101,53,44,106,102,21,4,32,57,15,146,45,51,142,70,103,85,88,18,55,3,48,36,89,27,13,38,65,109,68,113,140,83,128,107,80,47,87,117,72,120,139,16,14,34,114,31,58,9,8,40,77,7,41,24,81,66,137,110,96,33,37,111,115,84,93,131,124,100,123,94,122,91,104,42,144,138,43,147,129,19,130,54,98,12,63,97,74,125,35,71,69,90,86,49,145,23,50,56,61,143,59",20100,200
13,22,71508.91646567605,2.097035805988451,"133,118,134,30,20,136,121,62,78,23,60,82,26,29,127,105,28,141,67,119,99,11,75,17,79,76,108,73,135,112,92,52,46,5,22,2,6,126,148,95,39,25,10,132,116,101,53,44,106,102,21,4,32,57,15,146,45,51,142,70,103,85,88,18,55,3,48,36,89,27,13,38,65,109,68,113,140,83,128,107,80,47,87,117,72,120,139,16,14,34,114,31,58,9,8,40,77,7,41,24,81,66,137,110,96,33,37,111,115,84,93,131,124,100,123,94,122,91,104,42,144,138,43,147,129,19,130,54,98,12,63,97,74,125,35,71,69,90,86,49,145,64,50,56,61,143,59",20100,200
13,23,72633.57289928375,1.3775192091574016,"133,118,44,53,101,116,132,10,25,39,95,148,126,22,2,6,5,46,52,92,112,23,134,30,135,73,108,76,79,17,75,11,99,119,67,141,28,105,127,29,26,82,62,121,136,78,20,60,106,102,21,4,32,57,15,146,45,51,142,70,103,85,88,18,114,34,14,16,139,120,72,48,36,100,27,13,117,87,47,80,107,128,83,140,113,137,58,31,55,3,38,65,109,68,8,40,77,7,41,24,81,66,9,110,96,33,37,111,115,84,93,131,124,89,123,94,122,91,104,42,144,138,43,147,129,19,130,54,98,12,63,97,74,125,35,71,69,90,86,49,145,64,50,56,61,143,59",20100,200
14,0,67743.69010232741,1.6507894258705245,"36,77,96,122,68,84,49,42,19,43,44,28,47,33,56,76,143,21,32,20,135,45,114,86,100,72,14,91,126,55,71,80,67,129,63,11,107,52,132,148,24,30,25,58,101,116,17,110,111,78,8,16,133,125,117,115,29,120,104,53,103,5,81,41,46,13,118,134,50,4,31,140,35,6,98,121,142,66,65,144,137,60,10,54,130,113,27,95,79,9,94,48,138,128,92,93,89,15,99,61,139,90,97,23,123,3,112,127,82,109,34,147,12,51,69,40,141,108,18,105,74,2,88,22,119,64,73,59,83,26,57,87,106,102,38,62,131,85,124,146,145,75,37,39,70,136,7",20100,200
14,1,71819.99916129638,1.0121264743103997,"36,77,96,122,68,84,49,42,19,43,44,28,47,33,56,76,143,21,32,20,135,45,114,86,100,72,14,91,126,55,71,80,67,129,63,11,107,52,132,148,24,30,25,58,41,81,5,103,53,104,120,115,133,125,117,29,16,8,78,111,110,17,116,101,46,13,118,134,50,4,31,140,35,6,98,121,142,66,65,144,137,60,10,54,130,113,27,95,79,9,40,69,138,128,92,93,99,15,89,61,34,109,82,127,112,3,123,23,97,90,139,147,12,102,38,62,131,87,59,26,83,57,73,64,22,119,88,2,74,105,18,108,141,94,48,51,106,85,124,146,145,75,37,39,70,136,7",20100,200
14,2,68711.3124761502,1.1244554237496478,"36,77,96,122,68,84,49,42,19,43,44,28,47,33,56,76,143,21,32,20,135,45,114,86,100,72,14,91,126,55,71,80,67,129,63,11,107,52,132,148,24,30,25,58,41,81,5,103,53,104,120,115,133,125,117,29,16,8,78,111,110,17,116,101,46,13,118,134,50,4,31,140,35,6,98,121,142,66,65,144,137,60,10,54,130,113,27,95,79,9,40,69,138,128,92,93,89,15,99,61,139,90,97,23,123,3,112,127,82,109,34,147,12,51,48,94,141,108,18,105,74,2,88,22,119,64,73,59,83,26,57,87,131,62,38,102,106,85,124,146,145,75,37,39,70,136,7",20100,200
14,3,68194.85219813783,1.1766052864066183,"36,77,96,122,68,84,49,42,19,43,44,28,47,33,56,76,143,21,32,20,135,45,114,86,100,72,14,91,126,55,71,80,67,129,63,11,107,52,132,148,24,30,25,58,41,81,5,103,53,104,120,115,133,125,117,29,16,8,78,111,110,17,116,101,46,13,118,134,50,4,31,140,35,6,98,121,142,66,65,144,137,60,10,54,130,113,27,95,79,9,40,69,138,128,92,93,89,15,99,61,139,90,97,23,123,3,112,127,82,109,34,147,12,51,48,94,141,108,18,105,74,2,88,22,119,64,73,59,83,26,57,87,106,102,38,62,131,85,124,146,145,75,37,39,70,136,7",20100,200
14,4,70735.23004466972,1.050904372433572,"36,49,84,68,122,96,77,42,19,43,44,28,47,33,56,76,143,21,32,20,135,45,114,86,100,72,14,91,126,55,71,80,67,129,63,11,107,52,132,148,24,30,25,58,41,81,5,103,53,104,120,115,133,125,117,29,16,8,78,111,110,17,116,101,46,13,118,134,50,4,31,140,35,6,98,121,142,66,65,144,137,60,10,54,130,113,27,95,79,9,40,69,138,128,92,93,99,15,89,61,34,109,82,127,112,3,123,23,97,90,139,147,12,51,48,94,141,108,18,105,74,2,88,22,119,64,73,59,83,26,57,87,131,62,38,102,106,85,124,146,145,75,37,39,70,136,7",20100,200
14,5,69245.51305196363,1.1065260954898442,"36,77,96,122,68,84,49,42,19,43,44,28,47,33,56,76,143,21,32,20,135,45,114,86,100,72,14,91,126,55,71,80,67,129,63,11,107,52,132,148,24,30,25,58,101,116,17,110,111,78,8,16,133,125,117,115,29,120,81,53,103,5,104,41,46,13,118,134,50,4,31,140,35,6,98,121,142,66,65,144,137,60,10,54,130,113,27,95,79,9,94,48,51,12,92,93,89,15,99,61,139,90,97,23,123,3,112,127,82,109,34,147,128,138,69,40,141,108,18,105,74,2,88,22,119,64,73,59,83,26,57,87,131,62,38,102,106,85,124,146,145,75,37,39,70,136,7",20100,200
14,6,71420.90633371395,1.0316976301223144,"36,77,96,122,68,84,49,42,19,43,44,28,47,33,56,76,143,21,32,20,135,45,114,86,100,72,14,91,126,55,71,80,67,129,63,11,107,52,132,148,24,30,25,58,41,81,5,103,53,104,120,115,133,125,117,29,16,8,78,111,110,17,116,101,46,13,118,134,50,4,31,140,35,6,98,121,142,66,65,144,137,60,10,54,130,113,27,95,79,9,40,69,138,128,92,93,89,15,99,61,34,109,82,127,112,3,123,23,97,90,139,147,12,102,38,62,131,87,59,26,83,57,73,64,119,22,88,2,74,105,18,108,141,94,48,51,106,85,124,146,145,75,37,39,70,136,7",20100,200
14,7,67890.74524800648,1.6268602755052188,"36,77,96,122,68,84,49,42,19,43,44,28,47,33,56,76,143,21,32,20,135,45,114,86,100,72,14,91,126,55,71,80,67,129,63,11,107,52,132,148,24,30,25,58,41,81,5,103,53,104,120,115,133,125,117,29,16,8,78,111,110,17,116,101,46,13,118,134,50,4,31,140,35,6,98,121,142,66,65,144,137,60,10,54,130,113,27,95,79,9,94,48,138,128,92,93,89,15,99,61,139,90,97,23,123,3,112,127,82,109,34,147,12,51,69,40,141,108,18,105,74,2,88,22,119,64,73,59,83,26,57,87,106,102,38,62,131,85,124,146,145,75,37,39,70,136,7",20100,200
14,8,68561.5113395368,1.1421033228215387,"36,77,96,122,68,84,49,42,19,43,44,28,47,33,56,76,143,21,32,20,135,45,114,86,100,72,14,91,126,55,71,80,67,129,63,11,107,52,132,148,24,30,25,58,101,116,17,110,111,78,8,16,133,125,117,115,29,120,81,53,103,5,104,41,46,13,118,134,50,4,31,140,35,6,98,121,142,66,65,144,137,60,10,54,130,113,27,95,79,9,40,69,138,128,92,93,89,15,99,61,139,90,97,23,123,3,112,127,82,109,34,147,12,51,48,94,141,108,18,105,74,2,88,22,119,64,73,59,83,26,57,87,131,62,38,102,106,85,124,146,145,75,37,39,70,136,7",20100,200
14,9,69392.56819764269,1.0883014288330233,"36,77,96,122,68,84,49,42,19,43,44,28,47,33,56,76,143,21,32,20,135,45,114,86,100,72,14,91,126,55,71,80,67,129,63,11,107,52,132,148,24,30,25,58,41,104,5,103,53,81,120,115,133,125,117,29,16,8,78,111,110,17,116,101,46,13,118,134,50,4,31,140,35,6,98,121,142,66,65,144,137,60,10,54,130,113,27,95,79,9,94,48,51,12,92,93,89,15,99,61,139,90,97,23,123,3,112,127,82,109,34,147,128,138,69,40,141,108,18,105,74,2,88,22,119,64,73,59,83,26,57,87,131,62,38,102,106,85,124,146,145,75,37,39,70,136,7",20100,200
14,10,68047.49798257282,1.1934822998268553,"36,77,96,122,68,84,49,42,19,43,44,28,47,33,56,76,143,21,32,20,135,45,114,86,100,72,14,91,126,55,71,80,67,129,63,11,107,52,132,148,24,30,25,58,101,116,17,110,111,78,8,16,133,117,115,29,125,120,81,53,103,5,104,41,46,13,118,134,50,4,31,140,35,6,98,121,142,66,65,144,137,60,10,54,130,113,27,95,79,9,40,69,138,128,92,93,89,15,99,61,139,90,97,23,123,3,112,127,82,109,34,147,12,51,48,94,141,108,18,105,74,2,88,22,119,64,73,59,83,26,57,87,106,102,38,62,131,85,124,146,145,75,37,39,70,136,7",20100,200
14,11,68711.3124761502,1.1244554237496478,"36,77,96,122,68,84,49,42,19,43,44,28,47,33,56,76,143,21,32,20,14,72,100,86,114,45,135,91,126,55,71,80,67,129,63,11,107,52,132,148,24,30,25,58,41,81,5,103,53,104,120,115,133,125,117,29,16,8,78,111,110,17,116,101,46,13,118,134,50,4,31,140,35,6,98,121,142,66,65,144,137,60,10,54,130,113,27,95,79,9,40,69,138,128,92,93,89,15,99,61,139,90,97,23,123,3,112,127,82,109,34,147,12,51,48,94,141,108,18,105,74,2,88,22,119,64,73,59,83,26,57,87,131,62,38,102,106,85,124,146,145,75,37,39,70,136,7",20100,200
15,0,69678.54227938678,1.162994715791131,"61,75,5,67,28,27,31,109,116,128,145,10,46,29,144,3,60,147,136,95,139,91,122,110,17,104,140,132,57,99,146,30,80,8,101,41,9,56,26,141,74,102,120,49,81,86,11,130,54,40,73,18,137,77,124,37,89,69,82,148,16,53,90,15,19,76,45,105,119,100,123,78,93,42,66,51,64,71,14,112,23,22,44,127,83,107,88,50,35,39,72,6,48,114,125,118,142,121,70,115,21,36,138,108,84,87,34,2,79,25,117,38,126,20,129,97,135,33,47,92,63,43,113,96,98,85,143,94,7,13,106,58,65,103,133,24,59,111,131,32,12,134,68,55,62,4,52",20100,200
15,1,70307.453708381,1.0570064291720433,"61,75,5,67,28,27,31,109,116,128,145,10,46,29,144,3,60,147,136,95,139,91,122,110,17,104,140,132,57,99,146,30,80,8,101,41,9,56,26,141,74,102,120,49,81,86,11,130,54,40,73,18,137,77,124,37,89,69,82,148,16,53,90,88,35,50,112,105,119,100,123,78,93,42,66,51,64,71,14,45,23,22,44,127,83,107,15,76,19,39,72,6,48,114,125,118,142,121,70,115,21,36,138,108,84,87,34,2,79,25,117,38,126,20,129,97,135,33,47,92,63,43,113,96,98,85,143,94,7,13,106,58,65,103,133,24,59,111,131,32,12,134,68,55,62,4,52",20100,200
15,2,71484.9296383246,0.9597833921976797,"61,75,5,67,28,27,31,109,116,128,145,10,46,29,144,3,60,147,136,95,139,91,122,110,17,104,140,132,57,99,146,30,80,8,101,41,81,49,120,102,26,141,74,56,50,18,73,40,54,130,88,105,35,11,124,37,137,77,53,16,9,82,148,90,86,112,69,89,119,100,123,78,93,42,66,51,64,71,14,45,23,22,44,127,83,107,15,76,19,39,72,6,48,114,125,118,142,121,70,115,21,36,138,108,84,87,34,2,79,25,117,38,126,20,129,97,135,33,47,92,63,43,113,96,98,85,143,94,7,13,106,58,65,103,133,24,59,111,131,32,12,134,68,55,62,4,52",20100,200
15,3,69508.65631813933,1.2285843292408267,"61,75,5,67,28,27,31,109,116,128,145,10,46,29,144,3,60,147,136,95,139,91,122,110,17,104,140,132,57,99,146,30,80,8,101,41,9,56,26,141,74,102,120,49,81,86,11,130,54,40,73,18,137,77,124,37,89,69,82,148,16,53,90,15,19,76,45,105,119,100,123,78,93,42,66,51,64,71,14,112,23,22,44,127,83,107,88,50,35,39,72,6,48,114,125,118,142,121,70,115,21,36,138,108,34,87,84,2,79,25,117,38,126,20,129,97,135,33,47,92,63,43,113,96,98,85,143,94,7,13,106,58,65,103,133,24,59,111,131,32,12,134,68,55,62,4,52",20100,200
15,4,70014.02538521783,1.0934779210665635,"61,75,5,67,28,27,31,109,116,128,145,10,46,29,144,3,60,147,136,95,139,91,122,110,17,104,140,132,57,99,146,30,80,8,101,41,9,56,26,141,74,102,120,49,81,86,11,130,54,40,73,18,137,77,124,37,89,69,82,148,16,53,90,88,35,50,112,105,119,100,123,78,93,42,44,22,23,45,14,71,64,51,66,127,83,107,15,76,19,39,72,6,48,114,125,118,142,121,70,115,21,36,138,108,84,87,34,2,79,25,117,38,126,20,129,97,135,33,47,92,63,43,113,96,98,85,143,94,7,13,106,58,65,103,133,24,59,111,131,32,12,134,68,55,62,4,52",20100,200
15,5,70160.58967859889,1.0753968000629088,"61,75,5,67,28,27,31,109,116,128,145,10,46,29,144,3,60,147,136,95,139,91,122,110,17,104,140,132,57,99,146,30,80,8,101,41,9,56,26,141,74,86,81,49,120,102,11,130,54,40,73,18,137,77,124,37,89,69,82,148,16,53,90,88,35,50,112,105,119,100,123,78,93,42,44,22,23,45,14,71,64,51,66,127,83,107,15,76,19,39,72,6,48,114,125,118,142,121,70,115,21,36,138,108,84,87,34,2,79,25,117,38,126,20,129,97,135,33,47,92,63,43,113,96,98,85,143,94,7,13,106,58,65,103,133,24,59,111,131,32,12,134,68,55,62,4,52",20100,200
15,6,71191.50131516144,0.9998077477632912,"61,75,5,67,28,27,31,109,116,128,145,10,46,29,144,3,60,147,136,95,139,91,122,110,17,104,140,132,57,99,146,30,80,8,101,41,81,49,120,102,26,141,74,56,50,18,73,40,54,130,88,105,35,11,124,37,137,77,53,16,9,82,148,90,86,112,69,89,119,100,123,78,93,42,44,22,23,45,14,71,64,51,66,127,83,107,15,76,19,39,72,6,48,114,125,118,142,121,70,115,21,36,138,108,84,87,34,2,79,25,117,38,126,20,129,97,135,33,47,92,63,43,113,96,98,85,143,94,7,13,106,58,65,103,133,24,59,111,131,32,12,134,68,55,62,4,52",20100,200
15,7,69803.94260611241,1.128771605068569,"61,75,5,67,28,27,31,109,116,128,145,10,46,29,144,3,60,147,136,95,139,91,122,110,17,104,140,132,57,99,146,30,80,8,101,41,9,56,26,141,74,102,120,49,81,86,11,130,54,40,73,18,137,77,124,37,89,69,82,148,16,53,90,15,19,76,45,105,119,100,123,78,93,42,66,22,23,112,14,71,64,51,44,127,83,107,88,50,35,39,72,6,48,114,125,118,142,121,70,115,21,36,138,108,84,87,34,2,79,25,117,38,126,20,129,97,135,33,47,92,63,43,113,96,98,85,143,94,7,13,106,58,65,103,133,24,59,111,131,32,12,134,68,55,62,4,52",20100,200
15,8,71300.15628450287,0.9799999215372391,"61,75,5,67,28,27,31,109,116,128,145,10,46,29,144,3,60,147,136,95,139,91,122,110,17,104,140,132,57,99,146,30,80,8,101,41,81,49,120,102,26,141,74,124,11,35,105,88,130,54,40,73,18,50,56,37,137,77,53,16,9,82,148,90,86,112,69,89,119,100,123,78,93,42,44,22,23,45,14,71,64,51,66,127,83,107,15,76,19,39,72,6,48,114,125,118,142,121,70,115,21,36,138,108,84,87,34,2,79,25,117,38,126,20,129,97,135,33,47,92,63,43,113,96,98,85,143,94,7,13,106,58,65,103,133,24,59,111,131,32,12,134,68,55,62,4,52",20100,200
15,9,69655.22061152039,1.2125195948031613,"61,75,5,67,28,27,31,109,116,128,145,10,46,29,144,3,60,147,136,95,139,91,122,110,17,104,140,132,57,99,146,30,80,8,101,41,9,56,26,141,74,86,81,49,120,102,11,130,54,40,73,18,137,77,124,37,89,69,82,148,16,53,90,15,19,76,45,105,119,100,123,78,93,42,66,51,64,71,14,112,23,22,44,127,83,107,88,50,35,39,72,6,48,114,125,118,142,121,70,115,21,36,138,108,34,87,84,2,79,25,117,38,126,20,129,97,135,33,47,92,63,43,113,96,98,85,143,94,7,13,106,58,65,103,133,24,59,111,131,32,12,134,68,55,62,4,52",20100,200
15,10,70454.01800176204,1.0382903760685276,"61,75,5,67,28,27,31,109,116,128,145,10,46,29,144,3,60,147,136,95,139,91,122,110,17,104,140,132,57,99,146,30,80,8,101,41,9,56,26,141,74,86,81,49,120,102,11,130,54,40,73,18,137,77,124,37,89,69,82,148,16,53,90,88,35,50,112,105,119,100,123,78,93,42,66,51,64,71,14,45,23,22,44,127,83,107,15,76,19,39,72,6,48,114,125,118,142,121,70,115,21,36,138,108,84,87,34,2,79,25,117,38,126,20,129,97,135,33,47,92,63,43,113,96,98,85,143,94,7,13,106,58,65,103,133,24,59,111,131,32,12,134,68,55,62,4,52",20100,200
15,11,70995.22506516027,1.0192306994797666,"61,75,5,67,28,27,31,109,116,128,145,10,46,29,144,3,60,147,136,95,139,91,122,110,17,104,140,132,57,99,146,30,80,8,101,41,81,49,120,102,26,141,74,56,50,18,73,40,54,130,107,83,127,44,22,23,45,14,71,64,51,66,42,93,78,123,100,119,89,69,112,86,90,148,82,9,16,53,77,137,37,124,11,35,105,88,15,76,19,39,72,6,48,114,125,118,142,121,70,115,21,36,138,108,84,87,34,2,79,25,117,38,126,20,129,97,135,33,47,92,63,43,113,96,98,85,143,94,7,13,106,58,65,103,133,24,59,111,131,32,12,134,68,55,62,4,52",20100,200
16,0,70606.63465608681,0.9998077477632912,"123,135,82,27,144,91,76,110,105,95,142,3,136,42,97,77,4,7,29,2,44,93,22,46,17,132,106,137,80,78,139,11,34,146,50,57,131,89,92,52,103,43,59,141,127,61,117,58,143,120,8,32,109,122,94,24,90,128,23,5,62,41,68,71,83,19,55,18,39,10,104,145,15,115,79,26,102,81,118,99,30,65,49,38,75,73,133,88,60,72,107,87,48,101,148,108,119,45,130,35,14,147,86,114,116,84,111,69,63,28,126,21,138,33,56,124,85,129,36,66,98,125,47,31,20,9,6,12,64,70,16,74,51,113,100,53,134,13,121,25,54,96,112,40,67,37,140",20100,200
16,1,68982.84195984472,1.0934779210665635,"123,135,82,27,144,91,76,110,105,95,142,3,136,42,22,93,32,8,116,49,120,65,30,17,132,106,137,89,43,131,69,59,28,97,57,111,63,44,60,72,107,87,48,101,4,2,122,94,73,75,139,11,34,146,50,7,38,21,84,141,36,129,85,124,56,33,138,29,46,23,77,78,80,92,52,103,148,108,119,45,86,145,15,115,79,26,102,118,81,99,109,88,133,24,90,128,126,5,62,41,68,127,61,117,58,143,39,10,104,35,14,147,130,114,18,55,19,83,71,66,98,125,47,31,20,9,6,12,64,70,16,74,51,113,100,53,134,13,121,25,54,96,112,40,67,37,140",20100,200
16,2,72820.83143366194,0.9391317658688664,"123,135,82,105,95,110,91,76,27,144,142,3,136,42,97,77,4,7,29,2,44,93,22,46,17,132,106,137,80,78,139,11,34,146,50,57,131,89,92,52,103,43,59,141,127,61,117,58,143,120,8,32,109,122,94,24,90,128,23,5,62,41,68,71,83,19,55,18,39,10,104,145,15,115,79,26,102,81,118,99,30,65,49,38,75,73,133,88,60,72,107,87,48,101,148,108,119,45,130,35,14,147,86,114,116,84,111,69,63,28,126,21,138,33,56,124,85,129,36,66,98,125,47,31,20,9,6,12,64,70,16,74,51,113,100,53,134,13,121,25,54,96,112,40,67,37,140",20100,200
16,3,70504.50533062735,1.0570064291720433,"123,135,82,27,95,91,76,110,105,144,142,3,136,42,97,77,4,7,29,2,44,93,22,46,17,132,106,137,80,78,139,11,34,146,50,57,131,89,92,52,103,43,59,141,127,61,117,58,143,120,8,32,109,122,94,24,90,128,23,5,62,41,68,71,83,19,55,18,39,10,104,145,15,115,79,26,102,81,118,99,30,65,49,38,75,73,133,88,60,72,107,87,48,101,148,108,119,45,130,35,14,147,86,114,116,84,111,69,63,28,126,21,138,33,56,124,85,129,36,66,98,125,47,31,20,9,6,12,64,70,16,74,51,113,100,53,134,13,121,25,54,96,112,40,67,37,140",20100,200
16,4,71811.69254217592,0.9799999215372391,"123,135,82,105,95,110,76,91,27,144,142,3,136,42,97,77,4,7,29,2,44,93,22,46,17,132,106,137,80,78,139,11,34,146,50,57,131,89,92,52,103,43,59,141,127,61,117,58,143,120,8,32,109,122,94,24,90,128,23,5,62,41,68,71,83,19,55,18,39,10,104,145,15,115,79,26,102,81,118,99,30,65,49,38,75,73,133,88,60,72,107,87,48,101,148,108,119,45,130,35,14,147,86,114,116,84,111,69,63,28,126,21,138,33,56,124,85,129,36,66,98,125,47,31,20,9,6,12,64,70,16,74,51,113,100,53,134,13,121,25,54,96,112,40,67,37,140",20100,200
16,5,69560.12713118974,1.0753968000629088,"123,135,82,27,144,91,76,110,105,95,142,3,136,42,22,32,8,93,116,49,120,65,30,17,132,106,137,89,43,131,69,59,28,97,57,111,63,44,60,72,107,87,48,101,4,2,122,94,73,75,139,11,34,146,50,7,38,21,84,141,36,129,85,124,56,33,138,29,46,23,77,78,80,92,52,103,148,108,119,81,118,102,26,79,115,15,145,86,45,99,109,88,133,24,90,128,126,5,62,41,68,127,61,117,58,143,39,10,104,147,14,35,130,114,18,55,19,83,71,66,98,125,47,31,20,9,6,12,64,70,16,74,51,113,100,53,134,13,121,25,54,96,112,40,67,37,140",20100,200
17,0,70764.4878164304,1.0179562378236675,"31,117,7,42,148,70,134,66,65,122,45,106,116,131,81,101,95,91,13,123,32,5,16,84,61,8,119,130,69,21,88,141,132,27,103,29,39,108,74,10,52,99,89,85,128,63,47,64,142,75,30,100,83,138,54,49,102,109,126,9,17,56,3,90,53,136,77,71,105,111,41,11,43,33,18,124,22,127,36,26,51,139,35,145,25,93,37,28,57,82,6,97,67,80,137,144,133,46,60,78,20,62,120,104,115,19,86,38,92,15,2,72,94,44,125,59,40,24,79,50,14,23,55,107,98,12,73,58,114,76,118,4,121,146,113,87,110,112,34,143,135,140,129,96,68,147,48",20100,200
17,1,68921.7477140597,1.1497604915104713,"31,117,7,42,148,70,134,66,65,122,77,136,53,30,75,56,17,9,126,109,102,49,54,84,61,8,119,130,69,21,88,141,132,27,103,29,39,108,74,10,52,99,89,85,128,63,47,64,142,3,90,100,83,138,16,5,32,123,13,91,95,101,81,131,116,106,45,71,105,111,41,11,43,33,18,124,22,127,36,26,51,139,35,145,25,93,37,28,57,82,6,97,67,80,137,144,133,46,60,78,20,62,120,104,115,19,112,110,87,113,146,121,4,118,76,114,58,73,12,98,107,55,23,14,50,79,38,92,15,94,44,125,72,2,59,40,24,86,34,143,135,140,129,96,68,147,48",20100,200
17,2,74733.44284501673,0.8663259296649438,"31,117,7,42,148,70,134,66,65,122,45,106,116,131,81,101,95,91,13,123,32,5,16,84,61,8,119,130,69,21,88,141,132,27,103,29,39,108,74,10,52,99,89,85,128,63,47,64,142,75,30,100,83,138,54,49,102,109,126,9,17,56,3,90,53,136,77,71,105,111,41,11,43,33,18,124,22,127,36,26,51,139,35,97,67,82,6,80,137,144,133,46,57,28,37,93,25,145,60,78,20,62,120,104,115,19,87,58,114,94,92,24,107,50,23,4,55,79,2,118,48,112,76,14,98,73,121,40,59,125,44,113,72,12,96,129,140,135,143,34,86,38,146,15,68,147,110",20100,200
17,3,68561.47840684323,1.6076069171286866,"31,117,7,42,148,70,45,122,65,66,134,106,116,131,81,101,95,91,13,123,32,5,16,84,61,8,119,130,69,21,88,141,132,27,103,29,39,126,109,102,11,43,89,85,128,63,47,64,142,75,30,53,136,77,71,105,111,41,49,99,52,10,74,108,3,56,17,9,90,100,83,138,54,33,18,124,22,127,36,26,51,139,35,145,25,93,37,28,57,82,6,97,67,80,137,144,133,46,60,78,20,62,120,104,115,19,112,110,87,113,146,121,4,118,76,114,58,73,12,98,107,55,23,14,50,79,38,92,15,94,44,125,72,2,59,40,24,86,34,143,135,140,129,96,68,147,48",20100,200
17,4,73382.12779687457,0.9343284197762937,"31,117,7,42,148,70,134,66,65,122,77,136,53,30,75,56,17,9,126,109,102,49,54,84,61,8,119,130,69,21,88,141,132,27,103,29,39,108,74,10,52,99,89,85,128,63,47,64,142,3,90,100,83,138,16,5,32,123,13,91,95,101,81,131,116,106,45,71,105,111,41,11,43,33,18,124,22,127,36,26,51,139,35,97,67,82,6,80,137,144,133,46,57,28,37,93,25,145,60,78,20,62,120,104,115,19,87,58,114,94,92,24,107,50,23,4,55,79,2,118,48,112,76,14,98,73,121,40,59,125,44,113,72,12,96,129,140,135,143,34,86,38,146,15,68,147,110",20100,200
17,5,75178.67886011089,0.8424394873693997,"31,117,7,42,148,70,134,66,65,122,45,106,116,131,81,101,95,91,13,123,32,5,16,84,61,8,119,130,69,21,88,141,132,27,103,29,39,108,74,10,52,99,89,85,128,63,47,64,142,75,30,100,83,138,54,49,102,109,126,9,17,56,3,90,53,136,77,71,105,111,41,11,43,33,18,124,22,127,36,26,51,139,35,97,67,82,6,80,137,144,133,145,57,28,37,93,25,46,60,78,20,62,120,104,115,19,87,58,114,94,92,24,107,50,23,4,55,79,2,118,48,112,76,14,98,73,121,40,59,125,44,113,72,12,96,129,140,135,143,34,86,38,146,15,68,147,110",20100,200
17,6,74132.3125324332,0.8895712129674844,"31,117,7,42,148,70,134,66,65,122,45,106,116,131,81,101,95,91,13,123,32,5,16,84,61,8,119,130,69,21,88,141,132,27,103,29,39,108,74,10,52,99,89,85,128,63,47,64,142,75,30,100,83,138,54,49,102,109,126,9,17,56,3,90,53,136,77,71,105,111,41,11,43,33,18,124,22,127,36,26,51,139,35,145,25,93,37,28,57,82,6,97,67,80,137,144,133,46,60,78,20,62,120,104,115,19,87,58,114,94,92,24,107,50,23,4,55,79,2,118,48,112,76,14,98,73,121,40,59,125,44,113,72,12,96,129,140,135,143,34,86,38,146,15,68,147,110",20100,200
17,7,70986.85269353476,0.9559215043779893,"31,117,7,42,148,70,134,66,65,122,45,106,116,131,81,101,95,91,13,123,32,5,16,84,61,8,119,130,69,21,88,141,132,27,103,29,39,108,74,10,52,99,89,85,128,63,47,64,142,75,30,100,83,138,54,49,102,109,126,9,17,56,3,90,53,136,77,71,105,111,41,11,43,33,18,124,22,127,36,26,51,139,35,97,67,82,6,80,137,144,133,46,57,28,37,93,25,145,60,78,20,62,120,104,115,19,86,38,92,15,2,72,94,44,125,59,40,24,79,50,14,23,55,107,98,12,73,58,114,76,118,4,121,146,113,87,110,112,34,143,135,129,96,48,68,147,140",20100,200
17,8,69034.40733280907,1.0378107865380506,"31,117,7,42,148,70,134,66,65,122,77,136,53,30,75,56,17,9,126,109,102,49,54,84,61,8,119,130,69,21,88,141,132,27,103,29,39,108,74,10,52,99,89,85,128,63,47,64,142,3,90,100,83,138,16,5,32,123,13,91,95,101,81,131,116,106,45,71,105,111,41,11,43,33,18,124,22,127,36,26,51,139,35,145,25,93,37,28,57,82,6,97,67,80,137,144,133,46,60,78,20,62,120,104,115,19,86,38,92,15,2,72,94,44,125,59,40,24,79,50,14,23,55,107,98,12,73,58,114,76,118,4,121,146,113,87,110,112,34,143,135,129,96,48,68,147,140",20100,200
18,0,73957.79646746407,1.4483282598132854,"37,3,56,140,28,119,121,13,102,32,133,101,31,98,148,146,76,122,93,100,85,135,105,77,88,20,73,44,113,34,80,109,126,115,48,58,116,89,52,118,9,53,66,99,144,64,23,124,147,2,81,120,38,82,29,134,65,136,132,95,39,16,67,6,70,62,21,127,22,63,123,79,68,25,51,46,14,97,35,75,45,91,7,27,8,103,26,17,55,104,117,24,106,49,139,5,138,61,141,125,11,94,86,145,10,42,19,71,90,59,92,108,143,96,112,43,57,30,54,33,72,12,84,114,78,137,87,128,41,60,50,129,131,74,130,47,18,110,36,4,40,69,15,142,83,111,107",20100,200
18,1,73252.34632384895,1.5273993799333683,"37,3,56,140,28,33,119,121,13,32,102,101,31,98,148,146,76,122,93,100,85,135,105,88,77,20,73,44,113,34,80,109,126,115,48,58,116,89,52,118,9,53,66,99,144,64,23,124,147,2,81,120,38,82,29,134,65,136,132,95,39,16,67,6,70,62,21,127,22,63,123,79,68,25,51,46,14,97,35,75,45,91,7,27,8,103,26,17,55,104,117,24,106,49,139,5,138,61,141,125,11,94,86,145,10,42,19,71,90,59,84,108,143,96,112,43,57,30,54,133,72,12,92,114,78,137,87,128,41,60,50,129,131,74,130,47,18,110,36,4,40,69,15,142,83,111,107",20100,200
18,2,73236.37717184582,1.5528619508410455,"37,3,56,140,28,33,119,121,13,32,102,101,31,98,148,146,77,88,105,135,85,100,93,122,76,20,73,44,113,34,80,109,126,115,48,58,116,89,52,118,9,53,66,99,144,64,23,124,147,2,81,120,38,82,29,134,65,136,132,95,39,16,67,6,70,62,21,127,22,63,123,79,68,25,51,46,14,97,35,75,45,91,7,27,8,103,26,17,55,104,117,24,106,49,139,5,138,61,141,125,11,94,86,145,10,42,19,71,90,59,84,108,143,96,112,43,57,30,54,133,72,12,92,114,78,137,87,128,41,60,50,129,131,74,130,47,18,110,36,4,40,69,15,142,83,111,107",20100,200
18,3,76662.69943376021,1.0382903760685276,"37,3,56,146,148,98,119,121,13,32,102,31,135,85,93,100,122,76,140,28,133,101,105,88,77,20,73,44,113,34,80,108,126,115,144,64,116,89,52,118,9,53,66,99,48,58,23,124,147,2,81,120,38,82,29,134,65,136,132,95,39,16,67,6,70,62,21,127,22,63,123,79,68,25,51,46,14,97,35,75,45,91,7,27,8,103,26,17,55,104,117,24,106,138,5,139,49,61,141,125,11,94,86,145,10,42,19,71,90,59,84,109,143,96,112,43,57,30,54,33,72,12,92,114,78,137,87,128,41,60,50,129,18,47,130,74,131,110,36,4,40,69,15,142,83,111,107",20100,200
18,4,75615.35298767561,1.1460109173492123,"37,3,56,146,148,98,119,121,13,32,102,31,135,85,93,100,122,76,140,28,133,101,105,88,77,20,73,44,113,34,80,109,126,115,144,64,116,89,52,118,9,53,66,99,48,58,23,124,147,2,81,120,38,82,29,134,65,136,132,95,39,16,67,6,70,62,21,127,22,63,123,79,68,25,51,46,14,97,35,75,45,91,7,27,8,103,26,17,55,104,117,24,106,138,5,139,49,61,141,125,143,108,84,59,90,71,19,42,10,145,86,94,11,96,112,43,57,30,54,74,131,129,50,60,41,128,87,137,78,114,92,12,72,33,130,47,18,110,36,4,40,69,15,142,83,111,107",20100,200
18,5,73654.21900385205,1.4883889972037918,"37,3,56,140,28,33,119,121,13,32,102,101,31,98,148,146,76,122,93,100,85,135,105,88,77,20,73,44,113,34,80,109,126,115,144,64,116,89,52,118,9,53,66,99,48,58,23,124,147,2,81,120,38,82,29,134,65,136,132,95,39,16,67,6,70,62,21,127,22,63,123,79,68,25,51,46,14,97,35,75,45,91,7,27,8,103,26,17,55,104,117,24,106,49,139,5,138,61,141,125,11,94,86,145,10,42,19,71,90,59,84,108,143,96,112,43,57,30,54,133,72,12,92,114,78,137,87,128,41,60,50,129,131,74,130,47,18,110,36,4,40,69,15,142,83,111,107",20100,200
18,6,74191.33029139714,1.320876062203866,"37,3,56,146,148,98,31,135,119,102,32,13,121,85,100,93,122,76,140,28,133,101,105,88,77,20,73,44,113,34,80,109,126,115,48,58,116,89,52,118,9,53,66,99,144,64,23,124,147,2,81,120,38,82,29,134,65,136,132,95,39,16,67,6,70,62,21,127,22,63,123,79,68,25,51,46,14,97,35,75,45,91,7,27,8,103,26,17,55,104,117,24,106,49,139,5,138,61,141,125,11,94,86,145,10,42,19,71,90,59,84,108,143,96,112,43,57,30,54,74,131,129,50,60,41,128,87,137,78,114,92,12,72,33,130,47,18,110,36,4,40,69,15,142,83,111,107",20100,200
18,7,74155.06018500082,1.3789765468640973,"37,3,56,140,28,119,121,13,102,32,133,101,31,98,148,146,76,122,93,100,85,135,105,77,88,20,73,44,113,34,80,109,126,115,48,58,116,89,52,118,9,53,66,99,144,64,23,124,147,2,81,120,38,82,29,134,65,136,132,95,39,16,67,6,70,62,21,127,22,63,123,79,68,25,51,46,14,97,35,75,45,91,7,27,8,103,26,17,55,104,117,24,106,49,139,5,138,61,141,125,11,94,86,145,10,42,19,71,90,59,84,108,143,96,112,43,57,30,54,33,72,12,92,114,78,137,87,128,41,60,50,129,18,47,130,74,131,110,36,4,40,69,15,142,83,111,107",20100,200
18,8,76648.11532757363,1.0570064291720433,"37,3,56,146,148,98,31,135,119,102,32,13,121,85,100,93,122,76,140,28,133,101,105,77,88,20,73,44,113,34,80,108,126,115,48,9,118,52,89,116,58,53,66,99,144,64,23,124,147,2,81,120,38,82,29,134,65,136,132,39,95,16,67,6,70,62,21,127,22,63,123,79,68,25,51,46,14,97,35,75,45,91,7,103,8,27,26,17,55,104,117,24,106,138,5,139,49,61,141,125,11,94,86,145,10,42,19,71,90,59,84,109,143,96,112,43,57,30,54,33,72,12,92,114,78,137,87,128,41,60,50,129,131,74,130,47,18,110,36,4,40,69,15,142,83,111,107",20100,200
18,9,77018.02393848974,0.9998077477632912,"37,3,56,146,148,98,119,121,13,32,102,31,135,85,93,100,122,76,140,28,133,101,105,88,77,20,73,44,113,34,80,108,126,115,144,64,116,89,52,118,9,53,66,99,48,58,23,124,147,2,81,120,38,82,29,134,65,136,132,95,39,16,67,6,70,62,21,127,22,63,123,79,68,25,51,46,14,97,35,75,45,91,7,103,8,27,26,17,55,104,117,24,106,138,5,139,49,61,141,125,11,94,86,145,10,42,19,71,90,59,84,109,143,96,112,43,57,30,54,33,72,12,92,114,78,137,87,128,41,60,50,129,18,47,130,74,131,110,36,4,40,69,15,142,83,111,107",20100,200
18,10,75037.40251941059,1.179734035803241,"37,3,56,146,148,98,119,121,13,32,102,31,135,85,93,100,122,76,140,28,133,101,105,88,77,20,73,44,113,34,80,109,126,115,48,58,116,89,52,118,9,53,66,99,144,64,23,124,147,2,81,120,38,82,29,134,65,136,132,95,39,16,67,6,70,62,21,127,22,63,123,79,68,25,51,46,14,97,35,75,45,91,7,27,8,103,26,17,55,104,117,24,106,138,5,139,49,61,141,125,143,108,84,59,90,71,19,42,10,145,86,94,11,96,112,43,57,30,54,74,72,12,92,114,78,137,87,128,41,60,50,129,131,33,130,47,18,110,36,4,40,69,15,142,83,111,107",20100,200
18,11,73676.1011225072,1.4751563038277669,"37,3,56,140,28,33,119,121,13,32,102,101,31,98,148,146,76,122,93,100,85,135,105,88,77,20,73,44,113,34,80,109,126,115,48,58,116,89,52,118,9,53,66,99,144,64,23,124,147,2,81,120,38,82,29,134,65,136,132,95,39,16,67,6,70,62,21,127,22,63,123,79,68,25,51,46,14,97,35,75,45,91,7,27,8,103,26,17,55,104,117,24,106,138,5,139,49,61,141,125,11,94,86,145,10,42,19,71,90,59,84,108,143,96,112,43,57,30,54,133,72,12,92,114,78,137,87,128,41,60,50,129,131,74,130,47,18,110,36,4,40,69,15,142,83,111,107",20100,200
18,12,73676.1011225072,1.4751563038277669,"37,3,56,140,28,33,119,121,13,32,102,101,31,98,148,146,76,122,93,100,85,135,105,88,77,20,73,44,113,34,80,109,126,115,48,58,116,89,52,118,9,53,66,99,144,64,23,124,147,2,81,120,38,82,29,134,65,136,132,95,39,16,67,6,70,62,21,127,22,63,123,79,68,25,51,46,14,97,35,75,45,91,7,27,8,103,26,17,55,104,117,24,125,141,61,49,139,5,138,106,11,94,86,145,10,42,19,71,90,59,84,108,143,96,112,43,57,30,54,133,72,12,92,114,78,137,87,128,41,60,50,129,131,74,130,47,18,110,36,4,40,69,15,142,83,111,107",20100,200
18,13,76662.69943376021,1.0382903760685276,"37,3,56,146,148,98,119,28,140,76,122,100,93,85,135,31,102,32,13,121,133,101,105,88,77,20,73,44,113,34,80,108,126,115,144,64,116,89,52,118,9,53,66,99,48,58,23,124,147,2,81,120,38,82,29,134,65,136,132,95,39,16,67,6,70,62,21,127,22,63,123,79,68,25,51,46,14,97,35,75,45,91,7,27,8,103,26,17,55,104,117,24,106,138,5,139,49,61,141,125,11,94,86,145,10,42,19,71,90,59,84,109,143,96,112,43,57,30,54,33,72,12,92,114,78,137,87,128,41,60,50,129,18,47,130,74,131,110,36,4,40,69,15,142,83,111,107",20100,200
18,14,74056.48089297561,1.4347261278373895,"37,3,56,140,28,33,119,121,13,32,102,101,31,98,148,146,76,122,93,100,85,135,105,77,88,20,73,44,113,34,80,109,126,115,48,9,118,52,89,116,58,53,66,99,144,64,23,124,147,2,81,120,38,82,29,134,65,136,132,39,95,16,67,6,70,62,21,127,22,63,123,79,68,25,51,46,14,97,35,75,45,91,7,27,8,103,26,17,55,104,117,24,106,138,5,139,49,61,141,125,11,94,86,145,10,42,19,71,90,59,84,108,143,96,112,43,57,30,54,133,72,12,92,114,78,137,87,128,41,60,50,129,131,74,130,47,18,110,36,4,40,69,15,142,83,111,107",20100,200
18,15,75307.1134622907,1.162994715791131,"37,3,56,146,148,98,119,121,13,32,102,31,135,85,93,100,122,76,140,28,133,101,105,77,88,20,73,44,113,34,80,109,126,115,48,58,116,89,52,118,9,53,66,99,144,64,23,124,147,2,81,120,38,82,29,134,16,39,95,132,136,65,67,6,70,62,21,127,22,63,123,79,68,25,51,46,14,97,35,75,45,91,7,27,8,103,26,17,55,104,117,24,106,138,5,139,49,61,141,125,143,108,84,59,90,71,19,42,10,145,86,94,11,96,112,43,57,30,54,74,72,12,92,114,78,137,87,128,41,60,50,129,131,33,130,47,18,110,36,4,40,69,15,142,83,111,107",20100,200
18,16,75783.62608708777,1.1112648874748827,"37,3,56,146,148,98,119,121,13,32,102,31,135,85,93,100,122,76,140,28,133,101,105,88,77,20,73,44,113,34,80,108,126,115,48,58,116,89,52,118,9,53,66,99,144,64,23,124,147,2,81,120,38,82,29,134,65,136,132,95,39,16,67,6,70,62,21,127,22,63,123,79,68,25,51,46,14,97,35,75,45,91,7,27,8,103,26,17,55,104,117,24,106,138,5,139,49,61,141,125,11,94,86,145,10,42,19,71,90,59,84,109,143,96,112,43,57,30,54,74,72,12,92,114,78,137,87,128,41,60,50,129,131,33,130,47,18,110,36,4,40,69,15,142,83,111,107",20100,200
18,17,74268.57764764648,1.3059471219879775,"37,3,56,140,28,119,121,13,102,32,133,101,31,98,148,146,76,122,93,100,85,135,105,77,88,20,73,44,113,34,80,109,126,115,48,58,116,89,52,118,9,53,66,99,144,64,23,124,147,2,81,120,38,82,29,134,65,136,132,95,39,16,67,6,70,62,21,127,22,63,123,79,68,25,51,46,14,97,35,75,45,91,7,27,8,103,26,17,55,104,117,24,106,138,5,139,49,61,141,125,143,108,84,59,90,71,19,42,10,145,86,94,11,96,112,43,57,30,54,74,72,12,92,114,78,137,87,128,41,60,50,129,131,33,130,47,18,110,36,4,40,69,15,142,83,111,107",20100,200
18,18,76253.49033214322,1.0753968000629088,"37,3,56,146,148,98,31,135,119,102,32,13,121,85,100,93,122,76,140,28,133,101,105,77,88,20,73,44,113,34,80,108,126,115,144,64,116,89,52,118,9,53,66,99,48,58,23,124,147,2,81,120,38,82,29,134,65,136,132,95,39,16,67,6,70,62,21,127,22,63,123,79,68,25,51,46,14,97,35,75,45,91,7,27,8,103,26,17,55,104,117,24,106,138,5,139,49,61,141,125,11,94,86,145,10,42,19,71,90,59,84,109,143,96,112,43,57,30,54,33,72,12,92,114,78,137,87,128,41,60,50,129,18,47,130,74,131,110,36,4,40,69,15,142,83,111,107",20100,200
18,19,74514.67595514795,1.290845536520219,"37,3,56,146,148,98,31,135,119,102,32,13,121,85,100,93,122,76,140,28,133,101,105,77,88,20,73,44,113,34,80,109,126,115,48,58,116,89,52,118,9,53,66,99,144,64,23,124,147,2,81,120,38,82,29,134,65,136,132,95,39,16,67,6,70,62,21,127,22,63,123,79,68,25,51,46,14,97,35,75,45,91,7,27,8,103,26,17,55,104,117,24,106,49,139,5,138,61,141,125,11,94,86,145,10,42,19,71,90,59,84,108,143,96,112,43,57,30,54,33,72,12,92,114,78,137,87,128,41,60,50,129,18,47,130,74,131,110,36,4,40,69,15,142,83,111,107",20100,200
18,20,74605.97063245022,1.2125195948031613,"37,3,56,146,148,98,31,135,119,102,32,13,121,85,100,93,122,76,140,28,133,101,105,88,77,20,73,44,113,34,80,109,126,115,48,58,116,89,52,118,9,53,66,99,144,64,23,124,147,2,81,120,38,82,29,134,65,136,132,95,39,16,67,6,70,62,21,127,22,63,123,79,68,25,51,46,14,97,35,75,45,91,7,27,8,103,26,17,55,104,117,24,106,138,5,139,49,61,141,125,143,108,84,59,90,71,19,42,10,145,86,94,11,96,112,43,57,30,54,74,72,12,92,114,78,137,87,128,41,60,50,129,131,33,130,47,18,110,36,4,40,69,15,142,83,111,107",20100,200
19,0,72903.07296704789,1.3944174410842687,"17,70,5,62,96,3,36,18,43,83,85,67,56,134,64,100,81,109,25,65,127,23,92,86,28,11,45,61,7,98,14,24,131,21,104,115,117,26,19,130,76,108,41,60,93,10,2,34,27,120,13,20,143,55,97,94,74,119,135,68,59,89,82,106,51,54,114,48,78,148,95,40,147,129,128,8,90,138,141,142,39,132,123,140,84,145,29,146,35,66,57,101,53,9,113,87,37,31,16,49,118,110,80,32,126,103,88,22,47,105,137,63,107,111,75,102,15,99,139,46,112,73,122,12,52,72,6,44,125,124,50,4,144,91,116,136,38,69,58,33,71,121,30,42,79,133,77",20100,200
19,1,74900.47210048474,1.0121264743103997,"17,70,5,62,96,3,36,18,43,83,85,67,56,134,64,100,81,25,65,109,127,23,20,141,74,143,8,61,7,98,14,24,131,21,104,115,117,26,19,130,76,108,41,60,93,10,2,34,27,120,13,92,86,55,97,94,45,103,88,22,51,89,82,106,126,54,114,48,78,148,95,40,147,129,128,113,9,53,101,84,140,123,139,46,112,73,122,12,63,137,105,11,138,90,28,87,37,31,16,32,80,110,118,49,135,59,68,119,75,102,15,99,107,111,47,142,39,35,146,29,145,57,66,132,52,72,6,44,125,124,50,4,144,91,116,136,38,69,58,33,71,121,30,42,79,133,77",20100,200
19,2,72392.02088575956,1.4209937985877208,"17,70,5,62,96,3,36,18,43,83,85,67,56,134,64,100,81,109,25,65,127,23,92,86,28,11,45,119,138,98,14,24,131,21,104,115,117,26,19,130,76,108,41,60,93,10,2,34,27,120,13,20,74,32,53,101,57,66,132,59,68,141,143,135,61,7,142,39,35,146,29,145,84,102,75,111,107,63,137,105,47,22,88,129,147,40,95,148,78,51,8,89,97,9,113,87,37,31,16,49,118,110,80,55,126,103,123,94,48,114,82,106,90,54,128,140,15,99,139,46,112,73,122,12,52,72,6,44,125,124,50,4,144,91,116,136,38,69,58,33,71,121,30,42,79,133,77",20100,200
19,3,75314.87846130872,0.9921693403849969,"17,70,5,62,96,3,36,18,43,83,85,67,56,134,64,100,81,109,25,65,127,23,20,141,74,143,8,61,7,98,14,24,131,21,104,115,117,26,19,130,76,108,41,60,93,10,2,34,27,120,13,92,86,55,97,94,45,103,88,22,51,89,82,106,126,54,114,48,78,148,95,40,147,129,128,113,9,53,101,84,140,123,132,66,57,145,29,146,35,39,142,11,138,90,28,87,37,31,16,32,80,110,118,49,135,59,68,119,75,102,15,99,107,111,47,105,137,63,12,122,73,112,46,139,52,72,6,44,125,124,50,4,144,91,116,136,38,69,58,33,71,121,30,42,79,133,77",20100,200
19,4,74587.76451926318,1.0316976301223144,"17,70,5,62,96,3,36,18,43,83,85,67,56,134,64,100,81,109,25,65,127,23,20,141,74,143,8,61,7,98,14,24,131,21,104,115,117,26,19,130,76,108,41,60,93,10,2,34,27,120,13,92,86,55,97,94,45,103,88,22,51,89,82,106,126,54,114,48,78,148,95,40,147,129,128,113,9,53,101,84,140,123,139,46,112,73,122,12,63,137,105,47,111,107,99,15,102,75,119,68,59,135,49,118,110,80,32,16,31,37,87,28,90,138,11,142,39,35,146,29,145,57,66,132,52,72,6,44,125,124,50,4,144,91,116,136,38,69,58,33,71,121,30,42,79,133,77",20100,200
19,5,73743.24235962529,1.0697663296253066,"17,70,5,62,96,3,36,18,43,83,85,67,56,134,64,100,81,109,25,65,127,23,20,141,74,143,8,61,7,98,14,24,131,21,104,115,117,26,19,130,76,108,41,60,93,10,2,34,27,120,13,92,86,55,97,94,45,103,88,22,51,89,82,106,126,54,114,48,78,148,95,40,147,129,128,113,9,53,101,84,140,123,132,66,57,145,29,146,35,39,142,11,138,90,28,87,37,31,110,80,32,16,118,49,135,68,119,59,47,105,137,63,107,111,75,102,15,99,139,46,112,73,122,12,52,72,6,44,125,124,50,4,144,91,116,136,38,69,58,33,71,121,30,42,79,133,77",20100,200
19,6,72992.44201093132,1.3502388471126916,"17,70,5,62,96,3,36,18,43,83,85,67,56,134,64,100,81,109,25,65,127,23,92,86,28,11,45,119,138,98,14,24,131,21,104,115,117,26,101,53,32,74,20,13,120,27,34,2,10,93,60,41,108,76,130,19,57,66,132,59,68,141,143,135,61,7,142,39,35,146,29,145,84,102,75,111,107,63,137,105,47,22,88,129,147,40,95,148,78,51,97,89,8,9,113,87,37,31,16,49,118,110,80,55,126,103,123,94,48,114,82,106,90,54,128,140,15,99,139,46,112,73,122,12,52,72,6,44,125,124,50,4,144,91,116,136,38,69,58,33,71,121,30,42,79,133,77",20100,200
19,7,72139.54597497478,1.6025738620943175,"17,70,5,62,96,3,36,18,43,83,85,67,56,134,64,100,81,109,25,65,127,23,92,86,28,11,45,119,138,98,14,24,131,21,104,115,117,26,19,130,76,108,41,60,93,10,2,34,27,120,13,20,74,53,101,32,57,66,132,59,68,141,143,135,61,7,142,39,35,146,29,145,84,140,128,54,90,106,82,114,48,94,123,129,147,40,95,148,78,51,8,89,97,9,113,87,37,31,16,49,118,110,80,55,126,103,88,22,47,105,137,63,107,111,75,102,15,99,139,46,112,73,122,12,52,72,6,44,125,124,50,4,144,91,116,136,38,69,58,33,71,121,30,42,79,133,77",20100,200
20,0,67843.44315694815,1.0753968000629088,"70,106,16,68,62,15,117,79,128,28,46,24,55,69,99,84,39,132,57,25,20,65,17,53,27,54,5,130,147,146,119,85,40,38,109,13,12,95,121,82,73,22,131,32,101,9,96,122,51,30,78,48,127,139,141,45,138,41,76,135,80,71,23,133,3,103,90,125,120,64,67,112,123,47,93,92,113,43,89,107,56,6,29,19,21,105,108,86,83,14,36,87,91,104,126,116,58,8,81,136,7,102,52,98,77,148,75,140,129,59,137,4,145,114,110,74,143,111,124,63,33,2,60,18,34,50,72,10,31,142,134,42,115,118,61,100,88,26,37,49,66,44,94,144,11,35,97",20100,200
20,1,70611.32659629785,0.9597833921976797,"70,106,16,68,62,15,117,79,128,28,46,24,55,69,99,84,39,132,57,25,20,65,27,40,85,54,5,130,147,146,119,17,53,38,109,13,12,95,121,82,73,22,131,32,101,9,96,122,51,30,78,48,127,139,141,45,138,41,76,135,80,71,23,133,3,103,90,125,120,64,67,112,123,47,93,92,113,43,89,107,56,6,29,19,21,105,108,86,83,14,36,87,91,104,126,116,58,8,81,136,134,142,31,10,72,50,111,124,63,33,2,60,18,34,143,74,110,114,145,4,137,59,129,140,75,148,77,98,52,102,7,42,115,118,61,100,88,26,37,49,66,44,94,144,11,35,97",20100,200
20,2,69373.61488895428,0.9799999215372391,"70,106,16,68,62,15,117,79,128,28,46,24,55,69,99,84,39,132,57,25,20,65,27,40,85,54,5,130,147,146,119,17,53,38,109,13,12,95,121,82,73,22,131,32,101,9,96,122,51,30,78,48,127,139,141,45,138,41,76,135,80,71,23,133,3,103,90,125,120,64,67,112,123,47,93,92,113,43,89,107,56,6,29,19,21,105,108,86,83,14,36,87,91,104,126,116,58,8,81,136,7,102,52,98,77,148,75,140,129,59,137,4,145,114,110,74,143,111,124,63,33,2,60,18,34,50,72,10,31,142,134,42,115,118,61,100,88,26,37,49,66,44,94,144,11,35,97",20100,200
20,3,66796.33266585147,1.290845536520219,"70,106,16,68,62,15,117,79,128,28,46,24,55,69,99,84,39,132,57,25,20,65,17,53,27,54,5,130,147,146,119,138,40,38,109,13,12,95,121,82,73,22,131,32,101,9,96,122,51,30,140,129,59,137,4,145,114,110,74,143,111,124,63,33,2,60,18,34,50,72,10,31,142,134,42,115,118,61,100,19,29,6,56,107,89,43,113,92,93,47,123,112,67,64,81,125,90,41,3,133,23,71,80,141,139,103,76,45,85,135,127,78,48,75,148,77,98,52,102,7,136,120,8,58,116,126,104,91,87,36,14,83,86,108,105,21,88,26,37,49,66,44,94,144,11,35,97",20100,200
20,4,67068.00005402103,1.2755651739051446,"70,106,16,68,62,15,117,79,128,28,46,24,55,69,99,84,39,132,57,25,20,65,17,53,27,54,5,130,147,146,119,138,40,38,109,13,12,95,121,82,73,22,131,32,101,9,96,122,51,30,48,78,127,135,85,45,76,103,139,141,80,71,23,133,3,41,125,90,81,64,67,112,123,47,93,92,113,43,89,107,56,6,29,19,21,105,108,86,83,14,36,87,91,104,126,116,58,8,120,136,7,102,52,98,77,148,75,140,129,59,137,4,145,114,110,74,143,111,124,63,33,2,60,18,34,50,72,10,31,142,134,42,115,118,61,100,88,26,37,49,66,44,94,144,11,35,97",20100,200
20,5,67068.03264344647,1.128771605068569,"70,106,16,68,62,15,117,79,128,28,46,24,55,69,99,84,39,132,57,25,20,65,17,53,27,54,5,130,147,146,119,85,40,38,109,13,12,95,121,82,73,22,131,32,101,9,96,122,51,30,78,48,127,139,141,45,138,41,76,135,80,71,23,133,3,102,7,136,81,64,67,112,123,47,93,92,137,59,129,140,75,148,77,98,52,103,90,125,120,8,58,116,126,104,91,87,36,14,83,86,108,105,21,19,29,6,56,107,89,43,113,4,145,114,110,74,143,111,124,63,33,2,60,18,34,50,72,10,31,142,134,42,115,118,61,100,88,26,37,49,66,44,94,144,11,35,97",20100,200
20,6,68674.1783556117,1.0382903760685276,"70,106,16,68,62,15,117,79,128,28,46,24,55,69,99,84,39,132,57,25,20,65,27,40,85,54,5,130,147,146,119,17,53,38,109,13,12,95,121,82,73,22,131,32,101,9,96,122,51,30,48,78,127,139,141,45,138,41,76,135,80,71,23,133,3,102,7,136,81,64,67,112,123,47,93,92,137,59,129,140,75,148,77,98,52,103,90,125,120,8,58,116,126,104,91,87,36,14,83,86,108,105,21,19,29,6,56,107,89,43,113,4,145,114,110,74,143,111,124,63,33,2,60,18,34,50,72,10,31,142,134,42,115,118,61,100,88,26,37,49,66,44,94,144,11,35,97",20100,200
21,0,71407.11702188502,1.0316976301223144,"123,124,22,58,89,63,108,23,36,71,105,40,49,141,41,139,57,21,112,97,18,72,46,12,102,17,20,87,144,78,51,66,62,54,81,120,19,135,15,53,90,116,84,31,7,5,35,60,85,147,126,131,77,6,94,104,61,65,33,137,110,93,99,8,127,83,24,98,39,10,64,25,136,122,48,32,109,9,133,4,134,50,47,121,117,38,119,111,3,80,148,30,103,92,34,129,11,16,29,67,73,2,88,132,75,13,101,42,43,44,100,74,27,114,14,37,52,115,143,76,107,91,118,59,145,82,106,142,26,79,95,28,56,69,68,45,130,86,55,146,113,128,96,125,70,140,138",20100,200
21,1,70733.9898859362,1.0697663296253066,"123,124,22,58,89,63,108,23,36,71,105,40,49,141,41,139,57,21,112,97,18,72,46,12,102,17,20,87,144,78,51,66,62,54,81,120,19,135,15,53,90,116,84,31,7,5,35,60,85,147,126,131,77,6,94,104,61,65,33,137,110,93,99,8,127,83,24,98,39,48,122,136,25,64,10,32,109,9,133,4,134,50,47,121,117,38,119,111,3,80,148,30,103,92,34,129,11,16,29,67,73,2,88,132,75,13,101,42,43,44,100,74,27,114,14,37,52,115,143,76,107,91,118,59,145,82,106,142,26,79,95,28,56,69,68,45,130,86,55,146,113,128,96,125,70,140,138",20100,200
21,2,72887.63063807512,0.9718024490605074,"123,124,22,58,89,63,35,23,36,71,105,40,49,141,41,139,57,21,112,97,18,72,46,12,102,17,20,87,144,78,51,66,62,54,81,120,19,135,15,53,90,116,84,31,7,5,147,60,85,94,126,131,77,6,108,104,61,65,33,137,110,93,99,8,127,83,24,98,39,10,64,25,136,122,48,32,109,9,133,4,114,27,74,100,44,43,119,111,3,80,148,30,103,92,34,129,11,16,29,67,73,2,88,132,75,13,101,42,38,117,121,47,50,134,14,37,52,115,143,76,107,91,118,59,145,82,106,142,26,79,95,28,56,69,68,45,130,86,55,146,113,128,96,125,70,140,138",20100,200
21,3,70733.9898859362,1.0697663296253066,"123,124,22,58,89,63,108,23,36,71,105,40,49,141,41,139,57,21,112,97,18,72,46,12,102,17,20,87,144,78,51,66,62,54,81,120,19,135,15,53,90,116,84,31,7,5,35,60,85,147,126,131,77,6,94,104,61,65,33,137,110,93,99,8,127,83,24,98,39,48,122,136,25,64,10,32,109,9,133,4,134,50,47,121,117,38,119,111,3,80,148,30,103,92,34,129,11,16,29,67,27,74,100,44,43,42,101,13,75,132,88,2,73,114,14,37,52,115,143,76,107,91,118,59,145,82,106,142,26,79,95,28,56,69,68,45,130,86,55,146,113,128,96,125,70,140,138",20100,200
21,4,73537.37415453262,0.9509994742374992,"123,124,22,58,89,63,108,23,36,71,105,40,49,141,41,139,57,21,112,97,18,72,46,12,102,17,20,87,144,78,51,66,62,54,81,120,19,135,15,53,90,116,84,31,7,5,35,60,85,147,126,131,77,6,94,104,61,65,33,137,110,93,99,8,127,83,24,98,39,10,64,25,136,122,48,32,109,9,133,4,114,27,74,100,44,38,119,111,3,80,148,30,103,92,34,129,11,16,29,67,73,2,88,132,75,13,101,42,43,117,121,47,50,134,14,37,52,115,143,76,107,91,118,59,145,82,106,142,26,79,95,28,56,69,68,45,130,86,55,146,113,128,96,125,70,140,138",20100,200
21,5,73665.35160369429,0.9297311439335567,"123,124,22,58,89,63,35,23,36,71,105,40,49,141,41,139,57,21,112,97,18,72,46,12,102,17,20,87,144,78,51,66,62,54,81,120,19,135,15,53,90,116,84,31,7,5,147,60,85,94,126,131,77,6,108,104,61,65,33,137,110,93,99,8,127,83,24,98,39,10,64,25,136,122,48,32,109,9,133,4,114,27,74,100,44,38,119,111,3,80,148,30,103,92,34,129,11,16,29,67,73,2,88,132,75,13,101,42,43,117,121,47,50,134,14,37,52,115,143,76,107,91,118,59,145,82,106,142,26,79,95,28,56,69,68,45,130,86,55,146,113,128,96,125,70,140,138",20100,200
21,6,69470.77751446777,1.3207573584879244,"123,124,22,58,89,63,35,23,36,71,105,40,49,141,41,139,57,21,112,97,18,72,46,12,102,17,20,87,144,78,51,66,62,54,81,120,19,135,6,77,65,90,116,84,7,5,108,126,104,94,60,131,53,15,147,93,99,8,127,31,61,85,110,137,33,83,24,98,39,48,122,136,25,64,10,32,109,9,133,4,134,50,47,121,117,38,119,111,3,80,148,30,103,92,34,129,88,2,73,67,29,16,11,132,75,13,101,42,43,44,100,74,27,114,14,37,52,115,143,76,107,91,118,59,145,82,106,142,26,79,95,28,56,69,68,45,130,86,55,146,113,128,96,125,70,140,138",20100,200
21,7,69953.81408969052,1.2101239605924676,"123,124,22,58,89,63,108,23,36,71,105,40,49,141,41,139,57,21,112,97,18,72,46,12,102,17,20,87,144,78,51,66,62,54,81,120,19,135,6,77,65,116,84,90,7,5,94,126,104,35,60,38,117,121,47,50,134,4,133,9,109,32,10,64,25,136,122,48,39,98,24,83,33,137,110,93,99,8,127,31,61,85,147,15,53,131,119,111,3,80,148,30,103,92,34,129,88,2,73,67,29,16,11,132,75,13,101,42,43,44,100,74,27,114,14,37,52,115,143,76,107,91,118,59,145,82,106,142,26,79,95,28,56,69,68,45,130,86,55,146,113,128,96,125,70,140,138",20100,200
21,8,69066.98094556114,1.3944174410842687,"123,124,22,58,89,63,35,23,36,71,105,40,49,141,41,139,57,21,112,97,18,72,46,12,102,17,20,87,144,78,51,66,62,54,81,120,19,135,6,77,90,116,84,65,7,5,108,126,104,94,60,131,53,15,147,93,99,8,127,31,61,85,110,137,33,83,24,98,39,48,122,136,25,64,10,32,109,9,133,4,134,50,47,121,117,38,119,111,3,80,148,30,103,92,34,129,88,2,73,67,29,16,11,132,75,13,101,42,43,44,100,74,27,114,14,37,52,115,143,76,107,91,118,59,145,82,106,142,26,79,95,28,56,69,68,45,130,86,55,146,113,128,96,125,70,140,138",20100,200
21,9,69138.89590296653,1.38,"123,124,22,58,89,63,35,23,36,71,105,40,49,141,41,139,57,21,112,97,18,72,46,12,102,17,20,87,144,78,51,66,62,54,81,120,19,135,6,77,90,116,84,65,7,5,108,126,104,94,60,131,53,15,147,93,99,8,127,31,61,85,110,137,33,83,24,98,39,48,122,136,25,64,10,32,109,9,133,4,134,50,47,121,117,38,119,111,3,80,148,30,103,92,34,129,11,16,29,67,73,2,88,132,75,13,101,42,43,44,100,74,27,114,14,37,52,115,143,76,107,91,118,59,145,82,106,142,26,79,95,28,56,69,68,45,130,86,55,146,113,128,96,125,70,140,138",20100,200
21,10,69550.296816603,1.226539848516957,"123,124,22,58,89,63,108,23,36,71,105,40,49,141,41,139,57,21,112,97,18,72,46,12,102,17,20,87,144,78,51,66,62,54,81,120,19,135,6,77,65,116,84,90,7,5,94,126,104,35,60,131,53,15,147,93,99,8,127,31,61,85,110,137,33,83,24,98,39,48,122,136,25,64,10,32,109,9,133,4,134,50,47,121,117,38,119,111,3,80,148,30,103,92,34,129,11,16,29,67,73,2,88,132,75,13,101,42,43,44,100,74,27,114,14,37,52,115,143,76,107,91,118,59,145,82,106,142,26,79,95,28,56,69,68,45,130,86,55,146,113,128,96,125,70,140,138",20100,200
21,11,71535.09447104667,1.0121264743103997,"123,124,22,58,89,63,35,23,36,71,105,40,49,141,41,139,57,21,112,97,18,72,46,12,102,17,20,87,144,78,51,66,62,54,81,120,19,135,15,53,90,116,84,31,7,5,147,60,85,94,126,131,77,6,108,104,61,65,33,137,110,93,99,8,127,83,24,98,39,10,64,25,136,122,48,32,109,9,133,4,134,50,47,121,117,38,119,111,3,80,148,30,103,92,34,129,11,16,29,67,73,2,88,132,75,13,101,42,43,44,100,74,27,114,14,37,52,115,143,76,107,91,118,59,145,82,106,142,26,79,95,28,56,69,68,45,130,86,55,146,113,128,96,125,70,140,138",20100,200
21,12,72759.65318891345,0.9921693403849969,"123,124,22,58,89,63,108,23,36,71,105,40,49,141,41,139,57,21,112,97,18,72,46,12,102,17,20,87,144,78,51,66,62,54,81,120,19,135,15,53,90,116,84,31,7,5,35,60,85,147,126,131,77,6,94,104,61,65,33,137,110,93,99,8,127,83,24,98,39,10,64,25,136,122,48,32,109,9,133,4,114,27,74,100,44,43,119,111,3,80,148,30,103,92,34,129,11,16,29,67,73,2,88,132,75,13,101,42,38,117,121,47,50,134,14,37,52,115,143,76,107,91,118,59,145,82,106,142,26,79,95,28,56,69,68,45,130,86,55,146,113,128,96,125,70,140,138",20100,200
21,13,70132.30630249731,1.1766052864066183,"123,124,22,58,89,63,108,23,36,71,105,40,49,141,41,139,57,21,112,97,18,72,46,12,102,17,20,87,144,78,51,66,62,54,81,120,19,135,6,77,65,116,84,90,7,5,94,126,104,35,60,131,53,15,147,85,61,31,33,137,110,93,99,8,127,83,24,98,39,48,122,136,25,64,10,32,109,9,133,4,134,50,47,121,117,38,119,111,3,80,148,30,103,92,34,129,88,2,73,67,29,16,11,132,75,13,101,42,43,44,100,74,27,114,14,37,52,115,143,76,107,91,118,59,145,82,106,142,26,79,95,28,56,69,68,45,130,86,55,146,113,128,96,125,70,140,138",20100,200
21,14,70861.96733509787,1.050904372433572,"123,124,22,58,89,63,35,23,36,71,105,40,49,141,41,139,57,21,112,97,18,72,46,12,102,17,20,87,144,78,51,66,62,54,81,120,19,135,15,53,90,116,84,31,7,5,147,60,85,94,126,131,77,6,108,104,61,65,33,137,110,93,99,8,127,83,24,98,39,48,122,136,25,64,10,32,109,9,133,4,134,50,47,121,117,38,119,111,3,80,148,30,103,92,34,129,11,16,29,67,73,2,88,132,75,13,101,42,43,44,100,74,27,114,14,37,52,115,143,76,107,91,118,59,145,82,106,142,26,79,95,28,56,69,68,45,130,86,55,146,113,128,96,125,70,140,138",20100,200
21,15,71535.09447104667,1.0121264743103997,"123,124,22,58,89,63,35,23,36,71,105,40,49,141,41,139,57,21,112,97,18,72,46,12,102,17,20,87,144,78,51,66,62,54,81,120,19,135,15,53,90,116,84,31,7,5,147,60,85,94,126,131,77,6,108,104,61,65,33,137,110,93,99,8,127,83,24,98,39,10,64,25,136,122,48,32,109,9,133,4,134,50,47,121,117,38,119,111,3,80,148,30,103,92,34,129,11,16,29,67,27,74,100,44,43,42,101,13,75,132,88,2,73,114,14,37,52,115,143,76,107,91,118,59,145,82,106,142,26,79,95,28,56,69,68,45,130,86,55,146,113,128,96,125,70,140,138",20100,200
21,16,70025.72904709591,1.1934822998268553,"123,124,22,58,89,63,108,23,36,71,105,40,49,141,41,139,57,21,112,97,18,72,46,12,102,17,20,87,144,78,51,66,62,54,81,120,19,135,6,77,65,116,84,90,7,5,94,126,104,35,60,38,117,121,47,50,134,4,133,9,109,32,10,64,25,136,122,48,39,98,24,83,33,137,110,93,99,8,127,31,61,85,147,15,53,131,119,111,3,80,148,30,103,92,34,129,11,16,29,67,73,2,88,132,75,13,101,42,43,44,100,74,27,114,14,37,52,115,143,76,107,91,118,59,145,82,106,142,26,79,95,28,56,69,68,45,130,86,55,146,113,128,96,125,70,140,138",20100,200
21,17,69478.38185919762,1.2427389106324787,"123,124,22,58,89,63,108,23,36,71,105,40,49,141,41,139,57,21,112,97,18,72,46,12,102,17,20,87,144,78,51,66,62,54,81,120,19,135,6,77,65,116,84,90,7,5,94,126,104,35,60,131,53,15,147,93,99,8,127,31,61,85,110,137,33,83,24,98,39,48,122,136,25,64,10,32,109,9,133,4,134,50,47,121,117,38,119,111,3,80,148,30,103,92,34,129,88,2,73,67,29,16,11,132,75,13,101,42,43,44,100,74,27,114,14,37,52,115,143,76,107,91,118,59,145,82,106,142,26,79,95,28,56,69,68,45,130,86,55,146,113,128,96,125,70,140,138",20100,200
21,18,70163.9284429575,1.0883014288330233,"123,124,22,58,89,63,108,23,36,71,105,40,49,141,41,139,57,21,112,97,18,72,46,12,102,17,20,87,144,78,51,66,62,54,81,120,19,135,6,77,65,116,84,90,7,5,35,60,85,147,126,38,117,15,94,104,61,31,33,137,110,93,99,8,127,83,24,98,39,48,122,136,25,64,10,32,109,9,133,4,134,50,47,121,53,131,119,111,3,80,148,30,103,92,34,129,88,2,73,67,29,16,11,132,75,13,101,42,43,44,100,74,27,114,14,37,118,91,107,76,143,115,52,59,145,82,106,142,26,79,95,28,56,69,68,45,130,86,55,146,113,128,96,125,70,140,138",20100,200
22,0,74794.68453933176,0.9058896702549137,"92,89,47,63,131,41,25,3,111,81,121,69,44,32,30,102,38,12,77,112,97,124,113,114,10,103,86,145,13,28,80,6,142,87,56,85,119,76,45,8,27,65,132,16,14,37,71,5,18,116,136,26,125,100,108,98,134,95,68,78,120,7,48,58,43,133,104,106,53,40,83,62,130,49,51,24,74,99,105,54,93,146,88,64,39,75,52,23,4,17,20,55,35,34,72,84,33,135,94,19,110,140,141,67,36,15,61,139,109,115,96,148,42,123,59,101,118,66,46,127,90,79,147,128,91,9,144,129,70,50,29,82,126,21,11,143,138,31,117,2,60,137,122,22,57,73,107",20100,200
22,1,72789.30512202487,1.0064510852407327,"92,89,47,63,131,41,25,10,111,81,121,69,44,32,30,102,38,12,77,112,97,124,113,114,3,103,86,80,28,13,145,6,142,87,56,85,119,76,45,8,27,65,132,16,14,37,71,5,18,116,136,26,125,100,108,98,134,95,68,78,120,7,48,58,43,133,104,106,53,40,83,123,42,148,96,115,109,139,61,15,36,67,141,140,110,19,94,135,33,84,72,34,35,55,20,17,4,23,52,75,64,39,88,146,93,54,105,99,74,24,51,49,130,62,59,101,118,66,46,127,90,79,147,128,91,9,144,129,70,50,29,82,126,21,11,143,138,31,117,2,60,137,122,22,57,73,107",20100,200
22,2,74130.81346132296,0.9268751982527609,"92,89,47,63,131,41,25,10,111,81,121,69,44,32,30,102,38,12,77,112,97,124,113,114,3,103,86,145,13,28,80,6,142,87,56,85,119,76,45,8,27,65,132,16,14,37,71,5,18,116,136,26,125,100,108,98,134,95,68,78,120,7,48,58,43,133,104,106,53,40,83,62,130,49,51,24,74,99,105,54,93,146,88,64,39,75,52,23,4,17,20,55,35,34,72,84,33,135,94,19,110,140,141,67,36,15,61,139,109,115,96,148,42,123,59,101,118,66,46,127,90,79,147,128,91,9,144,129,70,50,29,82,126,21,11,143,138,31,117,2,60,137,122,22,57,73,107",20100,200
22,3,71114.60088394234,1.1821840684079756,"92,89,47,63,124,97,112,32,30,12,77,44,113,114,3,111,81,121,69,102,38,131,41,25,10,103,86,80,28,13,145,6,142,87,56,85,119,76,45,8,27,65,132,16,14,37,71,5,18,116,136,26,125,100,108,98,134,95,68,78,120,7,48,58,43,133,104,106,53,40,83,123,42,148,96,115,109,139,61,15,36,67,141,140,110,19,94,135,33,84,72,34,35,55,20,17,4,23,52,75,64,39,88,146,93,54,105,99,74,24,51,49,130,62,59,101,118,66,46,127,90,79,147,128,91,9,144,129,70,50,29,82,126,21,11,143,138,31,117,2,60,137,122,22,57,73,107",20100,200
22,4,74130.81346132296,0.9268751982527609,"92,89,47,63,131,41,25,10,111,81,121,69,44,32,30,102,38,12,77,112,97,124,113,114,3,103,86,145,13,28,80,6,142,87,56,85,119,76,45,8,27,65,132,16,14,37,71,5,18,116,136,26,125,100,108,98,134,95,68,78,120,7,48,58,43,133,104,106,53,40,83,62,130,49,51,24,74,99,105,54,93,146,88,64,39,75,52,23,4,17,20,55,35,34,72,141,140,110,19,94,135,33,84,67,36,15,61,139,109,115,96,148,42,123,59,101,118,66,46,127,90,79,147,128,91,9,144,129,70,50,29,82,126,21,11,143,138,31,117,2,60,137,122,22,57,73,107",20100,200
22,5,72330.5147557893,1.080180513075663,"92,89,47,63,131,41,25,10,111,81,121,69,44,32,30,102,38,12,77,112,97,124,113,114,3,103,86,80,28,13,145,52,142,87,56,85,119,76,45,8,27,65,132,16,14,37,71,5,18,116,136,26,125,100,108,98,134,95,68,78,120,7,48,58,43,133,104,106,53,40,83,123,42,148,96,115,109,139,61,15,36,67,141,140,110,19,94,135,33,84,72,34,35,55,20,17,4,23,6,75,64,39,88,146,93,54,105,99,74,24,51,49,130,62,59,101,118,66,46,127,90,79,147,128,91,9,144,129,70,50,29,82,126,21,11,143,138,31,117,2,60,137,122,22,57,73,107",20100,200
22,6,71843.19683676766,1.1152188205690752,"92,89,47,63,124,97,112,32,81,121,69,102,30,111,3,114,113,44,77,12,38,131,41,25,10,103,86,80,28,13,145,6,142,87,56,85,119,76,45,8,27,65,132,16,14,37,71,5,18,116,136,26,125,100,108,98,134,95,68,78,120,7,48,58,43,133,104,106,53,40,83,62,130,49,51,24,74,99,105,54,93,146,88,64,39,75,52,23,4,17,20,55,35,34,72,84,33,135,94,19,110,140,141,67,36,15,61,139,109,115,96,148,42,123,59,101,118,66,46,127,90,79,147,128,91,9,144,129,70,50,29,82,126,21,11,143,138,31,117,2,60,137,122,22,57,73,107",20100,200
22,7,72612.85718824735,1.0253805759052523,"92,89,47,63,112,97,124,32,30,102,69,121,81,111,10,25,41,131,38,12,77,44,113,114,3,103,86,80,28,13,145,6,142,87,56,85,119,76,45,8,27,65,132,16,14,37,71,5,18,116,136,26,125,100,108,98,134,95,68,78,120,7,48,58,43,133,104,106,53,40,83,62,130,49,51,24,74,99,105,54,93,146,88,39,64,75,52,23,4,17,20,55,35,34,72,84,33,135,94,19,110,140,141,67,36,15,61,139,109,115,96,148,42,123,59,101,118,66,46,127,90,79,147,128,91,9,144,129,70,50,29,82,126,21,11,143,138,31,117,2,60,137,122,22,57,73,107",20100,200
22,8,72899.17572023293,0.9674816329311744,"92,89,47,63,131,41,25,10,111,81,121,69,44,32,30,102,38,12,77,112,97,124,113,114,3,103,86,80,28,13,145,6,142,87,56,85,119,76,45,8,27,65,132,16,14,37,71,5,18,116,136,26,125,100,108,98,134,95,68,78,120,7,48,58,43,133,104,106,53,40,83,62,130,49,51,24,74,99,105,54,93,146,88,39,64,75,52,23,4,17,20,55,35,34,72,84,33,135,94,19,110,140,141,67,36,15,61,139,109,115,96,148,42,123,59,101,118,66,46,127,90,79,147,128,91,9,144,129,70,50,29,82,126,21,11,143,138,31,117,2,60,137,122,22,57,73,107",20100,200
22,9,73600.04303253292,0.9473959951348925,"92,89,47,63,131,41,25,3,111,81,121,69,44,32,30,102,38,12,77,112,97,124,113,114,10,103,86,80,28,13,145,6,142,87,56,85,119,76,45,8,27,65,132,16,14,37,71,5,18,116,136,26,125,100,108,98,134,95,68,78,120,7,48,58,43,133,104,106,53,40,83,62,130,49,51,24,74,99,105,54,93,146,88,64,39,75,52,23,4,17,20,55,35,34,72,84,33,135,94,19,110,140,141,67,36,15,61,139,109,115,96,148,42,123,59,101,118,66,46,127,90,79,147,128,91,9,144,129,70,50,29,82,126,21,11,143,138,31,117,2,60,137,122,22,57,73,107",20100,200
22,10,71261.4677164416,1.1491893206406663,"92,89,47,63,124,97,112,32,30,12,77,44,113,114,3,111,81,121,69,102,38,131,41,25,10,103,86,80,28,13,145,6,142,87,56,85,119,76,45,8,27,65,132,16,14,37,71,5,18,116,136,26,125,100,108,98,134,95,68,78,120,7,48,58,43,133,104,106,53,40,83,62,130,49,51,24,74,99,105,54,93,146,88,64,39,75,52,23,4,17,20,55,35,34,72,84,33,135,94,19,110,140,141,67,36,15,61,139,109,115,96,148,42,123,59,101,118,66,46,127,90,79,147,128,91,9,144,129,70,50,29,82,126,21,11,143,138,31,117,2,60,137,122,22,57,73,107",20100,200
22,11,70778.2321281163,1.1983408154857997,"92,89,47,63,124,97,112,32,30,12,77,44,113,114,3,111,81,121,69,102,38,131,41,25,10,103,86,80,28,13,145,6,142,87,56,85,119,76,45,8,27,65,132,16,14,37,71,5,18,116,136,26,125,100,108,98,134,95,68,78,120,7,48,58,43,133,104,106,53,40,83,62,130,49,51,115,109,139,61,15,36,67,141,140,110,19,94,135,33,84,72,34,35,55,20,17,4,23,52,75,64,39,88,146,93,54,105,99,74,24,96,148,42,123,59,101,118,90,127,46,66,79,147,128,91,9,144,129,70,50,29,82,126,21,11,143,138,31,117,2,60,137,122,22,57,73,107",20100,200
22,12,70274.09990270899,1.2760597173983919,"92,89,47,63,112,97,124,32,30,12,77,44,113,114,3,111,81,121,38,102,69,131,41,25,10,103,86,80,28,13,145,6,142,87,56,85,119,76,45,8,27,65,132,16,14,37,71,5,18,116,136,26,125,100,108,98,134,95,68,78,120,7,48,58,43,133,104,106,53,40,83,123,42,148,96,115,109,139,61,15,36,67,141,140,110,19,94,135,33,84,72,34,35,55,20,17,4,23,52,75,64,39,88,146,93,54,105,99,74,24,51,49,130,62,59,101,118,66,46,127,90,79,147,128,91,9,144,129,70,50,29,82,126,21,11,143,138,31,117,2,60,137,122,22,57,73,107",20100,200
22,13,72330.5147557893,1.080180513075663,"92,89,47,63,131,41,25,10,111,81,121,69,44,32,30,102,38,12,77,112,97,124,113,114,3,103,86,80,28,13,145,52,142,87,56,85,119,76,45,8,27,65,132,16,14,37,71,5,18,116,136,26,125,100,108,98,134,95,68,78,120,7,48,58,43,133,104,106,53,40,83,123,42,148,96,115,109,139,61,15,36,67,84,33,135,94,19,110,140,141,72,34,35,55,20,17,4,23,6,75,64,39,88,146,93,54,105,99,74,24,51,49,130,62,59,101,118,66,46,127,90,79,147,128,91,9,144,129,70,50,29,82,126,21,11,143,138,31,117,2,60,137,122,22,57,73,107",20100,200
22,14,70655.81051770679,1.2455542242085598,"92,89,47,63,124,97,112,32,30,12,77,44,113,114,3,111,81,121,69,102,38,131,41,25,10,103,86,80,28,13,145,52,142,87,56,85,119,76,45,8,27,65,132,16,14,37,71,5,18,116,136,26,125,100,108,98,134,95,68,78,120,7,48,58,43,133,104,106,53,40,83,123,42,148,96,115,109,139,61,15,36,67,84,33,135,94,19,110,140,141,72,34,35,55,20,17,4,23,6,75,64,39,88,146,93,54,105,99,74,24,51,49,130,62,59,101,118,66,46,127,90,79,147,128,91,9,144,129,70,50,29,82,126,21,11,143,138,31,117,2,60,137,122,22,57,73,107",20100,200
22,15,72477.38158828857,1.0439668883184587,"92,89,47,63,131,41,25,10,111,81,121,69,44,32,30,102,38,12,77,112,97,124,113,114,3,103,86,80,28,13,145,52,142,87,56,85,119,76,45,8,27,65,132,16,14,37,71,5,18,116,136,26,125,100,108,98,134,95,68,78,120,7,48,58,43,133,104,106,53,40,83,62,130,49,51,24,74,99,105,54,93,146,88,64,39,75,6,23,4,17,20,55,35,34,72,84,33,135,94,19,110,140,141,67,36,15,61,139,109,115,96,148,42,123,59,101,118,66,46,127,90,79,147,128,91,9,144,129,70,50,29,82,126,21,11,143,138,31,117,2,60,137,122,22,57,73,107",20100,200
23,0,75206.40385558287,1.1421033228215387,"112,109,39,70,8,30,25,66,49,29,125,11,55,35,34,135,2,93,105,21,82,40,20,28,6,98,130,122,128,81,116,12,136,23,86,62,72,50,10,64,141,146,14,37,88,54,83,111,113,121,91,117,53,127,42,17,96,134,3,63,74,119,114,147,78,36,138,24,69,77,51,148,38,123,87,106,7,108,56,124,15,52,61,84,95,102,33,118,137,80,92,139,145,143,16,44,22,131,68,129,48,31,46,58,32,45,85,97,89,140,4,132,59,142,26,71,67,13,27,65,9,73,133,19,110,75,41,120,5,144,100,90,60,99,43,18,104,101,126,115,76,79,103,94,57,107,47",20100,200
23,1,76561.0871872634,1.0697663296253066,"112,109,39,70,8,30,25,66,49,29,125,11,55,35,34,128,122,130,98,6,28,20,40,82,21,105,93,2,64,81,116,12,136,23,86,62,72,50,10,135,141,146,14,37,88,54,83,111,113,121,91,117,53,127,42,17,96,134,3,63,74,119,114,147,78,36,138,24,69,77,51,148,38,123,87,106,7,108,56,124,15,52,61,84,95,102,33,118,120,80,92,139,145,143,16,44,22,131,68,129,48,31,46,58,32,45,85,97,89,140,4,132,59,142,26,71,67,13,27,65,9,73,133,19,110,75,41,137,5,144,100,90,60,99,43,18,104,101,126,115,76,79,103,94,57,107,47",20100,200
23,2,75623.54461834395,1.1065260954898442,"112,109,39,70,8,30,25,66,49,29,125,11,55,35,34,128,122,130,98,6,28,20,40,82,21,105,93,2,64,81,116,12,136,23,86,62,72,50,10,135,141,146,14,37,88,54,83,111,113,121,91,117,53,127,42,17,96,134,3,63,74,119,114,147,78,36,138,24,69,77,51,148,38,123,87,106,7,108,56,124,15,52,61,84,95,102,33,118,137,80,92,139,145,143,16,44,22,131,68,129,48,31,46,58,32,45,85,97,89,140,4,132,59,142,26,71,67,13,27,65,9,73,133,19,110,75,41,120,5,144,100,90,60,99,43,18,104,101,126,115,76,79,103,94,57,107,47",20100,200
23,3,75217.99262735556,1.1244554237496478,"112,109,39,70,8,30,25,66,49,29,125,11,55,35,34,135,2,141,146,14,37,40,20,28,6,98,130,122,128,81,116,12,136,23,86,62,72,50,10,64,93,105,21,82,88,54,83,111,113,121,91,117,53,127,42,17,96,134,3,63,74,119,114,147,78,36,138,24,69,77,51,148,38,123,87,106,7,108,56,124,15,52,61,84,95,102,33,118,137,80,92,139,145,143,16,44,22,131,68,129,48,31,46,58,32,45,85,97,89,140,4,132,59,142,26,71,67,13,27,65,9,73,133,19,110,75,41,120,5,144,100,90,60,99,43,18,104,101,126,115,76,79,103,94,57,107,47",20100,200
23,4,70035.15963203169,1.8877356133253982,"3,36,71,30,67,130,45,96,122,101,117,58,13,107,68,112,127,116,81,91,109,26,73,85,48,119,121,106,7,38,86,25,74,98,70,6,28,20,40,82,21,105,93,64,2,44,145,115,65,142,103,35,87,138,80,123,126,60,23,84,95,79,94,56,108,47,131,69,24,77,51,148,137,113,15,43,62,100,89,14,129,133,4,42,10,11,111,124,50,39,146,147,110,33,125,55,128,83,63,135,66,57,75,49,53,90,19,34,37,143,102,59,141,12,134,22,29,61,46,136,132,32,118,72,88,97,144,41,5,120,104,16,9,54,52,92,140,139,27,31,17,99,78,114,8,18,76",20100,200
23,5,71546.54270573675,1.3356381463471687,"3,36,71,30,67,130,45,96,122,101,117,58,13,107,68,112,127,116,81,91,109,26,73,85,48,119,121,106,7,38,86,25,74,98,70,6,28,20,40,82,21,105,93,64,2,44,145,115,65,142,103,35,87,138,80,123,126,60,84,23,88,72,118,32,132,136,46,99,29,22,134,12,141,59,54,9,16,104,120,5,41,144,97,95,79,94,56,108,47,131,69,24,77,51,148,137,113,15,43,62,100,89,55,125,33,110,147,66,135,63,83,128,14,129,133,4,42,75,49,53,90,19,39,146,57,10,11,111,124,50,34,37,143,102,52,92,140,139,27,31,17,61,8,114,78,18,76",20100,200
23,6,77257.34138583817,1.050904372433572,"112,109,39,70,8,30,25,66,49,29,125,11,55,35,34,128,122,130,98,6,28,20,40,37,14,146,141,2,135,81,116,12,136,23,86,62,72,50,10,64,93,105,21,82,88,54,83,111,113,121,91,117,53,127,42,17,96,134,3,63,74,119,114,147,78,36,138,24,69,77,51,148,38,123,87,106,7,108,56,124,15,52,61,84,95,102,33,118,120,80,92,139,145,143,16,44,22,131,68,129,48,31,46,58,32,45,85,97,89,140,4,132,59,142,26,71,67,13,27,65,9,73,133,19,110,75,41,137,5,144,100,90,60,99,43,18,104,101,126,115,76,79,103,94,57,107,47",20100,200
23,7,76155.53519627501,1.0883014288330233,"112,109,39,70,8,30,25,66,49,29,125,11,55,35,34,135,2,141,146,14,37,40,20,28,6,98,130,122,128,81,116,12,136,23,86,62,72,50,10,64,93,105,21,82,88,54,83,111,113,121,91,117,53,127,42,17,96,134,3,63,74,119,114,147,78,36,138,24,69,77,51,148,38,123,87,106,7,108,56,124,15,52,61,84,95,102,33,118,120,80,92,139,145,143,16,44,22,131,68,129,48,31,46,58,32,45,85,97,89,140,4,132,59,142,26,71,67,13,27,65,9,73,133,19,110,75,41,137,5,144,100,90,60,99,43,18,104,101,126,115,76,79,103,94,57,107,47",20100,200
23,8,70354.36129262894,1.4209937985877208,"3,36,71,30,67,130,45,96,122,101,117,58,13,107,68,112,127,116,81,91,109,26,73,85,48,119,121,106,7,38,86,25,74,98,70,6,28,20,40,82,21,105,93,64,2,44,145,115,65,142,103,35,87,138,80,123,126,60,84,23,88,72,118,32,132,136,46,99,29,22,134,12,141,59,54,9,16,104,120,5,41,144,97,95,79,94,56,108,47,131,69,24,77,51,148,137,113,15,43,62,100,89,55,125,33,110,147,66,135,63,83,128,14,129,133,4,42,75,49,53,90,19,39,146,57,10,11,111,124,50,34,37,143,61,52,92,140,139,27,31,76,18,78,114,8,102,17",20100,200
23,9,70351.43178275268,1.8327841207125555,"3,36,71,30,67,130,45,96,122,101,117,58,13,107,68,112,127,116,81,91,109,26,73,85,48,119,121,106,7,38,86,25,74,98,70,6,28,20,40,82,21,105,93,64,2,44,145,115,65,142,103,35,87,138,80,123,126,60,84,23,88,72,118,32,132,136,131,69,24,77,51,148,137,113,15,43,62,100,89,14,129,133,4,42,10,11,111,124,50,39,146,147,110,33,125,55,128,83,63,135,66,57,75,49,53,90,19,34,37,143,102,59,141,12,134,22,29,61,46,47,108,56,94,79,95,97,144,41,5,120,104,16,9,54,52,92,140,139,27,31,17,99,78,114,8,18,76",20100,200
23,10,71855.61975208065,1.3059471219879775,"3,36,71,30,67,130,45,96,73,26,109,91,81,116,127,112,68,107,13,58,117,101,122,85,48,119,121,106,7,38,86,25,74,98,70,6,28,20,40,82,21,105,93,64,2,44,145,115,65,142,103,35,87,138,80,123,126,60,84,23,72,88,118,32,132,136,46,99,29,22,134,12,141,59,54,9,16,104,120,5,41,144,97,95,79,94,56,108,47,131,69,24,77,51,148,137,113,15,43,62,100,89,55,125,33,110,147,66,135,63,83,128,14,129,133,4,42,75,49,53,90,19,39,146,57,10,11,111,124,50,34,37,143,102,52,92,140,139,27,31,17,61,8,114,78,18,76",20100,200
23,11,69896.57745836931,1.9174861910811323,"3,36,71,30,67,130,45,96,122,101,117,58,13,107,68,112,127,116,81,91,109,26,73,85,48,119,121,106,7,38,86,25,74,98,70,6,28,20,40,82,21,105,93,64,2,44,145,115,65,142,103,35,87,138,80,123,126,60,23,84,95,79,94,56,108,47,131,69,24,77,51,148,137,113,15,43,62,100,89,14,129,133,4,42,10,11,111,124,50,39,146,147,110,33,125,55,128,83,63,135,66,57,75,49,53,90,19,34,37,143,102,59,141,12,134,22,29,61,46,136,132,32,118,72,88,97,144,41,5,120,104,16,9,54,52,92,140,139,27,31,17,18,78,114,8,99,76",20100,200
23,12,69300.12008767363,2.0871029145697864,"3,36,71,30,67,130,45,96,122,101,58,117,13,107,68,112,127,116,81,91,109,26,73,85,48,119,121,106,7,38,86,25,74,98,70,6,28,20,40,82,21,105,93,64,2,44,145,115,65,142,103,126,123,80,138,87,35,60,23,84,95,79,94,56,108,47,131,69,24,77,51,148,137,113,15,43,62,100,89,14,129,133,4,42,10,11,111,124,50,39,146,147,110,33,125,55,128,83,63,135,66,57,75,49,53,90,19,34,37,143,102,59,141,12,134,22,29,61,46,136,132,32,118,72,88,97,144,41,5,120,104,16,9,54,52,92,140,139,27,31,76,18,78,114,8,99,17",20100,200
23,13,76561.0871872634,1.0697663296253066,"112,109,39,70,8,30,25,66,49,29,125,11,55,35,34,128,122,130,98,6,28,20,40,82,21,105,93,2,64,81,116,12,136,23,86,62,72,50,10,135,141,146,14,37,88,54,83,111,113,121,91,117,53,127,42,17,96,134,3,63,74,119,114,147,78,36,138,24,69,77,51,148,38,123,87,106,7,108,56,124,85,45,32,58,46,31,48,129,68,131,22,44,16,143,145,139,92,80,120,118,33,102,95,84,61,52,15,97,89,140,4,132,59,142,26,71,67,13,27,65,9,73,133,19,110,75,41,137,5,144,100,90,60,99,43,18,104,101,126,115,76,79,103,94,57,107,47",20100,200
23,14,69590.9962739016,1.946782175836999,"3,36,71,30,67,130,45,96,122,101,117,58,13,107,68,112,127,116,81,91,109,26,73,85,48,119,121,106,7,38,86,25,74,98,70,6,28,20,40,82,21,105,93,64,2,44,145,115,65,142,103,126,123,80,138,87,35,60,23,84,95,79,94,56,108,47,131,69,24,77,51,148,137,113,15,43,62,100,89,14,129,133,4,42,10,11,111,124,50,39,146,147,110,33,125,55,128,83,63,135,66,57,75,49,53,90,19,34,37,143,102,59,141,12,134,22,29,61,46,136,132,32,118,72,88,97,144,41,5,120,104,16,9,54,52,92,140,139,27,31,17,99,78,114,8,18,76",20100,200
23,15,70212.8496090903,1.863996311294824,"3,36,71,30,67,130,45,96,122,101,117,58,13,107,68,112,127,116,81,91,109,26,73,85,48,119,121,106,7,38,86,25,74,98,70,6,28,20,40,82,21,105,93,64,2,44,145,115,65,142,103,35,87,138,80,123,126,60,84,23,88,72,118,32,132,136,131,69,24,77,51,148,137,113,15,43,62,100,89,14,129,133,4,42,10,11,111,124,50,39,146,147,110,33,125,55,128,83,63,135,66,57,75,49,53,90,19,34,37,143,102,59,141,12,134,22,29,61,46,47,108,56,94,79,95,97,144,41,5,120,104,16,9,54,52,92,140,139,27,31,17,18,78,114,8,99,76",20100,200
24,0,71264.04644573119,1.2608992282911926,"55,21,106,53,44,43,105,2,72,31,85,139,50,119,84,141,144,101,41,46,71,83,45,49,90,130,143,108,8,25,94,98,122,89,35,5,4,78,137,18,86,48,131,102,7,42,82,136,11,107,110,92,80,63,64,88,111,24,104,117,77,52,14,99,121,32,38,132,16,126,27,15,134,91,123,124,19,23,22,57,129,100,66,142,127,73,30,81,116,103,79,112,147,39,13,118,9,148,133,20,145,120,62,74,69,70,51,10,125,58,40,76,36,37,67,138,140,115,95,12,60,75,59,17,26,29,135,96,65,87,113,93,34,54,109,146,114,6,128,28,97,47,3,33,68,61,56",20100,200
24,1,72761.54640781457,0.9268751982527609,"55,21,106,53,31,72,2,105,43,44,85,139,50,119,42,7,102,131,48,86,18,137,78,4,5,35,89,122,98,94,25,8,108,143,130,90,49,45,83,71,46,41,101,144,141,84,82,136,11,107,110,92,80,63,64,88,111,24,38,32,121,99,14,52,77,117,104,132,16,126,27,15,134,91,123,124,19,23,22,57,129,100,66,142,127,73,30,81,116,103,79,112,147,39,13,118,9,148,133,20,145,120,62,74,69,70,51,10,125,29,26,12,95,115,140,138,67,37,36,76,40,3,135,17,60,75,59,96,65,87,113,109,54,34,93,146,114,6,128,28,97,47,58,33,68,61,56",20100,200
24,2,73379.7939996454,0.8623879740299486,"55,21,106,53,31,72,2,105,43,44,85,139,50,119,42,7,102,131,48,86,18,137,77,4,78,35,89,122,98,94,25,8,136,82,84,141,144,101,41,46,71,83,45,49,90,130,143,108,11,107,110,123,91,134,15,27,126,16,104,117,5,52,14,99,121,32,38,132,24,111,88,64,63,80,92,124,19,23,22,57,129,100,66,142,127,73,30,81,116,103,79,112,147,39,13,118,9,148,133,20,145,120,62,74,69,70,51,10,125,29,26,12,95,115,140,138,67,37,36,76,40,3,135,17,60,75,59,96,65,87,113,109,54,34,93,146,114,6,128,28,97,47,58,33,68,61,56",20100,200
24,3,71264.04644573119,1.2608992282911926,"55,21,106,53,44,43,105,2,72,31,85,139,50,119,42,7,102,131,48,86,18,137,78,4,5,35,89,122,98,94,25,8,136,82,84,141,144,101,41,46,71,83,45,49,90,130,143,108,11,107,110,92,80,63,64,88,111,24,104,117,77,52,14,99,121,32,38,132,16,126,27,15,134,91,123,124,19,23,22,57,129,100,66,142,127,73,30,81,116,103,79,112,147,39,13,118,9,148,133,20,145,120,62,74,69,70,51,10,125,58,40,76,36,37,67,138,140,115,95,12,60,75,59,17,26,29,135,96,65,87,113,93,34,54,109,146,114,6,128,28,97,47,3,33,68,61,56",20100,200
24,4,72314.4185183546,0.9871586744392769,"55,21,106,53,44,43,105,2,72,31,85,139,50,119,42,7,102,131,48,86,18,137,78,4,5,35,89,122,98,94,25,8,108,143,130,90,49,45,83,71,46,41,101,144,141,84,82,136,11,107,110,92,80,63,64,88,111,24,38,32,121,99,14,52,77,117,104,132,16,126,27,15,134,91,123,124,19,23,22,57,129,100,66,142,127,73,30,81,116,103,79,112,147,39,13,118,9,148,133,20,145,120,62,74,69,70,51,10,125,29,26,12,95,115,140,138,67,37,36,76,40,3,135,17,60,75,59,96,65,87,113,109,54,34,93,146,114,6,128,28,97,47,58,33,68,61,56",20100,200
24,5,71264.04644573119,1.2608992282911926,"55,21,106,53,44,43,105,2,72,31,85,139,50,119,84,141,144,101,41,46,71,83,45,49,90,130,143,108,8,25,94,98,122,89,35,5,4,78,137,18,86,48,131,102,7,42,82,136,11,107,110,92,80,63,64,88,111,24,104,117,77,52,14,99,121,32,38,132,16,126,27,15,134,91,124,123,19,23,22,57,129,100,66,142,127,73,30,81,116,103,79,112,147,39,13,118,9,148,133,20,145,120,62,74,69,70,51,10,125,58,40,76,36,37,67,138,140,115,95,12,60,75,59,17,26,29,135,96,65,87,113,93,34,54,109,146,114,6,128,28,97,47,3,33,68,61,56",20100,200
24,6,73334.16984810444,0.88440632981284,"55,21,106,53,44,43,105,2,72,31,85,139,50,119,42,7,102,131,48,86,18,137,78,4,77,35,89,122,98,94,25,8,108,143,130,90,49,45,83,71,46,41,101,144,141,84,82,136,11,107,110,123,91,134,15,27,126,16,104,117,5,52,14,99,121,32,38,132,24,111,88,64,63,80,92,124,19,23,22,57,129,100,66,142,127,73,30,81,116,103,79,112,147,39,13,118,9,148,133,20,145,120,62,74,69,70,51,10,125,29,26,12,95,115,140,138,67,37,36,76,40,3,135,17,60,75,59,96,65,87,113,109,54,34,93,146,114,6,128,28,97,47,58,33,68,61,56",20100,200
24,7,72360.04266989554,0.9674816329311744,"55,21,106,53,31,72,2,105,43,44,85,139,50,119,42,7,102,131,48,86,18,137,5,4,78,35,89,122,98,94,25,8,136,82,84,141,144,101,41,46,71,83,45,49,90,130,143,108,11,107,110,92,80,63,64,88,111,24,38,32,121,99,14,52,77,117,104,132,16,126,27,15,134,91,123,124,19,23,22,57,129,100,66,142,127,73,30,81,116,103,79,112,147,39,13,118,9,148,133,20,145,120,62,74,69,70,51,10,125,29,26,12,95,115,140,138,67,37,36,76,40,3,135,17,60,75,59,96,65,87,113,109,54,34,93,146,114,6,128,28,97,47,58,33,68,61,56",20100,200
24,8,72180.85242195395,1.0064510852407327,"55,21,106,53,31,72,2,105,43,44,85,139,50,119,42,7,102,131,48,86,18,137,78,4,5,35,89,122,98,94,25,8,136,82,84,141,144,101,41,46,71,83,45,49,90,130,143,108,11,107,110,92,80,63,64,88,111,24,104,117,77,52,14,99,121,32,38,132,16,126,27,15,134,91,123,124,19,23,22,57,129,100,66,142,127,73,30,81,116,103,79,112,147,39,13,118,9,148,133,20,145,120,62,74,69,70,51,10,125,29,26,12,95,115,140,138,67,37,36,76,40,3,135,17,60,75,59,96,65,87,113,93,34,54,109,146,114,6,128,28,97,47,58,33,68,61,56",20100,200
24,9,73781.29773756443,0.8165720671370057,"55,21,106,53,31,72,2,105,43,44,85,139,50,119,42,7,102,131,48,86,18,137,78,4,77,35,89,122,98,94,25,8,108,143,130,90,49,45,83,71,46,41,101,144,141,84,82,136,11,107,110,123,91,134,15,27,126,16,104,117,5,52,14,99,121,32,38,132,24,111,88,64,63,80,92,124,19,23,22,57,129,100,66,142,127,73,30,81,116,103,79,112,147,39,13,118,9,148,133,20,145,120,62,74,69,70,51,10,125,29,26,12,95,115,140,138,67,37,36,76,40,3,135,17,60,75,59,96,65,87,113,109,54,34,93,146,114,6,128,28,97,47,58,33,68,61,56",20100,200
24,10,73781.29773756443,0.8165720671370057,"55,21,106,53,31,72,2,105,43,44,85,139,50,119,42,7,102,131,48,86,18,137,77,4,78,35,89,122,98,94,25,8,108,143,130,90,49,45,83,71,46,41,101,144,141,84,82,136,11,107,110,123,91,134,15,27,126,16,104,117,5,52,14,99,121,32,38,132,24,111,88,64,63,80,92,124,19,23,22,57,129,100,66,142,127,73,30,81,116,103,79,112,147,39,13,118,9,148,133,20,145,120,62,74,69,70,51,10,125,29,26,12,95,115,140,138,67,37,36,76,40,3,135,17,60,75,59,96,65,87,113,109,54,34,93,146,114,6,128,28,97,47,58,33,68,61,56",20100,200
24,11,72180.85242195395,1.0064510852407327,"55,21,106,53,31,72,2,105,43,44,85,139,50,119,42,7,102,131,48,86,18,137,78,4,5,35,89,122,98,94,25,8,136,82,84,141,144,101,41,46,71,83,45,49,90,130,143,108,11,107,110,92,80,63,64,88,111,24,104,117,77,52,14,99,121,32,38,132,16,126,27,15,134,91,124,123,19,23,22,57,129,100,66,142,127,73,30,81,116,103,79,112,147,39,13,118,9,148,133,20,145,120,62,74,69,70,51,10,125,29,26,12,95,115,140,138,67,37,36,76,40,3,135,17,60,75,59,96,65,87,113,93,34,54,109,146,114,6,128,28,97,47,58,33,68,61,56",20100,200
24,12,73379.7939996454,0.8623879740299486,"55,21,106,53,31,72,2,105,43,44,85,139,50,119,42,7,102,131,48,86,18,137,78,4,77,35,89,122,98,94,25,8,136,82,84,141,144,101,41,46,71,83,45,49,90,130,143,108,11,107,110,123,91,134,15,27,126,16,104,117,5,52,14,99,121,32,38,132,24,111,88,64,63,80,92,124,19,23,22,57,129,100,66,142,127,73,30,81,116,103,79,112,147,39,13,118,9,148,133,20,145,120,62,74,69,70,51,10,125,29,26,12,95,115,140,138,67,37,36,76,40,3,135,17,60,75,59,96,65,87,113,109,54,34,93,146,114,6,128,28,97,47,58,33,68,61,56",20100,200
24,13,71286.49767510098,1.1323314692319637,"55,21,106,53,44,43,105,2,72,31,85,139,50,119,42,7,102,131,48,86,18,137,78,4,5,35,89,122,98,94,25,8,136,82,84,141,144,101,41,46,71,83,45,49,90,130,143,108,11,107,110,92,80,63,64,88,111,24,104,117,77,52,14,99,121,32,38,132,16,126,27,15,134,91,123,124,19,23,22,57,129,100,66,142,127,73,30,81,116,103,79,112,147,39,13,118,9,148,133,20,145,120,62,74,69,70,51,10,125,29,26,12,95,115,28,138,67,37,36,76,60,75,59,17,40,58,135,96,65,87,113,93,34,54,109,146,114,6,128,140,97,47,3,33,68,61,56",20100,200
24,14,72761.54640781457,0.9268751982527609,"55,21,106,53,31,72,105,2,43,44,85,139,50,119,42,7,102,131,48,86,18,137,78,4,5,35,89,122,98,94,25,8,108,143,130,90,49,45,83,71,46,41,101,144,141,84,82,136,11,107,110,92,80,63,64,88,111,24,38,32,121,99,14,52,77,117,104,132,16,126,27,15,134,91,123,124,19,23,22,57,129,100,66,142,127,73,30,81,116,103,79,112,147,39,13,118,9,148,133,20,145,120,62,74,69,70,51,10,125,29,26,12,95,115,140,138,67,37,36,76,40,3,135,17,60,75,59,96,65,87,113,109,54,34,93,146,114,6,128,28,97,47,58,33,68,61,56",20100,200
24,15,73197.2562809841,0.9058896702549137,"55,21,106,53,31,72,2,105,43,44,85,139,50,119,42,7,102,131,48,86,18,137,78,4,5,35,89,122,98,94,25,8,136,82,84,141,144,101,41,46,71,83,45,49,90,130,143,108,11,107,110,123,91,134,15,27,126,16,104,117,77,52,14,99,121,32,38,132,24,111,88,64,63,80,92,124,19,23,22,57,129,100,66,142,127,73,30,81,116,103,79,112,147,39,13,118,9,148,133,20,145,120,62,74,69,70,51,10,125,29,26,12,95,115,140,138,67,37,36,76,40,3,135,17,60,75,59,96,65,87,113,93,34,54,109,146,114,6,128,28,97,47,58,33,68,61,56",20100,200
24,16,72624.5487724321,0.9473959951348925,"55,21,106,53,31,72,2,105,43,44,85,139,50,119,42,7,102,131,48,86,18,137,5,4,78,35,89,122,98,94,25,8,136,82,84,141,144,101,41,46,71,83,45,49,90,130,143,108,11,107,110,123,91,134,15,27,126,24,38,32,121,99,14,52,77,117,104,132,16,111,88,64,63,80,92,124,19,23,22,57,129,100,66,142,127,73,30,81,116,103,79,112,147,39,13,118,9,148,133,20,145,120,62,74,69,70,51,10,125,29,26,12,95,115,140,138,67,37,36,76,40,3,135,17,60,75,59,96,65,87,113,109,54,34,93,146,114,6,128,28,97,47,58,33,68,61,56",20100,200
24,17,71679.12111321712,1.0253805759052523,"55,21,106,53,44,43,105,2,72,31,85,139,50,119,42,7,102,131,48,86,18,137,78,4,5,35,89,122,98,94,25,8,136,82,84,141,144,101,41,46,71,83,45,49,90,130,143,108,11,107,110,92,80,63,64,88,111,24,104,117,77,52,14,99,121,32,38,132,16,126,27,15,134,91,123,124,19,23,22,57,129,100,66,142,127,73,30,81,116,103,79,112,147,39,13,118,9,148,133,20,145,120,62,74,69,70,51,10,125,29,26,12,95,115,28,138,67,37,36,76,40,3,135,17,60,75,59,96,65,87,113,109,54,34,93,146,114,6,128,140,97,47,58,33,68,61,56",20100,200
25,0,70286.7244231194,0.9921693403849969,"13,91,103,17,121,138,104,46,49,5,52,10,102,131,106,7,88,23,92,119,107,57,31,86,130,15,6,55,87,56,63,99,22,59,38,77,75,116,44,90,125,70,147,80,37,141,122,35,85,36,146,128,89,118,65,33,137,140,123,97,112,73,78,96,100,20,148,26,2,47,58,45,48,40,72,114,83,124,24,76,111,84,34,14,18,129,64,12,51,4,53,139,135,93,113,81,27,144,134,21,101,117,43,28,108,132,39,67,126,16,115,9,120,8,32,74,109,95,30,69,105,94,29,133,50,61,25,145,41,142,11,62,68,42,66,82,136,110,19,54,98,79,71,3,127,60,143",20100,200
25,1,69132.5752644651,1.2101239605924676,"13,91,103,17,121,138,104,46,49,102,52,10,5,131,106,7,88,23,92,119,107,57,31,86,130,15,6,55,87,56,63,99,22,59,38,77,75,116,44,90,125,70,147,80,37,141,122,35,85,36,146,128,89,118,65,33,137,140,123,97,112,73,78,96,100,20,148,26,2,47,58,45,48,40,72,114,83,124,24,76,111,84,34,14,18,129,64,12,51,4,134,144,27,81,113,93,135,139,53,21,101,117,43,28,108,132,39,67,126,16,115,9,120,8,32,74,109,95,30,69,105,94,29,133,50,61,25,145,41,142,11,62,68,42,66,82,136,110,19,54,98,79,71,3,127,60,143",20100,200
25,2,69725.6205179215,1.050904372433572,"13,91,103,17,121,138,104,46,49,102,52,10,5,131,106,7,88,23,92,119,107,57,31,86,130,15,6,55,87,56,63,99,22,59,38,77,75,116,44,90,125,70,147,80,37,141,122,35,85,36,146,128,89,118,65,33,137,140,123,97,112,73,78,96,100,20,148,26,2,47,58,45,48,40,72,114,83,124,24,76,69,30,95,109,74,32,8,120,9,115,16,126,67,39,132,108,28,43,117,101,21,134,144,27,81,113,93,135,139,53,4,51,12,64,129,18,14,34,84,111,105,94,29,133,50,61,25,145,41,142,11,62,68,42,66,82,136,110,19,54,98,79,71,3,127,60,143",20100,200
25,3,71381.95322881576,0.9509994742374992,"13,91,103,17,121,138,104,46,49,5,52,10,86,131,106,7,88,23,92,119,107,57,31,102,130,15,6,55,87,56,63,99,22,59,38,77,75,116,44,90,125,70,147,80,37,141,122,35,85,36,146,128,89,118,65,33,137,140,123,97,112,73,78,96,100,20,148,26,2,47,58,45,48,40,72,114,83,124,24,76,111,84,34,14,18,129,64,12,134,144,27,81,113,93,135,139,53,4,51,21,101,117,43,28,108,132,39,67,126,16,115,9,120,8,32,74,109,95,30,69,105,94,29,133,50,61,25,145,41,142,11,62,68,42,66,82,136,110,19,54,98,79,71,3,127,60,143",20100,200
25,4,69654.84211657706,1.0697663296253066,"13,91,103,17,121,138,104,46,49,102,52,10,5,131,106,7,88,23,92,119,107,57,31,86,130,15,6,55,87,56,63,99,22,59,38,77,75,116,44,90,125,70,147,80,37,141,122,35,85,36,146,128,89,118,65,33,137,140,123,97,112,73,78,96,100,20,148,26,2,47,58,45,48,40,72,114,83,124,24,76,69,30,95,109,74,32,8,120,9,115,16,126,67,39,132,108,28,43,117,101,21,134,144,27,81,113,93,135,139,53,4,51,12,64,84,111,105,34,129,18,14,94,29,133,50,61,25,145,41,142,11,62,68,42,66,82,136,110,19,54,98,79,71,3,127,60,143",20100,200
25,5,70045.23413453276,1.0316976301223144,"13,91,103,17,121,138,104,46,49,102,52,10,5,131,106,7,88,23,92,119,107,57,31,86,130,15,6,55,87,56,63,99,22,59,38,77,75,116,44,90,125,70,147,80,37,141,122,35,85,36,146,128,89,65,118,33,137,140,123,97,112,73,78,96,100,20,148,26,2,47,58,45,48,40,72,114,83,124,24,76,111,84,34,14,18,129,64,12,134,144,27,81,113,93,135,139,53,4,51,21,101,117,43,28,108,132,39,67,126,16,115,9,120,8,32,74,109,95,30,69,105,94,29,133,50,61,25,145,41,142,11,62,68,42,66,82,136,110,19,54,98,79,71,3,127,60,143",20100,200
25,6,69005.36586101954,1.226539848516957,"13,91,103,17,121,138,104,46,49,102,52,88,5,131,106,7,10,70,116,75,107,57,31,86,63,125,6,73,55,56,72,99,22,59,38,77,119,92,44,90,15,23,147,80,37,141,122,35,85,36,146,128,89,118,65,33,137,140,123,97,112,87,78,96,100,20,148,26,2,47,58,45,48,40,130,114,83,124,24,76,111,84,34,14,18,129,64,12,134,144,27,81,113,93,135,139,53,4,51,21,101,117,43,28,108,132,39,67,126,16,115,9,120,8,32,74,109,95,30,69,105,94,29,133,50,61,25,145,41,142,11,62,68,42,66,82,136,110,19,54,98,79,71,3,127,60,143",20100,200
25,7,73579.1688751601,0.9297311439335567,"13,91,103,17,121,138,104,46,49,5,52,10,86,131,106,7,88,23,92,119,107,57,31,102,130,15,6,55,87,56,63,99,22,59,38,77,75,116,44,90,125,70,147,80,37,141,122,35,85,36,146,128,89,118,65,33,137,140,123,97,112,73,78,96,100,20,148,26,82,66,42,68,62,11,142,94,29,133,50,61,25,41,145,105,69,30,95,109,74,32,8,120,9,115,16,126,67,39,132,108,28,43,117,101,21,51,4,53,139,135,93,113,81,27,144,134,12,64,129,18,14,34,84,111,76,24,124,83,114,72,40,48,45,58,47,2,136,110,19,54,98,79,71,3,127,60,143",20100,200
25,8,70472.54570865954,0.9718024490605074,"13,91,103,17,121,138,104,46,49,5,52,10,102,131,106,7,88,23,92,119,107,57,31,86,130,15,6,55,87,56,63,99,22,59,38,77,75,116,44,90,125,70,147,80,37,141,122,35,85,36,146,128,89,65,118,33,137,140,123,97,112,73,78,96,100,20,148,26,2,47,58,45,48,40,72,114,83,124,24,76,111,84,34,14,18,129,64,12,134,144,27,81,113,93,135,139,53,4,51,21,101,117,43,28,108,132,39,67,126,16,115,9,120,8,32,74,109,95,30,69,105,94,29,133,50,61,25,145,41,142,11,62,68,42,66,82,136,110,19,54,98,79,71,3,127,60,143",20100,200
25,9,68679.82604537532,1.3358143583597235,"13,91,103,17,121,138,104,46,49,102,52,88,5,131,106,7,10,70,116,75,107,57,31,86,63,125,6,87,55,56,130,99,22,59,38,77,119,92,44,90,15,23,147,80,37,141,122,35,85,36,146,128,89,118,65,33,137,140,123,97,112,73,78,96,100,20,148,26,2,47,58,45,48,40,72,114,83,124,24,76,111,84,34,14,18,129,64,12,51,4,134,144,27,81,113,93,135,139,53,21,101,117,43,28,108,132,39,67,126,16,115,9,120,8,32,74,109,95,30,69,105,94,29,133,50,61,25,145,41,142,11,62,68,42,66,82,136,110,19,54,98,79,71,3,127,60,143",20100,200
25,10,70082.15369070384,1.0121264743103997,"13,91,103,17,121,138,104,46,49,5,52,10,102,131,106,7,88,23,92,119,107,57,31,86,130,15,6,55,87,56,63,99,22,59,38,77,75,116,44,90,125,70,147,80,37,141,122,35,85,36,146,128,89,118,65,33,137,140,123,97,112,73,78,96,100,20,148,26,2,47,58,45,48,40,72,114,83,124,24,76,69,30,95,109,74,32,8,120,9,115,16,126,67,39,132,108,28,43,117,101,21,134,144,27,81,113,93,135,139,53,4,51,12,64,84,111,105,34,129,18,14,94,29,133,50,61,25,145,41,142,11,62,68,42,66,82,136,110,19,54,98,79,71,3,127,60,143",20100,200
25,11,69554.90706453151,1.1594826432508596,"13,91,103,17,121,138,104,46,49,5,52,10,102,131,106,7,88,23,92,119,107,57,31,86,130,15,6,55,87,56,63,99,22,59,38,77,75,116,44,90,125,70,147,80,37,141,122,35,85,36,146,128,89,65,118,33,137,140,123,97,112,73,78,96,100,20,148,26,2,47,58,45,48,40,72,114,83,124,24,76,111,84,34,14,18,129,64,12,51,4,134,144,27,81,113,93,135,139,53,21,101,117,43,28,108,132,39,67,126,16,115,9,120,8,32,74,109,95,30,69,105,94,29,133,50,61,25,145,41,142,11,62,68,42,66,82,136,110,19,54,98,79,71,3,127,60,143",20100,200
25,12,68814.56480141904,1.2427389106324787,"13,91,103,17,121,138,104,46,49,102,52,88,5,131,106,7,10,70,116,75,107,57,31,86,63,125,6,73,55,56,72,99,22,59,38,77,119,92,44,90,15,23,147,80,37,141,122,35,85,36,146,128,89,118,65,33,137,140,123,97,112,87,78,96,100,20,148,26,2,47,58,45,48,40,130,114,83,124,24,76,111,84,34,14,18,129,64,12,51,4,53,139,135,93,113,81,27,144,134,21,101,117,43,28,108,132,39,67,126,16,115,9,120,8,32,74,109,95,30,69,105,94,29,133,50,61,25,145,41,142,11,62,68,42,66,82,136,110,19,54,98,79,71,3,127,60,143",20100,200
25,13,70286.7244231194,0.9921693403849969,"13,91,103,17,121,138,104,46,49,5,52,10,102,131,106,7,88,23,92,119,107,57,31,86,130,15,6,55,87,56,63,99,22,59,38,77,75,116,44,90,125,70,147,80,37,141,122,35,85,36,146,128,89,118,65,33,137,140,123,97,112,73,78,96,100,20,148,26,2,47,58,45,48,40,72,114,83,124,24,76,111,84,34,14,18,129,64,12,51,4,53,139,113,93,135,81,27,144,134,21,101,117,43,28,108,132,39,67,126,16,115,9,120,8,32,74,109,95,30,69,105,94,29,133,50,61,25,145,41,142,11,62,68,42,66,82,136,110,19,54,98,79,71,3,127,60,143",20100,200
26,0,70192.77261913517,1.128771605068569,"35,23,41,102,25,105,97,67,14,37,134,113,133,61,145,121,144,101,117,46,143,81,53,126,139,47,79,26,66,7,40,138,111,89,45,124,141,74,3,93,49,70,39,88,136,27,62,147,80,78,5,2,18,90,32,38,137,33,84,34,73,72,30,58,4,75,98,122,11,65,118,132,10,148,29,131,16,15,112,20,63,50,128,68,106,82,94,56,64,130,92,146,9,42,95,140,114,55,120,69,135,77,52,103,17,115,8,99,31,51,28,43,13,96,100,85,107,24,104,116,44,91,109,125,22,76,59,21,54,60,57,71,123,110,86,36,83,87,108,127,6,142,12,48,119,129,19",20100,200
26,1,70664.24962538305,1.0753968000629088,"35,23,41,102,25,105,97,67,14,37,134,113,133,61,145,121,144,101,117,46,143,81,53,126,139,47,79,26,66,7,40,138,111,89,45,124,141,74,3,93,49,70,39,88,136,27,62,147,80,78,5,2,18,90,32,38,137,33,84,34,73,72,30,58,4,75,65,122,11,98,118,132,10,148,29,131,16,15,112,20,63,50,128,68,106,82,94,56,64,130,92,146,9,42,95,140,114,55,120,69,135,77,52,103,17,115,8,99,31,51,28,43,13,96,100,85,107,24,104,116,44,91,109,125,22,76,59,21,54,60,57,71,123,110,86,36,83,87,108,127,6,142,12,48,119,129,19",20100,200
26,2,70362.00262134343,1.1112648874748827,"35,23,41,102,25,105,97,67,14,37,134,113,133,61,145,121,144,101,117,46,143,81,53,126,139,47,79,26,66,7,40,138,111,89,45,124,141,74,3,93,49,70,39,88,136,27,62,147,80,78,5,32,90,18,2,38,137,33,84,34,73,72,30,58,4,75,98,122,11,65,118,132,10,148,29,131,16,15,112,20,63,50,128,68,106,82,94,56,64,130,92,146,9,42,95,140,114,55,120,69,135,77,52,103,17,115,8,99,31,51,28,43,13,96,100,85,107,24,104,116,44,91,109,125,22,76,59,21,54,60,57,71,123,110,86,36,83,87,108,127,6,142,12,48,119,129,19",20100,200
26,3,70552.92599879114,1.0934779210665635,"35,23,41,102,25,105,97,67,14,37,134,113,133,61,145,121,144,101,117,46,143,81,53,126,139,47,79,26,66,7,40,138,111,89,45,124,141,74,3,93,49,70,39,88,136,27,62,147,80,78,5,2,18,90,32,38,137,33,84,34,73,72,30,58,4,75,98,122,11,65,118,132,10,148,29,131,16,15,112,106,68,128,50,63,20,82,94,56,64,130,92,146,9,42,95,140,114,55,120,69,135,77,52,103,17,115,8,99,31,51,28,43,13,96,100,85,107,24,104,116,44,91,109,125,22,76,59,21,54,60,57,71,123,110,86,36,83,87,108,127,6,142,12,48,119,129,19",20100,200
26,4,74180.15666799371,0.9391317658688664,"35,23,41,102,25,105,97,67,14,37,134,113,133,61,145,121,144,101,117,46,143,111,138,40,7,66,26,79,47,139,126,53,81,89,45,124,141,74,3,93,49,70,27,88,136,39,75,4,58,30,72,73,90,18,2,38,137,33,84,34,32,5,78,80,147,122,65,62,11,98,118,132,10,148,29,131,16,15,112,106,68,128,50,63,20,82,94,56,64,130,92,146,9,42,95,140,114,55,120,69,103,77,52,135,17,115,8,99,31,51,28,43,13,96,100,85,107,24,104,116,44,91,109,125,22,76,59,21,54,60,57,71,123,110,86,36,83,87,108,127,6,142,12,48,119,129,19",20100,200
26,5,70833.47962759131,1.0570064291720433,"35,23,41,102,25,105,97,67,14,37,134,113,133,61,145,121,144,101,117,46,143,81,53,126,139,47,79,26,66,7,40,138,111,89,45,124,141,74,3,93,49,70,39,88,136,27,62,147,80,78,5,32,90,18,2,38,137,33,84,34,73,72,30,58,4,75,65,122,11,98,118,132,10,148,29,131,16,15,112,20,63,50,128,68,106,82,94,56,64,130,92,146,9,42,95,140,114,55,120,69,135,77,52,103,17,115,8,99,31,51,28,43,13,96,100,85,107,24,104,116,44,91,109,125,22,76,59,21,54,60,57,71,123,110,86,36,83,87,108,127,6,142,12,48,119,129,19",20100,200
26,6,72826.23785588524,0.9597833921976797,"35,23,41,102,25,105,97,67,14,37,134,113,133,61,145,121,144,101,117,46,143,111,138,40,7,66,26,79,47,139,126,53,81,89,45,124,141,74,3,93,49,70,39,88,136,27,62,147,80,78,5,2,18,90,32,38,137,33,84,34,73,72,30,58,4,75,65,122,11,98,118,132,10,148,29,131,16,15,112,106,68,128,50,63,20,82,94,56,64,130,92,146,9,42,95,140,114,55,120,69,135,77,52,103,17,115,8,99,31,51,28,104,24,107,100,85,96,13,43,116,44,91,109,125,22,76,59,21,54,60,57,71,123,110,86,36,83,87,108,127,6,142,12,48,119,129,19",20100,200
26,7,71024.403005039,1.0382903760685276,"35,23,41,102,25,105,97,67,14,37,134,113,133,61,145,121,144,101,117,46,143,81,53,126,139,47,79,26,66,7,40,138,111,89,45,124,141,74,3,93,49,70,39,88,136,27,62,147,80,78,5,2,18,90,32,38,137,33,84,34,73,72,30,58,4,75,65,122,11,98,118,132,10,148,29,131,16,15,112,106,68,128,50,63,20,82,94,56,64,130,92,146,9,42,95,140,114,55,120,69,135,77,52,103,17,115,8,99,31,51,28,43,13,96,100,85,107,24,104,116,44,91,109,125,22,76,59,21,54,60,57,71,123,110,86,36,83,87,108,127,6,142,12,48,119,129,19",20100,200
26,8,74458.07464279154,0.9180156792721275,"35,23,41,102,25,105,97,67,14,37,134,113,133,61,145,121,144,101,117,46,143,111,138,40,7,66,26,79,47,139,126,53,81,89,45,124,141,74,3,93,49,70,27,88,136,39,75,4,58,30,72,73,90,18,2,38,137,33,84,34,32,5,78,80,147,62,65,122,11,98,118,132,10,148,29,131,16,15,112,106,68,128,50,63,20,82,94,56,64,130,92,146,9,42,95,140,114,55,120,69,135,77,52,103,17,115,8,99,31,51,28,104,24,107,100,85,96,13,43,116,44,91,109,125,22,76,59,21,54,60,57,71,123,110,86,36,83,87,108,127,6,142,12,48,119,129,19",20100,200
26,9,72548.3198810874,0.9799999215372391,"35,23,41,102,25,105,97,67,14,37,134,113,61,133,145,121,144,101,117,46,143,111,138,40,7,66,26,79,47,139,126,53,81,89,45,124,141,74,3,93,49,70,39,88,136,27,62,147,80,78,5,2,18,90,32,38,137,33,84,34,73,72,30,58,4,75,65,122,11,98,118,132,10,148,29,131,16,15,112,106,68,128,50,63,20,82,94,56,64,130,92,146,9,42,95,140,114,55,120,69,103,77,52,135,17,115,8,99,31,51,28,43,13,96,100,85,107,24,104,116,44,91,109,125,22,76,59,21,54,60,57,71,123,110,86,36,83,87,108,127,6,142,12,48,119,129,19",20100,200
26,10,72548.3198810874,0.9799999215372391,"35,23,41,102,25,105,97,67,14,37,134,113,133,61,145,121,144,101,117,46,143,111,138,40,7,66,26,79,47,139,126,53,81,89,45,124,141,74,3,93,49,70,39,88,136,27,62,147,80,78,5,2,18,90,32,38,137,33,84,34,73,72,30,58,4,75,65,122,11,98,118,132,10,148,29,131,16,15,112,106,68,128,50,63,20,82,94,56,64,130,92,146,9,42,95,140,114,55,120,69,103,77,52,135,17,115,8,99,31,51,28,43,76,22,125,109,91,44,116,104,24,107,85,100,96,13,59,21,54,60,57,71,123,110,86,36,83,87,108,127,6,142,12,48,119,129,19",20100,200
26,11,74458.07464279154,0.9180156792721275,"35,23,41,102,25,105,97,67,14,37,134,113,133,61,145,121,144,101,117,46,143,111,138,40,7,66,26,79,47,139,126,53,81,89,45,124,141,74,3,93,49,70,27,88,136,39,75,4,58,30,72,73,90,18,2,38,137,33,84,34,32,5,78,80,147,122,65,62,11,98,118,132,10,148,29,131,16,15,112,106,68,128,50,63,20,82,94,56,64,130,92,146,9,42,95,140,114,55,120,69,135,77,52,103,17,115,8,99,31,51,28,104,24,107,100,85,96,13,43,116,44,91,109,125,22,76,59,21,54,60,57,71,123,110,86,36,83,87,108,127,6,142,12,48,119,129,19",20100,200
26,12,75311.42789781377,0.8964023098558792,"35,23,41,102,25,105,97,67,14,37,134,113,133,61,145,121,144,101,117,46,143,111,138,40,7,66,26,79,47,139,126,53,81,89,45,124,141,74,3,93,49,70,27,88,136,39,75,4,58,30,72,73,90,18,2,38,137,33,84,34,32,5,78,80,147,122,65,62,11,98,118,132,10,148,29,131,16,15,112,106,68,128,50,63,20,82,94,56,64,130,92,146,9,42,95,140,114,55,120,69,103,77,52,135,17,115,8,99,31,51,28,104,24,107,100,85,96,13,43,116,44,91,109,125,22,76,59,21,54,60,57,71,123,110,86,36,83,87,108,127,6,142,12,48,119,129,19",20100,200
26,13,71694.96662606516,0.9998077477632912,"35,23,41,102,25,105,97,67,14,37,134,113,133,61,145,121,144,101,117,46,143,111,138,40,7,66,26,79,47,139,126,53,81,89,45,124,141,74,3,93,49,70,39,88,136,27,62,147,80,78,5,2,18,90,32,38,137,33,84,34,73,72,30,58,4,75,65,122,11,98,118,132,10,148,29,131,16,15,112,106,68,128,50,63,20,82,94,56,64,130,92,146,9,42,95,140,114,55,120,69,135,77,52,103,17,115,8,99,31,51,28,43,13,96,100,85,107,24,104,116,44,91,109,125,22,76,59,21,54,60,57,71,123,110,86,36,83,87,108,127,6,142,12,48,119,129,19",20100,200
26,14,71193.63300724726,1.0192306994797666,"35,23,41,102,25,105,97,67,14,37,134,113,133,61,145,121,144,101,117,46,143,81,53,126,139,47,79,26,66,7,40,138,111,89,45,124,141,74,3,93,49,70,39,88,136,27,62,147,80,78,5,32,90,18,2,38,137,33,84,34,73,72,30,58,4,75,65,122,11,98,118,132,10,148,29,131,16,15,112,106,68,128,50,63,20,82,94,56,64,130,92,146,9,42,95,140,114,55,120,69,135,77,52,103,17,115,8,99,31,51,28,43,13,96,100,85,107,24,104,116,44,91,109,125,22,76,59,21,54,60,57,71,123,110,86,36,83,87,108,127,6,142,12,48,119,129,19",20100,200
27,0,71788.99809530028,1.2427389106324787,"79,28,143,35,72,112,140,114,147,129,145,13,146,15,39,30,148,134,58,43,91,126,25,132,131,21,80,144,71,119,62,118,109,115,74,11,120,7,101,81,65,60,45,106,117,32,94,89,97,105,138,69,108,24,78,19,36,128,52,4,73,23,135,63,64,70,103,37,124,56,31,17,96,84,18,40,123,14,34,83,100,22,61,3,57,133,47,5,20,88,122,125,26,9,110,130,76,86,93,141,42,49,53,99,12,10,33,116,82,136,41,27,102,8,139,75,98,92,48,46,87,127,104,121,29,85,77,66,68,90,51,6,54,142,95,50,38,16,113,67,59,55,137,107,44,2,111",20100,200
27,1,71788.99809530028,1.2427389106324787,"79,28,143,35,72,112,129,147,114,140,145,13,146,15,39,30,148,134,58,43,91,126,25,132,131,21,80,144,71,119,62,118,109,115,74,11,120,7,101,81,65,60,45,106,117,32,94,89,97,105,138,69,108,24,78,19,36,128,52,4,73,23,135,63,64,70,103,37,124,56,31,17,96,84,18,40,123,14,34,83,100,22,61,3,57,133,47,5,20,88,122,125,26,9,110,130,76,86,93,141,42,49,53,99,12,10,33,116,82,136,41,27,102,8,139,75,98,92,48,46,87,127,104,121,29,85,77,66,68,90,51,6,54,142,95,50,38,16,113,67,59,55,137,107,44,2,111",20100,200
27,2,72800.3202316279,1.226539848516957,"79,28,143,35,72,112,140,114,147,129,145,13,146,15,39,30,148,134,58,43,91,126,25,132,131,21,80,144,71,119,62,118,109,115,74,11,120,7,101,81,65,60,45,106,117,32,94,89,97,105,138,69,108,24,78,19,36,128,52,4,73,23,135,63,64,70,103,37,124,56,31,17,96,84,18,40,123,14,34,83,100,22,61,3,57,133,47,42,141,93,86,76,88,122,125,26,9,110,130,20,5,49,53,99,12,10,33,116,82,136,41,27,102,8,139,75,98,92,48,46,87,127,104,121,29,85,77,66,68,90,51,6,54,142,95,50,38,16,113,67,59,55,137,107,44,2,111",20100,200
27,3,81135.05329308656,0.8515314019846456,"123,37,97,137,100,105,94,32,68,36,74,15,110,2,23,19,143,113,127,111,62,142,102,27,141,136,82,75,13,49,134,148,60,65,81,11,84,118,58,92,144,40,120,4,55,109,78,54,131,10,117,132,38,85,69,76,108,45,12,14,107,34,52,104,79,3,9,51,133,80,67,130,90,48,7,138,95,43,119,91,129,139,21,57,135,28,20,98,39,115,122,25,140,72,147,6,5,8,126,59,124,73,145,35,146,93,83,41,64,16,53,101,33,50,125,47,70,46,30,26,87,63,114,66,112,89,18,121,96,17,116,128,86,77,88,56,29,22,61,31,71,24,103,42,44,106,99",20100,200
27,4,71178.92063254544,1.3207573584879244,"79,28,143,35,72,112,129,147,114,140,145,13,146,15,39,30,45,62,119,71,144,80,21,131,132,25,126,91,43,58,134,148,60,65,81,101,7,120,11,74,115,109,118,106,117,32,94,89,97,105,138,69,108,24,78,19,36,128,52,4,73,23,135,63,64,70,103,37,124,56,31,17,96,84,18,40,123,14,34,83,100,22,61,3,57,133,47,5,20,88,122,125,26,9,110,130,76,86,93,141,42,49,53,99,12,10,33,116,82,136,41,27,102,8,139,75,48,92,98,46,87,127,104,121,29,85,77,66,68,90,51,6,54,142,95,50,38,16,113,67,59,55,137,107,44,2,111",20100,200
27,5,73454.63554690337,1.1421033228215387,"79,28,143,35,72,112,140,114,147,129,145,13,146,15,39,30,40,18,123,60,34,83,100,61,22,3,57,133,128,31,17,96,84,45,106,117,32,94,89,97,105,138,69,126,91,43,58,134,148,14,65,81,101,56,124,37,36,47,52,63,135,23,73,4,64,70,103,19,78,24,108,25,132,131,21,80,144,71,119,62,118,109,115,74,11,120,7,5,20,88,122,125,26,9,110,130,76,86,93,141,42,49,53,99,12,10,33,116,82,136,41,27,102,8,139,75,98,92,48,46,87,127,104,121,29,85,77,66,68,90,51,6,54,142,95,50,38,16,113,67,59,55,137,107,44,2,111",20100,200
27,6,73024.63202799874,1.1766052864066183,"79,28,143,35,72,112,129,147,114,140,145,13,146,15,39,30,148,134,58,43,91,126,25,132,131,21,80,144,71,119,62,118,109,115,74,11,120,7,101,81,65,60,45,106,117,32,94,89,97,105,138,69,108,24,78,19,36,128,64,63,135,23,73,4,52,47,103,37,40,18,84,96,17,31,133,57,3,70,56,124,123,14,34,83,100,22,61,5,20,88,122,125,26,9,110,130,76,86,93,141,42,49,53,99,12,10,33,116,82,136,41,27,102,8,139,75,98,92,48,46,87,127,104,121,29,85,77,66,68,90,51,6,54,142,95,50,38,16,113,67,59,55,137,107,44,2,111",20100,200
27,7,80617.17360247104,0.9180156792721275,"123,37,97,137,100,105,94,32,68,36,74,15,110,2,23,19,143,113,127,111,62,142,102,27,141,136,82,75,13,49,134,148,60,65,81,11,84,118,58,92,144,40,120,4,55,109,78,54,131,10,117,132,38,85,69,76,108,45,12,14,107,34,52,5,79,3,9,51,129,91,119,43,8,138,7,48,90,130,67,80,133,139,21,57,135,28,20,98,39,115,122,25,140,72,147,6,95,104,126,59,124,73,145,35,146,93,83,41,64,16,53,101,33,50,125,47,70,46,30,26,87,63,114,66,112,89,18,121,96,17,116,128,86,77,88,56,29,22,61,31,71,24,103,42,44,106,99",20100,200
27,8,72841.54664386317,1.1934822998268553,"79,28,143,35,72,112,140,114,147,129,145,13,146,15,39,30,148,134,58,43,91,126,25,132,131,21,80,144,71,119,62,118,109,115,74,11,120,7,101,81,65,60,45,106,117,32,94,89,110,9,26,125,122,88,76,86,93,141,42,47,133,57,3,61,22,100,83,34,14,123,40,18,84,96,17,31,56,124,37,103,70,64,63,135,23,73,4,52,128,36,19,78,24,108,69,138,105,97,130,20,5,49,53,99,12,10,33,116,82,136,41,27,102,8,139,75,98,92,48,46,87,127,104,121,29,85,77,66,68,90,51,6,54,142,95,50,38,16,113,67,59,55,137,107,44,2,111",20100,200
27,9,72800.3202316279,1.226539848516957,"79,28,143,35,72,112,129,147,114,140,145,13,146,15,39,30,148,134,58,43,91,126,25,132,131,21,80,144,71,119,62,118,109,115,74,11,120,7,101,81,65,60,45,106,117,32,94,89,97,105,138,69,108,24,78,19,36,128,52,4,73,23,135,63,64,70,103,37,124,56,31,17,96,84,18,40,123,14,34,83,100,22,61,3,57,133,47,42,141,93,86,76,88,122,125,26,9,110,130,20,5,49,53,99,12,10,33,116,82,136,41,27,102,8,139,75,98,92,48,46,87,127,104,121,29,85,77,66,68,90,51,6,54,142,95,50,38,16,113,67,59,55,137,107,44,2,111",20100,200
27,10,70535.16670759063,1.4643770006388384,"79,28,143,35,72,112,129,147,114,140,145,13,146,15,39,30,45,62,119,71,144,80,21,131,18,40,126,91,43,58,134,148,60,65,81,101,7,120,11,74,115,109,118,106,117,32,94,89,97,105,138,69,108,24,78,19,36,128,52,4,73,23,135,63,64,70,103,37,25,132,26,9,76,5,47,133,57,3,61,22,100,83,34,14,123,124,56,31,17,130,110,96,84,125,122,88,20,86,93,141,42,49,53,99,12,10,33,116,82,136,41,27,102,8,139,75,48,92,98,46,87,127,104,121,29,85,77,66,68,90,51,6,54,142,95,50,38,16,113,67,59,55,137,107,44,2,111",20100,200
27,11,71241.8128777471,1.2745195173083856,"79,28,143,35,72,112,140,114,147,129,145,13,146,15,39,30,148,134,58,43,91,126,25,132,131,21,80,144,71,119,62,118,109,115,74,11,120,7,101,81,65,60,45,106,117,32,94,89,97,105,138,69,108,24,78,19,36,128,52,4,73,23,135,63,64,70,103,37,124,56,31,17,96,84,18,40,123,14,34,83,100,22,61,3,57,133,47,5,20,130,86,76,88,122,125,26,9,110,93,141,42,49,53,99,12,10,33,116,82,136,41,27,102,8,139,75,48,92,98,46,87,127,104,121,29,85,77,66,68,90,51,6,54,142,95,50,38,16,113,67,59,55,137,107,44,2,111",20100,200
27,12,78569.95250870944,1.0192306994797666,"123,37,97,137,100,105,94,32,68,36,74,15,110,2,23,19,143,113,127,111,62,142,102,27,141,136,82,75,13,49,134,148,60,65,81,11,84,118,58,92,144,40,120,4,55,109,78,54,131,10,117,132,38,85,69,76,108,45,12,14,107,34,20,28,135,57,21,139,133,130,98,39,115,122,25,140,72,147,6,95,104,52,67,80,90,48,7,91,129,51,9,3,79,138,119,43,8,5,126,59,124,73,145,35,146,93,83,64,41,16,53,101,33,50,125,47,70,46,30,26,87,63,114,66,112,89,18,121,96,17,116,128,29,77,88,56,86,22,61,31,71,24,103,42,44,106,99",20100,200
27,13,70535.16670759063,1.4643770006388384,"79,28,143,35,72,112,140,114,147,129,145,13,146,15,39,30,45,62,119,71,144,80,21,131,18,40,126,91,43,58,134,148,60,65,81,101,7,120,11,74,115,109,118,106,117,32,94,89,97,105,138,69,108,24,78,19,36,128,52,4,73,23,135,63,64,70,103,37,25,132,26,9,76,5,47,133,57,3,61,22,100,83,34,14,123,124,56,31,17,130,110,96,84,125,122,88,20,86,93,141,42,49,53,99,12,10,33,116,82,136,41,27,102,8,139,75,48,92,98,46,87,127,104,121,29,85,77,66,68,90,51,6,54,142,95,50,38,16,113,67,59,55,137,107,44,2,111",20100,200
27,14,73761.87639384899,1.0883014288330233,"79,28,143,35,72,112,129,147,114,140,145,13,146,15,39,30,40,18,123,60,34,83,100,61,22,3,57,133,128,31,17,96,84,45,106,117,32,94,89,97,105,138,69,126,91,43,58,134,148,14,65,81,101,56,124,37,36,47,52,63,135,23,73,4,64,70,103,19,78,24,108,25,132,131,21,80,144,71,119,62,118,109,115,74,11,120,7,42,141,88,76,86,93,122,125,26,9,110,130,20,5,49,53,99,12,10,33,116,82,136,41,27,102,8,139,75,98,92,48,46,87,127,104,121,29,85,77,66,68,90,51,6,54,142,95,50,38,16,113,67,59,55,137,107,44,2,111",20100,200
27,15,80708.66106943064,0.8964023098558792,"123,37,97,137,100,105,94,32,68,36,74,15,110,2,23,19,143,113,127,111,62,142,102,27,141,136,82,75,13,49,134,148,60,65,81,11,84,118,58,92,144,40,120,4,55,109,78,54,131,10,117,132,38,85,69,76,108,45,12,14,107,34,52,104,79,3,9,51,129,91,119,43,95,138,7,48,90,130,67,80,133,139,21,57,135,28,20,98,39,115,122,25,140,72,147,6,5,8,126,59,124,73,145,35,146,93,83,64,41,16,53,101,33,50,125,47,70,46,30,26,87,63,114,66,112,89,18,121,96,17,116,128,29,77,88,56,86,22,61,31,71,24,103,42,44,106,99",20100,200
27,16,81135.05329308656,0.8515314019846456,"123,37,97,137,100,105,94,32,68,36,74,15,110,2,23,19,143,113,127,111,62,142,102,27,141,136,82,75,13,49,134,148,60,65,81,11,84,118,58,92,144,40,120,4,55,109,78,54,131,10,117,132,38,85,69,76,108,45,12,14,107,34,52,104,79,3,9,51,129,91,119,43,95,138,7,48,90,130,67,80,133,139,21,57,135,28,20,98,39,115,122,25,140,72,147,6,5,8,126,59,124,73,145,35,146,93,83,41,64,16,53,101,33,50,125,47,70,46,30,26,87,63,114,66,112,89,18,121,96,17,116,128,86,77,88,56,29,22,61,31,71,24,103,42,44,106,99",20100,200
27,17,80003.61903014046,0.9391317658688664,"123,37,97,137,100,105,94,32,68,36,74,15,110,2,23,19,143,113,127,111,62,142,102,27,141,136,82,75,13,49,134,148,60,65,81,11,84,118,58,107,14,12,45,108,76,69,85,38,132,117,10,131,54,78,109,55,4,120,40,144,92,34,52,5,79,3,9,51,129,91,119,43,8,138,7,48,90,130,67,80,133,139,21,57,135,28,20,98,39,115,122,25,140,72,147,6,95,104,126,59,124,73,145,35,146,93,83,41,64,16,53,101,33,50,125,47,70,46,30,26,87,63,114,66,112,89,18,121,96,17,116,128,86,77,88,56,29,22,61,31,71,24,103,42,44,106,99",20100,200
27,18,81441.15378579829,0.8281847875271716,"123,37,97,137,100,105,94,32,68,36,74,15,110,2,23,19,143,113,127,111,62,142,102,27,141,136,82,75,13,49,134,148,60,65,81,11,84,118,58,92,144,40,120,4,55,109,78,54,131,10,117,132,38,85,69,76,108,45,12,14,107,34,52,104,79,3,9,51,129,91,119,43,95,138,7,48,90,130,67,80,133,139,21,57,135,28,20,98,39,115,122,25,140,72,147,6,5,8,126,59,124,73,145,35,146,93,83,64,41,16,53,101,33,50,125,47,70,46,30,26,87,63,114,66,112,89,18,121,96,17,116,128,86,77,88,56,29,22,61,31,99,24,103,42,44,106,71",20100,200
27,19,78627.34075427175,0.9597833921976797,"123,37,97,137,100,105,94,32,68,36,74,15,110,2,23,19,143,113,127,111,62,27,102,142,141,136,82,75,13,49,134,148,60,65,81,11,84,118,58,92,144,40,120,4,55,109,78,54,131,10,117,132,38,85,69,76,108,45,12,14,107,34,20,28,135,57,21,139,133,130,98,39,115,122,25,140,72,147,6,95,104,52,67,80,90,48,7,91,129,51,9,3,79,138,119,43,8,5,126,59,124,73,145,35,146,93,83,64,41,16,53,101,33,50,125,47,70,46,30,26,87,63,114,66,112,89,18,121,96,17,116,128,86,77,88,56,29,22,61,31,99,24,103,42,44,106,71",20100,200
28,0,71262.00941736645,1.5273993799333683,"119,124,146,63,78,122,14,114,71,108,123,21,53,145,126,84,20,106,76,40,16,58,42,142,109,38,43,57,96,133,77,111,33,86,144,10,120,95,113,140,138,143,11,137,56,27,61,110,91,80,73,130,107,70,64,72,44,30,132,32,92,117,99,101,41,15,139,50,85,62,103,65,81,66,13,49,131,118,46,23,36,98,94,6,141,104,121,102,74,8,4,51,148,90,127,55,68,22,9,35,29,87,48,147,67,47,125,3,129,93,25,134,60,82,116,69,59,97,128,88,136,17,7,54,5,105,18,135,31,26,89,19,112,83,24,28,2,34,37,100,45,75,12,79,39,52,115",20100,200
28,1,71528.96772629736,1.4618038289894748,"119,124,146,63,78,122,14,114,71,108,123,21,53,145,126,84,20,106,76,40,16,58,42,142,109,38,57,43,96,133,77,111,33,86,144,10,120,95,113,140,138,143,11,137,56,27,61,110,91,80,73,130,107,70,64,72,44,30,132,32,92,117,99,101,41,15,139,50,85,62,103,65,81,66,13,49,131,118,9,22,68,55,127,90,148,51,4,8,74,102,121,104,29,48,35,98,36,23,46,94,6,141,87,147,67,47,125,3,129,93,25,134,60,82,116,69,59,97,128,88,136,17,7,54,5,105,18,135,31,26,89,19,112,83,24,28,2,34,37,100,45,75,12,79,39,52,115",20100,200
28,2,72975.61015342912,1.2444416982448965,"100,124,146,63,78,106,14,114,71,108,123,21,53,145,126,84,20,122,76,40,16,58,42,142,109,38,57,43,96,133,77,111,33,86,144,10,120,95,113,140,138,143,11,137,56,27,61,110,91,80,73,130,107,70,64,72,44,30,132,32,92,117,99,101,41,15,49,13,66,9,36,23,46,118,131,139,50,85,62,103,65,81,94,6,141,87,83,24,28,2,34,105,134,25,93,129,68,22,98,35,48,29,104,121,102,74,8,4,51,148,90,127,55,3,119,47,67,147,112,17,136,88,128,97,45,31,18,37,26,89,19,7,54,5,60,125,135,59,69,82,116,75,12,79,39,52,115",20100,200
28,3,72894.90659967426,1.2600995304360492,"100,124,146,63,78,122,14,114,71,108,123,21,53,145,126,84,20,106,76,40,16,58,42,142,109,38,57,43,96,133,77,111,33,86,144,10,120,95,113,140,138,143,11,137,56,27,61,110,91,80,73,130,107,70,64,72,44,30,132,32,92,117,99,101,41,15,49,13,66,9,36,23,46,118,131,139,50,85,62,103,65,81,94,6,141,87,83,24,28,2,34,105,134,25,93,129,68,22,98,35,48,29,104,121,102,74,8,4,51,148,90,127,55,3,119,47,67,147,112,17,136,88,128,97,45,31,18,37,26,89,69,59,135,125,60,5,54,7,19,82,116,75,12,79,39,52,115",20100,200
28,4,73254.52475362776,1.128771605068569,"100,124,146,63,78,106,14,114,71,108,123,21,53,145,126,84,20,122,76,40,16,58,42,142,109,38,57,43,96,133,77,111,33,86,144,10,120,95,113,140,138,143,11,137,56,27,61,110,91,80,73,130,107,70,64,72,44,30,132,32,92,117,99,101,41,15,49,13,66,9,36,23,46,118,131,139,50,85,62,103,65,81,35,29,48,87,83,24,28,2,34,105,134,25,93,129,68,22,98,94,141,6,104,121,102,74,55,127,90,148,51,4,8,3,119,47,67,147,112,17,136,88,128,97,45,31,18,37,26,89,19,7,54,5,60,125,135,59,69,82,116,75,12,79,39,52,115",20100,200
28,5,71262.00941736645,1.5273993799333683,"119,124,146,63,78,122,14,114,71,108,123,21,53,145,126,84,20,106,76,40,16,58,42,142,109,38,43,57,96,133,77,111,33,86,144,10,120,95,113,140,138,143,11,137,56,27,61,110,91,80,73,130,107,70,64,72,44,30,132,32,92,117,99,101,41,15,49,13,66,81,65,103,62,85,50,139,131,118,46,23,36,98,94,6,141,104,121,102,74,8,4,51,148,90,127,55,68,22,9,35,29,87,48,147,67,47,125,3,129,93,25,134,60,82,116,69,59,97,128,88,136,17,7,54,5,105,18,135,31,26,89,19,112,83,24,28,2,34,37,100,45,75,12,79,39,52,115",20100,200
28,6,71438.63831708669,1.4751563038277669,"119,124,146,63,78,122,14,114,71,108,123,21,53,145,126,84,20,106,76,40,16,58,42,142,109,38,57,43,96,133,77,111,33,86,144,10,120,95,113,140,138,143,11,137,56,27,61,110,91,80,73,130,107,70,64,72,44,30,132,32,92,117,99,101,41,15,139,50,85,62,103,65,81,66,13,49,131,118,46,23,36,98,94,6,141,104,121,102,74,8,4,51,148,90,127,55,68,22,9,35,29,87,48,147,67,47,125,3,129,93,25,134,60,82,116,69,59,97,128,88,136,17,7,54,5,105,18,135,31,26,89,19,112,83,24,28,2,34,37,100,45,75,12,79,39,52,115",20100,200
28,7,72184.51196187078,1.2755651739051446,"100,124,146,63,78,122,14,114,71,108,123,21,53,145,126,84,20,106,76,40,16,58,42,142,109,38,43,57,96,133,77,111,33,86,144,10,120,95,113,140,138,143,11,137,56,27,61,110,91,80,73,130,107,70,64,72,44,30,132,32,92,117,99,101,41,15,49,13,66,9,36,23,46,118,131,139,50,85,62,103,65,81,35,29,48,87,83,24,28,2,34,105,134,25,93,129,68,22,98,94,141,6,104,121,102,74,8,4,51,148,90,127,55,3,119,47,67,147,112,17,136,88,128,97,45,31,18,37,26,89,19,7,54,5,60,125,135,59,69,82,116,75,12,79,39,52,115",20100,200
28,8,73103.87487934099,1.2285843292408267,"100,124,146,63,78,106,14,114,71,108,123,21,53,145,126,84,20,122,76,40,16,58,42,142,109,38,57,43,96,133,77,111,33,86,144,10,120,95,113,140,138,143,11,137,56,27,61,110,91,80,73,130,107,70,64,72,44,30,132,32,92,117,99,101,41,15,49,13,66,9,36,23,46,118,131,139,50,85,62,103,65,81,94,6,141,87,83,24,28,2,34,105,134,25,93,129,68,22,98,35,48,29,104,121,102,74,8,4,51,148,90,127,55,3,119,47,67,147,112,17,136,88,128,97,45,31,18,37,26,89,69,59,135,125,60,5,54,7,19,82,116,75,12,79,39,52,115",20100,200
28,9,71530.4047076766,1.4347261278373895,"119,124,146,63,78,106,14,114,71,108,123,21,53,145,126,84,20,122,76,40,16,58,42,142,109,38,57,43,96,133,77,111,33,86,144,10,120,95,113,140,138,143,11,137,56,27,61,110,91,80,73,130,107,70,64,72,44,30,132,32,92,85,62,103,65,81,66,13,49,15,41,101,99,117,50,139,131,118,9,22,68,55,127,90,148,51,4,8,74,102,121,104,29,48,35,98,36,23,46,94,6,141,87,147,67,47,125,3,129,93,25,134,60,82,116,69,59,97,128,88,136,17,7,54,5,105,18,135,31,26,89,19,112,83,24,28,2,34,37,100,45,75,12,79,39,52,115",20100,200
29,0,71545.64075032246,1.1934822998268553,"50,66,26,22,3,18,33,27,58,123,72,107,143,16,126,75,70,2,64,101,103,91,51,129,78,47,79,25,115,23,131,54,28,83,118,96,6,121,49,53,134,140,109,17,133,99,62,81,145,46,94,139,56,92,146,100,11,15,40,67,114,42,142,85,71,138,128,147,57,31,30,10,19,137,24,63,59,76,112,73,144,98,8,52,39,13,36,93,135,124,125,122,141,65,110,132,29,77,12,35,68,4,104,21,74,69,61,97,37,117,102,32,34,80,84,60,90,14,105,111,41,20,45,89,48,127,55,113,86,136,82,130,38,120,95,87,148,7,5,9,44,88,43,116,106,108,119",20100,200
29,1,70534.58566705497,1.3654303350958628,"50,66,26,22,16,126,75,70,2,64,72,107,143,3,18,33,27,58,123,54,103,91,51,25,79,47,78,129,115,23,131,101,28,83,118,96,6,121,49,53,134,140,109,17,133,99,62,81,145,46,94,139,56,92,146,100,11,15,40,67,114,42,142,85,71,138,128,147,57,31,30,10,19,137,24,63,59,76,112,73,144,98,8,52,39,13,36,93,135,124,125,122,141,65,110,132,29,77,12,35,68,4,104,21,74,69,61,97,37,117,102,32,34,80,84,60,90,14,105,111,41,20,45,89,48,127,55,113,86,136,82,130,38,120,95,87,148,7,5,9,44,88,43,116,106,108,119",20100,200
29,2,72386.61813081602,1.1318713978662895,"50,66,26,22,3,18,33,27,58,123,134,53,49,121,6,96,118,83,147,54,103,91,51,25,79,47,78,129,115,23,131,101,64,2,70,137,19,10,30,107,72,28,126,16,143,31,57,81,145,46,116,82,87,148,7,17,9,44,88,75,109,106,128,138,71,85,142,42,114,67,40,15,11,100,146,92,56,139,112,73,144,98,8,52,39,13,36,93,135,124,125,122,141,65,110,132,29,77,12,35,68,4,104,21,74,69,61,97,37,117,102,32,34,80,84,60,90,14,105,111,120,95,136,89,48,127,55,113,63,59,76,130,38,41,20,45,86,24,5,62,99,133,43,94,140,108,119",20100,200
29,3,72644.24145894773,1.113694991807531,"50,66,26,22,3,18,33,27,58,123,134,53,49,118,96,6,121,83,147,54,103,91,51,25,79,47,78,129,115,23,131,101,64,2,70,137,19,10,30,107,72,28,126,16,143,31,57,81,145,46,116,82,87,148,7,17,9,44,88,75,109,106,128,138,71,85,142,42,114,67,40,15,11,100,146,92,56,139,112,73,144,98,8,52,39,13,36,93,135,124,125,122,141,65,110,132,29,77,12,35,68,4,104,21,74,69,61,97,37,117,102,32,34,80,84,60,90,14,105,111,120,95,136,89,48,127,55,113,63,59,76,130,38,41,20,45,86,24,5,62,99,133,43,94,140,108,119",20100,200
29,4,72890.15414159907,1.0764217954482116,"50,66,26,22,3,18,33,27,58,123,134,53,49,121,6,96,118,83,147,54,103,91,51,25,79,47,78,129,115,23,131,101,64,2,70,137,19,10,30,107,72,28,126,16,143,31,57,81,145,46,116,82,87,148,7,17,9,44,88,75,109,106,128,138,71,85,142,42,114,67,40,15,11,100,146,92,56,139,112,74,144,98,8,52,39,13,36,93,135,124,125,122,141,65,110,132,29,77,12,35,68,4,104,21,73,69,61,97,90,117,102,32,34,80,84,60,37,14,105,111,120,95,136,89,48,127,55,113,63,59,76,130,38,41,20,45,86,24,5,62,99,133,43,94,140,108,119",20100,200
29,5,69338.38290760771,1.3944174410842687,"50,66,26,88,44,126,75,118,83,28,72,107,143,3,18,33,27,58,123,54,103,91,51,25,79,47,78,129,115,23,131,101,64,2,70,96,6,121,49,53,134,140,109,17,133,99,62,81,145,46,94,139,56,92,146,100,11,15,40,67,114,42,142,85,71,138,128,147,57,31,30,10,19,137,24,63,59,76,112,73,144,98,8,52,39,13,36,93,135,124,125,122,141,65,110,132,29,77,12,35,68,4,104,21,74,69,61,97,37,117,102,32,34,80,84,60,90,14,105,111,41,20,45,89,48,127,55,113,86,136,82,130,38,120,95,87,148,7,5,9,16,22,43,116,106,108,119",20100,200
29,6,72018.69328045212,1.1673754813122523,"50,66,53,49,121,6,96,26,134,147,83,118,22,3,18,33,27,58,123,54,103,91,51,25,79,47,78,129,115,23,131,101,64,2,70,137,19,10,30,107,72,28,126,16,143,31,57,81,145,46,116,82,87,148,7,17,9,44,88,75,109,106,128,138,71,85,142,42,114,67,40,15,11,100,146,92,56,139,112,73,144,98,8,52,39,13,36,93,135,124,125,122,141,65,110,132,29,77,12,35,68,4,104,21,74,69,61,97,37,117,102,32,34,80,84,60,90,14,105,111,120,95,136,89,48,127,55,113,63,59,76,130,38,41,20,45,86,24,5,62,99,133,43,94,140,108,119",20100,200
29,7,70534.58566705497,1.3654303350958628,"50,66,26,22,16,126,75,70,2,64,72,107,143,3,18,33,27,58,123,54,103,91,51,25,79,47,78,129,115,23,131,101,28,83,118,96,6,121,49,53,134,140,109,17,133,99,62,81,145,46,94,139,56,92,146,100,11,15,40,67,114,42,142,85,71,138,128,147,57,31,30,10,19,137,24,63,59,76,112,73,65,141,122,125,124,135,93,36,13,39,52,8,98,144,110,132,29,77,12,35,68,4,104,21,74,69,61,97,37,117,102,32,34,80,84,60,90,14,105,111,41,20,45,89,48,127,55,113,86,136,82,130,38,120,95,87,148,7,5,9,44,88,43,116,106,108,119",20100,200
29,8,71227.053057532,1.290116273829611,"50,66,26,22,3,18,33,27,58,123,72,107,143,16,126,75,118,83,28,54,103,91,51,25,79,47,78,129,115,23,131,101,64,2,70,137,19,121,49,53,134,140,109,17,133,99,62,81,145,46,94,139,56,92,146,100,11,15,40,67,114,42,142,85,71,138,128,147,57,31,30,10,6,96,24,63,59,76,112,73,144,98,8,52,39,13,36,93,135,124,125,122,141,65,110,132,29,77,12,35,68,4,104,21,74,69,61,97,37,117,102,32,34,80,84,60,90,14,105,111,41,20,45,89,48,127,55,113,86,136,82,130,38,120,95,87,148,7,5,9,44,88,43,116,106,108,119",20100,200
29,9,73147.77746973078,1.0572925589378463,"50,66,26,22,3,18,33,27,58,123,134,53,49,118,96,6,121,83,147,54,103,91,51,25,79,47,78,129,115,23,131,101,64,2,70,137,19,10,30,107,72,28,126,16,143,31,57,81,145,46,116,82,87,148,7,17,9,44,88,75,109,106,128,138,71,85,142,42,114,67,40,15,11,100,146,92,56,139,112,74,144,98,8,52,39,13,36,93,135,124,125,122,141,65,110,132,29,77,12,35,68,4,104,21,73,69,61,97,90,117,102,32,34,80,84,60,37,14,105,111,120,95,136,89,48,127,55,113,63,59,76,130,38,41,20,45,86,24,5,62,99,133,43,94,140,108,119",20100,200
30,0,74746.73352193588,0.8627861844049196,"107,105,50,62,51,10,76,147,144,125,84,40,95,34,14,23,44,133,63,80,97,15,41,94,59,17,30,112,64,7,115,126,109,128,101,65,134,28,48,116,25,37,67,68,36,55,38,77,103,102,106,39,24,93,72,12,127,27,19,98,2,29,141,111,132,82,104,66,42,123,57,35,124,11,122,5,129,92,121,13,4,91,117,45,16,46,70,31,130,100,86,83,47,137,3,71,60,6,108,146,110,114,119,54,120,49,18,113,9,20,142,145,26,73,135,87,99,139,118,58,148,56,43,143,85,90,21,75,81,53,136,131,96,138,69,32,89,78,61,8,22,88,74,79,52,140,33",20100,200
30,1,69018.26047904427,1.3358143583597235,"107,105,50,62,51,10,76,147,144,125,84,40,95,34,14,23,30,64,112,44,126,115,7,17,59,94,41,15,97,80,63,133,109,128,101,116,48,28,134,65,25,37,67,68,36,55,38,77,39,106,102,103,24,93,72,12,127,27,19,98,2,29,141,117,91,16,46,66,42,123,57,35,124,11,122,5,129,92,121,13,4,132,111,45,82,104,70,31,130,100,86,83,47,137,3,71,60,6,108,146,110,114,119,54,120,49,18,113,9,20,142,145,26,73,135,87,99,139,118,58,148,56,43,143,85,90,21,75,81,69,138,96,131,136,53,32,89,78,88,22,8,61,74,79,52,140,33",20100,200
30,2,70203.59301955604,1.2101239605924676,"107,105,50,62,51,10,76,147,144,125,84,40,95,34,14,23,30,64,112,44,126,115,7,17,59,94,41,15,97,80,63,133,109,128,101,116,48,28,134,65,25,37,67,68,36,55,38,77,39,106,102,103,24,93,72,12,127,27,19,98,2,29,141,117,91,16,46,66,42,123,57,35,124,11,122,5,129,92,121,13,4,132,111,45,82,104,70,31,130,100,86,83,47,137,3,71,60,6,108,146,110,114,119,54,120,49,18,113,9,20,142,145,26,73,135,87,99,139,118,58,148,56,43,143,85,90,21,75,81,53,138,96,131,136,69,32,89,78,61,8,22,88,74,79,52,140,33",20100,200
30,3,71495.84893015646,1.0697663296253066,"107,105,50,62,51,10,76,147,144,125,84,40,95,34,14,23,30,64,112,44,126,115,7,17,59,94,41,15,97,80,63,133,109,128,101,116,48,28,134,65,25,37,67,68,36,55,38,77,39,106,102,103,24,93,72,12,127,27,19,98,2,29,141,111,132,82,104,66,42,123,57,35,124,11,122,5,129,92,121,13,4,91,117,45,16,46,70,31,130,100,86,83,47,137,3,71,60,6,108,146,110,114,119,54,120,49,18,113,9,20,142,145,26,73,135,87,99,139,118,58,148,56,43,143,85,90,21,75,81,53,138,96,131,136,69,32,89,78,61,8,22,88,74,79,52,140,33",20100,200
30,4,70480.14133929761,1.1766052864066183,"107,105,50,62,51,10,76,147,144,125,84,40,95,34,14,23,30,64,112,44,126,115,7,17,59,94,41,15,97,80,63,133,109,128,101,65,134,28,48,116,25,37,67,68,36,55,38,77,39,106,102,103,24,93,72,12,127,27,19,98,2,29,141,117,91,16,46,66,42,123,57,35,124,11,122,5,129,92,121,13,4,132,111,45,82,104,70,31,130,100,86,83,47,137,3,71,60,6,108,146,110,114,119,54,120,49,18,113,9,20,142,145,26,73,135,87,99,139,118,58,148,56,43,143,85,90,21,75,81,53,136,131,96,138,69,32,89,78,88,22,8,61,74,79,52,140,33",20100,200
30,5,70752.88557389633,1.1421033228215387,"107,105,50,62,51,10,76,147,144,125,84,40,95,34,14,23,30,64,112,44,126,115,7,17,59,94,41,15,97,80,63,133,109,128,101,65,134,28,48,116,25,37,67,68,36,55,38,77,39,106,102,103,24,93,72,12,127,27,19,98,2,29,141,117,91,16,46,66,42,123,57,35,124,11,122,5,129,92,121,13,4,132,111,45,82,104,70,31,130,100,86,83,47,137,3,71,60,6,108,146,110,114,119,54,120,49,18,113,9,20,142,145,26,73,135,87,99,139,118,58,148,56,43,143,85,90,21,75,81,53,138,96,131,136,69,32,89,78,61,8,22,88,74,79,52,140,33",20100,200
30,6,72045.14148449675,0.9921693403849969,"107,105,50,62,51,10,76,147,144,125,84,40,95,34,14,23,30,64,112,44,126,115,7,17,59,94,41,15,97,80,63,133,109,128,101,65,134,28,48,116,25,37,67,68,36,55,38,77,39,106,102,103,24,93,72,12,127,27,19,98,2,29,141,111,132,82,104,66,42,123,57,35,124,11,122,5,129,92,121,13,4,91,117,45,16,46,70,31,130,100,86,83,47,137,3,71,60,6,108,146,110,114,119,54,120,49,18,113,9,20,142,145,26,73,135,87,99,139,118,58,148,56,43,143,85,90,21,75,81,53,138,96,131,136,69,32,89,78,61,8,22,88,74,79,52,140,33",20100,200
30,7,72818.17296527806,0.9297311439335567,"107,105,50,62,51,10,76,147,144,125,84,40,63,133,44,95,34,14,23,80,97,15,41,94,59,17,30,112,64,7,115,126,109,128,101,65,134,28,48,116,25,37,67,68,36,55,38,77,39,106,102,103,24,93,72,12,127,27,19,98,2,29,141,111,132,82,104,66,42,123,57,35,124,11,122,5,129,92,121,13,4,91,117,45,16,46,70,31,130,100,86,83,47,137,3,71,60,6,108,146,110,114,119,54,120,49,18,113,9,20,142,145,26,73,135,87,99,139,118,58,148,56,43,143,85,90,21,75,81,53,138,96,131,136,69,32,89,78,61,8,22,88,74,79,52,140,33",20100,200
30,8,71140.64728548721,1.1065260954898442,"107,105,50,48,28,134,65,101,128,109,126,115,7,64,112,30,17,59,94,41,15,97,80,63,133,44,23,14,34,95,40,84,125,144,147,76,10,51,62,116,25,37,67,68,36,55,38,77,39,106,102,103,24,93,72,12,127,27,19,98,2,29,141,117,91,16,46,66,42,123,57,35,124,11,122,5,129,92,121,13,4,132,111,45,82,104,70,31,130,100,86,83,47,137,3,71,60,6,108,146,110,114,119,54,120,49,18,113,9,20,142,145,26,73,135,87,99,139,118,58,148,56,43,143,85,90,21,75,81,53,138,96,131,136,69,32,89,78,61,8,22,88,74,79,52,140,33",20100,200
30,9,74678.74558411444,0.8856635930193811,"107,105,50,62,51,10,76,147,144,125,84,40,63,133,44,95,34,14,23,80,97,15,41,94,59,17,30,112,64,7,115,126,109,128,101,65,134,28,48,116,25,37,67,68,36,55,38,77,103,102,106,39,24,93,72,12,127,27,19,98,2,29,141,111,132,82,104,66,42,123,57,35,124,11,122,5,129,92,121,13,4,91,117,45,16,46,70,31,130,100,86,83,47,137,3,71,60,6,108,146,110,114,119,54,120,49,18,113,9,20,142,145,26,73,135,87,99,139,118,58,148,56,43,143,85,90,21,75,81,53,138,96,131,136,69,32,89,78,61,8,22,88,74,79,52,140,33",20100,200
30,10,69567.55303338457,1.2745195173083856,"107,105,50,62,51,10,76,147,144,125,84,40,95,34,14,23,30,64,112,44,126,115,7,17,59,94,41,15,97,80,63,133,109,128,101,65,134,28,48,116,25,37,67,68,36,55,38,77,39,106,102,103,24,93,72,12,127,27,19,98,2,29,141,117,91,16,46,66,42,123,57,35,124,11,122,5,129,92,121,13,4,132,111,45,82,104,70,31,130,100,86,83,47,137,3,71,60,6,108,146,110,114,119,54,120,49,18,113,9,20,142,145,26,73,135,87,99,139,118,58,148,56,43,143,85,90,21,75,81,69,138,96,131,136,53,32,89,78,88,22,8,61,74,79,52,140,33",20100,200
30,11,72475.82100719983,0.9509994742374992,"107,105,50,48,28,134,65,101,128,109,126,115,7,64,112,30,17,59,94,41,15,97,80,63,133,44,23,14,34,95,40,84,125,144,147,76,10,51,62,116,25,37,67,68,36,55,38,77,39,106,102,103,24,93,72,12,127,27,19,98,2,29,141,111,132,82,104,66,42,123,57,35,124,11,122,5,129,92,121,13,4,91,117,45,16,46,70,31,130,100,86,83,47,137,3,71,60,6,108,146,110,114,119,54,120,49,18,113,9,20,142,145,26,73,135,87,99,139,118,58,148,56,43,143,85,90,21,75,81,53,136,131,96,138,69,32,89,78,61,8,22,88,74,79,52,140,33",20100,200
30,12,71729.47943878583,1.0316976301223144,"107,105,50,62,51,10,76,147,144,125,84,40,95,34,14,23,30,64,112,44,126,115,7,17,59,94,41,15,97,80,63,133,109,128,101,65,134,28,48,116,25,37,67,68,36,55,38,77,39,106,102,103,24,93,72,12,127,27,19,98,2,29,141,111,132,82,104,66,42,123,57,35,124,11,122,5,129,92,121,13,4,91,117,45,16,46,70,31,130,100,86,83,47,137,3,71,60,6,108,146,110,114,119,54,120,49,18,113,9,20,142,145,26,73,135,87,99,139,118,58,148,56,43,143,85,90,21,75,81,53,138,96,131,136,69,32,89,78,88,22,8,61,74,79,52,140,33",20100,200
30,13,69887.93097384511,1.2427389106324787,"107,105,50,62,51,10,76,147,144,125,84,40,95,34,14,23,30,64,112,44,126,115,7,17,59,94,41,15,97,80,63,133,109,128,101,116,48,28,134,65,25,37,67,68,36,55,38,77,39,106,102,103,24,93,72,12,127,27,19,98,2,29,141,117,91,16,46,66,42,123,57,35,124,11,122,5,129,92,121,13,4,132,111,45,82,104,70,31,130,100,86,83,47,137,3,71,60,6,108,146,110,114,119,54,120,49,18,113,9,20,142,145,26,73,135,87,99,139,118,58,148,56,43,143,85,90,21,75,81,53,138,96,131,136,69,32,89,78,88,22,8,61,74,79,52,140,33",20100,200
30,14,72843.2430919873,0.9079647570252933,"107,105,50,62,51,10,76,147,144,125,84,40,95,34,14,23,44,133,63,80,97,15,41,94,59,17,30,112,64,7,115,126,109,128,101,65,134,28,48,116,25,37,67,68,36,55,38,77,39,106,102,103,24,93,72,12,127,27,19,98,2,29,141,111,132,82,104,66,42,123,57,35,124,11,122,5,129,92,121,13,4,91,117,45,16,46,70,31,130,100,86,83,47,137,3,71,60,6,108,146,110,114,119,54,120,49,18,113,9,20,142,145,26,73,135,87,99,139,118,58,148,56,43,143,85,90,21,75,81,53,138,96,131,136,69,32,89,78,61,8,22,88,74,79,52,140,33",20100,200
